ISO-10303-21;
HEADER;
FILE_DESCRIPTION(('Open CASCADE Model'),'2;1');
FILE_NAME('Open CASCADE Shape Model','2026-06-10T10:41:57',('Author'),(
    'Open CASCADE'),'Open CASCADE STEP processor 7.9','Open CASCADE 7.9'
  ,'Unknown');
FILE_SCHEMA(('AUTOMOTIVE_DESIGN { 1 0 10303 214 1 1 1 1 }'));
ENDSEC;
DATA;
#1 = APPLICATION_PROTOCOL_DEFINITION('international standard',
  'automotive_design',2000,#2);
#2 = APPLICATION_CONTEXT(
  'core data for automotive mechanical design processes');
#3 = SHAPE_DEFINITION_REPRESENTATION(#4,#10);
#4 = PRODUCT_DEFINITION_SHAPE('','',#5);
#5 = PRODUCT_DEFINITION('design','',#6,#9);
#6 = PRODUCT_DEFINITION_FORMATION('','',#7);
#7 = PRODUCT('SOLID','SOLID','',(#8));
#8 = PRODUCT_CONTEXT('',#2,'mechanical');
#9 = PRODUCT_DEFINITION_CONTEXT('part definition',#2,'design');
#10 = ADVANCED_BREP_SHAPE_REPRESENTATION('',(#11,#15),#11515);
#11 = AXIS2_PLACEMENT_3D('',#12,#13,#14);
#12 = CARTESIAN_POINT('',(0.,0.,0.));
#13 = DIRECTION('',(0.,0.,1.));
#14 = DIRECTION('',(1.,0.,-0.));
#15 = MANIFOLD_SOLID_BREP('',#16);
#16 = CLOSED_SHELL('',(#17,#94,#171,#1578,#1599,#2071,#2101,#2131,#2168,
    #2198,#2228,#2249,#2279,#2316,#2420,#2457,#2485,#2521,#2591,#2628,
    #2665,#2687,#2723,#2769,#2847,#2884,#2955,#2993,#3029,#3100,#3136,
    #3174,#3245,#3273,#3295,#3317,#3339,#3361,#3383,#3405,#3421,#3491,
    #3519,#3541,#3578,#3600,#3637,#3653,#3681,#3703,#3725,#3798,#3865,
    #3949,#3977,#4050,#4123,#4145,#4161,#4189,#4211,#4233,#4255,#4277,
    #4299,#4321,#4343,#4365,#4387,#4409,#4425,#4445,#4473,#4522,#4595,
    #4668,#4717,#4739,#4788,#4861,#4934,#4977,#4995,#5023,#5045,#5067,
    #5089,#5111,#5127,#5141,#5155,#5168,#5189,#5210,#5234,#5255,#5282,
    #5301,#5322,#5343,#5362,#5383,#5410,#5424,#5445,#5469,#5490,#5511,
    #5532,#5553,#5572,#5591,#5612,#5633,#5654,#5668,#5684,#5700,#5716,
    #5732,#5760,#5782,#5804,#5826,#5848,#5864,#5878,#5912,#5934,#5962,
    #5990,#6018,#6046,#6074,#6102,#6124,#6152,#6180,#6208,#6236,#6258,
    #6280,#6308,#6330,#6352,#6374,#6396,#6418,#6440,#6462,#6484,#6506,
    #6528,#6544,#6564,#6688,#6708,#6728,#6748,#6768,#6788,#6804,#6816,
    #6844,#6866,#6888,#6916,#6944,#6972,#6994,#7009,#7121,#7141,#7157,
    #7173,#7189,#7205,#7221,#7237,#7249,#7277,#7299,#7327,#7349,#7377,
    #7393,#7407,#7435,#7457,#7479,#7501,#7523,#7545,#7567,#7589,#7611,
    #7633,#7655,#7671,#7691,#7883,#7907,#7923,#7943,#7963,#7979,#7999,
    #8019,#8039,#8059,#8075,#8091,#8107,#8123,#8139,#8173,#8201,#8229,
    #8257,#8285,#8313,#8335,#8351,#8367,#8401,#8423,#8451,#8479,#8507,
    #8535,#8563,#8591,#8619,#8647,#8675,#8703,#8725,#8753,#8781,#8809,
    #8837,#8865,#8893,#8921,#8943,#8972,#9000,#9022,#9050,#9072,#9094,
    #9116,#9138,#9160,#9182,#9210,#9238,#9260,#9288,#9316,#9332,#9355,
    #9383,#9405,#9427,#9449,#9471,#9493,#9515,#9537,#9559,#9581,#9603,
    #9619,#9639,#9763,#9783,#9803,#9823,#9843,#9863,#9879,#9891,#9919,
    #9941,#9963,#9991,#10019,#10047,#10069,#10084,#10196,#10216,#10232,
    #10248,#10264,#10280,#10296,#10312,#10324,#10352,#10374,#10402,
    #10424,#10452,#10468,#10482,#10802,#10826,#10846,#10866,#10886,
    #10906,#10926,#10946,#10966,#10986,#11006,#11026,#11046,#11062,
    #11078,#11094,#11110,#11130,#11150,#11170,#11190,#11210,#11230,
    #11250,#11266,#11286,#11306,#11322,#11342,#11362,#11382,#11398,
    #11418,#11434,#11477,#11505));
#17 = ADVANCED_FACE('',(#18),#87,.T.);
#18 = FACE_BOUND('',#19,.T.);
#19 = EDGE_LOOP('',(#20,#30,#37,#45,#60,#68,#77));
#20 = ORIENTED_EDGE('',*,*,#21,.F.);
#21 = EDGE_CURVE('',#22,#24,#26,.T.);
#22 = VERTEX_POINT('',#23);
#23 = CARTESIAN_POINT('',(-2.2,2.22044604925E-16,2.9700001));
#24 = VERTEX_POINT('',#25);
#25 = CARTESIAN_POINT('',(-2.289855815777,-2.37,2.9700001));
#26 = ( BOUNDED_CURVE() B_SPLINE_CURVE(2,(#27,#28,#29),.UNSPECIFIED.,.F.
,.F.) B_SPLINE_CURVE_WITH_KNOTS((3,3),(0.,7.579139085775E-02),
.PIECEWISE_BEZIER_KNOTS.) CURVE() GEOMETRIC_REPRESENTATION_ITEM() 
RATIONAL_B_SPLINE_CURVE((1.,0.999282044061,1.)) REPRESENTATION_ITEM('') 
  );
#27 = CARTESIAN_POINT('',(-2.2,2.22044604925E-16,2.9700001));
#28 = CARTESIAN_POINT('',(-2.2,-1.186703389795,2.9700001));
#29 = CARTESIAN_POINT('',(-2.289855815777,-2.37,2.9700001));
#30 = ORIENTED_EDGE('',*,*,#31,.T.);
#31 = EDGE_CURVE('',#22,#32,#34,.T.);
#32 = VERTEX_POINT('',#33);
#33 = CARTESIAN_POINT('',(-2.2,2.22044604925E-16,3.0000001));
#34 = B_SPLINE_CURVE_WITH_KNOTS('',1,(#35,#36),.UNSPECIFIED.,.F.,.F.,(2,
    2),(0.,3.E-02),.PIECEWISE_BEZIER_KNOTS.);
#35 = CARTESIAN_POINT('',(-2.2,2.22044604925E-16,2.9700001));
#36 = CARTESIAN_POINT('',(-2.2,2.22044604925E-16,3.0000001));
#37 = ORIENTED_EDGE('',*,*,#38,.T.);
#38 = EDGE_CURVE('',#32,#39,#41,.T.);
#39 = VERTEX_POINT('',#40);
#40 = CARTESIAN_POINT('',(-2.292148423834,-2.4,3.0000001));
#41 = ( BOUNDED_CURVE() B_SPLINE_CURVE(2,(#42,#43,#44),.UNSPECIFIED.,.F.
,.F.) B_SPLINE_CURVE_WITH_KNOTS((3,3),(0.,7.675265202369E-02),
.PIECEWISE_BEZIER_KNOTS.) CURVE() GEOMETRIC_REPRESENTATION_ITEM() 
RATIONAL_B_SPLINE_CURVE((1.,0.99926371917,1.)) REPRESENTATION_ITEM('') 
  );
#42 = CARTESIAN_POINT('',(-2.2,2.22044604925E-16,3.0000001));
#43 = CARTESIAN_POINT('',(-2.2,-1.201769027503,3.0000001));
#44 = CARTESIAN_POINT('',(-2.292148423834,-2.4,3.0000001));
#45 = ORIENTED_EDGE('',*,*,#46,.T.);
#46 = EDGE_CURVE('',#39,#47,#49,.T.);
#47 = VERTEX_POINT('',#48);
#48 = CARTESIAN_POINT('',(-2.297722656264,-2.471414284285,2.9700001));
#49 = B_SPLINE_CURVE_WITH_KNOTS('',3,(#50,#51,#52,#53,#54,#55,#56,#57,
    #58,#59),.UNSPECIFIED.,.F.,.F.,(4,3,3,4),(0.,3.375563870261E-05,
    6.751382970905E-05,7.926091998662E-05),.UNSPECIFIED.);
#50 = CARTESIAN_POINT('',(-2.292148423834,-2.4,3.0000001));
#51 = CARTESIAN_POINT('',(-2.293011187763,-2.411218753594,3.0000001));
#52 = CARTESIAN_POINT('',(-2.293892232149,-2.422591737157,2.998058943998
    ));
#53 = CARTESIAN_POINT('',(-2.294717653204,-2.433177687052,2.994335888977
    ));
#54 = CARTESIAN_POINT('',(-2.295543108481,-2.443764075829,2.990612679602
    ));
#55 = CARTESIAN_POINT('',(-2.296335647707,-2.45385577287,2.985004178473)
  );
#56 = CARTESIAN_POINT('',(-2.297026779647,-2.462612882678,2.977972062415
    ));
#57 = CARTESIAN_POINT('',(-2.297270323143,-2.465698743733,2.975494060704
    ));
#58 = CARTESIAN_POINT('',(-2.297503148721,-2.468642941868,2.972827434789
    ));
#59 = CARTESIAN_POINT('',(-2.297722656264,-2.471414284285,2.9700001));
#60 = ORIENTED_EDGE('',*,*,#61,.F.);
#61 = EDGE_CURVE('',#62,#47,#64,.T.);
#62 = VERTEX_POINT('',#63);
#63 = CARTESIAN_POINT('',(-2.296023027514,-2.449861445175,2.9700001));
#64 = ( BOUNDED_CURVE() B_SPLINE_CURVE(2,(#65,#66,#67),.UNSPECIFIED.,.F.
,.F.) B_SPLINE_CURVE_WITH_KNOTS((3,3),(7.835047204358E-02,
7.90411989103E-02),.PIECEWISE_BEZIER_KNOTS.) CURVE() 
GEOMETRIC_REPRESENTATION_ITEM() RATIONAL_B_SPLINE_CURVE((1.,
0.999999940362,1.)) REPRESENTATION_ITEM('') );
#65 = CARTESIAN_POINT('',(-2.296023027514,-2.449861445175,2.9700001));
#66 = CARTESIAN_POINT('',(-2.296869120107,-2.460638158225,2.9700001));
#67 = CARTESIAN_POINT('',(-2.297722656264,-2.471414284285,2.9700001));
#68 = ORIENTED_EDGE('',*,*,#69,.T.);
#69 = EDGE_CURVE('',#62,#70,#72,.T.);
#70 = VERTEX_POINT('',#71);
#71 = CARTESIAN_POINT('',(-2.293980958816,-2.423711121656,2.954351243504
    ));
#72 = B_SPLINE_CURVE_WITH_KNOTS('',3,(#73,#74,#75,#76),.UNSPECIFIED.,.F.
  ,.F.,(4,4),(0.,3.054334910171E-05),.PIECEWISE_BEZIER_KNOTS.);
#73 = CARTESIAN_POINT('',(-2.296023027514,-2.449861445175,2.9700001));
#74 = CARTESIAN_POINT('',(-2.295338671813,-2.441144780986,2.964784109856
    ));
#75 = CARTESIAN_POINT('',(-2.294657982334,-2.432428005698,2.959567823056
    ));
#76 = CARTESIAN_POINT('',(-2.293980958816,-2.423711121656,2.954351243504
    ));
#77 = ORIENTED_EDGE('',*,*,#78,.T.);
#78 = EDGE_CURVE('',#70,#24,#79,.T.);
#79 = B_SPLINE_CURVE_WITH_KNOTS('',3,(#80,#81,#82,#83,#84,#85,#86),
  .UNSPECIFIED.,.F.,.F.,(4,3,4),(1.089731763835E-05,3.375259939588E-05,
    6.750271384984E-05),.UNSPECIFIED.);
#80 = CARTESIAN_POINT('',(-2.293980958816,-2.423711121656,2.954351243504
    ));
#81 = CARTESIAN_POINT('',(-2.293482168559,-2.417289045152,2.958440541148
    ));
#82 = CARTESIAN_POINT('',(-2.292945627783,-2.410354590111,2.961811949296
    ));
#83 = CARTESIAN_POINT('',(-2.292392817395,-2.403175802183,2.96433655186)
  );
#84 = CARTESIAN_POINT('',(-2.29157768131,-2.392590456444,2.968059156742)
  );
#85 = CARTESIAN_POINT('',(-2.290707684061,-2.381218114761,2.9700001));
#86 = CARTESIAN_POINT('',(-2.289855815777,-2.37,2.9700001));
#87 = ( BOUNDED_SURFACE() B_SPLINE_SURFACE(2,1,(
    (#88,#89)
    ,(#90,#91)
,(#92,#93
  )),.UNSPECIFIED.,.F.,.F.,.F.) B_SPLINE_SURFACE_WITH_KNOTS((3,3),(2,2),
  (6.204144108269,6.28318530718),(-1.564885649556E-02,3.E-02),
.PIECEWISE_BEZIER_KNOTS.) GEOMETRIC_REPRESENTATION_ITEM() 
RATIONAL_B_SPLINE_SURFACE((
    (1.,1.)
    ,(0.999219162748,0.999219162748)
,(1.,1.))) REPRESENTATION_ITEM('') SURFACE() );
#88 = CARTESIAN_POINT('',(-2.297722656264,-2.471414284285,2.954351243504
    ));
#89 = CARTESIAN_POINT('',(-2.297722656264,-2.471414284285,3.0000001));
#90 = CARTESIAN_POINT('',(-2.2,-1.237639177093,2.954351243504));
#91 = CARTESIAN_POINT('',(-2.2,-1.237639177093,3.0000001));
#92 = CARTESIAN_POINT('',(-2.2,-7.444244357737E-15,2.954351243504));
#93 = CARTESIAN_POINT('',(-2.2,-7.444244357737E-15,3.0000001));
#94 = ADVANCED_FACE('',(#95),#164,.T.);
#95 = FACE_BOUND('',#96,.T.);
#96 = EDGE_LOOP('',(#97,#107,#114,#122,#137,#145,#154));
#97 = ORIENTED_EDGE('',*,*,#98,.F.);
#98 = EDGE_CURVE('',#99,#101,#103,.T.);
#99 = VERTEX_POINT('',#100);
#100 = CARTESIAN_POINT('',(2.2,2.22044604925E-16,3.00001E-02));
#101 = VERTEX_POINT('',#102);
#102 = CARTESIAN_POINT('',(2.289855815777,-2.37,3.00001E-02));
#103 = ( BOUNDED_CURVE() B_SPLINE_CURVE(2,(#104,#105,#106),
.UNSPECIFIED.,.F.,.F.) B_SPLINE_CURVE_WITH_KNOTS((3,3),(0.,
7.579139085775E-02),.PIECEWISE_BEZIER_KNOTS.) CURVE() 
GEOMETRIC_REPRESENTATION_ITEM() RATIONAL_B_SPLINE_CURVE((1.,
0.999282044061,1.)) REPRESENTATION_ITEM('') );
#104 = CARTESIAN_POINT('',(2.2,2.22044604925E-16,3.00001E-02));
#105 = CARTESIAN_POINT('',(2.2,-1.186703389795,3.00001E-02));
#106 = CARTESIAN_POINT('',(2.289855815777,-2.37,3.00001E-02));
#107 = ORIENTED_EDGE('',*,*,#108,.T.);
#108 = EDGE_CURVE('',#99,#109,#111,.T.);
#109 = VERTEX_POINT('',#110);
#110 = CARTESIAN_POINT('',(2.2,2.22044604925E-16,1.000000000584E-07));
#111 = B_SPLINE_CURVE_WITH_KNOTS('',1,(#112,#113),.UNSPECIFIED.,.F.,.F.,
  (2,2),(-0.,3.E-02),.PIECEWISE_BEZIER_KNOTS.);
#112 = CARTESIAN_POINT('',(2.2,2.22044604925E-16,3.00001E-02));
#113 = CARTESIAN_POINT('',(2.2,2.22044604925E-16,1.000000000584E-07));
#114 = ORIENTED_EDGE('',*,*,#115,.T.);
#115 = EDGE_CURVE('',#109,#116,#118,.T.);
#116 = VERTEX_POINT('',#117);
#117 = CARTESIAN_POINT('',(2.292148423834,-2.4,1.000000000584E-07));
#118 = ( BOUNDED_CURVE() B_SPLINE_CURVE(2,(#119,#120,#121),
.UNSPECIFIED.,.F.,.F.) B_SPLINE_CURVE_WITH_KNOTS((3,3),(0.,
7.675265202369E-02),.PIECEWISE_BEZIER_KNOTS.) CURVE() 
GEOMETRIC_REPRESENTATION_ITEM() RATIONAL_B_SPLINE_CURVE((1.,
0.99926371917,1.)) REPRESENTATION_ITEM('') );
#119 = CARTESIAN_POINT('',(2.2,2.22044604925E-16,1.000000000584E-07));
#120 = CARTESIAN_POINT('',(2.2,-1.201769027503,1.000000000584E-07));
#121 = CARTESIAN_POINT('',(2.292148423834,-2.4,1.000000000584E-07));
#122 = ORIENTED_EDGE('',*,*,#123,.T.);
#123 = EDGE_CURVE('',#116,#124,#126,.T.);
#124 = VERTEX_POINT('',#125);
#125 = CARTESIAN_POINT('',(2.297722656264,-2.471414284285,3.00001E-02));
#126 = B_SPLINE_CURVE_WITH_KNOTS('',3,(#127,#128,#129,#130,#131,#132,
    #133,#134,#135,#136),.UNSPECIFIED.,.F.,.F.,(4,3,3,4),(0.,
    3.375563870261E-05,6.751382970905E-05,7.926091998662E-05),
  .UNSPECIFIED.);
#127 = CARTESIAN_POINT('',(2.292148423834,-2.4,1.000000000584E-07));
#128 = CARTESIAN_POINT('',(2.293011187763,-2.411218753594,
    1.000000000584E-07));
#129 = CARTESIAN_POINT('',(2.293892232149,-2.422591737157,
    1.941256002481E-03));
#130 = CARTESIAN_POINT('',(2.294717653204,-2.433177687052,
    5.664311023317E-03));
#131 = CARTESIAN_POINT('',(2.295543108481,-2.443764075829,
    9.387520397734E-03));
#132 = CARTESIAN_POINT('',(2.296335647707,-2.45385577287,
    1.499602152723E-02));
#133 = CARTESIAN_POINT('',(2.297026779647,-2.462612882678,
    2.202813758541E-02));
#134 = CARTESIAN_POINT('',(2.297270323143,-2.465698743733,
    2.450613929564E-02));
#135 = CARTESIAN_POINT('',(2.297503148721,-2.468642941868,
    2.717276521107E-02));
#136 = CARTESIAN_POINT('',(2.297722656264,-2.471414284285,3.00001E-02));
#137 = ORIENTED_EDGE('',*,*,#138,.F.);
#138 = EDGE_CURVE('',#139,#124,#141,.T.);
#139 = VERTEX_POINT('',#140);
#140 = CARTESIAN_POINT('',(2.296023027514,-2.449861445175,3.00001E-02));
#141 = ( BOUNDED_CURVE() B_SPLINE_CURVE(2,(#142,#143,#144),
.UNSPECIFIED.,.F.,.F.) B_SPLINE_CURVE_WITH_KNOTS((3,3),(
    7.835047204358E-02,7.90411989103E-02),.PIECEWISE_BEZIER_KNOTS.) 
CURVE() GEOMETRIC_REPRESENTATION_ITEM() RATIONAL_B_SPLINE_CURVE((1.,
0.999999940362,1.)) REPRESENTATION_ITEM('') );
#142 = CARTESIAN_POINT('',(2.296023027514,-2.449861445175,3.00001E-02));
#143 = CARTESIAN_POINT('',(2.296869120107,-2.460638158225,3.00001E-02));
#144 = CARTESIAN_POINT('',(2.297722656264,-2.471414284285,3.00001E-02));
#145 = ORIENTED_EDGE('',*,*,#146,.T.);
#146 = EDGE_CURVE('',#139,#147,#149,.T.);
#147 = VERTEX_POINT('',#148);
#148 = CARTESIAN_POINT('',(2.293980958816,-2.423711121656,
    4.564895649556E-02));
#149 = B_SPLINE_CURVE_WITH_KNOTS('',3,(#150,#151,#152,#153),
  .UNSPECIFIED.,.F.,.F.,(4,4),(0.,3.054334910171E-05),
  .PIECEWISE_BEZIER_KNOTS.);
#150 = CARTESIAN_POINT('',(2.296023027514,-2.449861445175,3.00001E-02));
#151 = CARTESIAN_POINT('',(2.295338671813,-2.441144780986,
    3.521609014405E-02));
#152 = CARTESIAN_POINT('',(2.294657982334,-2.432428005698,
    4.043237694365E-02));
#153 = CARTESIAN_POINT('',(2.293980958816,-2.423711121656,
    4.564895649556E-02));
#154 = ORIENTED_EDGE('',*,*,#155,.T.);
#155 = EDGE_CURVE('',#147,#101,#156,.T.);
#156 = B_SPLINE_CURVE_WITH_KNOTS('',3,(#157,#158,#159,#160,#161,#162,
    #163),.UNSPECIFIED.,.F.,.F.,(4,3,4),(1.089731763835E-05,
    3.375259939588E-05,6.750271384984E-05),.UNSPECIFIED.);
#157 = CARTESIAN_POINT('',(2.293980958816,-2.423711121656,
    4.564895649556E-02));
#158 = CARTESIAN_POINT('',(2.293482168559,-2.417289045152,
    4.155965885214E-02));
#159 = CARTESIAN_POINT('',(2.292945627783,-2.410354590111,
    3.818825070394E-02));
#160 = CARTESIAN_POINT('',(2.292392817395,-2.403175802183,
    3.566364814012E-02));
#161 = CARTESIAN_POINT('',(2.29157768131,-2.392590456444,
    3.194104325781E-02));
#162 = CARTESIAN_POINT('',(2.290707684061,-2.381218114761,3.00001E-02));
#163 = CARTESIAN_POINT('',(2.289855815777,-2.37,3.00001E-02));
#164 = ( BOUNDED_SURFACE() B_SPLINE_SURFACE(2,1,(
    (#165,#166)
    ,(#167,#168)
,(#169,#170
    )),.UNSPECIFIED.,.F.,.F.,.F.) B_SPLINE_SURFACE_WITH_KNOTS((3,3),(2,2
    ),(6.204144108269,6.28318530718),(-1.564885649556E-02,3.E-02),
.PIECEWISE_BEZIER_KNOTS.) GEOMETRIC_REPRESENTATION_ITEM() 
RATIONAL_B_SPLINE_SURFACE((
    (1.,1.)
    ,(0.999219162748,0.999219162748)
,(1.,1.))) REPRESENTATION_ITEM('') SURFACE() );
#165 = CARTESIAN_POINT('',(2.297722656264,-2.471414284285,
    4.564895649556E-02));
#166 = CARTESIAN_POINT('',(2.297722656264,-2.471414284285,
    1.000000000584E-07));
#167 = CARTESIAN_POINT('',(2.2,-1.237639177093,4.564895649556E-02));
#168 = CARTESIAN_POINT('',(2.2,-1.237639177093,1.000000000584E-07));
#169 = CARTESIAN_POINT('',(2.2,-7.444244357737E-15,4.564895649556E-02));
#170 = CARTESIAN_POINT('',(2.2,-7.444244357737E-15,1.000000000584E-07));
#171 = ADVANCED_FACE('',(#172,#230,#316,#433,#620,#736,#795,#827,#871,
    #995,#1081,#1139,#1225,#1284),#1573,.T.);
#172 = FACE_BOUND('',#173,.T.);
#173 = EDGE_LOOP('',(#174,#183,#190,#197,#204,#211,#218,#225));
#174 = ORIENTED_EDGE('',*,*,#175,.F.);
#175 = EDGE_CURVE('',#176,#178,#180,.T.);
#176 = VERTEX_POINT('',#177);
#177 = CARTESIAN_POINT('',(-0.678240907031,2.47,0.884590462666));
#178 = VERTEX_POINT('',#179);
#179 = CARTESIAN_POINT('',(-0.650167443289,2.47,0.884590462666));
#180 = B_SPLINE_CURVE_WITH_KNOTS('',1,(#181,#182),.UNSPECIFIED.,.F.,.F.,
  (2,2),(-2.807346374184E-02,0.),.PIECEWISE_BEZIER_KNOTS.);
#181 = CARTESIAN_POINT('',(-0.678240907031,2.47,0.884590462666));
#182 = CARTESIAN_POINT('',(-0.650167443289,2.47,0.884590462666));
#183 = ORIENTED_EDGE('',*,*,#184,.F.);
#184 = EDGE_CURVE('',#185,#176,#187,.T.);
#185 = VERTEX_POINT('',#186);
#186 = CARTESIAN_POINT('',(-0.755702871796,2.47,0.681213814234));
#187 = B_SPLINE_CURVE_WITH_KNOTS('',1,(#188,#189),.UNSPECIFIED.,.F.,.F.,
  (2,2),(-0.217629081495,0.),.PIECEWISE_BEZIER_KNOTS.);
#188 = CARTESIAN_POINT('',(-0.755702871796,2.47,0.681213814234));
#189 = CARTESIAN_POINT('',(-0.678240907031,2.47,0.884590462666));
#190 = ORIENTED_EDGE('',*,*,#191,.F.);
#191 = EDGE_CURVE('',#192,#185,#194,.T.);
#192 = VERTEX_POINT('',#193);
#193 = CARTESIAN_POINT('',(-0.726693625932,2.47,0.681213814234));
#194 = B_SPLINE_CURVE_WITH_KNOTS('',1,(#195,#196),.UNSPECIFIED.,.F.,.F.,
  (2,2),(-2.900924586407E-02,0.),.PIECEWISE_BEZIER_KNOTS.);
#195 = CARTESIAN_POINT('',(-0.726693625932,2.47,0.681213814234));
#196 = CARTESIAN_POINT('',(-0.755702871796,2.47,0.681213814234));
#197 = ORIENTED_EDGE('',*,*,#198,.F.);
#198 = EDGE_CURVE('',#199,#192,#201,.T.);
#199 = VERTEX_POINT('',#200);
#200 = CARTESIAN_POINT('',(-0.7059504555,2.47,0.736840862756));
#201 = B_SPLINE_CURVE_WITH_KNOTS('',1,(#202,#203),.UNSPECIFIED.,.F.,.F.,
  (2,2),(-5.936874301202E-02,-7.758138120758E-17),
  .PIECEWISE_BEZIER_KNOTS.);
#202 = CARTESIAN_POINT('',(-0.7059504555,2.47,0.736840862756));
#203 = CARTESIAN_POINT('',(-0.726693625932,2.47,0.681213814234));
#204 = ORIENTED_EDGE('',*,*,#205,.F.);
#205 = EDGE_CURVE('',#206,#199,#208,.T.);
#206 = VERTEX_POINT('',#207);
#207 = CARTESIAN_POINT('',(-0.621262173215,2.47,0.736840862756));
#208 = B_SPLINE_CURVE_WITH_KNOTS('',1,(#209,#210),.UNSPECIFIED.,.F.,.F.,
  (2,2),(-8.468828228455E-02,0.),.PIECEWISE_BEZIER_KNOTS.);
#209 = CARTESIAN_POINT('',(-0.621262173215,2.47,0.736840862756));
#210 = CARTESIAN_POINT('',(-0.7059504555,2.47,0.736840862756));
#211 = ORIENTED_EDGE('',*,*,#212,.F.);
#212 = EDGE_CURVE('',#213,#206,#215,.T.);
#213 = VERTEX_POINT('',#214);
#214 = CARTESIAN_POINT('',(-0.601714724389,2.47,0.681213814234));
#215 = B_SPLINE_CURVE_WITH_KNOTS('',1,(#216,#217),.UNSPECIFIED.,.F.,.F.,
  (2,2),(-5.896160855076E-02,0.),.PIECEWISE_BEZIER_KNOTS.);
#216 = CARTESIAN_POINT('',(-0.601714724389,2.47,0.681213814234));
#217 = CARTESIAN_POINT('',(-0.621262173215,2.47,0.736840862756));
#218 = ORIENTED_EDGE('',*,*,#219,.F.);
#219 = EDGE_CURVE('',#220,#213,#222,.T.);
#220 = VERTEX_POINT('',#221);
#221 = CARTESIAN_POINT('',(-0.572705478523,2.47,0.681213814234));
#222 = B_SPLINE_CURVE_WITH_KNOTS('',1,(#223,#224),.UNSPECIFIED.,.F.,.F.,
  (2,2),(-2.900924586545E-02,0.),.PIECEWISE_BEZIER_KNOTS.);
#223 = CARTESIAN_POINT('',(-0.572705478523,2.47,0.681213814234));
#224 = CARTESIAN_POINT('',(-0.601714724389,2.47,0.681213814234));
#225 = ORIENTED_EDGE('',*,*,#226,.F.);
#226 = EDGE_CURVE('',#178,#220,#227,.T.);
#227 = B_SPLINE_CURVE_WITH_KNOTS('',1,(#228,#229),.UNSPECIFIED.,.F.,.F.,
  (2,2),(-0.217629081496,0.),.PIECEWISE_BEZIER_KNOTS.);
#228 = CARTESIAN_POINT('',(-0.650167443289,2.47,0.884590462666));
#229 = CARTESIAN_POINT('',(-0.572705478523,2.47,0.681213814234));
#230 = FACE_BOUND('',#231,.T.);
#231 = EDGE_LOOP('',(#232,#241,#248,#255,#262,#269,#276,#283,#290,#297,
    #304,#311));
#232 = ORIENTED_EDGE('',*,*,#233,.F.);
#233 = EDGE_CURVE('',#234,#236,#238,.T.);
#234 = VERTEX_POINT('',#235);
#235 = CARTESIAN_POINT('',(-0.357423601951,2.47,0.704400415768));
#236 = VERTEX_POINT('',#237);
#237 = CARTESIAN_POINT('',(-0.274294956542,2.47,0.704400415768));
#238 = B_SPLINE_CURVE_WITH_KNOTS('',1,(#239,#240),.UNSPECIFIED.,.F.,.F.,
  (2,2),(-8.312864540908E-02,0.),.PIECEWISE_BEZIER_KNOTS.);
#239 = CARTESIAN_POINT('',(-0.357423601951,2.47,0.704400415768));
#240 = CARTESIAN_POINT('',(-0.274294956542,2.47,0.704400415768));
#241 = ORIENTED_EDGE('',*,*,#242,.F.);
#242 = EDGE_CURVE('',#243,#234,#245,.T.);
#243 = VERTEX_POINT('',#244);
#244 = CARTESIAN_POINT('',(-0.357423601951,2.47,0.681213814234));
#245 = B_SPLINE_CURVE_WITH_KNOTS('',1,(#246,#247),.UNSPECIFIED.,.F.,.F.,
  (2,2),(-2.318660153379E-02,0.),.PIECEWISE_BEZIER_KNOTS.);
#246 = CARTESIAN_POINT('',(-0.357423601951,2.47,0.681213814234));
#247 = CARTESIAN_POINT('',(-0.357423601951,2.47,0.704400415768));
#248 = ORIENTED_EDGE('',*,*,#249,.F.);
#249 = EDGE_CURVE('',#250,#243,#252,.T.);
#250 = VERTEX_POINT('',#251);
#251 = CARTESIAN_POINT('',(-0.248041069154,2.47,0.681213814234));
#252 = B_SPLINE_CURVE_WITH_KNOTS('',1,(#253,#254),.UNSPECIFIED.,.F.,.F.,
  (2,2),(-0.109382532797,0.),.PIECEWISE_BEZIER_KNOTS.);
#253 = CARTESIAN_POINT('',(-0.248041069154,2.47,0.681213814234));
#254 = CARTESIAN_POINT('',(-0.357423601951,2.47,0.681213814234));
#255 = ORIENTED_EDGE('',*,*,#256,.F.);
#256 = EDGE_CURVE('',#257,#250,#259,.T.);
#257 = VERTEX_POINT('',#258);
#258 = CARTESIAN_POINT('',(-0.248041069154,2.47,0.884590462666));
#259 = B_SPLINE_CURVE_WITH_KNOTS('',1,(#260,#261),.UNSPECIFIED.,.F.,.F.,
  (2,2),(-0.203376648431,-0.),.PIECEWISE_BEZIER_KNOTS.);
#260 = CARTESIAN_POINT('',(-0.248041069154,2.47,0.884590462666));
#261 = CARTESIAN_POINT('',(-0.248041069154,2.47,0.681213814234));
#262 = ORIENTED_EDGE('',*,*,#263,.F.);
#263 = EDGE_CURVE('',#264,#257,#266,.T.);
#264 = VERTEX_POINT('',#265);
#265 = CARTESIAN_POINT('',(-0.352796679223,2.47,0.884590462666));
#266 = B_SPLINE_CURVE_WITH_KNOTS('',1,(#267,#268),.UNSPECIFIED.,.F.,.F.,
  (2,2),(-0.104755610069,0.),.PIECEWISE_BEZIER_KNOTS.);
#267 = CARTESIAN_POINT('',(-0.352796679223,2.47,0.884590462666));
#268 = CARTESIAN_POINT('',(-0.248041069154,2.47,0.884590462666));
#269 = ORIENTED_EDGE('',*,*,#270,.F.);
#270 = EDGE_CURVE('',#271,#264,#273,.T.);
#271 = VERTEX_POINT('',#272);
#272 = CARTESIAN_POINT('',(-0.352796679223,2.47,0.861195909549));
#273 = B_SPLINE_CURVE_WITH_KNOTS('',1,(#274,#275),.UNSPECIFIED.,.F.,.F.,
  (2,2),(-2.339455311681E-02,0.),.PIECEWISE_BEZIER_KNOTS.);
#274 = CARTESIAN_POINT('',(-0.352796679223,2.47,0.861195909549));
#275 = CARTESIAN_POINT('',(-0.352796679223,2.47,0.884590462666));
#276 = ORIENTED_EDGE('',*,*,#277,.F.);
#277 = EDGE_CURVE('',#278,#271,#280,.T.);
#278 = VERTEX_POINT('',#279);
#279 = CARTESIAN_POINT('',(-0.274294956542,2.47,0.861195909549));
#280 = B_SPLINE_CURVE_WITH_KNOTS('',1,(#281,#282),.UNSPECIFIED.,.F.,.F.,
  (2,2),(-7.850172268119E-02,0.),.PIECEWISE_BEZIER_KNOTS.);
#281 = CARTESIAN_POINT('',(-0.274294956542,2.47,0.861195909549));
#282 = CARTESIAN_POINT('',(-0.352796679223,2.47,0.861195909549));
#283 = ORIENTED_EDGE('',*,*,#284,.F.);
#284 = EDGE_CURVE('',#285,#278,#287,.T.);
#285 = VERTEX_POINT('',#286);
#286 = CARTESIAN_POINT('',(-0.274294956542,2.47,0.796107063987));
#287 = B_SPLINE_CURVE_WITH_KNOTS('',1,(#288,#289),.UNSPECIFIED.,.F.,.F.,
  (2,2),(-6.508884556213E-02,0.),.PIECEWISE_BEZIER_KNOTS.);
#288 = CARTESIAN_POINT('',(-0.274294956542,2.47,0.796107063987));
#289 = CARTESIAN_POINT('',(-0.274294956542,2.47,0.861195909549));
#290 = ORIENTED_EDGE('',*,*,#291,.F.);
#291 = EDGE_CURVE('',#292,#285,#294,.T.);
#292 = VERTEX_POINT('',#293);
#293 = CARTESIAN_POINT('',(-0.347026022787,2.47,0.796107063987));
#294 = B_SPLINE_CURVE_WITH_KNOTS('',1,(#295,#296),.UNSPECIFIED.,.F.,.F.,
  (2,2),(-7.273106624528E-02,0.),.PIECEWISE_BEZIER_KNOTS.);
#295 = CARTESIAN_POINT('',(-0.347026022787,2.47,0.796107063987));
#296 = CARTESIAN_POINT('',(-0.274294956542,2.47,0.796107063987));
#297 = ORIENTED_EDGE('',*,*,#298,.F.);
#298 = EDGE_CURVE('',#299,#292,#301,.T.);
#299 = VERTEX_POINT('',#300);
#300 = CARTESIAN_POINT('',(-0.347026022787,2.47,0.772816486661));
#301 = B_SPLINE_CURVE_WITH_KNOTS('',1,(#302,#303),.UNSPECIFIED.,.F.,.F.,
  (2,2),(-2.32905773253E-02,0.),.PIECEWISE_BEZIER_KNOTS.);
#302 = CARTESIAN_POINT('',(-0.347026022787,2.47,0.772816486661));
#303 = CARTESIAN_POINT('',(-0.347026022787,2.47,0.796107063987));
#304 = ORIENTED_EDGE('',*,*,#305,.F.);
#305 = EDGE_CURVE('',#306,#299,#308,.T.);
#306 = VERTEX_POINT('',#307);
#307 = CARTESIAN_POINT('',(-0.274294956542,2.47,0.772816486661));
#308 = B_SPLINE_CURVE_WITH_KNOTS('',1,(#309,#310),.UNSPECIFIED.,.F.,.F.,
  (2,2),(-7.273106624528E-02,0.),.PIECEWISE_BEZIER_KNOTS.);
#309 = CARTESIAN_POINT('',(-0.274294956542,2.47,0.772816486661));
#310 = CARTESIAN_POINT('',(-0.347026022787,2.47,0.772816486661));
#311 = ORIENTED_EDGE('',*,*,#312,.F.);
#312 = EDGE_CURVE('',#236,#306,#313,.T.);
#313 = B_SPLINE_CURVE_WITH_KNOTS('',1,(#314,#315),.UNSPECIFIED.,.F.,.F.,
  (2,2),(-6.841607089331E-02,0.),.PIECEWISE_BEZIER_KNOTS.);
#314 = CARTESIAN_POINT('',(-0.274294956542,2.47,0.704400415768));
#315 = CARTESIAN_POINT('',(-0.274294956542,2.47,0.772816486661));
#316 = FACE_BOUND('',#317,.T.);
#317 = EDGE_LOOP('',(#318,#327,#334,#341,#350,#359,#366,#375,#384,#391,
    #398,#405,#412,#419,#426));
#318 = ORIENTED_EDGE('',*,*,#319,.F.);
#319 = EDGE_CURVE('',#320,#322,#324,.T.);
#320 = VERTEX_POINT('',#321);
#321 = CARTESIAN_POINT('',(-0.19418160909,2.47,0.826467995143));
#322 = VERTEX_POINT('',#323);
#323 = CARTESIAN_POINT('',(-0.154514844582,2.47,0.717085462346));
#324 = B_SPLINE_CURVE_WITH_KNOTS('',1,(#325,#326),.UNSPECIFIED.,.F.,.F.,
  (2,2),(-0.116352871419,1.892473934332E-17),.PIECEWISE_BEZIER_KNOTS.);
#325 = CARTESIAN_POINT('',(-0.19418160909,2.47,0.826467995143));
#326 = CARTESIAN_POINT('',(-0.154514844582,2.47,0.717085462346));
#327 = ORIENTED_EDGE('',*,*,#328,.F.);
#328 = EDGE_CURVE('',#329,#320,#331,.T.);
#329 = VERTEX_POINT('',#330);
#330 = CARTESIAN_POINT('',(-0.220591460163,2.47,0.826467995143));
#331 = B_SPLINE_CURVE_WITH_KNOTS('',1,(#332,#333),.UNSPECIFIED.,.F.,.F.,
  (2,2),(-2.640985107347E-02,0.),.PIECEWISE_BEZIER_KNOTS.);
#332 = CARTESIAN_POINT('',(-0.220591460163,2.47,0.826467995143));
#333 = CARTESIAN_POINT('',(-0.19418160909,2.47,0.826467995143));
#334 = ORIENTED_EDGE('',*,*,#335,.F.);
#335 = EDGE_CURVE('',#336,#329,#338,.T.);
#336 = VERTEX_POINT('',#337);
#337 = CARTESIAN_POINT('',(-0.154670808269,2.47,0.6592749222));
#338 = B_SPLINE_CURVE_WITH_KNOTS('',1,(#339,#340),.UNSPECIFIED.,.F.,.F.,
  (2,2),(-0.179719381221,0.),.PIECEWISE_BEZIER_KNOTS.);
#339 = CARTESIAN_POINT('',(-0.154670808269,2.47,0.6592749222));
#340 = CARTESIAN_POINT('',(-0.220591460163,2.47,0.826467995143));
#341 = ORIENTED_EDGE('',*,*,#342,.F.);
#342 = EDGE_CURVE('',#343,#336,#345,.T.);
#343 = VERTEX_POINT('',#344);
#344 = CARTESIAN_POINT('',(-0.102838876141,2.47,0.61279774334));
#345 = B_SPLINE_CURVE_WITH_KNOTS('',3,(#346,#347,#348,#349),
  .UNSPECIFIED.,.F.,.F.,(4,4),(1.,2.),.PIECEWISE_BEZIER_KNOTS.);
#346 = CARTESIAN_POINT('',(-0.102838876141,2.47,0.61279774334));
#347 = CARTESIAN_POINT('',(-0.125141683445,2.47,0.61279774334));
#348 = CARTESIAN_POINT('',(-0.142401664856,2.47,0.628290136293));
#349 = CARTESIAN_POINT('',(-0.154670808269,2.47,0.6592749222));
#350 = ORIENTED_EDGE('',*,*,#351,.F.);
#351 = EDGE_CURVE('',#352,#343,#354,.T.);
#352 = VERTEX_POINT('',#353);
#353 = CARTESIAN_POINT('',(-8.641070106278E-02,2.47,0.614877259173));
#354 = B_SPLINE_CURVE_WITH_KNOTS('',3,(#355,#356,#357,#358),
  .UNSPECIFIED.,.F.,.F.,(4,4),(2.,3.),.PIECEWISE_BEZIER_KNOTS.);
#355 = CARTESIAN_POINT('',(-8.641070106278E-02,2.47,0.614877259173));
#356 = CARTESIAN_POINT('',(-9.093364799846E-02,2.47,0.613525573881));
#357 = CARTESIAN_POINT('',(-9.64443649549E-02,2.47,0.61279774334));
#358 = CARTESIAN_POINT('',(-0.102838876141,2.47,0.61279774334));
#359 = ORIENTED_EDGE('',*,*,#360,.F.);
#360 = EDGE_CURVE('',#361,#352,#363,.T.);
#361 = VERTEX_POINT('',#362);
#362 = CARTESIAN_POINT('',(-8.641070106278E-02,2.47,0.637543981749));
#363 = B_SPLINE_CURVE_WITH_KNOTS('',1,(#364,#365),.UNSPECIFIED.,.F.,.F.,
  (2,2),(-2.266672257622E-02,-2.124182199159E-30),
  .PIECEWISE_BEZIER_KNOTS.);
#364 = CARTESIAN_POINT('',(-8.641070106278E-02,2.47,0.637543981749));
#365 = CARTESIAN_POINT('',(-8.641070106278E-02,2.47,0.614877259173));
#366 = ORIENTED_EDGE('',*,*,#367,.F.);
#367 = EDGE_CURVE('',#368,#361,#370,.T.);
#368 = VERTEX_POINT('',#369);
#369 = CARTESIAN_POINT('',(-0.100863336099,2.47,0.634632659582));
#370 = B_SPLINE_CURVE_WITH_KNOTS('',3,(#371,#372,#373,#374),
  .UNSPECIFIED.,.F.,.F.,(4,4),(4.,5.),.PIECEWISE_BEZIER_KNOTS.);
#371 = CARTESIAN_POINT('',(-0.100863336099,2.47,0.634632659582));
#372 = CARTESIAN_POINT('',(-9.618442547611E-02,2.47,0.634632659582));
#373 = CARTESIAN_POINT('',(-9.140153906096E-02,2.47,0.635568441707));
#374 = CARTESIAN_POINT('',(-8.641070106278E-02,2.47,0.637543981749));
#375 = ORIENTED_EDGE('',*,*,#376,.F.);
#376 = EDGE_CURVE('',#377,#368,#379,.T.);
#377 = VERTEX_POINT('',#378);
#378 = CARTESIAN_POINT('',(-0.126961259799,2.47,0.655115890534));
#379 = B_SPLINE_CURVE_WITH_KNOTS('',3,(#380,#381,#382,#383),
  .UNSPECIFIED.,.F.,.F.,(4,4),(5.,6.),.PIECEWISE_BEZIER_KNOTS.);
#380 = CARTESIAN_POINT('',(-0.126961259799,2.47,0.655115890534));
#381 = CARTESIAN_POINT('',(-0.121190603363,2.47,0.641391086039));
#382 = CARTESIAN_POINT('',(-0.112508624762,2.47,0.634632659582));
#383 = CARTESIAN_POINT('',(-0.100863336099,2.47,0.634632659582));
#384 = ORIENTED_EDGE('',*,*,#385,.F.);
#385 = EDGE_CURVE('',#386,#377,#388,.T.);
#386 = VERTEX_POINT('',#387);
#387 = CARTESIAN_POINT('',(-0.1381386574,2.47,0.681525741609));
#388 = B_SPLINE_CURVE_WITH_KNOTS('',1,(#389,#390),.UNSPECIFIED.,.F.,.F.,
  (2,2),(-2.867776928081E-02,1.130603132542E-16),
  .PIECEWISE_BEZIER_KNOTS.);
#389 = CARTESIAN_POINT('',(-0.1381386574,2.47,0.681525741609));
#390 = CARTESIAN_POINT('',(-0.126961259799,2.47,0.655115890534));
#391 = ORIENTED_EDGE('',*,*,#392,.F.);
#392 = EDGE_CURVE('',#393,#386,#395,.T.);
#393 = VERTEX_POINT('',#394);
#394 = CARTESIAN_POINT('',(-8.115992358513E-02,2.47,0.826467995143));
#395 = B_SPLINE_CURVE_WITH_KNOTS('',1,(#396,#397),.UNSPECIFIED.,.F.,.F.,
  (2,2),(-0.155739631972,-0.),.PIECEWISE_BEZIER_KNOTS.);
#396 = CARTESIAN_POINT('',(-8.115992358513E-02,2.47,0.826467995143));
#397 = CARTESIAN_POINT('',(-0.1381386574,2.47,0.681525741609));
#398 = ORIENTED_EDGE('',*,*,#399,.F.);
#399 = EDGE_CURVE('',#400,#393,#402,.T.);
#400 = VERTEX_POINT('',#401);
#401 = CARTESIAN_POINT('',(-0.109649290492,2.47,0.826467995143));
#402 = B_SPLINE_CURVE_WITH_KNOTS('',1,(#403,#404),.UNSPECIFIED.,.F.,.F.,
  (2,2),(-2.84893669072E-02,0.),.PIECEWISE_BEZIER_KNOTS.);
#403 = CARTESIAN_POINT('',(-0.109649290492,2.47,0.826467995143));
#404 = CARTESIAN_POINT('',(-8.115992358513E-02,2.47,0.826467995143));
#405 = ORIENTED_EDGE('',*,*,#406,.F.);
#406 = EDGE_CURVE('',#407,#400,#409,.T.);
#407 = VERTEX_POINT('',#408);
#408 = CARTESIAN_POINT('',(-0.147600454438,2.47,0.717293413929));
#409 = B_SPLINE_CURVE_WITH_KNOTS('',1,(#410,#411),.UNSPECIFIED.,.F.,.F.,
  (2,2),(-0.115582784306,0.),.PIECEWISE_BEZIER_KNOTS.);
#410 = CARTESIAN_POINT('',(-0.147600454438,2.47,0.717293413929));
#411 = CARTESIAN_POINT('',(-0.109649290492,2.47,0.826467995143));
#412 = ORIENTED_EDGE('',*,*,#413,.F.);
#413 = EDGE_CURVE('',#414,#407,#416,.T.);
#414 = VERTEX_POINT('',#415);
#415 = CARTESIAN_POINT('',(-0.150719728187,2.47,0.705336197892));
#416 = B_SPLINE_CURVE_WITH_KNOTS('',1,(#417,#418),.UNSPECIFIED.,.F.,.F.,
  (2,2),(-1.235738176562E-02,0.),.PIECEWISE_BEZIER_KNOTS.);
#417 = CARTESIAN_POINT('',(-0.150719728187,2.47,0.705336197892));
#418 = CARTESIAN_POINT('',(-0.147600454438,2.47,0.717293413929));
#419 = ORIENTED_EDGE('',*,*,#420,.F.);
#420 = EDGE_CURVE('',#421,#414,#423,.T.);
#421 = VERTEX_POINT('',#422);
#422 = CARTESIAN_POINT('',(-0.151395570832,2.47,0.705336197892));
#423 = B_SPLINE_CURVE_WITH_KNOTS('',1,(#424,#425),.UNSPECIFIED.,.F.,.F.,
  (2,2),(-6.758426448346E-04,0.),.PIECEWISE_BEZIER_KNOTS.);
#424 = CARTESIAN_POINT('',(-0.151395570832,2.47,0.705336197892));
#425 = CARTESIAN_POINT('',(-0.150719728187,2.47,0.705336197892));
#426 = ORIENTED_EDGE('',*,*,#427,.F.);
#427 = EDGE_CURVE('',#322,#421,#428,.T.);
#428 = B_SPLINE_CURVE_WITH_KNOTS('',3,(#429,#430,#431,#432),
  .UNSPECIFIED.,.F.,.F.,(4,4),(12.,13.),.PIECEWISE_BEZIER_KNOTS.);
#429 = CARTESIAN_POINT('',(-0.154514844582,2.47,0.717085462346));
#430 = CARTESIAN_POINT('',(-0.152955207707,2.47,0.711990648557));
#431 = CARTESIAN_POINT('',(-0.15191544979,2.47,0.708039568475));
#432 = CARTESIAN_POINT('',(-0.151395570832,2.47,0.705336197892));
#433 = FACE_BOUND('',#434,.T.);
#434 = EDGE_LOOP('',(#435,#444,#453,#462,#471,#480,#489,#498,#507,#516,
    #525,#532,#541,#550,#559,#568,#577,#586,#595,#604,#613));
#435 = ORIENTED_EDGE('',*,*,#436,.F.);
#436 = EDGE_CURVE('',#437,#439,#441,.T.);
#437 = VERTEX_POINT('',#438);
#438 = CARTESIAN_POINT('',(3.019814925236E-02,2.47,0.712614503306));
#439 = VERTEX_POINT('',#440);
#440 = CARTESIAN_POINT('',(3.019814925236E-02,2.47,0.686308628024));
#441 = B_SPLINE_CURVE_WITH_KNOTS('',1,(#442,#443),.UNSPECIFIED.,.F.,.F.,
  (2,2),(-2.630587528195E-02,-0.),.PIECEWISE_BEZIER_KNOTS.);
#442 = CARTESIAN_POINT('',(3.019814925236E-02,2.47,0.712614503306));
#443 = CARTESIAN_POINT('',(3.019814925236E-02,2.47,0.686308628024));
#444 = ORIENTED_EDGE('',*,*,#445,.F.);
#445 = EDGE_CURVE('',#446,#437,#448,.T.);
#446 = VERTEX_POINT('',#447);
#447 = CARTESIAN_POINT('',(-1.170409477529E-02,2.47,0.698577771436));
#448 = B_SPLINE_CURVE_WITH_KNOTS('',3,(#449,#450,#451,#452),
  .UNSPECIFIED.,.F.,.F.,(4,4),(0.,1.),.PIECEWISE_BEZIER_KNOTS.);
#449 = CARTESIAN_POINT('',(-1.170409477529E-02,2.47,0.698577771436));
#450 = CARTESIAN_POINT('',(3.268419219944E-03,2.47,0.698577771436));
#451 = CARTESIAN_POINT('',(1.720117529865E-02,2.47,0.70325668206));
#452 = CARTESIAN_POINT('',(3.019814925236E-02,2.47,0.712614503306));
#453 = ORIENTED_EDGE('',*,*,#454,.F.);
#454 = EDGE_CURVE('',#455,#446,#457,.T.);
#455 = VERTEX_POINT('',#456);
#456 = CARTESIAN_POINT('',(-4.175309855657E-02,2.47,0.718229196055));
#457 = B_SPLINE_CURVE_WITH_KNOTS('',3,(#458,#459,#460,#461),
  .UNSPECIFIED.,.F.,.F.,(4,4),(1.,2.),.PIECEWISE_BEZIER_KNOTS.);
#458 = CARTESIAN_POINT('',(-4.175309855657E-02,2.47,0.718229196055));
#459 = CARTESIAN_POINT('',(-4.175309855657E-02,2.47,0.705128246309));
#460 = CARTESIAN_POINT('',(-3.171943466445E-02,2.47,0.698577771436));
#461 = CARTESIAN_POINT('',(-1.170409477529E-02,2.47,0.698577771436));
#462 = ORIENTED_EDGE('',*,*,#463,.F.);
#463 = EDGE_CURVE('',#464,#455,#466,.T.);
#464 = VERTEX_POINT('',#465);
#465 = CARTESIAN_POINT('',(-3.520262368361E-02,2.47,0.732057976341));
#466 = B_SPLINE_CURVE_WITH_KNOTS('',3,(#467,#468,#469,#470),
  .UNSPECIFIED.,.F.,.F.,(4,4),(2.,3.),.PIECEWISE_BEZIER_KNOTS.);
#467 = CARTESIAN_POINT('',(-3.520262368361E-02,2.47,0.732057976341));
#468 = CARTESIAN_POINT('',(-3.956960693271E-02,2.47,0.728418823634));
#469 = CARTESIAN_POINT('',(-4.175309855657E-02,2.47,0.723843888803));
#470 = CARTESIAN_POINT('',(-4.175309855657E-02,2.47,0.718229196055));
#471 = ORIENTED_EDGE('',*,*,#472,.F.);
#472 = EDGE_CURVE('',#473,#464,#475,.T.);
#473 = VERTEX_POINT('',#474);
#474 = CARTESIAN_POINT('',(-8.532833130672E-03,2.47,0.745054950295));
#475 = B_SPLINE_CURVE_WITH_KNOTS('',3,(#476,#477,#478,#479),
  .UNSPECIFIED.,.F.,.F.,(4,4),(3.,4.),.PIECEWISE_BEZIER_KNOTS.);
#476 = CARTESIAN_POINT('',(-8.532833130672E-03,2.47,0.745054950295));
#477 = CARTESIAN_POINT('',(-2.194571025112E-02,2.47,0.740064112297));
#478 = CARTESIAN_POINT('',(-3.08356404352E-02,2.47,0.735697129048));
#479 = CARTESIAN_POINT('',(-3.520262368361E-02,2.47,0.732057976341));
#480 = ORIENTED_EDGE('',*,*,#481,.F.);
#481 = EDGE_CURVE('',#482,#473,#484,.T.);
#482 = VERTEX_POINT('',#483);
#483 = CARTESIAN_POINT('',(2.28158680466E-02,2.47,0.764290471748));
#484 = B_SPLINE_CURVE_WITH_KNOTS('',3,(#485,#486,#487,#488),
  .UNSPECIFIED.,.F.,.F.,(4,4),(4.,5.),.PIECEWISE_BEZIER_KNOTS.);
#485 = CARTESIAN_POINT('',(2.28158680466E-02,2.47,0.764290471748));
#486 = CARTESIAN_POINT('',(1.803298163145E-02,2.47,0.757947948458));
#487 = CARTESIAN_POINT('',(7.531426676834E-03,2.47,0.751501449376));
#488 = CARTESIAN_POINT('',(-8.532833130672E-03,2.47,0.745054950295));
#489 = ORIENTED_EDGE('',*,*,#490,.F.);
#490 = EDGE_CURVE('',#491,#482,#493,.T.);
#491 = VERTEX_POINT('',#492);
#492 = CARTESIAN_POINT('',(3.004218556509E-02,2.47,0.787269121698));
#493 = B_SPLINE_CURVE_WITH_KNOTS('',3,(#494,#495,#496,#497),
  .UNSPECIFIED.,.F.,.F.,(4,4),(5.,6.),.PIECEWISE_BEZIER_KNOTS.);
#494 = CARTESIAN_POINT('',(3.004218556509E-02,2.47,0.787269121698));
#495 = CARTESIAN_POINT('',(3.004218556509E-02,2.47,0.778327203617));
#496 = CARTESIAN_POINT('',(2.765074235751E-02,2.47,0.770632995037));
#497 = CARTESIAN_POINT('',(2.28158680466E-02,2.47,0.764290471748));
#498 = ORIENTED_EDGE('',*,*,#499,.F.);
#499 = EDGE_CURVE('',#500,#491,#502,.T.);
#500 = VERTEX_POINT('',#501);
#501 = CARTESIAN_POINT('',(1.37179862788E-02,2.47,0.818253907604));
#502 = B_SPLINE_CURVE_WITH_KNOTS('',3,(#503,#504,#505,#506),
  .UNSPECIFIED.,.F.,.F.,(4,4),(6.,7.),.PIECEWISE_BEZIER_KNOTS.);
#503 = CARTESIAN_POINT('',(1.37179862788E-02,2.47,0.818253907604));
#504 = CARTESIAN_POINT('',(2.458345650441E-02,2.47,0.810455723232));
#505 = CARTESIAN_POINT('',(3.004218556509E-02,2.47,0.80016211986));
#506 = CARTESIAN_POINT('',(3.004218556509E-02,2.47,0.787269121698));
#507 = ORIENTED_EDGE('',*,*,#508,.F.);
#508 = EDGE_CURVE('',#509,#500,#511,.T.);
#509 = VERTEX_POINT('',#510);
#510 = CARTESIAN_POINT('',(-2.652064508255E-02,2.47,0.829795220476));
#511 = B_SPLINE_CURVE_WITH_KNOTS('',3,(#512,#513,#514,#515),
  .UNSPECIFIED.,.F.,.F.,(4,4),(7.,8.),.PIECEWISE_BEZIER_KNOTS.);
#512 = CARTESIAN_POINT('',(-2.652064508255E-02,2.47,0.829795220476));
#513 = CARTESIAN_POINT('',(-1.061234896301E-02,2.47,0.829795220476));
#514 = CARTESIAN_POINT('',(2.800528157437E-03,2.47,0.825948116186));
#515 = CARTESIAN_POINT('',(1.37179862788E-02,2.47,0.818253907604));
#516 = ORIENTED_EDGE('',*,*,#517,.F.);
#517 = EDGE_CURVE('',#518,#509,#520,.T.);
#518 = VERTEX_POINT('',#519);
#519 = CARTESIAN_POINT('',(-6.093663211293E-02,2.47,0.823348721394));
#520 = B_SPLINE_CURVE_WITH_KNOTS('',3,(#521,#522,#523,#524),
  .UNSPECIFIED.,.F.,.F.,(4,4),(8.,9.),.PIECEWISE_BEZIER_KNOTS.);
#521 = CARTESIAN_POINT('',(-6.093663211293E-02,2.47,0.823348721394));
#522 = CARTESIAN_POINT('',(-5.033110136611E-02,2.47,0.827715704643));
#523 = CARTESIAN_POINT('',(-3.889376428649E-02,2.47,0.829795220476));
#524 = CARTESIAN_POINT('',(-2.652064508255E-02,2.47,0.829795220476));
#525 = ORIENTED_EDGE('',*,*,#526,.F.);
#526 = EDGE_CURVE('',#527,#518,#529,.T.);
#527 = VERTEX_POINT('',#528);
#528 = CARTESIAN_POINT('',(-6.093663211293E-02,2.47,0.798602482986));
#529 = B_SPLINE_CURVE_WITH_KNOTS('',1,(#530,#531),.UNSPECIFIED.,.F.,.F.,
  (2,2),(-2.474623840786E-02,0.),.PIECEWISE_BEZIER_KNOTS.);
#530 = CARTESIAN_POINT('',(-6.093663211293E-02,2.47,0.798602482986));
#531 = CARTESIAN_POINT('',(-6.093663211293E-02,2.47,0.823348721394));
#532 = ORIENTED_EDGE('',*,*,#533,.F.);
#533 = EDGE_CURVE('',#534,#527,#536,.T.);
#534 = VERTEX_POINT('',#535);
#535 = CARTESIAN_POINT('',(-2.402522608347E-02,2.47,0.809104037941));
#536 = B_SPLINE_CURVE_WITH_KNOTS('',3,(#537,#538,#539,#540),
  .UNSPECIFIED.,.F.,.F.,(4,4),(10.,11.),.PIECEWISE_BEZIER_KNOTS.);
#537 = CARTESIAN_POINT('',(-2.402522608347E-02,2.47,0.809104037941));
#538 = CARTESIAN_POINT('',(-3.780201847491E-02,2.47,0.809104037941));
#539 = CARTESIAN_POINT('',(-5.007116188733E-02,2.47,0.805568861025));
#540 = CARTESIAN_POINT('',(-6.093663211293E-02,2.47,0.798602482986));
#541 = ORIENTED_EDGE('',*,*,#542,.F.);
#542 = EDGE_CURVE('',#543,#534,#545,.T.);
#543 = VERTEX_POINT('',#544);
#544 = CARTESIAN_POINT('',(-3.957898298546E-03,2.47,0.803697296775));
#545 = B_SPLINE_CURVE_WITH_KNOTS('',3,(#546,#547,#548,#549),
  .UNSPECIFIED.,.F.,.F.,(4,4),(11.,12.),.PIECEWISE_BEZIER_KNOTS.);
#546 = CARTESIAN_POINT('',(-3.957898298546E-03,2.47,0.803697296775));
#547 = CARTESIAN_POINT('',(-9.10469998399E-03,2.47,0.807336449483));
#548 = CARTESIAN_POINT('',(-1.581113854491E-02,2.47,0.809104037941));
#549 = CARTESIAN_POINT('',(-2.402522608347E-02,2.47,0.809104037941));
#550 = ORIENTED_EDGE('',*,*,#551,.F.);
#551 = EDGE_CURVE('',#552,#543,#554,.T.);
#552 = VERTEX_POINT('',#553);
#553 = CARTESIAN_POINT('',(3.788298178201E-03,2.47,0.789556589114));
#554 = B_SPLINE_CURVE_WITH_KNOTS('',3,(#555,#556,#557,#558),
  .UNSPECIFIED.,.F.,.F.,(4,4),(12.,13.),.PIECEWISE_BEZIER_KNOTS.);
#555 = CARTESIAN_POINT('',(3.788298178201E-03,2.47,0.789556589114));
#556 = CARTESIAN_POINT('',(3.788298178201E-03,2.47,0.795379233445));
#557 = CARTESIAN_POINT('',(1.188903386906E-03,2.47,0.80016211986));
#558 = CARTESIAN_POINT('',(-3.957898298546E-03,2.47,0.803697296775));
#559 = ORIENTED_EDGE('',*,*,#560,.F.);
#560 = EDGE_CURVE('',#561,#552,#563,.T.);
#561 = VERTEX_POINT('',#562);
#562 = CARTESIAN_POINT('',(-1.774406673996E-03,2.47,0.776039736202));
#563 = B_SPLINE_CURVE_WITH_KNOTS('',3,(#564,#565,#566,#567),
  .UNSPECIFIED.,.F.,.F.,(4,4),(13.,14.),.PIECEWISE_BEZIER_KNOTS.);
#564 = CARTESIAN_POINT('',(-1.774406673996E-03,2.47,0.776039736202));
#565 = CARTESIAN_POINT('',(1.916733928881E-03,2.47,0.779262985742));
#566 = CARTESIAN_POINT('',(3.788298178201E-03,2.47,0.783733944783));
#567 = CARTESIAN_POINT('',(3.788298178201E-03,2.47,0.789556589114));
#568 = ORIENTED_EDGE('',*,*,#569,.F.);
#569 = EDGE_CURVE('',#570,#561,#572,.T.);
#570 = VERTEX_POINT('',#571);
#571 = CARTESIAN_POINT('',(-2.652064508255E-02,2.47,0.763562641206));
#572 = B_SPLINE_CURVE_WITH_KNOTS('',3,(#573,#574,#575,#576),
  .UNSPECIFIED.,.F.,.F.,(4,4),(14.,15.),.PIECEWISE_BEZIER_KNOTS.);
#573 = CARTESIAN_POINT('',(-2.652064508255E-02,2.47,0.763562641206));
#574 = CARTESIAN_POINT('',(-1.373162271188E-02,2.47,0.768553479204));
#575 = CARTESIAN_POINT('',(-5.517535173323E-03,2.47,0.77271251087));
#576 = CARTESIAN_POINT('',(-1.774406673996E-03,2.47,0.776039736202));
#577 = ORIENTED_EDGE('',*,*,#578,.F.);
#578 = EDGE_CURVE('',#579,#570,#581,.T.);
#579 = VERTEX_POINT('',#580);
#580 = CARTESIAN_POINT('',(-5.937699523816E-02,2.47,0.744743022921));
#581 = B_SPLINE_CURVE_WITH_KNOTS('',3,(#582,#583,#584,#585),
  .UNSPECIFIED.,.F.,.F.,(4,4),(15.,16.),.PIECEWISE_BEZIER_KNOTS.);
#582 = CARTESIAN_POINT('',(-5.937699523816E-02,2.47,0.744743022921));
#583 = CARTESIAN_POINT('',(-5.365832669869E-02,2.47,0.751189522002));
#584 = CARTESIAN_POINT('',(-4.274086857733E-02,2.47,0.757532045291));
#585 = CARTESIAN_POINT('',(-2.652064508255E-02,2.47,0.763562641206));
#586 = ORIENTED_EDGE('',*,*,#587,.F.);
#587 = EDGE_CURVE('',#588,#579,#590,.T.);
#588 = VERTEX_POINT('',#589);
#589 = CARTESIAN_POINT('',(-6.790301015194E-02,2.47,0.720724615054));
#590 = B_SPLINE_CURVE_WITH_KNOTS('',3,(#591,#592,#593,#594),
  .UNSPECIFIED.,.F.,.F.,(4,4),(16.,17.),.PIECEWISE_BEZIER_KNOTS.);
#591 = CARTESIAN_POINT('',(-6.790301015194E-02,2.47,0.720724615054));
#592 = CARTESIAN_POINT('',(-6.790301015194E-02,2.47,0.730290387884));
#593 = CARTESIAN_POINT('',(-6.504367588187E-02,2.47,0.73829652384));
#594 = CARTESIAN_POINT('',(-5.937699523816E-02,2.47,0.744743022921));
#595 = ORIENTED_EDGE('',*,*,#596,.F.);
#596 = EDGE_CURVE('',#597,#588,#599,.T.);
#597 = VERTEX_POINT('',#598);
#598 = CARTESIAN_POINT('',(-5.15268229699E-02,2.47,0.689323925981));
#599 = B_SPLINE_CURVE_WITH_KNOTS('',3,(#600,#601,#602,#603),
  .UNSPECIFIED.,.F.,.F.,(4,4),(17.,18.),.PIECEWISE_BEZIER_KNOTS.);
#600 = CARTESIAN_POINT('',(-5.15268229699E-02,2.47,0.689323925981));
#601 = CARTESIAN_POINT('',(-6.244428109126E-02,2.47,0.696914158771));
#602 = CARTESIAN_POINT('',(-6.790301015194E-02,2.47,0.707415713725));
#603 = CARTESIAN_POINT('',(-6.790301015194E-02,2.47,0.720724615054));
#604 = ORIENTED_EDGE('',*,*,#605,.F.);
#605 = EDGE_CURVE('',#606,#597,#608,.T.);
#606 = VERTEX_POINT('',#607);
#607 = CARTESIAN_POINT('',(-9.208675776202E-03,2.47,0.67778261311));
#608 = B_SPLINE_CURVE_WITH_KNOTS('',3,(#609,#610,#611,#612),
  .UNSPECIFIED.,.F.,.F.,(4,4),(18.,19.),.PIECEWISE_BEZIER_KNOTS.);
#609 = CARTESIAN_POINT('',(-9.208675776202E-03,2.47,0.67778261311));
#610 = CARTESIAN_POINT('',(-2.652064508255E-02,2.47,0.67778261311));
#611 = CARTESIAN_POINT('',(-4.066135274429E-02,2.47,0.6816297174));
#612 = CARTESIAN_POINT('',(-5.15268229699E-02,2.47,0.689323925981));
#613 = ORIENTED_EDGE('',*,*,#614,.F.);
#614 = EDGE_CURVE('',#439,#606,#615,.T.);
#615 = B_SPLINE_CURVE_WITH_KNOTS('',3,(#616,#617,#618,#619),
  .UNSPECIFIED.,.F.,.F.,(4,4),(19.,20.),.PIECEWISE_BEZIER_KNOTS.);
#616 = CARTESIAN_POINT('',(3.019814925236E-02,2.47,0.686308628024));
#617 = CARTESIAN_POINT('',(1.896876375645E-02,2.47,0.680693935275));
#618 = CARTESIAN_POINT('',(5.86781401054E-03,2.47,0.67778261311));
#619 = CARTESIAN_POINT('',(-9.208675776202E-03,2.47,0.67778261311));
#620 = FACE_BOUND('',#621,.T.);
#621 = EDGE_LOOP('',(#622,#631,#640,#649,#656,#663,#670,#677,#686,#695,
    #704,#713,#720,#729));
#622 = ORIENTED_EDGE('',*,*,#623,.F.);
#623 = EDGE_CURVE('',#624,#626,#628,.T.);
#624 = VERTEX_POINT('',#625);
#625 = CARTESIAN_POINT('',(0.167238242623,2.47,0.816278367564));
#626 = VERTEX_POINT('',#627);
#627 = CARTESIAN_POINT('',(0.167238242623,2.47,0.791532129154));
#628 = B_SPLINE_CURVE_WITH_KNOTS('',1,(#629,#630),.UNSPECIFIED.,.F.,.F.,
  (2,2),(-2.474623840926E-02,-0.),.PIECEWISE_BEZIER_KNOTS.);
#629 = CARTESIAN_POINT('',(0.167238242623,2.47,0.816278367564));
#630 = CARTESIAN_POINT('',(0.167238242623,2.47,0.791532129154));
#631 = ORIENTED_EDGE('',*,*,#632,.F.);
#632 = EDGE_CURVE('',#633,#624,#635,.T.);
#633 = VERTEX_POINT('',#634);
#634 = CARTESIAN_POINT('',(0.117225886848,2.47,0.829795220476));
#635 = B_SPLINE_CURVE_WITH_KNOTS('',3,(#636,#637,#638,#639),
  .UNSPECIFIED.,.F.,.F.,(4,4),(0.,1.),.PIECEWISE_BEZIER_KNOTS.);
#636 = CARTESIAN_POINT('',(0.117225886848,2.47,0.829795220476));
#637 = CARTESIAN_POINT('',(0.136149480925,2.47,0.829795220476));
#638 = CARTESIAN_POINT('',(0.152837595482,2.47,0.825324261435));
#639 = CARTESIAN_POINT('',(0.167238242623,2.47,0.816278367564));
#640 = ORIENTED_EDGE('',*,*,#641,.F.);
#641 = EDGE_CURVE('',#642,#633,#644,.T.);
#642 = VERTEX_POINT('',#643);
#643 = CARTESIAN_POINT('',(6.471811207425E-02,2.47,0.77468805091));
#644 = B_SPLINE_CURVE_WITH_KNOTS('',3,(#645,#646,#647,#648),
  .UNSPECIFIED.,.F.,.F.,(4,4),(1.,2.),.PIECEWISE_BEZIER_KNOTS.);
#645 = CARTESIAN_POINT('',(6.471811207425E-02,2.47,0.77468805091));
#646 = CARTESIAN_POINT('',(6.471811207425E-02,2.47,0.811495481149));
#647 = CARTESIAN_POINT('',(8.223803296433E-02,2.47,0.829795220476));
#648 = CARTESIAN_POINT('',(0.117225886848,2.47,0.829795220476));
#649 = ORIENTED_EDGE('',*,*,#650,.F.);
#650 = EDGE_CURVE('',#651,#642,#653,.T.);
#651 = VERTEX_POINT('',#652);
#652 = CARTESIAN_POINT('',(6.471811207425E-02,2.47,0.681213814234));
#653 = B_SPLINE_CURVE_WITH_KNOTS('',1,(#654,#655),.UNSPECIFIED.,.F.,.F.,
  (2,2),(-9.347423667573E-02,-1.110223024625E-16),
  .PIECEWISE_BEZIER_KNOTS.);
#654 = CARTESIAN_POINT('',(6.471811207425E-02,2.47,0.681213814234));
#655 = CARTESIAN_POINT('',(6.471811207425E-02,2.47,0.77468805091));
#656 = ORIENTED_EDGE('',*,*,#657,.F.);
#657 = EDGE_CURVE('',#658,#651,#660,.T.);
#658 = VERTEX_POINT('',#659);
#659 = CARTESIAN_POINT('',(9.01921810241E-02,2.47,0.681213814234));
#660 = B_SPLINE_CURVE_WITH_KNOTS('',1,(#661,#662),.UNSPECIFIED.,.F.,.F.,
  (2,2),(-2.547406894985E-02,0.),.PIECEWISE_BEZIER_KNOTS.);
#661 = CARTESIAN_POINT('',(9.01921810241E-02,2.47,0.681213814234));
#662 = CARTESIAN_POINT('',(6.471811207425E-02,2.47,0.681213814234));
#663 = ORIENTED_EDGE('',*,*,#664,.F.);
#664 = EDGE_CURVE('',#665,#658,#667,.T.);
#665 = VERTEX_POINT('',#666);
#666 = CARTESIAN_POINT('',(9.01921810241E-02,2.47,0.703672585226));
#667 = B_SPLINE_CURVE_WITH_KNOTS('',1,(#668,#669),.UNSPECIFIED.,.F.,.F.,
  (2,2),(-2.24587709918E-02,-0.),.PIECEWISE_BEZIER_KNOTS.);
#668 = CARTESIAN_POINT('',(9.01921810241E-02,2.47,0.703672585226));
#669 = CARTESIAN_POINT('',(9.01921810241E-02,2.47,0.681213814234));
#670 = ORIENTED_EDGE('',*,*,#671,.F.);
#671 = EDGE_CURVE('',#672,#665,#674,.T.);
#672 = VERTEX_POINT('',#673);
#673 = CARTESIAN_POINT('',(9.086802366962E-02,2.47,0.703672585226));
#674 = B_SPLINE_CURVE_WITH_KNOTS('',1,(#675,#676),.UNSPECIFIED.,.F.,.F.,
  (2,2),(-6.758426455278E-04,-0.),.PIECEWISE_BEZIER_KNOTS.);
#675 = CARTESIAN_POINT('',(9.086802366962E-02,2.47,0.703672585226));
#676 = CARTESIAN_POINT('',(9.01921810241E-02,2.47,0.703672585226));
#677 = ORIENTED_EDGE('',*,*,#678,.F.);
#678 = EDGE_CURVE('',#679,#672,#681,.T.);
#679 = VERTEX_POINT('',#680);
#680 = CARTESIAN_POINT('',(0.135369662488,2.47,0.67778261311));
#681 = B_SPLINE_CURVE_WITH_KNOTS('',3,(#682,#683,#684,#685),
  .UNSPECIFIED.,.F.,.F.,(4,4),(6.,7.),.PIECEWISE_BEZIER_KNOTS.);
#682 = CARTESIAN_POINT('',(0.135369662488,2.47,0.67778261311));
#683 = CARTESIAN_POINT('',(0.115770225765,2.47,0.67778261311));
#684 = CARTESIAN_POINT('',(0.100901687562,2.47,0.686412603815));
#685 = CARTESIAN_POINT('',(9.086802366962E-02,2.47,0.703672585226));
#686 = ORIENTED_EDGE('',*,*,#687,.F.);
#687 = EDGE_CURVE('',#688,#679,#690,.T.);
#688 = VERTEX_POINT('',#689);
#689 = CARTESIAN_POINT('',(0.168953843185,2.47,0.689219950189));
#690 = B_SPLINE_CURVE_WITH_KNOTS('',3,(#691,#692,#693,#694),
  .UNSPECIFIED.,.F.,.F.,(4,4),(7.,8.),.PIECEWISE_BEZIER_KNOTS.);
#691 = CARTESIAN_POINT('',(0.168953843185,2.47,0.689219950189));
#692 = CARTESIAN_POINT('',(0.160635779855,2.47,0.6816297174));
#693 = CARTESIAN_POINT('',(0.149458382254,2.47,0.67778261311));
#694 = CARTESIAN_POINT('',(0.135369662488,2.47,0.67778261311));
#695 = ORIENTED_EDGE('',*,*,#696,.F.);
#696 = EDGE_CURVE('',#697,#688,#699,.T.);
#697 = VERTEX_POINT('',#698);
#698 = CARTESIAN_POINT('',(0.181430938181,2.47,0.720100760305));
#699 = B_SPLINE_CURVE_WITH_KNOTS('',3,(#700,#701,#702,#703),
  .UNSPECIFIED.,.F.,.F.,(4,4),(8.,9.),.PIECEWISE_BEZIER_KNOTS.);
#700 = CARTESIAN_POINT('',(0.181430938181,2.47,0.720100760305));
#701 = CARTESIAN_POINT('',(0.181430938181,2.47,0.70710378635));
#702 = CARTESIAN_POINT('',(0.177271906516,2.47,0.696810182978));
#703 = CARTESIAN_POINT('',(0.168953843185,2.47,0.689219950189));
#704 = ORIENTED_EDGE('',*,*,#705,.F.);
#705 = EDGE_CURVE('',#706,#697,#708,.T.);
#706 = VERTEX_POINT('',#707);
#707 = CARTESIAN_POINT('',(0.13323815876,2.47,0.767513721289));
#708 = B_SPLINE_CURVE_WITH_KNOTS('',3,(#709,#710,#711,#712),
  .UNSPECIFIED.,.F.,.F.,(4,4),(9.,10.),.PIECEWISE_BEZIER_KNOTS.);
#709 = CARTESIAN_POINT('',(0.13323815876,2.47,0.767513721289));
#710 = CARTESIAN_POINT('',(0.165366678373,2.47,0.763042762248));
#711 = CARTESIAN_POINT('',(0.181430938181,2.47,0.74723844192));
#712 = CARTESIAN_POINT('',(0.181430938181,2.47,0.720100760305));
#713 = ORIENTED_EDGE('',*,*,#714,.F.);
#714 = EDGE_CURVE('',#715,#706,#717,.T.);
#715 = VERTEX_POINT('',#716);
#716 = CARTESIAN_POINT('',(9.01921810241E-02,2.47,0.773544317203));
#717 = B_SPLINE_CURVE_WITH_KNOTS('',1,(#718,#719),.UNSPECIFIED.,.F.,.F.,
  (2,2),(-4.346635809804E-02,0.),.PIECEWISE_BEZIER_KNOTS.);
#718 = CARTESIAN_POINT('',(9.01921810241E-02,2.47,0.773544317203));
#719 = CARTESIAN_POINT('',(0.13323815876,2.47,0.767513721289));
#720 = ORIENTED_EDGE('',*,*,#721,.F.);
#721 = EDGE_CURVE('',#722,#715,#724,.T.);
#722 = VERTEX_POINT('',#723);
#723 = CARTESIAN_POINT('',(0.119617330056,2.47,0.809104037941));
#724 = B_SPLINE_CURVE_WITH_KNOTS('',3,(#725,#726,#727,#728),
  .UNSPECIFIED.,.F.,.F.,(4,4),(11.,12.),.PIECEWISE_BEZIER_KNOTS.);
#725 = CARTESIAN_POINT('',(0.119617330056,2.47,0.809104037941));
#726 = CARTESIAN_POINT('',(0.100017893333,2.47,0.809104037941));
#727 = CARTESIAN_POINT('',(9.01921810241E-02,2.47,0.797250797695));
#728 = CARTESIAN_POINT('',(9.01921810241E-02,2.47,0.773544317203));
#729 = ORIENTED_EDGE('',*,*,#730,.F.);
#730 = EDGE_CURVE('',#626,#722,#731,.T.);
#731 = B_SPLINE_CURVE_WITH_KNOTS('',3,(#732,#733,#734,#735),
  .UNSPECIFIED.,.F.,.F.,(4,4),(12.,13.),.PIECEWISE_BEZIER_KNOTS.);
#732 = CARTESIAN_POINT('',(0.167238242623,2.47,0.791532129154));
#733 = CARTESIAN_POINT('',(0.152889583378,2.47,0.803177417818));
#734 = CARTESIAN_POINT('',(0.137033275154,2.47,0.809104037941));
#735 = CARTESIAN_POINT('',(0.119617330056,2.47,0.809104037941));
#736 = FACE_BOUND('',#737,.T.);
#737 = EDGE_LOOP('',(#738,#749,#756,#763,#770,#779,#788));
#738 = ORIENTED_EDGE('',*,*,#739,.F.);
#739 = EDGE_CURVE('',#740,#742,#744,.T.);
#740 = VERTEX_POINT('',#741);
#741 = CARTESIAN_POINT('',(-0.197092931255,2.47,1.003850695667));
#742 = VERTEX_POINT('',#743);
#743 = CARTESIAN_POINT('',(-0.276062544999,2.47,1.032340062574));
#744 = B_SPLINE_CURVE_WITH_KNOTS('',3,(#745,#746,#747,#748),
  .UNSPECIFIED.,.F.,.F.,(4,4),(5.,6.),.PIECEWISE_BEZIER_KNOTS.);
#745 = CARTESIAN_POINT('',(-0.197092931255,2.47,1.003850695667));
#746 = CARTESIAN_POINT('',(-0.229273438764,2.47,1.003850695667));
#747 = CARTESIAN_POINT('',(-0.255631301943,2.47,1.013312492706));
#748 = CARTESIAN_POINT('',(-0.276062544999,2.47,1.032340062574));
#749 = ORIENTED_EDGE('',*,*,#750,.F.);
#750 = EDGE_CURVE('',#751,#740,#753,.T.);
#751 = VERTEX_POINT('',#752);
#752 = CARTESIAN_POINT('',(-0.141153955357,2.47,1.003850695667));
#753 = B_SPLINE_CURVE_WITH_KNOTS('',1,(#754,#755),.UNSPECIFIED.,.F.,.F.,
  (2,2),(-5.593897589788E-02,-1.110223024625E-16),
  .PIECEWISE_BEZIER_KNOTS.);
#754 = CARTESIAN_POINT('',(-0.141153955357,2.47,1.003850695667));
#755 = CARTESIAN_POINT('',(-0.197092931255,2.47,1.003850695667));
#756 = ORIENTED_EDGE('',*,*,#757,.F.);
#757 = EDGE_CURVE('',#758,#751,#760,.T.);
#758 = VERTEX_POINT('',#759);
#759 = CARTESIAN_POINT('',(-0.141153955357,2.47,1.207227344098));
#760 = B_SPLINE_CURVE_WITH_KNOTS('',1,(#761,#762),.UNSPECIFIED.,.F.,.F.,
  (2,2),(-0.203376648431,-0.),.PIECEWISE_BEZIER_KNOTS.);
#761 = CARTESIAN_POINT('',(-0.141153955357,2.47,1.207227344098));
#762 = CARTESIAN_POINT('',(-0.141153955357,2.47,1.003850695667));
#763 = ORIENTED_EDGE('',*,*,#764,.F.);
#764 = EDGE_CURVE('',#765,#758,#767,.T.);
#765 = VERTEX_POINT('',#766);
#766 = CARTESIAN_POINT('',(-0.199172447088,2.47,1.207227344098));
#767 = B_SPLINE_CURVE_WITH_KNOTS('',1,(#768,#769),.UNSPECIFIED.,.F.,.F.,
  (2,2),(-5.801849173091E-02,-3.053113317719E-16),
  .PIECEWISE_BEZIER_KNOTS.);
#768 = CARTESIAN_POINT('',(-0.199172447088,2.47,1.207227344098));
#769 = CARTESIAN_POINT('',(-0.141153955357,2.47,1.207227344098));
#770 = ORIENTED_EDGE('',*,*,#771,.F.);
#771 = EDGE_CURVE('',#772,#765,#774,.T.);
#772 = VERTEX_POINT('',#773);
#773 = CARTESIAN_POINT('',(-0.276062544999,2.47,1.180297614066));
#774 = B_SPLINE_CURVE_WITH_KNOTS('',3,(#775,#776,#777,#778),
  .UNSPECIFIED.,.F.,.F.,(4,4),(2.,3.),.PIECEWISE_BEZIER_KNOTS.);
#775 = CARTESIAN_POINT('',(-0.276062544999,2.47,1.180297614066));
#776 = CARTESIAN_POINT('',(-0.255631301943,2.47,1.198285426019));
#777 = CARTESIAN_POINT('',(-0.230001269306,2.47,1.207227344098));
#778 = CARTESIAN_POINT('',(-0.199172447088,2.47,1.207227344098));
#779 = ORIENTED_EDGE('',*,*,#780,.F.);
#780 = EDGE_CURVE('',#781,#772,#783,.T.);
#781 = VERTEX_POINT('',#782);
#782 = CARTESIAN_POINT('',(-0.30673540353,2.47,1.108138414674));
#783 = B_SPLINE_CURVE_WITH_KNOTS('',3,(#784,#785,#786,#787),
  .UNSPECIFIED.,.F.,.F.,(4,4),(3.,4.),.PIECEWISE_BEZIER_KNOTS.);
#784 = CARTESIAN_POINT('',(-0.30673540353,2.47,1.108138414674));
#785 = CARTESIAN_POINT('',(-0.30673540353,2.47,1.138291394246));
#786 = CARTESIAN_POINT('',(-0.296493788055,2.47,1.162309802113));
#787 = CARTESIAN_POINT('',(-0.276062544999,2.47,1.180297614066));
#788 = ORIENTED_EDGE('',*,*,#789,.F.);
#789 = EDGE_CURVE('',#742,#781,#790,.T.);
#790 = B_SPLINE_CURVE_WITH_KNOTS('',3,(#791,#792,#793,#794),
  .UNSPECIFIED.,.F.,.F.,(4,4),(4.,5.),.PIECEWISE_BEZIER_KNOTS.);
#791 = CARTESIAN_POINT('',(-0.276062544999,2.47,1.032340062574));
#792 = CARTESIAN_POINT('',(-0.296493788055,2.47,1.051367632443));
#793 = CARTESIAN_POINT('',(-0.30673540353,2.47,1.076633749809));
#794 = CARTESIAN_POINT('',(-0.30673540353,2.47,1.108138414674));
#795 = FACE_BOUND('',#796,.T.);
#796 = EDGE_LOOP('',(#797,#807,#814,#822));
#797 = ORIENTED_EDGE('',*,*,#798,.F.);
#798 = EDGE_CURVE('',#799,#801,#803,.T.);
#799 = VERTEX_POINT('',#800);
#800 = CARTESIAN_POINT('',(-2.283356116913,2.47,2.8700001));
#801 = VERTEX_POINT('',#802);
#802 = CARTESIAN_POINT('',(-2.283356116913,2.47,0.1300001));
#803 = ( BOUNDED_CURVE() B_SPLINE_CURVE(2,(#804,#805,#806),
.UNSPECIFIED.,.F.,.F.) B_SPLINE_CURVE_WITH_KNOTS((3,3),(1.44925839402,
1.692334259569),.PIECEWISE_BEZIER_KNOTS.) CURVE() 
GEOMETRIC_REPRESENTATION_ITEM() RATIONAL_B_SPLINE_CURVE((1.,
0.992623352486,1.)) REPRESENTATION_ITEM('') );
#804 = CARTESIAN_POINT('',(-2.283356116913,2.47,2.8700001));
#805 = CARTESIAN_POINT('',(-2.11602442487,2.47,1.5000001));
#806 = CARTESIAN_POINT('',(-2.283356116913,2.47,0.1300001));
#807 = ORIENTED_EDGE('',*,*,#808,.T.);
#808 = EDGE_CURVE('',#799,#809,#811,.T.);
#809 = VERTEX_POINT('',#810);
#810 = CARTESIAN_POINT('',(2.283356116913,2.47,2.8700001));
#811 = B_SPLINE_CURVE_WITH_KNOTS('',1,(#812,#813),.UNSPECIFIED.,.F.,.F.,
  (2,2),(0.316643883087,4.883356116913),.PIECEWISE_BEZIER_KNOTS.);
#812 = CARTESIAN_POINT('',(-2.283356116913,2.47,2.8700001));
#813 = CARTESIAN_POINT('',(2.283356116913,2.47,2.8700001));
#814 = ORIENTED_EDGE('',*,*,#815,.T.);
#815 = EDGE_CURVE('',#809,#816,#818,.T.);
#816 = VERTEX_POINT('',#817);
#817 = CARTESIAN_POINT('',(2.283356116913,2.47,0.1300001));
#818 = ( BOUNDED_CURVE() B_SPLINE_CURVE(2,(#819,#820,#821),
.UNSPECIFIED.,.F.,.F.) B_SPLINE_CURVE_WITH_KNOTS((3,3),(1.44925839402,
1.692334259569),.PIECEWISE_BEZIER_KNOTS.) CURVE() 
GEOMETRIC_REPRESENTATION_ITEM() RATIONAL_B_SPLINE_CURVE((1.,
0.992623352486,1.)) REPRESENTATION_ITEM('') );
#819 = CARTESIAN_POINT('',(2.283356116913,2.47,2.8700001));
#820 = CARTESIAN_POINT('',(2.11602442487,2.47,1.5000001));
#821 = CARTESIAN_POINT('',(2.283356116913,2.47,0.1300001));
#822 = ORIENTED_EDGE('',*,*,#823,.T.);
#823 = EDGE_CURVE('',#816,#801,#824,.T.);
#824 = B_SPLINE_CURVE_WITH_KNOTS('',1,(#825,#826),.UNSPECIFIED.,.F.,.F.,
  (2,2),(-4.883356116913,-0.316643883087),.PIECEWISE_BEZIER_KNOTS.);
#825 = CARTESIAN_POINT('',(2.283356116913,2.47,0.1300001));
#826 = CARTESIAN_POINT('',(-2.283356116913,2.47,0.1300001));
#827 = FACE_BOUND('',#828,.T.);
#828 = EDGE_LOOP('',(#829,#838,#845,#852,#859,#866));
#829 = ORIENTED_EDGE('',*,*,#830,.F.);
#830 = EDGE_CURVE('',#831,#833,#835,.T.);
#831 = VERTEX_POINT('',#832);
#832 = CARTESIAN_POINT('',(0.207944765047,2.47,1.027037297201));
#833 = VERTEX_POINT('',#834);
#834 = CARTESIAN_POINT('',(0.288941906728,2.47,1.027037297201));
#835 = B_SPLINE_CURVE_WITH_KNOTS('',1,(#836,#837),.UNSPECIFIED.,.F.,.F.,
  (2,2),(-8.099714168166E-02,0.),.PIECEWISE_BEZIER_KNOTS.);
#836 = CARTESIAN_POINT('',(0.207944765047,2.47,1.027037297201));
#837 = CARTESIAN_POINT('',(0.288941906728,2.47,1.027037297201));
#838 = ORIENTED_EDGE('',*,*,#839,.F.);
#839 = EDGE_CURVE('',#840,#831,#842,.T.);
#840 = VERTEX_POINT('',#841);
#841 = CARTESIAN_POINT('',(0.207944765047,2.47,1.003850695667));
#842 = B_SPLINE_CURVE_WITH_KNOTS('',1,(#843,#844),.UNSPECIFIED.,.F.,.F.,
  (2,2),(-2.318660153378E-02,0.),.PIECEWISE_BEZIER_KNOTS.);
#843 = CARTESIAN_POINT('',(0.207944765047,2.47,1.003850695667));
#844 = CARTESIAN_POINT('',(0.207944765047,2.47,1.027037297201));
#845 = ORIENTED_EDGE('',*,*,#846,.F.);
#846 = EDGE_CURVE('',#847,#840,#849,.T.);
#847 = VERTEX_POINT('',#848);
#848 = CARTESIAN_POINT('',(0.315195794115,2.47,1.003850695667));
#849 = B_SPLINE_CURVE_WITH_KNOTS('',1,(#850,#851),.UNSPECIFIED.,.F.,.F.,
  (2,2),(-0.107251029069,0.),.PIECEWISE_BEZIER_KNOTS.);
#850 = CARTESIAN_POINT('',(0.315195794115,2.47,1.003850695667));
#851 = CARTESIAN_POINT('',(0.207944765047,2.47,1.003850695667));
#852 = ORIENTED_EDGE('',*,*,#853,.F.);
#853 = EDGE_CURVE('',#854,#847,#856,.T.);
#854 = VERTEX_POINT('',#855);
#855 = CARTESIAN_POINT('',(0.315195794115,2.47,1.207227344098));
#856 = B_SPLINE_CURVE_WITH_KNOTS('',1,(#857,#858),.UNSPECIFIED.,.F.,.F.,
  (2,2),(-0.203376648431,-0.),.PIECEWISE_BEZIER_KNOTS.);
#857 = CARTESIAN_POINT('',(0.315195794115,2.47,1.207227344098));
#858 = CARTESIAN_POINT('',(0.315195794115,2.47,1.003850695667));
#859 = ORIENTED_EDGE('',*,*,#860,.F.);
#860 = EDGE_CURVE('',#861,#854,#863,.T.);
#861 = VERTEX_POINT('',#862);
#862 = CARTESIAN_POINT('',(0.288941906728,2.47,1.207227344098));
#863 = B_SPLINE_CURVE_WITH_KNOTS('',1,(#864,#865),.UNSPECIFIED.,.F.,.F.,
  (2,2),(-2.625388738689E-02,0.),.PIECEWISE_BEZIER_KNOTS.);
#864 = CARTESIAN_POINT('',(0.288941906728,2.47,1.207227344098));
#865 = CARTESIAN_POINT('',(0.315195794115,2.47,1.207227344098));
#866 = ORIENTED_EDGE('',*,*,#867,.F.);
#867 = EDGE_CURVE('',#833,#861,#868,.T.);
#868 = B_SPLINE_CURVE_WITH_KNOTS('',1,(#869,#870),.UNSPECIFIED.,.F.,.F.,
  (2,2),(-0.180190046898,0.),.PIECEWISE_BEZIER_KNOTS.);
#869 = CARTESIAN_POINT('',(0.288941906728,2.47,1.027037297201));
#870 = CARTESIAN_POINT('',(0.288941906728,2.47,1.207227344098));
#871 = FACE_BOUND('',#872,.T.);
#872 = EDGE_LOOP('',(#873,#882,#891,#900,#909,#918,#927,#936,#943,#952,
    #961,#970,#979,#988));
#873 = ORIENTED_EDGE('',*,*,#874,.F.);
#874 = EDGE_CURVE('',#875,#877,#879,.T.);
#875 = VERTEX_POINT('',#876);
#876 = CARTESIAN_POINT('',(4.735415487145E-02,2.47,1.012272734789));
#877 = VERTEX_POINT('',#878);
#878 = CARTESIAN_POINT('',(4.735415487145E-02,2.47,1.037434876365));
#879 = B_SPLINE_CURVE_WITH_KNOTS('',1,(#880,#881),.UNSPECIFIED.,.F.,.F.,
  (2,2),(-2.516214157531E-02,0.),.PIECEWISE_BEZIER_KNOTS.);
#880 = CARTESIAN_POINT('',(4.735415487145E-02,2.47,1.012272734789));
#881 = CARTESIAN_POINT('',(4.735415487145E-02,2.47,1.037434876365));
#882 = ORIENTED_EDGE('',*,*,#883,.F.);
#883 = EDGE_CURVE('',#884,#875,#886,.T.);
#884 = VERTEX_POINT('',#885);
#885 = CARTESIAN_POINT('',(0.10365704604,2.47,1.000419494543));
#886 = B_SPLINE_CURVE_WITH_KNOTS('',3,(#887,#888,#889,#890),
  .UNSPECIFIED.,.F.,.F.,(4,4),(0.,1.),.PIECEWISE_BEZIER_KNOTS.);
#887 = CARTESIAN_POINT('',(0.10365704604,2.47,1.000419494543));
#888 = CARTESIAN_POINT('',(8.10942992563E-02,2.47,1.000419494543));
#889 = CARTESIAN_POINT('',(6.232666886667E-02,2.47,1.004370574625));
#890 = CARTESIAN_POINT('',(4.735415487145E-02,2.47,1.012272734789));
#891 = ORIENTED_EDGE('',*,*,#892,.F.);
#892 = EDGE_CURVE('',#893,#884,#895,.T.);
#893 = VERTEX_POINT('',#894);
#894 = CARTESIAN_POINT('',(0.173528778017,2.47,1.028181030909));
#895 = B_SPLINE_CURVE_WITH_KNOTS('',3,(#896,#897,#898,#899),
  .UNSPECIFIED.,.F.,.F.,(4,4),(1.,2.),.PIECEWISE_BEZIER_KNOTS.);
#896 = CARTESIAN_POINT('',(0.173528778017,2.47,1.028181030909));
#897 = CARTESIAN_POINT('',(0.156112832918,2.47,1.009673339999));
#898 = CARTESIAN_POINT('',(0.132822255593,2.47,1.000419494543));
#899 = CARTESIAN_POINT('',(0.10365704604,2.47,1.000419494543));
#900 = ORIENTED_EDGE('',*,*,#901,.F.);
#901 = EDGE_CURVE('',#902,#893,#904,.T.);
#902 = VERTEX_POINT('',#903);
#903 = CARTESIAN_POINT('',(0.199626701717,2.47,1.101691915592));
#904 = B_SPLINE_CURVE_WITH_KNOTS('',3,(#905,#906,#907,#908),
  .UNSPECIFIED.,.F.,.F.,(4,4),(2.,3.),.PIECEWISE_BEZIER_KNOTS.);
#905 = CARTESIAN_POINT('',(0.199626701717,2.47,1.101691915592));
#906 = CARTESIAN_POINT('',(0.199626701717,2.47,1.071227008644));
#907 = CARTESIAN_POINT('',(0.190944723115,2.47,1.046688721819));
#908 = CARTESIAN_POINT('',(0.173528778017,2.47,1.028181030909));
#909 = ORIENTED_EDGE('',*,*,#910,.F.);
#910 = EDGE_CURVE('',#911,#902,#913,.T.);
#911 = VERTEX_POINT('',#912);
#912 = CARTESIAN_POINT('',(0.170253540581,2.47,1.180713517232));
#913 = B_SPLINE_CURVE_WITH_KNOTS('',3,(#914,#915,#916,#917),
  .UNSPECIFIED.,.F.,.F.,(4,4),(3.,4.),.PIECEWISE_BEZIER_KNOTS.);
#914 = CARTESIAN_POINT('',(0.170253540581,2.47,1.180713517232));
#915 = CARTESIAN_POINT('',(0.189852977303,2.47,1.160750165239));
#916 = CARTESIAN_POINT('',(0.199626701717,2.47,1.134444289956));
#917 = CARTESIAN_POINT('',(0.199626701717,2.47,1.101691915592));
#918 = ORIENTED_EDGE('',*,*,#919,.F.);
#919 = EDGE_CURVE('',#920,#911,#922,.T.);
#920 = VERTEX_POINT('',#921);
#921 = CARTESIAN_POINT('',(9.554693429327E-02,2.47,1.210658545222));
#922 = B_SPLINE_CURVE_WITH_KNOTS('',3,(#923,#924,#925,#926),
  .UNSPECIFIED.,.F.,.F.,(4,4),(4.,5.),.PIECEWISE_BEZIER_KNOTS.);
#923 = CARTESIAN_POINT('',(9.554693429327E-02,2.47,1.210658545222));
#924 = CARTESIAN_POINT('',(0.125751901762,2.47,1.210658545222));
#925 = CARTESIAN_POINT('',(0.150654103858,2.47,1.200676869226));
#926 = CARTESIAN_POINT('',(0.170253540581,2.47,1.180713517232));
#927 = ORIENTED_EDGE('',*,*,#928,.F.);
#928 = EDGE_CURVE('',#929,#920,#931,.T.);
#929 = VERTEX_POINT('',#930);
#930 = CARTESIAN_POINT('',(4.735415487145E-02,2.47,1.202340481892));
#931 = B_SPLINE_CURVE_WITH_KNOTS('',3,(#932,#933,#934,#935),
  .UNSPECIFIED.,.F.,.F.,(4,4),(5.,6.),.PIECEWISE_BEZIER_KNOTS.);
#932 = CARTESIAN_POINT('',(4.735415487145E-02,2.47,1.202340481892));
#933 = CARTESIAN_POINT('',(6.003920145062E-02,2.47,1.207851198849));
#934 = CARTESIAN_POINT('',(7.610346125812E-02,2.47,1.210658545222));
#935 = CARTESIAN_POINT('',(9.554693429327E-02,2.47,1.210658545222));
#936 = ORIENTED_EDGE('',*,*,#937,.F.);
#937 = EDGE_CURVE('',#938,#929,#940,.T.);
#938 = VERTEX_POINT('',#939);
#939 = CARTESIAN_POINT('',(4.735415487145E-02,2.47,1.174890872902));
#940 = B_SPLINE_CURVE_WITH_KNOTS('',1,(#941,#942),.UNSPECIFIED.,.F.,.F.,
  (2,2),(-2.744960898998E-02,0.),.PIECEWISE_BEZIER_KNOTS.);
#941 = CARTESIAN_POINT('',(4.735415487145E-02,2.47,1.174890872902));
#942 = CARTESIAN_POINT('',(4.735415487145E-02,2.47,1.202340481892));
#943 = ORIENTED_EDGE('',*,*,#944,.F.);
#944 = EDGE_CURVE('',#945,#938,#947,.T.);
#945 = VERTEX_POINT('',#946);
#946 = CARTESIAN_POINT('',(9.52869948138E-02,2.47,1.18695206473));
#947 = B_SPLINE_CURVE_WITH_KNOTS('',3,(#948,#949,#950,#951),
  .UNSPECIFIED.,.F.,.F.,(4,4),(7.,8.),.PIECEWISE_BEZIER_KNOTS.);
#948 = CARTESIAN_POINT('',(9.52869948138E-02,2.47,1.18695206473));
#949 = CARTESIAN_POINT('',(7.787104971593E-02,2.47,1.18695206473));
#950 = CARTESIAN_POINT('',(6.191076569993E-02,2.47,1.183000984648));
#951 = CARTESIAN_POINT('',(4.735415487145E-02,2.47,1.174890872902));
#952 = ORIENTED_EDGE('',*,*,#953,.F.);
#953 = EDGE_CURVE('',#954,#945,#956,.T.);
#954 = VERTEX_POINT('',#955);
#955 = CARTESIAN_POINT('',(0.150706091753,2.47,1.164389317946));
#956 = B_SPLINE_CURVE_WITH_KNOTS('',3,(#957,#958,#959,#960),
  .UNSPECIFIED.,.F.,.F.,(4,4),(8.,9.),.PIECEWISE_BEZIER_KNOTS.);
#957 = CARTESIAN_POINT('',(0.150706091753,2.47,1.164389317946));
#958 = CARTESIAN_POINT('',(0.136409420404,2.47,1.179465807732));
#959 = CARTESIAN_POINT('',(0.117953717389,2.47,1.18695206473));
#960 = CARTESIAN_POINT('',(9.52869948138E-02,2.47,1.18695206473));
#961 = ORIENTED_EDGE('',*,*,#962,.F.);
#962 = EDGE_CURVE('',#963,#954,#965,.T.);
#963 = VERTEX_POINT('',#964);
#964 = CARTESIAN_POINT('',(0.172073116934,2.47,1.103251552467));
#965 = B_SPLINE_CURVE_WITH_KNOTS('',3,(#966,#967,#968,#969),
  .UNSPECIFIED.,.F.,.F.,(4,4),(9.,10.),.PIECEWISE_BEZIER_KNOTS.);
#966 = CARTESIAN_POINT('',(0.172073116934,2.47,1.103251552467));
#967 = CARTESIAN_POINT('',(0.172073116934,2.47,1.128829597209));
#968 = CARTESIAN_POINT('',(0.164950775207,2.47,1.149208852367));
#969 = CARTESIAN_POINT('',(0.150706091753,2.47,1.164389317946));
#970 = ORIENTED_EDGE('',*,*,#971,.F.);
#971 = EDGE_CURVE('',#972,#963,#974,.T.);
#972 = VERTEX_POINT('',#973);
#973 = CARTESIAN_POINT('',(0.152109764941,2.47,1.045233060736));
#974 = B_SPLINE_CURVE_WITH_KNOTS('',3,(#975,#976,#977,#978),
  .UNSPECIFIED.,.F.,.F.,(4,4),(10.,11.),.PIECEWISE_BEZIER_KNOTS.);
#975 = CARTESIAN_POINT('',(0.152109764941,2.47,1.045233060736));
#976 = CARTESIAN_POINT('',(0.16541866627,2.47,1.059581719982));
#977 = CARTESIAN_POINT('',(0.172073116934,2.47,1.078921217226));
#978 = CARTESIAN_POINT('',(0.172073116934,2.47,1.103251552467));
#979 = ORIENTED_EDGE('',*,*,#980,.F.);
#980 = EDGE_CURVE('',#981,#972,#983,.T.);
#981 = VERTEX_POINT('',#982);
#982 = CARTESIAN_POINT('',(9.986192964592E-02,2.47,1.02381404766));
#983 = B_SPLINE_CURVE_WITH_KNOTS('',3,(#984,#985,#986,#987),
  .UNSPECIFIED.,.F.,.F.,(4,4),(11.,12.),.PIECEWISE_BEZIER_KNOTS.);
#984 = CARTESIAN_POINT('',(9.986192964592E-02,2.47,1.02381404766));
#985 = CARTESIAN_POINT('',(0.121384918513,2.47,1.02381404766));
#986 = CARTESIAN_POINT('',(0.138800863612,2.47,1.030988377282));
#987 = CARTESIAN_POINT('',(0.152109764941,2.47,1.045233060736));
#988 = ORIENTED_EDGE('',*,*,#989,.F.);
#989 = EDGE_CURVE('',#877,#981,#990,.T.);
#990 = B_SPLINE_CURVE_WITH_KNOTS('',3,(#991,#992,#993,#994),
  .UNSPECIFIED.,.F.,.F.,(4,4),(12.,13.),.PIECEWISE_BEZIER_KNOTS.);
#991 = CARTESIAN_POINT('',(4.735415487145E-02,2.47,1.037434876365));
#992 = CARTESIAN_POINT('',(6.222269307516E-02,2.47,1.028388982492));
#993 = CARTESIAN_POINT('',(7.974261396524E-02,2.47,1.02381404766));
#994 = CARTESIAN_POINT('',(9.986192964592E-02,2.47,1.02381404766));
#995 = FACE_BOUND('',#996,.T.);
#996 = EDGE_LOOP('',(#997,#1006,#1013,#1020,#1027,#1034,#1041,#1048,
    #1055,#1062,#1069,#1076));
#997 = ORIENTED_EDGE('',*,*,#998,.F.);
#998 = EDGE_CURVE('',#999,#1001,#1003,.T.);
#999 = VERTEX_POINT('',#1000);
#1000 = CARTESIAN_POINT('',(-0.102734900348,2.47,1.027037297201));
#1001 = VERTEX_POINT('',#1002);
#1002 = CARTESIAN_POINT('',(-1.96062549393E-02,2.47,1.027037297201));
#1003 = B_SPLINE_CURVE_WITH_KNOTS('',1,(#1004,#1005),.UNSPECIFIED.,.F.,
  .F.,(2,2),(-8.312864540908E-02,0.),.PIECEWISE_BEZIER_KNOTS.);
#1004 = CARTESIAN_POINT('',(-0.102734900348,2.47,1.027037297201));
#1005 = CARTESIAN_POINT('',(-1.96062549393E-02,2.47,1.027037297201));
#1006 = ORIENTED_EDGE('',*,*,#1007,.F.);
#1007 = EDGE_CURVE('',#1008,#999,#1010,.T.);
#1008 = VERTEX_POINT('',#1009);
#1009 = CARTESIAN_POINT('',(-0.102734900348,2.47,1.003850695667));
#1010 = B_SPLINE_CURVE_WITH_KNOTS('',1,(#1011,#1012),.UNSPECIFIED.,.F.,
  .F.,(2,2),(-2.318660153378E-02,0.),.PIECEWISE_BEZIER_KNOTS.);
#1011 = CARTESIAN_POINT('',(-0.102734900348,2.47,1.003850695667));
#1012 = CARTESIAN_POINT('',(-0.102734900348,2.47,1.027037297201));
#1013 = ORIENTED_EDGE('',*,*,#1014,.F.);
#1014 = EDGE_CURVE('',#1015,#1008,#1017,.T.);
#1015 = VERTEX_POINT('',#1016);
#1016 = CARTESIAN_POINT('',(6.647632447587E-03,2.47,1.003850695667));
#1017 = B_SPLINE_CURVE_WITH_KNOTS('',1,(#1018,#1019),.UNSPECIFIED.,.F.,
  .F.,(2,2),(-0.109382532796,0.),.PIECEWISE_BEZIER_KNOTS.);
#1018 = CARTESIAN_POINT('',(6.647632447587E-03,2.47,1.003850695667));
#1019 = CARTESIAN_POINT('',(-0.102734900348,2.47,1.003850695667));
#1020 = ORIENTED_EDGE('',*,*,#1021,.F.);
#1021 = EDGE_CURVE('',#1022,#1015,#1024,.T.);
#1022 = VERTEX_POINT('',#1023);
#1023 = CARTESIAN_POINT('',(6.647632447588E-03,2.47,1.207227344098));
#1024 = B_SPLINE_CURVE_WITH_KNOTS('',1,(#1025,#1026),.UNSPECIFIED.,.F.,
  .F.,(2,2),(-0.203376648431,-0.),.PIECEWISE_BEZIER_KNOTS.);
#1025 = CARTESIAN_POINT('',(6.647632447588E-03,2.47,1.207227344098));
#1026 = CARTESIAN_POINT('',(6.647632447587E-03,2.47,1.003850695667));
#1027 = ORIENTED_EDGE('',*,*,#1028,.F.);
#1028 = EDGE_CURVE('',#1029,#1022,#1031,.T.);
#1029 = VERTEX_POINT('',#1030);
#1030 = CARTESIAN_POINT('',(-9.810797762119E-02,2.47,1.207227344098));
#1031 = B_SPLINE_CURVE_WITH_KNOTS('',1,(#1032,#1033),.UNSPECIFIED.,.F.,
  .F.,(2,2),(-0.104755610069,0.),.PIECEWISE_BEZIER_KNOTS.);
#1032 = CARTESIAN_POINT('',(-9.810797762119E-02,2.47,1.207227344098));
#1033 = CARTESIAN_POINT('',(6.647632447588E-03,2.47,1.207227344098));
#1034 = ORIENTED_EDGE('',*,*,#1035,.F.);
#1035 = EDGE_CURVE('',#1036,#1029,#1038,.T.);
#1036 = VERTEX_POINT('',#1037);
#1037 = CARTESIAN_POINT('',(-9.810797762119E-02,2.47,1.183832790982));
#1038 = B_SPLINE_CURVE_WITH_KNOTS('',1,(#1039,#1040),.UNSPECIFIED.,.F.,
  .F.,(2,2),(-2.339455311681E-02,0.),.PIECEWISE_BEZIER_KNOTS.);
#1039 = CARTESIAN_POINT('',(-9.810797762119E-02,2.47,1.183832790982));
#1040 = CARTESIAN_POINT('',(-9.810797762119E-02,2.47,1.207227344098));
#1041 = ORIENTED_EDGE('',*,*,#1042,.F.);
#1042 = EDGE_CURVE('',#1043,#1036,#1045,.T.);
#1043 = VERTEX_POINT('',#1044);
#1044 = CARTESIAN_POINT('',(-1.96062549393E-02,2.47,1.183832790982));
#1045 = B_SPLINE_CURVE_WITH_KNOTS('',1,(#1046,#1047),.UNSPECIFIED.,.F.,
  .F.,(2,2),(-7.850172268189E-02,0.),.PIECEWISE_BEZIER_KNOTS.);
#1046 = CARTESIAN_POINT('',(-1.96062549393E-02,2.47,1.183832790982));
#1047 = CARTESIAN_POINT('',(-9.810797762119E-02,2.47,1.183832790982));
#1048 = ORIENTED_EDGE('',*,*,#1049,.F.);
#1049 = EDGE_CURVE('',#1050,#1043,#1052,.T.);
#1050 = VERTEX_POINT('',#1051);
#1051 = CARTESIAN_POINT('',(-1.96062549393E-02,2.47,1.118743945419));
#1052 = B_SPLINE_CURVE_WITH_KNOTS('',1,(#1053,#1054),.UNSPECIFIED.,.F.,
  .F.,(2,2),(-6.508884556212E-02,0.),.PIECEWISE_BEZIER_KNOTS.);
#1053 = CARTESIAN_POINT('',(-1.96062549393E-02,2.47,1.118743945419));
#1054 = CARTESIAN_POINT('',(-1.96062549393E-02,2.47,1.183832790982));
#1055 = ORIENTED_EDGE('',*,*,#1056,.F.);
#1056 = EDGE_CURVE('',#1057,#1050,#1059,.T.);
#1057 = VERTEX_POINT('',#1058);
#1058 = CARTESIAN_POINT('',(-9.233732118527E-02,2.47,1.118743945419));
#1059 = B_SPLINE_CURVE_WITH_KNOTS('',1,(#1060,#1061),.UNSPECIFIED.,.F.,
  .F.,(2,2),(-7.273106624597E-02,0.),.PIECEWISE_BEZIER_KNOTS.);
#1060 = CARTESIAN_POINT('',(-9.233732118527E-02,2.47,1.118743945419));
#1061 = CARTESIAN_POINT('',(-1.96062549393E-02,2.47,1.118743945419));
#1062 = ORIENTED_EDGE('',*,*,#1063,.F.);
#1063 = EDGE_CURVE('',#1064,#1057,#1066,.T.);
#1064 = VERTEX_POINT('',#1065);
#1065 = CARTESIAN_POINT('',(-9.233732118527E-02,2.47,1.095453368094));
#1066 = B_SPLINE_CURVE_WITH_KNOTS('',1,(#1067,#1068),.UNSPECIFIED.,.F.,
  .F.,(2,2),(-2.32905773253E-02,0.),.PIECEWISE_BEZIER_KNOTS.);
#1067 = CARTESIAN_POINT('',(-9.233732118527E-02,2.47,1.095453368094));
#1068 = CARTESIAN_POINT('',(-9.233732118527E-02,2.47,1.118743945419));
#1069 = ORIENTED_EDGE('',*,*,#1070,.F.);
#1070 = EDGE_CURVE('',#1071,#1064,#1073,.T.);
#1071 = VERTEX_POINT('',#1072);
#1072 = CARTESIAN_POINT('',(-1.96062549393E-02,2.47,1.095453368094));
#1073 = B_SPLINE_CURVE_WITH_KNOTS('',1,(#1074,#1075),.UNSPECIFIED.,.F.,
  .F.,(2,2),(-7.273106624597E-02,0.),.PIECEWISE_BEZIER_KNOTS.);
#1074 = CARTESIAN_POINT('',(-1.96062549393E-02,2.47,1.095453368094));
#1075 = CARTESIAN_POINT('',(-9.233732118527E-02,2.47,1.095453368094));
#1076 = ORIENTED_EDGE('',*,*,#1077,.F.);
#1077 = EDGE_CURVE('',#1001,#1071,#1078,.T.);
#1078 = B_SPLINE_CURVE_WITH_KNOTS('',1,(#1079,#1080),.UNSPECIFIED.,.F.,
  .F.,(2,2),(-6.841607089332E-02,0.),.PIECEWISE_BEZIER_KNOTS.);
#1079 = CARTESIAN_POINT('',(-1.96062549393E-02,2.47,1.027037297201));
#1080 = CARTESIAN_POINT('',(-1.96062549393E-02,2.47,1.095453368094));
#1081 = FACE_BOUND('',#1082,.T.);
#1082 = EDGE_LOOP('',(#1083,#1092,#1099,#1106,#1113,#1120,#1127,#1134));
#1083 = ORIENTED_EDGE('',*,*,#1084,.F.);
#1084 = EDGE_CURVE('',#1085,#1087,#1089,.T.);
#1085 = VERTEX_POINT('',#1086);
#1086 = CARTESIAN_POINT('',(-0.423552205428,2.47,1.207227344098));
#1087 = VERTEX_POINT('',#1088);
#1088 = CARTESIAN_POINT('',(-0.395478741688,2.47,1.207227344098));
#1089 = B_SPLINE_CURVE_WITH_KNOTS('',1,(#1090,#1091),.UNSPECIFIED.,.F.,
  .F.,(2,2),(-2.807346374045E-02,0.),.PIECEWISE_BEZIER_KNOTS.);
#1090 = CARTESIAN_POINT('',(-0.423552205428,2.47,1.207227344098));
#1091 = CARTESIAN_POINT('',(-0.395478741688,2.47,1.207227344098));
#1092 = ORIENTED_EDGE('',*,*,#1093,.F.);
#1093 = EDGE_CURVE('',#1094,#1085,#1096,.T.);
#1094 = VERTEX_POINT('',#1095);
#1095 = CARTESIAN_POINT('',(-0.501014170194,2.47,1.003850695667));
#1096 = B_SPLINE_CURVE_WITH_KNOTS('',1,(#1097,#1098),.UNSPECIFIED.,.F.,
  .F.,(2,2),(-0.217629081496,0.),.PIECEWISE_BEZIER_KNOTS.);
#1097 = CARTESIAN_POINT('',(-0.501014170194,2.47,1.003850695667));
#1098 = CARTESIAN_POINT('',(-0.423552205428,2.47,1.207227344098));
#1099 = ORIENTED_EDGE('',*,*,#1100,.F.);
#1100 = EDGE_CURVE('',#1101,#1094,#1103,.T.);
#1101 = VERTEX_POINT('',#1102);
#1102 = CARTESIAN_POINT('',(-0.472004924329,2.47,1.003850695667));
#1103 = B_SPLINE_CURVE_WITH_KNOTS('',1,(#1104,#1105),.UNSPECIFIED.,.F.,
  .F.,(2,2),(-2.900924586545E-02,0.),.PIECEWISE_BEZIER_KNOTS.);
#1104 = CARTESIAN_POINT('',(-0.472004924329,2.47,1.003850695667));
#1105 = CARTESIAN_POINT('',(-0.501014170194,2.47,1.003850695667));
#1106 = ORIENTED_EDGE('',*,*,#1107,.F.);
#1107 = EDGE_CURVE('',#1108,#1101,#1110,.T.);
#1108 = VERTEX_POINT('',#1109);
#1109 = CARTESIAN_POINT('',(-0.451261753898,2.47,1.05947774419));
#1110 = B_SPLINE_CURVE_WITH_KNOTS('',1,(#1111,#1112),.UNSPECIFIED.,.F.,
  .F.,(2,2),(-5.936874301283E-02,-0.),.PIECEWISE_BEZIER_KNOTS.);
#1111 = CARTESIAN_POINT('',(-0.451261753898,2.47,1.05947774419));
#1112 = CARTESIAN_POINT('',(-0.472004924329,2.47,1.003850695667));
#1113 = ORIENTED_EDGE('',*,*,#1114,.F.);
#1114 = EDGE_CURVE('',#1115,#1108,#1117,.T.);
#1115 = VERTEX_POINT('',#1116);
#1116 = CARTESIAN_POINT('',(-0.366573471614,2.47,1.05947774419));
#1117 = B_SPLINE_CURVE_WITH_KNOTS('',1,(#1118,#1119),.UNSPECIFIED.,.F.,
  .F.,(2,2),(-8.468828228454E-02,0.),.PIECEWISE_BEZIER_KNOTS.);
#1118 = CARTESIAN_POINT('',(-0.366573471614,2.47,1.05947774419));
#1119 = CARTESIAN_POINT('',(-0.451261753898,2.47,1.05947774419));
#1120 = ORIENTED_EDGE('',*,*,#1121,.F.);
#1121 = EDGE_CURVE('',#1122,#1115,#1124,.T.);
#1122 = VERTEX_POINT('',#1123);
#1123 = CARTESIAN_POINT('',(-0.347026022787,2.47,1.003850695667));
#1124 = B_SPLINE_CURVE_WITH_KNOTS('',1,(#1125,#1126),.UNSPECIFIED.,.F.,
  .F.,(2,2),(-5.896160855208E-02,0.),.PIECEWISE_BEZIER_KNOTS.);
#1125 = CARTESIAN_POINT('',(-0.347026022787,2.47,1.003850695667));
#1126 = CARTESIAN_POINT('',(-0.366573471614,2.47,1.05947774419));
#1127 = ORIENTED_EDGE('',*,*,#1128,.F.);
#1128 = EDGE_CURVE('',#1129,#1122,#1131,.T.);
#1129 = VERTEX_POINT('',#1130);
#1130 = CARTESIAN_POINT('',(-0.318016776923,2.47,1.003850695667));
#1131 = B_SPLINE_CURVE_WITH_KNOTS('',1,(#1132,#1133),.UNSPECIFIED.,.F.,
  .F.,(2,2),(-2.900924586407E-02,0.),.PIECEWISE_BEZIER_KNOTS.);
#1132 = CARTESIAN_POINT('',(-0.318016776923,2.47,1.003850695667));
#1133 = CARTESIAN_POINT('',(-0.347026022787,2.47,1.003850695667));
#1134 = ORIENTED_EDGE('',*,*,#1135,.F.);
#1135 = EDGE_CURVE('',#1087,#1129,#1136,.T.);
#1136 = B_SPLINE_CURVE_WITH_KNOTS('',1,(#1137,#1138),.UNSPECIFIED.,.F.,
  .F.,(2,2),(-0.217629081495,0.),.PIECEWISE_BEZIER_KNOTS.);
#1137 = CARTESIAN_POINT('',(-0.395478741688,2.47,1.207227344098));
#1138 = CARTESIAN_POINT('',(-0.318016776923,2.47,1.003850695667));
#1139 = FACE_BOUND('',#1140,.T.);
#1140 = EDGE_LOOP('',(#1141,#1150,#1157,#1164,#1171,#1178,#1185,#1192,
    #1199,#1206,#1213,#1220));
#1141 = ORIENTED_EDGE('',*,*,#1142,.F.);
#1142 = EDGE_CURVE('',#1143,#1145,#1147,.T.);
#1143 = VERTEX_POINT('',#1144);
#1144 = CARTESIAN_POINT('',(0.205813261318,2.47,0.704400415768));
#1145 = VERTEX_POINT('',#1146);
#1146 = CARTESIAN_POINT('',(0.288941906728,2.47,0.704400415768));
#1147 = B_SPLINE_CURVE_WITH_KNOTS('',1,(#1148,#1149),.UNSPECIFIED.,.F.,
  .F.,(2,2),(-8.312864540976E-02,0.),.PIECEWISE_BEZIER_KNOTS.);
#1148 = CARTESIAN_POINT('',(0.205813261318,2.47,0.704400415768));
#1149 = CARTESIAN_POINT('',(0.288941906728,2.47,0.704400415768));
#1150 = ORIENTED_EDGE('',*,*,#1151,.F.);
#1151 = EDGE_CURVE('',#1152,#1143,#1154,.T.);
#1152 = VERTEX_POINT('',#1153);
#1153 = CARTESIAN_POINT('',(0.205813261318,2.47,0.681213814234));
#1154 = B_SPLINE_CURVE_WITH_KNOTS('',1,(#1155,#1156),.UNSPECIFIED.,.F.,
  .F.,(2,2),(-2.318660153379E-02,0.),.PIECEWISE_BEZIER_KNOTS.);
#1155 = CARTESIAN_POINT('',(0.205813261318,2.47,0.681213814234));
#1156 = CARTESIAN_POINT('',(0.205813261318,2.47,0.704400415768));
#1157 = ORIENTED_EDGE('',*,*,#1158,.F.);
#1158 = EDGE_CURVE('',#1159,#1152,#1161,.T.);
#1159 = VERTEX_POINT('',#1160);
#1160 = CARTESIAN_POINT('',(0.315195794115,2.47,0.681213814234));
#1161 = B_SPLINE_CURVE_WITH_KNOTS('',1,(#1162,#1163),.UNSPECIFIED.,.F.,
  .F.,(2,2),(-0.109382532797,0.),.PIECEWISE_BEZIER_KNOTS.);
#1162 = CARTESIAN_POINT('',(0.315195794115,2.47,0.681213814234));
#1163 = CARTESIAN_POINT('',(0.205813261318,2.47,0.681213814234));
#1164 = ORIENTED_EDGE('',*,*,#1165,.F.);
#1165 = EDGE_CURVE('',#1166,#1159,#1168,.T.);
#1166 = VERTEX_POINT('',#1167);
#1167 = CARTESIAN_POINT('',(0.315195794115,2.47,0.884590462666));
#1168 = B_SPLINE_CURVE_WITH_KNOTS('',1,(#1169,#1170),.UNSPECIFIED.,.F.,
  .F.,(2,2),(-0.203376648431,1.657209629854E-30),
  .PIECEWISE_BEZIER_KNOTS.);
#1169 = CARTESIAN_POINT('',(0.315195794115,2.47,0.884590462666));
#1170 = CARTESIAN_POINT('',(0.315195794115,2.47,0.681213814234));
#1171 = ORIENTED_EDGE('',*,*,#1172,.F.);
#1172 = EDGE_CURVE('',#1173,#1166,#1175,.T.);
#1173 = VERTEX_POINT('',#1174);
#1174 = CARTESIAN_POINT('',(0.210440184046,2.47,0.884590462666));
#1175 = B_SPLINE_CURVE_WITH_KNOTS('',1,(#1176,#1177),.UNSPECIFIED.,.F.,
  .F.,(2,2),(-0.104755610069,0.),.PIECEWISE_BEZIER_KNOTS.);
#1176 = CARTESIAN_POINT('',(0.210440184046,2.47,0.884590462666));
#1177 = CARTESIAN_POINT('',(0.315195794115,2.47,0.884590462666));
#1178 = ORIENTED_EDGE('',*,*,#1179,.F.);
#1179 = EDGE_CURVE('',#1180,#1173,#1182,.T.);
#1180 = VERTEX_POINT('',#1181);
#1181 = CARTESIAN_POINT('',(0.210440184046,2.47,0.861195909549));
#1182 = B_SPLINE_CURVE_WITH_KNOTS('',1,(#1183,#1184),.UNSPECIFIED.,.F.,
  .F.,(2,2),(-2.339455311681E-02,0.),.PIECEWISE_BEZIER_KNOTS.);
#1183 = CARTESIAN_POINT('',(0.210440184046,2.47,0.861195909549));
#1184 = CARTESIAN_POINT('',(0.210440184046,2.47,0.884590462666));
#1185 = ORIENTED_EDGE('',*,*,#1186,.F.);
#1186 = EDGE_CURVE('',#1187,#1180,#1189,.T.);
#1187 = VERTEX_POINT('',#1188);
#1188 = CARTESIAN_POINT('',(0.288941906728,2.47,0.861195909549));
#1189 = B_SPLINE_CURVE_WITH_KNOTS('',1,(#1190,#1191),.UNSPECIFIED.,.F.,
  .F.,(2,2),(-7.850172268188E-02,0.),.PIECEWISE_BEZIER_KNOTS.);
#1190 = CARTESIAN_POINT('',(0.288941906728,2.47,0.861195909549));
#1191 = CARTESIAN_POINT('',(0.210440184046,2.47,0.861195909549));
#1192 = ORIENTED_EDGE('',*,*,#1193,.F.);
#1193 = EDGE_CURVE('',#1194,#1187,#1196,.T.);
#1194 = VERTEX_POINT('',#1195);
#1195 = CARTESIAN_POINT('',(0.288941906728,2.47,0.796107063987));
#1196 = B_SPLINE_CURVE_WITH_KNOTS('',1,(#1197,#1198),.UNSPECIFIED.,.F.,
  .F.,(2,2),(-6.508884556213E-02,0.),.PIECEWISE_BEZIER_KNOTS.);
#1197 = CARTESIAN_POINT('',(0.288941906728,2.47,0.796107063987));
#1198 = CARTESIAN_POINT('',(0.288941906728,2.47,0.861195909549));
#1199 = ORIENTED_EDGE('',*,*,#1200,.F.);
#1200 = EDGE_CURVE('',#1201,#1194,#1203,.T.);
#1201 = VERTEX_POINT('',#1202);
#1202 = CARTESIAN_POINT('',(0.216210840482,2.47,0.796107063987));
#1203 = B_SPLINE_CURVE_WITH_KNOTS('',1,(#1204,#1205),.UNSPECIFIED.,.F.,
  .F.,(2,2),(-7.273106624666E-02,0.),.PIECEWISE_BEZIER_KNOTS.);
#1204 = CARTESIAN_POINT('',(0.216210840482,2.47,0.796107063987));
#1205 = CARTESIAN_POINT('',(0.288941906728,2.47,0.796107063987));
#1206 = ORIENTED_EDGE('',*,*,#1207,.F.);
#1207 = EDGE_CURVE('',#1208,#1201,#1210,.T.);
#1208 = VERTEX_POINT('',#1209);
#1209 = CARTESIAN_POINT('',(0.216210840482,2.47,0.772816486661));
#1210 = B_SPLINE_CURVE_WITH_KNOTS('',1,(#1211,#1212),.UNSPECIFIED.,.F.,
  .F.,(2,2),(-2.32905773253E-02,0.),.PIECEWISE_BEZIER_KNOTS.);
#1211 = CARTESIAN_POINT('',(0.216210840482,2.47,0.772816486661));
#1212 = CARTESIAN_POINT('',(0.216210840482,2.47,0.796107063987));
#1213 = ORIENTED_EDGE('',*,*,#1214,.F.);
#1214 = EDGE_CURVE('',#1215,#1208,#1217,.T.);
#1215 = VERTEX_POINT('',#1216);
#1216 = CARTESIAN_POINT('',(0.288941906728,2.47,0.772816486661));
#1217 = B_SPLINE_CURVE_WITH_KNOTS('',1,(#1218,#1219),.UNSPECIFIED.,.F.,
  .F.,(2,2),(-7.273106624666E-02,0.),.PIECEWISE_BEZIER_KNOTS.);
#1218 = CARTESIAN_POINT('',(0.288941906728,2.47,0.772816486661));
#1219 = CARTESIAN_POINT('',(0.216210840482,2.47,0.772816486661));
#1220 = ORIENTED_EDGE('',*,*,#1221,.F.);
#1221 = EDGE_CURVE('',#1145,#1215,#1222,.T.);
#1222 = B_SPLINE_CURVE_WITH_KNOTS('',1,(#1223,#1224),.UNSPECIFIED.,.F.,
  .F.,(2,2),(-6.841607089331E-02,0.),.PIECEWISE_BEZIER_KNOTS.);
#1223 = CARTESIAN_POINT('',(0.288941906728,2.47,0.704400415768));
#1224 = CARTESIAN_POINT('',(0.288941906728,2.47,0.772816486661));
#1225 = FACE_BOUND('',#1226,.T.);
#1226 = EDGE_LOOP('',(#1227,#1238,#1245,#1252,#1259,#1268,#1277));
#1227 = ORIENTED_EDGE('',*,*,#1228,.F.);
#1228 = EDGE_CURVE('',#1229,#1231,#1233,.T.);
#1229 = VERTEX_POINT('',#1230);
#1230 = CARTESIAN_POINT('',(-0.451781632857,2.47,0.681213814234));
#1231 = VERTEX_POINT('',#1232);
#1232 = CARTESIAN_POINT('',(-0.5307512466,2.47,0.709703181141));
#1233 = B_SPLINE_CURVE_WITH_KNOTS('',3,(#1234,#1235,#1236,#1237),
  .UNSPECIFIED.,.F.,.F.,(4,4),(5.,6.),.PIECEWISE_BEZIER_KNOTS.);
#1234 = CARTESIAN_POINT('',(-0.451781632857,2.47,0.681213814234));
#1235 = CARTESIAN_POINT('',(-0.483962140367,2.47,0.681213814234));
#1236 = CARTESIAN_POINT('',(-0.510320003546,2.47,0.690675611272));
#1237 = CARTESIAN_POINT('',(-0.5307512466,2.47,0.709703181141));
#1238 = ORIENTED_EDGE('',*,*,#1239,.F.);
#1239 = EDGE_CURVE('',#1240,#1229,#1242,.T.);
#1240 = VERTEX_POINT('',#1241);
#1241 = CARTESIAN_POINT('',(-0.39584265696,2.47,0.681213814234));
#1242 = B_SPLINE_CURVE_WITH_KNOTS('',1,(#1243,#1244),.UNSPECIFIED.,.F.,
  .F.,(2,2),(-5.593897589787E-02,-5.551115123126E-17),
  .PIECEWISE_BEZIER_KNOTS.);
#1243 = CARTESIAN_POINT('',(-0.39584265696,2.47,0.681213814234));
#1244 = CARTESIAN_POINT('',(-0.451781632857,2.47,0.681213814234));
#1245 = ORIENTED_EDGE('',*,*,#1246,.F.);
#1246 = EDGE_CURVE('',#1247,#1240,#1249,.T.);
#1247 = VERTEX_POINT('',#1248);
#1248 = CARTESIAN_POINT('',(-0.39584265696,2.47,0.884590462666));
#1249 = B_SPLINE_CURVE_WITH_KNOTS('',1,(#1250,#1251),.UNSPECIFIED.,.F.,
  .F.,(2,2),(-0.203376648431,-0.),.PIECEWISE_BEZIER_KNOTS.);
#1250 = CARTESIAN_POINT('',(-0.39584265696,2.47,0.884590462666));
#1251 = CARTESIAN_POINT('',(-0.39584265696,2.47,0.681213814234));
#1252 = ORIENTED_EDGE('',*,*,#1253,.F.);
#1253 = EDGE_CURVE('',#1254,#1247,#1256,.T.);
#1254 = VERTEX_POINT('',#1255);
#1255 = CARTESIAN_POINT('',(-0.453861148689,2.47,0.884590462666));
#1256 = B_SPLINE_CURVE_WITH_KNOTS('',1,(#1257,#1258),.UNSPECIFIED.,.F.,
  .F.,(2,2),(-5.801849172952E-02,3.330669073875E-16),
  .PIECEWISE_BEZIER_KNOTS.);
#1257 = CARTESIAN_POINT('',(-0.453861148689,2.47,0.884590462666));
#1258 = CARTESIAN_POINT('',(-0.39584265696,2.47,0.884590462666));
#1259 = ORIENTED_EDGE('',*,*,#1260,.F.);
#1260 = EDGE_CURVE('',#1261,#1254,#1263,.T.);
#1261 = VERTEX_POINT('',#1262);
#1262 = CARTESIAN_POINT('',(-0.5307512466,2.47,0.857660732633));
#1263 = B_SPLINE_CURVE_WITH_KNOTS('',3,(#1264,#1265,#1266,#1267),
  .UNSPECIFIED.,.F.,.F.,(4,4),(2.,3.),.PIECEWISE_BEZIER_KNOTS.);
#1264 = CARTESIAN_POINT('',(-0.5307512466,2.47,0.857660732633));
#1265 = CARTESIAN_POINT('',(-0.510320003546,2.47,0.875648544584));
#1266 = CARTESIAN_POINT('',(-0.484689970907,2.47,0.884590462666));
#1267 = CARTESIAN_POINT('',(-0.453861148689,2.47,0.884590462666));
#1268 = ORIENTED_EDGE('',*,*,#1269,.F.);
#1269 = EDGE_CURVE('',#1270,#1261,#1272,.T.);
#1270 = VERTEX_POINT('',#1271);
#1271 = CARTESIAN_POINT('',(-0.561424105133,2.47,0.78550153324));
#1272 = B_SPLINE_CURVE_WITH_KNOTS('',3,(#1273,#1274,#1275,#1276),
  .UNSPECIFIED.,.F.,.F.,(4,4),(3.,4.),.PIECEWISE_BEZIER_KNOTS.);
#1273 = CARTESIAN_POINT('',(-0.561424105133,2.47,0.78550153324));
#1274 = CARTESIAN_POINT('',(-0.561424105133,2.47,0.815654512813));
#1275 = CARTESIAN_POINT('',(-0.551182489656,2.47,0.839672920681));
#1276 = CARTESIAN_POINT('',(-0.5307512466,2.47,0.857660732633));
#1277 = ORIENTED_EDGE('',*,*,#1278,.F.);
#1278 = EDGE_CURVE('',#1231,#1270,#1279,.T.);
#1279 = B_SPLINE_CURVE_WITH_KNOTS('',3,(#1280,#1281,#1282,#1283),
  .UNSPECIFIED.,.F.,.F.,(4,4),(4.,5.),.PIECEWISE_BEZIER_KNOTS.);
#1280 = CARTESIAN_POINT('',(-0.5307512466,2.47,0.709703181141));
#1281 = CARTESIAN_POINT('',(-0.551182489656,2.47,0.72873075101));
#1282 = CARTESIAN_POINT('',(-0.561424105133,2.47,0.753996868375));
#1283 = CARTESIAN_POINT('',(-0.561424105133,2.47,0.78550153324));
#1284 = FACE_BOUND('',#1285,.T.);
#1285 = EDGE_LOOP('',(#1286,#1297,#1306,#1315,#1324,#1331,#1340,#1349,
    #1358,#1365,#1374,#1383,#1392,#1401,#1410,#1419,#1428,#1437,#1446,
    #1455,#1462,#1469,#1476,#1485,#1494,#1503,#1512,#1521,#1530,#1539,
    #1548,#1557,#1566));
#1286 = ORIENTED_EDGE('',*,*,#1287,.F.);
#1287 = EDGE_CURVE('',#1288,#1290,#1292,.T.);
#1288 = VERTEX_POINT('',#1289);
#1289 = CARTESIAN_POINT('',(0.624910021201,2.47,1.072370944374));
#1290 = VERTEX_POINT('',#1291);
#1291 = CARTESIAN_POINT('',(0.702993350476,2.47,1.186603932227));
#1292 = B_SPLINE_CURVE_WITH_KNOTS('',3,(#1293,#1294,#1295,#1296),
  .UNSPECIFIED.,.F.,.F.,(4,4),(0.,1.),.PIECEWISE_BEZIER_KNOTS.);
#1293 = CARTESIAN_POINT('',(0.624910021201,2.47,1.072370944374));
#1294 = CARTESIAN_POINT('',(0.640815858013,2.47,1.11575055949));
#1295 = CARTESIAN_POINT('',(0.668289636318,2.47,1.154792210339));
#1296 = CARTESIAN_POINT('',(0.702993350476,2.47,1.186603932227));
#1297 = ORIENTED_EDGE('',*,*,#1298,.F.);
#1298 = EDGE_CURVE('',#1299,#1288,#1301,.T.);
#1299 = VERTEX_POINT('',#1300);
#1300 = CARTESIAN_POINT('',(0.48175732441,2.47,0.882946674673));
#1301 = B_SPLINE_CURVE_WITH_KNOTS('',3,(#1302,#1303,#1304,#1305),
  .UNSPECIFIED.,.F.,.F.,(4,4),(35.,36.),.PIECEWISE_BEZIER_KNOTS.);
#1302 = CARTESIAN_POINT('',(0.48175732441,2.47,0.882946674673));
#1303 = CARTESIAN_POINT('',(0.483203289517,2.47,0.969705849747));
#1304 = CARTESIAN_POINT('',(0.542488796606,2.47,1.046343186335));
#1305 = CARTESIAN_POINT('',(0.624910021201,2.47,1.072370944374));
#1306 = ORIENTED_EDGE('',*,*,#1307,.F.);
#1307 = EDGE_CURVE('',#1308,#1299,#1310,.T.);
#1308 = VERTEX_POINT('',#1309);
#1309 = CARTESIAN_POINT('',(0.535258860754,2.47,0.745577893468));
#1310 = B_SPLINE_CURVE_WITH_KNOTS('',3,(#1311,#1312,#1313,#1314),
  .UNSPECIFIED.,.F.,.F.,(4,4),(34.,35.),.PIECEWISE_BEZIER_KNOTS.);
#1311 = CARTESIAN_POINT('',(0.535258860754,2.47,0.745577893468));
#1312 = CARTESIAN_POINT('',(0.500555146595,2.47,0.783173537839));
#1313 = CARTESIAN_POINT('',(0.48175732441,2.47,0.832337123703));
#1314 = CARTESIAN_POINT('',(0.48175732441,2.47,0.882946674673));
#1315 = ORIENTED_EDGE('',*,*,#1316,.F.);
#1316 = EDGE_CURVE('',#1317,#1308,#1319,.T.);
#1317 = VERTEX_POINT('',#1318);
#1318 = CARTESIAN_POINT('',(0.666843671211,2.47,0.680508470792));
#1319 = B_SPLINE_CURVE_WITH_KNOTS('',3,(#1320,#1321,#1322,#1323),
  .UNSPECIFIED.,.F.,.F.,(4,4),(33.,34.),.PIECEWISE_BEZIER_KNOTS.);
#1320 = CARTESIAN_POINT('',(0.666843671211,2.47,0.680508470792));
#1321 = CARTESIAN_POINT('',(0.616234120242,2.47,0.684846421272));
#1322 = CARTESIAN_POINT('',(0.569962519751,2.47,0.707982249097));
#1323 = CARTESIAN_POINT('',(0.535258860754,2.47,0.745577893468));
#1324 = ORIENTED_EDGE('',*,*,#1325,.F.);
#1325 = EDGE_CURVE('',#1326,#1317,#1328,.T.);
#1326 = VERTEX_POINT('',#1327);
#1327 = CARTESIAN_POINT('',(0.752156881179,2.47,0.680508470792));
#1328 = B_SPLINE_CURVE_WITH_KNOTS('',1,(#1329,#1330),.UNSPECIFIED.,.F.,
  .F.,(2,2),(-8.097525948804E-02,4.337950480129E-03),
  .PIECEWISE_BEZIER_KNOTS.);
#1329 = CARTESIAN_POINT('',(0.752156881179,2.47,0.680508470792));
#1330 = CARTESIAN_POINT('',(0.666843671211,2.47,0.680508470792));
#1331 = ORIENTED_EDGE('',*,*,#1332,.F.);
#1332 = EDGE_CURVE('',#1333,#1326,#1335,.T.);
#1333 = VERTEX_POINT('',#1334);
#1334 = CARTESIAN_POINT('',(0.794090531189,2.47,0.725334051017));
#1335 = B_SPLINE_CURVE_WITH_KNOTS('',3,(#1336,#1337,#1338,#1339),
  .UNSPECIFIED.,.F.,.F.,(4,4),(28.,29.),.PIECEWISE_BEZIER_KNOTS.);
#1336 = CARTESIAN_POINT('',(0.794090531189,2.47,0.725334051017));
#1337 = CARTESIAN_POINT('',(0.794090531189,2.47,0.702198278351));
#1338 = CARTESIAN_POINT('',(0.775292709005,2.47,0.681954435898));
#1339 = CARTESIAN_POINT('',(0.752156881179,2.47,0.680508470792));
#1340 = ORIENTED_EDGE('',*,*,#1341,.F.);
#1341 = EDGE_CURVE('',#1342,#1333,#1344,.T.);
#1342 = VERTEX_POINT('',#1343);
#1343 = CARTESIAN_POINT('',(0.749264950966,2.47,0.77015963124));
#1344 = B_SPLINE_CURVE_WITH_KNOTS('',3,(#1345,#1346,#1347,#1348),
  .UNSPECIFIED.,.F.,.F.,(4,4),(27.,28.),.PIECEWISE_BEZIER_KNOTS.);
#1345 = CARTESIAN_POINT('',(0.749264950966,2.47,0.77015963124));
#1346 = CARTESIAN_POINT('',(0.773846743898,2.47,0.77015963124));
#1347 = CARTESIAN_POINT('',(0.794090531189,2.47,0.749915788788));
#1348 = CARTESIAN_POINT('',(0.794090531189,2.47,0.725334051017));
#1349 = ORIENTED_EDGE('',*,*,#1350,.F.);
#1350 = EDGE_CURVE('',#1351,#1342,#1353,.T.);
#1351 = VERTEX_POINT('',#1352);
#1352 = CARTESIAN_POINT('',(0.740589050006,2.47,0.768713666134));
#1353 = B_SPLINE_CURVE_WITH_KNOTS('',3,(#1354,#1355,#1356,#1357),
  .UNSPECIFIED.,.F.,.F.,(4,4),(26.,27.),.PIECEWISE_BEZIER_KNOTS.);
#1354 = CARTESIAN_POINT('',(0.740589050006,2.47,0.768713666134));
#1355 = CARTESIAN_POINT('',(0.74348103538,2.47,0.768713666134));
#1356 = CARTESIAN_POINT('',(0.746373020753,2.47,0.77015963124));
#1357 = CARTESIAN_POINT('',(0.749264950966,2.47,0.77015963124));
#1358 = ORIENTED_EDGE('',*,*,#1359,.F.);
#1359 = EDGE_CURVE('',#1360,#1351,#1362,.T.);
#1360 = VERTEX_POINT('',#1361);
#1361 = CARTESIAN_POINT('',(0.675519627331,2.47,0.768713666134));
#1362 = B_SPLINE_CURVE_WITH_KNOTS('',1,(#1363,#1364),.UNSPECIFIED.,.F.,
  .F.,(2,2),(1.110223024625E-16,6.506942267584E-02),
  .PIECEWISE_BEZIER_KNOTS.);
#1363 = CARTESIAN_POINT('',(0.675519627331,2.47,0.768713666134));
#1364 = CARTESIAN_POINT('',(0.740589050006,2.47,0.768713666134));
#1365 = ORIENTED_EDGE('',*,*,#1366,.F.);
#1366 = EDGE_CURVE('',#1367,#1360,#1369,.T.);
#1367 = VERTEX_POINT('',#1368);
#1368 = CARTESIAN_POINT('',(0.571408540018,2.47,0.881500654406));
#1369 = B_SPLINE_CURVE_WITH_KNOTS('',3,(#1370,#1371,#1372,#1373),
  .UNSPECIFIED.,.F.,.F.,(4,4),(24.,25.),.PIECEWISE_BEZIER_KNOTS.);
#1370 = CARTESIAN_POINT('',(0.571408540018,2.47,0.881500654406));
#1371 = CARTESIAN_POINT('',(0.571408540018,2.47,0.822215174896));
#1372 = CARTESIAN_POINT('',(0.616234120242,2.47,0.773051616614));
#1373 = CARTESIAN_POINT('',(0.675519627331,2.47,0.768713666134));
#1374 = ORIENTED_EDGE('',*,*,#1375,.F.);
#1375 = EDGE_CURVE('',#1376,#1367,#1378,.T.);
#1376 = VERTEX_POINT('',#1377);
#1377 = CARTESIAN_POINT('',(0.68419552829,2.47,0.994287642679));
#1378 = B_SPLINE_CURVE_WITH_KNOTS('',3,(#1379,#1380,#1381,#1382),
  .UNSPECIFIED.,.F.,.F.,(4,4),(23.,24.),.PIECEWISE_BEZIER_KNOTS.);
#1379 = CARTESIAN_POINT('',(0.68419552829,2.47,0.994287642679));
#1380 = CARTESIAN_POINT('',(0.622018090988,2.47,0.994287642679));
#1381 = CARTESIAN_POINT('',(0.571408540018,2.47,0.943678091709));
#1382 = CARTESIAN_POINT('',(0.571408540018,2.47,0.881500654406));
#1383 = ORIENTED_EDGE('',*,*,#1384,.F.);
#1384 = EDGE_CURVE('',#1385,#1376,#1387,.T.);
#1385 = VERTEX_POINT('',#1386);
#1386 = CARTESIAN_POINT('',(0.695763414623,2.47,0.994287642679));
#1387 = B_SPLINE_CURVE_WITH_KNOTS('',3,(#1388,#1389,#1390,#1391),
  .UNSPECIFIED.,.F.,.F.,(4,4),(22.,23.),.PIECEWISE_BEZIER_KNOTS.);
#1388 = CARTESIAN_POINT('',(0.695763414623,2.47,0.994287642679));
#1389 = CARTESIAN_POINT('',(0.691425464143,2.47,0.994287642679));
#1390 = CARTESIAN_POINT('',(0.68853347877,2.47,0.994287642679));
#1391 = CARTESIAN_POINT('',(0.68419552829,2.47,0.994287642679));
#1392 = ORIENTED_EDGE('',*,*,#1393,.F.);
#1393 = EDGE_CURVE('',#1394,#1385,#1396,.T.);
#1394 = VERTEX_POINT('',#1395);
#1395 = CARTESIAN_POINT('',(0.898201618503,2.47,1.175036039));
#1396 = B_SPLINE_CURVE_WITH_KNOTS('',3,(#1397,#1398,#1399,#1400),
  .UNSPECIFIED.,.F.,.F.,(4,4),(21.,22.),.PIECEWISE_BEZIER_KNOTS.);
#1397 = CARTESIAN_POINT('',(0.898201618503,2.47,1.175036039));
#1398 = CARTESIAN_POINT('',(0.794090531189,2.47,1.175036039));
#1399 = CARTESIAN_POINT('',(0.707331300956,2.47,1.095506744619));
#1400 = CARTESIAN_POINT('',(0.695763414623,2.47,0.994287642679));
#1401 = ORIENTED_EDGE('',*,*,#1402,.F.);
#1402 = EDGE_CURVE('',#1403,#1394,#1405,.T.);
#1403 = VERTEX_POINT('',#1404);
#1404 = CARTESIAN_POINT('',(1.091963866264,2.47,1.036221347848));
#1405 = B_SPLINE_CURVE_WITH_KNOTS('',3,(#1406,#1407,#1408,#1409),
  .UNSPECIFIED.,.F.,.F.,(4,4),(20.,21.),.PIECEWISE_BEZIER_KNOTS.);
#1406 = CARTESIAN_POINT('',(1.091963866264,2.47,1.036221347848));
#1407 = CARTESIAN_POINT('',(1.064490143119,2.47,1.117196552178));
#1408 = CARTESIAN_POINT('',(0.989298799218,2.47,1.175036039));
#1409 = CARTESIAN_POINT('',(0.898201618503,2.47,1.175036039));
#1410 = ORIENTED_EDGE('',*,*,#1411,.F.);
#1411 = EDGE_CURVE('',#1412,#1403,#1414,.T.);
#1412 = VERTEX_POINT('',#1413);
#1413 = CARTESIAN_POINT('',(1.168601175273,2.47,1.057911155408));
#1414 = B_SPLINE_CURVE_WITH_KNOTS('',3,(#1415,#1416,#1417,#1418),
  .UNSPECIFIED.,.F.,.F.,(4,4),(19.,20.),.PIECEWISE_BEZIER_KNOTS.);
#1415 = CARTESIAN_POINT('',(1.168601175273,2.47,1.057911155408));
#1416 = CARTESIAN_POINT('',(1.141127424547,2.47,1.057911155408));
#1417 = CARTESIAN_POINT('',(1.113653673822,2.47,1.049235226869));
#1418 = CARTESIAN_POINT('',(1.091963866264,2.47,1.036221347848));
#1419 = ORIENTED_EDGE('',*,*,#1420,.F.);
#1420 = EDGE_CURVE('',#1421,#1412,#1423,.T.);
#1421 = VERTEX_POINT('',#1422);
#1422 = CARTESIAN_POINT('',(1.31319989233,2.47,0.913312438351));
#1423 = B_SPLINE_CURVE_WITH_KNOTS('',3,(#1424,#1425,#1426,#1427),
  .UNSPECIFIED.,.F.,.F.,(4,4),(18.,19.),.PIECEWISE_BEZIER_KNOTS.);
#1424 = CARTESIAN_POINT('',(1.31319989233,2.47,0.913312438351));
#1425 = CARTESIAN_POINT('',(1.31319989233,2.47,0.992841732733));
#1426 = CARTESIAN_POINT('',(1.248130469654,2.47,1.057911155408));
#1427 = CARTESIAN_POINT('',(1.168601175273,2.47,1.057911155408));
#1428 = ORIENTED_EDGE('',*,*,#1429,.F.);
#1429 = EDGE_CURVE('',#1430,#1421,#1432,.T.);
#1430 = VERTEX_POINT('',#1431);
#1431 = CARTESIAN_POINT('',(1.226440662095,2.47,0.780281607627));
#1432 = B_SPLINE_CURVE_WITH_KNOTS('',3,(#1433,#1434,#1435,#1436),
  .UNSPECIFIED.,.F.,.F.,(4,4),(17.,18.),.PIECEWISE_BEZIER_KNOTS.);
#1433 = CARTESIAN_POINT('',(1.226440662095,2.47,0.780281607627));
#1434 = CARTESIAN_POINT('',(1.277050213065,2.47,0.803417407871));
#1435 = CARTESIAN_POINT('',(1.31319989233,2.47,0.854026958841));
#1436 = CARTESIAN_POINT('',(1.31319989233,2.47,0.913312438351));
#1437 = ORIENTED_EDGE('',*,*,#1438,.F.);
#1438 = EDGE_CURVE('',#1439,#1430,#1441,.T.);
#1439 = VERTEX_POINT('',#1440);
#1440 = CARTESIAN_POINT('',(1.090517873577,2.47,0.8757167664));
#1441 = B_SPLINE_CURVE_WITH_KNOTS('',3,(#1442,#1443,#1444,#1445),
  .UNSPECIFIED.,.F.,.F.,(4,4),(16.,17.),.PIECEWISE_BEZIER_KNOTS.);
#1442 = CARTESIAN_POINT('',(1.090517873577,2.47,0.8757167664));
#1443 = CARTESIAN_POINT('',(1.15269533846,2.47,0.8757167664));
#1444 = CARTESIAN_POINT('',(1.206196847223,2.47,0.835229136657));
#1445 = CARTESIAN_POINT('',(1.226440662095,2.47,0.780281607627));
#1446 = ORIENTED_EDGE('',*,*,#1447,.F.);
#1447 = EDGE_CURVE('',#1448,#1439,#1450,.T.);
#1448 = VERTEX_POINT('',#1449);
#1449 = CARTESIAN_POINT('',(0.982068835784,2.47,0.826553208116));
#1450 = B_SPLINE_CURVE_WITH_KNOTS('',3,(#1451,#1452,#1453,#1454),
  .UNSPECIFIED.,.F.,.F.,(4,4),(15.,16.),.PIECEWISE_BEZIER_KNOTS.);
#1451 = CARTESIAN_POINT('',(0.982068835784,2.47,0.826553208116));
#1452 = CARTESIAN_POINT('',(1.008096593823,2.47,0.856918944215));
#1453 = CARTESIAN_POINT('',(1.04713825846,2.47,0.8757167664));
#1454 = CARTESIAN_POINT('',(1.090517873577,2.47,0.8757167664));
#1455 = ORIENTED_EDGE('',*,*,#1456,.F.);
#1456 = EDGE_CURVE('',#1457,#1448,#1459,.T.);
#1457 = VERTEX_POINT('',#1458);
#1458 = CARTESIAN_POINT('',(0.788306560444,2.47,0.927772310056));
#1459 = B_SPLINE_CURVE_WITH_KNOTS('',1,(#1460,#1461),.UNSPECIFIED.,.F.,
  .F.,(2,2),(0.,0.218607241286),.PIECEWISE_BEZIER_KNOTS.);
#1460 = CARTESIAN_POINT('',(0.788306560444,2.47,0.927772310056));
#1461 = CARTESIAN_POINT('',(0.982068835784,2.47,0.826553208116));
#1462 = ORIENTED_EDGE('',*,*,#1463,.F.);
#1463 = EDGE_CURVE('',#1464,#1457,#1466,.T.);
#1464 = VERTEX_POINT('',#1465);
#1465 = CARTESIAN_POINT('',(0.74348098022,2.47,0.851134973468));
#1466 = B_SPLINE_CURVE_WITH_KNOTS('',1,(#1467,#1468),.UNSPECIFIED.,.F.,
  .F.,(2,2),(0.,8.878408642163E-02),.PIECEWISE_BEZIER_KNOTS.);
#1467 = CARTESIAN_POINT('',(0.74348098022,2.47,0.851134973468));
#1468 = CARTESIAN_POINT('',(0.788306560444,2.47,0.927772310056));
#1469 = ORIENTED_EDGE('',*,*,#1470,.F.);
#1470 = EDGE_CURVE('',#1471,#1464,#1473,.T.);
#1471 = VERTEX_POINT('',#1472);
#1472 = CARTESIAN_POINT('',(0.9459191841,2.47,0.744131928362));
#1473 = B_SPLINE_CURVE_WITH_KNOTS('',1,(#1474,#1475),.UNSPECIFIED.,.F.,
  .F.,(2,2),(-1.500357901255E-16,0.228977898611),
  .PIECEWISE_BEZIER_KNOTS.);
#1474 = CARTESIAN_POINT('',(0.9459191841,2.47,0.744131928362));
#1475 = CARTESIAN_POINT('',(0.74348098022,2.47,0.851134973468));
#1476 = ORIENTED_EDGE('',*,*,#1477,.F.);
#1477 = EDGE_CURVE('',#1478,#1471,#1480,.T.);
#1478 = VERTEX_POINT('',#1479);
#1479 = CARTESIAN_POINT('',(0.9459191841,2.47,0.729672056655));
#1480 = B_SPLINE_CURVE_WITH_KNOTS('',3,(#1481,#1482,#1483,#1484),
  .UNSPECIFIED.,.F.,.F.,(4,4),(11.,12.),.PIECEWISE_BEZIER_KNOTS.);
#1481 = CARTESIAN_POINT('',(0.9459191841,2.47,0.729672056655));
#1482 = CARTESIAN_POINT('',(0.9459191841,2.47,0.734010007135));
#1483 = CARTESIAN_POINT('',(0.9459191841,2.47,0.738347957616));
#1484 = CARTESIAN_POINT('',(0.9459191841,2.47,0.744131928362));
#1485 = ORIENTED_EDGE('',*,*,#1486,.F.);
#1486 = EDGE_CURVE('',#1487,#1478,#1489,.T.);
#1487 = VERTEX_POINT('',#1488);
#1488 = CARTESIAN_POINT('',(1.090517901157,2.47,0.585073339598));
#1489 = B_SPLINE_CURVE_WITH_KNOTS('',3,(#1490,#1491,#1492,#1493),
  .UNSPECIFIED.,.F.,.F.,(4,4),(10.,11.),.PIECEWISE_BEZIER_KNOTS.);
#1490 = CARTESIAN_POINT('',(1.090517901157,2.47,0.585073339598));
#1491 = CARTESIAN_POINT('',(1.010988606776,2.47,0.585073339598));
#1492 = CARTESIAN_POINT('',(0.9459191841,2.47,0.650142762274));
#1493 = CARTESIAN_POINT('',(0.9459191841,2.47,0.729672056655));
#1494 = ORIENTED_EDGE('',*,*,#1495,.F.);
#1495 = EDGE_CURVE('',#1496,#1487,#1498,.T.);
#1496 = VERTEX_POINT('',#1497);
#1497 = CARTESIAN_POINT('',(1.227886696152,2.47,0.683400456166));
#1498 = B_SPLINE_CURVE_WITH_KNOTS('',3,(#1499,#1500,#1501,#1502),
  .UNSPECIFIED.,.F.,.F.,(4,4),(9.,10.),.PIECEWISE_BEZIER_KNOTS.);
#1499 = CARTESIAN_POINT('',(1.227886696152,2.47,0.683400456166));
#1500 = CARTESIAN_POINT('',(1.209088860177,2.47,0.625560969342));
#1501 = CARTESIAN_POINT('',(1.154141358727,2.47,0.585073339598));
#1502 = CARTESIAN_POINT('',(1.090517901157,2.47,0.585073339598));
#1503 = ORIENTED_EDGE('',*,*,#1504,.F.);
#1504 = EDGE_CURVE('',#1505,#1496,#1507,.T.);
#1505 = VERTEX_POINT('',#1506);
#1506 = CARTESIAN_POINT('',(1.343565669797,2.47,0.752807829321));
#1507 = B_SPLINE_CURVE_WITH_KNOTS('',3,(#1508,#1509,#1510,#1511),
  .UNSPECIFIED.,.F.,.F.,(4,4),(8.,9.),.PIECEWISE_BEZIER_KNOTS.);
#1508 = CARTESIAN_POINT('',(1.343565669797,2.47,0.752807829321));
#1509 = CARTESIAN_POINT('',(1.311753954804,2.47,0.718104115163));
#1510 = CARTESIAN_POINT('',(1.272712290166,2.47,0.694968342498));
#1511 = CARTESIAN_POINT('',(1.227886696152,2.47,0.683400456166));
#1512 = ORIENTED_EDGE('',*,*,#1513,.F.);
#1513 = EDGE_CURVE('',#1514,#1505,#1516,.T.);
#1514 = VERTEX_POINT('',#1515);
#1515 = CARTESIAN_POINT('',(1.404297128204,2.47,0.910420397818));
#1516 = B_SPLINE_CURVE_WITH_KNOTS('',3,(#1517,#1518,#1519,#1520),
  .UNSPECIFIED.,.F.,.F.,(4,4),(7.,8.),.PIECEWISE_BEZIER_KNOTS.);
#1517 = CARTESIAN_POINT('',(1.404297128204,2.47,0.910420397818));
#1518 = CARTESIAN_POINT('',(1.404297128204,2.47,0.852580910994));
#1519 = CARTESIAN_POINT('',(1.382607320646,2.47,0.796187389278));
#1520 = CARTESIAN_POINT('',(1.343565669797,2.47,0.752807829321));
#1521 = ORIENTED_EDGE('',*,*,#1522,.F.);
#1522 = EDGE_CURVE('',#1523,#1514,#1525,.T.);
#1523 = VERTEX_POINT('',#1524);
#1524 = CARTESIAN_POINT('',(1.336335692575,2.47,1.075262915957));
#1525 = B_SPLINE_CURVE_WITH_KNOTS('',3,(#1526,#1527,#1528,#1529),
  .UNSPECIFIED.,.F.,.F.,(4,4),(6.,7.),.PIECEWISE_BEZIER_KNOTS.);
#1526 = CARTESIAN_POINT('',(1.336335692575,2.47,1.075262915957));
#1527 = CARTESIAN_POINT('',(1.379715345615,2.47,1.03188331463));
#1528 = CARTESIAN_POINT('',(1.404297128204,2.47,0.972597835119));
#1529 = CARTESIAN_POINT('',(1.404297128204,2.47,0.910420397818));
#1530 = ORIENTED_EDGE('',*,*,#1531,.F.);
#1531 = EDGE_CURVE('',#1532,#1523,#1534,.T.);
#1532 = VERTEX_POINT('',#1533);
#1533 = CARTESIAN_POINT('',(1.170047167959,2.47,1.144670302902));
#1534 = B_SPLINE_CURVE_WITH_KNOTS('',3,(#1535,#1536,#1537,#1538),
  .UNSPECIFIED.,.F.,.F.,(4,4),(5.,6.),.PIECEWISE_BEZIER_KNOTS.);
#1535 = CARTESIAN_POINT('',(1.170047167959,2.47,1.144670302902));
#1536 = CARTESIAN_POINT('',(1.232224619052,2.47,1.144670302902));
#1537 = CARTESIAN_POINT('',(1.291510084771,2.47,1.120088523762));
#1538 = CARTESIAN_POINT('',(1.336335692575,2.47,1.075262915957));
#1539 = ORIENTED_EDGE('',*,*,#1540,.F.);
#1540 = EDGE_CURVE('',#1541,#1532,#1543,.T.);
#1541 = VERTEX_POINT('',#1542);
#1542 = CARTESIAN_POINT('',(1.136789474068,2.47,1.14177833132));
#1543 = B_SPLINE_CURVE_WITH_KNOTS('',3,(#1544,#1545,#1546,#1547),
  .UNSPECIFIED.,.F.,.F.,(4,4),(4.,5.),.PIECEWISE_BEZIER_KNOTS.);
#1544 = CARTESIAN_POINT('',(1.136789474068,2.47,1.14177833132));
#1545 = CARTESIAN_POINT('',(1.148357360401,2.47,1.143224324006));
#1546 = CARTESIAN_POINT('',(1.158479281626,2.47,1.144670302902));
#1547 = CARTESIAN_POINT('',(1.170047167959,2.47,1.144670302902));
#1548 = ORIENTED_EDGE('',*,*,#1549,.F.);
#1549 = EDGE_CURVE('',#1550,#1541,#1552,.T.);
#1550 = VERTEX_POINT('',#1551);
#1551 = CARTESIAN_POINT('',(1.073166044079,2.47,1.205401768203));
#1552 = B_SPLINE_CURVE_WITH_KNOTS('',3,(#1553,#1554,#1555,#1556),
  .UNSPECIFIED.,.F.,.F.,(4,4),(3.,4.),.PIECEWISE_BEZIER_KNOTS.);
#1553 = CARTESIAN_POINT('',(1.073166044079,2.47,1.205401768203));
#1554 = CARTESIAN_POINT('',(1.097747837011,2.47,1.188049918019));
#1555 = CARTESIAN_POINT('',(1.117991651882,2.47,1.166360110461));
#1556 = CARTESIAN_POINT('',(1.136789474068,2.47,1.14177833132));
#1557 = ORIENTED_EDGE('',*,*,#1558,.F.);
#1558 = EDGE_CURVE('',#1559,#1550,#1561,.T.);
#1559 = VERTEX_POINT('',#1560);
#1560 = CARTESIAN_POINT('',(0.89964758361,2.47,1.261795269235));
#1561 = B_SPLINE_CURVE_WITH_KNOTS('',3,(#1562,#1563,#1564,#1565),
  .UNSPECIFIED.,.F.,.F.,(4,4),(2.,3.),.PIECEWISE_BEZIER_KNOTS.);
#1562 = CARTESIAN_POINT('',(0.89964758361,2.47,1.261795269235));
#1563 = CARTESIAN_POINT('',(0.963271013599,2.47,1.261795269235));
#1564 = CARTESIAN_POINT('',(1.022556493108,2.47,1.241551449192));
#1565 = CARTESIAN_POINT('',(1.073166044079,2.47,1.205401768203));
#1566 = ORIENTED_EDGE('',*,*,#1567,.F.);
#1567 = EDGE_CURVE('',#1290,#1559,#1568,.T.);
#1568 = B_SPLINE_CURVE_WITH_KNOTS('',3,(#1569,#1570,#1571,#1572),
  .UNSPECIFIED.,.F.,.F.,(4,4),(1.,2.),.PIECEWISE_BEZIER_KNOTS.);
#1569 = CARTESIAN_POINT('',(0.702993350476,2.47,1.186603932227));
#1570 = CARTESIAN_POINT('',(0.757940851926,2.47,1.234321513339));
#1571 = CARTESIAN_POINT('',(0.827348225082,2.47,1.261795269235));
#1572 = CARTESIAN_POINT('',(0.89964758361,2.47,1.261795269235));
#1573 = B_SPLINE_SURFACE_WITH_KNOTS('',1,1,(
    (#1574,#1575)
    ,(#1576,#1577
    )),.UNSPECIFIED.,.F.,.F.,.F.,(2,2),(2,2),(0.1,2.84),(0.316643883087,
    4.883356116913),.PIECEWISE_BEZIER_KNOTS.);
#1574 = CARTESIAN_POINT('',(-2.283356116913,2.47,0.1300001));
#1575 = CARTESIAN_POINT('',(2.283356116913,2.47,0.1300001));
#1576 = CARTESIAN_POINT('',(-2.283356116913,2.47,2.8700001));
#1577 = CARTESIAN_POINT('',(2.283356116913,2.47,2.8700001));
#1578 = ADVANCED_FACE('',(#1579),#1594,.T.);
#1579 = FACE_BOUND('',#1580,.T.);
#1580 = EDGE_LOOP('',(#1581,#1588,#1589));
#1581 = ORIENTED_EDGE('',*,*,#1582,.T.);
#1582 = EDGE_CURVE('',#1583,#139,#1585,.T.);
#1583 = VERTEX_POINT('',#1584);
#1584 = CARTESIAN_POINT('',(2.296023027514,-2.471414284285,3.00001E-02)
  );
#1585 = B_SPLINE_CURVE_WITH_KNOTS('',1,(#1586,#1587),.UNSPECIFIED.,.F.,
  .F.,(2,2),(-1.414284285429E-03,2.013855482523E-02),
  .PIECEWISE_BEZIER_KNOTS.);
#1586 = CARTESIAN_POINT('',(2.296023027514,-2.471414284285,3.00001E-02)
  );
#1587 = CARTESIAN_POINT('',(2.296023027514,-2.449861445175,3.00001E-02)
  );
#1588 = ORIENTED_EDGE('',*,*,#138,.T.);
#1589 = ORIENTED_EDGE('',*,*,#1590,.T.);
#1590 = EDGE_CURVE('',#124,#1583,#1591,.T.);
#1591 = B_SPLINE_CURVE_WITH_KNOTS('',1,(#1592,#1593),.UNSPECIFIED.,.F.,
  .F.,(2,2),(-0.,1.699628750011E-03),.PIECEWISE_BEZIER_KNOTS.);
#1592 = CARTESIAN_POINT('',(2.297722656264,-2.471414284285,3.00001E-02)
  );
#1593 = CARTESIAN_POINT('',(2.296023027514,-2.471414284285,3.00001E-02)
  );
#1594 = B_SPLINE_SURFACE_WITH_KNOTS('',1,1,(
    (#1595,#1596)
    ,(#1597,#1598
    )),.UNSPECIFIED.,.F.,.F.,.F.,(2,2),(2,2),(-4.941414284285,
    -4.919861445175),(4.896023027514,4.897722656264),
  .PIECEWISE_BEZIER_KNOTS.);
#1595 = CARTESIAN_POINT('',(2.296023027514,-2.471414284285,3.00001E-02)
  );
#1596 = CARTESIAN_POINT('',(2.297722656264,-2.471414284285,3.00001E-02)
  );
#1597 = CARTESIAN_POINT('',(2.296023027514,-2.449861445175,3.00001E-02)
  );
#1598 = CARTESIAN_POINT('',(2.297722656264,-2.449861445175,3.00001E-02)
  );
#1599 = ADVANCED_FACE('',(#1600,#1644,#1820,#1906,#1977,#2035),#2066,.T.
  );
#1600 = FACE_BOUND('',#1601,.T.);
#1601 = EDGE_LOOP('',(#1602,#1611,#1618,#1625,#1632,#1639));
#1602 = ORIENTED_EDGE('',*,*,#1603,.T.);
#1603 = EDGE_CURVE('',#1604,#1606,#1608,.T.);
#1604 = VERTEX_POINT('',#1605);
#1605 = CARTESIAN_POINT('',(0.271906788101,-3.900043160585E-02,
    3.00001E-02));
#1606 = VERTEX_POINT('',#1607);
#1607 = CARTESIAN_POINT('',(0.215199471027,-3.900043160585E-02,
    3.00001E-02));
#1608 = B_SPLINE_CURVE_WITH_KNOTS('',1,(#1609,#1610),.UNSPECIFIED.,.F.,
  .F.,(2,2),(0.,5.670731707317E-02),.PIECEWISE_BEZIER_KNOTS.);
#1609 = CARTESIAN_POINT('',(0.271906788101,-3.900043160585E-02,
    3.00001E-02));
#1610 = CARTESIAN_POINT('',(0.215199471027,-3.900043160585E-02,
    3.00001E-02));
#1611 = ORIENTED_EDGE('',*,*,#1612,.T.);
#1612 = EDGE_CURVE('',#1606,#1613,#1615,.T.);
#1613 = VERTEX_POINT('',#1614);
#1614 = CARTESIAN_POINT('',(0.215199471027,-5.546384624E-02,3.00001E-02)
  );
#1615 = B_SPLINE_CURVE_WITH_KNOTS('',1,(#1616,#1617),.UNSPECIFIED.,.F.,
  .F.,(2,2),(2.081668171172E-17,1.646341463415E-02),
  .PIECEWISE_BEZIER_KNOTS.);
#1616 = CARTESIAN_POINT('',(0.215199471027,-3.900043160585E-02,
    3.00001E-02));
#1617 = CARTESIAN_POINT('',(0.215199471027,-5.546384624E-02,3.00001E-02)
  );
#1618 = ORIENTED_EDGE('',*,*,#1619,.T.);
#1619 = EDGE_CURVE('',#1613,#1620,#1622,.T.);
#1620 = VERTEX_POINT('',#1621);
#1621 = CARTESIAN_POINT('',(0.29202873932,-5.546384624E-02,3.00001E-02)
  );
#1622 = B_SPLINE_CURVE_WITH_KNOTS('',1,(#1623,#1624),.UNSPECIFIED.,.F.,
  .F.,(2,2),(0.,7.682926829268E-02),.PIECEWISE_BEZIER_KNOTS.);
#1623 = CARTESIAN_POINT('',(0.215199471027,-5.546384624E-02,3.00001E-02)
  );
#1624 = CARTESIAN_POINT('',(0.29202873932,-5.546384624E-02,3.00001E-02)
  );
#1625 = ORIENTED_EDGE('',*,*,#1626,.T.);
#1626 = EDGE_CURVE('',#1620,#1627,#1629,.T.);
#1627 = VERTEX_POINT('',#1628);
#1628 = CARTESIAN_POINT('',(0.29202873932,9.453615376E-02,3.00001E-02));
#1629 = B_SPLINE_CURVE_WITH_KNOTS('',1,(#1630,#1631),.UNSPECIFIED.,.F.,
  .F.,(2,2),(0.,0.15),.PIECEWISE_BEZIER_KNOTS.);
#1630 = CARTESIAN_POINT('',(0.29202873932,-5.546384624E-02,3.00001E-02)
  );
#1631 = CARTESIAN_POINT('',(0.29202873932,9.453615376E-02,3.00001E-02));
#1632 = ORIENTED_EDGE('',*,*,#1633,.T.);
#1633 = EDGE_CURVE('',#1627,#1634,#1636,.T.);
#1634 = VERTEX_POINT('',#1635);
#1635 = CARTESIAN_POINT('',(0.271906788101,9.453615376E-02,3.00001E-02)
  );
#1636 = B_SPLINE_CURVE_WITH_KNOTS('',1,(#1637,#1638),.UNSPECIFIED.,.F.,
  .F.,(2,2),(0.,2.012195121951E-02),.PIECEWISE_BEZIER_KNOTS.);
#1637 = CARTESIAN_POINT('',(0.29202873932,9.453615376E-02,3.00001E-02));
#1638 = CARTESIAN_POINT('',(0.271906788101,9.453615376E-02,3.00001E-02)
  );
#1639 = ORIENTED_EDGE('',*,*,#1640,.T.);
#1640 = EDGE_CURVE('',#1634,#1604,#1641,.T.);
#1641 = B_SPLINE_CURVE_WITH_KNOTS('',1,(#1642,#1643),.UNSPECIFIED.,.F.,
  .F.,(2,2),(0.,0.133536585366),.PIECEWISE_BEZIER_KNOTS.);
#1642 = CARTESIAN_POINT('',(0.271906788101,9.453615376E-02,3.00001E-02)
  );
#1643 = CARTESIAN_POINT('',(0.271906788101,-3.900043160585E-02,
    3.00001E-02));
#1644 = FACE_BOUND('',#1645,.T.);
#1645 = EDGE_LOOP('',(#1646,#1664,#1671,#1687,#1711,#1735,#1751,#1758,
    #1774,#1798));
#1646 = ORIENTED_EDGE('',*,*,#1647,.T.);
#1647 = EDGE_CURVE('',#1648,#1650,#1652,.T.);
#1648 = VERTEX_POINT('',#1649);
#1649 = CARTESIAN_POINT('',(0.129309608223,-4.082969989853E-02,
    3.00001E-02));
#1650 = VERTEX_POINT('',#1651);
#1651 = CARTESIAN_POINT('',(9.080922712504E-02,-3.122604136195E-02,
    3.00001E-02));
#1652 = B_SPLINE_CURVE_WITH_KNOTS('',3,(#1653,#1654,#1655,#1656,#1657,
    #1658,#1659,#1660,#1661,#1662,#1663),.UNSPECIFIED.,.F.,.F.,(4,1,1,1,
    1,1,1,1,4),(0.,0.135294604763,0.266765657925,0.394816018836,
    0.520051654434,0.642175702971,0.762651820558,0.881834004381,1.),
  .UNSPECIFIED.);
#1653 = CARTESIAN_POINT('',(0.129309608223,-4.082969989853E-02,
    3.00001E-02));
#1654 = CARTESIAN_POINT('',(0.127498295138,-4.080591881642E-02,
    3.00001E-02));
#1655 = CARTESIAN_POINT('',(0.123926858364,-4.075902872773E-02,
    3.00001E-02));
#1656 = CARTESIAN_POINT('',(0.118660076087,-4.02778324854E-02,
    3.00001E-02));
#1657 = CARTESIAN_POINT('',(0.11355854177,-3.955359958815E-02,
    3.00001E-02));
#1658 = CARTESIAN_POINT('',(0.108644429142,-3.848759237986E-02,
    3.00001E-02));
#1659 = CARTESIAN_POINT('',(0.103900890046,-3.715319195236E-02,
    3.00001E-02));
#1660 = CARTESIAN_POINT('',(9.935481709783E-02,-3.547708278625E-02,
    3.00001E-02));
#1661 = CARTESIAN_POINT('',(9.49576333296E-02,-3.356261952827E-02,
    3.00001E-02));
#1662 = CARTESIAN_POINT('',(9.218807664436E-02,-3.200267448865E-02,
    3.00001E-02));
#1663 = CARTESIAN_POINT('',(9.080922712504E-02,-3.122604136195E-02,
    3.00001E-02));
#1664 = ORIENTED_EDGE('',*,*,#1665,.T.);
#1665 = EDGE_CURVE('',#1650,#1666,#1668,.T.);
#1666 = VERTEX_POINT('',#1667);
#1667 = CARTESIAN_POINT('',(9.080922712504E-02,-4.768945599609E-02,
    3.00001E-02));
#1668 = B_SPLINE_CURVE_WITH_KNOTS('',1,(#1669,#1670),.UNSPECIFIED.,.F.,
  .F.,(2,2),(6.938893903907E-18,1.646341463415E-02),
  .PIECEWISE_BEZIER_KNOTS.);
#1669 = CARTESIAN_POINT('',(9.080922712504E-02,-3.122604136195E-02,
    3.00001E-02));
#1670 = CARTESIAN_POINT('',(9.080922712504E-02,-4.768945599609E-02,
    3.00001E-02));
#1671 = ORIENTED_EDGE('',*,*,#1672,.T.);
#1672 = EDGE_CURVE('',#1666,#1673,#1675,.T.);
#1673 = VERTEX_POINT('',#1674);
#1674 = CARTESIAN_POINT('',(0.132082092979,-5.729311453268E-02,
    3.00001E-02));
#1675 = B_SPLINE_CURVE_WITH_KNOTS('',3,(#1676,#1677,#1678,#1679,#1680,
    #1681,#1682,#1683,#1684,#1685,#1686),.UNSPECIFIED.,.F.,.F.,(4,1,1,1,
    1,1,1,1,4),(0.,0.112448389909,0.226527675213,0.344401949326,
    0.465864972487,0.591659449352,0.722168487025,0.858606387555,1.),
  .UNSPECIFIED.);
#1676 = CARTESIAN_POINT('',(9.080922712504E-02,-4.768945599609E-02,
    3.00001E-02));
#1677 = CARTESIAN_POINT('',(9.221673574129E-02,-4.846634344658E-02,
    3.00001E-02));
#1678 = CARTESIAN_POINT('',(9.505216677715E-02,-5.003138593587E-02,
    3.00001E-02));
#1679 = CARTESIAN_POINT('',(9.958661644984E-02,-5.19624994527E-02,
    3.00001E-02));
#1680 = CARTESIAN_POINT('',(0.104357956388,-5.362817574424E-02,
    3.00001E-02));
#1681 = CARTESIAN_POINT('',(0.10940794826,-5.495640317845E-02,
    3.00001E-02));
#1682 = CARTESIAN_POINT('',(0.114703021207,-5.602386554081E-02,
    3.00001E-02));
#1683 = CARTESIAN_POINT('',(0.120271232592,-5.674689604883E-02,
    3.00001E-02));
#1684 = CARTESIAN_POINT('',(0.126090522932,-5.722284350054E-02,
    3.00001E-02));
#1685 = CARTESIAN_POINT('',(0.130061293934,-5.726941396112E-02,
    3.00001E-02));
#1686 = CARTESIAN_POINT('',(0.132082092979,-5.729311453268E-02,
    3.00001E-02));
#1687 = ORIENTED_EDGE('',*,*,#1688,.T.);
#1688 = EDGE_CURVE('',#1673,#1689,#1691,.T.);
#1689 = VERTEX_POINT('',#1690);
#1690 = CARTESIAN_POINT('',(0.202394592979,1.670650436976E-02,
    3.00001E-02));
#1691 = B_SPLINE_CURVE_WITH_KNOTS('',3,(#1692,#1693,#1694,#1695,#1696,
    #1697,#1698,#1699,#1700,#1701,#1702,#1703,#1704,#1705,#1706,#1707,
    #1708,#1709,#1710),.UNSPECIFIED.,.F.,.F.,(4,1,1,1,1,1,1,1,1,1,1,1,1,
    1,1,1,4),(0.,6.783324845577E-02,0.132655536508,0.195050884051,
    0.255582933069,0.314799834147,0.373600472826,0.432545595327,
    0.492430629284,0.552671255963,0.612513044188,0.672610250357,
    0.733838369314,0.796594238568,0.861449799291,0.929198942351,1.),
  .UNSPECIFIED.);
#1692 = CARTESIAN_POINT('',(0.132082092979,-5.729311453268E-02,
    3.00001E-02));
#1693 = CARTESIAN_POINT('',(0.134685952211,-5.723504096995E-02,
    3.00001E-02));
#1694 = CARTESIAN_POINT('',(0.139778091411,-5.712147159511E-02,
    3.00001E-02));
#1695 = CARTESIAN_POINT('',(0.147216960691,-5.616618875627E-02,
    3.00001E-02));
#1696 = CARTESIAN_POINT('',(0.154254402208,-5.457131152176E-02,
    3.00001E-02));
#1697 = CARTESIAN_POINT('',(0.160887971644,-5.233045037497E-02,
    3.00001E-02));
#1698 = CARTESIAN_POINT('',(0.167140876332,-4.949888872004E-02,
    3.00001E-02));
#1699 = CARTESIAN_POINT('',(0.172980725605,-4.599879916086E-02,
    3.00001E-02));
#1700 = CARTESIAN_POINT('',(0.178368873905,-4.180261735381E-02,
    3.00001E-02));
#1701 = CARTESIAN_POINT('',(0.183376620604,-3.707949369889E-02,
    3.00001E-02));
#1702 = CARTESIAN_POINT('',(0.187844873349,-3.179497763973E-02,
    3.00001E-02));
#1703 = CARTESIAN_POINT('',(0.191755985398,-2.607897491709E-02,
    3.00001E-02));
#1704 = CARTESIAN_POINT('',(0.195064767684,-1.994926427299E-02,
    3.00001E-02));
#1705 = CARTESIAN_POINT('',(0.197749620909,-1.34024805699E-02,
    3.00001E-02));
#1706 = CARTESIAN_POINT('',(0.199841915922,-6.451913231022E-03,
    3.00001E-02));
#1707 = CARTESIAN_POINT('',(0.201305096446,9.08694233858E-04,3.00001E-02
    ));
#1708 = CARTESIAN_POINT('',(0.202255967041,8.669015016691E-03,
    3.00001E-02));
#1709 = CARTESIAN_POINT('',(0.202347710705,1.398828451523E-02,
    3.00001E-02));
#1710 = CARTESIAN_POINT('',(0.202394592979,1.670650436976E-02,
    3.00001E-02));
#1711 = ORIENTED_EDGE('',*,*,#1712,.T.);
#1712 = EDGE_CURVE('',#1689,#1713,#1715,.T.);
#1713 = VERTEX_POINT('',#1714);
#1714 = CARTESIAN_POINT('',(0.12610838871,9.636542205269E-02,3.00001E-02
    ));
#1715 = B_SPLINE_CURVE_WITH_KNOTS('',3,(#1716,#1717,#1718,#1719,#1720,
    #1721,#1722,#1723,#1724,#1725,#1726,#1727,#1728,#1729,#1730,#1731,
    #1732,#1733,#1734),.UNSPECIFIED.,.F.,.F.,(4,1,1,1,1,1,1,1,1,1,1,1,1,
    1,1,1,4),(0.,7.064371857535E-02,0.138256715509,0.203364124218,
    0.266324093803,0.327904761543,0.388737715173,0.449423528109,
    0.510861011459,0.572079396048,0.631734428731,0.691117210579,
    0.75036002949,0.810032900531,0.871362450829,0.934427141231,1.),
  .UNSPECIFIED.);
#1716 = CARTESIAN_POINT('',(0.202394592979,1.670650436976E-02,
    3.00001E-02));
#1717 = CARTESIAN_POINT('',(0.20232926446,1.962483103623E-02,3.00001E-02
    ));
#1718 = CARTESIAN_POINT('',(0.202201410115,2.533628377152E-02,
    3.00001E-02));
#1719 = CARTESIAN_POINT('',(0.201185142763,3.368782752809E-02,
    3.00001E-02));
#1720 = CARTESIAN_POINT('',(0.199517614002,4.160692684637E-02,
    3.00001E-02));
#1721 = CARTESIAN_POINT('',(0.197131161351,4.908156074828E-02,
    3.00001E-02));
#1722 = CARTESIAN_POINT('',(0.194092207818,5.612183168585E-02,
    3.00001E-02));
#1723 = CARTESIAN_POINT('',(0.190398170596,6.273710736993E-02,
    3.00001E-02));
#1724 = CARTESIAN_POINT('',(0.18598902542,6.889330383803E-02,3.00001E-02
    ));
#1725 = CARTESIAN_POINT('',(0.180934989247,7.454857774108E-02,
    3.00001E-02));
#1726 = CARTESIAN_POINT('',(0.175403296038,7.967460371626E-02,
    3.00001E-02));
#1727 = CARTESIAN_POINT('',(0.169434622462,8.41476671374E-02,3.00001E-02
    ));
#1728 = CARTESIAN_POINT('',(0.163100965475,8.792777947085E-02,
    3.00001E-02));
#1729 = CARTESIAN_POINT('',(0.156411290061,9.103986793236E-02,
    3.00001E-02));
#1730 = CARTESIAN_POINT('',(0.14934100386,9.341545736207E-02,3.00001E-02
    ));
#1731 = CARTESIAN_POINT('',(0.141923186793,9.512154258522E-02,
    3.00001E-02));
#1732 = CARTESIAN_POINT('',(0.134132292075,9.617873184391E-02,
    3.00001E-02));
#1733 = CARTESIAN_POINT('',(0.128817565256,9.630238830067E-02,
    3.00001E-02));
#1734 = CARTESIAN_POINT('',(0.12610838871,9.636542205269E-02,3.00001E-02
    ));
#1735 = ORIENTED_EDGE('',*,*,#1736,.T.);
#1736 = EDGE_CURVE('',#1713,#1737,#1739,.T.);
#1737 = VERTEX_POINT('',#1738);
#1738 = CARTESIAN_POINT('',(9.080922712504E-02,9.042030010147E-02,
    3.00001E-02));
#1739 = B_SPLINE_CURVE_WITH_KNOTS('',3,(#1740,#1741,#1742,#1743,#1744,
    #1745,#1746,#1747,#1748,#1749,#1750),.UNSPECIFIED.,.F.,.F.,(4,1,1,1,
    1,1,1,1,4),(0.,0.145186866472,0.28344261092,0.416524365929,
    0.543181123535,0.665153082638,0.781360206313,0.892756655642,1.),
  .UNSPECIFIED.);
#1740 = CARTESIAN_POINT('',(0.12610838871,9.636542205269E-02,3.00001E-02
    ));
#1741 = CARTESIAN_POINT('',(0.124364359617,9.635292038735E-02,
    3.00001E-02));
#1742 = CARTESIAN_POINT('',(0.12095956019,9.632851387764E-02,3.00001E-02
    ));
#1743 = CARTESIAN_POINT('',(0.115964673444,9.602245398777E-02,
    3.00001E-02));
#1744 = CARTESIAN_POINT('',(0.111202581875,9.558989768005E-02,
    3.00001E-02));
#1745 = CARTESIAN_POINT('',(0.106666394174,9.491540441966E-02,
    3.00001E-02));
#1746 = CARTESIAN_POINT('',(0.102356343752,9.411249051088E-02,
    3.00001E-02));
#1747 = CARTESIAN_POINT('',(9.828857670774E-02,9.306585373207E-02,
    3.00001E-02));
#1748 = CARTESIAN_POINT('',(9.443752225758E-02,9.189310508927E-02,
    3.00001E-02));
#1749 = CARTESIAN_POINT('',(9.200324565164E-02,9.09049785461E-02,
    3.00001E-02));
#1750 = CARTESIAN_POINT('',(9.080922712504E-02,9.042030010147E-02,
    3.00001E-02));
#1751 = ORIENTED_EDGE('',*,*,#1752,.T.);
#1752 = EDGE_CURVE('',#1737,#1753,#1755,.T.);
#1753 = VERTEX_POINT('',#1754);
#1754 = CARTESIAN_POINT('',(9.080922712504E-02,7.029834888196E-02,
    3.00001E-02));
#1755 = B_SPLINE_CURVE_WITH_KNOTS('',1,(#1756,#1757),.UNSPECIFIED.,.F.,
  .F.,(2,2),(0.,2.012195121951E-02),.PIECEWISE_BEZIER_KNOTS.);
#1756 = CARTESIAN_POINT('',(9.080922712504E-02,9.042030010147E-02,
    3.00001E-02));
#1757 = CARTESIAN_POINT('',(9.080922712504E-02,7.029834888196E-02,
    3.00001E-02));
#1758 = ORIENTED_EDGE('',*,*,#1759,.T.);
#1759 = EDGE_CURVE('',#1753,#1760,#1762,.T.);
#1760 = VERTEX_POINT('',#1761);
#1761 = CARTESIAN_POINT('',(0.125936894808,7.990200741854E-02,
    3.00001E-02));
#1762 = B_SPLINE_CURVE_WITH_KNOTS('',3,(#1763,#1764,#1765,#1766,#1767,
    #1768,#1769,#1770,#1771,#1772,#1773),.UNSPECIFIED.,.F.,.F.,(4,1,1,1,
    1,1,1,1,4),(0.,0.125279696736,0.249419970742,0.373356799493,
    0.496681278782,0.620202915744,0.745086320161,0.871269195019,1.),
  .UNSPECIFIED.);
#1763 = CARTESIAN_POINT('',(9.080922712504E-02,7.029834888196E-02,
    3.00001E-02));
#1764 = CARTESIAN_POINT('',(9.21412849692E-02,7.107237483068E-02,
    3.00001E-02));
#1765 = CARTESIAN_POINT('',(9.47932855501E-02,7.26133869381E-02,
    3.00001E-02));
#1766 = CARTESIAN_POINT('',(9.896440029217E-02,7.453995535201E-02,
    3.00001E-02));
#1767 = CARTESIAN_POINT('',(0.103215886765,7.621097607813E-02,
    3.00001E-02));
#1768 = CARTESIAN_POINT('',(0.107577507498,7.754492620258E-02,
    3.00001E-02));
#1769 = CARTESIAN_POINT('',(0.112021811747,7.862210116577E-02,
    3.00001E-02));
#1770 = CARTESIAN_POINT('',(0.116572104548,7.934459277269E-02,
    3.00001E-02));
#1771 = CARTESIAN_POINT('',(0.121219764708,7.983068781105E-02,
    3.00001E-02));
#1772 = CARTESIAN_POINT('',(0.124354075352,7.987807632909E-02,
    3.00001E-02));
#1773 = CARTESIAN_POINT('',(0.125936894808,7.990200741854E-02,
    3.00001E-02));
#1774 = ORIENTED_EDGE('',*,*,#1775,.T.);
#1775 = EDGE_CURVE('',#1760,#1776,#1778,.T.);
#1776 = VERTEX_POINT('',#1777);
#1777 = CARTESIAN_POINT('',(0.182272641759,1.793554400391E-02,
    3.00001E-02));
#1778 = B_SPLINE_CURVE_WITH_KNOTS('',3,(#1779,#1780,#1781,#1782,#1783,
    #1784,#1785,#1786,#1787,#1788,#1789,#1790,#1791,#1792,#1793,#1794,
    #1795,#1796,#1797),.UNSPECIFIED.,.F.,.F.,(4,1,1,1,1,1,1,1,1,1,1,1,1,
    1,1,1,4),(0.,6.460397028839E-02,0.126702413963,0.186756814036,
    0.245505687365,0.30365202445,0.361503073971,0.420240222928,
    0.480033340777,0.540678134776,0.601191806381,0.662333502477,
    0.724739510297,0.789467736173,0.856504860044,0.926312095839,1.),
  .UNSPECIFIED.);
#1779 = CARTESIAN_POINT('',(0.125936894808,7.990200741854E-02,
    3.00001E-02));
#1780 = CARTESIAN_POINT('',(0.127969299088,7.985830700564E-02,
    3.00001E-02));
#1781 = CARTESIAN_POINT('',(0.1319552852,7.977260100676E-02,3.00001E-02)
  );
#1782 = CARTESIAN_POINT('',(0.137778506857,7.893112655395E-02,
    3.00001E-02));
#1783 = CARTESIAN_POINT('',(0.143332615834,7.767218566911E-02,
    3.00001E-02));
#1784 = CARTESIAN_POINT('',(0.148595340532,7.582962807727E-02,
    3.00001E-02));
#1785 = CARTESIAN_POINT('',(0.153560705102,7.345152352549E-02,
    3.00001E-02));
#1786 = CARTESIAN_POINT('',(0.158224403702,7.052895242868E-02,
    3.00001E-02));
#1787 = CARTESIAN_POINT('',(0.16261507786,6.712457457249E-02,3.00001E-02
    ));
#1788 = CARTESIAN_POINT('',(0.166665749335,6.319591898438E-02,
    3.00001E-02));
#1789 = CARTESIAN_POINT('',(0.170357037802,5.88514534179E-02,3.00001E-02
    ));
#1790 = CARTESIAN_POINT('',(0.173525462352,5.406244681736E-02,
    3.00001E-02));
#1791 = CARTESIAN_POINT('',(0.176272967385,4.895851980419E-02,
    3.00001E-02));
#1792 = CARTESIAN_POINT('',(0.178473164074,4.345012526921E-02,
    3.00001E-02));
#1793 = CARTESIAN_POINT('',(0.18017708896,3.757952668884E-02,3.00001E-02
    ));
#1794 = CARTESIAN_POINT('',(0.181406963565,3.135473448893E-02,
    3.00001E-02));
#1795 = CARTESIAN_POINT('',(0.182119535967,2.476426797606E-02,
    3.00001E-02));
#1796 = CARTESIAN_POINT('',(0.182220694587,2.025245764533E-02,
    3.00001E-02));
#1797 = CARTESIAN_POINT('',(0.182272641759,1.793554400391E-02,
    3.00001E-02));
#1798 = ORIENTED_EDGE('',*,*,#1799,.T.);
#1799 = EDGE_CURVE('',#1776,#1648,#1800,.T.);
#1800 = B_SPLINE_CURVE_WITH_KNOTS('',3,(#1801,#1802,#1803,#1804,#1805,
    #1806,#1807,#1808,#1809,#1810,#1811,#1812,#1813,#1814,#1815,#1816,
    #1817,#1818,#1819),.UNSPECIFIED.,.F.,.F.,(4,1,1,1,1,1,1,1,1,1,1,1,1,
    1,1,1,4),(0.,7.377411937406E-02,0.144079114726,0.211348518309,
    0.27607688574,0.33852091582,0.399885116693,0.460254067465,
    0.520588964391,0.580207684563,0.638632908553,0.696364549491,
    0.75400177466,0.812805681374,0.872754425526,0.935181996978,1.),
  .UNSPECIFIED.);
#1801 = CARTESIAN_POINT('',(0.182272641759,1.793554400391E-02,
    3.00001E-02));
#1802 = CARTESIAN_POINT('',(0.182230968782,1.574236314954E-02,
    3.00001E-02));
#1803 = CARTESIAN_POINT('',(0.18214958244,1.145913268048E-02,3.00001E-02
    ));
#1804 = CARTESIAN_POINT('',(0.181450344446,5.207480992057E-03,
    3.00001E-02));
#1805 = CARTESIAN_POINT('',(0.18031765781,-7.035272846439E-04,
    3.00001E-02));
#1806 = CARTESIAN_POINT('',(0.178725806555,-6.268681961583E-03,
    3.00001E-02));
#1807 = CARTESIAN_POINT('',(0.176650090777,-1.148283287306E-02,
    3.00001E-02));
#1808 = CARTESIAN_POINT('',(0.174142698864,-1.635983400111E-02,
    3.00001E-02));
#1809 = CARTESIAN_POINT('',(0.171144796201,-2.087766174627E-02,
    3.00001E-02));
#1810 = CARTESIAN_POINT('',(0.167722561231,-2.50151656333E-02,
    3.00001E-02));
#1811 = CARTESIAN_POINT('',(0.163922978978,-2.872551344983E-02,
    3.00001E-02));
#1812 = CARTESIAN_POINT('',(0.159825615287,-3.19840324982E-02,
    3.00001E-02));
#1813 = CARTESIAN_POINT('',(0.155421543267,-3.470388152282E-02,
    3.00001E-02));
#1814 = CARTESIAN_POINT('',(0.150751830165,-3.695926665503E-02,
    3.00001E-02));
#1815 = CARTESIAN_POINT('',(0.145795377307,-3.8702990434E-02,3.00001E-02
    ));
#1816 = CARTESIAN_POINT('',(0.140542906761,-3.992540195602E-02,
    3.00001E-02));
#1817 = CARTESIAN_POINT('',(0.135019545848,-4.068253735218E-02,
    3.00001E-02));
#1818 = CARTESIAN_POINT('',(0.131236609474,-4.078003518595E-02,
    3.00001E-02));
#1819 = CARTESIAN_POINT('',(0.129309608223,-4.082969989853E-02,
    3.00001E-02));
#1820 = FACE_BOUND('',#1821,.T.);
#1821 = EDGE_LOOP('',(#1822,#1831,#1838,#1845,#1852,#1859,#1866,#1873,
    #1880,#1887,#1894,#1901));
#1822 = ORIENTED_EDGE('',*,*,#1823,.T.);
#1823 = EDGE_CURVE('',#1824,#1826,#1828,.T.);
#1824 = VERTEX_POINT('',#1825);
#1825 = CARTESIAN_POINT('',(4.14189832226E-02,-3.900043160585E-02,
    3.00001E-02));
#1826 = VERTEX_POINT('',#1827);
#1827 = CARTESIAN_POINT('',(-1.894687043594E-02,-3.900043160585E-02,
    3.00001E-02));
#1828 = B_SPLINE_CURVE_WITH_KNOTS('',1,(#1829,#1830),.UNSPECIFIED.,.F.,
  .F.,(2,2),(0.,6.036585365854E-02),.PIECEWISE_BEZIER_KNOTS.);
#1829 = CARTESIAN_POINT('',(4.14189832226E-02,-3.900043160585E-02,
    3.00001E-02));
#1830 = CARTESIAN_POINT('',(-1.894687043594E-02,-3.900043160585E-02,
    3.00001E-02));
#1831 = ORIENTED_EDGE('',*,*,#1832,.T.);
#1832 = EDGE_CURVE('',#1826,#1833,#1835,.T.);
#1833 = VERTEX_POINT('',#1834);
#1834 = CARTESIAN_POINT('',(-1.894687043594E-02,-5.546384624E-02,
    3.00001E-02));
#1835 = B_SPLINE_CURVE_WITH_KNOTS('',1,(#1836,#1837),.UNSPECIFIED.,.F.,
  .F.,(2,2),(2.081668171172E-17,1.646341463415E-02),
  .PIECEWISE_BEZIER_KNOTS.);
#1836 = CARTESIAN_POINT('',(-1.894687043594E-02,-3.900043160585E-02,
    3.00001E-02));
#1837 = CARTESIAN_POINT('',(-1.894687043594E-02,-5.546384624E-02,
    3.00001E-02));
#1838 = ORIENTED_EDGE('',*,*,#1839,.T.);
#1839 = EDGE_CURVE('',#1833,#1840,#1842,.T.);
#1840 = VERTEX_POINT('',#1841);
#1841 = CARTESIAN_POINT('',(6.154093444211E-02,-5.546384624E-02,
    3.00001E-02));
#1842 = B_SPLINE_CURVE_WITH_KNOTS('',1,(#1843,#1844),.UNSPECIFIED.,.F.,
  .F.,(2,2),(0.,8.048780487805E-02),.PIECEWISE_BEZIER_KNOTS.);
#1843 = CARTESIAN_POINT('',(-1.894687043594E-02,-5.546384624E-02,
    3.00001E-02));
#1844 = CARTESIAN_POINT('',(6.154093444211E-02,-5.546384624E-02,
    3.00001E-02));
#1845 = ORIENTED_EDGE('',*,*,#1846,.T.);
#1846 = EDGE_CURVE('',#1840,#1847,#1849,.T.);
#1847 = VERTEX_POINT('',#1848);
#1848 = CARTESIAN_POINT('',(6.154093444211E-02,9.453615376E-02,
    3.00001E-02));
#1849 = B_SPLINE_CURVE_WITH_KNOTS('',1,(#1850,#1851),.UNSPECIFIED.,.F.,
  .F.,(2,2),(0.,0.15),.PIECEWISE_BEZIER_KNOTS.);
#1850 = CARTESIAN_POINT('',(6.154093444211E-02,-5.546384624E-02,
    3.00001E-02));
#1851 = CARTESIAN_POINT('',(6.154093444211E-02,9.453615376E-02,
    3.00001E-02));
#1852 = ORIENTED_EDGE('',*,*,#1853,.T.);
#1853 = EDGE_CURVE('',#1847,#1854,#1856,.T.);
#1854 = VERTEX_POINT('',#1855);
#1855 = CARTESIAN_POINT('',(-1.528833385057E-02,9.453615376E-02,
    3.00001E-02));
#1856 = B_SPLINE_CURVE_WITH_KNOTS('',1,(#1857,#1858),.UNSPECIFIED.,.F.,
  .F.,(2,2),(0.,7.682926829268E-02),.PIECEWISE_BEZIER_KNOTS.);
#1857 = CARTESIAN_POINT('',(6.154093444211E-02,9.453615376E-02,
    3.00001E-02));
#1858 = CARTESIAN_POINT('',(-1.528833385057E-02,9.453615376E-02,
    3.00001E-02));
#1859 = ORIENTED_EDGE('',*,*,#1860,.T.);
#1860 = EDGE_CURVE('',#1854,#1861,#1863,.T.);
#1861 = VERTEX_POINT('',#1862);
#1862 = CARTESIAN_POINT('',(-1.528833385057E-02,7.807273912586E-02,
    3.00001E-02));
#1863 = B_SPLINE_CURVE_WITH_KNOTS('',1,(#1864,#1865),.UNSPECIFIED.,.F.,
  .F.,(2,2),(0.,1.646341463415E-02),.PIECEWISE_BEZIER_KNOTS.);
#1864 = CARTESIAN_POINT('',(-1.528833385057E-02,9.453615376E-02,
    3.00001E-02));
#1865 = CARTESIAN_POINT('',(-1.528833385057E-02,7.807273912586E-02,
    3.00001E-02));
#1866 = ORIENTED_EDGE('',*,*,#1867,.T.);
#1867 = EDGE_CURVE('',#1861,#1868,#1870,.T.);
#1868 = VERTEX_POINT('',#1869);
#1869 = CARTESIAN_POINT('',(4.14189832226E-02,7.807273912586E-02,
    3.00001E-02));
#1870 = B_SPLINE_CURVE_WITH_KNOTS('',1,(#1871,#1872),.UNSPECIFIED.,.F.,
  .F.,(2,2),(0.,5.670731707317E-02),.PIECEWISE_BEZIER_KNOTS.);
#1871 = CARTESIAN_POINT('',(-1.528833385057E-02,7.807273912586E-02,
    3.00001E-02));
#1872 = CARTESIAN_POINT('',(4.14189832226E-02,7.807273912586E-02,
    3.00001E-02));
#1873 = ORIENTED_EDGE('',*,*,#1874,.T.);
#1874 = EDGE_CURVE('',#1868,#1875,#1877,.T.);
#1875 = VERTEX_POINT('',#1876);
#1876 = CARTESIAN_POINT('',(4.14189832226E-02,2.868249522342E-02,
    3.00001E-02));
#1877 = B_SPLINE_CURVE_WITH_KNOTS('',1,(#1878,#1879),.UNSPECIFIED.,.F.,
  .F.,(2,2),(0.,4.939024390244E-02),.PIECEWISE_BEZIER_KNOTS.);
#1878 = CARTESIAN_POINT('',(4.14189832226E-02,7.807273912586E-02,
    3.00001E-02));
#1879 = CARTESIAN_POINT('',(4.14189832226E-02,2.868249522342E-02,
    3.00001E-02));
#1880 = ORIENTED_EDGE('',*,*,#1881,.T.);
#1881 = EDGE_CURVE('',#1875,#1882,#1884,.T.);
#1882 = VERTEX_POINT('',#1883);
#1883 = CARTESIAN_POINT('',(-1.162979726521E-02,2.868249522342E-02,
    3.00001E-02));
#1884 = B_SPLINE_CURVE_WITH_KNOTS('',1,(#1885,#1886),.UNSPECIFIED.,.F.,
  .F.,(2,2),(0.,5.30487804878E-02),.PIECEWISE_BEZIER_KNOTS.);
#1885 = CARTESIAN_POINT('',(4.14189832226E-02,2.868249522342E-02,
    3.00001E-02));
#1886 = CARTESIAN_POINT('',(-1.162979726521E-02,2.868249522342E-02,
    3.00001E-02));
#1887 = ORIENTED_EDGE('',*,*,#1888,.T.);
#1888 = EDGE_CURVE('',#1882,#1889,#1891,.T.);
#1889 = VERTEX_POINT('',#1890);
#1890 = CARTESIAN_POINT('',(-1.162979726521E-02,1.221908058927E-02,
    3.00001E-02));
#1891 = B_SPLINE_CURVE_WITH_KNOTS('',1,(#1892,#1893),.UNSPECIFIED.,.F.,
  .F.,(2,2),(0.,1.646341463415E-02),.PIECEWISE_BEZIER_KNOTS.);
#1892 = CARTESIAN_POINT('',(-1.162979726521E-02,2.868249522342E-02,
    3.00001E-02));
#1893 = CARTESIAN_POINT('',(-1.162979726521E-02,1.221908058927E-02,
    3.00001E-02));
#1894 = ORIENTED_EDGE('',*,*,#1895,.T.);
#1895 = EDGE_CURVE('',#1889,#1896,#1898,.T.);
#1896 = VERTEX_POINT('',#1897);
#1897 = CARTESIAN_POINT('',(4.14189832226E-02,1.221908058927E-02,
    3.00001E-02));
#1898 = B_SPLINE_CURVE_WITH_KNOTS('',1,(#1899,#1900),.UNSPECIFIED.,.F.,
  .F.,(2,2),(0.,5.30487804878E-02),.PIECEWISE_BEZIER_KNOTS.);
#1899 = CARTESIAN_POINT('',(-1.162979726521E-02,1.221908058927E-02,
    3.00001E-02));
#1900 = CARTESIAN_POINT('',(4.14189832226E-02,1.221908058927E-02,
    3.00001E-02));
#1901 = ORIENTED_EDGE('',*,*,#1902,.T.);
#1902 = EDGE_CURVE('',#1896,#1824,#1903,.T.);
#1903 = B_SPLINE_CURVE_WITH_KNOTS('',1,(#1904,#1905),.UNSPECIFIED.,.F.,
  .F.,(2,2),(0.,5.121951219512E-02),.PIECEWISE_BEZIER_KNOTS.);
#1904 = CARTESIAN_POINT('',(4.14189832226E-02,1.221908058927E-02,
    3.00001E-02));
#1905 = CARTESIAN_POINT('',(4.14189832226E-02,-3.900043160585E-02,
    3.00001E-02));
#1906 = FACE_BOUND('',#1907,.T.);
#1907 = EDGE_LOOP('',(#1908,#1934,#1941,#1948,#1955));
#1908 = ORIENTED_EDGE('',*,*,#1909,.T.);
#1909 = EDGE_CURVE('',#1910,#1912,#1914,.T.);
#1910 = VERTEX_POINT('',#1911);
#1911 = CARTESIAN_POINT('',(-0.168946870436,2.142258668683E-02,
    3.00001E-02));
#1912 = VERTEX_POINT('',#1913);
#1913 = CARTESIAN_POINT('',(-8.900212958228E-02,-5.546384624E-02,
    3.00001E-02));
#1914 = B_SPLINE_CURVE_WITH_KNOTS('',3,(#1915,#1916,#1917,#1918,#1919,
    #1920,#1921,#1922,#1923,#1924,#1925,#1926,#1927,#1928,#1929,#1930,
    #1931,#1932,#1933),.UNSPECIFIED.,.F.,.F.,(4,1,1,1,1,1,1,1,1,1,1,1,1,
    1,1,1,4),(0.,6.806869584499E-02,0.133427432819,0.196146033813,
    0.257048592449,0.316882663159,0.376187208666,0.435960335364,
    0.496535236863,0.557465343481,0.61768686341,0.677943640697,
    0.738805284806,0.800949336767,0.86481466747,0.931024781079,1.),
  .UNSPECIFIED.);
#1915 = CARTESIAN_POINT('',(-0.168946870436,2.142258668683E-02,
    3.00001E-02));
#1916 = CARTESIAN_POINT('',(-0.168886290356,1.858944901088E-02,
    3.00001E-02));
#1917 = CARTESIAN_POINT('',(-0.168767542016,1.303596686711E-02,
    3.00001E-02));
#1918 = CARTESIAN_POINT('',(-0.167682175221,4.9311376053E-03,3.00001E-02
    ));
#1919 = CARTESIAN_POINT('',(-0.165949570809,-2.74841733604E-03,
    3.00001E-02));
#1920 = CARTESIAN_POINT('',(-0.16351750653,-9.998335061856E-03,
    3.00001E-02));
#1921 = CARTESIAN_POINT('',(-0.160368693613,-1.681338636427E-02,
    3.00001E-02));
#1922 = CARTESIAN_POINT('',(-0.156464634664,-2.316867291777E-02,
    3.00001E-02));
#1923 = CARTESIAN_POINT('',(-0.151910552098,-2.911265168242E-02,
    3.00001E-02));
#1924 = CARTESIAN_POINT('',(-0.146675244662,-3.456388527263E-02,
    3.00001E-02));
#1925 = CARTESIAN_POINT('',(-0.140885371927,-3.944271989492E-02,
    3.00001E-02));
#1926 = CARTESIAN_POINT('',(-0.134694146485,-4.378174173391E-02,
    3.00001E-02));
#1927 = CARTESIAN_POINT('',(-0.128048369896,-4.738689058323E-02,
    3.00001E-02));
#1928 = CARTESIAN_POINT('',(-0.121004803627,-5.033246872519E-02,
    3.00001E-02));
#1929 = CARTESIAN_POINT('',(-0.113575766891,-5.267108168468E-02,
    3.00001E-02));
#1930 = CARTESIAN_POINT('',(-0.105729063231,-5.426332845309E-02,
    3.00001E-02));
#1931 = CARTESIAN_POINT('',(-9.750035415057E-02,-5.531009124435E-02,
    3.00001E-02));
#1932 = CARTESIAN_POINT('',(-9.187323712913E-02,-5.541190043357E-02,
    3.00001E-02));
#1933 = CARTESIAN_POINT('',(-8.900212958228E-02,-5.546384624E-02,
    3.00001E-02));
#1934 = ORIENTED_EDGE('',*,*,#1935,.T.);
#1935 = EDGE_CURVE('',#1912,#1936,#1938,.T.);
#1936 = VERTEX_POINT('',#1937);
#1937 = CARTESIAN_POINT('',(-4.821516311886E-02,-5.546384624E-02,
    3.00001E-02));
#1938 = B_SPLINE_CURVE_WITH_KNOTS('',1,(#1939,#1940),.UNSPECIFIED.,.F.,
  .F.,(2,2),(0.,4.078696646341E-02),.PIECEWISE_BEZIER_KNOTS.);
#1939 = CARTESIAN_POINT('',(-8.900212958228E-02,-5.546384624E-02,
    3.00001E-02));
#1940 = CARTESIAN_POINT('',(-4.821516311886E-02,-5.546384624E-02,
    3.00001E-02));
#1941 = ORIENTED_EDGE('',*,*,#1942,.T.);
#1942 = EDGE_CURVE('',#1936,#1943,#1945,.T.);
#1943 = VERTEX_POINT('',#1944);
#1944 = CARTESIAN_POINT('',(-4.821516311886E-02,9.453615376E-02,
    3.00001E-02));
#1945 = B_SPLINE_CURVE_WITH_KNOTS('',1,(#1946,#1947),.UNSPECIFIED.,.F.,
  .F.,(2,2),(0.,0.15),.PIECEWISE_BEZIER_KNOTS.);
#1946 = CARTESIAN_POINT('',(-4.821516311886E-02,-5.546384624E-02,
    3.00001E-02));
#1947 = CARTESIAN_POINT('',(-4.821516311886E-02,9.453615376E-02,
    3.00001E-02));
#1948 = ORIENTED_EDGE('',*,*,#1949,.T.);
#1949 = EDGE_CURVE('',#1943,#1950,#1952,.T.);
#1950 = VERTEX_POINT('',#1951);
#1951 = CARTESIAN_POINT('',(-9.054557470423E-02,9.453615376E-02,
    3.00001E-02));
#1952 = B_SPLINE_CURVE_WITH_KNOTS('',1,(#1953,#1954),.UNSPECIFIED.,.F.,
  .F.,(2,2),(0.,4.233041158537E-02),.PIECEWISE_BEZIER_KNOTS.);
#1953 = CARTESIAN_POINT('',(-4.821516311886E-02,9.453615376E-02,
    3.00001E-02));
#1954 = CARTESIAN_POINT('',(-9.054557470423E-02,9.453615376E-02,
    3.00001E-02));
#1955 = ORIENTED_EDGE('',*,*,#1956,.T.);
#1956 = EDGE_CURVE('',#1950,#1910,#1957,.T.);
#1957 = B_SPLINE_CURVE_WITH_KNOTS('',3,(#1958,#1959,#1960,#1961,#1962,
    #1963,#1964,#1965,#1966,#1967,#1968,#1969,#1970,#1971,#1972,#1973,
    #1974,#1975,#1976),.UNSPECIFIED.,.F.,.F.,(4,1,1,1,1,1,1,1,1,1,1,1,1,
    1,1,1,4),(0.,6.86311786766E-02,0.134566466039,0.198328154011,
    0.260789766641,0.321999151484,0.382721746503,0.443537474036,
    0.505133429485,0.566213874765,0.626105864618,0.685349322161,
    0.744995870348,0.805415841815,0.867636266346,0.932307782302,1.),
  .UNSPECIFIED.);
#1958 = CARTESIAN_POINT('',(-9.054557470423E-02,9.453615376E-02,
    3.00001E-02));
#1959 = CARTESIAN_POINT('',(-9.330135431418E-02,9.447472996712E-02,
    3.00001E-02));
#1960 = CARTESIAN_POINT('',(-9.870466415737E-02,9.435429516039E-02,
    3.00001E-02));
#1961 = CARTESIAN_POINT('',(-0.106628285785,9.343945187395E-02,
    3.00001E-02));
#1962 = CARTESIAN_POINT('',(-0.114187662237,9.185190140262E-02,
    3.00001E-02));
#1963 = CARTESIAN_POINT('',(-0.121403581291,8.968612659318E-02,
    3.00001E-02));
#1964 = CARTESIAN_POINT('',(-0.128284401399,8.691937291141E-02,
    3.00001E-02));
#1965 = CARTESIAN_POINT('',(-0.134765299569,8.345336915262E-02,
    3.00001E-02));
#1966 = CARTESIAN_POINT('',(-0.140917385178,7.940857586278E-02,
    3.00001E-02));
#1967 = CARTESIAN_POINT('',(-0.146660602048,7.47762206202E-02,
    3.00001E-02));
#1968 = CARTESIAN_POINT('',(-0.151895343381,6.962549744703E-02,
    3.00001E-02));
#1969 = CARTESIAN_POINT('',(-0.156458661518,6.399229639758E-02,
    3.00001E-02));
#1970 = CARTESIAN_POINT('',(-0.160365570569,5.795196070713E-02,
    3.00001E-02));
#1971 = CARTESIAN_POINT('',(-0.163509604212,5.145673002914E-02,
    3.00001E-02));
#1972 = CARTESIAN_POINT('',(-0.16595085248,4.454160066599E-02,
    3.00001E-02));
#1973 = CARTESIAN_POINT('',(-0.167679574603,3.721158697392E-02,
    3.00001E-02));
#1974 = CARTESIAN_POINT('',(-0.168769916758,2.945838681088E-02,
    3.00001E-02));
#1975 = CARTESIAN_POINT('',(-0.168886995252,2.414163167248E-02,
    3.00001E-02));
#1976 = CARTESIAN_POINT('',(-0.168946870436,2.142258668683E-02,
    3.00001E-02));
#1977 = FACE_BOUND('',#1978,.T.);
#1978 = EDGE_LOOP('',(#1979,#1988,#1995,#2002,#2009,#2016,#2023,#2030));
#1979 = ORIENTED_EDGE('',*,*,#1980,.T.);
#1980 = EDGE_CURVE('',#1981,#1983,#1985,.T.);
#1981 = VERTEX_POINT('',#1982);
#1982 = CARTESIAN_POINT('',(-0.236629797265,9.453615376E-02,3.00001E-02)
  );
#1983 = VERTEX_POINT('',#1984);
#1984 = CARTESIAN_POINT('',(-0.256751748485,9.453615376E-02,3.00001E-02)
  );
#1985 = B_SPLINE_CURVE_WITH_KNOTS('',1,(#1986,#1987),.UNSPECIFIED.,.F.,
  .F.,(2,2),(0.,2.012195121951E-02),.PIECEWISE_BEZIER_KNOTS.);
#1986 = CARTESIAN_POINT('',(-0.236629797265,9.453615376E-02,3.00001E-02)
  );
#1987 = CARTESIAN_POINT('',(-0.256751748485,9.453615376E-02,3.00001E-02)
  );
#1988 = ORIENTED_EDGE('',*,*,#1989,.T.);
#1989 = EDGE_CURVE('',#1983,#1990,#1992,.T.);
#1990 = VERTEX_POINT('',#1991);
#1991 = CARTESIAN_POINT('',(-0.315288333851,-5.546384624E-02,3.00001E-02
    ));
#1992 = B_SPLINE_CURVE_WITH_KNOTS('',1,(#1993,#1994),.UNSPECIFIED.,.F.,
  .F.,(2,2),(1.292823652972E-16,0.161017178668),
  .PIECEWISE_BEZIER_KNOTS.);
#1993 = CARTESIAN_POINT('',(-0.256751748485,9.453615376E-02,3.00001E-02)
  );
#1994 = CARTESIAN_POINT('',(-0.315288333851,-5.546384624E-02,3.00001E-02
    ));
#1995 = ORIENTED_EDGE('',*,*,#1996,.T.);
#1996 = EDGE_CURVE('',#1990,#1997,#1999,.T.);
#1997 = VERTEX_POINT('',#1998);
#1998 = CARTESIAN_POINT('',(-0.293337114338,-5.546384624E-02,3.00001E-02
    ));
#1999 = B_SPLINE_CURVE_WITH_KNOTS('',1,(#2000,#2001),.UNSPECIFIED.,.F.,
  .F.,(2,2),(0.,2.19512195122E-02),.PIECEWISE_BEZIER_KNOTS.);
#2000 = CARTESIAN_POINT('',(-0.315288333851,-5.546384624E-02,3.00001E-02
    ));
#2001 = CARTESIAN_POINT('',(-0.293337114338,-5.546384624E-02,3.00001E-02
    ));
#2002 = ORIENTED_EDGE('',*,*,#2003,.T.);
#2003 = EDGE_CURVE('',#1997,#2004,#2006,.T.);
#2004 = VERTEX_POINT('',#2005);
#2005 = CARTESIAN_POINT('',(-0.278159903973,-1.339067550829E-02,
    3.00001E-02));
#2006 = B_SPLINE_CURVE_WITH_KNOTS('',1,(#2007,#2008),.UNSPECIFIED.,.F.,
  .F.,(2,2),(0.,4.4726942774E-02),.PIECEWISE_BEZIER_KNOTS.);
#2007 = CARTESIAN_POINT('',(-0.293337114338,-5.546384624E-02,3.00001E-02
    ));
#2008 = CARTESIAN_POINT('',(-0.278159903973,-1.339067550829E-02,
    3.00001E-02));
#2009 = ORIENTED_EDGE('',*,*,#2010,.T.);
#2010 = EDGE_CURVE('',#2004,#2011,#2013,.T.);
#2011 = VERTEX_POINT('',#2012);
#2012 = CARTESIAN_POINT('',(-0.216193440558,-1.339067550829E-02,
    3.00001E-02));
#2013 = B_SPLINE_CURVE_WITH_KNOTS('',1,(#2014,#2015),.UNSPECIFIED.,.F.,
  .F.,(2,2),(0.,6.196646341463E-02),.PIECEWISE_BEZIER_KNOTS.);
#2014 = CARTESIAN_POINT('',(-0.278159903973,-1.339067550829E-02,
    3.00001E-02));
#2015 = CARTESIAN_POINT('',(-0.216193440558,-1.339067550829E-02,
    3.00001E-02));
#2016 = ORIENTED_EDGE('',*,*,#2017,.T.);
#2017 = EDGE_CURVE('',#2011,#2018,#2020,.T.);
#2018 = VERTEX_POINT('',#2019);
#2019 = CARTESIAN_POINT('',(-0.201873699704,-5.546384624E-02,3.00001E-02
    ));
#2020 = B_SPLINE_CURVE_WITH_KNOTS('',1,(#2021,#2022),.UNSPECIFIED.,.F.,
  .F.,(2,2),(0.,4.444329728469E-02),.PIECEWISE_BEZIER_KNOTS.);
#2021 = CARTESIAN_POINT('',(-0.216193440558,-1.339067550829E-02,
    3.00001E-02));
#2022 = CARTESIAN_POINT('',(-0.201873699704,-5.546384624E-02,3.00001E-02
    ));
#2023 = ORIENTED_EDGE('',*,*,#2024,.T.);
#2024 = EDGE_CURVE('',#2018,#2025,#2027,.T.);
#2025 = VERTEX_POINT('',#2026);
#2026 = CARTESIAN_POINT('',(-0.179922480192,-5.546384624E-02,3.00001E-02
    ));
#2027 = B_SPLINE_CURVE_WITH_KNOTS('',1,(#2028,#2029),.UNSPECIFIED.,.F.,
  .F.,(2,2),(0.,2.19512195122E-02),.PIECEWISE_BEZIER_KNOTS.);
#2028 = CARTESIAN_POINT('',(-0.201873699704,-5.546384624E-02,3.00001E-02
    ));
#2029 = CARTESIAN_POINT('',(-0.179922480192,-5.546384624E-02,3.00001E-02
    ));
#2030 = ORIENTED_EDGE('',*,*,#2031,.T.);
#2031 = EDGE_CURVE('',#2025,#1981,#2032,.T.);
#2032 = B_SPLINE_CURVE_WITH_KNOTS('',1,(#2033,#2034),.UNSPECIFIED.,.F.,
  .F.,(2,2),(0.,0.160361216663),.PIECEWISE_BEZIER_KNOTS.);
#2033 = CARTESIAN_POINT('',(-0.179922480192,-5.546384624E-02,3.00001E-02
    ));
#2034 = CARTESIAN_POINT('',(-0.236629797265,9.453615376E-02,3.00001E-02)
  );
#2035 = FACE_BOUND('',#2036,.T.);
#2036 = EDGE_LOOP('',(#2037,#2045,#2046,#2053,#2061));
#2037 = ORIENTED_EDGE('',*,*,#2038,.T.);
#2038 = EDGE_CURVE('',#2039,#99,#2041,.T.);
#2039 = VERTEX_POINT('',#2040);
#2040 = CARTESIAN_POINT('',(2.289855815777,2.37,3.00001E-02));
#2041 = ( BOUNDED_CURVE() B_SPLINE_CURVE(2,(#2042,#2043,#2044),
.UNSPECIFIED.,.F.,.F.) B_SPLINE_CURVE_WITH_KNOTS((3,3),(6.207393916322,
6.28318530718),.PIECEWISE_BEZIER_KNOTS.) CURVE() 
GEOMETRIC_REPRESENTATION_ITEM() RATIONAL_B_SPLINE_CURVE((1.,
0.999282044061,1.)) REPRESENTATION_ITEM('') );
#2042 = CARTESIAN_POINT('',(2.289855815777,2.37,3.00001E-02));
#2043 = CARTESIAN_POINT('',(2.2,1.186703389795,3.00001E-02));
#2044 = CARTESIAN_POINT('',(2.2,7.888333567587E-15,3.00001E-02));
#2045 = ORIENTED_EDGE('',*,*,#98,.T.);
#2046 = ORIENTED_EDGE('',*,*,#2047,.T.);
#2047 = EDGE_CURVE('',#101,#2048,#2050,.T.);
#2048 = VERTEX_POINT('',#2049);
#2049 = CARTESIAN_POINT('',(-2.289855815777,-2.37,3.00001E-02));
#2050 = B_SPLINE_CURVE_WITH_KNOTS('',1,(#2051,#2052),.UNSPECIFIED.,.F.,
  .F.,(2,2),(-4.889855815777,-0.310144184223),.PIECEWISE_BEZIER_KNOTS.);
#2051 = CARTESIAN_POINT('',(2.289855815777,-2.37,3.00001E-02));
#2052 = CARTESIAN_POINT('',(-2.289855815777,-2.37,3.00001E-02));
#2053 = ORIENTED_EDGE('',*,*,#2054,.F.);
#2054 = EDGE_CURVE('',#2055,#2048,#2057,.T.);
#2055 = VERTEX_POINT('',#2056);
#2056 = CARTESIAN_POINT('',(-2.289855815777,2.37,3.00001E-02));
#2057 = ( BOUNDED_CURVE() B_SPLINE_CURVE(2,(#2058,#2059,#2060),
.UNSPECIFIED.,.F.,.F.) B_SPLINE_CURVE_WITH_KNOTS((3,3),(6.207393916322,
6.358976698037),.PIECEWISE_BEZIER_KNOTS.) CURVE() 
GEOMETRIC_REPRESENTATION_ITEM() RATIONAL_B_SPLINE_CURVE((1.,
0.997129207164,1.)) REPRESENTATION_ITEM('') );
#2058 = CARTESIAN_POINT('',(-2.289855815777,2.37,3.00001E-02));
#2059 = CARTESIAN_POINT('',(-2.109885484117,7.910405258274E-15,
    3.00001E-02));
#2060 = CARTESIAN_POINT('',(-2.289855815777,-2.37,3.00001E-02));
#2061 = ORIENTED_EDGE('',*,*,#2062,.T.);
#2062 = EDGE_CURVE('',#2055,#2039,#2063,.T.);
#2063 = B_SPLINE_CURVE_WITH_KNOTS('',1,(#2064,#2065),.UNSPECIFIED.,.F.,
  .F.,(2,2),(0.310144184223,4.889855815777),.PIECEWISE_BEZIER_KNOTS.);
#2064 = CARTESIAN_POINT('',(-2.289855815777,2.37,3.00001E-02));
#2065 = CARTESIAN_POINT('',(2.289855815777,2.37,3.00001E-02));
#2066 = B_SPLINE_SURFACE_WITH_KNOTS('',1,1,(
    (#2067,#2068)
    ,(#2069,#2070
    )),.UNSPECIFIED.,.F.,.F.,.F.,(2,2),(2,2),(-4.84,-9.999999999998E-02)
  ,(0.310144184223,4.889855815777),.PIECEWISE_BEZIER_KNOTS.);
#2067 = CARTESIAN_POINT('',(-2.289855815777,-2.37,3.00001E-02));
#2068 = CARTESIAN_POINT('',(2.289855815777,-2.37,3.00001E-02));
#2069 = CARTESIAN_POINT('',(-2.289855815777,2.37,3.00001E-02));
#2070 = CARTESIAN_POINT('',(2.289855815777,2.37,3.00001E-02));
#2071 = ADVANCED_FACE('',(#2072),#2096,.T.);
#2072 = FACE_BOUND('',#2073,.T.);
#2073 = EDGE_LOOP('',(#2074,#2084,#2091));
#2074 = ORIENTED_EDGE('',*,*,#2075,.F.);
#2075 = EDGE_CURVE('',#2076,#2078,#2080,.T.);
#2076 = VERTEX_POINT('',#2077);
#2077 = CARTESIAN_POINT('',(-2.296023027514,-2.449861445175,3.00001E-02)
  );
#2078 = VERTEX_POINT('',#2079);
#2079 = CARTESIAN_POINT('',(-2.297722656264,-2.471414284285,3.00001E-02)
  );
#2080 = ( BOUNDED_CURVE() B_SPLINE_CURVE(2,(#2081,#2082,#2083),
.UNSPECIFIED.,.F.,.F.) B_SPLINE_CURVE_WITH_KNOTS((3,3),(
    7.835047204358E-02,7.90411989103E-02),.PIECEWISE_BEZIER_KNOTS.) 
CURVE() GEOMETRIC_REPRESENTATION_ITEM() RATIONAL_B_SPLINE_CURVE((1.,
0.999999940362,1.)) REPRESENTATION_ITEM('') );
#2081 = CARTESIAN_POINT('',(-2.296023027514,-2.449861445175,3.00001E-02)
  );
#2082 = CARTESIAN_POINT('',(-2.296869120107,-2.460638158225,3.00001E-02)
  );
#2083 = CARTESIAN_POINT('',(-2.297722656264,-2.471414284285,3.00001E-02)
  );
#2084 = ORIENTED_EDGE('',*,*,#2085,.F.);
#2085 = EDGE_CURVE('',#2086,#2076,#2088,.T.);
#2086 = VERTEX_POINT('',#2087);
#2087 = CARTESIAN_POINT('',(-2.296023027514,-2.471414284285,3.00001E-02)
  );
#2088 = B_SPLINE_CURVE_WITH_KNOTS('',1,(#2089,#2090),.UNSPECIFIED.,.F.,
  .F.,(2,2),(-1.414284285429E-03,2.013855482523E-02),
  .PIECEWISE_BEZIER_KNOTS.);
#2089 = CARTESIAN_POINT('',(-2.296023027514,-2.471414284285,3.00001E-02)
  );
#2090 = CARTESIAN_POINT('',(-2.296023027514,-2.449861445175,3.00001E-02)
  );
#2091 = ORIENTED_EDGE('',*,*,#2092,.T.);
#2092 = EDGE_CURVE('',#2086,#2078,#2093,.T.);
#2093 = B_SPLINE_CURVE_WITH_KNOTS('',1,(#2094,#2095),.UNSPECIFIED.,.F.,
  .F.,(2,2),(0.,1.699628750011E-03),.PIECEWISE_BEZIER_KNOTS.);
#2094 = CARTESIAN_POINT('',(-2.296023027514,-2.471414284285,3.00001E-02)
  );
#2095 = CARTESIAN_POINT('',(-2.297722656264,-2.471414284285,3.00001E-02)
  );
#2096 = B_SPLINE_SURFACE_WITH_KNOTS('',1,1,(
    (#2097,#2098)
    ,(#2099,#2100
    )),.UNSPECIFIED.,.F.,.F.,.F.,(2,2),(2,2),(-4.941414284285,
    -4.919861445175),(0.302277343736,0.303976972486),
  .PIECEWISE_BEZIER_KNOTS.);
#2097 = CARTESIAN_POINT('',(-2.297722656264,-2.471414284285,3.00001E-02)
  );
#2098 = CARTESIAN_POINT('',(-2.296023027514,-2.471414284285,3.00001E-02)
  );
#2099 = CARTESIAN_POINT('',(-2.297722656264,-2.449861445175,3.00001E-02)
  );
#2100 = CARTESIAN_POINT('',(-2.296023027514,-2.449861445175,3.00001E-02)
  );
#2101 = ADVANCED_FACE('',(#2102),#2126,.T.);
#2102 = FACE_BOUND('',#2103,.T.);
#2103 = EDGE_LOOP('',(#2104,#2114,#2121));
#2104 = ORIENTED_EDGE('',*,*,#2105,.T.);
#2105 = EDGE_CURVE('',#2106,#2108,#2110,.T.);
#2106 = VERTEX_POINT('',#2107);
#2107 = CARTESIAN_POINT('',(2.297722656264,2.471414284285,3.00001E-02));
#2108 = VERTEX_POINT('',#2109);
#2109 = CARTESIAN_POINT('',(2.296023027514,2.449861445175,3.00001E-02));
#2110 = ( BOUNDED_CURVE() B_SPLINE_CURVE(2,(#2111,#2112,#2113),
.UNSPECIFIED.,.F.,.F.) B_SPLINE_CURVE_WITH_KNOTS((3,3),(6.204144108269,
6.204834835136),.PIECEWISE_BEZIER_KNOTS.) CURVE() 
GEOMETRIC_REPRESENTATION_ITEM() RATIONAL_B_SPLINE_CURVE((1.,
0.999999940362,1.)) REPRESENTATION_ITEM('') );
#2111 = CARTESIAN_POINT('',(2.297722656264,2.471414284285,3.00001E-02));
#2112 = CARTESIAN_POINT('',(2.296869120107,2.460638158225,3.00001E-02));
#2113 = CARTESIAN_POINT('',(2.296023027514,2.449861445175,3.00001E-02));
#2114 = ORIENTED_EDGE('',*,*,#2115,.F.);
#2115 = EDGE_CURVE('',#2116,#2108,#2118,.T.);
#2116 = VERTEX_POINT('',#2117);
#2117 = CARTESIAN_POINT('',(2.296023027514,2.471414284285,3.00001E-02));
#2118 = B_SPLINE_CURVE_WITH_KNOTS('',1,(#2119,#2120),.UNSPECIFIED.,.F.,
  .F.,(2,2),(-1.414284285429E-03,2.013855482523E-02),
  .PIECEWISE_BEZIER_KNOTS.);
#2119 = CARTESIAN_POINT('',(2.296023027514,2.471414284285,3.00001E-02));
#2120 = CARTESIAN_POINT('',(2.296023027514,2.449861445175,3.00001E-02));
#2121 = ORIENTED_EDGE('',*,*,#2122,.T.);
#2122 = EDGE_CURVE('',#2116,#2106,#2123,.T.);
#2123 = B_SPLINE_CURVE_WITH_KNOTS('',1,(#2124,#2125),.UNSPECIFIED.,.F.,
  .F.,(2,2),(0.,1.699628750011E-03),.PIECEWISE_BEZIER_KNOTS.);
#2124 = CARTESIAN_POINT('',(2.296023027514,2.471414284285,3.00001E-02));
#2125 = CARTESIAN_POINT('',(2.297722656264,2.471414284285,3.00001E-02));
#2126 = B_SPLINE_SURFACE_WITH_KNOTS('',1,1,(
    (#2127,#2128)
    ,(#2129,#2130
    )),.UNSPECIFIED.,.F.,.F.,.F.,(2,2),(2,2),(-2.013855482523E-02,
    1.414284285446E-03),(4.896023027514,4.897722656264),
  .PIECEWISE_BEZIER_KNOTS.);
#2127 = CARTESIAN_POINT('',(2.296023027514,2.449861445175,3.00001E-02));
#2128 = CARTESIAN_POINT('',(2.297722656264,2.449861445175,3.00001E-02));
#2129 = CARTESIAN_POINT('',(2.296023027514,2.471414284285,3.00001E-02));
#2130 = CARTESIAN_POINT('',(2.297722656264,2.471414284285,3.00001E-02));
#2131 = ADVANCED_FACE('',(#2132),#2163,.T.);
#2132 = FACE_BOUND('',#2133,.T.);
#2133 = EDGE_LOOP('',(#2134,#2142,#2143,#2150,#2158));
#2134 = ORIENTED_EDGE('',*,*,#2135,.T.);
#2135 = EDGE_CURVE('',#2136,#22,#2138,.T.);
#2136 = VERTEX_POINT('',#2137);
#2137 = CARTESIAN_POINT('',(-2.289855815777,2.37,2.9700001));
#2138 = ( BOUNDED_CURVE() B_SPLINE_CURVE(2,(#2139,#2140,#2141),
.UNSPECIFIED.,.F.,.F.) B_SPLINE_CURVE_WITH_KNOTS((3,3),(6.207393916322,
6.28318530718),.PIECEWISE_BEZIER_KNOTS.) CURVE() 
GEOMETRIC_REPRESENTATION_ITEM() RATIONAL_B_SPLINE_CURVE((1.,
0.999282044061,1.)) REPRESENTATION_ITEM('') );
#2139 = CARTESIAN_POINT('',(-2.289855815777,2.37,2.9700001));
#2140 = CARTESIAN_POINT('',(-2.2,1.186703389795,2.9700001));
#2141 = CARTESIAN_POINT('',(-2.2,7.888333567587E-15,2.9700001));
#2142 = ORIENTED_EDGE('',*,*,#21,.T.);
#2143 = ORIENTED_EDGE('',*,*,#2144,.T.);
#2144 = EDGE_CURVE('',#24,#2145,#2147,.T.);
#2145 = VERTEX_POINT('',#2146);
#2146 = CARTESIAN_POINT('',(2.289855815777,-2.37,2.9700001));
#2147 = B_SPLINE_CURVE_WITH_KNOTS('',1,(#2148,#2149),.UNSPECIFIED.,.F.,
  .F.,(2,2),(0.310144184223,4.889855815777),.PIECEWISE_BEZIER_KNOTS.);
#2148 = CARTESIAN_POINT('',(-2.289855815777,-2.37,2.9700001));
#2149 = CARTESIAN_POINT('',(2.289855815777,-2.37,2.9700001));
#2150 = ORIENTED_EDGE('',*,*,#2151,.F.);
#2151 = EDGE_CURVE('',#2152,#2145,#2154,.T.);
#2152 = VERTEX_POINT('',#2153);
#2153 = CARTESIAN_POINT('',(2.289855815777,2.37,2.9700001));
#2154 = ( BOUNDED_CURVE() B_SPLINE_CURVE(2,(#2155,#2156,#2157),
.UNSPECIFIED.,.F.,.F.) B_SPLINE_CURVE_WITH_KNOTS((3,3),(6.207393916322,
6.358976698037),.PIECEWISE_BEZIER_KNOTS.) CURVE() 
GEOMETRIC_REPRESENTATION_ITEM() RATIONAL_B_SPLINE_CURVE((1.,
0.997129207164,1.)) REPRESENTATION_ITEM('') );
#2155 = CARTESIAN_POINT('',(2.289855815777,2.37,2.9700001));
#2156 = CARTESIAN_POINT('',(2.109885484117,7.910405258274E-15,2.9700001)
  );
#2157 = CARTESIAN_POINT('',(2.289855815777,-2.37,2.9700001));
#2158 = ORIENTED_EDGE('',*,*,#2159,.T.);
#2159 = EDGE_CURVE('',#2152,#2136,#2160,.T.);
#2160 = B_SPLINE_CURVE_WITH_KNOTS('',1,(#2161,#2162),.UNSPECIFIED.,.F.,
  .F.,(2,2),(-4.889855815777,-0.310144184223),.PIECEWISE_BEZIER_KNOTS.);
#2161 = CARTESIAN_POINT('',(2.289855815777,2.37,2.9700001));
#2162 = CARTESIAN_POINT('',(-2.289855815777,2.37,2.9700001));
#2163 = B_SPLINE_SURFACE_WITH_KNOTS('',1,1,(
    (#2164,#2165)
    ,(#2166,#2167
    )),.UNSPECIFIED.,.F.,.F.,.F.,(2,2),(2,2),(9.999999999998E-02,4.84),(
    0.310144184223,4.889855815777),.PIECEWISE_BEZIER_KNOTS.);
#2164 = CARTESIAN_POINT('',(-2.289855815777,2.37,2.9700001));
#2165 = CARTESIAN_POINT('',(2.289855815777,2.37,2.9700001));
#2166 = CARTESIAN_POINT('',(-2.289855815777,-2.37,2.9700001));
#2167 = CARTESIAN_POINT('',(2.289855815777,-2.37,2.9700001));
#2168 = ADVANCED_FACE('',(#2169),#2193,.T.);
#2169 = FACE_BOUND('',#2170,.T.);
#2170 = EDGE_LOOP('',(#2171,#2181,#2188));
#2171 = ORIENTED_EDGE('',*,*,#2172,.F.);
#2172 = EDGE_CURVE('',#2173,#2175,#2177,.T.);
#2173 = VERTEX_POINT('',#2174);
#2174 = CARTESIAN_POINT('',(2.296023027514,-2.449861445175,2.9700001));
#2175 = VERTEX_POINT('',#2176);
#2176 = CARTESIAN_POINT('',(2.297722656264,-2.471414284285,2.9700001));
#2177 = ( BOUNDED_CURVE() B_SPLINE_CURVE(2,(#2178,#2179,#2180),
.UNSPECIFIED.,.F.,.F.) B_SPLINE_CURVE_WITH_KNOTS((3,3),(
    7.835047204358E-02,7.90411989103E-02),.PIECEWISE_BEZIER_KNOTS.) 
CURVE() GEOMETRIC_REPRESENTATION_ITEM() RATIONAL_B_SPLINE_CURVE((1.,
0.999999940362,1.)) REPRESENTATION_ITEM('') );
#2178 = CARTESIAN_POINT('',(2.296023027514,-2.449861445175,2.9700001));
#2179 = CARTESIAN_POINT('',(2.296869120107,-2.460638158225,2.9700001));
#2180 = CARTESIAN_POINT('',(2.297722656264,-2.471414284285,2.9700001));
#2181 = ORIENTED_EDGE('',*,*,#2182,.T.);
#2182 = EDGE_CURVE('',#2173,#2183,#2185,.T.);
#2183 = VERTEX_POINT('',#2184);
#2184 = CARTESIAN_POINT('',(2.296023027514,-2.471414284285,2.9700001));
#2185 = B_SPLINE_CURVE_WITH_KNOTS('',1,(#2186,#2187),.UNSPECIFIED.,.F.,
  .F.,(2,2),(-2.013855482523E-02,1.414284285429E-03),
  .PIECEWISE_BEZIER_KNOTS.);
#2186 = CARTESIAN_POINT('',(2.296023027514,-2.449861445175,2.9700001));
#2187 = CARTESIAN_POINT('',(2.296023027514,-2.471414284285,2.9700001));
#2188 = ORIENTED_EDGE('',*,*,#2189,.T.);
#2189 = EDGE_CURVE('',#2183,#2175,#2190,.T.);
#2190 = B_SPLINE_CURVE_WITH_KNOTS('',1,(#2191,#2192),.UNSPECIFIED.,.F.,
  .F.,(2,2),(0.,1.699628750011E-03),.PIECEWISE_BEZIER_KNOTS.);
#2191 = CARTESIAN_POINT('',(2.296023027514,-2.471414284285,2.9700001));
#2192 = CARTESIAN_POINT('',(2.297722656264,-2.471414284285,2.9700001));
#2193 = B_SPLINE_SURFACE_WITH_KNOTS('',1,1,(
    (#2194,#2195)
    ,(#2196,#2197
    )),.UNSPECIFIED.,.F.,.F.,.F.,(2,2),(2,2),(4.919861445175,
    4.941414284285),(4.896023027514,4.897722656264),
  .PIECEWISE_BEZIER_KNOTS.);
#2194 = CARTESIAN_POINT('',(2.296023027514,-2.449861445175,2.9700001));
#2195 = CARTESIAN_POINT('',(2.297722656264,-2.449861445175,2.9700001));
#2196 = CARTESIAN_POINT('',(2.296023027514,-2.471414284285,2.9700001));
#2197 = CARTESIAN_POINT('',(2.297722656264,-2.471414284285,2.9700001));
#2198 = ADVANCED_FACE('',(#2199),#2223,.T.);
#2199 = FACE_BOUND('',#2200,.T.);
#2200 = EDGE_LOOP('',(#2201,#2210,#2218));
#2201 = ORIENTED_EDGE('',*,*,#2202,.T.);
#2202 = EDGE_CURVE('',#2203,#2205,#2207,.T.);
#2203 = VERTEX_POINT('',#2204);
#2204 = CARTESIAN_POINT('',(2.296023027514,2.471414284285,2.9700001));
#2205 = VERTEX_POINT('',#2206);
#2206 = CARTESIAN_POINT('',(2.296023027514,2.449861445175,2.9700001));
#2207 = B_SPLINE_CURVE_WITH_KNOTS('',1,(#2208,#2209),.UNSPECIFIED.,.F.,
  .F.,(2,2),(-1.414284285429E-03,2.013855482523E-02),
  .PIECEWISE_BEZIER_KNOTS.);
#2208 = CARTESIAN_POINT('',(2.296023027514,2.471414284285,2.9700001));
#2209 = CARTESIAN_POINT('',(2.296023027514,2.449861445175,2.9700001));
#2210 = ORIENTED_EDGE('',*,*,#2211,.F.);
#2211 = EDGE_CURVE('',#2212,#2205,#2214,.T.);
#2212 = VERTEX_POINT('',#2213);
#2213 = CARTESIAN_POINT('',(2.297722656264,2.471414284285,2.9700001));
#2214 = ( BOUNDED_CURVE() B_SPLINE_CURVE(2,(#2215,#2216,#2217),
.UNSPECIFIED.,.F.,.F.) B_SPLINE_CURVE_WITH_KNOTS((3,3),(6.204144108269,
6.204834835136),.PIECEWISE_BEZIER_KNOTS.) CURVE() 
GEOMETRIC_REPRESENTATION_ITEM() RATIONAL_B_SPLINE_CURVE((1.,
0.999999940362,1.)) REPRESENTATION_ITEM('') );
#2215 = CARTESIAN_POINT('',(2.297722656264,2.471414284285,2.9700001));
#2216 = CARTESIAN_POINT('',(2.296869120107,2.460638158225,2.9700001));
#2217 = CARTESIAN_POINT('',(2.296023027514,2.449861445175,2.9700001));
#2218 = ORIENTED_EDGE('',*,*,#2219,.T.);
#2219 = EDGE_CURVE('',#2212,#2203,#2220,.T.);
#2220 = B_SPLINE_CURVE_WITH_KNOTS('',1,(#2221,#2222),.UNSPECIFIED.,.F.,
  .F.,(2,2),(0.,1.699628750011E-03),.PIECEWISE_BEZIER_KNOTS.);
#2221 = CARTESIAN_POINT('',(2.297722656264,2.471414284285,2.9700001));
#2222 = CARTESIAN_POINT('',(2.296023027514,2.471414284285,2.9700001));
#2223 = B_SPLINE_SURFACE_WITH_KNOTS('',1,1,(
    (#2224,#2225)
    ,(#2226,#2227
    )),.UNSPECIFIED.,.F.,.F.,.F.,(2,2),(2,2),(-1.414284285447E-03,
    2.013855482523E-02),(4.896023027514,4.897722656264),
  .PIECEWISE_BEZIER_KNOTS.);
#2224 = CARTESIAN_POINT('',(2.296023027514,2.471414284285,2.9700001));
#2225 = CARTESIAN_POINT('',(2.297722656264,2.471414284285,2.9700001));
#2226 = CARTESIAN_POINT('',(2.296023027514,2.449861445175,2.9700001));
#2227 = CARTESIAN_POINT('',(2.297722656264,2.449861445175,2.9700001));
#2228 = ADVANCED_FACE('',(#2229),#2244,.T.);
#2229 = FACE_BOUND('',#2230,.T.);
#2230 = EDGE_LOOP('',(#2231,#2238,#2239));
#2231 = ORIENTED_EDGE('',*,*,#2232,.F.);
#2232 = EDGE_CURVE('',#62,#2233,#2235,.T.);
#2233 = VERTEX_POINT('',#2234);
#2234 = CARTESIAN_POINT('',(-2.296023027514,-2.471414284285,2.9700001));
#2235 = B_SPLINE_CURVE_WITH_KNOTS('',1,(#2236,#2237),.UNSPECIFIED.,.F.,
  .F.,(2,2),(-2.013855482523E-02,1.414284285429E-03),
  .PIECEWISE_BEZIER_KNOTS.);
#2236 = CARTESIAN_POINT('',(-2.296023027514,-2.449861445175,2.9700001));
#2237 = CARTESIAN_POINT('',(-2.296023027514,-2.471414284285,2.9700001));
#2238 = ORIENTED_EDGE('',*,*,#61,.T.);
#2239 = ORIENTED_EDGE('',*,*,#2240,.T.);
#2240 = EDGE_CURVE('',#47,#2233,#2241,.T.);
#2241 = B_SPLINE_CURVE_WITH_KNOTS('',1,(#2242,#2243),.UNSPECIFIED.,.F.,
  .F.,(2,2),(0.,1.699628750011E-03),.PIECEWISE_BEZIER_KNOTS.);
#2242 = CARTESIAN_POINT('',(-2.297722656264,-2.471414284285,2.9700001));
#2243 = CARTESIAN_POINT('',(-2.296023027514,-2.471414284285,2.9700001));
#2244 = B_SPLINE_SURFACE_WITH_KNOTS('',1,1,(
    (#2245,#2246)
    ,(#2247,#2248
    )),.UNSPECIFIED.,.F.,.F.,.F.,(2,2),(2,2),(4.919861445175,
    4.941414284285),(0.302277343736,0.303976972486),
  .PIECEWISE_BEZIER_KNOTS.);
#2245 = CARTESIAN_POINT('',(-2.297722656264,-2.449861445175,2.9700001));
#2246 = CARTESIAN_POINT('',(-2.296023027514,-2.449861445175,2.9700001));
#2247 = CARTESIAN_POINT('',(-2.297722656264,-2.471414284285,2.9700001));
#2248 = CARTESIAN_POINT('',(-2.296023027514,-2.471414284285,2.9700001));
#2249 = ADVANCED_FACE('',(#2250),#2274,.T.);
#2250 = FACE_BOUND('',#2251,.T.);
#2251 = EDGE_LOOP('',(#2252,#2261,#2269));
#2252 = ORIENTED_EDGE('',*,*,#2253,.T.);
#2253 = EDGE_CURVE('',#2254,#2256,#2258,.T.);
#2254 = VERTEX_POINT('',#2255);
#2255 = CARTESIAN_POINT('',(-2.296023027514,2.471414284285,3.00001E-02)
  );
#2256 = VERTEX_POINT('',#2257);
#2257 = CARTESIAN_POINT('',(-2.296023027514,2.449861445175,3.00001E-02)
  );
#2258 = B_SPLINE_CURVE_WITH_KNOTS('',1,(#2259,#2260),.UNSPECIFIED.,.F.,
  .F.,(2,2),(-1.414284285429E-03,2.013855482523E-02),
  .PIECEWISE_BEZIER_KNOTS.);
#2259 = CARTESIAN_POINT('',(-2.296023027514,2.471414284285,3.00001E-02)
  );
#2260 = CARTESIAN_POINT('',(-2.296023027514,2.449861445175,3.00001E-02)
  );
#2261 = ORIENTED_EDGE('',*,*,#2262,.F.);
#2262 = EDGE_CURVE('',#2263,#2256,#2265,.T.);
#2263 = VERTEX_POINT('',#2264);
#2264 = CARTESIAN_POINT('',(-2.297722656264,2.471414284285,3.00001E-02)
  );
#2265 = ( BOUNDED_CURVE() B_SPLINE_CURVE(2,(#2266,#2267,#2268),
.UNSPECIFIED.,.F.,.F.) B_SPLINE_CURVE_WITH_KNOTS((3,3),(6.204144108269,
6.204834835136),.PIECEWISE_BEZIER_KNOTS.) CURVE() 
GEOMETRIC_REPRESENTATION_ITEM() RATIONAL_B_SPLINE_CURVE((1.,
0.999999940362,1.)) REPRESENTATION_ITEM('') );
#2266 = CARTESIAN_POINT('',(-2.297722656264,2.471414284285,3.00001E-02)
  );
#2267 = CARTESIAN_POINT('',(-2.296869120107,2.460638158225,3.00001E-02)
  );
#2268 = CARTESIAN_POINT('',(-2.296023027514,2.449861445175,3.00001E-02)
  );
#2269 = ORIENTED_EDGE('',*,*,#2270,.T.);
#2270 = EDGE_CURVE('',#2263,#2254,#2271,.T.);
#2271 = B_SPLINE_CURVE_WITH_KNOTS('',1,(#2272,#2273),.UNSPECIFIED.,.F.,
  .F.,(2,2),(0.,1.699628750011E-03),.PIECEWISE_BEZIER_KNOTS.);
#2272 = CARTESIAN_POINT('',(-2.297722656264,2.471414284285,3.00001E-02)
  );
#2273 = CARTESIAN_POINT('',(-2.296023027514,2.471414284285,3.00001E-02)
  );
#2274 = B_SPLINE_SURFACE_WITH_KNOTS('',1,1,(
    (#2275,#2276)
    ,(#2277,#2278
    )),.UNSPECIFIED.,.F.,.F.,.F.,(2,2),(2,2),(-2.013855482523E-02,
    1.414284285446E-03),(0.302277343736,0.303976972486),
  .PIECEWISE_BEZIER_KNOTS.);
#2275 = CARTESIAN_POINT('',(-2.297722656264,2.449861445175,3.00001E-02)
  );
#2276 = CARTESIAN_POINT('',(-2.296023027514,2.449861445175,3.00001E-02)
  );
#2277 = CARTESIAN_POINT('',(-2.297722656264,2.471414284285,3.00001E-02)
  );
#2278 = CARTESIAN_POINT('',(-2.296023027514,2.471414284285,3.00001E-02)
  );
#2279 = ADVANCED_FACE('',(#2280),#2311,.F.);
#2280 = FACE_BOUND('',#2281,.T.);
#2281 = EDGE_LOOP('',(#2282,#2292,#2299,#2306));
#2282 = ORIENTED_EDGE('',*,*,#2283,.F.);
#2283 = EDGE_CURVE('',#2284,#2286,#2288,.T.);
#2284 = VERTEX_POINT('',#2285);
#2285 = CARTESIAN_POINT('',(-2.287061045382,-2.5,2.9000001));
#2286 = VERTEX_POINT('',#2287);
#2287 = CARTESIAN_POINT('',(-2.287061045382,-2.5,0.1000001));
#2288 = ( BOUNDED_CURVE() B_SPLINE_CURVE(2,(#2289,#2290,#2291),
.UNSPECIFIED.,.F.,.F.) B_SPLINE_CURVE_WITH_KNOTS((3,3),(1.44658335701,
1.69500929658),.PIECEWISE_BEZIER_KNOTS.) CURVE() 
GEOMETRIC_REPRESENTATION_ITEM() RATIONAL_B_SPLINE_CURVE((1.,
0.99229548271,1.)) REPRESENTATION_ITEM('') );
#2289 = CARTESIAN_POINT('',(-2.287061045382,-2.5,2.9000001));
#2290 = CARTESIAN_POINT('',(-2.112262983256,-2.5,1.5000001));
#2291 = CARTESIAN_POINT('',(-2.287061045382,-2.5,0.1000001));
#2292 = ORIENTED_EDGE('',*,*,#2293,.T.);
#2293 = EDGE_CURVE('',#2284,#2294,#2296,.T.);
#2294 = VERTEX_POINT('',#2295);
#2295 = CARTESIAN_POINT('',(-2.7,-2.5,2.9000001));
#2296 = B_SPLINE_CURVE_WITH_KNOTS('',1,(#2297,#2298),.UNSPECIFIED.,.F.,
  .F.,(2,2),(8.706104538155E-02,0.5),.PIECEWISE_BEZIER_KNOTS.);
#2297 = CARTESIAN_POINT('',(-2.287061045382,-2.5,2.9000001));
#2298 = CARTESIAN_POINT('',(-2.7,-2.5,2.9000001));
#2299 = ORIENTED_EDGE('',*,*,#2300,.T.);
#2300 = EDGE_CURVE('',#2294,#2301,#2303,.T.);
#2301 = VERTEX_POINT('',#2302);
#2302 = CARTESIAN_POINT('',(-2.7,-2.5,0.1000001));
#2303 = B_SPLINE_CURVE_WITH_KNOTS('',1,(#2304,#2305),.UNSPECIFIED.,.F.,
  .F.,(2,2),(-2.9,-0.1),.PIECEWISE_BEZIER_KNOTS.);
#2304 = CARTESIAN_POINT('',(-2.7,-2.5,2.9000001));
#2305 = CARTESIAN_POINT('',(-2.7,-2.5,0.1000001));
#2306 = ORIENTED_EDGE('',*,*,#2307,.T.);
#2307 = EDGE_CURVE('',#2301,#2286,#2308,.T.);
#2308 = B_SPLINE_CURVE_WITH_KNOTS('',1,(#2309,#2310),.UNSPECIFIED.,.F.,
  .F.,(2,2),(-0.5,-8.706104538155E-02),.PIECEWISE_BEZIER_KNOTS.);
#2309 = CARTESIAN_POINT('',(-2.7,-2.5,0.1000001));
#2310 = CARTESIAN_POINT('',(-2.287061045382,-2.5,0.1000001));
#2311 = B_SPLINE_SURFACE_WITH_KNOTS('',1,1,(
    (#2312,#2313)
    ,(#2314,#2315
    )),.UNSPECIFIED.,.F.,.F.,.F.,(2,2),(2,2),(0.1,2.9),(-0.5,0.),
  .PIECEWISE_BEZIER_KNOTS.);
#2312 = CARTESIAN_POINT('',(-2.7,-2.5,0.1000001));
#2313 = CARTESIAN_POINT('',(-2.2,-2.5,0.1000001));
#2314 = CARTESIAN_POINT('',(-2.7,-2.5,2.9000001));
#2315 = CARTESIAN_POINT('',(-2.2,-2.5,2.9000001));
#2316 = ADVANCED_FACE('',(#2317),#2413,.T.);
#2317 = FACE_BOUND('',#2318,.T.);
#2318 = EDGE_LOOP('',(#2319,#2329,#2344,#2351,#2360,#2376,#2377,#2392,
    #2399,#2400));
#2319 = ORIENTED_EDGE('',*,*,#2320,.F.);
#2320 = EDGE_CURVE('',#2321,#2323,#2325,.T.);
#2321 = VERTEX_POINT('',#2322);
#2322 = CARTESIAN_POINT('',(-2.287061045382,2.5,2.9000001));
#2323 = VERTEX_POINT('',#2324);
#2324 = CARTESIAN_POINT('',(-2.287061045382,2.5,0.1000001));
#2325 = ( BOUNDED_CURVE() B_SPLINE_CURVE(2,(#2326,#2327,#2328),
.UNSPECIFIED.,.F.,.F.) B_SPLINE_CURVE_WITH_KNOTS((3,3),(1.44658335701,
1.69500929658),.PIECEWISE_BEZIER_KNOTS.) CURVE() 
GEOMETRIC_REPRESENTATION_ITEM() RATIONAL_B_SPLINE_CURVE((1.,
0.99229548271,1.)) REPRESENTATION_ITEM('') );
#2326 = CARTESIAN_POINT('',(-2.287061045382,2.5,2.9000001));
#2327 = CARTESIAN_POINT('',(-2.112262983256,2.5,1.5000001));
#2328 = CARTESIAN_POINT('',(-2.287061045382,2.5,0.1000001));
#2329 = ORIENTED_EDGE('',*,*,#2330,.T.);
#2330 = EDGE_CURVE('',#2321,#2331,#2333,.T.);
#2331 = VERTEX_POINT('',#2332);
#2332 = CARTESIAN_POINT('',(-2.296023027514,2.471414284285,2.9700001));
#2333 = B_SPLINE_CURVE_WITH_KNOTS('',3,(#2334,#2335,#2336,#2337,#2338,
    #2339,#2340,#2341,#2342,#2343),.UNSPECIFIED.,.F.,.F.,(4,3,3,4),(0.,
    3.405785220418E-05,6.812199179891E-05,7.760764970317E-05),
  .UNSPECIFIED.);
#2334 = CARTESIAN_POINT('',(-2.287061045382,2.5,2.9000001));
#2335 = CARTESIAN_POINT('',(-2.288467564352,2.5,2.911265250964));
#2336 = CARTESIAN_POINT('',(-2.28991138692,2.498043348858,2.922683505738
    ));
#2337 = CARTESIAN_POINT('',(-2.291270346351,2.494288904589,2.93331079605
    ));
#2338 = CARTESIAN_POINT('',(-2.292629441529,2.49053408529,2.943939147921
    ));
#2339 = CARTESIAN_POINT('',(-2.293941054054,2.484876139661,
    2.954070730206));
#2340 = CARTESIAN_POINT('',(-2.29508802243,2.477776137982,2.962856065195
    ));
#2341 = CARTESIAN_POINT('',(-2.295411683688,2.475772599331,
    2.965335185484));
#2342 = CARTESIAN_POINT('',(-2.295724137926,2.473647232295,
    2.967722037372));
#2343 = CARTESIAN_POINT('',(-2.296023027514,2.471414284285,2.9700001));
#2344 = ORIENTED_EDGE('',*,*,#2345,.T.);
#2345 = EDGE_CURVE('',#2331,#2346,#2348,.T.);
#2346 = VERTEX_POINT('',#2347);
#2347 = CARTESIAN_POINT('',(-2.296023027514,2.449861445175,2.9700001));
#2348 = B_SPLINE_CURVE_WITH_KNOTS('',1,(#2349,#2350),.UNSPECIFIED.,.F.,
  .F.,(2,2),(-1.414284285429E-03,2.013855482523E-02),
  .PIECEWISE_BEZIER_KNOTS.);
#2349 = CARTESIAN_POINT('',(-2.296023027514,2.471414284285,2.9700001));
#2350 = CARTESIAN_POINT('',(-2.296023027514,2.449861445175,2.9700001));
#2351 = ORIENTED_EDGE('',*,*,#2352,.T.);
#2352 = EDGE_CURVE('',#2346,#2353,#2355,.T.);
#2353 = VERTEX_POINT('',#2354);
#2354 = CARTESIAN_POINT('',(-2.293980958816,2.423711121656,
    2.954351243504));
#2355 = B_SPLINE_CURVE_WITH_KNOTS('',3,(#2356,#2357,#2358,#2359),
  .UNSPECIFIED.,.F.,.F.,(4,4),(0.,3.054334910163E-05),
  .PIECEWISE_BEZIER_KNOTS.);
#2356 = CARTESIAN_POINT('',(-2.296023027514,2.449861445175,2.9700001));
#2357 = CARTESIAN_POINT('',(-2.295338671813,2.441144780986,
    2.964784109856));
#2358 = CARTESIAN_POINT('',(-2.294657982334,2.432428005699,
    2.959567823056));
#2359 = CARTESIAN_POINT('',(-2.293980958816,2.423711121656,
    2.954351243504));
#2360 = ORIENTED_EDGE('',*,*,#2361,.T.);
#2361 = EDGE_CURVE('',#2353,#799,#2362,.T.);
#2362 = B_SPLINE_CURVE_WITH_KNOTS('',3,(#2363,#2364,#2365,#2366,#2367,
    #2368,#2369,#2370,#2371,#2372,#2373,#2374,#2375),.UNSPECIFIED.,.F.,
  .F.,(4,3,3,3,4),(5.650414969148E-05,6.672973454152E-05,
    1.002212616037E-04,1.339827927218E-04,1.568338347887E-04),
  .UNSPECIFIED.);
#2363 = CARTESIAN_POINT('',(-2.293980958816,2.423711121656,
    2.954351243504));
#2364 = CARTESIAN_POINT('',(-2.293742294113,2.426599120574,
    2.952512292012));
#2365 = CARTESIAN_POINT('',(-2.293484565975,2.429395130433,
    2.950522906613));
#2366 = CARTESIAN_POINT('',(-2.293210089721,2.432077239066,
    2.948399184114));
#2367 = CARTESIAN_POINT('',(-2.292317143507,2.440802870913,
    2.941490134853));
#2368 = CARTESIAN_POINT('',(-2.291226661515,2.448448915669,
    2.933000262586));
#2369 = CARTESIAN_POINT('',(-2.290036657182,2.454402860426,
    2.923629915886));
#2370 = CARTESIAN_POINT('',(-2.288837177738,2.460404211979,
    2.914184960144));
#2371 = CARTESIAN_POINT('',(-2.287504187177,2.46485101833,2.903587601128
    ));
#2372 = CARTESIAN_POINT('',(-2.28615279898,2.467387997617,2.892706440969
    ));
#2373 = CARTESIAN_POINT('',(-2.285231152741,2.469118216529,
    2.885285493861));
#2374 = CARTESIAN_POINT('',(-2.284286688317,2.470000000001,
    2.877618996384));
#2375 = CARTESIAN_POINT('',(-2.283356116913,2.47,2.8700001));
#2376 = ORIENTED_EDGE('',*,*,#798,.T.);
#2377 = ORIENTED_EDGE('',*,*,#2378,.T.);
#2378 = EDGE_CURVE('',#801,#2379,#2381,.T.);
#2379 = VERTEX_POINT('',#2380);
#2380 = CARTESIAN_POINT('',(-2.293980958816,2.423711121656,
    4.564895649556E-02));
#2381 = B_SPLINE_CURVE_WITH_KNOTS('',3,(#2382,#2383,#2384,#2385,#2386,
    #2387,#2388,#2389,#2390,#2391),.UNSPECIFIED.,.F.,.F.,(4,3,3,4),(0.,
    3.403758601294E-05,6.808115957626E-05,1.004912540379E-04),
  .UNSPECIFIED.);
#2382 = CARTESIAN_POINT('',(-2.283356116913,2.47,0.1300001));
#2383 = CARTESIAN_POINT('',(-2.284731677173,2.47,0.11873793242));
#2384 = CARTESIAN_POINT('',(-2.286144098527,2.468044346536,
    0.107322653712));
#2385 = CARTESIAN_POINT('',(-2.287473807823,2.464291990584,
    9.669814042309E-02));
#2386 = CARTESIAN_POINT('',(-2.288803643596,2.460539277727,
    8.607261658203E-02));
#2387 = CARTESIAN_POINT('',(-2.290087332233,2.454884669782,
    7.594378455599E-02));
#2388 = CARTESIAN_POINT('',(-2.291210128046,2.447789279998,
    6.716039983031E-02));
#2389 = CARTESIAN_POINT('',(-2.292279015703,2.441034557125,
    5.879872675612E-02));
#2390 = CARTESIAN_POINT('',(-2.293229786424,2.432800798631,
    5.143686553353E-02));
#2391 = CARTESIAN_POINT('',(-2.293980958816,2.423711121656,
    4.564895649556E-02));
#2392 = ORIENTED_EDGE('',*,*,#2393,.F.);
#2393 = EDGE_CURVE('',#2256,#2379,#2394,.T.);
#2394 = B_SPLINE_CURVE_WITH_KNOTS('',3,(#2395,#2396,#2397,#2398),
  .UNSPECIFIED.,.F.,.F.,(4,4),(0.,3.054334910171E-05),
  .PIECEWISE_BEZIER_KNOTS.);
#2395 = CARTESIAN_POINT('',(-2.296023027514,2.449861445175,3.00001E-02)
  );
#2396 = CARTESIAN_POINT('',(-2.295338671813,2.441144780986,
    3.521609014405E-02));
#2397 = CARTESIAN_POINT('',(-2.294657982334,2.432428005698,
    4.043237694365E-02));
#2398 = CARTESIAN_POINT('',(-2.293980958816,2.423711121656,
    4.564895649556E-02));
#2399 = ORIENTED_EDGE('',*,*,#2253,.F.);
#2400 = ORIENTED_EDGE('',*,*,#2401,.T.);
#2401 = EDGE_CURVE('',#2254,#2323,#2402,.T.);
#2402 = B_SPLINE_CURVE_WITH_KNOTS('',3,(#2403,#2404,#2405,#2406,#2407,
    #2408,#2409,#2410,#2411,#2412),.UNSPECIFIED.,.F.,.F.,(4,3,3,4),(0.,
    3.393427112378E-05,6.785846203514E-05,7.76011592103E-05),
  .UNSPECIFIED.);
#2403 = CARTESIAN_POINT('',(-2.296023027514,2.471414284285,3.00001E-02)
  );
#2404 = CARTESIAN_POINT('',(-2.294967791991,2.479297750801,
    3.804284455574E-02));
#2405 = CARTESIAN_POINT('',(-2.29372918958,2.485881481265,
    4.755391366971E-02));
#2406 = CARTESIAN_POINT('',(-2.292418837921,2.49062991863,
    5.773642944043E-02));
#2407 = CARTESIAN_POINT('',(-2.291108728182,2.495377479329,
    6.791706529507E-02));
#2408 = CARTESIAN_POINT('',(-2.289691122338,2.498422493985,
    7.904916373691E-02));
#2409 = CARTESIAN_POINT('',(-2.288286838162,2.499520318609,
    9.021714625711E-02));
#2410 = CARTESIAN_POINT('',(-2.287878271684,2.499839722863,
    9.346639121747E-02));
#2411 = CARTESIAN_POINT('',(-2.287468701912,2.5,9.673508015162E-02));
#2412 = CARTESIAN_POINT('',(-2.287061045382,2.5,0.1000001));
#2413 = ( BOUNDED_SURFACE() B_SPLINE_SURFACE(2,1,(
    (#2414,#2415)
    ,(#2416,#2417)
    ,(#2418,#2419
)),.UNSPECIFIED.,.F.,.F.,.F.) B_SPLINE_SURFACE_WITH_KNOTS((3,3),(2,2),(
    1.440338093593,1.701254559997),(-4.628887834449E-02,3.E-02),
.PIECEWISE_BEZIER_KNOTS.) GEOMETRIC_REPRESENTATION_ITEM() 
RATIONAL_B_SPLINE_SURFACE((
    (1.,1.)
    ,(0.991502386946,0.991502386946)
,(1.,1.))) REPRESENTATION_ITEM('') SURFACE() );
#2414 = CARTESIAN_POINT('',(-2.296023027514,2.423711121656,2.9700001));
#2415 = CARTESIAN_POINT('',(-2.296023027514,2.5,2.9700001));
#2416 = CARTESIAN_POINT('',(-2.103154012761,2.423711121656,1.5000001));
#2417 = CARTESIAN_POINT('',(-2.103154012761,2.5,1.5000001));
#2418 = CARTESIAN_POINT('',(-2.296023027514,2.423711121656,3.00001E-02)
  );
#2419 = CARTESIAN_POINT('',(-2.296023027514,2.5,3.00001E-02));
#2420 = ADVANCED_FACE('',(#2421),#2452,.F.);
#2421 = FACE_BOUND('',#2422,.T.);
#2422 = EDGE_LOOP('',(#2423,#2433,#2440,#2447));
#2423 = ORIENTED_EDGE('',*,*,#2424,.T.);
#2424 = EDGE_CURVE('',#2425,#2427,#2429,.T.);
#2425 = VERTEX_POINT('',#2426);
#2426 = CARTESIAN_POINT('',(-2.292148423834,2.4,1.000000000584E-07));
#2427 = VERTEX_POINT('',#2428);
#2428 = CARTESIAN_POINT('',(-2.292148423834,-2.4,1.000000000584E-07));
#2429 = ( BOUNDED_CURVE() B_SPLINE_CURVE(2,(#2430,#2431,#2432),
.UNSPECIFIED.,.F.,.F.) B_SPLINE_CURVE_WITH_KNOTS((3,3),(6.206432655156,
6.359937959203),.PIECEWISE_BEZIER_KNOTS.) CURVE() 
GEOMETRIC_REPRESENTATION_ITEM() RATIONAL_B_SPLINE_CURVE((1.,0.9970559609
,1.)) REPRESENTATION_ITEM('') );
#2430 = CARTESIAN_POINT('',(-2.292148423834,2.4,1.000000000584E-07));
#2431 = CARTESIAN_POINT('',(-2.107579486561,7.910970064779E-15,
    1.000000000584E-07));
#2432 = CARTESIAN_POINT('',(-2.292148423834,-2.4,1.000000000584E-07));
#2433 = ORIENTED_EDGE('',*,*,#2434,.T.);
#2434 = EDGE_CURVE('',#2427,#2435,#2437,.T.);
#2435 = VERTEX_POINT('',#2436);
#2436 = CARTESIAN_POINT('',(-2.7,-2.4,1.000000000584E-07));
#2437 = B_SPLINE_CURVE_WITH_KNOTS('',1,(#2438,#2439),.UNSPECIFIED.,.F.,
  .F.,(2,2),(9.214842383411E-02,0.5),.PIECEWISE_BEZIER_KNOTS.);
#2438 = CARTESIAN_POINT('',(-2.292148423834,-2.4,1.000000000584E-07));
#2439 = CARTESIAN_POINT('',(-2.7,-2.4,1.000000000584E-07));
#2440 = ORIENTED_EDGE('',*,*,#2441,.T.);
#2441 = EDGE_CURVE('',#2435,#2442,#2444,.T.);
#2442 = VERTEX_POINT('',#2443);
#2443 = CARTESIAN_POINT('',(-2.7,2.4,1.000000000584E-07));
#2444 = B_SPLINE_CURVE_WITH_KNOTS('',1,(#2445,#2446),.UNSPECIFIED.,.F.,
  .F.,(2,2),(-4.9,-1.E-01),.PIECEWISE_BEZIER_KNOTS.);
#2445 = CARTESIAN_POINT('',(-2.7,-2.4,1.000000000584E-07));
#2446 = CARTESIAN_POINT('',(-2.7,2.4,1.000000000584E-07));
#2447 = ORIENTED_EDGE('',*,*,#2448,.T.);
#2448 = EDGE_CURVE('',#2442,#2425,#2449,.T.);
#2449 = B_SPLINE_CURVE_WITH_KNOTS('',1,(#2450,#2451),.UNSPECIFIED.,.F.,
  .F.,(2,2),(-0.5,-9.214842383411E-02),.PIECEWISE_BEZIER_KNOTS.);
#2450 = CARTESIAN_POINT('',(-2.7,2.4,1.000000000584E-07));
#2451 = CARTESIAN_POINT('',(-2.292148423834,2.4,1.000000000584E-07));
#2452 = B_SPLINE_SURFACE_WITH_KNOTS('',1,1,(
    (#2453,#2454)
    ,(#2455,#2456
    )),.UNSPECIFIED.,.F.,.F.,.F.,(2,2),(2,2),(-0.5,0.),(-4.9,
    -9.999999999999E-02),.PIECEWISE_BEZIER_KNOTS.);
#2453 = CARTESIAN_POINT('',(-2.7,-2.4,1.000000000584E-07));
#2454 = CARTESIAN_POINT('',(-2.7,2.4,1.000000000584E-07));
#2455 = CARTESIAN_POINT('',(-2.2,-2.4,1.000000000584E-07));
#2456 = CARTESIAN_POINT('',(-2.2,2.4,1.000000000584E-07));
#2457 = ADVANCED_FACE('',(#2458),#2480,.F.);
#2458 = FACE_BOUND('',#2459,.T.);
#2459 = EDGE_LOOP('',(#2460,#2469,#2474,#2475));
#2460 = ORIENTED_EDGE('',*,*,#2461,.T.);
#2461 = EDGE_CURVE('',#2462,#2464,#2466,.T.);
#2462 = VERTEX_POINT('',#2463);
#2463 = CARTESIAN_POINT('',(-2.7,2.5,0.1000001));
#2464 = VERTEX_POINT('',#2465);
#2465 = CARTESIAN_POINT('',(-2.7,2.5,2.9000001));
#2466 = B_SPLINE_CURVE_WITH_KNOTS('',1,(#2467,#2468),.UNSPECIFIED.,.F.,
  .F.,(2,2),(0.1,2.9),.PIECEWISE_BEZIER_KNOTS.);
#2467 = CARTESIAN_POINT('',(-2.7,2.5,0.1000001));
#2468 = CARTESIAN_POINT('',(-2.7,2.5,2.9000001));
#2469 = ORIENTED_EDGE('',*,*,#2470,.T.);
#2470 = EDGE_CURVE('',#2464,#2321,#2471,.T.);
#2471 = B_SPLINE_CURVE_WITH_KNOTS('',1,(#2472,#2473),.UNSPECIFIED.,.F.,
  .F.,(2,2),(-0.5,-8.706104538155E-02),.PIECEWISE_BEZIER_KNOTS.);
#2472 = CARTESIAN_POINT('',(-2.7,2.5,2.9000001));
#2473 = CARTESIAN_POINT('',(-2.287061045382,2.5,2.9000001));
#2474 = ORIENTED_EDGE('',*,*,#2320,.T.);
#2475 = ORIENTED_EDGE('',*,*,#2476,.T.);
#2476 = EDGE_CURVE('',#2323,#2462,#2477,.T.);
#2477 = B_SPLINE_CURVE_WITH_KNOTS('',1,(#2478,#2479),.UNSPECIFIED.,.F.,
  .F.,(2,2),(8.706104538155E-02,0.5),.PIECEWISE_BEZIER_KNOTS.);
#2478 = CARTESIAN_POINT('',(-2.287061045382,2.5,0.1000001));
#2479 = CARTESIAN_POINT('',(-2.7,2.5,0.1000001));
#2480 = B_SPLINE_SURFACE_WITH_KNOTS('',1,1,(
    (#2481,#2482)
    ,(#2483,#2484
    )),.UNSPECIFIED.,.F.,.F.,.F.,(2,2),(2,2),(-2.9,-0.1),(-0.5,0.),
  .PIECEWISE_BEZIER_KNOTS.);
#2481 = CARTESIAN_POINT('',(-2.7,2.5,2.9000001));
#2482 = CARTESIAN_POINT('',(-2.2,2.5,2.9000001));
#2483 = CARTESIAN_POINT('',(-2.7,2.5,0.1000001));
#2484 = CARTESIAN_POINT('',(-2.2,2.5,0.1000001));
#2485 = ADVANCED_FACE('',(#2486),#2516,.F.);
#2486 = FACE_BOUND('',#2487,.T.);
#2487 = EDGE_LOOP('',(#2488,#2497,#2502,#2503,#2511));
#2488 = ORIENTED_EDGE('',*,*,#2489,.T.);
#2489 = EDGE_CURVE('',#2490,#2492,#2494,.T.);
#2490 = VERTEX_POINT('',#2491);
#2491 = CARTESIAN_POINT('',(-2.7,2.4,3.0000001));
#2492 = VERTEX_POINT('',#2493);
#2493 = CARTESIAN_POINT('',(-2.7,-2.4,3.0000001));
#2494 = B_SPLINE_CURVE_WITH_KNOTS('',1,(#2495,#2496),.UNSPECIFIED.,.F.,
  .F.,(2,2),(1.E-01,4.9),.PIECEWISE_BEZIER_KNOTS.);
#2495 = CARTESIAN_POINT('',(-2.7,2.4,3.0000001));
#2496 = CARTESIAN_POINT('',(-2.7,-2.4,3.0000001));
#2497 = ORIENTED_EDGE('',*,*,#2498,.T.);
#2498 = EDGE_CURVE('',#2492,#39,#2499,.T.);
#2499 = B_SPLINE_CURVE_WITH_KNOTS('',1,(#2500,#2501),.UNSPECIFIED.,.F.,
  .F.,(2,2),(-0.5,-9.214842383411E-02),.PIECEWISE_BEZIER_KNOTS.);
#2500 = CARTESIAN_POINT('',(-2.7,-2.4,3.0000001));
#2501 = CARTESIAN_POINT('',(-2.292148423834,-2.4,3.0000001));
#2502 = ORIENTED_EDGE('',*,*,#38,.F.);
#2503 = ORIENTED_EDGE('',*,*,#2504,.F.);
#2504 = EDGE_CURVE('',#2505,#32,#2507,.T.);
#2505 = VERTEX_POINT('',#2506);
#2506 = CARTESIAN_POINT('',(-2.292148423834,2.4,3.0000001));
#2507 = ( BOUNDED_CURVE() B_SPLINE_CURVE(2,(#2508,#2509,#2510),
.UNSPECIFIED.,.F.,.F.) B_SPLINE_CURVE_WITH_KNOTS((3,3),(6.206432655156,
6.28318530718),.PIECEWISE_BEZIER_KNOTS.) CURVE() 
GEOMETRIC_REPRESENTATION_ITEM() RATIONAL_B_SPLINE_CURVE((1.,
0.99926371917,1.)) REPRESENTATION_ITEM('') );
#2508 = CARTESIAN_POINT('',(-2.292148423834,2.4,3.0000001));
#2509 = CARTESIAN_POINT('',(-2.2,1.201769027503,3.0000001));
#2510 = CARTESIAN_POINT('',(-2.2,7.888333567587E-15,3.0000001));
#2511 = ORIENTED_EDGE('',*,*,#2512,.T.);
#2512 = EDGE_CURVE('',#2505,#2490,#2513,.T.);
#2513 = B_SPLINE_CURVE_WITH_KNOTS('',1,(#2514,#2515),.UNSPECIFIED.,.F.,
  .F.,(2,2),(9.214842383411E-02,0.5),.PIECEWISE_BEZIER_KNOTS.);
#2514 = CARTESIAN_POINT('',(-2.292148423834,2.4,3.0000001));
#2515 = CARTESIAN_POINT('',(-2.7,2.4,3.0000001));
#2516 = B_SPLINE_SURFACE_WITH_KNOTS('',1,1,(
    (#2517,#2518)
    ,(#2519,#2520
    )),.UNSPECIFIED.,.F.,.F.,.F.,(2,2),(2,2),(0.,0.5),(-4.9,
    -9.999999999999E-02),.PIECEWISE_BEZIER_KNOTS.);
#2517 = CARTESIAN_POINT('',(-2.2,-2.4,3.0000001));
#2518 = CARTESIAN_POINT('',(-2.2,2.4,3.0000001));
#2519 = CARTESIAN_POINT('',(-2.7,-2.4,3.0000001));
#2520 = CARTESIAN_POINT('',(-2.7,2.4,3.0000001));
#2521 = ADVANCED_FACE('',(#2522),#2584,.T.);
#2522 = FACE_BOUND('',#2523,.T.);
#2523 = EDGE_LOOP('',(#2524,#2525,#2526,#2536,#2537,#2549,#2556,#2557,
    #2570,#2571));
#2524 = ORIENTED_EDGE('',*,*,#2262,.T.);
#2525 = ORIENTED_EDGE('',*,*,#2393,.T.);
#2526 = ORIENTED_EDGE('',*,*,#2527,.T.);
#2527 = EDGE_CURVE('',#2379,#2055,#2528,.T.);
#2528 = B_SPLINE_CURVE_WITH_KNOTS('',3,(#2529,#2530,#2531,#2532,#2533,
    #2534,#2535),.UNSPECIFIED.,.F.,.F.,(4,3,4),(1.089731763835E-05,
    3.375259939588E-05,6.750271384984E-05),.UNSPECIFIED.);
#2529 = CARTESIAN_POINT('',(-2.293980958816,2.423711121656,
    4.564895649556E-02));
#2530 = CARTESIAN_POINT('',(-2.293482168559,2.417289045152,
    4.155965885214E-02));
#2531 = CARTESIAN_POINT('',(-2.292945627783,2.410354590111,
    3.818825070394E-02));
#2532 = CARTESIAN_POINT('',(-2.292392817395,2.403175802183,
    3.566364814012E-02));
#2533 = CARTESIAN_POINT('',(-2.29157768131,2.392590456444,
    3.194104325781E-02));
#2534 = CARTESIAN_POINT('',(-2.290707684061,2.381218114761,3.00001E-02)
  );
#2535 = CARTESIAN_POINT('',(-2.289855815777,2.37,3.00001E-02));
#2536 = ORIENTED_EDGE('',*,*,#2054,.T.);
#2537 = ORIENTED_EDGE('',*,*,#2538,.T.);
#2538 = EDGE_CURVE('',#2048,#2539,#2541,.T.);
#2539 = VERTEX_POINT('',#2540);
#2540 = CARTESIAN_POINT('',(-2.293980958816,-2.423711121656,
    4.564895649565E-02));
#2541 = B_SPLINE_CURVE_WITH_KNOTS('',3,(#2542,#2543,#2544,#2545,#2546,
    #2547,#2548),.UNSPECIFIED.,.F.,.F.,(4,3,4),(0.,3.37512370919E-05,
    5.660727909019E-05),.UNSPECIFIED.);
#2542 = CARTESIAN_POINT('',(-2.289855815777,-2.37,3.00001E-02));
#2543 = CARTESIAN_POINT('',(-2.290707684061,-2.381218114761,3.00001E-02)
  );
#2544 = CARTESIAN_POINT('',(-2.29157768131,-2.392590456444,
    3.194104325781E-02));
#2545 = CARTESIAN_POINT('',(-2.292392817395,-2.403175802183,
    3.566364814012E-02));
#2546 = CARTESIAN_POINT('',(-2.292945627783,-2.410354590112,
    3.818825070396E-02));
#2547 = CARTESIAN_POINT('',(-2.293482168559,-2.417289045152,
    4.155965885219E-02));
#2548 = CARTESIAN_POINT('',(-2.293980958816,-2.423711121656,
    4.564895649565E-02));
#2549 = ORIENTED_EDGE('',*,*,#2550,.F.);
#2550 = EDGE_CURVE('',#2076,#2539,#2551,.T.);
#2551 = B_SPLINE_CURVE_WITH_KNOTS('',3,(#2552,#2553,#2554,#2555),
  .UNSPECIFIED.,.F.,.F.,(4,4),(0.,3.054334910163E-05),
  .PIECEWISE_BEZIER_KNOTS.);
#2552 = CARTESIAN_POINT('',(-2.296023027514,-2.449861445175,3.00001E-02)
  );
#2553 = CARTESIAN_POINT('',(-2.295338671813,-2.441144780986,
    3.521609014406E-02));
#2554 = CARTESIAN_POINT('',(-2.294657982334,-2.432428005699,
    4.043237694374E-02));
#2555 = CARTESIAN_POINT('',(-2.293980958816,-2.423711121656,
    4.564895649565E-02));
#2556 = ORIENTED_EDGE('',*,*,#2075,.T.);
#2557 = ORIENTED_EDGE('',*,*,#2558,.T.);
#2558 = EDGE_CURVE('',#2078,#2427,#2559,.T.);
#2559 = B_SPLINE_CURVE_WITH_KNOTS('',3,(#2560,#2561,#2562,#2563,#2564,
    #2565,#2566,#2567,#2568,#2569),.UNSPECIFIED.,.F.,.F.,(4,3,3,4),(0.,
    3.370238748954E-05,6.740074937172E-05,7.925837941279E-05),
  .UNSPECIFIED.);
#2560 = CARTESIAN_POINT('',(-2.297722656264,-2.471414284285,3.00001E-02)
  );
#2561 = CARTESIAN_POINT('',(-2.297100742442,-2.463562453173,
    2.198963001137E-02));
#2562 = CARTESIAN_POINT('',(-2.29636395445,-2.454220700106,
    1.523158495209E-02));
#2563 = CARTESIAN_POINT('',(-2.295576430068,-2.444166456738,
    1.02820745021E-02));
#2564 = CARTESIAN_POINT('',(-2.294788963595,-2.434112952696,
    5.332928008538E-03));
#2565 = CARTESIAN_POINT('',(-2.293929182727,-2.423070065642,
    2.055112917428E-03));
#2566 = CARTESIAN_POINT('',(-2.293069720884,-2.411949948561,
    7.166737426965E-04));
#2567 = CARTESIAN_POINT('',(-2.292763506502,-2.407988004467,
    2.398063549922E-04));
#2568 = CARTESIAN_POINT('',(-2.29245530721,-2.403990487858,
    1.000000000584E-07));
#2569 = CARTESIAN_POINT('',(-2.292148423834,-2.4,1.000000000584E-07));
#2570 = ORIENTED_EDGE('',*,*,#2424,.F.);
#2571 = ORIENTED_EDGE('',*,*,#2572,.T.);
#2572 = EDGE_CURVE('',#2425,#2263,#2573,.T.);
#2573 = B_SPLINE_CURVE_WITH_KNOTS('',3,(#2574,#2575,#2576,#2577,#2578,
    #2579,#2580,#2581,#2582,#2583),.UNSPECIFIED.,.F.,.F.,(4,3,3,4),(0.,
    3.375563870261E-05,6.751382970905E-05,7.926091998662E-05),
  .UNSPECIFIED.);
#2574 = CARTESIAN_POINT('',(-2.292148423834,2.4,1.000000000584E-07));
#2575 = CARTESIAN_POINT('',(-2.293011187763,2.411218753594,
    1.000000000584E-07));
#2576 = CARTESIAN_POINT('',(-2.293892232149,2.422591737157,
    1.941256002481E-03));
#2577 = CARTESIAN_POINT('',(-2.294717653204,2.433177687052,
    5.664311023317E-03));
#2578 = CARTESIAN_POINT('',(-2.295543108481,2.443764075829,
    9.387520397734E-03));
#2579 = CARTESIAN_POINT('',(-2.296335647707,2.45385577287,
    1.499602152723E-02));
#2580 = CARTESIAN_POINT('',(-2.297026779647,2.462612882678,
    2.202813758541E-02));
#2581 = CARTESIAN_POINT('',(-2.297270323143,2.465698743733,
    2.450613929564E-02));
#2582 = CARTESIAN_POINT('',(-2.297503148721,2.468642941868,
    2.717276521107E-02));
#2583 = CARTESIAN_POINT('',(-2.297722656264,2.471414284285,3.00001E-02)
  );
#2584 = ( BOUNDED_SURFACE() B_SPLINE_SURFACE(2,1,(
    (#2585,#2586)
    ,(#2587,#2588)
    ,(#2589,#2590
)),.UNSPECIFIED.,.F.,.F.,.F.) B_SPLINE_SURFACE_WITH_KNOTS((3,3),(2,2),(
    3.062551454679,3.2206338525),(-1.564885649565E-02,3.E-02),
.PIECEWISE_BEZIER_KNOTS.) GEOMETRIC_REPRESENTATION_ITEM() 
RATIONAL_B_SPLINE_SURFACE((
    (1.,1.)
    ,(0.996877870407,0.996877870407)
,(1.,1.))) REPRESENTATION_ITEM('') SURFACE() );
#2585 = CARTESIAN_POINT('',(-2.297722656264,2.471414284285,
    4.564895649565E-02));
#2586 = CARTESIAN_POINT('',(-2.297722656264,2.471414284285,
    1.000000000584E-07));
#2587 = CARTESIAN_POINT('',(-2.101971285385,4.067194141414E-15,
    4.564895649565E-02));
#2588 = CARTESIAN_POINT('',(-2.101971285385,4.067194141414E-15,
    1.000000000584E-07));
#2589 = CARTESIAN_POINT('',(-2.297722656264,-2.471414284285,
    4.564895649565E-02));
#2590 = CARTESIAN_POINT('',(-2.297722656264,-2.471414284285,
    1.000000000584E-07));
#2591 = ADVANCED_FACE('',(#2592),#2623,.T.);
#2592 = FACE_BOUND('',#2593,.T.);
#2593 = EDGE_LOOP('',(#2594,#2603,#2610,#2618));
#2594 = ORIENTED_EDGE('',*,*,#2595,.T.);
#2595 = EDGE_CURVE('',#2596,#2598,#2600,.T.);
#2596 = VERTEX_POINT('',#2597);
#2597 = CARTESIAN_POINT('',(2.7,-2.4,3.0000001));
#2598 = VERTEX_POINT('',#2599);
#2599 = CARTESIAN_POINT('',(2.7,2.4,3.0000001));
#2600 = B_SPLINE_CURVE_WITH_KNOTS('',1,(#2601,#2602),.UNSPECIFIED.,.F.,
  .F.,(2,2),(-4.9,-1.E-01),.PIECEWISE_BEZIER_KNOTS.);
#2601 = CARTESIAN_POINT('',(2.7,-2.4,3.0000001));
#2602 = CARTESIAN_POINT('',(2.7,2.4,3.0000001));
#2603 = ORIENTED_EDGE('',*,*,#2604,.T.);
#2604 = EDGE_CURVE('',#2598,#2605,#2607,.T.);
#2605 = VERTEX_POINT('',#2606);
#2606 = CARTESIAN_POINT('',(2.292148423834,2.4,3.0000001));
#2607 = B_SPLINE_CURVE_WITH_KNOTS('',1,(#2608,#2609),.UNSPECIFIED.,.F.,
  .F.,(2,2),(-0.5,-9.214842383411E-02),.PIECEWISE_BEZIER_KNOTS.);
#2608 = CARTESIAN_POINT('',(2.7,2.4,3.0000001));
#2609 = CARTESIAN_POINT('',(2.292148423834,2.4,3.0000001));
#2610 = ORIENTED_EDGE('',*,*,#2611,.T.);
#2611 = EDGE_CURVE('',#2605,#2612,#2614,.T.);
#2612 = VERTEX_POINT('',#2613);
#2613 = CARTESIAN_POINT('',(2.292148423834,-2.4,3.0000001));
#2614 = ( BOUNDED_CURVE() B_SPLINE_CURVE(2,(#2615,#2616,#2617),
.UNSPECIFIED.,.F.,.F.) B_SPLINE_CURVE_WITH_KNOTS((3,3),(6.206432655156,
6.359937959203),.PIECEWISE_BEZIER_KNOTS.) CURVE() 
GEOMETRIC_REPRESENTATION_ITEM() RATIONAL_B_SPLINE_CURVE((1.,0.9970559609
,1.)) REPRESENTATION_ITEM('') );
#2615 = CARTESIAN_POINT('',(2.292148423834,2.4,3.0000001));
#2616 = CARTESIAN_POINT('',(2.107579486561,7.910970064779E-15,3.0000001)
  );
#2617 = CARTESIAN_POINT('',(2.292148423834,-2.4,3.0000001));
#2618 = ORIENTED_EDGE('',*,*,#2619,.T.);
#2619 = EDGE_CURVE('',#2612,#2596,#2620,.T.);
#2620 = B_SPLINE_CURVE_WITH_KNOTS('',1,(#2621,#2622),.UNSPECIFIED.,.F.,
  .F.,(2,2),(9.214842383411E-02,0.5),.PIECEWISE_BEZIER_KNOTS.);
#2621 = CARTESIAN_POINT('',(2.292148423834,-2.4,3.0000001));
#2622 = CARTESIAN_POINT('',(2.7,-2.4,3.0000001));
#2623 = B_SPLINE_SURFACE_WITH_KNOTS('',1,1,(
    (#2624,#2625)
    ,(#2626,#2627
    )),.UNSPECIFIED.,.F.,.F.,.F.,(2,2),(2,2),(0.,0.5),(-4.9,
    -9.999999999999E-02),.PIECEWISE_BEZIER_KNOTS.);
#2624 = CARTESIAN_POINT('',(2.2,-2.4,3.0000001));
#2625 = CARTESIAN_POINT('',(2.2,2.4,3.0000001));
#2626 = CARTESIAN_POINT('',(2.7,-2.4,3.0000001));
#2627 = CARTESIAN_POINT('',(2.7,2.4,3.0000001));
#2628 = ADVANCED_FACE('',(#2629),#2660,.T.);
#2629 = FACE_BOUND('',#2630,.T.);
#2630 = EDGE_LOOP('',(#2631,#2641,#2648,#2655));
#2631 = ORIENTED_EDGE('',*,*,#2632,.T.);
#2632 = EDGE_CURVE('',#2633,#2635,#2637,.T.);
#2633 = VERTEX_POINT('',#2634);
#2634 = CARTESIAN_POINT('',(2.287061045382,-2.5,2.9000001));
#2635 = VERTEX_POINT('',#2636);
#2636 = CARTESIAN_POINT('',(2.287061045382,-2.5,0.1000001));
#2637 = ( BOUNDED_CURVE() B_SPLINE_CURVE(2,(#2638,#2639,#2640),
.UNSPECIFIED.,.F.,.F.) B_SPLINE_CURVE_WITH_KNOTS((3,3),(1.44658335701,
1.69500929658),.PIECEWISE_BEZIER_KNOTS.) CURVE() 
GEOMETRIC_REPRESENTATION_ITEM() RATIONAL_B_SPLINE_CURVE((1.,
0.99229548271,1.)) REPRESENTATION_ITEM('') );
#2638 = CARTESIAN_POINT('',(2.287061045382,-2.5,2.9000001));
#2639 = CARTESIAN_POINT('',(2.112262983256,-2.5,1.5000001));
#2640 = CARTESIAN_POINT('',(2.287061045382,-2.5,0.1000001));
#2641 = ORIENTED_EDGE('',*,*,#2642,.T.);
#2642 = EDGE_CURVE('',#2635,#2643,#2645,.T.);
#2643 = VERTEX_POINT('',#2644);
#2644 = CARTESIAN_POINT('',(2.7,-2.5,0.1000001));
#2645 = B_SPLINE_CURVE_WITH_KNOTS('',1,(#2646,#2647),.UNSPECIFIED.,.F.,
  .F.,(2,2),(8.706104538155E-02,0.5),.PIECEWISE_BEZIER_KNOTS.);
#2646 = CARTESIAN_POINT('',(2.287061045382,-2.5,0.1000001));
#2647 = CARTESIAN_POINT('',(2.7,-2.5,0.1000001));
#2648 = ORIENTED_EDGE('',*,*,#2649,.T.);
#2649 = EDGE_CURVE('',#2643,#2650,#2652,.T.);
#2650 = VERTEX_POINT('',#2651);
#2651 = CARTESIAN_POINT('',(2.7,-2.5,2.9000001));
#2652 = B_SPLINE_CURVE_WITH_KNOTS('',1,(#2653,#2654),.UNSPECIFIED.,.F.,
  .F.,(2,2),(-2.9,-0.1),.PIECEWISE_BEZIER_KNOTS.);
#2653 = CARTESIAN_POINT('',(2.7,-2.5,0.1000001));
#2654 = CARTESIAN_POINT('',(2.7,-2.5,2.9000001));
#2655 = ORIENTED_EDGE('',*,*,#2656,.T.);
#2656 = EDGE_CURVE('',#2650,#2633,#2657,.T.);
#2657 = B_SPLINE_CURVE_WITH_KNOTS('',1,(#2658,#2659),.UNSPECIFIED.,.F.,
  .F.,(2,2),(-0.5,-8.706104538155E-02),.PIECEWISE_BEZIER_KNOTS.);
#2658 = CARTESIAN_POINT('',(2.7,-2.5,2.9000001));
#2659 = CARTESIAN_POINT('',(2.287061045382,-2.5,2.9000001));
#2660 = B_SPLINE_SURFACE_WITH_KNOTS('',1,1,(
    (#2661,#2662)
    ,(#2663,#2664
    )),.UNSPECIFIED.,.F.,.F.,.F.,(2,2),(2,2),(-2.9,-0.1),(0.,0.5),
  .PIECEWISE_BEZIER_KNOTS.);
#2661 = CARTESIAN_POINT('',(2.2,-2.5,2.9000001));
#2662 = CARTESIAN_POINT('',(2.7,-2.5,2.9000001));
#2663 = CARTESIAN_POINT('',(2.2,-2.5,0.1000001));
#2664 = CARTESIAN_POINT('',(2.7,-2.5,0.1000001));
#2665 = ADVANCED_FACE('',(#2666),#2682,.T.);
#2666 = FACE_BOUND('',#2667,.T.);
#2667 = EDGE_LOOP('',(#2668,#2676,#2677));
#2668 = ORIENTED_EDGE('',*,*,#2669,.T.);
#2669 = EDGE_CURVE('',#2670,#2346,#2672,.T.);
#2670 = VERTEX_POINT('',#2671);
#2671 = CARTESIAN_POINT('',(-2.297722656264,2.471414284285,2.9700001));
#2672 = ( BOUNDED_CURVE() B_SPLINE_CURVE(2,(#2673,#2674,#2675),
.UNSPECIFIED.,.F.,.F.) B_SPLINE_CURVE_WITH_KNOTS((3,3),(6.204144108269,
6.204834835136),.PIECEWISE_BEZIER_KNOTS.) CURVE() 
GEOMETRIC_REPRESENTATION_ITEM() RATIONAL_B_SPLINE_CURVE((1.,
0.999999940362,1.)) REPRESENTATION_ITEM('') );
#2673 = CARTESIAN_POINT('',(-2.297722656264,2.471414284285,2.9700001));
#2674 = CARTESIAN_POINT('',(-2.296869120107,2.460638158225,2.9700001));
#2675 = CARTESIAN_POINT('',(-2.296023027514,2.449861445175,2.9700001));
#2676 = ORIENTED_EDGE('',*,*,#2345,.F.);
#2677 = ORIENTED_EDGE('',*,*,#2678,.T.);
#2678 = EDGE_CURVE('',#2331,#2670,#2679,.T.);
#2679 = B_SPLINE_CURVE_WITH_KNOTS('',1,(#2680,#2681),.UNSPECIFIED.,.F.,
  .F.,(2,2),(0.,1.699628750011E-03),.PIECEWISE_BEZIER_KNOTS.);
#2680 = CARTESIAN_POINT('',(-2.296023027514,2.471414284285,2.9700001));
#2681 = CARTESIAN_POINT('',(-2.297722656264,2.471414284285,2.9700001));
#2682 = B_SPLINE_SURFACE_WITH_KNOTS('',1,1,(
    (#2683,#2684)
    ,(#2685,#2686
    )),.UNSPECIFIED.,.F.,.F.,.F.,(2,2),(2,2),(-1.414284285447E-03,
    2.013855482523E-02),(0.302277343736,0.303976972486),
  .PIECEWISE_BEZIER_KNOTS.);
#2683 = CARTESIAN_POINT('',(-2.297722656264,2.471414284285,2.9700001));
#2684 = CARTESIAN_POINT('',(-2.296023027514,2.471414284285,2.9700001));
#2685 = CARTESIAN_POINT('',(-2.297722656264,2.449861445175,2.9700001));
#2686 = CARTESIAN_POINT('',(-2.296023027514,2.449861445175,2.9700001));
#2687 = ADVANCED_FACE('',(#2688),#2718,.T.);
#2688 = FACE_BOUND('',#2689,.T.);
#2689 = EDGE_LOOP('',(#2690,#2699,#2704,#2705,#2713));
#2690 = ORIENTED_EDGE('',*,*,#2691,.T.);
#2691 = EDGE_CURVE('',#2692,#2694,#2696,.T.);
#2692 = VERTEX_POINT('',#2693);
#2693 = CARTESIAN_POINT('',(2.7,2.4,1.000000000584E-07));
#2694 = VERTEX_POINT('',#2695);
#2695 = CARTESIAN_POINT('',(2.7,-2.4,1.000000000584E-07));
#2696 = B_SPLINE_CURVE_WITH_KNOTS('',1,(#2697,#2698),.UNSPECIFIED.,.F.,
  .F.,(2,2),(-4.9,-1.E-01),.PIECEWISE_BEZIER_KNOTS.);
#2697 = CARTESIAN_POINT('',(2.7,2.4,1.000000000584E-07));
#2698 = CARTESIAN_POINT('',(2.7,-2.4,1.000000000584E-07));
#2699 = ORIENTED_EDGE('',*,*,#2700,.T.);
#2700 = EDGE_CURVE('',#2694,#116,#2701,.T.);
#2701 = B_SPLINE_CURVE_WITH_KNOTS('',1,(#2702,#2703),.UNSPECIFIED.,.F.,
  .F.,(2,2),(-0.5,-9.214842383411E-02),.PIECEWISE_BEZIER_KNOTS.);
#2702 = CARTESIAN_POINT('',(2.7,-2.4,1.000000000584E-07));
#2703 = CARTESIAN_POINT('',(2.292148423834,-2.4,1.000000000584E-07));
#2704 = ORIENTED_EDGE('',*,*,#115,.F.);
#2705 = ORIENTED_EDGE('',*,*,#2706,.F.);
#2706 = EDGE_CURVE('',#2707,#109,#2709,.T.);
#2707 = VERTEX_POINT('',#2708);
#2708 = CARTESIAN_POINT('',(2.292148423834,2.4,1.000000000584E-07));
#2709 = ( BOUNDED_CURVE() B_SPLINE_CURVE(2,(#2710,#2711,#2712),
.UNSPECIFIED.,.F.,.F.) B_SPLINE_CURVE_WITH_KNOTS((3,3),(6.206432655156,
6.28318530718),.PIECEWISE_BEZIER_KNOTS.) CURVE() 
GEOMETRIC_REPRESENTATION_ITEM() RATIONAL_B_SPLINE_CURVE((1.,
0.99926371917,1.)) REPRESENTATION_ITEM('') );
#2710 = CARTESIAN_POINT('',(2.292148423834,2.4,1.000000000584E-07));
#2711 = CARTESIAN_POINT('',(2.2,1.201769027503,1.000000000584E-07));
#2712 = CARTESIAN_POINT('',(2.2,7.888333567587E-15,1.000000000584E-07));
#2713 = ORIENTED_EDGE('',*,*,#2714,.T.);
#2714 = EDGE_CURVE('',#2707,#2692,#2715,.T.);
#2715 = B_SPLINE_CURVE_WITH_KNOTS('',1,(#2716,#2717),.UNSPECIFIED.,.F.,
  .F.,(2,2),(9.214842383411E-02,0.5),.PIECEWISE_BEZIER_KNOTS.);
#2716 = CARTESIAN_POINT('',(2.292148423834,2.4,1.000000000584E-07));
#2717 = CARTESIAN_POINT('',(2.7,2.4,1.000000000584E-07));
#2718 = B_SPLINE_SURFACE_WITH_KNOTS('',1,1,(
    (#2719,#2720)
    ,(#2721,#2722
    )),.UNSPECIFIED.,.F.,.F.,.F.,(2,2),(2,2),(-0.5,0.),(-4.9,
    -9.999999999999E-02),.PIECEWISE_BEZIER_KNOTS.);
#2719 = CARTESIAN_POINT('',(2.7,-2.4,1.000000000584E-07));
#2720 = CARTESIAN_POINT('',(2.7,2.4,1.000000000584E-07));
#2721 = CARTESIAN_POINT('',(2.2,-2.4,1.000000000584E-07));
#2722 = CARTESIAN_POINT('',(2.2,2.4,1.000000000584E-07));
#2723 = ADVANCED_FACE('',(#2724),#2762,.T.);
#2724 = FACE_BOUND('',#2725,.T.);
#2725 = EDGE_LOOP('',(#2726,#2727,#2728,#2740,#2747,#2748,#2761));
#2726 = ORIENTED_EDGE('',*,*,#108,.F.);
#2727 = ORIENTED_EDGE('',*,*,#2038,.F.);
#2728 = ORIENTED_EDGE('',*,*,#2729,.T.);
#2729 = EDGE_CURVE('',#2039,#2730,#2732,.T.);
#2730 = VERTEX_POINT('',#2731);
#2731 = CARTESIAN_POINT('',(2.293980958816,2.423711121656,
    4.564895649565E-02));
#2732 = B_SPLINE_CURVE_WITH_KNOTS('',3,(#2733,#2734,#2735,#2736,#2737,
    #2738,#2739),.UNSPECIFIED.,.F.,.F.,(4,3,4),(0.,3.37512370919E-05,
    5.660727909018E-05),.UNSPECIFIED.);
#2733 = CARTESIAN_POINT('',(2.289855815777,2.37,3.00001E-02));
#2734 = CARTESIAN_POINT('',(2.290707684061,2.381218114761,3.00001E-02));
#2735 = CARTESIAN_POINT('',(2.29157768131,2.392590456444,
    3.194104325781E-02));
#2736 = CARTESIAN_POINT('',(2.292392817395,2.403175802183,
    3.566364814012E-02));
#2737 = CARTESIAN_POINT('',(2.292945627783,2.410354590112,
    3.818825070396E-02));
#2738 = CARTESIAN_POINT('',(2.293482168559,2.417289045152,
    4.155965885219E-02));
#2739 = CARTESIAN_POINT('',(2.293980958816,2.423711121656,
    4.564895649565E-02));
#2740 = ORIENTED_EDGE('',*,*,#2741,.F.);
#2741 = EDGE_CURVE('',#2108,#2730,#2742,.T.);
#2742 = B_SPLINE_CURVE_WITH_KNOTS('',3,(#2743,#2744,#2745,#2746),
  .UNSPECIFIED.,.F.,.F.,(4,4),(0.,3.054334910163E-05),
  .PIECEWISE_BEZIER_KNOTS.);
#2743 = CARTESIAN_POINT('',(2.296023027514,2.449861445175,3.00001E-02));
#2744 = CARTESIAN_POINT('',(2.295338671813,2.441144780986,
    3.521609014406E-02));
#2745 = CARTESIAN_POINT('',(2.294657982334,2.432428005699,
    4.043237694374E-02));
#2746 = CARTESIAN_POINT('',(2.293980958816,2.423711121656,
    4.564895649565E-02));
#2747 = ORIENTED_EDGE('',*,*,#2105,.F.);
#2748 = ORIENTED_EDGE('',*,*,#2749,.T.);
#2749 = EDGE_CURVE('',#2106,#2707,#2750,.T.);
#2750 = B_SPLINE_CURVE_WITH_KNOTS('',3,(#2751,#2752,#2753,#2754,#2755,
    #2756,#2757,#2758,#2759,#2760),.UNSPECIFIED.,.F.,.F.,(4,3,3,4),(0.,
    3.370238748954E-05,6.740074937172E-05,7.925837941279E-05),
  .UNSPECIFIED.);
#2751 = CARTESIAN_POINT('',(2.297722656264,2.471414284285,3.00001E-02));
#2752 = CARTESIAN_POINT('',(2.297100742442,2.463562453173,
    2.198963001137E-02));
#2753 = CARTESIAN_POINT('',(2.29636395445,2.454220700106,
    1.523158495209E-02));
#2754 = CARTESIAN_POINT('',(2.295576430068,2.444166456738,
    1.02820745021E-02));
#2755 = CARTESIAN_POINT('',(2.294788963595,2.434112952696,
    5.332928008538E-03));
#2756 = CARTESIAN_POINT('',(2.293929182727,2.423070065642,
    2.055112917428E-03));
#2757 = CARTESIAN_POINT('',(2.293069720884,2.411949948561,
    7.166737426965E-04));
#2758 = CARTESIAN_POINT('',(2.292763506502,2.407988004467,
    2.398063549922E-04));
#2759 = CARTESIAN_POINT('',(2.29245530721,2.403990487858,
    1.000000000584E-07));
#2760 = CARTESIAN_POINT('',(2.292148423834,2.4,1.000000000584E-07));
#2761 = ORIENTED_EDGE('',*,*,#2706,.T.);
#2762 = ( BOUNDED_SURFACE() B_SPLINE_SURFACE(2,1,(
    (#2763,#2764)
    ,(#2765,#2766)
    ,(#2767,#2768
)),.UNSPECIFIED.,.F.,.F.,.F.) B_SPLINE_SURFACE_WITH_KNOTS((3,3),(2,2),(
    0.,7.90411989103E-02),(-1.564885649565E-02,3.E-02),
.PIECEWISE_BEZIER_KNOTS.) GEOMETRIC_REPRESENTATION_ITEM() 
RATIONAL_B_SPLINE_SURFACE((
    (1.,1.)
    ,(0.999219162748,0.999219162748)
,(1.,1.))) REPRESENTATION_ITEM('') SURFACE() );
#2763 = CARTESIAN_POINT('',(2.2,2.22044604925E-16,4.564895649565E-02));
#2764 = CARTESIAN_POINT('',(2.2,2.22044604925E-16,1.000000000584E-07));
#2765 = CARTESIAN_POINT('',(2.2,1.237639177093,4.564895649565E-02));
#2766 = CARTESIAN_POINT('',(2.2,1.237639177093,1.000000000584E-07));
#2767 = CARTESIAN_POINT('',(2.297722656264,2.471414284285,
    4.564895649565E-02));
#2768 = CARTESIAN_POINT('',(2.297722656264,2.471414284285,
    1.000000000584E-07));
#2769 = ADVANCED_FACE('',(#2770),#2840,.T.);
#2770 = FACE_BOUND('',#2771,.T.);
#2771 = EDGE_LOOP('',(#2772,#2773,#2786,#2787,#2796,#2806,#2807,#2819,
    #2826,#2827));
#2772 = ORIENTED_EDGE('',*,*,#2611,.F.);
#2773 = ORIENTED_EDGE('',*,*,#2774,.T.);
#2774 = EDGE_CURVE('',#2605,#2212,#2775,.T.);
#2775 = B_SPLINE_CURVE_WITH_KNOTS('',3,(#2776,#2777,#2778,#2779,#2780,
    #2781,#2782,#2783,#2784,#2785),.UNSPECIFIED.,.F.,.F.,(4,3,3,4),(0.,
    3.375563870261E-05,6.751382970905E-05,7.926091998662E-05),
  .UNSPECIFIED.);
#2776 = CARTESIAN_POINT('',(2.292148423834,2.4,3.0000001));
#2777 = CARTESIAN_POINT('',(2.293011187763,2.411218753594,3.0000001));
#2778 = CARTESIAN_POINT('',(2.293892232149,2.422591737157,2.998058943998
    ));
#2779 = CARTESIAN_POINT('',(2.294717653204,2.433177687052,2.994335888977
    ));
#2780 = CARTESIAN_POINT('',(2.295543108481,2.443764075829,2.990612679602
    ));
#2781 = CARTESIAN_POINT('',(2.296335647707,2.45385577287,2.985004178473)
  );
#2782 = CARTESIAN_POINT('',(2.297026779647,2.462612882678,2.977972062415
    ));
#2783 = CARTESIAN_POINT('',(2.297270323143,2.465698743733,2.975494060704
    ));
#2784 = CARTESIAN_POINT('',(2.297503148721,2.468642941868,2.972827434789
    ));
#2785 = CARTESIAN_POINT('',(2.297722656264,2.471414284285,2.9700001));
#2786 = ORIENTED_EDGE('',*,*,#2211,.T.);
#2787 = ORIENTED_EDGE('',*,*,#2788,.T.);
#2788 = EDGE_CURVE('',#2205,#2789,#2791,.T.);
#2789 = VERTEX_POINT('',#2790);
#2790 = CARTESIAN_POINT('',(2.293980958816,2.423711121656,2.954351243504
    ));
#2791 = B_SPLINE_CURVE_WITH_KNOTS('',3,(#2792,#2793,#2794,#2795),
  .UNSPECIFIED.,.F.,.F.,(4,4),(0.,3.054334910171E-05),
  .PIECEWISE_BEZIER_KNOTS.);
#2792 = CARTESIAN_POINT('',(2.296023027514,2.449861445175,2.9700001));
#2793 = CARTESIAN_POINT('',(2.295338671813,2.441144780986,2.964784109856
    ));
#2794 = CARTESIAN_POINT('',(2.294657982334,2.432428005698,2.959567823056
    ));
#2795 = CARTESIAN_POINT('',(2.293980958816,2.423711121656,2.954351243504
    ));
#2796 = ORIENTED_EDGE('',*,*,#2797,.T.);
#2797 = EDGE_CURVE('',#2789,#2152,#2798,.T.);
#2798 = B_SPLINE_CURVE_WITH_KNOTS('',3,(#2799,#2800,#2801,#2802,#2803,
    #2804,#2805),.UNSPECIFIED.,.F.,.F.,(4,3,4),(1.089731763835E-05,
    3.375259939588E-05,6.750271384984E-05),.UNSPECIFIED.);
#2799 = CARTESIAN_POINT('',(2.293980958816,2.423711121656,2.954351243504
    ));
#2800 = CARTESIAN_POINT('',(2.293482168559,2.417289045152,2.958440541148
    ));
#2801 = CARTESIAN_POINT('',(2.292945627783,2.410354590111,2.961811949296
    ));
#2802 = CARTESIAN_POINT('',(2.292392817395,2.403175802183,2.96433655186)
  );
#2803 = CARTESIAN_POINT('',(2.29157768131,2.392590456444,2.968059156742)
  );
#2804 = CARTESIAN_POINT('',(2.290707684061,2.381218114761,2.9700001));
#2805 = CARTESIAN_POINT('',(2.289855815777,2.37,2.9700001));
#2806 = ORIENTED_EDGE('',*,*,#2151,.T.);
#2807 = ORIENTED_EDGE('',*,*,#2808,.T.);
#2808 = EDGE_CURVE('',#2145,#2809,#2811,.T.);
#2809 = VERTEX_POINT('',#2810);
#2810 = CARTESIAN_POINT('',(2.293980958816,-2.423711121656,
    2.954351243504));
#2811 = B_SPLINE_CURVE_WITH_KNOTS('',3,(#2812,#2813,#2814,#2815,#2816,
    #2817,#2818),.UNSPECIFIED.,.F.,.F.,(4,3,4),(0.,3.37512370919E-05,
    5.660727909019E-05),.UNSPECIFIED.);
#2812 = CARTESIAN_POINT('',(2.289855815777,-2.37,2.9700001));
#2813 = CARTESIAN_POINT('',(2.290707684061,-2.381218114761,2.9700001));
#2814 = CARTESIAN_POINT('',(2.29157768131,-2.392590456444,2.968059156742
    ));
#2815 = CARTESIAN_POINT('',(2.292392817395,-2.403175802183,2.96433655186
    ));
#2816 = CARTESIAN_POINT('',(2.292945627783,-2.410354590112,
    2.961811949296));
#2817 = CARTESIAN_POINT('',(2.293482168559,-2.417289045152,
    2.958440541148));
#2818 = CARTESIAN_POINT('',(2.293980958816,-2.423711121656,
    2.954351243504));
#2819 = ORIENTED_EDGE('',*,*,#2820,.F.);
#2820 = EDGE_CURVE('',#2173,#2809,#2821,.T.);
#2821 = B_SPLINE_CURVE_WITH_KNOTS('',3,(#2822,#2823,#2824,#2825),
  .UNSPECIFIED.,.F.,.F.,(4,4),(0.,3.054334910163E-05),
  .PIECEWISE_BEZIER_KNOTS.);
#2822 = CARTESIAN_POINT('',(2.296023027514,-2.449861445175,2.9700001));
#2823 = CARTESIAN_POINT('',(2.295338671813,-2.441144780986,
    2.964784109856));
#2824 = CARTESIAN_POINT('',(2.294657982334,-2.432428005699,
    2.959567823056));
#2825 = CARTESIAN_POINT('',(2.293980958816,-2.423711121656,
    2.954351243504));
#2826 = ORIENTED_EDGE('',*,*,#2172,.T.);
#2827 = ORIENTED_EDGE('',*,*,#2828,.T.);
#2828 = EDGE_CURVE('',#2175,#2612,#2829,.T.);
#2829 = B_SPLINE_CURVE_WITH_KNOTS('',3,(#2830,#2831,#2832,#2833,#2834,
    #2835,#2836,#2837,#2838,#2839),.UNSPECIFIED.,.F.,.F.,(4,3,3,4),(0.,
    3.370238748954E-05,6.740074937172E-05,7.925837941279E-05),
  .UNSPECIFIED.);
#2830 = CARTESIAN_POINT('',(2.297722656264,-2.471414284285,2.9700001));
#2831 = CARTESIAN_POINT('',(2.297100742442,-2.463562453173,
    2.978010569989));
#2832 = CARTESIAN_POINT('',(2.29636395445,-2.454220700106,2.984768615048
    ));
#2833 = CARTESIAN_POINT('',(2.295576430068,-2.444166456738,
    2.989718125498));
#2834 = CARTESIAN_POINT('',(2.294788963595,-2.434112952696,
    2.994667271991));
#2835 = CARTESIAN_POINT('',(2.293929182727,-2.423070065642,
    2.997945087083));
#2836 = CARTESIAN_POINT('',(2.293069720884,-2.411949948561,
    2.999283526257));
#2837 = CARTESIAN_POINT('',(2.292763506502,-2.407988004467,
    2.999760393645));
#2838 = CARTESIAN_POINT('',(2.29245530721,-2.403990487858,3.0000001));
#2839 = CARTESIAN_POINT('',(2.292148423834,-2.4,3.0000001));
#2840 = ( BOUNDED_SURFACE() B_SPLINE_SURFACE(2,1,(
    (#2841,#2842)
    ,(#2843,#2844)
    ,(#2845,#2846
)),.UNSPECIFIED.,.F.,.F.,.F.) B_SPLINE_SURFACE_WITH_KNOTS((3,3),(2,2),(
    3.062551454679,3.2206338525),(-1.564885649565E-02,3.E-02),
.PIECEWISE_BEZIER_KNOTS.) GEOMETRIC_REPRESENTATION_ITEM() 
RATIONAL_B_SPLINE_SURFACE((
    (1.,1.)
    ,(0.996877870407,0.996877870407)
,(1.,1.))) REPRESENTATION_ITEM('') SURFACE() );
#2841 = CARTESIAN_POINT('',(2.297722656264,2.471414284285,2.954351243504
    ));
#2842 = CARTESIAN_POINT('',(2.297722656264,2.471414284285,3.0000001));
#2843 = CARTESIAN_POINT('',(2.101971285385,4.067194141414E-15,
    2.954351243504));
#2844 = CARTESIAN_POINT('',(2.101971285385,4.067194141414E-15,3.0000001)
  );
#2845 = CARTESIAN_POINT('',(2.297722656264,-2.471414284285,
    2.954351243504));
#2846 = CARTESIAN_POINT('',(2.297722656264,-2.471414284285,3.0000001));
#2847 = ADVANCED_FACE('',(#2848),#2879,.T.);
#2848 = FACE_BOUND('',#2849,.T.);
#2849 = EDGE_LOOP('',(#2850,#2860,#2867,#2874));
#2850 = ORIENTED_EDGE('',*,*,#2851,.F.);
#2851 = EDGE_CURVE('',#2852,#2854,#2856,.T.);
#2852 = VERTEX_POINT('',#2853);
#2853 = CARTESIAN_POINT('',(2.287061045382,2.5,2.9000001));
#2854 = VERTEX_POINT('',#2855);
#2855 = CARTESIAN_POINT('',(2.287061045382,2.5,0.1000001));
#2856 = ( BOUNDED_CURVE() B_SPLINE_CURVE(2,(#2857,#2858,#2859),
.UNSPECIFIED.,.F.,.F.) B_SPLINE_CURVE_WITH_KNOTS((3,3),(1.44658335701,
1.69500929658),.PIECEWISE_BEZIER_KNOTS.) CURVE() 
GEOMETRIC_REPRESENTATION_ITEM() RATIONAL_B_SPLINE_CURVE((1.,
0.99229548271,1.)) REPRESENTATION_ITEM('') );
#2857 = CARTESIAN_POINT('',(2.287061045382,2.5,2.9000001));
#2858 = CARTESIAN_POINT('',(2.112262983256,2.5,1.5000001));
#2859 = CARTESIAN_POINT('',(2.287061045382,2.5,0.1000001));
#2860 = ORIENTED_EDGE('',*,*,#2861,.T.);
#2861 = EDGE_CURVE('',#2852,#2862,#2864,.T.);
#2862 = VERTEX_POINT('',#2863);
#2863 = CARTESIAN_POINT('',(2.7,2.5,2.9000001));
#2864 = B_SPLINE_CURVE_WITH_KNOTS('',1,(#2865,#2866),.UNSPECIFIED.,.F.,
  .F.,(2,2),(8.706104538155E-02,0.5),.PIECEWISE_BEZIER_KNOTS.);
#2865 = CARTESIAN_POINT('',(2.287061045382,2.5,2.9000001));
#2866 = CARTESIAN_POINT('',(2.7,2.5,2.9000001));
#2867 = ORIENTED_EDGE('',*,*,#2868,.T.);
#2868 = EDGE_CURVE('',#2862,#2869,#2871,.T.);
#2869 = VERTEX_POINT('',#2870);
#2870 = CARTESIAN_POINT('',(2.7,2.5,0.1000001));
#2871 = B_SPLINE_CURVE_WITH_KNOTS('',1,(#2872,#2873),.UNSPECIFIED.,.F.,
  .F.,(2,2),(-2.9,-0.1),.PIECEWISE_BEZIER_KNOTS.);
#2872 = CARTESIAN_POINT('',(2.7,2.5,2.9000001));
#2873 = CARTESIAN_POINT('',(2.7,2.5,0.1000001));
#2874 = ORIENTED_EDGE('',*,*,#2875,.T.);
#2875 = EDGE_CURVE('',#2869,#2854,#2876,.T.);
#2876 = B_SPLINE_CURVE_WITH_KNOTS('',1,(#2877,#2878),.UNSPECIFIED.,.F.,
  .F.,(2,2),(-0.5,-8.706104538155E-02),.PIECEWISE_BEZIER_KNOTS.);
#2877 = CARTESIAN_POINT('',(2.7,2.5,0.1000001));
#2878 = CARTESIAN_POINT('',(2.287061045382,2.5,0.1000001));
#2879 = B_SPLINE_SURFACE_WITH_KNOTS('',1,1,(
    (#2880,#2881)
    ,(#2882,#2883
    )),.UNSPECIFIED.,.F.,.F.,.F.,(2,2),(2,2),(0.1,2.9),(0.,0.5),
  .PIECEWISE_BEZIER_KNOTS.);
#2880 = CARTESIAN_POINT('',(2.2,2.5,0.1000001));
#2881 = CARTESIAN_POINT('',(2.7,2.5,0.1000001));
#2882 = CARTESIAN_POINT('',(2.2,2.5,2.9000001));
#2883 = CARTESIAN_POINT('',(2.7,2.5,2.9000001));
#2884 = ADVANCED_FACE('',(#2885),#2948,.T.);
#2885 = FACE_BOUND('',#2886,.T.);
#2886 = EDGE_LOOP('',(#2887,#2888,#2901,#2902,#2915,#2916,#2917,#2933,
    #2934,#2947));
#2887 = ORIENTED_EDGE('',*,*,#2202,.F.);
#2888 = ORIENTED_EDGE('',*,*,#2889,.T.);
#2889 = EDGE_CURVE('',#2203,#2852,#2890,.T.);
#2890 = B_SPLINE_CURVE_WITH_KNOTS('',3,(#2891,#2892,#2893,#2894,#2895,
    #2896,#2897,#2898,#2899,#2900),.UNSPECIFIED.,.F.,.F.,(4,3,3,4),(0.,
    3.393427112378E-05,6.785846203514E-05,7.76011592103E-05),
  .UNSPECIFIED.);
#2891 = CARTESIAN_POINT('',(2.296023027514,2.471414284285,2.9700001));
#2892 = CARTESIAN_POINT('',(2.294967791991,2.479297750801,2.961957355444
    ));
#2893 = CARTESIAN_POINT('',(2.29372918958,2.485881481265,2.95244628633)
  );
#2894 = CARTESIAN_POINT('',(2.292418837921,2.49062991863,2.94226377056)
  );
#2895 = CARTESIAN_POINT('',(2.291108728182,2.495377479329,2.932083134705
    ));
#2896 = CARTESIAN_POINT('',(2.289691122338,2.498422493985,2.920951036263
    ));
#2897 = CARTESIAN_POINT('',(2.288286838162,2.499520318609,2.909783053743
    ));
#2898 = CARTESIAN_POINT('',(2.287878271684,2.499839722863,2.906533808783
    ));
#2899 = CARTESIAN_POINT('',(2.287468701912,2.5,2.903265119848));
#2900 = CARTESIAN_POINT('',(2.287061045382,2.5,2.9000001));
#2901 = ORIENTED_EDGE('',*,*,#2851,.T.);
#2902 = ORIENTED_EDGE('',*,*,#2903,.T.);
#2903 = EDGE_CURVE('',#2854,#2116,#2904,.T.);
#2904 = B_SPLINE_CURVE_WITH_KNOTS('',3,(#2905,#2906,#2907,#2908,#2909,
    #2910,#2911,#2912,#2913,#2914),.UNSPECIFIED.,.F.,.F.,(4,3,3,4),(0.,
    3.405785220418E-05,6.812199179891E-05,7.760764970317E-05),
  .UNSPECIFIED.);
#2905 = CARTESIAN_POINT('',(2.287061045382,2.5,0.1000001));
#2906 = CARTESIAN_POINT('',(2.288467564352,2.5,8.873494903567E-02));
#2907 = CARTESIAN_POINT('',(2.28991138692,2.498043348858,
    7.731669426164E-02));
#2908 = CARTESIAN_POINT('',(2.291270346351,2.494288904589,
    6.668940395021E-02));
#2909 = CARTESIAN_POINT('',(2.292629441529,2.49053408529,
    5.606105207902E-02));
#2910 = CARTESIAN_POINT('',(2.293941054054,2.484876139661,
    4.59294697938E-02));
#2911 = CARTESIAN_POINT('',(2.29508802243,2.477776137982,
    3.714413480485E-02));
#2912 = CARTESIAN_POINT('',(2.295411683688,2.475772599331,
    3.466501451646E-02));
#2913 = CARTESIAN_POINT('',(2.295724137926,2.473647232295,
    3.227816262827E-02));
#2914 = CARTESIAN_POINT('',(2.296023027514,2.471414284285,3.00001E-02));
#2915 = ORIENTED_EDGE('',*,*,#2115,.T.);
#2916 = ORIENTED_EDGE('',*,*,#2741,.T.);
#2917 = ORIENTED_EDGE('',*,*,#2918,.T.);
#2918 = EDGE_CURVE('',#2730,#816,#2919,.T.);
#2919 = B_SPLINE_CURVE_WITH_KNOTS('',3,(#2920,#2921,#2922,#2923,#2924,
    #2925,#2926,#2927,#2928,#2929,#2930,#2931,#2932),.UNSPECIFIED.,.F.,
  .F.,(4,3,3,3,4),(5.650414969148E-05,6.672973454152E-05,
    1.002212616037E-04,1.339827927218E-04,1.568338347887E-04),
  .UNSPECIFIED.);
#2920 = CARTESIAN_POINT('',(2.293980958816,2.423711121656,
    4.564895649565E-02));
#2921 = CARTESIAN_POINT('',(2.293742294113,2.426599120574,
    4.748790798832E-02));
#2922 = CARTESIAN_POINT('',(2.293484565975,2.429395130433,
    4.947729338724E-02));
#2923 = CARTESIAN_POINT('',(2.293210089721,2.432077239066,
    5.160101588607E-02));
#2924 = CARTESIAN_POINT('',(2.292317143507,2.440802870913,
    5.851006514665E-02));
#2925 = CARTESIAN_POINT('',(2.291226661515,2.448448915669,
    6.699993741445E-02));
#2926 = CARTESIAN_POINT('',(2.290036657182,2.454402860426,
    7.637028411382E-02));
#2927 = CARTESIAN_POINT('',(2.288837177738,2.460404211979,
    8.581523985604E-02));
#2928 = CARTESIAN_POINT('',(2.287504187177,2.46485101833,
    9.641259887179E-02));
#2929 = CARTESIAN_POINT('',(2.28615279898,2.467387997617,0.107293759031)
  );
#2930 = CARTESIAN_POINT('',(2.285231152741,2.469118216529,0.114714706139
    ));
#2931 = CARTESIAN_POINT('',(2.284286688317,2.470000000001,0.122381203616
    ));
#2932 = CARTESIAN_POINT('',(2.283356116913,2.47,0.1300001));
#2933 = ORIENTED_EDGE('',*,*,#815,.F.);
#2934 = ORIENTED_EDGE('',*,*,#2935,.T.);
#2935 = EDGE_CURVE('',#809,#2789,#2936,.T.);
#2936 = B_SPLINE_CURVE_WITH_KNOTS('',3,(#2937,#2938,#2939,#2940,#2941,
    #2942,#2943,#2944,#2945,#2946),.UNSPECIFIED.,.F.,.F.,(4,3,3,4),(0.,
    3.403758601294E-05,6.808115957626E-05,1.004912540379E-04),
  .UNSPECIFIED.);
#2937 = CARTESIAN_POINT('',(2.283356116913,2.47,2.8700001));
#2938 = CARTESIAN_POINT('',(2.284731677173,2.47,2.88126226758));
#2939 = CARTESIAN_POINT('',(2.286144098527,2.468044346536,2.892677546288
    ));
#2940 = CARTESIAN_POINT('',(2.287473807823,2.464291990584,2.903302059577
    ));
#2941 = CARTESIAN_POINT('',(2.288803643596,2.460539277727,2.913927583418
    ));
#2942 = CARTESIAN_POINT('',(2.290087332233,2.454884669782,2.924056415444
    ));
#2943 = CARTESIAN_POINT('',(2.291210128046,2.447789279998,2.93283980017)
  );
#2944 = CARTESIAN_POINT('',(2.292279015703,2.441034557125,2.941201473244
    ));
#2945 = CARTESIAN_POINT('',(2.293229786424,2.432800798631,2.948563334466
    ));
#2946 = CARTESIAN_POINT('',(2.293980958816,2.423711121656,2.954351243504
    ));
#2947 = ORIENTED_EDGE('',*,*,#2788,.F.);
#2948 = ( BOUNDED_SURFACE() B_SPLINE_SURFACE(2,1,(
    (#2949,#2950)
    ,(#2951,#2952)
    ,(#2953,#2954
)),.UNSPECIFIED.,.F.,.F.,.F.) B_SPLINE_SURFACE_WITH_KNOTS((3,3),(2,2),(
    4.581930747183,4.842847213587),(-4.628887834449E-02,3.E-02),
.PIECEWISE_BEZIER_KNOTS.) GEOMETRIC_REPRESENTATION_ITEM() 
RATIONAL_B_SPLINE_SURFACE((
    (1.,1.)
    ,(0.991502386946,0.991502386946)
,(1.,1.))) REPRESENTATION_ITEM('') SURFACE() );
#2949 = CARTESIAN_POINT('',(2.296023027514,2.423711121656,3.00001E-02));
#2950 = CARTESIAN_POINT('',(2.296023027514,2.5,3.00001E-02));
#2951 = CARTESIAN_POINT('',(2.103154012761,2.423711121656,1.5000001));
#2952 = CARTESIAN_POINT('',(2.103154012761,2.5,1.5000001));
#2953 = CARTESIAN_POINT('',(2.296023027514,2.423711121656,2.9700001));
#2954 = CARTESIAN_POINT('',(2.296023027514,2.5,2.9700001));
#2955 = ADVANCED_FACE('',(#2956),#2988,.T.);
#2956 = FACE_BOUND('',#2957,.T.);
#2957 = EDGE_LOOP('',(#2958,#2968,#2975,#2983));
#2958 = ORIENTED_EDGE('',*,*,#2959,.F.);
#2959 = EDGE_CURVE('',#2960,#2962,#2964,.T.);
#2960 = VERTEX_POINT('',#2961);
#2961 = CARTESIAN_POINT('',(2.283356116913,-2.47,2.8700001));
#2962 = VERTEX_POINT('',#2963);
#2963 = CARTESIAN_POINT('',(2.283356116913,-2.47,0.1300001));
#2964 = ( BOUNDED_CURVE() B_SPLINE_CURVE(2,(#2965,#2966,#2967),
.UNSPECIFIED.,.F.,.F.) B_SPLINE_CURVE_WITH_KNOTS((3,3),(1.44925839402,
1.692334259569),.PIECEWISE_BEZIER_KNOTS.) CURVE() 
GEOMETRIC_REPRESENTATION_ITEM() RATIONAL_B_SPLINE_CURVE((1.,
0.992623352486,1.)) REPRESENTATION_ITEM('') );
#2965 = CARTESIAN_POINT('',(2.283356116913,-2.47,2.8700001));
#2966 = CARTESIAN_POINT('',(2.11602442487,-2.47,1.5000001));
#2967 = CARTESIAN_POINT('',(2.283356116913,-2.47,0.1300001));
#2968 = ORIENTED_EDGE('',*,*,#2969,.T.);
#2969 = EDGE_CURVE('',#2960,#2970,#2972,.T.);
#2970 = VERTEX_POINT('',#2971);
#2971 = CARTESIAN_POINT('',(-2.283356116913,-2.47,2.8700001));
#2972 = B_SPLINE_CURVE_WITH_KNOTS('',1,(#2973,#2974),.UNSPECIFIED.,.F.,
  .F.,(2,2),(-4.883356116913,-0.316643883087),.PIECEWISE_BEZIER_KNOTS.);
#2973 = CARTESIAN_POINT('',(2.283356116913,-2.47,2.8700001));
#2974 = CARTESIAN_POINT('',(-2.283356116913,-2.47,2.8700001));
#2975 = ORIENTED_EDGE('',*,*,#2976,.T.);
#2976 = EDGE_CURVE('',#2970,#2977,#2979,.T.);
#2977 = VERTEX_POINT('',#2978);
#2978 = CARTESIAN_POINT('',(-2.283356116913,-2.47,0.1300001));
#2979 = ( BOUNDED_CURVE() B_SPLINE_CURVE(2,(#2980,#2981,#2982),
.UNSPECIFIED.,.F.,.F.) B_SPLINE_CURVE_WITH_KNOTS((3,3),(1.44925839402,
1.692334259569),.PIECEWISE_BEZIER_KNOTS.) CURVE() 
GEOMETRIC_REPRESENTATION_ITEM() RATIONAL_B_SPLINE_CURVE((1.,
0.992623352486,1.)) REPRESENTATION_ITEM('') );
#2980 = CARTESIAN_POINT('',(-2.283356116913,-2.47,2.8700001));
#2981 = CARTESIAN_POINT('',(-2.11602442487,-2.47,1.5000001));
#2982 = CARTESIAN_POINT('',(-2.283356116913,-2.47,0.1300001));
#2983 = ORIENTED_EDGE('',*,*,#2984,.T.);
#2984 = EDGE_CURVE('',#2977,#2962,#2985,.T.);
#2985 = B_SPLINE_CURVE_WITH_KNOTS('',1,(#2986,#2987),.UNSPECIFIED.,.F.,
  .F.,(2,2),(0.316643883087,4.883356116913),.PIECEWISE_BEZIER_KNOTS.);
#2986 = CARTESIAN_POINT('',(-2.283356116913,-2.47,0.1300001));
#2987 = CARTESIAN_POINT('',(2.283356116913,-2.47,0.1300001));
#2988 = B_SPLINE_SURFACE_WITH_KNOTS('',1,1,(
    (#2989,#2990)
    ,(#2991,#2992
    )),.UNSPECIFIED.,.F.,.F.,.F.,(2,2),(2,2),(-2.84,-1.E-01),(
    0.316643883087,4.883356116913),.PIECEWISE_BEZIER_KNOTS.);
#2989 = CARTESIAN_POINT('',(-2.283356116913,-2.47,2.8700001));
#2990 = CARTESIAN_POINT('',(2.283356116913,-2.47,2.8700001));
#2991 = CARTESIAN_POINT('',(-2.283356116913,-2.47,0.1300001));
#2992 = CARTESIAN_POINT('',(2.283356116913,-2.47,0.1300001));
#2993 = ADVANCED_FACE('',(#2994),#3024,.F.);
#2994 = FACE_BOUND('',#2995,.T.);
#2995 = EDGE_LOOP('',(#2996,#3005,#3012,#3019));
#2996 = ORIENTED_EDGE('',*,*,#2997,.T.);
#2997 = EDGE_CURVE('',#2998,#3000,#3002,.T.);
#2998 = VERTEX_POINT('',#2999);
#2999 = CARTESIAN_POINT('',(2.8,-2.4,0.1000001));
#3000 = VERTEX_POINT('',#3001);
#3001 = CARTESIAN_POINT('',(2.8,2.4,0.1000001));
#3002 = B_SPLINE_CURVE_WITH_KNOTS('',1,(#3003,#3004),.UNSPECIFIED.,.F.,
  .F.,(2,2),(-4.9,-1.E-01),.PIECEWISE_BEZIER_KNOTS.);
#3003 = CARTESIAN_POINT('',(2.8,-2.4,0.1000001));
#3004 = CARTESIAN_POINT('',(2.8,2.4,0.1000001));
#3005 = ORIENTED_EDGE('',*,*,#3006,.T.);
#3006 = EDGE_CURVE('',#3000,#3007,#3009,.T.);
#3007 = VERTEX_POINT('',#3008);
#3008 = CARTESIAN_POINT('',(2.8,2.4,2.9000001));
#3009 = B_SPLINE_CURVE_WITH_KNOTS('',1,(#3010,#3011),.UNSPECIFIED.,.F.,
  .F.,(2,2),(-2.9,-0.1),.PIECEWISE_BEZIER_KNOTS.);
#3010 = CARTESIAN_POINT('',(2.8,2.4,0.1000001));
#3011 = CARTESIAN_POINT('',(2.8,2.4,2.9000001));
#3012 = ORIENTED_EDGE('',*,*,#3013,.T.);
#3013 = EDGE_CURVE('',#3007,#3014,#3016,.T.);
#3014 = VERTEX_POINT('',#3015);
#3015 = CARTESIAN_POINT('',(2.8,-2.4,2.9000001));
#3016 = B_SPLINE_CURVE_WITH_KNOTS('',1,(#3017,#3018),.UNSPECIFIED.,.F.,
  .F.,(2,2),(-4.9,-1.E-01),.PIECEWISE_BEZIER_KNOTS.);
#3017 = CARTESIAN_POINT('',(2.8,2.4,2.9000001));
#3018 = CARTESIAN_POINT('',(2.8,-2.4,2.9000001));
#3019 = ORIENTED_EDGE('',*,*,#3020,.T.);
#3020 = EDGE_CURVE('',#3014,#2998,#3021,.T.);
#3021 = B_SPLINE_CURVE_WITH_KNOTS('',1,(#3022,#3023),.UNSPECIFIED.,.F.,
  .F.,(2,2),(-2.9,-0.1),.PIECEWISE_BEZIER_KNOTS.);
#3022 = CARTESIAN_POINT('',(2.8,-2.4,2.9000001));
#3023 = CARTESIAN_POINT('',(2.8,-2.4,0.1000001));
#3024 = B_SPLINE_SURFACE_WITH_KNOTS('',1,1,(
    (#3025,#3026)
    ,(#3027,#3028
    )),.UNSPECIFIED.,.F.,.F.,.F.,(2,2),(2,2),(-1.4,1.4),(-2.4,2.4),
  .PIECEWISE_BEZIER_KNOTS.);
#3025 = CARTESIAN_POINT('',(2.8,-2.4,0.1000001));
#3026 = CARTESIAN_POINT('',(2.8,2.4,0.1000001));
#3027 = CARTESIAN_POINT('',(2.8,-2.4,2.9000001));
#3028 = CARTESIAN_POINT('',(2.8,2.4,2.9000001));
#3029 = ADVANCED_FACE('',(#3030),#3093,.T.);
#3030 = FACE_BOUND('',#3031,.T.);
#3031 = EDGE_LOOP('',(#3032,#3033,#3046,#3047,#3060,#3061,#3062,#3078,
    #3079,#3092));
#3032 = ORIENTED_EDGE('',*,*,#1582,.F.);
#3033 = ORIENTED_EDGE('',*,*,#3034,.T.);
#3034 = EDGE_CURVE('',#1583,#2635,#3035,.T.);
#3035 = B_SPLINE_CURVE_WITH_KNOTS('',3,(#3036,#3037,#3038,#3039,#3040,
    #3041,#3042,#3043,#3044,#3045),.UNSPECIFIED.,.F.,.F.,(4,3,3,4),(0.,
    3.393427112378E-05,6.785846203514E-05,7.760115921031E-05),
  .UNSPECIFIED.);
#3036 = CARTESIAN_POINT('',(2.296023027514,-2.471414284285,3.00001E-02)
  );
#3037 = CARTESIAN_POINT('',(2.294967791991,-2.479297750801,
    3.804284455574E-02));
#3038 = CARTESIAN_POINT('',(2.29372918958,-2.485881481265,
    4.755391366971E-02));
#3039 = CARTESIAN_POINT('',(2.292418837921,-2.49062991863,
    5.773642944043E-02));
#3040 = CARTESIAN_POINT('',(2.291108728182,-2.495377479329,
    6.791706529507E-02));
#3041 = CARTESIAN_POINT('',(2.289691122338,-2.498422493985,
    7.904916373691E-02));
#3042 = CARTESIAN_POINT('',(2.288286838162,-2.499520318609,
    9.021714625711E-02));
#3043 = CARTESIAN_POINT('',(2.287878271684,-2.499839722863,
    9.346639121747E-02));
#3044 = CARTESIAN_POINT('',(2.287468701912,-2.5,9.673508015162E-02));
#3045 = CARTESIAN_POINT('',(2.287061045382,-2.5,0.1000001));
#3046 = ORIENTED_EDGE('',*,*,#2632,.F.);
#3047 = ORIENTED_EDGE('',*,*,#3048,.T.);
#3048 = EDGE_CURVE('',#2633,#2183,#3049,.T.);
#3049 = B_SPLINE_CURVE_WITH_KNOTS('',3,(#3050,#3051,#3052,#3053,#3054,
    #3055,#3056,#3057,#3058,#3059),.UNSPECIFIED.,.F.,.F.,(4,3,3,4),(0.,
    3.405785220418E-05,6.812199179891E-05,7.760764970317E-05),
  .UNSPECIFIED.);
#3050 = CARTESIAN_POINT('',(2.287061045382,-2.5,2.9000001));
#3051 = CARTESIAN_POINT('',(2.288467564352,-2.5,2.911265250964));
#3052 = CARTESIAN_POINT('',(2.28991138692,-2.498043348858,2.922683505738
    ));
#3053 = CARTESIAN_POINT('',(2.291270346351,-2.494288904589,2.93331079605
    ));
#3054 = CARTESIAN_POINT('',(2.292629441529,-2.49053408529,2.943939147921
    ));
#3055 = CARTESIAN_POINT('',(2.293941054054,-2.484876139661,
    2.954070730206));
#3056 = CARTESIAN_POINT('',(2.29508802243,-2.477776137982,2.962856065195
    ));
#3057 = CARTESIAN_POINT('',(2.295411683688,-2.475772599331,
    2.965335185484));
#3058 = CARTESIAN_POINT('',(2.295724137926,-2.473647232295,
    2.967722037372));
#3059 = CARTESIAN_POINT('',(2.296023027514,-2.471414284285,2.9700001));
#3060 = ORIENTED_EDGE('',*,*,#2182,.F.);
#3061 = ORIENTED_EDGE('',*,*,#2820,.T.);
#3062 = ORIENTED_EDGE('',*,*,#3063,.T.);
#3063 = EDGE_CURVE('',#2809,#2960,#3064,.T.);
#3064 = B_SPLINE_CURVE_WITH_KNOTS('',3,(#3065,#3066,#3067,#3068,#3069,
    #3070,#3071,#3072,#3073,#3074,#3075,#3076,#3077),.UNSPECIFIED.,.F.,
  .F.,(4,3,3,3,4),(5.650414969148E-05,6.672973454152E-05,
    1.002212616037E-04,1.339827927218E-04,1.568338347887E-04),
  .UNSPECIFIED.);
#3065 = CARTESIAN_POINT('',(2.293980958816,-2.423711121656,
    2.954351243504));
#3066 = CARTESIAN_POINT('',(2.293742294113,-2.426599120574,
    2.952512292012));
#3067 = CARTESIAN_POINT('',(2.293484565975,-2.429395130433,
    2.950522906613));
#3068 = CARTESIAN_POINT('',(2.293210089721,-2.432077239066,
    2.948399184114));
#3069 = CARTESIAN_POINT('',(2.292317143507,-2.440802870913,
    2.941490134853));
#3070 = CARTESIAN_POINT('',(2.291226661515,-2.448448915669,
    2.933000262586));
#3071 = CARTESIAN_POINT('',(2.290036657182,-2.454402860426,
    2.923629915886));
#3072 = CARTESIAN_POINT('',(2.288837177738,-2.460404211979,
    2.914184960144));
#3073 = CARTESIAN_POINT('',(2.287504187177,-2.46485101833,2.903587601128
    ));
#3074 = CARTESIAN_POINT('',(2.28615279898,-2.467387997617,2.892706440969
    ));
#3075 = CARTESIAN_POINT('',(2.285231152741,-2.469118216529,
    2.885285493861));
#3076 = CARTESIAN_POINT('',(2.284286688317,-2.470000000001,
    2.877618996384));
#3077 = CARTESIAN_POINT('',(2.283356116913,-2.47,2.8700001));
#3078 = ORIENTED_EDGE('',*,*,#2959,.T.);
#3079 = ORIENTED_EDGE('',*,*,#3080,.T.);
#3080 = EDGE_CURVE('',#2962,#147,#3081,.T.);
#3081 = B_SPLINE_CURVE_WITH_KNOTS('',3,(#3082,#3083,#3084,#3085,#3086,
    #3087,#3088,#3089,#3090,#3091),.UNSPECIFIED.,.F.,.F.,(4,3,3,4),(0.,
    3.403758601294E-05,6.808115957626E-05,1.004912540379E-04),
  .UNSPECIFIED.);
#3082 = CARTESIAN_POINT('',(2.283356116913,-2.47,0.1300001));
#3083 = CARTESIAN_POINT('',(2.284731677173,-2.47,0.11873793242));
#3084 = CARTESIAN_POINT('',(2.286144098527,-2.468044346536,
    0.107322653712));
#3085 = CARTESIAN_POINT('',(2.287473807823,-2.464291990584,
    9.669814042309E-02));
#3086 = CARTESIAN_POINT('',(2.288803643596,-2.460539277727,
    8.607261658203E-02));
#3087 = CARTESIAN_POINT('',(2.290087332233,-2.454884669782,
    7.594378455599E-02));
#3088 = CARTESIAN_POINT('',(2.291210128046,-2.447789279998,
    6.716039983031E-02));
#3089 = CARTESIAN_POINT('',(2.292279015703,-2.441034557125,
    5.879872675612E-02));
#3090 = CARTESIAN_POINT('',(2.293229786424,-2.432800798631,
    5.143686553353E-02));
#3091 = CARTESIAN_POINT('',(2.293980958816,-2.423711121656,
    4.564895649556E-02));
#3092 = ORIENTED_EDGE('',*,*,#146,.F.);
#3093 = ( BOUNDED_SURFACE() B_SPLINE_SURFACE(2,1,(
    (#3094,#3095)
    ,(#3096,#3097)
    ,(#3098,#3099
)),.UNSPECIFIED.,.F.,.F.,.F.) B_SPLINE_SURFACE_WITH_KNOTS((3,3),(2,2),(
    4.581930747183,4.842847213587),(-4.628887834449E-02,3.E-02),
.PIECEWISE_BEZIER_KNOTS.) GEOMETRIC_REPRESENTATION_ITEM() 
RATIONAL_B_SPLINE_SURFACE((
    (1.,1.)
    ,(0.991502386946,0.991502386946)
,(1.,1.))) REPRESENTATION_ITEM('') SURFACE() );
#3094 = CARTESIAN_POINT('',(2.296023027514,-2.423711121656,2.9700001));
#3095 = CARTESIAN_POINT('',(2.296023027514,-2.5,2.9700001));
#3096 = CARTESIAN_POINT('',(2.103154012761,-2.423711121656,1.5000001));
#3097 = CARTESIAN_POINT('',(2.103154012761,-2.5,1.5000001));
#3098 = CARTESIAN_POINT('',(2.296023027514,-2.423711121656,3.00001E-02)
  );
#3099 = CARTESIAN_POINT('',(2.296023027514,-2.5,3.00001E-02));
#3100 = ADVANCED_FACE('',(#3101),#3131,.F.);
#3101 = FACE_BOUND('',#3102,.T.);
#3102 = EDGE_LOOP('',(#3103,#3112,#3119,#3126));
#3103 = ORIENTED_EDGE('',*,*,#3104,.T.);
#3104 = EDGE_CURVE('',#3105,#3107,#3109,.T.);
#3105 = VERTEX_POINT('',#3106);
#3106 = CARTESIAN_POINT('',(-2.8,2.4,0.1000001));
#3107 = VERTEX_POINT('',#3108);
#3108 = CARTESIAN_POINT('',(-2.8,-2.4,0.1000001));
#3109 = B_SPLINE_CURVE_WITH_KNOTS('',1,(#3110,#3111),.UNSPECIFIED.,.F.,
  .F.,(2,2),(-2.4,2.4),.PIECEWISE_BEZIER_KNOTS.);
#3110 = CARTESIAN_POINT('',(-2.8,2.4,0.1000001));
#3111 = CARTESIAN_POINT('',(-2.8,-2.4,0.1000001));
#3112 = ORIENTED_EDGE('',*,*,#3113,.T.);
#3113 = EDGE_CURVE('',#3107,#3114,#3116,.T.);
#3114 = VERTEX_POINT('',#3115);
#3115 = CARTESIAN_POINT('',(-2.8,-2.4,2.9000001));
#3116 = B_SPLINE_CURVE_WITH_KNOTS('',1,(#3117,#3118),.UNSPECIFIED.,.F.,
  .F.,(2,2),(-1.4,1.4),.PIECEWISE_BEZIER_KNOTS.);
#3117 = CARTESIAN_POINT('',(-2.8,-2.4,0.1000001));
#3118 = CARTESIAN_POINT('',(-2.8,-2.4,2.9000001));
#3119 = ORIENTED_EDGE('',*,*,#3120,.T.);
#3120 = EDGE_CURVE('',#3114,#3121,#3123,.T.);
#3121 = VERTEX_POINT('',#3122);
#3122 = CARTESIAN_POINT('',(-2.8,2.4,2.9000001));
#3123 = B_SPLINE_CURVE_WITH_KNOTS('',1,(#3124,#3125),.UNSPECIFIED.,.F.,
  .F.,(2,2),(-2.4,2.4),.PIECEWISE_BEZIER_KNOTS.);
#3124 = CARTESIAN_POINT('',(-2.8,-2.4,2.9000001));
#3125 = CARTESIAN_POINT('',(-2.8,2.4,2.9000001));
#3126 = ORIENTED_EDGE('',*,*,#3127,.T.);
#3127 = EDGE_CURVE('',#3121,#3105,#3128,.T.);
#3128 = B_SPLINE_CURVE_WITH_KNOTS('',1,(#3129,#3130),.UNSPECIFIED.,.F.,
  .F.,(2,2),(-1.4,1.4),.PIECEWISE_BEZIER_KNOTS.);
#3129 = CARTESIAN_POINT('',(-2.8,2.4,2.9000001));
#3130 = CARTESIAN_POINT('',(-2.8,2.4,0.1000001));
#3131 = B_SPLINE_SURFACE_WITH_KNOTS('',1,1,(
    (#3132,#3133)
    ,(#3134,#3135
    )),.UNSPECIFIED.,.F.,.F.,.F.,(2,2),(2,2),(-1.4,1.4),(-2.4,2.4),
  .PIECEWISE_BEZIER_KNOTS.);
#3132 = CARTESIAN_POINT('',(-2.8,2.4,0.1000001));
#3133 = CARTESIAN_POINT('',(-2.8,-2.4,0.1000001));
#3134 = CARTESIAN_POINT('',(-2.8,2.4,2.9000001));
#3135 = CARTESIAN_POINT('',(-2.8,-2.4,2.9000001));
#3136 = ADVANCED_FACE('',(#3137),#3167,.T.);
#3137 = FACE_BOUND('',#3138,.T.);
#3138 = EDGE_LOOP('',(#3139,#3140,#3141,#3151,#3152,#3153,#3166));
#3139 = ORIENTED_EDGE('',*,*,#31,.F.);
#3140 = ORIENTED_EDGE('',*,*,#2135,.F.);
#3141 = ORIENTED_EDGE('',*,*,#3142,.T.);
#3142 = EDGE_CURVE('',#2136,#2353,#3143,.T.);
#3143 = B_SPLINE_CURVE_WITH_KNOTS('',3,(#3144,#3145,#3146,#3147,#3148,
    #3149,#3150),.UNSPECIFIED.,.F.,.F.,(4,3,4),(0.,3.37512370919E-05,
    5.660727909019E-05),.UNSPECIFIED.);
#3144 = CARTESIAN_POINT('',(-2.289855815777,2.37,2.9700001));
#3145 = CARTESIAN_POINT('',(-2.290707684061,2.381218114761,2.9700001));
#3146 = CARTESIAN_POINT('',(-2.29157768131,2.392590456444,2.968059156742
    ));
#3147 = CARTESIAN_POINT('',(-2.292392817395,2.403175802183,2.96433655186
    ));
#3148 = CARTESIAN_POINT('',(-2.292945627783,2.410354590112,
    2.961811949296));
#3149 = CARTESIAN_POINT('',(-2.293482168559,2.417289045152,
    2.958440541148));
#3150 = CARTESIAN_POINT('',(-2.293980958816,2.423711121656,
    2.954351243504));
#3151 = ORIENTED_EDGE('',*,*,#2352,.F.);
#3152 = ORIENTED_EDGE('',*,*,#2669,.F.);
#3153 = ORIENTED_EDGE('',*,*,#3154,.T.);
#3154 = EDGE_CURVE('',#2670,#2505,#3155,.T.);
#3155 = B_SPLINE_CURVE_WITH_KNOTS('',3,(#3156,#3157,#3158,#3159,#3160,
    #3161,#3162,#3163,#3164,#3165),.UNSPECIFIED.,.F.,.F.,(4,3,3,4),(0.,
    3.370238748954E-05,6.740074937172E-05,7.925837941279E-05),
  .UNSPECIFIED.);
#3156 = CARTESIAN_POINT('',(-2.297722656264,2.471414284285,2.9700001));
#3157 = CARTESIAN_POINT('',(-2.297100742442,2.463562453173,
    2.978010569989));
#3158 = CARTESIAN_POINT('',(-2.29636395445,2.454220700106,2.984768615048
    ));
#3159 = CARTESIAN_POINT('',(-2.295576430068,2.444166456738,
    2.989718125498));
#3160 = CARTESIAN_POINT('',(-2.294788963595,2.434112952696,
    2.994667271991));
#3161 = CARTESIAN_POINT('',(-2.293929182727,2.423070065642,
    2.997945087083));
#3162 = CARTESIAN_POINT('',(-2.293069720884,2.411949948561,
    2.999283526257));
#3163 = CARTESIAN_POINT('',(-2.292763506502,2.407988004467,
    2.999760393645));
#3164 = CARTESIAN_POINT('',(-2.29245530721,2.403990487858,3.0000001));
#3165 = CARTESIAN_POINT('',(-2.292148423834,2.4,3.0000001));
#3166 = ORIENTED_EDGE('',*,*,#2504,.T.);
#3167 = ( BOUNDED_SURFACE() B_SPLINE_SURFACE(2,1,(
    (#3168,#3169)
    ,(#3170,#3171)
    ,(#3172,#3173
)),.UNSPECIFIED.,.F.,.F.,.F.) B_SPLINE_SURFACE_WITH_KNOTS((3,3),(2,2),(
    0.,7.90411989103E-02),(-1.564885649565E-02,3.E-02),
.PIECEWISE_BEZIER_KNOTS.) GEOMETRIC_REPRESENTATION_ITEM() 
RATIONAL_B_SPLINE_SURFACE((
    (1.,1.)
    ,(0.999219162748,0.999219162748)
,(1.,1.))) REPRESENTATION_ITEM('') SURFACE() );
#3168 = CARTESIAN_POINT('',(-2.2,2.22044604925E-16,2.954351243504));
#3169 = CARTESIAN_POINT('',(-2.2,2.22044604925E-16,3.0000001));
#3170 = CARTESIAN_POINT('',(-2.2,1.237639177093,2.954351243504));
#3171 = CARTESIAN_POINT('',(-2.2,1.237639177093,3.0000001));
#3172 = CARTESIAN_POINT('',(-2.297722656264,2.471414284285,
    2.954351243504));
#3173 = CARTESIAN_POINT('',(-2.297722656264,2.471414284285,3.0000001));
#3174 = ADVANCED_FACE('',(#3175),#3238,.T.);
#3175 = FACE_BOUND('',#3176,.T.);
#3176 = EDGE_LOOP('',(#3177,#3178,#3191,#3192,#3205,#3206,#3207,#3223,
    #3224,#3237));
#3177 = ORIENTED_EDGE('',*,*,#2232,.T.);
#3178 = ORIENTED_EDGE('',*,*,#3179,.T.);
#3179 = EDGE_CURVE('',#2233,#2284,#3180,.T.);
#3180 = B_SPLINE_CURVE_WITH_KNOTS('',3,(#3181,#3182,#3183,#3184,#3185,
    #3186,#3187,#3188,#3189,#3190),.UNSPECIFIED.,.F.,.F.,(4,3,3,4),(0.,
    3.393427112378E-05,6.785846203514E-05,7.76011592103E-05),
  .UNSPECIFIED.);
#3181 = CARTESIAN_POINT('',(-2.296023027514,-2.471414284285,2.9700001));
#3182 = CARTESIAN_POINT('',(-2.294967791991,-2.479297750801,
    2.961957355444));
#3183 = CARTESIAN_POINT('',(-2.29372918958,-2.485881481265,2.95244628633
    ));
#3184 = CARTESIAN_POINT('',(-2.292418837921,-2.49062991863,2.94226377056
    ));
#3185 = CARTESIAN_POINT('',(-2.291108728182,-2.495377479329,
    2.932083134705));
#3186 = CARTESIAN_POINT('',(-2.289691122338,-2.498422493985,
    2.920951036263));
#3187 = CARTESIAN_POINT('',(-2.288286838162,-2.499520318609,
    2.909783053743));
#3188 = CARTESIAN_POINT('',(-2.287878271684,-2.499839722863,
    2.906533808783));
#3189 = CARTESIAN_POINT('',(-2.287468701912,-2.5,2.903265119848));
#3190 = CARTESIAN_POINT('',(-2.287061045382,-2.5,2.9000001));
#3191 = ORIENTED_EDGE('',*,*,#2283,.T.);
#3192 = ORIENTED_EDGE('',*,*,#3193,.T.);
#3193 = EDGE_CURVE('',#2286,#2086,#3194,.T.);
#3194 = B_SPLINE_CURVE_WITH_KNOTS('',3,(#3195,#3196,#3197,#3198,#3199,
    #3200,#3201,#3202,#3203,#3204),.UNSPECIFIED.,.F.,.F.,(4,3,3,4),(0.,
    3.405785220418E-05,6.812199179891E-05,7.760764970317E-05),
  .UNSPECIFIED.);
#3195 = CARTESIAN_POINT('',(-2.287061045382,-2.5,0.1000001));
#3196 = CARTESIAN_POINT('',(-2.288467564352,-2.5,8.873494903567E-02));
#3197 = CARTESIAN_POINT('',(-2.28991138692,-2.498043348858,
    7.731669426164E-02));
#3198 = CARTESIAN_POINT('',(-2.291270346351,-2.494288904589,
    6.668940395021E-02));
#3199 = CARTESIAN_POINT('',(-2.292629441529,-2.49053408529,
    5.606105207902E-02));
#3200 = CARTESIAN_POINT('',(-2.293941054054,-2.484876139661,
    4.59294697938E-02));
#3201 = CARTESIAN_POINT('',(-2.29508802243,-2.477776137982,
    3.714413480485E-02));
#3202 = CARTESIAN_POINT('',(-2.295411683688,-2.475772599331,
    3.466501451646E-02));
#3203 = CARTESIAN_POINT('',(-2.295724137926,-2.473647232295,
    3.227816262827E-02));
#3204 = CARTESIAN_POINT('',(-2.296023027514,-2.471414284285,3.00001E-02)
  );
#3205 = ORIENTED_EDGE('',*,*,#2085,.T.);
#3206 = ORIENTED_EDGE('',*,*,#2550,.T.);
#3207 = ORIENTED_EDGE('',*,*,#3208,.T.);
#3208 = EDGE_CURVE('',#2539,#2977,#3209,.T.);
#3209 = B_SPLINE_CURVE_WITH_KNOTS('',3,(#3210,#3211,#3212,#3213,#3214,
    #3215,#3216,#3217,#3218,#3219,#3220,#3221,#3222),.UNSPECIFIED.,.F.,
  .F.,(4,3,3,3,4),(5.650414969148E-05,6.672973454152E-05,
    1.002212616037E-04,1.339827927218E-04,1.568338347887E-04),
  .UNSPECIFIED.);
#3210 = CARTESIAN_POINT('',(-2.293980958816,-2.423711121656,
    4.564895649565E-02));
#3211 = CARTESIAN_POINT('',(-2.293742294113,-2.426599120574,
    4.748790798832E-02));
#3212 = CARTESIAN_POINT('',(-2.293484565975,-2.429395130433,
    4.947729338724E-02));
#3213 = CARTESIAN_POINT('',(-2.293210089721,-2.432077239066,
    5.160101588607E-02));
#3214 = CARTESIAN_POINT('',(-2.292317143507,-2.440802870913,
    5.851006514665E-02));
#3215 = CARTESIAN_POINT('',(-2.291226661515,-2.448448915669,
    6.699993741445E-02));
#3216 = CARTESIAN_POINT('',(-2.290036657182,-2.454402860426,
    7.637028411382E-02));
#3217 = CARTESIAN_POINT('',(-2.288837177738,-2.460404211979,
    8.581523985604E-02));
#3218 = CARTESIAN_POINT('',(-2.287504187177,-2.46485101833,
    9.641259887179E-02));
#3219 = CARTESIAN_POINT('',(-2.28615279898,-2.467387997617,
    0.107293759031));
#3220 = CARTESIAN_POINT('',(-2.285231152741,-2.469118216529,
    0.114714706139));
#3221 = CARTESIAN_POINT('',(-2.284286688317,-2.470000000001,
    0.122381203616));
#3222 = CARTESIAN_POINT('',(-2.283356116913,-2.47,0.1300001));
#3223 = ORIENTED_EDGE('',*,*,#2976,.F.);
#3224 = ORIENTED_EDGE('',*,*,#3225,.T.);
#3225 = EDGE_CURVE('',#2970,#70,#3226,.T.);
#3226 = B_SPLINE_CURVE_WITH_KNOTS('',3,(#3227,#3228,#3229,#3230,#3231,
    #3232,#3233,#3234,#3235,#3236),.UNSPECIFIED.,.F.,.F.,(4,3,3,4),(0.,
    3.403758601294E-05,6.808115957626E-05,1.004912540379E-04),
  .UNSPECIFIED.);
#3227 = CARTESIAN_POINT('',(-2.283356116913,-2.47,2.8700001));
#3228 = CARTESIAN_POINT('',(-2.284731677173,-2.47,2.88126226758));
#3229 = CARTESIAN_POINT('',(-2.286144098527,-2.468044346536,
    2.892677546288));
#3230 = CARTESIAN_POINT('',(-2.287473807823,-2.464291990584,
    2.903302059577));
#3231 = CARTESIAN_POINT('',(-2.288803643596,-2.460539277727,
    2.913927583418));
#3232 = CARTESIAN_POINT('',(-2.290087332233,-2.454884669782,
    2.924056415444));
#3233 = CARTESIAN_POINT('',(-2.291210128046,-2.447789279998,
    2.93283980017));
#3234 = CARTESIAN_POINT('',(-2.292279015703,-2.441034557125,
    2.941201473244));
#3235 = CARTESIAN_POINT('',(-2.293229786424,-2.432800798631,
    2.948563334466));
#3236 = CARTESIAN_POINT('',(-2.293980958816,-2.423711121656,
    2.954351243504));
#3237 = ORIENTED_EDGE('',*,*,#69,.F.);
#3238 = ( BOUNDED_SURFACE() B_SPLINE_SURFACE(2,1,(
    (#3239,#3240)
    ,(#3241,#3242)
    ,(#3243,#3244
)),.UNSPECIFIED.,.F.,.F.,.F.) B_SPLINE_SURFACE_WITH_KNOTS((3,3),(2,2),(
    1.440338093593,1.701254559997),(-4.628887834449E-02,3.E-02),
.PIECEWISE_BEZIER_KNOTS.) GEOMETRIC_REPRESENTATION_ITEM() 
RATIONAL_B_SPLINE_SURFACE((
    (1.,1.)
    ,(0.991502386946,0.991502386946)
,(1.,1.))) REPRESENTATION_ITEM('') SURFACE() );
#3239 = CARTESIAN_POINT('',(-2.296023027514,-2.423711121656,3.00001E-02)
  );
#3240 = CARTESIAN_POINT('',(-2.296023027514,-2.5,3.00001E-02));
#3241 = CARTESIAN_POINT('',(-2.103154012761,-2.423711121656,1.5000001));
#3242 = CARTESIAN_POINT('',(-2.103154012761,-2.5,1.5000001));
#3243 = CARTESIAN_POINT('',(-2.296023027514,-2.423711121656,2.9700001));
#3244 = CARTESIAN_POINT('',(-2.296023027514,-2.5,2.9700001));
#3245 = ADVANCED_FACE('',(#3246),#3268,.T.);
#3246 = FACE_BOUND('',#3247,.T.);
#3247 = EDGE_LOOP('',(#3248,#3249,#3256,#3263));
#3248 = ORIENTED_EDGE('',*,*,#1989,.F.);
#3249 = ORIENTED_EDGE('',*,*,#3250,.F.);
#3250 = EDGE_CURVE('',#3251,#1983,#3253,.T.);
#3251 = VERTEX_POINT('',#3252);
#3252 = CARTESIAN_POINT('',(-0.256751748485,9.453615376E-02,4.00001E-02)
  );
#3253 = B_SPLINE_CURVE_WITH_KNOTS('',1,(#3254,#3255),.UNSPECIFIED.,.F.,
  .F.,(2,2),(0.,1.E-02),.PIECEWISE_BEZIER_KNOTS.);
#3254 = CARTESIAN_POINT('',(-0.256751748485,9.453615376E-02,4.00001E-02)
  );
#3255 = CARTESIAN_POINT('',(-0.256751748485,9.453615376E-02,3.00001E-02)
  );
#3256 = ORIENTED_EDGE('',*,*,#3257,.T.);
#3257 = EDGE_CURVE('',#3251,#3258,#3260,.T.);
#3258 = VERTEX_POINT('',#3259);
#3259 = CARTESIAN_POINT('',(-0.315288333851,-5.546384624E-02,4.00001E-02
    ));
#3260 = B_SPLINE_CURVE_WITH_KNOTS('',1,(#3261,#3262),.UNSPECIFIED.,.F.,
  .F.,(2,2),(0.,0.161017178668),.PIECEWISE_BEZIER_KNOTS.);
#3261 = CARTESIAN_POINT('',(-0.256751748485,9.453615376E-02,4.00001E-02)
  );
#3262 = CARTESIAN_POINT('',(-0.315288333851,-5.546384624E-02,4.00001E-02
    ));
#3263 = ORIENTED_EDGE('',*,*,#3264,.T.);
#3264 = EDGE_CURVE('',#3258,#1990,#3265,.T.);
#3265 = B_SPLINE_CURVE_WITH_KNOTS('',1,(#3266,#3267),.UNSPECIFIED.,.F.,
  .F.,(2,2),(0.,1.E-02),.PIECEWISE_BEZIER_KNOTS.);
#3266 = CARTESIAN_POINT('',(-0.315288333851,-5.546384624E-02,4.00001E-02
    ));
#3267 = CARTESIAN_POINT('',(-0.315288333851,-5.546384624E-02,3.00001E-02
    ));
#3268 = B_SPLINE_SURFACE_WITH_KNOTS('',1,1,(
    (#3269,#3270)
    ,(#3271,#3272
    )),.UNSPECIFIED.,.F.,.F.,.F.,(2,2),(2,2),(-0.161017178668,
    1.226743091763E-18),(-1.E-02,0.),.PIECEWISE_BEZIER_KNOTS.);
#3269 = CARTESIAN_POINT('',(-0.315288333851,-5.546384624E-02,3.00001E-02
    ));
#3270 = CARTESIAN_POINT('',(-0.315288333851,-5.546384624E-02,4.00001E-02
    ));
#3271 = CARTESIAN_POINT('',(-0.256751748485,9.453615376E-02,3.00001E-02)
  );
#3272 = CARTESIAN_POINT('',(-0.256751748485,9.453615376E-02,4.00001E-02)
  );
#3273 = ADVANCED_FACE('',(#3274),#3290,.T.);
#3274 = FACE_BOUND('',#3275,.T.);
#3275 = EDGE_LOOP('',(#3276,#3277,#3278,#3285));
#3276 = ORIENTED_EDGE('',*,*,#1996,.F.);
#3277 = ORIENTED_EDGE('',*,*,#3264,.F.);
#3278 = ORIENTED_EDGE('',*,*,#3279,.T.);
#3279 = EDGE_CURVE('',#3258,#3280,#3282,.T.);
#3280 = VERTEX_POINT('',#3281);
#3281 = CARTESIAN_POINT('',(-0.293337114338,-5.546384624E-02,4.00001E-02
    ));
#3282 = B_SPLINE_CURVE_WITH_KNOTS('',1,(#3283,#3284),.UNSPECIFIED.,.F.,
  .F.,(2,2),(0.,2.19512195122E-02),.PIECEWISE_BEZIER_KNOTS.);
#3283 = CARTESIAN_POINT('',(-0.315288333851,-5.546384624E-02,4.00001E-02
    ));
#3284 = CARTESIAN_POINT('',(-0.293337114338,-5.546384624E-02,4.00001E-02
    ));
#3285 = ORIENTED_EDGE('',*,*,#3286,.T.);
#3286 = EDGE_CURVE('',#3280,#1997,#3287,.T.);
#3287 = B_SPLINE_CURVE_WITH_KNOTS('',1,(#3288,#3289),.UNSPECIFIED.,.F.,
  .F.,(2,2),(0.,1.E-02),.PIECEWISE_BEZIER_KNOTS.);
#3288 = CARTESIAN_POINT('',(-0.293337114338,-5.546384624E-02,4.00001E-02
    ));
#3289 = CARTESIAN_POINT('',(-0.293337114338,-5.546384624E-02,3.00001E-02
    ));
#3290 = B_SPLINE_SURFACE_WITH_KNOTS('',1,1,(
    (#3291,#3292)
    ,(#3293,#3294
    )),.UNSPECIFIED.,.F.,.F.,.F.,(2,2),(2,2),(-1.E-02,0.),(0.,
    2.19512195122E-02),.PIECEWISE_BEZIER_KNOTS.);
#3291 = CARTESIAN_POINT('',(-0.315288333851,-5.546384624E-02,3.00001E-02
    ));
#3292 = CARTESIAN_POINT('',(-0.293337114338,-5.546384624E-02,3.00001E-02
    ));
#3293 = CARTESIAN_POINT('',(-0.315288333851,-5.546384624E-02,4.00001E-02
    ));
#3294 = CARTESIAN_POINT('',(-0.293337114338,-5.546384624E-02,4.00001E-02
    ));
#3295 = ADVANCED_FACE('',(#3296),#3312,.T.);
#3296 = FACE_BOUND('',#3297,.T.);
#3297 = EDGE_LOOP('',(#3298,#3299,#3300,#3307));
#3298 = ORIENTED_EDGE('',*,*,#2003,.F.);
#3299 = ORIENTED_EDGE('',*,*,#3286,.F.);
#3300 = ORIENTED_EDGE('',*,*,#3301,.T.);
#3301 = EDGE_CURVE('',#3280,#3302,#3304,.T.);
#3302 = VERTEX_POINT('',#3303);
#3303 = CARTESIAN_POINT('',(-0.278159903973,-1.339067550829E-02,
    4.00001E-02));
#3304 = B_SPLINE_CURVE_WITH_KNOTS('',1,(#3305,#3306),.UNSPECIFIED.,.F.,
  .F.,(2,2),(0.,4.4726942774E-02),.PIECEWISE_BEZIER_KNOTS.);
#3305 = CARTESIAN_POINT('',(-0.293337114338,-5.546384624E-02,4.00001E-02
    ));
#3306 = CARTESIAN_POINT('',(-0.278159903973,-1.339067550829E-02,
    4.00001E-02));
#3307 = ORIENTED_EDGE('',*,*,#3308,.T.);
#3308 = EDGE_CURVE('',#3302,#2004,#3309,.T.);
#3309 = B_SPLINE_CURVE_WITH_KNOTS('',1,(#3310,#3311),.UNSPECIFIED.,.F.,
  .F.,(2,2),(0.,1.E-02),.PIECEWISE_BEZIER_KNOTS.);
#3310 = CARTESIAN_POINT('',(-0.278159903973,-1.339067550829E-02,
    4.00001E-02));
#3311 = CARTESIAN_POINT('',(-0.278159903973,-1.339067550829E-02,
    3.00001E-02));
#3312 = B_SPLINE_SURFACE_WITH_KNOTS('',1,1,(
    (#3313,#3314)
    ,(#3315,#3316
    )),.UNSPECIFIED.,.F.,.F.,.F.,(2,2),(2,2),(-4.4726942774E-02,0.),(
    -1.E-02,0.),.PIECEWISE_BEZIER_KNOTS.);
#3313 = CARTESIAN_POINT('',(-0.278159903973,-1.339067550829E-02,
    3.00001E-02));
#3314 = CARTESIAN_POINT('',(-0.278159903973,-1.339067550829E-02,
    4.00001E-02));
#3315 = CARTESIAN_POINT('',(-0.293337114338,-5.546384624E-02,3.00001E-02
    ));
#3316 = CARTESIAN_POINT('',(-0.293337114338,-5.546384624E-02,4.00001E-02
    ));
#3317 = ADVANCED_FACE('',(#3318),#3334,.T.);
#3318 = FACE_BOUND('',#3319,.T.);
#3319 = EDGE_LOOP('',(#3320,#3321,#3322,#3329));
#3320 = ORIENTED_EDGE('',*,*,#2010,.F.);
#3321 = ORIENTED_EDGE('',*,*,#3308,.F.);
#3322 = ORIENTED_EDGE('',*,*,#3323,.T.);
#3323 = EDGE_CURVE('',#3302,#3324,#3326,.T.);
#3324 = VERTEX_POINT('',#3325);
#3325 = CARTESIAN_POINT('',(-0.216193440558,-1.339067550829E-02,
    4.00001E-02));
#3326 = B_SPLINE_CURVE_WITH_KNOTS('',1,(#3327,#3328),.UNSPECIFIED.,.F.,
  .F.,(2,2),(0.,6.196646341463E-02),.PIECEWISE_BEZIER_KNOTS.);
#3327 = CARTESIAN_POINT('',(-0.278159903973,-1.339067550829E-02,
    4.00001E-02));
#3328 = CARTESIAN_POINT('',(-0.216193440558,-1.339067550829E-02,
    4.00001E-02));
#3329 = ORIENTED_EDGE('',*,*,#3330,.T.);
#3330 = EDGE_CURVE('',#3324,#2011,#3331,.T.);
#3331 = B_SPLINE_CURVE_WITH_KNOTS('',1,(#3332,#3333),.UNSPECIFIED.,.F.,
  .F.,(2,2),(0.,1.E-02),.PIECEWISE_BEZIER_KNOTS.);
#3332 = CARTESIAN_POINT('',(-0.216193440558,-1.339067550829E-02,
    4.00001E-02));
#3333 = CARTESIAN_POINT('',(-0.216193440558,-1.339067550829E-02,
    3.00001E-02));
#3334 = B_SPLINE_SURFACE_WITH_KNOTS('',1,1,(
    (#3335,#3336)
    ,(#3337,#3338
    )),.UNSPECIFIED.,.F.,.F.,.F.,(2,2),(2,2),(-1.E-02,0.),(0.,
    6.196646341463E-02),.PIECEWISE_BEZIER_KNOTS.);
#3335 = CARTESIAN_POINT('',(-0.278159903973,-1.339067550829E-02,
    3.00001E-02));
#3336 = CARTESIAN_POINT('',(-0.216193440558,-1.339067550829E-02,
    3.00001E-02));
#3337 = CARTESIAN_POINT('',(-0.278159903973,-1.339067550829E-02,
    4.00001E-02));
#3338 = CARTESIAN_POINT('',(-0.216193440558,-1.339067550829E-02,
    4.00001E-02));
#3339 = ADVANCED_FACE('',(#3340),#3356,.T.);
#3340 = FACE_BOUND('',#3341,.T.);
#3341 = EDGE_LOOP('',(#3342,#3343,#3344,#3351));
#3342 = ORIENTED_EDGE('',*,*,#2017,.F.);
#3343 = ORIENTED_EDGE('',*,*,#3330,.F.);
#3344 = ORIENTED_EDGE('',*,*,#3345,.T.);
#3345 = EDGE_CURVE('',#3324,#3346,#3348,.T.);
#3346 = VERTEX_POINT('',#3347);
#3347 = CARTESIAN_POINT('',(-0.201873699704,-5.546384624E-02,4.00001E-02
    ));
#3348 = B_SPLINE_CURVE_WITH_KNOTS('',1,(#3349,#3350),.UNSPECIFIED.,.F.,
  .F.,(2,2),(0.,4.444329728469E-02),.PIECEWISE_BEZIER_KNOTS.);
#3349 = CARTESIAN_POINT('',(-0.216193440558,-1.339067550829E-02,
    4.00001E-02));
#3350 = CARTESIAN_POINT('',(-0.201873699704,-5.546384624E-02,4.00001E-02
    ));
#3351 = ORIENTED_EDGE('',*,*,#3352,.T.);
#3352 = EDGE_CURVE('',#3346,#2018,#3353,.T.);
#3353 = B_SPLINE_CURVE_WITH_KNOTS('',1,(#3354,#3355),.UNSPECIFIED.,.F.,
  .F.,(2,2),(0.,1.E-02),.PIECEWISE_BEZIER_KNOTS.);
#3354 = CARTESIAN_POINT('',(-0.201873699704,-5.546384624E-02,4.00001E-02
    ));
#3355 = CARTESIAN_POINT('',(-0.201873699704,-5.546384624E-02,3.00001E-02
    ));
#3356 = B_SPLINE_SURFACE_WITH_KNOTS('',1,1,(
    (#3357,#3358)
    ,(#3359,#3360
    )),.UNSPECIFIED.,.F.,.F.,.F.,(2,2),(2,2),(-4.444329728469E-02,
    1.642212019274E-18),(-1.E-02,0.),.PIECEWISE_BEZIER_KNOTS.);
#3357 = CARTESIAN_POINT('',(-0.201873699704,-5.546384624E-02,3.00001E-02
    ));
#3358 = CARTESIAN_POINT('',(-0.201873699704,-5.546384624E-02,4.00001E-02
    ));
#3359 = CARTESIAN_POINT('',(-0.216193440558,-1.339067550829E-02,
    3.00001E-02));
#3360 = CARTESIAN_POINT('',(-0.216193440558,-1.339067550829E-02,
    4.00001E-02));
#3361 = ADVANCED_FACE('',(#3362),#3378,.T.);
#3362 = FACE_BOUND('',#3363,.T.);
#3363 = EDGE_LOOP('',(#3364,#3365,#3366,#3373));
#3364 = ORIENTED_EDGE('',*,*,#2024,.F.);
#3365 = ORIENTED_EDGE('',*,*,#3352,.F.);
#3366 = ORIENTED_EDGE('',*,*,#3367,.T.);
#3367 = EDGE_CURVE('',#3346,#3368,#3370,.T.);
#3368 = VERTEX_POINT('',#3369);
#3369 = CARTESIAN_POINT('',(-0.179922480192,-5.546384624E-02,4.00001E-02
    ));
#3370 = B_SPLINE_CURVE_WITH_KNOTS('',1,(#3371,#3372),.UNSPECIFIED.,.F.,
  .F.,(2,2),(0.,2.19512195122E-02),.PIECEWISE_BEZIER_KNOTS.);
#3371 = CARTESIAN_POINT('',(-0.201873699704,-5.546384624E-02,4.00001E-02
    ));
#3372 = CARTESIAN_POINT('',(-0.179922480192,-5.546384624E-02,4.00001E-02
    ));
#3373 = ORIENTED_EDGE('',*,*,#3374,.T.);
#3374 = EDGE_CURVE('',#3368,#2025,#3375,.T.);
#3375 = B_SPLINE_CURVE_WITH_KNOTS('',1,(#3376,#3377),.UNSPECIFIED.,.F.,
  .F.,(2,2),(0.,1.E-02),.PIECEWISE_BEZIER_KNOTS.);
#3376 = CARTESIAN_POINT('',(-0.179922480192,-5.546384624E-02,4.00001E-02
    ));
#3377 = CARTESIAN_POINT('',(-0.179922480192,-5.546384624E-02,3.00001E-02
    ));
#3378 = B_SPLINE_SURFACE_WITH_KNOTS('',1,1,(
    (#3379,#3380)
    ,(#3381,#3382
    )),.UNSPECIFIED.,.F.,.F.,.F.,(2,2),(2,2),(-1.E-02,0.),(0.,
    2.19512195122E-02),.PIECEWISE_BEZIER_KNOTS.);
#3379 = CARTESIAN_POINT('',(-0.201873699704,-5.546384624E-02,3.00001E-02
    ));
#3380 = CARTESIAN_POINT('',(-0.179922480192,-5.546384624E-02,3.00001E-02
    ));
#3381 = CARTESIAN_POINT('',(-0.201873699704,-5.546384624E-02,4.00001E-02
    ));
#3382 = CARTESIAN_POINT('',(-0.179922480192,-5.546384624E-02,4.00001E-02
    ));
#3383 = ADVANCED_FACE('',(#3384),#3400,.T.);
#3384 = FACE_BOUND('',#3385,.T.);
#3385 = EDGE_LOOP('',(#3386,#3387,#3388,#3395));
#3386 = ORIENTED_EDGE('',*,*,#2031,.F.);
#3387 = ORIENTED_EDGE('',*,*,#3374,.F.);
#3388 = ORIENTED_EDGE('',*,*,#3389,.T.);
#3389 = EDGE_CURVE('',#3368,#3390,#3392,.T.);
#3390 = VERTEX_POINT('',#3391);
#3391 = CARTESIAN_POINT('',(-0.236629797265,9.453615376E-02,4.00001E-02)
  );
#3392 = B_SPLINE_CURVE_WITH_KNOTS('',1,(#3393,#3394),.UNSPECIFIED.,.F.,
  .F.,(2,2),(0.,0.160361216663),.PIECEWISE_BEZIER_KNOTS.);
#3393 = CARTESIAN_POINT('',(-0.179922480192,-5.546384624E-02,4.00001E-02
    ));
#3394 = CARTESIAN_POINT('',(-0.236629797265,9.453615376E-02,4.00001E-02)
  );
#3395 = ORIENTED_EDGE('',*,*,#3396,.T.);
#3396 = EDGE_CURVE('',#3390,#1981,#3397,.T.);
#3397 = B_SPLINE_CURVE_WITH_KNOTS('',1,(#3398,#3399),.UNSPECIFIED.,.F.,
  .F.,(2,2),(0.,1.E-02),.PIECEWISE_BEZIER_KNOTS.);
#3398 = CARTESIAN_POINT('',(-0.236629797265,9.453615376E-02,4.00001E-02)
  );
#3399 = CARTESIAN_POINT('',(-0.236629797265,9.453615376E-02,3.00001E-02)
  );
#3400 = B_SPLINE_SURFACE_WITH_KNOTS('',1,1,(
    (#3401,#3402)
    ,(#3403,#3404
    )),.UNSPECIFIED.,.F.,.F.,.F.,(2,2),(2,2),(-0.160361216663,
    6.162975822039E-35),(-1.E-02,0.),.PIECEWISE_BEZIER_KNOTS.);
#3401 = CARTESIAN_POINT('',(-0.236629797265,9.453615376E-02,3.00001E-02)
  );
#3402 = CARTESIAN_POINT('',(-0.236629797265,9.453615376E-02,4.00001E-02)
  );
#3403 = CARTESIAN_POINT('',(-0.179922480192,-5.546384624E-02,3.00001E-02
    ));
#3404 = CARTESIAN_POINT('',(-0.179922480192,-5.546384624E-02,4.00001E-02
    ));
#3405 = ADVANCED_FACE('',(#3406),#3416,.T.);
#3406 = FACE_BOUND('',#3407,.T.);
#3407 = EDGE_LOOP('',(#3408,#3409,#3410,#3415));
#3408 = ORIENTED_EDGE('',*,*,#1980,.F.);
#3409 = ORIENTED_EDGE('',*,*,#3396,.F.);
#3410 = ORIENTED_EDGE('',*,*,#3411,.T.);
#3411 = EDGE_CURVE('',#3390,#3251,#3412,.T.);
#3412 = B_SPLINE_CURVE_WITH_KNOTS('',1,(#3413,#3414),.UNSPECIFIED.,.F.,
  .F.,(2,2),(0.,2.012195121951E-02),.PIECEWISE_BEZIER_KNOTS.);
#3413 = CARTESIAN_POINT('',(-0.236629797265,9.453615376E-02,4.00001E-02)
  );
#3414 = CARTESIAN_POINT('',(-0.256751748485,9.453615376E-02,4.00001E-02)
  );
#3415 = ORIENTED_EDGE('',*,*,#3250,.T.);
#3416 = B_SPLINE_SURFACE_WITH_KNOTS('',1,1,(
    (#3417,#3418)
    ,(#3419,#3420)),.UNSPECIFIED.,.F.,.F.,.F.,(2,2),(2,2),(0.,1.E-02),(
    -2.012195121951E-02,0.),.PIECEWISE_BEZIER_KNOTS.);
#3417 = CARTESIAN_POINT('',(-0.256751748485,9.453615376E-02,4.00001E-02)
  );
#3418 = CARTESIAN_POINT('',(-0.236629797265,9.453615376E-02,4.00001E-02)
  );
#3419 = CARTESIAN_POINT('',(-0.256751748485,9.453615376E-02,3.00001E-02)
  );
#3420 = CARTESIAN_POINT('',(-0.236629797265,9.453615376E-02,3.00001E-02)
  );
#3421 = ADVANCED_FACE('',(#3422,#3476),#3486,.F.);
#3422 = FACE_BOUND('',#3423,.T.);
#3423 = EDGE_LOOP('',(#3424,#3433,#3440,#3452,#3459,#3471));
#3424 = ORIENTED_EDGE('',*,*,#3425,.F.);
#3425 = EDGE_CURVE('',#3426,#3428,#3430,.T.);
#3426 = VERTEX_POINT('',#3427);
#3427 = CARTESIAN_POINT('',(-0.22125251068,3.072739125858E-03,
    4.00001E-02));
#3428 = VERTEX_POINT('',#3429);
#3429 = CARTESIAN_POINT('',(-0.271414477143,3.072739125858E-03,
    4.00001E-02));
#3430 = B_SPLINE_CURVE_WITH_KNOTS('',1,(#3431,#3432),.UNSPECIFIED.,.F.,
  .F.,(2,2),(0.,5.016196646341E-02),.PIECEWISE_BEZIER_KNOTS.);
#3431 = CARTESIAN_POINT('',(-0.22125251068,3.072739125858E-03,
    4.00001E-02));
#3432 = CARTESIAN_POINT('',(-0.271414477143,3.072739125858E-03,
    4.00001E-02));
#3433 = ORIENTED_EDGE('',*,*,#3434,.F.);
#3434 = EDGE_CURVE('',#3435,#3426,#3437,.T.);
#3435 = VERTEX_POINT('',#3436);
#3436 = CARTESIAN_POINT('',(-0.243632464948,6.572517815025E-02,
    4.00001E-02));
#3437 = B_SPLINE_CURVE_WITH_KNOTS('',1,(#3438,#3439),.UNSPECIFIED.,.F.,
  .F.,(2,2),(0.,6.652962098762E-02),.PIECEWISE_BEZIER_KNOTS.);
#3438 = CARTESIAN_POINT('',(-0.243632464948,6.572517815025E-02,
    4.00001E-02));
#3439 = CARTESIAN_POINT('',(-0.22125251068,3.072739125858E-03,
    4.00001E-02));
#3440 = ORIENTED_EDGE('',*,*,#3441,.F.);
#3441 = EDGE_CURVE('',#3442,#3435,#3444,.T.);
#3442 = VERTEX_POINT('',#3443);
#3443 = CARTESIAN_POINT('',(-0.246033379582,7.624347083317E-02,
    4.00001E-02));
#3444 = B_SPLINE_CURVE_WITH_KNOTS('',3,(#3445,#3446,#3447,#3448,#3449,
    #3450,#3451),.UNSPECIFIED.,.F.,.F.,(4,1,1,1,4),(0.,0.300541113159,
    0.567747146484,0.800033613737,1.),.UNSPECIFIED.);
#3445 = CARTESIAN_POINT('',(-0.246033379582,7.624347083317E-02,
    4.00001E-02));
#3446 = CARTESIAN_POINT('',(-0.245858467211,7.517533698994E-02,
    4.00001E-02));
#3447 = CARTESIAN_POINT('',(-0.245528043203,7.315754336702E-02,
    4.00001E-02));
#3448 = CARTESIAN_POINT('',(-0.244970269971,7.033019674843E-02,
    4.00001E-02));
#3449 = CARTESIAN_POINT('',(-0.244349248883,6.788672506493E-02,
    4.00001E-02));
#3450 = CARTESIAN_POINT('',(-0.243859178538,6.640885985126E-02,
    4.00001E-02));
#3451 = CARTESIAN_POINT('',(-0.243632464948,6.572517815025E-02,
    4.00001E-02));
#3452 = ORIENTED_EDGE('',*,*,#3453,.F.);
#3453 = EDGE_CURVE('',#3454,#3442,#3456,.T.);
#3454 = VERTEX_POINT('',#3455);
#3455 = CARTESIAN_POINT('',(-0.246519278973,7.624347083317E-02,
    4.00001E-02));
#3456 = B_SPLINE_CURVE_WITH_KNOTS('',1,(#3457,#3458),.UNSPECIFIED.,.F.,
  .F.,(2,2),(0.,4.858993902439E-04),.PIECEWISE_BEZIER_KNOTS.);
#3457 = CARTESIAN_POINT('',(-0.246519278973,7.624347083317E-02,
    4.00001E-02));
#3458 = CARTESIAN_POINT('',(-0.246033379582,7.624347083317E-02,
    4.00001E-02));
#3459 = ORIENTED_EDGE('',*,*,#3460,.F.);
#3460 = EDGE_CURVE('',#3461,#3454,#3463,.T.);
#3461 = VERTEX_POINT('',#3462);
#3462 = CARTESIAN_POINT('',(-0.248834446655,6.572517815025E-02,
    4.00001E-02));
#3463 = B_SPLINE_CURVE_WITH_KNOTS('',3,(#3464,#3465,#3466,#3467,#3468,
    #3469,#3470),.UNSPECIFIED.,.F.,.F.,(4,1,1,1,4),(0.,0.174481715317,
    0.398285759128,0.673897847399,1.),.UNSPECIFIED.);
#3464 = CARTESIAN_POINT('',(-0.248834446655,6.572517815025E-02,
    4.00001E-02));
#3465 = CARTESIAN_POINT('',(-0.248647260887,6.632365331821E-02,
    4.00001E-02));
#3466 = CARTESIAN_POINT('',(-0.248219975852,6.768978005625E-02,
    4.00001E-02));
#3467 = CARTESIAN_POINT('',(-0.247660054656,7.004763899233E-02,
    4.00001E-02));
#3468 = CARTESIAN_POINT('',(-0.247111087064,7.296268678921E-02,
    4.00001E-02));
#3469 = CARTESIAN_POINT('',(-0.246727283373,7.509036473753E-02,
    4.00001E-02));
#3470 = CARTESIAN_POINT('',(-0.246519278973,7.624347083317E-02,
    4.00001E-02));
#3471 = ORIENTED_EDGE('',*,*,#3472,.F.);
#3472 = EDGE_CURVE('',#3428,#3461,#3473,.T.);
#3473 = B_SPLINE_CURVE_WITH_KNOTS('',1,(#3474,#3475),.UNSPECIFIED.,.F.,
  .F.,(2,2),(0.,6.659719132617E-02),.PIECEWISE_BEZIER_KNOTS.);
#3474 = CARTESIAN_POINT('',(-0.271414477143,3.072739125858E-03,
    4.00001E-02));
#3475 = CARTESIAN_POINT('',(-0.248834446655,6.572517815025E-02,
    4.00001E-02));
#3476 = FACE_BOUND('',#3477,.T.);
#3477 = EDGE_LOOP('',(#3478,#3479,#3480,#3481,#3482,#3483,#3484,#3485));
#3478 = ORIENTED_EDGE('',*,*,#3257,.F.);
#3479 = ORIENTED_EDGE('',*,*,#3411,.F.);
#3480 = ORIENTED_EDGE('',*,*,#3389,.F.);
#3481 = ORIENTED_EDGE('',*,*,#3367,.F.);
#3482 = ORIENTED_EDGE('',*,*,#3345,.F.);
#3483 = ORIENTED_EDGE('',*,*,#3323,.F.);
#3484 = ORIENTED_EDGE('',*,*,#3301,.F.);
#3485 = ORIENTED_EDGE('',*,*,#3279,.F.);
#3486 = B_SPLINE_SURFACE_WITH_KNOTS('',1,1,(
    (#3487,#3488)
    ,(#3489,#3490
    )),.UNSPECIFIED.,.F.,.F.,.F.,(2,2),(2,2),(-0.315288333851,
    -0.179922480192),(-5.546384624E-02,9.453615376E-02),
  .PIECEWISE_BEZIER_KNOTS.);
#3487 = CARTESIAN_POINT('',(-0.315288333851,-5.546384624E-02,4.00001E-02
    ));
#3488 = CARTESIAN_POINT('',(-0.315288333851,9.453615376E-02,4.00001E-02)
  );
#3489 = CARTESIAN_POINT('',(-0.179922480192,-5.546384624E-02,4.00001E-02
    ));
#3490 = CARTESIAN_POINT('',(-0.179922480192,9.453615376E-02,4.00001E-02)
  );
#3491 = ADVANCED_FACE('',(#3492),#3514,.T.);
#3492 = FACE_BOUND('',#3493,.T.);
#3493 = EDGE_LOOP('',(#3494,#3503,#3508,#3509));
#3494 = ORIENTED_EDGE('',*,*,#3495,.F.);
#3495 = EDGE_CURVE('',#3496,#3498,#3500,.T.);
#3496 = VERTEX_POINT('',#3497);
#3497 = CARTESIAN_POINT('',(-0.22125251068,3.072739125858E-03,
    3.00001E-02));
#3498 = VERTEX_POINT('',#3499);
#3499 = CARTESIAN_POINT('',(-0.271414477143,3.072739125858E-03,
    3.00001E-02));
#3500 = B_SPLINE_CURVE_WITH_KNOTS('',1,(#3501,#3502),.UNSPECIFIED.,.F.,
  .F.,(2,2),(0.,5.016196646341E-02),.PIECEWISE_BEZIER_KNOTS.);
#3501 = CARTESIAN_POINT('',(-0.22125251068,3.072739125858E-03,
    3.00001E-02));
#3502 = CARTESIAN_POINT('',(-0.271414477143,3.072739125858E-03,
    3.00001E-02));
#3503 = ORIENTED_EDGE('',*,*,#3504,.F.);
#3504 = EDGE_CURVE('',#3426,#3496,#3505,.T.);
#3505 = B_SPLINE_CURVE_WITH_KNOTS('',1,(#3506,#3507),.UNSPECIFIED.,.F.,
  .F.,(2,2),(0.,1.E-02),.PIECEWISE_BEZIER_KNOTS.);
#3506 = CARTESIAN_POINT('',(-0.22125251068,3.072739125858E-03,
    4.00001E-02));
#3507 = CARTESIAN_POINT('',(-0.22125251068,3.072739125858E-03,
    3.00001E-02));
#3508 = ORIENTED_EDGE('',*,*,#3425,.T.);
#3509 = ORIENTED_EDGE('',*,*,#3510,.T.);
#3510 = EDGE_CURVE('',#3428,#3498,#3511,.T.);
#3511 = B_SPLINE_CURVE_WITH_KNOTS('',1,(#3512,#3513),.UNSPECIFIED.,.F.,
  .F.,(2,2),(0.,1.E-02),.PIECEWISE_BEZIER_KNOTS.);
#3512 = CARTESIAN_POINT('',(-0.271414477143,3.072739125858E-03,
    4.00001E-02));
#3513 = CARTESIAN_POINT('',(-0.271414477143,3.072739125858E-03,
    3.00001E-02));
#3514 = B_SPLINE_SURFACE_WITH_KNOTS('',1,1,(
    (#3515,#3516)
    ,(#3517,#3518)),.UNSPECIFIED.,.F.,.F.,.F.,(2,2),(2,2),(0.,1.E-02),(
    -5.016196646341E-02,0.),.PIECEWISE_BEZIER_KNOTS.);
#3515 = CARTESIAN_POINT('',(-0.271414477143,3.072739125858E-03,
    4.00001E-02));
#3516 = CARTESIAN_POINT('',(-0.22125251068,3.072739125858E-03,
    4.00001E-02));
#3517 = CARTESIAN_POINT('',(-0.271414477143,3.072739125858E-03,
    3.00001E-02));
#3518 = CARTESIAN_POINT('',(-0.22125251068,3.072739125858E-03,
    3.00001E-02));
#3519 = ADVANCED_FACE('',(#3520),#3536,.T.);
#3520 = FACE_BOUND('',#3521,.T.);
#3521 = EDGE_LOOP('',(#3522,#3529,#3534,#3535));
#3522 = ORIENTED_EDGE('',*,*,#3523,.F.);
#3523 = EDGE_CURVE('',#3524,#3496,#3526,.T.);
#3524 = VERTEX_POINT('',#3525);
#3525 = CARTESIAN_POINT('',(-0.243632464948,6.572517815025E-02,
    3.00001E-02));
#3526 = B_SPLINE_CURVE_WITH_KNOTS('',1,(#3527,#3528),.UNSPECIFIED.,.F.,
  .F.,(2,2),(0.,6.652962098762E-02),.PIECEWISE_BEZIER_KNOTS.);
#3527 = CARTESIAN_POINT('',(-0.243632464948,6.572517815025E-02,
    3.00001E-02));
#3528 = CARTESIAN_POINT('',(-0.22125251068,3.072739125858E-03,
    3.00001E-02));
#3529 = ORIENTED_EDGE('',*,*,#3530,.F.);
#3530 = EDGE_CURVE('',#3435,#3524,#3531,.T.);
#3531 = B_SPLINE_CURVE_WITH_KNOTS('',1,(#3532,#3533),.UNSPECIFIED.,.F.,
  .F.,(2,2),(0.,1.E-02),.PIECEWISE_BEZIER_KNOTS.);
#3532 = CARTESIAN_POINT('',(-0.243632464948,6.572517815025E-02,
    4.00001E-02));
#3533 = CARTESIAN_POINT('',(-0.243632464948,6.572517815025E-02,
    3.00001E-02));
#3534 = ORIENTED_EDGE('',*,*,#3434,.T.);
#3535 = ORIENTED_EDGE('',*,*,#3504,.T.);
#3536 = B_SPLINE_SURFACE_WITH_KNOTS('',1,1,(
    (#3537,#3538)
    ,(#3539,#3540
    )),.UNSPECIFIED.,.F.,.F.,.F.,(2,2),(2,2),(-6.652962098762E-02,
    1.240102285232E-18),(-1.E-02,0.),.PIECEWISE_BEZIER_KNOTS.);
#3537 = CARTESIAN_POINT('',(-0.22125251068,3.072739125858E-03,
    3.00001E-02));
#3538 = CARTESIAN_POINT('',(-0.22125251068,3.072739125858E-03,
    4.00001E-02));
#3539 = CARTESIAN_POINT('',(-0.243632464948,6.572517815025E-02,
    3.00001E-02));
#3540 = CARTESIAN_POINT('',(-0.243632464948,6.572517815025E-02,
    4.00001E-02));
#3541 = ADVANCED_FACE('',(#3542),#3563,.T.);
#3542 = FACE_BOUND('',#3543,.T.);
#3543 = EDGE_LOOP('',(#3544,#3556,#3561,#3562));
#3544 = ORIENTED_EDGE('',*,*,#3545,.F.);
#3545 = EDGE_CURVE('',#3546,#3524,#3548,.T.);
#3546 = VERTEX_POINT('',#3547);
#3547 = CARTESIAN_POINT('',(-0.246033379582,7.624347083317E-02,
    3.00001E-02));
#3548 = B_SPLINE_CURVE_WITH_KNOTS('',3,(#3549,#3550,#3551,#3552,#3553,
    #3554,#3555),.UNSPECIFIED.,.F.,.F.,(4,1,1,1,4),(0.,0.300541113159,
    0.567747146484,0.800033613737,1.),.UNSPECIFIED.);
#3549 = CARTESIAN_POINT('',(-0.246033379582,7.624347083317E-02,
    3.00001E-02));
#3550 = CARTESIAN_POINT('',(-0.245858467211,7.517533698994E-02,
    3.00001E-02));
#3551 = CARTESIAN_POINT('',(-0.245528043203,7.315754336702E-02,
    3.00001E-02));
#3552 = CARTESIAN_POINT('',(-0.244970269971,7.033019674843E-02,
    3.00001E-02));
#3553 = CARTESIAN_POINT('',(-0.244349248883,6.788672506493E-02,
    3.00001E-02));
#3554 = CARTESIAN_POINT('',(-0.243859178538,6.640885985126E-02,
    3.00001E-02));
#3555 = CARTESIAN_POINT('',(-0.243632464948,6.572517815025E-02,
    3.00001E-02));
#3556 = ORIENTED_EDGE('',*,*,#3557,.F.);
#3557 = EDGE_CURVE('',#3442,#3546,#3558,.T.);
#3558 = B_SPLINE_CURVE_WITH_KNOTS('',1,(#3559,#3560),.UNSPECIFIED.,.F.,
  .F.,(2,2),(0.,1.E-02),.PIECEWISE_BEZIER_KNOTS.);
#3559 = CARTESIAN_POINT('',(-0.246033379582,7.624347083317E-02,
    4.00001E-02));
#3560 = CARTESIAN_POINT('',(-0.246033379582,7.624347083317E-02,
    3.00001E-02));
#3561 = ORIENTED_EDGE('',*,*,#3441,.T.);
#3562 = ORIENTED_EDGE('',*,*,#3530,.T.);
#3563 = B_SPLINE_SURFACE_WITH_KNOTS('',3,1,(
    (#3564,#3565)
    ,(#3566,#3567)
    ,(#3568,#3569)
    ,(#3570,#3571)
    ,(#3572,#3573)
    ,(#3574,#3575)
    ,(#3576,#3577
    )),.UNSPECIFIED.,.F.,.F.,.F.,(4,1,1,1,4),(2,2),(0.,0.300541113159,
    0.567747146484,0.800033613737,1.),(0.,1.),.UNSPECIFIED.);
#3564 = CARTESIAN_POINT('',(-0.246033379582,7.624347083317E-02,
    4.00001E-02));
#3565 = CARTESIAN_POINT('',(-0.246033379582,7.624347083317E-02,
    3.00001E-02));
#3566 = CARTESIAN_POINT('',(-0.245858467211,7.517533698994E-02,
    4.00001E-02));
#3567 = CARTESIAN_POINT('',(-0.245858467211,7.517533698994E-02,
    3.00001E-02));
#3568 = CARTESIAN_POINT('',(-0.245528043203,7.315754336702E-02,
    4.00001E-02));
#3569 = CARTESIAN_POINT('',(-0.245528043203,7.315754336702E-02,
    3.00001E-02));
#3570 = CARTESIAN_POINT('',(-0.244970269971,7.033019674843E-02,
    4.00001E-02));
#3571 = CARTESIAN_POINT('',(-0.244970269971,7.033019674843E-02,
    3.00001E-02));
#3572 = CARTESIAN_POINT('',(-0.244349248883,6.788672506493E-02,
    4.00001E-02));
#3573 = CARTESIAN_POINT('',(-0.244349248883,6.788672506493E-02,
    3.00001E-02));
#3574 = CARTESIAN_POINT('',(-0.243859178538,6.640885985126E-02,
    4.00001E-02));
#3575 = CARTESIAN_POINT('',(-0.243859178538,6.640885985126E-02,
    3.00001E-02));
#3576 = CARTESIAN_POINT('',(-0.243632464948,6.572517815025E-02,
    4.00001E-02));
#3577 = CARTESIAN_POINT('',(-0.243632464948,6.572517815025E-02,
    3.00001E-02));
#3578 = ADVANCED_FACE('',(#3579),#3595,.T.);
#3579 = FACE_BOUND('',#3580,.T.);
#3580 = EDGE_LOOP('',(#3581,#3588,#3593,#3594));
#3581 = ORIENTED_EDGE('',*,*,#3582,.F.);
#3582 = EDGE_CURVE('',#3583,#3546,#3585,.T.);
#3583 = VERTEX_POINT('',#3584);
#3584 = CARTESIAN_POINT('',(-0.246519278973,7.624347083317E-02,
    3.00001E-02));
#3585 = B_SPLINE_CURVE_WITH_KNOTS('',1,(#3586,#3587),.UNSPECIFIED.,.F.,
  .F.,(2,2),(0.,4.858993902439E-04),.PIECEWISE_BEZIER_KNOTS.);
#3586 = CARTESIAN_POINT('',(-0.246519278973,7.624347083317E-02,
    3.00001E-02));
#3587 = CARTESIAN_POINT('',(-0.246033379582,7.624347083317E-02,
    3.00001E-02));
#3588 = ORIENTED_EDGE('',*,*,#3589,.F.);
#3589 = EDGE_CURVE('',#3454,#3583,#3590,.T.);
#3590 = B_SPLINE_CURVE_WITH_KNOTS('',1,(#3591,#3592),.UNSPECIFIED.,.F.,
  .F.,(2,2),(0.,1.E-02),.PIECEWISE_BEZIER_KNOTS.);
#3591 = CARTESIAN_POINT('',(-0.246519278973,7.624347083317E-02,
    4.00001E-02));
#3592 = CARTESIAN_POINT('',(-0.246519278973,7.624347083317E-02,
    3.00001E-02));
#3593 = ORIENTED_EDGE('',*,*,#3453,.T.);
#3594 = ORIENTED_EDGE('',*,*,#3557,.T.);
#3595 = B_SPLINE_SURFACE_WITH_KNOTS('',1,1,(
    (#3596,#3597)
    ,(#3598,#3599
    )),.UNSPECIFIED.,.F.,.F.,.F.,(2,2),(2,2),(-1.E-02,0.),(0.,
    4.858993902439E-04),.PIECEWISE_BEZIER_KNOTS.);
#3596 = CARTESIAN_POINT('',(-0.246519278973,7.624347083317E-02,
    3.00001E-02));
#3597 = CARTESIAN_POINT('',(-0.246033379582,7.624347083317E-02,
    3.00001E-02));
#3598 = CARTESIAN_POINT('',(-0.246519278973,7.624347083317E-02,
    4.00001E-02));
#3599 = CARTESIAN_POINT('',(-0.246033379582,7.624347083317E-02,
    4.00001E-02));
#3600 = ADVANCED_FACE('',(#3601),#3622,.T.);
#3601 = FACE_BOUND('',#3602,.T.);
#3602 = EDGE_LOOP('',(#3603,#3615,#3620,#3621));
#3603 = ORIENTED_EDGE('',*,*,#3604,.F.);
#3604 = EDGE_CURVE('',#3605,#3583,#3607,.T.);
#3605 = VERTEX_POINT('',#3606);
#3606 = CARTESIAN_POINT('',(-0.248834446655,6.572517815025E-02,
    3.00001E-02));
#3607 = B_SPLINE_CURVE_WITH_KNOTS('',3,(#3608,#3609,#3610,#3611,#3612,
    #3613,#3614),.UNSPECIFIED.,.F.,.F.,(4,1,1,1,4),(0.,0.174481715317,
    0.398285759128,0.673897847399,1.),.UNSPECIFIED.);
#3608 = CARTESIAN_POINT('',(-0.248834446655,6.572517815025E-02,
    3.00001E-02));
#3609 = CARTESIAN_POINT('',(-0.248647260887,6.632365331821E-02,
    3.00001E-02));
#3610 = CARTESIAN_POINT('',(-0.248219975852,6.768978005625E-02,
    3.00001E-02));
#3611 = CARTESIAN_POINT('',(-0.247660054656,7.004763899233E-02,
    3.00001E-02));
#3612 = CARTESIAN_POINT('',(-0.247111087064,7.296268678921E-02,
    3.00001E-02));
#3613 = CARTESIAN_POINT('',(-0.246727283373,7.509036473753E-02,
    3.00001E-02));
#3614 = CARTESIAN_POINT('',(-0.246519278973,7.624347083317E-02,
    3.00001E-02));
#3615 = ORIENTED_EDGE('',*,*,#3616,.F.);
#3616 = EDGE_CURVE('',#3461,#3605,#3617,.T.);
#3617 = B_SPLINE_CURVE_WITH_KNOTS('',1,(#3618,#3619),.UNSPECIFIED.,.F.,
  .F.,(2,2),(0.,1.E-02),.PIECEWISE_BEZIER_KNOTS.);
#3618 = CARTESIAN_POINT('',(-0.248834446655,6.572517815025E-02,
    4.00001E-02));
#3619 = CARTESIAN_POINT('',(-0.248834446655,6.572517815025E-02,
    3.00001E-02));
#3620 = ORIENTED_EDGE('',*,*,#3460,.T.);
#3621 = ORIENTED_EDGE('',*,*,#3589,.T.);
#3622 = B_SPLINE_SURFACE_WITH_KNOTS('',3,1,(
    (#3623,#3624)
    ,(#3625,#3626)
    ,(#3627,#3628)
    ,(#3629,#3630)
    ,(#3631,#3632)
    ,(#3633,#3634)
    ,(#3635,#3636
    )),.UNSPECIFIED.,.F.,.F.,.F.,(4,1,1,1,4),(2,2),(0.,0.174481715317,
    0.398285759128,0.673897847399,1.),(0.,1.),.UNSPECIFIED.);
#3623 = CARTESIAN_POINT('',(-0.248834446655,6.572517815025E-02,
    4.00001E-02));
#3624 = CARTESIAN_POINT('',(-0.248834446655,6.572517815025E-02,
    3.00001E-02));
#3625 = CARTESIAN_POINT('',(-0.248647260887,6.632365331821E-02,
    4.00001E-02));
#3626 = CARTESIAN_POINT('',(-0.248647260887,6.632365331821E-02,
    3.00001E-02));
#3627 = CARTESIAN_POINT('',(-0.248219975852,6.768978005625E-02,
    4.00001E-02));
#3628 = CARTESIAN_POINT('',(-0.248219975852,6.768978005625E-02,
    3.00001E-02));
#3629 = CARTESIAN_POINT('',(-0.247660054656,7.004763899233E-02,
    4.00001E-02));
#3630 = CARTESIAN_POINT('',(-0.247660054656,7.004763899233E-02,
    3.00001E-02));
#3631 = CARTESIAN_POINT('',(-0.247111087064,7.296268678921E-02,
    4.00001E-02));
#3632 = CARTESIAN_POINT('',(-0.247111087064,7.296268678921E-02,
    3.00001E-02));
#3633 = CARTESIAN_POINT('',(-0.246727283373,7.509036473753E-02,
    4.00001E-02));
#3634 = CARTESIAN_POINT('',(-0.246727283373,7.509036473753E-02,
    3.00001E-02));
#3635 = CARTESIAN_POINT('',(-0.246519278973,7.624347083317E-02,
    4.00001E-02));
#3636 = CARTESIAN_POINT('',(-0.246519278973,7.624347083317E-02,
    3.00001E-02));
#3637 = ADVANCED_FACE('',(#3638),#3648,.T.);
#3638 = FACE_BOUND('',#3639,.T.);
#3639 = EDGE_LOOP('',(#3640,#3645,#3646,#3647));
#3640 = ORIENTED_EDGE('',*,*,#3641,.F.);
#3641 = EDGE_CURVE('',#3498,#3605,#3642,.T.);
#3642 = B_SPLINE_CURVE_WITH_KNOTS('',1,(#3643,#3644),.UNSPECIFIED.,.F.,
  .F.,(2,2),(1.514933271686E-17,6.659719132617E-02),
  .PIECEWISE_BEZIER_KNOTS.);
#3643 = CARTESIAN_POINT('',(-0.271414477143,3.072739125858E-03,
    3.00001E-02));
#3644 = CARTESIAN_POINT('',(-0.248834446655,6.572517815025E-02,
    3.00001E-02));
#3645 = ORIENTED_EDGE('',*,*,#3510,.F.);
#3646 = ORIENTED_EDGE('',*,*,#3472,.T.);
#3647 = ORIENTED_EDGE('',*,*,#3616,.T.);
#3648 = B_SPLINE_SURFACE_WITH_KNOTS('',1,1,(
    (#3649,#3650)
    ,(#3651,#3652
    )),.UNSPECIFIED.,.F.,.F.,.F.,(2,2),(2,2),(-6.659719132617E-02,0.),(
    -1.E-02,2.899587003985E-34),.PIECEWISE_BEZIER_KNOTS.);
#3649 = CARTESIAN_POINT('',(-0.248834446655,6.572517815025E-02,
    3.00001E-02));
#3650 = CARTESIAN_POINT('',(-0.248834446655,6.572517815025E-02,
    4.00001E-02));
#3651 = CARTESIAN_POINT('',(-0.271414477143,3.072739125858E-03,
    3.00001E-02));
#3652 = CARTESIAN_POINT('',(-0.271414477143,3.072739125858E-03,
    4.00001E-02));
#3653 = ADVANCED_FACE('',(#3654),#3676,.T.);
#3654 = FACE_BOUND('',#3655,.T.);
#3655 = EDGE_LOOP('',(#3656,#3657,#3664,#3671));
#3656 = ORIENTED_EDGE('',*,*,#1935,.F.);
#3657 = ORIENTED_EDGE('',*,*,#3658,.F.);
#3658 = EDGE_CURVE('',#3659,#1912,#3661,.T.);
#3659 = VERTEX_POINT('',#3660);
#3660 = CARTESIAN_POINT('',(-8.900212958228E-02,-5.546384624E-02,
    4.00001E-02));
#3661 = B_SPLINE_CURVE_WITH_KNOTS('',1,(#3662,#3663),.UNSPECIFIED.,.F.,
  .F.,(2,2),(0.,1.E-02),.PIECEWISE_BEZIER_KNOTS.);
#3662 = CARTESIAN_POINT('',(-8.900212958228E-02,-5.546384624E-02,
    4.00001E-02));
#3663 = CARTESIAN_POINT('',(-8.900212958228E-02,-5.546384624E-02,
    3.00001E-02));
#3664 = ORIENTED_EDGE('',*,*,#3665,.T.);
#3665 = EDGE_CURVE('',#3659,#3666,#3668,.T.);
#3666 = VERTEX_POINT('',#3667);
#3667 = CARTESIAN_POINT('',(-4.821516311886E-02,-5.546384624E-02,
    4.00001E-02));
#3668 = B_SPLINE_CURVE_WITH_KNOTS('',1,(#3669,#3670),.UNSPECIFIED.,.F.,
  .F.,(2,2),(0.,4.078696646341E-02),.PIECEWISE_BEZIER_KNOTS.);
#3669 = CARTESIAN_POINT('',(-8.900212958228E-02,-5.546384624E-02,
    4.00001E-02));
#3670 = CARTESIAN_POINT('',(-4.821516311886E-02,-5.546384624E-02,
    4.00001E-02));
#3671 = ORIENTED_EDGE('',*,*,#3672,.T.);
#3672 = EDGE_CURVE('',#3666,#1936,#3673,.T.);
#3673 = B_SPLINE_CURVE_WITH_KNOTS('',1,(#3674,#3675),.UNSPECIFIED.,.F.,
  .F.,(2,2),(0.,1.E-02),.PIECEWISE_BEZIER_KNOTS.);
#3674 = CARTESIAN_POINT('',(-4.821516311886E-02,-5.546384624E-02,
    4.00001E-02));
#3675 = CARTESIAN_POINT('',(-4.821516311886E-02,-5.546384624E-02,
    3.00001E-02));
#3676 = B_SPLINE_SURFACE_WITH_KNOTS('',1,1,(
    (#3677,#3678)
    ,(#3679,#3680
    )),.UNSPECIFIED.,.F.,.F.,.F.,(2,2),(2,2),(-1.E-02,0.),(0.,
    4.078696646341E-02),.PIECEWISE_BEZIER_KNOTS.);
#3677 = CARTESIAN_POINT('',(-8.900212958228E-02,-5.546384624E-02,
    3.00001E-02));
#3678 = CARTESIAN_POINT('',(-4.821516311886E-02,-5.546384624E-02,
    3.00001E-02));
#3679 = CARTESIAN_POINT('',(-8.900212958228E-02,-5.546384624E-02,
    4.00001E-02));
#3680 = CARTESIAN_POINT('',(-4.821516311886E-02,-5.546384624E-02,
    4.00001E-02));
#3681 = ADVANCED_FACE('',(#3682),#3698,.T.);
#3682 = FACE_BOUND('',#3683,.T.);
#3683 = EDGE_LOOP('',(#3684,#3685,#3686,#3693));
#3684 = ORIENTED_EDGE('',*,*,#1942,.F.);
#3685 = ORIENTED_EDGE('',*,*,#3672,.F.);
#3686 = ORIENTED_EDGE('',*,*,#3687,.T.);
#3687 = EDGE_CURVE('',#3666,#3688,#3690,.T.);
#3688 = VERTEX_POINT('',#3689);
#3689 = CARTESIAN_POINT('',(-4.821516311886E-02,9.453615376E-02,
    4.00001E-02));
#3690 = B_SPLINE_CURVE_WITH_KNOTS('',1,(#3691,#3692),.UNSPECIFIED.,.F.,
  .F.,(2,2),(0.,0.15),.PIECEWISE_BEZIER_KNOTS.);
#3691 = CARTESIAN_POINT('',(-4.821516311886E-02,-5.546384624E-02,
    4.00001E-02));
#3692 = CARTESIAN_POINT('',(-4.821516311886E-02,9.453615376E-02,
    4.00001E-02));
#3693 = ORIENTED_EDGE('',*,*,#3694,.T.);
#3694 = EDGE_CURVE('',#3688,#1943,#3695,.T.);
#3695 = B_SPLINE_CURVE_WITH_KNOTS('',1,(#3696,#3697),.UNSPECIFIED.,.F.,
  .F.,(2,2),(0.,1.E-02),.PIECEWISE_BEZIER_KNOTS.);
#3696 = CARTESIAN_POINT('',(-4.821516311886E-02,9.453615376E-02,
    4.00001E-02));
#3697 = CARTESIAN_POINT('',(-4.821516311886E-02,9.453615376E-02,
    3.00001E-02));
#3698 = B_SPLINE_SURFACE_WITH_KNOTS('',1,1,(
    (#3699,#3700)
    ,(#3701,#3702
    )),.UNSPECIFIED.,.F.,.F.,.F.,(2,2),(2,2),(-1.E-02,0.),(0.,0.15),
  .PIECEWISE_BEZIER_KNOTS.);
#3699 = CARTESIAN_POINT('',(-4.821516311886E-02,-5.546384624E-02,
    3.00001E-02));
#3700 = CARTESIAN_POINT('',(-4.821516311886E-02,9.453615376E-02,
    3.00001E-02));
#3701 = CARTESIAN_POINT('',(-4.821516311886E-02,-5.546384624E-02,
    4.00001E-02));
#3702 = CARTESIAN_POINT('',(-4.821516311886E-02,9.453615376E-02,
    4.00001E-02));
#3703 = ADVANCED_FACE('',(#3704),#3720,.T.);
#3704 = FACE_BOUND('',#3705,.T.);
#3705 = EDGE_LOOP('',(#3706,#3707,#3708,#3715));
#3706 = ORIENTED_EDGE('',*,*,#1949,.F.);
#3707 = ORIENTED_EDGE('',*,*,#3694,.F.);
#3708 = ORIENTED_EDGE('',*,*,#3709,.T.);
#3709 = EDGE_CURVE('',#3688,#3710,#3712,.T.);
#3710 = VERTEX_POINT('',#3711);
#3711 = CARTESIAN_POINT('',(-9.054557470423E-02,9.453615376E-02,
    4.00001E-02));
#3712 = B_SPLINE_CURVE_WITH_KNOTS('',1,(#3713,#3714),.UNSPECIFIED.,.F.,
  .F.,(2,2),(0.,4.233041158537E-02),.PIECEWISE_BEZIER_KNOTS.);
#3713 = CARTESIAN_POINT('',(-4.821516311886E-02,9.453615376E-02,
    4.00001E-02));
#3714 = CARTESIAN_POINT('',(-9.054557470423E-02,9.453615376E-02,
    4.00001E-02));
#3715 = ORIENTED_EDGE('',*,*,#3716,.T.);
#3716 = EDGE_CURVE('',#3710,#1950,#3717,.T.);
#3717 = B_SPLINE_CURVE_WITH_KNOTS('',1,(#3718,#3719),.UNSPECIFIED.,.F.,
  .F.,(2,2),(0.,1.E-02),.PIECEWISE_BEZIER_KNOTS.);
#3718 = CARTESIAN_POINT('',(-9.054557470423E-02,9.453615376E-02,
    4.00001E-02));
#3719 = CARTESIAN_POINT('',(-9.054557470423E-02,9.453615376E-02,
    3.00001E-02));
#3720 = B_SPLINE_SURFACE_WITH_KNOTS('',1,1,(
    (#3721,#3722)
    ,(#3723,#3724)),.UNSPECIFIED.,.F.,.F.,.F.,(2,2),(2,2),(0.,1.E-02),(
    -4.233041158537E-02,0.),.PIECEWISE_BEZIER_KNOTS.);
#3721 = CARTESIAN_POINT('',(-9.054557470423E-02,9.453615376E-02,
    4.00001E-02));
#3722 = CARTESIAN_POINT('',(-4.821516311886E-02,9.453615376E-02,
    4.00001E-02));
#3723 = CARTESIAN_POINT('',(-9.054557470423E-02,9.453615376E-02,
    3.00001E-02));
#3724 = CARTESIAN_POINT('',(-4.821516311886E-02,9.453615376E-02,
    3.00001E-02));
#3725 = ADVANCED_FACE('',(#3726),#3759,.T.);
#3726 = FACE_BOUND('',#3727,.T.);
#3727 = EDGE_LOOP('',(#3728,#3729,#3730,#3754));
#3728 = ORIENTED_EDGE('',*,*,#1956,.F.);
#3729 = ORIENTED_EDGE('',*,*,#3716,.F.);
#3730 = ORIENTED_EDGE('',*,*,#3731,.T.);
#3731 = EDGE_CURVE('',#3710,#3732,#3734,.T.);
#3732 = VERTEX_POINT('',#3733);
#3733 = CARTESIAN_POINT('',(-0.168946870436,2.142258668683E-02,
    4.00001E-02));
#3734 = B_SPLINE_CURVE_WITH_KNOTS('',3,(#3735,#3736,#3737,#3738,#3739,
    #3740,#3741,#3742,#3743,#3744,#3745,#3746,#3747,#3748,#3749,#3750,
    #3751,#3752,#3753),.UNSPECIFIED.,.F.,.F.,(4,1,1,1,1,1,1,1,1,1,1,1,1,
    1,1,1,4),(0.,6.86311786766E-02,0.134566466039,0.198328154011,
    0.260789766641,0.321999151484,0.382721746503,0.443537474036,
    0.505133429485,0.566213874765,0.626105864618,0.685349322161,
    0.744995870348,0.805415841815,0.867636266346,0.932307782302,1.),
  .UNSPECIFIED.);
#3735 = CARTESIAN_POINT('',(-9.054557470423E-02,9.453615376E-02,
    4.00001E-02));
#3736 = CARTESIAN_POINT('',(-9.330135431418E-02,9.447472996712E-02,
    4.00001E-02));
#3737 = CARTESIAN_POINT('',(-9.870466415737E-02,9.435429516039E-02,
    4.00001E-02));
#3738 = CARTESIAN_POINT('',(-0.106628285785,9.343945187395E-02,
    4.00001E-02));
#3739 = CARTESIAN_POINT('',(-0.114187662237,9.185190140262E-02,
    4.00001E-02));
#3740 = CARTESIAN_POINT('',(-0.121403581291,8.968612659318E-02,
    4.00001E-02));
#3741 = CARTESIAN_POINT('',(-0.128284401399,8.691937291141E-02,
    4.00001E-02));
#3742 = CARTESIAN_POINT('',(-0.134765299569,8.345336915262E-02,
    4.00001E-02));
#3743 = CARTESIAN_POINT('',(-0.140917385178,7.940857586278E-02,
    4.00001E-02));
#3744 = CARTESIAN_POINT('',(-0.146660602048,7.47762206202E-02,
    4.00001E-02));
#3745 = CARTESIAN_POINT('',(-0.151895343381,6.962549744703E-02,
    4.00001E-02));
#3746 = CARTESIAN_POINT('',(-0.156458661518,6.399229639758E-02,
    4.00001E-02));
#3747 = CARTESIAN_POINT('',(-0.160365570569,5.795196070713E-02,
    4.00001E-02));
#3748 = CARTESIAN_POINT('',(-0.163509604212,5.145673002914E-02,
    4.00001E-02));
#3749 = CARTESIAN_POINT('',(-0.16595085248,4.454160066599E-02,
    4.00001E-02));
#3750 = CARTESIAN_POINT('',(-0.167679574603,3.721158697392E-02,
    4.00001E-02));
#3751 = CARTESIAN_POINT('',(-0.168769916758,2.945838681088E-02,
    4.00001E-02));
#3752 = CARTESIAN_POINT('',(-0.168886995252,2.414163167248E-02,
    4.00001E-02));
#3753 = CARTESIAN_POINT('',(-0.168946870436,2.142258668683E-02,
    4.00001E-02));
#3754 = ORIENTED_EDGE('',*,*,#3755,.T.);
#3755 = EDGE_CURVE('',#3732,#1910,#3756,.T.);
#3756 = B_SPLINE_CURVE_WITH_KNOTS('',1,(#3757,#3758),.UNSPECIFIED.,.F.,
  .F.,(2,2),(0.,1.E-02),.PIECEWISE_BEZIER_KNOTS.);
#3757 = CARTESIAN_POINT('',(-0.168946870436,2.142258668683E-02,
    4.00001E-02));
#3758 = CARTESIAN_POINT('',(-0.168946870436,2.142258668683E-02,
    3.00001E-02));
#3759 = B_SPLINE_SURFACE_WITH_KNOTS('',3,1,(
    (#3760,#3761)
    ,(#3762,#3763)
    ,(#3764,#3765)
    ,(#3766,#3767)
    ,(#3768,#3769)
    ,(#3770,#3771)
    ,(#3772,#3773)
    ,(#3774,#3775)
    ,(#3776,#3777)
    ,(#3778,#3779)
    ,(#3780,#3781)
    ,(#3782,#3783)
    ,(#3784,#3785)
    ,(#3786,#3787)
    ,(#3788,#3789)
    ,(#3790,#3791)
    ,(#3792,#3793)
    ,(#3794,#3795)
    ,(#3796,#3797
    )),.UNSPECIFIED.,.F.,.F.,.F.,(4,1,1,1,1,1,1,1,1,1,1,1,1,1,1,1,4),(2,
    2),(0.,6.86311786766E-02,0.134566466039,0.198328154011,
    0.260789766641,0.321999151484,0.382721746503,0.443537474036,
    0.505133429485,0.566213874765,0.626105864618,0.685349322161,
    0.744995870348,0.805415841815,0.867636266346,0.932307782302,1.),(0.,
    1.),.UNSPECIFIED.);
#3760 = CARTESIAN_POINT('',(-9.054557470423E-02,9.453615376E-02,
    4.00001E-02));
#3761 = CARTESIAN_POINT('',(-9.054557470423E-02,9.453615376E-02,
    3.00001E-02));
#3762 = CARTESIAN_POINT('',(-9.330135431418E-02,9.447472996712E-02,
    4.00001E-02));
#3763 = CARTESIAN_POINT('',(-9.330135431418E-02,9.447472996712E-02,
    3.00001E-02));
#3764 = CARTESIAN_POINT('',(-9.870466415737E-02,9.435429516039E-02,
    4.00001E-02));
#3765 = CARTESIAN_POINT('',(-9.870466415737E-02,9.435429516039E-02,
    3.00001E-02));
#3766 = CARTESIAN_POINT('',(-0.106628285785,9.343945187395E-02,
    4.00001E-02));
#3767 = CARTESIAN_POINT('',(-0.106628285785,9.343945187395E-02,
    3.00001E-02));
#3768 = CARTESIAN_POINT('',(-0.114187662237,9.185190140262E-02,
    4.00001E-02));
#3769 = CARTESIAN_POINT('',(-0.114187662237,9.185190140262E-02,
    3.00001E-02));
#3770 = CARTESIAN_POINT('',(-0.121403581291,8.968612659318E-02,
    4.00001E-02));
#3771 = CARTESIAN_POINT('',(-0.121403581291,8.968612659318E-02,
    3.00001E-02));
#3772 = CARTESIAN_POINT('',(-0.128284401399,8.691937291141E-02,
    4.00001E-02));
#3773 = CARTESIAN_POINT('',(-0.128284401399,8.691937291141E-02,
    3.00001E-02));
#3774 = CARTESIAN_POINT('',(-0.134765299569,8.345336915262E-02,
    4.00001E-02));
#3775 = CARTESIAN_POINT('',(-0.134765299569,8.345336915262E-02,
    3.00001E-02));
#3776 = CARTESIAN_POINT('',(-0.140917385178,7.940857586278E-02,
    4.00001E-02));
#3777 = CARTESIAN_POINT('',(-0.140917385178,7.940857586278E-02,
    3.00001E-02));
#3778 = CARTESIAN_POINT('',(-0.146660602048,7.47762206202E-02,
    4.00001E-02));
#3779 = CARTESIAN_POINT('',(-0.146660602048,7.47762206202E-02,
    3.00001E-02));
#3780 = CARTESIAN_POINT('',(-0.151895343381,6.962549744703E-02,
    4.00001E-02));
#3781 = CARTESIAN_POINT('',(-0.151895343381,6.962549744703E-02,
    3.00001E-02));
#3782 = CARTESIAN_POINT('',(-0.156458661518,6.399229639758E-02,
    4.00001E-02));
#3783 = CARTESIAN_POINT('',(-0.156458661518,6.399229639758E-02,
    3.00001E-02));
#3784 = CARTESIAN_POINT('',(-0.160365570569,5.795196070713E-02,
    4.00001E-02));
#3785 = CARTESIAN_POINT('',(-0.160365570569,5.795196070713E-02,
    3.00001E-02));
#3786 = CARTESIAN_POINT('',(-0.163509604212,5.145673002914E-02,
    4.00001E-02));
#3787 = CARTESIAN_POINT('',(-0.163509604212,5.145673002914E-02,
    3.00001E-02));
#3788 = CARTESIAN_POINT('',(-0.16595085248,4.454160066599E-02,
    4.00001E-02));
#3789 = CARTESIAN_POINT('',(-0.16595085248,4.454160066599E-02,
    3.00001E-02));
#3790 = CARTESIAN_POINT('',(-0.167679574603,3.721158697392E-02,
    4.00001E-02));
#3791 = CARTESIAN_POINT('',(-0.167679574603,3.721158697392E-02,
    3.00001E-02));
#3792 = CARTESIAN_POINT('',(-0.168769916758,2.945838681088E-02,
    4.00001E-02));
#3793 = CARTESIAN_POINT('',(-0.168769916758,2.945838681088E-02,
    3.00001E-02));
#3794 = CARTESIAN_POINT('',(-0.168886995252,2.414163167248E-02,
    4.00001E-02));
#3795 = CARTESIAN_POINT('',(-0.168886995252,2.414163167248E-02,
    3.00001E-02));
#3796 = CARTESIAN_POINT('',(-0.168946870436,2.142258668683E-02,
    4.00001E-02));
#3797 = CARTESIAN_POINT('',(-0.168946870436,2.142258668683E-02,
    3.00001E-02));
#3798 = ADVANCED_FACE('',(#3799),#3826,.T.);
#3799 = FACE_BOUND('',#3800,.T.);
#3800 = EDGE_LOOP('',(#3801,#3802,#3803,#3825));
#3801 = ORIENTED_EDGE('',*,*,#1909,.F.);
#3802 = ORIENTED_EDGE('',*,*,#3755,.F.);
#3803 = ORIENTED_EDGE('',*,*,#3804,.T.);
#3804 = EDGE_CURVE('',#3732,#3659,#3805,.T.);
#3805 = B_SPLINE_CURVE_WITH_KNOTS('',3,(#3806,#3807,#3808,#3809,#3810,
    #3811,#3812,#3813,#3814,#3815,#3816,#3817,#3818,#3819,#3820,#3821,
    #3822,#3823,#3824),.UNSPECIFIED.,.F.,.F.,(4,1,1,1,1,1,1,1,1,1,1,1,1,
    1,1,1,4),(0.,6.806869584499E-02,0.133427432819,0.196146033813,
    0.257048592449,0.316882663159,0.376187208666,0.435960335364,
    0.496535236863,0.557465343481,0.61768686341,0.677943640697,
    0.738805284806,0.800949336767,0.86481466747,0.931024781079,1.),
  .UNSPECIFIED.);
#3806 = CARTESIAN_POINT('',(-0.168946870436,2.142258668683E-02,
    4.00001E-02));
#3807 = CARTESIAN_POINT('',(-0.168886290356,1.858944901088E-02,
    4.00001E-02));
#3808 = CARTESIAN_POINT('',(-0.168767542016,1.303596686711E-02,
    4.00001E-02));
#3809 = CARTESIAN_POINT('',(-0.167682175221,4.9311376053E-03,4.00001E-02
    ));
#3810 = CARTESIAN_POINT('',(-0.165949570809,-2.74841733604E-03,
    4.00001E-02));
#3811 = CARTESIAN_POINT('',(-0.16351750653,-9.998335061856E-03,
    4.00001E-02));
#3812 = CARTESIAN_POINT('',(-0.160368693613,-1.681338636427E-02,
    4.00001E-02));
#3813 = CARTESIAN_POINT('',(-0.156464634664,-2.316867291777E-02,
    4.00001E-02));
#3814 = CARTESIAN_POINT('',(-0.151910552098,-2.911265168242E-02,
    4.00001E-02));
#3815 = CARTESIAN_POINT('',(-0.146675244662,-3.456388527263E-02,
    4.00001E-02));
#3816 = CARTESIAN_POINT('',(-0.140885371927,-3.944271989492E-02,
    4.00001E-02));
#3817 = CARTESIAN_POINT('',(-0.134694146485,-4.378174173391E-02,
    4.00001E-02));
#3818 = CARTESIAN_POINT('',(-0.128048369896,-4.738689058323E-02,
    4.00001E-02));
#3819 = CARTESIAN_POINT('',(-0.121004803627,-5.033246872519E-02,
    4.00001E-02));
#3820 = CARTESIAN_POINT('',(-0.113575766891,-5.267108168468E-02,
    4.00001E-02));
#3821 = CARTESIAN_POINT('',(-0.105729063231,-5.426332845309E-02,
    4.00001E-02));
#3822 = CARTESIAN_POINT('',(-9.750035415057E-02,-5.531009124435E-02,
    4.00001E-02));
#3823 = CARTESIAN_POINT('',(-9.187323712913E-02,-5.541190043357E-02,
    4.00001E-02));
#3824 = CARTESIAN_POINT('',(-8.900212958228E-02,-5.546384624E-02,
    4.00001E-02));
#3825 = ORIENTED_EDGE('',*,*,#3658,.T.);
#3826 = B_SPLINE_SURFACE_WITH_KNOTS('',3,1,(
    (#3827,#3828)
    ,(#3829,#3830)
    ,(#3831,#3832)
    ,(#3833,#3834)
    ,(#3835,#3836)
    ,(#3837,#3838)
    ,(#3839,#3840)
    ,(#3841,#3842)
    ,(#3843,#3844)
    ,(#3845,#3846)
    ,(#3847,#3848)
    ,(#3849,#3850)
    ,(#3851,#3852)
    ,(#3853,#3854)
    ,(#3855,#3856)
    ,(#3857,#3858)
    ,(#3859,#3860)
    ,(#3861,#3862)
    ,(#3863,#3864
    )),.UNSPECIFIED.,.F.,.F.,.F.,(4,1,1,1,1,1,1,1,1,1,1,1,1,1,1,1,4),(2,
    2),(0.,6.806869584499E-02,0.133427432819,0.196146033813,
    0.257048592449,0.316882663159,0.376187208666,0.435960335364,
    0.496535236863,0.557465343481,0.61768686341,0.677943640697,
    0.738805284806,0.800949336767,0.86481466747,0.931024781079,1.),(0.,
    1.),.UNSPECIFIED.);
#3827 = CARTESIAN_POINT('',(-0.168946870436,2.142258668683E-02,
    4.00001E-02));
#3828 = CARTESIAN_POINT('',(-0.168946870436,2.142258668683E-02,
    3.00001E-02));
#3829 = CARTESIAN_POINT('',(-0.168886290356,1.858944901088E-02,
    4.00001E-02));
#3830 = CARTESIAN_POINT('',(-0.168886290356,1.858944901088E-02,
    3.00001E-02));
#3831 = CARTESIAN_POINT('',(-0.168767542016,1.303596686711E-02,
    4.00001E-02));
#3832 = CARTESIAN_POINT('',(-0.168767542016,1.303596686711E-02,
    3.00001E-02));
#3833 = CARTESIAN_POINT('',(-0.167682175221,4.9311376053E-03,4.00001E-02
    ));
#3834 = CARTESIAN_POINT('',(-0.167682175221,4.9311376053E-03,3.00001E-02
    ));
#3835 = CARTESIAN_POINT('',(-0.165949570809,-2.74841733604E-03,
    4.00001E-02));
#3836 = CARTESIAN_POINT('',(-0.165949570809,-2.74841733604E-03,
    3.00001E-02));
#3837 = CARTESIAN_POINT('',(-0.16351750653,-9.998335061856E-03,
    4.00001E-02));
#3838 = CARTESIAN_POINT('',(-0.16351750653,-9.998335061856E-03,
    3.00001E-02));
#3839 = CARTESIAN_POINT('',(-0.160368693613,-1.681338636427E-02,
    4.00001E-02));
#3840 = CARTESIAN_POINT('',(-0.160368693613,-1.681338636427E-02,
    3.00001E-02));
#3841 = CARTESIAN_POINT('',(-0.156464634664,-2.316867291777E-02,
    4.00001E-02));
#3842 = CARTESIAN_POINT('',(-0.156464634664,-2.316867291777E-02,
    3.00001E-02));
#3843 = CARTESIAN_POINT('',(-0.151910552098,-2.911265168242E-02,
    4.00001E-02));
#3844 = CARTESIAN_POINT('',(-0.151910552098,-2.911265168242E-02,
    3.00001E-02));
#3845 = CARTESIAN_POINT('',(-0.146675244662,-3.456388527263E-02,
    4.00001E-02));
#3846 = CARTESIAN_POINT('',(-0.146675244662,-3.456388527263E-02,
    3.00001E-02));
#3847 = CARTESIAN_POINT('',(-0.140885371927,-3.944271989492E-02,
    4.00001E-02));
#3848 = CARTESIAN_POINT('',(-0.140885371927,-3.944271989492E-02,
    3.00001E-02));
#3849 = CARTESIAN_POINT('',(-0.134694146485,-4.378174173391E-02,
    4.00001E-02));
#3850 = CARTESIAN_POINT('',(-0.134694146485,-4.378174173391E-02,
    3.00001E-02));
#3851 = CARTESIAN_POINT('',(-0.128048369896,-4.738689058323E-02,
    4.00001E-02));
#3852 = CARTESIAN_POINT('',(-0.128048369896,-4.738689058323E-02,
    3.00001E-02));
#3853 = CARTESIAN_POINT('',(-0.121004803627,-5.033246872519E-02,
    4.00001E-02));
#3854 = CARTESIAN_POINT('',(-0.121004803627,-5.033246872519E-02,
    3.00001E-02));
#3855 = CARTESIAN_POINT('',(-0.113575766891,-5.267108168468E-02,
    4.00001E-02));
#3856 = CARTESIAN_POINT('',(-0.113575766891,-5.267108168468E-02,
    3.00001E-02));
#3857 = CARTESIAN_POINT('',(-0.105729063231,-5.426332845309E-02,
    4.00001E-02));
#3858 = CARTESIAN_POINT('',(-0.105729063231,-5.426332845309E-02,
    3.00001E-02));
#3859 = CARTESIAN_POINT('',(-9.750035415057E-02,-5.531009124435E-02,
    4.00001E-02));
#3860 = CARTESIAN_POINT('',(-9.750035415057E-02,-5.531009124435E-02,
    3.00001E-02));
#3861 = CARTESIAN_POINT('',(-9.187323712913E-02,-5.541190043357E-02,
    4.00001E-02));
#3862 = CARTESIAN_POINT('',(-9.187323712913E-02,-5.541190043357E-02,
    3.00001E-02));
#3863 = CARTESIAN_POINT('',(-8.900212958228E-02,-5.546384624E-02,
    4.00001E-02));
#3864 = CARTESIAN_POINT('',(-8.900212958228E-02,-5.546384624E-02,
    3.00001E-02));
#3865 = ADVANCED_FACE('',(#3866,#3937),#3944,.T.);
#3866 = FACE_BOUND('',#3867,.T.);
#3867 = EDGE_LOOP('',(#3868,#3894,#3918,#3925,#3932));
#3868 = ORIENTED_EDGE('',*,*,#3869,.F.);
#3869 = EDGE_CURVE('',#3870,#3872,#3874,.T.);
#3870 = VERTEX_POINT('',#3871);
#3871 = CARTESIAN_POINT('',(-0.148824919216,2.099385193074E-02,
    4.00001E-02));
#3872 = VERTEX_POINT('',#3873);
#3873 = CARTESIAN_POINT('',(-9.045982775301E-02,7.807273912586E-02,
    4.00001E-02));
#3874 = B_SPLINE_CURVE_WITH_KNOTS('',3,(#3875,#3876,#3877,#3878,#3879,
    #3880,#3881,#3882,#3883,#3884,#3885,#3886,#3887,#3888,#3889,#3890,
    #3891,#3892,#3893),.UNSPECIFIED.,.F.,.F.,(4,1,1,1,1,1,1,1,1,1,1,1,1,
    1,1,1,4),(0.,7.430379644282E-02,0.144393610364,0.210499496103,
    0.273542606503,0.333824744579,0.392529672409,0.4500874546,
    0.507820611556,0.565464912777,0.623148722334,0.681297192791,
    0.740913498157,0.801855752196,0.865241237721,0.930941657047,1.),
  .UNSPECIFIED.);
#3875 = CARTESIAN_POINT('',(-0.148824919216,2.099385193074E-02,
    4.00001E-02));
#3876 = CARTESIAN_POINT('',(-0.148775752129,2.329198470137E-02,
    4.00001E-02));
#3877 = CARTESIAN_POINT('',(-0.148680206362,2.775791650747E-02,
    4.00001E-02));
#3878 = CARTESIAN_POINT('',(-0.147936774231,3.423506768754E-02,
    4.00001E-02));
#3879 = CARTESIAN_POINT('',(-0.146690876474,4.027811395792E-02,
    4.00001E-02));
#3880 = CARTESIAN_POINT('',(-0.144919554873,4.587292597926E-02,
    4.00001E-02));
#3881 = CARTESIAN_POINT('',(-0.142658675319,5.10410769714E-02,
    4.00001E-02));
#3882 = CARTESIAN_POINT('',(-0.139874700594,5.575295623576E-02,
    4.00001E-02));
#3883 = CARTESIAN_POINT('',(-0.136589210536,6.003166375054E-02,
    4.00001E-02));
#3884 = CARTESIAN_POINT('',(-0.132802678272,6.38280996102E-02,
    4.00001E-02));
#3885 = CARTESIAN_POINT('',(-0.128608074546,6.716571462873E-02,
    4.00001E-02));
#3886 = CARTESIAN_POINT('',(-0.124108525378,7.010298015145E-02,
    4.00001E-02));
#3887 = CARTESIAN_POINT('',(-0.119264998449,7.256922620407E-02,
    4.00001E-02));
#3888 = CARTESIAN_POINT('',(-0.114115433667,7.459586510943E-02,
    4.00001E-02));
#3889 = CARTESIAN_POINT('',(-0.10864240275,7.617724814441E-02,
    4.00001E-02));
#3890 = CARTESIAN_POINT('',(-0.102862696635,7.727488828497E-02,
    4.00001E-02));
#3891 = CARTESIAN_POINT('',(-9.676364550961E-02,7.794302875161E-02,
    4.00001E-02));
#3892 = CARTESIAN_POINT('',(-9.259571918398E-02,7.802879000049E-02,
    4.00001E-02));
#3893 = CARTESIAN_POINT('',(-9.045982775301E-02,7.807273912586E-02,
    4.00001E-02));
#3894 = ORIENTED_EDGE('',*,*,#3895,.F.);
#3895 = EDGE_CURVE('',#3896,#3870,#3898,.T.);
#3896 = VERTEX_POINT('',#3897);
#3897 = CARTESIAN_POINT('',(-8.963094055789E-02,-3.900043160585E-02,
    4.00001E-02));
#3898 = B_SPLINE_CURVE_WITH_KNOTS('',3,(#3899,#3900,#3901,#3902,#3903,
    #3904,#3905,#3906,#3907,#3908,#3909,#3910,#3911,#3912,#3913,#3914,
    #3915,#3916,#3917),.UNSPECIFIED.,.F.,.F.,(4,1,1,1,1,1,1,1,1,1,1,1,1,
    1,1,1,4),(0.,7.082657255516E-02,0.13816903328,0.202475331534,
    0.263973754414,0.323380320598,0.381797622713,0.439390074519,
    0.496902724546,0.554662169609,0.612741878492,0.671538836391,
    0.73165572209,0.794297811614,0.859482204979,0.927681325453,1.),
  .UNSPECIFIED.);
#3899 = CARTESIAN_POINT('',(-8.963094055789E-02,-3.900043160585E-02,
    4.00001E-02));
#3900 = CARTESIAN_POINT('',(-9.189107587362E-02,-3.895157526833E-02,
    4.00001E-02));
#3901 = CARTESIAN_POINT('',(-9.630016557528E-02,-3.885626594189E-02,
    4.00001E-02));
#3902 = CARTESIAN_POINT('',(-0.102725649057,-3.809939569995E-02,
    4.00001E-02));
#3903 = CARTESIAN_POINT('',(-0.108773178828,-3.688400652248E-02,
    4.00001E-02));
#3904 = CARTESIAN_POINT('',(-0.114443555723,-3.518143229863E-02,
    4.00001E-02));
#3905 = CARTESIAN_POINT('',(-0.11971221377,-3.292458919226E-02,
    4.00001E-02));
#3906 = CARTESIAN_POINT('',(-0.124621655709,-3.021624942081E-02,
    4.00001E-02));
#3907 = CARTESIAN_POINT('',(-0.129138160497,-2.699337653893E-02,
    4.00001E-02));
#3908 = CARTESIAN_POINT('',(-0.133243419725,-2.329211743211E-02,
    4.00001E-02));
#3909 = CARTESIAN_POINT('',(-0.136902631309,-1.913090282431E-02,
    4.00001E-02));
#3910 = CARTESIAN_POINT('',(-0.140130986188,-1.457482632059E-02,
    4.00001E-02));
#3911 = CARTESIAN_POINT('',(-0.142813212712,-9.591931996918E-03,
    4.00001E-02));
#3912 = CARTESIAN_POINT('',(-0.145034336245,-4.231638595167E-03,
    4.00001E-02));
#3913 = CARTESIAN_POINT('',(-0.146731589069,1.529675420193E-03,
    4.00001E-02));
#3914 = CARTESIAN_POINT('',(-0.147961930672,7.668929903409E-03,
    4.00001E-02));
#3915 = CARTESIAN_POINT('',(-0.148672565881,1.420314569782E-02,
    4.00001E-02));
#3916 = CARTESIAN_POINT('',(-0.148773151813,1.868647070514E-02,
    4.00001E-02));
#3917 = CARTESIAN_POINT('',(-0.148824919216,2.099385193074E-02,
    4.00001E-02));
#3918 = ORIENTED_EDGE('',*,*,#3919,.F.);
#3919 = EDGE_CURVE('',#3920,#3896,#3922,.T.);
#3920 = VERTEX_POINT('',#3921);
#3921 = CARTESIAN_POINT('',(-6.833711433838E-02,-3.900043160585E-02,
    4.00001E-02));
#3922 = B_SPLINE_CURVE_WITH_KNOTS('',1,(#3923,#3924),.UNSPECIFIED.,.F.,
  .F.,(2,2),(0.,2.129382621951E-02),.PIECEWISE_BEZIER_KNOTS.);
#3923 = CARTESIAN_POINT('',(-6.833711433838E-02,-3.900043160585E-02,
    4.00001E-02));
#3924 = CARTESIAN_POINT('',(-8.963094055789E-02,-3.900043160585E-02,
    4.00001E-02));
#3925 = ORIENTED_EDGE('',*,*,#3926,.F.);
#3926 = EDGE_CURVE('',#3927,#3920,#3929,.T.);
#3927 = VERTEX_POINT('',#3928);
#3928 = CARTESIAN_POINT('',(-6.833711433838E-02,7.807273912586E-02,
    4.00001E-02));
#3929 = B_SPLINE_CURVE_WITH_KNOTS('',1,(#3930,#3931),.UNSPECIFIED.,.F.,
  .F.,(2,2),(0.,0.117073170732),.PIECEWISE_BEZIER_KNOTS.);
#3930 = CARTESIAN_POINT('',(-6.833711433838E-02,7.807273912586E-02,
    4.00001E-02));
#3931 = CARTESIAN_POINT('',(-6.833711433838E-02,-3.900043160585E-02,
    4.00001E-02));
#3932 = ORIENTED_EDGE('',*,*,#3933,.F.);
#3933 = EDGE_CURVE('',#3872,#3927,#3934,.T.);
#3934 = B_SPLINE_CURVE_WITH_KNOTS('',1,(#3935,#3936),.UNSPECIFIED.,.F.,
  .F.,(2,2),(0.,2.212271341463E-02),.PIECEWISE_BEZIER_KNOTS.);
#3935 = CARTESIAN_POINT('',(-9.045982775301E-02,7.807273912586E-02,
    4.00001E-02));
#3936 = CARTESIAN_POINT('',(-6.833711433838E-02,7.807273912586E-02,
    4.00001E-02));
#3937 = FACE_BOUND('',#3938,.T.);
#3938 = EDGE_LOOP('',(#3939,#3940,#3941,#3942,#3943));
#3939 = ORIENTED_EDGE('',*,*,#3665,.F.);
#3940 = ORIENTED_EDGE('',*,*,#3804,.F.);
#3941 = ORIENTED_EDGE('',*,*,#3731,.F.);
#3942 = ORIENTED_EDGE('',*,*,#3709,.F.);
#3943 = ORIENTED_EDGE('',*,*,#3687,.F.);
#3944 = B_SPLINE_SURFACE_WITH_KNOTS('',1,1,(
    (#3945,#3946)
    ,(#3947,#3948
    )),.UNSPECIFIED.,.F.,.F.,.F.,(2,2),(2,2),(-9.791693814041E-02,
    2.281476917666E-02),(-0.130545105064,1.94548949356E-02),
  .PIECEWISE_BEZIER_KNOTS.);
#3945 = CARTESIAN_POINT('',(-4.821516311886E-02,-5.546384624E-02,
    4.00001E-02));
#3946 = CARTESIAN_POINT('',(-4.821516311886E-02,9.453615376E-02,
    4.00001E-02));
#3947 = CARTESIAN_POINT('',(-0.168946870436,-5.546384624E-02,4.00001E-02
    ));
#3948 = CARTESIAN_POINT('',(-0.168946870436,9.453615376E-02,4.00001E-02)
  );
#3949 = ADVANCED_FACE('',(#3950),#3972,.T.);
#3950 = FACE_BOUND('',#3951,.T.);
#3951 = EDGE_LOOP('',(#3952,#3961,#3966,#3967));
#3952 = ORIENTED_EDGE('',*,*,#3953,.F.);
#3953 = EDGE_CURVE('',#3954,#3956,#3958,.T.);
#3954 = VERTEX_POINT('',#3955);
#3955 = CARTESIAN_POINT('',(-9.045982775301E-02,7.807273912586E-02,
    3.00001E-02));
#3956 = VERTEX_POINT('',#3957);
#3957 = CARTESIAN_POINT('',(-6.833711433838E-02,7.807273912586E-02,
    3.00001E-02));
#3958 = B_SPLINE_CURVE_WITH_KNOTS('',1,(#3959,#3960),.UNSPECIFIED.,.F.,
  .F.,(2,2),(0.,2.212271341463E-02),.PIECEWISE_BEZIER_KNOTS.);
#3959 = CARTESIAN_POINT('',(-9.045982775301E-02,7.807273912586E-02,
    3.00001E-02));
#3960 = CARTESIAN_POINT('',(-6.833711433838E-02,7.807273912586E-02,
    3.00001E-02));
#3961 = ORIENTED_EDGE('',*,*,#3962,.F.);
#3962 = EDGE_CURVE('',#3872,#3954,#3963,.T.);
#3963 = B_SPLINE_CURVE_WITH_KNOTS('',1,(#3964,#3965),.UNSPECIFIED.,.F.,
  .F.,(2,2),(0.,1.E-02),.PIECEWISE_BEZIER_KNOTS.);
#3964 = CARTESIAN_POINT('',(-9.045982775301E-02,7.807273912586E-02,
    4.00001E-02));
#3965 = CARTESIAN_POINT('',(-9.045982775301E-02,7.807273912586E-02,
    3.00001E-02));
#3966 = ORIENTED_EDGE('',*,*,#3933,.T.);
#3967 = ORIENTED_EDGE('',*,*,#3968,.T.);
#3968 = EDGE_CURVE('',#3927,#3956,#3969,.T.);
#3969 = B_SPLINE_CURVE_WITH_KNOTS('',1,(#3970,#3971),.UNSPECIFIED.,.F.,
  .F.,(2,2),(0.,1.E-02),.PIECEWISE_BEZIER_KNOTS.);
#3970 = CARTESIAN_POINT('',(-6.833711433838E-02,7.807273912586E-02,
    4.00001E-02));
#3971 = CARTESIAN_POINT('',(-6.833711433838E-02,7.807273912586E-02,
    3.00001E-02));
#3972 = B_SPLINE_SURFACE_WITH_KNOTS('',1,1,(
    (#3973,#3974)
    ,(#3975,#3976
    )),.UNSPECIFIED.,.F.,.F.,.F.,(2,2),(2,2),(-1.E-02,0.),(0.,
    2.212271341463E-02),.PIECEWISE_BEZIER_KNOTS.);
#3973 = CARTESIAN_POINT('',(-9.045982775301E-02,7.807273912586E-02,
    3.00001E-02));
#3974 = CARTESIAN_POINT('',(-6.833711433838E-02,7.807273912586E-02,
    3.00001E-02));
#3975 = CARTESIAN_POINT('',(-9.045982775301E-02,7.807273912586E-02,
    4.00001E-02));
#3976 = CARTESIAN_POINT('',(-6.833711433838E-02,7.807273912586E-02,
    4.00001E-02));
#3977 = ADVANCED_FACE('',(#3978),#4011,.T.);
#3978 = FACE_BOUND('',#3979,.T.);
#3979 = EDGE_LOOP('',(#3980,#4004,#4009,#4010));
#3980 = ORIENTED_EDGE('',*,*,#3981,.F.);
#3981 = EDGE_CURVE('',#3982,#3954,#3984,.T.);
#3982 = VERTEX_POINT('',#3983);
#3983 = CARTESIAN_POINT('',(-0.148824919216,2.099385193074E-02,
    3.00001E-02));
#3984 = B_SPLINE_CURVE_WITH_KNOTS('',3,(#3985,#3986,#3987,#3988,#3989,
    #3990,#3991,#3992,#3993,#3994,#3995,#3996,#3997,#3998,#3999,#4000,
    #4001,#4002,#4003),.UNSPECIFIED.,.F.,.F.,(4,1,1,1,1,1,1,1,1,1,1,1,1,
    1,1,1,4),(0.,7.430379644282E-02,0.144393610364,0.210499496103,
    0.273542606503,0.333824744579,0.392529672409,0.4500874546,
    0.507820611556,0.565464912777,0.623148722334,0.681297192791,
    0.740913498157,0.801855752196,0.865241237721,0.930941657047,1.),
  .UNSPECIFIED.);
#3985 = CARTESIAN_POINT('',(-0.148824919216,2.099385193074E-02,
    3.00001E-02));
#3986 = CARTESIAN_POINT('',(-0.148775752129,2.329198470137E-02,
    3.00001E-02));
#3987 = CARTESIAN_POINT('',(-0.148680206362,2.775791650747E-02,
    3.00001E-02));
#3988 = CARTESIAN_POINT('',(-0.147936774231,3.423506768754E-02,
    3.00001E-02));
#3989 = CARTESIAN_POINT('',(-0.146690876474,4.027811395792E-02,
    3.00001E-02));
#3990 = CARTESIAN_POINT('',(-0.144919554873,4.587292597926E-02,
    3.00001E-02));
#3991 = CARTESIAN_POINT('',(-0.142658675319,5.10410769714E-02,
    3.00001E-02));
#3992 = CARTESIAN_POINT('',(-0.139874700594,5.575295623576E-02,
    3.00001E-02));
#3993 = CARTESIAN_POINT('',(-0.136589210536,6.003166375054E-02,
    3.00001E-02));
#3994 = CARTESIAN_POINT('',(-0.132802678272,6.38280996102E-02,
    3.00001E-02));
#3995 = CARTESIAN_POINT('',(-0.128608074546,6.716571462873E-02,
    3.00001E-02));
#3996 = CARTESIAN_POINT('',(-0.124108525378,7.010298015145E-02,
    3.00001E-02));
#3997 = CARTESIAN_POINT('',(-0.119264998449,7.256922620407E-02,
    3.00001E-02));
#3998 = CARTESIAN_POINT('',(-0.114115433667,7.459586510943E-02,
    3.00001E-02));
#3999 = CARTESIAN_POINT('',(-0.10864240275,7.617724814441E-02,
    3.00001E-02));
#4000 = CARTESIAN_POINT('',(-0.102862696635,7.727488828497E-02,
    3.00001E-02));
#4001 = CARTESIAN_POINT('',(-9.676364550961E-02,7.794302875161E-02,
    3.00001E-02));
#4002 = CARTESIAN_POINT('',(-9.259571918398E-02,7.802879000049E-02,
    3.00001E-02));
#4003 = CARTESIAN_POINT('',(-9.045982775301E-02,7.807273912586E-02,
    3.00001E-02));
#4004 = ORIENTED_EDGE('',*,*,#4005,.F.);
#4005 = EDGE_CURVE('',#3870,#3982,#4006,.T.);
#4006 = B_SPLINE_CURVE_WITH_KNOTS('',1,(#4007,#4008),.UNSPECIFIED.,.F.,
  .F.,(2,2),(0.,1.E-02),.PIECEWISE_BEZIER_KNOTS.);
#4007 = CARTESIAN_POINT('',(-0.148824919216,2.099385193074E-02,
    4.00001E-02));
#4008 = CARTESIAN_POINT('',(-0.148824919216,2.099385193074E-02,
    3.00001E-02));
#4009 = ORIENTED_EDGE('',*,*,#3869,.T.);
#4010 = ORIENTED_EDGE('',*,*,#3962,.T.);
#4011 = B_SPLINE_SURFACE_WITH_KNOTS('',3,1,(
    (#4012,#4013)
    ,(#4014,#4015)
    ,(#4016,#4017)
    ,(#4018,#4019)
    ,(#4020,#4021)
    ,(#4022,#4023)
    ,(#4024,#4025)
    ,(#4026,#4027)
    ,(#4028,#4029)
    ,(#4030,#4031)
    ,(#4032,#4033)
    ,(#4034,#4035)
    ,(#4036,#4037)
    ,(#4038,#4039)
    ,(#4040,#4041)
    ,(#4042,#4043)
    ,(#4044,#4045)
    ,(#4046,#4047)
    ,(#4048,#4049
    )),.UNSPECIFIED.,.F.,.F.,.F.,(4,1,1,1,1,1,1,1,1,1,1,1,1,1,1,1,4),(2,
    2),(0.,7.430379644282E-02,0.144393610364,0.210499496103,
    0.273542606503,0.333824744579,0.392529672409,0.4500874546,
    0.507820611556,0.565464912777,0.623148722334,0.681297192791,
    0.740913498157,0.801855752196,0.865241237721,0.930941657047,1.),(0.,
    1.),.UNSPECIFIED.);
#4012 = CARTESIAN_POINT('',(-0.148824919216,2.099385193074E-02,
    4.00001E-02));
#4013 = CARTESIAN_POINT('',(-0.148824919216,2.099385193074E-02,
    3.00001E-02));
#4014 = CARTESIAN_POINT('',(-0.148775752129,2.329198470137E-02,
    4.00001E-02));
#4015 = CARTESIAN_POINT('',(-0.148775752129,2.329198470137E-02,
    3.00001E-02));
#4016 = CARTESIAN_POINT('',(-0.148680206362,2.775791650747E-02,
    4.00001E-02));
#4017 = CARTESIAN_POINT('',(-0.148680206362,2.775791650747E-02,
    3.00001E-02));
#4018 = CARTESIAN_POINT('',(-0.147936774231,3.423506768754E-02,
    4.00001E-02));
#4019 = CARTESIAN_POINT('',(-0.147936774231,3.423506768754E-02,
    3.00001E-02));
#4020 = CARTESIAN_POINT('',(-0.146690876474,4.027811395792E-02,
    4.00001E-02));
#4021 = CARTESIAN_POINT('',(-0.146690876474,4.027811395792E-02,
    3.00001E-02));
#4022 = CARTESIAN_POINT('',(-0.144919554873,4.587292597926E-02,
    4.00001E-02));
#4023 = CARTESIAN_POINT('',(-0.144919554873,4.587292597926E-02,
    3.00001E-02));
#4024 = CARTESIAN_POINT('',(-0.142658675319,5.10410769714E-02,
    4.00001E-02));
#4025 = CARTESIAN_POINT('',(-0.142658675319,5.10410769714E-02,
    3.00001E-02));
#4026 = CARTESIAN_POINT('',(-0.139874700594,5.575295623576E-02,
    4.00001E-02));
#4027 = CARTESIAN_POINT('',(-0.139874700594,5.575295623576E-02,
    3.00001E-02));
#4028 = CARTESIAN_POINT('',(-0.136589210536,6.003166375054E-02,
    4.00001E-02));
#4029 = CARTESIAN_POINT('',(-0.136589210536,6.003166375054E-02,
    3.00001E-02));
#4030 = CARTESIAN_POINT('',(-0.132802678272,6.38280996102E-02,
    4.00001E-02));
#4031 = CARTESIAN_POINT('',(-0.132802678272,6.38280996102E-02,
    3.00001E-02));
#4032 = CARTESIAN_POINT('',(-0.128608074546,6.716571462873E-02,
    4.00001E-02));
#4033 = CARTESIAN_POINT('',(-0.128608074546,6.716571462873E-02,
    3.00001E-02));
#4034 = CARTESIAN_POINT('',(-0.124108525378,7.010298015145E-02,
    4.00001E-02));
#4035 = CARTESIAN_POINT('',(-0.124108525378,7.010298015145E-02,
    3.00001E-02));
#4036 = CARTESIAN_POINT('',(-0.119264998449,7.256922620407E-02,
    4.00001E-02));
#4037 = CARTESIAN_POINT('',(-0.119264998449,7.256922620407E-02,
    3.00001E-02));
#4038 = CARTESIAN_POINT('',(-0.114115433667,7.459586510943E-02,
    4.00001E-02));
#4039 = CARTESIAN_POINT('',(-0.114115433667,7.459586510943E-02,
    3.00001E-02));
#4040 = CARTESIAN_POINT('',(-0.10864240275,7.617724814441E-02,
    4.00001E-02));
#4041 = CARTESIAN_POINT('',(-0.10864240275,7.617724814441E-02,
    3.00001E-02));
#4042 = CARTESIAN_POINT('',(-0.102862696635,7.727488828497E-02,
    4.00001E-02));
#4043 = CARTESIAN_POINT('',(-0.102862696635,7.727488828497E-02,
    3.00001E-02));
#4044 = CARTESIAN_POINT('',(-9.676364550961E-02,7.794302875161E-02,
    4.00001E-02));
#4045 = CARTESIAN_POINT('',(-9.676364550961E-02,7.794302875161E-02,
    3.00001E-02));
#4046 = CARTESIAN_POINT('',(-9.259571918398E-02,7.802879000049E-02,
    4.00001E-02));
#4047 = CARTESIAN_POINT('',(-9.259571918398E-02,7.802879000049E-02,
    3.00001E-02));
#4048 = CARTESIAN_POINT('',(-9.045982775301E-02,7.807273912586E-02,
    4.00001E-02));
#4049 = CARTESIAN_POINT('',(-9.045982775301E-02,7.807273912586E-02,
    3.00001E-02));
#4050 = ADVANCED_FACE('',(#4051),#4084,.T.);
#4051 = FACE_BOUND('',#4052,.T.);
#4052 = EDGE_LOOP('',(#4053,#4077,#4082,#4083));
#4053 = ORIENTED_EDGE('',*,*,#4054,.F.);
#4054 = EDGE_CURVE('',#4055,#3982,#4057,.T.);
#4055 = VERTEX_POINT('',#4056);
#4056 = CARTESIAN_POINT('',(-8.963094055789E-02,-3.900043160585E-02,
    3.00001E-02));
#4057 = B_SPLINE_CURVE_WITH_KNOTS('',3,(#4058,#4059,#4060,#4061,#4062,
    #4063,#4064,#4065,#4066,#4067,#4068,#4069,#4070,#4071,#4072,#4073,
    #4074,#4075,#4076),.UNSPECIFIED.,.F.,.F.,(4,1,1,1,1,1,1,1,1,1,1,1,1,
    1,1,1,4),(0.,7.082657255516E-02,0.13816903328,0.202475331534,
    0.263973754414,0.323380320598,0.381797622713,0.439390074519,
    0.496902724546,0.554662169609,0.612741878492,0.671538836391,
    0.73165572209,0.794297811614,0.859482204979,0.927681325453,1.),
  .UNSPECIFIED.);
#4058 = CARTESIAN_POINT('',(-8.963094055789E-02,-3.900043160585E-02,
    3.00001E-02));
#4059 = CARTESIAN_POINT('',(-9.189107587362E-02,-3.895157526833E-02,
    3.00001E-02));
#4060 = CARTESIAN_POINT('',(-9.630016557528E-02,-3.885626594189E-02,
    3.00001E-02));
#4061 = CARTESIAN_POINT('',(-0.102725649057,-3.809939569995E-02,
    3.00001E-02));
#4062 = CARTESIAN_POINT('',(-0.108773178828,-3.688400652248E-02,
    3.00001E-02));
#4063 = CARTESIAN_POINT('',(-0.114443555723,-3.518143229863E-02,
    3.00001E-02));
#4064 = CARTESIAN_POINT('',(-0.11971221377,-3.292458919226E-02,
    3.00001E-02));
#4065 = CARTESIAN_POINT('',(-0.124621655709,-3.021624942081E-02,
    3.00001E-02));
#4066 = CARTESIAN_POINT('',(-0.129138160497,-2.699337653893E-02,
    3.00001E-02));
#4067 = CARTESIAN_POINT('',(-0.133243419725,-2.329211743211E-02,
    3.00001E-02));
#4068 = CARTESIAN_POINT('',(-0.136902631309,-1.913090282431E-02,
    3.00001E-02));
#4069 = CARTESIAN_POINT('',(-0.140130986188,-1.457482632059E-02,
    3.00001E-02));
#4070 = CARTESIAN_POINT('',(-0.142813212712,-9.591931996918E-03,
    3.00001E-02));
#4071 = CARTESIAN_POINT('',(-0.145034336245,-4.231638595167E-03,
    3.00001E-02));
#4072 = CARTESIAN_POINT('',(-0.146731589069,1.529675420193E-03,
    3.00001E-02));
#4073 = CARTESIAN_POINT('',(-0.147961930672,7.668929903409E-03,
    3.00001E-02));
#4074 = CARTESIAN_POINT('',(-0.148672565881,1.420314569782E-02,
    3.00001E-02));
#4075 = CARTESIAN_POINT('',(-0.148773151813,1.868647070514E-02,
    3.00001E-02));
#4076 = CARTESIAN_POINT('',(-0.148824919216,2.099385193074E-02,
    3.00001E-02));
#4077 = ORIENTED_EDGE('',*,*,#4078,.F.);
#4078 = EDGE_CURVE('',#3896,#4055,#4079,.T.);
#4079 = B_SPLINE_CURVE_WITH_KNOTS('',1,(#4080,#4081),.UNSPECIFIED.,.F.,
  .F.,(2,2),(0.,1.E-02),.PIECEWISE_BEZIER_KNOTS.);
#4080 = CARTESIAN_POINT('',(-8.963094055789E-02,-3.900043160585E-02,
    4.00001E-02));
#4081 = CARTESIAN_POINT('',(-8.963094055789E-02,-3.900043160585E-02,
    3.00001E-02));
#4082 = ORIENTED_EDGE('',*,*,#3895,.T.);
#4083 = ORIENTED_EDGE('',*,*,#4005,.T.);
#4084 = B_SPLINE_SURFACE_WITH_KNOTS('',3,1,(
    (#4085,#4086)
    ,(#4087,#4088)
    ,(#4089,#4090)
    ,(#4091,#4092)
    ,(#4093,#4094)
    ,(#4095,#4096)
    ,(#4097,#4098)
    ,(#4099,#4100)
    ,(#4101,#4102)
    ,(#4103,#4104)
    ,(#4105,#4106)
    ,(#4107,#4108)
    ,(#4109,#4110)
    ,(#4111,#4112)
    ,(#4113,#4114)
    ,(#4115,#4116)
    ,(#4117,#4118)
    ,(#4119,#4120)
    ,(#4121,#4122
    )),.UNSPECIFIED.,.F.,.F.,.F.,(4,1,1,1,1,1,1,1,1,1,1,1,1,1,1,1,4),(2,
    2),(0.,7.082657255516E-02,0.13816903328,0.202475331534,
    0.263973754414,0.323380320598,0.381797622713,0.439390074519,
    0.496902724546,0.554662169609,0.612741878492,0.671538836391,
    0.73165572209,0.794297811614,0.859482204979,0.927681325453,1.),(0.,
    1.),.UNSPECIFIED.);
#4085 = CARTESIAN_POINT('',(-8.963094055789E-02,-3.900043160585E-02,
    4.00001E-02));
#4086 = CARTESIAN_POINT('',(-8.963094055789E-02,-3.900043160585E-02,
    3.00001E-02));
#4087 = CARTESIAN_POINT('',(-9.189107587362E-02,-3.895157526833E-02,
    4.00001E-02));
#4088 = CARTESIAN_POINT('',(-9.189107587362E-02,-3.895157526833E-02,
    3.00001E-02));
#4089 = CARTESIAN_POINT('',(-9.630016557528E-02,-3.885626594189E-02,
    4.00001E-02));
#4090 = CARTESIAN_POINT('',(-9.630016557528E-02,-3.885626594189E-02,
    3.00001E-02));
#4091 = CARTESIAN_POINT('',(-0.102725649057,-3.809939569995E-02,
    4.00001E-02));
#4092 = CARTESIAN_POINT('',(-0.102725649057,-3.809939569995E-02,
    3.00001E-02));
#4093 = CARTESIAN_POINT('',(-0.108773178828,-3.688400652248E-02,
    4.00001E-02));
#4094 = CARTESIAN_POINT('',(-0.108773178828,-3.688400652248E-02,
    3.00001E-02));
#4095 = CARTESIAN_POINT('',(-0.114443555723,-3.518143229863E-02,
    4.00001E-02));
#4096 = CARTESIAN_POINT('',(-0.114443555723,-3.518143229863E-02,
    3.00001E-02));
#4097 = CARTESIAN_POINT('',(-0.11971221377,-3.292458919226E-02,
    4.00001E-02));
#4098 = CARTESIAN_POINT('',(-0.11971221377,-3.292458919226E-02,
    3.00001E-02));
#4099 = CARTESIAN_POINT('',(-0.124621655709,-3.021624942081E-02,
    4.00001E-02));
#4100 = CARTESIAN_POINT('',(-0.124621655709,-3.021624942081E-02,
    3.00001E-02));
#4101 = CARTESIAN_POINT('',(-0.129138160497,-2.699337653893E-02,
    4.00001E-02));
#4102 = CARTESIAN_POINT('',(-0.129138160497,-2.699337653893E-02,
    3.00001E-02));
#4103 = CARTESIAN_POINT('',(-0.133243419725,-2.329211743211E-02,
    4.00001E-02));
#4104 = CARTESIAN_POINT('',(-0.133243419725,-2.329211743211E-02,
    3.00001E-02));
#4105 = CARTESIAN_POINT('',(-0.136902631309,-1.913090282431E-02,
    4.00001E-02));
#4106 = CARTESIAN_POINT('',(-0.136902631309,-1.913090282431E-02,
    3.00001E-02));
#4107 = CARTESIAN_POINT('',(-0.140130986188,-1.457482632059E-02,
    4.00001E-02));
#4108 = CARTESIAN_POINT('',(-0.140130986188,-1.457482632059E-02,
    3.00001E-02));
#4109 = CARTESIAN_POINT('',(-0.142813212712,-9.591931996918E-03,
    4.00001E-02));
#4110 = CARTESIAN_POINT('',(-0.142813212712,-9.591931996918E-03,
    3.00001E-02));
#4111 = CARTESIAN_POINT('',(-0.145034336245,-4.231638595167E-03,
    4.00001E-02));
#4112 = CARTESIAN_POINT('',(-0.145034336245,-4.231638595167E-03,
    3.00001E-02));
#4113 = CARTESIAN_POINT('',(-0.146731589069,1.529675420193E-03,
    4.00001E-02));
#4114 = CARTESIAN_POINT('',(-0.146731589069,1.529675420193E-03,
    3.00001E-02));
#4115 = CARTESIAN_POINT('',(-0.147961930672,7.668929903409E-03,
    4.00001E-02));
#4116 = CARTESIAN_POINT('',(-0.147961930672,7.668929903409E-03,
    3.00001E-02));
#4117 = CARTESIAN_POINT('',(-0.148672565881,1.420314569782E-02,
    4.00001E-02));
#4118 = CARTESIAN_POINT('',(-0.148672565881,1.420314569782E-02,
    3.00001E-02));
#4119 = CARTESIAN_POINT('',(-0.148773151813,1.868647070514E-02,
    4.00001E-02));
#4120 = CARTESIAN_POINT('',(-0.148773151813,1.868647070514E-02,
    3.00001E-02));
#4121 = CARTESIAN_POINT('',(-0.148824919216,2.099385193074E-02,
    4.00001E-02));
#4122 = CARTESIAN_POINT('',(-0.148824919216,2.099385193074E-02,
    3.00001E-02));
#4123 = ADVANCED_FACE('',(#4124),#4140,.T.);
#4124 = FACE_BOUND('',#4125,.T.);
#4125 = EDGE_LOOP('',(#4126,#4133,#4138,#4139));
#4126 = ORIENTED_EDGE('',*,*,#4127,.F.);
#4127 = EDGE_CURVE('',#4128,#4055,#4130,.T.);
#4128 = VERTEX_POINT('',#4129);
#4129 = CARTESIAN_POINT('',(-6.833711433838E-02,-3.900043160585E-02,
    3.00001E-02));
#4130 = B_SPLINE_CURVE_WITH_KNOTS('',1,(#4131,#4132),.UNSPECIFIED.,.F.,
  .F.,(2,2),(2.22044604925E-16,2.129382621951E-02),
  .PIECEWISE_BEZIER_KNOTS.);
#4131 = CARTESIAN_POINT('',(-6.833711433838E-02,-3.900043160585E-02,
    3.00001E-02));
#4132 = CARTESIAN_POINT('',(-8.963094055789E-02,-3.900043160585E-02,
    3.00001E-02));
#4133 = ORIENTED_EDGE('',*,*,#4134,.F.);
#4134 = EDGE_CURVE('',#3920,#4128,#4135,.T.);
#4135 = B_SPLINE_CURVE_WITH_KNOTS('',1,(#4136,#4137),.UNSPECIFIED.,.F.,
  .F.,(2,2),(9.137445965906E-34,1.E-02),.PIECEWISE_BEZIER_KNOTS.);
#4136 = CARTESIAN_POINT('',(-6.833711433838E-02,-3.900043160585E-02,
    4.00001E-02));
#4137 = CARTESIAN_POINT('',(-6.833711433838E-02,-3.900043160585E-02,
    3.00001E-02));
#4138 = ORIENTED_EDGE('',*,*,#3919,.T.);
#4139 = ORIENTED_EDGE('',*,*,#4078,.T.);
#4140 = B_SPLINE_SURFACE_WITH_KNOTS('',1,1,(
    (#4141,#4142)
    ,(#4143,#4144)),.UNSPECIFIED.,.F.,.F.,.F.,(2,2),(2,2),(0.,1.E-02),(
    -2.129382621951E-02,0.),.PIECEWISE_BEZIER_KNOTS.);
#4141 = CARTESIAN_POINT('',(-8.963094055789E-02,-3.900043160585E-02,
    4.00001E-02));
#4142 = CARTESIAN_POINT('',(-6.833711433838E-02,-3.900043160585E-02,
    4.00001E-02));
#4143 = CARTESIAN_POINT('',(-8.963094055789E-02,-3.900043160585E-02,
    3.00001E-02));
#4144 = CARTESIAN_POINT('',(-6.833711433838E-02,-3.900043160585E-02,
    3.00001E-02));
#4145 = ADVANCED_FACE('',(#4146),#4156,.T.);
#4146 = FACE_BOUND('',#4147,.T.);
#4147 = EDGE_LOOP('',(#4148,#4153,#4154,#4155));
#4148 = ORIENTED_EDGE('',*,*,#4149,.F.);
#4149 = EDGE_CURVE('',#3956,#4128,#4150,.T.);
#4150 = B_SPLINE_CURVE_WITH_KNOTS('',1,(#4151,#4152),.UNSPECIFIED.,.F.,
  .F.,(2,2),(0.,0.117073170732),.PIECEWISE_BEZIER_KNOTS.);
#4151 = CARTESIAN_POINT('',(-6.833711433838E-02,7.807273912586E-02,
    3.00001E-02));
#4152 = CARTESIAN_POINT('',(-6.833711433838E-02,-3.900043160585E-02,
    3.00001E-02));
#4153 = ORIENTED_EDGE('',*,*,#3968,.F.);
#4154 = ORIENTED_EDGE('',*,*,#3926,.T.);
#4155 = ORIENTED_EDGE('',*,*,#4134,.T.);
#4156 = B_SPLINE_SURFACE_WITH_KNOTS('',1,1,(
    (#4157,#4158)
    ,(#4159,#4160
    )),.UNSPECIFIED.,.F.,.F.,.F.,(2,2),(2,2),(0.,1.E-02),(
    -0.117073170732,1.31684474391E-18),.PIECEWISE_BEZIER_KNOTS.);
#4157 = CARTESIAN_POINT('',(-6.833711433838E-02,-3.900043160585E-02,
    4.00001E-02));
#4158 = CARTESIAN_POINT('',(-6.833711433838E-02,7.807273912586E-02,
    4.00001E-02));
#4159 = CARTESIAN_POINT('',(-6.833711433838E-02,-3.900043160585E-02,
    3.00001E-02));
#4160 = CARTESIAN_POINT('',(-6.833711433838E-02,7.807273912586E-02,
    3.00001E-02));
#4161 = ADVANCED_FACE('',(#4162),#4184,.T.);
#4162 = FACE_BOUND('',#4163,.T.);
#4163 = EDGE_LOOP('',(#4164,#4165,#4172,#4179));
#4164 = ORIENTED_EDGE('',*,*,#1832,.F.);
#4165 = ORIENTED_EDGE('',*,*,#4166,.F.);
#4166 = EDGE_CURVE('',#4167,#1826,#4169,.T.);
#4167 = VERTEX_POINT('',#4168);
#4168 = CARTESIAN_POINT('',(-1.894687043594E-02,-3.900043160585E-02,
    4.00001E-02));
#4169 = B_SPLINE_CURVE_WITH_KNOTS('',1,(#4170,#4171),.UNSPECIFIED.,.F.,
  .F.,(2,2),(0.,1.E-02),.PIECEWISE_BEZIER_KNOTS.);
#4170 = CARTESIAN_POINT('',(-1.894687043594E-02,-3.900043160585E-02,
    4.00001E-02));
#4171 = CARTESIAN_POINT('',(-1.894687043594E-02,-3.900043160585E-02,
    3.00001E-02));
#4172 = ORIENTED_EDGE('',*,*,#4173,.T.);
#4173 = EDGE_CURVE('',#4167,#4174,#4176,.T.);
#4174 = VERTEX_POINT('',#4175);
#4175 = CARTESIAN_POINT('',(-1.894687043594E-02,-5.546384624E-02,
    4.00001E-02));
#4176 = B_SPLINE_CURVE_WITH_KNOTS('',1,(#4177,#4178),.UNSPECIFIED.,.F.,
  .F.,(2,2),(0.,1.646341463415E-02),.PIECEWISE_BEZIER_KNOTS.);
#4177 = CARTESIAN_POINT('',(-1.894687043594E-02,-3.900043160585E-02,
    4.00001E-02));
#4178 = CARTESIAN_POINT('',(-1.894687043594E-02,-5.546384624E-02,
    4.00001E-02));
#4179 = ORIENTED_EDGE('',*,*,#4180,.T.);
#4180 = EDGE_CURVE('',#4174,#1833,#4181,.T.);
#4181 = B_SPLINE_CURVE_WITH_KNOTS('',1,(#4182,#4183),.UNSPECIFIED.,.F.,
  .F.,(2,2),(0.,1.E-02),.PIECEWISE_BEZIER_KNOTS.);
#4182 = CARTESIAN_POINT('',(-1.894687043594E-02,-5.546384624E-02,
    4.00001E-02));
#4183 = CARTESIAN_POINT('',(-1.894687043594E-02,-5.546384624E-02,
    3.00001E-02));
#4184 = B_SPLINE_SURFACE_WITH_KNOTS('',1,1,(
    (#4185,#4186)
    ,(#4187,#4188)),.UNSPECIFIED.,.F.,.F.,.F.,(2,2),(2,2),(0.,1.E-02),(
    -1.646341463415E-02,1.31684474391E-18),.PIECEWISE_BEZIER_KNOTS.);
#4185 = CARTESIAN_POINT('',(-1.894687043594E-02,-5.546384624E-02,
    4.00001E-02));
#4186 = CARTESIAN_POINT('',(-1.894687043594E-02,-3.900043160585E-02,
    4.00001E-02));
#4187 = CARTESIAN_POINT('',(-1.894687043594E-02,-5.546384624E-02,
    3.00001E-02));
#4188 = CARTESIAN_POINT('',(-1.894687043594E-02,-3.900043160585E-02,
    3.00001E-02));
#4189 = ADVANCED_FACE('',(#4190),#4206,.T.);
#4190 = FACE_BOUND('',#4191,.T.);
#4191 = EDGE_LOOP('',(#4192,#4193,#4194,#4201));
#4192 = ORIENTED_EDGE('',*,*,#1839,.F.);
#4193 = ORIENTED_EDGE('',*,*,#4180,.F.);
#4194 = ORIENTED_EDGE('',*,*,#4195,.T.);
#4195 = EDGE_CURVE('',#4174,#4196,#4198,.T.);
#4196 = VERTEX_POINT('',#4197);
#4197 = CARTESIAN_POINT('',(6.154093444211E-02,-5.546384624E-02,
    4.00001E-02));
#4198 = B_SPLINE_CURVE_WITH_KNOTS('',1,(#4199,#4200),.UNSPECIFIED.,.F.,
  .F.,(2,2),(0.,8.048780487805E-02),.PIECEWISE_BEZIER_KNOTS.);
#4199 = CARTESIAN_POINT('',(-1.894687043594E-02,-5.546384624E-02,
    4.00001E-02));
#4200 = CARTESIAN_POINT('',(6.154093444211E-02,-5.546384624E-02,
    4.00001E-02));
#4201 = ORIENTED_EDGE('',*,*,#4202,.T.);
#4202 = EDGE_CURVE('',#4196,#1840,#4203,.T.);
#4203 = B_SPLINE_CURVE_WITH_KNOTS('',1,(#4204,#4205),.UNSPECIFIED.,.F.,
  .F.,(2,2),(0.,1.E-02),.PIECEWISE_BEZIER_KNOTS.);
#4204 = CARTESIAN_POINT('',(6.154093444211E-02,-5.546384624E-02,
    4.00001E-02));
#4205 = CARTESIAN_POINT('',(6.154093444211E-02,-5.546384624E-02,
    3.00001E-02));
#4206 = B_SPLINE_SURFACE_WITH_KNOTS('',1,1,(
    (#4207,#4208)
    ,(#4209,#4210
    )),.UNSPECIFIED.,.F.,.F.,.F.,(2,2),(2,2),(-1.E-02,0.),(0.,
    8.048780487805E-02),.PIECEWISE_BEZIER_KNOTS.);
#4207 = CARTESIAN_POINT('',(-1.894687043594E-02,-5.546384624E-02,
    3.00001E-02));
#4208 = CARTESIAN_POINT('',(6.154093444211E-02,-5.546384624E-02,
    3.00001E-02));
#4209 = CARTESIAN_POINT('',(-1.894687043594E-02,-5.546384624E-02,
    4.00001E-02));
#4210 = CARTESIAN_POINT('',(6.154093444211E-02,-5.546384624E-02,
    4.00001E-02));
#4211 = ADVANCED_FACE('',(#4212),#4228,.T.);
#4212 = FACE_BOUND('',#4213,.T.);
#4213 = EDGE_LOOP('',(#4214,#4215,#4216,#4223));
#4214 = ORIENTED_EDGE('',*,*,#1846,.F.);
#4215 = ORIENTED_EDGE('',*,*,#4202,.F.);
#4216 = ORIENTED_EDGE('',*,*,#4217,.T.);
#4217 = EDGE_CURVE('',#4196,#4218,#4220,.T.);
#4218 = VERTEX_POINT('',#4219);
#4219 = CARTESIAN_POINT('',(6.154093444211E-02,9.453615376E-02,
    4.00001E-02));
#4220 = B_SPLINE_CURVE_WITH_KNOTS('',1,(#4221,#4222),.UNSPECIFIED.,.F.,
  .F.,(2,2),(0.,0.15),.PIECEWISE_BEZIER_KNOTS.);
#4221 = CARTESIAN_POINT('',(6.154093444211E-02,-5.546384624E-02,
    4.00001E-02));
#4222 = CARTESIAN_POINT('',(6.154093444211E-02,9.453615376E-02,
    4.00001E-02));
#4223 = ORIENTED_EDGE('',*,*,#4224,.T.);
#4224 = EDGE_CURVE('',#4218,#1847,#4225,.T.);
#4225 = B_SPLINE_CURVE_WITH_KNOTS('',1,(#4226,#4227),.UNSPECIFIED.,.F.,
  .F.,(2,2),(0.,1.E-02),.PIECEWISE_BEZIER_KNOTS.);
#4226 = CARTESIAN_POINT('',(6.154093444211E-02,9.453615376E-02,
    4.00001E-02));
#4227 = CARTESIAN_POINT('',(6.154093444211E-02,9.453615376E-02,
    3.00001E-02));
#4228 = B_SPLINE_SURFACE_WITH_KNOTS('',1,1,(
    (#4229,#4230)
    ,(#4231,#4232
    )),.UNSPECIFIED.,.F.,.F.,.F.,(2,2),(2,2),(-1.E-02,0.),(0.,0.15),
  .PIECEWISE_BEZIER_KNOTS.);
#4229 = CARTESIAN_POINT('',(6.154093444211E-02,-5.546384624E-02,
    3.00001E-02));
#4230 = CARTESIAN_POINT('',(6.154093444211E-02,9.453615376E-02,
    3.00001E-02));
#4231 = CARTESIAN_POINT('',(6.154093444211E-02,-5.546384624E-02,
    4.00001E-02));
#4232 = CARTESIAN_POINT('',(6.154093444211E-02,9.453615376E-02,
    4.00001E-02));
#4233 = ADVANCED_FACE('',(#4234),#4250,.T.);
#4234 = FACE_BOUND('',#4235,.T.);
#4235 = EDGE_LOOP('',(#4236,#4237,#4238,#4245));
#4236 = ORIENTED_EDGE('',*,*,#1853,.F.);
#4237 = ORIENTED_EDGE('',*,*,#4224,.F.);
#4238 = ORIENTED_EDGE('',*,*,#4239,.T.);
#4239 = EDGE_CURVE('',#4218,#4240,#4242,.T.);
#4240 = VERTEX_POINT('',#4241);
#4241 = CARTESIAN_POINT('',(-1.528833385057E-02,9.453615376E-02,
    4.00001E-02));
#4242 = B_SPLINE_CURVE_WITH_KNOTS('',1,(#4243,#4244),.UNSPECIFIED.,.F.,
  .F.,(2,2),(0.,7.682926829268E-02),.PIECEWISE_BEZIER_KNOTS.);
#4243 = CARTESIAN_POINT('',(6.154093444211E-02,9.453615376E-02,
    4.00001E-02));
#4244 = CARTESIAN_POINT('',(-1.528833385057E-02,9.453615376E-02,
    4.00001E-02));
#4245 = ORIENTED_EDGE('',*,*,#4246,.T.);
#4246 = EDGE_CURVE('',#4240,#1854,#4247,.T.);
#4247 = B_SPLINE_CURVE_WITH_KNOTS('',1,(#4248,#4249),.UNSPECIFIED.,.F.,
  .F.,(2,2),(0.,1.E-02),.PIECEWISE_BEZIER_KNOTS.);
#4248 = CARTESIAN_POINT('',(-1.528833385057E-02,9.453615376E-02,
    4.00001E-02));
#4249 = CARTESIAN_POINT('',(-1.528833385057E-02,9.453615376E-02,
    3.00001E-02));
#4250 = B_SPLINE_SURFACE_WITH_KNOTS('',1,1,(
    (#4251,#4252)
    ,(#4253,#4254)),.UNSPECIFIED.,.F.,.F.,.F.,(2,2),(2,2),(0.,1.E-02),(
    -7.682926829268E-02,0.),.PIECEWISE_BEZIER_KNOTS.);
#4251 = CARTESIAN_POINT('',(-1.528833385057E-02,9.453615376E-02,
    4.00001E-02));
#4252 = CARTESIAN_POINT('',(6.154093444211E-02,9.453615376E-02,
    4.00001E-02));
#4253 = CARTESIAN_POINT('',(-1.528833385057E-02,9.453615376E-02,
    3.00001E-02));
#4254 = CARTESIAN_POINT('',(6.154093444211E-02,9.453615376E-02,
    3.00001E-02));
#4255 = ADVANCED_FACE('',(#4256),#4272,.T.);
#4256 = FACE_BOUND('',#4257,.T.);
#4257 = EDGE_LOOP('',(#4258,#4259,#4260,#4267));
#4258 = ORIENTED_EDGE('',*,*,#1860,.F.);
#4259 = ORIENTED_EDGE('',*,*,#4246,.F.);
#4260 = ORIENTED_EDGE('',*,*,#4261,.T.);
#4261 = EDGE_CURVE('',#4240,#4262,#4264,.T.);
#4262 = VERTEX_POINT('',#4263);
#4263 = CARTESIAN_POINT('',(-1.528833385057E-02,7.807273912586E-02,
    4.00001E-02));
#4264 = B_SPLINE_CURVE_WITH_KNOTS('',1,(#4265,#4266),.UNSPECIFIED.,.F.,
  .F.,(2,2),(0.,1.646341463415E-02),.PIECEWISE_BEZIER_KNOTS.);
#4265 = CARTESIAN_POINT('',(-1.528833385057E-02,9.453615376E-02,
    4.00001E-02));
#4266 = CARTESIAN_POINT('',(-1.528833385057E-02,7.807273912586E-02,
    4.00001E-02));
#4267 = ORIENTED_EDGE('',*,*,#4268,.T.);
#4268 = EDGE_CURVE('',#4262,#1861,#4269,.T.);
#4269 = B_SPLINE_CURVE_WITH_KNOTS('',1,(#4270,#4271),.UNSPECIFIED.,.F.,
  .F.,(2,2),(0.,1.E-02),.PIECEWISE_BEZIER_KNOTS.);
#4270 = CARTESIAN_POINT('',(-1.528833385057E-02,7.807273912586E-02,
    4.00001E-02));
#4271 = CARTESIAN_POINT('',(-1.528833385057E-02,7.807273912586E-02,
    3.00001E-02));
#4272 = B_SPLINE_SURFACE_WITH_KNOTS('',1,1,(
    (#4273,#4274)
    ,(#4275,#4276)),.UNSPECIFIED.,.F.,.F.,.F.,(2,2),(2,2),(0.,1.E-02),(
    -1.646341463415E-02,1.31684474391E-18),.PIECEWISE_BEZIER_KNOTS.);
#4273 = CARTESIAN_POINT('',(-1.528833385057E-02,7.807273912586E-02,
    4.00001E-02));
#4274 = CARTESIAN_POINT('',(-1.528833385057E-02,9.453615376E-02,
    4.00001E-02));
#4275 = CARTESIAN_POINT('',(-1.528833385057E-02,7.807273912586E-02,
    3.00001E-02));
#4276 = CARTESIAN_POINT('',(-1.528833385057E-02,9.453615376E-02,
    3.00001E-02));
#4277 = ADVANCED_FACE('',(#4278),#4294,.T.);
#4278 = FACE_BOUND('',#4279,.T.);
#4279 = EDGE_LOOP('',(#4280,#4281,#4282,#4289));
#4280 = ORIENTED_EDGE('',*,*,#1867,.F.);
#4281 = ORIENTED_EDGE('',*,*,#4268,.F.);
#4282 = ORIENTED_EDGE('',*,*,#4283,.T.);
#4283 = EDGE_CURVE('',#4262,#4284,#4286,.T.);
#4284 = VERTEX_POINT('',#4285);
#4285 = CARTESIAN_POINT('',(4.14189832226E-02,7.807273912586E-02,
    4.00001E-02));
#4286 = B_SPLINE_CURVE_WITH_KNOTS('',1,(#4287,#4288),.UNSPECIFIED.,.F.,
  .F.,(2,2),(0.,5.670731707317E-02),.PIECEWISE_BEZIER_KNOTS.);
#4287 = CARTESIAN_POINT('',(-1.528833385057E-02,7.807273912586E-02,
    4.00001E-02));
#4288 = CARTESIAN_POINT('',(4.14189832226E-02,7.807273912586E-02,
    4.00001E-02));
#4289 = ORIENTED_EDGE('',*,*,#4290,.T.);
#4290 = EDGE_CURVE('',#4284,#1868,#4291,.T.);
#4291 = B_SPLINE_CURVE_WITH_KNOTS('',1,(#4292,#4293),.UNSPECIFIED.,.F.,
  .F.,(2,2),(0.,1.E-02),.PIECEWISE_BEZIER_KNOTS.);
#4292 = CARTESIAN_POINT('',(4.14189832226E-02,7.807273912586E-02,
    4.00001E-02));
#4293 = CARTESIAN_POINT('',(4.14189832226E-02,7.807273912586E-02,
    3.00001E-02));
#4294 = B_SPLINE_SURFACE_WITH_KNOTS('',1,1,(
    (#4295,#4296)
    ,(#4297,#4298
    )),.UNSPECIFIED.,.F.,.F.,.F.,(2,2),(2,2),(-1.E-02,0.),(0.,
    5.670731707317E-02),.PIECEWISE_BEZIER_KNOTS.);
#4295 = CARTESIAN_POINT('',(-1.528833385057E-02,7.807273912586E-02,
    3.00001E-02));
#4296 = CARTESIAN_POINT('',(4.14189832226E-02,7.807273912586E-02,
    3.00001E-02));
#4297 = CARTESIAN_POINT('',(-1.528833385057E-02,7.807273912586E-02,
    4.00001E-02));
#4298 = CARTESIAN_POINT('',(4.14189832226E-02,7.807273912586E-02,
    4.00001E-02));
#4299 = ADVANCED_FACE('',(#4300),#4316,.T.);
#4300 = FACE_BOUND('',#4301,.T.);
#4301 = EDGE_LOOP('',(#4302,#4303,#4304,#4311));
#4302 = ORIENTED_EDGE('',*,*,#1874,.F.);
#4303 = ORIENTED_EDGE('',*,*,#4290,.F.);
#4304 = ORIENTED_EDGE('',*,*,#4305,.T.);
#4305 = EDGE_CURVE('',#4284,#4306,#4308,.T.);
#4306 = VERTEX_POINT('',#4307);
#4307 = CARTESIAN_POINT('',(4.14189832226E-02,2.868249522342E-02,
    4.00001E-02));
#4308 = B_SPLINE_CURVE_WITH_KNOTS('',1,(#4309,#4310),.UNSPECIFIED.,.F.,
  .F.,(2,2),(0.,4.939024390244E-02),.PIECEWISE_BEZIER_KNOTS.);
#4309 = CARTESIAN_POINT('',(4.14189832226E-02,7.807273912586E-02,
    4.00001E-02));
#4310 = CARTESIAN_POINT('',(4.14189832226E-02,2.868249522342E-02,
    4.00001E-02));
#4311 = ORIENTED_EDGE('',*,*,#4312,.T.);
#4312 = EDGE_CURVE('',#4306,#1875,#4313,.T.);
#4313 = B_SPLINE_CURVE_WITH_KNOTS('',1,(#4314,#4315),.UNSPECIFIED.,.F.,
  .F.,(2,2),(0.,1.E-02),.PIECEWISE_BEZIER_KNOTS.);
#4314 = CARTESIAN_POINT('',(4.14189832226E-02,2.868249522342E-02,
    4.00001E-02));
#4315 = CARTESIAN_POINT('',(4.14189832226E-02,2.868249522342E-02,
    3.00001E-02));
#4316 = B_SPLINE_SURFACE_WITH_KNOTS('',1,1,(
    (#4317,#4318)
    ,(#4319,#4320)),.UNSPECIFIED.,.F.,.F.,.F.,(2,2),(2,2),(0.,1.E-02),(
    -4.939024390244E-02,1.31684474391E-18),.PIECEWISE_BEZIER_KNOTS.);
#4317 = CARTESIAN_POINT('',(4.14189832226E-02,2.868249522342E-02,
    4.00001E-02));
#4318 = CARTESIAN_POINT('',(4.14189832226E-02,7.807273912586E-02,
    4.00001E-02));
#4319 = CARTESIAN_POINT('',(4.14189832226E-02,2.868249522342E-02,
    3.00001E-02));
#4320 = CARTESIAN_POINT('',(4.14189832226E-02,7.807273912586E-02,
    3.00001E-02));
#4321 = ADVANCED_FACE('',(#4322),#4338,.T.);
#4322 = FACE_BOUND('',#4323,.T.);
#4323 = EDGE_LOOP('',(#4324,#4325,#4326,#4333));
#4324 = ORIENTED_EDGE('',*,*,#1881,.F.);
#4325 = ORIENTED_EDGE('',*,*,#4312,.F.);
#4326 = ORIENTED_EDGE('',*,*,#4327,.T.);
#4327 = EDGE_CURVE('',#4306,#4328,#4330,.T.);
#4328 = VERTEX_POINT('',#4329);
#4329 = CARTESIAN_POINT('',(-1.162979726521E-02,2.868249522342E-02,
    4.00001E-02));
#4330 = B_SPLINE_CURVE_WITH_KNOTS('',1,(#4331,#4332),.UNSPECIFIED.,.F.,
  .F.,(2,2),(0.,5.30487804878E-02),.PIECEWISE_BEZIER_KNOTS.);
#4331 = CARTESIAN_POINT('',(4.14189832226E-02,2.868249522342E-02,
    4.00001E-02));
#4332 = CARTESIAN_POINT('',(-1.162979726521E-02,2.868249522342E-02,
    4.00001E-02));
#4333 = ORIENTED_EDGE('',*,*,#4334,.T.);
#4334 = EDGE_CURVE('',#4328,#1882,#4335,.T.);
#4335 = B_SPLINE_CURVE_WITH_KNOTS('',1,(#4336,#4337),.UNSPECIFIED.,.F.,
  .F.,(2,2),(0.,1.E-02),.PIECEWISE_BEZIER_KNOTS.);
#4336 = CARTESIAN_POINT('',(-1.162979726521E-02,2.868249522342E-02,
    4.00001E-02));
#4337 = CARTESIAN_POINT('',(-1.162979726521E-02,2.868249522342E-02,
    3.00001E-02));
#4338 = B_SPLINE_SURFACE_WITH_KNOTS('',1,1,(
    (#4339,#4340)
    ,(#4341,#4342
    )),.UNSPECIFIED.,.F.,.F.,.F.,(2,2),(2,2),(0.,1.E-02),(
    -5.30487804878E-02,0.),.PIECEWISE_BEZIER_KNOTS.);
#4339 = CARTESIAN_POINT('',(-1.162979726521E-02,2.868249522342E-02,
    4.00001E-02));
#4340 = CARTESIAN_POINT('',(4.14189832226E-02,2.868249522342E-02,
    4.00001E-02));
#4341 = CARTESIAN_POINT('',(-1.162979726521E-02,2.868249522342E-02,
    3.00001E-02));
#4342 = CARTESIAN_POINT('',(4.14189832226E-02,2.868249522342E-02,
    3.00001E-02));
#4343 = ADVANCED_FACE('',(#4344),#4360,.T.);
#4344 = FACE_BOUND('',#4345,.T.);
#4345 = EDGE_LOOP('',(#4346,#4347,#4348,#4355));
#4346 = ORIENTED_EDGE('',*,*,#1888,.F.);
#4347 = ORIENTED_EDGE('',*,*,#4334,.F.);
#4348 = ORIENTED_EDGE('',*,*,#4349,.T.);
#4349 = EDGE_CURVE('',#4328,#4350,#4352,.T.);
#4350 = VERTEX_POINT('',#4351);
#4351 = CARTESIAN_POINT('',(-1.162979726521E-02,1.221908058927E-02,
    4.00001E-02));
#4352 = B_SPLINE_CURVE_WITH_KNOTS('',1,(#4353,#4354),.UNSPECIFIED.,.F.,
  .F.,(2,2),(0.,1.646341463415E-02),.PIECEWISE_BEZIER_KNOTS.);
#4353 = CARTESIAN_POINT('',(-1.162979726521E-02,2.868249522342E-02,
    4.00001E-02));
#4354 = CARTESIAN_POINT('',(-1.162979726521E-02,1.221908058927E-02,
    4.00001E-02));
#4355 = ORIENTED_EDGE('',*,*,#4356,.T.);
#4356 = EDGE_CURVE('',#4350,#1889,#4357,.T.);
#4357 = B_SPLINE_CURVE_WITH_KNOTS('',1,(#4358,#4359),.UNSPECIFIED.,.F.,
  .F.,(2,2),(0.,1.E-02),.PIECEWISE_BEZIER_KNOTS.);
#4358 = CARTESIAN_POINT('',(-1.162979726521E-02,1.221908058927E-02,
    4.00001E-02));
#4359 = CARTESIAN_POINT('',(-1.162979726521E-02,1.221908058927E-02,
    3.00001E-02));
#4360 = B_SPLINE_SURFACE_WITH_KNOTS('',1,1,(
    (#4361,#4362)
    ,(#4363,#4364)),.UNSPECIFIED.,.F.,.F.,.F.,(2,2),(2,2),(0.,1.E-02),(
    -1.646341463415E-02,1.31684474391E-18),.PIECEWISE_BEZIER_KNOTS.);
#4361 = CARTESIAN_POINT('',(-1.162979726521E-02,1.221908058927E-02,
    4.00001E-02));
#4362 = CARTESIAN_POINT('',(-1.162979726521E-02,2.868249522342E-02,
    4.00001E-02));
#4363 = CARTESIAN_POINT('',(-1.162979726521E-02,1.221908058927E-02,
    3.00001E-02));
#4364 = CARTESIAN_POINT('',(-1.162979726521E-02,2.868249522342E-02,
    3.00001E-02));
#4365 = ADVANCED_FACE('',(#4366),#4382,.T.);
#4366 = FACE_BOUND('',#4367,.T.);
#4367 = EDGE_LOOP('',(#4368,#4369,#4370,#4377));
#4368 = ORIENTED_EDGE('',*,*,#1895,.F.);
#4369 = ORIENTED_EDGE('',*,*,#4356,.F.);
#4370 = ORIENTED_EDGE('',*,*,#4371,.T.);
#4371 = EDGE_CURVE('',#4350,#4372,#4374,.T.);
#4372 = VERTEX_POINT('',#4373);
#4373 = CARTESIAN_POINT('',(4.14189832226E-02,1.221908058927E-02,
    4.00001E-02));
#4374 = B_SPLINE_CURVE_WITH_KNOTS('',1,(#4375,#4376),.UNSPECIFIED.,.F.,
  .F.,(2,2),(0.,5.30487804878E-02),.PIECEWISE_BEZIER_KNOTS.);
#4375 = CARTESIAN_POINT('',(-1.162979726521E-02,1.221908058927E-02,
    4.00001E-02));
#4376 = CARTESIAN_POINT('',(4.14189832226E-02,1.221908058927E-02,
    4.00001E-02));
#4377 = ORIENTED_EDGE('',*,*,#4378,.T.);
#4378 = EDGE_CURVE('',#4372,#1896,#4379,.T.);
#4379 = B_SPLINE_CURVE_WITH_KNOTS('',1,(#4380,#4381),.UNSPECIFIED.,.F.,
  .F.,(2,2),(0.,1.E-02),.PIECEWISE_BEZIER_KNOTS.);
#4380 = CARTESIAN_POINT('',(4.14189832226E-02,1.221908058927E-02,
    4.00001E-02));
#4381 = CARTESIAN_POINT('',(4.14189832226E-02,1.221908058927E-02,
    3.00001E-02));
#4382 = B_SPLINE_SURFACE_WITH_KNOTS('',1,1,(
    (#4383,#4384)
    ,(#4385,#4386
    )),.UNSPECIFIED.,.F.,.F.,.F.,(2,2),(2,2),(-1.E-02,0.),(0.,
    5.30487804878E-02),.PIECEWISE_BEZIER_KNOTS.);
#4383 = CARTESIAN_POINT('',(-1.162979726521E-02,1.221908058927E-02,
    3.00001E-02));
#4384 = CARTESIAN_POINT('',(4.14189832226E-02,1.221908058927E-02,
    3.00001E-02));
#4385 = CARTESIAN_POINT('',(-1.162979726521E-02,1.221908058927E-02,
    4.00001E-02));
#4386 = CARTESIAN_POINT('',(4.14189832226E-02,1.221908058927E-02,
    4.00001E-02));
#4387 = ADVANCED_FACE('',(#4388),#4404,.T.);
#4388 = FACE_BOUND('',#4389,.T.);
#4389 = EDGE_LOOP('',(#4390,#4391,#4392,#4399));
#4390 = ORIENTED_EDGE('',*,*,#1902,.F.);
#4391 = ORIENTED_EDGE('',*,*,#4378,.F.);
#4392 = ORIENTED_EDGE('',*,*,#4393,.T.);
#4393 = EDGE_CURVE('',#4372,#4394,#4396,.T.);
#4394 = VERTEX_POINT('',#4395);
#4395 = CARTESIAN_POINT('',(4.14189832226E-02,-3.900043160585E-02,
    4.00001E-02));
#4396 = B_SPLINE_CURVE_WITH_KNOTS('',1,(#4397,#4398),.UNSPECIFIED.,.F.,
  .F.,(2,2),(0.,5.121951219512E-02),.PIECEWISE_BEZIER_KNOTS.);
#4397 = CARTESIAN_POINT('',(4.14189832226E-02,1.221908058927E-02,
    4.00001E-02));
#4398 = CARTESIAN_POINT('',(4.14189832226E-02,-3.900043160585E-02,
    4.00001E-02));
#4399 = ORIENTED_EDGE('',*,*,#4400,.T.);
#4400 = EDGE_CURVE('',#4394,#1824,#4401,.T.);
#4401 = B_SPLINE_CURVE_WITH_KNOTS('',1,(#4402,#4403),.UNSPECIFIED.,.F.,
  .F.,(2,2),(0.,1.E-02),.PIECEWISE_BEZIER_KNOTS.);
#4402 = CARTESIAN_POINT('',(4.14189832226E-02,-3.900043160585E-02,
    4.00001E-02));
#4403 = CARTESIAN_POINT('',(4.14189832226E-02,-3.900043160585E-02,
    3.00001E-02));
#4404 = B_SPLINE_SURFACE_WITH_KNOTS('',1,1,(
    (#4405,#4406)
    ,(#4407,#4408)),.UNSPECIFIED.,.F.,.F.,.F.,(2,2),(2,2),(0.,1.E-02),(
    -5.121951219512E-02,1.734723475977E-18),.PIECEWISE_BEZIER_KNOTS.);
#4405 = CARTESIAN_POINT('',(4.14189832226E-02,-3.900043160585E-02,
    4.00001E-02));
#4406 = CARTESIAN_POINT('',(4.14189832226E-02,1.221908058927E-02,
    4.00001E-02));
#4407 = CARTESIAN_POINT('',(4.14189832226E-02,-3.900043160585E-02,
    3.00001E-02));
#4408 = CARTESIAN_POINT('',(4.14189832226E-02,1.221908058927E-02,
    3.00001E-02));
#4409 = ADVANCED_FACE('',(#4410),#4420,.T.);
#4410 = FACE_BOUND('',#4411,.T.);
#4411 = EDGE_LOOP('',(#4412,#4413,#4414,#4419));
#4412 = ORIENTED_EDGE('',*,*,#1823,.F.);
#4413 = ORIENTED_EDGE('',*,*,#4400,.F.);
#4414 = ORIENTED_EDGE('',*,*,#4415,.T.);
#4415 = EDGE_CURVE('',#4394,#4167,#4416,.T.);
#4416 = B_SPLINE_CURVE_WITH_KNOTS('',1,(#4417,#4418),.UNSPECIFIED.,.F.,
  .F.,(2,2),(0.,6.036585365854E-02),.PIECEWISE_BEZIER_KNOTS.);
#4417 = CARTESIAN_POINT('',(4.14189832226E-02,-3.900043160585E-02,
    4.00001E-02));
#4418 = CARTESIAN_POINT('',(-1.894687043594E-02,-3.900043160585E-02,
    4.00001E-02));
#4419 = ORIENTED_EDGE('',*,*,#4166,.T.);
#4420 = B_SPLINE_SURFACE_WITH_KNOTS('',1,1,(
    (#4421,#4422)
    ,(#4423,#4424)),.UNSPECIFIED.,.F.,.F.,.F.,(2,2),(2,2),(0.,1.E-02),(
    -6.036585365854E-02,0.),.PIECEWISE_BEZIER_KNOTS.);
#4421 = CARTESIAN_POINT('',(-1.894687043594E-02,-3.900043160585E-02,
    4.00001E-02));
#4422 = CARTESIAN_POINT('',(4.14189832226E-02,-3.900043160585E-02,
    4.00001E-02));
#4423 = CARTESIAN_POINT('',(-1.894687043594E-02,-3.900043160585E-02,
    3.00001E-02));
#4424 = CARTESIAN_POINT('',(4.14189832226E-02,-3.900043160585E-02,
    3.00001E-02));
#4425 = ADVANCED_FACE('',(#4426),#4440,.F.);
#4426 = FACE_BOUND('',#4427,.T.);
#4427 = EDGE_LOOP('',(#4428,#4429,#4430,#4431,#4432,#4433,#4434,#4435,
    #4436,#4437,#4438,#4439));
#4428 = ORIENTED_EDGE('',*,*,#4173,.F.);
#4429 = ORIENTED_EDGE('',*,*,#4415,.F.);
#4430 = ORIENTED_EDGE('',*,*,#4393,.F.);
#4431 = ORIENTED_EDGE('',*,*,#4371,.F.);
#4432 = ORIENTED_EDGE('',*,*,#4349,.F.);
#4433 = ORIENTED_EDGE('',*,*,#4327,.F.);
#4434 = ORIENTED_EDGE('',*,*,#4305,.F.);
#4435 = ORIENTED_EDGE('',*,*,#4283,.F.);
#4436 = ORIENTED_EDGE('',*,*,#4261,.F.);
#4437 = ORIENTED_EDGE('',*,*,#4239,.F.);
#4438 = ORIENTED_EDGE('',*,*,#4217,.F.);
#4439 = ORIENTED_EDGE('',*,*,#4195,.F.);
#4440 = B_SPLINE_SURFACE_WITH_KNOTS('',1,1,(
    (#4441,#4442)
    ,(#4443,#4444
    )),.UNSPECIFIED.,.F.,.F.,.F.,(2,2),(2,2),(-1.894687043594E-02,
    6.154093444211E-02),(-5.546384624E-02,9.453615376E-02),
  .PIECEWISE_BEZIER_KNOTS.);
#4441 = CARTESIAN_POINT('',(-1.894687043594E-02,-5.546384624E-02,
    4.00001E-02));
#4442 = CARTESIAN_POINT('',(-1.894687043594E-02,9.453615376E-02,
    4.00001E-02));
#4443 = CARTESIAN_POINT('',(6.154093444211E-02,-5.546384624E-02,
    4.00001E-02));
#4444 = CARTESIAN_POINT('',(6.154093444211E-02,9.453615376E-02,
    4.00001E-02));
#4445 = ADVANCED_FACE('',(#4446),#4468,.T.);
#4446 = FACE_BOUND('',#4447,.T.);
#4447 = EDGE_LOOP('',(#4448,#4449,#4456,#4463));
#4448 = ORIENTED_EDGE('',*,*,#1665,.F.);
#4449 = ORIENTED_EDGE('',*,*,#4450,.F.);
#4450 = EDGE_CURVE('',#4451,#1650,#4453,.T.);
#4451 = VERTEX_POINT('',#4452);
#4452 = CARTESIAN_POINT('',(9.080922712504E-02,-3.122604136195E-02,
    4.00001E-02));
#4453 = B_SPLINE_CURVE_WITH_KNOTS('',1,(#4454,#4455),.UNSPECIFIED.,.F.,
  .F.,(2,2),(0.,1.E-02),.PIECEWISE_BEZIER_KNOTS.);
#4454 = CARTESIAN_POINT('',(9.080922712504E-02,-3.122604136195E-02,
    4.00001E-02));
#4455 = CARTESIAN_POINT('',(9.080922712504E-02,-3.122604136195E-02,
    3.00001E-02));
#4456 = ORIENTED_EDGE('',*,*,#4457,.T.);
#4457 = EDGE_CURVE('',#4451,#4458,#4460,.T.);
#4458 = VERTEX_POINT('',#4459);
#4459 = CARTESIAN_POINT('',(9.080922712504E-02,-4.768945599609E-02,
    4.00001E-02));
#4460 = B_SPLINE_CURVE_WITH_KNOTS('',1,(#4461,#4462),.UNSPECIFIED.,.F.,
  .F.,(2,2),(6.938893903907E-18,1.646341463415E-02),
  .PIECEWISE_BEZIER_KNOTS.);
#4461 = CARTESIAN_POINT('',(9.080922712504E-02,-3.122604136195E-02,
    4.00001E-02));
#4462 = CARTESIAN_POINT('',(9.080922712504E-02,-4.768945599609E-02,
    4.00001E-02));
#4463 = ORIENTED_EDGE('',*,*,#4464,.T.);
#4464 = EDGE_CURVE('',#4458,#1666,#4465,.T.);
#4465 = B_SPLINE_CURVE_WITH_KNOTS('',1,(#4466,#4467),.UNSPECIFIED.,.F.,
  .F.,(2,2),(0.,1.E-02),.PIECEWISE_BEZIER_KNOTS.);
#4466 = CARTESIAN_POINT('',(9.080922712504E-02,-4.768945599609E-02,
    4.00001E-02));
#4467 = CARTESIAN_POINT('',(9.080922712504E-02,-4.768945599609E-02,
    3.00001E-02));
#4468 = B_SPLINE_SURFACE_WITH_KNOTS('',1,1,(
    (#4469,#4470)
    ,(#4471,#4472)),.UNSPECIFIED.,.F.,.F.,.F.,(2,2),(2,2),(0.,1.E-02),(
    -1.646341463415E-02,-5.622049159998E-18),.PIECEWISE_BEZIER_KNOTS.);
#4469 = CARTESIAN_POINT('',(9.080922712504E-02,-4.768945599609E-02,
    4.00001E-02));
#4470 = CARTESIAN_POINT('',(9.080922712504E-02,-3.122604136195E-02,
    4.00001E-02));
#4471 = CARTESIAN_POINT('',(9.080922712504E-02,-4.768945599609E-02,
    3.00001E-02));
#4472 = CARTESIAN_POINT('',(9.080922712504E-02,-3.122604136195E-02,
    3.00001E-02));
#4473 = ADVANCED_FACE('',(#4474),#4499,.T.);
#4474 = FACE_BOUND('',#4475,.T.);
#4475 = EDGE_LOOP('',(#4476,#4477,#4478,#4494));
#4476 = ORIENTED_EDGE('',*,*,#1672,.F.);
#4477 = ORIENTED_EDGE('',*,*,#4464,.F.);
#4478 = ORIENTED_EDGE('',*,*,#4479,.T.);
#4479 = EDGE_CURVE('',#4458,#4480,#4482,.T.);
#4480 = VERTEX_POINT('',#4481);
#4481 = CARTESIAN_POINT('',(0.132082092979,-5.729311453268E-02,
    4.00001E-02));
#4482 = B_SPLINE_CURVE_WITH_KNOTS('',3,(#4483,#4484,#4485,#4486,#4487,
    #4488,#4489,#4490,#4491,#4492,#4493),.UNSPECIFIED.,.F.,.F.,(4,1,1,1,
    1,1,1,1,4),(0.,0.112448389909,0.226527675213,0.344401949326,
    0.465864972487,0.591659449352,0.722168487025,0.858606387555,1.),
  .UNSPECIFIED.);
#4483 = CARTESIAN_POINT('',(9.080922712504E-02,-4.768945599609E-02,
    4.00001E-02));
#4484 = CARTESIAN_POINT('',(9.221673574129E-02,-4.846634344658E-02,
    4.00001E-02));
#4485 = CARTESIAN_POINT('',(9.505216677715E-02,-5.003138593587E-02,
    4.00001E-02));
#4486 = CARTESIAN_POINT('',(9.958661644984E-02,-5.19624994527E-02,
    4.00001E-02));
#4487 = CARTESIAN_POINT('',(0.104357956388,-5.362817574424E-02,
    4.00001E-02));
#4488 = CARTESIAN_POINT('',(0.10940794826,-5.495640317845E-02,
    4.00001E-02));
#4489 = CARTESIAN_POINT('',(0.114703021207,-5.602386554081E-02,
    4.00001E-02));
#4490 = CARTESIAN_POINT('',(0.120271232592,-5.674689604883E-02,
    4.00001E-02));
#4491 = CARTESIAN_POINT('',(0.126090522932,-5.722284350054E-02,
    4.00001E-02));
#4492 = CARTESIAN_POINT('',(0.130061293934,-5.726941396112E-02,
    4.00001E-02));
#4493 = CARTESIAN_POINT('',(0.132082092979,-5.729311453268E-02,
    4.00001E-02));
#4494 = ORIENTED_EDGE('',*,*,#4495,.T.);
#4495 = EDGE_CURVE('',#4480,#1673,#4496,.T.);
#4496 = B_SPLINE_CURVE_WITH_KNOTS('',1,(#4497,#4498),.UNSPECIFIED.,.F.,
  .F.,(2,2),(0.,1.E-02),.PIECEWISE_BEZIER_KNOTS.);
#4497 = CARTESIAN_POINT('',(0.132082092979,-5.729311453268E-02,
    4.00001E-02));
#4498 = CARTESIAN_POINT('',(0.132082092979,-5.729311453268E-02,
    3.00001E-02));
#4499 = B_SPLINE_SURFACE_WITH_KNOTS('',3,1,(
    (#4500,#4501)
    ,(#4502,#4503)
    ,(#4504,#4505)
    ,(#4506,#4507)
    ,(#4508,#4509)
    ,(#4510,#4511)
    ,(#4512,#4513)
    ,(#4514,#4515)
    ,(#4516,#4517)
    ,(#4518,#4519)
    ,(#4520,#4521
  )),.UNSPECIFIED.,.F.,.F.,.F.,(4,1,1,1,1,1,1,1,4),(2,2),(0.,
    0.112448389909,0.226527675213,0.344401949326,0.465864972487,
    0.591659449352,0.722168487025,0.858606387555,1.),(0.,1.),
  .UNSPECIFIED.);
#4500 = CARTESIAN_POINT('',(9.080922712504E-02,-4.768945599609E-02,
    4.00001E-02));
#4501 = CARTESIAN_POINT('',(9.080922712504E-02,-4.768945599609E-02,
    3.00001E-02));
#4502 = CARTESIAN_POINT('',(9.221673574129E-02,-4.846634344658E-02,
    4.00001E-02));
#4503 = CARTESIAN_POINT('',(9.221673574129E-02,-4.846634344658E-02,
    3.00001E-02));
#4504 = CARTESIAN_POINT('',(9.505216677715E-02,-5.003138593587E-02,
    4.00001E-02));
#4505 = CARTESIAN_POINT('',(9.505216677715E-02,-5.003138593587E-02,
    3.00001E-02));
#4506 = CARTESIAN_POINT('',(9.958661644984E-02,-5.19624994527E-02,
    4.00001E-02));
#4507 = CARTESIAN_POINT('',(9.958661644984E-02,-5.19624994527E-02,
    3.00001E-02));
#4508 = CARTESIAN_POINT('',(0.104357956388,-5.362817574424E-02,
    4.00001E-02));
#4509 = CARTESIAN_POINT('',(0.104357956388,-5.362817574424E-02,
    3.00001E-02));
#4510 = CARTESIAN_POINT('',(0.10940794826,-5.495640317845E-02,
    4.00001E-02));
#4511 = CARTESIAN_POINT('',(0.10940794826,-5.495640317845E-02,
    3.00001E-02));
#4512 = CARTESIAN_POINT('',(0.114703021207,-5.602386554081E-02,
    4.00001E-02));
#4513 = CARTESIAN_POINT('',(0.114703021207,-5.602386554081E-02,
    3.00001E-02));
#4514 = CARTESIAN_POINT('',(0.120271232592,-5.674689604883E-02,
    4.00001E-02));
#4515 = CARTESIAN_POINT('',(0.120271232592,-5.674689604883E-02,
    3.00001E-02));
#4516 = CARTESIAN_POINT('',(0.126090522932,-5.722284350054E-02,
    4.00001E-02));
#4517 = CARTESIAN_POINT('',(0.126090522932,-5.722284350054E-02,
    3.00001E-02));
#4518 = CARTESIAN_POINT('',(0.130061293934,-5.726941396112E-02,
    4.00001E-02));
#4519 = CARTESIAN_POINT('',(0.130061293934,-5.726941396112E-02,
    3.00001E-02));
#4520 = CARTESIAN_POINT('',(0.132082092979,-5.729311453268E-02,
    4.00001E-02));
#4521 = CARTESIAN_POINT('',(0.132082092979,-5.729311453268E-02,
    3.00001E-02));
#4522 = ADVANCED_FACE('',(#4523),#4556,.T.);
#4523 = FACE_BOUND('',#4524,.T.);
#4524 = EDGE_LOOP('',(#4525,#4526,#4527,#4551));
#4525 = ORIENTED_EDGE('',*,*,#1688,.F.);
#4526 = ORIENTED_EDGE('',*,*,#4495,.F.);
#4527 = ORIENTED_EDGE('',*,*,#4528,.T.);
#4528 = EDGE_CURVE('',#4480,#4529,#4531,.T.);
#4529 = VERTEX_POINT('',#4530);
#4530 = CARTESIAN_POINT('',(0.202394592979,1.670650436976E-02,
    4.00001E-02));
#4531 = B_SPLINE_CURVE_WITH_KNOTS('',3,(#4532,#4533,#4534,#4535,#4536,
    #4537,#4538,#4539,#4540,#4541,#4542,#4543,#4544,#4545,#4546,#4547,
    #4548,#4549,#4550),.UNSPECIFIED.,.F.,.F.,(4,1,1,1,1,1,1,1,1,1,1,1,1,
    1,1,1,4),(0.,6.783324845577E-02,0.132655536508,0.195050884051,
    0.255582933069,0.314799834147,0.373600472826,0.432545595327,
    0.492430629284,0.552671255963,0.612513044188,0.672610250357,
    0.733838369314,0.796594238568,0.861449799291,0.929198942351,1.),
  .UNSPECIFIED.);
#4532 = CARTESIAN_POINT('',(0.132082092979,-5.729311453268E-02,
    4.00001E-02));
#4533 = CARTESIAN_POINT('',(0.134685952211,-5.723504096995E-02,
    4.00001E-02));
#4534 = CARTESIAN_POINT('',(0.139778091411,-5.712147159511E-02,
    4.00001E-02));
#4535 = CARTESIAN_POINT('',(0.147216960691,-5.616618875627E-02,
    4.00001E-02));
#4536 = CARTESIAN_POINT('',(0.154254402208,-5.457131152176E-02,
    4.00001E-02));
#4537 = CARTESIAN_POINT('',(0.160887971644,-5.233045037497E-02,
    4.00001E-02));
#4538 = CARTESIAN_POINT('',(0.167140876332,-4.949888872004E-02,
    4.00001E-02));
#4539 = CARTESIAN_POINT('',(0.172980725605,-4.599879916086E-02,
    4.00001E-02));
#4540 = CARTESIAN_POINT('',(0.178368873905,-4.180261735381E-02,
    4.00001E-02));
#4541 = CARTESIAN_POINT('',(0.183376620604,-3.707949369889E-02,
    4.00001E-02));
#4542 = CARTESIAN_POINT('',(0.187844873349,-3.179497763973E-02,
    4.00001E-02));
#4543 = CARTESIAN_POINT('',(0.191755985398,-2.607897491709E-02,
    4.00001E-02));
#4544 = CARTESIAN_POINT('',(0.195064767684,-1.994926427299E-02,
    4.00001E-02));
#4545 = CARTESIAN_POINT('',(0.197749620909,-1.34024805699E-02,
    4.00001E-02));
#4546 = CARTESIAN_POINT('',(0.199841915922,-6.451913231022E-03,
    4.00001E-02));
#4547 = CARTESIAN_POINT('',(0.201305096446,9.08694233858E-04,4.00001E-02
    ));
#4548 = CARTESIAN_POINT('',(0.202255967041,8.669015016691E-03,
    4.00001E-02));
#4549 = CARTESIAN_POINT('',(0.202347710705,1.398828451523E-02,
    4.00001E-02));
#4550 = CARTESIAN_POINT('',(0.202394592979,1.670650436976E-02,
    4.00001E-02));
#4551 = ORIENTED_EDGE('',*,*,#4552,.T.);
#4552 = EDGE_CURVE('',#4529,#1689,#4553,.T.);
#4553 = B_SPLINE_CURVE_WITH_KNOTS('',1,(#4554,#4555),.UNSPECIFIED.,.F.,
  .F.,(2,2),(0.,1.E-02),.PIECEWISE_BEZIER_KNOTS.);
#4554 = CARTESIAN_POINT('',(0.202394592979,1.670650436976E-02,
    4.00001E-02));
#4555 = CARTESIAN_POINT('',(0.202394592979,1.670650436976E-02,
    3.00001E-02));
#4556 = B_SPLINE_SURFACE_WITH_KNOTS('',3,1,(
    (#4557,#4558)
    ,(#4559,#4560)
    ,(#4561,#4562)
    ,(#4563,#4564)
    ,(#4565,#4566)
    ,(#4567,#4568)
    ,(#4569,#4570)
    ,(#4571,#4572)
    ,(#4573,#4574)
    ,(#4575,#4576)
    ,(#4577,#4578)
    ,(#4579,#4580)
    ,(#4581,#4582)
    ,(#4583,#4584)
    ,(#4585,#4586)
    ,(#4587,#4588)
    ,(#4589,#4590)
    ,(#4591,#4592)
    ,(#4593,#4594
    )),.UNSPECIFIED.,.F.,.F.,.F.,(4,1,1,1,1,1,1,1,1,1,1,1,1,1,1,1,4),(2,
    2),(0.,6.783324845577E-02,0.132655536508,0.195050884051,
    0.255582933069,0.314799834147,0.373600472826,0.432545595327,
    0.492430629284,0.552671255963,0.612513044188,0.672610250357,
    0.733838369314,0.796594238568,0.861449799291,0.929198942351,1.),(0.,
    1.),.UNSPECIFIED.);
#4557 = CARTESIAN_POINT('',(0.132082092979,-5.729311453268E-02,
    4.00001E-02));
#4558 = CARTESIAN_POINT('',(0.132082092979,-5.729311453268E-02,
    3.00001E-02));
#4559 = CARTESIAN_POINT('',(0.134685952211,-5.723504096995E-02,
    4.00001E-02));
#4560 = CARTESIAN_POINT('',(0.134685952211,-5.723504096995E-02,
    3.00001E-02));
#4561 = CARTESIAN_POINT('',(0.139778091411,-5.712147159511E-02,
    4.00001E-02));
#4562 = CARTESIAN_POINT('',(0.139778091411,-5.712147159511E-02,
    3.00001E-02));
#4563 = CARTESIAN_POINT('',(0.147216960691,-5.616618875627E-02,
    4.00001E-02));
#4564 = CARTESIAN_POINT('',(0.147216960691,-5.616618875627E-02,
    3.00001E-02));
#4565 = CARTESIAN_POINT('',(0.154254402208,-5.457131152176E-02,
    4.00001E-02));
#4566 = CARTESIAN_POINT('',(0.154254402208,-5.457131152176E-02,
    3.00001E-02));
#4567 = CARTESIAN_POINT('',(0.160887971644,-5.233045037497E-02,
    4.00001E-02));
#4568 = CARTESIAN_POINT('',(0.160887971644,-5.233045037497E-02,
    3.00001E-02));
#4569 = CARTESIAN_POINT('',(0.167140876332,-4.949888872004E-02,
    4.00001E-02));
#4570 = CARTESIAN_POINT('',(0.167140876332,-4.949888872004E-02,
    3.00001E-02));
#4571 = CARTESIAN_POINT('',(0.172980725605,-4.599879916086E-02,
    4.00001E-02));
#4572 = CARTESIAN_POINT('',(0.172980725605,-4.599879916086E-02,
    3.00001E-02));
#4573 = CARTESIAN_POINT('',(0.178368873905,-4.180261735381E-02,
    4.00001E-02));
#4574 = CARTESIAN_POINT('',(0.178368873905,-4.180261735381E-02,
    3.00001E-02));
#4575 = CARTESIAN_POINT('',(0.183376620604,-3.707949369889E-02,
    4.00001E-02));
#4576 = CARTESIAN_POINT('',(0.183376620604,-3.707949369889E-02,
    3.00001E-02));
#4577 = CARTESIAN_POINT('',(0.187844873349,-3.179497763973E-02,
    4.00001E-02));
#4578 = CARTESIAN_POINT('',(0.187844873349,-3.179497763973E-02,
    3.00001E-02));
#4579 = CARTESIAN_POINT('',(0.191755985398,-2.607897491709E-02,
    4.00001E-02));
#4580 = CARTESIAN_POINT('',(0.191755985398,-2.607897491709E-02,
    3.00001E-02));
#4581 = CARTESIAN_POINT('',(0.195064767684,-1.994926427299E-02,
    4.00001E-02));
#4582 = CARTESIAN_POINT('',(0.195064767684,-1.994926427299E-02,
    3.00001E-02));
#4583 = CARTESIAN_POINT('',(0.197749620909,-1.34024805699E-02,
    4.00001E-02));
#4584 = CARTESIAN_POINT('',(0.197749620909,-1.34024805699E-02,
    3.00001E-02));
#4585 = CARTESIAN_POINT('',(0.199841915922,-6.451913231022E-03,
    4.00001E-02));
#4586 = CARTESIAN_POINT('',(0.199841915922,-6.451913231022E-03,
    3.00001E-02));
#4587 = CARTESIAN_POINT('',(0.201305096446,9.08694233858E-04,4.00001E-02
    ));
#4588 = CARTESIAN_POINT('',(0.201305096446,9.08694233858E-04,3.00001E-02
    ));
#4589 = CARTESIAN_POINT('',(0.202255967041,8.669015016691E-03,
    4.00001E-02));
#4590 = CARTESIAN_POINT('',(0.202255967041,8.669015016691E-03,
    3.00001E-02));
#4591 = CARTESIAN_POINT('',(0.202347710705,1.398828451523E-02,
    4.00001E-02));
#4592 = CARTESIAN_POINT('',(0.202347710705,1.398828451523E-02,
    3.00001E-02));
#4593 = CARTESIAN_POINT('',(0.202394592979,1.670650436976E-02,
    4.00001E-02));
#4594 = CARTESIAN_POINT('',(0.202394592979,1.670650436976E-02,
    3.00001E-02));
#4595 = ADVANCED_FACE('',(#4596),#4629,.T.);
#4596 = FACE_BOUND('',#4597,.T.);
#4597 = EDGE_LOOP('',(#4598,#4599,#4600,#4624));
#4598 = ORIENTED_EDGE('',*,*,#1712,.F.);
#4599 = ORIENTED_EDGE('',*,*,#4552,.F.);
#4600 = ORIENTED_EDGE('',*,*,#4601,.T.);
#4601 = EDGE_CURVE('',#4529,#4602,#4604,.T.);
#4602 = VERTEX_POINT('',#4603);
#4603 = CARTESIAN_POINT('',(0.12610838871,9.636542205269E-02,4.00001E-02
    ));
#4604 = B_SPLINE_CURVE_WITH_KNOTS('',3,(#4605,#4606,#4607,#4608,#4609,
    #4610,#4611,#4612,#4613,#4614,#4615,#4616,#4617,#4618,#4619,#4620,
    #4621,#4622,#4623),.UNSPECIFIED.,.F.,.F.,(4,1,1,1,1,1,1,1,1,1,1,1,1,
    1,1,1,4),(0.,7.064371857535E-02,0.138256715509,0.203364124218,
    0.266324093803,0.327904761543,0.388737715173,0.449423528109,
    0.510861011459,0.572079396048,0.631734428731,0.691117210579,
    0.75036002949,0.810032900531,0.871362450829,0.934427141231,1.),
  .UNSPECIFIED.);
#4605 = CARTESIAN_POINT('',(0.202394592979,1.670650436976E-02,
    4.00001E-02));
#4606 = CARTESIAN_POINT('',(0.20232926446,1.962483103623E-02,4.00001E-02
    ));
#4607 = CARTESIAN_POINT('',(0.202201410115,2.533628377152E-02,
    4.00001E-02));
#4608 = CARTESIAN_POINT('',(0.201185142763,3.368782752809E-02,
    4.00001E-02));
#4609 = CARTESIAN_POINT('',(0.199517614002,4.160692684637E-02,
    4.00001E-02));
#4610 = CARTESIAN_POINT('',(0.197131161351,4.908156074828E-02,
    4.00001E-02));
#4611 = CARTESIAN_POINT('',(0.194092207818,5.612183168585E-02,
    4.00001E-02));
#4612 = CARTESIAN_POINT('',(0.190398170596,6.273710736993E-02,
    4.00001E-02));
#4613 = CARTESIAN_POINT('',(0.18598902542,6.889330383803E-02,4.00001E-02
    ));
#4614 = CARTESIAN_POINT('',(0.180934989247,7.454857774108E-02,
    4.00001E-02));
#4615 = CARTESIAN_POINT('',(0.175403296038,7.967460371626E-02,
    4.00001E-02));
#4616 = CARTESIAN_POINT('',(0.169434622462,8.41476671374E-02,4.00001E-02
    ));
#4617 = CARTESIAN_POINT('',(0.163100965475,8.792777947085E-02,
    4.00001E-02));
#4618 = CARTESIAN_POINT('',(0.156411290061,9.103986793236E-02,
    4.00001E-02));
#4619 = CARTESIAN_POINT('',(0.14934100386,9.341545736207E-02,4.00001E-02
    ));
#4620 = CARTESIAN_POINT('',(0.141923186793,9.512154258522E-02,
    4.00001E-02));
#4621 = CARTESIAN_POINT('',(0.134132292075,9.617873184391E-02,
    4.00001E-02));
#4622 = CARTESIAN_POINT('',(0.128817565256,9.630238830067E-02,
    4.00001E-02));
#4623 = CARTESIAN_POINT('',(0.12610838871,9.636542205269E-02,4.00001E-02
    ));
#4624 = ORIENTED_EDGE('',*,*,#4625,.T.);
#4625 = EDGE_CURVE('',#4602,#1713,#4626,.T.);
#4626 = B_SPLINE_CURVE_WITH_KNOTS('',1,(#4627,#4628),.UNSPECIFIED.,.F.,
  .F.,(2,2),(0.,1.E-02),.PIECEWISE_BEZIER_KNOTS.);
#4627 = CARTESIAN_POINT('',(0.12610838871,9.636542205269E-02,4.00001E-02
    ));
#4628 = CARTESIAN_POINT('',(0.12610838871,9.636542205269E-02,3.00001E-02
    ));
#4629 = B_SPLINE_SURFACE_WITH_KNOTS('',3,1,(
    (#4630,#4631)
    ,(#4632,#4633)
    ,(#4634,#4635)
    ,(#4636,#4637)
    ,(#4638,#4639)
    ,(#4640,#4641)
    ,(#4642,#4643)
    ,(#4644,#4645)
    ,(#4646,#4647)
    ,(#4648,#4649)
    ,(#4650,#4651)
    ,(#4652,#4653)
    ,(#4654,#4655)
    ,(#4656,#4657)
    ,(#4658,#4659)
    ,(#4660,#4661)
    ,(#4662,#4663)
    ,(#4664,#4665)
    ,(#4666,#4667
    )),.UNSPECIFIED.,.F.,.F.,.F.,(4,1,1,1,1,1,1,1,1,1,1,1,1,1,1,1,4),(2,
    2),(0.,7.064371857535E-02,0.138256715509,0.203364124218,
    0.266324093803,0.327904761543,0.388737715173,0.449423528109,
    0.510861011459,0.572079396048,0.631734428731,0.691117210579,
    0.75036002949,0.810032900531,0.871362450829,0.934427141231,1.),(0.,
    1.),.UNSPECIFIED.);
#4630 = CARTESIAN_POINT('',(0.202394592979,1.670650436976E-02,
    4.00001E-02));
#4631 = CARTESIAN_POINT('',(0.202394592979,1.670650436976E-02,
    3.00001E-02));
#4632 = CARTESIAN_POINT('',(0.20232926446,1.962483103623E-02,4.00001E-02
    ));
#4633 = CARTESIAN_POINT('',(0.20232926446,1.962483103623E-02,3.00001E-02
    ));
#4634 = CARTESIAN_POINT('',(0.202201410115,2.533628377152E-02,
    4.00001E-02));
#4635 = CARTESIAN_POINT('',(0.202201410115,2.533628377152E-02,
    3.00001E-02));
#4636 = CARTESIAN_POINT('',(0.201185142763,3.368782752809E-02,
    4.00001E-02));
#4637 = CARTESIAN_POINT('',(0.201185142763,3.368782752809E-02,
    3.00001E-02));
#4638 = CARTESIAN_POINT('',(0.199517614002,4.160692684637E-02,
    4.00001E-02));
#4639 = CARTESIAN_POINT('',(0.199517614002,4.160692684637E-02,
    3.00001E-02));
#4640 = CARTESIAN_POINT('',(0.197131161351,4.908156074828E-02,
    4.00001E-02));
#4641 = CARTESIAN_POINT('',(0.197131161351,4.908156074828E-02,
    3.00001E-02));
#4642 = CARTESIAN_POINT('',(0.194092207818,5.612183168585E-02,
    4.00001E-02));
#4643 = CARTESIAN_POINT('',(0.194092207818,5.612183168585E-02,
    3.00001E-02));
#4644 = CARTESIAN_POINT('',(0.190398170596,6.273710736993E-02,
    4.00001E-02));
#4645 = CARTESIAN_POINT('',(0.190398170596,6.273710736993E-02,
    3.00001E-02));
#4646 = CARTESIAN_POINT('',(0.18598902542,6.889330383803E-02,4.00001E-02
    ));
#4647 = CARTESIAN_POINT('',(0.18598902542,6.889330383803E-02,3.00001E-02
    ));
#4648 = CARTESIAN_POINT('',(0.180934989247,7.454857774108E-02,
    4.00001E-02));
#4649 = CARTESIAN_POINT('',(0.180934989247,7.454857774108E-02,
    3.00001E-02));
#4650 = CARTESIAN_POINT('',(0.175403296038,7.967460371626E-02,
    4.00001E-02));
#4651 = CARTESIAN_POINT('',(0.175403296038,7.967460371626E-02,
    3.00001E-02));
#4652 = CARTESIAN_POINT('',(0.169434622462,8.41476671374E-02,4.00001E-02
    ));
#4653 = CARTESIAN_POINT('',(0.169434622462,8.41476671374E-02,3.00001E-02
    ));
#4654 = CARTESIAN_POINT('',(0.163100965475,8.792777947085E-02,
    4.00001E-02));
#4655 = CARTESIAN_POINT('',(0.163100965475,8.792777947085E-02,
    3.00001E-02));
#4656 = CARTESIAN_POINT('',(0.156411290061,9.103986793236E-02,
    4.00001E-02));
#4657 = CARTESIAN_POINT('',(0.156411290061,9.103986793236E-02,
    3.00001E-02));
#4658 = CARTESIAN_POINT('',(0.14934100386,9.341545736207E-02,4.00001E-02
    ));
#4659 = CARTESIAN_POINT('',(0.14934100386,9.341545736207E-02,3.00001E-02
    ));
#4660 = CARTESIAN_POINT('',(0.141923186793,9.512154258522E-02,
    4.00001E-02));
#4661 = CARTESIAN_POINT('',(0.141923186793,9.512154258522E-02,
    3.00001E-02));
#4662 = CARTESIAN_POINT('',(0.134132292075,9.617873184391E-02,
    4.00001E-02));
#4663 = CARTESIAN_POINT('',(0.134132292075,9.617873184391E-02,
    3.00001E-02));
#4664 = CARTESIAN_POINT('',(0.128817565256,9.630238830067E-02,
    4.00001E-02));
#4665 = CARTESIAN_POINT('',(0.128817565256,9.630238830067E-02,
    3.00001E-02));
#4666 = CARTESIAN_POINT('',(0.12610838871,9.636542205269E-02,4.00001E-02
    ));
#4667 = CARTESIAN_POINT('',(0.12610838871,9.636542205269E-02,3.00001E-02
    ));
#4668 = ADVANCED_FACE('',(#4669),#4694,.T.);
#4669 = FACE_BOUND('',#4670,.T.);
#4670 = EDGE_LOOP('',(#4671,#4672,#4673,#4689));
#4671 = ORIENTED_EDGE('',*,*,#1736,.F.);
#4672 = ORIENTED_EDGE('',*,*,#4625,.F.);
#4673 = ORIENTED_EDGE('',*,*,#4674,.T.);
#4674 = EDGE_CURVE('',#4602,#4675,#4677,.T.);
#4675 = VERTEX_POINT('',#4676);
#4676 = CARTESIAN_POINT('',(9.080922712504E-02,9.042030010147E-02,
    4.00001E-02));
#4677 = B_SPLINE_CURVE_WITH_KNOTS('',3,(#4678,#4679,#4680,#4681,#4682,
    #4683,#4684,#4685,#4686,#4687,#4688),.UNSPECIFIED.,.F.,.F.,(4,1,1,1,
    1,1,1,1,4),(0.,0.145186866472,0.28344261092,0.416524365929,
    0.543181123535,0.665153082638,0.781360206313,0.892756655642,1.),
  .UNSPECIFIED.);
#4678 = CARTESIAN_POINT('',(0.12610838871,9.636542205269E-02,4.00001E-02
    ));
#4679 = CARTESIAN_POINT('',(0.124364359617,9.635292038735E-02,
    4.00001E-02));
#4680 = CARTESIAN_POINT('',(0.12095956019,9.632851387764E-02,4.00001E-02
    ));
#4681 = CARTESIAN_POINT('',(0.115964673444,9.602245398777E-02,
    4.00001E-02));
#4682 = CARTESIAN_POINT('',(0.111202581875,9.558989768005E-02,
    4.00001E-02));
#4683 = CARTESIAN_POINT('',(0.106666394174,9.491540441966E-02,
    4.00001E-02));
#4684 = CARTESIAN_POINT('',(0.102356343752,9.411249051088E-02,
    4.00001E-02));
#4685 = CARTESIAN_POINT('',(9.828857670774E-02,9.306585373207E-02,
    4.00001E-02));
#4686 = CARTESIAN_POINT('',(9.443752225758E-02,9.189310508927E-02,
    4.00001E-02));
#4687 = CARTESIAN_POINT('',(9.200324565164E-02,9.09049785461E-02,
    4.00001E-02));
#4688 = CARTESIAN_POINT('',(9.080922712504E-02,9.042030010147E-02,
    4.00001E-02));
#4689 = ORIENTED_EDGE('',*,*,#4690,.T.);
#4690 = EDGE_CURVE('',#4675,#1737,#4691,.T.);
#4691 = B_SPLINE_CURVE_WITH_KNOTS('',1,(#4692,#4693),.UNSPECIFIED.,.F.,
  .F.,(2,2),(0.,1.E-02),.PIECEWISE_BEZIER_KNOTS.);
#4692 = CARTESIAN_POINT('',(9.080922712504E-02,9.042030010147E-02,
    4.00001E-02));
#4693 = CARTESIAN_POINT('',(9.080922712504E-02,9.042030010147E-02,
    3.00001E-02));
#4694 = B_SPLINE_SURFACE_WITH_KNOTS('',3,1,(
    (#4695,#4696)
    ,(#4697,#4698)
    ,(#4699,#4700)
    ,(#4701,#4702)
    ,(#4703,#4704)
    ,(#4705,#4706)
    ,(#4707,#4708)
    ,(#4709,#4710)
    ,(#4711,#4712)
    ,(#4713,#4714)
    ,(#4715,#4716
  )),.UNSPECIFIED.,.F.,.F.,.F.,(4,1,1,1,1,1,1,1,4),(2,2),(0.,
    0.145186866472,0.28344261092,0.416524365929,0.543181123535,
    0.665153082638,0.781360206313,0.892756655642,1.),(0.,1.),
  .UNSPECIFIED.);
#4695 = CARTESIAN_POINT('',(0.12610838871,9.636542205269E-02,4.00001E-02
    ));
#4696 = CARTESIAN_POINT('',(0.12610838871,9.636542205269E-02,3.00001E-02
    ));
#4697 = CARTESIAN_POINT('',(0.124364359617,9.635292038735E-02,
    4.00001E-02));
#4698 = CARTESIAN_POINT('',(0.124364359617,9.635292038735E-02,
    3.00001E-02));
#4699 = CARTESIAN_POINT('',(0.12095956019,9.632851387764E-02,4.00001E-02
    ));
#4700 = CARTESIAN_POINT('',(0.12095956019,9.632851387764E-02,3.00001E-02
    ));
#4701 = CARTESIAN_POINT('',(0.115964673444,9.602245398777E-02,
    4.00001E-02));
#4702 = CARTESIAN_POINT('',(0.115964673444,9.602245398777E-02,
    3.00001E-02));
#4703 = CARTESIAN_POINT('',(0.111202581875,9.558989768005E-02,
    4.00001E-02));
#4704 = CARTESIAN_POINT('',(0.111202581875,9.558989768005E-02,
    3.00001E-02));
#4705 = CARTESIAN_POINT('',(0.106666394174,9.491540441966E-02,
    4.00001E-02));
#4706 = CARTESIAN_POINT('',(0.106666394174,9.491540441966E-02,
    3.00001E-02));
#4707 = CARTESIAN_POINT('',(0.102356343752,9.411249051088E-02,
    4.00001E-02));
#4708 = CARTESIAN_POINT('',(0.102356343752,9.411249051088E-02,
    3.00001E-02));
#4709 = CARTESIAN_POINT('',(9.828857670774E-02,9.306585373207E-02,
    4.00001E-02));
#4710 = CARTESIAN_POINT('',(9.828857670774E-02,9.306585373207E-02,
    3.00001E-02));
#4711 = CARTESIAN_POINT('',(9.443752225758E-02,9.189310508927E-02,
    4.00001E-02));
#4712 = CARTESIAN_POINT('',(9.443752225758E-02,9.189310508927E-02,
    3.00001E-02));
#4713 = CARTESIAN_POINT('',(9.200324565164E-02,9.09049785461E-02,
    4.00001E-02));
#4714 = CARTESIAN_POINT('',(9.200324565164E-02,9.09049785461E-02,
    3.00001E-02));
#4715 = CARTESIAN_POINT('',(9.080922712504E-02,9.042030010147E-02,
    4.00001E-02));
#4716 = CARTESIAN_POINT('',(9.080922712504E-02,9.042030010147E-02,
    3.00001E-02));
#4717 = ADVANCED_FACE('',(#4718),#4734,.T.);
#4718 = FACE_BOUND('',#4719,.T.);
#4719 = EDGE_LOOP('',(#4720,#4721,#4722,#4729));
#4720 = ORIENTED_EDGE('',*,*,#1752,.F.);
#4721 = ORIENTED_EDGE('',*,*,#4690,.F.);
#4722 = ORIENTED_EDGE('',*,*,#4723,.T.);
#4723 = EDGE_CURVE('',#4675,#4724,#4726,.T.);
#4724 = VERTEX_POINT('',#4725);
#4725 = CARTESIAN_POINT('',(9.080922712504E-02,7.029834888196E-02,
    4.00001E-02));
#4726 = B_SPLINE_CURVE_WITH_KNOTS('',1,(#4727,#4728),.UNSPECIFIED.,.F.,
  .F.,(2,2),(0.,2.012195121951E-02),.PIECEWISE_BEZIER_KNOTS.);
#4727 = CARTESIAN_POINT('',(9.080922712504E-02,9.042030010147E-02,
    4.00001E-02));
#4728 = CARTESIAN_POINT('',(9.080922712504E-02,7.029834888196E-02,
    4.00001E-02));
#4729 = ORIENTED_EDGE('',*,*,#4730,.T.);
#4730 = EDGE_CURVE('',#4724,#1753,#4731,.T.);
#4731 = B_SPLINE_CURVE_WITH_KNOTS('',1,(#4732,#4733),.UNSPECIFIED.,.F.,
  .F.,(2,2),(0.,1.E-02),.PIECEWISE_BEZIER_KNOTS.);
#4732 = CARTESIAN_POINT('',(9.080922712504E-02,7.029834888196E-02,
    4.00001E-02));
#4733 = CARTESIAN_POINT('',(9.080922712504E-02,7.029834888196E-02,
    3.00001E-02));
#4734 = B_SPLINE_SURFACE_WITH_KNOTS('',1,1,(
    (#4735,#4736)
    ,(#4737,#4738)),.UNSPECIFIED.,.F.,.F.,.F.,(2,2),(2,2),(0.,1.E-02),(
    -2.012195121951E-02,1.31684474391E-18),.PIECEWISE_BEZIER_KNOTS.);
#4735 = CARTESIAN_POINT('',(9.080922712504E-02,7.029834888196E-02,
    4.00001E-02));
#4736 = CARTESIAN_POINT('',(9.080922712504E-02,9.042030010147E-02,
    4.00001E-02));
#4737 = CARTESIAN_POINT('',(9.080922712504E-02,7.029834888196E-02,
    3.00001E-02));
#4738 = CARTESIAN_POINT('',(9.080922712504E-02,9.042030010147E-02,
    3.00001E-02));
#4739 = ADVANCED_FACE('',(#4740),#4765,.T.);
#4740 = FACE_BOUND('',#4741,.T.);
#4741 = EDGE_LOOP('',(#4742,#4743,#4744,#4760));
#4742 = ORIENTED_EDGE('',*,*,#1759,.F.);
#4743 = ORIENTED_EDGE('',*,*,#4730,.F.);
#4744 = ORIENTED_EDGE('',*,*,#4745,.T.);
#4745 = EDGE_CURVE('',#4724,#4746,#4748,.T.);
#4746 = VERTEX_POINT('',#4747);
#4747 = CARTESIAN_POINT('',(0.125936894808,7.990200741854E-02,
    4.00001E-02));
#4748 = B_SPLINE_CURVE_WITH_KNOTS('',3,(#4749,#4750,#4751,#4752,#4753,
    #4754,#4755,#4756,#4757,#4758,#4759),.UNSPECIFIED.,.F.,.F.,(4,1,1,1,
    1,1,1,1,4),(0.,0.125279696736,0.249419970742,0.373356799493,
    0.496681278782,0.620202915744,0.745086320161,0.871269195019,1.),
  .UNSPECIFIED.);
#4749 = CARTESIAN_POINT('',(9.080922712504E-02,7.029834888196E-02,
    4.00001E-02));
#4750 = CARTESIAN_POINT('',(9.21412849692E-02,7.107237483068E-02,
    4.00001E-02));
#4751 = CARTESIAN_POINT('',(9.47932855501E-02,7.26133869381E-02,
    4.00001E-02));
#4752 = CARTESIAN_POINT('',(9.896440029217E-02,7.453995535201E-02,
    4.00001E-02));
#4753 = CARTESIAN_POINT('',(0.103215886765,7.621097607813E-02,
    4.00001E-02));
#4754 = CARTESIAN_POINT('',(0.107577507498,7.754492620258E-02,
    4.00001E-02));
#4755 = CARTESIAN_POINT('',(0.112021811747,7.862210116577E-02,
    4.00001E-02));
#4756 = CARTESIAN_POINT('',(0.116572104548,7.934459277269E-02,
    4.00001E-02));
#4757 = CARTESIAN_POINT('',(0.121219764708,7.983068781105E-02,
    4.00001E-02));
#4758 = CARTESIAN_POINT('',(0.124354075352,7.987807632909E-02,
    4.00001E-02));
#4759 = CARTESIAN_POINT('',(0.125936894808,7.990200741854E-02,
    4.00001E-02));
#4760 = ORIENTED_EDGE('',*,*,#4761,.T.);
#4761 = EDGE_CURVE('',#4746,#1760,#4762,.T.);
#4762 = B_SPLINE_CURVE_WITH_KNOTS('',1,(#4763,#4764),.UNSPECIFIED.,.F.,
  .F.,(2,2),(0.,1.E-02),.PIECEWISE_BEZIER_KNOTS.);
#4763 = CARTESIAN_POINT('',(0.125936894808,7.990200741854E-02,
    4.00001E-02));
#4764 = CARTESIAN_POINT('',(0.125936894808,7.990200741854E-02,
    3.00001E-02));
#4765 = B_SPLINE_SURFACE_WITH_KNOTS('',3,1,(
    (#4766,#4767)
    ,(#4768,#4769)
    ,(#4770,#4771)
    ,(#4772,#4773)
    ,(#4774,#4775)
    ,(#4776,#4777)
    ,(#4778,#4779)
    ,(#4780,#4781)
    ,(#4782,#4783)
    ,(#4784,#4785)
    ,(#4786,#4787
  )),.UNSPECIFIED.,.F.,.F.,.F.,(4,1,1,1,1,1,1,1,4),(2,2),(0.,
    0.125279696736,0.249419970742,0.373356799493,0.496681278782,
    0.620202915744,0.745086320161,0.871269195019,1.),(0.,1.),
  .UNSPECIFIED.);
#4766 = CARTESIAN_POINT('',(9.080922712504E-02,7.029834888196E-02,
    4.00001E-02));
#4767 = CARTESIAN_POINT('',(9.080922712504E-02,7.029834888196E-02,
    3.00001E-02));
#4768 = CARTESIAN_POINT('',(9.21412849692E-02,7.107237483068E-02,
    4.00001E-02));
#4769 = CARTESIAN_POINT('',(9.21412849692E-02,7.107237483068E-02,
    3.00001E-02));
#4770 = CARTESIAN_POINT('',(9.47932855501E-02,7.26133869381E-02,
    4.00001E-02));
#4771 = CARTESIAN_POINT('',(9.47932855501E-02,7.26133869381E-02,
    3.00001E-02));
#4772 = CARTESIAN_POINT('',(9.896440029217E-02,7.453995535201E-02,
    4.00001E-02));
#4773 = CARTESIAN_POINT('',(9.896440029217E-02,7.453995535201E-02,
    3.00001E-02));
#4774 = CARTESIAN_POINT('',(0.103215886765,7.621097607813E-02,
    4.00001E-02));
#4775 = CARTESIAN_POINT('',(0.103215886765,7.621097607813E-02,
    3.00001E-02));
#4776 = CARTESIAN_POINT('',(0.107577507498,7.754492620258E-02,
    4.00001E-02));
#4777 = CARTESIAN_POINT('',(0.107577507498,7.754492620258E-02,
    3.00001E-02));
#4778 = CARTESIAN_POINT('',(0.112021811747,7.862210116577E-02,
    4.00001E-02));
#4779 = CARTESIAN_POINT('',(0.112021811747,7.862210116577E-02,
    3.00001E-02));
#4780 = CARTESIAN_POINT('',(0.116572104548,7.934459277269E-02,
    4.00001E-02));
#4781 = CARTESIAN_POINT('',(0.116572104548,7.934459277269E-02,
    3.00001E-02));
#4782 = CARTESIAN_POINT('',(0.121219764708,7.983068781105E-02,
    4.00001E-02));
#4783 = CARTESIAN_POINT('',(0.121219764708,7.983068781105E-02,
    3.00001E-02));
#4784 = CARTESIAN_POINT('',(0.124354075352,7.987807632909E-02,
    4.00001E-02));
#4785 = CARTESIAN_POINT('',(0.124354075352,7.987807632909E-02,
    3.00001E-02));
#4786 = CARTESIAN_POINT('',(0.125936894808,7.990200741854E-02,
    4.00001E-02));
#4787 = CARTESIAN_POINT('',(0.125936894808,7.990200741854E-02,
    3.00001E-02));
#4788 = ADVANCED_FACE('',(#4789),#4822,.T.);
#4789 = FACE_BOUND('',#4790,.T.);
#4790 = EDGE_LOOP('',(#4791,#4792,#4793,#4817));
#4791 = ORIENTED_EDGE('',*,*,#1775,.F.);
#4792 = ORIENTED_EDGE('',*,*,#4761,.F.);
#4793 = ORIENTED_EDGE('',*,*,#4794,.T.);
#4794 = EDGE_CURVE('',#4746,#4795,#4797,.T.);
#4795 = VERTEX_POINT('',#4796);
#4796 = CARTESIAN_POINT('',(0.182272641759,1.793554400391E-02,
    4.00001E-02));
#4797 = B_SPLINE_CURVE_WITH_KNOTS('',3,(#4798,#4799,#4800,#4801,#4802,
    #4803,#4804,#4805,#4806,#4807,#4808,#4809,#4810,#4811,#4812,#4813,
    #4814,#4815,#4816),.UNSPECIFIED.,.F.,.F.,(4,1,1,1,1,1,1,1,1,1,1,1,1,
    1,1,1,4),(0.,6.460397028839E-02,0.126702413963,0.186756814036,
    0.245505687365,0.30365202445,0.361503073971,0.420240222928,
    0.480033340777,0.540678134776,0.601191806381,0.662333502477,
    0.724739510297,0.789467736173,0.856504860044,0.926312095839,1.),
  .UNSPECIFIED.);
#4798 = CARTESIAN_POINT('',(0.125936894808,7.990200741854E-02,
    4.00001E-02));
#4799 = CARTESIAN_POINT('',(0.127969299088,7.985830700564E-02,
    4.00001E-02));
#4800 = CARTESIAN_POINT('',(0.1319552852,7.977260100676E-02,4.00001E-02)
  );
#4801 = CARTESIAN_POINT('',(0.137778506857,7.893112655395E-02,
    4.00001E-02));
#4802 = CARTESIAN_POINT('',(0.143332615834,7.767218566911E-02,
    4.00001E-02));
#4803 = CARTESIAN_POINT('',(0.148595340532,7.582962807727E-02,
    4.00001E-02));
#4804 = CARTESIAN_POINT('',(0.153560705102,7.345152352549E-02,
    4.00001E-02));
#4805 = CARTESIAN_POINT('',(0.158224403702,7.052895242868E-02,
    4.00001E-02));
#4806 = CARTESIAN_POINT('',(0.16261507786,6.712457457249E-02,4.00001E-02
    ));
#4807 = CARTESIAN_POINT('',(0.166665749335,6.319591898438E-02,
    4.00001E-02));
#4808 = CARTESIAN_POINT('',(0.170357037802,5.88514534179E-02,4.00001E-02
    ));
#4809 = CARTESIAN_POINT('',(0.173525462352,5.406244681736E-02,
    4.00001E-02));
#4810 = CARTESIAN_POINT('',(0.176272967385,4.895851980419E-02,
    4.00001E-02));
#4811 = CARTESIAN_POINT('',(0.178473164074,4.345012526921E-02,
    4.00001E-02));
#4812 = CARTESIAN_POINT('',(0.18017708896,3.757952668884E-02,4.00001E-02
    ));
#4813 = CARTESIAN_POINT('',(0.181406963565,3.135473448893E-02,
    4.00001E-02));
#4814 = CARTESIAN_POINT('',(0.182119535967,2.476426797606E-02,
    4.00001E-02));
#4815 = CARTESIAN_POINT('',(0.182220694587,2.025245764533E-02,
    4.00001E-02));
#4816 = CARTESIAN_POINT('',(0.182272641759,1.793554400391E-02,
    4.00001E-02));
#4817 = ORIENTED_EDGE('',*,*,#4818,.T.);
#4818 = EDGE_CURVE('',#4795,#1776,#4819,.T.);
#4819 = B_SPLINE_CURVE_WITH_KNOTS('',1,(#4820,#4821),.UNSPECIFIED.,.F.,
  .F.,(2,2),(0.,1.E-02),.PIECEWISE_BEZIER_KNOTS.);
#4820 = CARTESIAN_POINT('',(0.182272641759,1.793554400391E-02,
    4.00001E-02));
#4821 = CARTESIAN_POINT('',(0.182272641759,1.793554400391E-02,
    3.00001E-02));
#4822 = B_SPLINE_SURFACE_WITH_KNOTS('',3,1,(
    (#4823,#4824)
    ,(#4825,#4826)
    ,(#4827,#4828)
    ,(#4829,#4830)
    ,(#4831,#4832)
    ,(#4833,#4834)
    ,(#4835,#4836)
    ,(#4837,#4838)
    ,(#4839,#4840)
    ,(#4841,#4842)
    ,(#4843,#4844)
    ,(#4845,#4846)
    ,(#4847,#4848)
    ,(#4849,#4850)
    ,(#4851,#4852)
    ,(#4853,#4854)
    ,(#4855,#4856)
    ,(#4857,#4858)
    ,(#4859,#4860
    )),.UNSPECIFIED.,.F.,.F.,.F.,(4,1,1,1,1,1,1,1,1,1,1,1,1,1,1,1,4),(2,
    2),(0.,6.460397028839E-02,0.126702413963,0.186756814036,
    0.245505687365,0.30365202445,0.361503073971,0.420240222928,
    0.480033340777,0.540678134776,0.601191806381,0.662333502477,
    0.724739510297,0.789467736173,0.856504860044,0.926312095839,1.),(0.,
    1.),.UNSPECIFIED.);
#4823 = CARTESIAN_POINT('',(0.125936894808,7.990200741854E-02,
    4.00001E-02));
#4824 = CARTESIAN_POINT('',(0.125936894808,7.990200741854E-02,
    3.00001E-02));
#4825 = CARTESIAN_POINT('',(0.127969299088,7.985830700564E-02,
    4.00001E-02));
#4826 = CARTESIAN_POINT('',(0.127969299088,7.985830700564E-02,
    3.00001E-02));
#4827 = CARTESIAN_POINT('',(0.1319552852,7.977260100676E-02,4.00001E-02)
  );
#4828 = CARTESIAN_POINT('',(0.1319552852,7.977260100676E-02,3.00001E-02)
  );
#4829 = CARTESIAN_POINT('',(0.137778506857,7.893112655395E-02,
    4.00001E-02));
#4830 = CARTESIAN_POINT('',(0.137778506857,7.893112655395E-02,
    3.00001E-02));
#4831 = CARTESIAN_POINT('',(0.143332615834,7.767218566911E-02,
    4.00001E-02));
#4832 = CARTESIAN_POINT('',(0.143332615834,7.767218566911E-02,
    3.00001E-02));
#4833 = CARTESIAN_POINT('',(0.148595340532,7.582962807727E-02,
    4.00001E-02));
#4834 = CARTESIAN_POINT('',(0.148595340532,7.582962807727E-02,
    3.00001E-02));
#4835 = CARTESIAN_POINT('',(0.153560705102,7.345152352549E-02,
    4.00001E-02));
#4836 = CARTESIAN_POINT('',(0.153560705102,7.345152352549E-02,
    3.00001E-02));
#4837 = CARTESIAN_POINT('',(0.158224403702,7.052895242868E-02,
    4.00001E-02));
#4838 = CARTESIAN_POINT('',(0.158224403702,7.052895242868E-02,
    3.00001E-02));
#4839 = CARTESIAN_POINT('',(0.16261507786,6.712457457249E-02,4.00001E-02
    ));
#4840 = CARTESIAN_POINT('',(0.16261507786,6.712457457249E-02,3.00001E-02
    ));
#4841 = CARTESIAN_POINT('',(0.166665749335,6.319591898438E-02,
    4.00001E-02));
#4842 = CARTESIAN_POINT('',(0.166665749335,6.319591898438E-02,
    3.00001E-02));
#4843 = CARTESIAN_POINT('',(0.170357037802,5.88514534179E-02,4.00001E-02
    ));
#4844 = CARTESIAN_POINT('',(0.170357037802,5.88514534179E-02,3.00001E-02
    ));
#4845 = CARTESIAN_POINT('',(0.173525462352,5.406244681736E-02,
    4.00001E-02));
#4846 = CARTESIAN_POINT('',(0.173525462352,5.406244681736E-02,
    3.00001E-02));
#4847 = CARTESIAN_POINT('',(0.176272967385,4.895851980419E-02,
    4.00001E-02));
#4848 = CARTESIAN_POINT('',(0.176272967385,4.895851980419E-02,
    3.00001E-02));
#4849 = CARTESIAN_POINT('',(0.178473164074,4.345012526921E-02,
    4.00001E-02));
#4850 = CARTESIAN_POINT('',(0.178473164074,4.345012526921E-02,
    3.00001E-02));
#4851 = CARTESIAN_POINT('',(0.18017708896,3.757952668884E-02,4.00001E-02
    ));
#4852 = CARTESIAN_POINT('',(0.18017708896,3.757952668884E-02,3.00001E-02
    ));
#4853 = CARTESIAN_POINT('',(0.181406963565,3.135473448893E-02,
    4.00001E-02));
#4854 = CARTESIAN_POINT('',(0.181406963565,3.135473448893E-02,
    3.00001E-02));
#4855 = CARTESIAN_POINT('',(0.182119535967,2.476426797606E-02,
    4.00001E-02));
#4856 = CARTESIAN_POINT('',(0.182119535967,2.476426797606E-02,
    3.00001E-02));
#4857 = CARTESIAN_POINT('',(0.182220694587,2.025245764533E-02,
    4.00001E-02));
#4858 = CARTESIAN_POINT('',(0.182220694587,2.025245764533E-02,
    3.00001E-02));
#4859 = CARTESIAN_POINT('',(0.182272641759,1.793554400391E-02,
    4.00001E-02));
#4860 = CARTESIAN_POINT('',(0.182272641759,1.793554400391E-02,
    3.00001E-02));
#4861 = ADVANCED_FACE('',(#4862),#4895,.T.);
#4862 = FACE_BOUND('',#4863,.T.);
#4863 = EDGE_LOOP('',(#4864,#4865,#4866,#4890));
#4864 = ORIENTED_EDGE('',*,*,#1799,.F.);
#4865 = ORIENTED_EDGE('',*,*,#4818,.F.);
#4866 = ORIENTED_EDGE('',*,*,#4867,.T.);
#4867 = EDGE_CURVE('',#4795,#4868,#4870,.T.);
#4868 = VERTEX_POINT('',#4869);
#4869 = CARTESIAN_POINT('',(0.129309608223,-4.082969989853E-02,
    4.00001E-02));
#4870 = B_SPLINE_CURVE_WITH_KNOTS('',3,(#4871,#4872,#4873,#4874,#4875,
    #4876,#4877,#4878,#4879,#4880,#4881,#4882,#4883,#4884,#4885,#4886,
    #4887,#4888,#4889),.UNSPECIFIED.,.F.,.F.,(4,1,1,1,1,1,1,1,1,1,1,1,1,
    1,1,1,4),(0.,7.377411937406E-02,0.144079114726,0.211348518309,
    0.27607688574,0.33852091582,0.399885116693,0.460254067465,
    0.520588964391,0.580207684563,0.638632908553,0.696364549491,
    0.75400177466,0.812805681374,0.872754425526,0.935181996978,1.),
  .UNSPECIFIED.);
#4871 = CARTESIAN_POINT('',(0.182272641759,1.793554400391E-02,
    4.00001E-02));
#4872 = CARTESIAN_POINT('',(0.182230968782,1.574236314954E-02,
    4.00001E-02));
#4873 = CARTESIAN_POINT('',(0.18214958244,1.145913268048E-02,4.00001E-02
    ));
#4874 = CARTESIAN_POINT('',(0.181450344446,5.207480992057E-03,
    4.00001E-02));
#4875 = CARTESIAN_POINT('',(0.18031765781,-7.035272846439E-04,
    4.00001E-02));
#4876 = CARTESIAN_POINT('',(0.178725806555,-6.268681961583E-03,
    4.00001E-02));
#4877 = CARTESIAN_POINT('',(0.176650090777,-1.148283287306E-02,
    4.00001E-02));
#4878 = CARTESIAN_POINT('',(0.174142698864,-1.635983400111E-02,
    4.00001E-02));
#4879 = CARTESIAN_POINT('',(0.171144796201,-2.087766174627E-02,
    4.00001E-02));
#4880 = CARTESIAN_POINT('',(0.167722561231,-2.50151656333E-02,
    4.00001E-02));
#4881 = CARTESIAN_POINT('',(0.163922978978,-2.872551344983E-02,
    4.00001E-02));
#4882 = CARTESIAN_POINT('',(0.159825615287,-3.19840324982E-02,
    4.00001E-02));
#4883 = CARTESIAN_POINT('',(0.155421543267,-3.470388152282E-02,
    4.00001E-02));
#4884 = CARTESIAN_POINT('',(0.150751830165,-3.695926665503E-02,
    4.00001E-02));
#4885 = CARTESIAN_POINT('',(0.145795377307,-3.8702990434E-02,4.00001E-02
    ));
#4886 = CARTESIAN_POINT('',(0.140542906761,-3.992540195602E-02,
    4.00001E-02));
#4887 = CARTESIAN_POINT('',(0.135019545848,-4.068253735218E-02,
    4.00001E-02));
#4888 = CARTESIAN_POINT('',(0.131236609474,-4.078003518595E-02,
    4.00001E-02));
#4889 = CARTESIAN_POINT('',(0.129309608223,-4.082969989853E-02,
    4.00001E-02));
#4890 = ORIENTED_EDGE('',*,*,#4891,.T.);
#4891 = EDGE_CURVE('',#4868,#1648,#4892,.T.);
#4892 = B_SPLINE_CURVE_WITH_KNOTS('',1,(#4893,#4894),.UNSPECIFIED.,.F.,
  .F.,(2,2),(0.,1.E-02),.PIECEWISE_BEZIER_KNOTS.);
#4893 = CARTESIAN_POINT('',(0.129309608223,-4.082969989853E-02,
    4.00001E-02));
#4894 = CARTESIAN_POINT('',(0.129309608223,-4.082969989853E-02,
    3.00001E-02));
#4895 = B_SPLINE_SURFACE_WITH_KNOTS('',3,1,(
    (#4896,#4897)
    ,(#4898,#4899)
    ,(#4900,#4901)
    ,(#4902,#4903)
    ,(#4904,#4905)
    ,(#4906,#4907)
    ,(#4908,#4909)
    ,(#4910,#4911)
    ,(#4912,#4913)
    ,(#4914,#4915)
    ,(#4916,#4917)
    ,(#4918,#4919)
    ,(#4920,#4921)
    ,(#4922,#4923)
    ,(#4924,#4925)
    ,(#4926,#4927)
    ,(#4928,#4929)
    ,(#4930,#4931)
    ,(#4932,#4933
    )),.UNSPECIFIED.,.F.,.F.,.F.,(4,1,1,1,1,1,1,1,1,1,1,1,1,1,1,1,4),(2,
    2),(0.,7.377411937406E-02,0.144079114726,0.211348518309,
    0.27607688574,0.33852091582,0.399885116693,0.460254067465,
    0.520588964391,0.580207684563,0.638632908553,0.696364549491,
    0.75400177466,0.812805681374,0.872754425526,0.935181996978,1.),(0.,
    1.),.UNSPECIFIED.);
#4896 = CARTESIAN_POINT('',(0.182272641759,1.793554400391E-02,
    4.00001E-02));
#4897 = CARTESIAN_POINT('',(0.182272641759,1.793554400391E-02,
    3.00001E-02));
#4898 = CARTESIAN_POINT('',(0.182230968782,1.574236314954E-02,
    4.00001E-02));
#4899 = CARTESIAN_POINT('',(0.182230968782,1.574236314954E-02,
    3.00001E-02));
#4900 = CARTESIAN_POINT('',(0.18214958244,1.145913268048E-02,4.00001E-02
    ));
#4901 = CARTESIAN_POINT('',(0.18214958244,1.145913268048E-02,3.00001E-02
    ));
#4902 = CARTESIAN_POINT('',(0.181450344446,5.207480992057E-03,
    4.00001E-02));
#4903 = CARTESIAN_POINT('',(0.181450344446,5.207480992057E-03,
    3.00001E-02));
#4904 = CARTESIAN_POINT('',(0.18031765781,-7.035272846439E-04,
    4.00001E-02));
#4905 = CARTESIAN_POINT('',(0.18031765781,-7.035272846439E-04,
    3.00001E-02));
#4906 = CARTESIAN_POINT('',(0.178725806555,-6.268681961583E-03,
    4.00001E-02));
#4907 = CARTESIAN_POINT('',(0.178725806555,-6.268681961583E-03,
    3.00001E-02));
#4908 = CARTESIAN_POINT('',(0.176650090777,-1.148283287306E-02,
    4.00001E-02));
#4909 = CARTESIAN_POINT('',(0.176650090777,-1.148283287306E-02,
    3.00001E-02));
#4910 = CARTESIAN_POINT('',(0.174142698864,-1.635983400111E-02,
    4.00001E-02));
#4911 = CARTESIAN_POINT('',(0.174142698864,-1.635983400111E-02,
    3.00001E-02));
#4912 = CARTESIAN_POINT('',(0.171144796201,-2.087766174627E-02,
    4.00001E-02));
#4913 = CARTESIAN_POINT('',(0.171144796201,-2.087766174627E-02,
    3.00001E-02));
#4914 = CARTESIAN_POINT('',(0.167722561231,-2.50151656333E-02,
    4.00001E-02));
#4915 = CARTESIAN_POINT('',(0.167722561231,-2.50151656333E-02,
    3.00001E-02));
#4916 = CARTESIAN_POINT('',(0.163922978978,-2.872551344983E-02,
    4.00001E-02));
#4917 = CARTESIAN_POINT('',(0.163922978978,-2.872551344983E-02,
    3.00001E-02));
#4918 = CARTESIAN_POINT('',(0.159825615287,-3.19840324982E-02,
    4.00001E-02));
#4919 = CARTESIAN_POINT('',(0.159825615287,-3.19840324982E-02,
    3.00001E-02));
#4920 = CARTESIAN_POINT('',(0.155421543267,-3.470388152282E-02,
    4.00001E-02));
#4921 = CARTESIAN_POINT('',(0.155421543267,-3.470388152282E-02,
    3.00001E-02));
#4922 = CARTESIAN_POINT('',(0.150751830165,-3.695926665503E-02,
    4.00001E-02));
#4923 = CARTESIAN_POINT('',(0.150751830165,-3.695926665503E-02,
    3.00001E-02));
#4924 = CARTESIAN_POINT('',(0.145795377307,-3.8702990434E-02,4.00001E-02
    ));
#4925 = CARTESIAN_POINT('',(0.145795377307,-3.8702990434E-02,3.00001E-02
    ));
#4926 = CARTESIAN_POINT('',(0.140542906761,-3.992540195602E-02,
    4.00001E-02));
#4927 = CARTESIAN_POINT('',(0.140542906761,-3.992540195602E-02,
    3.00001E-02));
#4928 = CARTESIAN_POINT('',(0.135019545848,-4.068253735218E-02,
    4.00001E-02));
#4929 = CARTESIAN_POINT('',(0.135019545848,-4.068253735218E-02,
    3.00001E-02));
#4930 = CARTESIAN_POINT('',(0.131236609474,-4.078003518595E-02,
    4.00001E-02));
#4931 = CARTESIAN_POINT('',(0.131236609474,-4.078003518595E-02,
    3.00001E-02));
#4932 = CARTESIAN_POINT('',(0.129309608223,-4.082969989853E-02,
    4.00001E-02));
#4933 = CARTESIAN_POINT('',(0.129309608223,-4.082969989853E-02,
    3.00001E-02));
#4934 = ADVANCED_FACE('',(#4935),#4954,.T.);
#4935 = FACE_BOUND('',#4936,.T.);
#4936 = EDGE_LOOP('',(#4937,#4938,#4939,#4953));
#4937 = ORIENTED_EDGE('',*,*,#1647,.F.);
#4938 = ORIENTED_EDGE('',*,*,#4891,.F.);
#4939 = ORIENTED_EDGE('',*,*,#4940,.T.);
#4940 = EDGE_CURVE('',#4868,#4451,#4941,.T.);
#4941 = B_SPLINE_CURVE_WITH_KNOTS('',3,(#4942,#4943,#4944,#4945,#4946,
    #4947,#4948,#4949,#4950,#4951,#4952),.UNSPECIFIED.,.F.,.F.,(4,1,1,1,
    1,1,1,1,4),(0.,0.135294604763,0.266765657925,0.394816018836,
    0.520051654434,0.642175702971,0.762651820558,0.881834004381,1.),
  .UNSPECIFIED.);
#4942 = CARTESIAN_POINT('',(0.129309608223,-4.082969989853E-02,
    4.00001E-02));
#4943 = CARTESIAN_POINT('',(0.127498295138,-4.080591881642E-02,
    4.00001E-02));
#4944 = CARTESIAN_POINT('',(0.123926858364,-4.075902872773E-02,
    4.00001E-02));
#4945 = CARTESIAN_POINT('',(0.118660076087,-4.02778324854E-02,
    4.00001E-02));
#4946 = CARTESIAN_POINT('',(0.11355854177,-3.955359958815E-02,
    4.00001E-02));
#4947 = CARTESIAN_POINT('',(0.108644429142,-3.848759237986E-02,
    4.00001E-02));
#4948 = CARTESIAN_POINT('',(0.103900890046,-3.715319195236E-02,
    4.00001E-02));
#4949 = CARTESIAN_POINT('',(9.935481709783E-02,-3.547708278625E-02,
    4.00001E-02));
#4950 = CARTESIAN_POINT('',(9.49576333296E-02,-3.356261952827E-02,
    4.00001E-02));
#4951 = CARTESIAN_POINT('',(9.218807664436E-02,-3.200267448865E-02,
    4.00001E-02));
#4952 = CARTESIAN_POINT('',(9.080922712504E-02,-3.122604136195E-02,
    4.00001E-02));
#4953 = ORIENTED_EDGE('',*,*,#4450,.T.);
#4954 = B_SPLINE_SURFACE_WITH_KNOTS('',3,1,(
    (#4955,#4956)
    ,(#4957,#4958)
    ,(#4959,#4960)
    ,(#4961,#4962)
    ,(#4963,#4964)
    ,(#4965,#4966)
    ,(#4967,#4968)
    ,(#4969,#4970)
    ,(#4971,#4972)
    ,(#4973,#4974)
    ,(#4975,#4976
  )),.UNSPECIFIED.,.F.,.F.,.F.,(4,1,1,1,1,1,1,1,4),(2,2),(0.,
    0.135294604763,0.266765657925,0.394816018836,0.520051654434,
    0.642175702971,0.762651820558,0.881834004381,1.),(0.,1.),
  .UNSPECIFIED.);
#4955 = CARTESIAN_POINT('',(0.129309608223,-4.082969989853E-02,
    4.00001E-02));
#4956 = CARTESIAN_POINT('',(0.129309608223,-4.082969989853E-02,
    3.00001E-02));
#4957 = CARTESIAN_POINT('',(0.127498295138,-4.080591881642E-02,
    4.00001E-02));
#4958 = CARTESIAN_POINT('',(0.127498295138,-4.080591881642E-02,
    3.00001E-02));
#4959 = CARTESIAN_POINT('',(0.123926858364,-4.075902872773E-02,
    4.00001E-02));
#4960 = CARTESIAN_POINT('',(0.123926858364,-4.075902872773E-02,
    3.00001E-02));
#4961 = CARTESIAN_POINT('',(0.118660076087,-4.02778324854E-02,
    4.00001E-02));
#4962 = CARTESIAN_POINT('',(0.118660076087,-4.02778324854E-02,
    3.00001E-02));
#4963 = CARTESIAN_POINT('',(0.11355854177,-3.955359958815E-02,
    4.00001E-02));
#4964 = CARTESIAN_POINT('',(0.11355854177,-3.955359958815E-02,
    3.00001E-02));
#4965 = CARTESIAN_POINT('',(0.108644429142,-3.848759237986E-02,
    4.00001E-02));
#4966 = CARTESIAN_POINT('',(0.108644429142,-3.848759237986E-02,
    3.00001E-02));
#4967 = CARTESIAN_POINT('',(0.103900890046,-3.715319195236E-02,
    4.00001E-02));
#4968 = CARTESIAN_POINT('',(0.103900890046,-3.715319195236E-02,
    3.00001E-02));
#4969 = CARTESIAN_POINT('',(9.935481709783E-02,-3.547708278625E-02,
    4.00001E-02));
#4970 = CARTESIAN_POINT('',(9.935481709783E-02,-3.547708278625E-02,
    3.00001E-02));
#4971 = CARTESIAN_POINT('',(9.49576333296E-02,-3.356261952827E-02,
    4.00001E-02));
#4972 = CARTESIAN_POINT('',(9.49576333296E-02,-3.356261952827E-02,
    3.00001E-02));
#4973 = CARTESIAN_POINT('',(9.218807664436E-02,-3.200267448865E-02,
    4.00001E-02));
#4974 = CARTESIAN_POINT('',(9.218807664436E-02,-3.200267448865E-02,
    3.00001E-02));
#4975 = CARTESIAN_POINT('',(9.080922712504E-02,-3.122604136195E-02,
    4.00001E-02));
#4976 = CARTESIAN_POINT('',(9.080922712504E-02,-3.122604136195E-02,
    3.00001E-02));
#4977 = ADVANCED_FACE('',(#4978),#4990,.T.);
#4978 = FACE_BOUND('',#4979,.T.);
#4979 = EDGE_LOOP('',(#4980,#4981,#4982,#4983,#4984,#4985,#4986,#4987,
    #4988,#4989));
#4980 = ORIENTED_EDGE('',*,*,#4457,.F.);
#4981 = ORIENTED_EDGE('',*,*,#4940,.F.);
#4982 = ORIENTED_EDGE('',*,*,#4867,.F.);
#4983 = ORIENTED_EDGE('',*,*,#4794,.F.);
#4984 = ORIENTED_EDGE('',*,*,#4745,.F.);
#4985 = ORIENTED_EDGE('',*,*,#4723,.F.);
#4986 = ORIENTED_EDGE('',*,*,#4674,.F.);
#4987 = ORIENTED_EDGE('',*,*,#4601,.F.);
#4988 = ORIENTED_EDGE('',*,*,#4528,.F.);
#4989 = ORIENTED_EDGE('',*,*,#4479,.F.);
#4990 = B_SPLINE_SURFACE_WITH_KNOTS('',1,1,(
    (#4991,#4992)
    ,(#4993,#4994
    )),.UNSPECIFIED.,.F.,.F.,.F.,(2,2),(2,2),(-2.080899966946E-03,
    0.151577636618),(-1.997820653836E-02,9.16071593153E-02),
  .PIECEWISE_BEZIER_KNOTS.);
#4991 = CARTESIAN_POINT('',(9.080922712504E-02,-5.729311453268E-02,
    4.000010000003E-02));
#4992 = CARTESIAN_POINT('',(0.202394592979,-5.729311453268E-02,
    4.00000999999E-02));
#4993 = CARTESIAN_POINT('',(9.080922712504E-02,9.636542205269E-02,
    4.000009999966E-02));
#4994 = CARTESIAN_POINT('',(0.202394592979,9.636542205269E-02,
    4.000009999954E-02));
#4995 = ADVANCED_FACE('',(#4996),#5018,.T.);
#4996 = FACE_BOUND('',#4997,.T.);
#4997 = EDGE_LOOP('',(#4998,#4999,#5006,#5013));
#4998 = ORIENTED_EDGE('',*,*,#1612,.F.);
#4999 = ORIENTED_EDGE('',*,*,#5000,.F.);
#5000 = EDGE_CURVE('',#5001,#1606,#5003,.T.);
#5001 = VERTEX_POINT('',#5002);
#5002 = CARTESIAN_POINT('',(0.215199471027,-3.900043160585E-02,
    4.00001E-02));
#5003 = B_SPLINE_CURVE_WITH_KNOTS('',1,(#5004,#5005),.UNSPECIFIED.,.F.,
  .F.,(2,2),(0.,1.E-02),.PIECEWISE_BEZIER_KNOTS.);
#5004 = CARTESIAN_POINT('',(0.215199471027,-3.900043160585E-02,
    4.00001E-02));
#5005 = CARTESIAN_POINT('',(0.215199471027,-3.900043160585E-02,
    3.00001E-02));
#5006 = ORIENTED_EDGE('',*,*,#5007,.T.);
#5007 = EDGE_CURVE('',#5001,#5008,#5010,.T.);
#5008 = VERTEX_POINT('',#5009);
#5009 = CARTESIAN_POINT('',(0.215199471027,-5.546384624E-02,4.00001E-02)
  );
#5010 = B_SPLINE_CURVE_WITH_KNOTS('',1,(#5011,#5012),.UNSPECIFIED.,.F.,
  .F.,(2,2),(0.,1.646341463415E-02),.PIECEWISE_BEZIER_KNOTS.);
#5011 = CARTESIAN_POINT('',(0.215199471027,-3.900043160585E-02,
    4.00001E-02));
#5012 = CARTESIAN_POINT('',(0.215199471027,-5.546384624E-02,4.00001E-02)
  );
#5013 = ORIENTED_EDGE('',*,*,#5014,.T.);
#5014 = EDGE_CURVE('',#5008,#1613,#5015,.T.);
#5015 = B_SPLINE_CURVE_WITH_KNOTS('',1,(#5016,#5017),.UNSPECIFIED.,.F.,
  .F.,(2,2),(0.,1.E-02),.PIECEWISE_BEZIER_KNOTS.);
#5016 = CARTESIAN_POINT('',(0.215199471027,-5.546384624E-02,4.00001E-02)
  );
#5017 = CARTESIAN_POINT('',(0.215199471027,-5.546384624E-02,3.00001E-02)
  );
#5018 = B_SPLINE_SURFACE_WITH_KNOTS('',1,1,(
    (#5019,#5020)
    ,(#5021,#5022)),.UNSPECIFIED.,.F.,.F.,.F.,(2,2),(2,2),(0.,1.E-02),(
    -1.646341463415E-02,1.31684474391E-18),.PIECEWISE_BEZIER_KNOTS.);
#5019 = CARTESIAN_POINT('',(0.215199471027,-5.546384624E-02,4.00001E-02)
  );
#5020 = CARTESIAN_POINT('',(0.215199471027,-3.900043160585E-02,
    4.00001E-02));
#5021 = CARTESIAN_POINT('',(0.215199471027,-5.546384624E-02,3.00001E-02)
  );
#5022 = CARTESIAN_POINT('',(0.215199471027,-3.900043160585E-02,
    3.00001E-02));
#5023 = ADVANCED_FACE('',(#5024),#5040,.T.);
#5024 = FACE_BOUND('',#5025,.T.);
#5025 = EDGE_LOOP('',(#5026,#5027,#5028,#5035));
#5026 = ORIENTED_EDGE('',*,*,#1619,.F.);
#5027 = ORIENTED_EDGE('',*,*,#5014,.F.);
#5028 = ORIENTED_EDGE('',*,*,#5029,.T.);
#5029 = EDGE_CURVE('',#5008,#5030,#5032,.T.);
#5030 = VERTEX_POINT('',#5031);
#5031 = CARTESIAN_POINT('',(0.29202873932,-5.546384624E-02,4.00001E-02)
  );
#5032 = B_SPLINE_CURVE_WITH_KNOTS('',1,(#5033,#5034),.UNSPECIFIED.,.F.,
  .F.,(2,2),(0.,7.682926829268E-02),.PIECEWISE_BEZIER_KNOTS.);
#5033 = CARTESIAN_POINT('',(0.215199471027,-5.546384624E-02,4.00001E-02)
  );
#5034 = CARTESIAN_POINT('',(0.29202873932,-5.546384624E-02,4.00001E-02)
  );
#5035 = ORIENTED_EDGE('',*,*,#5036,.T.);
#5036 = EDGE_CURVE('',#5030,#1620,#5037,.T.);
#5037 = B_SPLINE_CURVE_WITH_KNOTS('',1,(#5038,#5039),.UNSPECIFIED.,.F.,
  .F.,(2,2),(0.,1.E-02),.PIECEWISE_BEZIER_KNOTS.);
#5038 = CARTESIAN_POINT('',(0.29202873932,-5.546384624E-02,4.00001E-02)
  );
#5039 = CARTESIAN_POINT('',(0.29202873932,-5.546384624E-02,3.00001E-02)
  );
#5040 = B_SPLINE_SURFACE_WITH_KNOTS('',1,1,(
    (#5041,#5042)
    ,(#5043,#5044
    )),.UNSPECIFIED.,.F.,.F.,.F.,(2,2),(2,2),(-1.E-02,0.),(0.,
    7.682926829268E-02),.PIECEWISE_BEZIER_KNOTS.);
#5041 = CARTESIAN_POINT('',(0.215199471027,-5.546384624E-02,3.00001E-02)
  );
#5042 = CARTESIAN_POINT('',(0.29202873932,-5.546384624E-02,3.00001E-02)
  );
#5043 = CARTESIAN_POINT('',(0.215199471027,-5.546384624E-02,4.00001E-02)
  );
#5044 = CARTESIAN_POINT('',(0.29202873932,-5.546384624E-02,4.00001E-02)
  );
#5045 = ADVANCED_FACE('',(#5046),#5062,.T.);
#5046 = FACE_BOUND('',#5047,.T.);
#5047 = EDGE_LOOP('',(#5048,#5049,#5050,#5057));
#5048 = ORIENTED_EDGE('',*,*,#1626,.F.);
#5049 = ORIENTED_EDGE('',*,*,#5036,.F.);
#5050 = ORIENTED_EDGE('',*,*,#5051,.T.);
#5051 = EDGE_CURVE('',#5030,#5052,#5054,.T.);
#5052 = VERTEX_POINT('',#5053);
#5053 = CARTESIAN_POINT('',(0.29202873932,9.453615376E-02,4.00001E-02));
#5054 = B_SPLINE_CURVE_WITH_KNOTS('',1,(#5055,#5056),.UNSPECIFIED.,.F.,
  .F.,(2,2),(0.,0.15),.PIECEWISE_BEZIER_KNOTS.);
#5055 = CARTESIAN_POINT('',(0.29202873932,-5.546384624E-02,4.00001E-02)
  );
#5056 = CARTESIAN_POINT('',(0.29202873932,9.453615376E-02,4.00001E-02));
#5057 = ORIENTED_EDGE('',*,*,#5058,.T.);
#5058 = EDGE_CURVE('',#5052,#1627,#5059,.T.);
#5059 = B_SPLINE_CURVE_WITH_KNOTS('',1,(#5060,#5061),.UNSPECIFIED.,.F.,
  .F.,(2,2),(0.,1.E-02),.PIECEWISE_BEZIER_KNOTS.);
#5060 = CARTESIAN_POINT('',(0.29202873932,9.453615376E-02,4.00001E-02));
#5061 = CARTESIAN_POINT('',(0.29202873932,9.453615376E-02,3.00001E-02));
#5062 = B_SPLINE_SURFACE_WITH_KNOTS('',1,1,(
    (#5063,#5064)
    ,(#5065,#5066
    )),.UNSPECIFIED.,.F.,.F.,.F.,(2,2),(2,2),(-1.E-02,0.),(0.,0.15),
  .PIECEWISE_BEZIER_KNOTS.);
#5063 = CARTESIAN_POINT('',(0.29202873932,-5.546384624E-02,3.00001E-02)
  );
#5064 = CARTESIAN_POINT('',(0.29202873932,9.453615376E-02,3.00001E-02));
#5065 = CARTESIAN_POINT('',(0.29202873932,-5.546384624E-02,4.00001E-02)
  );
#5066 = CARTESIAN_POINT('',(0.29202873932,9.453615376E-02,4.00001E-02));
#5067 = ADVANCED_FACE('',(#5068),#5084,.T.);
#5068 = FACE_BOUND('',#5069,.T.);
#5069 = EDGE_LOOP('',(#5070,#5071,#5072,#5079));
#5070 = ORIENTED_EDGE('',*,*,#1633,.F.);
#5071 = ORIENTED_EDGE('',*,*,#5058,.F.);
#5072 = ORIENTED_EDGE('',*,*,#5073,.T.);
#5073 = EDGE_CURVE('',#5052,#5074,#5076,.T.);
#5074 = VERTEX_POINT('',#5075);
#5075 = CARTESIAN_POINT('',(0.271906788101,9.453615376E-02,4.00001E-02)
  );
#5076 = B_SPLINE_CURVE_WITH_KNOTS('',1,(#5077,#5078),.UNSPECIFIED.,.F.,
  .F.,(2,2),(0.,2.012195121951E-02),.PIECEWISE_BEZIER_KNOTS.);
#5077 = CARTESIAN_POINT('',(0.29202873932,9.453615376E-02,4.00001E-02));
#5078 = CARTESIAN_POINT('',(0.271906788101,9.453615376E-02,4.00001E-02)
  );
#5079 = ORIENTED_EDGE('',*,*,#5080,.T.);
#5080 = EDGE_CURVE('',#5074,#1634,#5081,.T.);
#5081 = B_SPLINE_CURVE_WITH_KNOTS('',1,(#5082,#5083),.UNSPECIFIED.,.F.,
  .F.,(2,2),(0.,1.E-02),.PIECEWISE_BEZIER_KNOTS.);
#5082 = CARTESIAN_POINT('',(0.271906788101,9.453615376E-02,4.00001E-02)
  );
#5083 = CARTESIAN_POINT('',(0.271906788101,9.453615376E-02,3.00001E-02)
  );
#5084 = B_SPLINE_SURFACE_WITH_KNOTS('',1,1,(
    (#5085,#5086)
    ,(#5087,#5088)),.UNSPECIFIED.,.F.,.F.,.F.,(2,2),(2,2),(0.,1.E-02),(
    -2.012195121951E-02,0.),.PIECEWISE_BEZIER_KNOTS.);
#5085 = CARTESIAN_POINT('',(0.271906788101,9.453615376E-02,4.00001E-02)
  );
#5086 = CARTESIAN_POINT('',(0.29202873932,9.453615376E-02,4.00001E-02));
#5087 = CARTESIAN_POINT('',(0.271906788101,9.453615376E-02,3.00001E-02)
  );
#5088 = CARTESIAN_POINT('',(0.29202873932,9.453615376E-02,3.00001E-02));
#5089 = ADVANCED_FACE('',(#5090),#5106,.T.);
#5090 = FACE_BOUND('',#5091,.T.);
#5091 = EDGE_LOOP('',(#5092,#5093,#5094,#5101));
#5092 = ORIENTED_EDGE('',*,*,#1640,.F.);
#5093 = ORIENTED_EDGE('',*,*,#5080,.F.);
#5094 = ORIENTED_EDGE('',*,*,#5095,.T.);
#5095 = EDGE_CURVE('',#5074,#5096,#5098,.T.);
#5096 = VERTEX_POINT('',#5097);
#5097 = CARTESIAN_POINT('',(0.271906788101,-3.900043160585E-02,
    4.00001E-02));
#5098 = B_SPLINE_CURVE_WITH_KNOTS('',1,(#5099,#5100),.UNSPECIFIED.,.F.,
  .F.,(2,2),(0.,0.133536585366),.PIECEWISE_BEZIER_KNOTS.);
#5099 = CARTESIAN_POINT('',(0.271906788101,9.453615376E-02,4.00001E-02)
  );
#5100 = CARTESIAN_POINT('',(0.271906788101,-3.900043160585E-02,
    4.00001E-02));
#5101 = ORIENTED_EDGE('',*,*,#5102,.T.);
#5102 = EDGE_CURVE('',#5096,#1604,#5103,.T.);
#5103 = B_SPLINE_CURVE_WITH_KNOTS('',1,(#5104,#5105),.UNSPECIFIED.,.F.,
  .F.,(2,2),(0.,1.E-02),.PIECEWISE_BEZIER_KNOTS.);
#5104 = CARTESIAN_POINT('',(0.271906788101,-3.900043160585E-02,
    4.00001E-02));
#5105 = CARTESIAN_POINT('',(0.271906788101,-3.900043160585E-02,
    3.00001E-02));
#5106 = B_SPLINE_SURFACE_WITH_KNOTS('',1,1,(
    (#5107,#5108)
    ,(#5109,#5110
    )),.UNSPECIFIED.,.F.,.F.,.F.,(2,2),(2,2),(0.,1.E-02),(
    -0.133536585366,1.31684474391E-18),.PIECEWISE_BEZIER_KNOTS.);
#5107 = CARTESIAN_POINT('',(0.271906788101,-3.900043160585E-02,
    4.00001E-02));
#5108 = CARTESIAN_POINT('',(0.271906788101,9.453615376E-02,4.00001E-02)
  );
#5109 = CARTESIAN_POINT('',(0.271906788101,-3.900043160585E-02,
    3.00001E-02));
#5110 = CARTESIAN_POINT('',(0.271906788101,9.453615376E-02,3.00001E-02)
  );
#5111 = ADVANCED_FACE('',(#5112),#5122,.T.);
#5112 = FACE_BOUND('',#5113,.T.);
#5113 = EDGE_LOOP('',(#5114,#5115,#5116,#5121));
#5114 = ORIENTED_EDGE('',*,*,#1603,.F.);
#5115 = ORIENTED_EDGE('',*,*,#5102,.F.);
#5116 = ORIENTED_EDGE('',*,*,#5117,.T.);
#5117 = EDGE_CURVE('',#5096,#5001,#5118,.T.);
#5118 = B_SPLINE_CURVE_WITH_KNOTS('',1,(#5119,#5120),.UNSPECIFIED.,.F.,
  .F.,(2,2),(0.,5.670731707317E-02),.PIECEWISE_BEZIER_KNOTS.);
#5119 = CARTESIAN_POINT('',(0.271906788101,-3.900043160585E-02,
    4.00001E-02));
#5120 = CARTESIAN_POINT('',(0.215199471027,-3.900043160585E-02,
    4.00001E-02));
#5121 = ORIENTED_EDGE('',*,*,#5000,.T.);
#5122 = B_SPLINE_SURFACE_WITH_KNOTS('',1,1,(
    (#5123,#5124)
    ,(#5125,#5126)),.UNSPECIFIED.,.F.,.F.,.F.,(2,2),(2,2),(0.,1.E-02),(
    -5.670731707317E-02,0.),.PIECEWISE_BEZIER_KNOTS.);
#5123 = CARTESIAN_POINT('',(0.215199471027,-3.900043160585E-02,
    4.00001E-02));
#5124 = CARTESIAN_POINT('',(0.271906788101,-3.900043160585E-02,
    4.00001E-02));
#5125 = CARTESIAN_POINT('',(0.215199471027,-3.900043160585E-02,
    3.00001E-02));
#5126 = CARTESIAN_POINT('',(0.271906788101,-3.900043160585E-02,
    3.00001E-02));
#5127 = ADVANCED_FACE('',(#5128),#5136,.F.);
#5128 = FACE_BOUND('',#5129,.T.);
#5129 = EDGE_LOOP('',(#5130,#5131,#5132,#5133,#5134,#5135));
#5130 = ORIENTED_EDGE('',*,*,#5007,.F.);
#5131 = ORIENTED_EDGE('',*,*,#5117,.F.);
#5132 = ORIENTED_EDGE('',*,*,#5095,.F.);
#5133 = ORIENTED_EDGE('',*,*,#5073,.F.);
#5134 = ORIENTED_EDGE('',*,*,#5051,.F.);
#5135 = ORIENTED_EDGE('',*,*,#5029,.F.);
#5136 = B_SPLINE_SURFACE_WITH_KNOTS('',1,1,(
    (#5137,#5138)
    ,(#5139,#5140
    )),.UNSPECIFIED.,.F.,.F.,.F.,(2,2),(2,2),(0.215199471027,
    0.29202873932),(-5.546384624E-02,9.453615376E-02),
  .PIECEWISE_BEZIER_KNOTS.);
#5137 = CARTESIAN_POINT('',(0.215199471027,-5.546384624E-02,4.00001E-02)
  );
#5138 = CARTESIAN_POINT('',(0.215199471027,9.453615376E-02,4.00001E-02)
  );
#5139 = CARTESIAN_POINT('',(0.29202873932,-5.546384624E-02,4.00001E-02)
  );
#5140 = CARTESIAN_POINT('',(0.29202873932,9.453615376E-02,4.00001E-02));
#5141 = ADVANCED_FACE('',(#5142),#5150,.T.);
#5142 = FACE_BOUND('',#5143,.T.);
#5143 = EDGE_LOOP('',(#5144,#5145,#5146,#5147,#5148,#5149));
#5144 = ORIENTED_EDGE('',*,*,#3523,.T.);
#5145 = ORIENTED_EDGE('',*,*,#3495,.T.);
#5146 = ORIENTED_EDGE('',*,*,#3641,.T.);
#5147 = ORIENTED_EDGE('',*,*,#3604,.T.);
#5148 = ORIENTED_EDGE('',*,*,#3582,.T.);
#5149 = ORIENTED_EDGE('',*,*,#3545,.T.);
#5150 = B_SPLINE_SURFACE_WITH_KNOTS('',1,1,(
    (#5151,#5152)
    ,(#5153,#5154
    )),.UNSPECIFIED.,.F.,.F.,.F.,(2,2),(2,2),(-2.466927260874,
    -2.393756529167),(2.328585522857,2.37874748932),
  .PIECEWISE_BEZIER_KNOTS.);
#5151 = CARTESIAN_POINT('',(-0.271414477143,3.072739125858E-03,
    3.00001E-02));
#5152 = CARTESIAN_POINT('',(-0.22125251068,3.072739125858E-03,
    3.00001E-02));
#5153 = CARTESIAN_POINT('',(-0.271414477143,7.624347083317E-02,
    3.00001E-02));
#5154 = CARTESIAN_POINT('',(-0.22125251068,7.624347083317E-02,
    3.00001E-02));
#5155 = ADVANCED_FACE('',(#5156),#5163,.T.);
#5156 = FACE_BOUND('',#5157,.T.);
#5157 = EDGE_LOOP('',(#5158,#5159,#5160,#5161,#5162));
#5158 = ORIENTED_EDGE('',*,*,#3981,.T.);
#5159 = ORIENTED_EDGE('',*,*,#3953,.T.);
#5160 = ORIENTED_EDGE('',*,*,#4149,.T.);
#5161 = ORIENTED_EDGE('',*,*,#4127,.T.);
#5162 = ORIENTED_EDGE('',*,*,#4054,.T.);
#5163 = B_SPLINE_SURFACE_WITH_KNOTS('',1,1,(
    (#5164,#5165)
    ,(#5166,#5167
    )),.UNSPECIFIED.,.F.,.F.,.F.,(2,2),(2,2),(-2.509000431606,
    -2.391927260874),(2.451175080784,2.531662885662),
  .PIECEWISE_BEZIER_KNOTS.);
#5164 = CARTESIAN_POINT('',(-0.148824919216,-3.900043160585E-02,
    3.00001E-02));
#5165 = CARTESIAN_POINT('',(-6.833711433838E-02,-3.900043160585E-02,
    3.00001E-02));
#5166 = CARTESIAN_POINT('',(-0.148824919216,7.807273912586E-02,
    3.00001E-02));
#5167 = CARTESIAN_POINT('',(-6.833711433838E-02,7.807273912586E-02,
    3.00001E-02));
#5168 = ADVANCED_FACE('',(#5169),#5182,.T.);
#5169 = FACE_BOUND('',#5170,.T.);
#5170 = EDGE_LOOP('',(#5171,#5172,#5173,#5179,#5180,#5181));
#5171 = ORIENTED_EDGE('',*,*,#2330,.F.);
#5172 = ORIENTED_EDGE('',*,*,#2470,.F.);
#5173 = ORIENTED_EDGE('',*,*,#5174,.F.);
#5174 = EDGE_CURVE('',#2490,#2464,#5175,.T.);
#5175 = ( BOUNDED_CURVE() B_SPLINE_CURVE(2,(#5176,#5177,#5178),
.UNSPECIFIED.,.F.,.F.) B_SPLINE_CURVE_WITH_KNOTS((3,3),(0.,
1.570796326795),.PIECEWISE_BEZIER_KNOTS.) CURVE() 
GEOMETRIC_REPRESENTATION_ITEM() RATIONAL_B_SPLINE_CURVE((1.,
0.707106781187,1.)) REPRESENTATION_ITEM('') );
#5176 = CARTESIAN_POINT('',(-2.7,2.4,3.0000001));
#5177 = CARTESIAN_POINT('',(-2.7,2.5,3.0000001));
#5178 = CARTESIAN_POINT('',(-2.7,2.5,2.9000001));
#5179 = ORIENTED_EDGE('',*,*,#2512,.F.);
#5180 = ORIENTED_EDGE('',*,*,#3154,.F.);
#5181 = ORIENTED_EDGE('',*,*,#2678,.F.);
#5182 = ( BOUNDED_SURFACE() B_SPLINE_SURFACE(2,1,(
    (#5183,#5184)
    ,(#5185,#5186)
    ,(#5187,#5188
)),.UNSPECIFIED.,.F.,.F.,.F.) B_SPLINE_SURFACE_WITH_KNOTS((3,3),(2,2),(
    0.,1.570796326795),(8.706104538155E-02,0.5),
.PIECEWISE_BEZIER_KNOTS.) GEOMETRIC_REPRESENTATION_ITEM() 
RATIONAL_B_SPLINE_SURFACE((
    (1.,1.)
    ,(0.707106781187,0.707106781187)
,(1.,1.))) REPRESENTATION_ITEM('') SURFACE() );
#5183 = CARTESIAN_POINT('',(-2.287061045382,2.4,3.0000001));
#5184 = CARTESIAN_POINT('',(-2.7,2.4,3.0000001));
#5185 = CARTESIAN_POINT('',(-2.287061045382,2.5,3.0000001));
#5186 = CARTESIAN_POINT('',(-2.7,2.5,3.0000001));
#5187 = CARTESIAN_POINT('',(-2.287061045382,2.5,2.9000001));
#5188 = CARTESIAN_POINT('',(-2.7,2.5,2.9000001));
#5189 = ADVANCED_FACE('',(#5190),#5203,.T.);
#5190 = FACE_BOUND('',#5191,.T.);
#5191 = EDGE_LOOP('',(#5192,#5193,#5194,#5200,#5201,#5202));
#5192 = ORIENTED_EDGE('',*,*,#2572,.F.);
#5193 = ORIENTED_EDGE('',*,*,#2448,.F.);
#5194 = ORIENTED_EDGE('',*,*,#5195,.F.);
#5195 = EDGE_CURVE('',#2462,#2442,#5196,.T.);
#5196 = ( BOUNDED_CURVE() B_SPLINE_CURVE(2,(#5197,#5198,#5199),
.UNSPECIFIED.,.F.,.F.) B_SPLINE_CURVE_WITH_KNOTS((3,3),(1.570796326795,
3.14159265359),.PIECEWISE_BEZIER_KNOTS.) CURVE() 
GEOMETRIC_REPRESENTATION_ITEM() RATIONAL_B_SPLINE_CURVE((1.,
0.707106781187,1.)) REPRESENTATION_ITEM('') );
#5197 = CARTESIAN_POINT('',(-2.7,2.5,0.1000001));
#5198 = CARTESIAN_POINT('',(-2.7,2.5,1.000000000584E-07));
#5199 = CARTESIAN_POINT('',(-2.7,2.4,1.000000000584E-07));
#5200 = ORIENTED_EDGE('',*,*,#2476,.F.);
#5201 = ORIENTED_EDGE('',*,*,#2401,.F.);
#5202 = ORIENTED_EDGE('',*,*,#2270,.F.);
#5203 = ( BOUNDED_SURFACE() B_SPLINE_SURFACE(2,1,(
    (#5204,#5205)
    ,(#5206,#5207)
    ,(#5208,#5209
)),.UNSPECIFIED.,.F.,.F.,.F.) B_SPLINE_SURFACE_WITH_KNOTS((3,3),(2,2),(
    1.570796326795,3.14159265359),(8.706104538155E-02,0.5),
.PIECEWISE_BEZIER_KNOTS.) GEOMETRIC_REPRESENTATION_ITEM() 
RATIONAL_B_SPLINE_SURFACE((
    (1.,1.)
    ,(0.707106781187,0.707106781187)
,(1.,1.))) REPRESENTATION_ITEM('') SURFACE() );
#5204 = CARTESIAN_POINT('',(-2.287061045382,2.5,0.1000001));
#5205 = CARTESIAN_POINT('',(-2.7,2.5,0.1000001));
#5206 = CARTESIAN_POINT('',(-2.287061045382,2.5,1.000000000584E-07));
#5207 = CARTESIAN_POINT('',(-2.7,2.5,1.000000000584E-07));
#5208 = CARTESIAN_POINT('',(-2.287061045382,2.4,1.000000000584E-07));
#5209 = CARTESIAN_POINT('',(-2.7,2.4,1.000000000584E-07));
#5210 = ADVANCED_FACE('',(#5211),#5227,.T.);
#5211 = FACE_BOUND('',#5212,.T.);
#5212 = EDGE_LOOP('',(#5213,#5219,#5220,#5226));
#5213 = ORIENTED_EDGE('',*,*,#5214,.F.);
#5214 = EDGE_CURVE('',#2464,#3121,#5215,.T.);
#5215 = ( BOUNDED_CURVE() B_SPLINE_CURVE(2,(#5216,#5217,#5218),
.UNSPECIFIED.,.F.,.F.) B_SPLINE_CURVE_WITH_KNOTS((3,3),(1.570796326795,
3.14159265359),.PIECEWISE_BEZIER_KNOTS.) CURVE() 
GEOMETRIC_REPRESENTATION_ITEM() RATIONAL_B_SPLINE_CURVE((1.,
0.707106781187,1.)) REPRESENTATION_ITEM('') );
#5216 = CARTESIAN_POINT('',(-2.7,2.5,2.9000001));
#5217 = CARTESIAN_POINT('',(-2.8,2.5,2.9000001));
#5218 = CARTESIAN_POINT('',(-2.8,2.4,2.9000001));
#5219 = ORIENTED_EDGE('',*,*,#2461,.F.);
#5220 = ORIENTED_EDGE('',*,*,#5221,.F.);
#5221 = EDGE_CURVE('',#3105,#2462,#5222,.T.);
#5222 = ( BOUNDED_CURVE() B_SPLINE_CURVE(2,(#5223,#5224,#5225),
.UNSPECIFIED.,.F.,.F.) B_SPLINE_CURVE_WITH_KNOTS((3,3),(0.,
1.570796326795),.PIECEWISE_BEZIER_KNOTS.) CURVE() 
GEOMETRIC_REPRESENTATION_ITEM() RATIONAL_B_SPLINE_CURVE((1.,
0.707106781187,1.)) REPRESENTATION_ITEM('') );
#5223 = CARTESIAN_POINT('',(-2.8,2.4,0.1000001));
#5224 = CARTESIAN_POINT('',(-2.8,2.5,0.1000001));
#5225 = CARTESIAN_POINT('',(-2.7,2.5,0.1000001));
#5226 = ORIENTED_EDGE('',*,*,#3127,.F.);
#5227 = ( BOUNDED_SURFACE() B_SPLINE_SURFACE(2,1,(
    (#5228,#5229)
    ,(#5230,#5231)
    ,(#5232,#5233
)),.UNSPECIFIED.,.F.,.F.,.F.) B_SPLINE_SURFACE_WITH_KNOTS((3,3),(2,2),(
    1.570796326795,3.14159265359),(1.E-01,2.9),
.PIECEWISE_BEZIER_KNOTS.) GEOMETRIC_REPRESENTATION_ITEM() 
RATIONAL_B_SPLINE_SURFACE((
    (1.,1.)
    ,(0.707106781187,0.707106781187)
,(1.,1.))) REPRESENTATION_ITEM('') SURFACE() );
#5228 = CARTESIAN_POINT('',(-2.7,2.5,0.1000001));
#5229 = CARTESIAN_POINT('',(-2.7,2.5,2.9000001));
#5230 = CARTESIAN_POINT('',(-2.8,2.5,0.1000001));
#5231 = CARTESIAN_POINT('',(-2.8,2.5,2.9000001));
#5232 = CARTESIAN_POINT('',(-2.8,2.4,0.1000001));
#5233 = CARTESIAN_POINT('',(-2.8,2.4,2.9000001));
#5234 = ADVANCED_FACE('',(#5235),#5245,.T.);
#5235 = FACE_BOUND('',#5236,.T.);
#5236 = EDGE_LOOP('',(#5237,#5238,#5239));
#5237 = ORIENTED_EDGE('',*,*,#5174,.T.);
#5238 = ORIENTED_EDGE('',*,*,#5214,.T.);
#5239 = ORIENTED_EDGE('',*,*,#5240,.F.);
#5240 = EDGE_CURVE('',#2490,#3121,#5241,.T.);
#5241 = ( BOUNDED_CURVE() B_SPLINE_CURVE(2,(#5242,#5243,#5244),
.UNSPECIFIED.,.F.,.F.) B_SPLINE_CURVE_WITH_KNOTS((3,3),(0.,
1.570796326795),.PIECEWISE_BEZIER_KNOTS.) CURVE() 
GEOMETRIC_REPRESENTATION_ITEM() RATIONAL_B_SPLINE_CURVE((1.,
0.707106781187,1.)) REPRESENTATION_ITEM('') );
#5242 = CARTESIAN_POINT('',(-2.7,2.4,3.0000001));
#5243 = CARTESIAN_POINT('',(-2.8,2.4,3.0000001));
#5244 = CARTESIAN_POINT('',(-2.8,2.4,2.9000001));
#5245 = ( BOUNDED_SURFACE() B_SPLINE_SURFACE(2,2,(
    (#5246,#5247,#5248)
    ,(#5249,#5250,#5251)
    ,(#5252,#5253,#5254
)),.UNSPECIFIED.,.F.,.F.,.F.) B_SPLINE_SURFACE_WITH_KNOTS((3,3),(3,3),(
    3.14159265359,4.712388980385),(0.,1.570796326795),
.PIECEWISE_BEZIER_KNOTS.) GEOMETRIC_REPRESENTATION_ITEM() 
RATIONAL_B_SPLINE_SURFACE((
    (1.,0.707106781187,1.)
    ,(0.707106781187,0.5,0.707106781187)
,(1.,0.707106781187,1.))) REPRESENTATION_ITEM('') SURFACE() );
#5246 = CARTESIAN_POINT('',(-2.8,2.4,2.9000001));
#5247 = CARTESIAN_POINT('',(-2.8,2.5,2.9000001));
#5248 = CARTESIAN_POINT('',(-2.7,2.5,2.9000001));
#5249 = CARTESIAN_POINT('',(-2.8,2.4,3.0000001));
#5250 = CARTESIAN_POINT('',(-2.8,2.5,3.0000001));
#5251 = CARTESIAN_POINT('',(-2.7,2.5,2.9000001));
#5252 = CARTESIAN_POINT('',(-2.7,2.4,3.0000001));
#5253 = CARTESIAN_POINT('',(-2.7,2.5,3.0000001));
#5254 = CARTESIAN_POINT('',(-2.7,2.5,2.9000001));
#5255 = ADVANCED_FACE('',(#5256),#5266,.T.);
#5256 = FACE_BOUND('',#5257,.T.);
#5257 = EDGE_LOOP('',(#5258,#5259,#5260));
#5258 = ORIENTED_EDGE('',*,*,#5221,.T.);
#5259 = ORIENTED_EDGE('',*,*,#5195,.T.);
#5260 = ORIENTED_EDGE('',*,*,#5261,.F.);
#5261 = EDGE_CURVE('',#3105,#2442,#5262,.T.);
#5262 = ( BOUNDED_CURVE() B_SPLINE_CURVE(2,(#5263,#5264,#5265),
.UNSPECIFIED.,.F.,.F.) B_SPLINE_CURVE_WITH_KNOTS((3,3),(1.570796326795,
3.14159265359),.PIECEWISE_BEZIER_KNOTS.) CURVE() 
GEOMETRIC_REPRESENTATION_ITEM() RATIONAL_B_SPLINE_CURVE((1.,
0.707106781187,1.)) REPRESENTATION_ITEM('') );
#5263 = CARTESIAN_POINT('',(-2.8,2.4,0.1000001));
#5264 = CARTESIAN_POINT('',(-2.8,2.4,1.000000000584E-07));
#5265 = CARTESIAN_POINT('',(-2.7,2.4,1.000000000584E-07));
#5266 = ( BOUNDED_SURFACE() B_SPLINE_SURFACE(2,2,(
    (#5267,#5268,#5269)
    ,(#5270,#5271,#5272)
    ,(#5273,#5274,#5275)
    ,(#5276,#5277,#5278)
    ,(#5279,#5280,#5281
)),.UNSPECIFIED.,.F.,.F.,.F.) B_SPLINE_SURFACE_WITH_KNOTS((3,2,3),(3,3),
  (0.,1.570796326795,3.14159265359),(0.,1.570796326795),
.PIECEWISE_BEZIER_KNOTS.) GEOMETRIC_REPRESENTATION_ITEM() 
RATIONAL_B_SPLINE_SURFACE((
    (1.,0.707106781187,1.)
    ,(0.707106781187,0.5,0.707106781187)
    ,(1.,0.707106781187,1.)
    ,(0.707106781187,0.5,0.707106781187)
,(1.,0.707106781187,1.))) REPRESENTATION_ITEM('') SURFACE() );
#5267 = CARTESIAN_POINT('',(-2.6,2.4,0.1000001));
#5268 = CARTESIAN_POINT('',(-2.6,2.5,0.1000001));
#5269 = CARTESIAN_POINT('',(-2.7,2.5,0.1000001));
#5270 = CARTESIAN_POINT('',(-2.6,2.4,1.000000000584E-07));
#5271 = CARTESIAN_POINT('',(-2.6,2.5,1.000000000584E-07));
#5272 = CARTESIAN_POINT('',(-2.7,2.5,0.1000001));
#5273 = CARTESIAN_POINT('',(-2.7,2.4,1.000000000584E-07));
#5274 = CARTESIAN_POINT('',(-2.7,2.5,1.000000000584E-07));
#5275 = CARTESIAN_POINT('',(-2.7,2.5,0.1000001));
#5276 = CARTESIAN_POINT('',(-2.8,2.4,1.000000002804E-07));
#5277 = CARTESIAN_POINT('',(-2.8,2.5,1.000000002804E-07));
#5278 = CARTESIAN_POINT('',(-2.7,2.5,0.1000001));
#5279 = CARTESIAN_POINT('',(-2.8,2.4,0.1000001));
#5280 = CARTESIAN_POINT('',(-2.8,2.5,0.1000001));
#5281 = CARTESIAN_POINT('',(-2.7,2.5,0.1000001));
#5282 = ADVANCED_FACE('',(#5283),#5294,.T.);
#5283 = FACE_BOUND('',#5284,.T.);
#5284 = EDGE_LOOP('',(#5285,#5286,#5287,#5293));
#5285 = ORIENTED_EDGE('',*,*,#5240,.T.);
#5286 = ORIENTED_EDGE('',*,*,#3120,.F.);
#5287 = ORIENTED_EDGE('',*,*,#5288,.F.);
#5288 = EDGE_CURVE('',#2492,#3114,#5289,.T.);
#5289 = ( BOUNDED_CURVE() B_SPLINE_CURVE(2,(#5290,#5291,#5292),
.UNSPECIFIED.,.F.,.F.) B_SPLINE_CURVE_WITH_KNOTS((3,3),(3.14159265359,
4.712388980385),.PIECEWISE_BEZIER_KNOTS.) CURVE() 
GEOMETRIC_REPRESENTATION_ITEM() RATIONAL_B_SPLINE_CURVE((1.,
0.707106781187,1.)) REPRESENTATION_ITEM('') );
#5290 = CARTESIAN_POINT('',(-2.7,-2.4,3.0000001));
#5291 = CARTESIAN_POINT('',(-2.8,-2.4,3.0000001));
#5292 = CARTESIAN_POINT('',(-2.8,-2.4,2.9000001));
#5293 = ORIENTED_EDGE('',*,*,#2489,.F.);
#5294 = ( BOUNDED_SURFACE() B_SPLINE_SURFACE(2,1,(
    (#5295,#5296)
    ,(#5297,#5298)
    ,(#5299,#5300
)),.UNSPECIFIED.,.F.,.F.,.F.) B_SPLINE_SURFACE_WITH_KNOTS((3,3),(2,2),(
    3.14159265359,4.712388980385),(1.E-01,4.9),
.PIECEWISE_BEZIER_KNOTS.) GEOMETRIC_REPRESENTATION_ITEM() 
RATIONAL_B_SPLINE_SURFACE((
    (1.,1.)
    ,(0.707106781187,0.707106781187)
,(1.,1.))) REPRESENTATION_ITEM('') SURFACE() );
#5295 = CARTESIAN_POINT('',(-2.7,2.4,3.0000001));
#5296 = CARTESIAN_POINT('',(-2.7,-2.4,3.0000001));
#5297 = CARTESIAN_POINT('',(-2.8,2.4,3.0000001));
#5298 = CARTESIAN_POINT('',(-2.8,-2.4,3.0000001));
#5299 = CARTESIAN_POINT('',(-2.8,2.4,2.9000001));
#5300 = CARTESIAN_POINT('',(-2.8,-2.4,2.9000001));
#5301 = ADVANCED_FACE('',(#5302),#5315,.T.);
#5302 = FACE_BOUND('',#5303,.T.);
#5303 = EDGE_LOOP('',(#5304,#5305,#5306,#5312,#5313,#5314));
#5304 = ORIENTED_EDGE('',*,*,#46,.F.);
#5305 = ORIENTED_EDGE('',*,*,#2498,.F.);
#5306 = ORIENTED_EDGE('',*,*,#5307,.F.);
#5307 = EDGE_CURVE('',#2294,#2492,#5308,.T.);
#5308 = ( BOUNDED_CURVE() B_SPLINE_CURVE(2,(#5309,#5310,#5311),
.UNSPECIFIED.,.F.,.F.) B_SPLINE_CURVE_WITH_KNOTS((3,3),(4.712388980385,
6.28318530718),.PIECEWISE_BEZIER_KNOTS.) CURVE() 
GEOMETRIC_REPRESENTATION_ITEM() RATIONAL_B_SPLINE_CURVE((1.,
0.707106781187,1.)) REPRESENTATION_ITEM('') );
#5309 = CARTESIAN_POINT('',(-2.7,-2.5,2.9000001));
#5310 = CARTESIAN_POINT('',(-2.7,-2.5,3.0000001));
#5311 = CARTESIAN_POINT('',(-2.7,-2.4,3.0000001));
#5312 = ORIENTED_EDGE('',*,*,#2293,.F.);
#5313 = ORIENTED_EDGE('',*,*,#3179,.F.);
#5314 = ORIENTED_EDGE('',*,*,#2240,.F.);
#5315 = ( BOUNDED_SURFACE() B_SPLINE_SURFACE(2,1,(
    (#5316,#5317)
    ,(#5318,#5319)
    ,(#5320,#5321
)),.UNSPECIFIED.,.F.,.F.,.F.) B_SPLINE_SURFACE_WITH_KNOTS((3,3),(2,2),(
    4.712388980385,6.28318530718),(8.706104538155E-02,0.5),
.PIECEWISE_BEZIER_KNOTS.) GEOMETRIC_REPRESENTATION_ITEM() 
RATIONAL_B_SPLINE_SURFACE((
    (1.,1.)
    ,(0.707106781187,0.707106781187)
,(1.,1.))) REPRESENTATION_ITEM('') SURFACE() );
#5316 = CARTESIAN_POINT('',(-2.287061045382,-2.5,2.9000001));
#5317 = CARTESIAN_POINT('',(-2.7,-2.5,2.9000001));
#5318 = CARTESIAN_POINT('',(-2.287061045382,-2.5,3.0000001));
#5319 = CARTESIAN_POINT('',(-2.7,-2.5,3.0000001));
#5320 = CARTESIAN_POINT('',(-2.287061045382,-2.4,3.0000001));
#5321 = CARTESIAN_POINT('',(-2.7,-2.4,3.0000001));
#5322 = ADVANCED_FACE('',(#5323),#5336,.T.);
#5323 = FACE_BOUND('',#5324,.T.);
#5324 = EDGE_LOOP('',(#5325,#5326,#5327,#5333,#5334,#5335));
#5325 = ORIENTED_EDGE('',*,*,#3193,.F.);
#5326 = ORIENTED_EDGE('',*,*,#2307,.F.);
#5327 = ORIENTED_EDGE('',*,*,#5328,.F.);
#5328 = EDGE_CURVE('',#2435,#2301,#5329,.T.);
#5329 = ( BOUNDED_CURVE() B_SPLINE_CURVE(2,(#5330,#5331,#5332),
.UNSPECIFIED.,.F.,.F.) B_SPLINE_CURVE_WITH_KNOTS((3,3),(3.14159265359,
4.712388980385),.PIECEWISE_BEZIER_KNOTS.) CURVE() 
GEOMETRIC_REPRESENTATION_ITEM() RATIONAL_B_SPLINE_CURVE((1.,
0.707106781187,1.)) REPRESENTATION_ITEM('') );
#5330 = CARTESIAN_POINT('',(-2.7,-2.4,1.000000000584E-07));
#5331 = CARTESIAN_POINT('',(-2.7,-2.5,1.000000000584E-07));
#5332 = CARTESIAN_POINT('',(-2.7,-2.5,0.1000001));
#5333 = ORIENTED_EDGE('',*,*,#2434,.F.);
#5334 = ORIENTED_EDGE('',*,*,#2558,.F.);
#5335 = ORIENTED_EDGE('',*,*,#2092,.F.);
#5336 = ( BOUNDED_SURFACE() B_SPLINE_SURFACE(2,1,(
    (#5337,#5338)
    ,(#5339,#5340)
    ,(#5341,#5342
)),.UNSPECIFIED.,.F.,.F.,.F.) B_SPLINE_SURFACE_WITH_KNOTS((3,3),(2,2),(
    3.14159265359,4.712388980385),(8.706104538155E-02,0.5),
.PIECEWISE_BEZIER_KNOTS.) GEOMETRIC_REPRESENTATION_ITEM() 
RATIONAL_B_SPLINE_SURFACE((
    (1.,1.)
    ,(0.707106781187,0.707106781187)
,(1.,1.))) REPRESENTATION_ITEM('') SURFACE() );
#5337 = CARTESIAN_POINT('',(-2.287061045382,-2.4,1.000000000584E-07));
#5338 = CARTESIAN_POINT('',(-2.7,-2.4,1.000000000584E-07));
#5339 = CARTESIAN_POINT('',(-2.287061045382,-2.5,1.000000000584E-07));
#5340 = CARTESIAN_POINT('',(-2.7,-2.5,1.000000000584E-07));
#5341 = CARTESIAN_POINT('',(-2.287061045382,-2.5,0.1000001));
#5342 = CARTESIAN_POINT('',(-2.7,-2.5,0.1000001));
#5343 = ADVANCED_FACE('',(#5344),#5355,.T.);
#5344 = FACE_BOUND('',#5345,.T.);
#5345 = EDGE_LOOP('',(#5346,#5347,#5348,#5354));
#5346 = ORIENTED_EDGE('',*,*,#5261,.T.);
#5347 = ORIENTED_EDGE('',*,*,#2441,.F.);
#5348 = ORIENTED_EDGE('',*,*,#5349,.F.);
#5349 = EDGE_CURVE('',#3107,#2435,#5350,.T.);
#5350 = ( BOUNDED_CURVE() B_SPLINE_CURVE(2,(#5351,#5352,#5353),
.UNSPECIFIED.,.F.,.F.) B_SPLINE_CURVE_WITH_KNOTS((3,3),(4.712388980385,
6.28318530718),.PIECEWISE_BEZIER_KNOTS.) CURVE() 
GEOMETRIC_REPRESENTATION_ITEM() RATIONAL_B_SPLINE_CURVE((1.,
0.707106781187,1.)) REPRESENTATION_ITEM('') );
#5351 = CARTESIAN_POINT('',(-2.8,-2.4,0.1000001));
#5352 = CARTESIAN_POINT('',(-2.8,-2.4,1.000000000584E-07));
#5353 = CARTESIAN_POINT('',(-2.7,-2.4,1.000000000584E-07));
#5354 = ORIENTED_EDGE('',*,*,#3104,.F.);
#5355 = ( BOUNDED_SURFACE() B_SPLINE_SURFACE(2,1,(
    (#5356,#5357)
    ,(#5358,#5359)
    ,(#5360,#5361
)),.UNSPECIFIED.,.F.,.F.,.F.) B_SPLINE_SURFACE_WITH_KNOTS((3,3),(2,2),(
    3.14159265359,4.712388980385),(-4.9,-1.E-01),
.PIECEWISE_BEZIER_KNOTS.) GEOMETRIC_REPRESENTATION_ITEM() 
RATIONAL_B_SPLINE_SURFACE((
    (1.,1.)
    ,(0.707106781187,0.707106781187)
,(1.,1.))) REPRESENTATION_ITEM('') SURFACE() );
#5356 = CARTESIAN_POINT('',(-2.7,-2.4,1.000000000584E-07));
#5357 = CARTESIAN_POINT('',(-2.7,2.4,1.000000000584E-07));
#5358 = CARTESIAN_POINT('',(-2.8,-2.4,1.000000000584E-07));
#5359 = CARTESIAN_POINT('',(-2.8,2.4,1.000000000584E-07));
#5360 = CARTESIAN_POINT('',(-2.8,-2.4,0.1000001));
#5361 = CARTESIAN_POINT('',(-2.8,2.4,0.1000001));
#5362 = ADVANCED_FACE('',(#5363),#5373,.T.);
#5363 = FACE_BOUND('',#5364,.T.);
#5364 = EDGE_LOOP('',(#5365,#5366,#5367));
#5365 = ORIENTED_EDGE('',*,*,#5307,.T.);
#5366 = ORIENTED_EDGE('',*,*,#5288,.T.);
#5367 = ORIENTED_EDGE('',*,*,#5368,.F.);
#5368 = EDGE_CURVE('',#2294,#3114,#5369,.T.);
#5369 = ( BOUNDED_CURVE() B_SPLINE_CURVE(2,(#5370,#5371,#5372),
.UNSPECIFIED.,.F.,.F.) B_SPLINE_CURVE_WITH_KNOTS((3,3),(1.570796326795,
3.14159265359),.PIECEWISE_BEZIER_KNOTS.) CURVE() 
GEOMETRIC_REPRESENTATION_ITEM() RATIONAL_B_SPLINE_CURVE((1.,
0.707106781187,1.)) REPRESENTATION_ITEM('') );
#5370 = CARTESIAN_POINT('',(-2.7,-2.5,2.9000001));
#5371 = CARTESIAN_POINT('',(-2.8,-2.5,2.9000001));
#5372 = CARTESIAN_POINT('',(-2.8,-2.4,2.9000001));
#5373 = ( BOUNDED_SURFACE() B_SPLINE_SURFACE(2,2,(
    (#5374,#5375,#5376)
    ,(#5377,#5378,#5379)
    ,(#5380,#5381,#5382
)),.UNSPECIFIED.,.F.,.F.,.F.) B_SPLINE_SURFACE_WITH_KNOTS((3,3),(3,3),(
    3.14159265359,4.712388980385),(-1.570796326795,0.),
.PIECEWISE_BEZIER_KNOTS.) GEOMETRIC_REPRESENTATION_ITEM() 
RATIONAL_B_SPLINE_SURFACE((
    (1.,0.707106781187,1.)
    ,(0.707106781187,0.5,0.707106781187)
,(1.,0.707106781187,1.))) REPRESENTATION_ITEM('') SURFACE() );
#5374 = CARTESIAN_POINT('',(-2.7,-2.5,2.9000001));
#5375 = CARTESIAN_POINT('',(-2.8,-2.5,2.9000001));
#5376 = CARTESIAN_POINT('',(-2.8,-2.4,2.9000001));
#5377 = CARTESIAN_POINT('',(-2.7,-2.5,2.9000001));
#5378 = CARTESIAN_POINT('',(-2.8,-2.5,3.0000001));
#5379 = CARTESIAN_POINT('',(-2.8,-2.4,3.0000001));
#5380 = CARTESIAN_POINT('',(-2.7,-2.5,2.9000001));
#5381 = CARTESIAN_POINT('',(-2.7,-2.5,3.0000001));
#5382 = CARTESIAN_POINT('',(-2.7,-2.4,3.0000001));
#5383 = ADVANCED_FACE('',(#5384),#5394,.T.);
#5384 = FACE_BOUND('',#5385,.T.);
#5385 = EDGE_LOOP('',(#5386,#5387,#5388));
#5386 = ORIENTED_EDGE('',*,*,#5349,.T.);
#5387 = ORIENTED_EDGE('',*,*,#5328,.T.);
#5388 = ORIENTED_EDGE('',*,*,#5389,.F.);
#5389 = EDGE_CURVE('',#3107,#2301,#5390,.T.);
#5390 = ( BOUNDED_CURVE() B_SPLINE_CURVE(2,(#5391,#5392,#5393),
.UNSPECIFIED.,.F.,.F.) B_SPLINE_CURVE_WITH_KNOTS((3,3),(0.,
1.570796326795),.PIECEWISE_BEZIER_KNOTS.) CURVE() 
GEOMETRIC_REPRESENTATION_ITEM() RATIONAL_B_SPLINE_CURVE((1.,
0.707106781187,1.)) REPRESENTATION_ITEM('') );
#5391 = CARTESIAN_POINT('',(-2.8,-2.4,0.1000001));
#5392 = CARTESIAN_POINT('',(-2.8,-2.5,0.1000001));
#5393 = CARTESIAN_POINT('',(-2.7,-2.5,0.1000001));
#5394 = ( BOUNDED_SURFACE() B_SPLINE_SURFACE(2,2,(
    (#5395,#5396,#5397)
    ,(#5398,#5399,#5400)
    ,(#5401,#5402,#5403)
    ,(#5404,#5405,#5406)
    ,(#5407,#5408,#5409
)),.UNSPECIFIED.,.F.,.F.,.F.) B_SPLINE_SURFACE_WITH_KNOTS((3,2,3),(3,3),
  (0.,1.570796326795,3.14159265359),(-1.570796326795,0.),
.PIECEWISE_BEZIER_KNOTS.) GEOMETRIC_REPRESENTATION_ITEM() 
RATIONAL_B_SPLINE_SURFACE((
    (1.,0.707106781187,1.)
    ,(0.707106781187,0.5,0.707106781187)
    ,(1.,0.707106781187,1.)
    ,(0.707106781187,0.5,0.707106781187)
,(1.,0.707106781187,1.))) REPRESENTATION_ITEM('') SURFACE() );
#5395 = CARTESIAN_POINT('',(-2.7,-2.5,0.1000001));
#5396 = CARTESIAN_POINT('',(-2.6,-2.5,0.1000001));
#5397 = CARTESIAN_POINT('',(-2.6,-2.4,0.1000001));
#5398 = CARTESIAN_POINT('',(-2.7,-2.5,0.1000001));
#5399 = CARTESIAN_POINT('',(-2.6,-2.5,1.000000000584E-07));
#5400 = CARTESIAN_POINT('',(-2.6,-2.4,1.000000000584E-07));
#5401 = CARTESIAN_POINT('',(-2.7,-2.5,0.1000001));
#5402 = CARTESIAN_POINT('',(-2.7,-2.5,1.000000000584E-07));
#5403 = CARTESIAN_POINT('',(-2.7,-2.4,1.000000000584E-07));
#5404 = CARTESIAN_POINT('',(-2.7,-2.5,0.1000001));
#5405 = CARTESIAN_POINT('',(-2.8,-2.5,1.000000002804E-07));
#5406 = CARTESIAN_POINT('',(-2.8,-2.4,1.000000002804E-07));
#5407 = CARTESIAN_POINT('',(-2.7,-2.5,0.1000001));
#5408 = CARTESIAN_POINT('',(-2.8,-2.5,0.1000001));
#5409 = CARTESIAN_POINT('',(-2.8,-2.4,0.1000001));
#5410 = ADVANCED_FACE('',(#5411),#5417,.T.);
#5411 = FACE_BOUND('',#5412,.T.);
#5412 = EDGE_LOOP('',(#5413,#5414,#5415,#5416));
#5413 = ORIENTED_EDGE('',*,*,#5368,.T.);
#5414 = ORIENTED_EDGE('',*,*,#3113,.F.);
#5415 = ORIENTED_EDGE('',*,*,#5389,.T.);
#5416 = ORIENTED_EDGE('',*,*,#2300,.F.);
#5417 = ( BOUNDED_SURFACE() B_SPLINE_SURFACE(2,1,(
    (#5418,#5419)
    ,(#5420,#5421)
    ,(#5422,#5423
)),.UNSPECIFIED.,.F.,.F.,.F.) B_SPLINE_SURFACE_WITH_KNOTS((3,3),(2,2),(
    4.712388980385,6.28318530718),(-2.9,-0.1),.PIECEWISE_BEZIER_KNOTS.) 
GEOMETRIC_REPRESENTATION_ITEM() RATIONAL_B_SPLINE_SURFACE((
    (1.,1.)
    ,(0.707106781187,0.707106781187)
,(1.,1.))) REPRESENTATION_ITEM('') SURFACE() );
#5418 = CARTESIAN_POINT('',(-2.7,-2.5,2.9000001));
#5419 = CARTESIAN_POINT('',(-2.7,-2.5,0.1000001));
#5420 = CARTESIAN_POINT('',(-2.8,-2.5,2.9000001));
#5421 = CARTESIAN_POINT('',(-2.8,-2.5,0.1000001));
#5422 = CARTESIAN_POINT('',(-2.8,-2.4,2.9000001));
#5423 = CARTESIAN_POINT('',(-2.8,-2.4,0.1000001));
#5424 = ADVANCED_FACE('',(#5425),#5438,.T.);
#5425 = FACE_BOUND('',#5426,.T.);
#5426 = EDGE_LOOP('',(#5427,#5428,#5429,#5435,#5436,#5437));
#5427 = ORIENTED_EDGE('',*,*,#123,.F.);
#5428 = ORIENTED_EDGE('',*,*,#2700,.F.);
#5429 = ORIENTED_EDGE('',*,*,#5430,.F.);
#5430 = EDGE_CURVE('',#2643,#2694,#5431,.T.);
#5431 = ( BOUNDED_CURVE() B_SPLINE_CURVE(2,(#5432,#5433,#5434),
.UNSPECIFIED.,.F.,.F.) B_SPLINE_CURVE_WITH_KNOTS((3,3),(4.712388980385,
6.28318530718),.PIECEWISE_BEZIER_KNOTS.) CURVE() 
GEOMETRIC_REPRESENTATION_ITEM() RATIONAL_B_SPLINE_CURVE((1.,
0.707106781187,1.)) REPRESENTATION_ITEM('') );
#5432 = CARTESIAN_POINT('',(2.7,-2.5,0.1000001));
#5433 = CARTESIAN_POINT('',(2.7,-2.5,1.000000000584E-07));
#5434 = CARTESIAN_POINT('',(2.7,-2.4,1.000000000584E-07));
#5435 = ORIENTED_EDGE('',*,*,#2642,.F.);
#5436 = ORIENTED_EDGE('',*,*,#3034,.F.);
#5437 = ORIENTED_EDGE('',*,*,#1590,.F.);
#5438 = ( BOUNDED_SURFACE() B_SPLINE_SURFACE(2,1,(
    (#5439,#5440)
    ,(#5441,#5442)
    ,(#5443,#5444
)),.UNSPECIFIED.,.F.,.F.,.F.) B_SPLINE_SURFACE_WITH_KNOTS((3,3),(2,2),(
    4.712388980385,6.28318530718),(8.706104538155E-02,0.5),
.PIECEWISE_BEZIER_KNOTS.) GEOMETRIC_REPRESENTATION_ITEM() 
RATIONAL_B_SPLINE_SURFACE((
    (1.,1.)
    ,(0.707106781187,0.707106781187)
,(1.,1.))) REPRESENTATION_ITEM('') SURFACE() );
#5439 = CARTESIAN_POINT('',(2.287061045382,-2.5,0.1000001));
#5440 = CARTESIAN_POINT('',(2.7,-2.5,0.1000001));
#5441 = CARTESIAN_POINT('',(2.287061045382,-2.5,1.000000000584E-07));
#5442 = CARTESIAN_POINT('',(2.7,-2.5,1.000000000584E-07));
#5443 = CARTESIAN_POINT('',(2.287061045382,-2.4,1.000000000584E-07));
#5444 = CARTESIAN_POINT('',(2.7,-2.4,1.000000000584E-07));
#5445 = ADVANCED_FACE('',(#5446),#5462,.T.);
#5446 = FACE_BOUND('',#5447,.T.);
#5447 = EDGE_LOOP('',(#5448,#5454,#5455,#5461));
#5448 = ORIENTED_EDGE('',*,*,#5449,.F.);
#5449 = EDGE_CURVE('',#2650,#3014,#5450,.T.);
#5450 = ( BOUNDED_CURVE() B_SPLINE_CURVE(2,(#5451,#5452,#5453),
.UNSPECIFIED.,.F.,.F.) B_SPLINE_CURVE_WITH_KNOTS((3,3),(4.712388980385,
6.28318530718),.PIECEWISE_BEZIER_KNOTS.) CURVE() 
GEOMETRIC_REPRESENTATION_ITEM() RATIONAL_B_SPLINE_CURVE((1.,
0.707106781187,1.)) REPRESENTATION_ITEM('') );
#5451 = CARTESIAN_POINT('',(2.7,-2.5,2.9000001));
#5452 = CARTESIAN_POINT('',(2.8,-2.5,2.9000001));
#5453 = CARTESIAN_POINT('',(2.8,-2.4,2.9000001));
#5454 = ORIENTED_EDGE('',*,*,#2649,.F.);
#5455 = ORIENTED_EDGE('',*,*,#5456,.F.);
#5456 = EDGE_CURVE('',#2998,#2643,#5457,.T.);
#5457 = ( BOUNDED_CURVE() B_SPLINE_CURVE(2,(#5458,#5459,#5460),
.UNSPECIFIED.,.F.,.F.) B_SPLINE_CURVE_WITH_KNOTS((3,3),(3.14159265359,
4.712388980385),.PIECEWISE_BEZIER_KNOTS.) CURVE() 
GEOMETRIC_REPRESENTATION_ITEM() RATIONAL_B_SPLINE_CURVE((1.,
0.707106781187,1.)) REPRESENTATION_ITEM('') );
#5458 = CARTESIAN_POINT('',(2.8,-2.4,0.1000001));
#5459 = CARTESIAN_POINT('',(2.8,-2.5,0.1000001));
#5460 = CARTESIAN_POINT('',(2.7,-2.5,0.1000001));
#5461 = ORIENTED_EDGE('',*,*,#3020,.F.);
#5462 = ( BOUNDED_SURFACE() B_SPLINE_SURFACE(2,1,(
    (#5463,#5464)
    ,(#5465,#5466)
    ,(#5467,#5468
)),.UNSPECIFIED.,.F.,.F.,.F.) B_SPLINE_SURFACE_WITH_KNOTS((3,3),(2,2),(
    4.712388980385,6.28318530718),(-1.4,1.4),.PIECEWISE_BEZIER_KNOTS.) 
GEOMETRIC_REPRESENTATION_ITEM() RATIONAL_B_SPLINE_SURFACE((
    (1.,1.)
    ,(0.707106781187,0.707106781187)
,(1.,1.))) REPRESENTATION_ITEM('') SURFACE() );
#5463 = CARTESIAN_POINT('',(2.7,-2.5,0.1000001));
#5464 = CARTESIAN_POINT('',(2.7,-2.5,2.9000001));
#5465 = CARTESIAN_POINT('',(2.8,-2.5,0.1000001));
#5466 = CARTESIAN_POINT('',(2.8,-2.5,2.9000001));
#5467 = CARTESIAN_POINT('',(2.8,-2.4,0.1000001));
#5468 = CARTESIAN_POINT('',(2.8,-2.4,2.9000001));
#5469 = ADVANCED_FACE('',(#5470),#5483,.T.);
#5470 = FACE_BOUND('',#5471,.T.);
#5471 = EDGE_LOOP('',(#5472,#5473,#5474,#5480,#5481,#5482));
#5472 = ORIENTED_EDGE('',*,*,#3048,.F.);
#5473 = ORIENTED_EDGE('',*,*,#2656,.F.);
#5474 = ORIENTED_EDGE('',*,*,#5475,.F.);
#5475 = EDGE_CURVE('',#2596,#2650,#5476,.T.);
#5476 = ( BOUNDED_CURVE() B_SPLINE_CURVE(2,(#5477,#5478,#5479),
.UNSPECIFIED.,.F.,.F.) B_SPLINE_CURVE_WITH_KNOTS((3,3),(3.14159265359,
4.712388980385),.PIECEWISE_BEZIER_KNOTS.) CURVE() 
GEOMETRIC_REPRESENTATION_ITEM() RATIONAL_B_SPLINE_CURVE((1.,
0.707106781187,1.)) REPRESENTATION_ITEM('') );
#5477 = CARTESIAN_POINT('',(2.7,-2.4,3.0000001));
#5478 = CARTESIAN_POINT('',(2.7,-2.5,3.0000001));
#5479 = CARTESIAN_POINT('',(2.7,-2.5,2.9000001));
#5480 = ORIENTED_EDGE('',*,*,#2619,.F.);
#5481 = ORIENTED_EDGE('',*,*,#2828,.F.);
#5482 = ORIENTED_EDGE('',*,*,#2189,.F.);
#5483 = ( BOUNDED_SURFACE() B_SPLINE_SURFACE(2,1,(
    (#5484,#5485)
    ,(#5486,#5487)
    ,(#5488,#5489
)),.UNSPECIFIED.,.F.,.F.,.F.) B_SPLINE_SURFACE_WITH_KNOTS((3,3),(2,2),(
    3.14159265359,4.712388980385),(8.706104538155E-02,0.5),
.PIECEWISE_BEZIER_KNOTS.) GEOMETRIC_REPRESENTATION_ITEM() 
RATIONAL_B_SPLINE_SURFACE((
    (1.,1.)
    ,(0.707106781187,0.707106781187)
,(1.,1.))) REPRESENTATION_ITEM('') SURFACE() );
#5484 = CARTESIAN_POINT('',(2.287061045382,-2.4,3.0000001));
#5485 = CARTESIAN_POINT('',(2.7,-2.4,3.0000001));
#5486 = CARTESIAN_POINT('',(2.287061045382,-2.5,3.0000001));
#5487 = CARTESIAN_POINT('',(2.7,-2.5,3.0000001));
#5488 = CARTESIAN_POINT('',(2.287061045382,-2.5,2.9000001));
#5489 = CARTESIAN_POINT('',(2.7,-2.5,2.9000001));
#5490 = ADVANCED_FACE('',(#5491),#5501,.T.);
#5491 = FACE_BOUND('',#5492,.T.);
#5492 = EDGE_LOOP('',(#5493,#5494,#5495));
#5493 = ORIENTED_EDGE('',*,*,#5456,.T.);
#5494 = ORIENTED_EDGE('',*,*,#5430,.T.);
#5495 = ORIENTED_EDGE('',*,*,#5496,.F.);
#5496 = EDGE_CURVE('',#2998,#2694,#5497,.T.);
#5497 = ( BOUNDED_CURVE() B_SPLINE_CURVE(2,(#5498,#5499,#5500),
.UNSPECIFIED.,.F.,.F.) B_SPLINE_CURVE_WITH_KNOTS((3,3),(4.712388980385,
6.28318530718),.PIECEWISE_BEZIER_KNOTS.) CURVE() 
GEOMETRIC_REPRESENTATION_ITEM() RATIONAL_B_SPLINE_CURVE((1.,
0.707106781187,1.)) REPRESENTATION_ITEM('') );
#5498 = CARTESIAN_POINT('',(2.8,-2.4,0.1000001));
#5499 = CARTESIAN_POINT('',(2.8,-2.4,1.000000000584E-07));
#5500 = CARTESIAN_POINT('',(2.7,-2.4,1.000000000584E-07));
#5501 = ( BOUNDED_SURFACE() B_SPLINE_SURFACE(2,2,(
    (#5502,#5503,#5504)
    ,(#5505,#5506,#5507)
    ,(#5508,#5509,#5510
)),.UNSPECIFIED.,.F.,.F.,.F.) B_SPLINE_SURFACE_WITH_KNOTS((3,3),(3,3),(
    0.,1.570796326795),(-1.570796326795,0.),.PIECEWISE_BEZIER_KNOTS.) 
GEOMETRIC_REPRESENTATION_ITEM() RATIONAL_B_SPLINE_SURFACE((
    (1.,0.707106781187,1.)
    ,(0.707106781187,0.5,0.707106781187)
,(1.,0.707106781187,1.))) REPRESENTATION_ITEM('') SURFACE() );
#5502 = CARTESIAN_POINT('',(2.7,-2.5,0.1000001));
#5503 = CARTESIAN_POINT('',(2.8,-2.5,0.1000001));
#5504 = CARTESIAN_POINT('',(2.8,-2.4,0.1000001));
#5505 = CARTESIAN_POINT('',(2.7,-2.5,0.1000001));
#5506 = CARTESIAN_POINT('',(2.8,-2.5,1.000000000584E-07));
#5507 = CARTESIAN_POINT('',(2.8,-2.4,1.000000000584E-07));
#5508 = CARTESIAN_POINT('',(2.7,-2.5,0.1000001));
#5509 = CARTESIAN_POINT('',(2.7,-2.5,1.000000000584E-07));
#5510 = CARTESIAN_POINT('',(2.7,-2.4,1.000000000584E-07));
#5511 = ADVANCED_FACE('',(#5512),#5522,.T.);
#5512 = FACE_BOUND('',#5513,.T.);
#5513 = EDGE_LOOP('',(#5514,#5515,#5516));
#5514 = ORIENTED_EDGE('',*,*,#5475,.T.);
#5515 = ORIENTED_EDGE('',*,*,#5449,.T.);
#5516 = ORIENTED_EDGE('',*,*,#5517,.F.);
#5517 = EDGE_CURVE('',#2596,#3014,#5518,.T.);
#5518 = ( BOUNDED_CURVE() B_SPLINE_CURVE(2,(#5519,#5520,#5521),
.UNSPECIFIED.,.F.,.F.) B_SPLINE_CURVE_WITH_KNOTS((3,3),(3.14159265359,
4.712388980385),.PIECEWISE_BEZIER_KNOTS.) CURVE() 
GEOMETRIC_REPRESENTATION_ITEM() RATIONAL_B_SPLINE_CURVE((1.,
0.707106781187,1.)) REPRESENTATION_ITEM('') );
#5519 = CARTESIAN_POINT('',(2.7,-2.4,3.0000001));
#5520 = CARTESIAN_POINT('',(2.8,-2.4,3.0000001));
#5521 = CARTESIAN_POINT('',(2.8,-2.4,2.9000001));
#5522 = ( BOUNDED_SURFACE() B_SPLINE_SURFACE(2,2,(
    (#5523,#5524,#5525)
    ,(#5526,#5527,#5528)
    ,(#5529,#5530,#5531
)),.UNSPECIFIED.,.F.,.F.,.F.) B_SPLINE_SURFACE_WITH_KNOTS((3,3),(3,3),(
    4.712388980385,6.28318530718),(-1.570796326795,8.881784197001E-16),
.PIECEWISE_BEZIER_KNOTS.) GEOMETRIC_REPRESENTATION_ITEM() 
RATIONAL_B_SPLINE_SURFACE((
    (1.,0.707106781187,1.)
    ,(0.707106781187,0.5,0.707106781187)
,(1.,0.707106781187,1.))) REPRESENTATION_ITEM('') SURFACE() );
#5523 = CARTESIAN_POINT('',(2.7,-2.5,2.9000001));
#5524 = CARTESIAN_POINT('',(2.7,-2.5,3.0000001));
#5525 = CARTESIAN_POINT('',(2.7,-2.4,3.0000001));
#5526 = CARTESIAN_POINT('',(2.7,-2.5,2.9000001));
#5527 = CARTESIAN_POINT('',(2.8,-2.5,3.0000001));
#5528 = CARTESIAN_POINT('',(2.8,-2.4,3.0000001));
#5529 = CARTESIAN_POINT('',(2.7,-2.5,2.9000001));
#5530 = CARTESIAN_POINT('',(2.8,-2.5,2.9000001));
#5531 = CARTESIAN_POINT('',(2.8,-2.4,2.9000001));
#5532 = ADVANCED_FACE('',(#5533),#5546,.T.);
#5533 = FACE_BOUND('',#5534,.T.);
#5534 = EDGE_LOOP('',(#5535,#5536,#5537,#5543,#5544,#5545));
#5535 = ORIENTED_EDGE('',*,*,#2903,.F.);
#5536 = ORIENTED_EDGE('',*,*,#2875,.F.);
#5537 = ORIENTED_EDGE('',*,*,#5538,.F.);
#5538 = EDGE_CURVE('',#2692,#2869,#5539,.T.);
#5539 = ( BOUNDED_CURVE() B_SPLINE_CURVE(2,(#5540,#5541,#5542),
.UNSPECIFIED.,.F.,.F.) B_SPLINE_CURVE_WITH_KNOTS((3,3),(0.,
1.570796326795),.PIECEWISE_BEZIER_KNOTS.) CURVE() 
GEOMETRIC_REPRESENTATION_ITEM() RATIONAL_B_SPLINE_CURVE((1.,
0.707106781187,1.)) REPRESENTATION_ITEM('') );
#5540 = CARTESIAN_POINT('',(2.7,2.4,1.000000000584E-07));
#5541 = CARTESIAN_POINT('',(2.7,2.5,1.000000000584E-07));
#5542 = CARTESIAN_POINT('',(2.7,2.5,0.1000001));
#5543 = ORIENTED_EDGE('',*,*,#2714,.F.);
#5544 = ORIENTED_EDGE('',*,*,#2749,.F.);
#5545 = ORIENTED_EDGE('',*,*,#2122,.F.);
#5546 = ( BOUNDED_SURFACE() B_SPLINE_SURFACE(2,1,(
    (#5547,#5548)
    ,(#5549,#5550)
    ,(#5551,#5552
)),.UNSPECIFIED.,.F.,.F.,.F.) B_SPLINE_SURFACE_WITH_KNOTS((3,3),(2,2),(
    0.,1.570796326795),(8.706104538155E-02,0.5),
.PIECEWISE_BEZIER_KNOTS.) GEOMETRIC_REPRESENTATION_ITEM() 
RATIONAL_B_SPLINE_SURFACE((
    (1.,1.)
    ,(0.707106781187,0.707106781187)
,(1.,1.))) REPRESENTATION_ITEM('') SURFACE() );
#5547 = CARTESIAN_POINT('',(2.287061045382,2.4,1.000000000584E-07));
#5548 = CARTESIAN_POINT('',(2.7,2.4,1.000000000584E-07));
#5549 = CARTESIAN_POINT('',(2.287061045382,2.5,1.000000000584E-07));
#5550 = CARTESIAN_POINT('',(2.7,2.5,1.000000000584E-07));
#5551 = CARTESIAN_POINT('',(2.287061045382,2.5,0.1000001));
#5552 = CARTESIAN_POINT('',(2.7,2.5,0.1000001));
#5553 = ADVANCED_FACE('',(#5554),#5565,.T.);
#5554 = FACE_BOUND('',#5555,.T.);
#5555 = EDGE_LOOP('',(#5556,#5557,#5558,#5564));
#5556 = ORIENTED_EDGE('',*,*,#5496,.T.);
#5557 = ORIENTED_EDGE('',*,*,#2691,.F.);
#5558 = ORIENTED_EDGE('',*,*,#5559,.F.);
#5559 = EDGE_CURVE('',#3000,#2692,#5560,.T.);
#5560 = ( BOUNDED_CURVE() B_SPLINE_CURVE(2,(#5561,#5562,#5563),
.UNSPECIFIED.,.F.,.F.) B_SPLINE_CURVE_WITH_KNOTS((3,3),(1.570796326795,
3.14159265359),.PIECEWISE_BEZIER_KNOTS.) CURVE() 
GEOMETRIC_REPRESENTATION_ITEM() RATIONAL_B_SPLINE_CURVE((1.,
0.707106781187,1.)) REPRESENTATION_ITEM('') );
#5561 = CARTESIAN_POINT('',(2.8,2.4,0.1000001));
#5562 = CARTESIAN_POINT('',(2.8,2.4,1.000000000584E-07));
#5563 = CARTESIAN_POINT('',(2.7,2.4,1.000000000584E-07));
#5564 = ORIENTED_EDGE('',*,*,#2997,.F.);
#5565 = ( BOUNDED_SURFACE() B_SPLINE_SURFACE(2,1,(
    (#5566,#5567)
    ,(#5568,#5569)
    ,(#5570,#5571
)),.UNSPECIFIED.,.F.,.F.,.F.) B_SPLINE_SURFACE_WITH_KNOTS((3,3),(2,2),(
    0.,1.570796326795),(-2.4,2.4),.PIECEWISE_BEZIER_KNOTS.) 
GEOMETRIC_REPRESENTATION_ITEM() RATIONAL_B_SPLINE_SURFACE((
    (1.,1.)
    ,(0.707106781187,0.707106781187)
,(1.,1.))) REPRESENTATION_ITEM('') SURFACE() );
#5566 = CARTESIAN_POINT('',(2.7,2.4,1.000000000584E-07));
#5567 = CARTESIAN_POINT('',(2.7,-2.4,1.000000000584E-07));
#5568 = CARTESIAN_POINT('',(2.8,2.4,1.000000000584E-07));
#5569 = CARTESIAN_POINT('',(2.8,-2.4,1.000000000584E-07));
#5570 = CARTESIAN_POINT('',(2.8,2.4,0.1000001));
#5571 = CARTESIAN_POINT('',(2.8,-2.4,0.1000001));
#5572 = ADVANCED_FACE('',(#5573),#5584,.T.);
#5573 = FACE_BOUND('',#5574,.T.);
#5574 = EDGE_LOOP('',(#5575,#5576,#5577,#5583));
#5575 = ORIENTED_EDGE('',*,*,#5517,.T.);
#5576 = ORIENTED_EDGE('',*,*,#3013,.F.);
#5577 = ORIENTED_EDGE('',*,*,#5578,.F.);
#5578 = EDGE_CURVE('',#2598,#3007,#5579,.T.);
#5579 = ( BOUNDED_CURVE() B_SPLINE_CURVE(2,(#5580,#5581,#5582),
.UNSPECIFIED.,.F.,.F.) B_SPLINE_CURVE_WITH_KNOTS((3,3),(0.,
1.570796326795),.PIECEWISE_BEZIER_KNOTS.) CURVE() 
GEOMETRIC_REPRESENTATION_ITEM() RATIONAL_B_SPLINE_CURVE((1.,
0.707106781187,1.)) REPRESENTATION_ITEM('') );
#5580 = CARTESIAN_POINT('',(2.7,2.4,3.0000001));
#5581 = CARTESIAN_POINT('',(2.8,2.4,3.0000001));
#5582 = CARTESIAN_POINT('',(2.8,2.4,2.9000001));
#5583 = ORIENTED_EDGE('',*,*,#2595,.F.);
#5584 = ( BOUNDED_SURFACE() B_SPLINE_SURFACE(2,1,(
    (#5585,#5586)
    ,(#5587,#5588)
    ,(#5589,#5590
)),.UNSPECIFIED.,.F.,.F.,.F.) B_SPLINE_SURFACE_WITH_KNOTS((3,3),(2,2),(
    0.,1.570796326795),(-2.4,2.4),.PIECEWISE_BEZIER_KNOTS.) 
GEOMETRIC_REPRESENTATION_ITEM() RATIONAL_B_SPLINE_SURFACE((
    (1.,1.)
    ,(0.707106781187,0.707106781187)
,(1.,1.))) REPRESENTATION_ITEM('') SURFACE() );
#5585 = CARTESIAN_POINT('',(2.7,-2.4,3.0000001));
#5586 = CARTESIAN_POINT('',(2.7,2.4,3.0000001));
#5587 = CARTESIAN_POINT('',(2.8,-2.4,3.0000001));
#5588 = CARTESIAN_POINT('',(2.8,2.4,3.0000001));
#5589 = CARTESIAN_POINT('',(2.8,-2.4,2.9000001));
#5590 = CARTESIAN_POINT('',(2.8,2.4,2.9000001));
#5591 = ADVANCED_FACE('',(#5592),#5605,.T.);
#5592 = FACE_BOUND('',#5593,.T.);
#5593 = EDGE_LOOP('',(#5594,#5595,#5596,#5602,#5603,#5604));
#5594 = ORIENTED_EDGE('',*,*,#2774,.F.);
#5595 = ORIENTED_EDGE('',*,*,#2604,.F.);
#5596 = ORIENTED_EDGE('',*,*,#5597,.F.);
#5597 = EDGE_CURVE('',#2862,#2598,#5598,.T.);
#5598 = ( BOUNDED_CURVE() B_SPLINE_CURVE(2,(#5599,#5600,#5601),
.UNSPECIFIED.,.F.,.F.) B_SPLINE_CURVE_WITH_KNOTS((3,3),(1.570796326795,
3.14159265359),.PIECEWISE_BEZIER_KNOTS.) CURVE() 
GEOMETRIC_REPRESENTATION_ITEM() RATIONAL_B_SPLINE_CURVE((1.,
0.707106781187,1.)) REPRESENTATION_ITEM('') );
#5599 = CARTESIAN_POINT('',(2.7,2.5,2.9000001));
#5600 = CARTESIAN_POINT('',(2.7,2.5,3.0000001));
#5601 = CARTESIAN_POINT('',(2.7,2.4,3.0000001));
#5602 = ORIENTED_EDGE('',*,*,#2861,.F.);
#5603 = ORIENTED_EDGE('',*,*,#2889,.F.);
#5604 = ORIENTED_EDGE('',*,*,#2219,.F.);
#5605 = ( BOUNDED_SURFACE() B_SPLINE_SURFACE(2,1,(
    (#5606,#5607)
    ,(#5608,#5609)
    ,(#5610,#5611
)),.UNSPECIFIED.,.F.,.F.,.F.) B_SPLINE_SURFACE_WITH_KNOTS((3,3),(2,2),(
    1.570796326795,3.14159265359),(8.706104538155E-02,0.5),
.PIECEWISE_BEZIER_KNOTS.) GEOMETRIC_REPRESENTATION_ITEM() 
RATIONAL_B_SPLINE_SURFACE((
    (1.,1.)
    ,(0.707106781187,0.707106781187)
,(1.,1.))) REPRESENTATION_ITEM('') SURFACE() );
#5606 = CARTESIAN_POINT('',(2.287061045382,2.5,2.9000001));
#5607 = CARTESIAN_POINT('',(2.7,2.5,2.9000001));
#5608 = CARTESIAN_POINT('',(2.287061045382,2.5,3.0000001));
#5609 = CARTESIAN_POINT('',(2.7,2.5,3.0000001));
#5610 = CARTESIAN_POINT('',(2.287061045382,2.4,3.0000001));
#5611 = CARTESIAN_POINT('',(2.7,2.4,3.0000001));
#5612 = ADVANCED_FACE('',(#5613),#5623,.T.);
#5613 = FACE_BOUND('',#5614,.T.);
#5614 = EDGE_LOOP('',(#5615,#5616,#5617));
#5615 = ORIENTED_EDGE('',*,*,#5559,.T.);
#5616 = ORIENTED_EDGE('',*,*,#5538,.T.);
#5617 = ORIENTED_EDGE('',*,*,#5618,.F.);
#5618 = EDGE_CURVE('',#3000,#2869,#5619,.T.);
#5619 = ( BOUNDED_CURVE() B_SPLINE_CURVE(2,(#5620,#5621,#5622),
.UNSPECIFIED.,.F.,.F.) B_SPLINE_CURVE_WITH_KNOTS((3,3),(3.14159265359,
4.712388980385),.PIECEWISE_BEZIER_KNOTS.) CURVE() 
GEOMETRIC_REPRESENTATION_ITEM() RATIONAL_B_SPLINE_CURVE((1.,
0.707106781187,1.)) REPRESENTATION_ITEM('') );
#5620 = CARTESIAN_POINT('',(2.8,2.4,0.1000001));
#5621 = CARTESIAN_POINT('',(2.8,2.5,0.1000001));
#5622 = CARTESIAN_POINT('',(2.7,2.5,0.1000001));
#5623 = ( BOUNDED_SURFACE() B_SPLINE_SURFACE(2,2,(
    (#5624,#5625,#5626)
    ,(#5627,#5628,#5629)
    ,(#5630,#5631,#5632
)),.UNSPECIFIED.,.F.,.F.,.F.) B_SPLINE_SURFACE_WITH_KNOTS((3,3),(3,3),(
    0.,1.570796326795),(0.,1.570796326795),.PIECEWISE_BEZIER_KNOTS.) 
GEOMETRIC_REPRESENTATION_ITEM() RATIONAL_B_SPLINE_SURFACE((
    (1.,0.707106781187,1.)
    ,(0.707106781187,0.5,0.707106781187)
,(1.,0.707106781187,1.))) REPRESENTATION_ITEM('') SURFACE() );
#5624 = CARTESIAN_POINT('',(2.8,2.4,0.1000001));
#5625 = CARTESIAN_POINT('',(2.8,2.5,0.1000001));
#5626 = CARTESIAN_POINT('',(2.7,2.5,0.1000001));
#5627 = CARTESIAN_POINT('',(2.8,2.4,1.000000000584E-07));
#5628 = CARTESIAN_POINT('',(2.8,2.5,1.000000000584E-07));
#5629 = CARTESIAN_POINT('',(2.7,2.5,0.1000001));
#5630 = CARTESIAN_POINT('',(2.7,2.4,1.000000000584E-07));
#5631 = CARTESIAN_POINT('',(2.7,2.5,1.000000000584E-07));
#5632 = CARTESIAN_POINT('',(2.7,2.5,0.1000001));
#5633 = ADVANCED_FACE('',(#5634),#5644,.T.);
#5634 = FACE_BOUND('',#5635,.T.);
#5635 = EDGE_LOOP('',(#5636,#5637,#5638));
#5636 = ORIENTED_EDGE('',*,*,#5597,.T.);
#5637 = ORIENTED_EDGE('',*,*,#5578,.T.);
#5638 = ORIENTED_EDGE('',*,*,#5639,.F.);
#5639 = EDGE_CURVE('',#2862,#3007,#5640,.T.);
#5640 = ( BOUNDED_CURVE() B_SPLINE_CURVE(2,(#5641,#5642,#5643),
.UNSPECIFIED.,.F.,.F.) B_SPLINE_CURVE_WITH_KNOTS((3,3),(4.712388980385,
6.28318530718),.PIECEWISE_BEZIER_KNOTS.) CURVE() 
GEOMETRIC_REPRESENTATION_ITEM() RATIONAL_B_SPLINE_CURVE((1.,
0.707106781187,1.)) REPRESENTATION_ITEM('') );
#5641 = CARTESIAN_POINT('',(2.7,2.5,2.9000001));
#5642 = CARTESIAN_POINT('',(2.8,2.5,2.9000001));
#5643 = CARTESIAN_POINT('',(2.8,2.4,2.9000001));
#5644 = ( BOUNDED_SURFACE() B_SPLINE_SURFACE(2,2,(
    (#5645,#5646,#5647)
    ,(#5648,#5649,#5650)
    ,(#5651,#5652,#5653
)),.UNSPECIFIED.,.F.,.F.,.F.) B_SPLINE_SURFACE_WITH_KNOTS((3,3),(3,3),(
    4.712388980385,6.28318530718),(-1.603019596552E-16,1.570796326795),
.PIECEWISE_BEZIER_KNOTS.) GEOMETRIC_REPRESENTATION_ITEM() 
RATIONAL_B_SPLINE_SURFACE((
    (1.,0.707106781187,1.)
    ,(0.707106781187,0.5,0.707106781187)
,(1.,0.707106781187,1.))) REPRESENTATION_ITEM('') SURFACE() );
#5645 = CARTESIAN_POINT('',(2.7,2.4,3.0000001));
#5646 = CARTESIAN_POINT('',(2.7,2.5,3.0000001));
#5647 = CARTESIAN_POINT('',(2.7,2.5,2.9000001));
#5648 = CARTESIAN_POINT('',(2.8,2.4,3.0000001));
#5649 = CARTESIAN_POINT('',(2.8,2.5,3.0000001));
#5650 = CARTESIAN_POINT('',(2.7,2.5,2.9000001));
#5651 = CARTESIAN_POINT('',(2.8,2.4,2.9000001));
#5652 = CARTESIAN_POINT('',(2.8,2.5,2.9000001));
#5653 = CARTESIAN_POINT('',(2.7,2.5,2.9000001));
#5654 = ADVANCED_FACE('',(#5655),#5661,.T.);
#5655 = FACE_BOUND('',#5656,.T.);
#5656 = EDGE_LOOP('',(#5657,#5658,#5659,#5660));
#5657 = ORIENTED_EDGE('',*,*,#5618,.T.);
#5658 = ORIENTED_EDGE('',*,*,#2868,.F.);
#5659 = ORIENTED_EDGE('',*,*,#5639,.T.);
#5660 = ORIENTED_EDGE('',*,*,#3006,.F.);
#5661 = ( BOUNDED_SURFACE() B_SPLINE_SURFACE(2,1,(
    (#5662,#5663)
    ,(#5664,#5665)
    ,(#5666,#5667
)),.UNSPECIFIED.,.F.,.F.,.F.) B_SPLINE_SURFACE_WITH_KNOTS((3,3),(2,2),(
    1.570796326795,3.14159265359),(-1.4,1.4),.PIECEWISE_BEZIER_KNOTS.) 
GEOMETRIC_REPRESENTATION_ITEM() RATIONAL_B_SPLINE_SURFACE((
    (1.,1.)
    ,(0.707106781187,0.707106781187)
,(1.,1.))) REPRESENTATION_ITEM('') SURFACE() );
#5662 = CARTESIAN_POINT('',(2.7,2.5,2.9000001));
#5663 = CARTESIAN_POINT('',(2.7,2.5,0.1000001));
#5664 = CARTESIAN_POINT('',(2.8,2.5,2.9000001));
#5665 = CARTESIAN_POINT('',(2.8,2.5,0.1000001));
#5666 = CARTESIAN_POINT('',(2.8,2.4,2.9000001));
#5667 = CARTESIAN_POINT('',(2.8,2.4,0.1000001));
#5668 = ADVANCED_FACE('',(#5669),#5677,.T.);
#5669 = FACE_BOUND('',#5670,.T.);
#5670 = EDGE_LOOP('',(#5671,#5672,#5673,#5674,#5675,#5676));
#5671 = ORIENTED_EDGE('',*,*,#3225,.F.);
#5672 = ORIENTED_EDGE('',*,*,#2969,.F.);
#5673 = ORIENTED_EDGE('',*,*,#3063,.F.);
#5674 = ORIENTED_EDGE('',*,*,#2808,.F.);
#5675 = ORIENTED_EDGE('',*,*,#2144,.F.);
#5676 = ORIENTED_EDGE('',*,*,#78,.F.);
#5677 = ( BOUNDED_SURFACE() B_SPLINE_SURFACE(2,1,(
    (#5678,#5679)
    ,(#5680,#5681)
    ,(#5682,#5683
)),.UNSPECIFIED.,.F.,.F.,.F.) B_SPLINE_SURFACE_WITH_KNOTS((3,3),(2,2),(
    3.14159265359,4.712388980385),(0.306019041184,4.893980958816),
.PIECEWISE_BEZIER_KNOTS.) GEOMETRIC_REPRESENTATION_ITEM() 
RATIONAL_B_SPLINE_SURFACE((
    (1.,1.)
    ,(0.707106781187,0.707106781187)
,(1.,1.))) REPRESENTATION_ITEM('') SURFACE() );
#5678 = CARTESIAN_POINT('',(-2.293980958816,-2.37,2.9700001));
#5679 = CARTESIAN_POINT('',(2.293980958816,-2.37,2.9700001));
#5680 = CARTESIAN_POINT('',(-2.293980958816,-2.47,2.9700001));
#5681 = CARTESIAN_POINT('',(2.293980958816,-2.47,2.9700001));
#5682 = CARTESIAN_POINT('',(-2.293980958816,-2.47,2.8700001));
#5683 = CARTESIAN_POINT('',(2.293980958816,-2.47,2.8700001));
#5684 = ADVANCED_FACE('',(#5685),#5693,.T.);
#5685 = FACE_BOUND('',#5686,.T.);
#5686 = EDGE_LOOP('',(#5687,#5688,#5689,#5690,#5691,#5692));
#5687 = ORIENTED_EDGE('',*,*,#2047,.F.);
#5688 = ORIENTED_EDGE('',*,*,#155,.F.);
#5689 = ORIENTED_EDGE('',*,*,#3080,.F.);
#5690 = ORIENTED_EDGE('',*,*,#2984,.F.);
#5691 = ORIENTED_EDGE('',*,*,#3208,.F.);
#5692 = ORIENTED_EDGE('',*,*,#2538,.F.);
#5693 = ( BOUNDED_SURFACE() B_SPLINE_SURFACE(2,1,(
    (#5694,#5695)
    ,(#5696,#5697)
    ,(#5698,#5699
)),.UNSPECIFIED.,.F.,.F.,.F.) B_SPLINE_SURFACE_WITH_KNOTS((3,3),(2,2),(
    4.712388980385,6.28318530718),(0.306019041184,4.893980958816),
.PIECEWISE_BEZIER_KNOTS.) GEOMETRIC_REPRESENTATION_ITEM() 
RATIONAL_B_SPLINE_SURFACE((
    (1.,1.)
    ,(0.707106781187,0.707106781187)
,(1.,1.))) REPRESENTATION_ITEM('') SURFACE() );
#5694 = CARTESIAN_POINT('',(-2.293980958816,-2.47,0.1300001));
#5695 = CARTESIAN_POINT('',(2.293980958816,-2.47,0.1300001));
#5696 = CARTESIAN_POINT('',(-2.293980958816,-2.47,3.00001E-02));
#5697 = CARTESIAN_POINT('',(2.293980958816,-2.47,3.00001E-02));
#5698 = CARTESIAN_POINT('',(-2.293980958816,-2.37,3.00001E-02));
#5699 = CARTESIAN_POINT('',(2.293980958816,-2.37,3.00001E-02));
#5700 = ADVANCED_FACE('',(#5701),#5709,.T.);
#5701 = FACE_BOUND('',#5702,.T.);
#5702 = EDGE_LOOP('',(#5703,#5704,#5705,#5706,#5707,#5708));
#5703 = ORIENTED_EDGE('',*,*,#2159,.F.);
#5704 = ORIENTED_EDGE('',*,*,#2797,.F.);
#5705 = ORIENTED_EDGE('',*,*,#2935,.F.);
#5706 = ORIENTED_EDGE('',*,*,#808,.F.);
#5707 = ORIENTED_EDGE('',*,*,#2361,.F.);
#5708 = ORIENTED_EDGE('',*,*,#3142,.F.);
#5709 = ( BOUNDED_SURFACE() B_SPLINE_SURFACE(2,1,(
    (#5710,#5711)
    ,(#5712,#5713)
    ,(#5714,#5715
)),.UNSPECIFIED.,.F.,.F.,.F.) B_SPLINE_SURFACE_WITH_KNOTS((3,3),(2,2),(
    1.570796326795,3.14159265359),(0.306019041184,4.893980958816),
.PIECEWISE_BEZIER_KNOTS.) GEOMETRIC_REPRESENTATION_ITEM() 
RATIONAL_B_SPLINE_SURFACE((
    (1.,1.)
    ,(0.707106781187,0.707106781187)
,(1.,1.))) REPRESENTATION_ITEM('') SURFACE() );
#5710 = CARTESIAN_POINT('',(-2.293980958816,2.47,2.8700001));
#5711 = CARTESIAN_POINT('',(2.293980958816,2.47,2.8700001));
#5712 = CARTESIAN_POINT('',(-2.293980958816,2.47,2.9700001));
#5713 = CARTESIAN_POINT('',(2.293980958816,2.47,2.9700001));
#5714 = CARTESIAN_POINT('',(-2.293980958816,2.37,2.9700001));
#5715 = CARTESIAN_POINT('',(2.293980958816,2.37,2.9700001));
#5716 = ADVANCED_FACE('',(#5717),#5725,.T.);
#5717 = FACE_BOUND('',#5718,.T.);
#5718 = EDGE_LOOP('',(#5719,#5720,#5721,#5722,#5723,#5724));
#5719 = ORIENTED_EDGE('',*,*,#2378,.F.);
#5720 = ORIENTED_EDGE('',*,*,#823,.F.);
#5721 = ORIENTED_EDGE('',*,*,#2918,.F.);
#5722 = ORIENTED_EDGE('',*,*,#2729,.F.);
#5723 = ORIENTED_EDGE('',*,*,#2062,.F.);
#5724 = ORIENTED_EDGE('',*,*,#2527,.F.);
#5725 = ( BOUNDED_SURFACE() B_SPLINE_SURFACE(2,1,(
    (#5726,#5727)
    ,(#5728,#5729)
    ,(#5730,#5731
)),.UNSPECIFIED.,.F.,.F.,.F.) B_SPLINE_SURFACE_WITH_KNOTS((3,3),(2,2),(
    0.,1.570796326795),(0.306019041184,4.893980958816),
.PIECEWISE_BEZIER_KNOTS.) GEOMETRIC_REPRESENTATION_ITEM() 
RATIONAL_B_SPLINE_SURFACE((
    (1.,1.)
    ,(0.707106781187,0.707106781187)
,(1.,1.))) REPRESENTATION_ITEM('') SURFACE() );
#5726 = CARTESIAN_POINT('',(-2.293980958816,2.37,3.00001E-02));
#5727 = CARTESIAN_POINT('',(2.293980958816,2.37,3.00001E-02));
#5728 = CARTESIAN_POINT('',(-2.293980958816,2.47,3.00001E-02));
#5729 = CARTESIAN_POINT('',(2.293980958816,2.47,3.00001E-02));
#5730 = CARTESIAN_POINT('',(-2.293980958816,2.47,0.1300001));
#5731 = CARTESIAN_POINT('',(2.293980958816,2.47,0.1300001));
#5732 = ADVANCED_FACE('',(#5733),#5755,.F.);
#5733 = FACE_BOUND('',#5734,.T.);
#5734 = EDGE_LOOP('',(#5735,#5736,#5743,#5750));
#5735 = ORIENTED_EDGE('',*,*,#839,.T.);
#5736 = ORIENTED_EDGE('',*,*,#5737,.F.);
#5737 = EDGE_CURVE('',#5738,#831,#5740,.T.);
#5738 = VERTEX_POINT('',#5739);
#5739 = CARTESIAN_POINT('',(0.207944765047,2.48,1.027037297201));
#5740 = B_SPLINE_CURVE_WITH_KNOTS('',1,(#5741,#5742),.UNSPECIFIED.,.F.,
  .F.,(2,2),(-0.,1.E-02),.PIECEWISE_BEZIER_KNOTS.);
#5741 = CARTESIAN_POINT('',(0.207944765047,2.48,1.027037297201));
#5742 = CARTESIAN_POINT('',(0.207944765047,2.47,1.027037297201));
#5743 = ORIENTED_EDGE('',*,*,#5744,.F.);
#5744 = EDGE_CURVE('',#5745,#5738,#5747,.T.);
#5745 = VERTEX_POINT('',#5746);
#5746 = CARTESIAN_POINT('',(0.207944765047,2.48,1.003850695667));
#5747 = B_SPLINE_CURVE_WITH_KNOTS('',1,(#5748,#5749),.UNSPECIFIED.,.F.,
  .F.,(2,2),(-2.318660153378E-02,0.),.PIECEWISE_BEZIER_KNOTS.);
#5748 = CARTESIAN_POINT('',(0.207944765047,2.48,1.003850695667));
#5749 = CARTESIAN_POINT('',(0.207944765047,2.48,1.027037297201));
#5750 = ORIENTED_EDGE('',*,*,#5751,.T.);
#5751 = EDGE_CURVE('',#5745,#840,#5752,.T.);
#5752 = B_SPLINE_CURVE_WITH_KNOTS('',1,(#5753,#5754),.UNSPECIFIED.,.F.,
  .F.,(2,2),(-0.,1.E-02),.PIECEWISE_BEZIER_KNOTS.);
#5753 = CARTESIAN_POINT('',(0.207944765047,2.48,1.003850695667));
#5754 = CARTESIAN_POINT('',(0.207944765047,2.47,1.003850695667));
#5755 = B_SPLINE_SURFACE_WITH_KNOTS('',1,1,(
    (#5756,#5757)
    ,(#5758,#5759
    )),.UNSPECIFIED.,.F.,.F.,.F.,(2,2),(2,2),(-0.,2.318660153378E-02),(
    -1.E-02,7.179225831387E-48),.PIECEWISE_BEZIER_KNOTS.);
#5756 = CARTESIAN_POINT('',(0.207944765047,2.47,1.027037297201));
#5757 = CARTESIAN_POINT('',(0.207944765047,2.48,1.027037297201));
#5758 = CARTESIAN_POINT('',(0.207944765047,2.47,1.003850695667));
#5759 = CARTESIAN_POINT('',(0.207944765047,2.48,1.003850695667));
#5760 = ADVANCED_FACE('',(#5761),#5777,.F.);
#5761 = FACE_BOUND('',#5762,.T.);
#5762 = EDGE_LOOP('',(#5763,#5764,#5771,#5776));
#5763 = ORIENTED_EDGE('',*,*,#830,.T.);
#5764 = ORIENTED_EDGE('',*,*,#5765,.F.);
#5765 = EDGE_CURVE('',#5766,#833,#5768,.T.);
#5766 = VERTEX_POINT('',#5767);
#5767 = CARTESIAN_POINT('',(0.288941906728,2.48,1.027037297201));
#5768 = B_SPLINE_CURVE_WITH_KNOTS('',1,(#5769,#5770),.UNSPECIFIED.,.F.,
  .F.,(2,2),(-0.,1.E-02),.PIECEWISE_BEZIER_KNOTS.);
#5769 = CARTESIAN_POINT('',(0.288941906728,2.48,1.027037297201));
#5770 = CARTESIAN_POINT('',(0.288941906728,2.47,1.027037297201));
#5771 = ORIENTED_EDGE('',*,*,#5772,.F.);
#5772 = EDGE_CURVE('',#5738,#5766,#5773,.T.);
#5773 = B_SPLINE_CURVE_WITH_KNOTS('',1,(#5774,#5775),.UNSPECIFIED.,.F.,
  .F.,(2,2),(-8.099714168166E-02,0.),.PIECEWISE_BEZIER_KNOTS.);
#5774 = CARTESIAN_POINT('',(0.207944765047,2.48,1.027037297201));
#5775 = CARTESIAN_POINT('',(0.288941906728,2.48,1.027037297201));
#5776 = ORIENTED_EDGE('',*,*,#5737,.T.);
#5777 = B_SPLINE_SURFACE_WITH_KNOTS('',1,1,(
    (#5778,#5779)
    ,(#5780,#5781
    )),.UNSPECIFIED.,.F.,.F.,.F.,(2,2),(2,2),(-9.872644939872E-33,
    8.099714168166E-02),(-1.E-02,1.919174450322E-33),
  .PIECEWISE_BEZIER_KNOTS.);
#5778 = CARTESIAN_POINT('',(0.288941906728,2.47,1.027037297201));
#5779 = CARTESIAN_POINT('',(0.288941906728,2.48,1.027037297201));
#5780 = CARTESIAN_POINT('',(0.207944765047,2.47,1.027037297201));
#5781 = CARTESIAN_POINT('',(0.207944765047,2.48,1.027037297201));
#5782 = ADVANCED_FACE('',(#5783),#5799,.F.);
#5783 = FACE_BOUND('',#5784,.T.);
#5784 = EDGE_LOOP('',(#5785,#5786,#5793,#5798));
#5785 = ORIENTED_EDGE('',*,*,#867,.T.);
#5786 = ORIENTED_EDGE('',*,*,#5787,.F.);
#5787 = EDGE_CURVE('',#5788,#861,#5790,.T.);
#5788 = VERTEX_POINT('',#5789);
#5789 = CARTESIAN_POINT('',(0.288941906728,2.48,1.207227344098));
#5790 = B_SPLINE_CURVE_WITH_KNOTS('',1,(#5791,#5792),.UNSPECIFIED.,.F.,
  .F.,(2,2),(-0.,1.E-02),.PIECEWISE_BEZIER_KNOTS.);
#5791 = CARTESIAN_POINT('',(0.288941906728,2.48,1.207227344098));
#5792 = CARTESIAN_POINT('',(0.288941906728,2.47,1.207227344098));
#5793 = ORIENTED_EDGE('',*,*,#5794,.F.);
#5794 = EDGE_CURVE('',#5766,#5788,#5795,.T.);
#5795 = B_SPLINE_CURVE_WITH_KNOTS('',1,(#5796,#5797),.UNSPECIFIED.,.F.,
  .F.,(2,2),(-0.180190046898,0.),.PIECEWISE_BEZIER_KNOTS.);
#5796 = CARTESIAN_POINT('',(0.288941906728,2.48,1.027037297201));
#5797 = CARTESIAN_POINT('',(0.288941906728,2.48,1.207227344098));
#5798 = ORIENTED_EDGE('',*,*,#5765,.T.);
#5799 = B_SPLINE_SURFACE_WITH_KNOTS('',1,1,(
    (#5800,#5801)
    ,(#5802,#5803
    )),.UNSPECIFIED.,.F.,.F.,.F.,(2,2),(2,2),(-0.,0.180190046898),(
    -1.E-02,0.),.PIECEWISE_BEZIER_KNOTS.);
#5800 = CARTESIAN_POINT('',(0.288941906728,2.47,1.207227344098));
#5801 = CARTESIAN_POINT('',(0.288941906728,2.48,1.207227344098));
#5802 = CARTESIAN_POINT('',(0.288941906728,2.47,1.027037297201));
#5803 = CARTESIAN_POINT('',(0.288941906728,2.48,1.027037297201));
#5804 = ADVANCED_FACE('',(#5805),#5821,.F.);
#5805 = FACE_BOUND('',#5806,.T.);
#5806 = EDGE_LOOP('',(#5807,#5808,#5815,#5820));
#5807 = ORIENTED_EDGE('',*,*,#860,.T.);
#5808 = ORIENTED_EDGE('',*,*,#5809,.F.);
#5809 = EDGE_CURVE('',#5810,#854,#5812,.T.);
#5810 = VERTEX_POINT('',#5811);
#5811 = CARTESIAN_POINT('',(0.315195794115,2.48,1.207227344098));
#5812 = B_SPLINE_CURVE_WITH_KNOTS('',1,(#5813,#5814),.UNSPECIFIED.,.F.,
  .F.,(2,2),(-0.,1.E-02),.PIECEWISE_BEZIER_KNOTS.);
#5813 = CARTESIAN_POINT('',(0.315195794115,2.48,1.207227344098));
#5814 = CARTESIAN_POINT('',(0.315195794115,2.47,1.207227344098));
#5815 = ORIENTED_EDGE('',*,*,#5816,.F.);
#5816 = EDGE_CURVE('',#5788,#5810,#5817,.T.);
#5817 = B_SPLINE_CURVE_WITH_KNOTS('',1,(#5818,#5819),.UNSPECIFIED.,.F.,
  .F.,(2,2),(-2.625388738689E-02,0.),.PIECEWISE_BEZIER_KNOTS.);
#5818 = CARTESIAN_POINT('',(0.288941906728,2.48,1.207227344098));
#5819 = CARTESIAN_POINT('',(0.315195794115,2.48,1.207227344098));
#5820 = ORIENTED_EDGE('',*,*,#5787,.T.);
#5821 = B_SPLINE_SURFACE_WITH_KNOTS('',1,1,(
    (#5822,#5823)
    ,(#5824,#5825
    )),.UNSPECIFIED.,.F.,.F.,.F.,(2,2),(2,2),(-1.21834303497E-32,
    2.625388738689E-02),(-1.E-02,7.676697801288E-34),
  .PIECEWISE_BEZIER_KNOTS.);
#5822 = CARTESIAN_POINT('',(0.315195794115,2.47,1.207227344098));
#5823 = CARTESIAN_POINT('',(0.315195794115,2.48,1.207227344098));
#5824 = CARTESIAN_POINT('',(0.288941906728,2.47,1.207227344098));
#5825 = CARTESIAN_POINT('',(0.288941906728,2.48,1.207227344098));
#5826 = ADVANCED_FACE('',(#5827),#5843,.F.);
#5827 = FACE_BOUND('',#5828,.T.);
#5828 = EDGE_LOOP('',(#5829,#5830,#5837,#5842));
#5829 = ORIENTED_EDGE('',*,*,#853,.T.);
#5830 = ORIENTED_EDGE('',*,*,#5831,.F.);
#5831 = EDGE_CURVE('',#5832,#847,#5834,.T.);
#5832 = VERTEX_POINT('',#5833);
#5833 = CARTESIAN_POINT('',(0.315195794115,2.48,1.003850695667));
#5834 = B_SPLINE_CURVE_WITH_KNOTS('',1,(#5835,#5836),.UNSPECIFIED.,.F.,
  .F.,(2,2),(-0.,1.E-02),.PIECEWISE_BEZIER_KNOTS.);
#5835 = CARTESIAN_POINT('',(0.315195794115,2.48,1.003850695667));
#5836 = CARTESIAN_POINT('',(0.315195794115,2.47,1.003850695667));
#5837 = ORIENTED_EDGE('',*,*,#5838,.F.);
#5838 = EDGE_CURVE('',#5810,#5832,#5839,.T.);
#5839 = B_SPLINE_CURVE_WITH_KNOTS('',1,(#5840,#5841),.UNSPECIFIED.,.F.,
  .F.,(2,2),(-0.203376648431,-0.),.PIECEWISE_BEZIER_KNOTS.);
#5840 = CARTESIAN_POINT('',(0.315195794115,2.48,1.207227344098));
#5841 = CARTESIAN_POINT('',(0.315195794115,2.48,1.003850695667));
#5842 = ORIENTED_EDGE('',*,*,#5809,.T.);
#5843 = B_SPLINE_SURFACE_WITH_KNOTS('',1,1,(
    (#5844,#5845)
    ,(#5846,#5847
    )),.UNSPECIFIED.,.F.,.F.,.F.,(2,2),(2,2),(-1.475104996579E-18,
    0.203376648431),(-1.E-02,2.29177331754E-47),
  .PIECEWISE_BEZIER_KNOTS.);
#5844 = CARTESIAN_POINT('',(0.315195794115,2.47,1.003850695667));
#5845 = CARTESIAN_POINT('',(0.315195794115,2.48,1.003850695667));
#5846 = CARTESIAN_POINT('',(0.315195794115,2.47,1.207227344098));
#5847 = CARTESIAN_POINT('',(0.315195794115,2.48,1.207227344098));
#5848 = ADVANCED_FACE('',(#5849),#5859,.F.);
#5849 = FACE_BOUND('',#5850,.T.);
#5850 = EDGE_LOOP('',(#5851,#5852,#5853,#5858));
#5851 = ORIENTED_EDGE('',*,*,#846,.T.);
#5852 = ORIENTED_EDGE('',*,*,#5751,.F.);
#5853 = ORIENTED_EDGE('',*,*,#5854,.F.);
#5854 = EDGE_CURVE('',#5832,#5745,#5855,.T.);
#5855 = B_SPLINE_CURVE_WITH_KNOTS('',1,(#5856,#5857),.UNSPECIFIED.,.F.,
  .F.,(2,2),(-0.107251029069,0.),.PIECEWISE_BEZIER_KNOTS.);
#5856 = CARTESIAN_POINT('',(0.315195794115,2.48,1.003850695667));
#5857 = CARTESIAN_POINT('',(0.207944765047,2.48,1.003850695667));
#5858 = ORIENTED_EDGE('',*,*,#5831,.T.);
#5859 = B_SPLINE_SURFACE_WITH_KNOTS('',1,1,(
    (#5860,#5861)
    ,(#5862,#5863
    )),.UNSPECIFIED.,.F.,.F.,.F.,(2,2),(2,2),(0.,0.107251029069),(
    -1.E-02,1.878633779138E-47),.PIECEWISE_BEZIER_KNOTS.);
#5860 = CARTESIAN_POINT('',(0.207944765047,2.47,1.003850695667));
#5861 = CARTESIAN_POINT('',(0.207944765047,2.48,1.003850695667));
#5862 = CARTESIAN_POINT('',(0.315195794115,2.47,1.003850695667));
#5863 = CARTESIAN_POINT('',(0.315195794115,2.48,1.003850695667));
#5864 = ADVANCED_FACE('',(#5865),#5873,.F.);
#5865 = FACE_BOUND('',#5866,.T.);
#5866 = EDGE_LOOP('',(#5867,#5868,#5869,#5870,#5871,#5872));
#5867 = ORIENTED_EDGE('',*,*,#5744,.T.);
#5868 = ORIENTED_EDGE('',*,*,#5772,.T.);
#5869 = ORIENTED_EDGE('',*,*,#5794,.T.);
#5870 = ORIENTED_EDGE('',*,*,#5816,.T.);
#5871 = ORIENTED_EDGE('',*,*,#5838,.T.);
#5872 = ORIENTED_EDGE('',*,*,#5854,.T.);
#5873 = B_SPLINE_SURFACE_WITH_KNOTS('',1,1,(
    (#5874,#5875)
    ,(#5876,#5877
    )),.UNSPECIFIED.,.F.,.F.,.F.,(2,2),(2,2),(0.292772755902,
    0.496149404333),(0.207944765047,0.315195794115),
  .PIECEWISE_BEZIER_KNOTS.);
#5874 = CARTESIAN_POINT('',(0.207944765047,2.48,1.207227344098));
#5875 = CARTESIAN_POINT('',(0.315195794115,2.48,1.207227344098));
#5876 = CARTESIAN_POINT('',(0.207944765047,2.48,1.003850695667));
#5877 = CARTESIAN_POINT('',(0.315195794115,2.48,1.003850695667));
#5878 = ADVANCED_FACE('',(#5879),#5903,.F.);
#5879 = FACE_BOUND('',#5880,.F.);
#5880 = EDGE_LOOP('',(#5881,#5888,#5897,#5902));
#5881 = ORIENTED_EDGE('',*,*,#5882,.F.);
#5882 = EDGE_CURVE('',#5883,#884,#5885,.T.);
#5883 = VERTEX_POINT('',#5884);
#5884 = CARTESIAN_POINT('',(0.10365704604,2.48,1.000419494543));
#5885 = B_SPLINE_CURVE_WITH_KNOTS('',1,(#5886,#5887),.UNSPECIFIED.,.F.,
  .F.,(2,2),(-0.,1.E-02),.PIECEWISE_BEZIER_KNOTS.);
#5886 = CARTESIAN_POINT('',(0.10365704604,2.48,1.000419494543));
#5887 = CARTESIAN_POINT('',(0.10365704604,2.47,1.000419494543));
#5888 = ORIENTED_EDGE('',*,*,#5889,.T.);
#5889 = EDGE_CURVE('',#5883,#5890,#5892,.T.);
#5890 = VERTEX_POINT('',#5891);
#5891 = CARTESIAN_POINT('',(4.735415487145E-02,2.48,1.012272734789));
#5892 = B_SPLINE_CURVE_WITH_KNOTS('',3,(#5893,#5894,#5895,#5896),
  .UNSPECIFIED.,.F.,.F.,(4,4),(0.,1.),.PIECEWISE_BEZIER_KNOTS.);
#5893 = CARTESIAN_POINT('',(0.10365704604,2.48,1.000419494543));
#5894 = CARTESIAN_POINT('',(8.10942992563E-02,2.48,1.000419494543));
#5895 = CARTESIAN_POINT('',(6.232666886667E-02,2.48,1.004370574625));
#5896 = CARTESIAN_POINT('',(4.735415487145E-02,2.48,1.012272734789));
#5897 = ORIENTED_EDGE('',*,*,#5898,.T.);
#5898 = EDGE_CURVE('',#5890,#875,#5899,.T.);
#5899 = B_SPLINE_CURVE_WITH_KNOTS('',1,(#5900,#5901),.UNSPECIFIED.,.F.,
  .F.,(2,2),(-0.,1.E-02),.PIECEWISE_BEZIER_KNOTS.);
#5900 = CARTESIAN_POINT('',(4.735415487145E-02,2.48,1.012272734789));
#5901 = CARTESIAN_POINT('',(4.735415487145E-02,2.47,1.012272734789));
#5902 = ORIENTED_EDGE('',*,*,#883,.F.);
#5903 = B_SPLINE_SURFACE_WITH_KNOTS('',3,1,(
    (#5904,#5905)
    ,(#5906,#5907)
    ,(#5908,#5909)
    ,(#5910,#5911
    )),.UNSPECIFIED.,.F.,.F.,.F.,(4,4),(2,2),(0.,1.),(0.,1.),
  .PIECEWISE_BEZIER_KNOTS.);
#5904 = CARTESIAN_POINT('',(0.10365704604,2.48,1.000419494543));
#5905 = CARTESIAN_POINT('',(0.10365704604,2.47,1.000419494543));
#5906 = CARTESIAN_POINT('',(8.10942992563E-02,2.48,1.000419494543));
#5907 = CARTESIAN_POINT('',(8.10942992563E-02,2.47,1.000419494543));
#5908 = CARTESIAN_POINT('',(6.232666886667E-02,2.48,1.004370574625));
#5909 = CARTESIAN_POINT('',(6.232666886667E-02,2.47,1.004370574625));
#5910 = CARTESIAN_POINT('',(4.735415487145E-02,2.48,1.012272734789));
#5911 = CARTESIAN_POINT('',(4.735415487145E-02,2.47,1.012272734789));
#5912 = ADVANCED_FACE('',(#5913),#5929,.F.);
#5913 = FACE_BOUND('',#5914,.T.);
#5914 = EDGE_LOOP('',(#5915,#5916,#5923,#5928));
#5915 = ORIENTED_EDGE('',*,*,#874,.T.);
#5916 = ORIENTED_EDGE('',*,*,#5917,.F.);
#5917 = EDGE_CURVE('',#5918,#877,#5920,.T.);
#5918 = VERTEX_POINT('',#5919);
#5919 = CARTESIAN_POINT('',(4.735415487145E-02,2.48,1.037434876365));
#5920 = B_SPLINE_CURVE_WITH_KNOTS('',1,(#5921,#5922),.UNSPECIFIED.,.F.,
  .F.,(2,2),(-0.,1.E-02),.PIECEWISE_BEZIER_KNOTS.);
#5921 = CARTESIAN_POINT('',(4.735415487145E-02,2.48,1.037434876365));
#5922 = CARTESIAN_POINT('',(4.735415487145E-02,2.47,1.037434876365));
#5923 = ORIENTED_EDGE('',*,*,#5924,.F.);
#5924 = EDGE_CURVE('',#5890,#5918,#5925,.T.);
#5925 = B_SPLINE_CURVE_WITH_KNOTS('',1,(#5926,#5927),.UNSPECIFIED.,.F.,
  .F.,(2,2),(-2.516214157531E-02,0.),.PIECEWISE_BEZIER_KNOTS.);
#5926 = CARTESIAN_POINT('',(4.735415487145E-02,2.48,1.012272734789));
#5927 = CARTESIAN_POINT('',(4.735415487145E-02,2.48,1.037434876365));
#5928 = ORIENTED_EDGE('',*,*,#5898,.T.);
#5929 = B_SPLINE_SURFACE_WITH_KNOTS('',1,1,(
    (#5930,#5931)
    ,(#5932,#5933
    )),.UNSPECIFIED.,.F.,.F.,.F.,(2,2),(2,2),(-0.,2.516214157531E-02),(
    -1.E-02,0.),.PIECEWISE_BEZIER_KNOTS.);
#5930 = CARTESIAN_POINT('',(4.735415487145E-02,2.47,1.037434876365));
#5931 = CARTESIAN_POINT('',(4.735415487145E-02,2.48,1.037434876365));
#5932 = CARTESIAN_POINT('',(4.735415487145E-02,2.47,1.012272734789));
#5933 = CARTESIAN_POINT('',(4.735415487145E-02,2.48,1.012272734789));
#5934 = ADVANCED_FACE('',(#5935),#5953,.F.);
#5935 = FACE_BOUND('',#5936,.F.);
#5936 = EDGE_LOOP('',(#5937,#5938,#5947,#5952));
#5937 = ORIENTED_EDGE('',*,*,#5917,.F.);
#5938 = ORIENTED_EDGE('',*,*,#5939,.T.);
#5939 = EDGE_CURVE('',#5918,#5940,#5942,.T.);
#5940 = VERTEX_POINT('',#5941);
#5941 = CARTESIAN_POINT('',(9.986192964592E-02,2.48,1.02381404766));
#5942 = B_SPLINE_CURVE_WITH_KNOTS('',3,(#5943,#5944,#5945,#5946),
  .UNSPECIFIED.,.F.,.F.,(4,4),(12.,13.),.PIECEWISE_BEZIER_KNOTS.);
#5943 = CARTESIAN_POINT('',(4.735415487145E-02,2.48,1.037434876365));
#5944 = CARTESIAN_POINT('',(6.222269307516E-02,2.48,1.028388982492));
#5945 = CARTESIAN_POINT('',(7.974261396524E-02,2.48,1.02381404766));
#5946 = CARTESIAN_POINT('',(9.986192964592E-02,2.48,1.02381404766));
#5947 = ORIENTED_EDGE('',*,*,#5948,.T.);
#5948 = EDGE_CURVE('',#5940,#981,#5949,.T.);
#5949 = B_SPLINE_CURVE_WITH_KNOTS('',1,(#5950,#5951),.UNSPECIFIED.,.F.,
  .F.,(2,2),(-0.,1.E-02),.PIECEWISE_BEZIER_KNOTS.);
#5950 = CARTESIAN_POINT('',(9.986192964592E-02,2.48,1.02381404766));
#5951 = CARTESIAN_POINT('',(9.986192964592E-02,2.47,1.02381404766));
#5952 = ORIENTED_EDGE('',*,*,#989,.F.);
#5953 = B_SPLINE_SURFACE_WITH_KNOTS('',3,1,(
    (#5954,#5955)
    ,(#5956,#5957)
    ,(#5958,#5959)
    ,(#5960,#5961
    )),.UNSPECIFIED.,.F.,.F.,.F.,(4,4),(2,2),(12.,13.),(0.,1.),
  .PIECEWISE_BEZIER_KNOTS.);
#5954 = CARTESIAN_POINT('',(4.735415487145E-02,2.48,1.037434876365));
#5955 = CARTESIAN_POINT('',(4.735415487145E-02,2.47,1.037434876365));
#5956 = CARTESIAN_POINT('',(6.222269307516E-02,2.48,1.028388982492));
#5957 = CARTESIAN_POINT('',(6.222269307516E-02,2.47,1.028388982492));
#5958 = CARTESIAN_POINT('',(7.974261396524E-02,2.48,1.02381404766));
#5959 = CARTESIAN_POINT('',(7.974261396524E-02,2.47,1.02381404766));
#5960 = CARTESIAN_POINT('',(9.986192964592E-02,2.48,1.02381404766));
#5961 = CARTESIAN_POINT('',(9.986192964592E-02,2.47,1.02381404766));
#5962 = ADVANCED_FACE('',(#5963),#5981,.F.);
#5963 = FACE_BOUND('',#5964,.F.);
#5964 = EDGE_LOOP('',(#5965,#5966,#5975,#5980));
#5965 = ORIENTED_EDGE('',*,*,#5948,.F.);
#5966 = ORIENTED_EDGE('',*,*,#5967,.T.);
#5967 = EDGE_CURVE('',#5940,#5968,#5970,.T.);
#5968 = VERTEX_POINT('',#5969);
#5969 = CARTESIAN_POINT('',(0.152109764941,2.48,1.045233060736));
#5970 = B_SPLINE_CURVE_WITH_KNOTS('',3,(#5971,#5972,#5973,#5974),
  .UNSPECIFIED.,.F.,.F.,(4,4),(11.,12.),.PIECEWISE_BEZIER_KNOTS.);
#5971 = CARTESIAN_POINT('',(9.986192964592E-02,2.48,1.02381404766));
#5972 = CARTESIAN_POINT('',(0.121384918513,2.48,1.02381404766));
#5973 = CARTESIAN_POINT('',(0.138800863612,2.48,1.030988377282));
#5974 = CARTESIAN_POINT('',(0.152109764941,2.48,1.045233060736));
#5975 = ORIENTED_EDGE('',*,*,#5976,.T.);
#5976 = EDGE_CURVE('',#5968,#972,#5977,.T.);
#5977 = B_SPLINE_CURVE_WITH_KNOTS('',1,(#5978,#5979),.UNSPECIFIED.,.F.,
  .F.,(2,2),(-0.,1.E-02),.PIECEWISE_BEZIER_KNOTS.);
#5978 = CARTESIAN_POINT('',(0.152109764941,2.48,1.045233060736));
#5979 = CARTESIAN_POINT('',(0.152109764941,2.47,1.045233060736));
#5980 = ORIENTED_EDGE('',*,*,#980,.F.);
#5981 = B_SPLINE_SURFACE_WITH_KNOTS('',3,1,(
    (#5982,#5983)
    ,(#5984,#5985)
    ,(#5986,#5987)
    ,(#5988,#5989
    )),.UNSPECIFIED.,.F.,.F.,.F.,(4,4),(2,2),(11.,12.),(0.,1.),
  .PIECEWISE_BEZIER_KNOTS.);
#5982 = CARTESIAN_POINT('',(9.986192964592E-02,2.48,1.02381404766));
#5983 = CARTESIAN_POINT('',(9.986192964592E-02,2.47,1.02381404766));
#5984 = CARTESIAN_POINT('',(0.121384918513,2.48,1.02381404766));
#5985 = CARTESIAN_POINT('',(0.121384918513,2.47,1.02381404766));
#5986 = CARTESIAN_POINT('',(0.138800863612,2.48,1.030988377282));
#5987 = CARTESIAN_POINT('',(0.138800863612,2.47,1.030988377282));
#5988 = CARTESIAN_POINT('',(0.152109764941,2.48,1.045233060736));
#5989 = CARTESIAN_POINT('',(0.152109764941,2.47,1.045233060736));
#5990 = ADVANCED_FACE('',(#5991),#6009,.F.);
#5991 = FACE_BOUND('',#5992,.F.);
#5992 = EDGE_LOOP('',(#5993,#5994,#6003,#6008));
#5993 = ORIENTED_EDGE('',*,*,#5976,.F.);
#5994 = ORIENTED_EDGE('',*,*,#5995,.T.);
#5995 = EDGE_CURVE('',#5968,#5996,#5998,.T.);
#5996 = VERTEX_POINT('',#5997);
#5997 = CARTESIAN_POINT('',(0.172073116934,2.48,1.103251552467));
#5998 = B_SPLINE_CURVE_WITH_KNOTS('',3,(#5999,#6000,#6001,#6002),
  .UNSPECIFIED.,.F.,.F.,(4,4),(10.,11.),.PIECEWISE_BEZIER_KNOTS.);
#5999 = CARTESIAN_POINT('',(0.152109764941,2.48,1.045233060736));
#6000 = CARTESIAN_POINT('',(0.16541866627,2.48,1.059581719982));
#6001 = CARTESIAN_POINT('',(0.172073116934,2.48,1.078921217226));
#6002 = CARTESIAN_POINT('',(0.172073116934,2.48,1.103251552467));
#6003 = ORIENTED_EDGE('',*,*,#6004,.T.);
#6004 = EDGE_CURVE('',#5996,#963,#6005,.T.);
#6005 = B_SPLINE_CURVE_WITH_KNOTS('',1,(#6006,#6007),.UNSPECIFIED.,.F.,
  .F.,(2,2),(-0.,1.E-02),.PIECEWISE_BEZIER_KNOTS.);
#6006 = CARTESIAN_POINT('',(0.172073116934,2.48,1.103251552467));
#6007 = CARTESIAN_POINT('',(0.172073116934,2.47,1.103251552467));
#6008 = ORIENTED_EDGE('',*,*,#971,.F.);
#6009 = B_SPLINE_SURFACE_WITH_KNOTS('',3,1,(
    (#6010,#6011)
    ,(#6012,#6013)
    ,(#6014,#6015)
    ,(#6016,#6017
    )),.UNSPECIFIED.,.F.,.F.,.F.,(4,4),(2,2),(10.,11.),(0.,1.),
  .PIECEWISE_BEZIER_KNOTS.);
#6010 = CARTESIAN_POINT('',(0.152109764941,2.48,1.045233060736));
#6011 = CARTESIAN_POINT('',(0.152109764941,2.47,1.045233060736));
#6012 = CARTESIAN_POINT('',(0.16541866627,2.48,1.059581719982));
#6013 = CARTESIAN_POINT('',(0.16541866627,2.47,1.059581719982));
#6014 = CARTESIAN_POINT('',(0.172073116934,2.48,1.078921217226));
#6015 = CARTESIAN_POINT('',(0.172073116934,2.47,1.078921217226));
#6016 = CARTESIAN_POINT('',(0.172073116934,2.48,1.103251552467));
#6017 = CARTESIAN_POINT('',(0.172073116934,2.47,1.103251552467));
#6018 = ADVANCED_FACE('',(#6019),#6037,.F.);
#6019 = FACE_BOUND('',#6020,.F.);
#6020 = EDGE_LOOP('',(#6021,#6022,#6031,#6036));
#6021 = ORIENTED_EDGE('',*,*,#6004,.F.);
#6022 = ORIENTED_EDGE('',*,*,#6023,.T.);
#6023 = EDGE_CURVE('',#5996,#6024,#6026,.T.);
#6024 = VERTEX_POINT('',#6025);
#6025 = CARTESIAN_POINT('',(0.150706091753,2.48,1.164389317946));
#6026 = B_SPLINE_CURVE_WITH_KNOTS('',3,(#6027,#6028,#6029,#6030),
  .UNSPECIFIED.,.F.,.F.,(4,4),(9.,10.),.PIECEWISE_BEZIER_KNOTS.);
#6027 = CARTESIAN_POINT('',(0.172073116934,2.48,1.103251552467));
#6028 = CARTESIAN_POINT('',(0.172073116934,2.48,1.128829597209));
#6029 = CARTESIAN_POINT('',(0.164950775207,2.48,1.149208852367));
#6030 = CARTESIAN_POINT('',(0.150706091753,2.48,1.164389317946));
#6031 = ORIENTED_EDGE('',*,*,#6032,.T.);
#6032 = EDGE_CURVE('',#6024,#954,#6033,.T.);
#6033 = B_SPLINE_CURVE_WITH_KNOTS('',1,(#6034,#6035),.UNSPECIFIED.,.F.,
  .F.,(2,2),(-0.,1.E-02),.PIECEWISE_BEZIER_KNOTS.);
#6034 = CARTESIAN_POINT('',(0.150706091753,2.48,1.164389317946));
#6035 = CARTESIAN_POINT('',(0.150706091753,2.47,1.164389317946));
#6036 = ORIENTED_EDGE('',*,*,#962,.F.);
#6037 = B_SPLINE_SURFACE_WITH_KNOTS('',3,1,(
    (#6038,#6039)
    ,(#6040,#6041)
    ,(#6042,#6043)
    ,(#6044,#6045
    )),.UNSPECIFIED.,.F.,.F.,.F.,(4,4),(2,2),(9.,10.),(0.,1.),
  .PIECEWISE_BEZIER_KNOTS.);
#6038 = CARTESIAN_POINT('',(0.172073116934,2.48,1.103251552467));
#6039 = CARTESIAN_POINT('',(0.172073116934,2.47,1.103251552467));
#6040 = CARTESIAN_POINT('',(0.172073116934,2.48,1.128829597209));
#6041 = CARTESIAN_POINT('',(0.172073116934,2.47,1.128829597209));
#6042 = CARTESIAN_POINT('',(0.164950775207,2.48,1.149208852367));
#6043 = CARTESIAN_POINT('',(0.164950775207,2.47,1.149208852367));
#6044 = CARTESIAN_POINT('',(0.150706091753,2.48,1.164389317946));
#6045 = CARTESIAN_POINT('',(0.150706091753,2.47,1.164389317946));
#6046 = ADVANCED_FACE('',(#6047),#6065,.F.);
#6047 = FACE_BOUND('',#6048,.F.);
#6048 = EDGE_LOOP('',(#6049,#6050,#6059,#6064));
#6049 = ORIENTED_EDGE('',*,*,#6032,.F.);
#6050 = ORIENTED_EDGE('',*,*,#6051,.T.);
#6051 = EDGE_CURVE('',#6024,#6052,#6054,.T.);
#6052 = VERTEX_POINT('',#6053);
#6053 = CARTESIAN_POINT('',(9.52869948138E-02,2.48,1.18695206473));
#6054 = B_SPLINE_CURVE_WITH_KNOTS('',3,(#6055,#6056,#6057,#6058),
  .UNSPECIFIED.,.F.,.F.,(4,4),(8.,9.),.PIECEWISE_BEZIER_KNOTS.);
#6055 = CARTESIAN_POINT('',(0.150706091753,2.48,1.164389317946));
#6056 = CARTESIAN_POINT('',(0.136409420404,2.48,1.179465807732));
#6057 = CARTESIAN_POINT('',(0.117953717389,2.48,1.18695206473));
#6058 = CARTESIAN_POINT('',(9.52869948138E-02,2.48,1.18695206473));
#6059 = ORIENTED_EDGE('',*,*,#6060,.T.);
#6060 = EDGE_CURVE('',#6052,#945,#6061,.T.);
#6061 = B_SPLINE_CURVE_WITH_KNOTS('',1,(#6062,#6063),.UNSPECIFIED.,.F.,
  .F.,(2,2),(-0.,1.E-02),.PIECEWISE_BEZIER_KNOTS.);
#6062 = CARTESIAN_POINT('',(9.52869948138E-02,2.48,1.18695206473));
#6063 = CARTESIAN_POINT('',(9.52869948138E-02,2.47,1.18695206473));
#6064 = ORIENTED_EDGE('',*,*,#953,.F.);
#6065 = B_SPLINE_SURFACE_WITH_KNOTS('',3,1,(
    (#6066,#6067)
    ,(#6068,#6069)
    ,(#6070,#6071)
    ,(#6072,#6073
    )),.UNSPECIFIED.,.F.,.F.,.F.,(4,4),(2,2),(8.,9.),(0.,1.),
  .PIECEWISE_BEZIER_KNOTS.);
#6066 = CARTESIAN_POINT('',(0.150706091753,2.48,1.164389317946));
#6067 = CARTESIAN_POINT('',(0.150706091753,2.47,1.164389317946));
#6068 = CARTESIAN_POINT('',(0.136409420404,2.48,1.179465807732));
#6069 = CARTESIAN_POINT('',(0.136409420404,2.47,1.179465807732));
#6070 = CARTESIAN_POINT('',(0.117953717389,2.48,1.18695206473));
#6071 = CARTESIAN_POINT('',(0.117953717389,2.47,1.18695206473));
#6072 = CARTESIAN_POINT('',(9.52869948138E-02,2.48,1.18695206473));
#6073 = CARTESIAN_POINT('',(9.52869948138E-02,2.47,1.18695206473));
#6074 = ADVANCED_FACE('',(#6075),#6093,.F.);
#6075 = FACE_BOUND('',#6076,.F.);
#6076 = EDGE_LOOP('',(#6077,#6078,#6087,#6092));
#6077 = ORIENTED_EDGE('',*,*,#6060,.F.);
#6078 = ORIENTED_EDGE('',*,*,#6079,.T.);
#6079 = EDGE_CURVE('',#6052,#6080,#6082,.T.);
#6080 = VERTEX_POINT('',#6081);
#6081 = CARTESIAN_POINT('',(4.735415487145E-02,2.48,1.174890872902));
#6082 = B_SPLINE_CURVE_WITH_KNOTS('',3,(#6083,#6084,#6085,#6086),
  .UNSPECIFIED.,.F.,.F.,(4,4),(7.,8.),.PIECEWISE_BEZIER_KNOTS.);
#6083 = CARTESIAN_POINT('',(9.52869948138E-02,2.48,1.18695206473));
#6084 = CARTESIAN_POINT('',(7.787104971593E-02,2.48,1.18695206473));
#6085 = CARTESIAN_POINT('',(6.191076569993E-02,2.48,1.183000984648));
#6086 = CARTESIAN_POINT('',(4.735415487145E-02,2.48,1.174890872902));
#6087 = ORIENTED_EDGE('',*,*,#6088,.T.);
#6088 = EDGE_CURVE('',#6080,#938,#6089,.T.);
#6089 = B_SPLINE_CURVE_WITH_KNOTS('',1,(#6090,#6091),.UNSPECIFIED.,.F.,
  .F.,(2,2),(-0.,1.E-02),.PIECEWISE_BEZIER_KNOTS.);
#6090 = CARTESIAN_POINT('',(4.735415487145E-02,2.48,1.174890872902));
#6091 = CARTESIAN_POINT('',(4.735415487145E-02,2.47,1.174890872902));
#6092 = ORIENTED_EDGE('',*,*,#944,.F.);
#6093 = B_SPLINE_SURFACE_WITH_KNOTS('',3,1,(
    (#6094,#6095)
    ,(#6096,#6097)
    ,(#6098,#6099)
    ,(#6100,#6101
    )),.UNSPECIFIED.,.F.,.F.,.F.,(4,4),(2,2),(7.,8.),(0.,1.),
  .PIECEWISE_BEZIER_KNOTS.);
#6094 = CARTESIAN_POINT('',(9.52869948138E-02,2.48,1.18695206473));
#6095 = CARTESIAN_POINT('',(9.52869948138E-02,2.47,1.18695206473));
#6096 = CARTESIAN_POINT('',(7.787104971593E-02,2.48,1.18695206473));
#6097 = CARTESIAN_POINT('',(7.787104971593E-02,2.47,1.18695206473));
#6098 = CARTESIAN_POINT('',(6.191076569993E-02,2.48,1.183000984648));
#6099 = CARTESIAN_POINT('',(6.191076569993E-02,2.47,1.183000984648));
#6100 = CARTESIAN_POINT('',(4.735415487145E-02,2.48,1.174890872902));
#6101 = CARTESIAN_POINT('',(4.735415487145E-02,2.47,1.174890872902));
#6102 = ADVANCED_FACE('',(#6103),#6119,.F.);
#6103 = FACE_BOUND('',#6104,.T.);
#6104 = EDGE_LOOP('',(#6105,#6106,#6113,#6118));
#6105 = ORIENTED_EDGE('',*,*,#937,.T.);
#6106 = ORIENTED_EDGE('',*,*,#6107,.F.);
#6107 = EDGE_CURVE('',#6108,#929,#6110,.T.);
#6108 = VERTEX_POINT('',#6109);
#6109 = CARTESIAN_POINT('',(4.735415487145E-02,2.48,1.202340481892));
#6110 = B_SPLINE_CURVE_WITH_KNOTS('',1,(#6111,#6112),.UNSPECIFIED.,.F.,
  .F.,(2,2),(-0.,1.E-02),.PIECEWISE_BEZIER_KNOTS.);
#6111 = CARTESIAN_POINT('',(4.735415487145E-02,2.48,1.202340481892));
#6112 = CARTESIAN_POINT('',(4.735415487145E-02,2.47,1.202340481892));
#6113 = ORIENTED_EDGE('',*,*,#6114,.F.);
#6114 = EDGE_CURVE('',#6080,#6108,#6115,.T.);
#6115 = B_SPLINE_CURVE_WITH_KNOTS('',1,(#6116,#6117),.UNSPECIFIED.,.F.,
  .F.,(2,2),(-2.744960898998E-02,0.),.PIECEWISE_BEZIER_KNOTS.);
#6116 = CARTESIAN_POINT('',(4.735415487145E-02,2.48,1.174890872902));
#6117 = CARTESIAN_POINT('',(4.735415487145E-02,2.48,1.202340481892));
#6118 = ORIENTED_EDGE('',*,*,#6088,.T.);
#6119 = B_SPLINE_SURFACE_WITH_KNOTS('',1,1,(
    (#6120,#6121)
    ,(#6122,#6123
    )),.UNSPECIFIED.,.F.,.F.,.F.,(2,2),(2,2),(-0.,2.744960898998E-02),(
    -1.E-02,0.),.PIECEWISE_BEZIER_KNOTS.);
#6120 = CARTESIAN_POINT('',(4.735415487145E-02,2.47,1.202340481892));
#6121 = CARTESIAN_POINT('',(4.735415487145E-02,2.48,1.202340481892));
#6122 = CARTESIAN_POINT('',(4.735415487145E-02,2.47,1.174890872902));
#6123 = CARTESIAN_POINT('',(4.735415487145E-02,2.48,1.174890872902));
#6124 = ADVANCED_FACE('',(#6125),#6143,.F.);
#6125 = FACE_BOUND('',#6126,.F.);
#6126 = EDGE_LOOP('',(#6127,#6128,#6137,#6142));
#6127 = ORIENTED_EDGE('',*,*,#6107,.F.);
#6128 = ORIENTED_EDGE('',*,*,#6129,.T.);
#6129 = EDGE_CURVE('',#6108,#6130,#6132,.T.);
#6130 = VERTEX_POINT('',#6131);
#6131 = CARTESIAN_POINT('',(9.554693429327E-02,2.48,1.210658545222));
#6132 = B_SPLINE_CURVE_WITH_KNOTS('',3,(#6133,#6134,#6135,#6136),
  .UNSPECIFIED.,.F.,.F.,(4,4),(5.,6.),.PIECEWISE_BEZIER_KNOTS.);
#6133 = CARTESIAN_POINT('',(4.735415487145E-02,2.48,1.202340481892));
#6134 = CARTESIAN_POINT('',(6.003920145062E-02,2.48,1.207851198849));
#6135 = CARTESIAN_POINT('',(7.610346125812E-02,2.48,1.210658545222));
#6136 = CARTESIAN_POINT('',(9.554693429327E-02,2.48,1.210658545222));
#6137 = ORIENTED_EDGE('',*,*,#6138,.T.);
#6138 = EDGE_CURVE('',#6130,#920,#6139,.T.);
#6139 = B_SPLINE_CURVE_WITH_KNOTS('',1,(#6140,#6141),.UNSPECIFIED.,.F.,
  .F.,(2,2),(-0.,1.E-02),.PIECEWISE_BEZIER_KNOTS.);
#6140 = CARTESIAN_POINT('',(9.554693429327E-02,2.48,1.210658545222));
#6141 = CARTESIAN_POINT('',(9.554693429327E-02,2.47,1.210658545222));
#6142 = ORIENTED_EDGE('',*,*,#928,.F.);
#6143 = B_SPLINE_SURFACE_WITH_KNOTS('',3,1,(
    (#6144,#6145)
    ,(#6146,#6147)
    ,(#6148,#6149)
    ,(#6150,#6151
    )),.UNSPECIFIED.,.F.,.F.,.F.,(4,4),(2,2),(5.,6.),(0.,1.),
  .PIECEWISE_BEZIER_KNOTS.);
#6144 = CARTESIAN_POINT('',(4.735415487145E-02,2.48,1.202340481892));
#6145 = CARTESIAN_POINT('',(4.735415487145E-02,2.47,1.202340481892));
#6146 = CARTESIAN_POINT('',(6.003920145062E-02,2.48,1.207851198849));
#6147 = CARTESIAN_POINT('',(6.003920145062E-02,2.47,1.207851198849));
#6148 = CARTESIAN_POINT('',(7.610346125812E-02,2.48,1.210658545222));
#6149 = CARTESIAN_POINT('',(7.610346125812E-02,2.47,1.210658545222));
#6150 = CARTESIAN_POINT('',(9.554693429327E-02,2.48,1.210658545222));
#6151 = CARTESIAN_POINT('',(9.554693429327E-02,2.47,1.210658545222));
#6152 = ADVANCED_FACE('',(#6153),#6171,.F.);
#6153 = FACE_BOUND('',#6154,.F.);
#6154 = EDGE_LOOP('',(#6155,#6156,#6165,#6170));
#6155 = ORIENTED_EDGE('',*,*,#6138,.F.);
#6156 = ORIENTED_EDGE('',*,*,#6157,.T.);
#6157 = EDGE_CURVE('',#6130,#6158,#6160,.T.);
#6158 = VERTEX_POINT('',#6159);
#6159 = CARTESIAN_POINT('',(0.170253540581,2.48,1.180713517232));
#6160 = B_SPLINE_CURVE_WITH_KNOTS('',3,(#6161,#6162,#6163,#6164),
  .UNSPECIFIED.,.F.,.F.,(4,4),(4.,5.),.PIECEWISE_BEZIER_KNOTS.);
#6161 = CARTESIAN_POINT('',(9.554693429327E-02,2.48,1.210658545222));
#6162 = CARTESIAN_POINT('',(0.125751901762,2.48,1.210658545222));
#6163 = CARTESIAN_POINT('',(0.150654103858,2.48,1.200676869226));
#6164 = CARTESIAN_POINT('',(0.170253540581,2.48,1.180713517232));
#6165 = ORIENTED_EDGE('',*,*,#6166,.T.);
#6166 = EDGE_CURVE('',#6158,#911,#6167,.T.);
#6167 = B_SPLINE_CURVE_WITH_KNOTS('',1,(#6168,#6169),.UNSPECIFIED.,.F.,
  .F.,(2,2),(-0.,1.E-02),.PIECEWISE_BEZIER_KNOTS.);
#6168 = CARTESIAN_POINT('',(0.170253540581,2.48,1.180713517232));
#6169 = CARTESIAN_POINT('',(0.170253540581,2.47,1.180713517232));
#6170 = ORIENTED_EDGE('',*,*,#919,.F.);
#6171 = B_SPLINE_SURFACE_WITH_KNOTS('',3,1,(
    (#6172,#6173)
    ,(#6174,#6175)
    ,(#6176,#6177)
    ,(#6178,#6179
    )),.UNSPECIFIED.,.F.,.F.,.F.,(4,4),(2,2),(4.,5.),(0.,1.),
  .PIECEWISE_BEZIER_KNOTS.);
#6172 = CARTESIAN_POINT('',(9.554693429327E-02,2.48,1.210658545222));
#6173 = CARTESIAN_POINT('',(9.554693429327E-02,2.47,1.210658545222));
#6174 = CARTESIAN_POINT('',(0.125751901762,2.48,1.210658545222));
#6175 = CARTESIAN_POINT('',(0.125751901762,2.47,1.210658545222));
#6176 = CARTESIAN_POINT('',(0.150654103858,2.48,1.200676869226));
#6177 = CARTESIAN_POINT('',(0.150654103858,2.47,1.200676869226));
#6178 = CARTESIAN_POINT('',(0.170253540581,2.48,1.180713517232));
#6179 = CARTESIAN_POINT('',(0.170253540581,2.47,1.180713517232));
#6180 = ADVANCED_FACE('',(#6181),#6199,.F.);
#6181 = FACE_BOUND('',#6182,.F.);
#6182 = EDGE_LOOP('',(#6183,#6184,#6193,#6198));
#6183 = ORIENTED_EDGE('',*,*,#6166,.F.);
#6184 = ORIENTED_EDGE('',*,*,#6185,.T.);
#6185 = EDGE_CURVE('',#6158,#6186,#6188,.T.);
#6186 = VERTEX_POINT('',#6187);
#6187 = CARTESIAN_POINT('',(0.199626701717,2.48,1.101691915592));
#6188 = B_SPLINE_CURVE_WITH_KNOTS('',3,(#6189,#6190,#6191,#6192),
  .UNSPECIFIED.,.F.,.F.,(4,4),(3.,4.),.PIECEWISE_BEZIER_KNOTS.);
#6189 = CARTESIAN_POINT('',(0.170253540581,2.48,1.180713517232));
#6190 = CARTESIAN_POINT('',(0.189852977303,2.48,1.160750165239));
#6191 = CARTESIAN_POINT('',(0.199626701717,2.48,1.134444289956));
#6192 = CARTESIAN_POINT('',(0.199626701717,2.48,1.101691915592));
#6193 = ORIENTED_EDGE('',*,*,#6194,.T.);
#6194 = EDGE_CURVE('',#6186,#902,#6195,.T.);
#6195 = B_SPLINE_CURVE_WITH_KNOTS('',1,(#6196,#6197),.UNSPECIFIED.,.F.,
  .F.,(2,2),(-0.,1.E-02),.PIECEWISE_BEZIER_KNOTS.);
#6196 = CARTESIAN_POINT('',(0.199626701717,2.48,1.101691915592));
#6197 = CARTESIAN_POINT('',(0.199626701717,2.47,1.101691915592));
#6198 = ORIENTED_EDGE('',*,*,#910,.F.);
#6199 = B_SPLINE_SURFACE_WITH_KNOTS('',3,1,(
    (#6200,#6201)
    ,(#6202,#6203)
    ,(#6204,#6205)
    ,(#6206,#6207
    )),.UNSPECIFIED.,.F.,.F.,.F.,(4,4),(2,2),(3.,4.),(0.,1.),
  .PIECEWISE_BEZIER_KNOTS.);
#6200 = CARTESIAN_POINT('',(0.170253540581,2.48,1.180713517232));
#6201 = CARTESIAN_POINT('',(0.170253540581,2.47,1.180713517232));
#6202 = CARTESIAN_POINT('',(0.189852977303,2.48,1.160750165239));
#6203 = CARTESIAN_POINT('',(0.189852977303,2.47,1.160750165239));
#6204 = CARTESIAN_POINT('',(0.199626701717,2.48,1.134444289956));
#6205 = CARTESIAN_POINT('',(0.199626701717,2.47,1.134444289956));
#6206 = CARTESIAN_POINT('',(0.199626701717,2.48,1.101691915592));
#6207 = CARTESIAN_POINT('',(0.199626701717,2.47,1.101691915592));
#6208 = ADVANCED_FACE('',(#6209),#6227,.F.);
#6209 = FACE_BOUND('',#6210,.F.);
#6210 = EDGE_LOOP('',(#6211,#6212,#6221,#6226));
#6211 = ORIENTED_EDGE('',*,*,#6194,.F.);
#6212 = ORIENTED_EDGE('',*,*,#6213,.T.);
#6213 = EDGE_CURVE('',#6186,#6214,#6216,.T.);
#6214 = VERTEX_POINT('',#6215);
#6215 = CARTESIAN_POINT('',(0.173528778017,2.48,1.028181030909));
#6216 = B_SPLINE_CURVE_WITH_KNOTS('',3,(#6217,#6218,#6219,#6220),
  .UNSPECIFIED.,.F.,.F.,(4,4),(2.,3.),.PIECEWISE_BEZIER_KNOTS.);
#6217 = CARTESIAN_POINT('',(0.199626701717,2.48,1.101691915592));
#6218 = CARTESIAN_POINT('',(0.199626701717,2.48,1.071227008644));
#6219 = CARTESIAN_POINT('',(0.190944723115,2.48,1.046688721819));
#6220 = CARTESIAN_POINT('',(0.173528778017,2.48,1.028181030909));
#6221 = ORIENTED_EDGE('',*,*,#6222,.T.);
#6222 = EDGE_CURVE('',#6214,#893,#6223,.T.);
#6223 = B_SPLINE_CURVE_WITH_KNOTS('',1,(#6224,#6225),.UNSPECIFIED.,.F.,
  .F.,(2,2),(-0.,1.E-02),.PIECEWISE_BEZIER_KNOTS.);
#6224 = CARTESIAN_POINT('',(0.173528778017,2.48,1.028181030909));
#6225 = CARTESIAN_POINT('',(0.173528778017,2.47,1.028181030909));
#6226 = ORIENTED_EDGE('',*,*,#901,.F.);
#6227 = B_SPLINE_SURFACE_WITH_KNOTS('',3,1,(
    (#6228,#6229)
    ,(#6230,#6231)
    ,(#6232,#6233)
    ,(#6234,#6235
    )),.UNSPECIFIED.,.F.,.F.,.F.,(4,4),(2,2),(2.,3.),(0.,1.),
  .PIECEWISE_BEZIER_KNOTS.);
#6228 = CARTESIAN_POINT('',(0.199626701717,2.48,1.101691915592));
#6229 = CARTESIAN_POINT('',(0.199626701717,2.47,1.101691915592));
#6230 = CARTESIAN_POINT('',(0.199626701717,2.48,1.071227008644));
#6231 = CARTESIAN_POINT('',(0.199626701717,2.47,1.071227008644));
#6232 = CARTESIAN_POINT('',(0.190944723115,2.48,1.046688721819));
#6233 = CARTESIAN_POINT('',(0.190944723115,2.47,1.046688721819));
#6234 = CARTESIAN_POINT('',(0.173528778017,2.48,1.028181030909));
#6235 = CARTESIAN_POINT('',(0.173528778017,2.47,1.028181030909));
#6236 = ADVANCED_FACE('',(#6237),#6249,.F.);
#6237 = FACE_BOUND('',#6238,.F.);
#6238 = EDGE_LOOP('',(#6239,#6240,#6247,#6248));
#6239 = ORIENTED_EDGE('',*,*,#6222,.F.);
#6240 = ORIENTED_EDGE('',*,*,#6241,.T.);
#6241 = EDGE_CURVE('',#6214,#5883,#6242,.T.);
#6242 = B_SPLINE_CURVE_WITH_KNOTS('',3,(#6243,#6244,#6245,#6246),
  .UNSPECIFIED.,.F.,.F.,(4,4),(1.,2.),.PIECEWISE_BEZIER_KNOTS.);
#6243 = CARTESIAN_POINT('',(0.173528778017,2.48,1.028181030909));
#6244 = CARTESIAN_POINT('',(0.156112832918,2.48,1.009673339999));
#6245 = CARTESIAN_POINT('',(0.132822255593,2.48,1.000419494543));
#6246 = CARTESIAN_POINT('',(0.10365704604,2.48,1.000419494543));
#6247 = ORIENTED_EDGE('',*,*,#5882,.T.);
#6248 = ORIENTED_EDGE('',*,*,#892,.F.);
#6249 = B_SPLINE_SURFACE_WITH_KNOTS('',3,1,(
    (#6250,#6251)
    ,(#6252,#6253)
    ,(#6254,#6255)
    ,(#6256,#6257
    )),.UNSPECIFIED.,.F.,.F.,.F.,(4,4),(2,2),(1.,2.),(0.,1.),
  .PIECEWISE_BEZIER_KNOTS.);
#6250 = CARTESIAN_POINT('',(0.173528778017,2.48,1.028181030909));
#6251 = CARTESIAN_POINT('',(0.173528778017,2.47,1.028181030909));
#6252 = CARTESIAN_POINT('',(0.156112832918,2.48,1.009673339999));
#6253 = CARTESIAN_POINT('',(0.156112832918,2.47,1.009673339999));
#6254 = CARTESIAN_POINT('',(0.132822255593,2.48,1.000419494543));
#6255 = CARTESIAN_POINT('',(0.132822255593,2.47,1.000419494543));
#6256 = CARTESIAN_POINT('',(0.10365704604,2.48,1.000419494543));
#6257 = CARTESIAN_POINT('',(0.10365704604,2.47,1.000419494543));
#6258 = ADVANCED_FACE('',(#6259),#6275,.T.);
#6259 = FACE_BOUND('',#6260,.T.);
#6260 = EDGE_LOOP('',(#6261,#6262,#6263,#6264,#6265,#6266,#6267,#6268,
    #6269,#6270,#6271,#6272,#6273,#6274));
#6261 = ORIENTED_EDGE('',*,*,#5889,.T.);
#6262 = ORIENTED_EDGE('',*,*,#5924,.T.);
#6263 = ORIENTED_EDGE('',*,*,#5939,.T.);
#6264 = ORIENTED_EDGE('',*,*,#5967,.T.);
#6265 = ORIENTED_EDGE('',*,*,#5995,.T.);
#6266 = ORIENTED_EDGE('',*,*,#6023,.T.);
#6267 = ORIENTED_EDGE('',*,*,#6051,.T.);
#6268 = ORIENTED_EDGE('',*,*,#6079,.T.);
#6269 = ORIENTED_EDGE('',*,*,#6114,.T.);
#6270 = ORIENTED_EDGE('',*,*,#6129,.T.);
#6271 = ORIENTED_EDGE('',*,*,#6157,.T.);
#6272 = ORIENTED_EDGE('',*,*,#6185,.T.);
#6273 = ORIENTED_EDGE('',*,*,#6213,.T.);
#6274 = ORIENTED_EDGE('',*,*,#6241,.T.);
#6275 = B_SPLINE_SURFACE_WITH_KNOTS('',1,1,(
    (#6276,#6277)
    ,(#6278,#6279
    )),.UNSPECIFIED.,.F.,.F.,.F.,(2,2),(2,2),(-2.963310061419E-03,
    0.207275740618),(-2.530510828864E-02,0.126967438556),
  .PIECEWISE_BEZIER_KNOTS.);
#6276 = CARTESIAN_POINT('',(4.735415487145E-02,2.48,1.000419494543));
#6277 = CARTESIAN_POINT('',(0.199626701717,2.48,1.000419494543));
#6278 = CARTESIAN_POINT('',(4.735415487145E-02,2.48,1.210658545222));
#6279 = CARTESIAN_POINT('',(0.199626701717,2.48,1.210658545222));
#6280 = ADVANCED_FACE('',(#6281),#6303,.F.);
#6281 = FACE_BOUND('',#6282,.T.);
#6282 = EDGE_LOOP('',(#6283,#6284,#6291,#6298));
#6283 = ORIENTED_EDGE('',*,*,#1007,.T.);
#6284 = ORIENTED_EDGE('',*,*,#6285,.F.);
#6285 = EDGE_CURVE('',#6286,#999,#6288,.T.);
#6286 = VERTEX_POINT('',#6287);
#6287 = CARTESIAN_POINT('',(-0.102734900348,2.48,1.027037297201));
#6288 = B_SPLINE_CURVE_WITH_KNOTS('',1,(#6289,#6290),.UNSPECIFIED.,.F.,
  .F.,(2,2),(-0.,1.E-02),.PIECEWISE_BEZIER_KNOTS.);
#6289 = CARTESIAN_POINT('',(-0.102734900348,2.48,1.027037297201));
#6290 = CARTESIAN_POINT('',(-0.102734900348,2.47,1.027037297201));
#6291 = ORIENTED_EDGE('',*,*,#6292,.F.);
#6292 = EDGE_CURVE('',#6293,#6286,#6295,.T.);
#6293 = VERTEX_POINT('',#6294);
#6294 = CARTESIAN_POINT('',(-0.102734900348,2.48,1.003850695667));
#6295 = B_SPLINE_CURVE_WITH_KNOTS('',1,(#6296,#6297),.UNSPECIFIED.,.F.,
  .F.,(2,2),(-2.318660153378E-02,0.),.PIECEWISE_BEZIER_KNOTS.);
#6296 = CARTESIAN_POINT('',(-0.102734900348,2.48,1.003850695667));
#6297 = CARTESIAN_POINT('',(-0.102734900348,2.48,1.027037297201));
#6298 = ORIENTED_EDGE('',*,*,#6299,.T.);
#6299 = EDGE_CURVE('',#6293,#1008,#6300,.T.);
#6300 = B_SPLINE_CURVE_WITH_KNOTS('',1,(#6301,#6302),.UNSPECIFIED.,.F.,
  .F.,(2,2),(-0.,1.E-02),.PIECEWISE_BEZIER_KNOTS.);
#6301 = CARTESIAN_POINT('',(-0.102734900348,2.48,1.003850695667));
#6302 = CARTESIAN_POINT('',(-0.102734900348,2.47,1.003850695667));
#6303 = B_SPLINE_SURFACE_WITH_KNOTS('',1,1,(
    (#6304,#6305)
    ,(#6306,#6307
    )),.UNSPECIFIED.,.F.,.F.,.F.,(2,2),(2,2),(-0.,2.318660153378E-02),(
    -1.E-02,7.179225831387E-48),.PIECEWISE_BEZIER_KNOTS.);
#6304 = CARTESIAN_POINT('',(-0.102734900348,2.47,1.027037297201));
#6305 = CARTESIAN_POINT('',(-0.102734900348,2.48,1.027037297201));
#6306 = CARTESIAN_POINT('',(-0.102734900348,2.47,1.003850695667));
#6307 = CARTESIAN_POINT('',(-0.102734900348,2.48,1.003850695667));
#6308 = ADVANCED_FACE('',(#6309),#6325,.F.);
#6309 = FACE_BOUND('',#6310,.T.);
#6310 = EDGE_LOOP('',(#6311,#6312,#6319,#6324));
#6311 = ORIENTED_EDGE('',*,*,#998,.T.);
#6312 = ORIENTED_EDGE('',*,*,#6313,.F.);
#6313 = EDGE_CURVE('',#6314,#1001,#6316,.T.);
#6314 = VERTEX_POINT('',#6315);
#6315 = CARTESIAN_POINT('',(-1.96062549393E-02,2.48,1.027037297201));
#6316 = B_SPLINE_CURVE_WITH_KNOTS('',1,(#6317,#6318),.UNSPECIFIED.,.F.,
  .F.,(2,2),(-0.,1.E-02),.PIECEWISE_BEZIER_KNOTS.);
#6317 = CARTESIAN_POINT('',(-1.96062549393E-02,2.48,1.027037297201));
#6318 = CARTESIAN_POINT('',(-1.96062549393E-02,2.47,1.027037297201));
#6319 = ORIENTED_EDGE('',*,*,#6320,.F.);
#6320 = EDGE_CURVE('',#6286,#6314,#6321,.T.);
#6321 = B_SPLINE_CURVE_WITH_KNOTS('',1,(#6322,#6323),.UNSPECIFIED.,.F.,
  .F.,(2,2),(-8.312864540908E-02,0.),.PIECEWISE_BEZIER_KNOTS.);
#6322 = CARTESIAN_POINT('',(-0.102734900348,2.48,1.027037297201));
#6323 = CARTESIAN_POINT('',(-1.96062549393E-02,2.48,1.027037297201));
#6324 = ORIENTED_EDGE('',*,*,#6285,.T.);
#6325 = B_SPLINE_SURFACE_WITH_KNOTS('',1,1,(
    (#6326,#6327)
    ,(#6328,#6329
    )),.UNSPECIFIED.,.F.,.F.,.F.,(2,2),(2,2),(-1.058145021774E-32,
    8.312864540908E-02),(-1.E-02,2.111091895354E-33),
  .PIECEWISE_BEZIER_KNOTS.);
#6326 = CARTESIAN_POINT('',(-1.96062549393E-02,2.47,1.027037297201));
#6327 = CARTESIAN_POINT('',(-1.96062549393E-02,2.48,1.027037297201));
#6328 = CARTESIAN_POINT('',(-0.102734900348,2.47,1.027037297201));
#6329 = CARTESIAN_POINT('',(-0.102734900348,2.48,1.027037297201));
#6330 = ADVANCED_FACE('',(#6331),#6347,.F.);
#6331 = FACE_BOUND('',#6332,.T.);
#6332 = EDGE_LOOP('',(#6333,#6334,#6341,#6346));
#6333 = ORIENTED_EDGE('',*,*,#1077,.T.);
#6334 = ORIENTED_EDGE('',*,*,#6335,.F.);
#6335 = EDGE_CURVE('',#6336,#1071,#6338,.T.);
#6336 = VERTEX_POINT('',#6337);
#6337 = CARTESIAN_POINT('',(-1.96062549393E-02,2.48,1.095453368094));
#6338 = B_SPLINE_CURVE_WITH_KNOTS('',1,(#6339,#6340),.UNSPECIFIED.,.F.,
  .F.,(2,2),(-0.,1.E-02),.PIECEWISE_BEZIER_KNOTS.);
#6339 = CARTESIAN_POINT('',(-1.96062549393E-02,2.48,1.095453368094));
#6340 = CARTESIAN_POINT('',(-1.96062549393E-02,2.47,1.095453368094));
#6341 = ORIENTED_EDGE('',*,*,#6342,.F.);
#6342 = EDGE_CURVE('',#6314,#6336,#6343,.T.);
#6343 = B_SPLINE_CURVE_WITH_KNOTS('',1,(#6344,#6345),.UNSPECIFIED.,.F.,
  .F.,(2,2),(-6.841607089332E-02,0.),.PIECEWISE_BEZIER_KNOTS.);
#6344 = CARTESIAN_POINT('',(-1.96062549393E-02,2.48,1.027037297201));
#6345 = CARTESIAN_POINT('',(-1.96062549393E-02,2.48,1.095453368094));
#6346 = ORIENTED_EDGE('',*,*,#6313,.T.);
#6347 = B_SPLINE_SURFACE_WITH_KNOTS('',1,1,(
    (#6348,#6349)
    ,(#6350,#6351
    )),.UNSPECIFIED.,.F.,.F.,.F.,(2,2),(2,2),(-0.,6.841607089332E-02),(
    -1.E-02,1.555753819465E-61),.PIECEWISE_BEZIER_KNOTS.);
#6348 = CARTESIAN_POINT('',(-1.96062549393E-02,2.47,1.095453368094));
#6349 = CARTESIAN_POINT('',(-1.96062549393E-02,2.48,1.095453368094));
#6350 = CARTESIAN_POINT('',(-1.96062549393E-02,2.47,1.027037297201));
#6351 = CARTESIAN_POINT('',(-1.96062549393E-02,2.48,1.027037297201));
#6352 = ADVANCED_FACE('',(#6353),#6369,.F.);
#6353 = FACE_BOUND('',#6354,.T.);
#6354 = EDGE_LOOP('',(#6355,#6356,#6363,#6368));
#6355 = ORIENTED_EDGE('',*,*,#1070,.T.);
#6356 = ORIENTED_EDGE('',*,*,#6357,.F.);
#6357 = EDGE_CURVE('',#6358,#1064,#6360,.T.);
#6358 = VERTEX_POINT('',#6359);
#6359 = CARTESIAN_POINT('',(-9.233732118527E-02,2.48,1.095453368094));
#6360 = B_SPLINE_CURVE_WITH_KNOTS('',1,(#6361,#6362),.UNSPECIFIED.,.F.,
  .F.,(2,2),(-0.,1.E-02),.PIECEWISE_BEZIER_KNOTS.);
#6361 = CARTESIAN_POINT('',(-9.233732118527E-02,2.48,1.095453368094));
#6362 = CARTESIAN_POINT('',(-9.233732118527E-02,2.47,1.095453368094));
#6363 = ORIENTED_EDGE('',*,*,#6364,.F.);
#6364 = EDGE_CURVE('',#6336,#6358,#6365,.T.);
#6365 = B_SPLINE_CURVE_WITH_KNOTS('',1,(#6366,#6367),.UNSPECIFIED.,.F.,
  .F.,(2,2),(-7.273106624597E-02,0.),.PIECEWISE_BEZIER_KNOTS.);
#6366 = CARTESIAN_POINT('',(-1.96062549393E-02,2.48,1.095453368094));
#6367 = CARTESIAN_POINT('',(-9.233732118527E-02,2.48,1.095453368094));
#6368 = ORIENTED_EDGE('',*,*,#6335,.T.);
#6369 = B_SPLINE_SURFACE_WITH_KNOTS('',1,1,(
    (#6370,#6371)
    ,(#6372,#6373
    )),.UNSPECIFIED.,.F.,.F.,.F.,(2,2),(2,2),(0.,7.273106624597E-02),(
    -1.E-02,1.27397414299E-47),.PIECEWISE_BEZIER_KNOTS.);
#6370 = CARTESIAN_POINT('',(-9.233732118527E-02,2.47,1.095453368094));
#6371 = CARTESIAN_POINT('',(-9.233732118527E-02,2.48,1.095453368094));
#6372 = CARTESIAN_POINT('',(-1.96062549393E-02,2.47,1.095453368094));
#6373 = CARTESIAN_POINT('',(-1.96062549393E-02,2.48,1.095453368094));
#6374 = ADVANCED_FACE('',(#6375),#6391,.F.);
#6375 = FACE_BOUND('',#6376,.T.);
#6376 = EDGE_LOOP('',(#6377,#6378,#6385,#6390));
#6377 = ORIENTED_EDGE('',*,*,#1063,.T.);
#6378 = ORIENTED_EDGE('',*,*,#6379,.F.);
#6379 = EDGE_CURVE('',#6380,#1057,#6382,.T.);
#6380 = VERTEX_POINT('',#6381);
#6381 = CARTESIAN_POINT('',(-9.233732118527E-02,2.48,1.118743945419));
#6382 = B_SPLINE_CURVE_WITH_KNOTS('',1,(#6383,#6384),.UNSPECIFIED.,.F.,
  .F.,(2,2),(-0.,1.E-02),.PIECEWISE_BEZIER_KNOTS.);
#6383 = CARTESIAN_POINT('',(-9.233732118527E-02,2.48,1.118743945419));
#6384 = CARTESIAN_POINT('',(-9.233732118527E-02,2.47,1.118743945419));
#6385 = ORIENTED_EDGE('',*,*,#6386,.F.);
#6386 = EDGE_CURVE('',#6358,#6380,#6387,.T.);
#6387 = B_SPLINE_CURVE_WITH_KNOTS('',1,(#6388,#6389),.UNSPECIFIED.,.F.,
  .F.,(2,2),(-2.32905773253E-02,0.),.PIECEWISE_BEZIER_KNOTS.);
#6388 = CARTESIAN_POINT('',(-9.233732118527E-02,2.48,1.095453368094));
#6389 = CARTESIAN_POINT('',(-9.233732118527E-02,2.48,1.118743945419));
#6390 = ORIENTED_EDGE('',*,*,#6357,.T.);
#6391 = B_SPLINE_SURFACE_WITH_KNOTS('',1,1,(
    (#6392,#6393)
    ,(#6394,#6395
    )),.UNSPECIFIED.,.F.,.F.,.F.,(2,2),(2,2),(-0.,2.32905773253E-02),(
    -1.E-02,7.147175716105E-48),.PIECEWISE_BEZIER_KNOTS.);
#6392 = CARTESIAN_POINT('',(-9.233732118527E-02,2.47,1.118743945419));
#6393 = CARTESIAN_POINT('',(-9.233732118527E-02,2.48,1.118743945419));
#6394 = CARTESIAN_POINT('',(-9.233732118527E-02,2.47,1.095453368094));
#6395 = CARTESIAN_POINT('',(-9.233732118527E-02,2.48,1.095453368094));
#6396 = ADVANCED_FACE('',(#6397),#6413,.F.);
#6397 = FACE_BOUND('',#6398,.T.);
#6398 = EDGE_LOOP('',(#6399,#6400,#6407,#6412));
#6399 = ORIENTED_EDGE('',*,*,#1056,.T.);
#6400 = ORIENTED_EDGE('',*,*,#6401,.F.);
#6401 = EDGE_CURVE('',#6402,#1050,#6404,.T.);
#6402 = VERTEX_POINT('',#6403);
#6403 = CARTESIAN_POINT('',(-1.96062549393E-02,2.48,1.118743945419));
#6404 = B_SPLINE_CURVE_WITH_KNOTS('',1,(#6405,#6406),.UNSPECIFIED.,.F.,
  .F.,(2,2),(-0.,1.E-02),.PIECEWISE_BEZIER_KNOTS.);
#6405 = CARTESIAN_POINT('',(-1.96062549393E-02,2.48,1.118743945419));
#6406 = CARTESIAN_POINT('',(-1.96062549393E-02,2.47,1.118743945419));
#6407 = ORIENTED_EDGE('',*,*,#6408,.F.);
#6408 = EDGE_CURVE('',#6380,#6402,#6409,.T.);
#6409 = B_SPLINE_CURVE_WITH_KNOTS('',1,(#6410,#6411),.UNSPECIFIED.,.F.,
  .F.,(2,2),(-7.273106624597E-02,0.),.PIECEWISE_BEZIER_KNOTS.);
#6410 = CARTESIAN_POINT('',(-9.233732118527E-02,2.48,1.118743945419));
#6411 = CARTESIAN_POINT('',(-1.96062549393E-02,2.48,1.118743945419));
#6412 = ORIENTED_EDGE('',*,*,#6379,.T.);
#6413 = B_SPLINE_SURFACE_WITH_KNOTS('',1,1,(
    (#6414,#6415)
    ,(#6416,#6417
    )),.UNSPECIFIED.,.F.,.F.,.F.,(2,2),(2,2),(-6.596818077132E-33,
    7.273106624597E-02),(-1.E-02,1.151504670193E-33),
  .PIECEWISE_BEZIER_KNOTS.);
#6414 = CARTESIAN_POINT('',(-1.96062549393E-02,2.47,1.118743945419));
#6415 = CARTESIAN_POINT('',(-1.96062549393E-02,2.48,1.118743945419));
#6416 = CARTESIAN_POINT('',(-9.233732118527E-02,2.47,1.118743945419));
#6417 = CARTESIAN_POINT('',(-9.233732118527E-02,2.48,1.118743945419));
#6418 = ADVANCED_FACE('',(#6419),#6435,.F.);
#6419 = FACE_BOUND('',#6420,.T.);
#6420 = EDGE_LOOP('',(#6421,#6422,#6429,#6434));
#6421 = ORIENTED_EDGE('',*,*,#1049,.T.);
#6422 = ORIENTED_EDGE('',*,*,#6423,.F.);
#6423 = EDGE_CURVE('',#6424,#1043,#6426,.T.);
#6424 = VERTEX_POINT('',#6425);
#6425 = CARTESIAN_POINT('',(-1.96062549393E-02,2.48,1.183832790982));
#6426 = B_SPLINE_CURVE_WITH_KNOTS('',1,(#6427,#6428),.UNSPECIFIED.,.F.,
  .F.,(2,2),(-0.,1.E-02),.PIECEWISE_BEZIER_KNOTS.);
#6427 = CARTESIAN_POINT('',(-1.96062549393E-02,2.48,1.183832790982));
#6428 = CARTESIAN_POINT('',(-1.96062549393E-02,2.47,1.183832790982));
#6429 = ORIENTED_EDGE('',*,*,#6430,.F.);
#6430 = EDGE_CURVE('',#6402,#6424,#6431,.T.);
#6431 = B_SPLINE_CURVE_WITH_KNOTS('',1,(#6432,#6433),.UNSPECIFIED.,.F.,
  .F.,(2,2),(-6.508884556212E-02,0.),.PIECEWISE_BEZIER_KNOTS.);
#6432 = CARTESIAN_POINT('',(-1.96062549393E-02,2.48,1.118743945419));
#6433 = CARTESIAN_POINT('',(-1.96062549393E-02,2.48,1.183832790982));
#6434 = ORIENTED_EDGE('',*,*,#6401,.T.);
#6435 = B_SPLINE_SURFACE_WITH_KNOTS('',1,1,(
    (#6436,#6437)
    ,(#6438,#6439
    )),.UNSPECIFIED.,.F.,.F.,.F.,(2,2),(2,2),(-0.,6.508884556212E-02),(
    -1.E-02,7.778769097326E-62),.PIECEWISE_BEZIER_KNOTS.);
#6436 = CARTESIAN_POINT('',(-1.96062549393E-02,2.47,1.183832790982));
#6437 = CARTESIAN_POINT('',(-1.96062549393E-02,2.48,1.183832790982));
#6438 = CARTESIAN_POINT('',(-1.96062549393E-02,2.47,1.118743945419));
#6439 = CARTESIAN_POINT('',(-1.96062549393E-02,2.48,1.118743945419));
#6440 = ADVANCED_FACE('',(#6441),#6457,.F.);
#6441 = FACE_BOUND('',#6442,.T.);
#6442 = EDGE_LOOP('',(#6443,#6444,#6451,#6456));
#6443 = ORIENTED_EDGE('',*,*,#1042,.T.);
#6444 = ORIENTED_EDGE('',*,*,#6445,.F.);
#6445 = EDGE_CURVE('',#6446,#1036,#6448,.T.);
#6446 = VERTEX_POINT('',#6447);
#6447 = CARTESIAN_POINT('',(-9.810797762119E-02,2.48,1.183832790982));
#6448 = B_SPLINE_CURVE_WITH_KNOTS('',1,(#6449,#6450),.UNSPECIFIED.,.F.,
  .F.,(2,2),(-0.,1.E-02),.PIECEWISE_BEZIER_KNOTS.);
#6449 = CARTESIAN_POINT('',(-9.810797762119E-02,2.48,1.183832790982));
#6450 = CARTESIAN_POINT('',(-9.810797762119E-02,2.47,1.183832790982));
#6451 = ORIENTED_EDGE('',*,*,#6452,.F.);
#6452 = EDGE_CURVE('',#6424,#6446,#6453,.T.);
#6453 = B_SPLINE_CURVE_WITH_KNOTS('',1,(#6454,#6455),.UNSPECIFIED.,.F.,
  .F.,(2,2),(-7.850172268189E-02,0.),.PIECEWISE_BEZIER_KNOTS.);
#6454 = CARTESIAN_POINT('',(-1.96062549393E-02,2.48,1.183832790982));
#6455 = CARTESIAN_POINT('',(-9.810797762119E-02,2.48,1.183832790982));
#6456 = ORIENTED_EDGE('',*,*,#6423,.T.);
#6457 = B_SPLINE_SURFACE_WITH_KNOTS('',1,1,(
    (#6458,#6459)
    ,(#6460,#6461
    )),.UNSPECIFIED.,.F.,.F.,.F.,(2,2),(2,2),(0.,7.850172268189E-02),(
    -1.E-02,1.375054293012E-47),.PIECEWISE_BEZIER_KNOTS.);
#6458 = CARTESIAN_POINT('',(-9.810797762119E-02,2.47,1.183832790982));
#6459 = CARTESIAN_POINT('',(-9.810797762119E-02,2.48,1.183832790982));
#6460 = CARTESIAN_POINT('',(-1.96062549393E-02,2.47,1.183832790982));
#6461 = CARTESIAN_POINT('',(-1.96062549393E-02,2.48,1.183832790982));
#6462 = ADVANCED_FACE('',(#6463),#6479,.F.);
#6463 = FACE_BOUND('',#6464,.T.);
#6464 = EDGE_LOOP('',(#6465,#6466,#6473,#6478));
#6465 = ORIENTED_EDGE('',*,*,#1035,.T.);
#6466 = ORIENTED_EDGE('',*,*,#6467,.F.);
#6467 = EDGE_CURVE('',#6468,#1029,#6470,.T.);
#6468 = VERTEX_POINT('',#6469);
#6469 = CARTESIAN_POINT('',(-9.810797762119E-02,2.48,1.207227344098));
#6470 = B_SPLINE_CURVE_WITH_KNOTS('',1,(#6471,#6472),.UNSPECIFIED.,.F.,
  .F.,(2,2),(-0.,1.E-02),.PIECEWISE_BEZIER_KNOTS.);
#6471 = CARTESIAN_POINT('',(-9.810797762119E-02,2.48,1.207227344098));
#6472 = CARTESIAN_POINT('',(-9.810797762119E-02,2.47,1.207227344098));
#6473 = ORIENTED_EDGE('',*,*,#6474,.F.);
#6474 = EDGE_CURVE('',#6446,#6468,#6475,.T.);
#6475 = B_SPLINE_CURVE_WITH_KNOTS('',1,(#6476,#6477),.UNSPECIFIED.,.F.,
  .F.,(2,2),(-2.339455311681E-02,0.),.PIECEWISE_BEZIER_KNOTS.);
#6476 = CARTESIAN_POINT('',(-9.810797762119E-02,2.48,1.183832790982));
#6477 = CARTESIAN_POINT('',(-9.810797762119E-02,2.48,1.207227344098));
#6478 = ORIENTED_EDGE('',*,*,#6445,.T.);
#6479 = B_SPLINE_SURFACE_WITH_KNOTS('',1,1,(
    (#6480,#6481)
    ,(#6482,#6483
    )),.UNSPECIFIED.,.F.,.F.,.F.,(2,2),(2,2),(-0.,2.339455311681E-02),(
    -1.E-02,7.115410490736E-48),.PIECEWISE_BEZIER_KNOTS.);
#6480 = CARTESIAN_POINT('',(-9.810797762119E-02,2.47,1.207227344098));
#6481 = CARTESIAN_POINT('',(-9.810797762119E-02,2.48,1.207227344098));
#6482 = CARTESIAN_POINT('',(-9.810797762119E-02,2.47,1.183832790982));
#6483 = CARTESIAN_POINT('',(-9.810797762119E-02,2.48,1.183832790982));
#6484 = ADVANCED_FACE('',(#6485),#6501,.F.);
#6485 = FACE_BOUND('',#6486,.T.);
#6486 = EDGE_LOOP('',(#6487,#6488,#6495,#6500));
#6487 = ORIENTED_EDGE('',*,*,#1028,.T.);
#6488 = ORIENTED_EDGE('',*,*,#6489,.F.);
#6489 = EDGE_CURVE('',#6490,#1022,#6492,.T.);
#6490 = VERTEX_POINT('',#6491);
#6491 = CARTESIAN_POINT('',(6.647632447588E-03,2.48,1.207227344098));
#6492 = B_SPLINE_CURVE_WITH_KNOTS('',1,(#6493,#6494),.UNSPECIFIED.,.F.,
  .F.,(2,2),(-0.,1.E-02),.PIECEWISE_BEZIER_KNOTS.);
#6493 = CARTESIAN_POINT('',(6.647632447588E-03,2.48,1.207227344098));
#6494 = CARTESIAN_POINT('',(6.647632447588E-03,2.47,1.207227344098));
#6495 = ORIENTED_EDGE('',*,*,#6496,.F.);
#6496 = EDGE_CURVE('',#6468,#6490,#6497,.T.);
#6497 = B_SPLINE_CURVE_WITH_KNOTS('',1,(#6498,#6499),.UNSPECIFIED.,.F.,
  .F.,(2,2),(-0.104755610069,0.),.PIECEWISE_BEZIER_KNOTS.);
#6498 = CARTESIAN_POINT('',(-9.810797762119E-02,2.48,1.207227344098));
#6499 = CARTESIAN_POINT('',(6.647632447588E-03,2.48,1.207227344098));
#6500 = ORIENTED_EDGE('',*,*,#6467,.T.);
#6501 = B_SPLINE_SURFACE_WITH_KNOTS('',1,1,(
    (#6502,#6503)
    ,(#6504,#6505
    )),.UNSPECIFIED.,.F.,.F.,.F.,(2,2),(2,2),(-9.160246640071E-33,
    0.104755610069),(-1.E-02,2.303009340387E-33),
  .PIECEWISE_BEZIER_KNOTS.);
#6502 = CARTESIAN_POINT('',(6.647632447588E-03,2.47,1.207227344098));
#6503 = CARTESIAN_POINT('',(6.647632447588E-03,2.48,1.207227344098));
#6504 = CARTESIAN_POINT('',(-9.810797762119E-02,2.47,1.207227344098));
#6505 = CARTESIAN_POINT('',(-9.810797762119E-02,2.48,1.207227344098));
#6506 = ADVANCED_FACE('',(#6507),#6523,.F.);
#6507 = FACE_BOUND('',#6508,.T.);
#6508 = EDGE_LOOP('',(#6509,#6510,#6517,#6522));
#6509 = ORIENTED_EDGE('',*,*,#1021,.T.);
#6510 = ORIENTED_EDGE('',*,*,#6511,.F.);
#6511 = EDGE_CURVE('',#6512,#1015,#6514,.T.);
#6512 = VERTEX_POINT('',#6513);
#6513 = CARTESIAN_POINT('',(6.647632447587E-03,2.48,1.003850695667));
#6514 = B_SPLINE_CURVE_WITH_KNOTS('',1,(#6515,#6516),.UNSPECIFIED.,.F.,
  .F.,(2,2),(-0.,1.E-02),.PIECEWISE_BEZIER_KNOTS.);
#6515 = CARTESIAN_POINT('',(6.647632447587E-03,2.48,1.003850695667));
#6516 = CARTESIAN_POINT('',(6.647632447587E-03,2.47,1.003850695667));
#6517 = ORIENTED_EDGE('',*,*,#6518,.F.);
#6518 = EDGE_CURVE('',#6490,#6512,#6519,.T.);
#6519 = B_SPLINE_CURVE_WITH_KNOTS('',1,(#6520,#6521),.UNSPECIFIED.,.F.,
  .F.,(2,2),(-0.203376648431,-0.),.PIECEWISE_BEZIER_KNOTS.);
#6520 = CARTESIAN_POINT('',(6.647632447588E-03,2.48,1.207227344098));
#6521 = CARTESIAN_POINT('',(6.647632447587E-03,2.48,1.003850695667));
#6522 = ORIENTED_EDGE('',*,*,#6489,.T.);
#6523 = B_SPLINE_SURFACE_WITH_KNOTS('',1,1,(
    (#6524,#6525)
    ,(#6526,#6527
    )),.UNSPECIFIED.,.F.,.F.,.F.,(2,2),(2,2),(-1.475104996579E-18,
    0.203376648431),(-1.E-02,4.667261458396E-61),
  .PIECEWISE_BEZIER_KNOTS.);
#6524 = CARTESIAN_POINT('',(6.647632447587E-03,2.47,1.003850695667));
#6525 = CARTESIAN_POINT('',(6.647632447587E-03,2.48,1.003850695667));
#6526 = CARTESIAN_POINT('',(6.647632447588E-03,2.47,1.207227344098));
#6527 = CARTESIAN_POINT('',(6.647632447588E-03,2.48,1.207227344098));
#6528 = ADVANCED_FACE('',(#6529),#6539,.F.);
#6529 = FACE_BOUND('',#6530,.T.);
#6530 = EDGE_LOOP('',(#6531,#6532,#6533,#6538));
#6531 = ORIENTED_EDGE('',*,*,#1014,.T.);
#6532 = ORIENTED_EDGE('',*,*,#6299,.F.);
#6533 = ORIENTED_EDGE('',*,*,#6534,.F.);
#6534 = EDGE_CURVE('',#6512,#6293,#6535,.T.);
#6535 = B_SPLINE_CURVE_WITH_KNOTS('',1,(#6536,#6537),.UNSPECIFIED.,.F.,
  .F.,(2,2),(-0.109382532796,0.),.PIECEWISE_BEZIER_KNOTS.);
#6536 = CARTESIAN_POINT('',(6.647632447587E-03,2.48,1.003850695667));
#6537 = CARTESIAN_POINT('',(-0.102734900348,2.48,1.003850695667));
#6538 = ORIENTED_EDGE('',*,*,#6511,.T.);
#6539 = B_SPLINE_SURFACE_WITH_KNOTS('',1,1,(
    (#6540,#6541)
    ,(#6542,#6543
    )),.UNSPECIFIED.,.F.,.F.,.F.,(2,2),(2,2),(0.,0.109382532796),(
    -1.E-02,1.915969690387E-47),.PIECEWISE_BEZIER_KNOTS.);
#6540 = CARTESIAN_POINT('',(-0.102734900348,2.47,1.003850695667));
#6541 = CARTESIAN_POINT('',(-0.102734900348,2.48,1.003850695667));
#6542 = CARTESIAN_POINT('',(6.647632447587E-03,2.47,1.003850695667));
#6543 = CARTESIAN_POINT('',(6.647632447587E-03,2.48,1.003850695667));
#6544 = ADVANCED_FACE('',(#6545),#6559,.F.);
#6545 = FACE_BOUND('',#6546,.T.);
#6546 = EDGE_LOOP('',(#6547,#6548,#6549,#6550,#6551,#6552,#6553,#6554,
    #6555,#6556,#6557,#6558));
#6547 = ORIENTED_EDGE('',*,*,#6292,.T.);
#6548 = ORIENTED_EDGE('',*,*,#6320,.T.);
#6549 = ORIENTED_EDGE('',*,*,#6342,.T.);
#6550 = ORIENTED_EDGE('',*,*,#6364,.T.);
#6551 = ORIENTED_EDGE('',*,*,#6386,.T.);
#6552 = ORIENTED_EDGE('',*,*,#6408,.T.);
#6553 = ORIENTED_EDGE('',*,*,#6430,.T.);
#6554 = ORIENTED_EDGE('',*,*,#6452,.T.);
#6555 = ORIENTED_EDGE('',*,*,#6474,.T.);
#6556 = ORIENTED_EDGE('',*,*,#6496,.T.);
#6557 = ORIENTED_EDGE('',*,*,#6518,.T.);
#6558 = ORIENTED_EDGE('',*,*,#6534,.T.);
#6559 = B_SPLINE_SURFACE_WITH_KNOTS('',1,1,(
    (#6560,#6561)
    ,(#6562,#6563
    )),.UNSPECIFIED.,.F.,.F.,.F.,(2,2),(2,2),(0.292772755902,
    0.496149404333),(-0.102734900348,6.647632447588E-03),
  .PIECEWISE_BEZIER_KNOTS.);
#6560 = CARTESIAN_POINT('',(-0.102734900348,2.48,1.207227344098));
#6561 = CARTESIAN_POINT('',(6.647632447588E-03,2.48,1.207227344098));
#6562 = CARTESIAN_POINT('',(-0.102734900348,2.48,1.003850695667));
#6563 = CARTESIAN_POINT('',(6.647632447588E-03,2.48,1.003850695667));
#6564 = ADVANCED_FACE('',(#6565,#6624),#6683,.T.);
#6565 = FACE_BOUND('',#6566,.T.);
#6566 = EDGE_LOOP('',(#6567,#6576,#6585,#6594,#6603,#6612,#6619));
#6567 = ORIENTED_EDGE('',*,*,#6568,.T.);
#6568 = EDGE_CURVE('',#6569,#6571,#6573,.T.);
#6569 = VERTEX_POINT('',#6570);
#6570 = CARTESIAN_POINT('',(-0.141153955357,2.48,1.003850695667));
#6571 = VERTEX_POINT('',#6572);
#6572 = CARTESIAN_POINT('',(-0.197092931255,2.48,1.003850695667));
#6573 = B_SPLINE_CURVE_WITH_KNOTS('',1,(#6574,#6575),.UNSPECIFIED.,.F.,
  .F.,(2,2),(-5.593897589788E-02,-1.110223024625E-16),
  .PIECEWISE_BEZIER_KNOTS.);
#6574 = CARTESIAN_POINT('',(-0.141153955357,2.48,1.003850695667));
#6575 = CARTESIAN_POINT('',(-0.197092931255,2.48,1.003850695667));
#6576 = ORIENTED_EDGE('',*,*,#6577,.T.);
#6577 = EDGE_CURVE('',#6571,#6578,#6580,.T.);
#6578 = VERTEX_POINT('',#6579);
#6579 = CARTESIAN_POINT('',(-0.276062544999,2.48,1.032340062574));
#6580 = B_SPLINE_CURVE_WITH_KNOTS('',3,(#6581,#6582,#6583,#6584),
  .UNSPECIFIED.,.F.,.F.,(4,4),(5.,6.),.PIECEWISE_BEZIER_KNOTS.);
#6581 = CARTESIAN_POINT('',(-0.197092931255,2.48,1.003850695667));
#6582 = CARTESIAN_POINT('',(-0.229273438764,2.48,1.003850695667));
#6583 = CARTESIAN_POINT('',(-0.255631301943,2.48,1.013312492706));
#6584 = CARTESIAN_POINT('',(-0.276062544999,2.48,1.032340062574));
#6585 = ORIENTED_EDGE('',*,*,#6586,.T.);
#6586 = EDGE_CURVE('',#6578,#6587,#6589,.T.);
#6587 = VERTEX_POINT('',#6588);
#6588 = CARTESIAN_POINT('',(-0.30673540353,2.48,1.108138414674));
#6589 = B_SPLINE_CURVE_WITH_KNOTS('',3,(#6590,#6591,#6592,#6593),
  .UNSPECIFIED.,.F.,.F.,(4,4),(4.,5.),.PIECEWISE_BEZIER_KNOTS.);
#6590 = CARTESIAN_POINT('',(-0.276062544999,2.48,1.032340062574));
#6591 = CARTESIAN_POINT('',(-0.296493788055,2.48,1.051367632443));
#6592 = CARTESIAN_POINT('',(-0.30673540353,2.48,1.076633749809));
#6593 = CARTESIAN_POINT('',(-0.30673540353,2.48,1.108138414674));
#6594 = ORIENTED_EDGE('',*,*,#6595,.T.);
#6595 = EDGE_CURVE('',#6587,#6596,#6598,.T.);
#6596 = VERTEX_POINT('',#6597);
#6597 = CARTESIAN_POINT('',(-0.276062544999,2.48,1.180297614066));
#6598 = B_SPLINE_CURVE_WITH_KNOTS('',3,(#6599,#6600,#6601,#6602),
  .UNSPECIFIED.,.F.,.F.,(4,4),(3.,4.),.PIECEWISE_BEZIER_KNOTS.);
#6599 = CARTESIAN_POINT('',(-0.30673540353,2.48,1.108138414674));
#6600 = CARTESIAN_POINT('',(-0.30673540353,2.48,1.138291394246));
#6601 = CARTESIAN_POINT('',(-0.296493788055,2.48,1.162309802113));
#6602 = CARTESIAN_POINT('',(-0.276062544999,2.48,1.180297614066));
#6603 = ORIENTED_EDGE('',*,*,#6604,.T.);
#6604 = EDGE_CURVE('',#6596,#6605,#6607,.T.);
#6605 = VERTEX_POINT('',#6606);
#6606 = CARTESIAN_POINT('',(-0.199172447088,2.48,1.207227344098));
#6607 = B_SPLINE_CURVE_WITH_KNOTS('',3,(#6608,#6609,#6610,#6611),
  .UNSPECIFIED.,.F.,.F.,(4,4),(2.,3.),.PIECEWISE_BEZIER_KNOTS.);
#6608 = CARTESIAN_POINT('',(-0.276062544999,2.48,1.180297614066));
#6609 = CARTESIAN_POINT('',(-0.255631301943,2.48,1.198285426019));
#6610 = CARTESIAN_POINT('',(-0.230001269306,2.48,1.207227344098));
#6611 = CARTESIAN_POINT('',(-0.199172447088,2.48,1.207227344098));
#6612 = ORIENTED_EDGE('',*,*,#6613,.T.);
#6613 = EDGE_CURVE('',#6605,#6614,#6616,.T.);
#6614 = VERTEX_POINT('',#6615);
#6615 = CARTESIAN_POINT('',(-0.141153955357,2.48,1.207227344098));
#6616 = B_SPLINE_CURVE_WITH_KNOTS('',1,(#6617,#6618),.UNSPECIFIED.,.F.,
  .F.,(2,2),(-5.801849173091E-02,0.),.PIECEWISE_BEZIER_KNOTS.);
#6617 = CARTESIAN_POINT('',(-0.199172447088,2.48,1.207227344098));
#6618 = CARTESIAN_POINT('',(-0.141153955357,2.48,1.207227344098));
#6619 = ORIENTED_EDGE('',*,*,#6620,.T.);
#6620 = EDGE_CURVE('',#6614,#6569,#6621,.T.);
#6621 = B_SPLINE_CURVE_WITH_KNOTS('',1,(#6622,#6623),.UNSPECIFIED.,.F.,
  .F.,(2,2),(-0.203376648431,-0.),.PIECEWISE_BEZIER_KNOTS.);
#6622 = CARTESIAN_POINT('',(-0.141153955357,2.48,1.207227344098));
#6623 = CARTESIAN_POINT('',(-0.141153955357,2.48,1.003850695667));
#6624 = FACE_BOUND('',#6625,.T.);
#6625 = EDGE_LOOP('',(#6626,#6635,#6642,#6651,#6660,#6669,#6678));
#6626 = ORIENTED_EDGE('',*,*,#6627,.F.);
#6627 = EDGE_CURVE('',#6628,#6630,#6632,.T.);
#6628 = VERTEX_POINT('',#6629);
#6629 = CARTESIAN_POINT('',(-0.167407842744,2.48,1.183832790982));
#6630 = VERTEX_POINT('',#6631);
#6631 = CARTESIAN_POINT('',(-0.167407842744,2.48,1.027037297201));
#6632 = B_SPLINE_CURVE_WITH_KNOTS('',1,(#6633,#6634),.UNSPECIFIED.,.F.,
  .F.,(2,2),(0.,0.156795493781),.PIECEWISE_BEZIER_KNOTS.);
#6633 = CARTESIAN_POINT('',(-0.167407842744,2.48,1.183832790982));
#6634 = CARTESIAN_POINT('',(-0.167407842744,2.48,1.027037297201));
#6635 = ORIENTED_EDGE('',*,*,#6636,.F.);
#6636 = EDGE_CURVE('',#6637,#6628,#6639,.T.);
#6637 = VERTEX_POINT('',#6638);
#6638 = CARTESIAN_POINT('',(-0.19813268917,2.48,1.183832790982));
#6639 = B_SPLINE_CURVE_WITH_KNOTS('',1,(#6640,#6641),.UNSPECIFIED.,.F.,
  .F.,(2,2),(1.665334536938E-16,3.072484642542E-02),
  .PIECEWISE_BEZIER_KNOTS.);
#6640 = CARTESIAN_POINT('',(-0.19813268917,2.48,1.183832790982));
#6641 = CARTESIAN_POINT('',(-0.167407842744,2.48,1.183832790982));
#6642 = ORIENTED_EDGE('',*,*,#6643,.F.);
#6643 = EDGE_CURVE('',#6644,#6637,#6646,.T.);
#6644 = VERTEX_POINT('',#6645);
#6645 = CARTESIAN_POINT('',(-0.256827023547,2.48,1.164701245321));
#6646 = B_SPLINE_CURVE_WITH_KNOTS('',3,(#6647,#6648,#6649,#6650),
  .UNSPECIFIED.,.F.,.F.,(4,4),(5.,6.),.PIECEWISE_BEZIER_KNOTS.);
#6647 = CARTESIAN_POINT('',(-0.256827023547,2.48,1.164701245321));
#6648 = CARTESIAN_POINT('',(-0.241958485343,2.48,1.177490267692));
#6649 = CARTESIAN_POINT('',(-0.22235904862,2.48,1.183832790982));
#6650 = CARTESIAN_POINT('',(-0.19813268917,2.48,1.183832790982));
#6651 = ORIENTED_EDGE('',*,*,#6652,.F.);
#6652 = EDGE_CURVE('',#6653,#6644,#6655,.T.);
#6653 = VERTEX_POINT('',#6654);
#6654 = CARTESIAN_POINT('',(-0.279129830853,2.48,1.107410584132));
#6655 = B_SPLINE_CURVE_WITH_KNOTS('',3,(#6656,#6657,#6658,#6659),
  .UNSPECIFIED.,.F.,.F.,(4,4),(4.,5.),.PIECEWISE_BEZIER_KNOTS.);
#6656 = CARTESIAN_POINT('',(-0.279129830853,2.48,1.107410584132));
#6657 = CARTESIAN_POINT('',(-0.279129830853,2.48,1.13278067729));
#6658 = CARTESIAN_POINT('',(-0.27169556175,2.48,1.151912222951));
#6659 = CARTESIAN_POINT('',(-0.256827023547,2.48,1.164701245321));
#6660 = ORIENTED_EDGE('',*,*,#6661,.F.);
#6661 = EDGE_CURVE('',#6662,#6653,#6664,.T.);
#6662 = VERTEX_POINT('',#6663);
#6663 = CARTESIAN_POINT('',(-0.257398890402,2.48,1.048248358693));
#6664 = B_SPLINE_CURVE_WITH_KNOTS('',3,(#6665,#6666,#6667,#6668),
  .UNSPECIFIED.,.F.,.F.,(4,4),(3.,4.),.PIECEWISE_BEZIER_KNOTS.);
#6665 = CARTESIAN_POINT('',(-0.257398890402,2.48,1.048248358693));
#6666 = CARTESIAN_POINT('',(-0.271903513334,2.48,1.062285090564));
#6667 = CARTESIAN_POINT('',(-0.279129830853,2.48,1.082040490974));
#6668 = CARTESIAN_POINT('',(-0.279129830853,2.48,1.107410584132));
#6669 = ORIENTED_EDGE('',*,*,#6670,.F.);
#6670 = EDGE_CURVE('',#6671,#6662,#6673,.T.);
#6671 = VERTEX_POINT('',#6672);
#6672 = CARTESIAN_POINT('',(-0.196936967567,2.48,1.027037297201));
#6673 = B_SPLINE_CURVE_WITH_KNOTS('',3,(#6674,#6675,#6676,#6677),
  .UNSPECIFIED.,.F.,.F.,(4,4),(2.,3.),.PIECEWISE_BEZIER_KNOTS.);
#6674 = CARTESIAN_POINT('',(-0.196936967567,2.48,1.027037297201));
#6675 = CARTESIAN_POINT('',(-0.222774951788,2.48,1.027037297201));
#6676 = CARTESIAN_POINT('',(-0.242946255365,2.48,1.034107651032));
#6677 = CARTESIAN_POINT('',(-0.257398890402,2.48,1.048248358693));
#6678 = ORIENTED_EDGE('',*,*,#6679,.F.);
#6679 = EDGE_CURVE('',#6630,#6671,#6680,.T.);
#6680 = B_SPLINE_CURVE_WITH_KNOTS('',1,(#6681,#6682),.UNSPECIFIED.,.F.,
  .F.,(2,2),(0.,2.952912482302E-02),.PIECEWISE_BEZIER_KNOTS.);
#6681 = CARTESIAN_POINT('',(-0.167407842744,2.48,1.027037297201));
#6682 = CARTESIAN_POINT('',(-0.196936967567,2.48,1.027037297201));
#6683 = B_SPLINE_SURFACE_WITH_KNOTS('',1,1,(
    (#6684,#6685)
    ,(#6686,#6687
    )),.UNSPECIFIED.,.F.,.F.,.F.,(2,2),(2,2),(-0.196657212897,
    6.719435533992E-03),(-6.521881530082E-02,0.100362632872),
  .PIECEWISE_BEZIER_KNOTS.);
#6684 = CARTESIAN_POINT('',(-0.30673540353,2.48,1.003850695667));
#6685 = CARTESIAN_POINT('',(-0.141153955357,2.48,1.003850695667));
#6686 = CARTESIAN_POINT('',(-0.30673540353,2.48,1.207227344098));
#6687 = CARTESIAN_POINT('',(-0.141153955357,2.48,1.207227344098));
#6688 = ADVANCED_FACE('',(#6689),#6703,.F.);
#6689 = FACE_BOUND('',#6690,.T.);
#6690 = EDGE_LOOP('',(#6691,#6692,#6697,#6698));
#6691 = ORIENTED_EDGE('',*,*,#750,.T.);
#6692 = ORIENTED_EDGE('',*,*,#6693,.F.);
#6693 = EDGE_CURVE('',#6571,#740,#6694,.T.);
#6694 = B_SPLINE_CURVE_WITH_KNOTS('',1,(#6695,#6696),.UNSPECIFIED.,.F.,
  .F.,(2,2),(-0.,1.E-02),.PIECEWISE_BEZIER_KNOTS.);
#6695 = CARTESIAN_POINT('',(-0.197092931255,2.48,1.003850695667));
#6696 = CARTESIAN_POINT('',(-0.197092931255,2.47,1.003850695667));
#6697 = ORIENTED_EDGE('',*,*,#6568,.F.);
#6698 = ORIENTED_EDGE('',*,*,#6699,.T.);
#6699 = EDGE_CURVE('',#6569,#751,#6700,.T.);
#6700 = B_SPLINE_CURVE_WITH_KNOTS('',1,(#6701,#6702),.UNSPECIFIED.,.F.,
  .F.,(2,2),(-0.,1.E-02),.PIECEWISE_BEZIER_KNOTS.);
#6701 = CARTESIAN_POINT('',(-0.141153955357,2.48,1.003850695667));
#6702 = CARTESIAN_POINT('',(-0.141153955357,2.47,1.003850695667));
#6703 = B_SPLINE_SURFACE_WITH_KNOTS('',1,1,(
    (#6704,#6705)
    ,(#6706,#6707
    )),.UNSPECIFIED.,.F.,.F.,.F.,(2,2),(2,2),(1.110223024625E-16,
    5.593897589788E-02),(-1.E-02,1.269664325467E-46),
  .PIECEWISE_BEZIER_KNOTS.);
#6704 = CARTESIAN_POINT('',(-0.197092931255,2.47,1.003850695667));
#6705 = CARTESIAN_POINT('',(-0.197092931255,2.48,1.003850695667));
#6706 = CARTESIAN_POINT('',(-0.141153955357,2.47,1.003850695667));
#6707 = CARTESIAN_POINT('',(-0.141153955357,2.48,1.003850695667));
#6708 = ADVANCED_FACE('',(#6709),#6719,.F.);
#6709 = FACE_BOUND('',#6710,.F.);
#6710 = EDGE_LOOP('',(#6711,#6712,#6713,#6718));
#6711 = ORIENTED_EDGE('',*,*,#6693,.F.);
#6712 = ORIENTED_EDGE('',*,*,#6577,.T.);
#6713 = ORIENTED_EDGE('',*,*,#6714,.T.);
#6714 = EDGE_CURVE('',#6578,#742,#6715,.T.);
#6715 = B_SPLINE_CURVE_WITH_KNOTS('',1,(#6716,#6717),.UNSPECIFIED.,.F.,
  .F.,(2,2),(-0.,1.E-02),.PIECEWISE_BEZIER_KNOTS.);
#6716 = CARTESIAN_POINT('',(-0.276062544999,2.48,1.032340062574));
#6717 = CARTESIAN_POINT('',(-0.276062544999,2.47,1.032340062574));
#6718 = ORIENTED_EDGE('',*,*,#739,.F.);
#6719 = B_SPLINE_SURFACE_WITH_KNOTS('',3,1,(
    (#6720,#6721)
    ,(#6722,#6723)
    ,(#6724,#6725)
    ,(#6726,#6727
    )),.UNSPECIFIED.,.F.,.F.,.F.,(4,4),(2,2),(5.,6.),(0.,1.),
  .PIECEWISE_BEZIER_KNOTS.);
#6720 = CARTESIAN_POINT('',(-0.197092931255,2.48,1.003850695667));
#6721 = CARTESIAN_POINT('',(-0.197092931255,2.47,1.003850695667));
#6722 = CARTESIAN_POINT('',(-0.229273438764,2.48,1.003850695667));
#6723 = CARTESIAN_POINT('',(-0.229273438764,2.47,1.003850695667));
#6724 = CARTESIAN_POINT('',(-0.255631301943,2.48,1.013312492706));
#6725 = CARTESIAN_POINT('',(-0.255631301943,2.47,1.013312492706));
#6726 = CARTESIAN_POINT('',(-0.276062544999,2.48,1.032340062574));
#6727 = CARTESIAN_POINT('',(-0.276062544999,2.47,1.032340062574));
#6728 = ADVANCED_FACE('',(#6729),#6739,.F.);
#6729 = FACE_BOUND('',#6730,.F.);
#6730 = EDGE_LOOP('',(#6731,#6732,#6733,#6738));
#6731 = ORIENTED_EDGE('',*,*,#6714,.F.);
#6732 = ORIENTED_EDGE('',*,*,#6586,.T.);
#6733 = ORIENTED_EDGE('',*,*,#6734,.T.);
#6734 = EDGE_CURVE('',#6587,#781,#6735,.T.);
#6735 = B_SPLINE_CURVE_WITH_KNOTS('',1,(#6736,#6737),.UNSPECIFIED.,.F.,
  .F.,(2,2),(-0.,1.E-02),.PIECEWISE_BEZIER_KNOTS.);
#6736 = CARTESIAN_POINT('',(-0.30673540353,2.48,1.108138414674));
#6737 = CARTESIAN_POINT('',(-0.30673540353,2.47,1.108138414674));
#6738 = ORIENTED_EDGE('',*,*,#789,.F.);
#6739 = B_SPLINE_SURFACE_WITH_KNOTS('',3,1,(
    (#6740,#6741)
    ,(#6742,#6743)
    ,(#6744,#6745)
    ,(#6746,#6747
    )),.UNSPECIFIED.,.F.,.F.,.F.,(4,4),(2,2),(4.,5.),(0.,1.),
  .PIECEWISE_BEZIER_KNOTS.);
#6740 = CARTESIAN_POINT('',(-0.276062544999,2.48,1.032340062574));
#6741 = CARTESIAN_POINT('',(-0.276062544999,2.47,1.032340062574));
#6742 = CARTESIAN_POINT('',(-0.296493788055,2.48,1.051367632443));
#6743 = CARTESIAN_POINT('',(-0.296493788055,2.47,1.051367632443));
#6744 = CARTESIAN_POINT('',(-0.30673540353,2.48,1.076633749809));
#6745 = CARTESIAN_POINT('',(-0.30673540353,2.47,1.076633749809));
#6746 = CARTESIAN_POINT('',(-0.30673540353,2.48,1.108138414674));
#6747 = CARTESIAN_POINT('',(-0.30673540353,2.47,1.108138414674));
#6748 = ADVANCED_FACE('',(#6749),#6759,.F.);
#6749 = FACE_BOUND('',#6750,.F.);
#6750 = EDGE_LOOP('',(#6751,#6752,#6753,#6758));
#6751 = ORIENTED_EDGE('',*,*,#6734,.F.);
#6752 = ORIENTED_EDGE('',*,*,#6595,.T.);
#6753 = ORIENTED_EDGE('',*,*,#6754,.T.);
#6754 = EDGE_CURVE('',#6596,#772,#6755,.T.);
#6755 = B_SPLINE_CURVE_WITH_KNOTS('',1,(#6756,#6757),.UNSPECIFIED.,.F.,
  .F.,(2,2),(-0.,1.E-02),.PIECEWISE_BEZIER_KNOTS.);
#6756 = CARTESIAN_POINT('',(-0.276062544999,2.48,1.180297614066));
#6757 = CARTESIAN_POINT('',(-0.276062544999,2.47,1.180297614066));
#6758 = ORIENTED_EDGE('',*,*,#780,.F.);
#6759 = B_SPLINE_SURFACE_WITH_KNOTS('',3,1,(
    (#6760,#6761)
    ,(#6762,#6763)
    ,(#6764,#6765)
    ,(#6766,#6767
    )),.UNSPECIFIED.,.F.,.F.,.F.,(4,4),(2,2),(3.,4.),(0.,1.),
  .PIECEWISE_BEZIER_KNOTS.);
#6760 = CARTESIAN_POINT('',(-0.30673540353,2.48,1.108138414674));
#6761 = CARTESIAN_POINT('',(-0.30673540353,2.47,1.108138414674));
#6762 = CARTESIAN_POINT('',(-0.30673540353,2.48,1.138291394246));
#6763 = CARTESIAN_POINT('',(-0.30673540353,2.47,1.138291394246));
#6764 = CARTESIAN_POINT('',(-0.296493788055,2.48,1.162309802113));
#6765 = CARTESIAN_POINT('',(-0.296493788055,2.47,1.162309802113));
#6766 = CARTESIAN_POINT('',(-0.276062544999,2.48,1.180297614066));
#6767 = CARTESIAN_POINT('',(-0.276062544999,2.47,1.180297614066));
#6768 = ADVANCED_FACE('',(#6769),#6779,.F.);
#6769 = FACE_BOUND('',#6770,.F.);
#6770 = EDGE_LOOP('',(#6771,#6772,#6773,#6778));
#6771 = ORIENTED_EDGE('',*,*,#6754,.F.);
#6772 = ORIENTED_EDGE('',*,*,#6604,.T.);
#6773 = ORIENTED_EDGE('',*,*,#6774,.T.);
#6774 = EDGE_CURVE('',#6605,#765,#6775,.T.);
#6775 = B_SPLINE_CURVE_WITH_KNOTS('',1,(#6776,#6777),.UNSPECIFIED.,.F.,
  .F.,(2,2),(-0.,1.E-02),.PIECEWISE_BEZIER_KNOTS.);
#6776 = CARTESIAN_POINT('',(-0.199172447088,2.48,1.207227344098));
#6777 = CARTESIAN_POINT('',(-0.199172447088,2.47,1.207227344098));
#6778 = ORIENTED_EDGE('',*,*,#771,.F.);
#6779 = B_SPLINE_SURFACE_WITH_KNOTS('',3,1,(
    (#6780,#6781)
    ,(#6782,#6783)
    ,(#6784,#6785)
    ,(#6786,#6787
    )),.UNSPECIFIED.,.F.,.F.,.F.,(4,4),(2,2),(2.,3.),(0.,1.),
  .PIECEWISE_BEZIER_KNOTS.);
#6780 = CARTESIAN_POINT('',(-0.276062544999,2.48,1.180297614066));
#6781 = CARTESIAN_POINT('',(-0.276062544999,2.47,1.180297614066));
#6782 = CARTESIAN_POINT('',(-0.255631301943,2.48,1.198285426019));
#6783 = CARTESIAN_POINT('',(-0.255631301943,2.47,1.198285426019));
#6784 = CARTESIAN_POINT('',(-0.230001269306,2.48,1.207227344098));
#6785 = CARTESIAN_POINT('',(-0.230001269306,2.47,1.207227344098));
#6786 = CARTESIAN_POINT('',(-0.199172447088,2.48,1.207227344098));
#6787 = CARTESIAN_POINT('',(-0.199172447088,2.47,1.207227344098));
#6788 = ADVANCED_FACE('',(#6789),#6799,.F.);
#6789 = FACE_BOUND('',#6790,.T.);
#6790 = EDGE_LOOP('',(#6791,#6792,#6797,#6798));
#6791 = ORIENTED_EDGE('',*,*,#764,.T.);
#6792 = ORIENTED_EDGE('',*,*,#6793,.F.);
#6793 = EDGE_CURVE('',#6614,#758,#6794,.T.);
#6794 = B_SPLINE_CURVE_WITH_KNOTS('',1,(#6795,#6796),.UNSPECIFIED.,.F.,
  .F.,(2,2),(-0.,1.E-02),.PIECEWISE_BEZIER_KNOTS.);
#6795 = CARTESIAN_POINT('',(-0.141153955357,2.48,1.207227344098));
#6796 = CARTESIAN_POINT('',(-0.141153955357,2.47,1.207227344098));
#6797 = ORIENTED_EDGE('',*,*,#6613,.F.);
#6798 = ORIENTED_EDGE('',*,*,#6774,.T.);
#6799 = B_SPLINE_SURFACE_WITH_KNOTS('',1,1,(
    (#6800,#6801)
    ,(#6802,#6803
    )),.UNSPECIFIED.,.F.,.F.,.F.,(2,2),(2,2),(-1.10262228074E-32,
    5.801849173091E-02),(-1.E-02,1.535339560258E-33),
  .PIECEWISE_BEZIER_KNOTS.);
#6800 = CARTESIAN_POINT('',(-0.141153955357,2.47,1.207227344098));
#6801 = CARTESIAN_POINT('',(-0.141153955357,2.48,1.207227344098));
#6802 = CARTESIAN_POINT('',(-0.199172447088,2.47,1.207227344098));
#6803 = CARTESIAN_POINT('',(-0.199172447088,2.48,1.207227344098));
#6804 = ADVANCED_FACE('',(#6805),#6811,.F.);
#6805 = FACE_BOUND('',#6806,.T.);
#6806 = EDGE_LOOP('',(#6807,#6808,#6809,#6810));
#6807 = ORIENTED_EDGE('',*,*,#757,.T.);
#6808 = ORIENTED_EDGE('',*,*,#6699,.F.);
#6809 = ORIENTED_EDGE('',*,*,#6620,.F.);
#6810 = ORIENTED_EDGE('',*,*,#6793,.T.);
#6811 = B_SPLINE_SURFACE_WITH_KNOTS('',1,1,(
    (#6812,#6813)
    ,(#6814,#6815
    )),.UNSPECIFIED.,.F.,.F.,.F.,(2,2),(2,2),(-1.475104996579E-18,
    0.203376648431),(-1.E-02,2.531231980697E-61),
  .PIECEWISE_BEZIER_KNOTS.);
#6812 = CARTESIAN_POINT('',(-0.141153955357,2.47,1.003850695667));
#6813 = CARTESIAN_POINT('',(-0.141153955357,2.48,1.003850695667));
#6814 = CARTESIAN_POINT('',(-0.141153955357,2.47,1.207227344098));
#6815 = CARTESIAN_POINT('',(-0.141153955357,2.48,1.207227344098));
#6816 = ADVANCED_FACE('',(#6817),#6839,.T.);
#6817 = FACE_BOUND('',#6818,.T.);
#6818 = EDGE_LOOP('',(#6819,#6828,#6833,#6834));
#6819 = ORIENTED_EDGE('',*,*,#6820,.F.);
#6820 = EDGE_CURVE('',#6821,#6823,#6825,.T.);
#6821 = VERTEX_POINT('',#6822);
#6822 = CARTESIAN_POINT('',(-0.19813268917,2.47,1.183832790982));
#6823 = VERTEX_POINT('',#6824);
#6824 = CARTESIAN_POINT('',(-0.167407842744,2.47,1.183832790982));
#6825 = B_SPLINE_CURVE_WITH_KNOTS('',1,(#6826,#6827),.UNSPECIFIED.,.F.,
  .F.,(2,2),(1.665334536938E-16,3.072484642542E-02),
  .PIECEWISE_BEZIER_KNOTS.);
#6826 = CARTESIAN_POINT('',(-0.19813268917,2.47,1.183832790982));
#6827 = CARTESIAN_POINT('',(-0.167407842744,2.47,1.183832790982));
#6828 = ORIENTED_EDGE('',*,*,#6829,.F.);
#6829 = EDGE_CURVE('',#6637,#6821,#6830,.T.);
#6830 = B_SPLINE_CURVE_WITH_KNOTS('',1,(#6831,#6832),.UNSPECIFIED.,.F.,
  .F.,(2,2),(-0.,1.E-02),.PIECEWISE_BEZIER_KNOTS.);
#6831 = CARTESIAN_POINT('',(-0.19813268917,2.48,1.183832790982));
#6832 = CARTESIAN_POINT('',(-0.19813268917,2.47,1.183832790982));
#6833 = ORIENTED_EDGE('',*,*,#6636,.T.);
#6834 = ORIENTED_EDGE('',*,*,#6835,.T.);
#6835 = EDGE_CURVE('',#6628,#6823,#6836,.T.);
#6836 = B_SPLINE_CURVE_WITH_KNOTS('',1,(#6837,#6838),.UNSPECIFIED.,.F.,
  .F.,(2,2),(-0.,1.E-02),.PIECEWISE_BEZIER_KNOTS.);
#6837 = CARTESIAN_POINT('',(-0.167407842744,2.48,1.183832790982));
#6838 = CARTESIAN_POINT('',(-0.167407842744,2.47,1.183832790982));
#6839 = B_SPLINE_SURFACE_WITH_KNOTS('',1,1,(
    (#6840,#6841)
    ,(#6842,#6843
    )),.UNSPECIFIED.,.F.,.F.,.F.,(2,2),(2,2),(-3.072484642542E-02,
    -1.665334536938E-16),(-1.E-02,1.733704079036E-46),
  .PIECEWISE_BEZIER_KNOTS.);
#6840 = CARTESIAN_POINT('',(-0.167407842744,2.47,1.183832790982));
#6841 = CARTESIAN_POINT('',(-0.167407842744,2.48,1.183832790982));
#6842 = CARTESIAN_POINT('',(-0.19813268917,2.47,1.183832790982));
#6843 = CARTESIAN_POINT('',(-0.19813268917,2.48,1.183832790982));
#6844 = ADVANCED_FACE('',(#6845),#6861,.T.);
#6845 = FACE_BOUND('',#6846,.T.);
#6846 = EDGE_LOOP('',(#6847,#6854,#6855,#6856));
#6847 = ORIENTED_EDGE('',*,*,#6848,.F.);
#6848 = EDGE_CURVE('',#6823,#6849,#6851,.T.);
#6849 = VERTEX_POINT('',#6850);
#6850 = CARTESIAN_POINT('',(-0.167407842744,2.47,1.027037297201));
#6851 = B_SPLINE_CURVE_WITH_KNOTS('',1,(#6852,#6853),.UNSPECIFIED.,.F.,
  .F.,(2,2),(7.676918425508E-31,0.156795493781),
  .PIECEWISE_BEZIER_KNOTS.);
#6852 = CARTESIAN_POINT('',(-0.167407842744,2.47,1.183832790982));
#6853 = CARTESIAN_POINT('',(-0.167407842744,2.47,1.027037297201));
#6854 = ORIENTED_EDGE('',*,*,#6835,.F.);
#6855 = ORIENTED_EDGE('',*,*,#6627,.T.);
#6856 = ORIENTED_EDGE('',*,*,#6857,.T.);
#6857 = EDGE_CURVE('',#6630,#6849,#6858,.T.);
#6858 = B_SPLINE_CURVE_WITH_KNOTS('',1,(#6859,#6860),.UNSPECIFIED.,.F.,
  .F.,(2,2),(-0.,1.E-02),.PIECEWISE_BEZIER_KNOTS.);
#6859 = CARTESIAN_POINT('',(-0.167407842744,2.48,1.027037297201));
#6860 = CARTESIAN_POINT('',(-0.167407842744,2.47,1.027037297201));
#6861 = B_SPLINE_SURFACE_WITH_KNOTS('',1,1,(
    (#6862,#6863)
    ,(#6864,#6865
    )),.UNSPECIFIED.,.F.,.F.,.F.,(2,2),(2,2),(-0.156795493781,0.),(
    -1.E-02,0.),.PIECEWISE_BEZIER_KNOTS.);
#6862 = CARTESIAN_POINT('',(-0.167407842744,2.47,1.027037297201));
#6863 = CARTESIAN_POINT('',(-0.167407842744,2.48,1.027037297201));
#6864 = CARTESIAN_POINT('',(-0.167407842744,2.47,1.183832790982));
#6865 = CARTESIAN_POINT('',(-0.167407842744,2.48,1.183832790982));
#6866 = ADVANCED_FACE('',(#6867),#6883,.T.);
#6867 = FACE_BOUND('',#6868,.T.);
#6868 = EDGE_LOOP('',(#6869,#6876,#6877,#6878));
#6869 = ORIENTED_EDGE('',*,*,#6870,.F.);
#6870 = EDGE_CURVE('',#6849,#6871,#6873,.T.);
#6871 = VERTEX_POINT('',#6872);
#6872 = CARTESIAN_POINT('',(-0.196936967567,2.47,1.027037297201));
#6873 = B_SPLINE_CURVE_WITH_KNOTS('',1,(#6874,#6875),.UNSPECIFIED.,.F.,
  .F.,(2,2),(-8.15267111678E-31,2.952912482302E-02),
  .PIECEWISE_BEZIER_KNOTS.);
#6874 = CARTESIAN_POINT('',(-0.167407842744,2.47,1.027037297201));
#6875 = CARTESIAN_POINT('',(-0.196936967567,2.47,1.027037297201));
#6876 = ORIENTED_EDGE('',*,*,#6857,.F.);
#6877 = ORIENTED_EDGE('',*,*,#6679,.T.);
#6878 = ORIENTED_EDGE('',*,*,#6879,.T.);
#6879 = EDGE_CURVE('',#6671,#6871,#6880,.T.);
#6880 = B_SPLINE_CURVE_WITH_KNOTS('',1,(#6881,#6882),.UNSPECIFIED.,.F.,
  .F.,(2,2),(-0.,1.E-02),.PIECEWISE_BEZIER_KNOTS.);
#6881 = CARTESIAN_POINT('',(-0.196936967567,2.48,1.027037297201));
#6882 = CARTESIAN_POINT('',(-0.196936967567,2.47,1.027037297201));
#6883 = B_SPLINE_SURFACE_WITH_KNOTS('',1,1,(
    (#6884,#6885)
    ,(#6886,#6887
    )),.UNSPECIFIED.,.F.,.F.,.F.,(2,2),(2,2),(-2.952912482302E-02,
    8.15267111678E-31),(-1.E-02,7.676697801288E-34),
  .PIECEWISE_BEZIER_KNOTS.);
#6884 = CARTESIAN_POINT('',(-0.196936967567,2.47,1.027037297201));
#6885 = CARTESIAN_POINT('',(-0.196936967567,2.48,1.027037297201));
#6886 = CARTESIAN_POINT('',(-0.167407842744,2.47,1.027037297201));
#6887 = CARTESIAN_POINT('',(-0.167407842744,2.48,1.027037297201));
#6888 = ADVANCED_FACE('',(#6889),#6907,.T.);
#6889 = FACE_BOUND('',#6890,.T.);
#6890 = EDGE_LOOP('',(#6891,#6900,#6901,#6902));
#6891 = ORIENTED_EDGE('',*,*,#6892,.F.);
#6892 = EDGE_CURVE('',#6871,#6893,#6895,.T.);
#6893 = VERTEX_POINT('',#6894);
#6894 = CARTESIAN_POINT('',(-0.257398890402,2.47,1.048248358693));
#6895 = B_SPLINE_CURVE_WITH_KNOTS('',3,(#6896,#6897,#6898,#6899),
  .UNSPECIFIED.,.F.,.F.,(4,4),(2.,3.),.PIECEWISE_BEZIER_KNOTS.);
#6896 = CARTESIAN_POINT('',(-0.196936967567,2.47,1.027037297201));
#6897 = CARTESIAN_POINT('',(-0.222774951788,2.47,1.027037297201));
#6898 = CARTESIAN_POINT('',(-0.242946255365,2.47,1.034107651032));
#6899 = CARTESIAN_POINT('',(-0.257398890402,2.47,1.048248358693));
#6900 = ORIENTED_EDGE('',*,*,#6879,.F.);
#6901 = ORIENTED_EDGE('',*,*,#6670,.T.);
#6902 = ORIENTED_EDGE('',*,*,#6903,.T.);
#6903 = EDGE_CURVE('',#6662,#6893,#6904,.T.);
#6904 = B_SPLINE_CURVE_WITH_KNOTS('',1,(#6905,#6906),.UNSPECIFIED.,.F.,
  .F.,(2,2),(-0.,1.E-02),.PIECEWISE_BEZIER_KNOTS.);
#6905 = CARTESIAN_POINT('',(-0.257398890402,2.48,1.048248358693));
#6906 = CARTESIAN_POINT('',(-0.257398890402,2.47,1.048248358693));
#6907 = B_SPLINE_SURFACE_WITH_KNOTS('',3,1,(
    (#6908,#6909)
    ,(#6910,#6911)
    ,(#6912,#6913)
    ,(#6914,#6915
    )),.UNSPECIFIED.,.F.,.F.,.F.,(4,4),(2,2),(2.,3.),(0.,1.),
  .PIECEWISE_BEZIER_KNOTS.);
#6908 = CARTESIAN_POINT('',(-0.196936967567,2.48,1.027037297201));
#6909 = CARTESIAN_POINT('',(-0.196936967567,2.47,1.027037297201));
#6910 = CARTESIAN_POINT('',(-0.222774951788,2.48,1.027037297201));
#6911 = CARTESIAN_POINT('',(-0.222774951788,2.47,1.027037297201));
#6912 = CARTESIAN_POINT('',(-0.242946255365,2.48,1.034107651032));
#6913 = CARTESIAN_POINT('',(-0.242946255365,2.47,1.034107651032));
#6914 = CARTESIAN_POINT('',(-0.257398890402,2.48,1.048248358693));
#6915 = CARTESIAN_POINT('',(-0.257398890402,2.47,1.048248358693));
#6916 = ADVANCED_FACE('',(#6917),#6935,.T.);
#6917 = FACE_BOUND('',#6918,.T.);
#6918 = EDGE_LOOP('',(#6919,#6928,#6929,#6930));
#6919 = ORIENTED_EDGE('',*,*,#6920,.F.);
#6920 = EDGE_CURVE('',#6893,#6921,#6923,.T.);
#6921 = VERTEX_POINT('',#6922);
#6922 = CARTESIAN_POINT('',(-0.279129830853,2.47,1.107410584132));
#6923 = B_SPLINE_CURVE_WITH_KNOTS('',3,(#6924,#6925,#6926,#6927),
  .UNSPECIFIED.,.F.,.F.,(4,4),(3.,4.),.PIECEWISE_BEZIER_KNOTS.);
#6924 = CARTESIAN_POINT('',(-0.257398890402,2.47,1.048248358693));
#6925 = CARTESIAN_POINT('',(-0.271903513334,2.47,1.062285090564));
#6926 = CARTESIAN_POINT('',(-0.279129830853,2.47,1.082040490974));
#6927 = CARTESIAN_POINT('',(-0.279129830853,2.47,1.107410584132));
#6928 = ORIENTED_EDGE('',*,*,#6903,.F.);
#6929 = ORIENTED_EDGE('',*,*,#6661,.T.);
#6930 = ORIENTED_EDGE('',*,*,#6931,.T.);
#6931 = EDGE_CURVE('',#6653,#6921,#6932,.T.);
#6932 = B_SPLINE_CURVE_WITH_KNOTS('',1,(#6933,#6934),.UNSPECIFIED.,.F.,
  .F.,(2,2),(-0.,1.E-02),.PIECEWISE_BEZIER_KNOTS.);
#6933 = CARTESIAN_POINT('',(-0.279129830853,2.48,1.107410584132));
#6934 = CARTESIAN_POINT('',(-0.279129830853,2.47,1.107410584132));
#6935 = B_SPLINE_SURFACE_WITH_KNOTS('',3,1,(
    (#6936,#6937)
    ,(#6938,#6939)
    ,(#6940,#6941)
    ,(#6942,#6943
    )),.UNSPECIFIED.,.F.,.F.,.F.,(4,4),(2,2),(3.,4.),(0.,1.),
  .PIECEWISE_BEZIER_KNOTS.);
#6936 = CARTESIAN_POINT('',(-0.257398890402,2.48,1.048248358693));
#6937 = CARTESIAN_POINT('',(-0.257398890402,2.47,1.048248358693));
#6938 = CARTESIAN_POINT('',(-0.271903513334,2.48,1.062285090564));
#6939 = CARTESIAN_POINT('',(-0.271903513334,2.47,1.062285090564));
#6940 = CARTESIAN_POINT('',(-0.279129830853,2.48,1.082040490974));
#6941 = CARTESIAN_POINT('',(-0.279129830853,2.47,1.082040490974));
#6942 = CARTESIAN_POINT('',(-0.279129830853,2.48,1.107410584132));
#6943 = CARTESIAN_POINT('',(-0.279129830853,2.47,1.107410584132));
#6944 = ADVANCED_FACE('',(#6945),#6963,.T.);
#6945 = FACE_BOUND('',#6946,.T.);
#6946 = EDGE_LOOP('',(#6947,#6956,#6957,#6958));
#6947 = ORIENTED_EDGE('',*,*,#6948,.F.);
#6948 = EDGE_CURVE('',#6921,#6949,#6951,.T.);
#6949 = VERTEX_POINT('',#6950);
#6950 = CARTESIAN_POINT('',(-0.256827023547,2.47,1.164701245321));
#6951 = B_SPLINE_CURVE_WITH_KNOTS('',3,(#6952,#6953,#6954,#6955),
  .UNSPECIFIED.,.F.,.F.,(4,4),(4.,5.),.PIECEWISE_BEZIER_KNOTS.);
#6952 = CARTESIAN_POINT('',(-0.279129830853,2.47,1.107410584132));
#6953 = CARTESIAN_POINT('',(-0.279129830853,2.47,1.13278067729));
#6954 = CARTESIAN_POINT('',(-0.27169556175,2.47,1.151912222951));
#6955 = CARTESIAN_POINT('',(-0.256827023547,2.47,1.164701245321));
#6956 = ORIENTED_EDGE('',*,*,#6931,.F.);
#6957 = ORIENTED_EDGE('',*,*,#6652,.T.);
#6958 = ORIENTED_EDGE('',*,*,#6959,.T.);
#6959 = EDGE_CURVE('',#6644,#6949,#6960,.T.);
#6960 = B_SPLINE_CURVE_WITH_KNOTS('',1,(#6961,#6962),.UNSPECIFIED.,.F.,
  .F.,(2,2),(-0.,1.E-02),.PIECEWISE_BEZIER_KNOTS.);
#6961 = CARTESIAN_POINT('',(-0.256827023547,2.48,1.164701245321));
#6962 = CARTESIAN_POINT('',(-0.256827023547,2.47,1.164701245321));
#6963 = B_SPLINE_SURFACE_WITH_KNOTS('',3,1,(
    (#6964,#6965)
    ,(#6966,#6967)
    ,(#6968,#6969)
    ,(#6970,#6971
    )),.UNSPECIFIED.,.F.,.F.,.F.,(4,4),(2,2),(4.,5.),(0.,1.),
  .PIECEWISE_BEZIER_KNOTS.);
#6964 = CARTESIAN_POINT('',(-0.279129830853,2.48,1.107410584132));
#6965 = CARTESIAN_POINT('',(-0.279129830853,2.47,1.107410584132));
#6966 = CARTESIAN_POINT('',(-0.279129830853,2.48,1.13278067729));
#6967 = CARTESIAN_POINT('',(-0.279129830853,2.47,1.13278067729));
#6968 = CARTESIAN_POINT('',(-0.27169556175,2.48,1.151912222951));
#6969 = CARTESIAN_POINT('',(-0.27169556175,2.47,1.151912222951));
#6970 = CARTESIAN_POINT('',(-0.256827023547,2.48,1.164701245321));
#6971 = CARTESIAN_POINT('',(-0.256827023547,2.47,1.164701245321));
#6972 = ADVANCED_FACE('',(#6973),#6985,.T.);
#6973 = FACE_BOUND('',#6974,.T.);
#6974 = EDGE_LOOP('',(#6975,#6982,#6983,#6984));
#6975 = ORIENTED_EDGE('',*,*,#6976,.F.);
#6976 = EDGE_CURVE('',#6949,#6821,#6977,.T.);
#6977 = B_SPLINE_CURVE_WITH_KNOTS('',3,(#6978,#6979,#6980,#6981),
  .UNSPECIFIED.,.F.,.F.,(4,4),(5.,6.),.PIECEWISE_BEZIER_KNOTS.);
#6978 = CARTESIAN_POINT('',(-0.256827023547,2.47,1.164701245321));
#6979 = CARTESIAN_POINT('',(-0.241958485343,2.47,1.177490267692));
#6980 = CARTESIAN_POINT('',(-0.22235904862,2.47,1.183832790982));
#6981 = CARTESIAN_POINT('',(-0.19813268917,2.47,1.183832790982));
#6982 = ORIENTED_EDGE('',*,*,#6959,.F.);
#6983 = ORIENTED_EDGE('',*,*,#6643,.T.);
#6984 = ORIENTED_EDGE('',*,*,#6829,.T.);
#6985 = B_SPLINE_SURFACE_WITH_KNOTS('',3,1,(
    (#6986,#6987)
    ,(#6988,#6989)
    ,(#6990,#6991)
    ,(#6992,#6993
    )),.UNSPECIFIED.,.F.,.F.,.F.,(4,4),(2,2),(5.,6.),(0.,1.),
  .PIECEWISE_BEZIER_KNOTS.);
#6986 = CARTESIAN_POINT('',(-0.256827023547,2.48,1.164701245321));
#6987 = CARTESIAN_POINT('',(-0.256827023547,2.47,1.164701245321));
#6988 = CARTESIAN_POINT('',(-0.241958485343,2.48,1.177490267692));
#6989 = CARTESIAN_POINT('',(-0.241958485343,2.47,1.177490267692));
#6990 = CARTESIAN_POINT('',(-0.22235904862,2.48,1.183832790982));
#6991 = CARTESIAN_POINT('',(-0.22235904862,2.47,1.183832790982));
#6992 = CARTESIAN_POINT('',(-0.19813268917,2.48,1.183832790982));
#6993 = CARTESIAN_POINT('',(-0.19813268917,2.47,1.183832790982));
#6994 = ADVANCED_FACE('',(#6995),#7004,.T.);
#6995 = FACE_BOUND('',#6996,.T.);
#6996 = EDGE_LOOP('',(#6997,#6998,#6999,#7000,#7001,#7002,#7003));
#6997 = ORIENTED_EDGE('',*,*,#6820,.T.);
#6998 = ORIENTED_EDGE('',*,*,#6848,.T.);
#6999 = ORIENTED_EDGE('',*,*,#6870,.T.);
#7000 = ORIENTED_EDGE('',*,*,#6892,.T.);
#7001 = ORIENTED_EDGE('',*,*,#6920,.T.);
#7002 = ORIENTED_EDGE('',*,*,#6948,.T.);
#7003 = ORIENTED_EDGE('',*,*,#6976,.T.);
#7004 = B_SPLINE_SURFACE_WITH_KNOTS('',1,1,(
    (#7005,#7006)
    ,(#7007,#7008
    )),.UNSPECIFIED.,.F.,.F.,.F.,(2,2),(2,2),(0.997037197201,
    1.153832690982),(2.320870169147,2.432592157256),
  .PIECEWISE_BEZIER_KNOTS.);
#7005 = CARTESIAN_POINT('',(-0.279129830853,2.47,1.027037297201));
#7006 = CARTESIAN_POINT('',(-0.167407842744,2.47,1.027037297201));
#7007 = CARTESIAN_POINT('',(-0.279129830853,2.47,1.183832790982));
#7008 = CARTESIAN_POINT('',(-0.167407842744,2.47,1.183832790982));
#7009 = ADVANCED_FACE('',(#7010,#7068),#7116,.F.);
#7010 = FACE_BOUND('',#7011,.T.);
#7011 = EDGE_LOOP('',(#7012,#7021,#7028,#7035,#7042,#7049,#7056,#7063));
#7012 = ORIENTED_EDGE('',*,*,#7013,.T.);
#7013 = EDGE_CURVE('',#7014,#7016,#7018,.T.);
#7014 = VERTEX_POINT('',#7015);
#7015 = CARTESIAN_POINT('',(-0.501014170194,2.48,1.003850695667));
#7016 = VERTEX_POINT('',#7017);
#7017 = CARTESIAN_POINT('',(-0.423552205428,2.48,1.207227344098));
#7018 = B_SPLINE_CURVE_WITH_KNOTS('',1,(#7019,#7020),.UNSPECIFIED.,.F.,
  .F.,(2,2),(-0.217629081496,0.),.PIECEWISE_BEZIER_KNOTS.);
#7019 = CARTESIAN_POINT('',(-0.501014170194,2.48,1.003850695667));
#7020 = CARTESIAN_POINT('',(-0.423552205428,2.48,1.207227344098));
#7021 = ORIENTED_EDGE('',*,*,#7022,.T.);
#7022 = EDGE_CURVE('',#7016,#7023,#7025,.T.);
#7023 = VERTEX_POINT('',#7024);
#7024 = CARTESIAN_POINT('',(-0.395478741688,2.48,1.207227344098));
#7025 = B_SPLINE_CURVE_WITH_KNOTS('',1,(#7026,#7027),.UNSPECIFIED.,.F.,
  .F.,(2,2),(-2.807346374045E-02,0.),.PIECEWISE_BEZIER_KNOTS.);
#7026 = CARTESIAN_POINT('',(-0.423552205428,2.48,1.207227344098));
#7027 = CARTESIAN_POINT('',(-0.395478741688,2.48,1.207227344098));
#7028 = ORIENTED_EDGE('',*,*,#7029,.T.);
#7029 = EDGE_CURVE('',#7023,#7030,#7032,.T.);
#7030 = VERTEX_POINT('',#7031);
#7031 = CARTESIAN_POINT('',(-0.318016776923,2.48,1.003850695667));
#7032 = B_SPLINE_CURVE_WITH_KNOTS('',1,(#7033,#7034),.UNSPECIFIED.,.F.,
  .F.,(2,2),(-0.217629081495,0.),.PIECEWISE_BEZIER_KNOTS.);
#7033 = CARTESIAN_POINT('',(-0.395478741688,2.48,1.207227344098));
#7034 = CARTESIAN_POINT('',(-0.318016776923,2.48,1.003850695667));
#7035 = ORIENTED_EDGE('',*,*,#7036,.T.);
#7036 = EDGE_CURVE('',#7030,#7037,#7039,.T.);
#7037 = VERTEX_POINT('',#7038);
#7038 = CARTESIAN_POINT('',(-0.347026022787,2.48,1.003850695667));
#7039 = B_SPLINE_CURVE_WITH_KNOTS('',1,(#7040,#7041),.UNSPECIFIED.,.F.,
  .F.,(2,2),(-2.900924586407E-02,0.),.PIECEWISE_BEZIER_KNOTS.);
#7040 = CARTESIAN_POINT('',(-0.318016776923,2.48,1.003850695667));
#7041 = CARTESIAN_POINT('',(-0.347026022787,2.48,1.003850695667));
#7042 = ORIENTED_EDGE('',*,*,#7043,.T.);
#7043 = EDGE_CURVE('',#7037,#7044,#7046,.T.);
#7044 = VERTEX_POINT('',#7045);
#7045 = CARTESIAN_POINT('',(-0.366573471614,2.48,1.05947774419));
#7046 = B_SPLINE_CURVE_WITH_KNOTS('',1,(#7047,#7048),.UNSPECIFIED.,.F.,
  .F.,(2,2),(-5.896160855208E-02,0.),.PIECEWISE_BEZIER_KNOTS.);
#7047 = CARTESIAN_POINT('',(-0.347026022787,2.48,1.003850695667));
#7048 = CARTESIAN_POINT('',(-0.366573471614,2.48,1.05947774419));
#7049 = ORIENTED_EDGE('',*,*,#7050,.T.);
#7050 = EDGE_CURVE('',#7044,#7051,#7053,.T.);
#7051 = VERTEX_POINT('',#7052);
#7052 = CARTESIAN_POINT('',(-0.451261753898,2.48,1.05947774419));
#7053 = B_SPLINE_CURVE_WITH_KNOTS('',1,(#7054,#7055),.UNSPECIFIED.,.F.,
  .F.,(2,2),(-8.468828228454E-02,0.),.PIECEWISE_BEZIER_KNOTS.);
#7054 = CARTESIAN_POINT('',(-0.366573471614,2.48,1.05947774419));
#7055 = CARTESIAN_POINT('',(-0.451261753898,2.48,1.05947774419));
#7056 = ORIENTED_EDGE('',*,*,#7057,.T.);
#7057 = EDGE_CURVE('',#7051,#7058,#7060,.T.);
#7058 = VERTEX_POINT('',#7059);
#7059 = CARTESIAN_POINT('',(-0.472004924329,2.48,1.003850695667));
#7060 = B_SPLINE_CURVE_WITH_KNOTS('',1,(#7061,#7062),.UNSPECIFIED.,.F.,
  .F.,(2,2),(-5.936874301283E-02,-0.),.PIECEWISE_BEZIER_KNOTS.);
#7061 = CARTESIAN_POINT('',(-0.451261753898,2.48,1.05947774419));
#7062 = CARTESIAN_POINT('',(-0.472004924329,2.48,1.003850695667));
#7063 = ORIENTED_EDGE('',*,*,#7064,.T.);
#7064 = EDGE_CURVE('',#7058,#7014,#7065,.T.);
#7065 = B_SPLINE_CURVE_WITH_KNOTS('',1,(#7066,#7067),.UNSPECIFIED.,.F.,
  .F.,(2,2),(-2.900924586545E-02,0.),.PIECEWISE_BEZIER_KNOTS.);
#7066 = CARTESIAN_POINT('',(-0.472004924329,2.48,1.003850695667));
#7067 = CARTESIAN_POINT('',(-0.501014170194,2.48,1.003850695667));
#7068 = FACE_BOUND('',#7069,.T.);
#7069 = EDGE_LOOP('',(#7070,#7079,#7086,#7095,#7102,#7111));
#7070 = ORIENTED_EDGE('',*,*,#7071,.F.);
#7071 = EDGE_CURVE('',#7072,#7074,#7076,.T.);
#7072 = VERTEX_POINT('',#7073);
#7073 = CARTESIAN_POINT('',(-0.374891534945,2.48,1.082456394141));
#7074 = VERTEX_POINT('',#7075);
#7075 = CARTESIAN_POINT('',(-0.443151642151,2.48,1.082456394141));
#7076 = B_SPLINE_CURVE_WITH_KNOTS('',1,(#7077,#7078),.UNSPECIFIED.,.F.,
  .F.,(2,2),(0.,6.826010720605E-02),.PIECEWISE_BEZIER_KNOTS.);
#7077 = CARTESIAN_POINT('',(-0.374891534945,2.48,1.082456394141));
#7078 = CARTESIAN_POINT('',(-0.443151642151,2.48,1.082456394141));
#7079 = ORIENTED_EDGE('',*,*,#7080,.F.);
#7080 = EDGE_CURVE('',#7081,#7072,#7083,.T.);
#7081 = VERTEX_POINT('',#7082);
#7082 = CARTESIAN_POINT('',(-0.405304453997,2.48,1.166988712737));
#7083 = B_SPLINE_CURVE_WITH_KNOTS('',1,(#7084,#7085),.UNSPECIFIED.,.F.,
  .F.,(2,2),(1.420517949924E-16,8.983684395879E-02),
  .PIECEWISE_BEZIER_KNOTS.);
#7084 = CARTESIAN_POINT('',(-0.405304453997,2.48,1.166988712737));
#7085 = CARTESIAN_POINT('',(-0.374891534945,2.48,1.082456394141));
#7086 = ORIENTED_EDGE('',*,*,#7087,.F.);
#7087 = EDGE_CURVE('',#7088,#7081,#7090,.T.);
#7088 = VERTEX_POINT('',#7089);
#7089 = CARTESIAN_POINT('',(-0.40863167933,2.48,1.181233396191));
#7090 = B_SPLINE_CURVE_WITH_KNOTS('',3,(#7091,#7092,#7093,#7094),
  .UNSPECIFIED.,.F.,.F.,(4,4),(3.,4.),.PIECEWISE_BEZIER_KNOTS.);
#7091 = CARTESIAN_POINT('',(-0.40863167933,2.48,1.181233396191));
#7092 = CARTESIAN_POINT('',(-0.407643909309,2.48,1.175098824485));
#7093 = CARTESIAN_POINT('',(-0.406552163497,2.48,1.17031593807));
#7094 = CARTESIAN_POINT('',(-0.405304453997,2.48,1.166988712737));
#7095 = ORIENTED_EDGE('',*,*,#7096,.F.);
#7096 = EDGE_CURVE('',#7097,#7088,#7099,.T.);
#7097 = VERTEX_POINT('',#7098);
#7098 = CARTESIAN_POINT('',(-0.409255534079,2.48,1.181233396191));
#7099 = B_SPLINE_CURVE_WITH_KNOTS('',1,(#7100,#7101),.UNSPECIFIED.,.F.,
  .F.,(2,2),(1.665334536938E-16,6.238547490792E-04),
  .PIECEWISE_BEZIER_KNOTS.);
#7100 = CARTESIAN_POINT('',(-0.409255534079,2.48,1.181233396191));
#7101 = CARTESIAN_POINT('',(-0.40863167933,2.48,1.181233396191));
#7102 = ORIENTED_EDGE('',*,*,#7103,.F.);
#7103 = EDGE_CURVE('',#7104,#7097,#7106,.T.);
#7104 = VERTEX_POINT('',#7105);
#7105 = CARTESIAN_POINT('',(-0.412426795724,2.48,1.166988712737));
#7106 = B_SPLINE_CURVE_WITH_KNOTS('',3,(#7107,#7108,#7109,#7110),
  .UNSPECIFIED.,.F.,.F.,(4,4),(1.,2.),.PIECEWISE_BEZIER_KNOTS.);
#7107 = CARTESIAN_POINT('',(-0.412426795724,2.48,1.166988712737));
#7108 = CARTESIAN_POINT('',(-0.411439025703,2.48,1.169796059111));
#7109 = CARTESIAN_POINT('',(-0.410399267787,2.48,1.174474969734));
#7110 = CARTESIAN_POINT('',(-0.409255534079,2.48,1.181233396191));
#7111 = ORIENTED_EDGE('',*,*,#7112,.F.);
#7112 = EDGE_CURVE('',#7074,#7104,#7113,.T.);
#7113 = B_SPLINE_CURVE_WITH_KNOTS('',1,(#7114,#7115),.UNSPECIFIED.,.F.,
  .F.,(2,2),(0.,8.994292120644E-02),.PIECEWISE_BEZIER_KNOTS.);
#7114 = CARTESIAN_POINT('',(-0.443151642151,2.48,1.082456394141));
#7115 = CARTESIAN_POINT('',(-0.412426795724,2.48,1.166988712737));
#7116 = B_SPLINE_SURFACE_WITH_KNOTS('',1,1,(
    (#7117,#7118)
    ,(#7119,#7120
    )),.UNSPECIFIED.,.F.,.F.,.F.,(2,2),(2,2),(0.292772755902,
    0.496149404333),(-0.501014170194,-0.318016776923),
  .PIECEWISE_BEZIER_KNOTS.);
#7117 = CARTESIAN_POINT('',(-0.501014170194,2.48,1.207227344098));
#7118 = CARTESIAN_POINT('',(-0.318016776923,2.48,1.207227344098));
#7119 = CARTESIAN_POINT('',(-0.501014170194,2.48,1.003850695667));
#7120 = CARTESIAN_POINT('',(-0.318016776923,2.48,1.003850695667));
#7121 = ADVANCED_FACE('',(#7122),#7136,.F.);
#7122 = FACE_BOUND('',#7123,.T.);
#7123 = EDGE_LOOP('',(#7124,#7125,#7130,#7131));
#7124 = ORIENTED_EDGE('',*,*,#1093,.T.);
#7125 = ORIENTED_EDGE('',*,*,#7126,.F.);
#7126 = EDGE_CURVE('',#7016,#1085,#7127,.T.);
#7127 = B_SPLINE_CURVE_WITH_KNOTS('',1,(#7128,#7129),.UNSPECIFIED.,.F.,
  .F.,(2,2),(-0.,1.E-02),.PIECEWISE_BEZIER_KNOTS.);
#7128 = CARTESIAN_POINT('',(-0.423552205428,2.48,1.207227344098));
#7129 = CARTESIAN_POINT('',(-0.423552205428,2.47,1.207227344098));
#7130 = ORIENTED_EDGE('',*,*,#7013,.F.);
#7131 = ORIENTED_EDGE('',*,*,#7132,.T.);
#7132 = EDGE_CURVE('',#7014,#1094,#7133,.T.);
#7133 = B_SPLINE_CURVE_WITH_KNOTS('',1,(#7134,#7135),.UNSPECIFIED.,.F.,
  .F.,(2,2),(-0.,1.E-02),.PIECEWISE_BEZIER_KNOTS.);
#7134 = CARTESIAN_POINT('',(-0.501014170194,2.48,1.003850695667));
#7135 = CARTESIAN_POINT('',(-0.501014170194,2.47,1.003850695667));
#7136 = B_SPLINE_SURFACE_WITH_KNOTS('',1,1,(
    (#7137,#7138)
    ,(#7139,#7140
    )),.UNSPECIFIED.,.F.,.F.,.F.,(2,2),(2,2),(-0.,0.217629081496),(
    -1.E-02,1.54074395551E-33),.PIECEWISE_BEZIER_KNOTS.);
#7137 = CARTESIAN_POINT('',(-0.423552205428,2.47,1.207227344098));
#7138 = CARTESIAN_POINT('',(-0.423552205428,2.48,1.207227344098));
#7139 = CARTESIAN_POINT('',(-0.501014170194,2.47,1.003850695667));
#7140 = CARTESIAN_POINT('',(-0.501014170194,2.48,1.003850695667));
#7141 = ADVANCED_FACE('',(#7142),#7152,.F.);
#7142 = FACE_BOUND('',#7143,.T.);
#7143 = EDGE_LOOP('',(#7144,#7145,#7150,#7151));
#7144 = ORIENTED_EDGE('',*,*,#1084,.T.);
#7145 = ORIENTED_EDGE('',*,*,#7146,.F.);
#7146 = EDGE_CURVE('',#7023,#1087,#7147,.T.);
#7147 = B_SPLINE_CURVE_WITH_KNOTS('',1,(#7148,#7149),.UNSPECIFIED.,.F.,
  .F.,(2,2),(-0.,1.E-02),.PIECEWISE_BEZIER_KNOTS.);
#7148 = CARTESIAN_POINT('',(-0.395478741688,2.48,1.207227344098));
#7149 = CARTESIAN_POINT('',(-0.395478741688,2.47,1.207227344098));
#7150 = ORIENTED_EDGE('',*,*,#7022,.F.);
#7151 = ORIENTED_EDGE('',*,*,#7126,.T.);
#7152 = B_SPLINE_SURFACE_WITH_KNOTS('',1,1,(
    (#7153,#7154)
    ,(#7155,#7156
    )),.UNSPECIFIED.,.F.,.F.,.F.,(2,2),(2,2),(-1.139376356777E-32,
    2.807346374045E-02),(-1.E-02,7.676697801288E-34),
  .PIECEWISE_BEZIER_KNOTS.);
#7153 = CARTESIAN_POINT('',(-0.395478741688,2.47,1.207227344098));
#7154 = CARTESIAN_POINT('',(-0.395478741688,2.48,1.207227344098));
#7155 = CARTESIAN_POINT('',(-0.423552205428,2.47,1.207227344098));
#7156 = CARTESIAN_POINT('',(-0.423552205428,2.48,1.207227344098));
#7157 = ADVANCED_FACE('',(#7158),#7168,.F.);
#7158 = FACE_BOUND('',#7159,.T.);
#7159 = EDGE_LOOP('',(#7160,#7161,#7166,#7167));
#7160 = ORIENTED_EDGE('',*,*,#1135,.T.);
#7161 = ORIENTED_EDGE('',*,*,#7162,.F.);
#7162 = EDGE_CURVE('',#7030,#1129,#7163,.T.);
#7163 = B_SPLINE_CURVE_WITH_KNOTS('',1,(#7164,#7165),.UNSPECIFIED.,.F.,
  .F.,(2,2),(-0.,1.E-02),.PIECEWISE_BEZIER_KNOTS.);
#7164 = CARTESIAN_POINT('',(-0.318016776923,2.48,1.003850695667));
#7165 = CARTESIAN_POINT('',(-0.318016776923,2.47,1.003850695667));
#7166 = ORIENTED_EDGE('',*,*,#7029,.F.);
#7167 = ORIENTED_EDGE('',*,*,#7146,.T.);
#7168 = B_SPLINE_SURFACE_WITH_KNOTS('',1,1,(
    (#7169,#7170)
    ,(#7171,#7172
    )),.UNSPECIFIED.,.F.,.F.,.F.,(2,2),(2,2),(-1.378501017546E-18,
    0.217629081495),(-1.E-02,0.),.PIECEWISE_BEZIER_KNOTS.);
#7169 = CARTESIAN_POINT('',(-0.318016776923,2.47,1.003850695667));
#7170 = CARTESIAN_POINT('',(-0.318016776923,2.48,1.003850695667));
#7171 = CARTESIAN_POINT('',(-0.395478741688,2.47,1.207227344098));
#7172 = CARTESIAN_POINT('',(-0.395478741688,2.48,1.207227344098));
#7173 = ADVANCED_FACE('',(#7174),#7184,.F.);
#7174 = FACE_BOUND('',#7175,.T.);
#7175 = EDGE_LOOP('',(#7176,#7177,#7182,#7183));
#7176 = ORIENTED_EDGE('',*,*,#1128,.T.);
#7177 = ORIENTED_EDGE('',*,*,#7178,.F.);
#7178 = EDGE_CURVE('',#7037,#1122,#7179,.T.);
#7179 = B_SPLINE_CURVE_WITH_KNOTS('',1,(#7180,#7181),.UNSPECIFIED.,.F.,
  .F.,(2,2),(-0.,1.E-02),.PIECEWISE_BEZIER_KNOTS.);
#7180 = CARTESIAN_POINT('',(-0.347026022787,2.48,1.003850695667));
#7181 = CARTESIAN_POINT('',(-0.347026022787,2.47,1.003850695667));
#7182 = ORIENTED_EDGE('',*,*,#7036,.F.);
#7183 = ORIENTED_EDGE('',*,*,#7162,.T.);
#7184 = B_SPLINE_SURFACE_WITH_KNOTS('',1,1,(
    (#7185,#7186)
    ,(#7187,#7188
    )),.UNSPECIFIED.,.F.,.F.,.F.,(2,2),(2,2),(0.,2.900924586407E-02),(
    -1.E-02,5.081326460067E-48),.PIECEWISE_BEZIER_KNOTS.);
#7185 = CARTESIAN_POINT('',(-0.347026022787,2.47,1.003850695667));
#7186 = CARTESIAN_POINT('',(-0.347026022787,2.48,1.003850695667));
#7187 = CARTESIAN_POINT('',(-0.318016776923,2.47,1.003850695667));
#7188 = CARTESIAN_POINT('',(-0.318016776923,2.48,1.003850695667));
#7189 = ADVANCED_FACE('',(#7190),#7200,.F.);
#7190 = FACE_BOUND('',#7191,.T.);
#7191 = EDGE_LOOP('',(#7192,#7193,#7198,#7199));
#7192 = ORIENTED_EDGE('',*,*,#1121,.T.);
#7193 = ORIENTED_EDGE('',*,*,#7194,.F.);
#7194 = EDGE_CURVE('',#7044,#1115,#7195,.T.);
#7195 = B_SPLINE_CURVE_WITH_KNOTS('',1,(#7196,#7197),.UNSPECIFIED.,.F.,
  .F.,(2,2),(-0.,1.E-02),.PIECEWISE_BEZIER_KNOTS.);
#7196 = CARTESIAN_POINT('',(-0.366573471614,2.48,1.05947774419));
#7197 = CARTESIAN_POINT('',(-0.366573471614,2.47,1.05947774419));
#7198 = ORIENTED_EDGE('',*,*,#7043,.F.);
#7199 = ORIENTED_EDGE('',*,*,#7178,.T.);
#7200 = B_SPLINE_SURFACE_WITH_KNOTS('',1,1,(
    (#7201,#7202)
    ,(#7203,#7204
    )),.UNSPECIFIED.,.F.,.F.,.F.,(2,2),(2,2),(0.,5.896160855208E-02),(
    -1.E-02,0.),.PIECEWISE_BEZIER_KNOTS.);
#7201 = CARTESIAN_POINT('',(-0.366573471614,2.47,1.05947774419));
#7202 = CARTESIAN_POINT('',(-0.366573471614,2.48,1.05947774419));
#7203 = CARTESIAN_POINT('',(-0.347026022787,2.47,1.003850695667));
#7204 = CARTESIAN_POINT('',(-0.347026022787,2.48,1.003850695667));
#7205 = ADVANCED_FACE('',(#7206),#7216,.F.);
#7206 = FACE_BOUND('',#7207,.T.);
#7207 = EDGE_LOOP('',(#7208,#7209,#7214,#7215));
#7208 = ORIENTED_EDGE('',*,*,#1114,.T.);
#7209 = ORIENTED_EDGE('',*,*,#7210,.F.);
#7210 = EDGE_CURVE('',#7051,#1108,#7211,.T.);
#7211 = B_SPLINE_CURVE_WITH_KNOTS('',1,(#7212,#7213),.UNSPECIFIED.,.F.,
  .F.,(2,2),(-0.,1.E-02),.PIECEWISE_BEZIER_KNOTS.);
#7212 = CARTESIAN_POINT('',(-0.451261753898,2.48,1.05947774419));
#7213 = CARTESIAN_POINT('',(-0.451261753898,2.47,1.05947774419));
#7214 = ORIENTED_EDGE('',*,*,#7050,.F.);
#7215 = ORIENTED_EDGE('',*,*,#7194,.T.);
#7216 = B_SPLINE_SURFACE_WITH_KNOTS('',1,1,(
    (#7217,#7218)
    ,(#7219,#7220
    )),.UNSPECIFIED.,.F.,.F.,.F.,(2,2),(2,2),(0.,8.468828228454E-02),(
    -1.E-02,1.483419498895E-47),.PIECEWISE_BEZIER_KNOTS.);
#7217 = CARTESIAN_POINT('',(-0.451261753898,2.47,1.05947774419));
#7218 = CARTESIAN_POINT('',(-0.451261753898,2.48,1.05947774419));
#7219 = CARTESIAN_POINT('',(-0.366573471614,2.47,1.05947774419));
#7220 = CARTESIAN_POINT('',(-0.366573471614,2.48,1.05947774419));
#7221 = ADVANCED_FACE('',(#7222),#7232,.F.);
#7222 = FACE_BOUND('',#7223,.T.);
#7223 = EDGE_LOOP('',(#7224,#7225,#7230,#7231));
#7224 = ORIENTED_EDGE('',*,*,#1107,.T.);
#7225 = ORIENTED_EDGE('',*,*,#7226,.F.);
#7226 = EDGE_CURVE('',#7058,#1101,#7227,.T.);
#7227 = B_SPLINE_CURVE_WITH_KNOTS('',1,(#7228,#7229),.UNSPECIFIED.,.F.,
  .F.,(2,2),(-0.,1.E-02),.PIECEWISE_BEZIER_KNOTS.);
#7228 = CARTESIAN_POINT('',(-0.472004924329,2.48,1.003850695667));
#7229 = CARTESIAN_POINT('',(-0.472004924329,2.47,1.003850695667));
#7230 = ORIENTED_EDGE('',*,*,#7057,.F.);
#7231 = ORIENTED_EDGE('',*,*,#7210,.T.);
#7232 = B_SPLINE_SURFACE_WITH_KNOTS('',1,1,(
    (#7233,#7234)
    ,(#7235,#7236
    )),.UNSPECIFIED.,.F.,.F.,.F.,(2,2),(2,2),(-1.382137014489E-18,
    5.936874301283E-02),(-1.E-02,1.829440638865E-34),
  .PIECEWISE_BEZIER_KNOTS.);
#7233 = CARTESIAN_POINT('',(-0.472004924329,2.47,1.003850695667));
#7234 = CARTESIAN_POINT('',(-0.472004924329,2.48,1.003850695667));
#7235 = CARTESIAN_POINT('',(-0.451261753898,2.47,1.05947774419));
#7236 = CARTESIAN_POINT('',(-0.451261753898,2.48,1.05947774419));
#7237 = ADVANCED_FACE('',(#7238),#7244,.F.);
#7238 = FACE_BOUND('',#7239,.T.);
#7239 = EDGE_LOOP('',(#7240,#7241,#7242,#7243));
#7240 = ORIENTED_EDGE('',*,*,#1100,.T.);
#7241 = ORIENTED_EDGE('',*,*,#7132,.F.);
#7242 = ORIENTED_EDGE('',*,*,#7064,.F.);
#7243 = ORIENTED_EDGE('',*,*,#7226,.T.);
#7244 = B_SPLINE_SURFACE_WITH_KNOTS('',1,1,(
    (#7245,#7246)
    ,(#7247,#7248
    )),.UNSPECIFIED.,.F.,.F.,.F.,(2,2),(2,2),(0.,2.900924586545E-02),(
    -1.E-02,5.08132646031E-48),.PIECEWISE_BEZIER_KNOTS.);
#7245 = CARTESIAN_POINT('',(-0.501014170194,2.47,1.003850695667));
#7246 = CARTESIAN_POINT('',(-0.501014170194,2.48,1.003850695667));
#7247 = CARTESIAN_POINT('',(-0.472004924329,2.47,1.003850695667));
#7248 = CARTESIAN_POINT('',(-0.472004924329,2.48,1.003850695667));
#7249 = ADVANCED_FACE('',(#7250),#7272,.T.);
#7250 = FACE_BOUND('',#7251,.T.);
#7251 = EDGE_LOOP('',(#7252,#7261,#7266,#7267));
#7252 = ORIENTED_EDGE('',*,*,#7253,.F.);
#7253 = EDGE_CURVE('',#7254,#7256,#7258,.T.);
#7254 = VERTEX_POINT('',#7255);
#7255 = CARTESIAN_POINT('',(-0.374891534945,2.47,1.082456394141));
#7256 = VERTEX_POINT('',#7257);
#7257 = CARTESIAN_POINT('',(-0.443151642151,2.47,1.082456394141));
#7258 = B_SPLINE_CURVE_WITH_KNOTS('',1,(#7259,#7260),.UNSPECIFIED.,.F.,
  .F.,(2,2),(2.775557561563E-16,6.826010720605E-02),
  .PIECEWISE_BEZIER_KNOTS.);
#7259 = CARTESIAN_POINT('',(-0.374891534945,2.47,1.082456394141));
#7260 = CARTESIAN_POINT('',(-0.443151642151,2.47,1.082456394141));
#7261 = ORIENTED_EDGE('',*,*,#7262,.F.);
#7262 = EDGE_CURVE('',#7072,#7254,#7263,.T.);
#7263 = B_SPLINE_CURVE_WITH_KNOTS('',1,(#7264,#7265),.UNSPECIFIED.,.F.,
  .F.,(2,2),(-0.,1.E-02),.PIECEWISE_BEZIER_KNOTS.);
#7264 = CARTESIAN_POINT('',(-0.374891534945,2.48,1.082456394141));
#7265 = CARTESIAN_POINT('',(-0.374891534945,2.47,1.082456394141));
#7266 = ORIENTED_EDGE('',*,*,#7071,.T.);
#7267 = ORIENTED_EDGE('',*,*,#7268,.T.);
#7268 = EDGE_CURVE('',#7074,#7256,#7269,.T.);
#7269 = B_SPLINE_CURVE_WITH_KNOTS('',1,(#7270,#7271),.UNSPECIFIED.,.F.,
  .F.,(2,2),(-0.,1.E-02),.PIECEWISE_BEZIER_KNOTS.);
#7270 = CARTESIAN_POINT('',(-0.443151642151,2.48,1.082456394141));
#7271 = CARTESIAN_POINT('',(-0.443151642151,2.47,1.082456394141));
#7272 = B_SPLINE_SURFACE_WITH_KNOTS('',1,1,(
    (#7273,#7274)
    ,(#7275,#7276
    )),.UNSPECIFIED.,.F.,.F.,.F.,(2,2),(2,2),(-6.826010720605E-02,
    1.171483687469E-32),(-1.E-02,1.919174450322E-33),
  .PIECEWISE_BEZIER_KNOTS.);
#7273 = CARTESIAN_POINT('',(-0.443151642151,2.47,1.082456394141));
#7274 = CARTESIAN_POINT('',(-0.443151642151,2.48,1.082456394141));
#7275 = CARTESIAN_POINT('',(-0.374891534945,2.47,1.082456394141));
#7276 = CARTESIAN_POINT('',(-0.374891534945,2.48,1.082456394141));
#7277 = ADVANCED_FACE('',(#7278),#7294,.T.);
#7278 = FACE_BOUND('',#7279,.T.);
#7279 = EDGE_LOOP('',(#7280,#7287,#7288,#7289));
#7280 = ORIENTED_EDGE('',*,*,#7281,.F.);
#7281 = EDGE_CURVE('',#7256,#7282,#7284,.T.);
#7282 = VERTEX_POINT('',#7283);
#7283 = CARTESIAN_POINT('',(-0.412426795724,2.47,1.166988712737));
#7284 = B_SPLINE_CURVE_WITH_KNOTS('',1,(#7285,#7286),.UNSPECIFIED.,.F.,
  .F.,(2,2),(-6.641800566148E-17,8.994292120644E-02),
  .PIECEWISE_BEZIER_KNOTS.);
#7285 = CARTESIAN_POINT('',(-0.443151642151,2.47,1.082456394141));
#7286 = CARTESIAN_POINT('',(-0.412426795724,2.47,1.166988712737));
#7287 = ORIENTED_EDGE('',*,*,#7268,.F.);
#7288 = ORIENTED_EDGE('',*,*,#7112,.T.);
#7289 = ORIENTED_EDGE('',*,*,#7290,.T.);
#7290 = EDGE_CURVE('',#7104,#7282,#7291,.T.);
#7291 = B_SPLINE_CURVE_WITH_KNOTS('',1,(#7292,#7293),.UNSPECIFIED.,.F.,
  .F.,(2,2),(-0.,1.E-02),.PIECEWISE_BEZIER_KNOTS.);
#7292 = CARTESIAN_POINT('',(-0.412426795724,2.48,1.166988712737));
#7293 = CARTESIAN_POINT('',(-0.412426795724,2.47,1.166988712737));
#7294 = B_SPLINE_SURFACE_WITH_KNOTS('',1,1,(
    (#7295,#7296)
    ,(#7297,#7298
    )),.UNSPECIFIED.,.F.,.F.,.F.,(2,2),(2,2),(-8.994292120644E-02,
    6.641800566148E-17),(-1.E-02,0.),.PIECEWISE_BEZIER_KNOTS.);
#7295 = CARTESIAN_POINT('',(-0.412426795724,2.47,1.166988712737));
#7296 = CARTESIAN_POINT('',(-0.412426795724,2.48,1.166988712737));
#7297 = CARTESIAN_POINT('',(-0.443151642151,2.47,1.082456394141));
#7298 = CARTESIAN_POINT('',(-0.443151642151,2.48,1.082456394141));
#7299 = ADVANCED_FACE('',(#7300),#7318,.T.);
#7300 = FACE_BOUND('',#7301,.T.);
#7301 = EDGE_LOOP('',(#7302,#7311,#7312,#7313));
#7302 = ORIENTED_EDGE('',*,*,#7303,.F.);
#7303 = EDGE_CURVE('',#7282,#7304,#7306,.T.);
#7304 = VERTEX_POINT('',#7305);
#7305 = CARTESIAN_POINT('',(-0.409255534079,2.47,1.181233396191));
#7306 = B_SPLINE_CURVE_WITH_KNOTS('',3,(#7307,#7308,#7309,#7310),
  .UNSPECIFIED.,.F.,.F.,(4,4),(1.,2.),.PIECEWISE_BEZIER_KNOTS.);
#7307 = CARTESIAN_POINT('',(-0.412426795724,2.47,1.166988712737));
#7308 = CARTESIAN_POINT('',(-0.411439025703,2.47,1.169796059111));
#7309 = CARTESIAN_POINT('',(-0.410399267787,2.47,1.174474969734));
#7310 = CARTESIAN_POINT('',(-0.409255534079,2.47,1.181233396191));
#7311 = ORIENTED_EDGE('',*,*,#7290,.F.);
#7312 = ORIENTED_EDGE('',*,*,#7103,.T.);
#7313 = ORIENTED_EDGE('',*,*,#7314,.T.);
#7314 = EDGE_CURVE('',#7097,#7304,#7315,.T.);
#7315 = B_SPLINE_CURVE_WITH_KNOTS('',1,(#7316,#7317),.UNSPECIFIED.,.F.,
  .F.,(2,2),(-0.,1.E-02),.PIECEWISE_BEZIER_KNOTS.);
#7316 = CARTESIAN_POINT('',(-0.409255534079,2.48,1.181233396191));
#7317 = CARTESIAN_POINT('',(-0.409255534079,2.47,1.181233396191));
#7318 = B_SPLINE_SURFACE_WITH_KNOTS('',3,1,(
    (#7319,#7320)
    ,(#7321,#7322)
    ,(#7323,#7324)
    ,(#7325,#7326
    )),.UNSPECIFIED.,.F.,.F.,.F.,(4,4),(2,2),(1.,2.),(0.,1.),
  .PIECEWISE_BEZIER_KNOTS.);
#7319 = CARTESIAN_POINT('',(-0.412426795724,2.48,1.166988712737));
#7320 = CARTESIAN_POINT('',(-0.412426795724,2.47,1.166988712737));
#7321 = CARTESIAN_POINT('',(-0.411439025703,2.48,1.169796059111));
#7322 = CARTESIAN_POINT('',(-0.411439025703,2.47,1.169796059111));
#7323 = CARTESIAN_POINT('',(-0.410399267787,2.48,1.174474969734));
#7324 = CARTESIAN_POINT('',(-0.410399267787,2.47,1.174474969734));
#7325 = CARTESIAN_POINT('',(-0.409255534079,2.48,1.181233396191));
#7326 = CARTESIAN_POINT('',(-0.409255534079,2.47,1.181233396191));
#7327 = ADVANCED_FACE('',(#7328),#7344,.T.);
#7328 = FACE_BOUND('',#7329,.T.);
#7329 = EDGE_LOOP('',(#7330,#7337,#7338,#7339));
#7330 = ORIENTED_EDGE('',*,*,#7331,.F.);
#7331 = EDGE_CURVE('',#7304,#7332,#7334,.T.);
#7332 = VERTEX_POINT('',#7333);
#7333 = CARTESIAN_POINT('',(-0.40863167933,2.47,1.181233396191));
#7334 = B_SPLINE_CURVE_WITH_KNOTS('',1,(#7335,#7336),.UNSPECIFIED.,.F.,
  .F.,(2,2),(4.440892098501E-16,6.238547490793E-04),
  .PIECEWISE_BEZIER_KNOTS.);
#7335 = CARTESIAN_POINT('',(-0.409255534079,2.47,1.181233396191));
#7336 = CARTESIAN_POINT('',(-0.40863167933,2.47,1.181233396191));
#7337 = ORIENTED_EDGE('',*,*,#7314,.F.);
#7338 = ORIENTED_EDGE('',*,*,#7096,.T.);
#7339 = ORIENTED_EDGE('',*,*,#7340,.T.);
#7340 = EDGE_CURVE('',#7088,#7332,#7341,.T.);
#7341 = B_SPLINE_CURVE_WITH_KNOTS('',1,(#7342,#7343),.UNSPECIFIED.,.F.,
  .F.,(2,2),(-0.,1.E-02),.PIECEWISE_BEZIER_KNOTS.);
#7342 = CARTESIAN_POINT('',(-0.40863167933,2.48,1.181233396191));
#7343 = CARTESIAN_POINT('',(-0.40863167933,2.47,1.181233396191));
#7344 = B_SPLINE_SURFACE_WITH_KNOTS('',1,1,(
    (#7345,#7346)
    ,(#7347,#7348)),.UNSPECIFIED.,.F.,.F.,.F.,(2,2),(2,2),(-1.E-02,0.),(
    1.665334536938E-16,6.238547490793E-04),.PIECEWISE_BEZIER_KNOTS.);
#7345 = CARTESIAN_POINT('',(-0.409255534079,2.47,1.181233396191));
#7346 = CARTESIAN_POINT('',(-0.40863167933,2.47,1.181233396191));
#7347 = CARTESIAN_POINT('',(-0.409255534079,2.48,1.181233396191));
#7348 = CARTESIAN_POINT('',(-0.40863167933,2.48,1.181233396191));
#7349 = ADVANCED_FACE('',(#7350),#7368,.T.);
#7350 = FACE_BOUND('',#7351,.T.);
#7351 = EDGE_LOOP('',(#7352,#7361,#7362,#7363));
#7352 = ORIENTED_EDGE('',*,*,#7353,.F.);
#7353 = EDGE_CURVE('',#7332,#7354,#7356,.T.);
#7354 = VERTEX_POINT('',#7355);
#7355 = CARTESIAN_POINT('',(-0.405304453997,2.47,1.166988712737));
#7356 = B_SPLINE_CURVE_WITH_KNOTS('',3,(#7357,#7358,#7359,#7360),
  .UNSPECIFIED.,.F.,.F.,(4,4),(3.,4.),.PIECEWISE_BEZIER_KNOTS.);
#7357 = CARTESIAN_POINT('',(-0.40863167933,2.47,1.181233396191));
#7358 = CARTESIAN_POINT('',(-0.407643909309,2.47,1.175098824485));
#7359 = CARTESIAN_POINT('',(-0.406552163497,2.47,1.17031593807));
#7360 = CARTESIAN_POINT('',(-0.405304453997,2.47,1.166988712737));
#7361 = ORIENTED_EDGE('',*,*,#7340,.F.);
#7362 = ORIENTED_EDGE('',*,*,#7087,.T.);
#7363 = ORIENTED_EDGE('',*,*,#7364,.T.);
#7364 = EDGE_CURVE('',#7081,#7354,#7365,.T.);
#7365 = B_SPLINE_CURVE_WITH_KNOTS('',1,(#7366,#7367),.UNSPECIFIED.,.F.,
  .F.,(2,2),(8.188477654708E-33,1.E-02),.PIECEWISE_BEZIER_KNOTS.);
#7366 = CARTESIAN_POINT('',(-0.405304453997,2.48,1.166988712737));
#7367 = CARTESIAN_POINT('',(-0.405304453997,2.47,1.166988712737));
#7368 = B_SPLINE_SURFACE_WITH_KNOTS('',3,1,(
    (#7369,#7370)
    ,(#7371,#7372)
    ,(#7373,#7374)
    ,(#7375,#7376
    )),.UNSPECIFIED.,.F.,.F.,.F.,(4,4),(2,2),(3.,4.),(0.,1.),
  .PIECEWISE_BEZIER_KNOTS.);
#7369 = CARTESIAN_POINT('',(-0.40863167933,2.48,1.181233396191));
#7370 = CARTESIAN_POINT('',(-0.40863167933,2.47,1.181233396191));
#7371 = CARTESIAN_POINT('',(-0.407643909309,2.48,1.175098824485));
#7372 = CARTESIAN_POINT('',(-0.407643909309,2.47,1.175098824485));
#7373 = CARTESIAN_POINT('',(-0.406552163497,2.48,1.17031593807));
#7374 = CARTESIAN_POINT('',(-0.406552163497,2.47,1.17031593807));
#7375 = CARTESIAN_POINT('',(-0.405304453997,2.48,1.166988712737));
#7376 = CARTESIAN_POINT('',(-0.405304453997,2.47,1.166988712737));
#7377 = ADVANCED_FACE('',(#7378),#7388,.T.);
#7378 = FACE_BOUND('',#7379,.T.);
#7379 = EDGE_LOOP('',(#7380,#7385,#7386,#7387));
#7380 = ORIENTED_EDGE('',*,*,#7381,.F.);
#7381 = EDGE_CURVE('',#7354,#7254,#7382,.T.);
#7382 = B_SPLINE_CURVE_WITH_KNOTS('',1,(#7383,#7384),.UNSPECIFIED.,.F.,
  .F.,(2,2),(7.10258974962E-17,8.983684395879E-02),
  .PIECEWISE_BEZIER_KNOTS.);
#7383 = CARTESIAN_POINT('',(-0.405304453997,2.47,1.166988712737));
#7384 = CARTESIAN_POINT('',(-0.374891534945,2.47,1.082456394141));
#7385 = ORIENTED_EDGE('',*,*,#7364,.F.);
#7386 = ORIENTED_EDGE('',*,*,#7080,.T.);
#7387 = ORIENTED_EDGE('',*,*,#7262,.T.);
#7388 = B_SPLINE_SURFACE_WITH_KNOTS('',1,1,(
    (#7389,#7390)
    ,(#7391,#7392
    )),.UNSPECIFIED.,.F.,.F.,.F.,(2,2),(2,2),(-8.983684395879E-02,
    -5.223342800931E-17),(-1.E-02,-1.313192667023E-48),
  .PIECEWISE_BEZIER_KNOTS.);
#7389 = CARTESIAN_POINT('',(-0.374891534945,2.47,1.082456394141));
#7390 = CARTESIAN_POINT('',(-0.374891534945,2.48,1.082456394141));
#7391 = CARTESIAN_POINT('',(-0.405304453997,2.47,1.166988712737));
#7392 = CARTESIAN_POINT('',(-0.405304453997,2.48,1.166988712737));
#7393 = ADVANCED_FACE('',(#7394),#7402,.T.);
#7394 = FACE_BOUND('',#7395,.T.);
#7395 = EDGE_LOOP('',(#7396,#7397,#7398,#7399,#7400,#7401));
#7396 = ORIENTED_EDGE('',*,*,#7253,.T.);
#7397 = ORIENTED_EDGE('',*,*,#7281,.T.);
#7398 = ORIENTED_EDGE('',*,*,#7303,.T.);
#7399 = ORIENTED_EDGE('',*,*,#7331,.T.);
#7400 = ORIENTED_EDGE('',*,*,#7353,.T.);
#7401 = ORIENTED_EDGE('',*,*,#7381,.T.);
#7402 = B_SPLINE_SURFACE_WITH_KNOTS('',1,1,(
    (#7403,#7404)
    ,(#7405,#7406
    )),.UNSPECIFIED.,.F.,.F.,.F.,(2,2),(2,2),(1.052456294141,
    1.151233296191),(2.156848357849,2.225108465055),
  .PIECEWISE_BEZIER_KNOTS.);
#7403 = CARTESIAN_POINT('',(-0.443151642151,2.47,1.082456394141));
#7404 = CARTESIAN_POINT('',(-0.374891534945,2.47,1.082456394141));
#7405 = CARTESIAN_POINT('',(-0.443151642151,2.47,1.181233396191));
#7406 = CARTESIAN_POINT('',(-0.374891534945,2.47,1.181233396191));
#7407 = ADVANCED_FACE('',(#7408),#7430,.F.);
#7408 = FACE_BOUND('',#7409,.T.);
#7409 = EDGE_LOOP('',(#7410,#7411,#7418,#7425));
#7410 = ORIENTED_EDGE('',*,*,#1151,.T.);
#7411 = ORIENTED_EDGE('',*,*,#7412,.F.);
#7412 = EDGE_CURVE('',#7413,#1143,#7415,.T.);
#7413 = VERTEX_POINT('',#7414);
#7414 = CARTESIAN_POINT('',(0.205813261318,2.48,0.704400415768));
#7415 = B_SPLINE_CURVE_WITH_KNOTS('',1,(#7416,#7417),.UNSPECIFIED.,.F.,
  .F.,(2,2),(-0.,1.E-02),.PIECEWISE_BEZIER_KNOTS.);
#7416 = CARTESIAN_POINT('',(0.205813261318,2.48,0.704400415768));
#7417 = CARTESIAN_POINT('',(0.205813261318,2.47,0.704400415768));
#7418 = ORIENTED_EDGE('',*,*,#7419,.F.);
#7419 = EDGE_CURVE('',#7420,#7413,#7422,.T.);
#7420 = VERTEX_POINT('',#7421);
#7421 = CARTESIAN_POINT('',(0.205813261318,2.48,0.681213814234));
#7422 = B_SPLINE_CURVE_WITH_KNOTS('',1,(#7423,#7424),.UNSPECIFIED.,.F.,
  .F.,(2,2),(-2.318660153379E-02,0.),.PIECEWISE_BEZIER_KNOTS.);
#7423 = CARTESIAN_POINT('',(0.205813261318,2.48,0.681213814234));
#7424 = CARTESIAN_POINT('',(0.205813261318,2.48,0.704400415768));
#7425 = ORIENTED_EDGE('',*,*,#7426,.T.);
#7426 = EDGE_CURVE('',#7420,#1152,#7427,.T.);
#7427 = B_SPLINE_CURVE_WITH_KNOTS('',1,(#7428,#7429),.UNSPECIFIED.,.F.,
  .F.,(2,2),(-0.,1.E-02),.PIECEWISE_BEZIER_KNOTS.);
#7428 = CARTESIAN_POINT('',(0.205813261318,2.48,0.681213814234));
#7429 = CARTESIAN_POINT('',(0.205813261318,2.47,0.681213814234));
#7430 = B_SPLINE_SURFACE_WITH_KNOTS('',1,1,(
    (#7431,#7432)
    ,(#7433,#7434
    )),.UNSPECIFIED.,.F.,.F.,.F.,(2,2),(2,2),(-0.,2.318660153379E-02),(
    -1.E-02,7.179225831387E-48),.PIECEWISE_BEZIER_KNOTS.);
#7431 = CARTESIAN_POINT('',(0.205813261318,2.47,0.704400415768));
#7432 = CARTESIAN_POINT('',(0.205813261318,2.48,0.704400415768));
#7433 = CARTESIAN_POINT('',(0.205813261318,2.47,0.681213814234));
#7434 = CARTESIAN_POINT('',(0.205813261318,2.48,0.681213814234));
#7435 = ADVANCED_FACE('',(#7436),#7452,.F.);
#7436 = FACE_BOUND('',#7437,.T.);
#7437 = EDGE_LOOP('',(#7438,#7439,#7446,#7451));
#7438 = ORIENTED_EDGE('',*,*,#1142,.T.);
#7439 = ORIENTED_EDGE('',*,*,#7440,.F.);
#7440 = EDGE_CURVE('',#7441,#1145,#7443,.T.);
#7441 = VERTEX_POINT('',#7442);
#7442 = CARTESIAN_POINT('',(0.288941906728,2.48,0.704400415768));
#7443 = B_SPLINE_CURVE_WITH_KNOTS('',1,(#7444,#7445),.UNSPECIFIED.,.F.,
  .F.,(2,2),(-0.,1.E-02),.PIECEWISE_BEZIER_KNOTS.);
#7444 = CARTESIAN_POINT('',(0.288941906728,2.48,0.704400415768));
#7445 = CARTESIAN_POINT('',(0.288941906728,2.47,0.704400415768));
#7446 = ORIENTED_EDGE('',*,*,#7447,.F.);
#7447 = EDGE_CURVE('',#7413,#7441,#7448,.T.);
#7448 = B_SPLINE_CURVE_WITH_KNOTS('',1,(#7449,#7450),.UNSPECIFIED.,.F.,
  .F.,(2,2),(-8.312864540976E-02,0.),.PIECEWISE_BEZIER_KNOTS.);
#7449 = CARTESIAN_POINT('',(0.205813261318,2.48,0.704400415768));
#7450 = CARTESIAN_POINT('',(0.288941906728,2.48,0.704400415768));
#7451 = ORIENTED_EDGE('',*,*,#7412,.T.);
#7452 = B_SPLINE_SURFACE_WITH_KNOTS('',1,1,(
    (#7453,#7454)
    ,(#7455,#7456
    )),.UNSPECIFIED.,.F.,.F.,.F.,(2,2),(2,2),(-1.154340023744E-32,
    8.312864540976E-02),(-1.E-02,2.303009340386E-33),
  .PIECEWISE_BEZIER_KNOTS.);
#7453 = CARTESIAN_POINT('',(0.288941906728,2.47,0.704400415768));
#7454 = CARTESIAN_POINT('',(0.288941906728,2.48,0.704400415768));
#7455 = CARTESIAN_POINT('',(0.205813261318,2.47,0.704400415768));
#7456 = CARTESIAN_POINT('',(0.205813261318,2.48,0.704400415768));
#7457 = ADVANCED_FACE('',(#7458),#7474,.F.);
#7458 = FACE_BOUND('',#7459,.T.);
#7459 = EDGE_LOOP('',(#7460,#7461,#7468,#7473));
#7460 = ORIENTED_EDGE('',*,*,#1221,.T.);
#7461 = ORIENTED_EDGE('',*,*,#7462,.F.);
#7462 = EDGE_CURVE('',#7463,#1215,#7465,.T.);
#7463 = VERTEX_POINT('',#7464);
#7464 = CARTESIAN_POINT('',(0.288941906728,2.48,0.772816486661));
#7465 = B_SPLINE_CURVE_WITH_KNOTS('',1,(#7466,#7467),.UNSPECIFIED.,.F.,
  .F.,(2,2),(-0.,1.E-02),.PIECEWISE_BEZIER_KNOTS.);
#7466 = CARTESIAN_POINT('',(0.288941906728,2.48,0.772816486661));
#7467 = CARTESIAN_POINT('',(0.288941906728,2.47,0.772816486661));
#7468 = ORIENTED_EDGE('',*,*,#7469,.F.);
#7469 = EDGE_CURVE('',#7441,#7463,#7470,.T.);
#7470 = B_SPLINE_CURVE_WITH_KNOTS('',1,(#7471,#7472),.UNSPECIFIED.,.F.,
  .F.,(2,2),(-6.841607089331E-02,0.),.PIECEWISE_BEZIER_KNOTS.);
#7471 = CARTESIAN_POINT('',(0.288941906728,2.48,0.704400415768));
#7472 = CARTESIAN_POINT('',(0.288941906728,2.48,0.772816486661));
#7473 = ORIENTED_EDGE('',*,*,#7440,.T.);
#7474 = B_SPLINE_SURFACE_WITH_KNOTS('',1,1,(
    (#7475,#7476)
    ,(#7477,#7478
    )),.UNSPECIFIED.,.F.,.F.,.F.,(2,2),(2,2),(-0.,6.841607089331E-02),(
    -1.E-02,9.732324379341E-48),.PIECEWISE_BEZIER_KNOTS.);
#7475 = CARTESIAN_POINT('',(0.288941906728,2.47,0.772816486661));
#7476 = CARTESIAN_POINT('',(0.288941906728,2.48,0.772816486661));
#7477 = CARTESIAN_POINT('',(0.288941906728,2.47,0.704400415768));
#7478 = CARTESIAN_POINT('',(0.288941906728,2.48,0.704400415768));
#7479 = ADVANCED_FACE('',(#7480),#7496,.F.);
#7480 = FACE_BOUND('',#7481,.T.);
#7481 = EDGE_LOOP('',(#7482,#7483,#7490,#7495));
#7482 = ORIENTED_EDGE('',*,*,#1214,.T.);
#7483 = ORIENTED_EDGE('',*,*,#7484,.F.);
#7484 = EDGE_CURVE('',#7485,#1208,#7487,.T.);
#7485 = VERTEX_POINT('',#7486);
#7486 = CARTESIAN_POINT('',(0.216210840482,2.48,0.772816486661));
#7487 = B_SPLINE_CURVE_WITH_KNOTS('',1,(#7488,#7489),.UNSPECIFIED.,.F.,
  .F.,(2,2),(-0.,1.E-02),.PIECEWISE_BEZIER_KNOTS.);
#7488 = CARTESIAN_POINT('',(0.216210840482,2.48,0.772816486661));
#7489 = CARTESIAN_POINT('',(0.216210840482,2.47,0.772816486661));
#7490 = ORIENTED_EDGE('',*,*,#7491,.F.);
#7491 = EDGE_CURVE('',#7463,#7485,#7492,.T.);
#7492 = B_SPLINE_CURVE_WITH_KNOTS('',1,(#7493,#7494),.UNSPECIFIED.,.F.,
  .F.,(2,2),(-7.273106624666E-02,0.),.PIECEWISE_BEZIER_KNOTS.);
#7493 = CARTESIAN_POINT('',(0.288941906728,2.48,0.772816486661));
#7494 = CARTESIAN_POINT('',(0.216210840482,2.48,0.772816486661));
#7495 = ORIENTED_EDGE('',*,*,#7462,.T.);
#7496 = B_SPLINE_SURFACE_WITH_KNOTS('',1,1,(
    (#7497,#7498)
    ,(#7499,#7500
    )),.UNSPECIFIED.,.F.,.F.,.F.,(2,2),(2,2),(0.,7.273106624666E-02),(
    -1.E-02,1.273974143002E-47),.PIECEWISE_BEZIER_KNOTS.);
#7497 = CARTESIAN_POINT('',(0.216210840482,2.47,0.772816486661));
#7498 = CARTESIAN_POINT('',(0.216210840482,2.48,0.772816486661));
#7499 = CARTESIAN_POINT('',(0.288941906728,2.47,0.772816486661));
#7500 = CARTESIAN_POINT('',(0.288941906728,2.48,0.772816486661));
#7501 = ADVANCED_FACE('',(#7502),#7518,.F.);
#7502 = FACE_BOUND('',#7503,.T.);
#7503 = EDGE_LOOP('',(#7504,#7505,#7512,#7517));
#7504 = ORIENTED_EDGE('',*,*,#1207,.T.);
#7505 = ORIENTED_EDGE('',*,*,#7506,.F.);
#7506 = EDGE_CURVE('',#7507,#1201,#7509,.T.);
#7507 = VERTEX_POINT('',#7508);
#7508 = CARTESIAN_POINT('',(0.216210840482,2.48,0.796107063987));
#7509 = B_SPLINE_CURVE_WITH_KNOTS('',1,(#7510,#7511),.UNSPECIFIED.,.F.,
  .F.,(2,2),(-0.,1.E-02),.PIECEWISE_BEZIER_KNOTS.);
#7510 = CARTESIAN_POINT('',(0.216210840482,2.48,0.796107063987));
#7511 = CARTESIAN_POINT('',(0.216210840482,2.47,0.796107063987));
#7512 = ORIENTED_EDGE('',*,*,#7513,.F.);
#7513 = EDGE_CURVE('',#7485,#7507,#7514,.T.);
#7514 = B_SPLINE_CURVE_WITH_KNOTS('',1,(#7515,#7516),.UNSPECIFIED.,.F.,
  .F.,(2,2),(-2.32905773253E-02,0.),.PIECEWISE_BEZIER_KNOTS.);
#7515 = CARTESIAN_POINT('',(0.216210840482,2.48,0.772816486661));
#7516 = CARTESIAN_POINT('',(0.216210840482,2.48,0.796107063987));
#7517 = ORIENTED_EDGE('',*,*,#7484,.T.);
#7518 = B_SPLINE_SURFACE_WITH_KNOTS('',1,1,(
    (#7519,#7520)
    ,(#7521,#7522
    )),.UNSPECIFIED.,.F.,.F.,.F.,(2,2),(2,2),(-0.,2.32905773253E-02),(
    -1.E-02,7.147175716106E-48),.PIECEWISE_BEZIER_KNOTS.);
#7519 = CARTESIAN_POINT('',(0.216210840482,2.47,0.796107063987));
#7520 = CARTESIAN_POINT('',(0.216210840482,2.48,0.796107063987));
#7521 = CARTESIAN_POINT('',(0.216210840482,2.47,0.772816486661));
#7522 = CARTESIAN_POINT('',(0.216210840482,2.48,0.772816486661));
#7523 = ADVANCED_FACE('',(#7524),#7540,.F.);
#7524 = FACE_BOUND('',#7525,.T.);
#7525 = EDGE_LOOP('',(#7526,#7527,#7534,#7539));
#7526 = ORIENTED_EDGE('',*,*,#1200,.T.);
#7527 = ORIENTED_EDGE('',*,*,#7528,.F.);
#7528 = EDGE_CURVE('',#7529,#1194,#7531,.T.);
#7529 = VERTEX_POINT('',#7530);
#7530 = CARTESIAN_POINT('',(0.288941906728,2.48,0.796107063987));
#7531 = B_SPLINE_CURVE_WITH_KNOTS('',1,(#7532,#7533),.UNSPECIFIED.,.F.,
  .F.,(2,2),(-0.,1.E-02),.PIECEWISE_BEZIER_KNOTS.);
#7532 = CARTESIAN_POINT('',(0.288941906728,2.48,0.796107063987));
#7533 = CARTESIAN_POINT('',(0.288941906728,2.47,0.796107063987));
#7534 = ORIENTED_EDGE('',*,*,#7535,.F.);
#7535 = EDGE_CURVE('',#7507,#7529,#7536,.T.);
#7536 = B_SPLINE_CURVE_WITH_KNOTS('',1,(#7537,#7538),.UNSPECIFIED.,.F.,
  .F.,(2,2),(-7.273106624666E-02,0.),.PIECEWISE_BEZIER_KNOTS.);
#7537 = CARTESIAN_POINT('',(0.216210840482,2.48,0.796107063987));
#7538 = CARTESIAN_POINT('',(0.288941906728,2.48,0.796107063987));
#7539 = ORIENTED_EDGE('',*,*,#7506,.T.);
#7540 = B_SPLINE_SURFACE_WITH_KNOTS('',1,1,(
    (#7541,#7542)
    ,(#7543,#7544
    )),.UNSPECIFIED.,.F.,.F.,.F.,(2,2),(2,2),(-8.795757436094E-33,
    7.273106624666E-02),(-1.E-02,1.535339560258E-33),
  .PIECEWISE_BEZIER_KNOTS.);
#7541 = CARTESIAN_POINT('',(0.288941906728,2.47,0.796107063987));
#7542 = CARTESIAN_POINT('',(0.288941906728,2.48,0.796107063987));
#7543 = CARTESIAN_POINT('',(0.216210840482,2.47,0.796107063987));
#7544 = CARTESIAN_POINT('',(0.216210840482,2.48,0.796107063987));
#7545 = ADVANCED_FACE('',(#7546),#7562,.F.);
#7546 = FACE_BOUND('',#7547,.T.);
#7547 = EDGE_LOOP('',(#7548,#7549,#7556,#7561));
#7548 = ORIENTED_EDGE('',*,*,#1193,.T.);
#7549 = ORIENTED_EDGE('',*,*,#7550,.F.);
#7550 = EDGE_CURVE('',#7551,#1187,#7553,.T.);
#7551 = VERTEX_POINT('',#7552);
#7552 = CARTESIAN_POINT('',(0.288941906728,2.48,0.861195909549));
#7553 = B_SPLINE_CURVE_WITH_KNOTS('',1,(#7554,#7555),.UNSPECIFIED.,.F.,
  .F.,(2,2),(-0.,1.E-02),.PIECEWISE_BEZIER_KNOTS.);
#7554 = CARTESIAN_POINT('',(0.288941906728,2.48,0.861195909549));
#7555 = CARTESIAN_POINT('',(0.288941906728,2.47,0.861195909549));
#7556 = ORIENTED_EDGE('',*,*,#7557,.F.);
#7557 = EDGE_CURVE('',#7529,#7551,#7558,.T.);
#7558 = B_SPLINE_CURVE_WITH_KNOTS('',1,(#7559,#7560),.UNSPECIFIED.,.F.,
  .F.,(2,2),(-6.508884556213E-02,0.),.PIECEWISE_BEZIER_KNOTS.);
#7559 = CARTESIAN_POINT('',(0.288941906728,2.48,0.796107063987));
#7560 = CARTESIAN_POINT('',(0.288941906728,2.48,0.861195909549));
#7561 = ORIENTED_EDGE('',*,*,#7528,.T.);
#7562 = B_SPLINE_SURFACE_WITH_KNOTS('',1,1,(
    (#7563,#7564)
    ,(#7565,#7566
    )),.UNSPECIFIED.,.F.,.F.,.F.,(2,2),(2,2),(-0.,6.508884556213E-02),(
    -1.E-02,1.022982338899E-47),.PIECEWISE_BEZIER_KNOTS.);
#7563 = CARTESIAN_POINT('',(0.288941906728,2.47,0.861195909549));
#7564 = CARTESIAN_POINT('',(0.288941906728,2.48,0.861195909549));
#7565 = CARTESIAN_POINT('',(0.288941906728,2.47,0.796107063987));
#7566 = CARTESIAN_POINT('',(0.288941906728,2.48,0.796107063987));
#7567 = ADVANCED_FACE('',(#7568),#7584,.F.);
#7568 = FACE_BOUND('',#7569,.T.);
#7569 = EDGE_LOOP('',(#7570,#7571,#7578,#7583));
#7570 = ORIENTED_EDGE('',*,*,#1186,.T.);
#7571 = ORIENTED_EDGE('',*,*,#7572,.F.);
#7572 = EDGE_CURVE('',#7573,#1180,#7575,.T.);
#7573 = VERTEX_POINT('',#7574);
#7574 = CARTESIAN_POINT('',(0.210440184046,2.48,0.861195909549));
#7575 = B_SPLINE_CURVE_WITH_KNOTS('',1,(#7576,#7577),.UNSPECIFIED.,.F.,
  .F.,(2,2),(-0.,1.E-02),.PIECEWISE_BEZIER_KNOTS.);
#7576 = CARTESIAN_POINT('',(0.210440184046,2.48,0.861195909549));
#7577 = CARTESIAN_POINT('',(0.210440184046,2.47,0.861195909549));
#7578 = ORIENTED_EDGE('',*,*,#7579,.F.);
#7579 = EDGE_CURVE('',#7551,#7573,#7580,.T.);
#7580 = B_SPLINE_CURVE_WITH_KNOTS('',1,(#7581,#7582),.UNSPECIFIED.,.F.,
  .F.,(2,2),(-7.850172268188E-02,0.),.PIECEWISE_BEZIER_KNOTS.);
#7581 = CARTESIAN_POINT('',(0.288941906728,2.48,0.861195909549));
#7582 = CARTESIAN_POINT('',(0.210440184046,2.48,0.861195909549));
#7583 = ORIENTED_EDGE('',*,*,#7550,.T.);
#7584 = B_SPLINE_SURFACE_WITH_KNOTS('',1,1,(
    (#7585,#7586)
    ,(#7587,#7588
    )),.UNSPECIFIED.,.F.,.F.,.F.,(2,2),(2,2),(0.,7.850172268188E-02),(
    -1.E-02,0.),.PIECEWISE_BEZIER_KNOTS.);
#7585 = CARTESIAN_POINT('',(0.210440184046,2.47,0.861195909549));
#7586 = CARTESIAN_POINT('',(0.210440184046,2.48,0.861195909549));
#7587 = CARTESIAN_POINT('',(0.288941906728,2.47,0.861195909549));
#7588 = CARTESIAN_POINT('',(0.288941906728,2.48,0.861195909549));
#7589 = ADVANCED_FACE('',(#7590),#7606,.F.);
#7590 = FACE_BOUND('',#7591,.T.);
#7591 = EDGE_LOOP('',(#7592,#7593,#7600,#7605));
#7592 = ORIENTED_EDGE('',*,*,#1179,.T.);
#7593 = ORIENTED_EDGE('',*,*,#7594,.F.);
#7594 = EDGE_CURVE('',#7595,#1173,#7597,.T.);
#7595 = VERTEX_POINT('',#7596);
#7596 = CARTESIAN_POINT('',(0.210440184046,2.48,0.884590462666));
#7597 = B_SPLINE_CURVE_WITH_KNOTS('',1,(#7598,#7599),.UNSPECIFIED.,.F.,
  .F.,(2,2),(-0.,1.E-02),.PIECEWISE_BEZIER_KNOTS.);
#7598 = CARTESIAN_POINT('',(0.210440184046,2.48,0.884590462666));
#7599 = CARTESIAN_POINT('',(0.210440184046,2.47,0.884590462666));
#7600 = ORIENTED_EDGE('',*,*,#7601,.F.);
#7601 = EDGE_CURVE('',#7573,#7595,#7602,.T.);
#7602 = B_SPLINE_CURVE_WITH_KNOTS('',1,(#7603,#7604),.UNSPECIFIED.,.F.,
  .F.,(2,2),(-2.339455311681E-02,0.),.PIECEWISE_BEZIER_KNOTS.);
#7603 = CARTESIAN_POINT('',(0.210440184046,2.48,0.861195909549));
#7604 = CARTESIAN_POINT('',(0.210440184046,2.48,0.884590462666));
#7605 = ORIENTED_EDGE('',*,*,#7572,.T.);
#7606 = B_SPLINE_SURFACE_WITH_KNOTS('',1,1,(
    (#7607,#7608)
    ,(#7609,#7610
    )),.UNSPECIFIED.,.F.,.F.,.F.,(2,2),(2,2),(-0.,2.339455311681E-02),(
    -1.E-02,7.115410490737E-48),.PIECEWISE_BEZIER_KNOTS.);
#7607 = CARTESIAN_POINT('',(0.210440184046,2.47,0.884590462666));
#7608 = CARTESIAN_POINT('',(0.210440184046,2.48,0.884590462666));
#7609 = CARTESIAN_POINT('',(0.210440184046,2.47,0.861195909549));
#7610 = CARTESIAN_POINT('',(0.210440184046,2.48,0.861195909549));
#7611 = ADVANCED_FACE('',(#7612),#7628,.F.);
#7612 = FACE_BOUND('',#7613,.T.);
#7613 = EDGE_LOOP('',(#7614,#7615,#7622,#7627));
#7614 = ORIENTED_EDGE('',*,*,#1172,.T.);
#7615 = ORIENTED_EDGE('',*,*,#7616,.F.);
#7616 = EDGE_CURVE('',#7617,#1166,#7619,.T.);
#7617 = VERTEX_POINT('',#7618);
#7618 = CARTESIAN_POINT('',(0.315195794115,2.48,0.884590462666));
#7619 = B_SPLINE_CURVE_WITH_KNOTS('',1,(#7620,#7621),.UNSPECIFIED.,.F.,
  .F.,(2,2),(-0.,1.E-02),.PIECEWISE_BEZIER_KNOTS.);
#7620 = CARTESIAN_POINT('',(0.315195794115,2.48,0.884590462666));
#7621 = CARTESIAN_POINT('',(0.315195794115,2.47,0.884590462666));
#7622 = ORIENTED_EDGE('',*,*,#7623,.F.);
#7623 = EDGE_CURVE('',#7595,#7617,#7624,.T.);
#7624 = B_SPLINE_CURVE_WITH_KNOTS('',1,(#7625,#7626),.UNSPECIFIED.,.F.,
  .F.,(2,2),(-0.104755610069,0.),.PIECEWISE_BEZIER_KNOTS.);
#7625 = CARTESIAN_POINT('',(0.210440184046,2.48,0.884590462666));
#7626 = CARTESIAN_POINT('',(0.315195794115,2.48,0.884590462666));
#7627 = ORIENTED_EDGE('',*,*,#7594,.T.);
#7628 = B_SPLINE_SURFACE_WITH_KNOTS('',1,1,(
    (#7629,#7630)
    ,(#7631,#7632
    )),.UNSPECIFIED.,.F.,.F.,.F.,(2,2),(2,2),(-9.160246640071E-33,
    0.104755610069),(-1.E-02,2.303009340386E-33),
  .PIECEWISE_BEZIER_KNOTS.);
#7629 = CARTESIAN_POINT('',(0.315195794115,2.47,0.884590462666));
#7630 = CARTESIAN_POINT('',(0.315195794115,2.48,0.884590462666));
#7631 = CARTESIAN_POINT('',(0.210440184046,2.47,0.884590462666));
#7632 = CARTESIAN_POINT('',(0.210440184046,2.48,0.884590462666));
#7633 = ADVANCED_FACE('',(#7634),#7650,.F.);
#7634 = FACE_BOUND('',#7635,.T.);
#7635 = EDGE_LOOP('',(#7636,#7637,#7644,#7649));
#7636 = ORIENTED_EDGE('',*,*,#1165,.T.);
#7637 = ORIENTED_EDGE('',*,*,#7638,.F.);
#7638 = EDGE_CURVE('',#7639,#1159,#7641,.T.);
#7639 = VERTEX_POINT('',#7640);
#7640 = CARTESIAN_POINT('',(0.315195794115,2.48,0.681213814234));
#7641 = B_SPLINE_CURVE_WITH_KNOTS('',1,(#7642,#7643),.UNSPECIFIED.,.F.,
  .F.,(2,2),(-0.,1.E-02),.PIECEWISE_BEZIER_KNOTS.);
#7642 = CARTESIAN_POINT('',(0.315195794115,2.48,0.681213814234));
#7643 = CARTESIAN_POINT('',(0.315195794115,2.47,0.681213814234));
#7644 = ORIENTED_EDGE('',*,*,#7645,.F.);
#7645 = EDGE_CURVE('',#7617,#7639,#7646,.T.);
#7646 = B_SPLINE_CURVE_WITH_KNOTS('',1,(#7647,#7648),.UNSPECIFIED.,.F.,
  .F.,(2,2),(-0.203376648431,-0.),.PIECEWISE_BEZIER_KNOTS.);
#7647 = CARTESIAN_POINT('',(0.315195794115,2.48,0.884590462666));
#7648 = CARTESIAN_POINT('',(0.315195794115,2.48,0.681213814234));
#7649 = ORIENTED_EDGE('',*,*,#7616,.T.);
#7650 = B_SPLINE_SURFACE_WITH_KNOTS('',1,1,(
    (#7651,#7652)
    ,(#7653,#7654
    )),.UNSPECIFIED.,.F.,.F.,.F.,(2,2),(2,2),(-1.475104996579E-18,
    0.203376648431),(-1.E-02,2.100792207745E-47),
  .PIECEWISE_BEZIER_KNOTS.);
#7651 = CARTESIAN_POINT('',(0.315195794115,2.47,0.681213814234));
#7652 = CARTESIAN_POINT('',(0.315195794115,2.48,0.681213814234));
#7653 = CARTESIAN_POINT('',(0.315195794115,2.47,0.884590462666));
#7654 = CARTESIAN_POINT('',(0.315195794115,2.48,0.884590462666));
#7655 = ADVANCED_FACE('',(#7656),#7666,.F.);
#7656 = FACE_BOUND('',#7657,.T.);
#7657 = EDGE_LOOP('',(#7658,#7659,#7660,#7665));
#7658 = ORIENTED_EDGE('',*,*,#1158,.T.);
#7659 = ORIENTED_EDGE('',*,*,#7426,.F.);
#7660 = ORIENTED_EDGE('',*,*,#7661,.F.);
#7661 = EDGE_CURVE('',#7639,#7420,#7662,.T.);
#7662 = B_SPLINE_CURVE_WITH_KNOTS('',1,(#7663,#7664),.UNSPECIFIED.,.F.,
  .F.,(2,2),(-0.109382532797,0.),.PIECEWISE_BEZIER_KNOTS.);
#7663 = CARTESIAN_POINT('',(0.315195794115,2.48,0.681213814234));
#7664 = CARTESIAN_POINT('',(0.205813261318,2.48,0.681213814234));
#7665 = ORIENTED_EDGE('',*,*,#7638,.T.);
#7666 = B_SPLINE_SURFACE_WITH_KNOTS('',1,1,(
    (#7667,#7668)
    ,(#7669,#7670
    )),.UNSPECIFIED.,.F.,.F.,.F.,(2,2),(2,2),(0.,0.109382532797),(
    -1.E-02,1.915969690399E-47),.PIECEWISE_BEZIER_KNOTS.);
#7667 = CARTESIAN_POINT('',(0.205813261318,2.47,0.681213814234));
#7668 = CARTESIAN_POINT('',(0.205813261318,2.48,0.681213814234));
#7669 = CARTESIAN_POINT('',(0.315195794115,2.47,0.681213814234));
#7670 = CARTESIAN_POINT('',(0.315195794115,2.48,0.681213814234));
#7671 = ADVANCED_FACE('',(#7672),#7686,.F.);
#7672 = FACE_BOUND('',#7673,.T.);
#7673 = EDGE_LOOP('',(#7674,#7675,#7676,#7677,#7678,#7679,#7680,#7681,
    #7682,#7683,#7684,#7685));
#7674 = ORIENTED_EDGE('',*,*,#7419,.T.);
#7675 = ORIENTED_EDGE('',*,*,#7447,.T.);
#7676 = ORIENTED_EDGE('',*,*,#7469,.T.);
#7677 = ORIENTED_EDGE('',*,*,#7491,.T.);
#7678 = ORIENTED_EDGE('',*,*,#7513,.T.);
#7679 = ORIENTED_EDGE('',*,*,#7535,.T.);
#7680 = ORIENTED_EDGE('',*,*,#7557,.T.);
#7681 = ORIENTED_EDGE('',*,*,#7579,.T.);
#7682 = ORIENTED_EDGE('',*,*,#7601,.T.);
#7683 = ORIENTED_EDGE('',*,*,#7623,.T.);
#7684 = ORIENTED_EDGE('',*,*,#7645,.T.);
#7685 = ORIENTED_EDGE('',*,*,#7661,.T.);
#7686 = B_SPLINE_SURFACE_WITH_KNOTS('',1,1,(
    (#7687,#7688)
    ,(#7689,#7690
    )),.UNSPECIFIED.,.F.,.F.,.F.,(2,2),(2,2),(0.615409637334,
    0.818786285766),(0.205813261318,0.315195794115),
  .PIECEWISE_BEZIER_KNOTS.);
#7687 = CARTESIAN_POINT('',(0.205813261318,2.48,0.884590462666));
#7688 = CARTESIAN_POINT('',(0.315195794115,2.48,0.884590462666));
#7689 = CARTESIAN_POINT('',(0.205813261318,2.48,0.681213814234));
#7690 = CARTESIAN_POINT('',(0.315195794115,2.48,0.681213814234));
#7691 = ADVANCED_FACE('',(#7692,#7808),#7878,.T.);
#7692 = FACE_BOUND('',#7693,.T.);
#7693 = EDGE_LOOP('',(#7694,#7705,#7712,#7721,#7730,#7737,#7746,#7755,
    #7764,#7773,#7780,#7787,#7794,#7801));
#7694 = ORIENTED_EDGE('',*,*,#7695,.T.);
#7695 = EDGE_CURVE('',#7696,#7698,#7700,.T.);
#7696 = VERTEX_POINT('',#7697);
#7697 = CARTESIAN_POINT('',(0.117225886848,2.48,0.829795220476));
#7698 = VERTEX_POINT('',#7699);
#7699 = CARTESIAN_POINT('',(0.167238242623,2.48,0.816278367564));
#7700 = B_SPLINE_CURVE_WITH_KNOTS('',3,(#7701,#7702,#7703,#7704),
  .UNSPECIFIED.,.F.,.F.,(4,4),(0.,1.),.PIECEWISE_BEZIER_KNOTS.);
#7701 = CARTESIAN_POINT('',(0.117225886848,2.48,0.829795220476));
#7702 = CARTESIAN_POINT('',(0.136149480925,2.48,0.829795220476));
#7703 = CARTESIAN_POINT('',(0.152837595482,2.48,0.825324261435));
#7704 = CARTESIAN_POINT('',(0.167238242623,2.48,0.816278367564));
#7705 = ORIENTED_EDGE('',*,*,#7706,.T.);
#7706 = EDGE_CURVE('',#7698,#7707,#7709,.T.);
#7707 = VERTEX_POINT('',#7708);
#7708 = CARTESIAN_POINT('',(0.167238242623,2.48,0.791532129154));
#7709 = B_SPLINE_CURVE_WITH_KNOTS('',1,(#7710,#7711),.UNSPECIFIED.,.F.,
  .F.,(2,2),(-2.474623840926E-02,-0.),.PIECEWISE_BEZIER_KNOTS.);
#7710 = CARTESIAN_POINT('',(0.167238242623,2.48,0.816278367564));
#7711 = CARTESIAN_POINT('',(0.167238242623,2.48,0.791532129154));
#7712 = ORIENTED_EDGE('',*,*,#7713,.T.);
#7713 = EDGE_CURVE('',#7707,#7714,#7716,.T.);
#7714 = VERTEX_POINT('',#7715);
#7715 = CARTESIAN_POINT('',(0.119617330056,2.48,0.809104037941));
#7716 = B_SPLINE_CURVE_WITH_KNOTS('',3,(#7717,#7718,#7719,#7720),
  .UNSPECIFIED.,.F.,.F.,(4,4),(12.,13.),.PIECEWISE_BEZIER_KNOTS.);
#7717 = CARTESIAN_POINT('',(0.167238242623,2.48,0.791532129154));
#7718 = CARTESIAN_POINT('',(0.152889583378,2.48,0.803177417818));
#7719 = CARTESIAN_POINT('',(0.137033275154,2.48,0.809104037941));
#7720 = CARTESIAN_POINT('',(0.119617330056,2.48,0.809104037941));
#7721 = ORIENTED_EDGE('',*,*,#7722,.T.);
#7722 = EDGE_CURVE('',#7714,#7723,#7725,.T.);
#7723 = VERTEX_POINT('',#7724);
#7724 = CARTESIAN_POINT('',(9.01921810241E-02,2.48,0.773544317203));
#7725 = B_SPLINE_CURVE_WITH_KNOTS('',3,(#7726,#7727,#7728,#7729),
  .UNSPECIFIED.,.F.,.F.,(4,4),(11.,12.),.PIECEWISE_BEZIER_KNOTS.);
#7726 = CARTESIAN_POINT('',(0.119617330056,2.48,0.809104037941));
#7727 = CARTESIAN_POINT('',(0.100017893333,2.48,0.809104037941));
#7728 = CARTESIAN_POINT('',(9.01921810241E-02,2.48,0.797250797695));
#7729 = CARTESIAN_POINT('',(9.01921810241E-02,2.48,0.773544317203));
#7730 = ORIENTED_EDGE('',*,*,#7731,.T.);
#7731 = EDGE_CURVE('',#7723,#7732,#7734,.T.);
#7732 = VERTEX_POINT('',#7733);
#7733 = CARTESIAN_POINT('',(0.13323815876,2.48,0.767513721289));
#7734 = B_SPLINE_CURVE_WITH_KNOTS('',1,(#7735,#7736),.UNSPECIFIED.,.F.,
  .F.,(2,2),(-4.346635809804E-02,0.),.PIECEWISE_BEZIER_KNOTS.);
#7735 = CARTESIAN_POINT('',(9.01921810241E-02,2.48,0.773544317203));
#7736 = CARTESIAN_POINT('',(0.13323815876,2.48,0.767513721289));
#7737 = ORIENTED_EDGE('',*,*,#7738,.T.);
#7738 = EDGE_CURVE('',#7732,#7739,#7741,.T.);
#7739 = VERTEX_POINT('',#7740);
#7740 = CARTESIAN_POINT('',(0.181430938181,2.48,0.720100760305));
#7741 = B_SPLINE_CURVE_WITH_KNOTS('',3,(#7742,#7743,#7744,#7745),
  .UNSPECIFIED.,.F.,.F.,(4,4),(9.,10.),.PIECEWISE_BEZIER_KNOTS.);
#7742 = CARTESIAN_POINT('',(0.13323815876,2.48,0.767513721289));
#7743 = CARTESIAN_POINT('',(0.165366678373,2.48,0.763042762248));
#7744 = CARTESIAN_POINT('',(0.181430938181,2.48,0.74723844192));
#7745 = CARTESIAN_POINT('',(0.181430938181,2.48,0.720100760305));
#7746 = ORIENTED_EDGE('',*,*,#7747,.T.);
#7747 = EDGE_CURVE('',#7739,#7748,#7750,.T.);
#7748 = VERTEX_POINT('',#7749);
#7749 = CARTESIAN_POINT('',(0.168953843185,2.48,0.689219950189));
#7750 = B_SPLINE_CURVE_WITH_KNOTS('',3,(#7751,#7752,#7753,#7754),
  .UNSPECIFIED.,.F.,.F.,(4,4),(8.,9.),.PIECEWISE_BEZIER_KNOTS.);
#7751 = CARTESIAN_POINT('',(0.181430938181,2.48,0.720100760305));
#7752 = CARTESIAN_POINT('',(0.181430938181,2.48,0.70710378635));
#7753 = CARTESIAN_POINT('',(0.177271906516,2.48,0.696810182978));
#7754 = CARTESIAN_POINT('',(0.168953843185,2.48,0.689219950189));
#7755 = ORIENTED_EDGE('',*,*,#7756,.T.);
#7756 = EDGE_CURVE('',#7748,#7757,#7759,.T.);
#7757 = VERTEX_POINT('',#7758);
#7758 = CARTESIAN_POINT('',(0.135369662488,2.48,0.67778261311));
#7759 = B_SPLINE_CURVE_WITH_KNOTS('',3,(#7760,#7761,#7762,#7763),
  .UNSPECIFIED.,.F.,.F.,(4,4),(7.,8.),.PIECEWISE_BEZIER_KNOTS.);
#7760 = CARTESIAN_POINT('',(0.168953843185,2.48,0.689219950189));
#7761 = CARTESIAN_POINT('',(0.160635779855,2.48,0.6816297174));
#7762 = CARTESIAN_POINT('',(0.149458382254,2.48,0.67778261311));
#7763 = CARTESIAN_POINT('',(0.135369662488,2.48,0.67778261311));
#7764 = ORIENTED_EDGE('',*,*,#7765,.T.);
#7765 = EDGE_CURVE('',#7757,#7766,#7768,.T.);
#7766 = VERTEX_POINT('',#7767);
#7767 = CARTESIAN_POINT('',(9.086802366962E-02,2.48,0.703672585226));
#7768 = B_SPLINE_CURVE_WITH_KNOTS('',3,(#7769,#7770,#7771,#7772),
  .UNSPECIFIED.,.F.,.F.,(4,4),(6.,7.),.PIECEWISE_BEZIER_KNOTS.);
#7769 = CARTESIAN_POINT('',(0.135369662488,2.48,0.67778261311));
#7770 = CARTESIAN_POINT('',(0.115770225765,2.48,0.67778261311));
#7771 = CARTESIAN_POINT('',(0.100901687562,2.48,0.686412603815));
#7772 = CARTESIAN_POINT('',(9.086802366962E-02,2.48,0.703672585226));
#7773 = ORIENTED_EDGE('',*,*,#7774,.T.);
#7774 = EDGE_CURVE('',#7766,#7775,#7777,.T.);
#7775 = VERTEX_POINT('',#7776);
#7776 = CARTESIAN_POINT('',(9.01921810241E-02,2.48,0.703672585226));
#7777 = B_SPLINE_CURVE_WITH_KNOTS('',1,(#7778,#7779),.UNSPECIFIED.,.F.,
  .F.,(2,2),(-6.758426455278E-04,-0.),.PIECEWISE_BEZIER_KNOTS.);
#7778 = CARTESIAN_POINT('',(9.086802366962E-02,2.48,0.703672585226));
#7779 = CARTESIAN_POINT('',(9.01921810241E-02,2.48,0.703672585226));
#7780 = ORIENTED_EDGE('',*,*,#7781,.T.);
#7781 = EDGE_CURVE('',#7775,#7782,#7784,.T.);
#7782 = VERTEX_POINT('',#7783);
#7783 = CARTESIAN_POINT('',(9.01921810241E-02,2.48,0.681213814234));
#7784 = B_SPLINE_CURVE_WITH_KNOTS('',1,(#7785,#7786),.UNSPECIFIED.,.F.,
  .F.,(2,2),(-2.24587709918E-02,-0.),.PIECEWISE_BEZIER_KNOTS.);
#7785 = CARTESIAN_POINT('',(9.01921810241E-02,2.48,0.703672585226));
#7786 = CARTESIAN_POINT('',(9.01921810241E-02,2.48,0.681213814234));
#7787 = ORIENTED_EDGE('',*,*,#7788,.T.);
#7788 = EDGE_CURVE('',#7782,#7789,#7791,.T.);
#7789 = VERTEX_POINT('',#7790);
#7790 = CARTESIAN_POINT('',(6.471811207425E-02,2.48,0.681213814234));
#7791 = B_SPLINE_CURVE_WITH_KNOTS('',1,(#7792,#7793),.UNSPECIFIED.,.F.,
  .F.,(2,2),(-2.547406894985E-02,0.),.PIECEWISE_BEZIER_KNOTS.);
#7792 = CARTESIAN_POINT('',(9.01921810241E-02,2.48,0.681213814234));
#7793 = CARTESIAN_POINT('',(6.471811207425E-02,2.48,0.681213814234));
#7794 = ORIENTED_EDGE('',*,*,#7795,.T.);
#7795 = EDGE_CURVE('',#7789,#7796,#7798,.T.);
#7796 = VERTEX_POINT('',#7797);
#7797 = CARTESIAN_POINT('',(6.471811207425E-02,2.48,0.77468805091));
#7798 = B_SPLINE_CURVE_WITH_KNOTS('',1,(#7799,#7800),.UNSPECIFIED.,.F.,
  .F.,(2,2),(-9.347423667573E-02,0.),.PIECEWISE_BEZIER_KNOTS.);
#7799 = CARTESIAN_POINT('',(6.471811207425E-02,2.48,0.681213814234));
#7800 = CARTESIAN_POINT('',(6.471811207425E-02,2.48,0.77468805091));
#7801 = ORIENTED_EDGE('',*,*,#7802,.T.);
#7802 = EDGE_CURVE('',#7796,#7696,#7803,.T.);
#7803 = B_SPLINE_CURVE_WITH_KNOTS('',3,(#7804,#7805,#7806,#7807),
  .UNSPECIFIED.,.F.,.F.,(4,4),(1.,2.),.PIECEWISE_BEZIER_KNOTS.);
#7804 = CARTESIAN_POINT('',(6.471811207425E-02,2.48,0.77468805091));
#7805 = CARTESIAN_POINT('',(6.471811207425E-02,2.48,0.811495481149));
#7806 = CARTESIAN_POINT('',(8.223803296433E-02,2.48,0.829795220476));
#7807 = CARTESIAN_POINT('',(0.117225886848,2.48,0.829795220476));
#7808 = FACE_BOUND('',#7809,.T.);
#7809 = EDGE_LOOP('',(#7810,#7821,#7830,#7837,#7844,#7853,#7862,#7871));
#7810 = ORIENTED_EDGE('',*,*,#7811,.F.);
#7811 = EDGE_CURVE('',#7812,#7814,#7816,.T.);
#7812 = VERTEX_POINT('',#7813);
#7813 = CARTESIAN_POINT('',(0.148834527504,2.48,0.740583991255));
#7814 = VERTEX_POINT('',#7815);
#7815 = CARTESIAN_POINT('',(0.15559295396,2.48,0.722180276136));
#7816 = B_SPLINE_CURVE_WITH_KNOTS('',3,(#7817,#7818,#7819,#7820),
  .UNSPECIFIED.,.F.,.F.,(4,4),(1.,2.),.PIECEWISE_BEZIER_KNOTS.);
#7817 = CARTESIAN_POINT('',(0.148834527504,2.48,0.740583991255));
#7818 = CARTESIAN_POINT('',(0.153305486545,2.48,0.736217008007));
#7819 = CARTESIAN_POINT('',(0.15559295396,2.48,0.730082436301));
#7820 = CARTESIAN_POINT('',(0.15559295396,2.48,0.722180276136));
#7821 = ORIENTED_EDGE('',*,*,#7822,.F.);
#7822 = EDGE_CURVE('',#7823,#7812,#7825,.T.);
#7823 = VERTEX_POINT('',#7824);
#7824 = CARTESIAN_POINT('',(0.124192264888,2.48,0.749525909336));
#7825 = B_SPLINE_CURVE_WITH_KNOTS('',3,(#7826,#7827,#7828,#7829),
  .UNSPECIFIED.,.F.,.F.,(4,4),(0.,1.),.PIECEWISE_BEZIER_KNOTS.);
#7826 = CARTESIAN_POINT('',(0.124192264888,2.48,0.749525909336));
#7827 = CARTESIAN_POINT('',(0.136097493029,2.48,0.747862296669));
#7828 = CARTESIAN_POINT('',(0.144311580568,2.48,0.744950974504));
#7829 = CARTESIAN_POINT('',(0.148834527504,2.48,0.740583991255));
#7830 = ORIENTED_EDGE('',*,*,#7831,.F.);
#7831 = EDGE_CURVE('',#7832,#7823,#7834,.T.);
#7832 = VERTEX_POINT('',#7833);
#7833 = CARTESIAN_POINT('',(9.01921810241E-02,2.48,0.754100844168));
#7834 = B_SPLINE_CURVE_WITH_KNOTS('',1,(#7835,#7836),.UNSPECIFIED.,.F.,
  .F.,(2,2),(1.480535304285E-17,3.430649692773E-02),
  .PIECEWISE_BEZIER_KNOTS.);
#7835 = CARTESIAN_POINT('',(9.01921810241E-02,2.48,0.754100844168));
#7836 = CARTESIAN_POINT('',(0.124192264888,2.48,0.749525909336));
#7837 = ORIENTED_EDGE('',*,*,#7838,.F.);
#7838 = EDGE_CURVE('',#7839,#7832,#7841,.T.);
#7839 = VERTEX_POINT('',#7840);
#7840 = CARTESIAN_POINT('',(9.01921810241E-02,2.48,0.740168088089));
#7841 = B_SPLINE_CURVE_WITH_KNOTS('',1,(#7842,#7843),.UNSPECIFIED.,.F.,
  .F.,(2,2),(0.,1.39327560794E-02),.PIECEWISE_BEZIER_KNOTS.);
#7842 = CARTESIAN_POINT('',(9.01921810241E-02,2.48,0.740168088089));
#7843 = CARTESIAN_POINT('',(9.01921810241E-02,2.48,0.754100844168));
#7844 = ORIENTED_EDGE('',*,*,#7845,.F.);
#7845 = EDGE_CURVE('',#7846,#7839,#7848,.T.);
#7846 = VERTEX_POINT('',#7847);
#7847 = CARTESIAN_POINT('',(0.101109639145,2.48,0.710534987474));
#7848 = B_SPLINE_CURVE_WITH_KNOTS('',3,(#7849,#7850,#7851,#7852),
  .UNSPECIFIED.,.F.,.F.,(4,4),(5.,6.),.PIECEWISE_BEZIER_KNOTS.);
#7849 = CARTESIAN_POINT('',(0.101109639145,2.48,0.710534987474));
#7850 = CARTESIAN_POINT('',(9.383133373122E-02,2.48,0.718333171846));
#7851 = CARTESIAN_POINT('',(9.01921810241E-02,2.48,0.728210872051));
#7852 = CARTESIAN_POINT('',(9.01921810241E-02,2.48,0.740168088089));
#7853 = ORIENTED_EDGE('',*,*,#7854,.F.);
#7854 = EDGE_CURVE('',#7855,#7846,#7857,.T.);
#7855 = VERTEX_POINT('',#7856);
#7856 = CARTESIAN_POINT('',(0.128767199719,2.48,0.698681747228));
#7857 = B_SPLINE_CURVE_WITH_KNOTS('',3,(#7858,#7859,#7860,#7861),
  .UNSPECIFIED.,.F.,.F.,(4,4),(4.,5.),.PIECEWISE_BEZIER_KNOTS.);
#7858 = CARTESIAN_POINT('',(0.128767199719,2.48,0.698681747228));
#7859 = CARTESIAN_POINT('',(0.117589802119,2.48,0.698681747228));
#7860 = CARTESIAN_POINT('',(0.108335956664,2.48,0.702632827309));
#7861 = CARTESIAN_POINT('',(0.101109639145,2.48,0.710534987474));
#7862 = ORIENTED_EDGE('',*,*,#7863,.F.);
#7863 = EDGE_CURVE('',#7864,#7855,#7866,.T.);
#7864 = VERTEX_POINT('',#7865);
#7865 = CARTESIAN_POINT('',(0.148210672754,2.48,0.7052322221));
#7866 = B_SPLINE_CURVE_WITH_KNOTS('',3,(#7867,#7868,#7869,#7870),
  .UNSPECIFIED.,.F.,.F.,(4,4),(3.,4.),.PIECEWISE_BEZIER_KNOTS.);
#7867 = CARTESIAN_POINT('',(0.148210672754,2.48,0.7052322221));
#7868 = CARTESIAN_POINT('',(0.143323810548,2.48,0.700865238852));
#7869 = CARTESIAN_POINT('',(0.136825323571,2.48,0.698681747228));
#7870 = CARTESIAN_POINT('',(0.128767199719,2.48,0.698681747228));
#7871 = ORIENTED_EDGE('',*,*,#7872,.F.);
#7872 = EDGE_CURVE('',#7814,#7864,#7873,.T.);
#7873 = B_SPLINE_CURVE_WITH_KNOTS('',3,(#7874,#7875,#7876,#7877),
  .UNSPECIFIED.,.F.,.F.,(4,4),(2.,3.),.PIECEWISE_BEZIER_KNOTS.);
#7874 = CARTESIAN_POINT('',(0.15559295396,2.48,0.722180276136));
#7875 = CARTESIAN_POINT('',(0.15559295396,2.48,0.715213898098));
#7876 = CARTESIAN_POINT('',(0.153149522857,2.48,0.709599205349));
#7877 = CARTESIAN_POINT('',(0.148210672754,2.48,0.7052322221));
#7878 = B_SPLINE_SURFACE_WITH_KNOTS('',1,1,(
    (#7879,#7880)
    ,(#7881,#7882
    )),.UNSPECIFIED.,.F.,.F.,.F.,(2,2),(2,2),(-0.148646391111,
    3.366216254227E-03),(-7.921005776235E-02,3.750276834431E-02),
  .PIECEWISE_BEZIER_KNOTS.);
#7879 = CARTESIAN_POINT('',(6.471811207425E-02,2.48,0.67778261311));
#7880 = CARTESIAN_POINT('',(0.181430938181,2.48,0.67778261311));
#7881 = CARTESIAN_POINT('',(6.471811207425E-02,2.48,0.829795220476));
#7882 = CARTESIAN_POINT('',(0.181430938181,2.48,0.829795220476));
#7883 = ADVANCED_FACE('',(#7884),#7898,.F.);
#7884 = FACE_BOUND('',#7885,.F.);
#7885 = EDGE_LOOP('',(#7886,#7891,#7892,#7897));
#7886 = ORIENTED_EDGE('',*,*,#7887,.F.);
#7887 = EDGE_CURVE('',#7696,#633,#7888,.T.);
#7888 = B_SPLINE_CURVE_WITH_KNOTS('',1,(#7889,#7890),.UNSPECIFIED.,.F.,
  .F.,(2,2),(-0.,1.E-02),.PIECEWISE_BEZIER_KNOTS.);
#7889 = CARTESIAN_POINT('',(0.117225886848,2.48,0.829795220476));
#7890 = CARTESIAN_POINT('',(0.117225886848,2.47,0.829795220476));
#7891 = ORIENTED_EDGE('',*,*,#7695,.T.);
#7892 = ORIENTED_EDGE('',*,*,#7893,.T.);
#7893 = EDGE_CURVE('',#7698,#624,#7894,.T.);
#7894 = B_SPLINE_CURVE_WITH_KNOTS('',1,(#7895,#7896),.UNSPECIFIED.,.F.,
  .F.,(2,2),(-0.,1.E-02),.PIECEWISE_BEZIER_KNOTS.);
#7895 = CARTESIAN_POINT('',(0.167238242623,2.48,0.816278367564));
#7896 = CARTESIAN_POINT('',(0.167238242623,2.47,0.816278367564));
#7897 = ORIENTED_EDGE('',*,*,#632,.F.);
#7898 = B_SPLINE_SURFACE_WITH_KNOTS('',3,1,(
    (#7899,#7900)
    ,(#7901,#7902)
    ,(#7903,#7904)
    ,(#7905,#7906
    )),.UNSPECIFIED.,.F.,.F.,.F.,(4,4),(2,2),(0.,1.),(0.,1.),
  .PIECEWISE_BEZIER_KNOTS.);
#7899 = CARTESIAN_POINT('',(0.117225886848,2.48,0.829795220476));
#7900 = CARTESIAN_POINT('',(0.117225886848,2.47,0.829795220476));
#7901 = CARTESIAN_POINT('',(0.136149480925,2.48,0.829795220476));
#7902 = CARTESIAN_POINT('',(0.136149480925,2.47,0.829795220476));
#7903 = CARTESIAN_POINT('',(0.152837595482,2.48,0.825324261435));
#7904 = CARTESIAN_POINT('',(0.152837595482,2.47,0.825324261435));
#7905 = CARTESIAN_POINT('',(0.167238242623,2.48,0.816278367564));
#7906 = CARTESIAN_POINT('',(0.167238242623,2.47,0.816278367564));
#7907 = ADVANCED_FACE('',(#7908),#7918,.F.);
#7908 = FACE_BOUND('',#7909,.T.);
#7909 = EDGE_LOOP('',(#7910,#7911,#7916,#7917));
#7910 = ORIENTED_EDGE('',*,*,#623,.T.);
#7911 = ORIENTED_EDGE('',*,*,#7912,.F.);
#7912 = EDGE_CURVE('',#7707,#626,#7913,.T.);
#7913 = B_SPLINE_CURVE_WITH_KNOTS('',1,(#7914,#7915),.UNSPECIFIED.,.F.,
  .F.,(2,2),(-0.,1.E-02),.PIECEWISE_BEZIER_KNOTS.);
#7914 = CARTESIAN_POINT('',(0.167238242623,2.48,0.791532129154));
#7915 = CARTESIAN_POINT('',(0.167238242623,2.47,0.791532129154));
#7916 = ORIENTED_EDGE('',*,*,#7706,.F.);
#7917 = ORIENTED_EDGE('',*,*,#7893,.T.);
#7918 = B_SPLINE_SURFACE_WITH_KNOTS('',1,1,(
    (#7919,#7920)
    ,(#7921,#7922
    )),.UNSPECIFIED.,.F.,.F.,.F.,(2,2),(2,2),(-1.475104996579E-18,
    2.474623840926E-02),(-1.E-02,6.159848787616E-62),
  .PIECEWISE_BEZIER_KNOTS.);
#7919 = CARTESIAN_POINT('',(0.167238242623,2.47,0.791532129154));
#7920 = CARTESIAN_POINT('',(0.167238242623,2.48,0.791532129154));
#7921 = CARTESIAN_POINT('',(0.167238242623,2.47,0.816278367564));
#7922 = CARTESIAN_POINT('',(0.167238242623,2.48,0.816278367564));
#7923 = ADVANCED_FACE('',(#7924),#7934,.F.);
#7924 = FACE_BOUND('',#7925,.F.);
#7925 = EDGE_LOOP('',(#7926,#7927,#7928,#7933));
#7926 = ORIENTED_EDGE('',*,*,#7912,.F.);
#7927 = ORIENTED_EDGE('',*,*,#7713,.T.);
#7928 = ORIENTED_EDGE('',*,*,#7929,.T.);
#7929 = EDGE_CURVE('',#7714,#722,#7930,.T.);
#7930 = B_SPLINE_CURVE_WITH_KNOTS('',1,(#7931,#7932),.UNSPECIFIED.,.F.,
  .F.,(2,2),(-0.,1.E-02),.PIECEWISE_BEZIER_KNOTS.);
#7931 = CARTESIAN_POINT('',(0.119617330056,2.48,0.809104037941));
#7932 = CARTESIAN_POINT('',(0.119617330056,2.47,0.809104037941));
#7933 = ORIENTED_EDGE('',*,*,#730,.F.);
#7934 = B_SPLINE_SURFACE_WITH_KNOTS('',3,1,(
    (#7935,#7936)
    ,(#7937,#7938)
    ,(#7939,#7940)
    ,(#7941,#7942
    )),.UNSPECIFIED.,.F.,.F.,.F.,(4,4),(2,2),(12.,13.),(0.,1.),
  .PIECEWISE_BEZIER_KNOTS.);
#7935 = CARTESIAN_POINT('',(0.167238242623,2.48,0.791532129154));
#7936 = CARTESIAN_POINT('',(0.167238242623,2.47,0.791532129154));
#7937 = CARTESIAN_POINT('',(0.152889583378,2.48,0.803177417818));
#7938 = CARTESIAN_POINT('',(0.152889583378,2.47,0.803177417818));
#7939 = CARTESIAN_POINT('',(0.137033275154,2.48,0.809104037941));
#7940 = CARTESIAN_POINT('',(0.137033275154,2.47,0.809104037941));
#7941 = CARTESIAN_POINT('',(0.119617330056,2.48,0.809104037941));
#7942 = CARTESIAN_POINT('',(0.119617330056,2.47,0.809104037941));
#7943 = ADVANCED_FACE('',(#7944),#7954,.F.);
#7944 = FACE_BOUND('',#7945,.F.);
#7945 = EDGE_LOOP('',(#7946,#7947,#7948,#7953));
#7946 = ORIENTED_EDGE('',*,*,#7929,.F.);
#7947 = ORIENTED_EDGE('',*,*,#7722,.T.);
#7948 = ORIENTED_EDGE('',*,*,#7949,.T.);
#7949 = EDGE_CURVE('',#7723,#715,#7950,.T.);
#7950 = B_SPLINE_CURVE_WITH_KNOTS('',1,(#7951,#7952),.UNSPECIFIED.,.F.,
  .F.,(2,2),(-0.,1.E-02),.PIECEWISE_BEZIER_KNOTS.);
#7951 = CARTESIAN_POINT('',(9.01921810241E-02,2.48,0.773544317203));
#7952 = CARTESIAN_POINT('',(9.01921810241E-02,2.47,0.773544317203));
#7953 = ORIENTED_EDGE('',*,*,#721,.F.);
#7954 = B_SPLINE_SURFACE_WITH_KNOTS('',3,1,(
    (#7955,#7956)
    ,(#7957,#7958)
    ,(#7959,#7960)
    ,(#7961,#7962
    )),.UNSPECIFIED.,.F.,.F.,.F.,(4,4),(2,2),(11.,12.),(0.,1.),
  .PIECEWISE_BEZIER_KNOTS.);
#7955 = CARTESIAN_POINT('',(0.119617330056,2.48,0.809104037941));
#7956 = CARTESIAN_POINT('',(0.119617330056,2.47,0.809104037941));
#7957 = CARTESIAN_POINT('',(0.100017893333,2.48,0.809104037941));
#7958 = CARTESIAN_POINT('',(0.100017893333,2.47,0.809104037941));
#7959 = CARTESIAN_POINT('',(9.01921810241E-02,2.48,0.797250797695));
#7960 = CARTESIAN_POINT('',(9.01921810241E-02,2.47,0.797250797695));
#7961 = CARTESIAN_POINT('',(9.01921810241E-02,2.48,0.773544317203));
#7962 = CARTESIAN_POINT('',(9.01921810241E-02,2.47,0.773544317203));
#7963 = ADVANCED_FACE('',(#7964),#7974,.F.);
#7964 = FACE_BOUND('',#7965,.T.);
#7965 = EDGE_LOOP('',(#7966,#7967,#7972,#7973));
#7966 = ORIENTED_EDGE('',*,*,#714,.T.);
#7967 = ORIENTED_EDGE('',*,*,#7968,.F.);
#7968 = EDGE_CURVE('',#7732,#706,#7969,.T.);
#7969 = B_SPLINE_CURVE_WITH_KNOTS('',1,(#7970,#7971),.UNSPECIFIED.,.F.,
  .F.,(2,2),(-0.,1.E-02),.PIECEWISE_BEZIER_KNOTS.);
#7970 = CARTESIAN_POINT('',(0.13323815876,2.48,0.767513721289));
#7971 = CARTESIAN_POINT('',(0.13323815876,2.47,0.767513721289));
#7972 = ORIENTED_EDGE('',*,*,#7731,.F.);
#7973 = ORIENTED_EDGE('',*,*,#7949,.T.);
#7974 = B_SPLINE_SURFACE_WITH_KNOTS('',1,1,(
    (#7975,#7976)
    ,(#7977,#7978
    )),.UNSPECIFIED.,.F.,.F.,.F.,(2,2),(2,2),(-2.046585579141E-19,
    4.346635809804E-02),(-1.E-02,9.629649721936E-34),
  .PIECEWISE_BEZIER_KNOTS.);
#7975 = CARTESIAN_POINT('',(0.13323815876,2.47,0.767513721289));
#7976 = CARTESIAN_POINT('',(0.13323815876,2.48,0.767513721289));
#7977 = CARTESIAN_POINT('',(9.01921810241E-02,2.47,0.773544317203));
#7978 = CARTESIAN_POINT('',(9.01921810241E-02,2.48,0.773544317203));
#7979 = ADVANCED_FACE('',(#7980),#7990,.F.);
#7980 = FACE_BOUND('',#7981,.F.);
#7981 = EDGE_LOOP('',(#7982,#7983,#7984,#7989));
#7982 = ORIENTED_EDGE('',*,*,#7968,.F.);
#7983 = ORIENTED_EDGE('',*,*,#7738,.T.);
#7984 = ORIENTED_EDGE('',*,*,#7985,.T.);
#7985 = EDGE_CURVE('',#7739,#697,#7986,.T.);
#7986 = B_SPLINE_CURVE_WITH_KNOTS('',1,(#7987,#7988),.UNSPECIFIED.,.F.,
  .F.,(2,2),(-0.,1.E-02),.PIECEWISE_BEZIER_KNOTS.);
#7987 = CARTESIAN_POINT('',(0.181430938181,2.48,0.720100760305));
#7988 = CARTESIAN_POINT('',(0.181430938181,2.47,0.720100760305));
#7989 = ORIENTED_EDGE('',*,*,#705,.F.);
#7990 = B_SPLINE_SURFACE_WITH_KNOTS('',3,1,(
    (#7991,#7992)
    ,(#7993,#7994)
    ,(#7995,#7996)
    ,(#7997,#7998
    )),.UNSPECIFIED.,.F.,.F.,.F.,(4,4),(2,2),(9.,10.),(0.,1.),
  .PIECEWISE_BEZIER_KNOTS.);
#7991 = CARTESIAN_POINT('',(0.13323815876,2.48,0.767513721289));
#7992 = CARTESIAN_POINT('',(0.13323815876,2.47,0.767513721289));
#7993 = CARTESIAN_POINT('',(0.165366678373,2.48,0.763042762248));
#7994 = CARTESIAN_POINT('',(0.165366678373,2.47,0.763042762248));
#7995 = CARTESIAN_POINT('',(0.181430938181,2.48,0.74723844192));
#7996 = CARTESIAN_POINT('',(0.181430938181,2.47,0.74723844192));
#7997 = CARTESIAN_POINT('',(0.181430938181,2.48,0.720100760305));
#7998 = CARTESIAN_POINT('',(0.181430938181,2.47,0.720100760305));
#7999 = ADVANCED_FACE('',(#8000),#8010,.F.);
#8000 = FACE_BOUND('',#8001,.F.);
#8001 = EDGE_LOOP('',(#8002,#8003,#8004,#8009));
#8002 = ORIENTED_EDGE('',*,*,#7985,.F.);
#8003 = ORIENTED_EDGE('',*,*,#7747,.T.);
#8004 = ORIENTED_EDGE('',*,*,#8005,.T.);
#8005 = EDGE_CURVE('',#7748,#688,#8006,.T.);
#8006 = B_SPLINE_CURVE_WITH_KNOTS('',1,(#8007,#8008),.UNSPECIFIED.,.F.,
  .F.,(2,2),(-0.,1.E-02),.PIECEWISE_BEZIER_KNOTS.);
#8007 = CARTESIAN_POINT('',(0.168953843185,2.48,0.689219950189));
#8008 = CARTESIAN_POINT('',(0.168953843185,2.47,0.689219950189));
#8009 = ORIENTED_EDGE('',*,*,#696,.F.);
#8010 = B_SPLINE_SURFACE_WITH_KNOTS('',3,1,(
    (#8011,#8012)
    ,(#8013,#8014)
    ,(#8015,#8016)
    ,(#8017,#8018
    )),.UNSPECIFIED.,.F.,.F.,.F.,(4,4),(2,2),(8.,9.),(0.,1.),
  .PIECEWISE_BEZIER_KNOTS.);
#8011 = CARTESIAN_POINT('',(0.181430938181,2.48,0.720100760305));
#8012 = CARTESIAN_POINT('',(0.181430938181,2.47,0.720100760305));
#8013 = CARTESIAN_POINT('',(0.181430938181,2.48,0.70710378635));
#8014 = CARTESIAN_POINT('',(0.181430938181,2.47,0.70710378635));
#8015 = CARTESIAN_POINT('',(0.177271906516,2.48,0.696810182978));
#8016 = CARTESIAN_POINT('',(0.177271906516,2.47,0.696810182978));
#8017 = CARTESIAN_POINT('',(0.168953843185,2.48,0.689219950189));
#8018 = CARTESIAN_POINT('',(0.168953843185,2.47,0.689219950189));
#8019 = ADVANCED_FACE('',(#8020),#8030,.F.);
#8020 = FACE_BOUND('',#8021,.F.);
#8021 = EDGE_LOOP('',(#8022,#8023,#8024,#8029));
#8022 = ORIENTED_EDGE('',*,*,#8005,.F.);
#8023 = ORIENTED_EDGE('',*,*,#7756,.T.);
#8024 = ORIENTED_EDGE('',*,*,#8025,.T.);
#8025 = EDGE_CURVE('',#7757,#679,#8026,.T.);
#8026 = B_SPLINE_CURVE_WITH_KNOTS('',1,(#8027,#8028),.UNSPECIFIED.,.F.,
  .F.,(2,2),(-0.,1.E-02),.PIECEWISE_BEZIER_KNOTS.);
#8027 = CARTESIAN_POINT('',(0.135369662488,2.48,0.67778261311));
#8028 = CARTESIAN_POINT('',(0.135369662488,2.47,0.67778261311));
#8029 = ORIENTED_EDGE('',*,*,#687,.F.);
#8030 = B_SPLINE_SURFACE_WITH_KNOTS('',3,1,(
    (#8031,#8032)
    ,(#8033,#8034)
    ,(#8035,#8036)
    ,(#8037,#8038
    )),.UNSPECIFIED.,.F.,.F.,.F.,(4,4),(2,2),(7.,8.),(0.,1.),
  .PIECEWISE_BEZIER_KNOTS.);
#8031 = CARTESIAN_POINT('',(0.168953843185,2.48,0.689219950189));
#8032 = CARTESIAN_POINT('',(0.168953843185,2.47,0.689219950189));
#8033 = CARTESIAN_POINT('',(0.160635779855,2.48,0.6816297174));
#8034 = CARTESIAN_POINT('',(0.160635779855,2.47,0.6816297174));
#8035 = CARTESIAN_POINT('',(0.149458382254,2.48,0.67778261311));
#8036 = CARTESIAN_POINT('',(0.149458382254,2.47,0.67778261311));
#8037 = CARTESIAN_POINT('',(0.135369662488,2.48,0.67778261311));
#8038 = CARTESIAN_POINT('',(0.135369662488,2.47,0.67778261311));
#8039 = ADVANCED_FACE('',(#8040),#8050,.F.);
#8040 = FACE_BOUND('',#8041,.F.);
#8041 = EDGE_LOOP('',(#8042,#8043,#8044,#8049));
#8042 = ORIENTED_EDGE('',*,*,#8025,.F.);
#8043 = ORIENTED_EDGE('',*,*,#7765,.T.);
#8044 = ORIENTED_EDGE('',*,*,#8045,.T.);
#8045 = EDGE_CURVE('',#7766,#672,#8046,.T.);
#8046 = B_SPLINE_CURVE_WITH_KNOTS('',1,(#8047,#8048),.UNSPECIFIED.,.F.,
  .F.,(2,2),(-0.,1.E-02),.PIECEWISE_BEZIER_KNOTS.);
#8047 = CARTESIAN_POINT('',(9.086802366962E-02,2.48,0.703672585226));
#8048 = CARTESIAN_POINT('',(9.086802366962E-02,2.47,0.703672585226));
#8049 = ORIENTED_EDGE('',*,*,#678,.F.);
#8050 = B_SPLINE_SURFACE_WITH_KNOTS('',3,1,(
    (#8051,#8052)
    ,(#8053,#8054)
    ,(#8055,#8056)
    ,(#8057,#8058
    )),.UNSPECIFIED.,.F.,.F.,.F.,(4,4),(2,2),(6.,7.),(0.,1.),
  .PIECEWISE_BEZIER_KNOTS.);
#8051 = CARTESIAN_POINT('',(0.135369662488,2.48,0.67778261311));
#8052 = CARTESIAN_POINT('',(0.135369662488,2.47,0.67778261311));
#8053 = CARTESIAN_POINT('',(0.115770225765,2.48,0.67778261311));
#8054 = CARTESIAN_POINT('',(0.115770225765,2.47,0.67778261311));
#8055 = CARTESIAN_POINT('',(0.100901687562,2.48,0.686412603815));
#8056 = CARTESIAN_POINT('',(0.100901687562,2.47,0.686412603815));
#8057 = CARTESIAN_POINT('',(9.086802366962E-02,2.48,0.703672585226));
#8058 = CARTESIAN_POINT('',(9.086802366962E-02,2.47,0.703672585226));
#8059 = ADVANCED_FACE('',(#8060),#8070,.F.);
#8060 = FACE_BOUND('',#8061,.T.);
#8061 = EDGE_LOOP('',(#8062,#8063,#8068,#8069));
#8062 = ORIENTED_EDGE('',*,*,#671,.T.);
#8063 = ORIENTED_EDGE('',*,*,#8064,.F.);
#8064 = EDGE_CURVE('',#7775,#665,#8065,.T.);
#8065 = B_SPLINE_CURVE_WITH_KNOTS('',1,(#8066,#8067),.UNSPECIFIED.,.F.,
  .F.,(2,2),(-0.,1.E-02),.PIECEWISE_BEZIER_KNOTS.);
#8066 = CARTESIAN_POINT('',(9.01921810241E-02,2.48,0.703672585226));
#8067 = CARTESIAN_POINT('',(9.01921810241E-02,2.47,0.703672585226));
#8068 = ORIENTED_EDGE('',*,*,#7774,.F.);
#8069 = ORIENTED_EDGE('',*,*,#8045,.T.);
#8070 = B_SPLINE_SURFACE_WITH_KNOTS('',1,1,(
    (#8071,#8072)
    ,(#8073,#8074
    )),.UNSPECIFIED.,.F.,.F.,.F.,(2,2),(2,2),(0.,1.E-02),(0.,
    6.758426455278E-04),.PIECEWISE_BEZIER_KNOTS.);
#8071 = CARTESIAN_POINT('',(9.01921810241E-02,2.48,0.703672585226));
#8072 = CARTESIAN_POINT('',(9.086802366962E-02,2.48,0.703672585226));
#8073 = CARTESIAN_POINT('',(9.01921810241E-02,2.47,0.703672585226));
#8074 = CARTESIAN_POINT('',(9.086802366962E-02,2.47,0.703672585226));
#8075 = ADVANCED_FACE('',(#8076),#8086,.F.);
#8076 = FACE_BOUND('',#8077,.T.);
#8077 = EDGE_LOOP('',(#8078,#8079,#8084,#8085));
#8078 = ORIENTED_EDGE('',*,*,#664,.T.);
#8079 = ORIENTED_EDGE('',*,*,#8080,.F.);
#8080 = EDGE_CURVE('',#7782,#658,#8081,.T.);
#8081 = B_SPLINE_CURVE_WITH_KNOTS('',1,(#8082,#8083),.UNSPECIFIED.,.F.,
  .F.,(2,2),(-0.,1.E-02),.PIECEWISE_BEZIER_KNOTS.);
#8082 = CARTESIAN_POINT('',(9.01921810241E-02,2.48,0.681213814234));
#8083 = CARTESIAN_POINT('',(9.01921810241E-02,2.47,0.681213814234));
#8084 = ORIENTED_EDGE('',*,*,#7781,.F.);
#8085 = ORIENTED_EDGE('',*,*,#8064,.T.);
#8086 = B_SPLINE_SURFACE_WITH_KNOTS('',1,1,(
    (#8087,#8088)
    ,(#8089,#8090
    )),.UNSPECIFIED.,.F.,.F.,.F.,(2,2),(2,2),(-1.475104996579E-18,
    2.24587709918E-02),(-1.E-02,0.),.PIECEWISE_BEZIER_KNOTS.);
#8087 = CARTESIAN_POINT('',(9.01921810241E-02,2.47,0.681213814234));
#8088 = CARTESIAN_POINT('',(9.01921810241E-02,2.48,0.681213814234));
#8089 = CARTESIAN_POINT('',(9.01921810241E-02,2.47,0.703672585226));
#8090 = CARTESIAN_POINT('',(9.01921810241E-02,2.48,0.703672585226));
#8091 = ADVANCED_FACE('',(#8092),#8102,.F.);
#8092 = FACE_BOUND('',#8093,.T.);
#8093 = EDGE_LOOP('',(#8094,#8095,#8100,#8101));
#8094 = ORIENTED_EDGE('',*,*,#657,.T.);
#8095 = ORIENTED_EDGE('',*,*,#8096,.F.);
#8096 = EDGE_CURVE('',#7789,#651,#8097,.T.);
#8097 = B_SPLINE_CURVE_WITH_KNOTS('',1,(#8098,#8099),.UNSPECIFIED.,.F.,
  .F.,(2,2),(-0.,1.E-02),.PIECEWISE_BEZIER_KNOTS.);
#8098 = CARTESIAN_POINT('',(6.471811207425E-02,2.48,0.681213814234));
#8099 = CARTESIAN_POINT('',(6.471811207425E-02,2.47,0.681213814234));
#8100 = ORIENTED_EDGE('',*,*,#7788,.F.);
#8101 = ORIENTED_EDGE('',*,*,#8080,.T.);
#8102 = B_SPLINE_SURFACE_WITH_KNOTS('',1,1,(
    (#8103,#8104)
    ,(#8105,#8106
    )),.UNSPECIFIED.,.F.,.F.,.F.,(2,2),(2,2),(0.,2.547406894985E-02),(
    -1.E-02,0.),.PIECEWISE_BEZIER_KNOTS.);
#8103 = CARTESIAN_POINT('',(6.471811207425E-02,2.47,0.681213814234));
#8104 = CARTESIAN_POINT('',(6.471811207425E-02,2.48,0.681213814234));
#8105 = CARTESIAN_POINT('',(9.01921810241E-02,2.47,0.681213814234));
#8106 = CARTESIAN_POINT('',(9.01921810241E-02,2.48,0.681213814234));
#8107 = ADVANCED_FACE('',(#8108),#8118,.F.);
#8108 = FACE_BOUND('',#8109,.T.);
#8109 = EDGE_LOOP('',(#8110,#8111,#8116,#8117));
#8110 = ORIENTED_EDGE('',*,*,#650,.T.);
#8111 = ORIENTED_EDGE('',*,*,#8112,.F.);
#8112 = EDGE_CURVE('',#7796,#642,#8113,.T.);
#8113 = B_SPLINE_CURVE_WITH_KNOTS('',1,(#8114,#8115),.UNSPECIFIED.,.F.,
  .F.,(2,2),(-0.,1.E-02),.PIECEWISE_BEZIER_KNOTS.);
#8114 = CARTESIAN_POINT('',(6.471811207425E-02,2.48,0.77468805091));
#8115 = CARTESIAN_POINT('',(6.471811207425E-02,2.47,0.77468805091));
#8116 = ORIENTED_EDGE('',*,*,#7795,.F.);
#8117 = ORIENTED_EDGE('',*,*,#8096,.T.);
#8118 = B_SPLINE_SURFACE_WITH_KNOTS('',1,1,(
    (#8119,#8120)
    ,(#8121,#8122
    )),.UNSPECIFIED.,.F.,.F.,.F.,(2,2),(2,2),(0.,9.347423667573E-02),(
    -1.E-02,1.780831324153E-48),.PIECEWISE_BEZIER_KNOTS.);
#8119 = CARTESIAN_POINT('',(6.471811207425E-02,2.47,0.77468805091));
#8120 = CARTESIAN_POINT('',(6.471811207425E-02,2.48,0.77468805091));
#8121 = CARTESIAN_POINT('',(6.471811207425E-02,2.47,0.681213814234));
#8122 = CARTESIAN_POINT('',(6.471811207425E-02,2.48,0.681213814234));
#8123 = ADVANCED_FACE('',(#8124),#8130,.F.);
#8124 = FACE_BOUND('',#8125,.F.);
#8125 = EDGE_LOOP('',(#8126,#8127,#8128,#8129));
#8126 = ORIENTED_EDGE('',*,*,#8112,.F.);
#8127 = ORIENTED_EDGE('',*,*,#7802,.T.);
#8128 = ORIENTED_EDGE('',*,*,#7887,.T.);
#8129 = ORIENTED_EDGE('',*,*,#641,.F.);
#8130 = B_SPLINE_SURFACE_WITH_KNOTS('',3,1,(
    (#8131,#8132)
    ,(#8133,#8134)
    ,(#8135,#8136)
    ,(#8137,#8138
    )),.UNSPECIFIED.,.F.,.F.,.F.,(4,4),(2,2),(1.,2.),(0.,1.),
  .PIECEWISE_BEZIER_KNOTS.);
#8131 = CARTESIAN_POINT('',(6.471811207425E-02,2.48,0.77468805091));
#8132 = CARTESIAN_POINT('',(6.471811207425E-02,2.47,0.77468805091));
#8133 = CARTESIAN_POINT('',(6.471811207425E-02,2.48,0.811495481149));
#8134 = CARTESIAN_POINT('',(6.471811207425E-02,2.47,0.811495481149));
#8135 = CARTESIAN_POINT('',(8.223803296433E-02,2.48,0.829795220476));
#8136 = CARTESIAN_POINT('',(8.223803296433E-02,2.47,0.829795220476));
#8137 = CARTESIAN_POINT('',(0.117225886848,2.48,0.829795220476));
#8138 = CARTESIAN_POINT('',(0.117225886848,2.47,0.829795220476));
#8139 = ADVANCED_FACE('',(#8140),#8164,.T.);
#8140 = FACE_BOUND('',#8141,.T.);
#8141 = EDGE_LOOP('',(#8142,#8153,#8158,#8159));
#8142 = ORIENTED_EDGE('',*,*,#8143,.F.);
#8143 = EDGE_CURVE('',#8144,#8146,#8148,.T.);
#8144 = VERTEX_POINT('',#8145);
#8145 = CARTESIAN_POINT('',(0.124192264888,2.47,0.749525909336));
#8146 = VERTEX_POINT('',#8147);
#8147 = CARTESIAN_POINT('',(0.148834527504,2.47,0.740583991255));
#8148 = B_SPLINE_CURVE_WITH_KNOTS('',3,(#8149,#8150,#8151,#8152),
  .UNSPECIFIED.,.F.,.F.,(4,4),(0.,1.),.PIECEWISE_BEZIER_KNOTS.);
#8149 = CARTESIAN_POINT('',(0.124192264888,2.47,0.749525909336));
#8150 = CARTESIAN_POINT('',(0.136097493029,2.47,0.747862296669));
#8151 = CARTESIAN_POINT('',(0.144311580568,2.47,0.744950974504));
#8152 = CARTESIAN_POINT('',(0.148834527504,2.47,0.740583991255));
#8153 = ORIENTED_EDGE('',*,*,#8154,.F.);
#8154 = EDGE_CURVE('',#7823,#8144,#8155,.T.);
#8155 = B_SPLINE_CURVE_WITH_KNOTS('',1,(#8156,#8157),.UNSPECIFIED.,.F.,
  .F.,(2,2),(-0.,1.E-02),.PIECEWISE_BEZIER_KNOTS.);
#8156 = CARTESIAN_POINT('',(0.124192264888,2.48,0.749525909336));
#8157 = CARTESIAN_POINT('',(0.124192264888,2.47,0.749525909336));
#8158 = ORIENTED_EDGE('',*,*,#7822,.T.);
#8159 = ORIENTED_EDGE('',*,*,#8160,.T.);
#8160 = EDGE_CURVE('',#7812,#8146,#8161,.T.);
#8161 = B_SPLINE_CURVE_WITH_KNOTS('',1,(#8162,#8163),.UNSPECIFIED.,.F.,
  .F.,(2,2),(-0.,1.E-02),.PIECEWISE_BEZIER_KNOTS.);
#8162 = CARTESIAN_POINT('',(0.148834527504,2.48,0.740583991255));
#8163 = CARTESIAN_POINT('',(0.148834527504,2.47,0.740583991255));
#8164 = B_SPLINE_SURFACE_WITH_KNOTS('',3,1,(
    (#8165,#8166)
    ,(#8167,#8168)
    ,(#8169,#8170)
    ,(#8171,#8172
    )),.UNSPECIFIED.,.F.,.F.,.F.,(4,4),(2,2),(0.,1.),(0.,1.),
  .PIECEWISE_BEZIER_KNOTS.);
#8165 = CARTESIAN_POINT('',(0.124192264888,2.48,0.749525909336));
#8166 = CARTESIAN_POINT('',(0.124192264888,2.47,0.749525909336));
#8167 = CARTESIAN_POINT('',(0.136097493029,2.48,0.747862296669));
#8168 = CARTESIAN_POINT('',(0.136097493029,2.47,0.747862296669));
#8169 = CARTESIAN_POINT('',(0.144311580568,2.48,0.744950974504));
#8170 = CARTESIAN_POINT('',(0.144311580568,2.47,0.744950974504));
#8171 = CARTESIAN_POINT('',(0.148834527504,2.48,0.740583991255));
#8172 = CARTESIAN_POINT('',(0.148834527504,2.47,0.740583991255));
#8173 = ADVANCED_FACE('',(#8174),#8192,.T.);
#8174 = FACE_BOUND('',#8175,.T.);
#8175 = EDGE_LOOP('',(#8176,#8185,#8186,#8187));
#8176 = ORIENTED_EDGE('',*,*,#8177,.F.);
#8177 = EDGE_CURVE('',#8146,#8178,#8180,.T.);
#8178 = VERTEX_POINT('',#8179);
#8179 = CARTESIAN_POINT('',(0.15559295396,2.47,0.722180276136));
#8180 = B_SPLINE_CURVE_WITH_KNOTS('',3,(#8181,#8182,#8183,#8184),
  .UNSPECIFIED.,.F.,.F.,(4,4),(1.,2.),.PIECEWISE_BEZIER_KNOTS.);
#8181 = CARTESIAN_POINT('',(0.148834527504,2.47,0.740583991255));
#8182 = CARTESIAN_POINT('',(0.153305486545,2.47,0.736217008007));
#8183 = CARTESIAN_POINT('',(0.15559295396,2.47,0.730082436301));
#8184 = CARTESIAN_POINT('',(0.15559295396,2.47,0.722180276136));
#8185 = ORIENTED_EDGE('',*,*,#8160,.F.);
#8186 = ORIENTED_EDGE('',*,*,#7811,.T.);
#8187 = ORIENTED_EDGE('',*,*,#8188,.T.);
#8188 = EDGE_CURVE('',#7814,#8178,#8189,.T.);
#8189 = B_SPLINE_CURVE_WITH_KNOTS('',1,(#8190,#8191),.UNSPECIFIED.,.F.,
  .F.,(2,2),(-0.,1.E-02),.PIECEWISE_BEZIER_KNOTS.);
#8190 = CARTESIAN_POINT('',(0.15559295396,2.48,0.722180276136));
#8191 = CARTESIAN_POINT('',(0.15559295396,2.47,0.722180276136));
#8192 = B_SPLINE_SURFACE_WITH_KNOTS('',3,1,(
    (#8193,#8194)
    ,(#8195,#8196)
    ,(#8197,#8198)
    ,(#8199,#8200
    )),.UNSPECIFIED.,.F.,.F.,.F.,(4,4),(2,2),(1.,2.),(0.,1.),
  .PIECEWISE_BEZIER_KNOTS.);
#8193 = CARTESIAN_POINT('',(0.148834527504,2.48,0.740583991255));
#8194 = CARTESIAN_POINT('',(0.148834527504,2.47,0.740583991255));
#8195 = CARTESIAN_POINT('',(0.153305486545,2.48,0.736217008007));
#8196 = CARTESIAN_POINT('',(0.153305486545,2.47,0.736217008007));
#8197 = CARTESIAN_POINT('',(0.15559295396,2.48,0.730082436301));
#8198 = CARTESIAN_POINT('',(0.15559295396,2.47,0.730082436301));
#8199 = CARTESIAN_POINT('',(0.15559295396,2.48,0.722180276136));
#8200 = CARTESIAN_POINT('',(0.15559295396,2.47,0.722180276136));
#8201 = ADVANCED_FACE('',(#8202),#8220,.T.);
#8202 = FACE_BOUND('',#8203,.T.);
#8203 = EDGE_LOOP('',(#8204,#8213,#8214,#8215));
#8204 = ORIENTED_EDGE('',*,*,#8205,.F.);
#8205 = EDGE_CURVE('',#8178,#8206,#8208,.T.);
#8206 = VERTEX_POINT('',#8207);
#8207 = CARTESIAN_POINT('',(0.148210672754,2.47,0.7052322221));
#8208 = B_SPLINE_CURVE_WITH_KNOTS('',3,(#8209,#8210,#8211,#8212),
  .UNSPECIFIED.,.F.,.F.,(4,4),(2.,3.),.PIECEWISE_BEZIER_KNOTS.);
#8209 = CARTESIAN_POINT('',(0.15559295396,2.47,0.722180276136));
#8210 = CARTESIAN_POINT('',(0.15559295396,2.47,0.715213898098));
#8211 = CARTESIAN_POINT('',(0.153149522857,2.47,0.709599205349));
#8212 = CARTESIAN_POINT('',(0.148210672754,2.47,0.7052322221));
#8213 = ORIENTED_EDGE('',*,*,#8188,.F.);
#8214 = ORIENTED_EDGE('',*,*,#7872,.T.);
#8215 = ORIENTED_EDGE('',*,*,#8216,.T.);
#8216 = EDGE_CURVE('',#7864,#8206,#8217,.T.);
#8217 = B_SPLINE_CURVE_WITH_KNOTS('',1,(#8218,#8219),.UNSPECIFIED.,.F.,
  .F.,(2,2),(-0.,1.E-02),.PIECEWISE_BEZIER_KNOTS.);
#8218 = CARTESIAN_POINT('',(0.148210672754,2.48,0.7052322221));
#8219 = CARTESIAN_POINT('',(0.148210672754,2.47,0.7052322221));
#8220 = B_SPLINE_SURFACE_WITH_KNOTS('',3,1,(
    (#8221,#8222)
    ,(#8223,#8224)
    ,(#8225,#8226)
    ,(#8227,#8228
    )),.UNSPECIFIED.,.F.,.F.,.F.,(4,4),(2,2),(2.,3.),(0.,1.),
  .PIECEWISE_BEZIER_KNOTS.);
#8221 = CARTESIAN_POINT('',(0.15559295396,2.48,0.722180276136));
#8222 = CARTESIAN_POINT('',(0.15559295396,2.47,0.722180276136));
#8223 = CARTESIAN_POINT('',(0.15559295396,2.48,0.715213898098));
#8224 = CARTESIAN_POINT('',(0.15559295396,2.47,0.715213898098));
#8225 = CARTESIAN_POINT('',(0.153149522857,2.48,0.709599205349));
#8226 = CARTESIAN_POINT('',(0.153149522857,2.47,0.709599205349));
#8227 = CARTESIAN_POINT('',(0.148210672754,2.48,0.7052322221));
#8228 = CARTESIAN_POINT('',(0.148210672754,2.47,0.7052322221));
#8229 = ADVANCED_FACE('',(#8230),#8248,.T.);
#8230 = FACE_BOUND('',#8231,.T.);
#8231 = EDGE_LOOP('',(#8232,#8241,#8242,#8243));
#8232 = ORIENTED_EDGE('',*,*,#8233,.F.);
#8233 = EDGE_CURVE('',#8206,#8234,#8236,.T.);
#8234 = VERTEX_POINT('',#8235);
#8235 = CARTESIAN_POINT('',(0.128767199719,2.47,0.698681747228));
#8236 = B_SPLINE_CURVE_WITH_KNOTS('',3,(#8237,#8238,#8239,#8240),
  .UNSPECIFIED.,.F.,.F.,(4,4),(3.,4.),.PIECEWISE_BEZIER_KNOTS.);
#8237 = CARTESIAN_POINT('',(0.148210672754,2.47,0.7052322221));
#8238 = CARTESIAN_POINT('',(0.143323810548,2.47,0.700865238852));
#8239 = CARTESIAN_POINT('',(0.136825323571,2.47,0.698681747228));
#8240 = CARTESIAN_POINT('',(0.128767199719,2.47,0.698681747228));
#8241 = ORIENTED_EDGE('',*,*,#8216,.F.);
#8242 = ORIENTED_EDGE('',*,*,#7863,.T.);
#8243 = ORIENTED_EDGE('',*,*,#8244,.T.);
#8244 = EDGE_CURVE('',#7855,#8234,#8245,.T.);
#8245 = B_SPLINE_CURVE_WITH_KNOTS('',1,(#8246,#8247),.UNSPECIFIED.,.F.,
  .F.,(2,2),(-0.,1.E-02),.PIECEWISE_BEZIER_KNOTS.);
#8246 = CARTESIAN_POINT('',(0.128767199719,2.48,0.698681747228));
#8247 = CARTESIAN_POINT('',(0.128767199719,2.47,0.698681747228));
#8248 = B_SPLINE_SURFACE_WITH_KNOTS('',3,1,(
    (#8249,#8250)
    ,(#8251,#8252)
    ,(#8253,#8254)
    ,(#8255,#8256
    )),.UNSPECIFIED.,.F.,.F.,.F.,(4,4),(2,2),(3.,4.),(0.,1.),
  .PIECEWISE_BEZIER_KNOTS.);
#8249 = CARTESIAN_POINT('',(0.148210672754,2.48,0.7052322221));
#8250 = CARTESIAN_POINT('',(0.148210672754,2.47,0.7052322221));
#8251 = CARTESIAN_POINT('',(0.143323810548,2.48,0.700865238852));
#8252 = CARTESIAN_POINT('',(0.143323810548,2.47,0.700865238852));
#8253 = CARTESIAN_POINT('',(0.136825323571,2.48,0.698681747228));
#8254 = CARTESIAN_POINT('',(0.136825323571,2.47,0.698681747228));
#8255 = CARTESIAN_POINT('',(0.128767199719,2.48,0.698681747228));
#8256 = CARTESIAN_POINT('',(0.128767199719,2.47,0.698681747228));
#8257 = ADVANCED_FACE('',(#8258),#8276,.T.);
#8258 = FACE_BOUND('',#8259,.T.);
#8259 = EDGE_LOOP('',(#8260,#8269,#8270,#8271));
#8260 = ORIENTED_EDGE('',*,*,#8261,.F.);
#8261 = EDGE_CURVE('',#8234,#8262,#8264,.T.);
#8262 = VERTEX_POINT('',#8263);
#8263 = CARTESIAN_POINT('',(0.101109639145,2.47,0.710534987474));
#8264 = B_SPLINE_CURVE_WITH_KNOTS('',3,(#8265,#8266,#8267,#8268),
  .UNSPECIFIED.,.F.,.F.,(4,4),(4.,5.),.PIECEWISE_BEZIER_KNOTS.);
#8265 = CARTESIAN_POINT('',(0.128767199719,2.47,0.698681747228));
#8266 = CARTESIAN_POINT('',(0.117589802119,2.47,0.698681747228));
#8267 = CARTESIAN_POINT('',(0.108335956664,2.47,0.702632827309));
#8268 = CARTESIAN_POINT('',(0.101109639145,2.47,0.710534987474));
#8269 = ORIENTED_EDGE('',*,*,#8244,.F.);
#8270 = ORIENTED_EDGE('',*,*,#7854,.T.);
#8271 = ORIENTED_EDGE('',*,*,#8272,.T.);
#8272 = EDGE_CURVE('',#7846,#8262,#8273,.T.);
#8273 = B_SPLINE_CURVE_WITH_KNOTS('',1,(#8274,#8275),.UNSPECIFIED.,.F.,
  .F.,(2,2),(-0.,1.E-02),.PIECEWISE_BEZIER_KNOTS.);
#8274 = CARTESIAN_POINT('',(0.101109639145,2.48,0.710534987474));
#8275 = CARTESIAN_POINT('',(0.101109639145,2.47,0.710534987474));
#8276 = B_SPLINE_SURFACE_WITH_KNOTS('',3,1,(
    (#8277,#8278)
    ,(#8279,#8280)
    ,(#8281,#8282)
    ,(#8283,#8284
    )),.UNSPECIFIED.,.F.,.F.,.F.,(4,4),(2,2),(4.,5.),(0.,1.),
  .PIECEWISE_BEZIER_KNOTS.);
#8277 = CARTESIAN_POINT('',(0.128767199719,2.48,0.698681747228));
#8278 = CARTESIAN_POINT('',(0.128767199719,2.47,0.698681747228));
#8279 = CARTESIAN_POINT('',(0.117589802119,2.48,0.698681747228));
#8280 = CARTESIAN_POINT('',(0.117589802119,2.47,0.698681747228));
#8281 = CARTESIAN_POINT('',(0.108335956664,2.48,0.702632827309));
#8282 = CARTESIAN_POINT('',(0.108335956664,2.47,0.702632827309));
#8283 = CARTESIAN_POINT('',(0.101109639145,2.48,0.710534987474));
#8284 = CARTESIAN_POINT('',(0.101109639145,2.47,0.710534987474));
#8285 = ADVANCED_FACE('',(#8286),#8304,.T.);
#8286 = FACE_BOUND('',#8287,.T.);
#8287 = EDGE_LOOP('',(#8288,#8297,#8298,#8299));
#8288 = ORIENTED_EDGE('',*,*,#8289,.F.);
#8289 = EDGE_CURVE('',#8262,#8290,#8292,.T.);
#8290 = VERTEX_POINT('',#8291);
#8291 = CARTESIAN_POINT('',(9.01921810241E-02,2.47,0.740168088089));
#8292 = B_SPLINE_CURVE_WITH_KNOTS('',3,(#8293,#8294,#8295,#8296),
  .UNSPECIFIED.,.F.,.F.,(4,4),(5.,6.),.PIECEWISE_BEZIER_KNOTS.);
#8293 = CARTESIAN_POINT('',(0.101109639145,2.47,0.710534987474));
#8294 = CARTESIAN_POINT('',(9.383133373122E-02,2.47,0.718333171846));
#8295 = CARTESIAN_POINT('',(9.01921810241E-02,2.47,0.728210872051));
#8296 = CARTESIAN_POINT('',(9.01921810241E-02,2.47,0.740168088089));
#8297 = ORIENTED_EDGE('',*,*,#8272,.F.);
#8298 = ORIENTED_EDGE('',*,*,#7845,.T.);
#8299 = ORIENTED_EDGE('',*,*,#8300,.T.);
#8300 = EDGE_CURVE('',#7839,#8290,#8301,.T.);
#8301 = B_SPLINE_CURVE_WITH_KNOTS('',1,(#8302,#8303),.UNSPECIFIED.,.F.,
  .F.,(2,2),(-0.,1.E-02),.PIECEWISE_BEZIER_KNOTS.);
#8302 = CARTESIAN_POINT('',(9.01921810241E-02,2.48,0.740168088089));
#8303 = CARTESIAN_POINT('',(9.01921810241E-02,2.47,0.740168088089));
#8304 = B_SPLINE_SURFACE_WITH_KNOTS('',3,1,(
    (#8305,#8306)
    ,(#8307,#8308)
    ,(#8309,#8310)
    ,(#8311,#8312
    )),.UNSPECIFIED.,.F.,.F.,.F.,(4,4),(2,2),(5.,6.),(0.,1.),
  .PIECEWISE_BEZIER_KNOTS.);
#8305 = CARTESIAN_POINT('',(0.101109639145,2.48,0.710534987474));
#8306 = CARTESIAN_POINT('',(0.101109639145,2.47,0.710534987474));
#8307 = CARTESIAN_POINT('',(9.383133373122E-02,2.48,0.718333171846));
#8308 = CARTESIAN_POINT('',(9.383133373122E-02,2.47,0.718333171846));
#8309 = CARTESIAN_POINT('',(9.01921810241E-02,2.48,0.728210872051));
#8310 = CARTESIAN_POINT('',(9.01921810241E-02,2.47,0.728210872051));
#8311 = CARTESIAN_POINT('',(9.01921810241E-02,2.48,0.740168088089));
#8312 = CARTESIAN_POINT('',(9.01921810241E-02,2.47,0.740168088089));
#8313 = ADVANCED_FACE('',(#8314),#8330,.T.);
#8314 = FACE_BOUND('',#8315,.T.);
#8315 = EDGE_LOOP('',(#8316,#8323,#8324,#8325));
#8316 = ORIENTED_EDGE('',*,*,#8317,.F.);
#8317 = EDGE_CURVE('',#8290,#8318,#8320,.T.);
#8318 = VERTEX_POINT('',#8319);
#8319 = CARTESIAN_POINT('',(9.01921810241E-02,2.47,0.754100844168));
#8320 = B_SPLINE_CURVE_WITH_KNOTS('',1,(#8321,#8322),.UNSPECIFIED.,.F.,
  .F.,(2,2),(6.911518200032E-30,1.39327560794E-02),
  .PIECEWISE_BEZIER_KNOTS.);
#8321 = CARTESIAN_POINT('',(9.01921810241E-02,2.47,0.740168088089));
#8322 = CARTESIAN_POINT('',(9.01921810241E-02,2.47,0.754100844168));
#8323 = ORIENTED_EDGE('',*,*,#8300,.F.);
#8324 = ORIENTED_EDGE('',*,*,#7838,.T.);
#8325 = ORIENTED_EDGE('',*,*,#8326,.T.);
#8326 = EDGE_CURVE('',#7832,#8318,#8327,.T.);
#8327 = B_SPLINE_CURVE_WITH_KNOTS('',1,(#8328,#8329),.UNSPECIFIED.,.F.,
  .F.,(2,2),(1.637695530942E-32,1.E-02),.PIECEWISE_BEZIER_KNOTS.);
#8328 = CARTESIAN_POINT('',(9.01921810241E-02,2.48,0.754100844168));
#8329 = CARTESIAN_POINT('',(9.01921810241E-02,2.47,0.754100844168));
#8330 = B_SPLINE_SURFACE_WITH_KNOTS('',1,1,(
    (#8331,#8332)
    ,(#8333,#8334
    )),.UNSPECIFIED.,.F.,.F.,.F.,(2,2),(2,2),(-1.39327560794E-02,
    1.475104996579E-18),(-1.E-02,0.),.PIECEWISE_BEZIER_KNOTS.);
#8331 = CARTESIAN_POINT('',(9.01921810241E-02,2.47,0.754100844168));
#8332 = CARTESIAN_POINT('',(9.01921810241E-02,2.48,0.754100844168));
#8333 = CARTESIAN_POINT('',(9.01921810241E-02,2.47,0.740168088089));
#8334 = CARTESIAN_POINT('',(9.01921810241E-02,2.48,0.740168088089));
#8335 = ADVANCED_FACE('',(#8336),#8346,.T.);
#8336 = FACE_BOUND('',#8337,.T.);
#8337 = EDGE_LOOP('',(#8338,#8343,#8344,#8345));
#8338 = ORIENTED_EDGE('',*,*,#8339,.F.);
#8339 = EDGE_CURVE('',#8318,#8144,#8340,.T.);
#8340 = B_SPLINE_CURVE_WITH_KNOTS('',1,(#8341,#8342),.UNSPECIFIED.,.F.,
  .F.,(2,2),(0.,3.430649692773E-02),.PIECEWISE_BEZIER_KNOTS.);
#8341 = CARTESIAN_POINT('',(9.01921810241E-02,2.47,0.754100844168));
#8342 = CARTESIAN_POINT('',(0.124192264888,2.47,0.749525909336));
#8343 = ORIENTED_EDGE('',*,*,#8326,.F.);
#8344 = ORIENTED_EDGE('',*,*,#7831,.T.);
#8345 = ORIENTED_EDGE('',*,*,#8154,.T.);
#8346 = B_SPLINE_SURFACE_WITH_KNOTS('',1,1,(
    (#8347,#8348)
    ,(#8349,#8350
    )),.UNSPECIFIED.,.F.,.F.,.F.,(2,2),(2,2),(-3.430649692773E-02,0.),(
    -1.E-02,9.629649721936E-35),.PIECEWISE_BEZIER_KNOTS.);
#8347 = CARTESIAN_POINT('',(0.124192264888,2.47,0.749525909336));
#8348 = CARTESIAN_POINT('',(0.124192264888,2.48,0.749525909336));
#8349 = CARTESIAN_POINT('',(9.01921810241E-02,2.47,0.754100844168));
#8350 = CARTESIAN_POINT('',(9.01921810241E-02,2.48,0.754100844168));
#8351 = ADVANCED_FACE('',(#8352),#8362,.T.);
#8352 = FACE_BOUND('',#8353,.T.);
#8353 = EDGE_LOOP('',(#8354,#8355,#8356,#8357,#8358,#8359,#8360,#8361));
#8354 = ORIENTED_EDGE('',*,*,#8143,.T.);
#8355 = ORIENTED_EDGE('',*,*,#8177,.T.);
#8356 = ORIENTED_EDGE('',*,*,#8205,.T.);
#8357 = ORIENTED_EDGE('',*,*,#8233,.T.);
#8358 = ORIENTED_EDGE('',*,*,#8261,.T.);
#8359 = ORIENTED_EDGE('',*,*,#8289,.T.);
#8360 = ORIENTED_EDGE('',*,*,#8317,.T.);
#8361 = ORIENTED_EDGE('',*,*,#8339,.T.);
#8362 = B_SPLINE_SURFACE_WITH_KNOTS('',1,1,(
    (#8363,#8364)
    ,(#8365,#8366
    )),.UNSPECIFIED.,.F.,.F.,.F.,(2,2),(2,2),(0.668681647228,
    0.724100744168),(2.690192181024,2.75559295396),
  .PIECEWISE_BEZIER_KNOTS.);
#8363 = CARTESIAN_POINT('',(9.01921810241E-02,2.47,0.698681747228));
#8364 = CARTESIAN_POINT('',(0.15559295396,2.47,0.698681747228));
#8365 = CARTESIAN_POINT('',(9.01921810241E-02,2.47,0.754100844168));
#8366 = CARTESIAN_POINT('',(0.15559295396,2.47,0.754100844168));
#8367 = ADVANCED_FACE('',(#8368),#8392,.F.);
#8368 = FACE_BOUND('',#8369,.F.);
#8369 = EDGE_LOOP('',(#8370,#8377,#8386,#8391));
#8370 = ORIENTED_EDGE('',*,*,#8371,.F.);
#8371 = EDGE_CURVE('',#8372,#446,#8374,.T.);
#8372 = VERTEX_POINT('',#8373);
#8373 = CARTESIAN_POINT('',(-1.170409477529E-02,2.48,0.698577771436));
#8374 = B_SPLINE_CURVE_WITH_KNOTS('',1,(#8375,#8376),.UNSPECIFIED.,.F.,
  .F.,(2,2),(-0.,1.E-02),.PIECEWISE_BEZIER_KNOTS.);
#8375 = CARTESIAN_POINT('',(-1.170409477529E-02,2.48,0.698577771436));
#8376 = CARTESIAN_POINT('',(-1.170409477529E-02,2.47,0.698577771436));
#8377 = ORIENTED_EDGE('',*,*,#8378,.T.);
#8378 = EDGE_CURVE('',#8372,#8379,#8381,.T.);
#8379 = VERTEX_POINT('',#8380);
#8380 = CARTESIAN_POINT('',(3.019814925236E-02,2.48,0.712614503306));
#8381 = B_SPLINE_CURVE_WITH_KNOTS('',3,(#8382,#8383,#8384,#8385),
  .UNSPECIFIED.,.F.,.F.,(4,4),(0.,1.),.PIECEWISE_BEZIER_KNOTS.);
#8382 = CARTESIAN_POINT('',(-1.170409477529E-02,2.48,0.698577771436));
#8383 = CARTESIAN_POINT('',(3.268419219944E-03,2.48,0.698577771436));
#8384 = CARTESIAN_POINT('',(1.720117529865E-02,2.48,0.70325668206));
#8385 = CARTESIAN_POINT('',(3.019814925236E-02,2.48,0.712614503306));
#8386 = ORIENTED_EDGE('',*,*,#8387,.T.);
#8387 = EDGE_CURVE('',#8379,#437,#8388,.T.);
#8388 = B_SPLINE_CURVE_WITH_KNOTS('',1,(#8389,#8390),.UNSPECIFIED.,.F.,
  .F.,(2,2),(-0.,1.E-02),.PIECEWISE_BEZIER_KNOTS.);
#8389 = CARTESIAN_POINT('',(3.019814925236E-02,2.48,0.712614503306));
#8390 = CARTESIAN_POINT('',(3.019814925236E-02,2.47,0.712614503306));
#8391 = ORIENTED_EDGE('',*,*,#445,.F.);
#8392 = B_SPLINE_SURFACE_WITH_KNOTS('',3,1,(
    (#8393,#8394)
    ,(#8395,#8396)
    ,(#8397,#8398)
    ,(#8399,#8400
    )),.UNSPECIFIED.,.F.,.F.,.F.,(4,4),(2,2),(0.,1.),(0.,1.),
  .PIECEWISE_BEZIER_KNOTS.);
#8393 = CARTESIAN_POINT('',(-1.170409477529E-02,2.48,0.698577771436));
#8394 = CARTESIAN_POINT('',(-1.170409477529E-02,2.47,0.698577771436));
#8395 = CARTESIAN_POINT('',(3.268419219944E-03,2.48,0.698577771436));
#8396 = CARTESIAN_POINT('',(3.268419219944E-03,2.47,0.698577771436));
#8397 = CARTESIAN_POINT('',(1.720117529865E-02,2.48,0.70325668206));
#8398 = CARTESIAN_POINT('',(1.720117529865E-02,2.47,0.70325668206));
#8399 = CARTESIAN_POINT('',(3.019814925236E-02,2.48,0.712614503306));
#8400 = CARTESIAN_POINT('',(3.019814925236E-02,2.47,0.712614503306));
#8401 = ADVANCED_FACE('',(#8402),#8418,.F.);
#8402 = FACE_BOUND('',#8403,.T.);
#8403 = EDGE_LOOP('',(#8404,#8405,#8412,#8417));
#8404 = ORIENTED_EDGE('',*,*,#436,.T.);
#8405 = ORIENTED_EDGE('',*,*,#8406,.F.);
#8406 = EDGE_CURVE('',#8407,#439,#8409,.T.);
#8407 = VERTEX_POINT('',#8408);
#8408 = CARTESIAN_POINT('',(3.019814925236E-02,2.48,0.686308628024));
#8409 = B_SPLINE_CURVE_WITH_KNOTS('',1,(#8410,#8411),.UNSPECIFIED.,.F.,
  .F.,(2,2),(-0.,1.E-02),.PIECEWISE_BEZIER_KNOTS.);
#8410 = CARTESIAN_POINT('',(3.019814925236E-02,2.48,0.686308628024));
#8411 = CARTESIAN_POINT('',(3.019814925236E-02,2.47,0.686308628024));
#8412 = ORIENTED_EDGE('',*,*,#8413,.F.);
#8413 = EDGE_CURVE('',#8379,#8407,#8414,.T.);
#8414 = B_SPLINE_CURVE_WITH_KNOTS('',1,(#8415,#8416),.UNSPECIFIED.,.F.,
  .F.,(2,2),(-2.630587528195E-02,-0.),.PIECEWISE_BEZIER_KNOTS.);
#8415 = CARTESIAN_POINT('',(3.019814925236E-02,2.48,0.712614503306));
#8416 = CARTESIAN_POINT('',(3.019814925236E-02,2.48,0.686308628024));
#8417 = ORIENTED_EDGE('',*,*,#8387,.T.);
#8418 = B_SPLINE_SURFACE_WITH_KNOTS('',1,1,(
    (#8419,#8420)
    ,(#8421,#8422
    )),.UNSPECIFIED.,.F.,.F.,.F.,(2,2),(2,2),(-1.475104996579E-18,
    2.630587528195E-02),(-1.E-02,2.109311410338E-48),
  .PIECEWISE_BEZIER_KNOTS.);
#8419 = CARTESIAN_POINT('',(3.019814925236E-02,2.47,0.686308628024));
#8420 = CARTESIAN_POINT('',(3.019814925236E-02,2.48,0.686308628024));
#8421 = CARTESIAN_POINT('',(3.019814925236E-02,2.47,0.712614503306));
#8422 = CARTESIAN_POINT('',(3.019814925236E-02,2.48,0.712614503306));
#8423 = ADVANCED_FACE('',(#8424),#8442,.F.);
#8424 = FACE_BOUND('',#8425,.F.);
#8425 = EDGE_LOOP('',(#8426,#8427,#8436,#8441));
#8426 = ORIENTED_EDGE('',*,*,#8406,.F.);
#8427 = ORIENTED_EDGE('',*,*,#8428,.T.);
#8428 = EDGE_CURVE('',#8407,#8429,#8431,.T.);
#8429 = VERTEX_POINT('',#8430);
#8430 = CARTESIAN_POINT('',(-9.208675776202E-03,2.48,0.67778261311));
#8431 = B_SPLINE_CURVE_WITH_KNOTS('',3,(#8432,#8433,#8434,#8435),
  .UNSPECIFIED.,.F.,.F.,(4,4),(19.,20.),.PIECEWISE_BEZIER_KNOTS.);
#8432 = CARTESIAN_POINT('',(3.019814925236E-02,2.48,0.686308628024));
#8433 = CARTESIAN_POINT('',(1.896876375645E-02,2.48,0.680693935275));
#8434 = CARTESIAN_POINT('',(5.86781401054E-03,2.48,0.67778261311));
#8435 = CARTESIAN_POINT('',(-9.208675776202E-03,2.48,0.67778261311));
#8436 = ORIENTED_EDGE('',*,*,#8437,.T.);
#8437 = EDGE_CURVE('',#8429,#606,#8438,.T.);
#8438 = B_SPLINE_CURVE_WITH_KNOTS('',1,(#8439,#8440),.UNSPECIFIED.,.F.,
  .F.,(2,2),(-0.,1.E-02),.PIECEWISE_BEZIER_KNOTS.);
#8439 = CARTESIAN_POINT('',(-9.208675776202E-03,2.48,0.67778261311));
#8440 = CARTESIAN_POINT('',(-9.208675776202E-03,2.47,0.67778261311));
#8441 = ORIENTED_EDGE('',*,*,#614,.F.);
#8442 = B_SPLINE_SURFACE_WITH_KNOTS('',3,1,(
    (#8443,#8444)
    ,(#8445,#8446)
    ,(#8447,#8448)
    ,(#8449,#8450
    )),.UNSPECIFIED.,.F.,.F.,.F.,(4,4),(2,2),(19.,20.),(0.,1.),
  .PIECEWISE_BEZIER_KNOTS.);
#8443 = CARTESIAN_POINT('',(3.019814925236E-02,2.48,0.686308628024));
#8444 = CARTESIAN_POINT('',(3.019814925236E-02,2.47,0.686308628024));
#8445 = CARTESIAN_POINT('',(1.896876375645E-02,2.48,0.680693935275));
#8446 = CARTESIAN_POINT('',(1.896876375645E-02,2.47,0.680693935275));
#8447 = CARTESIAN_POINT('',(5.86781401054E-03,2.48,0.67778261311));
#8448 = CARTESIAN_POINT('',(5.86781401054E-03,2.47,0.67778261311));
#8449 = CARTESIAN_POINT('',(-9.208675776202E-03,2.48,0.67778261311));
#8450 = CARTESIAN_POINT('',(-9.208675776202E-03,2.47,0.67778261311));
#8451 = ADVANCED_FACE('',(#8452),#8470,.F.);
#8452 = FACE_BOUND('',#8453,.F.);
#8453 = EDGE_LOOP('',(#8454,#8455,#8464,#8469));
#8454 = ORIENTED_EDGE('',*,*,#8437,.F.);
#8455 = ORIENTED_EDGE('',*,*,#8456,.T.);
#8456 = EDGE_CURVE('',#8429,#8457,#8459,.T.);
#8457 = VERTEX_POINT('',#8458);
#8458 = CARTESIAN_POINT('',(-5.15268229699E-02,2.48,0.689323925981));
#8459 = B_SPLINE_CURVE_WITH_KNOTS('',3,(#8460,#8461,#8462,#8463),
  .UNSPECIFIED.,.F.,.F.,(4,4),(18.,19.),.PIECEWISE_BEZIER_KNOTS.);
#8460 = CARTESIAN_POINT('',(-9.208675776202E-03,2.48,0.67778261311));
#8461 = CARTESIAN_POINT('',(-2.652064508255E-02,2.48,0.67778261311));
#8462 = CARTESIAN_POINT('',(-4.066135274429E-02,2.48,0.6816297174));
#8463 = CARTESIAN_POINT('',(-5.15268229699E-02,2.48,0.689323925981));
#8464 = ORIENTED_EDGE('',*,*,#8465,.T.);
#8465 = EDGE_CURVE('',#8457,#597,#8466,.T.);
#8466 = B_SPLINE_CURVE_WITH_KNOTS('',1,(#8467,#8468),.UNSPECIFIED.,.F.,
  .F.,(2,2),(-0.,1.E-02),.PIECEWISE_BEZIER_KNOTS.);
#8467 = CARTESIAN_POINT('',(-5.15268229699E-02,2.48,0.689323925981));
#8468 = CARTESIAN_POINT('',(-5.15268229699E-02,2.47,0.689323925981));
#8469 = ORIENTED_EDGE('',*,*,#605,.F.);
#8470 = B_SPLINE_SURFACE_WITH_KNOTS('',3,1,(
    (#8471,#8472)
    ,(#8473,#8474)
    ,(#8475,#8476)
    ,(#8477,#8478
    )),.UNSPECIFIED.,.F.,.F.,.F.,(4,4),(2,2),(18.,19.),(0.,1.),
  .PIECEWISE_BEZIER_KNOTS.);
#8471 = CARTESIAN_POINT('',(-9.208675776202E-03,2.48,0.67778261311));
#8472 = CARTESIAN_POINT('',(-9.208675776202E-03,2.47,0.67778261311));
#8473 = CARTESIAN_POINT('',(-2.652064508255E-02,2.48,0.67778261311));
#8474 = CARTESIAN_POINT('',(-2.652064508255E-02,2.47,0.67778261311));
#8475 = CARTESIAN_POINT('',(-4.066135274429E-02,2.48,0.6816297174));
#8476 = CARTESIAN_POINT('',(-4.066135274429E-02,2.47,0.6816297174));
#8477 = CARTESIAN_POINT('',(-5.15268229699E-02,2.48,0.689323925981));
#8478 = CARTESIAN_POINT('',(-5.15268229699E-02,2.47,0.689323925981));
#8479 = ADVANCED_FACE('',(#8480),#8498,.F.);
#8480 = FACE_BOUND('',#8481,.F.);
#8481 = EDGE_LOOP('',(#8482,#8483,#8492,#8497));
#8482 = ORIENTED_EDGE('',*,*,#8465,.F.);
#8483 = ORIENTED_EDGE('',*,*,#8484,.T.);
#8484 = EDGE_CURVE('',#8457,#8485,#8487,.T.);
#8485 = VERTEX_POINT('',#8486);
#8486 = CARTESIAN_POINT('',(-6.790301015194E-02,2.48,0.720724615054));
#8487 = B_SPLINE_CURVE_WITH_KNOTS('',3,(#8488,#8489,#8490,#8491),
  .UNSPECIFIED.,.F.,.F.,(4,4),(17.,18.),.PIECEWISE_BEZIER_KNOTS.);
#8488 = CARTESIAN_POINT('',(-5.15268229699E-02,2.48,0.689323925981));
#8489 = CARTESIAN_POINT('',(-6.244428109126E-02,2.48,0.696914158771));
#8490 = CARTESIAN_POINT('',(-6.790301015194E-02,2.48,0.707415713725));
#8491 = CARTESIAN_POINT('',(-6.790301015194E-02,2.48,0.720724615054));
#8492 = ORIENTED_EDGE('',*,*,#8493,.T.);
#8493 = EDGE_CURVE('',#8485,#588,#8494,.T.);
#8494 = B_SPLINE_CURVE_WITH_KNOTS('',1,(#8495,#8496),.UNSPECIFIED.,.F.,
  .F.,(2,2),(-0.,1.E-02),.PIECEWISE_BEZIER_KNOTS.);
#8495 = CARTESIAN_POINT('',(-6.790301015194E-02,2.48,0.720724615054));
#8496 = CARTESIAN_POINT('',(-6.790301015194E-02,2.47,0.720724615054));
#8497 = ORIENTED_EDGE('',*,*,#596,.F.);
#8498 = B_SPLINE_SURFACE_WITH_KNOTS('',3,1,(
    (#8499,#8500)
    ,(#8501,#8502)
    ,(#8503,#8504)
    ,(#8505,#8506
    )),.UNSPECIFIED.,.F.,.F.,.F.,(4,4),(2,2),(17.,18.),(0.,1.),
  .PIECEWISE_BEZIER_KNOTS.);
#8499 = CARTESIAN_POINT('',(-5.15268229699E-02,2.48,0.689323925981));
#8500 = CARTESIAN_POINT('',(-5.15268229699E-02,2.47,0.689323925981));
#8501 = CARTESIAN_POINT('',(-6.244428109126E-02,2.48,0.696914158771));
#8502 = CARTESIAN_POINT('',(-6.244428109126E-02,2.47,0.696914158771));
#8503 = CARTESIAN_POINT('',(-6.790301015194E-02,2.48,0.707415713725));
#8504 = CARTESIAN_POINT('',(-6.790301015194E-02,2.47,0.707415713725));
#8505 = CARTESIAN_POINT('',(-6.790301015194E-02,2.48,0.720724615054));
#8506 = CARTESIAN_POINT('',(-6.790301015194E-02,2.47,0.720724615054));
#8507 = ADVANCED_FACE('',(#8508),#8526,.F.);
#8508 = FACE_BOUND('',#8509,.F.);
#8509 = EDGE_LOOP('',(#8510,#8511,#8520,#8525));
#8510 = ORIENTED_EDGE('',*,*,#8493,.F.);
#8511 = ORIENTED_EDGE('',*,*,#8512,.T.);
#8512 = EDGE_CURVE('',#8485,#8513,#8515,.T.);
#8513 = VERTEX_POINT('',#8514);
#8514 = CARTESIAN_POINT('',(-5.937699523816E-02,2.48,0.744743022921));
#8515 = B_SPLINE_CURVE_WITH_KNOTS('',3,(#8516,#8517,#8518,#8519),
  .UNSPECIFIED.,.F.,.F.,(4,4),(16.,17.),.PIECEWISE_BEZIER_KNOTS.);
#8516 = CARTESIAN_POINT('',(-6.790301015194E-02,2.48,0.720724615054));
#8517 = CARTESIAN_POINT('',(-6.790301015194E-02,2.48,0.730290387884));
#8518 = CARTESIAN_POINT('',(-6.504367588187E-02,2.48,0.73829652384));
#8519 = CARTESIAN_POINT('',(-5.937699523816E-02,2.48,0.744743022921));
#8520 = ORIENTED_EDGE('',*,*,#8521,.T.);
#8521 = EDGE_CURVE('',#8513,#579,#8522,.T.);
#8522 = B_SPLINE_CURVE_WITH_KNOTS('',1,(#8523,#8524),.UNSPECIFIED.,.F.,
  .F.,(2,2),(-0.,1.E-02),.PIECEWISE_BEZIER_KNOTS.);
#8523 = CARTESIAN_POINT('',(-5.937699523816E-02,2.48,0.744743022921));
#8524 = CARTESIAN_POINT('',(-5.937699523816E-02,2.47,0.744743022921));
#8525 = ORIENTED_EDGE('',*,*,#587,.F.);
#8526 = B_SPLINE_SURFACE_WITH_KNOTS('',3,1,(
    (#8527,#8528)
    ,(#8529,#8530)
    ,(#8531,#8532)
    ,(#8533,#8534
    )),.UNSPECIFIED.,.F.,.F.,.F.,(4,4),(2,2),(16.,17.),(0.,1.),
  .PIECEWISE_BEZIER_KNOTS.);
#8527 = CARTESIAN_POINT('',(-6.790301015194E-02,2.48,0.720724615054));
#8528 = CARTESIAN_POINT('',(-6.790301015194E-02,2.47,0.720724615054));
#8529 = CARTESIAN_POINT('',(-6.790301015194E-02,2.48,0.730290387884));
#8530 = CARTESIAN_POINT('',(-6.790301015194E-02,2.47,0.730290387884));
#8531 = CARTESIAN_POINT('',(-6.504367588187E-02,2.48,0.73829652384));
#8532 = CARTESIAN_POINT('',(-6.504367588187E-02,2.47,0.73829652384));
#8533 = CARTESIAN_POINT('',(-5.937699523816E-02,2.48,0.744743022921));
#8534 = CARTESIAN_POINT('',(-5.937699523816E-02,2.47,0.744743022921));
#8535 = ADVANCED_FACE('',(#8536),#8554,.F.);
#8536 = FACE_BOUND('',#8537,.F.);
#8537 = EDGE_LOOP('',(#8538,#8539,#8548,#8553));
#8538 = ORIENTED_EDGE('',*,*,#8521,.F.);
#8539 = ORIENTED_EDGE('',*,*,#8540,.T.);
#8540 = EDGE_CURVE('',#8513,#8541,#8543,.T.);
#8541 = VERTEX_POINT('',#8542);
#8542 = CARTESIAN_POINT('',(-2.652064508255E-02,2.48,0.763562641206));
#8543 = B_SPLINE_CURVE_WITH_KNOTS('',3,(#8544,#8545,#8546,#8547),
  .UNSPECIFIED.,.F.,.F.,(4,4),(15.,16.),.PIECEWISE_BEZIER_KNOTS.);
#8544 = CARTESIAN_POINT('',(-5.937699523816E-02,2.48,0.744743022921));
#8545 = CARTESIAN_POINT('',(-5.365832669869E-02,2.48,0.751189522002));
#8546 = CARTESIAN_POINT('',(-4.274086857733E-02,2.48,0.757532045291));
#8547 = CARTESIAN_POINT('',(-2.652064508255E-02,2.48,0.763562641206));
#8548 = ORIENTED_EDGE('',*,*,#8549,.T.);
#8549 = EDGE_CURVE('',#8541,#570,#8550,.T.);
#8550 = B_SPLINE_CURVE_WITH_KNOTS('',1,(#8551,#8552),.UNSPECIFIED.,.F.,
  .F.,(2,2),(-0.,1.E-02),.PIECEWISE_BEZIER_KNOTS.);
#8551 = CARTESIAN_POINT('',(-2.652064508255E-02,2.48,0.763562641206));
#8552 = CARTESIAN_POINT('',(-2.652064508255E-02,2.47,0.763562641206));
#8553 = ORIENTED_EDGE('',*,*,#578,.F.);
#8554 = B_SPLINE_SURFACE_WITH_KNOTS('',3,1,(
    (#8555,#8556)
    ,(#8557,#8558)
    ,(#8559,#8560)
    ,(#8561,#8562
    )),.UNSPECIFIED.,.F.,.F.,.F.,(4,4),(2,2),(15.,16.),(0.,1.),
  .PIECEWISE_BEZIER_KNOTS.);
#8555 = CARTESIAN_POINT('',(-5.937699523816E-02,2.48,0.744743022921));
#8556 = CARTESIAN_POINT('',(-5.937699523816E-02,2.47,0.744743022921));
#8557 = CARTESIAN_POINT('',(-5.365832669869E-02,2.48,0.751189522002));
#8558 = CARTESIAN_POINT('',(-5.365832669869E-02,2.47,0.751189522002));
#8559 = CARTESIAN_POINT('',(-4.274086857733E-02,2.48,0.757532045291));
#8560 = CARTESIAN_POINT('',(-4.274086857733E-02,2.47,0.757532045291));
#8561 = CARTESIAN_POINT('',(-2.652064508255E-02,2.48,0.763562641206));
#8562 = CARTESIAN_POINT('',(-2.652064508255E-02,2.47,0.763562641206));
#8563 = ADVANCED_FACE('',(#8564),#8582,.F.);
#8564 = FACE_BOUND('',#8565,.F.);
#8565 = EDGE_LOOP('',(#8566,#8567,#8576,#8581));
#8566 = ORIENTED_EDGE('',*,*,#8549,.F.);
#8567 = ORIENTED_EDGE('',*,*,#8568,.T.);
#8568 = EDGE_CURVE('',#8541,#8569,#8571,.T.);
#8569 = VERTEX_POINT('',#8570);
#8570 = CARTESIAN_POINT('',(-1.774406673996E-03,2.48,0.776039736202));
#8571 = B_SPLINE_CURVE_WITH_KNOTS('',3,(#8572,#8573,#8574,#8575),
  .UNSPECIFIED.,.F.,.F.,(4,4),(14.,15.),.PIECEWISE_BEZIER_KNOTS.);
#8572 = CARTESIAN_POINT('',(-2.652064508255E-02,2.48,0.763562641206));
#8573 = CARTESIAN_POINT('',(-1.373162271188E-02,2.48,0.768553479204));
#8574 = CARTESIAN_POINT('',(-5.517535173323E-03,2.48,0.77271251087));
#8575 = CARTESIAN_POINT('',(-1.774406673996E-03,2.48,0.776039736202));
#8576 = ORIENTED_EDGE('',*,*,#8577,.T.);
#8577 = EDGE_CURVE('',#8569,#561,#8578,.T.);
#8578 = B_SPLINE_CURVE_WITH_KNOTS('',1,(#8579,#8580),.UNSPECIFIED.,.F.,
  .F.,(2,2),(-0.,1.E-02),.PIECEWISE_BEZIER_KNOTS.);
#8579 = CARTESIAN_POINT('',(-1.774406673996E-03,2.48,0.776039736202));
#8580 = CARTESIAN_POINT('',(-1.774406673996E-03,2.47,0.776039736202));
#8581 = ORIENTED_EDGE('',*,*,#569,.F.);
#8582 = B_SPLINE_SURFACE_WITH_KNOTS('',3,1,(
    (#8583,#8584)
    ,(#8585,#8586)
    ,(#8587,#8588)
    ,(#8589,#8590
    )),.UNSPECIFIED.,.F.,.F.,.F.,(4,4),(2,2),(14.,15.),(0.,1.),
  .PIECEWISE_BEZIER_KNOTS.);
#8583 = CARTESIAN_POINT('',(-2.652064508255E-02,2.48,0.763562641206));
#8584 = CARTESIAN_POINT('',(-2.652064508255E-02,2.47,0.763562641206));
#8585 = CARTESIAN_POINT('',(-1.373162271188E-02,2.48,0.768553479204));
#8586 = CARTESIAN_POINT('',(-1.373162271188E-02,2.47,0.768553479204));
#8587 = CARTESIAN_POINT('',(-5.517535173323E-03,2.48,0.77271251087));
#8588 = CARTESIAN_POINT('',(-5.517535173323E-03,2.47,0.77271251087));
#8589 = CARTESIAN_POINT('',(-1.774406673996E-03,2.48,0.776039736202));
#8590 = CARTESIAN_POINT('',(-1.774406673996E-03,2.47,0.776039736202));
#8591 = ADVANCED_FACE('',(#8592),#8610,.F.);
#8592 = FACE_BOUND('',#8593,.F.);
#8593 = EDGE_LOOP('',(#8594,#8595,#8604,#8609));
#8594 = ORIENTED_EDGE('',*,*,#8577,.F.);
#8595 = ORIENTED_EDGE('',*,*,#8596,.T.);
#8596 = EDGE_CURVE('',#8569,#8597,#8599,.T.);
#8597 = VERTEX_POINT('',#8598);
#8598 = CARTESIAN_POINT('',(3.788298178201E-03,2.48,0.789556589114));
#8599 = B_SPLINE_CURVE_WITH_KNOTS('',3,(#8600,#8601,#8602,#8603),
  .UNSPECIFIED.,.F.,.F.,(4,4),(13.,14.),.PIECEWISE_BEZIER_KNOTS.);
#8600 = CARTESIAN_POINT('',(-1.774406673996E-03,2.48,0.776039736202));
#8601 = CARTESIAN_POINT('',(1.916733928881E-03,2.48,0.779262985742));
#8602 = CARTESIAN_POINT('',(3.788298178201E-03,2.48,0.783733944783));
#8603 = CARTESIAN_POINT('',(3.788298178201E-03,2.48,0.789556589114));
#8604 = ORIENTED_EDGE('',*,*,#8605,.T.);
#8605 = EDGE_CURVE('',#8597,#552,#8606,.T.);
#8606 = B_SPLINE_CURVE_WITH_KNOTS('',1,(#8607,#8608),.UNSPECIFIED.,.F.,
  .F.,(2,2),(-0.,1.E-02),.PIECEWISE_BEZIER_KNOTS.);
#8607 = CARTESIAN_POINT('',(3.788298178201E-03,2.48,0.789556589114));
#8608 = CARTESIAN_POINT('',(3.788298178201E-03,2.47,0.789556589114));
#8609 = ORIENTED_EDGE('',*,*,#560,.F.);
#8610 = B_SPLINE_SURFACE_WITH_KNOTS('',3,1,(
    (#8611,#8612)
    ,(#8613,#8614)
    ,(#8615,#8616)
    ,(#8617,#8618
    )),.UNSPECIFIED.,.F.,.F.,.F.,(4,4),(2,2),(13.,14.),(0.,1.),
  .PIECEWISE_BEZIER_KNOTS.);
#8611 = CARTESIAN_POINT('',(-1.774406673996E-03,2.48,0.776039736202));
#8612 = CARTESIAN_POINT('',(-1.774406673996E-03,2.47,0.776039736202));
#8613 = CARTESIAN_POINT('',(1.916733928881E-03,2.48,0.779262985742));
#8614 = CARTESIAN_POINT('',(1.916733928881E-03,2.47,0.779262985742));
#8615 = CARTESIAN_POINT('',(3.788298178201E-03,2.48,0.783733944783));
#8616 = CARTESIAN_POINT('',(3.788298178201E-03,2.47,0.783733944783));
#8617 = CARTESIAN_POINT('',(3.788298178201E-03,2.48,0.789556589114));
#8618 = CARTESIAN_POINT('',(3.788298178201E-03,2.47,0.789556589114));
#8619 = ADVANCED_FACE('',(#8620),#8638,.F.);
#8620 = FACE_BOUND('',#8621,.F.);
#8621 = EDGE_LOOP('',(#8622,#8623,#8632,#8637));
#8622 = ORIENTED_EDGE('',*,*,#8605,.F.);
#8623 = ORIENTED_EDGE('',*,*,#8624,.T.);
#8624 = EDGE_CURVE('',#8597,#8625,#8627,.T.);
#8625 = VERTEX_POINT('',#8626);
#8626 = CARTESIAN_POINT('',(-3.957898298546E-03,2.48,0.803697296775));
#8627 = B_SPLINE_CURVE_WITH_KNOTS('',3,(#8628,#8629,#8630,#8631),
  .UNSPECIFIED.,.F.,.F.,(4,4),(12.,13.),.PIECEWISE_BEZIER_KNOTS.);
#8628 = CARTESIAN_POINT('',(3.788298178201E-03,2.48,0.789556589114));
#8629 = CARTESIAN_POINT('',(3.788298178201E-03,2.48,0.795379233445));
#8630 = CARTESIAN_POINT('',(1.188903386906E-03,2.48,0.80016211986));
#8631 = CARTESIAN_POINT('',(-3.957898298546E-03,2.48,0.803697296775));
#8632 = ORIENTED_EDGE('',*,*,#8633,.T.);
#8633 = EDGE_CURVE('',#8625,#543,#8634,.T.);
#8634 = B_SPLINE_CURVE_WITH_KNOTS('',1,(#8635,#8636),.UNSPECIFIED.,.F.,
  .F.,(2,2),(-0.,1.E-02),.PIECEWISE_BEZIER_KNOTS.);
#8635 = CARTESIAN_POINT('',(-3.957898298546E-03,2.48,0.803697296775));
#8636 = CARTESIAN_POINT('',(-3.957898298546E-03,2.47,0.803697296775));
#8637 = ORIENTED_EDGE('',*,*,#551,.F.);
#8638 = B_SPLINE_SURFACE_WITH_KNOTS('',3,1,(
    (#8639,#8640)
    ,(#8641,#8642)
    ,(#8643,#8644)
    ,(#8645,#8646
    )),.UNSPECIFIED.,.F.,.F.,.F.,(4,4),(2,2),(12.,13.),(0.,1.),
  .PIECEWISE_BEZIER_KNOTS.);
#8639 = CARTESIAN_POINT('',(3.788298178201E-03,2.48,0.789556589114));
#8640 = CARTESIAN_POINT('',(3.788298178201E-03,2.47,0.789556589114));
#8641 = CARTESIAN_POINT('',(3.788298178201E-03,2.48,0.795379233445));
#8642 = CARTESIAN_POINT('',(3.788298178201E-03,2.47,0.795379233445));
#8643 = CARTESIAN_POINT('',(1.188903386906E-03,2.48,0.80016211986));
#8644 = CARTESIAN_POINT('',(1.188903386906E-03,2.47,0.80016211986));
#8645 = CARTESIAN_POINT('',(-3.957898298546E-03,2.48,0.803697296775));
#8646 = CARTESIAN_POINT('',(-3.957898298546E-03,2.47,0.803697296775));
#8647 = ADVANCED_FACE('',(#8648),#8666,.F.);
#8648 = FACE_BOUND('',#8649,.F.);
#8649 = EDGE_LOOP('',(#8650,#8651,#8660,#8665));
#8650 = ORIENTED_EDGE('',*,*,#8633,.F.);
#8651 = ORIENTED_EDGE('',*,*,#8652,.T.);
#8652 = EDGE_CURVE('',#8625,#8653,#8655,.T.);
#8653 = VERTEX_POINT('',#8654);
#8654 = CARTESIAN_POINT('',(-2.402522608347E-02,2.48,0.809104037941));
#8655 = B_SPLINE_CURVE_WITH_KNOTS('',3,(#8656,#8657,#8658,#8659),
  .UNSPECIFIED.,.F.,.F.,(4,4),(11.,12.),.PIECEWISE_BEZIER_KNOTS.);
#8656 = CARTESIAN_POINT('',(-3.957898298546E-03,2.48,0.803697296775));
#8657 = CARTESIAN_POINT('',(-9.10469998399E-03,2.48,0.807336449483));
#8658 = CARTESIAN_POINT('',(-1.581113854491E-02,2.48,0.809104037941));
#8659 = CARTESIAN_POINT('',(-2.402522608347E-02,2.48,0.809104037941));
#8660 = ORIENTED_EDGE('',*,*,#8661,.T.);
#8661 = EDGE_CURVE('',#8653,#534,#8662,.T.);
#8662 = B_SPLINE_CURVE_WITH_KNOTS('',1,(#8663,#8664),.UNSPECIFIED.,.F.,
  .F.,(2,2),(-0.,1.E-02),.PIECEWISE_BEZIER_KNOTS.);
#8663 = CARTESIAN_POINT('',(-2.402522608347E-02,2.48,0.809104037941));
#8664 = CARTESIAN_POINT('',(-2.402522608347E-02,2.47,0.809104037941));
#8665 = ORIENTED_EDGE('',*,*,#542,.F.);
#8666 = B_SPLINE_SURFACE_WITH_KNOTS('',3,1,(
    (#8667,#8668)
    ,(#8669,#8670)
    ,(#8671,#8672)
    ,(#8673,#8674
    )),.UNSPECIFIED.,.F.,.F.,.F.,(4,4),(2,2),(11.,12.),(0.,1.),
  .PIECEWISE_BEZIER_KNOTS.);
#8667 = CARTESIAN_POINT('',(-3.957898298546E-03,2.48,0.803697296775));
#8668 = CARTESIAN_POINT('',(-3.957898298546E-03,2.47,0.803697296775));
#8669 = CARTESIAN_POINT('',(-9.10469998399E-03,2.48,0.807336449483));
#8670 = CARTESIAN_POINT('',(-9.10469998399E-03,2.47,0.807336449483));
#8671 = CARTESIAN_POINT('',(-1.581113854491E-02,2.48,0.809104037941));
#8672 = CARTESIAN_POINT('',(-1.581113854491E-02,2.47,0.809104037941));
#8673 = CARTESIAN_POINT('',(-2.402522608347E-02,2.48,0.809104037941));
#8674 = CARTESIAN_POINT('',(-2.402522608347E-02,2.47,0.809104037941));
#8675 = ADVANCED_FACE('',(#8676),#8694,.F.);
#8676 = FACE_BOUND('',#8677,.F.);
#8677 = EDGE_LOOP('',(#8678,#8679,#8688,#8693));
#8678 = ORIENTED_EDGE('',*,*,#8661,.F.);
#8679 = ORIENTED_EDGE('',*,*,#8680,.T.);
#8680 = EDGE_CURVE('',#8653,#8681,#8683,.T.);
#8681 = VERTEX_POINT('',#8682);
#8682 = CARTESIAN_POINT('',(-6.093663211293E-02,2.48,0.798602482986));
#8683 = B_SPLINE_CURVE_WITH_KNOTS('',3,(#8684,#8685,#8686,#8687),
  .UNSPECIFIED.,.F.,.F.,(4,4),(10.,11.),.PIECEWISE_BEZIER_KNOTS.);
#8684 = CARTESIAN_POINT('',(-2.402522608347E-02,2.48,0.809104037941));
#8685 = CARTESIAN_POINT('',(-3.780201847491E-02,2.48,0.809104037941));
#8686 = CARTESIAN_POINT('',(-5.007116188733E-02,2.48,0.805568861025));
#8687 = CARTESIAN_POINT('',(-6.093663211293E-02,2.48,0.798602482986));
#8688 = ORIENTED_EDGE('',*,*,#8689,.T.);
#8689 = EDGE_CURVE('',#8681,#527,#8690,.T.);
#8690 = B_SPLINE_CURVE_WITH_KNOTS('',1,(#8691,#8692),.UNSPECIFIED.,.F.,
  .F.,(2,2),(-0.,1.E-02),.PIECEWISE_BEZIER_KNOTS.);
#8691 = CARTESIAN_POINT('',(-6.093663211293E-02,2.48,0.798602482986));
#8692 = CARTESIAN_POINT('',(-6.093663211293E-02,2.47,0.798602482986));
#8693 = ORIENTED_EDGE('',*,*,#533,.F.);
#8694 = B_SPLINE_SURFACE_WITH_KNOTS('',3,1,(
    (#8695,#8696)
    ,(#8697,#8698)
    ,(#8699,#8700)
    ,(#8701,#8702
    )),.UNSPECIFIED.,.F.,.F.,.F.,(4,4),(2,2),(10.,11.),(0.,1.),
  .PIECEWISE_BEZIER_KNOTS.);
#8695 = CARTESIAN_POINT('',(-2.402522608347E-02,2.48,0.809104037941));
#8696 = CARTESIAN_POINT('',(-2.402522608347E-02,2.47,0.809104037941));
#8697 = CARTESIAN_POINT('',(-3.780201847491E-02,2.48,0.809104037941));
#8698 = CARTESIAN_POINT('',(-3.780201847491E-02,2.47,0.809104037941));
#8699 = CARTESIAN_POINT('',(-5.007116188733E-02,2.48,0.805568861025));
#8700 = CARTESIAN_POINT('',(-5.007116188733E-02,2.47,0.805568861025));
#8701 = CARTESIAN_POINT('',(-6.093663211293E-02,2.48,0.798602482986));
#8702 = CARTESIAN_POINT('',(-6.093663211293E-02,2.47,0.798602482986));
#8703 = ADVANCED_FACE('',(#8704),#8720,.F.);
#8704 = FACE_BOUND('',#8705,.T.);
#8705 = EDGE_LOOP('',(#8706,#8707,#8714,#8719));
#8706 = ORIENTED_EDGE('',*,*,#526,.T.);
#8707 = ORIENTED_EDGE('',*,*,#8708,.F.);
#8708 = EDGE_CURVE('',#8709,#518,#8711,.T.);
#8709 = VERTEX_POINT('',#8710);
#8710 = CARTESIAN_POINT('',(-6.093663211293E-02,2.48,0.823348721394));
#8711 = B_SPLINE_CURVE_WITH_KNOTS('',1,(#8712,#8713),.UNSPECIFIED.,.F.,
  .F.,(2,2),(-0.,1.E-02),.PIECEWISE_BEZIER_KNOTS.);
#8712 = CARTESIAN_POINT('',(-6.093663211293E-02,2.48,0.823348721394));
#8713 = CARTESIAN_POINT('',(-6.093663211293E-02,2.47,0.823348721394));
#8714 = ORIENTED_EDGE('',*,*,#8715,.F.);
#8715 = EDGE_CURVE('',#8681,#8709,#8716,.T.);
#8716 = B_SPLINE_CURVE_WITH_KNOTS('',1,(#8717,#8718),.UNSPECIFIED.,.F.,
  .F.,(2,2),(-2.474623840786E-02,0.),.PIECEWISE_BEZIER_KNOTS.);
#8717 = CARTESIAN_POINT('',(-6.093663211293E-02,2.48,0.798602482986));
#8718 = CARTESIAN_POINT('',(-6.093663211293E-02,2.48,0.823348721394));
#8719 = ORIENTED_EDGE('',*,*,#8689,.T.);
#8720 = B_SPLINE_SURFACE_WITH_KNOTS('',1,1,(
    (#8721,#8722)
    ,(#8723,#8724
    )),.UNSPECIFIED.,.F.,.F.,.F.,(2,2),(2,2),(-0.,2.474623840786E-02),(
    -1.E-02,0.),.PIECEWISE_BEZIER_KNOTS.);
#8721 = CARTESIAN_POINT('',(-6.093663211293E-02,2.47,0.823348721394));
#8722 = CARTESIAN_POINT('',(-6.093663211293E-02,2.48,0.823348721394));
#8723 = CARTESIAN_POINT('',(-6.093663211293E-02,2.47,0.798602482986));
#8724 = CARTESIAN_POINT('',(-6.093663211293E-02,2.48,0.798602482986));
#8725 = ADVANCED_FACE('',(#8726),#8744,.F.);
#8726 = FACE_BOUND('',#8727,.F.);
#8727 = EDGE_LOOP('',(#8728,#8729,#8738,#8743));
#8728 = ORIENTED_EDGE('',*,*,#8708,.F.);
#8729 = ORIENTED_EDGE('',*,*,#8730,.T.);
#8730 = EDGE_CURVE('',#8709,#8731,#8733,.T.);
#8731 = VERTEX_POINT('',#8732);
#8732 = CARTESIAN_POINT('',(-2.652064508255E-02,2.48,0.829795220476));
#8733 = B_SPLINE_CURVE_WITH_KNOTS('',3,(#8734,#8735,#8736,#8737),
  .UNSPECIFIED.,.F.,.F.,(4,4),(8.,9.),.PIECEWISE_BEZIER_KNOTS.);
#8734 = CARTESIAN_POINT('',(-6.093663211293E-02,2.48,0.823348721394));
#8735 = CARTESIAN_POINT('',(-5.033110136611E-02,2.48,0.827715704643));
#8736 = CARTESIAN_POINT('',(-3.889376428649E-02,2.48,0.829795220476));
#8737 = CARTESIAN_POINT('',(-2.652064508255E-02,2.48,0.829795220476));
#8738 = ORIENTED_EDGE('',*,*,#8739,.T.);
#8739 = EDGE_CURVE('',#8731,#509,#8740,.T.);
#8740 = B_SPLINE_CURVE_WITH_KNOTS('',1,(#8741,#8742),.UNSPECIFIED.,.F.,
  .F.,(2,2),(-0.,1.E-02),.PIECEWISE_BEZIER_KNOTS.);
#8741 = CARTESIAN_POINT('',(-2.652064508255E-02,2.48,0.829795220476));
#8742 = CARTESIAN_POINT('',(-2.652064508255E-02,2.47,0.829795220476));
#8743 = ORIENTED_EDGE('',*,*,#517,.F.);
#8744 = B_SPLINE_SURFACE_WITH_KNOTS('',3,1,(
    (#8745,#8746)
    ,(#8747,#8748)
    ,(#8749,#8750)
    ,(#8751,#8752
    )),.UNSPECIFIED.,.F.,.F.,.F.,(4,4),(2,2),(8.,9.),(0.,1.),
  .PIECEWISE_BEZIER_KNOTS.);
#8745 = CARTESIAN_POINT('',(-6.093663211293E-02,2.48,0.823348721394));
#8746 = CARTESIAN_POINT('',(-6.093663211293E-02,2.47,0.823348721394));
#8747 = CARTESIAN_POINT('',(-5.033110136611E-02,2.48,0.827715704643));
#8748 = CARTESIAN_POINT('',(-5.033110136611E-02,2.47,0.827715704643));
#8749 = CARTESIAN_POINT('',(-3.889376428649E-02,2.48,0.829795220476));
#8750 = CARTESIAN_POINT('',(-3.889376428649E-02,2.47,0.829795220476));
#8751 = CARTESIAN_POINT('',(-2.652064508255E-02,2.48,0.829795220476));
#8752 = CARTESIAN_POINT('',(-2.652064508255E-02,2.47,0.829795220476));
#8753 = ADVANCED_FACE('',(#8754),#8772,.F.);
#8754 = FACE_BOUND('',#8755,.F.);
#8755 = EDGE_LOOP('',(#8756,#8757,#8766,#8771));
#8756 = ORIENTED_EDGE('',*,*,#8739,.F.);
#8757 = ORIENTED_EDGE('',*,*,#8758,.T.);
#8758 = EDGE_CURVE('',#8731,#8759,#8761,.T.);
#8759 = VERTEX_POINT('',#8760);
#8760 = CARTESIAN_POINT('',(1.37179862788E-02,2.48,0.818253907604));
#8761 = B_SPLINE_CURVE_WITH_KNOTS('',3,(#8762,#8763,#8764,#8765),
  .UNSPECIFIED.,.F.,.F.,(4,4),(7.,8.),.PIECEWISE_BEZIER_KNOTS.);
#8762 = CARTESIAN_POINT('',(-2.652064508255E-02,2.48,0.829795220476));
#8763 = CARTESIAN_POINT('',(-1.061234896301E-02,2.48,0.829795220476));
#8764 = CARTESIAN_POINT('',(2.800528157437E-03,2.48,0.825948116186));
#8765 = CARTESIAN_POINT('',(1.37179862788E-02,2.48,0.818253907604));
#8766 = ORIENTED_EDGE('',*,*,#8767,.T.);
#8767 = EDGE_CURVE('',#8759,#500,#8768,.T.);
#8768 = B_SPLINE_CURVE_WITH_KNOTS('',1,(#8769,#8770),.UNSPECIFIED.,.F.,
  .F.,(2,2),(-0.,1.E-02),.PIECEWISE_BEZIER_KNOTS.);
#8769 = CARTESIAN_POINT('',(1.37179862788E-02,2.48,0.818253907604));
#8770 = CARTESIAN_POINT('',(1.37179862788E-02,2.47,0.818253907604));
#8771 = ORIENTED_EDGE('',*,*,#508,.F.);
#8772 = B_SPLINE_SURFACE_WITH_KNOTS('',3,1,(
    (#8773,#8774)
    ,(#8775,#8776)
    ,(#8777,#8778)
    ,(#8779,#8780
    )),.UNSPECIFIED.,.F.,.F.,.F.,(4,4),(2,2),(7.,8.),(0.,1.),
  .PIECEWISE_BEZIER_KNOTS.);
#8773 = CARTESIAN_POINT('',(-2.652064508255E-02,2.48,0.829795220476));
#8774 = CARTESIAN_POINT('',(-2.652064508255E-02,2.47,0.829795220476));
#8775 = CARTESIAN_POINT('',(-1.061234896301E-02,2.48,0.829795220476));
#8776 = CARTESIAN_POINT('',(-1.061234896301E-02,2.47,0.829795220476));
#8777 = CARTESIAN_POINT('',(2.800528157437E-03,2.48,0.825948116186));
#8778 = CARTESIAN_POINT('',(2.800528157437E-03,2.47,0.825948116186));
#8779 = CARTESIAN_POINT('',(1.37179862788E-02,2.48,0.818253907604));
#8780 = CARTESIAN_POINT('',(1.37179862788E-02,2.47,0.818253907604));
#8781 = ADVANCED_FACE('',(#8782),#8800,.F.);
#8782 = FACE_BOUND('',#8783,.F.);
#8783 = EDGE_LOOP('',(#8784,#8785,#8794,#8799));
#8784 = ORIENTED_EDGE('',*,*,#8767,.F.);
#8785 = ORIENTED_EDGE('',*,*,#8786,.T.);
#8786 = EDGE_CURVE('',#8759,#8787,#8789,.T.);
#8787 = VERTEX_POINT('',#8788);
#8788 = CARTESIAN_POINT('',(3.004218556509E-02,2.48,0.787269121698));
#8789 = B_SPLINE_CURVE_WITH_KNOTS('',3,(#8790,#8791,#8792,#8793),
  .UNSPECIFIED.,.F.,.F.,(4,4),(6.,7.),.PIECEWISE_BEZIER_KNOTS.);
#8790 = CARTESIAN_POINT('',(1.37179862788E-02,2.48,0.818253907604));
#8791 = CARTESIAN_POINT('',(2.458345650441E-02,2.48,0.810455723232));
#8792 = CARTESIAN_POINT('',(3.004218556509E-02,2.48,0.80016211986));
#8793 = CARTESIAN_POINT('',(3.004218556509E-02,2.48,0.787269121698));
#8794 = ORIENTED_EDGE('',*,*,#8795,.T.);
#8795 = EDGE_CURVE('',#8787,#491,#8796,.T.);
#8796 = B_SPLINE_CURVE_WITH_KNOTS('',1,(#8797,#8798),.UNSPECIFIED.,.F.,
  .F.,(2,2),(-0.,1.E-02),.PIECEWISE_BEZIER_KNOTS.);
#8797 = CARTESIAN_POINT('',(3.004218556509E-02,2.48,0.787269121698));
#8798 = CARTESIAN_POINT('',(3.004218556509E-02,2.47,0.787269121698));
#8799 = ORIENTED_EDGE('',*,*,#499,.F.);
#8800 = B_SPLINE_SURFACE_WITH_KNOTS('',3,1,(
    (#8801,#8802)
    ,(#8803,#8804)
    ,(#8805,#8806)
    ,(#8807,#8808
    )),.UNSPECIFIED.,.F.,.F.,.F.,(4,4),(2,2),(6.,7.),(0.,1.),
  .PIECEWISE_BEZIER_KNOTS.);
#8801 = CARTESIAN_POINT('',(1.37179862788E-02,2.48,0.818253907604));
#8802 = CARTESIAN_POINT('',(1.37179862788E-02,2.47,0.818253907604));
#8803 = CARTESIAN_POINT('',(2.458345650441E-02,2.48,0.810455723232));
#8804 = CARTESIAN_POINT('',(2.458345650441E-02,2.47,0.810455723232));
#8805 = CARTESIAN_POINT('',(3.004218556509E-02,2.48,0.80016211986));
#8806 = CARTESIAN_POINT('',(3.004218556509E-02,2.47,0.80016211986));
#8807 = CARTESIAN_POINT('',(3.004218556509E-02,2.48,0.787269121698));
#8808 = CARTESIAN_POINT('',(3.004218556509E-02,2.47,0.787269121698));
#8809 = ADVANCED_FACE('',(#8810),#8828,.F.);
#8810 = FACE_BOUND('',#8811,.F.);
#8811 = EDGE_LOOP('',(#8812,#8813,#8822,#8827));
#8812 = ORIENTED_EDGE('',*,*,#8795,.F.);
#8813 = ORIENTED_EDGE('',*,*,#8814,.T.);
#8814 = EDGE_CURVE('',#8787,#8815,#8817,.T.);
#8815 = VERTEX_POINT('',#8816);
#8816 = CARTESIAN_POINT('',(2.28158680466E-02,2.48,0.764290471748));
#8817 = B_SPLINE_CURVE_WITH_KNOTS('',3,(#8818,#8819,#8820,#8821),
  .UNSPECIFIED.,.F.,.F.,(4,4),(5.,6.),.PIECEWISE_BEZIER_KNOTS.);
#8818 = CARTESIAN_POINT('',(3.004218556509E-02,2.48,0.787269121698));
#8819 = CARTESIAN_POINT('',(3.004218556509E-02,2.48,0.778327203617));
#8820 = CARTESIAN_POINT('',(2.765074235751E-02,2.48,0.770632995037));
#8821 = CARTESIAN_POINT('',(2.28158680466E-02,2.48,0.764290471748));
#8822 = ORIENTED_EDGE('',*,*,#8823,.T.);
#8823 = EDGE_CURVE('',#8815,#482,#8824,.T.);
#8824 = B_SPLINE_CURVE_WITH_KNOTS('',1,(#8825,#8826),.UNSPECIFIED.,.F.,
  .F.,(2,2),(-0.,1.E-02),.PIECEWISE_BEZIER_KNOTS.);
#8825 = CARTESIAN_POINT('',(2.28158680466E-02,2.48,0.764290471748));
#8826 = CARTESIAN_POINT('',(2.28158680466E-02,2.47,0.764290471748));
#8827 = ORIENTED_EDGE('',*,*,#490,.F.);
#8828 = B_SPLINE_SURFACE_WITH_KNOTS('',3,1,(
    (#8829,#8830)
    ,(#8831,#8832)
    ,(#8833,#8834)
    ,(#8835,#8836
    )),.UNSPECIFIED.,.F.,.F.,.F.,(4,4),(2,2),(5.,6.),(0.,1.),
  .PIECEWISE_BEZIER_KNOTS.);
#8829 = CARTESIAN_POINT('',(3.004218556509E-02,2.48,0.787269121698));
#8830 = CARTESIAN_POINT('',(3.004218556509E-02,2.47,0.787269121698));
#8831 = CARTESIAN_POINT('',(3.004218556509E-02,2.48,0.778327203617));
#8832 = CARTESIAN_POINT('',(3.004218556509E-02,2.47,0.778327203617));
#8833 = CARTESIAN_POINT('',(2.765074235751E-02,2.48,0.770632995037));
#8834 = CARTESIAN_POINT('',(2.765074235751E-02,2.47,0.770632995037));
#8835 = CARTESIAN_POINT('',(2.28158680466E-02,2.48,0.764290471748));
#8836 = CARTESIAN_POINT('',(2.28158680466E-02,2.47,0.764290471748));
#8837 = ADVANCED_FACE('',(#8838),#8856,.F.);
#8838 = FACE_BOUND('',#8839,.F.);
#8839 = EDGE_LOOP('',(#8840,#8841,#8850,#8855));
#8840 = ORIENTED_EDGE('',*,*,#8823,.F.);
#8841 = ORIENTED_EDGE('',*,*,#8842,.T.);
#8842 = EDGE_CURVE('',#8815,#8843,#8845,.T.);
#8843 = VERTEX_POINT('',#8844);
#8844 = CARTESIAN_POINT('',(-8.532833130672E-03,2.48,0.745054950295));
#8845 = B_SPLINE_CURVE_WITH_KNOTS('',3,(#8846,#8847,#8848,#8849),
  .UNSPECIFIED.,.F.,.F.,(4,4),(4.,5.),.PIECEWISE_BEZIER_KNOTS.);
#8846 = CARTESIAN_POINT('',(2.28158680466E-02,2.48,0.764290471748));
#8847 = CARTESIAN_POINT('',(1.803298163145E-02,2.48,0.757947948458));
#8848 = CARTESIAN_POINT('',(7.531426676834E-03,2.48,0.751501449376));
#8849 = CARTESIAN_POINT('',(-8.532833130672E-03,2.48,0.745054950295));
#8850 = ORIENTED_EDGE('',*,*,#8851,.T.);
#8851 = EDGE_CURVE('',#8843,#473,#8852,.T.);
#8852 = B_SPLINE_CURVE_WITH_KNOTS('',1,(#8853,#8854),.UNSPECIFIED.,.F.,
  .F.,(2,2),(-0.,1.E-02),.PIECEWISE_BEZIER_KNOTS.);
#8853 = CARTESIAN_POINT('',(-8.532833130672E-03,2.48,0.745054950295));
#8854 = CARTESIAN_POINT('',(-8.532833130672E-03,2.47,0.745054950295));
#8855 = ORIENTED_EDGE('',*,*,#481,.F.);
#8856 = B_SPLINE_SURFACE_WITH_KNOTS('',3,1,(
    (#8857,#8858)
    ,(#8859,#8860)
    ,(#8861,#8862)
    ,(#8863,#8864
    )),.UNSPECIFIED.,.F.,.F.,.F.,(4,4),(2,2),(4.,5.),(0.,1.),
  .PIECEWISE_BEZIER_KNOTS.);
#8857 = CARTESIAN_POINT('',(2.28158680466E-02,2.48,0.764290471748));
#8858 = CARTESIAN_POINT('',(2.28158680466E-02,2.47,0.764290471748));
#8859 = CARTESIAN_POINT('',(1.803298163145E-02,2.48,0.757947948458));
#8860 = CARTESIAN_POINT('',(1.803298163145E-02,2.47,0.757947948458));
#8861 = CARTESIAN_POINT('',(7.531426676834E-03,2.48,0.751501449376));
#8862 = CARTESIAN_POINT('',(7.531426676834E-03,2.47,0.751501449376));
#8863 = CARTESIAN_POINT('',(-8.532833130672E-03,2.48,0.745054950295));
#8864 = CARTESIAN_POINT('',(-8.532833130672E-03,2.47,0.745054950295));
#8865 = ADVANCED_FACE('',(#8866),#8884,.F.);
#8866 = FACE_BOUND('',#8867,.F.);
#8867 = EDGE_LOOP('',(#8868,#8869,#8878,#8883));
#8868 = ORIENTED_EDGE('',*,*,#8851,.F.);
#8869 = ORIENTED_EDGE('',*,*,#8870,.T.);
#8870 = EDGE_CURVE('',#8843,#8871,#8873,.T.);
#8871 = VERTEX_POINT('',#8872);
#8872 = CARTESIAN_POINT('',(-3.520262368361E-02,2.48,0.732057976341));
#8873 = B_SPLINE_CURVE_WITH_KNOTS('',3,(#8874,#8875,#8876,#8877),
  .UNSPECIFIED.,.F.,.F.,(4,4),(3.,4.),.PIECEWISE_BEZIER_KNOTS.);
#8874 = CARTESIAN_POINT('',(-8.532833130672E-03,2.48,0.745054950295));
#8875 = CARTESIAN_POINT('',(-2.194571025112E-02,2.48,0.740064112297));
#8876 = CARTESIAN_POINT('',(-3.08356404352E-02,2.48,0.735697129048));
#8877 = CARTESIAN_POINT('',(-3.520262368361E-02,2.48,0.732057976341));
#8878 = ORIENTED_EDGE('',*,*,#8879,.T.);
#8879 = EDGE_CURVE('',#8871,#464,#8880,.T.);
#8880 = B_SPLINE_CURVE_WITH_KNOTS('',1,(#8881,#8882),.UNSPECIFIED.,.F.,
  .F.,(2,2),(-0.,1.E-02),.PIECEWISE_BEZIER_KNOTS.);
#8881 = CARTESIAN_POINT('',(-3.520262368361E-02,2.48,0.732057976341));
#8882 = CARTESIAN_POINT('',(-3.520262368361E-02,2.47,0.732057976341));
#8883 = ORIENTED_EDGE('',*,*,#472,.F.);
#8884 = B_SPLINE_SURFACE_WITH_KNOTS('',3,1,(
    (#8885,#8886)
    ,(#8887,#8888)
    ,(#8889,#8890)
    ,(#8891,#8892
    )),.UNSPECIFIED.,.F.,.F.,.F.,(4,4),(2,2),(3.,4.),(0.,1.),
  .PIECEWISE_BEZIER_KNOTS.);
#8885 = CARTESIAN_POINT('',(-8.532833130672E-03,2.48,0.745054950295));
#8886 = CARTESIAN_POINT('',(-8.532833130672E-03,2.47,0.745054950295));
#8887 = CARTESIAN_POINT('',(-2.194571025112E-02,2.48,0.740064112297));
#8888 = CARTESIAN_POINT('',(-2.194571025112E-02,2.47,0.740064112297));
#8889 = CARTESIAN_POINT('',(-3.08356404352E-02,2.48,0.735697129048));
#8890 = CARTESIAN_POINT('',(-3.08356404352E-02,2.47,0.735697129048));
#8891 = CARTESIAN_POINT('',(-3.520262368361E-02,2.48,0.732057976341));
#8892 = CARTESIAN_POINT('',(-3.520262368361E-02,2.47,0.732057976341));
#8893 = ADVANCED_FACE('',(#8894),#8912,.F.);
#8894 = FACE_BOUND('',#8895,.F.);
#8895 = EDGE_LOOP('',(#8896,#8897,#8906,#8911));
#8896 = ORIENTED_EDGE('',*,*,#8879,.F.);
#8897 = ORIENTED_EDGE('',*,*,#8898,.T.);
#8898 = EDGE_CURVE('',#8871,#8899,#8901,.T.);
#8899 = VERTEX_POINT('',#8900);
#8900 = CARTESIAN_POINT('',(-4.175309855657E-02,2.48,0.718229196055));
#8901 = B_SPLINE_CURVE_WITH_KNOTS('',3,(#8902,#8903,#8904,#8905),
  .UNSPECIFIED.,.F.,.F.,(4,4),(2.,3.),.PIECEWISE_BEZIER_KNOTS.);
#8902 = CARTESIAN_POINT('',(-3.520262368361E-02,2.48,0.732057976341));
#8903 = CARTESIAN_POINT('',(-3.956960693271E-02,2.48,0.728418823634));
#8904 = CARTESIAN_POINT('',(-4.175309855657E-02,2.48,0.723843888803));
#8905 = CARTESIAN_POINT('',(-4.175309855657E-02,2.48,0.718229196055));
#8906 = ORIENTED_EDGE('',*,*,#8907,.T.);
#8907 = EDGE_CURVE('',#8899,#455,#8908,.T.);
#8908 = B_SPLINE_CURVE_WITH_KNOTS('',1,(#8909,#8910),.UNSPECIFIED.,.F.,
  .F.,(2,2),(-0.,1.E-02),.PIECEWISE_BEZIER_KNOTS.);
#8909 = CARTESIAN_POINT('',(-4.175309855657E-02,2.48,0.718229196055));
#8910 = CARTESIAN_POINT('',(-4.175309855657E-02,2.47,0.718229196055));
#8911 = ORIENTED_EDGE('',*,*,#463,.F.);
#8912 = B_SPLINE_SURFACE_WITH_KNOTS('',3,1,(
    (#8913,#8914)
    ,(#8915,#8916)
    ,(#8917,#8918)
    ,(#8919,#8920
    )),.UNSPECIFIED.,.F.,.F.,.F.,(4,4),(2,2),(2.,3.),(0.,1.),
  .PIECEWISE_BEZIER_KNOTS.);
#8913 = CARTESIAN_POINT('',(-3.520262368361E-02,2.48,0.732057976341));
#8914 = CARTESIAN_POINT('',(-3.520262368361E-02,2.47,0.732057976341));
#8915 = CARTESIAN_POINT('',(-3.956960693271E-02,2.48,0.728418823634));
#8916 = CARTESIAN_POINT('',(-3.956960693271E-02,2.47,0.728418823634));
#8917 = CARTESIAN_POINT('',(-4.175309855657E-02,2.48,0.723843888803));
#8918 = CARTESIAN_POINT('',(-4.175309855657E-02,2.47,0.723843888803));
#8919 = CARTESIAN_POINT('',(-4.175309855657E-02,2.48,0.718229196055));
#8920 = CARTESIAN_POINT('',(-4.175309855657E-02,2.47,0.718229196055));
#8921 = ADVANCED_FACE('',(#8922),#8934,.F.);
#8922 = FACE_BOUND('',#8923,.F.);
#8923 = EDGE_LOOP('',(#8924,#8925,#8932,#8933));
#8924 = ORIENTED_EDGE('',*,*,#8907,.F.);
#8925 = ORIENTED_EDGE('',*,*,#8926,.T.);
#8926 = EDGE_CURVE('',#8899,#8372,#8927,.T.);
#8927 = B_SPLINE_CURVE_WITH_KNOTS('',3,(#8928,#8929,#8930,#8931),
  .UNSPECIFIED.,.F.,.F.,(4,4),(1.,2.),.PIECEWISE_BEZIER_KNOTS.);
#8928 = CARTESIAN_POINT('',(-4.175309855657E-02,2.48,0.718229196055));
#8929 = CARTESIAN_POINT('',(-4.175309855657E-02,2.48,0.705128246309));
#8930 = CARTESIAN_POINT('',(-3.171943466445E-02,2.48,0.698577771436));
#8931 = CARTESIAN_POINT('',(-1.170409477529E-02,2.48,0.698577771436));
#8932 = ORIENTED_EDGE('',*,*,#8371,.T.);
#8933 = ORIENTED_EDGE('',*,*,#454,.F.);
#8934 = B_SPLINE_SURFACE_WITH_KNOTS('',3,1,(
    (#8935,#8936)
    ,(#8937,#8938)
    ,(#8939,#8940)
    ,(#8941,#8942
    )),.UNSPECIFIED.,.F.,.F.,.F.,(4,4),(2,2),(1.,2.),(0.,1.),
  .PIECEWISE_BEZIER_KNOTS.);
#8935 = CARTESIAN_POINT('',(-4.175309855657E-02,2.48,0.718229196055));
#8936 = CARTESIAN_POINT('',(-4.175309855657E-02,2.47,0.718229196055));
#8937 = CARTESIAN_POINT('',(-4.175309855657E-02,2.48,0.705128246309));
#8938 = CARTESIAN_POINT('',(-4.175309855657E-02,2.47,0.705128246309));
#8939 = CARTESIAN_POINT('',(-3.171943466445E-02,2.48,0.698577771436));
#8940 = CARTESIAN_POINT('',(-3.171943466445E-02,2.47,0.698577771436));
#8941 = CARTESIAN_POINT('',(-1.170409477529E-02,2.48,0.698577771436));
#8942 = CARTESIAN_POINT('',(-1.170409477529E-02,2.47,0.698577771436));
#8943 = ADVANCED_FACE('',(#8944),#8967,.F.);
#8944 = FACE_BOUND('',#8945,.T.);
#8945 = EDGE_LOOP('',(#8946,#8947,#8948,#8949,#8950,#8951,#8952,#8953,
    #8954,#8955,#8956,#8957,#8958,#8959,#8960,#8961,#8962,#8963,#8964,
    #8965,#8966));
#8946 = ORIENTED_EDGE('',*,*,#8378,.T.);
#8947 = ORIENTED_EDGE('',*,*,#8413,.T.);
#8948 = ORIENTED_EDGE('',*,*,#8428,.T.);
#8949 = ORIENTED_EDGE('',*,*,#8456,.T.);
#8950 = ORIENTED_EDGE('',*,*,#8484,.T.);
#8951 = ORIENTED_EDGE('',*,*,#8512,.T.);
#8952 = ORIENTED_EDGE('',*,*,#8540,.T.);
#8953 = ORIENTED_EDGE('',*,*,#8568,.T.);
#8954 = ORIENTED_EDGE('',*,*,#8596,.T.);
#8955 = ORIENTED_EDGE('',*,*,#8624,.T.);
#8956 = ORIENTED_EDGE('',*,*,#8652,.T.);
#8957 = ORIENTED_EDGE('',*,*,#8680,.T.);
#8958 = ORIENTED_EDGE('',*,*,#8715,.T.);
#8959 = ORIENTED_EDGE('',*,*,#8730,.T.);
#8960 = ORIENTED_EDGE('',*,*,#8758,.T.);
#8961 = ORIENTED_EDGE('',*,*,#8786,.T.);
#8962 = ORIENTED_EDGE('',*,*,#8814,.T.);
#8963 = ORIENTED_EDGE('',*,*,#8842,.T.);
#8964 = ORIENTED_EDGE('',*,*,#8870,.T.);
#8965 = ORIENTED_EDGE('',*,*,#8898,.T.);
#8966 = ORIENTED_EDGE('',*,*,#8926,.T.);
#8967 = B_SPLINE_SURFACE_WITH_KNOTS('',1,1,(
    (#8968,#8969)
    ,(#8970,#8971
    )),.UNSPECIFIED.,.F.,.F.,.F.,(2,2),(2,2),(-0.127708266072,
    2.430434129377E-02),(-7.789086490605E-02,2.021029449825E-02),
  .PIECEWISE_BEZIER_KNOTS.);
#8968 = CARTESIAN_POINT('',(-6.790301015194E-02,2.48,0.829795220476));
#8969 = CARTESIAN_POINT('',(3.019814925236E-02,2.48,0.829795220476));
#8970 = CARTESIAN_POINT('',(-6.790301015194E-02,2.48,0.67778261311));
#8971 = CARTESIAN_POINT('',(3.019814925236E-02,2.48,0.67778261311));
#8972 = ADVANCED_FACE('',(#8973),#8995,.F.);
#8973 = FACE_BOUND('',#8974,.T.);
#8974 = EDGE_LOOP('',(#8975,#8976,#8983,#8990));
#8975 = ORIENTED_EDGE('',*,*,#328,.T.);
#8976 = ORIENTED_EDGE('',*,*,#8977,.F.);
#8977 = EDGE_CURVE('',#8978,#320,#8980,.T.);
#8978 = VERTEX_POINT('',#8979);
#8979 = CARTESIAN_POINT('',(-0.19418160909,2.48,0.826467995143));
#8980 = B_SPLINE_CURVE_WITH_KNOTS('',1,(#8981,#8982),.UNSPECIFIED.,.F.,
  .F.,(2,2),(-0.,1.E-02),.PIECEWISE_BEZIER_KNOTS.);
#8981 = CARTESIAN_POINT('',(-0.19418160909,2.48,0.826467995143));
#8982 = CARTESIAN_POINT('',(-0.19418160909,2.47,0.826467995143));
#8983 = ORIENTED_EDGE('',*,*,#8984,.F.);
#8984 = EDGE_CURVE('',#8985,#8978,#8987,.T.);
#8985 = VERTEX_POINT('',#8986);
#8986 = CARTESIAN_POINT('',(-0.220591460163,2.48,0.826467995143));
#8987 = B_SPLINE_CURVE_WITH_KNOTS('',1,(#8988,#8989),.UNSPECIFIED.,.F.,
  .F.,(2,2),(-2.640985107347E-02,0.),.PIECEWISE_BEZIER_KNOTS.);
#8988 = CARTESIAN_POINT('',(-0.220591460163,2.48,0.826467995143));
#8989 = CARTESIAN_POINT('',(-0.19418160909,2.48,0.826467995143));
#8990 = ORIENTED_EDGE('',*,*,#8991,.T.);
#8991 = EDGE_CURVE('',#8985,#329,#8992,.T.);
#8992 = B_SPLINE_CURVE_WITH_KNOTS('',1,(#8993,#8994),.UNSPECIFIED.,.F.,
  .F.,(2,2),(-0.,1.E-02),.PIECEWISE_BEZIER_KNOTS.);
#8993 = CARTESIAN_POINT('',(-0.220591460163,2.48,0.826467995143));
#8994 = CARTESIAN_POINT('',(-0.220591460163,2.47,0.826467995143));
#8995 = B_SPLINE_SURFACE_WITH_KNOTS('',1,1,(
    (#8996,#8997)
    ,(#8998,#8999
    )),.UNSPECIFIED.,.F.,.F.,.F.,(2,2),(2,2),(-1.211148095827E-32,
    2.640985107347E-02),(-1.E-02,7.676697801288E-34),
  .PIECEWISE_BEZIER_KNOTS.);
#8996 = CARTESIAN_POINT('',(-0.19418160909,2.47,0.826467995143));
#8997 = CARTESIAN_POINT('',(-0.19418160909,2.48,0.826467995143));
#8998 = CARTESIAN_POINT('',(-0.220591460163,2.47,0.826467995143));
#8999 = CARTESIAN_POINT('',(-0.220591460163,2.48,0.826467995143));
#9000 = ADVANCED_FACE('',(#9001),#9017,.F.);
#9001 = FACE_BOUND('',#9002,.T.);
#9002 = EDGE_LOOP('',(#9003,#9004,#9011,#9016));
#9003 = ORIENTED_EDGE('',*,*,#319,.T.);
#9004 = ORIENTED_EDGE('',*,*,#9005,.F.);
#9005 = EDGE_CURVE('',#9006,#322,#9008,.T.);
#9006 = VERTEX_POINT('',#9007);
#9007 = CARTESIAN_POINT('',(-0.154514844582,2.48,0.717085462346));
#9008 = B_SPLINE_CURVE_WITH_KNOTS('',1,(#9009,#9010),.UNSPECIFIED.,.F.,
  .F.,(2,2),(-0.,1.E-02),.PIECEWISE_BEZIER_KNOTS.);
#9009 = CARTESIAN_POINT('',(-0.154514844582,2.48,0.717085462346));
#9010 = CARTESIAN_POINT('',(-0.154514844582,2.47,0.717085462346));
#9011 = ORIENTED_EDGE('',*,*,#9012,.F.);
#9012 = EDGE_CURVE('',#8978,#9006,#9013,.T.);
#9013 = B_SPLINE_CURVE_WITH_KNOTS('',1,(#9014,#9015),.UNSPECIFIED.,.F.,
  .F.,(2,2),(-0.116352871419,1.892473934332E-17),
  .PIECEWISE_BEZIER_KNOTS.);
#9014 = CARTESIAN_POINT('',(-0.19418160909,2.48,0.826467995143));
#9015 = CARTESIAN_POINT('',(-0.154514844582,2.48,0.717085462346));
#9016 = ORIENTED_EDGE('',*,*,#8977,.T.);
#9017 = B_SPLINE_SURFACE_WITH_KNOTS('',1,1,(
    (#9018,#9019)
    ,(#9020,#9021
    )),.UNSPECIFIED.,.F.,.F.,.F.,(2,2),(2,2),(-1.892473934332E-17,
    0.116352871419),(-1.E-02,7.703719777549E-34),
  .PIECEWISE_BEZIER_KNOTS.);
#9018 = CARTESIAN_POINT('',(-0.154514844582,2.47,0.717085462346));
#9019 = CARTESIAN_POINT('',(-0.154514844582,2.48,0.717085462346));
#9020 = CARTESIAN_POINT('',(-0.19418160909,2.47,0.826467995143));
#9021 = CARTESIAN_POINT('',(-0.19418160909,2.48,0.826467995143));
#9022 = ADVANCED_FACE('',(#9023),#9041,.F.);
#9023 = FACE_BOUND('',#9024,.F.);
#9024 = EDGE_LOOP('',(#9025,#9026,#9035,#9040));
#9025 = ORIENTED_EDGE('',*,*,#9005,.F.);
#9026 = ORIENTED_EDGE('',*,*,#9027,.T.);
#9027 = EDGE_CURVE('',#9006,#9028,#9030,.T.);
#9028 = VERTEX_POINT('',#9029);
#9029 = CARTESIAN_POINT('',(-0.151395570832,2.48,0.705336197892));
#9030 = B_SPLINE_CURVE_WITH_KNOTS('',3,(#9031,#9032,#9033,#9034),
  .UNSPECIFIED.,.F.,.F.,(4,4),(12.,13.),.PIECEWISE_BEZIER_KNOTS.);
#9031 = CARTESIAN_POINT('',(-0.154514844582,2.48,0.717085462346));
#9032 = CARTESIAN_POINT('',(-0.152955207707,2.48,0.711990648557));
#9033 = CARTESIAN_POINT('',(-0.15191544979,2.48,0.708039568475));
#9034 = CARTESIAN_POINT('',(-0.151395570832,2.48,0.705336197892));
#9035 = ORIENTED_EDGE('',*,*,#9036,.T.);
#9036 = EDGE_CURVE('',#9028,#421,#9037,.T.);
#9037 = B_SPLINE_CURVE_WITH_KNOTS('',1,(#9038,#9039),.UNSPECIFIED.,.F.,
  .F.,(2,2),(-0.,1.E-02),.PIECEWISE_BEZIER_KNOTS.);
#9038 = CARTESIAN_POINT('',(-0.151395570832,2.48,0.705336197892));
#9039 = CARTESIAN_POINT('',(-0.151395570832,2.47,0.705336197892));
#9040 = ORIENTED_EDGE('',*,*,#427,.F.);
#9041 = B_SPLINE_SURFACE_WITH_KNOTS('',3,1,(
    (#9042,#9043)
    ,(#9044,#9045)
    ,(#9046,#9047)
    ,(#9048,#9049
    )),.UNSPECIFIED.,.F.,.F.,.F.,(4,4),(2,2),(12.,13.),(0.,1.),
  .PIECEWISE_BEZIER_KNOTS.);
#9042 = CARTESIAN_POINT('',(-0.154514844582,2.48,0.717085462346));
#9043 = CARTESIAN_POINT('',(-0.154514844582,2.47,0.717085462346));
#9044 = CARTESIAN_POINT('',(-0.152955207707,2.48,0.711990648557));
#9045 = CARTESIAN_POINT('',(-0.152955207707,2.47,0.711990648557));
#9046 = CARTESIAN_POINT('',(-0.15191544979,2.48,0.708039568475));
#9047 = CARTESIAN_POINT('',(-0.15191544979,2.47,0.708039568475));
#9048 = CARTESIAN_POINT('',(-0.151395570832,2.48,0.705336197892));
#9049 = CARTESIAN_POINT('',(-0.151395570832,2.47,0.705336197892));
#9050 = ADVANCED_FACE('',(#9051),#9067,.F.);
#9051 = FACE_BOUND('',#9052,.T.);
#9052 = EDGE_LOOP('',(#9053,#9054,#9061,#9066));
#9053 = ORIENTED_EDGE('',*,*,#420,.T.);
#9054 = ORIENTED_EDGE('',*,*,#9055,.F.);
#9055 = EDGE_CURVE('',#9056,#414,#9058,.T.);
#9056 = VERTEX_POINT('',#9057);
#9057 = CARTESIAN_POINT('',(-0.150719728187,2.48,0.705336197892));
#9058 = B_SPLINE_CURVE_WITH_KNOTS('',1,(#9059,#9060),.UNSPECIFIED.,.F.,
  .F.,(2,2),(-0.,1.E-02),.PIECEWISE_BEZIER_KNOTS.);
#9059 = CARTESIAN_POINT('',(-0.150719728187,2.48,0.705336197892));
#9060 = CARTESIAN_POINT('',(-0.150719728187,2.47,0.705336197892));
#9061 = ORIENTED_EDGE('',*,*,#9062,.F.);
#9062 = EDGE_CURVE('',#9028,#9056,#9063,.T.);
#9063 = B_SPLINE_CURVE_WITH_KNOTS('',1,(#9064,#9065),.UNSPECIFIED.,.F.,
  .F.,(2,2),(-6.758426448346E-04,0.),.PIECEWISE_BEZIER_KNOTS.);
#9064 = CARTESIAN_POINT('',(-0.151395570832,2.48,0.705336197892));
#9065 = CARTESIAN_POINT('',(-0.150719728187,2.48,0.705336197892));
#9066 = ORIENTED_EDGE('',*,*,#9036,.T.);
#9067 = B_SPLINE_SURFACE_WITH_KNOTS('',1,1,(
    (#9068,#9069)
    ,(#9070,#9071)),.UNSPECIFIED.,.F.,.F.,.F.,(2,2),(2,2),(-1.E-02,0.),(
    -6.758426448346E-04,0.),.PIECEWISE_BEZIER_KNOTS.);
#9068 = CARTESIAN_POINT('',(-0.151395570832,2.47,0.705336197892));
#9069 = CARTESIAN_POINT('',(-0.150719728187,2.47,0.705336197892));
#9070 = CARTESIAN_POINT('',(-0.151395570832,2.48,0.705336197892));
#9071 = CARTESIAN_POINT('',(-0.150719728187,2.48,0.705336197892));
#9072 = ADVANCED_FACE('',(#9073),#9089,.F.);
#9073 = FACE_BOUND('',#9074,.T.);
#9074 = EDGE_LOOP('',(#9075,#9076,#9083,#9088));
#9075 = ORIENTED_EDGE('',*,*,#413,.T.);
#9076 = ORIENTED_EDGE('',*,*,#9077,.F.);
#9077 = EDGE_CURVE('',#9078,#407,#9080,.T.);
#9078 = VERTEX_POINT('',#9079);
#9079 = CARTESIAN_POINT('',(-0.147600454438,2.48,0.717293413929));
#9080 = B_SPLINE_CURVE_WITH_KNOTS('',1,(#9081,#9082),.UNSPECIFIED.,.F.,
  .F.,(2,2),(-0.,1.E-02),.PIECEWISE_BEZIER_KNOTS.);
#9081 = CARTESIAN_POINT('',(-0.147600454438,2.48,0.717293413929));
#9082 = CARTESIAN_POINT('',(-0.147600454438,2.47,0.717293413929));
#9083 = ORIENTED_EDGE('',*,*,#9084,.F.);
#9084 = EDGE_CURVE('',#9056,#9078,#9085,.T.);
#9085 = B_SPLINE_CURVE_WITH_KNOTS('',1,(#9086,#9087),.UNSPECIFIED.,.F.,
  .F.,(2,2),(-1.235738176562E-02,0.),.PIECEWISE_BEZIER_KNOTS.);
#9086 = CARTESIAN_POINT('',(-0.150719728187,2.48,0.705336197892));
#9087 = CARTESIAN_POINT('',(-0.147600454438,2.48,0.717293413929));
#9088 = ORIENTED_EDGE('',*,*,#9055,.T.);
#9089 = B_SPLINE_SURFACE_WITH_KNOTS('',1,1,(
    (#9090,#9091)
    ,(#9092,#9093
    )),.UNSPECIFIED.,.F.,.F.,.F.,(2,2),(2,2),(-0.,1.235738176562E-02),(
    -1.E-02,9.629649721936E-35),.PIECEWISE_BEZIER_KNOTS.);
#9090 = CARTESIAN_POINT('',(-0.147600454438,2.47,0.717293413929));
#9091 = CARTESIAN_POINT('',(-0.147600454438,2.48,0.717293413929));
#9092 = CARTESIAN_POINT('',(-0.150719728187,2.47,0.705336197892));
#9093 = CARTESIAN_POINT('',(-0.150719728187,2.48,0.705336197892));
#9094 = ADVANCED_FACE('',(#9095),#9111,.F.);
#9095 = FACE_BOUND('',#9096,.T.);
#9096 = EDGE_LOOP('',(#9097,#9098,#9105,#9110));
#9097 = ORIENTED_EDGE('',*,*,#406,.T.);
#9098 = ORIENTED_EDGE('',*,*,#9099,.F.);
#9099 = EDGE_CURVE('',#9100,#400,#9102,.T.);
#9100 = VERTEX_POINT('',#9101);
#9101 = CARTESIAN_POINT('',(-0.109649290492,2.48,0.826467995143));
#9102 = B_SPLINE_CURVE_WITH_KNOTS('',1,(#9103,#9104),.UNSPECIFIED.,.F.,
  .F.,(2,2),(-0.,1.E-02),.PIECEWISE_BEZIER_KNOTS.);
#9103 = CARTESIAN_POINT('',(-0.109649290492,2.48,0.826467995143));
#9104 = CARTESIAN_POINT('',(-0.109649290492,2.47,0.826467995143));
#9105 = ORIENTED_EDGE('',*,*,#9106,.F.);
#9106 = EDGE_CURVE('',#9078,#9100,#9107,.T.);
#9107 = B_SPLINE_CURVE_WITH_KNOTS('',1,(#9108,#9109),.UNSPECIFIED.,.F.,
  .F.,(2,2),(-0.115582784306,0.),.PIECEWISE_BEZIER_KNOTS.);
#9108 = CARTESIAN_POINT('',(-0.147600454438,2.48,0.717293413929));
#9109 = CARTESIAN_POINT('',(-0.109649290492,2.48,0.826467995143));
#9110 = ORIENTED_EDGE('',*,*,#9077,.T.);
#9111 = B_SPLINE_SURFACE_WITH_KNOTS('',1,1,(
    (#9112,#9113)
    ,(#9114,#9115
    )),.UNSPECIFIED.,.F.,.F.,.F.,(2,2),(2,2),(-0.,0.115582784306),(
    -1.E-02,3.561669525615E-34),.PIECEWISE_BEZIER_KNOTS.);
#9112 = CARTESIAN_POINT('',(-0.109649290492,2.47,0.826467995143));
#9113 = CARTESIAN_POINT('',(-0.109649290492,2.48,0.826467995143));
#9114 = CARTESIAN_POINT('',(-0.147600454438,2.47,0.717293413929));
#9115 = CARTESIAN_POINT('',(-0.147600454438,2.48,0.717293413929));
#9116 = ADVANCED_FACE('',(#9117),#9133,.F.);
#9117 = FACE_BOUND('',#9118,.T.);
#9118 = EDGE_LOOP('',(#9119,#9120,#9127,#9132));
#9119 = ORIENTED_EDGE('',*,*,#399,.T.);
#9120 = ORIENTED_EDGE('',*,*,#9121,.F.);
#9121 = EDGE_CURVE('',#9122,#393,#9124,.T.);
#9122 = VERTEX_POINT('',#9123);
#9123 = CARTESIAN_POINT('',(-8.115992358513E-02,2.48,0.826467995143));
#9124 = B_SPLINE_CURVE_WITH_KNOTS('',1,(#9125,#9126),.UNSPECIFIED.,.F.,
  .F.,(2,2),(-0.,1.E-02),.PIECEWISE_BEZIER_KNOTS.);
#9125 = CARTESIAN_POINT('',(-8.115992358513E-02,2.48,0.826467995143));
#9126 = CARTESIAN_POINT('',(-8.115992358513E-02,2.47,0.826467995143));
#9127 = ORIENTED_EDGE('',*,*,#9128,.F.);
#9128 = EDGE_CURVE('',#9100,#9122,#9129,.T.);
#9129 = B_SPLINE_CURVE_WITH_KNOTS('',1,(#9130,#9131),.UNSPECIFIED.,.F.,
  .F.,(2,2),(-2.84893669072E-02,0.),.PIECEWISE_BEZIER_KNOTS.);
#9130 = CARTESIAN_POINT('',(-0.109649290492,2.48,0.826467995143));
#9131 = CARTESIAN_POINT('',(-8.115992358513E-02,2.48,0.826467995143));
#9132 = ORIENTED_EDGE('',*,*,#9099,.T.);
#9133 = B_SPLINE_SURFACE_WITH_KNOTS('',1,1,(
    (#9134,#9135)
    ,(#9136,#9137
    )),.UNSPECIFIED.,.F.,.F.,.F.,(2,2),(2,2),(-1.122743125282E-32,
    2.84893669072E-02),(-1.E-02,7.676697801288E-34),
  .PIECEWISE_BEZIER_KNOTS.);
#9134 = CARTESIAN_POINT('',(-8.115992358513E-02,2.47,0.826467995143));
#9135 = CARTESIAN_POINT('',(-8.115992358513E-02,2.48,0.826467995143));
#9136 = CARTESIAN_POINT('',(-0.109649290492,2.47,0.826467995143));
#9137 = CARTESIAN_POINT('',(-0.109649290492,2.48,0.826467995143));
#9138 = ADVANCED_FACE('',(#9139),#9155,.F.);
#9139 = FACE_BOUND('',#9140,.T.);
#9140 = EDGE_LOOP('',(#9141,#9142,#9149,#9154));
#9141 = ORIENTED_EDGE('',*,*,#392,.T.);
#9142 = ORIENTED_EDGE('',*,*,#9143,.F.);
#9143 = EDGE_CURVE('',#9144,#386,#9146,.T.);
#9144 = VERTEX_POINT('',#9145);
#9145 = CARTESIAN_POINT('',(-0.1381386574,2.48,0.681525741609));
#9146 = B_SPLINE_CURVE_WITH_KNOTS('',1,(#9147,#9148),.UNSPECIFIED.,.F.,
  .F.,(2,2),(-0.,1.E-02),.PIECEWISE_BEZIER_KNOTS.);
#9147 = CARTESIAN_POINT('',(-0.1381386574,2.48,0.681525741609));
#9148 = CARTESIAN_POINT('',(-0.1381386574,2.47,0.681525741609));
#9149 = ORIENTED_EDGE('',*,*,#9150,.F.);
#9150 = EDGE_CURVE('',#9122,#9144,#9151,.T.);
#9151 = B_SPLINE_CURVE_WITH_KNOTS('',1,(#9152,#9153),.UNSPECIFIED.,.F.,
  .F.,(2,2),(-0.155739631972,-0.),.PIECEWISE_BEZIER_KNOTS.);
#9152 = CARTESIAN_POINT('',(-8.115992358513E-02,2.48,0.826467995143));
#9153 = CARTESIAN_POINT('',(-0.1381386574,2.48,0.681525741609));
#9154 = ORIENTED_EDGE('',*,*,#9121,.T.);
#9155 = B_SPLINE_SURFACE_WITH_KNOTS('',1,1,(
    (#9156,#9157)
    ,(#9158,#9159
    )),.UNSPECIFIED.,.F.,.F.,.F.,(2,2),(2,2),(-1.372836443088E-18,
    0.155739631972),(-1.E-02,3.851859888774E-34),
  .PIECEWISE_BEZIER_KNOTS.);
#9156 = CARTESIAN_POINT('',(-0.1381386574,2.47,0.681525741609));
#9157 = CARTESIAN_POINT('',(-0.1381386574,2.48,0.681525741609));
#9158 = CARTESIAN_POINT('',(-8.115992358513E-02,2.47,0.826467995143));
#9159 = CARTESIAN_POINT('',(-8.115992358513E-02,2.48,0.826467995143));
#9160 = ADVANCED_FACE('',(#9161),#9177,.F.);
#9161 = FACE_BOUND('',#9162,.T.);
#9162 = EDGE_LOOP('',(#9163,#9164,#9171,#9176));
#9163 = ORIENTED_EDGE('',*,*,#385,.T.);
#9164 = ORIENTED_EDGE('',*,*,#9165,.F.);
#9165 = EDGE_CURVE('',#9166,#377,#9168,.T.);
#9166 = VERTEX_POINT('',#9167);
#9167 = CARTESIAN_POINT('',(-0.126961259799,2.48,0.655115890534));
#9168 = B_SPLINE_CURVE_WITH_KNOTS('',1,(#9169,#9170),.UNSPECIFIED.,.F.,
  .F.,(2,2),(-0.,1.E-02),.PIECEWISE_BEZIER_KNOTS.);
#9169 = CARTESIAN_POINT('',(-0.126961259799,2.48,0.655115890534));
#9170 = CARTESIAN_POINT('',(-0.126961259799,2.47,0.655115890534));
#9171 = ORIENTED_EDGE('',*,*,#9172,.F.);
#9172 = EDGE_CURVE('',#9144,#9166,#9173,.T.);
#9173 = B_SPLINE_CURVE_WITH_KNOTS('',1,(#9174,#9175),.UNSPECIFIED.,.F.,
  .F.,(2,2),(-2.867776928081E-02,1.130603132542E-16),
  .PIECEWISE_BEZIER_KNOTS.);
#9174 = CARTESIAN_POINT('',(-0.1381386574,2.48,0.681525741609));
#9175 = CARTESIAN_POINT('',(-0.126961259799,2.48,0.655115890534));
#9176 = ORIENTED_EDGE('',*,*,#9143,.T.);
#9177 = B_SPLINE_SURFACE_WITH_KNOTS('',1,1,(
    (#9178,#9179)
    ,(#9180,#9181
    )),.UNSPECIFIED.,.F.,.F.,.F.,(2,2),(2,2),(-1.252367278196E-16,
    2.867776928081E-02),(-1.E-02,4.512840433085E-34),
  .PIECEWISE_BEZIER_KNOTS.);
#9178 = CARTESIAN_POINT('',(-0.126961259799,2.47,0.655115890534));
#9179 = CARTESIAN_POINT('',(-0.126961259799,2.48,0.655115890534));
#9180 = CARTESIAN_POINT('',(-0.1381386574,2.47,0.681525741609));
#9181 = CARTESIAN_POINT('',(-0.1381386574,2.48,0.681525741609));
#9182 = ADVANCED_FACE('',(#9183),#9201,.F.);
#9183 = FACE_BOUND('',#9184,.F.);
#9184 = EDGE_LOOP('',(#9185,#9186,#9195,#9200));
#9185 = ORIENTED_EDGE('',*,*,#9165,.F.);
#9186 = ORIENTED_EDGE('',*,*,#9187,.T.);
#9187 = EDGE_CURVE('',#9166,#9188,#9190,.T.);
#9188 = VERTEX_POINT('',#9189);
#9189 = CARTESIAN_POINT('',(-0.100863336099,2.48,0.634632659582));
#9190 = B_SPLINE_CURVE_WITH_KNOTS('',3,(#9191,#9192,#9193,#9194),
  .UNSPECIFIED.,.F.,.F.,(4,4),(5.,6.),.PIECEWISE_BEZIER_KNOTS.);
#9191 = CARTESIAN_POINT('',(-0.126961259799,2.48,0.655115890534));
#9192 = CARTESIAN_POINT('',(-0.121190603363,2.48,0.641391086039));
#9193 = CARTESIAN_POINT('',(-0.112508624762,2.48,0.634632659582));
#9194 = CARTESIAN_POINT('',(-0.100863336099,2.48,0.634632659582));
#9195 = ORIENTED_EDGE('',*,*,#9196,.T.);
#9196 = EDGE_CURVE('',#9188,#368,#9197,.T.);
#9197 = B_SPLINE_CURVE_WITH_KNOTS('',1,(#9198,#9199),.UNSPECIFIED.,.F.,
  .F.,(2,2),(-0.,1.E-02),.PIECEWISE_BEZIER_KNOTS.);
#9198 = CARTESIAN_POINT('',(-0.100863336099,2.48,0.634632659582));
#9199 = CARTESIAN_POINT('',(-0.100863336099,2.47,0.634632659582));
#9200 = ORIENTED_EDGE('',*,*,#376,.F.);
#9201 = B_SPLINE_SURFACE_WITH_KNOTS('',3,1,(
    (#9202,#9203)
    ,(#9204,#9205)
    ,(#9206,#9207)
    ,(#9208,#9209
    )),.UNSPECIFIED.,.F.,.F.,.F.,(4,4),(2,2),(5.,6.),(0.,1.),
  .PIECEWISE_BEZIER_KNOTS.);
#9202 = CARTESIAN_POINT('',(-0.126961259799,2.48,0.655115890534));
#9203 = CARTESIAN_POINT('',(-0.126961259799,2.47,0.655115890534));
#9204 = CARTESIAN_POINT('',(-0.121190603363,2.48,0.641391086039));
#9205 = CARTESIAN_POINT('',(-0.121190603363,2.47,0.641391086039));
#9206 = CARTESIAN_POINT('',(-0.112508624762,2.48,0.634632659582));
#9207 = CARTESIAN_POINT('',(-0.112508624762,2.47,0.634632659582));
#9208 = CARTESIAN_POINT('',(-0.100863336099,2.48,0.634632659582));
#9209 = CARTESIAN_POINT('',(-0.100863336099,2.47,0.634632659582));
#9210 = ADVANCED_FACE('',(#9211),#9229,.F.);
#9211 = FACE_BOUND('',#9212,.F.);
#9212 = EDGE_LOOP('',(#9213,#9214,#9223,#9228));
#9213 = ORIENTED_EDGE('',*,*,#9196,.F.);
#9214 = ORIENTED_EDGE('',*,*,#9215,.T.);
#9215 = EDGE_CURVE('',#9188,#9216,#9218,.T.);
#9216 = VERTEX_POINT('',#9217);
#9217 = CARTESIAN_POINT('',(-8.641070106278E-02,2.48,0.637543981749));
#9218 = B_SPLINE_CURVE_WITH_KNOTS('',3,(#9219,#9220,#9221,#9222),
  .UNSPECIFIED.,.F.,.F.,(4,4),(4.,5.),.PIECEWISE_BEZIER_KNOTS.);
#9219 = CARTESIAN_POINT('',(-0.100863336099,2.48,0.634632659582));
#9220 = CARTESIAN_POINT('',(-9.618442547611E-02,2.48,0.634632659582));
#9221 = CARTESIAN_POINT('',(-9.140153906096E-02,2.48,0.635568441707));
#9222 = CARTESIAN_POINT('',(-8.641070106278E-02,2.48,0.637543981749));
#9223 = ORIENTED_EDGE('',*,*,#9224,.T.);
#9224 = EDGE_CURVE('',#9216,#361,#9225,.T.);
#9225 = B_SPLINE_CURVE_WITH_KNOTS('',1,(#9226,#9227),.UNSPECIFIED.,.F.,
  .F.,(2,2),(-0.,1.E-02),.PIECEWISE_BEZIER_KNOTS.);
#9226 = CARTESIAN_POINT('',(-8.641070106278E-02,2.48,0.637543981749));
#9227 = CARTESIAN_POINT('',(-8.641070106278E-02,2.47,0.637543981749));
#9228 = ORIENTED_EDGE('',*,*,#367,.F.);
#9229 = B_SPLINE_SURFACE_WITH_KNOTS('',3,1,(
    (#9230,#9231)
    ,(#9232,#9233)
    ,(#9234,#9235)
    ,(#9236,#9237
    )),.UNSPECIFIED.,.F.,.F.,.F.,(4,4),(2,2),(4.,5.),(0.,1.),
  .PIECEWISE_BEZIER_KNOTS.);
#9230 = CARTESIAN_POINT('',(-0.100863336099,2.48,0.634632659582));
#9231 = CARTESIAN_POINT('',(-0.100863336099,2.47,0.634632659582));
#9232 = CARTESIAN_POINT('',(-9.618442547611E-02,2.48,0.634632659582));
#9233 = CARTESIAN_POINT('',(-9.618442547611E-02,2.47,0.634632659582));
#9234 = CARTESIAN_POINT('',(-9.140153906096E-02,2.48,0.635568441707));
#9235 = CARTESIAN_POINT('',(-9.140153906096E-02,2.47,0.635568441707));
#9236 = CARTESIAN_POINT('',(-8.641070106278E-02,2.48,0.637543981749));
#9237 = CARTESIAN_POINT('',(-8.641070106278E-02,2.47,0.637543981749));
#9238 = ADVANCED_FACE('',(#9239),#9255,.F.);
#9239 = FACE_BOUND('',#9240,.T.);
#9240 = EDGE_LOOP('',(#9241,#9242,#9249,#9254));
#9241 = ORIENTED_EDGE('',*,*,#360,.T.);
#9242 = ORIENTED_EDGE('',*,*,#9243,.F.);
#9243 = EDGE_CURVE('',#9244,#352,#9246,.T.);
#9244 = VERTEX_POINT('',#9245);
#9245 = CARTESIAN_POINT('',(-8.641070106278E-02,2.48,0.614877259173));
#9246 = B_SPLINE_CURVE_WITH_KNOTS('',1,(#9247,#9248),.UNSPECIFIED.,.F.,
  .F.,(2,2),(-0.,1.E-02),.PIECEWISE_BEZIER_KNOTS.);
#9247 = CARTESIAN_POINT('',(-8.641070106278E-02,2.48,0.614877259173));
#9248 = CARTESIAN_POINT('',(-8.641070106278E-02,2.47,0.614877259173));
#9249 = ORIENTED_EDGE('',*,*,#9250,.F.);
#9250 = EDGE_CURVE('',#9216,#9244,#9251,.T.);
#9251 = B_SPLINE_CURVE_WITH_KNOTS('',1,(#9252,#9253),.UNSPECIFIED.,.F.,
  .F.,(2,2),(-2.266672257622E-02,-2.124182199159E-30),
  .PIECEWISE_BEZIER_KNOTS.);
#9252 = CARTESIAN_POINT('',(-8.641070106278E-02,2.48,0.637543981749));
#9253 = CARTESIAN_POINT('',(-8.641070106278E-02,2.48,0.614877259173));
#9254 = ORIENTED_EDGE('',*,*,#9224,.T.);
#9255 = B_SPLINE_SURFACE_WITH_KNOTS('',1,1,(
    (#9256,#9257)
    ,(#9258,#9259
    )),.UNSPECIFIED.,.F.,.F.,.F.,(2,2),(2,2),(-1.475104996579E-18,
    2.266672257622E-02),(-1.E-02,5.642214435634E-62),
  .PIECEWISE_BEZIER_KNOTS.);
#9256 = CARTESIAN_POINT('',(-8.641070106278E-02,2.47,0.614877259173));
#9257 = CARTESIAN_POINT('',(-8.641070106278E-02,2.48,0.614877259173));
#9258 = CARTESIAN_POINT('',(-8.641070106278E-02,2.47,0.637543981749));
#9259 = CARTESIAN_POINT('',(-8.641070106278E-02,2.48,0.637543981749));
#9260 = ADVANCED_FACE('',(#9261),#9279,.F.);
#9261 = FACE_BOUND('',#9262,.F.);
#9262 = EDGE_LOOP('',(#9263,#9264,#9273,#9278));
#9263 = ORIENTED_EDGE('',*,*,#9243,.F.);
#9264 = ORIENTED_EDGE('',*,*,#9265,.T.);
#9265 = EDGE_CURVE('',#9244,#9266,#9268,.T.);
#9266 = VERTEX_POINT('',#9267);
#9267 = CARTESIAN_POINT('',(-0.102838876141,2.48,0.61279774334));
#9268 = B_SPLINE_CURVE_WITH_KNOTS('',3,(#9269,#9270,#9271,#9272),
  .UNSPECIFIED.,.F.,.F.,(4,4),(2.,3.),.PIECEWISE_BEZIER_KNOTS.);
#9269 = CARTESIAN_POINT('',(-8.641070106278E-02,2.48,0.614877259173));
#9270 = CARTESIAN_POINT('',(-9.093364799846E-02,2.48,0.613525573881));
#9271 = CARTESIAN_POINT('',(-9.64443649549E-02,2.48,0.61279774334));
#9272 = CARTESIAN_POINT('',(-0.102838876141,2.48,0.61279774334));
#9273 = ORIENTED_EDGE('',*,*,#9274,.T.);
#9274 = EDGE_CURVE('',#9266,#343,#9275,.T.);
#9275 = B_SPLINE_CURVE_WITH_KNOTS('',1,(#9276,#9277),.UNSPECIFIED.,.F.,
  .F.,(2,2),(-0.,1.E-02),.PIECEWISE_BEZIER_KNOTS.);
#9276 = CARTESIAN_POINT('',(-0.102838876141,2.48,0.61279774334));
#9277 = CARTESIAN_POINT('',(-0.102838876141,2.47,0.61279774334));
#9278 = ORIENTED_EDGE('',*,*,#351,.F.);
#9279 = B_SPLINE_SURFACE_WITH_KNOTS('',3,1,(
    (#9280,#9281)
    ,(#9282,#9283)
    ,(#9284,#9285)
    ,(#9286,#9287
    )),.UNSPECIFIED.,.F.,.F.,.F.,(4,4),(2,2),(2.,3.),(0.,1.),
  .PIECEWISE_BEZIER_KNOTS.);
#9280 = CARTESIAN_POINT('',(-8.641070106278E-02,2.48,0.614877259173));
#9281 = CARTESIAN_POINT('',(-8.641070106278E-02,2.47,0.614877259173));
#9282 = CARTESIAN_POINT('',(-9.093364799846E-02,2.48,0.613525573881));
#9283 = CARTESIAN_POINT('',(-9.093364799846E-02,2.47,0.613525573881));
#9284 = CARTESIAN_POINT('',(-9.64443649549E-02,2.48,0.61279774334));
#9285 = CARTESIAN_POINT('',(-9.64443649549E-02,2.47,0.61279774334));
#9286 = CARTESIAN_POINT('',(-0.102838876141,2.48,0.61279774334));
#9287 = CARTESIAN_POINT('',(-0.102838876141,2.47,0.61279774334));
#9288 = ADVANCED_FACE('',(#9289),#9307,.F.);
#9289 = FACE_BOUND('',#9290,.F.);
#9290 = EDGE_LOOP('',(#9291,#9292,#9301,#9306));
#9291 = ORIENTED_EDGE('',*,*,#9274,.F.);
#9292 = ORIENTED_EDGE('',*,*,#9293,.T.);
#9293 = EDGE_CURVE('',#9266,#9294,#9296,.T.);
#9294 = VERTEX_POINT('',#9295);
#9295 = CARTESIAN_POINT('',(-0.154670808269,2.48,0.6592749222));
#9296 = B_SPLINE_CURVE_WITH_KNOTS('',3,(#9297,#9298,#9299,#9300),
  .UNSPECIFIED.,.F.,.F.,(4,4),(1.,2.),.PIECEWISE_BEZIER_KNOTS.);
#9297 = CARTESIAN_POINT('',(-0.102838876141,2.48,0.61279774334));
#9298 = CARTESIAN_POINT('',(-0.125141683445,2.48,0.61279774334));
#9299 = CARTESIAN_POINT('',(-0.142401664856,2.48,0.628290136293));
#9300 = CARTESIAN_POINT('',(-0.154670808269,2.48,0.6592749222));
#9301 = ORIENTED_EDGE('',*,*,#9302,.T.);
#9302 = EDGE_CURVE('',#9294,#336,#9303,.T.);
#9303 = B_SPLINE_CURVE_WITH_KNOTS('',1,(#9304,#9305),.UNSPECIFIED.,.F.,
  .F.,(2,2),(-0.,1.E-02),.PIECEWISE_BEZIER_KNOTS.);
#9304 = CARTESIAN_POINT('',(-0.154670808269,2.48,0.6592749222));
#9305 = CARTESIAN_POINT('',(-0.154670808269,2.47,0.6592749222));
#9306 = ORIENTED_EDGE('',*,*,#342,.F.);
#9307 = B_SPLINE_SURFACE_WITH_KNOTS('',3,1,(
    (#9308,#9309)
    ,(#9310,#9311)
    ,(#9312,#9313)
    ,(#9314,#9315
    )),.UNSPECIFIED.,.F.,.F.,.F.,(4,4),(2,2),(1.,2.),(0.,1.),
  .PIECEWISE_BEZIER_KNOTS.);
#9308 = CARTESIAN_POINT('',(-0.102838876141,2.48,0.61279774334));
#9309 = CARTESIAN_POINT('',(-0.102838876141,2.47,0.61279774334));
#9310 = CARTESIAN_POINT('',(-0.125141683445,2.48,0.61279774334));
#9311 = CARTESIAN_POINT('',(-0.125141683445,2.47,0.61279774334));
#9312 = CARTESIAN_POINT('',(-0.142401664856,2.48,0.628290136293));
#9313 = CARTESIAN_POINT('',(-0.142401664856,2.47,0.628290136293));
#9314 = CARTESIAN_POINT('',(-0.154670808269,2.48,0.6592749222));
#9315 = CARTESIAN_POINT('',(-0.154670808269,2.47,0.6592749222));
#9316 = ADVANCED_FACE('',(#9317),#9327,.F.);
#9317 = FACE_BOUND('',#9318,.T.);
#9318 = EDGE_LOOP('',(#9319,#9320,#9321,#9326));
#9319 = ORIENTED_EDGE('',*,*,#335,.T.);
#9320 = ORIENTED_EDGE('',*,*,#8991,.F.);
#9321 = ORIENTED_EDGE('',*,*,#9322,.F.);
#9322 = EDGE_CURVE('',#9294,#8985,#9323,.T.);
#9323 = B_SPLINE_CURVE_WITH_KNOTS('',1,(#9324,#9325),.UNSPECIFIED.,.F.,
  .F.,(2,2),(-0.179719381221,0.),.PIECEWISE_BEZIER_KNOTS.);
#9324 = CARTESIAN_POINT('',(-0.154670808269,2.48,0.6592749222));
#9325 = CARTESIAN_POINT('',(-0.220591460163,2.48,0.826467995143));
#9326 = ORIENTED_EDGE('',*,*,#9302,.T.);
#9327 = B_SPLINE_SURFACE_WITH_KNOTS('',1,1,(
    (#9328,#9329)
    ,(#9330,#9331
    )),.UNSPECIFIED.,.F.,.F.,.F.,(2,2),(2,2),(0.,0.179719381221),(
    -1.E-02,0.),.PIECEWISE_BEZIER_KNOTS.);
#9328 = CARTESIAN_POINT('',(-0.220591460163,2.47,0.826467995143));
#9329 = CARTESIAN_POINT('',(-0.220591460163,2.48,0.826467995143));
#9330 = CARTESIAN_POINT('',(-0.154670808269,2.47,0.6592749222));
#9331 = CARTESIAN_POINT('',(-0.154670808269,2.48,0.6592749222));
#9332 = ADVANCED_FACE('',(#9333),#9350,.T.);
#9333 = FACE_BOUND('',#9334,.T.);
#9334 = EDGE_LOOP('',(#9335,#9336,#9337,#9338,#9339,#9340,#9341,#9342,
    #9343,#9344,#9345,#9346,#9347,#9348,#9349));
#9335 = ORIENTED_EDGE('',*,*,#8984,.T.);
#9336 = ORIENTED_EDGE('',*,*,#9012,.T.);
#9337 = ORIENTED_EDGE('',*,*,#9027,.T.);
#9338 = ORIENTED_EDGE('',*,*,#9062,.T.);
#9339 = ORIENTED_EDGE('',*,*,#9084,.T.);
#9340 = ORIENTED_EDGE('',*,*,#9106,.T.);
#9341 = ORIENTED_EDGE('',*,*,#9128,.T.);
#9342 = ORIENTED_EDGE('',*,*,#9150,.T.);
#9343 = ORIENTED_EDGE('',*,*,#9172,.T.);
#9344 = ORIENTED_EDGE('',*,*,#9187,.T.);
#9345 = ORIENTED_EDGE('',*,*,#9215,.T.);
#9346 = ORIENTED_EDGE('',*,*,#9250,.T.);
#9347 = ORIENTED_EDGE('',*,*,#9265,.T.);
#9348 = ORIENTED_EDGE('',*,*,#9293,.T.);
#9349 = ORIENTED_EDGE('',*,*,#9322,.T.);
#9350 = B_SPLINE_SURFACE_WITH_KNOTS('',1,1,(
    (#9351,#9352)
    ,(#9353,#9354
    )),.UNSPECIFIED.,.F.,.F.,.F.,(2,2),(2,2),(-1.161929471512E-02,
    0.202050957089),(-8.807399399881E-02,5.135754257912E-02),
  .PIECEWISE_BEZIER_KNOTS.);
#9351 = CARTESIAN_POINT('',(-0.220591460163,2.48,0.61279774334));
#9352 = CARTESIAN_POINT('',(-8.115992358513E-02,2.48,0.61279774334));
#9353 = CARTESIAN_POINT('',(-0.220591460163,2.48,0.826467995143));
#9354 = CARTESIAN_POINT('',(-8.115992358513E-02,2.48,0.826467995143));
#9355 = ADVANCED_FACE('',(#9356),#9378,.F.);
#9356 = FACE_BOUND('',#9357,.T.);
#9357 = EDGE_LOOP('',(#9358,#9359,#9366,#9373));
#9358 = ORIENTED_EDGE('',*,*,#242,.T.);
#9359 = ORIENTED_EDGE('',*,*,#9360,.F.);
#9360 = EDGE_CURVE('',#9361,#234,#9363,.T.);
#9361 = VERTEX_POINT('',#9362);
#9362 = CARTESIAN_POINT('',(-0.357423601951,2.48,0.704400415768));
#9363 = B_SPLINE_CURVE_WITH_KNOTS('',1,(#9364,#9365),.UNSPECIFIED.,.F.,
  .F.,(2,2),(-0.,1.E-02),.PIECEWISE_BEZIER_KNOTS.);
#9364 = CARTESIAN_POINT('',(-0.357423601951,2.48,0.704400415768));
#9365 = CARTESIAN_POINT('',(-0.357423601951,2.47,0.704400415768));
#9366 = ORIENTED_EDGE('',*,*,#9367,.F.);
#9367 = EDGE_CURVE('',#9368,#9361,#9370,.T.);
#9368 = VERTEX_POINT('',#9369);
#9369 = CARTESIAN_POINT('',(-0.357423601951,2.48,0.681213814234));
#9370 = B_SPLINE_CURVE_WITH_KNOTS('',1,(#9371,#9372),.UNSPECIFIED.,.F.,
  .F.,(2,2),(-2.318660153379E-02,0.),.PIECEWISE_BEZIER_KNOTS.);
#9371 = CARTESIAN_POINT('',(-0.357423601951,2.48,0.681213814234));
#9372 = CARTESIAN_POINT('',(-0.357423601951,2.48,0.704400415768));
#9373 = ORIENTED_EDGE('',*,*,#9374,.T.);
#9374 = EDGE_CURVE('',#9368,#243,#9375,.T.);
#9375 = B_SPLINE_CURVE_WITH_KNOTS('',1,(#9376,#9377),.UNSPECIFIED.,.F.,
  .F.,(2,2),(-0.,1.E-02),.PIECEWISE_BEZIER_KNOTS.);
#9376 = CARTESIAN_POINT('',(-0.357423601951,2.48,0.681213814234));
#9377 = CARTESIAN_POINT('',(-0.357423601951,2.47,0.681213814234));
#9378 = B_SPLINE_SURFACE_WITH_KNOTS('',1,1,(
    (#9379,#9380)
    ,(#9381,#9382
    )),.UNSPECIFIED.,.F.,.F.,.F.,(2,2),(2,2),(-0.,2.318660153379E-02),(
    -1.E-02,7.179225831387E-48),.PIECEWISE_BEZIER_KNOTS.);
#9379 = CARTESIAN_POINT('',(-0.357423601951,2.47,0.704400415768));
#9380 = CARTESIAN_POINT('',(-0.357423601951,2.48,0.704400415768));
#9381 = CARTESIAN_POINT('',(-0.357423601951,2.47,0.681213814234));
#9382 = CARTESIAN_POINT('',(-0.357423601951,2.48,0.681213814234));
#9383 = ADVANCED_FACE('',(#9384),#9400,.F.);
#9384 = FACE_BOUND('',#9385,.T.);
#9385 = EDGE_LOOP('',(#9386,#9387,#9394,#9399));
#9386 = ORIENTED_EDGE('',*,*,#233,.T.);
#9387 = ORIENTED_EDGE('',*,*,#9388,.F.);
#9388 = EDGE_CURVE('',#9389,#236,#9391,.T.);
#9389 = VERTEX_POINT('',#9390);
#9390 = CARTESIAN_POINT('',(-0.274294956542,2.48,0.704400415768));
#9391 = B_SPLINE_CURVE_WITH_KNOTS('',1,(#9392,#9393),.UNSPECIFIED.,.F.,
  .F.,(2,2),(-0.,1.E-02),.PIECEWISE_BEZIER_KNOTS.);
#9392 = CARTESIAN_POINT('',(-0.274294956542,2.48,0.704400415768));
#9393 = CARTESIAN_POINT('',(-0.274294956542,2.47,0.704400415768));
#9394 = ORIENTED_EDGE('',*,*,#9395,.F.);
#9395 = EDGE_CURVE('',#9361,#9389,#9396,.T.);
#9396 = B_SPLINE_CURVE_WITH_KNOTS('',1,(#9397,#9398),.UNSPECIFIED.,.F.,
  .F.,(2,2),(-8.312864540908E-02,0.),.PIECEWISE_BEZIER_KNOTS.);
#9397 = CARTESIAN_POINT('',(-0.357423601951,2.48,0.704400415768));
#9398 = CARTESIAN_POINT('',(-0.274294956542,2.48,0.704400415768));
#9399 = ORIENTED_EDGE('',*,*,#9360,.T.);
#9400 = B_SPLINE_SURFACE_WITH_KNOTS('',1,1,(
    (#9401,#9402)
    ,(#9403,#9404
    )),.UNSPECIFIED.,.F.,.F.,.F.,(2,2),(2,2),(-9.619500197946E-33,
    8.312864540908E-02),(-1.E-02,1.919174450322E-33),
  .PIECEWISE_BEZIER_KNOTS.);
#9401 = CARTESIAN_POINT('',(-0.274294956542,2.47,0.704400415768));
#9402 = CARTESIAN_POINT('',(-0.274294956542,2.48,0.704400415768));
#9403 = CARTESIAN_POINT('',(-0.357423601951,2.47,0.704400415768));
#9404 = CARTESIAN_POINT('',(-0.357423601951,2.48,0.704400415768));
#9405 = ADVANCED_FACE('',(#9406),#9422,.F.);
#9406 = FACE_BOUND('',#9407,.T.);
#9407 = EDGE_LOOP('',(#9408,#9409,#9416,#9421));
#9408 = ORIENTED_EDGE('',*,*,#312,.T.);
#9409 = ORIENTED_EDGE('',*,*,#9410,.F.);
#9410 = EDGE_CURVE('',#9411,#306,#9413,.T.);
#9411 = VERTEX_POINT('',#9412);
#9412 = CARTESIAN_POINT('',(-0.274294956542,2.48,0.772816486661));
#9413 = B_SPLINE_CURVE_WITH_KNOTS('',1,(#9414,#9415),.UNSPECIFIED.,.F.,
  .F.,(2,2),(-0.,1.E-02),.PIECEWISE_BEZIER_KNOTS.);
#9414 = CARTESIAN_POINT('',(-0.274294956542,2.48,0.772816486661));
#9415 = CARTESIAN_POINT('',(-0.274294956542,2.47,0.772816486661));
#9416 = ORIENTED_EDGE('',*,*,#9417,.F.);
#9417 = EDGE_CURVE('',#9389,#9411,#9418,.T.);
#9418 = B_SPLINE_CURVE_WITH_KNOTS('',1,(#9419,#9420),.UNSPECIFIED.,.F.,
  .F.,(2,2),(-6.841607089331E-02,0.),.PIECEWISE_BEZIER_KNOTS.);
#9419 = CARTESIAN_POINT('',(-0.274294956542,2.48,0.704400415768));
#9420 = CARTESIAN_POINT('',(-0.274294956542,2.48,0.772816486661));
#9421 = ORIENTED_EDGE('',*,*,#9388,.T.);
#9422 = B_SPLINE_SURFACE_WITH_KNOTS('',1,1,(
    (#9423,#9424)
    ,(#9425,#9426
    )),.UNSPECIFIED.,.F.,.F.,.F.,(2,2),(2,2),(-0.,6.841607089331E-02),(
    -1.E-02,9.732324379341E-48),.PIECEWISE_BEZIER_KNOTS.);
#9423 = CARTESIAN_POINT('',(-0.274294956542,2.47,0.772816486661));
#9424 = CARTESIAN_POINT('',(-0.274294956542,2.48,0.772816486661));
#9425 = CARTESIAN_POINT('',(-0.274294956542,2.47,0.704400415768));
#9426 = CARTESIAN_POINT('',(-0.274294956542,2.48,0.704400415768));
#9427 = ADVANCED_FACE('',(#9428),#9444,.F.);
#9428 = FACE_BOUND('',#9429,.T.);
#9429 = EDGE_LOOP('',(#9430,#9431,#9438,#9443));
#9430 = ORIENTED_EDGE('',*,*,#305,.T.);
#9431 = ORIENTED_EDGE('',*,*,#9432,.F.);
#9432 = EDGE_CURVE('',#9433,#299,#9435,.T.);
#9433 = VERTEX_POINT('',#9434);
#9434 = CARTESIAN_POINT('',(-0.347026022787,2.48,0.772816486661));
#9435 = B_SPLINE_CURVE_WITH_KNOTS('',1,(#9436,#9437),.UNSPECIFIED.,.F.,
  .F.,(2,2),(-0.,1.E-02),.PIECEWISE_BEZIER_KNOTS.);
#9436 = CARTESIAN_POINT('',(-0.347026022787,2.48,0.772816486661));
#9437 = CARTESIAN_POINT('',(-0.347026022787,2.47,0.772816486661));
#9438 = ORIENTED_EDGE('',*,*,#9439,.F.);
#9439 = EDGE_CURVE('',#9411,#9433,#9440,.T.);
#9440 = B_SPLINE_CURVE_WITH_KNOTS('',1,(#9441,#9442),.UNSPECIFIED.,.F.,
  .F.,(2,2),(-7.273106624528E-02,0.),.PIECEWISE_BEZIER_KNOTS.);
#9441 = CARTESIAN_POINT('',(-0.274294956542,2.48,0.772816486661));
#9442 = CARTESIAN_POINT('',(-0.347026022787,2.48,0.772816486661));
#9443 = ORIENTED_EDGE('',*,*,#9410,.T.);
#9444 = B_SPLINE_SURFACE_WITH_KNOTS('',1,1,(
    (#9445,#9446)
    ,(#9447,#9448
    )),.UNSPECIFIED.,.F.,.F.,.F.,(2,2),(2,2),(0.,7.273106624528E-02),(
    -1.E-02,0.),.PIECEWISE_BEZIER_KNOTS.);
#9445 = CARTESIAN_POINT('',(-0.347026022787,2.47,0.772816486661));
#9446 = CARTESIAN_POINT('',(-0.347026022787,2.48,0.772816486661));
#9447 = CARTESIAN_POINT('',(-0.274294956542,2.47,0.772816486661));
#9448 = CARTESIAN_POINT('',(-0.274294956542,2.48,0.772816486661));
#9449 = ADVANCED_FACE('',(#9450),#9466,.F.);
#9450 = FACE_BOUND('',#9451,.T.);
#9451 = EDGE_LOOP('',(#9452,#9453,#9460,#9465));
#9452 = ORIENTED_EDGE('',*,*,#298,.T.);
#9453 = ORIENTED_EDGE('',*,*,#9454,.F.);
#9454 = EDGE_CURVE('',#9455,#292,#9457,.T.);
#9455 = VERTEX_POINT('',#9456);
#9456 = CARTESIAN_POINT('',(-0.347026022787,2.48,0.796107063987));
#9457 = B_SPLINE_CURVE_WITH_KNOTS('',1,(#9458,#9459),.UNSPECIFIED.,.F.,
  .F.,(2,2),(-0.,1.E-02),.PIECEWISE_BEZIER_KNOTS.);
#9458 = CARTESIAN_POINT('',(-0.347026022787,2.48,0.796107063987));
#9459 = CARTESIAN_POINT('',(-0.347026022787,2.47,0.796107063987));
#9460 = ORIENTED_EDGE('',*,*,#9461,.F.);
#9461 = EDGE_CURVE('',#9433,#9455,#9462,.T.);
#9462 = B_SPLINE_CURVE_WITH_KNOTS('',1,(#9463,#9464),.UNSPECIFIED.,.F.,
  .F.,(2,2),(-2.32905773253E-02,0.),.PIECEWISE_BEZIER_KNOTS.);
#9463 = CARTESIAN_POINT('',(-0.347026022787,2.48,0.772816486661));
#9464 = CARTESIAN_POINT('',(-0.347026022787,2.48,0.796107063987));
#9465 = ORIENTED_EDGE('',*,*,#9432,.T.);
#9466 = B_SPLINE_SURFACE_WITH_KNOTS('',1,1,(
    (#9467,#9468)
    ,(#9469,#9470
    )),.UNSPECIFIED.,.F.,.F.,.F.,(2,2),(2,2),(-0.,2.32905773253E-02),(
    -1.E-02,7.147175716106E-48),.PIECEWISE_BEZIER_KNOTS.);
#9467 = CARTESIAN_POINT('',(-0.347026022787,2.47,0.796107063987));
#9468 = CARTESIAN_POINT('',(-0.347026022787,2.48,0.796107063987));
#9469 = CARTESIAN_POINT('',(-0.347026022787,2.47,0.772816486661));
#9470 = CARTESIAN_POINT('',(-0.347026022787,2.48,0.772816486661));
#9471 = ADVANCED_FACE('',(#9472),#9488,.F.);
#9472 = FACE_BOUND('',#9473,.T.);
#9473 = EDGE_LOOP('',(#9474,#9475,#9482,#9487));
#9474 = ORIENTED_EDGE('',*,*,#291,.T.);
#9475 = ORIENTED_EDGE('',*,*,#9476,.F.);
#9476 = EDGE_CURVE('',#9477,#285,#9479,.T.);
#9477 = VERTEX_POINT('',#9478);
#9478 = CARTESIAN_POINT('',(-0.274294956542,2.48,0.796107063987));
#9479 = B_SPLINE_CURVE_WITH_KNOTS('',1,(#9480,#9481),.UNSPECIFIED.,.F.,
  .F.,(2,2),(-0.,1.E-02),.PIECEWISE_BEZIER_KNOTS.);
#9480 = CARTESIAN_POINT('',(-0.274294956542,2.48,0.796107063987));
#9481 = CARTESIAN_POINT('',(-0.274294956542,2.47,0.796107063987));
#9482 = ORIENTED_EDGE('',*,*,#9483,.F.);
#9483 = EDGE_CURVE('',#9455,#9477,#9484,.T.);
#9484 = B_SPLINE_CURVE_WITH_KNOTS('',1,(#9485,#9486),.UNSPECIFIED.,.F.,
  .F.,(2,2),(-7.273106624528E-02,0.),.PIECEWISE_BEZIER_KNOTS.);
#9485 = CARTESIAN_POINT('',(-0.347026022787,2.48,0.796107063987));
#9486 = CARTESIAN_POINT('',(-0.274294956542,2.48,0.796107063987));
#9487 = ORIENTED_EDGE('',*,*,#9454,.T.);
#9488 = B_SPLINE_SURFACE_WITH_KNOTS('',1,1,(
    (#9489,#9490)
    ,(#9491,#9492
    )),.UNSPECIFIED.,.F.,.F.,.F.,(2,2),(2,2),(-1.099469679533E-32,
    7.273106624528E-02),(-1.E-02,1.919174450322E-33),
  .PIECEWISE_BEZIER_KNOTS.);
#9489 = CARTESIAN_POINT('',(-0.274294956542,2.47,0.796107063987));
#9490 = CARTESIAN_POINT('',(-0.274294956542,2.48,0.796107063987));
#9491 = CARTESIAN_POINT('',(-0.347026022787,2.47,0.796107063987));
#9492 = CARTESIAN_POINT('',(-0.347026022787,2.48,0.796107063987));
#9493 = ADVANCED_FACE('',(#9494),#9510,.F.);
#9494 = FACE_BOUND('',#9495,.T.);
#9495 = EDGE_LOOP('',(#9496,#9497,#9504,#9509));
#9496 = ORIENTED_EDGE('',*,*,#284,.T.);
#9497 = ORIENTED_EDGE('',*,*,#9498,.F.);
#9498 = EDGE_CURVE('',#9499,#278,#9501,.T.);
#9499 = VERTEX_POINT('',#9500);
#9500 = CARTESIAN_POINT('',(-0.274294956542,2.48,0.861195909549));
#9501 = B_SPLINE_CURVE_WITH_KNOTS('',1,(#9502,#9503),.UNSPECIFIED.,.F.,
  .F.,(2,2),(-0.,1.E-02),.PIECEWISE_BEZIER_KNOTS.);
#9502 = CARTESIAN_POINT('',(-0.274294956542,2.48,0.861195909549));
#9503 = CARTESIAN_POINT('',(-0.274294956542,2.47,0.861195909549));
#9504 = ORIENTED_EDGE('',*,*,#9505,.F.);
#9505 = EDGE_CURVE('',#9477,#9499,#9506,.T.);
#9506 = B_SPLINE_CURVE_WITH_KNOTS('',1,(#9507,#9508),.UNSPECIFIED.,.F.,
  .F.,(2,2),(-6.508884556213E-02,0.),.PIECEWISE_BEZIER_KNOTS.);
#9507 = CARTESIAN_POINT('',(-0.274294956542,2.48,0.796107063987));
#9508 = CARTESIAN_POINT('',(-0.274294956542,2.48,0.861195909549));
#9509 = ORIENTED_EDGE('',*,*,#9476,.T.);
#9510 = B_SPLINE_SURFACE_WITH_KNOTS('',1,1,(
    (#9511,#9512)
    ,(#9513,#9514
    )),.UNSPECIFIED.,.F.,.F.,.F.,(2,2),(2,2),(-0.,6.508884556213E-02),(
    -1.E-02,1.022982338899E-47),.PIECEWISE_BEZIER_KNOTS.);
#9511 = CARTESIAN_POINT('',(-0.274294956542,2.47,0.861195909549));
#9512 = CARTESIAN_POINT('',(-0.274294956542,2.48,0.861195909549));
#9513 = CARTESIAN_POINT('',(-0.274294956542,2.47,0.796107063987));
#9514 = CARTESIAN_POINT('',(-0.274294956542,2.48,0.796107063987));
#9515 = ADVANCED_FACE('',(#9516),#9532,.F.);
#9516 = FACE_BOUND('',#9517,.T.);
#9517 = EDGE_LOOP('',(#9518,#9519,#9526,#9531));
#9518 = ORIENTED_EDGE('',*,*,#277,.T.);
#9519 = ORIENTED_EDGE('',*,*,#9520,.F.);
#9520 = EDGE_CURVE('',#9521,#271,#9523,.T.);
#9521 = VERTEX_POINT('',#9522);
#9522 = CARTESIAN_POINT('',(-0.352796679223,2.48,0.861195909549));
#9523 = B_SPLINE_CURVE_WITH_KNOTS('',1,(#9524,#9525),.UNSPECIFIED.,.F.,
  .F.,(2,2),(-0.,1.E-02),.PIECEWISE_BEZIER_KNOTS.);
#9524 = CARTESIAN_POINT('',(-0.352796679223,2.48,0.861195909549));
#9525 = CARTESIAN_POINT('',(-0.352796679223,2.47,0.861195909549));
#9526 = ORIENTED_EDGE('',*,*,#9527,.F.);
#9527 = EDGE_CURVE('',#9499,#9521,#9528,.T.);
#9528 = B_SPLINE_CURVE_WITH_KNOTS('',1,(#9529,#9530),.UNSPECIFIED.,.F.,
  .F.,(2,2),(-7.850172268119E-02,0.),.PIECEWISE_BEZIER_KNOTS.);
#9529 = CARTESIAN_POINT('',(-0.274294956542,2.48,0.861195909549));
#9530 = CARTESIAN_POINT('',(-0.352796679223,2.48,0.861195909549));
#9531 = ORIENTED_EDGE('',*,*,#9498,.T.);
#9532 = B_SPLINE_SURFACE_WITH_KNOTS('',1,1,(
    (#9533,#9534)
    ,(#9535,#9536
    )),.UNSPECIFIED.,.F.,.F.,.F.,(2,2),(2,2),(0.,7.850172268119E-02),(
    -1.E-02,1.375054293E-47),.PIECEWISE_BEZIER_KNOTS.);
#9533 = CARTESIAN_POINT('',(-0.352796679223,2.47,0.861195909549));
#9534 = CARTESIAN_POINT('',(-0.352796679223,2.48,0.861195909549));
#9535 = CARTESIAN_POINT('',(-0.274294956542,2.47,0.861195909549));
#9536 = CARTESIAN_POINT('',(-0.274294956542,2.48,0.861195909549));
#9537 = ADVANCED_FACE('',(#9538),#9554,.F.);
#9538 = FACE_BOUND('',#9539,.T.);
#9539 = EDGE_LOOP('',(#9540,#9541,#9548,#9553));
#9540 = ORIENTED_EDGE('',*,*,#270,.T.);
#9541 = ORIENTED_EDGE('',*,*,#9542,.F.);
#9542 = EDGE_CURVE('',#9543,#264,#9545,.T.);
#9543 = VERTEX_POINT('',#9544);
#9544 = CARTESIAN_POINT('',(-0.352796679223,2.48,0.884590462666));
#9545 = B_SPLINE_CURVE_WITH_KNOTS('',1,(#9546,#9547),.UNSPECIFIED.,.F.,
  .F.,(2,2),(-0.,1.E-02),.PIECEWISE_BEZIER_KNOTS.);
#9546 = CARTESIAN_POINT('',(-0.352796679223,2.48,0.884590462666));
#9547 = CARTESIAN_POINT('',(-0.352796679223,2.47,0.884590462666));
#9548 = ORIENTED_EDGE('',*,*,#9549,.F.);
#9549 = EDGE_CURVE('',#9521,#9543,#9550,.T.);
#9550 = B_SPLINE_CURVE_WITH_KNOTS('',1,(#9551,#9552),.UNSPECIFIED.,.F.,
  .F.,(2,2),(-2.339455311681E-02,0.),.PIECEWISE_BEZIER_KNOTS.);
#9551 = CARTESIAN_POINT('',(-0.352796679223,2.48,0.861195909549));
#9552 = CARTESIAN_POINT('',(-0.352796679223,2.48,0.884590462666));
#9553 = ORIENTED_EDGE('',*,*,#9520,.T.);
#9554 = B_SPLINE_SURFACE_WITH_KNOTS('',1,1,(
    (#9555,#9556)
    ,(#9557,#9558
    )),.UNSPECIFIED.,.F.,.F.,.F.,(2,2),(2,2),(-0.,2.339455311681E-02),(
    -1.E-02,7.115410490736E-48),.PIECEWISE_BEZIER_KNOTS.);
#9555 = CARTESIAN_POINT('',(-0.352796679223,2.47,0.884590462666));
#9556 = CARTESIAN_POINT('',(-0.352796679223,2.48,0.884590462666));
#9557 = CARTESIAN_POINT('',(-0.352796679223,2.47,0.861195909549));
#9558 = CARTESIAN_POINT('',(-0.352796679223,2.48,0.861195909549));
#9559 = ADVANCED_FACE('',(#9560),#9576,.F.);
#9560 = FACE_BOUND('',#9561,.T.);
#9561 = EDGE_LOOP('',(#9562,#9563,#9570,#9575));
#9562 = ORIENTED_EDGE('',*,*,#263,.T.);
#9563 = ORIENTED_EDGE('',*,*,#9564,.F.);
#9564 = EDGE_CURVE('',#9565,#257,#9567,.T.);
#9565 = VERTEX_POINT('',#9566);
#9566 = CARTESIAN_POINT('',(-0.248041069154,2.48,0.884590462666));
#9567 = B_SPLINE_CURVE_WITH_KNOTS('',1,(#9568,#9569),.UNSPECIFIED.,.F.,
  .F.,(2,2),(-0.,1.E-02),.PIECEWISE_BEZIER_KNOTS.);
#9568 = CARTESIAN_POINT('',(-0.248041069154,2.48,0.884590462666));
#9569 = CARTESIAN_POINT('',(-0.248041069154,2.47,0.884590462666));
#9570 = ORIENTED_EDGE('',*,*,#9571,.F.);
#9571 = EDGE_CURVE('',#9543,#9565,#9572,.T.);
#9572 = B_SPLINE_CURVE_WITH_KNOTS('',1,(#9573,#9574),.UNSPECIFIED.,.F.,
  .F.,(2,2),(-0.104755610069,0.),.PIECEWISE_BEZIER_KNOTS.);
#9573 = CARTESIAN_POINT('',(-0.352796679223,2.48,0.884590462666));
#9574 = CARTESIAN_POINT('',(-0.248041069154,2.48,0.884590462666));
#9575 = ORIENTED_EDGE('',*,*,#9542,.T.);
#9576 = B_SPLINE_SURFACE_WITH_KNOTS('',1,1,(
    (#9577,#9578)
    ,(#9579,#9580
    )),.UNSPECIFIED.,.F.,.F.,.F.,(2,2),(2,2),(-9.160246640072E-33,
    0.104755610069),(-1.E-02,2.303009340386E-33),
  .PIECEWISE_BEZIER_KNOTS.);
#9577 = CARTESIAN_POINT('',(-0.248041069154,2.47,0.884590462666));
#9578 = CARTESIAN_POINT('',(-0.248041069154,2.48,0.884590462666));
#9579 = CARTESIAN_POINT('',(-0.352796679223,2.47,0.884590462666));
#9580 = CARTESIAN_POINT('',(-0.352796679223,2.48,0.884590462666));
#9581 = ADVANCED_FACE('',(#9582),#9598,.F.);
#9582 = FACE_BOUND('',#9583,.T.);
#9583 = EDGE_LOOP('',(#9584,#9585,#9592,#9597));
#9584 = ORIENTED_EDGE('',*,*,#256,.T.);
#9585 = ORIENTED_EDGE('',*,*,#9586,.F.);
#9586 = EDGE_CURVE('',#9587,#250,#9589,.T.);
#9587 = VERTEX_POINT('',#9588);
#9588 = CARTESIAN_POINT('',(-0.248041069154,2.48,0.681213814234));
#9589 = B_SPLINE_CURVE_WITH_KNOTS('',1,(#9590,#9591),.UNSPECIFIED.,.F.,
  .F.,(2,2),(-0.,1.E-02),.PIECEWISE_BEZIER_KNOTS.);
#9590 = CARTESIAN_POINT('',(-0.248041069154,2.48,0.681213814234));
#9591 = CARTESIAN_POINT('',(-0.248041069154,2.47,0.681213814234));
#9592 = ORIENTED_EDGE('',*,*,#9593,.F.);
#9593 = EDGE_CURVE('',#9565,#9587,#9594,.T.);
#9594 = B_SPLINE_CURVE_WITH_KNOTS('',1,(#9595,#9596),.UNSPECIFIED.,.F.,
  .F.,(2,2),(-0.203376648431,-0.),.PIECEWISE_BEZIER_KNOTS.);
#9595 = CARTESIAN_POINT('',(-0.248041069154,2.48,0.884590462666));
#9596 = CARTESIAN_POINT('',(-0.248041069154,2.48,0.681213814234));
#9597 = ORIENTED_EDGE('',*,*,#9564,.T.);
#9598 = B_SPLINE_SURFACE_WITH_KNOTS('',1,1,(
    (#9599,#9600)
    ,(#9601,#9602
    )),.UNSPECIFIED.,.F.,.F.,.F.,(2,2),(2,2),(-1.475104996579E-18,
    0.203376648431),(-1.E-02,0.),.PIECEWISE_BEZIER_KNOTS.);
#9599 = CARTESIAN_POINT('',(-0.248041069154,2.47,0.681213814234));
#9600 = CARTESIAN_POINT('',(-0.248041069154,2.48,0.681213814234));
#9601 = CARTESIAN_POINT('',(-0.248041069154,2.47,0.884590462666));
#9602 = CARTESIAN_POINT('',(-0.248041069154,2.48,0.884590462666));
#9603 = ADVANCED_FACE('',(#9604),#9614,.F.);
#9604 = FACE_BOUND('',#9605,.T.);
#9605 = EDGE_LOOP('',(#9606,#9607,#9608,#9613));
#9606 = ORIENTED_EDGE('',*,*,#249,.T.);
#9607 = ORIENTED_EDGE('',*,*,#9374,.F.);
#9608 = ORIENTED_EDGE('',*,*,#9609,.F.);
#9609 = EDGE_CURVE('',#9587,#9368,#9610,.T.);
#9610 = B_SPLINE_CURVE_WITH_KNOTS('',1,(#9611,#9612),.UNSPECIFIED.,.F.,
  .F.,(2,2),(-0.109382532797,0.),.PIECEWISE_BEZIER_KNOTS.);
#9611 = CARTESIAN_POINT('',(-0.248041069154,2.48,0.681213814234));
#9612 = CARTESIAN_POINT('',(-0.357423601951,2.48,0.681213814234));
#9613 = ORIENTED_EDGE('',*,*,#9586,.T.);
#9614 = B_SPLINE_SURFACE_WITH_KNOTS('',1,1,(
    (#9615,#9616)
    ,(#9617,#9618
    )),.UNSPECIFIED.,.F.,.F.,.F.,(2,2),(2,2),(0.,0.109382532797),(
    -1.E-02,0.),.PIECEWISE_BEZIER_KNOTS.);
#9615 = CARTESIAN_POINT('',(-0.357423601951,2.47,0.681213814234));
#9616 = CARTESIAN_POINT('',(-0.357423601951,2.48,0.681213814234));
#9617 = CARTESIAN_POINT('',(-0.248041069154,2.47,0.681213814234));
#9618 = CARTESIAN_POINT('',(-0.248041069154,2.48,0.681213814234));
#9619 = ADVANCED_FACE('',(#9620),#9634,.F.);
#9620 = FACE_BOUND('',#9621,.T.);
#9621 = EDGE_LOOP('',(#9622,#9623,#9624,#9625,#9626,#9627,#9628,#9629,
    #9630,#9631,#9632,#9633));
#9622 = ORIENTED_EDGE('',*,*,#9367,.T.);
#9623 = ORIENTED_EDGE('',*,*,#9395,.T.);
#9624 = ORIENTED_EDGE('',*,*,#9417,.T.);
#9625 = ORIENTED_EDGE('',*,*,#9439,.T.);
#9626 = ORIENTED_EDGE('',*,*,#9461,.T.);
#9627 = ORIENTED_EDGE('',*,*,#9483,.T.);
#9628 = ORIENTED_EDGE('',*,*,#9505,.T.);
#9629 = ORIENTED_EDGE('',*,*,#9527,.T.);
#9630 = ORIENTED_EDGE('',*,*,#9549,.T.);
#9631 = ORIENTED_EDGE('',*,*,#9571,.T.);
#9632 = ORIENTED_EDGE('',*,*,#9593,.T.);
#9633 = ORIENTED_EDGE('',*,*,#9609,.T.);
#9634 = B_SPLINE_SURFACE_WITH_KNOTS('',1,1,(
    (#9635,#9636)
    ,(#9637,#9638
    )),.UNSPECIFIED.,.F.,.F.,.F.,(2,2),(2,2),(0.615409637334,
    0.818786285766),(-0.357423601951,-0.248041069154),
  .PIECEWISE_BEZIER_KNOTS.);
#9635 = CARTESIAN_POINT('',(-0.357423601951,2.48,0.884590462666));
#9636 = CARTESIAN_POINT('',(-0.248041069154,2.48,0.884590462666));
#9637 = CARTESIAN_POINT('',(-0.357423601951,2.48,0.681213814234));
#9638 = CARTESIAN_POINT('',(-0.248041069154,2.48,0.681213814234));
#9639 = ADVANCED_FACE('',(#9640,#9699),#9758,.T.);
#9640 = FACE_BOUND('',#9641,.T.);
#9641 = EDGE_LOOP('',(#9642,#9651,#9660,#9669,#9678,#9687,#9694));
#9642 = ORIENTED_EDGE('',*,*,#9643,.T.);
#9643 = EDGE_CURVE('',#9644,#9646,#9648,.T.);
#9644 = VERTEX_POINT('',#9645);
#9645 = CARTESIAN_POINT('',(-0.39584265696,2.48,0.681213814234));
#9646 = VERTEX_POINT('',#9647);
#9647 = CARTESIAN_POINT('',(-0.451781632857,2.48,0.681213814234));
#9648 = B_SPLINE_CURVE_WITH_KNOTS('',1,(#9649,#9650),.UNSPECIFIED.,.F.,
  .F.,(2,2),(-5.593897589787E-02,-5.551115123126E-17),
  .PIECEWISE_BEZIER_KNOTS.);
#9649 = CARTESIAN_POINT('',(-0.39584265696,2.48,0.681213814234));
#9650 = CARTESIAN_POINT('',(-0.451781632857,2.48,0.681213814234));
#9651 = ORIENTED_EDGE('',*,*,#9652,.T.);
#9652 = EDGE_CURVE('',#9646,#9653,#9655,.T.);
#9653 = VERTEX_POINT('',#9654);
#9654 = CARTESIAN_POINT('',(-0.5307512466,2.48,0.709703181141));
#9655 = B_SPLINE_CURVE_WITH_KNOTS('',3,(#9656,#9657,#9658,#9659),
  .UNSPECIFIED.,.F.,.F.,(4,4),(5.,6.),.PIECEWISE_BEZIER_KNOTS.);
#9656 = CARTESIAN_POINT('',(-0.451781632857,2.48,0.681213814234));
#9657 = CARTESIAN_POINT('',(-0.483962140367,2.48,0.681213814234));
#9658 = CARTESIAN_POINT('',(-0.510320003546,2.48,0.690675611272));
#9659 = CARTESIAN_POINT('',(-0.5307512466,2.48,0.709703181141));
#9660 = ORIENTED_EDGE('',*,*,#9661,.T.);
#9661 = EDGE_CURVE('',#9653,#9662,#9664,.T.);
#9662 = VERTEX_POINT('',#9663);
#9663 = CARTESIAN_POINT('',(-0.561424105133,2.48,0.78550153324));
#9664 = B_SPLINE_CURVE_WITH_KNOTS('',3,(#9665,#9666,#9667,#9668),
  .UNSPECIFIED.,.F.,.F.,(4,4),(4.,5.),.PIECEWISE_BEZIER_KNOTS.);
#9665 = CARTESIAN_POINT('',(-0.5307512466,2.48,0.709703181141));
#9666 = CARTESIAN_POINT('',(-0.551182489656,2.48,0.72873075101));
#9667 = CARTESIAN_POINT('',(-0.561424105133,2.48,0.753996868375));
#9668 = CARTESIAN_POINT('',(-0.561424105133,2.48,0.78550153324));
#9669 = ORIENTED_EDGE('',*,*,#9670,.T.);
#9670 = EDGE_CURVE('',#9662,#9671,#9673,.T.);
#9671 = VERTEX_POINT('',#9672);
#9672 = CARTESIAN_POINT('',(-0.5307512466,2.48,0.857660732633));
#9673 = B_SPLINE_CURVE_WITH_KNOTS('',3,(#9674,#9675,#9676,#9677),
  .UNSPECIFIED.,.F.,.F.,(4,4),(3.,4.),.PIECEWISE_BEZIER_KNOTS.);
#9674 = CARTESIAN_POINT('',(-0.561424105133,2.48,0.78550153324));
#9675 = CARTESIAN_POINT('',(-0.561424105133,2.48,0.815654512813));
#9676 = CARTESIAN_POINT('',(-0.551182489656,2.48,0.839672920681));
#9677 = CARTESIAN_POINT('',(-0.5307512466,2.48,0.857660732633));
#9678 = ORIENTED_EDGE('',*,*,#9679,.T.);
#9679 = EDGE_CURVE('',#9671,#9680,#9682,.T.);
#9680 = VERTEX_POINT('',#9681);
#9681 = CARTESIAN_POINT('',(-0.453861148689,2.48,0.884590462666));
#9682 = B_SPLINE_CURVE_WITH_KNOTS('',3,(#9683,#9684,#9685,#9686),
  .UNSPECIFIED.,.F.,.F.,(4,4),(2.,3.),.PIECEWISE_BEZIER_KNOTS.);
#9683 = CARTESIAN_POINT('',(-0.5307512466,2.48,0.857660732633));
#9684 = CARTESIAN_POINT('',(-0.510320003546,2.48,0.875648544584));
#9685 = CARTESIAN_POINT('',(-0.484689970907,2.48,0.884590462666));
#9686 = CARTESIAN_POINT('',(-0.453861148689,2.48,0.884590462666));
#9687 = ORIENTED_EDGE('',*,*,#9688,.T.);
#9688 = EDGE_CURVE('',#9680,#9689,#9691,.T.);
#9689 = VERTEX_POINT('',#9690);
#9690 = CARTESIAN_POINT('',(-0.39584265696,2.48,0.884590462666));
#9691 = B_SPLINE_CURVE_WITH_KNOTS('',1,(#9692,#9693),.UNSPECIFIED.,.F.,
  .F.,(2,2),(-5.801849172952E-02,0.),.PIECEWISE_BEZIER_KNOTS.);
#9692 = CARTESIAN_POINT('',(-0.453861148689,2.48,0.884590462666));
#9693 = CARTESIAN_POINT('',(-0.39584265696,2.48,0.884590462666));
#9694 = ORIENTED_EDGE('',*,*,#9695,.T.);
#9695 = EDGE_CURVE('',#9689,#9644,#9696,.T.);
#9696 = B_SPLINE_CURVE_WITH_KNOTS('',1,(#9697,#9698),.UNSPECIFIED.,.F.,
  .F.,(2,2),(-0.203376648431,-0.),.PIECEWISE_BEZIER_KNOTS.);
#9697 = CARTESIAN_POINT('',(-0.39584265696,2.48,0.884590462666));
#9698 = CARTESIAN_POINT('',(-0.39584265696,2.48,0.681213814234));
#9699 = FACE_BOUND('',#9700,.T.);
#9700 = EDGE_LOOP('',(#9701,#9710,#9717,#9726,#9735,#9744,#9753));
#9701 = ORIENTED_EDGE('',*,*,#9702,.F.);
#9702 = EDGE_CURVE('',#9703,#9705,#9707,.T.);
#9703 = VERTEX_POINT('',#9704);
#9704 = CARTESIAN_POINT('',(-0.422096544346,2.48,0.861195909549));
#9705 = VERTEX_POINT('',#9706);
#9706 = CARTESIAN_POINT('',(-0.422096544346,2.48,0.704400415768));
#9707 = B_SPLINE_CURVE_WITH_KNOTS('',1,(#9708,#9709),.UNSPECIFIED.,.F.,
  .F.,(2,2),(0.,0.156795493781),.PIECEWISE_BEZIER_KNOTS.);
#9708 = CARTESIAN_POINT('',(-0.422096544346,2.48,0.861195909549));
#9709 = CARTESIAN_POINT('',(-0.422096544346,2.48,0.704400415768));
#9710 = ORIENTED_EDGE('',*,*,#9711,.F.);
#9711 = EDGE_CURVE('',#9712,#9703,#9714,.T.);
#9712 = VERTEX_POINT('',#9713);
#9713 = CARTESIAN_POINT('',(-0.452821390773,2.48,0.861195909549));
#9714 = B_SPLINE_CURVE_WITH_KNOTS('',1,(#9715,#9716),.UNSPECIFIED.,.F.,
  .F.,(2,2),(5.551115123126E-17,3.072484642681E-02),
  .PIECEWISE_BEZIER_KNOTS.);
#9715 = CARTESIAN_POINT('',(-0.452821390773,2.48,0.861195909549));
#9716 = CARTESIAN_POINT('',(-0.422096544346,2.48,0.861195909549));
#9717 = ORIENTED_EDGE('',*,*,#9718,.F.);
#9718 = EDGE_CURVE('',#9719,#9712,#9721,.T.);
#9719 = VERTEX_POINT('',#9720);
#9720 = CARTESIAN_POINT('',(-0.511515725148,2.48,0.842064363888));
#9721 = B_SPLINE_CURVE_WITH_KNOTS('',3,(#9722,#9723,#9724,#9725),
  .UNSPECIFIED.,.F.,.F.,(4,4),(5.,6.),.PIECEWISE_BEZIER_KNOTS.);
#9722 = CARTESIAN_POINT('',(-0.511515725148,2.48,0.842064363888));
#9723 = CARTESIAN_POINT('',(-0.496647186945,2.48,0.854853386258));
#9724 = CARTESIAN_POINT('',(-0.477047750223,2.48,0.861195909549));
#9725 = CARTESIAN_POINT('',(-0.452821390773,2.48,0.861195909549));
#9726 = ORIENTED_EDGE('',*,*,#9727,.F.);
#9727 = EDGE_CURVE('',#9728,#9719,#9730,.T.);
#9728 = VERTEX_POINT('',#9729);
#9729 = CARTESIAN_POINT('',(-0.533818532453,2.48,0.784773702699));
#9730 = B_SPLINE_CURVE_WITH_KNOTS('',3,(#9731,#9732,#9733,#9734),
  .UNSPECIFIED.,.F.,.F.,(4,4),(4.,5.),.PIECEWISE_BEZIER_KNOTS.);
#9731 = CARTESIAN_POINT('',(-0.533818532453,2.48,0.784773702699));
#9732 = CARTESIAN_POINT('',(-0.533818532453,2.48,0.810143795858));
#9733 = CARTESIAN_POINT('',(-0.526384263351,2.48,0.829275341517));
#9734 = CARTESIAN_POINT('',(-0.511515725148,2.48,0.842064363888));
#9735 = ORIENTED_EDGE('',*,*,#9736,.F.);
#9736 = EDGE_CURVE('',#9737,#9728,#9739,.T.);
#9737 = VERTEX_POINT('',#9738);
#9738 = CARTESIAN_POINT('',(-0.512087592003,2.48,0.72561147726));
#9739 = B_SPLINE_CURVE_WITH_KNOTS('',3,(#9740,#9741,#9742,#9743),
  .UNSPECIFIED.,.F.,.F.,(4,4),(3.,4.),.PIECEWISE_BEZIER_KNOTS.);
#9740 = CARTESIAN_POINT('',(-0.512087592003,2.48,0.72561147726));
#9741 = CARTESIAN_POINT('',(-0.526592214936,2.48,0.739648209131));
#9742 = CARTESIAN_POINT('',(-0.533818532453,2.48,0.759403609541));
#9743 = CARTESIAN_POINT('',(-0.533818532453,2.48,0.784773702699));
#9744 = ORIENTED_EDGE('',*,*,#9745,.F.);
#9745 = EDGE_CURVE('',#9746,#9737,#9748,.T.);
#9746 = VERTEX_POINT('',#9747);
#9747 = CARTESIAN_POINT('',(-0.451625669169,2.48,0.704400415768));
#9748 = B_SPLINE_CURVE_WITH_KNOTS('',3,(#9749,#9750,#9751,#9752),
  .UNSPECIFIED.,.F.,.F.,(4,4),(2.,3.),.PIECEWISE_BEZIER_KNOTS.);
#9749 = CARTESIAN_POINT('',(-0.451625669169,2.48,0.704400415768));
#9750 = CARTESIAN_POINT('',(-0.477463653389,2.48,0.704400415768));
#9751 = CARTESIAN_POINT('',(-0.497634956966,2.48,0.711470769598));
#9752 = CARTESIAN_POINT('',(-0.512087592003,2.48,0.72561147726));
#9753 = ORIENTED_EDGE('',*,*,#9754,.F.);
#9754 = EDGE_CURVE('',#9705,#9746,#9755,.T.);
#9755 = B_SPLINE_CURVE_WITH_KNOTS('',1,(#9756,#9757),.UNSPECIFIED.,.F.,
  .F.,(2,2),(0.,2.952912482302E-02),.PIECEWISE_BEZIER_KNOTS.);
#9756 = CARTESIAN_POINT('',(-0.422096544346,2.48,0.704400415768));
#9757 = CARTESIAN_POINT('',(-0.451625669169,2.48,0.704400415768));
#9758 = B_SPLINE_SURFACE_WITH_KNOTS('',1,1,(
    (#9759,#9760)
    ,(#9761,#9762
    )),.UNSPECIFIED.,.F.,.F.,.F.,(2,2),(2,2),(-0.196657212897,
    6.719435534512E-03),(-6.521881530169E-02,0.100362632872),
  .PIECEWISE_BEZIER_KNOTS.);
#9759 = CARTESIAN_POINT('',(-0.561424105133,2.48,0.681213814234));
#9760 = CARTESIAN_POINT('',(-0.39584265696,2.48,0.681213814234));
#9761 = CARTESIAN_POINT('',(-0.561424105133,2.48,0.884590462666));
#9762 = CARTESIAN_POINT('',(-0.39584265696,2.48,0.884590462666));
#9763 = ADVANCED_FACE('',(#9764),#9778,.F.);
#9764 = FACE_BOUND('',#9765,.T.);
#9765 = EDGE_LOOP('',(#9766,#9767,#9772,#9773));
#9766 = ORIENTED_EDGE('',*,*,#1239,.T.);
#9767 = ORIENTED_EDGE('',*,*,#9768,.F.);
#9768 = EDGE_CURVE('',#9646,#1229,#9769,.T.);
#9769 = B_SPLINE_CURVE_WITH_KNOTS('',1,(#9770,#9771),.UNSPECIFIED.,.F.,
  .F.,(2,2),(-0.,1.E-02),.PIECEWISE_BEZIER_KNOTS.);
#9770 = CARTESIAN_POINT('',(-0.451781632857,2.48,0.681213814234));
#9771 = CARTESIAN_POINT('',(-0.451781632857,2.47,0.681213814234));
#9772 = ORIENTED_EDGE('',*,*,#9643,.F.);
#9773 = ORIENTED_EDGE('',*,*,#9774,.T.);
#9774 = EDGE_CURVE('',#9644,#1240,#9775,.T.);
#9775 = B_SPLINE_CURVE_WITH_KNOTS('',1,(#9776,#9777),.UNSPECIFIED.,.F.,
  .F.,(2,2),(-0.,1.E-02),.PIECEWISE_BEZIER_KNOTS.);
#9776 = CARTESIAN_POINT('',(-0.39584265696,2.48,0.681213814234));
#9777 = CARTESIAN_POINT('',(-0.39584265696,2.47,0.681213814234));
#9778 = B_SPLINE_SURFACE_WITH_KNOTS('',1,1,(
    (#9779,#9780)
    ,(#9781,#9782
    )),.UNSPECIFIED.,.F.,.F.,.F.,(2,2),(2,2),(5.551115123126E-17,
    5.593897589787E-02),(-1.E-02,6.348321627333E-47),
  .PIECEWISE_BEZIER_KNOTS.);
#9779 = CARTESIAN_POINT('',(-0.451781632857,2.47,0.681213814234));
#9780 = CARTESIAN_POINT('',(-0.451781632857,2.48,0.681213814234));
#9781 = CARTESIAN_POINT('',(-0.39584265696,2.47,0.681213814234));
#9782 = CARTESIAN_POINT('',(-0.39584265696,2.48,0.681213814234));
#9783 = ADVANCED_FACE('',(#9784),#9794,.F.);
#9784 = FACE_BOUND('',#9785,.F.);
#9785 = EDGE_LOOP('',(#9786,#9787,#9788,#9793));
#9786 = ORIENTED_EDGE('',*,*,#9768,.F.);
#9787 = ORIENTED_EDGE('',*,*,#9652,.T.);
#9788 = ORIENTED_EDGE('',*,*,#9789,.T.);
#9789 = EDGE_CURVE('',#9653,#1231,#9790,.T.);
#9790 = B_SPLINE_CURVE_WITH_KNOTS('',1,(#9791,#9792),.UNSPECIFIED.,.F.,
  .F.,(2,2),(-0.,1.E-02),.PIECEWISE_BEZIER_KNOTS.);
#9791 = CARTESIAN_POINT('',(-0.5307512466,2.48,0.709703181141));
#9792 = CARTESIAN_POINT('',(-0.5307512466,2.47,0.709703181141));
#9793 = ORIENTED_EDGE('',*,*,#1228,.F.);
#9794 = B_SPLINE_SURFACE_WITH_KNOTS('',3,1,(
    (#9795,#9796)
    ,(#9797,#9798)
    ,(#9799,#9800)
    ,(#9801,#9802
    )),.UNSPECIFIED.,.F.,.F.,.F.,(4,4),(2,2),(5.,6.),(0.,1.),
  .PIECEWISE_BEZIER_KNOTS.);
#9795 = CARTESIAN_POINT('',(-0.451781632857,2.48,0.681213814234));
#9796 = CARTESIAN_POINT('',(-0.451781632857,2.47,0.681213814234));
#9797 = CARTESIAN_POINT('',(-0.483962140367,2.48,0.681213814234));
#9798 = CARTESIAN_POINT('',(-0.483962140367,2.47,0.681213814234));
#9799 = CARTESIAN_POINT('',(-0.510320003546,2.48,0.690675611272));
#9800 = CARTESIAN_POINT('',(-0.510320003546,2.47,0.690675611272));
#9801 = CARTESIAN_POINT('',(-0.5307512466,2.48,0.709703181141));
#9802 = CARTESIAN_POINT('',(-0.5307512466,2.47,0.709703181141));
#9803 = ADVANCED_FACE('',(#9804),#9814,.F.);
#9804 = FACE_BOUND('',#9805,.F.);
#9805 = EDGE_LOOP('',(#9806,#9807,#9808,#9813));
#9806 = ORIENTED_EDGE('',*,*,#9789,.F.);
#9807 = ORIENTED_EDGE('',*,*,#9661,.T.);
#9808 = ORIENTED_EDGE('',*,*,#9809,.T.);
#9809 = EDGE_CURVE('',#9662,#1270,#9810,.T.);
#9810 = B_SPLINE_CURVE_WITH_KNOTS('',1,(#9811,#9812),.UNSPECIFIED.,.F.,
  .F.,(2,2),(-0.,1.E-02),.PIECEWISE_BEZIER_KNOTS.);
#9811 = CARTESIAN_POINT('',(-0.561424105133,2.48,0.78550153324));
#9812 = CARTESIAN_POINT('',(-0.561424105133,2.47,0.78550153324));
#9813 = ORIENTED_EDGE('',*,*,#1278,.F.);
#9814 = B_SPLINE_SURFACE_WITH_KNOTS('',3,1,(
    (#9815,#9816)
    ,(#9817,#9818)
    ,(#9819,#9820)
    ,(#9821,#9822
    )),.UNSPECIFIED.,.F.,.F.,.F.,(4,4),(2,2),(4.,5.),(0.,1.),
  .PIECEWISE_BEZIER_KNOTS.);
#9815 = CARTESIAN_POINT('',(-0.5307512466,2.48,0.709703181141));
#9816 = CARTESIAN_POINT('',(-0.5307512466,2.47,0.709703181141));
#9817 = CARTESIAN_POINT('',(-0.551182489656,2.48,0.72873075101));
#9818 = CARTESIAN_POINT('',(-0.551182489656,2.47,0.72873075101));
#9819 = CARTESIAN_POINT('',(-0.561424105133,2.48,0.753996868375));
#9820 = CARTESIAN_POINT('',(-0.561424105133,2.47,0.753996868375));
#9821 = CARTESIAN_POINT('',(-0.561424105133,2.48,0.78550153324));
#9822 = CARTESIAN_POINT('',(-0.561424105133,2.47,0.78550153324));
#9823 = ADVANCED_FACE('',(#9824),#9834,.F.);
#9824 = FACE_BOUND('',#9825,.F.);
#9825 = EDGE_LOOP('',(#9826,#9827,#9828,#9833));
#9826 = ORIENTED_EDGE('',*,*,#9809,.F.);
#9827 = ORIENTED_EDGE('',*,*,#9670,.T.);
#9828 = ORIENTED_EDGE('',*,*,#9829,.T.);
#9829 = EDGE_CURVE('',#9671,#1261,#9830,.T.);
#9830 = B_SPLINE_CURVE_WITH_KNOTS('',1,(#9831,#9832),.UNSPECIFIED.,.F.,
  .F.,(2,2),(-0.,1.E-02),.PIECEWISE_BEZIER_KNOTS.);
#9831 = CARTESIAN_POINT('',(-0.5307512466,2.48,0.857660732633));
#9832 = CARTESIAN_POINT('',(-0.5307512466,2.47,0.857660732633));
#9833 = ORIENTED_EDGE('',*,*,#1269,.F.);
#9834 = B_SPLINE_SURFACE_WITH_KNOTS('',3,1,(
    (#9835,#9836)
    ,(#9837,#9838)
    ,(#9839,#9840)
    ,(#9841,#9842
    )),.UNSPECIFIED.,.F.,.F.,.F.,(4,4),(2,2),(3.,4.),(0.,1.),
  .PIECEWISE_BEZIER_KNOTS.);
#9835 = CARTESIAN_POINT('',(-0.561424105133,2.48,0.78550153324));
#9836 = CARTESIAN_POINT('',(-0.561424105133,2.47,0.78550153324));
#9837 = CARTESIAN_POINT('',(-0.561424105133,2.48,0.815654512813));
#9838 = CARTESIAN_POINT('',(-0.561424105133,2.47,0.815654512813));
#9839 = CARTESIAN_POINT('',(-0.551182489656,2.48,0.839672920681));
#9840 = CARTESIAN_POINT('',(-0.551182489656,2.47,0.839672920681));
#9841 = CARTESIAN_POINT('',(-0.5307512466,2.48,0.857660732633));
#9842 = CARTESIAN_POINT('',(-0.5307512466,2.47,0.857660732633));
#9843 = ADVANCED_FACE('',(#9844),#9854,.F.);
#9844 = FACE_BOUND('',#9845,.F.);
#9845 = EDGE_LOOP('',(#9846,#9847,#9848,#9853));
#9846 = ORIENTED_EDGE('',*,*,#9829,.F.);
#9847 = ORIENTED_EDGE('',*,*,#9679,.T.);
#9848 = ORIENTED_EDGE('',*,*,#9849,.T.);
#9849 = EDGE_CURVE('',#9680,#1254,#9850,.T.);
#9850 = B_SPLINE_CURVE_WITH_KNOTS('',1,(#9851,#9852),.UNSPECIFIED.,.F.,
  .F.,(2,2),(-0.,1.E-02),.PIECEWISE_BEZIER_KNOTS.);
#9851 = CARTESIAN_POINT('',(-0.453861148689,2.48,0.884590462666));
#9852 = CARTESIAN_POINT('',(-0.453861148689,2.47,0.884590462666));
#9853 = ORIENTED_EDGE('',*,*,#1260,.F.);
#9854 = B_SPLINE_SURFACE_WITH_KNOTS('',3,1,(
    (#9855,#9856)
    ,(#9857,#9858)
    ,(#9859,#9860)
    ,(#9861,#9862
    )),.UNSPECIFIED.,.F.,.F.,.F.,(4,4),(2,2),(2.,3.),(0.,1.),
  .PIECEWISE_BEZIER_KNOTS.);
#9855 = CARTESIAN_POINT('',(-0.5307512466,2.48,0.857660732633));
#9856 = CARTESIAN_POINT('',(-0.5307512466,2.47,0.857660732633));
#9857 = CARTESIAN_POINT('',(-0.510320003546,2.48,0.875648544584));
#9858 = CARTESIAN_POINT('',(-0.510320003546,2.47,0.875648544584));
#9859 = CARTESIAN_POINT('',(-0.484689970907,2.48,0.884590462666));
#9860 = CARTESIAN_POINT('',(-0.484689970907,2.47,0.884590462666));
#9861 = CARTESIAN_POINT('',(-0.453861148689,2.48,0.884590462666));
#9862 = CARTESIAN_POINT('',(-0.453861148689,2.47,0.884590462666));
#9863 = ADVANCED_FACE('',(#9864),#9874,.F.);
#9864 = FACE_BOUND('',#9865,.T.);
#9865 = EDGE_LOOP('',(#9866,#9867,#9872,#9873));
#9866 = ORIENTED_EDGE('',*,*,#1253,.T.);
#9867 = ORIENTED_EDGE('',*,*,#9868,.F.);
#9868 = EDGE_CURVE('',#9689,#1247,#9869,.T.);
#9869 = B_SPLINE_CURVE_WITH_KNOTS('',1,(#9870,#9871),.UNSPECIFIED.,.F.,
  .F.,(2,2),(-0.,1.E-02),.PIECEWISE_BEZIER_KNOTS.);
#9870 = CARTESIAN_POINT('',(-0.39584265696,2.48,0.884590462666));
#9871 = CARTESIAN_POINT('',(-0.39584265696,2.47,0.884590462666));
#9872 = ORIENTED_EDGE('',*,*,#9688,.F.);
#9873 = ORIENTED_EDGE('',*,*,#9849,.T.);
#9874 = B_SPLINE_SURFACE_WITH_KNOTS('',1,1,(
    (#9875,#9876)
    ,(#9877,#9878
    )),.UNSPECIFIED.,.F.,.F.,.F.,(2,2),(2,2),(-3.330669073875E-16,
    5.801849172952E-02),(-1.E-02,7.676697801288E-34),
  .PIECEWISE_BEZIER_KNOTS.);
#9875 = CARTESIAN_POINT('',(-0.39584265696,2.47,0.884590462666));
#9876 = CARTESIAN_POINT('',(-0.39584265696,2.48,0.884590462666));
#9877 = CARTESIAN_POINT('',(-0.453861148689,2.47,0.884590462666));
#9878 = CARTESIAN_POINT('',(-0.453861148689,2.48,0.884590462666));
#9879 = ADVANCED_FACE('',(#9880),#9886,.F.);
#9880 = FACE_BOUND('',#9881,.T.);
#9881 = EDGE_LOOP('',(#9882,#9883,#9884,#9885));
#9882 = ORIENTED_EDGE('',*,*,#1246,.T.);
#9883 = ORIENTED_EDGE('',*,*,#9774,.F.);
#9884 = ORIENTED_EDGE('',*,*,#9695,.F.);
#9885 = ORIENTED_EDGE('',*,*,#9868,.T.);
#9886 = B_SPLINE_SURFACE_WITH_KNOTS('',1,1,(
    (#9887,#9888)
    ,(#9889,#9890
    )),.UNSPECIFIED.,.F.,.F.,.F.,(2,2),(2,2),(-1.475104996579E-18,
    0.203376648431),(-1.E-02,2.100792207745E-47),
  .PIECEWISE_BEZIER_KNOTS.);
#9887 = CARTESIAN_POINT('',(-0.39584265696,2.47,0.681213814234));
#9888 = CARTESIAN_POINT('',(-0.39584265696,2.48,0.681213814234));
#9889 = CARTESIAN_POINT('',(-0.39584265696,2.47,0.884590462666));
#9890 = CARTESIAN_POINT('',(-0.39584265696,2.48,0.884590462666));
#9891 = ADVANCED_FACE('',(#9892),#9914,.T.);
#9892 = FACE_BOUND('',#9893,.T.);
#9893 = EDGE_LOOP('',(#9894,#9903,#9908,#9909));
#9894 = ORIENTED_EDGE('',*,*,#9895,.F.);
#9895 = EDGE_CURVE('',#9896,#9898,#9900,.T.);
#9896 = VERTEX_POINT('',#9897);
#9897 = CARTESIAN_POINT('',(-0.452821390773,2.47,0.861195909549));
#9898 = VERTEX_POINT('',#9899);
#9899 = CARTESIAN_POINT('',(-0.422096544346,2.47,0.861195909549));
#9900 = B_SPLINE_CURVE_WITH_KNOTS('',1,(#9901,#9902),.UNSPECIFIED.,.F.,
  .F.,(2,2),(5.551115123126E-17,3.072484642681E-02),
  .PIECEWISE_BEZIER_KNOTS.);
#9901 = CARTESIAN_POINT('',(-0.452821390773,2.47,0.861195909549));
#9902 = CARTESIAN_POINT('',(-0.422096544346,2.47,0.861195909549));
#9903 = ORIENTED_EDGE('',*,*,#9904,.F.);
#9904 = EDGE_CURVE('',#9712,#9896,#9905,.T.);
#9905 = B_SPLINE_CURVE_WITH_KNOTS('',1,(#9906,#9907),.UNSPECIFIED.,.F.,
  .F.,(2,2),(-0.,1.E-02),.PIECEWISE_BEZIER_KNOTS.);
#9906 = CARTESIAN_POINT('',(-0.452821390773,2.48,0.861195909549));
#9907 = CARTESIAN_POINT('',(-0.452821390773,2.47,0.861195909549));
#9908 = ORIENTED_EDGE('',*,*,#9711,.T.);
#9909 = ORIENTED_EDGE('',*,*,#9910,.T.);
#9910 = EDGE_CURVE('',#9703,#9898,#9911,.T.);
#9911 = B_SPLINE_CURVE_WITH_KNOTS('',1,(#9912,#9913),.UNSPECIFIED.,.F.,
  .F.,(2,2),(-0.,1.E-02),.PIECEWISE_BEZIER_KNOTS.);
#9912 = CARTESIAN_POINT('',(-0.422096544346,2.48,0.861195909549));
#9913 = CARTESIAN_POINT('',(-0.422096544346,2.47,0.861195909549));
#9914 = B_SPLINE_SURFACE_WITH_KNOTS('',1,1,(
    (#9915,#9916)
    ,(#9917,#9918
    )),.UNSPECIFIED.,.F.,.F.,.F.,(2,2),(2,2),(-3.072484642681E-02,
    -5.551115123126E-17),(-1.E-02,5.779013596525E-47),
  .PIECEWISE_BEZIER_KNOTS.);
#9915 = CARTESIAN_POINT('',(-0.422096544346,2.47,0.861195909549));
#9916 = CARTESIAN_POINT('',(-0.422096544346,2.48,0.861195909549));
#9917 = CARTESIAN_POINT('',(-0.452821390773,2.47,0.861195909549));
#9918 = CARTESIAN_POINT('',(-0.452821390773,2.48,0.861195909549));
#9919 = ADVANCED_FACE('',(#9920),#9936,.T.);
#9920 = FACE_BOUND('',#9921,.T.);
#9921 = EDGE_LOOP('',(#9922,#9929,#9930,#9931));
#9922 = ORIENTED_EDGE('',*,*,#9923,.F.);
#9923 = EDGE_CURVE('',#9898,#9924,#9926,.T.);
#9924 = VERTEX_POINT('',#9925);
#9925 = CARTESIAN_POINT('',(-0.422096544346,2.47,0.704400415768));
#9926 = B_SPLINE_CURVE_WITH_KNOTS('',1,(#9927,#9928),.UNSPECIFIED.,.F.,
  .F.,(2,2),(7.676918425508E-31,0.156795493781),
  .PIECEWISE_BEZIER_KNOTS.);
#9927 = CARTESIAN_POINT('',(-0.422096544346,2.47,0.861195909549));
#9928 = CARTESIAN_POINT('',(-0.422096544346,2.47,0.704400415768));
#9929 = ORIENTED_EDGE('',*,*,#9910,.F.);
#9930 = ORIENTED_EDGE('',*,*,#9702,.T.);
#9931 = ORIENTED_EDGE('',*,*,#9932,.T.);
#9932 = EDGE_CURVE('',#9705,#9924,#9933,.T.);
#9933 = B_SPLINE_CURVE_WITH_KNOTS('',1,(#9934,#9935),.UNSPECIFIED.,.F.,
  .F.,(2,2),(-0.,1.E-02),.PIECEWISE_BEZIER_KNOTS.);
#9934 = CARTESIAN_POINT('',(-0.422096544346,2.48,0.704400415768));
#9935 = CARTESIAN_POINT('',(-0.422096544346,2.47,0.704400415768));
#9936 = B_SPLINE_SURFACE_WITH_KNOTS('',1,1,(
    (#9937,#9938)
    ,(#9939,#9940
    )),.UNSPECIFIED.,.F.,.F.,.F.,(2,2),(2,2),(-0.156795493781,0.),(
    -1.E-02,2.654123608077E-47),.PIECEWISE_BEZIER_KNOTS.);
#9937 = CARTESIAN_POINT('',(-0.422096544346,2.47,0.704400415768));
#9938 = CARTESIAN_POINT('',(-0.422096544346,2.48,0.704400415768));
#9939 = CARTESIAN_POINT('',(-0.422096544346,2.47,0.861195909549));
#9940 = CARTESIAN_POINT('',(-0.422096544346,2.48,0.861195909549));
#9941 = ADVANCED_FACE('',(#9942),#9958,.T.);
#9942 = FACE_BOUND('',#9943,.T.);
#9943 = EDGE_LOOP('',(#9944,#9951,#9952,#9953));
#9944 = ORIENTED_EDGE('',*,*,#9945,.F.);
#9945 = EDGE_CURVE('',#9924,#9946,#9948,.T.);
#9946 = VERTEX_POINT('',#9947);
#9947 = CARTESIAN_POINT('',(-0.451625669169,2.47,0.704400415768));
#9948 = B_SPLINE_CURVE_WITH_KNOTS('',1,(#9949,#9950),.UNSPECIFIED.,.F.,
  .F.,(2,2),(-8.152671116778E-31,2.952912482302E-02),
  .PIECEWISE_BEZIER_KNOTS.);
#9949 = CARTESIAN_POINT('',(-0.422096544346,2.47,0.704400415768));
#9950 = CARTESIAN_POINT('',(-0.451625669169,2.47,0.704400415768));
#9951 = ORIENTED_EDGE('',*,*,#9932,.F.);
#9952 = ORIENTED_EDGE('',*,*,#9754,.T.);
#9953 = ORIENTED_EDGE('',*,*,#9954,.T.);
#9954 = EDGE_CURVE('',#9746,#9946,#9955,.T.);
#9955 = B_SPLINE_CURVE_WITH_KNOTS('',1,(#9956,#9957),.UNSPECIFIED.,.F.,
  .F.,(2,2),(-0.,1.E-02),.PIECEWISE_BEZIER_KNOTS.);
#9956 = CARTESIAN_POINT('',(-0.451625669169,2.48,0.704400415768));
#9957 = CARTESIAN_POINT('',(-0.451625669169,2.47,0.704400415768));
#9958 = B_SPLINE_SURFACE_WITH_KNOTS('',1,1,(
    (#9959,#9960)
    ,(#9961,#9962
    )),.UNSPECIFIED.,.F.,.F.,.F.,(2,2),(2,2),(-2.952912482302E-02,
    8.152671116778E-31),(-1.E-02,7.676697801289E-34),
  .PIECEWISE_BEZIER_KNOTS.);
#9959 = CARTESIAN_POINT('',(-0.451625669169,2.47,0.704400415768));
#9960 = CARTESIAN_POINT('',(-0.451625669169,2.48,0.704400415768));
#9961 = CARTESIAN_POINT('',(-0.422096544346,2.47,0.704400415768));
#9962 = CARTESIAN_POINT('',(-0.422096544346,2.48,0.704400415768));
#9963 = ADVANCED_FACE('',(#9964),#9982,.T.);
#9964 = FACE_BOUND('',#9965,.T.);
#9965 = EDGE_LOOP('',(#9966,#9975,#9976,#9977));
#9966 = ORIENTED_EDGE('',*,*,#9967,.F.);
#9967 = EDGE_CURVE('',#9946,#9968,#9970,.T.);
#9968 = VERTEX_POINT('',#9969);
#9969 = CARTESIAN_POINT('',(-0.512087592003,2.47,0.72561147726));
#9970 = B_SPLINE_CURVE_WITH_KNOTS('',3,(#9971,#9972,#9973,#9974),
  .UNSPECIFIED.,.F.,.F.,(4,4),(2.,3.),.PIECEWISE_BEZIER_KNOTS.);
#9971 = CARTESIAN_POINT('',(-0.451625669169,2.47,0.704400415768));
#9972 = CARTESIAN_POINT('',(-0.477463653389,2.47,0.704400415768));
#9973 = CARTESIAN_POINT('',(-0.497634956966,2.47,0.711470769598));
#9974 = CARTESIAN_POINT('',(-0.512087592003,2.47,0.72561147726));
#9975 = ORIENTED_EDGE('',*,*,#9954,.F.);
#9976 = ORIENTED_EDGE('',*,*,#9745,.T.);
#9977 = ORIENTED_EDGE('',*,*,#9978,.T.);
#9978 = EDGE_CURVE('',#9737,#9968,#9979,.T.);
#9979 = B_SPLINE_CURVE_WITH_KNOTS('',1,(#9980,#9981),.UNSPECIFIED.,.F.,
  .F.,(2,2),(-0.,1.E-02),.PIECEWISE_BEZIER_KNOTS.);
#9980 = CARTESIAN_POINT('',(-0.512087592003,2.48,0.72561147726));
#9981 = CARTESIAN_POINT('',(-0.512087592003,2.47,0.72561147726));
#9982 = B_SPLINE_SURFACE_WITH_KNOTS('',3,1,(
    (#9983,#9984)
    ,(#9985,#9986)
    ,(#9987,#9988)
    ,(#9989,#9990
    )),.UNSPECIFIED.,.F.,.F.,.F.,(4,4),(2,2),(2.,3.),(0.,1.),
  .PIECEWISE_BEZIER_KNOTS.);
#9983 = CARTESIAN_POINT('',(-0.451625669169,2.48,0.704400415768));
#9984 = CARTESIAN_POINT('',(-0.451625669169,2.47,0.704400415768));
#9985 = CARTESIAN_POINT('',(-0.477463653389,2.48,0.704400415768));
#9986 = CARTESIAN_POINT('',(-0.477463653389,2.47,0.704400415768));
#9987 = CARTESIAN_POINT('',(-0.497634956966,2.48,0.711470769598));
#9988 = CARTESIAN_POINT('',(-0.497634956966,2.47,0.711470769598));
#9989 = CARTESIAN_POINT('',(-0.512087592003,2.48,0.72561147726));
#9990 = CARTESIAN_POINT('',(-0.512087592003,2.47,0.72561147726));
#9991 = ADVANCED_FACE('',(#9992),#10010,.T.);
#9992 = FACE_BOUND('',#9993,.T.);
#9993 = EDGE_LOOP('',(#9994,#10003,#10004,#10005));
#9994 = ORIENTED_EDGE('',*,*,#9995,.F.);
#9995 = EDGE_CURVE('',#9968,#9996,#9998,.T.);
#9996 = VERTEX_POINT('',#9997);
#9997 = CARTESIAN_POINT('',(-0.533818532453,2.47,0.784773702699));
#9998 = B_SPLINE_CURVE_WITH_KNOTS('',3,(#9999,#10000,#10001,#10002),
  .UNSPECIFIED.,.F.,.F.,(4,4),(3.,4.),.PIECEWISE_BEZIER_KNOTS.);
#9999 = CARTESIAN_POINT('',(-0.512087592003,2.47,0.72561147726));
#10000 = CARTESIAN_POINT('',(-0.526592214936,2.47,0.739648209131));
#10001 = CARTESIAN_POINT('',(-0.533818532453,2.47,0.759403609541));
#10002 = CARTESIAN_POINT('',(-0.533818532453,2.47,0.784773702699));
#10003 = ORIENTED_EDGE('',*,*,#9978,.F.);
#10004 = ORIENTED_EDGE('',*,*,#9736,.T.);
#10005 = ORIENTED_EDGE('',*,*,#10006,.T.);
#10006 = EDGE_CURVE('',#9728,#9996,#10007,.T.);
#10007 = B_SPLINE_CURVE_WITH_KNOTS('',1,(#10008,#10009),.UNSPECIFIED.,
  .F.,.F.,(2,2),(-0.,1.E-02),.PIECEWISE_BEZIER_KNOTS.);
#10008 = CARTESIAN_POINT('',(-0.533818532453,2.48,0.784773702699));
#10009 = CARTESIAN_POINT('',(-0.533818532453,2.47,0.784773702699));
#10010 = B_SPLINE_SURFACE_WITH_KNOTS('',3,1,(
    (#10011,#10012)
    ,(#10013,#10014)
    ,(#10015,#10016)
    ,(#10017,#10018
    )),.UNSPECIFIED.,.F.,.F.,.F.,(4,4),(2,2),(3.,4.),(0.,1.),
  .PIECEWISE_BEZIER_KNOTS.);
#10011 = CARTESIAN_POINT('',(-0.512087592003,2.48,0.72561147726));
#10012 = CARTESIAN_POINT('',(-0.512087592003,2.47,0.72561147726));
#10013 = CARTESIAN_POINT('',(-0.526592214936,2.48,0.739648209131));
#10014 = CARTESIAN_POINT('',(-0.526592214936,2.47,0.739648209131));
#10015 = CARTESIAN_POINT('',(-0.533818532453,2.48,0.759403609541));
#10016 = CARTESIAN_POINT('',(-0.533818532453,2.47,0.759403609541));
#10017 = CARTESIAN_POINT('',(-0.533818532453,2.48,0.784773702699));
#10018 = CARTESIAN_POINT('',(-0.533818532453,2.47,0.784773702699));
#10019 = ADVANCED_FACE('',(#10020),#10038,.T.);
#10020 = FACE_BOUND('',#10021,.T.);
#10021 = EDGE_LOOP('',(#10022,#10031,#10032,#10033));
#10022 = ORIENTED_EDGE('',*,*,#10023,.F.);
#10023 = EDGE_CURVE('',#9996,#10024,#10026,.T.);
#10024 = VERTEX_POINT('',#10025);
#10025 = CARTESIAN_POINT('',(-0.511515725148,2.47,0.842064363888));
#10026 = B_SPLINE_CURVE_WITH_KNOTS('',3,(#10027,#10028,#10029,#10030),
  .UNSPECIFIED.,.F.,.F.,(4,4),(4.,5.),.PIECEWISE_BEZIER_KNOTS.);
#10027 = CARTESIAN_POINT('',(-0.533818532453,2.47,0.784773702699));
#10028 = CARTESIAN_POINT('',(-0.533818532453,2.47,0.810143795858));
#10029 = CARTESIAN_POINT('',(-0.526384263351,2.47,0.829275341517));
#10030 = CARTESIAN_POINT('',(-0.511515725148,2.47,0.842064363888));
#10031 = ORIENTED_EDGE('',*,*,#10006,.F.);
#10032 = ORIENTED_EDGE('',*,*,#9727,.T.);
#10033 = ORIENTED_EDGE('',*,*,#10034,.T.);
#10034 = EDGE_CURVE('',#9719,#10024,#10035,.T.);
#10035 = B_SPLINE_CURVE_WITH_KNOTS('',1,(#10036,#10037),.UNSPECIFIED.,
  .F.,.F.,(2,2),(-0.,1.E-02),.PIECEWISE_BEZIER_KNOTS.);
#10036 = CARTESIAN_POINT('',(-0.511515725148,2.48,0.842064363888));
#10037 = CARTESIAN_POINT('',(-0.511515725148,2.47,0.842064363888));
#10038 = B_SPLINE_SURFACE_WITH_KNOTS('',3,1,(
    (#10039,#10040)
    ,(#10041,#10042)
    ,(#10043,#10044)
    ,(#10045,#10046
    )),.UNSPECIFIED.,.F.,.F.,.F.,(4,4),(2,2),(4.,5.),(0.,1.),
  .PIECEWISE_BEZIER_KNOTS.);
#10039 = CARTESIAN_POINT('',(-0.533818532453,2.48,0.784773702699));
#10040 = CARTESIAN_POINT('',(-0.533818532453,2.47,0.784773702699));
#10041 = CARTESIAN_POINT('',(-0.533818532453,2.48,0.810143795858));
#10042 = CARTESIAN_POINT('',(-0.533818532453,2.47,0.810143795858));
#10043 = CARTESIAN_POINT('',(-0.526384263351,2.48,0.829275341517));
#10044 = CARTESIAN_POINT('',(-0.526384263351,2.47,0.829275341517));
#10045 = CARTESIAN_POINT('',(-0.511515725148,2.48,0.842064363888));
#10046 = CARTESIAN_POINT('',(-0.511515725148,2.47,0.842064363888));
#10047 = ADVANCED_FACE('',(#10048),#10060,.T.);
#10048 = FACE_BOUND('',#10049,.T.);
#10049 = EDGE_LOOP('',(#10050,#10057,#10058,#10059));
#10050 = ORIENTED_EDGE('',*,*,#10051,.F.);
#10051 = EDGE_CURVE('',#10024,#9896,#10052,.T.);
#10052 = B_SPLINE_CURVE_WITH_KNOTS('',3,(#10053,#10054,#10055,#10056),
  .UNSPECIFIED.,.F.,.F.,(4,4),(5.,6.),.PIECEWISE_BEZIER_KNOTS.);
#10053 = CARTESIAN_POINT('',(-0.511515725148,2.47,0.842064363888));
#10054 = CARTESIAN_POINT('',(-0.496647186945,2.47,0.854853386258));
#10055 = CARTESIAN_POINT('',(-0.477047750223,2.47,0.861195909549));
#10056 = CARTESIAN_POINT('',(-0.452821390773,2.47,0.861195909549));
#10057 = ORIENTED_EDGE('',*,*,#10034,.F.);
#10058 = ORIENTED_EDGE('',*,*,#9718,.T.);
#10059 = ORIENTED_EDGE('',*,*,#9904,.T.);
#10060 = B_SPLINE_SURFACE_WITH_KNOTS('',3,1,(
    (#10061,#10062)
    ,(#10063,#10064)
    ,(#10065,#10066)
    ,(#10067,#10068
    )),.UNSPECIFIED.,.F.,.F.,.F.,(4,4),(2,2),(5.,6.),(0.,1.),
  .PIECEWISE_BEZIER_KNOTS.);
#10061 = CARTESIAN_POINT('',(-0.511515725148,2.48,0.842064363888));
#10062 = CARTESIAN_POINT('',(-0.511515725148,2.47,0.842064363888));
#10063 = CARTESIAN_POINT('',(-0.496647186945,2.48,0.854853386258));
#10064 = CARTESIAN_POINT('',(-0.496647186945,2.47,0.854853386258));
#10065 = CARTESIAN_POINT('',(-0.477047750223,2.48,0.861195909549));
#10066 = CARTESIAN_POINT('',(-0.477047750223,2.47,0.861195909549));
#10067 = CARTESIAN_POINT('',(-0.452821390773,2.48,0.861195909549));
#10068 = CARTESIAN_POINT('',(-0.452821390773,2.47,0.861195909549));
#10069 = ADVANCED_FACE('',(#10070),#10079,.T.);
#10070 = FACE_BOUND('',#10071,.T.);
#10071 = EDGE_LOOP('',(#10072,#10073,#10074,#10075,#10076,#10077,#10078)
  );
#10072 = ORIENTED_EDGE('',*,*,#9895,.T.);
#10073 = ORIENTED_EDGE('',*,*,#9923,.T.);
#10074 = ORIENTED_EDGE('',*,*,#9945,.T.);
#10075 = ORIENTED_EDGE('',*,*,#9967,.T.);
#10076 = ORIENTED_EDGE('',*,*,#9995,.T.);
#10077 = ORIENTED_EDGE('',*,*,#10023,.T.);
#10078 = ORIENTED_EDGE('',*,*,#10051,.T.);
#10079 = B_SPLINE_SURFACE_WITH_KNOTS('',1,1,(
    (#10080,#10081)
    ,(#10082,#10083
    )),.UNSPECIFIED.,.F.,.F.,.F.,(2,2),(2,2),(0.674400315768,
    0.831195809549),(2.066181467547,2.177903455654),
  .PIECEWISE_BEZIER_KNOTS.);
#10080 = CARTESIAN_POINT('',(-0.533818532453,2.47,0.704400415768));
#10081 = CARTESIAN_POINT('',(-0.422096544346,2.47,0.704400415768));
#10082 = CARTESIAN_POINT('',(-0.533818532453,2.47,0.861195909549));
#10083 = CARTESIAN_POINT('',(-0.422096544346,2.47,0.861195909549));
#10084 = ADVANCED_FACE('',(#10085,#10143),#10191,.F.);
#10085 = FACE_BOUND('',#10086,.T.);
#10086 = EDGE_LOOP('',(#10087,#10096,#10103,#10110,#10117,#10124,#10131,
    #10138));
#10087 = ORIENTED_EDGE('',*,*,#10088,.T.);
#10088 = EDGE_CURVE('',#10089,#10091,#10093,.T.);
#10089 = VERTEX_POINT('',#10090);
#10090 = CARTESIAN_POINT('',(-0.755702871796,2.48,0.681213814234));
#10091 = VERTEX_POINT('',#10092);
#10092 = CARTESIAN_POINT('',(-0.678240907031,2.48,0.884590462666));
#10093 = B_SPLINE_CURVE_WITH_KNOTS('',1,(#10094,#10095),.UNSPECIFIED.,
  .F.,.F.,(2,2),(-0.217629081495,0.),.PIECEWISE_BEZIER_KNOTS.);
#10094 = CARTESIAN_POINT('',(-0.755702871796,2.48,0.681213814234));
#10095 = CARTESIAN_POINT('',(-0.678240907031,2.48,0.884590462666));
#10096 = ORIENTED_EDGE('',*,*,#10097,.T.);
#10097 = EDGE_CURVE('',#10091,#10098,#10100,.T.);
#10098 = VERTEX_POINT('',#10099);
#10099 = CARTESIAN_POINT('',(-0.650167443289,2.48,0.884590462666));
#10100 = B_SPLINE_CURVE_WITH_KNOTS('',1,(#10101,#10102),.UNSPECIFIED.,
  .F.,.F.,(2,2),(-2.807346374184E-02,0.),.PIECEWISE_BEZIER_KNOTS.);
#10101 = CARTESIAN_POINT('',(-0.678240907031,2.48,0.884590462666));
#10102 = CARTESIAN_POINT('',(-0.650167443289,2.48,0.884590462666));
#10103 = ORIENTED_EDGE('',*,*,#10104,.T.);
#10104 = EDGE_CURVE('',#10098,#10105,#10107,.T.);
#10105 = VERTEX_POINT('',#10106);
#10106 = CARTESIAN_POINT('',(-0.572705478523,2.48,0.681213814234));
#10107 = B_SPLINE_CURVE_WITH_KNOTS('',1,(#10108,#10109),.UNSPECIFIED.,
  .F.,.F.,(2,2),(-0.217629081496,0.),.PIECEWISE_BEZIER_KNOTS.);
#10108 = CARTESIAN_POINT('',(-0.650167443289,2.48,0.884590462666));
#10109 = CARTESIAN_POINT('',(-0.572705478523,2.48,0.681213814234));
#10110 = ORIENTED_EDGE('',*,*,#10111,.T.);
#10111 = EDGE_CURVE('',#10105,#10112,#10114,.T.);
#10112 = VERTEX_POINT('',#10113);
#10113 = CARTESIAN_POINT('',(-0.601714724389,2.48,0.681213814234));
#10114 = B_SPLINE_CURVE_WITH_KNOTS('',1,(#10115,#10116),.UNSPECIFIED.,
  .F.,.F.,(2,2),(-2.900924586545E-02,0.),.PIECEWISE_BEZIER_KNOTS.);
#10115 = CARTESIAN_POINT('',(-0.572705478523,2.48,0.681213814234));
#10116 = CARTESIAN_POINT('',(-0.601714724389,2.48,0.681213814234));
#10117 = ORIENTED_EDGE('',*,*,#10118,.T.);
#10118 = EDGE_CURVE('',#10112,#10119,#10121,.T.);
#10119 = VERTEX_POINT('',#10120);
#10120 = CARTESIAN_POINT('',(-0.621262173215,2.48,0.736840862756));
#10121 = B_SPLINE_CURVE_WITH_KNOTS('',1,(#10122,#10123),.UNSPECIFIED.,
  .F.,.F.,(2,2),(-5.896160855076E-02,0.),.PIECEWISE_BEZIER_KNOTS.);
#10122 = CARTESIAN_POINT('',(-0.601714724389,2.48,0.681213814234));
#10123 = CARTESIAN_POINT('',(-0.621262173215,2.48,0.736840862756));
#10124 = ORIENTED_EDGE('',*,*,#10125,.T.);
#10125 = EDGE_CURVE('',#10119,#10126,#10128,.T.);
#10126 = VERTEX_POINT('',#10127);
#10127 = CARTESIAN_POINT('',(-0.7059504555,2.48,0.736840862756));
#10128 = B_SPLINE_CURVE_WITH_KNOTS('',1,(#10129,#10130),.UNSPECIFIED.,
  .F.,.F.,(2,2),(-8.468828228455E-02,0.),.PIECEWISE_BEZIER_KNOTS.);
#10129 = CARTESIAN_POINT('',(-0.621262173215,2.48,0.736840862756));
#10130 = CARTESIAN_POINT('',(-0.7059504555,2.48,0.736840862756));
#10131 = ORIENTED_EDGE('',*,*,#10132,.T.);
#10132 = EDGE_CURVE('',#10126,#10133,#10135,.T.);
#10133 = VERTEX_POINT('',#10134);
#10134 = CARTESIAN_POINT('',(-0.726693625932,2.48,0.681213814234));
#10135 = B_SPLINE_CURVE_WITH_KNOTS('',1,(#10136,#10137),.UNSPECIFIED.,
  .F.,.F.,(2,2),(-5.936874301202E-02,-0.),.PIECEWISE_BEZIER_KNOTS.);
#10136 = CARTESIAN_POINT('',(-0.7059504555,2.48,0.736840862756));
#10137 = CARTESIAN_POINT('',(-0.726693625932,2.48,0.681213814234));
#10138 = ORIENTED_EDGE('',*,*,#10139,.T.);
#10139 = EDGE_CURVE('',#10133,#10089,#10140,.T.);
#10140 = B_SPLINE_CURVE_WITH_KNOTS('',1,(#10141,#10142),.UNSPECIFIED.,
  .F.,.F.,(2,2),(-2.900924586407E-02,0.),.PIECEWISE_BEZIER_KNOTS.);
#10141 = CARTESIAN_POINT('',(-0.726693625932,2.48,0.681213814234));
#10142 = CARTESIAN_POINT('',(-0.755702871796,2.48,0.681213814234));
#10143 = FACE_BOUND('',#10144,.T.);
#10144 = EDGE_LOOP('',(#10145,#10154,#10161,#10170,#10177,#10186));
#10145 = ORIENTED_EDGE('',*,*,#10146,.F.);
#10146 = EDGE_CURVE('',#10147,#10149,#10151,.T.);
#10147 = VERTEX_POINT('',#10148);
#10148 = CARTESIAN_POINT('',(-0.629580236547,2.48,0.759819512707));
#10149 = VERTEX_POINT('',#10150);
#10150 = CARTESIAN_POINT('',(-0.697840343753,2.48,0.759819512707));
#10151 = B_SPLINE_CURVE_WITH_KNOTS('',1,(#10152,#10153),.UNSPECIFIED.,
  .F.,.F.,(2,2),(0.,6.826010720606E-02),.PIECEWISE_BEZIER_KNOTS.);
#10152 = CARTESIAN_POINT('',(-0.629580236547,2.48,0.759819512707));
#10153 = CARTESIAN_POINT('',(-0.697840343753,2.48,0.759819512707));
#10154 = ORIENTED_EDGE('',*,*,#10155,.F.);
#10155 = EDGE_CURVE('',#10156,#10147,#10158,.T.);
#10156 = VERTEX_POINT('',#10157);
#10157 = CARTESIAN_POINT('',(-0.659993155598,2.48,0.844351831304));
#10158 = B_SPLINE_CURVE_WITH_KNOTS('',1,(#10159,#10160),.UNSPECIFIED.,
  .F.,.F.,(2,2),(1.044668560194E-16,8.983684395963E-02),
  .PIECEWISE_BEZIER_KNOTS.);
#10159 = CARTESIAN_POINT('',(-0.659993155598,2.48,0.844351831304));
#10160 = CARTESIAN_POINT('',(-0.629580236547,2.48,0.759819512707));
#10161 = ORIENTED_EDGE('',*,*,#10162,.F.);
#10162 = EDGE_CURVE('',#10163,#10156,#10165,.T.);
#10163 = VERTEX_POINT('',#10164);
#10164 = CARTESIAN_POINT('',(-0.663320380931,2.48,0.858596514757));
#10165 = B_SPLINE_CURVE_WITH_KNOTS('',3,(#10166,#10167,#10168,#10169),
  .UNSPECIFIED.,.F.,.F.,(4,4),(3.,4.),.PIECEWISE_BEZIER_KNOTS.);
#10166 = CARTESIAN_POINT('',(-0.663320380931,2.48,0.858596514757));
#10167 = CARTESIAN_POINT('',(-0.66233261091,2.48,0.852461943051));
#10168 = CARTESIAN_POINT('',(-0.661240865099,2.48,0.847679056635));
#10169 = CARTESIAN_POINT('',(-0.659993155598,2.48,0.844351831304));
#10170 = ORIENTED_EDGE('',*,*,#10171,.F.);
#10171 = EDGE_CURVE('',#10172,#10163,#10174,.T.);
#10172 = VERTEX_POINT('',#10173);
#10173 = CARTESIAN_POINT('',(-0.663944235681,2.48,0.858596514757));
#10174 = B_SPLINE_CURVE_WITH_KNOTS('',1,(#10175,#10176),.UNSPECIFIED.,
  .F.,.F.,(2,2),(1.110223024625E-16,6.23854750467E-04),
  .PIECEWISE_BEZIER_KNOTS.);
#10175 = CARTESIAN_POINT('',(-0.663944235681,2.48,0.858596514757));
#10176 = CARTESIAN_POINT('',(-0.663320380931,2.48,0.858596514757));
#10177 = ORIENTED_EDGE('',*,*,#10178,.F.);
#10178 = EDGE_CURVE('',#10179,#10172,#10181,.T.);
#10179 = VERTEX_POINT('',#10180);
#10180 = CARTESIAN_POINT('',(-0.667115497325,2.48,0.844351831304));
#10181 = B_SPLINE_CURVE_WITH_KNOTS('',3,(#10182,#10183,#10184,#10185),
  .UNSPECIFIED.,.F.,.F.,(4,4),(1.,2.),.PIECEWISE_BEZIER_KNOTS.);
#10182 = CARTESIAN_POINT('',(-0.667115497325,2.48,0.844351831304));
#10183 = CARTESIAN_POINT('',(-0.666127727306,2.48,0.847159177678));
#10184 = CARTESIAN_POINT('',(-0.665087969388,2.48,0.851838088301));
#10185 = CARTESIAN_POINT('',(-0.663944235681,2.48,0.858596514757));
#10186 = ORIENTED_EDGE('',*,*,#10187,.F.);
#10187 = EDGE_CURVE('',#10149,#10179,#10188,.T.);
#10188 = B_SPLINE_CURVE_WITH_KNOTS('',1,(#10189,#10190),.UNSPECIFIED.,
  .F.,.F.,(2,2),(0.,8.994292120821E-02),.PIECEWISE_BEZIER_KNOTS.);
#10189 = CARTESIAN_POINT('',(-0.697840343753,2.48,0.759819512707));
#10190 = CARTESIAN_POINT('',(-0.667115497325,2.48,0.844351831304));
#10191 = B_SPLINE_SURFACE_WITH_KNOTS('',1,1,(
    (#10192,#10193)
    ,(#10194,#10195
    )),.UNSPECIFIED.,.F.,.F.,.F.,(2,2),(2,2),(0.615409637334,
    0.818786285766),(-0.755702871796,-0.572705478523),
  .PIECEWISE_BEZIER_KNOTS.);
#10192 = CARTESIAN_POINT('',(-0.755702871796,2.48,0.884590462666));
#10193 = CARTESIAN_POINT('',(-0.572705478523,2.48,0.884590462666));
#10194 = CARTESIAN_POINT('',(-0.755702871796,2.48,0.681213814234));
#10195 = CARTESIAN_POINT('',(-0.572705478523,2.48,0.681213814234));
#10196 = ADVANCED_FACE('',(#10197),#10211,.F.);
#10197 = FACE_BOUND('',#10198,.T.);
#10198 = EDGE_LOOP('',(#10199,#10200,#10205,#10206));
#10199 = ORIENTED_EDGE('',*,*,#184,.T.);
#10200 = ORIENTED_EDGE('',*,*,#10201,.F.);
#10201 = EDGE_CURVE('',#10091,#176,#10202,.T.);
#10202 = B_SPLINE_CURVE_WITH_KNOTS('',1,(#10203,#10204),.UNSPECIFIED.,
  .F.,.F.,(2,2),(-0.,1.E-02),.PIECEWISE_BEZIER_KNOTS.);
#10203 = CARTESIAN_POINT('',(-0.678240907031,2.48,0.884590462666));
#10204 = CARTESIAN_POINT('',(-0.678240907031,2.47,0.884590462666));
#10205 = ORIENTED_EDGE('',*,*,#10088,.F.);
#10206 = ORIENTED_EDGE('',*,*,#10207,.T.);
#10207 = EDGE_CURVE('',#10089,#185,#10208,.T.);
#10208 = B_SPLINE_CURVE_WITH_KNOTS('',1,(#10209,#10210),.UNSPECIFIED.,
  .F.,.F.,(2,2),(-0.,1.E-02),.PIECEWISE_BEZIER_KNOTS.);
#10209 = CARTESIAN_POINT('',(-0.755702871796,2.48,0.681213814234));
#10210 = CARTESIAN_POINT('',(-0.755702871796,2.47,0.681213814234));
#10211 = B_SPLINE_SURFACE_WITH_KNOTS('',1,1,(
    (#10212,#10213)
    ,(#10214,#10215
    )),.UNSPECIFIED.,.F.,.F.,.F.,(2,2),(2,2),(-0.,0.217629081495),(
    -1.E-02,3.851859888774E-33),.PIECEWISE_BEZIER_KNOTS.);
#10212 = CARTESIAN_POINT('',(-0.678240907031,2.47,0.884590462666));
#10213 = CARTESIAN_POINT('',(-0.678240907031,2.48,0.884590462666));
#10214 = CARTESIAN_POINT('',(-0.755702871796,2.47,0.681213814234));
#10215 = CARTESIAN_POINT('',(-0.755702871796,2.48,0.681213814234));
#10216 = ADVANCED_FACE('',(#10217),#10227,.F.);
#10217 = FACE_BOUND('',#10218,.T.);
#10218 = EDGE_LOOP('',(#10219,#10220,#10225,#10226));
#10219 = ORIENTED_EDGE('',*,*,#175,.T.);
#10220 = ORIENTED_EDGE('',*,*,#10221,.F.);
#10221 = EDGE_CURVE('',#10098,#178,#10222,.T.);
#10222 = B_SPLINE_CURVE_WITH_KNOTS('',1,(#10223,#10224),.UNSPECIFIED.,
  .F.,.F.,(2,2),(-0.,1.E-02),.PIECEWISE_BEZIER_KNOTS.);
#10223 = CARTESIAN_POINT('',(-0.650167443289,2.48,0.884590462666));
#10224 = CARTESIAN_POINT('',(-0.650167443289,2.47,0.884590462666));
#10225 = ORIENTED_EDGE('',*,*,#10097,.F.);
#10226 = ORIENTED_EDGE('',*,*,#10201,.T.);
#10227 = B_SPLINE_SURFACE_WITH_KNOTS('',1,1,(
    (#10228,#10229)
    ,(#10230,#10231
    )),.UNSPECIFIED.,.F.,.F.,.F.,(2,2),(2,2),(-5.696881783603E-33,
    2.807346374184E-02),(-1.E-02,3.838348900644E-34),
  .PIECEWISE_BEZIER_KNOTS.);
#10228 = CARTESIAN_POINT('',(-0.650167443289,2.47,0.884590462666));
#10229 = CARTESIAN_POINT('',(-0.650167443289,2.48,0.884590462666));
#10230 = CARTESIAN_POINT('',(-0.678240907031,2.47,0.884590462666));
#10231 = CARTESIAN_POINT('',(-0.678240907031,2.48,0.884590462666));
#10232 = ADVANCED_FACE('',(#10233),#10243,.F.);
#10233 = FACE_BOUND('',#10234,.T.);
#10234 = EDGE_LOOP('',(#10235,#10236,#10241,#10242));
#10235 = ORIENTED_EDGE('',*,*,#226,.T.);
#10236 = ORIENTED_EDGE('',*,*,#10237,.F.);
#10237 = EDGE_CURVE('',#10105,#220,#10238,.T.);
#10238 = B_SPLINE_CURVE_WITH_KNOTS('',1,(#10239,#10240),.UNSPECIFIED.,
  .F.,.F.,(2,2),(-0.,1.E-02),.PIECEWISE_BEZIER_KNOTS.);
#10239 = CARTESIAN_POINT('',(-0.572705478523,2.48,0.681213814234));
#10240 = CARTESIAN_POINT('',(-0.572705478523,2.47,0.681213814234));
#10241 = ORIENTED_EDGE('',*,*,#10104,.F.);
#10242 = ORIENTED_EDGE('',*,*,#10221,.T.);
#10243 = B_SPLINE_SURFACE_WITH_KNOTS('',1,1,(
    (#10244,#10245)
    ,(#10246,#10247
    )),.UNSPECIFIED.,.F.,.F.,.F.,(2,2),(2,2),(-1.378501017543E-18,
    0.217629081496),(-1.E-02,1.54074395551E-33),
  .PIECEWISE_BEZIER_KNOTS.);
#10244 = CARTESIAN_POINT('',(-0.572705478523,2.47,0.681213814234));
#10245 = CARTESIAN_POINT('',(-0.572705478523,2.48,0.681213814234));
#10246 = CARTESIAN_POINT('',(-0.650167443289,2.47,0.884590462666));
#10247 = CARTESIAN_POINT('',(-0.650167443289,2.48,0.884590462666));
#10248 = ADVANCED_FACE('',(#10249),#10259,.F.);
#10249 = FACE_BOUND('',#10250,.T.);
#10250 = EDGE_LOOP('',(#10251,#10252,#10257,#10258));
#10251 = ORIENTED_EDGE('',*,*,#219,.T.);
#10252 = ORIENTED_EDGE('',*,*,#10253,.F.);
#10253 = EDGE_CURVE('',#10112,#213,#10254,.T.);
#10254 = B_SPLINE_CURVE_WITH_KNOTS('',1,(#10255,#10256),.UNSPECIFIED.,
  .F.,.F.,(2,2),(-0.,1.E-02),.PIECEWISE_BEZIER_KNOTS.);
#10255 = CARTESIAN_POINT('',(-0.601714724389,2.48,0.681213814234));
#10256 = CARTESIAN_POINT('',(-0.601714724389,2.47,0.681213814234));
#10257 = ORIENTED_EDGE('',*,*,#10111,.F.);
#10258 = ORIENTED_EDGE('',*,*,#10237,.T.);
#10259 = B_SPLINE_SURFACE_WITH_KNOTS('',1,1,(
    (#10260,#10261)
    ,(#10262,#10263
    )),.UNSPECIFIED.,.F.,.F.,.F.,(2,2),(2,2),(0.,2.900924586545E-02),(
    -1.E-02,5.08132646031E-48),.PIECEWISE_BEZIER_KNOTS.);
#10260 = CARTESIAN_POINT('',(-0.601714724389,2.47,0.681213814234));
#10261 = CARTESIAN_POINT('',(-0.601714724389,2.48,0.681213814234));
#10262 = CARTESIAN_POINT('',(-0.572705478523,2.47,0.681213814234));
#10263 = CARTESIAN_POINT('',(-0.572705478523,2.48,0.681213814234));
#10264 = ADVANCED_FACE('',(#10265),#10275,.F.);
#10265 = FACE_BOUND('',#10266,.T.);
#10266 = EDGE_LOOP('',(#10267,#10268,#10273,#10274));
#10267 = ORIENTED_EDGE('',*,*,#212,.T.);
#10268 = ORIENTED_EDGE('',*,*,#10269,.F.);
#10269 = EDGE_CURVE('',#10119,#206,#10270,.T.);
#10270 = B_SPLINE_CURVE_WITH_KNOTS('',1,(#10271,#10272),.UNSPECIFIED.,
  .F.,.F.,(2,2),(-0.,1.E-02),.PIECEWISE_BEZIER_KNOTS.);
#10271 = CARTESIAN_POINT('',(-0.621262173215,2.48,0.736840862756));
#10272 = CARTESIAN_POINT('',(-0.621262173215,2.47,0.736840862756));
#10273 = ORIENTED_EDGE('',*,*,#10118,.F.);
#10274 = ORIENTED_EDGE('',*,*,#10253,.T.);
#10275 = B_SPLINE_SURFACE_WITH_KNOTS('',1,1,(
    (#10276,#10277)
    ,(#10278,#10279
    )),.UNSPECIFIED.,.F.,.F.,.F.,(2,2),(2,2),(0.,5.896160855076E-02),(
    -1.E-02,9.629649721936E-34),.PIECEWISE_BEZIER_KNOTS.);
#10276 = CARTESIAN_POINT('',(-0.621262173215,2.47,0.736840862756));
#10277 = CARTESIAN_POINT('',(-0.621262173215,2.48,0.736840862756));
#10278 = CARTESIAN_POINT('',(-0.601714724389,2.47,0.681213814234));
#10279 = CARTESIAN_POINT('',(-0.601714724389,2.48,0.681213814234));
#10280 = ADVANCED_FACE('',(#10281),#10291,.F.);
#10281 = FACE_BOUND('',#10282,.T.);
#10282 = EDGE_LOOP('',(#10283,#10284,#10289,#10290));
#10283 = ORIENTED_EDGE('',*,*,#205,.T.);
#10284 = ORIENTED_EDGE('',*,*,#10285,.F.);
#10285 = EDGE_CURVE('',#10126,#199,#10286,.T.);
#10286 = B_SPLINE_CURVE_WITH_KNOTS('',1,(#10287,#10288),.UNSPECIFIED.,
  .F.,.F.,(2,2),(-0.,1.E-02),.PIECEWISE_BEZIER_KNOTS.);
#10287 = CARTESIAN_POINT('',(-0.7059504555,2.48,0.736840862756));
#10288 = CARTESIAN_POINT('',(-0.7059504555,2.47,0.736840862756));
#10289 = ORIENTED_EDGE('',*,*,#10125,.F.);
#10290 = ORIENTED_EDGE('',*,*,#10269,.T.);
#10291 = B_SPLINE_SURFACE_WITH_KNOTS('',1,1,(
    (#10292,#10293)
    ,(#10294,#10295
    )),.UNSPECIFIED.,.F.,.F.,.F.,(2,2),(2,2),(0.,8.468828228455E-02),(
    -1.E-02,1.483419498896E-47),.PIECEWISE_BEZIER_KNOTS.);
#10292 = CARTESIAN_POINT('',(-0.7059504555,2.47,0.736840862756));
#10293 = CARTESIAN_POINT('',(-0.7059504555,2.48,0.736840862756));
#10294 = CARTESIAN_POINT('',(-0.621262173215,2.47,0.736840862756));
#10295 = CARTESIAN_POINT('',(-0.621262173215,2.48,0.736840862756));
#10296 = ADVANCED_FACE('',(#10297),#10307,.F.);
#10297 = FACE_BOUND('',#10298,.T.);
#10298 = EDGE_LOOP('',(#10299,#10300,#10305,#10306));
#10299 = ORIENTED_EDGE('',*,*,#198,.T.);
#10300 = ORIENTED_EDGE('',*,*,#10301,.F.);
#10301 = EDGE_CURVE('',#10133,#192,#10302,.T.);
#10302 = B_SPLINE_CURVE_WITH_KNOTS('',1,(#10303,#10304),.UNSPECIFIED.,
  .F.,.F.,(2,2),(-0.,1.E-02),.PIECEWISE_BEZIER_KNOTS.);
#10303 = CARTESIAN_POINT('',(-0.726693625932,2.48,0.681213814234));
#10304 = CARTESIAN_POINT('',(-0.726693625932,2.47,0.681213814234));
#10305 = ORIENTED_EDGE('',*,*,#10132,.F.);
#10306 = ORIENTED_EDGE('',*,*,#10285,.T.);
#10307 = B_SPLINE_SURFACE_WITH_KNOTS('',1,1,(
    (#10308,#10309)
    ,(#10310,#10311
    )),.UNSPECIFIED.,.F.,.F.,.F.,(2,2),(2,2),(-1.382137014473E-18,
    5.936874301202E-02),(-1.E-02,2.118522938826E-33),
  .PIECEWISE_BEZIER_KNOTS.);
#10308 = CARTESIAN_POINT('',(-0.726693625932,2.47,0.681213814234));
#10309 = CARTESIAN_POINT('',(-0.726693625932,2.48,0.681213814234));
#10310 = CARTESIAN_POINT('',(-0.7059504555,2.47,0.736840862756));
#10311 = CARTESIAN_POINT('',(-0.7059504555,2.48,0.736840862756));
#10312 = ADVANCED_FACE('',(#10313),#10319,.F.);
#10313 = FACE_BOUND('',#10314,.T.);
#10314 = EDGE_LOOP('',(#10315,#10316,#10317,#10318));
#10315 = ORIENTED_EDGE('',*,*,#191,.T.);
#10316 = ORIENTED_EDGE('',*,*,#10207,.F.);
#10317 = ORIENTED_EDGE('',*,*,#10139,.F.);
#10318 = ORIENTED_EDGE('',*,*,#10301,.T.);
#10319 = B_SPLINE_SURFACE_WITH_KNOTS('',1,1,(
    (#10320,#10321)
    ,(#10322,#10323
    )),.UNSPECIFIED.,.F.,.F.,.F.,(2,2),(2,2),(0.,2.900924586407E-02),(
    -1.E-02,5.081326460067E-48),.PIECEWISE_BEZIER_KNOTS.);
#10320 = CARTESIAN_POINT('',(-0.755702871796,2.47,0.681213814234));
#10321 = CARTESIAN_POINT('',(-0.755702871796,2.48,0.681213814234));
#10322 = CARTESIAN_POINT('',(-0.726693625932,2.47,0.681213814234));
#10323 = CARTESIAN_POINT('',(-0.726693625932,2.48,0.681213814234));
#10324 = ADVANCED_FACE('',(#10325),#10347,.T.);
#10325 = FACE_BOUND('',#10326,.T.);
#10326 = EDGE_LOOP('',(#10327,#10336,#10341,#10342));
#10327 = ORIENTED_EDGE('',*,*,#10328,.F.);
#10328 = EDGE_CURVE('',#10329,#10331,#10333,.T.);
#10329 = VERTEX_POINT('',#10330);
#10330 = CARTESIAN_POINT('',(-0.629580236547,2.47,0.759819512707));
#10331 = VERTEX_POINT('',#10332);
#10332 = CARTESIAN_POINT('',(-0.697840343753,2.47,0.759819512707));
#10333 = B_SPLINE_CURVE_WITH_KNOTS('',1,(#10334,#10335),.UNSPECIFIED.,
  .F.,.F.,(2,2),(-3.330669073875E-16,6.826010720606E-02),
  .PIECEWISE_BEZIER_KNOTS.);
#10334 = CARTESIAN_POINT('',(-0.629580236547,2.47,0.759819512707));
#10335 = CARTESIAN_POINT('',(-0.697840343753,2.47,0.759819512707));
#10336 = ORIENTED_EDGE('',*,*,#10337,.F.);
#10337 = EDGE_CURVE('',#10147,#10329,#10338,.T.);
#10338 = B_SPLINE_CURVE_WITH_KNOTS('',1,(#10339,#10340),.UNSPECIFIED.,
  .F.,.F.,(2,2),(-0.,1.E-02),.PIECEWISE_BEZIER_KNOTS.);
#10339 = CARTESIAN_POINT('',(-0.629580236547,2.48,0.759819512707));
#10340 = CARTESIAN_POINT('',(-0.629580236547,2.47,0.759819512707));
#10341 = ORIENTED_EDGE('',*,*,#10146,.T.);
#10342 = ORIENTED_EDGE('',*,*,#10343,.T.);
#10343 = EDGE_CURVE('',#10149,#10331,#10344,.T.);
#10344 = B_SPLINE_CURVE_WITH_KNOTS('',1,(#10345,#10346),.UNSPECIFIED.,
  .F.,.F.,(2,2),(-0.,1.E-02),.PIECEWISE_BEZIER_KNOTS.);
#10345 = CARTESIAN_POINT('',(-0.697840343753,2.48,0.759819512707));
#10346 = CARTESIAN_POINT('',(-0.697840343753,2.47,0.759819512707));
#10347 = B_SPLINE_SURFACE_WITH_KNOTS('',1,1,(
    (#10348,#10349)
    ,(#10350,#10351
    )),.UNSPECIFIED.,.F.,.F.,.F.,(2,2),(2,2),(-6.826010720606E-02,
    3.330669073875E-16),(-1.E-02,1.919174450322E-33),
  .PIECEWISE_BEZIER_KNOTS.);
#10348 = CARTESIAN_POINT('',(-0.697840343753,2.47,0.759819512707));
#10349 = CARTESIAN_POINT('',(-0.697840343753,2.48,0.759819512707));
#10350 = CARTESIAN_POINT('',(-0.629580236547,2.47,0.759819512707));
#10351 = CARTESIAN_POINT('',(-0.629580236547,2.48,0.759819512707));
#10352 = ADVANCED_FACE('',(#10353),#10369,.T.);
#10353 = FACE_BOUND('',#10354,.T.);
#10354 = EDGE_LOOP('',(#10355,#10362,#10363,#10364));
#10355 = ORIENTED_EDGE('',*,*,#10356,.F.);
#10356 = EDGE_CURVE('',#10331,#10357,#10359,.T.);
#10357 = VERTEX_POINT('',#10358);
#10358 = CARTESIAN_POINT('',(-0.667115497325,2.47,0.844351831304));
#10359 = B_SPLINE_CURVE_WITH_KNOTS('',1,(#10360,#10361),.UNSPECIFIED.,
  .F.,.F.,(2,2),(0.,8.994292120821E-02),.PIECEWISE_BEZIER_KNOTS.);
#10360 = CARTESIAN_POINT('',(-0.697840343753,2.47,0.759819512707));
#10361 = CARTESIAN_POINT('',(-0.667115497325,2.47,0.844351831304));
#10362 = ORIENTED_EDGE('',*,*,#10343,.F.);
#10363 = ORIENTED_EDGE('',*,*,#10187,.T.);
#10364 = ORIENTED_EDGE('',*,*,#10365,.T.);
#10365 = EDGE_CURVE('',#10179,#10357,#10366,.T.);
#10366 = B_SPLINE_CURVE_WITH_KNOTS('',1,(#10367,#10368),.UNSPECIFIED.,
  .F.,.F.,(2,2),(-0.,1.E-02),.PIECEWISE_BEZIER_KNOTS.);
#10367 = CARTESIAN_POINT('',(-0.667115497325,2.48,0.844351831304));
#10368 = CARTESIAN_POINT('',(-0.667115497325,2.47,0.844351831304));
#10369 = B_SPLINE_SURFACE_WITH_KNOTS('',1,1,(
    (#10370,#10371)
    ,(#10372,#10373
    )),.UNSPECIFIED.,.F.,.F.,.F.,(2,2),(2,2),(-8.994292120821E-02,
    1.386368642025E-18),(-1.E-02,1.10863209754E-33),
  .PIECEWISE_BEZIER_KNOTS.);
#10370 = CARTESIAN_POINT('',(-0.667115497325,2.47,0.844351831304));
#10371 = CARTESIAN_POINT('',(-0.667115497325,2.48,0.844351831304));
#10372 = CARTESIAN_POINT('',(-0.697840343753,2.47,0.759819512707));
#10373 = CARTESIAN_POINT('',(-0.697840343753,2.48,0.759819512707));
#10374 = ADVANCED_FACE('',(#10375),#10393,.T.);
#10375 = FACE_BOUND('',#10376,.T.);
#10376 = EDGE_LOOP('',(#10377,#10386,#10387,#10388));
#10377 = ORIENTED_EDGE('',*,*,#10378,.F.);
#10378 = EDGE_CURVE('',#10357,#10379,#10381,.T.);
#10379 = VERTEX_POINT('',#10380);
#10380 = CARTESIAN_POINT('',(-0.663944235681,2.47,0.858596514757));
#10381 = B_SPLINE_CURVE_WITH_KNOTS('',3,(#10382,#10383,#10384,#10385),
  .UNSPECIFIED.,.F.,.F.,(4,4),(1.,2.),.PIECEWISE_BEZIER_KNOTS.);
#10382 = CARTESIAN_POINT('',(-0.667115497325,2.47,0.844351831304));
#10383 = CARTESIAN_POINT('',(-0.666127727306,2.47,0.847159177678));
#10384 = CARTESIAN_POINT('',(-0.665087969388,2.47,0.851838088301));
#10385 = CARTESIAN_POINT('',(-0.663944235681,2.47,0.858596514757));
#10386 = ORIENTED_EDGE('',*,*,#10365,.F.);
#10387 = ORIENTED_EDGE('',*,*,#10178,.T.);
#10388 = ORIENTED_EDGE('',*,*,#10389,.T.);
#10389 = EDGE_CURVE('',#10172,#10379,#10390,.T.);
#10390 = B_SPLINE_CURVE_WITH_KNOTS('',1,(#10391,#10392),.UNSPECIFIED.,
  .F.,.F.,(2,2),(-0.,1.E-02),.PIECEWISE_BEZIER_KNOTS.);
#10391 = CARTESIAN_POINT('',(-0.663944235681,2.48,0.858596514757));
#10392 = CARTESIAN_POINT('',(-0.663944235681,2.47,0.858596514757));
#10393 = B_SPLINE_SURFACE_WITH_KNOTS('',3,1,(
    (#10394,#10395)
    ,(#10396,#10397)
    ,(#10398,#10399)
    ,(#10400,#10401
    )),.UNSPECIFIED.,.F.,.F.,.F.,(4,4),(2,2),(1.,2.),(0.,1.),
  .PIECEWISE_BEZIER_KNOTS.);
#10394 = CARTESIAN_POINT('',(-0.667115497325,2.48,0.844351831304));
#10395 = CARTESIAN_POINT('',(-0.667115497325,2.47,0.844351831304));
#10396 = CARTESIAN_POINT('',(-0.666127727306,2.48,0.847159177678));
#10397 = CARTESIAN_POINT('',(-0.666127727306,2.47,0.847159177678));
#10398 = CARTESIAN_POINT('',(-0.665087969388,2.48,0.851838088301));
#10399 = CARTESIAN_POINT('',(-0.665087969388,2.47,0.851838088301));
#10400 = CARTESIAN_POINT('',(-0.663944235681,2.48,0.858596514757));
#10401 = CARTESIAN_POINT('',(-0.663944235681,2.47,0.858596514757));
#10402 = ADVANCED_FACE('',(#10403),#10419,.T.);
#10403 = FACE_BOUND('',#10404,.T.);
#10404 = EDGE_LOOP('',(#10405,#10412,#10413,#10414));
#10405 = ORIENTED_EDGE('',*,*,#10406,.F.);
#10406 = EDGE_CURVE('',#10379,#10407,#10409,.T.);
#10407 = VERTEX_POINT('',#10408);
#10408 = CARTESIAN_POINT('',(-0.663320380931,2.47,0.858596514757));
#10409 = B_SPLINE_CURVE_WITH_KNOTS('',1,(#10410,#10411),.UNSPECIFIED.,
  .F.,.F.,(2,2),(0.,6.238547504669E-04),.PIECEWISE_BEZIER_KNOTS.);
#10410 = CARTESIAN_POINT('',(-0.663944235681,2.47,0.858596514757));
#10411 = CARTESIAN_POINT('',(-0.663320380931,2.47,0.858596514757));
#10412 = ORIENTED_EDGE('',*,*,#10389,.F.);
#10413 = ORIENTED_EDGE('',*,*,#10171,.T.);
#10414 = ORIENTED_EDGE('',*,*,#10415,.T.);
#10415 = EDGE_CURVE('',#10163,#10407,#10416,.T.);
#10416 = B_SPLINE_CURVE_WITH_KNOTS('',1,(#10417,#10418),.UNSPECIFIED.,
  .F.,.F.,(2,2),(-0.,1.E-02),.PIECEWISE_BEZIER_KNOTS.);
#10417 = CARTESIAN_POINT('',(-0.663320380931,2.48,0.858596514757));
#10418 = CARTESIAN_POINT('',(-0.663320380931,2.47,0.858596514757));
#10419 = B_SPLINE_SURFACE_WITH_KNOTS('',1,1,(
    (#10420,#10421)
    ,(#10422,#10423
    )),.UNSPECIFIED.,.F.,.F.,.F.,(2,2),(2,2),(-6.23854750467E-04,0.),(
    -1.E-02,2.846164193168E-45),.PIECEWISE_BEZIER_KNOTS.);
#10420 = CARTESIAN_POINT('',(-0.663320380931,2.47,0.858596514757));
#10421 = CARTESIAN_POINT('',(-0.663320380931,2.48,0.858596514757));
#10422 = CARTESIAN_POINT('',(-0.663944235681,2.47,0.858596514757));
#10423 = CARTESIAN_POINT('',(-0.663944235681,2.48,0.858596514757));
#10424 = ADVANCED_FACE('',(#10425),#10443,.T.);
#10425 = FACE_BOUND('',#10426,.T.);
#10426 = EDGE_LOOP('',(#10427,#10436,#10437,#10438));
#10427 = ORIENTED_EDGE('',*,*,#10428,.F.);
#10428 = EDGE_CURVE('',#10407,#10429,#10431,.T.);
#10429 = VERTEX_POINT('',#10430);
#10430 = CARTESIAN_POINT('',(-0.659993155598,2.47,0.844351831304));
#10431 = B_SPLINE_CURVE_WITH_KNOTS('',3,(#10432,#10433,#10434,#10435),
  .UNSPECIFIED.,.F.,.F.,(4,4),(3.,4.),.PIECEWISE_BEZIER_KNOTS.);
#10432 = CARTESIAN_POINT('',(-0.663320380931,2.47,0.858596514757));
#10433 = CARTESIAN_POINT('',(-0.66233261091,2.47,0.852461943051));
#10434 = CARTESIAN_POINT('',(-0.661240865099,2.47,0.847679056635));
#10435 = CARTESIAN_POINT('',(-0.659993155598,2.47,0.844351831304));
#10436 = ORIENTED_EDGE('',*,*,#10415,.F.);
#10437 = ORIENTED_EDGE('',*,*,#10162,.T.);
#10438 = ORIENTED_EDGE('',*,*,#10439,.T.);
#10439 = EDGE_CURVE('',#10156,#10429,#10440,.T.);
#10440 = B_SPLINE_CURVE_WITH_KNOTS('',1,(#10441,#10442),.UNSPECIFIED.,
  .F.,.F.,(2,2),(8.881784197001E-16,1.E-02),.PIECEWISE_BEZIER_KNOTS.);
#10441 = CARTESIAN_POINT('',(-0.659993155598,2.48,0.844351831304));
#10442 = CARTESIAN_POINT('',(-0.659993155598,2.47,0.844351831304));
#10443 = B_SPLINE_SURFACE_WITH_KNOTS('',3,1,(
    (#10444,#10445)
    ,(#10446,#10447)
    ,(#10448,#10449)
    ,(#10450,#10451
    )),.UNSPECIFIED.,.F.,.F.,.F.,(4,4),(2,2),(3.,4.),(0.,1.),
  .PIECEWISE_BEZIER_KNOTS.);
#10444 = CARTESIAN_POINT('',(-0.663320380931,2.48,0.858596514757));
#10445 = CARTESIAN_POINT('',(-0.663320380931,2.47,0.858596514757));
#10446 = CARTESIAN_POINT('',(-0.66233261091,2.48,0.852461943051));
#10447 = CARTESIAN_POINT('',(-0.66233261091,2.47,0.852461943051));
#10448 = CARTESIAN_POINT('',(-0.661240865099,2.48,0.847679056635));
#10449 = CARTESIAN_POINT('',(-0.661240865099,2.47,0.847679056635));
#10450 = CARTESIAN_POINT('',(-0.659993155598,2.48,0.844351831304));
#10451 = CARTESIAN_POINT('',(-0.659993155598,2.47,0.844351831304));
#10452 = ADVANCED_FACE('',(#10453),#10463,.T.);
#10453 = FACE_BOUND('',#10454,.T.);
#10454 = EDGE_LOOP('',(#10455,#10460,#10461,#10462));
#10455 = ORIENTED_EDGE('',*,*,#10456,.F.);
#10456 = EDGE_CURVE('',#10429,#10329,#10457,.T.);
#10457 = B_SPLINE_CURVE_WITH_KNOTS('',1,(#10458,#10459),.UNSPECIFIED.,
  .F.,.F.,(2,2),(1.796367339628E-16,8.983684395963E-02),
  .PIECEWISE_BEZIER_KNOTS.);
#10458 = CARTESIAN_POINT('',(-0.659993155598,2.47,0.844351831304));
#10459 = CARTESIAN_POINT('',(-0.629580236547,2.47,0.759819512707));
#10460 = ORIENTED_EDGE('',*,*,#10439,.F.);
#10461 = ORIENTED_EDGE('',*,*,#10155,.T.);
#10462 = ORIENTED_EDGE('',*,*,#10337,.T.);
#10463 = B_SPLINE_SURFACE_WITH_KNOTS('',1,1,(
    (#10464,#10465)
    ,(#10466,#10467
    )),.UNSPECIFIED.,.F.,.F.,.F.,(2,2),(2,2),(-8.983684395963E-02,
    -1.044668560194E-16),(-1.E-02,0.),.PIECEWISE_BEZIER_KNOTS.);
#10464 = CARTESIAN_POINT('',(-0.629580236547,2.47,0.759819512707));
#10465 = CARTESIAN_POINT('',(-0.629580236547,2.48,0.759819512707));
#10466 = CARTESIAN_POINT('',(-0.659993155598,2.47,0.844351831304));
#10467 = CARTESIAN_POINT('',(-0.659993155598,2.48,0.844351831304));
#10468 = ADVANCED_FACE('',(#10469),#10477,.T.);
#10469 = FACE_BOUND('',#10470,.T.);
#10470 = EDGE_LOOP('',(#10471,#10472,#10473,#10474,#10475,#10476));
#10471 = ORIENTED_EDGE('',*,*,#10328,.T.);
#10472 = ORIENTED_EDGE('',*,*,#10356,.T.);
#10473 = ORIENTED_EDGE('',*,*,#10378,.T.);
#10474 = ORIENTED_EDGE('',*,*,#10406,.T.);
#10475 = ORIENTED_EDGE('',*,*,#10428,.T.);
#10476 = ORIENTED_EDGE('',*,*,#10456,.T.);
#10477 = B_SPLINE_SURFACE_WITH_KNOTS('',1,1,(
    (#10478,#10479)
    ,(#10480,#10481
    )),.UNSPECIFIED.,.F.,.F.,.F.,(2,2),(2,2),(0.729819412707,
    0.828596414757),(1.902159656247,1.970419763453),
  .PIECEWISE_BEZIER_KNOTS.);
#10478 = CARTESIAN_POINT('',(-0.697840343753,2.47,0.759819512707));
#10479 = CARTESIAN_POINT('',(-0.629580236547,2.47,0.759819512707));
#10480 = CARTESIAN_POINT('',(-0.697840343753,2.47,0.858596514757));
#10481 = CARTESIAN_POINT('',(-0.629580236547,2.47,0.858596514757));
#10482 = ADVANCED_FACE('',(#10483,#10772),#10797,.F.);
#10483 = FACE_BOUND('',#10484,.T.);
#10484 = EDGE_LOOP('',(#10485,#10496,#10505,#10514,#10523,#10532,#10541,
    #10550,#10559,#10568,#10577,#10586,#10595,#10604,#10611,#10618,
    #10625,#10634,#10643,#10652,#10661,#10670,#10679,#10688,#10697,
    #10706,#10715,#10722,#10731,#10740,#10749,#10756,#10765));
#10485 = ORIENTED_EDGE('',*,*,#10486,.T.);
#10486 = EDGE_CURVE('',#10487,#10489,#10491,.T.);
#10487 = VERTEX_POINT('',#10488);
#10488 = CARTESIAN_POINT('',(0.48175732441,2.48,0.882946674673));
#10489 = VERTEX_POINT('',#10490);
#10490 = CARTESIAN_POINT('',(0.624910021201,2.48,1.072370944374));
#10491 = B_SPLINE_CURVE_WITH_KNOTS('',3,(#10492,#10493,#10494,#10495),
  .UNSPECIFIED.,.F.,.F.,(4,4),(35.,36.),.PIECEWISE_BEZIER_KNOTS.);
#10492 = CARTESIAN_POINT('',(0.48175732441,2.48,0.882946674673));
#10493 = CARTESIAN_POINT('',(0.483203289517,2.48,0.969705849747));
#10494 = CARTESIAN_POINT('',(0.542488796606,2.48,1.046343186335));
#10495 = CARTESIAN_POINT('',(0.624910021201,2.48,1.072370944374));
#10496 = ORIENTED_EDGE('',*,*,#10497,.T.);
#10497 = EDGE_CURVE('',#10489,#10498,#10500,.T.);
#10498 = VERTEX_POINT('',#10499);
#10499 = CARTESIAN_POINT('',(0.702993350476,2.48,1.186603932227));
#10500 = B_SPLINE_CURVE_WITH_KNOTS('',3,(#10501,#10502,#10503,#10504),
  .UNSPECIFIED.,.F.,.F.,(4,4),(0.,1.),.PIECEWISE_BEZIER_KNOTS.);
#10501 = CARTESIAN_POINT('',(0.624910021201,2.48,1.072370944374));
#10502 = CARTESIAN_POINT('',(0.640815858013,2.48,1.11575055949));
#10503 = CARTESIAN_POINT('',(0.668289636318,2.48,1.154792210339));
#10504 = CARTESIAN_POINT('',(0.702993350476,2.48,1.186603932227));
#10505 = ORIENTED_EDGE('',*,*,#10506,.T.);
#10506 = EDGE_CURVE('',#10498,#10507,#10509,.T.);
#10507 = VERTEX_POINT('',#10508);
#10508 = CARTESIAN_POINT('',(0.89964758361,2.48,1.261795269235));
#10509 = B_SPLINE_CURVE_WITH_KNOTS('',3,(#10510,#10511,#10512,#10513),
  .UNSPECIFIED.,.F.,.F.,(4,4),(1.,2.),.PIECEWISE_BEZIER_KNOTS.);
#10510 = CARTESIAN_POINT('',(0.702993350476,2.48,1.186603932227));
#10511 = CARTESIAN_POINT('',(0.757940851926,2.48,1.234321513339));
#10512 = CARTESIAN_POINT('',(0.827348225082,2.48,1.261795269235));
#10513 = CARTESIAN_POINT('',(0.89964758361,2.48,1.261795269235));
#10514 = ORIENTED_EDGE('',*,*,#10515,.T.);
#10515 = EDGE_CURVE('',#10507,#10516,#10518,.T.);
#10516 = VERTEX_POINT('',#10517);
#10517 = CARTESIAN_POINT('',(1.073166044079,2.48,1.205401768203));
#10518 = B_SPLINE_CURVE_WITH_KNOTS('',3,(#10519,#10520,#10521,#10522),
  .UNSPECIFIED.,.F.,.F.,(4,4),(2.,3.),.PIECEWISE_BEZIER_KNOTS.);
#10519 = CARTESIAN_POINT('',(0.89964758361,2.48,1.261795269235));
#10520 = CARTESIAN_POINT('',(0.963271013599,2.48,1.261795269235));
#10521 = CARTESIAN_POINT('',(1.022556493108,2.48,1.241551449192));
#10522 = CARTESIAN_POINT('',(1.073166044079,2.48,1.205401768203));
#10523 = ORIENTED_EDGE('',*,*,#10524,.T.);
#10524 = EDGE_CURVE('',#10516,#10525,#10527,.T.);
#10525 = VERTEX_POINT('',#10526);
#10526 = CARTESIAN_POINT('',(1.136789474068,2.48,1.14177833132));
#10527 = B_SPLINE_CURVE_WITH_KNOTS('',3,(#10528,#10529,#10530,#10531),
  .UNSPECIFIED.,.F.,.F.,(4,4),(3.,4.),.PIECEWISE_BEZIER_KNOTS.);
#10528 = CARTESIAN_POINT('',(1.073166044079,2.48,1.205401768203));
#10529 = CARTESIAN_POINT('',(1.097747837011,2.48,1.188049918019));
#10530 = CARTESIAN_POINT('',(1.117991651882,2.48,1.166360110461));
#10531 = CARTESIAN_POINT('',(1.136789474068,2.48,1.14177833132));
#10532 = ORIENTED_EDGE('',*,*,#10533,.T.);
#10533 = EDGE_CURVE('',#10525,#10534,#10536,.T.);
#10534 = VERTEX_POINT('',#10535);
#10535 = CARTESIAN_POINT('',(1.170047167959,2.48,1.144670302902));
#10536 = B_SPLINE_CURVE_WITH_KNOTS('',3,(#10537,#10538,#10539,#10540),
  .UNSPECIFIED.,.F.,.F.,(4,4),(4.,5.),.PIECEWISE_BEZIER_KNOTS.);
#10537 = CARTESIAN_POINT('',(1.136789474068,2.48,1.14177833132));
#10538 = CARTESIAN_POINT('',(1.148357360401,2.48,1.143224324006));
#10539 = CARTESIAN_POINT('',(1.158479281626,2.48,1.144670302902));
#10540 = CARTESIAN_POINT('',(1.170047167959,2.48,1.144670302902));
#10541 = ORIENTED_EDGE('',*,*,#10542,.T.);
#10542 = EDGE_CURVE('',#10534,#10543,#10545,.T.);
#10543 = VERTEX_POINT('',#10544);
#10544 = CARTESIAN_POINT('',(1.336335692575,2.48,1.075262915957));
#10545 = B_SPLINE_CURVE_WITH_KNOTS('',3,(#10546,#10547,#10548,#10549),
  .UNSPECIFIED.,.F.,.F.,(4,4),(5.,6.),.PIECEWISE_BEZIER_KNOTS.);
#10546 = CARTESIAN_POINT('',(1.170047167959,2.48,1.144670302902));
#10547 = CARTESIAN_POINT('',(1.232224619052,2.48,1.144670302902));
#10548 = CARTESIAN_POINT('',(1.291510084771,2.48,1.120088523762));
#10549 = CARTESIAN_POINT('',(1.336335692575,2.48,1.075262915957));
#10550 = ORIENTED_EDGE('',*,*,#10551,.T.);
#10551 = EDGE_CURVE('',#10543,#10552,#10554,.T.);
#10552 = VERTEX_POINT('',#10553);
#10553 = CARTESIAN_POINT('',(1.404297128204,2.48,0.910420397818));
#10554 = B_SPLINE_CURVE_WITH_KNOTS('',3,(#10555,#10556,#10557,#10558),
  .UNSPECIFIED.,.F.,.F.,(4,4),(6.,7.),.PIECEWISE_BEZIER_KNOTS.);
#10555 = CARTESIAN_POINT('',(1.336335692575,2.48,1.075262915957));
#10556 = CARTESIAN_POINT('',(1.379715345615,2.48,1.03188331463));
#10557 = CARTESIAN_POINT('',(1.404297128204,2.48,0.972597835119));
#10558 = CARTESIAN_POINT('',(1.404297128204,2.48,0.910420397818));
#10559 = ORIENTED_EDGE('',*,*,#10560,.T.);
#10560 = EDGE_CURVE('',#10552,#10561,#10563,.T.);
#10561 = VERTEX_POINT('',#10562);
#10562 = CARTESIAN_POINT('',(1.343565669797,2.48,0.752807829321));
#10563 = B_SPLINE_CURVE_WITH_KNOTS('',3,(#10564,#10565,#10566,#10567),
  .UNSPECIFIED.,.F.,.F.,(4,4),(7.,8.),.PIECEWISE_BEZIER_KNOTS.);
#10564 = CARTESIAN_POINT('',(1.404297128204,2.48,0.910420397818));
#10565 = CARTESIAN_POINT('',(1.404297128204,2.48,0.852580910994));
#10566 = CARTESIAN_POINT('',(1.382607320646,2.48,0.796187389278));
#10567 = CARTESIAN_POINT('',(1.343565669797,2.48,0.752807829321));
#10568 = ORIENTED_EDGE('',*,*,#10569,.T.);
#10569 = EDGE_CURVE('',#10561,#10570,#10572,.T.);
#10570 = VERTEX_POINT('',#10571);
#10571 = CARTESIAN_POINT('',(1.227886696152,2.48,0.683400456166));
#10572 = B_SPLINE_CURVE_WITH_KNOTS('',3,(#10573,#10574,#10575,#10576),
  .UNSPECIFIED.,.F.,.F.,(4,4),(8.,9.),.PIECEWISE_BEZIER_KNOTS.);
#10573 = CARTESIAN_POINT('',(1.343565669797,2.48,0.752807829321));
#10574 = CARTESIAN_POINT('',(1.311753954804,2.48,0.718104115163));
#10575 = CARTESIAN_POINT('',(1.272712290166,2.48,0.694968342498));
#10576 = CARTESIAN_POINT('',(1.227886696152,2.48,0.683400456166));
#10577 = ORIENTED_EDGE('',*,*,#10578,.T.);
#10578 = EDGE_CURVE('',#10570,#10579,#10581,.T.);
#10579 = VERTEX_POINT('',#10580);
#10580 = CARTESIAN_POINT('',(1.090517901157,2.48,0.585073339598));
#10581 = B_SPLINE_CURVE_WITH_KNOTS('',3,(#10582,#10583,#10584,#10585),
  .UNSPECIFIED.,.F.,.F.,(4,4),(9.,10.),.PIECEWISE_BEZIER_KNOTS.);
#10582 = CARTESIAN_POINT('',(1.227886696152,2.48,0.683400456166));
#10583 = CARTESIAN_POINT('',(1.209088860177,2.48,0.625560969342));
#10584 = CARTESIAN_POINT('',(1.154141358727,2.48,0.585073339598));
#10585 = CARTESIAN_POINT('',(1.090517901157,2.48,0.585073339598));
#10586 = ORIENTED_EDGE('',*,*,#10587,.T.);
#10587 = EDGE_CURVE('',#10579,#10588,#10590,.T.);
#10588 = VERTEX_POINT('',#10589);
#10589 = CARTESIAN_POINT('',(0.9459191841,2.48,0.729672056655));
#10590 = B_SPLINE_CURVE_WITH_KNOTS('',3,(#10591,#10592,#10593,#10594),
  .UNSPECIFIED.,.F.,.F.,(4,4),(10.,11.),.PIECEWISE_BEZIER_KNOTS.);
#10591 = CARTESIAN_POINT('',(1.090517901157,2.48,0.585073339598));
#10592 = CARTESIAN_POINT('',(1.010988606776,2.48,0.585073339598));
#10593 = CARTESIAN_POINT('',(0.9459191841,2.48,0.650142762274));
#10594 = CARTESIAN_POINT('',(0.9459191841,2.48,0.729672056655));
#10595 = ORIENTED_EDGE('',*,*,#10596,.T.);
#10596 = EDGE_CURVE('',#10588,#10597,#10599,.T.);
#10597 = VERTEX_POINT('',#10598);
#10598 = CARTESIAN_POINT('',(0.9459191841,2.48,0.744131928362));
#10599 = B_SPLINE_CURVE_WITH_KNOTS('',3,(#10600,#10601,#10602,#10603),
  .UNSPECIFIED.,.F.,.F.,(4,4),(11.,12.),.PIECEWISE_BEZIER_KNOTS.);
#10600 = CARTESIAN_POINT('',(0.9459191841,2.48,0.729672056655));
#10601 = CARTESIAN_POINT('',(0.9459191841,2.48,0.734010007135));
#10602 = CARTESIAN_POINT('',(0.9459191841,2.48,0.738347957616));
#10603 = CARTESIAN_POINT('',(0.9459191841,2.48,0.744131928362));
#10604 = ORIENTED_EDGE('',*,*,#10605,.T.);
#10605 = EDGE_CURVE('',#10597,#10606,#10608,.T.);
#10606 = VERTEX_POINT('',#10607);
#10607 = CARTESIAN_POINT('',(0.74348098022,2.48,0.851134973468));
#10608 = B_SPLINE_CURVE_WITH_KNOTS('',1,(#10609,#10610),.UNSPECIFIED.,
  .F.,.F.,(2,2),(-1.500357901255E-16,0.228977898611),
  .PIECEWISE_BEZIER_KNOTS.);
#10609 = CARTESIAN_POINT('',(0.9459191841,2.48,0.744131928362));
#10610 = CARTESIAN_POINT('',(0.74348098022,2.48,0.851134973468));
#10611 = ORIENTED_EDGE('',*,*,#10612,.T.);
#10612 = EDGE_CURVE('',#10606,#10613,#10615,.T.);
#10613 = VERTEX_POINT('',#10614);
#10614 = CARTESIAN_POINT('',(0.788306560444,2.48,0.927772310056));
#10615 = B_SPLINE_CURVE_WITH_KNOTS('',1,(#10616,#10617),.UNSPECIFIED.,
  .F.,.F.,(2,2),(0.,8.878408642163E-02),.PIECEWISE_BEZIER_KNOTS.);
#10616 = CARTESIAN_POINT('',(0.74348098022,2.48,0.851134973468));
#10617 = CARTESIAN_POINT('',(0.788306560444,2.48,0.927772310056));
#10618 = ORIENTED_EDGE('',*,*,#10619,.T.);
#10619 = EDGE_CURVE('',#10613,#10620,#10622,.T.);
#10620 = VERTEX_POINT('',#10621);
#10621 = CARTESIAN_POINT('',(0.982068835784,2.48,0.826553208116));
#10622 = B_SPLINE_CURVE_WITH_KNOTS('',1,(#10623,#10624),.UNSPECIFIED.,
  .F.,.F.,(2,2),(0.,0.218607241286),.PIECEWISE_BEZIER_KNOTS.);
#10623 = CARTESIAN_POINT('',(0.788306560444,2.48,0.927772310056));
#10624 = CARTESIAN_POINT('',(0.982068835784,2.48,0.826553208116));
#10625 = ORIENTED_EDGE('',*,*,#10626,.T.);
#10626 = EDGE_CURVE('',#10620,#10627,#10629,.T.);
#10627 = VERTEX_POINT('',#10628);
#10628 = CARTESIAN_POINT('',(1.090517873577,2.48,0.8757167664));
#10629 = B_SPLINE_CURVE_WITH_KNOTS('',3,(#10630,#10631,#10632,#10633),
  .UNSPECIFIED.,.F.,.F.,(4,4),(15.,16.),.PIECEWISE_BEZIER_KNOTS.);
#10630 = CARTESIAN_POINT('',(0.982068835784,2.48,0.826553208116));
#10631 = CARTESIAN_POINT('',(1.008096593823,2.48,0.856918944215));
#10632 = CARTESIAN_POINT('',(1.04713825846,2.48,0.8757167664));
#10633 = CARTESIAN_POINT('',(1.090517873577,2.48,0.8757167664));
#10634 = ORIENTED_EDGE('',*,*,#10635,.T.);
#10635 = EDGE_CURVE('',#10627,#10636,#10638,.T.);
#10636 = VERTEX_POINT('',#10637);
#10637 = CARTESIAN_POINT('',(1.226440662095,2.48,0.780281607627));
#10638 = B_SPLINE_CURVE_WITH_KNOTS('',3,(#10639,#10640,#10641,#10642),
  .UNSPECIFIED.,.F.,.F.,(4,4),(16.,17.),.PIECEWISE_BEZIER_KNOTS.);
#10639 = CARTESIAN_POINT('',(1.090517873577,2.48,0.8757167664));
#10640 = CARTESIAN_POINT('',(1.15269533846,2.48,0.8757167664));
#10641 = CARTESIAN_POINT('',(1.206196847223,2.48,0.835229136657));
#10642 = CARTESIAN_POINT('',(1.226440662095,2.48,0.780281607627));
#10643 = ORIENTED_EDGE('',*,*,#10644,.T.);
#10644 = EDGE_CURVE('',#10636,#10645,#10647,.T.);
#10645 = VERTEX_POINT('',#10646);
#10646 = CARTESIAN_POINT('',(1.31319989233,2.48,0.913312438351));
#10647 = B_SPLINE_CURVE_WITH_KNOTS('',3,(#10648,#10649,#10650,#10651),
  .UNSPECIFIED.,.F.,.F.,(4,4),(17.,18.),.PIECEWISE_BEZIER_KNOTS.);
#10648 = CARTESIAN_POINT('',(1.226440662095,2.48,0.780281607627));
#10649 = CARTESIAN_POINT('',(1.277050213065,2.48,0.803417407871));
#10650 = CARTESIAN_POINT('',(1.31319989233,2.48,0.854026958841));
#10651 = CARTESIAN_POINT('',(1.31319989233,2.48,0.913312438351));
#10652 = ORIENTED_EDGE('',*,*,#10653,.T.);
#10653 = EDGE_CURVE('',#10645,#10654,#10656,.T.);
#10654 = VERTEX_POINT('',#10655);
#10655 = CARTESIAN_POINT('',(1.168601175273,2.48,1.057911155408));
#10656 = B_SPLINE_CURVE_WITH_KNOTS('',3,(#10657,#10658,#10659,#10660),
  .UNSPECIFIED.,.F.,.F.,(4,4),(18.,19.),.PIECEWISE_BEZIER_KNOTS.);
#10657 = CARTESIAN_POINT('',(1.31319989233,2.48,0.913312438351));
#10658 = CARTESIAN_POINT('',(1.31319989233,2.48,0.992841732733));
#10659 = CARTESIAN_POINT('',(1.248130469654,2.48,1.057911155408));
#10660 = CARTESIAN_POINT('',(1.168601175273,2.48,1.057911155408));
#10661 = ORIENTED_EDGE('',*,*,#10662,.T.);
#10662 = EDGE_CURVE('',#10654,#10663,#10665,.T.);
#10663 = VERTEX_POINT('',#10664);
#10664 = CARTESIAN_POINT('',(1.091963866264,2.48,1.036221347848));
#10665 = B_SPLINE_CURVE_WITH_KNOTS('',3,(#10666,#10667,#10668,#10669),
  .UNSPECIFIED.,.F.,.F.,(4,4),(19.,20.),.PIECEWISE_BEZIER_KNOTS.);
#10666 = CARTESIAN_POINT('',(1.168601175273,2.48,1.057911155408));
#10667 = CARTESIAN_POINT('',(1.141127424547,2.48,1.057911155408));
#10668 = CARTESIAN_POINT('',(1.113653673822,2.48,1.049235226869));
#10669 = CARTESIAN_POINT('',(1.091963866264,2.48,1.036221347848));
#10670 = ORIENTED_EDGE('',*,*,#10671,.T.);
#10671 = EDGE_CURVE('',#10663,#10672,#10674,.T.);
#10672 = VERTEX_POINT('',#10673);
#10673 = CARTESIAN_POINT('',(0.898201618503,2.48,1.175036039));
#10674 = B_SPLINE_CURVE_WITH_KNOTS('',3,(#10675,#10676,#10677,#10678),
  .UNSPECIFIED.,.F.,.F.,(4,4),(20.,21.),.PIECEWISE_BEZIER_KNOTS.);
#10675 = CARTESIAN_POINT('',(1.091963866264,2.48,1.036221347848));
#10676 = CARTESIAN_POINT('',(1.064490143119,2.48,1.117196552178));
#10677 = CARTESIAN_POINT('',(0.989298799218,2.48,1.175036039));
#10678 = CARTESIAN_POINT('',(0.898201618503,2.48,1.175036039));
#10679 = ORIENTED_EDGE('',*,*,#10680,.T.);
#10680 = EDGE_CURVE('',#10672,#10681,#10683,.T.);
#10681 = VERTEX_POINT('',#10682);
#10682 = CARTESIAN_POINT('',(0.695763414623,2.48,0.994287642679));
#10683 = B_SPLINE_CURVE_WITH_KNOTS('',3,(#10684,#10685,#10686,#10687),
  .UNSPECIFIED.,.F.,.F.,(4,4),(21.,22.),.PIECEWISE_BEZIER_KNOTS.);
#10684 = CARTESIAN_POINT('',(0.898201618503,2.48,1.175036039));
#10685 = CARTESIAN_POINT('',(0.794090531189,2.48,1.175036039));
#10686 = CARTESIAN_POINT('',(0.707331300956,2.48,1.095506744619));
#10687 = CARTESIAN_POINT('',(0.695763414623,2.48,0.994287642679));
#10688 = ORIENTED_EDGE('',*,*,#10689,.T.);
#10689 = EDGE_CURVE('',#10681,#10690,#10692,.T.);
#10690 = VERTEX_POINT('',#10691);
#10691 = CARTESIAN_POINT('',(0.68419552829,2.48,0.994287642679));
#10692 = B_SPLINE_CURVE_WITH_KNOTS('',3,(#10693,#10694,#10695,#10696),
  .UNSPECIFIED.,.F.,.F.,(4,4),(22.,23.),.PIECEWISE_BEZIER_KNOTS.);
#10693 = CARTESIAN_POINT('',(0.695763414623,2.48,0.994287642679));
#10694 = CARTESIAN_POINT('',(0.691425464143,2.48,0.994287642679));
#10695 = CARTESIAN_POINT('',(0.68853347877,2.48,0.994287642679));
#10696 = CARTESIAN_POINT('',(0.68419552829,2.48,0.994287642679));
#10697 = ORIENTED_EDGE('',*,*,#10698,.T.);
#10698 = EDGE_CURVE('',#10690,#10699,#10701,.T.);
#10699 = VERTEX_POINT('',#10700);
#10700 = CARTESIAN_POINT('',(0.571408540018,2.48,0.881500654406));
#10701 = B_SPLINE_CURVE_WITH_KNOTS('',3,(#10702,#10703,#10704,#10705),
  .UNSPECIFIED.,.F.,.F.,(4,4),(23.,24.),.PIECEWISE_BEZIER_KNOTS.);
#10702 = CARTESIAN_POINT('',(0.68419552829,2.48,0.994287642679));
#10703 = CARTESIAN_POINT('',(0.622018090988,2.48,0.994287642679));
#10704 = CARTESIAN_POINT('',(0.571408540018,2.48,0.943678091709));
#10705 = CARTESIAN_POINT('',(0.571408540018,2.48,0.881500654406));
#10706 = ORIENTED_EDGE('',*,*,#10707,.T.);
#10707 = EDGE_CURVE('',#10699,#10708,#10710,.T.);
#10708 = VERTEX_POINT('',#10709);
#10709 = CARTESIAN_POINT('',(0.675519627331,2.48,0.768713666134));
#10710 = B_SPLINE_CURVE_WITH_KNOTS('',3,(#10711,#10712,#10713,#10714),
  .UNSPECIFIED.,.F.,.F.,(4,4),(24.,25.),.PIECEWISE_BEZIER_KNOTS.);
#10711 = CARTESIAN_POINT('',(0.571408540018,2.48,0.881500654406));
#10712 = CARTESIAN_POINT('',(0.571408540018,2.48,0.822215174896));
#10713 = CARTESIAN_POINT('',(0.616234120242,2.48,0.773051616614));
#10714 = CARTESIAN_POINT('',(0.675519627331,2.48,0.768713666134));
#10715 = ORIENTED_EDGE('',*,*,#10716,.T.);
#10716 = EDGE_CURVE('',#10708,#10717,#10719,.T.);
#10717 = VERTEX_POINT('',#10718);
#10718 = CARTESIAN_POINT('',(0.740589050006,2.48,0.768713666134));
#10719 = B_SPLINE_CURVE_WITH_KNOTS('',1,(#10720,#10721),.UNSPECIFIED.,
  .F.,.F.,(2,2),(1.110223024625E-16,6.506942267584E-02),
  .PIECEWISE_BEZIER_KNOTS.);
#10720 = CARTESIAN_POINT('',(0.675519627331,2.48,0.768713666134));
#10721 = CARTESIAN_POINT('',(0.740589050006,2.48,0.768713666134));
#10722 = ORIENTED_EDGE('',*,*,#10723,.T.);
#10723 = EDGE_CURVE('',#10717,#10724,#10726,.T.);
#10724 = VERTEX_POINT('',#10725);
#10725 = CARTESIAN_POINT('',(0.749264950966,2.48,0.77015963124));
#10726 = B_SPLINE_CURVE_WITH_KNOTS('',3,(#10727,#10728,#10729,#10730),
  .UNSPECIFIED.,.F.,.F.,(4,4),(26.,27.),.PIECEWISE_BEZIER_KNOTS.);
#10727 = CARTESIAN_POINT('',(0.740589050006,2.48,0.768713666134));
#10728 = CARTESIAN_POINT('',(0.74348103538,2.48,0.768713666134));
#10729 = CARTESIAN_POINT('',(0.746373020753,2.48,0.77015963124));
#10730 = CARTESIAN_POINT('',(0.749264950966,2.48,0.77015963124));
#10731 = ORIENTED_EDGE('',*,*,#10732,.T.);
#10732 = EDGE_CURVE('',#10724,#10733,#10735,.T.);
#10733 = VERTEX_POINT('',#10734);
#10734 = CARTESIAN_POINT('',(0.794090531189,2.48,0.725334051017));
#10735 = B_SPLINE_CURVE_WITH_KNOTS('',3,(#10736,#10737,#10738,#10739),
  .UNSPECIFIED.,.F.,.F.,(4,4),(27.,28.),.PIECEWISE_BEZIER_KNOTS.);
#10736 = CARTESIAN_POINT('',(0.749264950966,2.48,0.77015963124));
#10737 = CARTESIAN_POINT('',(0.773846743898,2.48,0.77015963124));
#10738 = CARTESIAN_POINT('',(0.794090531189,2.48,0.749915788788));
#10739 = CARTESIAN_POINT('',(0.794090531189,2.48,0.725334051017));
#10740 = ORIENTED_EDGE('',*,*,#10741,.T.);
#10741 = EDGE_CURVE('',#10733,#10742,#10744,.T.);
#10742 = VERTEX_POINT('',#10743);
#10743 = CARTESIAN_POINT('',(0.752156881179,2.48,0.680508470792));
#10744 = B_SPLINE_CURVE_WITH_KNOTS('',3,(#10745,#10746,#10747,#10748),
  .UNSPECIFIED.,.F.,.F.,(4,4),(28.,29.),.PIECEWISE_BEZIER_KNOTS.);
#10745 = CARTESIAN_POINT('',(0.794090531189,2.48,0.725334051017));
#10746 = CARTESIAN_POINT('',(0.794090531189,2.48,0.702198278351));
#10747 = CARTESIAN_POINT('',(0.775292709005,2.48,0.681954435898));
#10748 = CARTESIAN_POINT('',(0.752156881179,2.48,0.680508470792));
#10749 = ORIENTED_EDGE('',*,*,#10750,.T.);
#10750 = EDGE_CURVE('',#10742,#10751,#10753,.T.);
#10751 = VERTEX_POINT('',#10752);
#10752 = CARTESIAN_POINT('',(0.666843671211,2.48,0.680508470792));
#10753 = B_SPLINE_CURVE_WITH_KNOTS('',1,(#10754,#10755),.UNSPECIFIED.,
  .F.,.F.,(2,2),(-1.110223024625E-16,8.531320996817E-02),
  .PIECEWISE_BEZIER_KNOTS.);
#10754 = CARTESIAN_POINT('',(0.752156881179,2.48,0.680508470792));
#10755 = CARTESIAN_POINT('',(0.666843671211,2.48,0.680508470792));
#10756 = ORIENTED_EDGE('',*,*,#10757,.T.);
#10757 = EDGE_CURVE('',#10751,#10758,#10760,.T.);
#10758 = VERTEX_POINT('',#10759);
#10759 = CARTESIAN_POINT('',(0.535258860754,2.48,0.745577893468));
#10760 = B_SPLINE_CURVE_WITH_KNOTS('',3,(#10761,#10762,#10763,#10764),
  .UNSPECIFIED.,.F.,.F.,(4,4),(33.,34.),.PIECEWISE_BEZIER_KNOTS.);
#10761 = CARTESIAN_POINT('',(0.666843671211,2.48,0.680508470792));
#10762 = CARTESIAN_POINT('',(0.616234120242,2.48,0.684846421272));
#10763 = CARTESIAN_POINT('',(0.569962519751,2.48,0.707982249097));
#10764 = CARTESIAN_POINT('',(0.535258860754,2.48,0.745577893468));
#10765 = ORIENTED_EDGE('',*,*,#10766,.T.);
#10766 = EDGE_CURVE('',#10758,#10487,#10767,.T.);
#10767 = B_SPLINE_CURVE_WITH_KNOTS('',3,(#10768,#10769,#10770,#10771),
  .UNSPECIFIED.,.F.,.F.,(4,4),(34.,35.),.PIECEWISE_BEZIER_KNOTS.);
#10768 = CARTESIAN_POINT('',(0.535258860754,2.48,0.745577893468));
#10769 = CARTESIAN_POINT('',(0.500555146595,2.48,0.783173537839));
#10770 = CARTESIAN_POINT('',(0.48175732441,2.48,0.832337123703));
#10771 = CARTESIAN_POINT('',(0.48175732441,2.48,0.882946674673));
#10772 = FACE_BOUND('',#10773,.T.);
#10773 = EDGE_LOOP('',(#10774,#10788));
#10774 = ORIENTED_EDGE('',*,*,#10775,.F.);
#10775 = EDGE_CURVE('',#10776,#10778,#10780,.T.);
#10776 = VERTEX_POINT('',#10777);
#10777 = CARTESIAN_POINT('',(1.091963893844,2.48,0.671832459513));
#10778 = VERTEX_POINT('',#10779);
#10779 = CARTESIAN_POINT('',(1.091963893844,2.48,0.784619502945));
#10780 = B_SPLINE_CURVE_WITH_KNOTS('',3,(#10781,#10782,#10783,#10784,
    #10785,#10786,#10787),.UNSPECIFIED.,.F.,.F.,(4,3,4),(0.,1.,2.),
  .PIECEWISE_BEZIER_KNOTS.);
#10781 = CARTESIAN_POINT('',(1.091963893844,2.48,0.671832459513));
#10782 = CARTESIAN_POINT('',(1.06015219264,2.48,0.671832459513));
#10783 = CARTESIAN_POINT('',(1.035570399708,2.48,0.697860272711));
#10784 = CARTESIAN_POINT('',(1.035570399708,2.48,0.728225981229));
#10785 = CARTESIAN_POINT('',(1.035570399708,2.48,0.760037710013));
#10786 = CARTESIAN_POINT('',(1.061598157746,2.48,0.784619502945));
#10787 = CARTESIAN_POINT('',(1.091963893844,2.48,0.784619502945));
#10788 = ORIENTED_EDGE('',*,*,#10789,.F.);
#10789 = EDGE_CURVE('',#10778,#10776,#10790,.T.);
#10790 = B_SPLINE_CURVE_WITH_KNOTS('',3,(#10791,#10792,#10793,#10794,
    #10795,#10796),.UNSPECIFIED.,.F.,.F.,(4,2,4),(2.,3.,4.),
  .UNSPECIFIED.);
#10791 = CARTESIAN_POINT('',(1.091963893844,2.48,0.784619502945));
#10792 = CARTESIAN_POINT('',(1.122329629942,2.48,0.784619502945));
#10793 = CARTESIAN_POINT('',(1.148357387981,2.48,0.760037710013));
#10794 = CARTESIAN_POINT('',(1.148357387981,2.48,0.696414252445));
#10795 = CARTESIAN_POINT('',(1.122329629942,2.48,0.671832459513));
#10796 = CARTESIAN_POINT('',(1.091963893844,2.48,0.671832459513));
#10797 = B_SPLINE_SURFACE_WITH_KNOTS('',1,1,(
    (#10798,#10799)
    ,(#10800,#10801
    )),.UNSPECIFIED.,.F.,.F.,.F.,(2,2),(2,2),(-0.261362178323,
    0.415359751313),(-4.121062608758E-02,0.881329177706),
  .PIECEWISE_BEZIER_KNOTS.);
#10798 = CARTESIAN_POINT('',(0.48175732441,2.48,1.261795269235));
#10799 = CARTESIAN_POINT('',(1.404297128204,2.48,1.261795269235));
#10800 = CARTESIAN_POINT('',(0.48175732441,2.48,0.585073339598));
#10801 = CARTESIAN_POINT('',(1.404297128204,2.48,0.585073339598));
#10802 = ADVANCED_FACE('',(#10803),#10817,.F.);
#10803 = FACE_BOUND('',#10804,.F.);
#10804 = EDGE_LOOP('',(#10805,#10810,#10811,#10816));
#10805 = ORIENTED_EDGE('',*,*,#10806,.F.);
#10806 = EDGE_CURVE('',#10487,#1299,#10807,.T.);
#10807 = B_SPLINE_CURVE_WITH_KNOTS('',1,(#10808,#10809),.UNSPECIFIED.,
  .F.,.F.,(2,2),(-0.,1.E-02),.PIECEWISE_BEZIER_KNOTS.);
#10808 = CARTESIAN_POINT('',(0.48175732441,2.48,0.882946674673));
#10809 = CARTESIAN_POINT('',(0.48175732441,2.47,0.882946674673));
#10810 = ORIENTED_EDGE('',*,*,#10486,.T.);
#10811 = ORIENTED_EDGE('',*,*,#10812,.T.);
#10812 = EDGE_CURVE('',#10489,#1288,#10813,.T.);
#10813 = B_SPLINE_CURVE_WITH_KNOTS('',1,(#10814,#10815),.UNSPECIFIED.,
  .F.,.F.,(2,2),(-0.,1.E-02),.PIECEWISE_BEZIER_KNOTS.);
#10814 = CARTESIAN_POINT('',(0.624910021201,2.48,1.072370944374));
#10815 = CARTESIAN_POINT('',(0.624910021201,2.47,1.072370944374));
#10816 = ORIENTED_EDGE('',*,*,#1298,.F.);
#10817 = B_SPLINE_SURFACE_WITH_KNOTS('',3,1,(
    (#10818,#10819)
    ,(#10820,#10821)
    ,(#10822,#10823)
    ,(#10824,#10825
    )),.UNSPECIFIED.,.F.,.F.,.F.,(4,4),(2,2),(35.,36.),(0.,1.),
  .PIECEWISE_BEZIER_KNOTS.);
#10818 = CARTESIAN_POINT('',(0.48175732441,2.48,0.882946674673));
#10819 = CARTESIAN_POINT('',(0.48175732441,2.47,0.882946674673));
#10820 = CARTESIAN_POINT('',(0.483203289517,2.48,0.969705849747));
#10821 = CARTESIAN_POINT('',(0.483203289517,2.47,0.969705849747));
#10822 = CARTESIAN_POINT('',(0.542488796606,2.48,1.046343186335));
#10823 = CARTESIAN_POINT('',(0.542488796606,2.47,1.046343186335));
#10824 = CARTESIAN_POINT('',(0.624910021201,2.48,1.072370944374));
#10825 = CARTESIAN_POINT('',(0.624910021201,2.47,1.072370944374));
#10826 = ADVANCED_FACE('',(#10827),#10837,.F.);
#10827 = FACE_BOUND('',#10828,.F.);
#10828 = EDGE_LOOP('',(#10829,#10830,#10831,#10836));
#10829 = ORIENTED_EDGE('',*,*,#10812,.F.);
#10830 = ORIENTED_EDGE('',*,*,#10497,.T.);
#10831 = ORIENTED_EDGE('',*,*,#10832,.T.);
#10832 = EDGE_CURVE('',#10498,#1290,#10833,.T.);
#10833 = B_SPLINE_CURVE_WITH_KNOTS('',1,(#10834,#10835),.UNSPECIFIED.,
  .F.,.F.,(2,2),(-0.,1.E-02),.PIECEWISE_BEZIER_KNOTS.);
#10834 = CARTESIAN_POINT('',(0.702993350476,2.48,1.186603932227));
#10835 = CARTESIAN_POINT('',(0.702993350476,2.47,1.186603932227));
#10836 = ORIENTED_EDGE('',*,*,#1287,.F.);
#10837 = B_SPLINE_SURFACE_WITH_KNOTS('',3,1,(
    (#10838,#10839)
    ,(#10840,#10841)
    ,(#10842,#10843)
    ,(#10844,#10845
    )),.UNSPECIFIED.,.F.,.F.,.F.,(4,4),(2,2),(0.,1.),(0.,1.),
  .PIECEWISE_BEZIER_KNOTS.);
#10838 = CARTESIAN_POINT('',(0.624910021201,2.48,1.072370944374));
#10839 = CARTESIAN_POINT('',(0.624910021201,2.47,1.072370944374));
#10840 = CARTESIAN_POINT('',(0.640815858013,2.48,1.11575055949));
#10841 = CARTESIAN_POINT('',(0.640815858013,2.47,1.11575055949));
#10842 = CARTESIAN_POINT('',(0.668289636318,2.48,1.154792210339));
#10843 = CARTESIAN_POINT('',(0.668289636318,2.47,1.154792210339));
#10844 = CARTESIAN_POINT('',(0.702993350476,2.48,1.186603932227));
#10845 = CARTESIAN_POINT('',(0.702993350476,2.47,1.186603932227));
#10846 = ADVANCED_FACE('',(#10847),#10857,.F.);
#10847 = FACE_BOUND('',#10848,.F.);
#10848 = EDGE_LOOP('',(#10849,#10850,#10851,#10856));
#10849 = ORIENTED_EDGE('',*,*,#10832,.F.);
#10850 = ORIENTED_EDGE('',*,*,#10506,.T.);
#10851 = ORIENTED_EDGE('',*,*,#10852,.T.);
#10852 = EDGE_CURVE('',#10507,#1559,#10853,.T.);
#10853 = B_SPLINE_CURVE_WITH_KNOTS('',1,(#10854,#10855),.UNSPECIFIED.,
  .F.,.F.,(2,2),(-0.,1.E-02),.PIECEWISE_BEZIER_KNOTS.);
#10854 = CARTESIAN_POINT('',(0.89964758361,2.48,1.261795269235));
#10855 = CARTESIAN_POINT('',(0.89964758361,2.47,1.261795269235));
#10856 = ORIENTED_EDGE('',*,*,#1567,.F.);
#10857 = B_SPLINE_SURFACE_WITH_KNOTS('',3,1,(
    (#10858,#10859)
    ,(#10860,#10861)
    ,(#10862,#10863)
    ,(#10864,#10865
    )),.UNSPECIFIED.,.F.,.F.,.F.,(4,4),(2,2),(1.,2.),(0.,1.),
  .PIECEWISE_BEZIER_KNOTS.);
#10858 = CARTESIAN_POINT('',(0.702993350476,2.48,1.186603932227));
#10859 = CARTESIAN_POINT('',(0.702993350476,2.47,1.186603932227));
#10860 = CARTESIAN_POINT('',(0.757940851926,2.48,1.234321513339));
#10861 = CARTESIAN_POINT('',(0.757940851926,2.47,1.234321513339));
#10862 = CARTESIAN_POINT('',(0.827348225082,2.48,1.261795269235));
#10863 = CARTESIAN_POINT('',(0.827348225082,2.47,1.261795269235));
#10864 = CARTESIAN_POINT('',(0.89964758361,2.48,1.261795269235));
#10865 = CARTESIAN_POINT('',(0.89964758361,2.47,1.261795269235));
#10866 = ADVANCED_FACE('',(#10867),#10877,.F.);
#10867 = FACE_BOUND('',#10868,.F.);
#10868 = EDGE_LOOP('',(#10869,#10870,#10871,#10876));
#10869 = ORIENTED_EDGE('',*,*,#10852,.F.);
#10870 = ORIENTED_EDGE('',*,*,#10515,.T.);
#10871 = ORIENTED_EDGE('',*,*,#10872,.T.);
#10872 = EDGE_CURVE('',#10516,#1550,#10873,.T.);
#10873 = B_SPLINE_CURVE_WITH_KNOTS('',1,(#10874,#10875),.UNSPECIFIED.,
  .F.,.F.,(2,2),(-0.,1.E-02),.PIECEWISE_BEZIER_KNOTS.);
#10874 = CARTESIAN_POINT('',(1.073166044079,2.48,1.205401768203));
#10875 = CARTESIAN_POINT('',(1.073166044079,2.47,1.205401768203));
#10876 = ORIENTED_EDGE('',*,*,#1558,.F.);
#10877 = B_SPLINE_SURFACE_WITH_KNOTS('',3,1,(
    (#10878,#10879)
    ,(#10880,#10881)
    ,(#10882,#10883)
    ,(#10884,#10885
    )),.UNSPECIFIED.,.F.,.F.,.F.,(4,4),(2,2),(2.,3.),(0.,1.),
  .PIECEWISE_BEZIER_KNOTS.);
#10878 = CARTESIAN_POINT('',(0.89964758361,2.48,1.261795269235));
#10879 = CARTESIAN_POINT('',(0.89964758361,2.47,1.261795269235));
#10880 = CARTESIAN_POINT('',(0.963271013599,2.48,1.261795269235));
#10881 = CARTESIAN_POINT('',(0.963271013599,2.47,1.261795269235));
#10882 = CARTESIAN_POINT('',(1.022556493108,2.48,1.241551449192));
#10883 = CARTESIAN_POINT('',(1.022556493108,2.47,1.241551449192));
#10884 = CARTESIAN_POINT('',(1.073166044079,2.48,1.205401768203));
#10885 = CARTESIAN_POINT('',(1.073166044079,2.47,1.205401768203));
#10886 = ADVANCED_FACE('',(#10887),#10897,.F.);
#10887 = FACE_BOUND('',#10888,.F.);
#10888 = EDGE_LOOP('',(#10889,#10890,#10891,#10896));
#10889 = ORIENTED_EDGE('',*,*,#10872,.F.);
#10890 = ORIENTED_EDGE('',*,*,#10524,.T.);
#10891 = ORIENTED_EDGE('',*,*,#10892,.T.);
#10892 = EDGE_CURVE('',#10525,#1541,#10893,.T.);
#10893 = B_SPLINE_CURVE_WITH_KNOTS('',1,(#10894,#10895),.UNSPECIFIED.,
  .F.,.F.,(2,2),(-0.,1.E-02),.PIECEWISE_BEZIER_KNOTS.);
#10894 = CARTESIAN_POINT('',(1.136789474068,2.48,1.14177833132));
#10895 = CARTESIAN_POINT('',(1.136789474068,2.47,1.14177833132));
#10896 = ORIENTED_EDGE('',*,*,#1549,.F.);
#10897 = B_SPLINE_SURFACE_WITH_KNOTS('',3,1,(
    (#10898,#10899)
    ,(#10900,#10901)
    ,(#10902,#10903)
    ,(#10904,#10905
    )),.UNSPECIFIED.,.F.,.F.,.F.,(4,4),(2,2),(3.,4.),(0.,1.),
  .PIECEWISE_BEZIER_KNOTS.);
#10898 = CARTESIAN_POINT('',(1.073166044079,2.48,1.205401768203));
#10899 = CARTESIAN_POINT('',(1.073166044079,2.47,1.205401768203));
#10900 = CARTESIAN_POINT('',(1.097747837011,2.48,1.188049918019));
#10901 = CARTESIAN_POINT('',(1.097747837011,2.47,1.188049918019));
#10902 = CARTESIAN_POINT('',(1.117991651882,2.48,1.166360110461));
#10903 = CARTESIAN_POINT('',(1.117991651882,2.47,1.166360110461));
#10904 = CARTESIAN_POINT('',(1.136789474068,2.48,1.14177833132));
#10905 = CARTESIAN_POINT('',(1.136789474068,2.47,1.14177833132));
#10906 = ADVANCED_FACE('',(#10907),#10917,.F.);
#10907 = FACE_BOUND('',#10908,.F.);
#10908 = EDGE_LOOP('',(#10909,#10910,#10911,#10916));
#10909 = ORIENTED_EDGE('',*,*,#10892,.F.);
#10910 = ORIENTED_EDGE('',*,*,#10533,.T.);
#10911 = ORIENTED_EDGE('',*,*,#10912,.T.);
#10912 = EDGE_CURVE('',#10534,#1532,#10913,.T.);
#10913 = B_SPLINE_CURVE_WITH_KNOTS('',1,(#10914,#10915),.UNSPECIFIED.,
  .F.,.F.,(2,2),(-0.,1.E-02),.PIECEWISE_BEZIER_KNOTS.);
#10914 = CARTESIAN_POINT('',(1.170047167959,2.48,1.144670302902));
#10915 = CARTESIAN_POINT('',(1.170047167959,2.47,1.144670302902));
#10916 = ORIENTED_EDGE('',*,*,#1540,.F.);
#10917 = B_SPLINE_SURFACE_WITH_KNOTS('',3,1,(
    (#10918,#10919)
    ,(#10920,#10921)
    ,(#10922,#10923)
    ,(#10924,#10925
    )),.UNSPECIFIED.,.F.,.F.,.F.,(4,4),(2,2),(4.,5.),(0.,1.),
  .PIECEWISE_BEZIER_KNOTS.);
#10918 = CARTESIAN_POINT('',(1.136789474068,2.48,1.14177833132));
#10919 = CARTESIAN_POINT('',(1.136789474068,2.47,1.14177833132));
#10920 = CARTESIAN_POINT('',(1.148357360401,2.48,1.143224324006));
#10921 = CARTESIAN_POINT('',(1.148357360401,2.47,1.143224324006));
#10922 = CARTESIAN_POINT('',(1.158479281626,2.48,1.144670302902));
#10923 = CARTESIAN_POINT('',(1.158479281626,2.47,1.144670302902));
#10924 = CARTESIAN_POINT('',(1.170047167959,2.48,1.144670302902));
#10925 = CARTESIAN_POINT('',(1.170047167959,2.47,1.144670302902));
#10926 = ADVANCED_FACE('',(#10927),#10937,.F.);
#10927 = FACE_BOUND('',#10928,.F.);
#10928 = EDGE_LOOP('',(#10929,#10930,#10931,#10936));
#10929 = ORIENTED_EDGE('',*,*,#10912,.F.);
#10930 = ORIENTED_EDGE('',*,*,#10542,.T.);
#10931 = ORIENTED_EDGE('',*,*,#10932,.T.);
#10932 = EDGE_CURVE('',#10543,#1523,#10933,.T.);
#10933 = B_SPLINE_CURVE_WITH_KNOTS('',1,(#10934,#10935),.UNSPECIFIED.,
  .F.,.F.,(2,2),(-0.,1.E-02),.PIECEWISE_BEZIER_KNOTS.);
#10934 = CARTESIAN_POINT('',(1.336335692575,2.48,1.075262915957));
#10935 = CARTESIAN_POINT('',(1.336335692575,2.47,1.075262915957));
#10936 = ORIENTED_EDGE('',*,*,#1531,.F.);
#10937 = B_SPLINE_SURFACE_WITH_KNOTS('',3,1,(
    (#10938,#10939)
    ,(#10940,#10941)
    ,(#10942,#10943)
    ,(#10944,#10945
    )),.UNSPECIFIED.,.F.,.F.,.F.,(4,4),(2,2),(5.,6.),(0.,1.),
  .PIECEWISE_BEZIER_KNOTS.);
#10938 = CARTESIAN_POINT('',(1.170047167959,2.48,1.144670302902));
#10939 = CARTESIAN_POINT('',(1.170047167959,2.47,1.144670302902));
#10940 = CARTESIAN_POINT('',(1.232224619052,2.48,1.144670302902));
#10941 = CARTESIAN_POINT('',(1.232224619052,2.47,1.144670302902));
#10942 = CARTESIAN_POINT('',(1.291510084771,2.48,1.120088523762));
#10943 = CARTESIAN_POINT('',(1.291510084771,2.47,1.120088523762));
#10944 = CARTESIAN_POINT('',(1.336335692575,2.48,1.075262915957));
#10945 = CARTESIAN_POINT('',(1.336335692575,2.47,1.075262915957));
#10946 = ADVANCED_FACE('',(#10947),#10957,.F.);
#10947 = FACE_BOUND('',#10948,.F.);
#10948 = EDGE_LOOP('',(#10949,#10950,#10951,#10956));
#10949 = ORIENTED_EDGE('',*,*,#10932,.F.);
#10950 = ORIENTED_EDGE('',*,*,#10551,.T.);
#10951 = ORIENTED_EDGE('',*,*,#10952,.T.);
#10952 = EDGE_CURVE('',#10552,#1514,#10953,.T.);
#10953 = B_SPLINE_CURVE_WITH_KNOTS('',1,(#10954,#10955),.UNSPECIFIED.,
  .F.,.F.,(2,2),(-0.,1.E-02),.PIECEWISE_BEZIER_KNOTS.);
#10954 = CARTESIAN_POINT('',(1.404297128204,2.48,0.910420397818));
#10955 = CARTESIAN_POINT('',(1.404297128204,2.47,0.910420397818));
#10956 = ORIENTED_EDGE('',*,*,#1522,.F.);
#10957 = B_SPLINE_SURFACE_WITH_KNOTS('',3,1,(
    (#10958,#10959)
    ,(#10960,#10961)
    ,(#10962,#10963)
    ,(#10964,#10965
    )),.UNSPECIFIED.,.F.,.F.,.F.,(4,4),(2,2),(6.,7.),(0.,1.),
  .PIECEWISE_BEZIER_KNOTS.);
#10958 = CARTESIAN_POINT('',(1.336335692575,2.48,1.075262915957));
#10959 = CARTESIAN_POINT('',(1.336335692575,2.47,1.075262915957));
#10960 = CARTESIAN_POINT('',(1.379715345615,2.48,1.03188331463));
#10961 = CARTESIAN_POINT('',(1.379715345615,2.47,1.03188331463));
#10962 = CARTESIAN_POINT('',(1.404297128204,2.48,0.972597835119));
#10963 = CARTESIAN_POINT('',(1.404297128204,2.47,0.972597835119));
#10964 = CARTESIAN_POINT('',(1.404297128204,2.48,0.910420397818));
#10965 = CARTESIAN_POINT('',(1.404297128204,2.47,0.910420397818));
#10966 = ADVANCED_FACE('',(#10967),#10977,.F.);
#10967 = FACE_BOUND('',#10968,.F.);
#10968 = EDGE_LOOP('',(#10969,#10970,#10971,#10976));
#10969 = ORIENTED_EDGE('',*,*,#10952,.F.);
#10970 = ORIENTED_EDGE('',*,*,#10560,.T.);
#10971 = ORIENTED_EDGE('',*,*,#10972,.T.);
#10972 = EDGE_CURVE('',#10561,#1505,#10973,.T.);
#10973 = B_SPLINE_CURVE_WITH_KNOTS('',1,(#10974,#10975),.UNSPECIFIED.,
  .F.,.F.,(2,2),(-0.,1.E-02),.PIECEWISE_BEZIER_KNOTS.);
#10974 = CARTESIAN_POINT('',(1.343565669797,2.48,0.752807829321));
#10975 = CARTESIAN_POINT('',(1.343565669797,2.47,0.752807829321));
#10976 = ORIENTED_EDGE('',*,*,#1513,.F.);
#10977 = B_SPLINE_SURFACE_WITH_KNOTS('',3,1,(
    (#10978,#10979)
    ,(#10980,#10981)
    ,(#10982,#10983)
    ,(#10984,#10985
    )),.UNSPECIFIED.,.F.,.F.,.F.,(4,4),(2,2),(7.,8.),(0.,1.),
  .PIECEWISE_BEZIER_KNOTS.);
#10978 = CARTESIAN_POINT('',(1.404297128204,2.48,0.910420397818));
#10979 = CARTESIAN_POINT('',(1.404297128204,2.47,0.910420397818));
#10980 = CARTESIAN_POINT('',(1.404297128204,2.48,0.852580910994));
#10981 = CARTESIAN_POINT('',(1.404297128204,2.47,0.852580910994));
#10982 = CARTESIAN_POINT('',(1.382607320646,2.48,0.796187389278));
#10983 = CARTESIAN_POINT('',(1.382607320646,2.47,0.796187389278));
#10984 = CARTESIAN_POINT('',(1.343565669797,2.48,0.752807829321));
#10985 = CARTESIAN_POINT('',(1.343565669797,2.47,0.752807829321));
#10986 = ADVANCED_FACE('',(#10987),#10997,.F.);
#10987 = FACE_BOUND('',#10988,.F.);
#10988 = EDGE_LOOP('',(#10989,#10990,#10991,#10996));
#10989 = ORIENTED_EDGE('',*,*,#10972,.F.);
#10990 = ORIENTED_EDGE('',*,*,#10569,.T.);
#10991 = ORIENTED_EDGE('',*,*,#10992,.T.);
#10992 = EDGE_CURVE('',#10570,#1496,#10993,.T.);
#10993 = B_SPLINE_CURVE_WITH_KNOTS('',1,(#10994,#10995),.UNSPECIFIED.,
  .F.,.F.,(2,2),(-0.,1.E-02),.PIECEWISE_BEZIER_KNOTS.);
#10994 = CARTESIAN_POINT('',(1.227886696152,2.48,0.683400456166));
#10995 = CARTESIAN_POINT('',(1.227886696152,2.47,0.683400456166));
#10996 = ORIENTED_EDGE('',*,*,#1504,.F.);
#10997 = B_SPLINE_SURFACE_WITH_KNOTS('',3,1,(
    (#10998,#10999)
    ,(#11000,#11001)
    ,(#11002,#11003)
    ,(#11004,#11005
    )),.UNSPECIFIED.,.F.,.F.,.F.,(4,4),(2,2),(8.,9.),(0.,1.),
  .PIECEWISE_BEZIER_KNOTS.);
#10998 = CARTESIAN_POINT('',(1.343565669797,2.48,0.752807829321));
#10999 = CARTESIAN_POINT('',(1.343565669797,2.47,0.752807829321));
#11000 = CARTESIAN_POINT('',(1.311753954804,2.48,0.718104115163));
#11001 = CARTESIAN_POINT('',(1.311753954804,2.47,0.718104115163));
#11002 = CARTESIAN_POINT('',(1.272712290166,2.48,0.694968342498));
#11003 = CARTESIAN_POINT('',(1.272712290166,2.47,0.694968342498));
#11004 = CARTESIAN_POINT('',(1.227886696152,2.48,0.683400456166));
#11005 = CARTESIAN_POINT('',(1.227886696152,2.47,0.683400456166));
#11006 = ADVANCED_FACE('',(#11007),#11017,.F.);
#11007 = FACE_BOUND('',#11008,.F.);
#11008 = EDGE_LOOP('',(#11009,#11010,#11011,#11016));
#11009 = ORIENTED_EDGE('',*,*,#10992,.F.);
#11010 = ORIENTED_EDGE('',*,*,#10578,.T.);
#11011 = ORIENTED_EDGE('',*,*,#11012,.T.);
#11012 = EDGE_CURVE('',#10579,#1487,#11013,.T.);
#11013 = B_SPLINE_CURVE_WITH_KNOTS('',1,(#11014,#11015),.UNSPECIFIED.,
  .F.,.F.,(2,2),(-0.,1.E-02),.PIECEWISE_BEZIER_KNOTS.);
#11014 = CARTESIAN_POINT('',(1.090517901157,2.48,0.585073339598));
#11015 = CARTESIAN_POINT('',(1.090517901157,2.47,0.585073339598));
#11016 = ORIENTED_EDGE('',*,*,#1495,.F.);
#11017 = B_SPLINE_SURFACE_WITH_KNOTS('',3,1,(
    (#11018,#11019)
    ,(#11020,#11021)
    ,(#11022,#11023)
    ,(#11024,#11025
    )),.UNSPECIFIED.,.F.,.F.,.F.,(4,4),(2,2),(9.,10.),(0.,1.),
  .PIECEWISE_BEZIER_KNOTS.);
#11018 = CARTESIAN_POINT('',(1.227886696152,2.48,0.683400456166));
#11019 = CARTESIAN_POINT('',(1.227886696152,2.47,0.683400456166));
#11020 = CARTESIAN_POINT('',(1.209088860177,2.48,0.625560969342));
#11021 = CARTESIAN_POINT('',(1.209088860177,2.47,0.625560969342));
#11022 = CARTESIAN_POINT('',(1.154141358727,2.48,0.585073339598));
#11023 = CARTESIAN_POINT('',(1.154141358727,2.47,0.585073339598));
#11024 = CARTESIAN_POINT('',(1.090517901157,2.48,0.585073339598));
#11025 = CARTESIAN_POINT('',(1.090517901157,2.47,0.585073339598));
#11026 = ADVANCED_FACE('',(#11027),#11037,.F.);
#11027 = FACE_BOUND('',#11028,.F.);
#11028 = EDGE_LOOP('',(#11029,#11030,#11031,#11036));
#11029 = ORIENTED_EDGE('',*,*,#11012,.F.);
#11030 = ORIENTED_EDGE('',*,*,#10587,.T.);
#11031 = ORIENTED_EDGE('',*,*,#11032,.T.);
#11032 = EDGE_CURVE('',#10588,#1478,#11033,.T.);
#11033 = B_SPLINE_CURVE_WITH_KNOTS('',1,(#11034,#11035),.UNSPECIFIED.,
  .F.,.F.,(2,2),(-0.,1.E-02),.PIECEWISE_BEZIER_KNOTS.);
#11034 = CARTESIAN_POINT('',(0.9459191841,2.48,0.729672056655));
#11035 = CARTESIAN_POINT('',(0.9459191841,2.47,0.729672056655));
#11036 = ORIENTED_EDGE('',*,*,#1486,.F.);
#11037 = B_SPLINE_SURFACE_WITH_KNOTS('',3,1,(
    (#11038,#11039)
    ,(#11040,#11041)
    ,(#11042,#11043)
    ,(#11044,#11045
    )),.UNSPECIFIED.,.F.,.F.,.F.,(4,4),(2,2),(10.,11.),(0.,1.),
  .PIECEWISE_BEZIER_KNOTS.);
#11038 = CARTESIAN_POINT('',(1.090517901157,2.48,0.585073339598));
#11039 = CARTESIAN_POINT('',(1.090517901157,2.47,0.585073339598));
#11040 = CARTESIAN_POINT('',(1.010988606776,2.48,0.585073339598));
#11041 = CARTESIAN_POINT('',(1.010988606776,2.47,0.585073339598));
#11042 = CARTESIAN_POINT('',(0.9459191841,2.48,0.650142762274));
#11043 = CARTESIAN_POINT('',(0.9459191841,2.47,0.650142762274));
#11044 = CARTESIAN_POINT('',(0.9459191841,2.48,0.729672056655));
#11045 = CARTESIAN_POINT('',(0.9459191841,2.47,0.729672056655));
#11046 = ADVANCED_FACE('',(#11047),#11057,.F.);
#11047 = FACE_BOUND('',#11048,.T.);
#11048 = EDGE_LOOP('',(#11049,#11050,#11055,#11056));
#11049 = ORIENTED_EDGE('',*,*,#1477,.T.);
#11050 = ORIENTED_EDGE('',*,*,#11051,.F.);
#11051 = EDGE_CURVE('',#10597,#1471,#11052,.T.);
#11052 = B_SPLINE_CURVE_WITH_KNOTS('',1,(#11053,#11054),.UNSPECIFIED.,
  .F.,.F.,(2,2),(-0.,1.E-02),.PIECEWISE_BEZIER_KNOTS.);
#11053 = CARTESIAN_POINT('',(0.9459191841,2.48,0.744131928362));
#11054 = CARTESIAN_POINT('',(0.9459191841,2.47,0.744131928362));
#11055 = ORIENTED_EDGE('',*,*,#10596,.F.);
#11056 = ORIENTED_EDGE('',*,*,#11032,.T.);
#11057 = B_SPLINE_SURFACE_WITH_KNOTS('',1,1,(
    (#11058,#11059)
    ,(#11060,#11061
    )),.UNSPECIFIED.,.F.,.F.,.F.,(2,2),(2,2),(-1.445987170667E-02,
    1.475104996579E-18),(-1.E-02,0.),.PIECEWISE_BEZIER_KNOTS.);
#11058 = CARTESIAN_POINT('',(0.9459191841,2.47,0.744131928362));
#11059 = CARTESIAN_POINT('',(0.9459191841,2.48,0.744131928362));
#11060 = CARTESIAN_POINT('',(0.9459191841,2.47,0.729672056655));
#11061 = CARTESIAN_POINT('',(0.9459191841,2.48,0.729672056655));
#11062 = ADVANCED_FACE('',(#11063),#11073,.F.);
#11063 = FACE_BOUND('',#11064,.T.);
#11064 = EDGE_LOOP('',(#11065,#11066,#11071,#11072));
#11065 = ORIENTED_EDGE('',*,*,#1470,.T.);
#11066 = ORIENTED_EDGE('',*,*,#11067,.F.);
#11067 = EDGE_CURVE('',#10606,#1464,#11068,.T.);
#11068 = B_SPLINE_CURVE_WITH_KNOTS('',1,(#11069,#11070),.UNSPECIFIED.,
  .F.,.F.,(2,2),(-0.,1.E-02),.PIECEWISE_BEZIER_KNOTS.);
#11069 = CARTESIAN_POINT('',(0.74348098022,2.48,0.851134973468));
#11070 = CARTESIAN_POINT('',(0.74348098022,2.47,0.851134973468));
#11071 = ORIENTED_EDGE('',*,*,#10605,.F.);
#11072 = ORIENTED_EDGE('',*,*,#11051,.T.);
#11073 = B_SPLINE_SURFACE_WITH_KNOTS('',1,1,(
    (#11074,#11075)
    ,(#11076,#11077
    )),.UNSPECIFIED.,.F.,.F.,.F.,(2,2),(2,2),(-0.228977898611,
    1.507251174686E-16),(-1.E-02,1.54074395551E-33),
  .PIECEWISE_BEZIER_KNOTS.);
#11074 = CARTESIAN_POINT('',(0.74348098022,2.47,0.851134973468));
#11075 = CARTESIAN_POINT('',(0.74348098022,2.48,0.851134973468));
#11076 = CARTESIAN_POINT('',(0.9459191841,2.47,0.744131928362));
#11077 = CARTESIAN_POINT('',(0.9459191841,2.48,0.744131928362));
#11078 = ADVANCED_FACE('',(#11079),#11089,.F.);
#11079 = FACE_BOUND('',#11080,.T.);
#11080 = EDGE_LOOP('',(#11081,#11082,#11087,#11088));
#11081 = ORIENTED_EDGE('',*,*,#1463,.T.);
#11082 = ORIENTED_EDGE('',*,*,#11083,.F.);
#11083 = EDGE_CURVE('',#10613,#1457,#11084,.T.);
#11084 = B_SPLINE_CURVE_WITH_KNOTS('',1,(#11085,#11086),.UNSPECIFIED.,
  .F.,.F.,(2,2),(-0.,1.E-02),.PIECEWISE_BEZIER_KNOTS.);
#11085 = CARTESIAN_POINT('',(0.788306560444,2.48,0.927772310056));
#11086 = CARTESIAN_POINT('',(0.788306560444,2.47,0.927772310056));
#11087 = ORIENTED_EDGE('',*,*,#10612,.F.);
#11088 = ORIENTED_EDGE('',*,*,#11067,.T.);
#11089 = B_SPLINE_SURFACE_WITH_KNOTS('',1,1,(
    (#11090,#11091)
    ,(#11092,#11093
    )),.UNSPECIFIED.,.F.,.F.,.F.,(2,2),(2,2),(-8.878408642163E-02,
    1.2732925762E-18),(-1.E-02,1.155557966632E-33),
  .PIECEWISE_BEZIER_KNOTS.);
#11090 = CARTESIAN_POINT('',(0.788306560444,2.47,0.927772310056));
#11091 = CARTESIAN_POINT('',(0.788306560444,2.48,0.927772310056));
#11092 = CARTESIAN_POINT('',(0.74348098022,2.47,0.851134973468));
#11093 = CARTESIAN_POINT('',(0.74348098022,2.48,0.851134973468));
#11094 = ADVANCED_FACE('',(#11095),#11105,.F.);
#11095 = FACE_BOUND('',#11096,.T.);
#11096 = EDGE_LOOP('',(#11097,#11098,#11103,#11104));
#11097 = ORIENTED_EDGE('',*,*,#1456,.T.);
#11098 = ORIENTED_EDGE('',*,*,#11099,.F.);
#11099 = EDGE_CURVE('',#10620,#1448,#11100,.T.);
#11100 = B_SPLINE_CURVE_WITH_KNOTS('',1,(#11101,#11102),.UNSPECIFIED.,
  .F.,.F.,(2,2),(-0.,1.E-02),.PIECEWISE_BEZIER_KNOTS.);
#11101 = CARTESIAN_POINT('',(0.982068835784,2.48,0.826553208116));
#11102 = CARTESIAN_POINT('',(0.982068835784,2.47,0.826553208116));
#11103 = ORIENTED_EDGE('',*,*,#10619,.F.);
#11104 = ORIENTED_EDGE('',*,*,#11083,.T.);
#11105 = B_SPLINE_SURFACE_WITH_KNOTS('',1,1,(
    (#11106,#11107)
    ,(#11108,#11109
    )),.UNSPECIFIED.,.F.,.F.,.F.,(2,2),(2,2),(-0.218607241286,0.),(
    -1.E-02,0.),.PIECEWISE_BEZIER_KNOTS.);
#11106 = CARTESIAN_POINT('',(0.982068835784,2.47,0.826553208116));
#11107 = CARTESIAN_POINT('',(0.982068835784,2.48,0.826553208116));
#11108 = CARTESIAN_POINT('',(0.788306560444,2.47,0.927772310056));
#11109 = CARTESIAN_POINT('',(0.788306560444,2.48,0.927772310056));
#11110 = ADVANCED_FACE('',(#11111),#11121,.F.);
#11111 = FACE_BOUND('',#11112,.F.);
#11112 = EDGE_LOOP('',(#11113,#11114,#11115,#11120));
#11113 = ORIENTED_EDGE('',*,*,#11099,.F.);
#11114 = ORIENTED_EDGE('',*,*,#10626,.T.);
#11115 = ORIENTED_EDGE('',*,*,#11116,.T.);
#11116 = EDGE_CURVE('',#10627,#1439,#11117,.T.);
#11117 = B_SPLINE_CURVE_WITH_KNOTS('',1,(#11118,#11119),.UNSPECIFIED.,
  .F.,.F.,(2,2),(-0.,1.E-02),.PIECEWISE_BEZIER_KNOTS.);
#11118 = CARTESIAN_POINT('',(1.090517873577,2.48,0.8757167664));
#11119 = CARTESIAN_POINT('',(1.090517873577,2.47,0.8757167664));
#11120 = ORIENTED_EDGE('',*,*,#1447,.F.);
#11121 = B_SPLINE_SURFACE_WITH_KNOTS('',3,1,(
    (#11122,#11123)
    ,(#11124,#11125)
    ,(#11126,#11127)
    ,(#11128,#11129
    )),.UNSPECIFIED.,.F.,.F.,.F.,(4,4),(2,2),(15.,16.),(0.,1.),
  .PIECEWISE_BEZIER_KNOTS.);
#11122 = CARTESIAN_POINT('',(0.982068835784,2.48,0.826553208116));
#11123 = CARTESIAN_POINT('',(0.982068835784,2.47,0.826553208116));
#11124 = CARTESIAN_POINT('',(1.008096593823,2.48,0.856918944215));
#11125 = CARTESIAN_POINT('',(1.008096593823,2.47,0.856918944215));
#11126 = CARTESIAN_POINT('',(1.04713825846,2.48,0.8757167664));
#11127 = CARTESIAN_POINT('',(1.04713825846,2.47,0.8757167664));
#11128 = CARTESIAN_POINT('',(1.090517873577,2.48,0.8757167664));
#11129 = CARTESIAN_POINT('',(1.090517873577,2.47,0.8757167664));
#11130 = ADVANCED_FACE('',(#11131),#11141,.F.);
#11131 = FACE_BOUND('',#11132,.F.);
#11132 = EDGE_LOOP('',(#11133,#11134,#11135,#11140));
#11133 = ORIENTED_EDGE('',*,*,#11116,.F.);
#11134 = ORIENTED_EDGE('',*,*,#10635,.T.);
#11135 = ORIENTED_EDGE('',*,*,#11136,.T.);
#11136 = EDGE_CURVE('',#10636,#1430,#11137,.T.);
#11137 = B_SPLINE_CURVE_WITH_KNOTS('',1,(#11138,#11139),.UNSPECIFIED.,
  .F.,.F.,(2,2),(-0.,1.E-02),.PIECEWISE_BEZIER_KNOTS.);
#11138 = CARTESIAN_POINT('',(1.226440662095,2.48,0.780281607627));
#11139 = CARTESIAN_POINT('',(1.226440662095,2.47,0.780281607627));
#11140 = ORIENTED_EDGE('',*,*,#1438,.F.);
#11141 = B_SPLINE_SURFACE_WITH_KNOTS('',3,1,(
    (#11142,#11143)
    ,(#11144,#11145)
    ,(#11146,#11147)
    ,(#11148,#11149
    )),.UNSPECIFIED.,.F.,.F.,.F.,(4,4),(2,2),(16.,17.),(0.,1.),
  .PIECEWISE_BEZIER_KNOTS.);
#11142 = CARTESIAN_POINT('',(1.090517873577,2.48,0.8757167664));
#11143 = CARTESIAN_POINT('',(1.090517873577,2.47,0.8757167664));
#11144 = CARTESIAN_POINT('',(1.15269533846,2.48,0.8757167664));
#11145 = CARTESIAN_POINT('',(1.15269533846,2.47,0.8757167664));
#11146 = CARTESIAN_POINT('',(1.206196847223,2.48,0.835229136657));
#11147 = CARTESIAN_POINT('',(1.206196847223,2.47,0.835229136657));
#11148 = CARTESIAN_POINT('',(1.226440662095,2.48,0.780281607627));
#11149 = CARTESIAN_POINT('',(1.226440662095,2.47,0.780281607627));
#11150 = ADVANCED_FACE('',(#11151),#11161,.F.);
#11151 = FACE_BOUND('',#11152,.F.);
#11152 = EDGE_LOOP('',(#11153,#11154,#11155,#11160));
#11153 = ORIENTED_EDGE('',*,*,#11136,.F.);
#11154 = ORIENTED_EDGE('',*,*,#10644,.T.);
#11155 = ORIENTED_EDGE('',*,*,#11156,.T.);
#11156 = EDGE_CURVE('',#10645,#1421,#11157,.T.);
#11157 = B_SPLINE_CURVE_WITH_KNOTS('',1,(#11158,#11159),.UNSPECIFIED.,
  .F.,.F.,(2,2),(-0.,1.E-02),.PIECEWISE_BEZIER_KNOTS.);
#11158 = CARTESIAN_POINT('',(1.31319989233,2.48,0.913312438351));
#11159 = CARTESIAN_POINT('',(1.31319989233,2.47,0.913312438351));
#11160 = ORIENTED_EDGE('',*,*,#1429,.F.);
#11161 = B_SPLINE_SURFACE_WITH_KNOTS('',3,1,(
    (#11162,#11163)
    ,(#11164,#11165)
    ,(#11166,#11167)
    ,(#11168,#11169
    )),.UNSPECIFIED.,.F.,.F.,.F.,(4,4),(2,2),(17.,18.),(0.,1.),
  .PIECEWISE_BEZIER_KNOTS.);
#11162 = CARTESIAN_POINT('',(1.226440662095,2.48,0.780281607627));
#11163 = CARTESIAN_POINT('',(1.226440662095,2.47,0.780281607627));
#11164 = CARTESIAN_POINT('',(1.277050213065,2.48,0.803417407871));
#11165 = CARTESIAN_POINT('',(1.277050213065,2.47,0.803417407871));
#11166 = CARTESIAN_POINT('',(1.31319989233,2.48,0.854026958841));
#11167 = CARTESIAN_POINT('',(1.31319989233,2.47,0.854026958841));
#11168 = CARTESIAN_POINT('',(1.31319989233,2.48,0.913312438351));
#11169 = CARTESIAN_POINT('',(1.31319989233,2.47,0.913312438351));
#11170 = ADVANCED_FACE('',(#11171),#11181,.F.);
#11171 = FACE_BOUND('',#11172,.F.);
#11172 = EDGE_LOOP('',(#11173,#11174,#11175,#11180));
#11173 = ORIENTED_EDGE('',*,*,#11156,.F.);
#11174 = ORIENTED_EDGE('',*,*,#10653,.T.);
#11175 = ORIENTED_EDGE('',*,*,#11176,.T.);
#11176 = EDGE_CURVE('',#10654,#1412,#11177,.T.);
#11177 = B_SPLINE_CURVE_WITH_KNOTS('',1,(#11178,#11179),.UNSPECIFIED.,
  .F.,.F.,(2,2),(-0.,1.E-02),.PIECEWISE_BEZIER_KNOTS.);
#11178 = CARTESIAN_POINT('',(1.168601175273,2.48,1.057911155408));
#11179 = CARTESIAN_POINT('',(1.168601175273,2.47,1.057911155408));
#11180 = ORIENTED_EDGE('',*,*,#1420,.F.);
#11181 = B_SPLINE_SURFACE_WITH_KNOTS('',3,1,(
    (#11182,#11183)
    ,(#11184,#11185)
    ,(#11186,#11187)
    ,(#11188,#11189
    )),.UNSPECIFIED.,.F.,.F.,.F.,(4,4),(2,2),(18.,19.),(0.,1.),
  .PIECEWISE_BEZIER_KNOTS.);
#11182 = CARTESIAN_POINT('',(1.31319989233,2.48,0.913312438351));
#11183 = CARTESIAN_POINT('',(1.31319989233,2.47,0.913312438351));
#11184 = CARTESIAN_POINT('',(1.31319989233,2.48,0.992841732733));
#11185 = CARTESIAN_POINT('',(1.31319989233,2.47,0.992841732733));
#11186 = CARTESIAN_POINT('',(1.248130469654,2.48,1.057911155408));
#11187 = CARTESIAN_POINT('',(1.248130469654,2.47,1.057911155408));
#11188 = CARTESIAN_POINT('',(1.168601175273,2.48,1.057911155408));
#11189 = CARTESIAN_POINT('',(1.168601175273,2.47,1.057911155408));
#11190 = ADVANCED_FACE('',(#11191),#11201,.F.);
#11191 = FACE_BOUND('',#11192,.F.);
#11192 = EDGE_LOOP('',(#11193,#11194,#11195,#11200));
#11193 = ORIENTED_EDGE('',*,*,#11176,.F.);
#11194 = ORIENTED_EDGE('',*,*,#10662,.T.);
#11195 = ORIENTED_EDGE('',*,*,#11196,.T.);
#11196 = EDGE_CURVE('',#10663,#1403,#11197,.T.);
#11197 = B_SPLINE_CURVE_WITH_KNOTS('',1,(#11198,#11199),.UNSPECIFIED.,
  .F.,.F.,(2,2),(-0.,1.E-02),.PIECEWISE_BEZIER_KNOTS.);
#11198 = CARTESIAN_POINT('',(1.091963866264,2.48,1.036221347848));
#11199 = CARTESIAN_POINT('',(1.091963866264,2.47,1.036221347848));
#11200 = ORIENTED_EDGE('',*,*,#1411,.F.);
#11201 = B_SPLINE_SURFACE_WITH_KNOTS('',3,1,(
    (#11202,#11203)
    ,(#11204,#11205)
    ,(#11206,#11207)
    ,(#11208,#11209
    )),.UNSPECIFIED.,.F.,.F.,.F.,(4,4),(2,2),(19.,20.),(0.,1.),
  .PIECEWISE_BEZIER_KNOTS.);
#11202 = CARTESIAN_POINT('',(1.168601175273,2.48,1.057911155408));
#11203 = CARTESIAN_POINT('',(1.168601175273,2.47,1.057911155408));
#11204 = CARTESIAN_POINT('',(1.141127424547,2.48,1.057911155408));
#11205 = CARTESIAN_POINT('',(1.141127424547,2.47,1.057911155408));
#11206 = CARTESIAN_POINT('',(1.113653673822,2.48,1.049235226869));
#11207 = CARTESIAN_POINT('',(1.113653673822,2.47,1.049235226869));
#11208 = CARTESIAN_POINT('',(1.091963866264,2.48,1.036221347848));
#11209 = CARTESIAN_POINT('',(1.091963866264,2.47,1.036221347848));
#11210 = ADVANCED_FACE('',(#11211),#11221,.F.);
#11211 = FACE_BOUND('',#11212,.F.);
#11212 = EDGE_LOOP('',(#11213,#11214,#11215,#11220));
#11213 = ORIENTED_EDGE('',*,*,#11196,.F.);
#11214 = ORIENTED_EDGE('',*,*,#10671,.T.);
#11215 = ORIENTED_EDGE('',*,*,#11216,.T.);
#11216 = EDGE_CURVE('',#10672,#1394,#11217,.T.);
#11217 = B_SPLINE_CURVE_WITH_KNOTS('',1,(#11218,#11219),.UNSPECIFIED.,
  .F.,.F.,(2,2),(-0.,1.E-02),.PIECEWISE_BEZIER_KNOTS.);
#11218 = CARTESIAN_POINT('',(0.898201618503,2.48,1.175036039));
#11219 = CARTESIAN_POINT('',(0.898201618503,2.47,1.175036039));
#11220 = ORIENTED_EDGE('',*,*,#1402,.F.);
#11221 = B_SPLINE_SURFACE_WITH_KNOTS('',3,1,(
    (#11222,#11223)
    ,(#11224,#11225)
    ,(#11226,#11227)
    ,(#11228,#11229
    )),.UNSPECIFIED.,.F.,.F.,.F.,(4,4),(2,2),(20.,21.),(0.,1.),
  .PIECEWISE_BEZIER_KNOTS.);
#11222 = CARTESIAN_POINT('',(1.091963866264,2.48,1.036221347848));
#11223 = CARTESIAN_POINT('',(1.091963866264,2.47,1.036221347848));
#11224 = CARTESIAN_POINT('',(1.064490143119,2.48,1.117196552178));
#11225 = CARTESIAN_POINT('',(1.064490143119,2.47,1.117196552178));
#11226 = CARTESIAN_POINT('',(0.989298799218,2.48,1.175036039));
#11227 = CARTESIAN_POINT('',(0.989298799218,2.47,1.175036039));
#11228 = CARTESIAN_POINT('',(0.898201618503,2.48,1.175036039));
#11229 = CARTESIAN_POINT('',(0.898201618503,2.47,1.175036039));
#11230 = ADVANCED_FACE('',(#11231),#11241,.F.);
#11231 = FACE_BOUND('',#11232,.F.);
#11232 = EDGE_LOOP('',(#11233,#11234,#11235,#11240));
#11233 = ORIENTED_EDGE('',*,*,#11216,.F.);
#11234 = ORIENTED_EDGE('',*,*,#10680,.T.);
#11235 = ORIENTED_EDGE('',*,*,#11236,.T.);
#11236 = EDGE_CURVE('',#10681,#1385,#11237,.T.);
#11237 = B_SPLINE_CURVE_WITH_KNOTS('',1,(#11238,#11239),.UNSPECIFIED.,
  .F.,.F.,(2,2),(-0.,1.E-02),.PIECEWISE_BEZIER_KNOTS.);
#11238 = CARTESIAN_POINT('',(0.695763414623,2.48,0.994287642679));
#11239 = CARTESIAN_POINT('',(0.695763414623,2.47,0.994287642679));
#11240 = ORIENTED_EDGE('',*,*,#1393,.F.);
#11241 = B_SPLINE_SURFACE_WITH_KNOTS('',3,1,(
    (#11242,#11243)
    ,(#11244,#11245)
    ,(#11246,#11247)
    ,(#11248,#11249
    )),.UNSPECIFIED.,.F.,.F.,.F.,(4,4),(2,2),(21.,22.),(0.,1.),
  .PIECEWISE_BEZIER_KNOTS.);
#11242 = CARTESIAN_POINT('',(0.898201618503,2.48,1.175036039));
#11243 = CARTESIAN_POINT('',(0.898201618503,2.47,1.175036039));
#11244 = CARTESIAN_POINT('',(0.794090531189,2.48,1.175036039));
#11245 = CARTESIAN_POINT('',(0.794090531189,2.47,1.175036039));
#11246 = CARTESIAN_POINT('',(0.707331300956,2.48,1.095506744619));
#11247 = CARTESIAN_POINT('',(0.707331300956,2.47,1.095506744619));
#11248 = CARTESIAN_POINT('',(0.695763414623,2.48,0.994287642679));
#11249 = CARTESIAN_POINT('',(0.695763414623,2.47,0.994287642679));
#11250 = ADVANCED_FACE('',(#11251),#11261,.F.);
#11251 = FACE_BOUND('',#11252,.T.);
#11252 = EDGE_LOOP('',(#11253,#11254,#11259,#11260));
#11253 = ORIENTED_EDGE('',*,*,#1384,.T.);
#11254 = ORIENTED_EDGE('',*,*,#11255,.F.);
#11255 = EDGE_CURVE('',#10690,#1376,#11256,.T.);
#11256 = B_SPLINE_CURVE_WITH_KNOTS('',1,(#11257,#11258),.UNSPECIFIED.,
  .F.,.F.,(2,2),(-0.,1.E-02),.PIECEWISE_BEZIER_KNOTS.);
#11257 = CARTESIAN_POINT('',(0.68419552829,2.48,0.994287642679));
#11258 = CARTESIAN_POINT('',(0.68419552829,2.47,0.994287642679));
#11259 = ORIENTED_EDGE('',*,*,#10689,.F.);
#11260 = ORIENTED_EDGE('',*,*,#11236,.T.);
#11261 = B_SPLINE_SURFACE_WITH_KNOTS('',1,1,(
    (#11262,#11263)
    ,(#11264,#11265
    )),.UNSPECIFIED.,.F.,.F.,.F.,(2,2),(2,2),(-1.156788633277E-02,
    1.382544741475E-32),(-1.E-02,3.838348900644E-34),
  .PIECEWISE_BEZIER_KNOTS.);
#11262 = CARTESIAN_POINT('',(0.68419552829,2.47,0.994287642679));
#11263 = CARTESIAN_POINT('',(0.68419552829,2.48,0.994287642679));
#11264 = CARTESIAN_POINT('',(0.695763414623,2.47,0.994287642679));
#11265 = CARTESIAN_POINT('',(0.695763414623,2.48,0.994287642679));
#11266 = ADVANCED_FACE('',(#11267),#11277,.F.);
#11267 = FACE_BOUND('',#11268,.F.);
#11268 = EDGE_LOOP('',(#11269,#11270,#11271,#11276));
#11269 = ORIENTED_EDGE('',*,*,#11255,.F.);
#11270 = ORIENTED_EDGE('',*,*,#10698,.T.);
#11271 = ORIENTED_EDGE('',*,*,#11272,.T.);
#11272 = EDGE_CURVE('',#10699,#1367,#11273,.T.);
#11273 = B_SPLINE_CURVE_WITH_KNOTS('',1,(#11274,#11275),.UNSPECIFIED.,
  .F.,.F.,(2,2),(-0.,1.E-02),.PIECEWISE_BEZIER_KNOTS.);
#11274 = CARTESIAN_POINT('',(0.571408540018,2.48,0.881500654406));
#11275 = CARTESIAN_POINT('',(0.571408540018,2.47,0.881500654406));
#11276 = ORIENTED_EDGE('',*,*,#1375,.F.);
#11277 = B_SPLINE_SURFACE_WITH_KNOTS('',3,1,(
    (#11278,#11279)
    ,(#11280,#11281)
    ,(#11282,#11283)
    ,(#11284,#11285
    )),.UNSPECIFIED.,.F.,.F.,.F.,(4,4),(2,2),(23.,24.),(0.,1.),
  .PIECEWISE_BEZIER_KNOTS.);
#11278 = CARTESIAN_POINT('',(0.68419552829,2.48,0.994287642679));
#11279 = CARTESIAN_POINT('',(0.68419552829,2.47,0.994287642679));
#11280 = CARTESIAN_POINT('',(0.622018090988,2.48,0.994287642679));
#11281 = CARTESIAN_POINT('',(0.622018090988,2.47,0.994287642679));
#11282 = CARTESIAN_POINT('',(0.571408540018,2.48,0.943678091709));
#11283 = CARTESIAN_POINT('',(0.571408540018,2.47,0.943678091709));
#11284 = CARTESIAN_POINT('',(0.571408540018,2.48,0.881500654406));
#11285 = CARTESIAN_POINT('',(0.571408540018,2.47,0.881500654406));
#11286 = ADVANCED_FACE('',(#11287),#11297,.F.);
#11287 = FACE_BOUND('',#11288,.F.);
#11288 = EDGE_LOOP('',(#11289,#11290,#11291,#11296));
#11289 = ORIENTED_EDGE('',*,*,#11272,.F.);
#11290 = ORIENTED_EDGE('',*,*,#10707,.T.);
#11291 = ORIENTED_EDGE('',*,*,#11292,.T.);
#11292 = EDGE_CURVE('',#10708,#1360,#11293,.T.);
#11293 = B_SPLINE_CURVE_WITH_KNOTS('',1,(#11294,#11295),.UNSPECIFIED.,
  .F.,.F.,(2,2),(-0.,1.E-02),.PIECEWISE_BEZIER_KNOTS.);
#11294 = CARTESIAN_POINT('',(0.675519627331,2.48,0.768713666134));
#11295 = CARTESIAN_POINT('',(0.675519627331,2.47,0.768713666134));
#11296 = ORIENTED_EDGE('',*,*,#1366,.F.);
#11297 = B_SPLINE_SURFACE_WITH_KNOTS('',3,1,(
    (#11298,#11299)
    ,(#11300,#11301)
    ,(#11302,#11303)
    ,(#11304,#11305
    )),.UNSPECIFIED.,.F.,.F.,.F.,(4,4),(2,2),(24.,25.),(0.,1.),
  .PIECEWISE_BEZIER_KNOTS.);
#11298 = CARTESIAN_POINT('',(0.571408540018,2.48,0.881500654406));
#11299 = CARTESIAN_POINT('',(0.571408540018,2.47,0.881500654406));
#11300 = CARTESIAN_POINT('',(0.571408540018,2.48,0.822215174896));
#11301 = CARTESIAN_POINT('',(0.571408540018,2.47,0.822215174896));
#11302 = CARTESIAN_POINT('',(0.616234120242,2.48,0.773051616614));
#11303 = CARTESIAN_POINT('',(0.616234120242,2.47,0.773051616614));
#11304 = CARTESIAN_POINT('',(0.675519627331,2.48,0.768713666134));
#11305 = CARTESIAN_POINT('',(0.675519627331,2.47,0.768713666134));
#11306 = ADVANCED_FACE('',(#11307),#11317,.F.);
#11307 = FACE_BOUND('',#11308,.T.);
#11308 = EDGE_LOOP('',(#11309,#11310,#11315,#11316));
#11309 = ORIENTED_EDGE('',*,*,#1359,.T.);
#11310 = ORIENTED_EDGE('',*,*,#11311,.F.);
#11311 = EDGE_CURVE('',#10717,#1351,#11312,.T.);
#11312 = B_SPLINE_CURVE_WITH_KNOTS('',1,(#11313,#11314),.UNSPECIFIED.,
  .F.,.F.,(2,2),(-0.,1.E-02),.PIECEWISE_BEZIER_KNOTS.);
#11313 = CARTESIAN_POINT('',(0.740589050006,2.48,0.768713666134));
#11314 = CARTESIAN_POINT('',(0.740589050006,2.47,0.768713666134));
#11315 = ORIENTED_EDGE('',*,*,#10716,.F.);
#11316 = ORIENTED_EDGE('',*,*,#11292,.T.);
#11317 = B_SPLINE_SURFACE_WITH_KNOTS('',1,1,(
    (#11318,#11319)
    ,(#11320,#11321
    )),.UNSPECIFIED.,.F.,.F.,.F.,(2,2),(2,2),(-6.506942267584E-02,
    -1.110223024625E-16),(-1.E-02,1.364383591785E-46),
  .PIECEWISE_BEZIER_KNOTS.);
#11318 = CARTESIAN_POINT('',(0.740589050006,2.47,0.768713666134));
#11319 = CARTESIAN_POINT('',(0.740589050006,2.48,0.768713666134));
#11320 = CARTESIAN_POINT('',(0.675519627331,2.47,0.768713666134));
#11321 = CARTESIAN_POINT('',(0.675519627331,2.48,0.768713666134));
#11322 = ADVANCED_FACE('',(#11323),#11333,.F.);
#11323 = FACE_BOUND('',#11324,.F.);
#11324 = EDGE_LOOP('',(#11325,#11326,#11327,#11332));
#11325 = ORIENTED_EDGE('',*,*,#11311,.F.);
#11326 = ORIENTED_EDGE('',*,*,#10723,.T.);
#11327 = ORIENTED_EDGE('',*,*,#11328,.T.);
#11328 = EDGE_CURVE('',#10724,#1342,#11329,.T.);
#11329 = B_SPLINE_CURVE_WITH_KNOTS('',1,(#11330,#11331),.UNSPECIFIED.,
  .F.,.F.,(2,2),(-0.,1.E-02),.PIECEWISE_BEZIER_KNOTS.);
#11330 = CARTESIAN_POINT('',(0.749264950966,2.48,0.77015963124));
#11331 = CARTESIAN_POINT('',(0.749264950966,2.47,0.77015963124));
#11332 = ORIENTED_EDGE('',*,*,#1350,.F.);
#11333 = B_SPLINE_SURFACE_WITH_KNOTS('',3,1,(
    (#11334,#11335)
    ,(#11336,#11337)
    ,(#11338,#11339)
    ,(#11340,#11341
    )),.UNSPECIFIED.,.F.,.F.,.F.,(4,4),(2,2),(26.,27.),(0.,1.),
  .PIECEWISE_BEZIER_KNOTS.);
#11334 = CARTESIAN_POINT('',(0.740589050006,2.48,0.768713666134));
#11335 = CARTESIAN_POINT('',(0.740589050006,2.47,0.768713666134));
#11336 = CARTESIAN_POINT('',(0.74348103538,2.48,0.768713666134));
#11337 = CARTESIAN_POINT('',(0.74348103538,2.47,0.768713666134));
#11338 = CARTESIAN_POINT('',(0.746373020753,2.48,0.77015963124));
#11339 = CARTESIAN_POINT('',(0.746373020753,2.47,0.77015963124));
#11340 = CARTESIAN_POINT('',(0.749264950966,2.48,0.77015963124));
#11341 = CARTESIAN_POINT('',(0.749264950966,2.47,0.77015963124));
#11342 = ADVANCED_FACE('',(#11343),#11353,.F.);
#11343 = FACE_BOUND('',#11344,.F.);
#11344 = EDGE_LOOP('',(#11345,#11346,#11347,#11352));
#11345 = ORIENTED_EDGE('',*,*,#11328,.F.);
#11346 = ORIENTED_EDGE('',*,*,#10732,.T.);
#11347 = ORIENTED_EDGE('',*,*,#11348,.T.);
#11348 = EDGE_CURVE('',#10733,#1333,#11349,.T.);
#11349 = B_SPLINE_CURVE_WITH_KNOTS('',1,(#11350,#11351),.UNSPECIFIED.,
  .F.,.F.,(2,2),(-0.,1.E-02),.PIECEWISE_BEZIER_KNOTS.);
#11350 = CARTESIAN_POINT('',(0.794090531189,2.48,0.725334051017));
#11351 = CARTESIAN_POINT('',(0.794090531189,2.47,0.725334051017));
#11352 = ORIENTED_EDGE('',*,*,#1341,.F.);
#11353 = B_SPLINE_SURFACE_WITH_KNOTS('',3,1,(
    (#11354,#11355)
    ,(#11356,#11357)
    ,(#11358,#11359)
    ,(#11360,#11361
    )),.UNSPECIFIED.,.F.,.F.,.F.,(4,4),(2,2),(27.,28.),(0.,1.),
  .PIECEWISE_BEZIER_KNOTS.);
#11354 = CARTESIAN_POINT('',(0.749264950966,2.48,0.77015963124));
#11355 = CARTESIAN_POINT('',(0.749264950966,2.47,0.77015963124));
#11356 = CARTESIAN_POINT('',(0.773846743898,2.48,0.77015963124));
#11357 = CARTESIAN_POINT('',(0.773846743898,2.47,0.77015963124));
#11358 = CARTESIAN_POINT('',(0.794090531189,2.48,0.749915788788));
#11359 = CARTESIAN_POINT('',(0.794090531189,2.47,0.749915788788));
#11360 = CARTESIAN_POINT('',(0.794090531189,2.48,0.725334051017));
#11361 = CARTESIAN_POINT('',(0.794090531189,2.47,0.725334051017));
#11362 = ADVANCED_FACE('',(#11363),#11373,.F.);
#11363 = FACE_BOUND('',#11364,.F.);
#11364 = EDGE_LOOP('',(#11365,#11366,#11367,#11372));
#11365 = ORIENTED_EDGE('',*,*,#11348,.F.);
#11366 = ORIENTED_EDGE('',*,*,#10741,.T.);
#11367 = ORIENTED_EDGE('',*,*,#11368,.T.);
#11368 = EDGE_CURVE('',#10742,#1326,#11369,.T.);
#11369 = B_SPLINE_CURVE_WITH_KNOTS('',1,(#11370,#11371),.UNSPECIFIED.,
  .F.,.F.,(2,2),(-0.,1.E-02),.PIECEWISE_BEZIER_KNOTS.);
#11370 = CARTESIAN_POINT('',(0.752156881179,2.48,0.680508470792));
#11371 = CARTESIAN_POINT('',(0.752156881179,2.47,0.680508470792));
#11372 = ORIENTED_EDGE('',*,*,#1332,.F.);
#11373 = B_SPLINE_SURFACE_WITH_KNOTS('',3,1,(
    (#11374,#11375)
    ,(#11376,#11377)
    ,(#11378,#11379)
    ,(#11380,#11381
    )),.UNSPECIFIED.,.F.,.F.,.F.,(4,4),(2,2),(28.,29.),(0.,1.),
  .PIECEWISE_BEZIER_KNOTS.);
#11374 = CARTESIAN_POINT('',(0.794090531189,2.48,0.725334051017));
#11375 = CARTESIAN_POINT('',(0.794090531189,2.47,0.725334051017));
#11376 = CARTESIAN_POINT('',(0.794090531189,2.48,0.702198278351));
#11377 = CARTESIAN_POINT('',(0.794090531189,2.47,0.702198278351));
#11378 = CARTESIAN_POINT('',(0.775292709005,2.48,0.681954435898));
#11379 = CARTESIAN_POINT('',(0.775292709005,2.47,0.681954435898));
#11380 = CARTESIAN_POINT('',(0.752156881179,2.48,0.680508470792));
#11381 = CARTESIAN_POINT('',(0.752156881179,2.47,0.680508470792));
#11382 = ADVANCED_FACE('',(#11383),#11393,.F.);
#11383 = FACE_BOUND('',#11384,.T.);
#11384 = EDGE_LOOP('',(#11385,#11386,#11391,#11392));
#11385 = ORIENTED_EDGE('',*,*,#1325,.T.);
#11386 = ORIENTED_EDGE('',*,*,#11387,.F.);
#11387 = EDGE_CURVE('',#10751,#1317,#11388,.T.);
#11388 = B_SPLINE_CURVE_WITH_KNOTS('',1,(#11389,#11390),.UNSPECIFIED.,
  .F.,.F.,(2,2),(-0.,1.E-02),.PIECEWISE_BEZIER_KNOTS.);
#11389 = CARTESIAN_POINT('',(0.666843671211,2.48,0.680508470792));
#11390 = CARTESIAN_POINT('',(0.666843671211,2.47,0.680508470792));
#11391 = ORIENTED_EDGE('',*,*,#10750,.F.);
#11392 = ORIENTED_EDGE('',*,*,#11368,.T.);
#11393 = B_SPLINE_SURFACE_WITH_KNOTS('',1,1,(
    (#11394,#11395)
    ,(#11396,#11397
    )),.UNSPECIFIED.,.F.,.F.,.F.,(2,2),(2,2),(-4.337950480129E-03,
    8.097525948804E-02),(-1.E-02,3.75373010814E-33),
  .PIECEWISE_BEZIER_KNOTS.);
#11394 = CARTESIAN_POINT('',(0.666843671211,2.47,0.680508470792));
#11395 = CARTESIAN_POINT('',(0.666843671211,2.48,0.680508470792));
#11396 = CARTESIAN_POINT('',(0.752156881179,2.47,0.680508470792));
#11397 = CARTESIAN_POINT('',(0.752156881179,2.48,0.680508470792));
#11398 = ADVANCED_FACE('',(#11399),#11409,.F.);
#11399 = FACE_BOUND('',#11400,.F.);
#11400 = EDGE_LOOP('',(#11401,#11402,#11403,#11408));
#11401 = ORIENTED_EDGE('',*,*,#11387,.F.);
#11402 = ORIENTED_EDGE('',*,*,#10757,.T.);
#11403 = ORIENTED_EDGE('',*,*,#11404,.T.);
#11404 = EDGE_CURVE('',#10758,#1308,#11405,.T.);
#11405 = B_SPLINE_CURVE_WITH_KNOTS('',1,(#11406,#11407),.UNSPECIFIED.,
  .F.,.F.,(2,2),(-0.,1.E-02),.PIECEWISE_BEZIER_KNOTS.);
#11406 = CARTESIAN_POINT('',(0.535258860754,2.48,0.745577893468));
#11407 = CARTESIAN_POINT('',(0.535258860754,2.47,0.745577893468));
#11408 = ORIENTED_EDGE('',*,*,#1316,.F.);
#11409 = B_SPLINE_SURFACE_WITH_KNOTS('',3,1,(
    (#11410,#11411)
    ,(#11412,#11413)
    ,(#11414,#11415)
    ,(#11416,#11417
    )),.UNSPECIFIED.,.F.,.F.,.F.,(4,4),(2,2),(33.,34.),(0.,1.),
  .PIECEWISE_BEZIER_KNOTS.);
#11410 = CARTESIAN_POINT('',(0.666843671211,2.48,0.680508470792));
#11411 = CARTESIAN_POINT('',(0.666843671211,2.47,0.680508470792));
#11412 = CARTESIAN_POINT('',(0.616234120242,2.48,0.684846421272));
#11413 = CARTESIAN_POINT('',(0.616234120242,2.47,0.684846421272));
#11414 = CARTESIAN_POINT('',(0.569962519751,2.48,0.707982249097));
#11415 = CARTESIAN_POINT('',(0.569962519751,2.47,0.707982249097));
#11416 = CARTESIAN_POINT('',(0.535258860754,2.48,0.745577893468));
#11417 = CARTESIAN_POINT('',(0.535258860754,2.47,0.745577893468));
#11418 = ADVANCED_FACE('',(#11419),#11425,.F.);
#11419 = FACE_BOUND('',#11420,.F.);
#11420 = EDGE_LOOP('',(#11421,#11422,#11423,#11424));
#11421 = ORIENTED_EDGE('',*,*,#11404,.F.);
#11422 = ORIENTED_EDGE('',*,*,#10766,.T.);
#11423 = ORIENTED_EDGE('',*,*,#10806,.T.);
#11424 = ORIENTED_EDGE('',*,*,#1307,.F.);
#11425 = B_SPLINE_SURFACE_WITH_KNOTS('',3,1,(
    (#11426,#11427)
    ,(#11428,#11429)
    ,(#11430,#11431)
    ,(#11432,#11433
    )),.UNSPECIFIED.,.F.,.F.,.F.,(4,4),(2,2),(34.,35.),(0.,1.),
  .PIECEWISE_BEZIER_KNOTS.);
#11426 = CARTESIAN_POINT('',(0.535258860754,2.48,0.745577893468));
#11427 = CARTESIAN_POINT('',(0.535258860754,2.47,0.745577893468));
#11428 = CARTESIAN_POINT('',(0.500555146595,2.48,0.783173537839));
#11429 = CARTESIAN_POINT('',(0.500555146595,2.47,0.783173537839));
#11430 = CARTESIAN_POINT('',(0.48175732441,2.48,0.832337123703));
#11431 = CARTESIAN_POINT('',(0.48175732441,2.47,0.832337123703));
#11432 = CARTESIAN_POINT('',(0.48175732441,2.48,0.882946674673));
#11433 = CARTESIAN_POINT('',(0.48175732441,2.47,0.882946674673));
#11434 = ADVANCED_FACE('',(#11435),#11462,.T.);
#11435 = FACE_BOUND('',#11436,.T.);
#11436 = EDGE_LOOP('',(#11437,#11451,#11456,#11457));
#11437 = ORIENTED_EDGE('',*,*,#11438,.F.);
#11438 = EDGE_CURVE('',#11439,#11441,#11443,.T.);
#11439 = VERTEX_POINT('',#11440);
#11440 = CARTESIAN_POINT('',(1.091963893844,2.47,0.671832459513));
#11441 = VERTEX_POINT('',#11442);
#11442 = CARTESIAN_POINT('',(1.091963893844,2.47,0.784619502945));
#11443 = B_SPLINE_CURVE_WITH_KNOTS('',3,(#11444,#11445,#11446,#11447,
    #11448,#11449,#11450),.UNSPECIFIED.,.F.,.F.,(4,3,4),(0.,1.,2.),
  .PIECEWISE_BEZIER_KNOTS.);
#11444 = CARTESIAN_POINT('',(1.091963893844,2.47,0.671832459513));
#11445 = CARTESIAN_POINT('',(1.06015219264,2.47,0.671832459513));
#11446 = CARTESIAN_POINT('',(1.035570399708,2.47,0.697860272711));
#11447 = CARTESIAN_POINT('',(1.035570399708,2.47,0.728225981229));
#11448 = CARTESIAN_POINT('',(1.035570399708,2.47,0.760037710013));
#11449 = CARTESIAN_POINT('',(1.061598157746,2.47,0.784619502945));
#11450 = CARTESIAN_POINT('',(1.091963893844,2.47,0.784619502945));
#11451 = ORIENTED_EDGE('',*,*,#11452,.F.);
#11452 = EDGE_CURVE('',#10776,#11439,#11453,.T.);
#11453 = B_SPLINE_CURVE_WITH_KNOTS('',1,(#11454,#11455),.UNSPECIFIED.,
  .F.,.F.,(2,2),(-0.,1.E-02),.PIECEWISE_BEZIER_KNOTS.);
#11454 = CARTESIAN_POINT('',(1.091963893844,2.48,0.671832459513));
#11455 = CARTESIAN_POINT('',(1.091963893844,2.47,0.671832459513));
#11456 = ORIENTED_EDGE('',*,*,#10775,.T.);
#11457 = ORIENTED_EDGE('',*,*,#11458,.T.);
#11458 = EDGE_CURVE('',#10778,#11441,#11459,.T.);
#11459 = B_SPLINE_CURVE_WITH_KNOTS('',1,(#11460,#11461),.UNSPECIFIED.,
  .F.,.F.,(2,2),(-0.,1.E-02),.PIECEWISE_BEZIER_KNOTS.);
#11460 = CARTESIAN_POINT('',(1.091963893844,2.48,0.784619502945));
#11461 = CARTESIAN_POINT('',(1.091963893844,2.47,0.784619502945));
#11462 = B_SPLINE_SURFACE_WITH_KNOTS('',3,1,(
    (#11463,#11464)
    ,(#11465,#11466)
    ,(#11467,#11468)
    ,(#11469,#11470)
    ,(#11471,#11472)
    ,(#11473,#11474)
    ,(#11475,#11476
  )),.UNSPECIFIED.,.F.,.F.,.F.,(4,3,4),(2,2),(0.,1.,2.),(0.,1.),
  .PIECEWISE_BEZIER_KNOTS.);
#11463 = CARTESIAN_POINT('',(1.091963893844,2.48,0.671832459513));
#11464 = CARTESIAN_POINT('',(1.091963893844,2.47,0.671832459513));
#11465 = CARTESIAN_POINT('',(1.06015219264,2.48,0.671832459513));
#11466 = CARTESIAN_POINT('',(1.06015219264,2.47,0.671832459513));
#11467 = CARTESIAN_POINT('',(1.035570399708,2.48,0.697860272711));
#11468 = CARTESIAN_POINT('',(1.035570399708,2.47,0.697860272711));
#11469 = CARTESIAN_POINT('',(1.035570399708,2.48,0.728225981229));
#11470 = CARTESIAN_POINT('',(1.035570399708,2.47,0.728225981229));
#11471 = CARTESIAN_POINT('',(1.035570399708,2.48,0.760037710013));
#11472 = CARTESIAN_POINT('',(1.035570399708,2.47,0.760037710013));
#11473 = CARTESIAN_POINT('',(1.061598157746,2.48,0.784619502945));
#11474 = CARTESIAN_POINT('',(1.061598157746,2.47,0.784619502945));
#11475 = CARTESIAN_POINT('',(1.091963893844,2.48,0.784619502945));
#11476 = CARTESIAN_POINT('',(1.091963893844,2.47,0.784619502945));
#11477 = ADVANCED_FACE('',(#11478),#11492,.T.);
#11478 = FACE_BOUND('',#11479,.T.);
#11479 = EDGE_LOOP('',(#11480,#11489,#11490,#11491));
#11480 = ORIENTED_EDGE('',*,*,#11481,.F.);
#11481 = EDGE_CURVE('',#11441,#11439,#11482,.T.);
#11482 = B_SPLINE_CURVE_WITH_KNOTS('',3,(#11483,#11484,#11485,#11486,
    #11487,#11488),.UNSPECIFIED.,.F.,.F.,(4,2,4),(2.,3.,4.),
  .UNSPECIFIED.);
#11483 = CARTESIAN_POINT('',(1.091963893844,2.47,0.784619502945));
#11484 = CARTESIAN_POINT('',(1.122329629942,2.47,0.784619502945));
#11485 = CARTESIAN_POINT('',(1.148357387981,2.47,0.760037710013));
#11486 = CARTESIAN_POINT('',(1.148357387981,2.47,0.696414252445));
#11487 = CARTESIAN_POINT('',(1.122329629942,2.47,0.671832459513));
#11488 = CARTESIAN_POINT('',(1.091963893844,2.47,0.671832459513));
#11489 = ORIENTED_EDGE('',*,*,#11458,.F.);
#11490 = ORIENTED_EDGE('',*,*,#10789,.T.);
#11491 = ORIENTED_EDGE('',*,*,#11452,.T.);
#11492 = B_SPLINE_SURFACE_WITH_KNOTS('',3,1,(
    (#11493,#11494)
    ,(#11495,#11496)
    ,(#11497,#11498)
    ,(#11499,#11500)
    ,(#11501,#11502)
    ,(#11503,#11504
  )),.UNSPECIFIED.,.F.,.F.,.F.,(4,2,4),(2,2),(2.,3.,4.),(0.,1.),
  .UNSPECIFIED.);
#11493 = CARTESIAN_POINT('',(1.091963893844,2.48,0.784619502945));
#11494 = CARTESIAN_POINT('',(1.091963893844,2.47,0.784619502945));
#11495 = CARTESIAN_POINT('',(1.122329629942,2.48,0.784619502945));
#11496 = CARTESIAN_POINT('',(1.122329629942,2.47,0.784619502945));
#11497 = CARTESIAN_POINT('',(1.148357387981,2.48,0.760037710013));
#11498 = CARTESIAN_POINT('',(1.148357387981,2.47,0.760037710013));
#11499 = CARTESIAN_POINT('',(1.148357387981,2.48,0.696414252445));
#11500 = CARTESIAN_POINT('',(1.148357387981,2.47,0.696414252445));
#11501 = CARTESIAN_POINT('',(1.122329629942,2.48,0.671832459513));
#11502 = CARTESIAN_POINT('',(1.122329629942,2.47,0.671832459513));
#11503 = CARTESIAN_POINT('',(1.091963893844,2.48,0.671832459513));
#11504 = CARTESIAN_POINT('',(1.091963893844,2.47,0.671832459513));
#11505 = ADVANCED_FACE('',(#11506),#11510,.T.);
#11506 = FACE_BOUND('',#11507,.T.);
#11507 = EDGE_LOOP('',(#11508,#11509));
#11508 = ORIENTED_EDGE('',*,*,#11438,.T.);
#11509 = ORIENTED_EDGE('',*,*,#11481,.T.);
#11510 = B_SPLINE_SURFACE_WITH_KNOTS('',1,1,(
    (#11511,#11512)
    ,(#11513,#11514
    )),.UNSPECIFIED.,.F.,.F.,.F.,(2,2),(2,2),(0.641832359513,
    0.754619402945),(3.635570399708,3.748357387981),
  .PIECEWISE_BEZIER_KNOTS.);
#11511 = CARTESIAN_POINT('',(1.035570399708,2.47,0.671832459513));
#11512 = CARTESIAN_POINT('',(1.148357387981,2.47,0.671832459513));
#11513 = CARTESIAN_POINT('',(1.035570399708,2.47,0.784619502945));
#11514 = CARTESIAN_POINT('',(1.148357387981,2.47,0.784619502945));
#11515 = ( GEOMETRIC_REPRESENTATION_CONTEXT(3) 
GLOBAL_UNCERTAINTY_ASSIGNED_CONTEXT((#11519)) 
GLOBAL_UNIT_ASSIGNED_CONTEXT((#11516,#11517,#11518)) 
REPRESENTATION_CONTEXT('Context #1',
  '3D Context with UNIT and UNCERTAINTY') );
#11516 = ( LENGTH_UNIT() NAMED_UNIT(*) SI_UNIT(.MILLI.,.METRE.) );
#11517 = ( NAMED_UNIT(*) PLANE_ANGLE_UNIT() SI_UNIT($,.RADIAN.) );
#11518 = ( NAMED_UNIT(*) SI_UNIT($,.STERADIAN.) SOLID_ANGLE_UNIT() );
#11519 = UNCERTAINTY_MEASURE_WITH_UNIT(LENGTH_MEASURE(1.E-03),#11516,
  'distance_accuracy_value','confusion accuracy');
#11520 = PRODUCT_RELATED_PRODUCT_CATEGORY('part',$,(#7));
#11521 = MECHANICAL_DESIGN_GEOMETRIC_PRESENTATION_REPRESENTATION('',(
    #11522,#11532,#11540,#11547,#11555,#11562,#11569,#11576,#11583,
    #11590,#11597,#11604,#11611,#11618,#11625,#11632,#11639,#11646,
    #11653,#11660,#11667,#11674,#11681,#11688,#11695,#11702,#11709,
    #11716,#11723,#11730,#11737,#11744,#11751,#11758,#11765,#11772,
    #11779,#11786,#11793,#11800,#11807,#11814,#11821,#11828,#11835,
    #11842,#11849,#11856,#11863,#11870,#11877,#11884,#11891,#11898,
    #11905,#11912,#11919,#11926,#11933,#11940,#11947,#11954,#11961,
    #11968,#11975,#11982,#11989,#11996,#12003,#12010,#12017,#12024,
    #12031,#12038,#12045,#12052,#12059,#12066,#12073,#12080,#12087,
    #12094,#12101,#12108,#12115,#12122,#12129,#12136,#12143,#12150,
    #12157,#12164,#12171,#12178,#12185,#12192,#12199,#12206,#12213,
    #12220,#12227,#12234,#12241,#12248,#12255,#12262,#12269,#12276,
    #12283,#12290,#12297,#12304,#12311,#12318,#12325,#12332,#12339,
    #12346,#12353,#12360,#12367,#12374,#12381,#12388,#12395,#12402,
    #12409,#12416,#12423,#12430,#12437,#12444,#12451,#12458,#12465,
    #12472,#12479,#12486,#12493,#12500,#12507,#12514,#12521,#12528,
    #12535,#12542,#12549,#12556,#12563,#12570,#12577,#12584,#12591,
    #12598,#12605,#12612,#12619,#12626,#12633,#12640,#12647,#12654,
    #12661,#12668,#12675,#12682,#12689,#12696,#12703,#12710,#12717,
    #12724,#12731,#12738,#12745,#12752,#12759,#12766,#12773,#12780,
    #12787,#12794,#12801,#12808,#12815,#12822,#12829,#12836,#12843,
    #12850,#12857,#12864,#12871,#12878,#12885,#12892,#12899,#12906,
    #12913,#12920,#12927,#12934,#12941,#12948,#12955,#12962,#12969,
    #12976,#12983,#12990,#12997,#13004,#13011,#13018,#13025,#13032,
    #13039,#13046,#13053,#13060,#13067,#13074,#13081,#13088,#13095,
    #13102,#13109,#13116,#13123,#13130,#13137,#13144,#13151,#13158,
    #13165,#13172,#13179,#13186,#13193,#13200,#13207,#13214,#13221,
    #13228,#13235,#13242,#13249,#13256,#13263,#13270,#13277,#13284,
    #13291,#13298,#13305,#13312,#13319,#13326,#13333,#13340,#13347,
    #13354,#13361,#13368,#13375,#13382,#13389,#13396,#13403,#13410,
    #13417,#13424,#13431,#13438,#13445,#13452,#13459,#13466,#13473,
    #13480,#13487,#13494,#13501),#11515);
#11522 = STYLED_ITEM('color',(#11523),#15);
#11523 = PRESENTATION_STYLE_ASSIGNMENT((#11524,#11530));
#11524 = SURFACE_STYLE_USAGE(.BOTH.,#11525);
#11525 = SURFACE_SIDE_STYLE('',(#11526));
#11526 = SURFACE_STYLE_FILL_AREA(#11527);
#11527 = FILL_AREA_STYLE('',(#11528));
#11528 = FILL_AREA_STYLE_COLOUR('',#11529);
#11529 = DRAUGHTING_PRE_DEFINED_COLOUR('white');
#11530 = CURVE_STYLE('',#11531,POSITIVE_LENGTH_MEASURE(0.1),#11529);
#11531 = DRAUGHTING_PRE_DEFINED_CURVE_FONT('continuous');
#11532 = OVER_RIDING_STYLED_ITEM('overriding color',(#11533),#17,#11522
  );
#11533 = PRESENTATION_STYLE_ASSIGNMENT((#11534));
#11534 = SURFACE_STYLE_USAGE(.BOTH.,#11535);
#11535 = SURFACE_SIDE_STYLE('',(#11536));
#11536 = SURFACE_STYLE_FILL_AREA(#11537);
#11537 = FILL_AREA_STYLE('',(#11538));
#11538 = FILL_AREA_STYLE_COLOUR('',#11539);
#11539 = COLOUR_RGB('',0.854901964685,0.854901964685,0.854901964685);
#11540 = OVER_RIDING_STYLED_ITEM('overriding color',(#11541),#94,#11522
  );
#11541 = PRESENTATION_STYLE_ASSIGNMENT((#11542));
#11542 = SURFACE_STYLE_USAGE(.BOTH.,#11543);
#11543 = SURFACE_SIDE_STYLE('',(#11544));
#11544 = SURFACE_STYLE_FILL_AREA(#11545);
#11545 = FILL_AREA_STYLE('',(#11546));
#11546 = FILL_AREA_STYLE_COLOUR('',#11539);
#11547 = OVER_RIDING_STYLED_ITEM('overriding color',(#11548),#171,#11522
  );
#11548 = PRESENTATION_STYLE_ASSIGNMENT((#11549));
#11549 = SURFACE_STYLE_USAGE(.BOTH.,#11550);
#11550 = SURFACE_SIDE_STYLE('',(#11551));
#11551 = SURFACE_STYLE_FILL_AREA(#11552);
#11552 = FILL_AREA_STYLE('',(#11553));
#11553 = FILL_AREA_STYLE_COLOUR('',#11554);
#11554 = COLOUR_RGB('',0.592156864646,0.462745104622,0.);
#11555 = OVER_RIDING_STYLED_ITEM('overriding color',(#11556),#1578,
  #11522);
#11556 = PRESENTATION_STYLE_ASSIGNMENT((#11557));
#11557 = SURFACE_STYLE_USAGE(.BOTH.,#11558);
#11558 = SURFACE_SIDE_STYLE('',(#11559));
#11559 = SURFACE_STYLE_FILL_AREA(#11560);
#11560 = FILL_AREA_STYLE('',(#11561));
#11561 = FILL_AREA_STYLE_COLOUR('',#11554);
#11562 = OVER_RIDING_STYLED_ITEM('overriding color',(#11563),#1599,
  #11522);
#11563 = PRESENTATION_STYLE_ASSIGNMENT((#11564));
#11564 = SURFACE_STYLE_USAGE(.BOTH.,#11565);
#11565 = SURFACE_SIDE_STYLE('',(#11566));
#11566 = SURFACE_STYLE_FILL_AREA(#11567);
#11567 = FILL_AREA_STYLE('',(#11568));
#11568 = FILL_AREA_STYLE_COLOUR('',#11554);
#11569 = OVER_RIDING_STYLED_ITEM('overriding color',(#11570),#2071,
  #11522);
#11570 = PRESENTATION_STYLE_ASSIGNMENT((#11571));
#11571 = SURFACE_STYLE_USAGE(.BOTH.,#11572);
#11572 = SURFACE_SIDE_STYLE('',(#11573));
#11573 = SURFACE_STYLE_FILL_AREA(#11574);
#11574 = FILL_AREA_STYLE('',(#11575));
#11575 = FILL_AREA_STYLE_COLOUR('',#11554);
#11576 = OVER_RIDING_STYLED_ITEM('overriding color',(#11577),#2101,
  #11522);
#11577 = PRESENTATION_STYLE_ASSIGNMENT((#11578));
#11578 = SURFACE_STYLE_USAGE(.BOTH.,#11579);
#11579 = SURFACE_SIDE_STYLE('',(#11580));
#11580 = SURFACE_STYLE_FILL_AREA(#11581);
#11581 = FILL_AREA_STYLE('',(#11582));
#11582 = FILL_AREA_STYLE_COLOUR('',#11554);
#11583 = OVER_RIDING_STYLED_ITEM('overriding color',(#11584),#2131,
  #11522);
#11584 = PRESENTATION_STYLE_ASSIGNMENT((#11585));
#11585 = SURFACE_STYLE_USAGE(.BOTH.,#11586);
#11586 = SURFACE_SIDE_STYLE('',(#11587));
#11587 = SURFACE_STYLE_FILL_AREA(#11588);
#11588 = FILL_AREA_STYLE('',(#11589));
#11589 = FILL_AREA_STYLE_COLOUR('',#11554);
#11590 = OVER_RIDING_STYLED_ITEM('overriding color',(#11591),#2168,
  #11522);
#11591 = PRESENTATION_STYLE_ASSIGNMENT((#11592));
#11592 = SURFACE_STYLE_USAGE(.BOTH.,#11593);
#11593 = SURFACE_SIDE_STYLE('',(#11594));
#11594 = SURFACE_STYLE_FILL_AREA(#11595);
#11595 = FILL_AREA_STYLE('',(#11596));
#11596 = FILL_AREA_STYLE_COLOUR('',#11539);
#11597 = OVER_RIDING_STYLED_ITEM('overriding color',(#11598),#2198,
  #11522);
#11598 = PRESENTATION_STYLE_ASSIGNMENT((#11599));
#11599 = SURFACE_STYLE_USAGE(.BOTH.,#11600);
#11600 = SURFACE_SIDE_STYLE('',(#11601));
#11601 = SURFACE_STYLE_FILL_AREA(#11602);
#11602 = FILL_AREA_STYLE('',(#11603));
#11603 = FILL_AREA_STYLE_COLOUR('',#11554);
#11604 = OVER_RIDING_STYLED_ITEM('overriding color',(#11605),#2228,
  #11522);
#11605 = PRESENTATION_STYLE_ASSIGNMENT((#11606));
#11606 = SURFACE_STYLE_USAGE(.BOTH.,#11607);
#11607 = SURFACE_SIDE_STYLE('',(#11608));
#11608 = SURFACE_STYLE_FILL_AREA(#11609);
#11609 = FILL_AREA_STYLE('',(#11610));
#11610 = FILL_AREA_STYLE_COLOUR('',#11554);
#11611 = OVER_RIDING_STYLED_ITEM('overriding color',(#11612),#2249,
  #11522);
#11612 = PRESENTATION_STYLE_ASSIGNMENT((#11613));
#11613 = SURFACE_STYLE_USAGE(.BOTH.,#11614);
#11614 = SURFACE_SIDE_STYLE('',(#11615));
#11615 = SURFACE_STYLE_FILL_AREA(#11616);
#11616 = FILL_AREA_STYLE('',(#11617));
#11617 = FILL_AREA_STYLE_COLOUR('',#11554);
#11618 = OVER_RIDING_STYLED_ITEM('overriding color',(#11619),#2279,
  #11522);
#11619 = PRESENTATION_STYLE_ASSIGNMENT((#11620));
#11620 = SURFACE_STYLE_USAGE(.BOTH.,#11621);
#11621 = SURFACE_SIDE_STYLE('',(#11622));
#11622 = SURFACE_STYLE_FILL_AREA(#11623);
#11623 = FILL_AREA_STYLE('',(#11624));
#11624 = FILL_AREA_STYLE_COLOUR('',#11539);
#11625 = OVER_RIDING_STYLED_ITEM('overriding color',(#11626),#2420,
  #11522);
#11626 = PRESENTATION_STYLE_ASSIGNMENT((#11627));
#11627 = SURFACE_STYLE_USAGE(.BOTH.,#11628);
#11628 = SURFACE_SIDE_STYLE('',(#11629));
#11629 = SURFACE_STYLE_FILL_AREA(#11630);
#11630 = FILL_AREA_STYLE('',(#11631));
#11631 = FILL_AREA_STYLE_COLOUR('',#11539);
#11632 = OVER_RIDING_STYLED_ITEM('overriding color',(#11633),#2457,
  #11522);
#11633 = PRESENTATION_STYLE_ASSIGNMENT((#11634));
#11634 = SURFACE_STYLE_USAGE(.BOTH.,#11635);
#11635 = SURFACE_SIDE_STYLE('',(#11636));
#11636 = SURFACE_STYLE_FILL_AREA(#11637);
#11637 = FILL_AREA_STYLE('',(#11638));
#11638 = FILL_AREA_STYLE_COLOUR('',#11539);
#11639 = OVER_RIDING_STYLED_ITEM('overriding color',(#11640),#2485,
  #11522);
#11640 = PRESENTATION_STYLE_ASSIGNMENT((#11641));
#11641 = SURFACE_STYLE_USAGE(.BOTH.,#11642);
#11642 = SURFACE_SIDE_STYLE('',(#11643));
#11643 = SURFACE_STYLE_FILL_AREA(#11644);
#11644 = FILL_AREA_STYLE('',(#11645));
#11645 = FILL_AREA_STYLE_COLOUR('',#11539);
#11646 = OVER_RIDING_STYLED_ITEM('overriding color',(#11647),#2521,
  #11522);
#11647 = PRESENTATION_STYLE_ASSIGNMENT((#11648));
#11648 = SURFACE_STYLE_USAGE(.BOTH.,#11649);
#11649 = SURFACE_SIDE_STYLE('',(#11650));
#11650 = SURFACE_STYLE_FILL_AREA(#11651);
#11651 = FILL_AREA_STYLE('',(#11652));
#11652 = FILL_AREA_STYLE_COLOUR('',#11539);
#11653 = OVER_RIDING_STYLED_ITEM('overriding color',(#11654),#2591,
  #11522);
#11654 = PRESENTATION_STYLE_ASSIGNMENT((#11655));
#11655 = SURFACE_STYLE_USAGE(.BOTH.,#11656);
#11656 = SURFACE_SIDE_STYLE('',(#11657));
#11657 = SURFACE_STYLE_FILL_AREA(#11658);
#11658 = FILL_AREA_STYLE('',(#11659));
#11659 = FILL_AREA_STYLE_COLOUR('',#11539);
#11660 = OVER_RIDING_STYLED_ITEM('overriding color',(#11661),#2628,
  #11522);
#11661 = PRESENTATION_STYLE_ASSIGNMENT((#11662));
#11662 = SURFACE_STYLE_USAGE(.BOTH.,#11663);
#11663 = SURFACE_SIDE_STYLE('',(#11664));
#11664 = SURFACE_STYLE_FILL_AREA(#11665);
#11665 = FILL_AREA_STYLE('',(#11666));
#11666 = FILL_AREA_STYLE_COLOUR('',#11539);
#11667 = OVER_RIDING_STYLED_ITEM('overriding color',(#11668),#2665,
  #11522);
#11668 = PRESENTATION_STYLE_ASSIGNMENT((#11669));
#11669 = SURFACE_STYLE_USAGE(.BOTH.,#11670);
#11670 = SURFACE_SIDE_STYLE('',(#11671));
#11671 = SURFACE_STYLE_FILL_AREA(#11672);
#11672 = FILL_AREA_STYLE('',(#11673));
#11673 = FILL_AREA_STYLE_COLOUR('',#11554);
#11674 = OVER_RIDING_STYLED_ITEM('overriding color',(#11675),#2687,
  #11522);
#11675 = PRESENTATION_STYLE_ASSIGNMENT((#11676));
#11676 = SURFACE_STYLE_USAGE(.BOTH.,#11677);
#11677 = SURFACE_SIDE_STYLE('',(#11678));
#11678 = SURFACE_STYLE_FILL_AREA(#11679);
#11679 = FILL_AREA_STYLE('',(#11680));
#11680 = FILL_AREA_STYLE_COLOUR('',#11539);
#11681 = OVER_RIDING_STYLED_ITEM('overriding color',(#11682),#2723,
  #11522);
#11682 = PRESENTATION_STYLE_ASSIGNMENT((#11683));
#11683 = SURFACE_STYLE_USAGE(.BOTH.,#11684);
#11684 = SURFACE_SIDE_STYLE('',(#11685));
#11685 = SURFACE_STYLE_FILL_AREA(#11686);
#11686 = FILL_AREA_STYLE('',(#11687));
#11687 = FILL_AREA_STYLE_COLOUR('',#11539);
#11688 = OVER_RIDING_STYLED_ITEM('overriding color',(#11689),#2769,
  #11522);
#11689 = PRESENTATION_STYLE_ASSIGNMENT((#11690));
#11690 = SURFACE_STYLE_USAGE(.BOTH.,#11691);
#11691 = SURFACE_SIDE_STYLE('',(#11692));
#11692 = SURFACE_STYLE_FILL_AREA(#11693);
#11693 = FILL_AREA_STYLE('',(#11694));
#11694 = FILL_AREA_STYLE_COLOUR('',#11539);
#11695 = OVER_RIDING_STYLED_ITEM('overriding color',(#11696),#2847,
  #11522);
#11696 = PRESENTATION_STYLE_ASSIGNMENT((#11697));
#11697 = SURFACE_STYLE_USAGE(.BOTH.,#11698);
#11698 = SURFACE_SIDE_STYLE('',(#11699));
#11699 = SURFACE_STYLE_FILL_AREA(#11700);
#11700 = FILL_AREA_STYLE('',(#11701));
#11701 = FILL_AREA_STYLE_COLOUR('',#11539);
#11702 = OVER_RIDING_STYLED_ITEM('overriding color',(#11703),#2955,
  #11522);
#11703 = PRESENTATION_STYLE_ASSIGNMENT((#11704));
#11704 = SURFACE_STYLE_USAGE(.BOTH.,#11705);
#11705 = SURFACE_SIDE_STYLE('',(#11706));
#11706 = SURFACE_STYLE_FILL_AREA(#11707);
#11707 = FILL_AREA_STYLE('',(#11708));
#11708 = FILL_AREA_STYLE_COLOUR('',#11554);
#11709 = OVER_RIDING_STYLED_ITEM('overriding color',(#11710),#2993,
  #11522);
#11710 = PRESENTATION_STYLE_ASSIGNMENT((#11711));
#11711 = SURFACE_STYLE_USAGE(.BOTH.,#11712);
#11712 = SURFACE_SIDE_STYLE('',(#11713));
#11713 = SURFACE_STYLE_FILL_AREA(#11714);
#11714 = FILL_AREA_STYLE('',(#11715));
#11715 = FILL_AREA_STYLE_COLOUR('',#11539);
#11716 = OVER_RIDING_STYLED_ITEM('overriding color',(#11717),#3100,
  #11522);
#11717 = PRESENTATION_STYLE_ASSIGNMENT((#11718));
#11718 = SURFACE_STYLE_USAGE(.BOTH.,#11719);
#11719 = SURFACE_SIDE_STYLE('',(#11720));
#11720 = SURFACE_STYLE_FILL_AREA(#11721);
#11721 = FILL_AREA_STYLE('',(#11722));
#11722 = FILL_AREA_STYLE_COLOUR('',#11539);
#11723 = OVER_RIDING_STYLED_ITEM('overriding color',(#11724),#3136,
  #11522);
#11724 = PRESENTATION_STYLE_ASSIGNMENT((#11725));
#11725 = SURFACE_STYLE_USAGE(.BOTH.,#11726);
#11726 = SURFACE_SIDE_STYLE('',(#11727));
#11727 = SURFACE_STYLE_FILL_AREA(#11728);
#11728 = FILL_AREA_STYLE('',(#11729));
#11729 = FILL_AREA_STYLE_COLOUR('',#11539);
#11730 = OVER_RIDING_STYLED_ITEM('overriding color',(#11731),#5141,
  #11522);
#11731 = PRESENTATION_STYLE_ASSIGNMENT((#11732));
#11732 = SURFACE_STYLE_USAGE(.BOTH.,#11733);
#11733 = SURFACE_SIDE_STYLE('',(#11734));
#11734 = SURFACE_STYLE_FILL_AREA(#11735);
#11735 = FILL_AREA_STYLE('',(#11736));
#11736 = FILL_AREA_STYLE_COLOUR('',#11554);
#11737 = OVER_RIDING_STYLED_ITEM('overriding color',(#11738),#5155,
  #11522);
#11738 = PRESENTATION_STYLE_ASSIGNMENT((#11739));
#11739 = SURFACE_STYLE_USAGE(.BOTH.,#11740);
#11740 = SURFACE_SIDE_STYLE('',(#11741));
#11741 = SURFACE_STYLE_FILL_AREA(#11742);
#11742 = FILL_AREA_STYLE('',(#11743));
#11743 = FILL_AREA_STYLE_COLOUR('',#11554);
#11744 = OVER_RIDING_STYLED_ITEM('overriding color',(#11745),#5168,
  #11522);
#11745 = PRESENTATION_STYLE_ASSIGNMENT((#11746));
#11746 = SURFACE_STYLE_USAGE(.BOTH.,#11747);
#11747 = SURFACE_SIDE_STYLE('',(#11748));
#11748 = SURFACE_STYLE_FILL_AREA(#11749);
#11749 = FILL_AREA_STYLE('',(#11750));
#11750 = FILL_AREA_STYLE_COLOUR('',#11539);
#11751 = OVER_RIDING_STYLED_ITEM('overriding color',(#11752),#5189,
  #11522);
#11752 = PRESENTATION_STYLE_ASSIGNMENT((#11753));
#11753 = SURFACE_STYLE_USAGE(.BOTH.,#11754);
#11754 = SURFACE_SIDE_STYLE('',(#11755));
#11755 = SURFACE_STYLE_FILL_AREA(#11756);
#11756 = FILL_AREA_STYLE('',(#11757));
#11757 = FILL_AREA_STYLE_COLOUR('',#11539);
#11758 = OVER_RIDING_STYLED_ITEM('overriding color',(#11759),#5210,
  #11522);
#11759 = PRESENTATION_STYLE_ASSIGNMENT((#11760));
#11760 = SURFACE_STYLE_USAGE(.BOTH.,#11761);
#11761 = SURFACE_SIDE_STYLE('',(#11762));
#11762 = SURFACE_STYLE_FILL_AREA(#11763);
#11763 = FILL_AREA_STYLE('',(#11764));
#11764 = FILL_AREA_STYLE_COLOUR('',#11539);
#11765 = OVER_RIDING_STYLED_ITEM('overriding color',(#11766),#5234,
  #11522);
#11766 = PRESENTATION_STYLE_ASSIGNMENT((#11767));
#11767 = SURFACE_STYLE_USAGE(.BOTH.,#11768);
#11768 = SURFACE_SIDE_STYLE('',(#11769));
#11769 = SURFACE_STYLE_FILL_AREA(#11770);
#11770 = FILL_AREA_STYLE('',(#11771));
#11771 = FILL_AREA_STYLE_COLOUR('',#11539);
#11772 = OVER_RIDING_STYLED_ITEM('overriding color',(#11773),#5255,
  #11522);
#11773 = PRESENTATION_STYLE_ASSIGNMENT((#11774));
#11774 = SURFACE_STYLE_USAGE(.BOTH.,#11775);
#11775 = SURFACE_SIDE_STYLE('',(#11776));
#11776 = SURFACE_STYLE_FILL_AREA(#11777);
#11777 = FILL_AREA_STYLE('',(#11778));
#11778 = FILL_AREA_STYLE_COLOUR('',#11539);
#11779 = OVER_RIDING_STYLED_ITEM('overriding color',(#11780),#5282,
  #11522);
#11780 = PRESENTATION_STYLE_ASSIGNMENT((#11781));
#11781 = SURFACE_STYLE_USAGE(.BOTH.,#11782);
#11782 = SURFACE_SIDE_STYLE('',(#11783));
#11783 = SURFACE_STYLE_FILL_AREA(#11784);
#11784 = FILL_AREA_STYLE('',(#11785));
#11785 = FILL_AREA_STYLE_COLOUR('',#11539);
#11786 = OVER_RIDING_STYLED_ITEM('overriding color',(#11787),#5301,
  #11522);
#11787 = PRESENTATION_STYLE_ASSIGNMENT((#11788));
#11788 = SURFACE_STYLE_USAGE(.BOTH.,#11789);
#11789 = SURFACE_SIDE_STYLE('',(#11790));
#11790 = SURFACE_STYLE_FILL_AREA(#11791);
#11791 = FILL_AREA_STYLE('',(#11792));
#11792 = FILL_AREA_STYLE_COLOUR('',#11539);
#11793 = OVER_RIDING_STYLED_ITEM('overriding color',(#11794),#5322,
  #11522);
#11794 = PRESENTATION_STYLE_ASSIGNMENT((#11795));
#11795 = SURFACE_STYLE_USAGE(.BOTH.,#11796);
#11796 = SURFACE_SIDE_STYLE('',(#11797));
#11797 = SURFACE_STYLE_FILL_AREA(#11798);
#11798 = FILL_AREA_STYLE('',(#11799));
#11799 = FILL_AREA_STYLE_COLOUR('',#11539);
#11800 = OVER_RIDING_STYLED_ITEM('overriding color',(#11801),#5343,
  #11522);
#11801 = PRESENTATION_STYLE_ASSIGNMENT((#11802));
#11802 = SURFACE_STYLE_USAGE(.BOTH.,#11803);
#11803 = SURFACE_SIDE_STYLE('',(#11804));
#11804 = SURFACE_STYLE_FILL_AREA(#11805);
#11805 = FILL_AREA_STYLE('',(#11806));
#11806 = FILL_AREA_STYLE_COLOUR('',#11539);
#11807 = OVER_RIDING_STYLED_ITEM('overriding color',(#11808),#5362,
  #11522);
#11808 = PRESENTATION_STYLE_ASSIGNMENT((#11809));
#11809 = SURFACE_STYLE_USAGE(.BOTH.,#11810);
#11810 = SURFACE_SIDE_STYLE('',(#11811));
#11811 = SURFACE_STYLE_FILL_AREA(#11812);
#11812 = FILL_AREA_STYLE('',(#11813));
#11813 = FILL_AREA_STYLE_COLOUR('',#11539);
#11814 = OVER_RIDING_STYLED_ITEM('overriding color',(#11815),#5383,
  #11522);
#11815 = PRESENTATION_STYLE_ASSIGNMENT((#11816));
#11816 = SURFACE_STYLE_USAGE(.BOTH.,#11817);
#11817 = SURFACE_SIDE_STYLE('',(#11818));
#11818 = SURFACE_STYLE_FILL_AREA(#11819);
#11819 = FILL_AREA_STYLE('',(#11820));
#11820 = FILL_AREA_STYLE_COLOUR('',#11539);
#11821 = OVER_RIDING_STYLED_ITEM('overriding color',(#11822),#5410,
  #11522);
#11822 = PRESENTATION_STYLE_ASSIGNMENT((#11823));
#11823 = SURFACE_STYLE_USAGE(.BOTH.,#11824);
#11824 = SURFACE_SIDE_STYLE('',(#11825));
#11825 = SURFACE_STYLE_FILL_AREA(#11826);
#11826 = FILL_AREA_STYLE('',(#11827));
#11827 = FILL_AREA_STYLE_COLOUR('',#11539);
#11828 = OVER_RIDING_STYLED_ITEM('overriding color',(#11829),#5424,
  #11522);
#11829 = PRESENTATION_STYLE_ASSIGNMENT((#11830));
#11830 = SURFACE_STYLE_USAGE(.BOTH.,#11831);
#11831 = SURFACE_SIDE_STYLE('',(#11832));
#11832 = SURFACE_STYLE_FILL_AREA(#11833);
#11833 = FILL_AREA_STYLE('',(#11834));
#11834 = FILL_AREA_STYLE_COLOUR('',#11539);
#11835 = OVER_RIDING_STYLED_ITEM('overriding color',(#11836),#5445,
  #11522);
#11836 = PRESENTATION_STYLE_ASSIGNMENT((#11837));
#11837 = SURFACE_STYLE_USAGE(.BOTH.,#11838);
#11838 = SURFACE_SIDE_STYLE('',(#11839));
#11839 = SURFACE_STYLE_FILL_AREA(#11840);
#11840 = FILL_AREA_STYLE('',(#11841));
#11841 = FILL_AREA_STYLE_COLOUR('',#11539);
#11842 = OVER_RIDING_STYLED_ITEM('overriding color',(#11843),#5469,
  #11522);
#11843 = PRESENTATION_STYLE_ASSIGNMENT((#11844));
#11844 = SURFACE_STYLE_USAGE(.BOTH.,#11845);
#11845 = SURFACE_SIDE_STYLE('',(#11846));
#11846 = SURFACE_STYLE_FILL_AREA(#11847);
#11847 = FILL_AREA_STYLE('',(#11848));
#11848 = FILL_AREA_STYLE_COLOUR('',#11539);
#11849 = OVER_RIDING_STYLED_ITEM('overriding color',(#11850),#5490,
  #11522);
#11850 = PRESENTATION_STYLE_ASSIGNMENT((#11851));
#11851 = SURFACE_STYLE_USAGE(.BOTH.,#11852);
#11852 = SURFACE_SIDE_STYLE('',(#11853));
#11853 = SURFACE_STYLE_FILL_AREA(#11854);
#11854 = FILL_AREA_STYLE('',(#11855));
#11855 = FILL_AREA_STYLE_COLOUR('',#11539);
#11856 = OVER_RIDING_STYLED_ITEM('overriding color',(#11857),#5511,
  #11522);
#11857 = PRESENTATION_STYLE_ASSIGNMENT((#11858));
#11858 = SURFACE_STYLE_USAGE(.BOTH.,#11859);
#11859 = SURFACE_SIDE_STYLE('',(#11860));
#11860 = SURFACE_STYLE_FILL_AREA(#11861);
#11861 = FILL_AREA_STYLE('',(#11862));
#11862 = FILL_AREA_STYLE_COLOUR('',#11539);
#11863 = OVER_RIDING_STYLED_ITEM('overriding color',(#11864),#5532,
  #11522);
#11864 = PRESENTATION_STYLE_ASSIGNMENT((#11865));
#11865 = SURFACE_STYLE_USAGE(.BOTH.,#11866);
#11866 = SURFACE_SIDE_STYLE('',(#11867));
#11867 = SURFACE_STYLE_FILL_AREA(#11868);
#11868 = FILL_AREA_STYLE('',(#11869));
#11869 = FILL_AREA_STYLE_COLOUR('',#11539);
#11870 = OVER_RIDING_STYLED_ITEM('overriding color',(#11871),#5553,
  #11522);
#11871 = PRESENTATION_STYLE_ASSIGNMENT((#11872));
#11872 = SURFACE_STYLE_USAGE(.BOTH.,#11873);
#11873 = SURFACE_SIDE_STYLE('',(#11874));
#11874 = SURFACE_STYLE_FILL_AREA(#11875);
#11875 = FILL_AREA_STYLE('',(#11876));
#11876 = FILL_AREA_STYLE_COLOUR('',#11539);
#11877 = OVER_RIDING_STYLED_ITEM('overriding color',(#11878),#5572,
  #11522);
#11878 = PRESENTATION_STYLE_ASSIGNMENT((#11879));
#11879 = SURFACE_STYLE_USAGE(.BOTH.,#11880);
#11880 = SURFACE_SIDE_STYLE('',(#11881));
#11881 = SURFACE_STYLE_FILL_AREA(#11882);
#11882 = FILL_AREA_STYLE('',(#11883));
#11883 = FILL_AREA_STYLE_COLOUR('',#11539);
#11884 = OVER_RIDING_STYLED_ITEM('overriding color',(#11885),#5591,
  #11522);
#11885 = PRESENTATION_STYLE_ASSIGNMENT((#11886));
#11886 = SURFACE_STYLE_USAGE(.BOTH.,#11887);
#11887 = SURFACE_SIDE_STYLE('',(#11888));
#11888 = SURFACE_STYLE_FILL_AREA(#11889);
#11889 = FILL_AREA_STYLE('',(#11890));
#11890 = FILL_AREA_STYLE_COLOUR('',#11539);
#11891 = OVER_RIDING_STYLED_ITEM('overriding color',(#11892),#5612,
  #11522);
#11892 = PRESENTATION_STYLE_ASSIGNMENT((#11893));
#11893 = SURFACE_STYLE_USAGE(.BOTH.,#11894);
#11894 = SURFACE_SIDE_STYLE('',(#11895));
#11895 = SURFACE_STYLE_FILL_AREA(#11896);
#11896 = FILL_AREA_STYLE('',(#11897));
#11897 = FILL_AREA_STYLE_COLOUR('',#11539);
#11898 = OVER_RIDING_STYLED_ITEM('overriding color',(#11899),#5633,
  #11522);
#11899 = PRESENTATION_STYLE_ASSIGNMENT((#11900));
#11900 = SURFACE_STYLE_USAGE(.BOTH.,#11901);
#11901 = SURFACE_SIDE_STYLE('',(#11902));
#11902 = SURFACE_STYLE_FILL_AREA(#11903);
#11903 = FILL_AREA_STYLE('',(#11904));
#11904 = FILL_AREA_STYLE_COLOUR('',#11539);
#11905 = OVER_RIDING_STYLED_ITEM('overriding color',(#11906),#5654,
  #11522);
#11906 = PRESENTATION_STYLE_ASSIGNMENT((#11907));
#11907 = SURFACE_STYLE_USAGE(.BOTH.,#11908);
#11908 = SURFACE_SIDE_STYLE('',(#11909));
#11909 = SURFACE_STYLE_FILL_AREA(#11910);
#11910 = FILL_AREA_STYLE('',(#11911));
#11911 = FILL_AREA_STYLE_COLOUR('',#11539);
#11912 = OVER_RIDING_STYLED_ITEM('overriding color',(#11913),#5668,
  #11522);
#11913 = PRESENTATION_STYLE_ASSIGNMENT((#11914));
#11914 = SURFACE_STYLE_USAGE(.BOTH.,#11915);
#11915 = SURFACE_SIDE_STYLE('',(#11916));
#11916 = SURFACE_STYLE_FILL_AREA(#11917);
#11917 = FILL_AREA_STYLE('',(#11918));
#11918 = FILL_AREA_STYLE_COLOUR('',#11554);
#11919 = OVER_RIDING_STYLED_ITEM('overriding color',(#11920),#5684,
  #11522);
#11920 = PRESENTATION_STYLE_ASSIGNMENT((#11921));
#11921 = SURFACE_STYLE_USAGE(.BOTH.,#11922);
#11922 = SURFACE_SIDE_STYLE('',(#11923));
#11923 = SURFACE_STYLE_FILL_AREA(#11924);
#11924 = FILL_AREA_STYLE('',(#11925));
#11925 = FILL_AREA_STYLE_COLOUR('',#11554);
#11926 = OVER_RIDING_STYLED_ITEM('overriding color',(#11927),#5700,
  #11522);
#11927 = PRESENTATION_STYLE_ASSIGNMENT((#11928));
#11928 = SURFACE_STYLE_USAGE(.BOTH.,#11929);
#11929 = SURFACE_SIDE_STYLE('',(#11930));
#11930 = SURFACE_STYLE_FILL_AREA(#11931);
#11931 = FILL_AREA_STYLE('',(#11932));
#11932 = FILL_AREA_STYLE_COLOUR('',#11554);
#11933 = OVER_RIDING_STYLED_ITEM('overriding color',(#11934),#5716,
  #11522);
#11934 = PRESENTATION_STYLE_ASSIGNMENT((#11935));
#11935 = SURFACE_STYLE_USAGE(.BOTH.,#11936);
#11936 = SURFACE_SIDE_STYLE('',(#11937));
#11937 = SURFACE_STYLE_FILL_AREA(#11938);
#11938 = FILL_AREA_STYLE('',(#11939));
#11939 = FILL_AREA_STYLE_COLOUR('',#11554);
#11940 = OVER_RIDING_STYLED_ITEM('overriding color',(#11941),#5732,
  #11522);
#11941 = PRESENTATION_STYLE_ASSIGNMENT((#11942));
#11942 = SURFACE_STYLE_USAGE(.BOTH.,#11943);
#11943 = SURFACE_SIDE_STYLE('',(#11944));
#11944 = SURFACE_STYLE_FILL_AREA(#11945);
#11945 = FILL_AREA_STYLE('',(#11946));
#11946 = FILL_AREA_STYLE_COLOUR('',#11529);
#11947 = OVER_RIDING_STYLED_ITEM('overriding color',(#11948),#5760,
  #11522);
#11948 = PRESENTATION_STYLE_ASSIGNMENT((#11949));
#11949 = SURFACE_STYLE_USAGE(.BOTH.,#11950);
#11950 = SURFACE_SIDE_STYLE('',(#11951));
#11951 = SURFACE_STYLE_FILL_AREA(#11952);
#11952 = FILL_AREA_STYLE('',(#11953));
#11953 = FILL_AREA_STYLE_COLOUR('',#11529);
#11954 = OVER_RIDING_STYLED_ITEM('overriding color',(#11955),#5782,
  #11522);
#11955 = PRESENTATION_STYLE_ASSIGNMENT((#11956));
#11956 = SURFACE_STYLE_USAGE(.BOTH.,#11957);
#11957 = SURFACE_SIDE_STYLE('',(#11958));
#11958 = SURFACE_STYLE_FILL_AREA(#11959);
#11959 = FILL_AREA_STYLE('',(#11960));
#11960 = FILL_AREA_STYLE_COLOUR('',#11529);
#11961 = OVER_RIDING_STYLED_ITEM('overriding color',(#11962),#5804,
  #11522);
#11962 = PRESENTATION_STYLE_ASSIGNMENT((#11963));
#11963 = SURFACE_STYLE_USAGE(.BOTH.,#11964);
#11964 = SURFACE_SIDE_STYLE('',(#11965));
#11965 = SURFACE_STYLE_FILL_AREA(#11966);
#11966 = FILL_AREA_STYLE('',(#11967));
#11967 = FILL_AREA_STYLE_COLOUR('',#11529);
#11968 = OVER_RIDING_STYLED_ITEM('overriding color',(#11969),#5826,
  #11522);
#11969 = PRESENTATION_STYLE_ASSIGNMENT((#11970));
#11970 = SURFACE_STYLE_USAGE(.BOTH.,#11971);
#11971 = SURFACE_SIDE_STYLE('',(#11972));
#11972 = SURFACE_STYLE_FILL_AREA(#11973);
#11973 = FILL_AREA_STYLE('',(#11974));
#11974 = FILL_AREA_STYLE_COLOUR('',#11529);
#11975 = OVER_RIDING_STYLED_ITEM('overriding color',(#11976),#5848,
  #11522);
#11976 = PRESENTATION_STYLE_ASSIGNMENT((#11977));
#11977 = SURFACE_STYLE_USAGE(.BOTH.,#11978);
#11978 = SURFACE_SIDE_STYLE('',(#11979));
#11979 = SURFACE_STYLE_FILL_AREA(#11980);
#11980 = FILL_AREA_STYLE('',(#11981));
#11981 = FILL_AREA_STYLE_COLOUR('',#11529);
#11982 = OVER_RIDING_STYLED_ITEM('overriding color',(#11983),#5864,
  #11522);
#11983 = PRESENTATION_STYLE_ASSIGNMENT((#11984));
#11984 = SURFACE_STYLE_USAGE(.BOTH.,#11985);
#11985 = SURFACE_SIDE_STYLE('',(#11986));
#11986 = SURFACE_STYLE_FILL_AREA(#11987);
#11987 = FILL_AREA_STYLE('',(#11988));
#11988 = FILL_AREA_STYLE_COLOUR('',#11529);
#11989 = OVER_RIDING_STYLED_ITEM('overriding color',(#11990),#5878,
  #11522);
#11990 = PRESENTATION_STYLE_ASSIGNMENT((#11991));
#11991 = SURFACE_STYLE_USAGE(.BOTH.,#11992);
#11992 = SURFACE_SIDE_STYLE('',(#11993));
#11993 = SURFACE_STYLE_FILL_AREA(#11994);
#11994 = FILL_AREA_STYLE('',(#11995));
#11995 = FILL_AREA_STYLE_COLOUR('',#11529);
#11996 = OVER_RIDING_STYLED_ITEM('overriding color',(#11997),#5912,
  #11522);
#11997 = PRESENTATION_STYLE_ASSIGNMENT((#11998));
#11998 = SURFACE_STYLE_USAGE(.BOTH.,#11999);
#11999 = SURFACE_SIDE_STYLE('',(#12000));
#12000 = SURFACE_STYLE_FILL_AREA(#12001);
#12001 = FILL_AREA_STYLE('',(#12002));
#12002 = FILL_AREA_STYLE_COLOUR('',#11529);
#12003 = OVER_RIDING_STYLED_ITEM('overriding color',(#12004),#5934,
  #11522);
#12004 = PRESENTATION_STYLE_ASSIGNMENT((#12005));
#12005 = SURFACE_STYLE_USAGE(.BOTH.,#12006);
#12006 = SURFACE_SIDE_STYLE('',(#12007));
#12007 = SURFACE_STYLE_FILL_AREA(#12008);
#12008 = FILL_AREA_STYLE('',(#12009));
#12009 = FILL_AREA_STYLE_COLOUR('',#11529);
#12010 = OVER_RIDING_STYLED_ITEM('overriding color',(#12011),#5962,
  #11522);
#12011 = PRESENTATION_STYLE_ASSIGNMENT((#12012));
#12012 = SURFACE_STYLE_USAGE(.BOTH.,#12013);
#12013 = SURFACE_SIDE_STYLE('',(#12014));
#12014 = SURFACE_STYLE_FILL_AREA(#12015);
#12015 = FILL_AREA_STYLE('',(#12016));
#12016 = FILL_AREA_STYLE_COLOUR('',#11529);
#12017 = OVER_RIDING_STYLED_ITEM('overriding color',(#12018),#5990,
  #11522);
#12018 = PRESENTATION_STYLE_ASSIGNMENT((#12019));
#12019 = SURFACE_STYLE_USAGE(.BOTH.,#12020);
#12020 = SURFACE_SIDE_STYLE('',(#12021));
#12021 = SURFACE_STYLE_FILL_AREA(#12022);
#12022 = FILL_AREA_STYLE('',(#12023));
#12023 = FILL_AREA_STYLE_COLOUR('',#11529);
#12024 = OVER_RIDING_STYLED_ITEM('overriding color',(#12025),#6018,
  #11522);
#12025 = PRESENTATION_STYLE_ASSIGNMENT((#12026));
#12026 = SURFACE_STYLE_USAGE(.BOTH.,#12027);
#12027 = SURFACE_SIDE_STYLE('',(#12028));
#12028 = SURFACE_STYLE_FILL_AREA(#12029);
#12029 = FILL_AREA_STYLE('',(#12030));
#12030 = FILL_AREA_STYLE_COLOUR('',#11529);
#12031 = OVER_RIDING_STYLED_ITEM('overriding color',(#12032),#6046,
  #11522);
#12032 = PRESENTATION_STYLE_ASSIGNMENT((#12033));
#12033 = SURFACE_STYLE_USAGE(.BOTH.,#12034);
#12034 = SURFACE_SIDE_STYLE('',(#12035));
#12035 = SURFACE_STYLE_FILL_AREA(#12036);
#12036 = FILL_AREA_STYLE('',(#12037));
#12037 = FILL_AREA_STYLE_COLOUR('',#11529);
#12038 = OVER_RIDING_STYLED_ITEM('overriding color',(#12039),#6074,
  #11522);
#12039 = PRESENTATION_STYLE_ASSIGNMENT((#12040));
#12040 = SURFACE_STYLE_USAGE(.BOTH.,#12041);
#12041 = SURFACE_SIDE_STYLE('',(#12042));
#12042 = SURFACE_STYLE_FILL_AREA(#12043);
#12043 = FILL_AREA_STYLE('',(#12044));
#12044 = FILL_AREA_STYLE_COLOUR('',#11529);
#12045 = OVER_RIDING_STYLED_ITEM('overriding color',(#12046),#6102,
  #11522);
#12046 = PRESENTATION_STYLE_ASSIGNMENT((#12047));
#12047 = SURFACE_STYLE_USAGE(.BOTH.,#12048);
#12048 = SURFACE_SIDE_STYLE('',(#12049));
#12049 = SURFACE_STYLE_FILL_AREA(#12050);
#12050 = FILL_AREA_STYLE('',(#12051));
#12051 = FILL_AREA_STYLE_COLOUR('',#11529);
#12052 = OVER_RIDING_STYLED_ITEM('overriding color',(#12053),#6124,
  #11522);
#12053 = PRESENTATION_STYLE_ASSIGNMENT((#12054));
#12054 = SURFACE_STYLE_USAGE(.BOTH.,#12055);
#12055 = SURFACE_SIDE_STYLE('',(#12056));
#12056 = SURFACE_STYLE_FILL_AREA(#12057);
#12057 = FILL_AREA_STYLE('',(#12058));
#12058 = FILL_AREA_STYLE_COLOUR('',#11529);
#12059 = OVER_RIDING_STYLED_ITEM('overriding color',(#12060),#6152,
  #11522);
#12060 = PRESENTATION_STYLE_ASSIGNMENT((#12061));
#12061 = SURFACE_STYLE_USAGE(.BOTH.,#12062);
#12062 = SURFACE_SIDE_STYLE('',(#12063));
#12063 = SURFACE_STYLE_FILL_AREA(#12064);
#12064 = FILL_AREA_STYLE('',(#12065));
#12065 = FILL_AREA_STYLE_COLOUR('',#11529);
#12066 = OVER_RIDING_STYLED_ITEM('overriding color',(#12067),#6180,
  #11522);
#12067 = PRESENTATION_STYLE_ASSIGNMENT((#12068));
#12068 = SURFACE_STYLE_USAGE(.BOTH.,#12069);
#12069 = SURFACE_SIDE_STYLE('',(#12070));
#12070 = SURFACE_STYLE_FILL_AREA(#12071);
#12071 = FILL_AREA_STYLE('',(#12072));
#12072 = FILL_AREA_STYLE_COLOUR('',#11529);
#12073 = OVER_RIDING_STYLED_ITEM('overriding color',(#12074),#6208,
  #11522);
#12074 = PRESENTATION_STYLE_ASSIGNMENT((#12075));
#12075 = SURFACE_STYLE_USAGE(.BOTH.,#12076);
#12076 = SURFACE_SIDE_STYLE('',(#12077));
#12077 = SURFACE_STYLE_FILL_AREA(#12078);
#12078 = FILL_AREA_STYLE('',(#12079));
#12079 = FILL_AREA_STYLE_COLOUR('',#11529);
#12080 = OVER_RIDING_STYLED_ITEM('overriding color',(#12081),#6236,
  #11522);
#12081 = PRESENTATION_STYLE_ASSIGNMENT((#12082));
#12082 = SURFACE_STYLE_USAGE(.BOTH.,#12083);
#12083 = SURFACE_SIDE_STYLE('',(#12084));
#12084 = SURFACE_STYLE_FILL_AREA(#12085);
#12085 = FILL_AREA_STYLE('',(#12086));
#12086 = FILL_AREA_STYLE_COLOUR('',#11529);
#12087 = OVER_RIDING_STYLED_ITEM('overriding color',(#12088),#6258,
  #11522);
#12088 = PRESENTATION_STYLE_ASSIGNMENT((#12089));
#12089 = SURFACE_STYLE_USAGE(.BOTH.,#12090);
#12090 = SURFACE_SIDE_STYLE('',(#12091));
#12091 = SURFACE_STYLE_FILL_AREA(#12092);
#12092 = FILL_AREA_STYLE('',(#12093));
#12093 = FILL_AREA_STYLE_COLOUR('',#11529);
#12094 = OVER_RIDING_STYLED_ITEM('overriding color',(#12095),#6280,
  #11522);
#12095 = PRESENTATION_STYLE_ASSIGNMENT((#12096));
#12096 = SURFACE_STYLE_USAGE(.BOTH.,#12097);
#12097 = SURFACE_SIDE_STYLE('',(#12098));
#12098 = SURFACE_STYLE_FILL_AREA(#12099);
#12099 = FILL_AREA_STYLE('',(#12100));
#12100 = FILL_AREA_STYLE_COLOUR('',#11529);
#12101 = OVER_RIDING_STYLED_ITEM('overriding color',(#12102),#6308,
  #11522);
#12102 = PRESENTATION_STYLE_ASSIGNMENT((#12103));
#12103 = SURFACE_STYLE_USAGE(.BOTH.,#12104);
#12104 = SURFACE_SIDE_STYLE('',(#12105));
#12105 = SURFACE_STYLE_FILL_AREA(#12106);
#12106 = FILL_AREA_STYLE('',(#12107));
#12107 = FILL_AREA_STYLE_COLOUR('',#11529);
#12108 = OVER_RIDING_STYLED_ITEM('overriding color',(#12109),#6330,
  #11522);
#12109 = PRESENTATION_STYLE_ASSIGNMENT((#12110));
#12110 = SURFACE_STYLE_USAGE(.BOTH.,#12111);
#12111 = SURFACE_SIDE_STYLE('',(#12112));
#12112 = SURFACE_STYLE_FILL_AREA(#12113);
#12113 = FILL_AREA_STYLE('',(#12114));
#12114 = FILL_AREA_STYLE_COLOUR('',#11529);
#12115 = OVER_RIDING_STYLED_ITEM('overriding color',(#12116),#6352,
  #11522);
#12116 = PRESENTATION_STYLE_ASSIGNMENT((#12117));
#12117 = SURFACE_STYLE_USAGE(.BOTH.,#12118);
#12118 = SURFACE_SIDE_STYLE('',(#12119));
#12119 = SURFACE_STYLE_FILL_AREA(#12120);
#12120 = FILL_AREA_STYLE('',(#12121));
#12121 = FILL_AREA_STYLE_COLOUR('',#11529);
#12122 = OVER_RIDING_STYLED_ITEM('overriding color',(#12123),#6374,
  #11522);
#12123 = PRESENTATION_STYLE_ASSIGNMENT((#12124));
#12124 = SURFACE_STYLE_USAGE(.BOTH.,#12125);
#12125 = SURFACE_SIDE_STYLE('',(#12126));
#12126 = SURFACE_STYLE_FILL_AREA(#12127);
#12127 = FILL_AREA_STYLE('',(#12128));
#12128 = FILL_AREA_STYLE_COLOUR('',#11529);
#12129 = OVER_RIDING_STYLED_ITEM('overriding color',(#12130),#6396,
  #11522);
#12130 = PRESENTATION_STYLE_ASSIGNMENT((#12131));
#12131 = SURFACE_STYLE_USAGE(.BOTH.,#12132);
#12132 = SURFACE_SIDE_STYLE('',(#12133));
#12133 = SURFACE_STYLE_FILL_AREA(#12134);
#12134 = FILL_AREA_STYLE('',(#12135));
#12135 = FILL_AREA_STYLE_COLOUR('',#11529);
#12136 = OVER_RIDING_STYLED_ITEM('overriding color',(#12137),#6418,
  #11522);
#12137 = PRESENTATION_STYLE_ASSIGNMENT((#12138));
#12138 = SURFACE_STYLE_USAGE(.BOTH.,#12139);
#12139 = SURFACE_SIDE_STYLE('',(#12140));
#12140 = SURFACE_STYLE_FILL_AREA(#12141);
#12141 = FILL_AREA_STYLE('',(#12142));
#12142 = FILL_AREA_STYLE_COLOUR('',#11529);
#12143 = OVER_RIDING_STYLED_ITEM('overriding color',(#12144),#6440,
  #11522);
#12144 = PRESENTATION_STYLE_ASSIGNMENT((#12145));
#12145 = SURFACE_STYLE_USAGE(.BOTH.,#12146);
#12146 = SURFACE_SIDE_STYLE('',(#12147));
#12147 = SURFACE_STYLE_FILL_AREA(#12148);
#12148 = FILL_AREA_STYLE('',(#12149));
#12149 = FILL_AREA_STYLE_COLOUR('',#11529);
#12150 = OVER_RIDING_STYLED_ITEM('overriding color',(#12151),#6462,
  #11522);
#12151 = PRESENTATION_STYLE_ASSIGNMENT((#12152));
#12152 = SURFACE_STYLE_USAGE(.BOTH.,#12153);
#12153 = SURFACE_SIDE_STYLE('',(#12154));
#12154 = SURFACE_STYLE_FILL_AREA(#12155);
#12155 = FILL_AREA_STYLE('',(#12156));
#12156 = FILL_AREA_STYLE_COLOUR('',#11529);
#12157 = OVER_RIDING_STYLED_ITEM('overriding color',(#12158),#6484,
  #11522);
#12158 = PRESENTATION_STYLE_ASSIGNMENT((#12159));
#12159 = SURFACE_STYLE_USAGE(.BOTH.,#12160);
#12160 = SURFACE_SIDE_STYLE('',(#12161));
#12161 = SURFACE_STYLE_FILL_AREA(#12162);
#12162 = FILL_AREA_STYLE('',(#12163));
#12163 = FILL_AREA_STYLE_COLOUR('',#11529);
#12164 = OVER_RIDING_STYLED_ITEM('overriding color',(#12165),#6506,
  #11522);
#12165 = PRESENTATION_STYLE_ASSIGNMENT((#12166));
#12166 = SURFACE_STYLE_USAGE(.BOTH.,#12167);
#12167 = SURFACE_SIDE_STYLE('',(#12168));
#12168 = SURFACE_STYLE_FILL_AREA(#12169);
#12169 = FILL_AREA_STYLE('',(#12170));
#12170 = FILL_AREA_STYLE_COLOUR('',#11529);
#12171 = OVER_RIDING_STYLED_ITEM('overriding color',(#12172),#6528,
  #11522);
#12172 = PRESENTATION_STYLE_ASSIGNMENT((#12173));
#12173 = SURFACE_STYLE_USAGE(.BOTH.,#12174);
#12174 = SURFACE_SIDE_STYLE('',(#12175));
#12175 = SURFACE_STYLE_FILL_AREA(#12176);
#12176 = FILL_AREA_STYLE('',(#12177));
#12177 = FILL_AREA_STYLE_COLOUR('',#11529);
#12178 = OVER_RIDING_STYLED_ITEM('overriding color',(#12179),#6544,
  #11522);
#12179 = PRESENTATION_STYLE_ASSIGNMENT((#12180));
#12180 = SURFACE_STYLE_USAGE(.BOTH.,#12181);
#12181 = SURFACE_SIDE_STYLE('',(#12182));
#12182 = SURFACE_STYLE_FILL_AREA(#12183);
#12183 = FILL_AREA_STYLE('',(#12184));
#12184 = FILL_AREA_STYLE_COLOUR('',#11529);
#12185 = OVER_RIDING_STYLED_ITEM('overriding color',(#12186),#6564,
  #11522);
#12186 = PRESENTATION_STYLE_ASSIGNMENT((#12187));
#12187 = SURFACE_STYLE_USAGE(.BOTH.,#12188);
#12188 = SURFACE_SIDE_STYLE('',(#12189));
#12189 = SURFACE_STYLE_FILL_AREA(#12190);
#12190 = FILL_AREA_STYLE('',(#12191));
#12191 = FILL_AREA_STYLE_COLOUR('',#11529);
#12192 = OVER_RIDING_STYLED_ITEM('overriding color',(#12193),#6688,
  #11522);
#12193 = PRESENTATION_STYLE_ASSIGNMENT((#12194));
#12194 = SURFACE_STYLE_USAGE(.BOTH.,#12195);
#12195 = SURFACE_SIDE_STYLE('',(#12196));
#12196 = SURFACE_STYLE_FILL_AREA(#12197);
#12197 = FILL_AREA_STYLE('',(#12198));
#12198 = FILL_AREA_STYLE_COLOUR('',#11529);
#12199 = OVER_RIDING_STYLED_ITEM('overriding color',(#12200),#6708,
  #11522);
#12200 = PRESENTATION_STYLE_ASSIGNMENT((#12201));
#12201 = SURFACE_STYLE_USAGE(.BOTH.,#12202);
#12202 = SURFACE_SIDE_STYLE('',(#12203));
#12203 = SURFACE_STYLE_FILL_AREA(#12204);
#12204 = FILL_AREA_STYLE('',(#12205));
#12205 = FILL_AREA_STYLE_COLOUR('',#11529);
#12206 = OVER_RIDING_STYLED_ITEM('overriding color',(#12207),#6728,
  #11522);
#12207 = PRESENTATION_STYLE_ASSIGNMENT((#12208));
#12208 = SURFACE_STYLE_USAGE(.BOTH.,#12209);
#12209 = SURFACE_SIDE_STYLE('',(#12210));
#12210 = SURFACE_STYLE_FILL_AREA(#12211);
#12211 = FILL_AREA_STYLE('',(#12212));
#12212 = FILL_AREA_STYLE_COLOUR('',#11529);
#12213 = OVER_RIDING_STYLED_ITEM('overriding color',(#12214),#6748,
  #11522);
#12214 = PRESENTATION_STYLE_ASSIGNMENT((#12215));
#12215 = SURFACE_STYLE_USAGE(.BOTH.,#12216);
#12216 = SURFACE_SIDE_STYLE('',(#12217));
#12217 = SURFACE_STYLE_FILL_AREA(#12218);
#12218 = FILL_AREA_STYLE('',(#12219));
#12219 = FILL_AREA_STYLE_COLOUR('',#11529);
#12220 = OVER_RIDING_STYLED_ITEM('overriding color',(#12221),#6768,
  #11522);
#12221 = PRESENTATION_STYLE_ASSIGNMENT((#12222));
#12222 = SURFACE_STYLE_USAGE(.BOTH.,#12223);
#12223 = SURFACE_SIDE_STYLE('',(#12224));
#12224 = SURFACE_STYLE_FILL_AREA(#12225);
#12225 = FILL_AREA_STYLE('',(#12226));
#12226 = FILL_AREA_STYLE_COLOUR('',#11529);
#12227 = OVER_RIDING_STYLED_ITEM('overriding color',(#12228),#6788,
  #11522);
#12228 = PRESENTATION_STYLE_ASSIGNMENT((#12229));
#12229 = SURFACE_STYLE_USAGE(.BOTH.,#12230);
#12230 = SURFACE_SIDE_STYLE('',(#12231));
#12231 = SURFACE_STYLE_FILL_AREA(#12232);
#12232 = FILL_AREA_STYLE('',(#12233));
#12233 = FILL_AREA_STYLE_COLOUR('',#11529);
#12234 = OVER_RIDING_STYLED_ITEM('overriding color',(#12235),#6804,
  #11522);
#12235 = PRESENTATION_STYLE_ASSIGNMENT((#12236));
#12236 = SURFACE_STYLE_USAGE(.BOTH.,#12237);
#12237 = SURFACE_SIDE_STYLE('',(#12238));
#12238 = SURFACE_STYLE_FILL_AREA(#12239);
#12239 = FILL_AREA_STYLE('',(#12240));
#12240 = FILL_AREA_STYLE_COLOUR('',#11529);
#12241 = OVER_RIDING_STYLED_ITEM('overriding color',(#12242),#6816,
  #11522);
#12242 = PRESENTATION_STYLE_ASSIGNMENT((#12243));
#12243 = SURFACE_STYLE_USAGE(.BOTH.,#12244);
#12244 = SURFACE_SIDE_STYLE('',(#12245));
#12245 = SURFACE_STYLE_FILL_AREA(#12246);
#12246 = FILL_AREA_STYLE('',(#12247));
#12247 = FILL_AREA_STYLE_COLOUR('',#11529);
#12248 = OVER_RIDING_STYLED_ITEM('overriding color',(#12249),#6844,
  #11522);
#12249 = PRESENTATION_STYLE_ASSIGNMENT((#12250));
#12250 = SURFACE_STYLE_USAGE(.BOTH.,#12251);
#12251 = SURFACE_SIDE_STYLE('',(#12252));
#12252 = SURFACE_STYLE_FILL_AREA(#12253);
#12253 = FILL_AREA_STYLE('',(#12254));
#12254 = FILL_AREA_STYLE_COLOUR('',#11529);
#12255 = OVER_RIDING_STYLED_ITEM('overriding color',(#12256),#6866,
  #11522);
#12256 = PRESENTATION_STYLE_ASSIGNMENT((#12257));
#12257 = SURFACE_STYLE_USAGE(.BOTH.,#12258);
#12258 = SURFACE_SIDE_STYLE('',(#12259));
#12259 = SURFACE_STYLE_FILL_AREA(#12260);
#12260 = FILL_AREA_STYLE('',(#12261));
#12261 = FILL_AREA_STYLE_COLOUR('',#11529);
#12262 = OVER_RIDING_STYLED_ITEM('overriding color',(#12263),#6888,
  #11522);
#12263 = PRESENTATION_STYLE_ASSIGNMENT((#12264));
#12264 = SURFACE_STYLE_USAGE(.BOTH.,#12265);
#12265 = SURFACE_SIDE_STYLE('',(#12266));
#12266 = SURFACE_STYLE_FILL_AREA(#12267);
#12267 = FILL_AREA_STYLE('',(#12268));
#12268 = FILL_AREA_STYLE_COLOUR('',#11529);
#12269 = OVER_RIDING_STYLED_ITEM('overriding color',(#12270),#6916,
  #11522);
#12270 = PRESENTATION_STYLE_ASSIGNMENT((#12271));
#12271 = SURFACE_STYLE_USAGE(.BOTH.,#12272);
#12272 = SURFACE_SIDE_STYLE('',(#12273));
#12273 = SURFACE_STYLE_FILL_AREA(#12274);
#12274 = FILL_AREA_STYLE('',(#12275));
#12275 = FILL_AREA_STYLE_COLOUR('',#11529);
#12276 = OVER_RIDING_STYLED_ITEM('overriding color',(#12277),#6944,
  #11522);
#12277 = PRESENTATION_STYLE_ASSIGNMENT((#12278));
#12278 = SURFACE_STYLE_USAGE(.BOTH.,#12279);
#12279 = SURFACE_SIDE_STYLE('',(#12280));
#12280 = SURFACE_STYLE_FILL_AREA(#12281);
#12281 = FILL_AREA_STYLE('',(#12282));
#12282 = FILL_AREA_STYLE_COLOUR('',#11529);
#12283 = OVER_RIDING_STYLED_ITEM('overriding color',(#12284),#6972,
  #11522);
#12284 = PRESENTATION_STYLE_ASSIGNMENT((#12285));
#12285 = SURFACE_STYLE_USAGE(.BOTH.,#12286);
#12286 = SURFACE_SIDE_STYLE('',(#12287));
#12287 = SURFACE_STYLE_FILL_AREA(#12288);
#12288 = FILL_AREA_STYLE('',(#12289));
#12289 = FILL_AREA_STYLE_COLOUR('',#11529);
#12290 = OVER_RIDING_STYLED_ITEM('overriding color',(#12291),#6994,
  #11522);
#12291 = PRESENTATION_STYLE_ASSIGNMENT((#12292));
#12292 = SURFACE_STYLE_USAGE(.BOTH.,#12293);
#12293 = SURFACE_SIDE_STYLE('',(#12294));
#12294 = SURFACE_STYLE_FILL_AREA(#12295);
#12295 = FILL_AREA_STYLE('',(#12296));
#12296 = FILL_AREA_STYLE_COLOUR('',#11554);
#12297 = OVER_RIDING_STYLED_ITEM('overriding color',(#12298),#7009,
  #11522);
#12298 = PRESENTATION_STYLE_ASSIGNMENT((#12299));
#12299 = SURFACE_STYLE_USAGE(.BOTH.,#12300);
#12300 = SURFACE_SIDE_STYLE('',(#12301));
#12301 = SURFACE_STYLE_FILL_AREA(#12302);
#12302 = FILL_AREA_STYLE('',(#12303));
#12303 = FILL_AREA_STYLE_COLOUR('',#11529);
#12304 = OVER_RIDING_STYLED_ITEM('overriding color',(#12305),#7121,
  #11522);
#12305 = PRESENTATION_STYLE_ASSIGNMENT((#12306));
#12306 = SURFACE_STYLE_USAGE(.BOTH.,#12307);
#12307 = SURFACE_SIDE_STYLE('',(#12308));
#12308 = SURFACE_STYLE_FILL_AREA(#12309);
#12309 = FILL_AREA_STYLE('',(#12310));
#12310 = FILL_AREA_STYLE_COLOUR('',#11529);
#12311 = OVER_RIDING_STYLED_ITEM('overriding color',(#12312),#7141,
  #11522);
#12312 = PRESENTATION_STYLE_ASSIGNMENT((#12313));
#12313 = SURFACE_STYLE_USAGE(.BOTH.,#12314);
#12314 = SURFACE_SIDE_STYLE('',(#12315));
#12315 = SURFACE_STYLE_FILL_AREA(#12316);
#12316 = FILL_AREA_STYLE('',(#12317));
#12317 = FILL_AREA_STYLE_COLOUR('',#11529);
#12318 = OVER_RIDING_STYLED_ITEM('overriding color',(#12319),#7157,
  #11522);
#12319 = PRESENTATION_STYLE_ASSIGNMENT((#12320));
#12320 = SURFACE_STYLE_USAGE(.BOTH.,#12321);
#12321 = SURFACE_SIDE_STYLE('',(#12322));
#12322 = SURFACE_STYLE_FILL_AREA(#12323);
#12323 = FILL_AREA_STYLE('',(#12324));
#12324 = FILL_AREA_STYLE_COLOUR('',#11529);
#12325 = OVER_RIDING_STYLED_ITEM('overriding color',(#12326),#7173,
  #11522);
#12326 = PRESENTATION_STYLE_ASSIGNMENT((#12327));
#12327 = SURFACE_STYLE_USAGE(.BOTH.,#12328);
#12328 = SURFACE_SIDE_STYLE('',(#12329));
#12329 = SURFACE_STYLE_FILL_AREA(#12330);
#12330 = FILL_AREA_STYLE('',(#12331));
#12331 = FILL_AREA_STYLE_COLOUR('',#11529);
#12332 = OVER_RIDING_STYLED_ITEM('overriding color',(#12333),#7189,
  #11522);
#12333 = PRESENTATION_STYLE_ASSIGNMENT((#12334));
#12334 = SURFACE_STYLE_USAGE(.BOTH.,#12335);
#12335 = SURFACE_SIDE_STYLE('',(#12336));
#12336 = SURFACE_STYLE_FILL_AREA(#12337);
#12337 = FILL_AREA_STYLE('',(#12338));
#12338 = FILL_AREA_STYLE_COLOUR('',#11529);
#12339 = OVER_RIDING_STYLED_ITEM('overriding color',(#12340),#7205,
  #11522);
#12340 = PRESENTATION_STYLE_ASSIGNMENT((#12341));
#12341 = SURFACE_STYLE_USAGE(.BOTH.,#12342);
#12342 = SURFACE_SIDE_STYLE('',(#12343));
#12343 = SURFACE_STYLE_FILL_AREA(#12344);
#12344 = FILL_AREA_STYLE('',(#12345));
#12345 = FILL_AREA_STYLE_COLOUR('',#11529);
#12346 = OVER_RIDING_STYLED_ITEM('overriding color',(#12347),#7221,
  #11522);
#12347 = PRESENTATION_STYLE_ASSIGNMENT((#12348));
#12348 = SURFACE_STYLE_USAGE(.BOTH.,#12349);
#12349 = SURFACE_SIDE_STYLE('',(#12350));
#12350 = SURFACE_STYLE_FILL_AREA(#12351);
#12351 = FILL_AREA_STYLE('',(#12352));
#12352 = FILL_AREA_STYLE_COLOUR('',#11529);
#12353 = OVER_RIDING_STYLED_ITEM('overriding color',(#12354),#7237,
  #11522);
#12354 = PRESENTATION_STYLE_ASSIGNMENT((#12355));
#12355 = SURFACE_STYLE_USAGE(.BOTH.,#12356);
#12356 = SURFACE_SIDE_STYLE('',(#12357));
#12357 = SURFACE_STYLE_FILL_AREA(#12358);
#12358 = FILL_AREA_STYLE('',(#12359));
#12359 = FILL_AREA_STYLE_COLOUR('',#11529);
#12360 = OVER_RIDING_STYLED_ITEM('overriding color',(#12361),#7249,
  #11522);
#12361 = PRESENTATION_STYLE_ASSIGNMENT((#12362));
#12362 = SURFACE_STYLE_USAGE(.BOTH.,#12363);
#12363 = SURFACE_SIDE_STYLE('',(#12364));
#12364 = SURFACE_STYLE_FILL_AREA(#12365);
#12365 = FILL_AREA_STYLE('',(#12366));
#12366 = FILL_AREA_STYLE_COLOUR('',#11529);
#12367 = OVER_RIDING_STYLED_ITEM('overriding color',(#12368),#7277,
  #11522);
#12368 = PRESENTATION_STYLE_ASSIGNMENT((#12369));
#12369 = SURFACE_STYLE_USAGE(.BOTH.,#12370);
#12370 = SURFACE_SIDE_STYLE('',(#12371));
#12371 = SURFACE_STYLE_FILL_AREA(#12372);
#12372 = FILL_AREA_STYLE('',(#12373));
#12373 = FILL_AREA_STYLE_COLOUR('',#11529);
#12374 = OVER_RIDING_STYLED_ITEM('overriding color',(#12375),#7299,
  #11522);
#12375 = PRESENTATION_STYLE_ASSIGNMENT((#12376));
#12376 = SURFACE_STYLE_USAGE(.BOTH.,#12377);
#12377 = SURFACE_SIDE_STYLE('',(#12378));
#12378 = SURFACE_STYLE_FILL_AREA(#12379);
#12379 = FILL_AREA_STYLE('',(#12380));
#12380 = FILL_AREA_STYLE_COLOUR('',#11529);
#12381 = OVER_RIDING_STYLED_ITEM('overriding color',(#12382),#7327,
  #11522);
#12382 = PRESENTATION_STYLE_ASSIGNMENT((#12383));
#12383 = SURFACE_STYLE_USAGE(.BOTH.,#12384);
#12384 = SURFACE_SIDE_STYLE('',(#12385));
#12385 = SURFACE_STYLE_FILL_AREA(#12386);
#12386 = FILL_AREA_STYLE('',(#12387));
#12387 = FILL_AREA_STYLE_COLOUR('',#11529);
#12388 = OVER_RIDING_STYLED_ITEM('overriding color',(#12389),#7349,
  #11522);
#12389 = PRESENTATION_STYLE_ASSIGNMENT((#12390));
#12390 = SURFACE_STYLE_USAGE(.BOTH.,#12391);
#12391 = SURFACE_SIDE_STYLE('',(#12392));
#12392 = SURFACE_STYLE_FILL_AREA(#12393);
#12393 = FILL_AREA_STYLE('',(#12394));
#12394 = FILL_AREA_STYLE_COLOUR('',#11529);
#12395 = OVER_RIDING_STYLED_ITEM('overriding color',(#12396),#7377,
  #11522);
#12396 = PRESENTATION_STYLE_ASSIGNMENT((#12397));
#12397 = SURFACE_STYLE_USAGE(.BOTH.,#12398);
#12398 = SURFACE_SIDE_STYLE('',(#12399));
#12399 = SURFACE_STYLE_FILL_AREA(#12400);
#12400 = FILL_AREA_STYLE('',(#12401));
#12401 = FILL_AREA_STYLE_COLOUR('',#11529);
#12402 = OVER_RIDING_STYLED_ITEM('overriding color',(#12403),#7393,
  #11522);
#12403 = PRESENTATION_STYLE_ASSIGNMENT((#12404));
#12404 = SURFACE_STYLE_USAGE(.BOTH.,#12405);
#12405 = SURFACE_SIDE_STYLE('',(#12406));
#12406 = SURFACE_STYLE_FILL_AREA(#12407);
#12407 = FILL_AREA_STYLE('',(#12408));
#12408 = FILL_AREA_STYLE_COLOUR('',#11554);
#12409 = OVER_RIDING_STYLED_ITEM('overriding color',(#12410),#7407,
  #11522);
#12410 = PRESENTATION_STYLE_ASSIGNMENT((#12411));
#12411 = SURFACE_STYLE_USAGE(.BOTH.,#12412);
#12412 = SURFACE_SIDE_STYLE('',(#12413));
#12413 = SURFACE_STYLE_FILL_AREA(#12414);
#12414 = FILL_AREA_STYLE('',(#12415));
#12415 = FILL_AREA_STYLE_COLOUR('',#11529);
#12416 = OVER_RIDING_STYLED_ITEM('overriding color',(#12417),#7435,
  #11522);
#12417 = PRESENTATION_STYLE_ASSIGNMENT((#12418));
#12418 = SURFACE_STYLE_USAGE(.BOTH.,#12419);
#12419 = SURFACE_SIDE_STYLE('',(#12420));
#12420 = SURFACE_STYLE_FILL_AREA(#12421);
#12421 = FILL_AREA_STYLE('',(#12422));
#12422 = FILL_AREA_STYLE_COLOUR('',#11529);
#12423 = OVER_RIDING_STYLED_ITEM('overriding color',(#12424),#7457,
  #11522);
#12424 = PRESENTATION_STYLE_ASSIGNMENT((#12425));
#12425 = SURFACE_STYLE_USAGE(.BOTH.,#12426);
#12426 = SURFACE_SIDE_STYLE('',(#12427));
#12427 = SURFACE_STYLE_FILL_AREA(#12428);
#12428 = FILL_AREA_STYLE('',(#12429));
#12429 = FILL_AREA_STYLE_COLOUR('',#11529);
#12430 = OVER_RIDING_STYLED_ITEM('overriding color',(#12431),#7479,
  #11522);
#12431 = PRESENTATION_STYLE_ASSIGNMENT((#12432));
#12432 = SURFACE_STYLE_USAGE(.BOTH.,#12433);
#12433 = SURFACE_SIDE_STYLE('',(#12434));
#12434 = SURFACE_STYLE_FILL_AREA(#12435);
#12435 = FILL_AREA_STYLE('',(#12436));
#12436 = FILL_AREA_STYLE_COLOUR('',#11529);
#12437 = OVER_RIDING_STYLED_ITEM('overriding color',(#12438),#7501,
  #11522);
#12438 = PRESENTATION_STYLE_ASSIGNMENT((#12439));
#12439 = SURFACE_STYLE_USAGE(.BOTH.,#12440);
#12440 = SURFACE_SIDE_STYLE('',(#12441));
#12441 = SURFACE_STYLE_FILL_AREA(#12442);
#12442 = FILL_AREA_STYLE('',(#12443));
#12443 = FILL_AREA_STYLE_COLOUR('',#11529);
#12444 = OVER_RIDING_STYLED_ITEM('overriding color',(#12445),#7523,
  #11522);
#12445 = PRESENTATION_STYLE_ASSIGNMENT((#12446));
#12446 = SURFACE_STYLE_USAGE(.BOTH.,#12447);
#12447 = SURFACE_SIDE_STYLE('',(#12448));
#12448 = SURFACE_STYLE_FILL_AREA(#12449);
#12449 = FILL_AREA_STYLE('',(#12450));
#12450 = FILL_AREA_STYLE_COLOUR('',#11529);
#12451 = OVER_RIDING_STYLED_ITEM('overriding color',(#12452),#7545,
  #11522);
#12452 = PRESENTATION_STYLE_ASSIGNMENT((#12453));
#12453 = SURFACE_STYLE_USAGE(.BOTH.,#12454);
#12454 = SURFACE_SIDE_STYLE('',(#12455));
#12455 = SURFACE_STYLE_FILL_AREA(#12456);
#12456 = FILL_AREA_STYLE('',(#12457));
#12457 = FILL_AREA_STYLE_COLOUR('',#11529);
#12458 = OVER_RIDING_STYLED_ITEM('overriding color',(#12459),#7567,
  #11522);
#12459 = PRESENTATION_STYLE_ASSIGNMENT((#12460));
#12460 = SURFACE_STYLE_USAGE(.BOTH.,#12461);
#12461 = SURFACE_SIDE_STYLE('',(#12462));
#12462 = SURFACE_STYLE_FILL_AREA(#12463);
#12463 = FILL_AREA_STYLE('',(#12464));
#12464 = FILL_AREA_STYLE_COLOUR('',#11529);
#12465 = OVER_RIDING_STYLED_ITEM('overriding color',(#12466),#7589,
  #11522);
#12466 = PRESENTATION_STYLE_ASSIGNMENT((#12467));
#12467 = SURFACE_STYLE_USAGE(.BOTH.,#12468);
#12468 = SURFACE_SIDE_STYLE('',(#12469));
#12469 = SURFACE_STYLE_FILL_AREA(#12470);
#12470 = FILL_AREA_STYLE('',(#12471));
#12471 = FILL_AREA_STYLE_COLOUR('',#11529);
#12472 = OVER_RIDING_STYLED_ITEM('overriding color',(#12473),#7611,
  #11522);
#12473 = PRESENTATION_STYLE_ASSIGNMENT((#12474));
#12474 = SURFACE_STYLE_USAGE(.BOTH.,#12475);
#12475 = SURFACE_SIDE_STYLE('',(#12476));
#12476 = SURFACE_STYLE_FILL_AREA(#12477);
#12477 = FILL_AREA_STYLE('',(#12478));
#12478 = FILL_AREA_STYLE_COLOUR('',#11529);
#12479 = OVER_RIDING_STYLED_ITEM('overriding color',(#12480),#7633,
  #11522);
#12480 = PRESENTATION_STYLE_ASSIGNMENT((#12481));
#12481 = SURFACE_STYLE_USAGE(.BOTH.,#12482);
#12482 = SURFACE_SIDE_STYLE('',(#12483));
#12483 = SURFACE_STYLE_FILL_AREA(#12484);
#12484 = FILL_AREA_STYLE('',(#12485));
#12485 = FILL_AREA_STYLE_COLOUR('',#11529);
#12486 = OVER_RIDING_STYLED_ITEM('overriding color',(#12487),#7655,
  #11522);
#12487 = PRESENTATION_STYLE_ASSIGNMENT((#12488));
#12488 = SURFACE_STYLE_USAGE(.BOTH.,#12489);
#12489 = SURFACE_SIDE_STYLE('',(#12490));
#12490 = SURFACE_STYLE_FILL_AREA(#12491);
#12491 = FILL_AREA_STYLE('',(#12492));
#12492 = FILL_AREA_STYLE_COLOUR('',#11529);
#12493 = OVER_RIDING_STYLED_ITEM('overriding color',(#12494),#7671,
  #11522);
#12494 = PRESENTATION_STYLE_ASSIGNMENT((#12495));
#12495 = SURFACE_STYLE_USAGE(.BOTH.,#12496);
#12496 = SURFACE_SIDE_STYLE('',(#12497));
#12497 = SURFACE_STYLE_FILL_AREA(#12498);
#12498 = FILL_AREA_STYLE('',(#12499));
#12499 = FILL_AREA_STYLE_COLOUR('',#11529);
#12500 = OVER_RIDING_STYLED_ITEM('overriding color',(#12501),#7691,
  #11522);
#12501 = PRESENTATION_STYLE_ASSIGNMENT((#12502));
#12502 = SURFACE_STYLE_USAGE(.BOTH.,#12503);
#12503 = SURFACE_SIDE_STYLE('',(#12504));
#12504 = SURFACE_STYLE_FILL_AREA(#12505);
#12505 = FILL_AREA_STYLE('',(#12506));
#12506 = FILL_AREA_STYLE_COLOUR('',#11529);
#12507 = OVER_RIDING_STYLED_ITEM('overriding color',(#12508),#7883,
  #11522);
#12508 = PRESENTATION_STYLE_ASSIGNMENT((#12509));
#12509 = SURFACE_STYLE_USAGE(.BOTH.,#12510);
#12510 = SURFACE_SIDE_STYLE('',(#12511));
#12511 = SURFACE_STYLE_FILL_AREA(#12512);
#12512 = FILL_AREA_STYLE('',(#12513));
#12513 = FILL_AREA_STYLE_COLOUR('',#11529);
#12514 = OVER_RIDING_STYLED_ITEM('overriding color',(#12515),#7907,
  #11522);
#12515 = PRESENTATION_STYLE_ASSIGNMENT((#12516));
#12516 = SURFACE_STYLE_USAGE(.BOTH.,#12517);
#12517 = SURFACE_SIDE_STYLE('',(#12518));
#12518 = SURFACE_STYLE_FILL_AREA(#12519);
#12519 = FILL_AREA_STYLE('',(#12520));
#12520 = FILL_AREA_STYLE_COLOUR('',#11529);
#12521 = OVER_RIDING_STYLED_ITEM('overriding color',(#12522),#7923,
  #11522);
#12522 = PRESENTATION_STYLE_ASSIGNMENT((#12523));
#12523 = SURFACE_STYLE_USAGE(.BOTH.,#12524);
#12524 = SURFACE_SIDE_STYLE('',(#12525));
#12525 = SURFACE_STYLE_FILL_AREA(#12526);
#12526 = FILL_AREA_STYLE('',(#12527));
#12527 = FILL_AREA_STYLE_COLOUR('',#11529);
#12528 = OVER_RIDING_STYLED_ITEM('overriding color',(#12529),#7943,
  #11522);
#12529 = PRESENTATION_STYLE_ASSIGNMENT((#12530));
#12530 = SURFACE_STYLE_USAGE(.BOTH.,#12531);
#12531 = SURFACE_SIDE_STYLE('',(#12532));
#12532 = SURFACE_STYLE_FILL_AREA(#12533);
#12533 = FILL_AREA_STYLE('',(#12534));
#12534 = FILL_AREA_STYLE_COLOUR('',#11529);
#12535 = OVER_RIDING_STYLED_ITEM('overriding color',(#12536),#7963,
  #11522);
#12536 = PRESENTATION_STYLE_ASSIGNMENT((#12537));
#12537 = SURFACE_STYLE_USAGE(.BOTH.,#12538);
#12538 = SURFACE_SIDE_STYLE('',(#12539));
#12539 = SURFACE_STYLE_FILL_AREA(#12540);
#12540 = FILL_AREA_STYLE('',(#12541));
#12541 = FILL_AREA_STYLE_COLOUR('',#11529);
#12542 = OVER_RIDING_STYLED_ITEM('overriding color',(#12543),#7979,
  #11522);
#12543 = PRESENTATION_STYLE_ASSIGNMENT((#12544));
#12544 = SURFACE_STYLE_USAGE(.BOTH.,#12545);
#12545 = SURFACE_SIDE_STYLE('',(#12546));
#12546 = SURFACE_STYLE_FILL_AREA(#12547);
#12547 = FILL_AREA_STYLE('',(#12548));
#12548 = FILL_AREA_STYLE_COLOUR('',#11529);
#12549 = OVER_RIDING_STYLED_ITEM('overriding color',(#12550),#7999,
  #11522);
#12550 = PRESENTATION_STYLE_ASSIGNMENT((#12551));
#12551 = SURFACE_STYLE_USAGE(.BOTH.,#12552);
#12552 = SURFACE_SIDE_STYLE('',(#12553));
#12553 = SURFACE_STYLE_FILL_AREA(#12554);
#12554 = FILL_AREA_STYLE('',(#12555));
#12555 = FILL_AREA_STYLE_COLOUR('',#11529);
#12556 = OVER_RIDING_STYLED_ITEM('overriding color',(#12557),#8019,
  #11522);
#12557 = PRESENTATION_STYLE_ASSIGNMENT((#12558));
#12558 = SURFACE_STYLE_USAGE(.BOTH.,#12559);
#12559 = SURFACE_SIDE_STYLE('',(#12560));
#12560 = SURFACE_STYLE_FILL_AREA(#12561);
#12561 = FILL_AREA_STYLE('',(#12562));
#12562 = FILL_AREA_STYLE_COLOUR('',#11529);
#12563 = OVER_RIDING_STYLED_ITEM('overriding color',(#12564),#8039,
  #11522);
#12564 = PRESENTATION_STYLE_ASSIGNMENT((#12565));
#12565 = SURFACE_STYLE_USAGE(.BOTH.,#12566);
#12566 = SURFACE_SIDE_STYLE('',(#12567));
#12567 = SURFACE_STYLE_FILL_AREA(#12568);
#12568 = FILL_AREA_STYLE('',(#12569));
#12569 = FILL_AREA_STYLE_COLOUR('',#11529);
#12570 = OVER_RIDING_STYLED_ITEM('overriding color',(#12571),#8059,
  #11522);
#12571 = PRESENTATION_STYLE_ASSIGNMENT((#12572));
#12572 = SURFACE_STYLE_USAGE(.BOTH.,#12573);
#12573 = SURFACE_SIDE_STYLE('',(#12574));
#12574 = SURFACE_STYLE_FILL_AREA(#12575);
#12575 = FILL_AREA_STYLE('',(#12576));
#12576 = FILL_AREA_STYLE_COLOUR('',#11529);
#12577 = OVER_RIDING_STYLED_ITEM('overriding color',(#12578),#8075,
  #11522);
#12578 = PRESENTATION_STYLE_ASSIGNMENT((#12579));
#12579 = SURFACE_STYLE_USAGE(.BOTH.,#12580);
#12580 = SURFACE_SIDE_STYLE('',(#12581));
#12581 = SURFACE_STYLE_FILL_AREA(#12582);
#12582 = FILL_AREA_STYLE('',(#12583));
#12583 = FILL_AREA_STYLE_COLOUR('',#11529);
#12584 = OVER_RIDING_STYLED_ITEM('overriding color',(#12585),#8091,
  #11522);
#12585 = PRESENTATION_STYLE_ASSIGNMENT((#12586));
#12586 = SURFACE_STYLE_USAGE(.BOTH.,#12587);
#12587 = SURFACE_SIDE_STYLE('',(#12588));
#12588 = SURFACE_STYLE_FILL_AREA(#12589);
#12589 = FILL_AREA_STYLE('',(#12590));
#12590 = FILL_AREA_STYLE_COLOUR('',#11529);
#12591 = OVER_RIDING_STYLED_ITEM('overriding color',(#12592),#8107,
  #11522);
#12592 = PRESENTATION_STYLE_ASSIGNMENT((#12593));
#12593 = SURFACE_STYLE_USAGE(.BOTH.,#12594);
#12594 = SURFACE_SIDE_STYLE('',(#12595));
#12595 = SURFACE_STYLE_FILL_AREA(#12596);
#12596 = FILL_AREA_STYLE('',(#12597));
#12597 = FILL_AREA_STYLE_COLOUR('',#11529);
#12598 = OVER_RIDING_STYLED_ITEM('overriding color',(#12599),#8123,
  #11522);
#12599 = PRESENTATION_STYLE_ASSIGNMENT((#12600));
#12600 = SURFACE_STYLE_USAGE(.BOTH.,#12601);
#12601 = SURFACE_SIDE_STYLE('',(#12602));
#12602 = SURFACE_STYLE_FILL_AREA(#12603);
#12603 = FILL_AREA_STYLE('',(#12604));
#12604 = FILL_AREA_STYLE_COLOUR('',#11529);
#12605 = OVER_RIDING_STYLED_ITEM('overriding color',(#12606),#8139,
  #11522);
#12606 = PRESENTATION_STYLE_ASSIGNMENT((#12607));
#12607 = SURFACE_STYLE_USAGE(.BOTH.,#12608);
#12608 = SURFACE_SIDE_STYLE('',(#12609));
#12609 = SURFACE_STYLE_FILL_AREA(#12610);
#12610 = FILL_AREA_STYLE('',(#12611));
#12611 = FILL_AREA_STYLE_COLOUR('',#11529);
#12612 = OVER_RIDING_STYLED_ITEM('overriding color',(#12613),#8173,
  #11522);
#12613 = PRESENTATION_STYLE_ASSIGNMENT((#12614));
#12614 = SURFACE_STYLE_USAGE(.BOTH.,#12615);
#12615 = SURFACE_SIDE_STYLE('',(#12616));
#12616 = SURFACE_STYLE_FILL_AREA(#12617);
#12617 = FILL_AREA_STYLE('',(#12618));
#12618 = FILL_AREA_STYLE_COLOUR('',#11529);
#12619 = OVER_RIDING_STYLED_ITEM('overriding color',(#12620),#8201,
  #11522);
#12620 = PRESENTATION_STYLE_ASSIGNMENT((#12621));
#12621 = SURFACE_STYLE_USAGE(.BOTH.,#12622);
#12622 = SURFACE_SIDE_STYLE('',(#12623));
#12623 = SURFACE_STYLE_FILL_AREA(#12624);
#12624 = FILL_AREA_STYLE('',(#12625));
#12625 = FILL_AREA_STYLE_COLOUR('',#11529);
#12626 = OVER_RIDING_STYLED_ITEM('overriding color',(#12627),#8229,
  #11522);
#12627 = PRESENTATION_STYLE_ASSIGNMENT((#12628));
#12628 = SURFACE_STYLE_USAGE(.BOTH.,#12629);
#12629 = SURFACE_SIDE_STYLE('',(#12630));
#12630 = SURFACE_STYLE_FILL_AREA(#12631);
#12631 = FILL_AREA_STYLE('',(#12632));
#12632 = FILL_AREA_STYLE_COLOUR('',#11529);
#12633 = OVER_RIDING_STYLED_ITEM('overriding color',(#12634),#8257,
  #11522);
#12634 = PRESENTATION_STYLE_ASSIGNMENT((#12635));
#12635 = SURFACE_STYLE_USAGE(.BOTH.,#12636);
#12636 = SURFACE_SIDE_STYLE('',(#12637));
#12637 = SURFACE_STYLE_FILL_AREA(#12638);
#12638 = FILL_AREA_STYLE('',(#12639));
#12639 = FILL_AREA_STYLE_COLOUR('',#11529);
#12640 = OVER_RIDING_STYLED_ITEM('overriding color',(#12641),#8285,
  #11522);
#12641 = PRESENTATION_STYLE_ASSIGNMENT((#12642));
#12642 = SURFACE_STYLE_USAGE(.BOTH.,#12643);
#12643 = SURFACE_SIDE_STYLE('',(#12644));
#12644 = SURFACE_STYLE_FILL_AREA(#12645);
#12645 = FILL_AREA_STYLE('',(#12646));
#12646 = FILL_AREA_STYLE_COLOUR('',#11529);
#12647 = OVER_RIDING_STYLED_ITEM('overriding color',(#12648),#8313,
  #11522);
#12648 = PRESENTATION_STYLE_ASSIGNMENT((#12649));
#12649 = SURFACE_STYLE_USAGE(.BOTH.,#12650);
#12650 = SURFACE_SIDE_STYLE('',(#12651));
#12651 = SURFACE_STYLE_FILL_AREA(#12652);
#12652 = FILL_AREA_STYLE('',(#12653));
#12653 = FILL_AREA_STYLE_COLOUR('',#11529);
#12654 = OVER_RIDING_STYLED_ITEM('overriding color',(#12655),#8335,
  #11522);
#12655 = PRESENTATION_STYLE_ASSIGNMENT((#12656));
#12656 = SURFACE_STYLE_USAGE(.BOTH.,#12657);
#12657 = SURFACE_SIDE_STYLE('',(#12658));
#12658 = SURFACE_STYLE_FILL_AREA(#12659);
#12659 = FILL_AREA_STYLE('',(#12660));
#12660 = FILL_AREA_STYLE_COLOUR('',#11529);
#12661 = OVER_RIDING_STYLED_ITEM('overriding color',(#12662),#8351,
  #11522);
#12662 = PRESENTATION_STYLE_ASSIGNMENT((#12663));
#12663 = SURFACE_STYLE_USAGE(.BOTH.,#12664);
#12664 = SURFACE_SIDE_STYLE('',(#12665));
#12665 = SURFACE_STYLE_FILL_AREA(#12666);
#12666 = FILL_AREA_STYLE('',(#12667));
#12667 = FILL_AREA_STYLE_COLOUR('',#11554);
#12668 = OVER_RIDING_STYLED_ITEM('overriding color',(#12669),#8367,
  #11522);
#12669 = PRESENTATION_STYLE_ASSIGNMENT((#12670));
#12670 = SURFACE_STYLE_USAGE(.BOTH.,#12671);
#12671 = SURFACE_SIDE_STYLE('',(#12672));
#12672 = SURFACE_STYLE_FILL_AREA(#12673);
#12673 = FILL_AREA_STYLE('',(#12674));
#12674 = FILL_AREA_STYLE_COLOUR('',#11529);
#12675 = OVER_RIDING_STYLED_ITEM('overriding color',(#12676),#8401,
  #11522);
#12676 = PRESENTATION_STYLE_ASSIGNMENT((#12677));
#12677 = SURFACE_STYLE_USAGE(.BOTH.,#12678);
#12678 = SURFACE_SIDE_STYLE('',(#12679));
#12679 = SURFACE_STYLE_FILL_AREA(#12680);
#12680 = FILL_AREA_STYLE('',(#12681));
#12681 = FILL_AREA_STYLE_COLOUR('',#11529);
#12682 = OVER_RIDING_STYLED_ITEM('overriding color',(#12683),#8423,
  #11522);
#12683 = PRESENTATION_STYLE_ASSIGNMENT((#12684));
#12684 = SURFACE_STYLE_USAGE(.BOTH.,#12685);
#12685 = SURFACE_SIDE_STYLE('',(#12686));
#12686 = SURFACE_STYLE_FILL_AREA(#12687);
#12687 = FILL_AREA_STYLE('',(#12688));
#12688 = FILL_AREA_STYLE_COLOUR('',#11529);
#12689 = OVER_RIDING_STYLED_ITEM('overriding color',(#12690),#8451,
  #11522);
#12690 = PRESENTATION_STYLE_ASSIGNMENT((#12691));
#12691 = SURFACE_STYLE_USAGE(.BOTH.,#12692);
#12692 = SURFACE_SIDE_STYLE('',(#12693));
#12693 = SURFACE_STYLE_FILL_AREA(#12694);
#12694 = FILL_AREA_STYLE('',(#12695));
#12695 = FILL_AREA_STYLE_COLOUR('',#11529);
#12696 = OVER_RIDING_STYLED_ITEM('overriding color',(#12697),#8479,
  #11522);
#12697 = PRESENTATION_STYLE_ASSIGNMENT((#12698));
#12698 = SURFACE_STYLE_USAGE(.BOTH.,#12699);
#12699 = SURFACE_SIDE_STYLE('',(#12700));
#12700 = SURFACE_STYLE_FILL_AREA(#12701);
#12701 = FILL_AREA_STYLE('',(#12702));
#12702 = FILL_AREA_STYLE_COLOUR('',#11529);
#12703 = OVER_RIDING_STYLED_ITEM('overriding color',(#12704),#8507,
  #11522);
#12704 = PRESENTATION_STYLE_ASSIGNMENT((#12705));
#12705 = SURFACE_STYLE_USAGE(.BOTH.,#12706);
#12706 = SURFACE_SIDE_STYLE('',(#12707));
#12707 = SURFACE_STYLE_FILL_AREA(#12708);
#12708 = FILL_AREA_STYLE('',(#12709));
#12709 = FILL_AREA_STYLE_COLOUR('',#11529);
#12710 = OVER_RIDING_STYLED_ITEM('overriding color',(#12711),#8535,
  #11522);
#12711 = PRESENTATION_STYLE_ASSIGNMENT((#12712));
#12712 = SURFACE_STYLE_USAGE(.BOTH.,#12713);
#12713 = SURFACE_SIDE_STYLE('',(#12714));
#12714 = SURFACE_STYLE_FILL_AREA(#12715);
#12715 = FILL_AREA_STYLE('',(#12716));
#12716 = FILL_AREA_STYLE_COLOUR('',#11529);
#12717 = OVER_RIDING_STYLED_ITEM('overriding color',(#12718),#8563,
  #11522);
#12718 = PRESENTATION_STYLE_ASSIGNMENT((#12719));
#12719 = SURFACE_STYLE_USAGE(.BOTH.,#12720);
#12720 = SURFACE_SIDE_STYLE('',(#12721));
#12721 = SURFACE_STYLE_FILL_AREA(#12722);
#12722 = FILL_AREA_STYLE('',(#12723));
#12723 = FILL_AREA_STYLE_COLOUR('',#11529);
#12724 = OVER_RIDING_STYLED_ITEM('overriding color',(#12725),#8591,
  #11522);
#12725 = PRESENTATION_STYLE_ASSIGNMENT((#12726));
#12726 = SURFACE_STYLE_USAGE(.BOTH.,#12727);
#12727 = SURFACE_SIDE_STYLE('',(#12728));
#12728 = SURFACE_STYLE_FILL_AREA(#12729);
#12729 = FILL_AREA_STYLE('',(#12730));
#12730 = FILL_AREA_STYLE_COLOUR('',#11529);
#12731 = OVER_RIDING_STYLED_ITEM('overriding color',(#12732),#8619,
  #11522);
#12732 = PRESENTATION_STYLE_ASSIGNMENT((#12733));
#12733 = SURFACE_STYLE_USAGE(.BOTH.,#12734);
#12734 = SURFACE_SIDE_STYLE('',(#12735));
#12735 = SURFACE_STYLE_FILL_AREA(#12736);
#12736 = FILL_AREA_STYLE('',(#12737));
#12737 = FILL_AREA_STYLE_COLOUR('',#11529);
#12738 = OVER_RIDING_STYLED_ITEM('overriding color',(#12739),#8647,
  #11522);
#12739 = PRESENTATION_STYLE_ASSIGNMENT((#12740));
#12740 = SURFACE_STYLE_USAGE(.BOTH.,#12741);
#12741 = SURFACE_SIDE_STYLE('',(#12742));
#12742 = SURFACE_STYLE_FILL_AREA(#12743);
#12743 = FILL_AREA_STYLE('',(#12744));
#12744 = FILL_AREA_STYLE_COLOUR('',#11529);
#12745 = OVER_RIDING_STYLED_ITEM('overriding color',(#12746),#8675,
  #11522);
#12746 = PRESENTATION_STYLE_ASSIGNMENT((#12747));
#12747 = SURFACE_STYLE_USAGE(.BOTH.,#12748);
#12748 = SURFACE_SIDE_STYLE('',(#12749));
#12749 = SURFACE_STYLE_FILL_AREA(#12750);
#12750 = FILL_AREA_STYLE('',(#12751));
#12751 = FILL_AREA_STYLE_COLOUR('',#11529);
#12752 = OVER_RIDING_STYLED_ITEM('overriding color',(#12753),#8703,
  #11522);
#12753 = PRESENTATION_STYLE_ASSIGNMENT((#12754));
#12754 = SURFACE_STYLE_USAGE(.BOTH.,#12755);
#12755 = SURFACE_SIDE_STYLE('',(#12756));
#12756 = SURFACE_STYLE_FILL_AREA(#12757);
#12757 = FILL_AREA_STYLE('',(#12758));
#12758 = FILL_AREA_STYLE_COLOUR('',#11529);
#12759 = OVER_RIDING_STYLED_ITEM('overriding color',(#12760),#8725,
  #11522);
#12760 = PRESENTATION_STYLE_ASSIGNMENT((#12761));
#12761 = SURFACE_STYLE_USAGE(.BOTH.,#12762);
#12762 = SURFACE_SIDE_STYLE('',(#12763));
#12763 = SURFACE_STYLE_FILL_AREA(#12764);
#12764 = FILL_AREA_STYLE('',(#12765));
#12765 = FILL_AREA_STYLE_COLOUR('',#11529);
#12766 = OVER_RIDING_STYLED_ITEM('overriding color',(#12767),#8753,
  #11522);
#12767 = PRESENTATION_STYLE_ASSIGNMENT((#12768));
#12768 = SURFACE_STYLE_USAGE(.BOTH.,#12769);
#12769 = SURFACE_SIDE_STYLE('',(#12770));
#12770 = SURFACE_STYLE_FILL_AREA(#12771);
#12771 = FILL_AREA_STYLE('',(#12772));
#12772 = FILL_AREA_STYLE_COLOUR('',#11529);
#12773 = OVER_RIDING_STYLED_ITEM('overriding color',(#12774),#8781,
  #11522);
#12774 = PRESENTATION_STYLE_ASSIGNMENT((#12775));
#12775 = SURFACE_STYLE_USAGE(.BOTH.,#12776);
#12776 = SURFACE_SIDE_STYLE('',(#12777));
#12777 = SURFACE_STYLE_FILL_AREA(#12778);
#12778 = FILL_AREA_STYLE('',(#12779));
#12779 = FILL_AREA_STYLE_COLOUR('',#11529);
#12780 = OVER_RIDING_STYLED_ITEM('overriding color',(#12781),#8809,
  #11522);
#12781 = PRESENTATION_STYLE_ASSIGNMENT((#12782));
#12782 = SURFACE_STYLE_USAGE(.BOTH.,#12783);
#12783 = SURFACE_SIDE_STYLE('',(#12784));
#12784 = SURFACE_STYLE_FILL_AREA(#12785);
#12785 = FILL_AREA_STYLE('',(#12786));
#12786 = FILL_AREA_STYLE_COLOUR('',#11529);
#12787 = OVER_RIDING_STYLED_ITEM('overriding color',(#12788),#8837,
  #11522);
#12788 = PRESENTATION_STYLE_ASSIGNMENT((#12789));
#12789 = SURFACE_STYLE_USAGE(.BOTH.,#12790);
#12790 = SURFACE_SIDE_STYLE('',(#12791));
#12791 = SURFACE_STYLE_FILL_AREA(#12792);
#12792 = FILL_AREA_STYLE('',(#12793));
#12793 = FILL_AREA_STYLE_COLOUR('',#11529);
#12794 = OVER_RIDING_STYLED_ITEM('overriding color',(#12795),#8865,
  #11522);
#12795 = PRESENTATION_STYLE_ASSIGNMENT((#12796));
#12796 = SURFACE_STYLE_USAGE(.BOTH.,#12797);
#12797 = SURFACE_SIDE_STYLE('',(#12798));
#12798 = SURFACE_STYLE_FILL_AREA(#12799);
#12799 = FILL_AREA_STYLE('',(#12800));
#12800 = FILL_AREA_STYLE_COLOUR('',#11529);
#12801 = OVER_RIDING_STYLED_ITEM('overriding color',(#12802),#8893,
  #11522);
#12802 = PRESENTATION_STYLE_ASSIGNMENT((#12803));
#12803 = SURFACE_STYLE_USAGE(.BOTH.,#12804);
#12804 = SURFACE_SIDE_STYLE('',(#12805));
#12805 = SURFACE_STYLE_FILL_AREA(#12806);
#12806 = FILL_AREA_STYLE('',(#12807));
#12807 = FILL_AREA_STYLE_COLOUR('',#11529);
#12808 = OVER_RIDING_STYLED_ITEM('overriding color',(#12809),#8921,
  #11522);
#12809 = PRESENTATION_STYLE_ASSIGNMENT((#12810));
#12810 = SURFACE_STYLE_USAGE(.BOTH.,#12811);
#12811 = SURFACE_SIDE_STYLE('',(#12812));
#12812 = SURFACE_STYLE_FILL_AREA(#12813);
#12813 = FILL_AREA_STYLE('',(#12814));
#12814 = FILL_AREA_STYLE_COLOUR('',#11529);
#12815 = OVER_RIDING_STYLED_ITEM('overriding color',(#12816),#8943,
  #11522);
#12816 = PRESENTATION_STYLE_ASSIGNMENT((#12817));
#12817 = SURFACE_STYLE_USAGE(.BOTH.,#12818);
#12818 = SURFACE_SIDE_STYLE('',(#12819));
#12819 = SURFACE_STYLE_FILL_AREA(#12820);
#12820 = FILL_AREA_STYLE('',(#12821));
#12821 = FILL_AREA_STYLE_COLOUR('',#11529);
#12822 = OVER_RIDING_STYLED_ITEM('overriding color',(#12823),#8972,
  #11522);
#12823 = PRESENTATION_STYLE_ASSIGNMENT((#12824));
#12824 = SURFACE_STYLE_USAGE(.BOTH.,#12825);
#12825 = SURFACE_SIDE_STYLE('',(#12826));
#12826 = SURFACE_STYLE_FILL_AREA(#12827);
#12827 = FILL_AREA_STYLE('',(#12828));
#12828 = FILL_AREA_STYLE_COLOUR('',#11529);
#12829 = OVER_RIDING_STYLED_ITEM('overriding color',(#12830),#9000,
  #11522);
#12830 = PRESENTATION_STYLE_ASSIGNMENT((#12831));
#12831 = SURFACE_STYLE_USAGE(.BOTH.,#12832);
#12832 = SURFACE_SIDE_STYLE('',(#12833));
#12833 = SURFACE_STYLE_FILL_AREA(#12834);
#12834 = FILL_AREA_STYLE('',(#12835));
#12835 = FILL_AREA_STYLE_COLOUR('',#11529);
#12836 = OVER_RIDING_STYLED_ITEM('overriding color',(#12837),#9022,
  #11522);
#12837 = PRESENTATION_STYLE_ASSIGNMENT((#12838));
#12838 = SURFACE_STYLE_USAGE(.BOTH.,#12839);
#12839 = SURFACE_SIDE_STYLE('',(#12840));
#12840 = SURFACE_STYLE_FILL_AREA(#12841);
#12841 = FILL_AREA_STYLE('',(#12842));
#12842 = FILL_AREA_STYLE_COLOUR('',#11529);
#12843 = OVER_RIDING_STYLED_ITEM('overriding color',(#12844),#9050,
  #11522);
#12844 = PRESENTATION_STYLE_ASSIGNMENT((#12845));
#12845 = SURFACE_STYLE_USAGE(.BOTH.,#12846);
#12846 = SURFACE_SIDE_STYLE('',(#12847));
#12847 = SURFACE_STYLE_FILL_AREA(#12848);
#12848 = FILL_AREA_STYLE('',(#12849));
#12849 = FILL_AREA_STYLE_COLOUR('',#11529);
#12850 = OVER_RIDING_STYLED_ITEM('overriding color',(#12851),#9072,
  #11522);
#12851 = PRESENTATION_STYLE_ASSIGNMENT((#12852));
#12852 = SURFACE_STYLE_USAGE(.BOTH.,#12853);
#12853 = SURFACE_SIDE_STYLE('',(#12854));
#12854 = SURFACE_STYLE_FILL_AREA(#12855);
#12855 = FILL_AREA_STYLE('',(#12856));
#12856 = FILL_AREA_STYLE_COLOUR('',#11529);
#12857 = OVER_RIDING_STYLED_ITEM('overriding color',(#12858),#9094,
  #11522);
#12858 = PRESENTATION_STYLE_ASSIGNMENT((#12859));
#12859 = SURFACE_STYLE_USAGE(.BOTH.,#12860);
#12860 = SURFACE_SIDE_STYLE('',(#12861));
#12861 = SURFACE_STYLE_FILL_AREA(#12862);
#12862 = FILL_AREA_STYLE('',(#12863));
#12863 = FILL_AREA_STYLE_COLOUR('',#11529);
#12864 = OVER_RIDING_STYLED_ITEM('overriding color',(#12865),#9116,
  #11522);
#12865 = PRESENTATION_STYLE_ASSIGNMENT((#12866));
#12866 = SURFACE_STYLE_USAGE(.BOTH.,#12867);
#12867 = SURFACE_SIDE_STYLE('',(#12868));
#12868 = SURFACE_STYLE_FILL_AREA(#12869);
#12869 = FILL_AREA_STYLE('',(#12870));
#12870 = FILL_AREA_STYLE_COLOUR('',#11529);
#12871 = OVER_RIDING_STYLED_ITEM('overriding color',(#12872),#9138,
  #11522);
#12872 = PRESENTATION_STYLE_ASSIGNMENT((#12873));
#12873 = SURFACE_STYLE_USAGE(.BOTH.,#12874);
#12874 = SURFACE_SIDE_STYLE('',(#12875));
#12875 = SURFACE_STYLE_FILL_AREA(#12876);
#12876 = FILL_AREA_STYLE('',(#12877));
#12877 = FILL_AREA_STYLE_COLOUR('',#11529);
#12878 = OVER_RIDING_STYLED_ITEM('overriding color',(#12879),#9160,
  #11522);
#12879 = PRESENTATION_STYLE_ASSIGNMENT((#12880));
#12880 = SURFACE_STYLE_USAGE(.BOTH.,#12881);
#12881 = SURFACE_SIDE_STYLE('',(#12882));
#12882 = SURFACE_STYLE_FILL_AREA(#12883);
#12883 = FILL_AREA_STYLE('',(#12884));
#12884 = FILL_AREA_STYLE_COLOUR('',#11529);
#12885 = OVER_RIDING_STYLED_ITEM('overriding color',(#12886),#9182,
  #11522);
#12886 = PRESENTATION_STYLE_ASSIGNMENT((#12887));
#12887 = SURFACE_STYLE_USAGE(.BOTH.,#12888);
#12888 = SURFACE_SIDE_STYLE('',(#12889));
#12889 = SURFACE_STYLE_FILL_AREA(#12890);
#12890 = FILL_AREA_STYLE('',(#12891));
#12891 = FILL_AREA_STYLE_COLOUR('',#11529);
#12892 = OVER_RIDING_STYLED_ITEM('overriding color',(#12893),#9210,
  #11522);
#12893 = PRESENTATION_STYLE_ASSIGNMENT((#12894));
#12894 = SURFACE_STYLE_USAGE(.BOTH.,#12895);
#12895 = SURFACE_SIDE_STYLE('',(#12896));
#12896 = SURFACE_STYLE_FILL_AREA(#12897);
#12897 = FILL_AREA_STYLE('',(#12898));
#12898 = FILL_AREA_STYLE_COLOUR('',#11529);
#12899 = OVER_RIDING_STYLED_ITEM('overriding color',(#12900),#9238,
  #11522);
#12900 = PRESENTATION_STYLE_ASSIGNMENT((#12901));
#12901 = SURFACE_STYLE_USAGE(.BOTH.,#12902);
#12902 = SURFACE_SIDE_STYLE('',(#12903));
#12903 = SURFACE_STYLE_FILL_AREA(#12904);
#12904 = FILL_AREA_STYLE('',(#12905));
#12905 = FILL_AREA_STYLE_COLOUR('',#11529);
#12906 = OVER_RIDING_STYLED_ITEM('overriding color',(#12907),#9260,
  #11522);
#12907 = PRESENTATION_STYLE_ASSIGNMENT((#12908));
#12908 = SURFACE_STYLE_USAGE(.BOTH.,#12909);
#12909 = SURFACE_SIDE_STYLE('',(#12910));
#12910 = SURFACE_STYLE_FILL_AREA(#12911);
#12911 = FILL_AREA_STYLE('',(#12912));
#12912 = FILL_AREA_STYLE_COLOUR('',#11529);
#12913 = OVER_RIDING_STYLED_ITEM('overriding color',(#12914),#9288,
  #11522);
#12914 = PRESENTATION_STYLE_ASSIGNMENT((#12915));
#12915 = SURFACE_STYLE_USAGE(.BOTH.,#12916);
#12916 = SURFACE_SIDE_STYLE('',(#12917));
#12917 = SURFACE_STYLE_FILL_AREA(#12918);
#12918 = FILL_AREA_STYLE('',(#12919));
#12919 = FILL_AREA_STYLE_COLOUR('',#11529);
#12920 = OVER_RIDING_STYLED_ITEM('overriding color',(#12921),#9316,
  #11522);
#12921 = PRESENTATION_STYLE_ASSIGNMENT((#12922));
#12922 = SURFACE_STYLE_USAGE(.BOTH.,#12923);
#12923 = SURFACE_SIDE_STYLE('',(#12924));
#12924 = SURFACE_STYLE_FILL_AREA(#12925);
#12925 = FILL_AREA_STYLE('',(#12926));
#12926 = FILL_AREA_STYLE_COLOUR('',#11529);
#12927 = OVER_RIDING_STYLED_ITEM('overriding color',(#12928),#9332,
  #11522);
#12928 = PRESENTATION_STYLE_ASSIGNMENT((#12929));
#12929 = SURFACE_STYLE_USAGE(.BOTH.,#12930);
#12930 = SURFACE_SIDE_STYLE('',(#12931));
#12931 = SURFACE_STYLE_FILL_AREA(#12932);
#12932 = FILL_AREA_STYLE('',(#12933));
#12933 = FILL_AREA_STYLE_COLOUR('',#11529);
#12934 = OVER_RIDING_STYLED_ITEM('overriding color',(#12935),#9355,
  #11522);
#12935 = PRESENTATION_STYLE_ASSIGNMENT((#12936));
#12936 = SURFACE_STYLE_USAGE(.BOTH.,#12937);
#12937 = SURFACE_SIDE_STYLE('',(#12938));
#12938 = SURFACE_STYLE_FILL_AREA(#12939);
#12939 = FILL_AREA_STYLE('',(#12940));
#12940 = FILL_AREA_STYLE_COLOUR('',#11529);
#12941 = OVER_RIDING_STYLED_ITEM('overriding color',(#12942),#9383,
  #11522);
#12942 = PRESENTATION_STYLE_ASSIGNMENT((#12943));
#12943 = SURFACE_STYLE_USAGE(.BOTH.,#12944);
#12944 = SURFACE_SIDE_STYLE('',(#12945));
#12945 = SURFACE_STYLE_FILL_AREA(#12946);
#12946 = FILL_AREA_STYLE('',(#12947));
#12947 = FILL_AREA_STYLE_COLOUR('',#11529);
#12948 = OVER_RIDING_STYLED_ITEM('overriding color',(#12949),#9405,
  #11522);
#12949 = PRESENTATION_STYLE_ASSIGNMENT((#12950));
#12950 = SURFACE_STYLE_USAGE(.BOTH.,#12951);
#12951 = SURFACE_SIDE_STYLE('',(#12952));
#12952 = SURFACE_STYLE_FILL_AREA(#12953);
#12953 = FILL_AREA_STYLE('',(#12954));
#12954 = FILL_AREA_STYLE_COLOUR('',#11529);
#12955 = OVER_RIDING_STYLED_ITEM('overriding color',(#12956),#9427,
  #11522);
#12956 = PRESENTATION_STYLE_ASSIGNMENT((#12957));
#12957 = SURFACE_STYLE_USAGE(.BOTH.,#12958);
#12958 = SURFACE_SIDE_STYLE('',(#12959));
#12959 = SURFACE_STYLE_FILL_AREA(#12960);
#12960 = FILL_AREA_STYLE('',(#12961));
#12961 = FILL_AREA_STYLE_COLOUR('',#11529);
#12962 = OVER_RIDING_STYLED_ITEM('overriding color',(#12963),#9449,
  #11522);
#12963 = PRESENTATION_STYLE_ASSIGNMENT((#12964));
#12964 = SURFACE_STYLE_USAGE(.BOTH.,#12965);
#12965 = SURFACE_SIDE_STYLE('',(#12966));
#12966 = SURFACE_STYLE_FILL_AREA(#12967);
#12967 = FILL_AREA_STYLE('',(#12968));
#12968 = FILL_AREA_STYLE_COLOUR('',#11529);
#12969 = OVER_RIDING_STYLED_ITEM('overriding color',(#12970),#9471,
  #11522);
#12970 = PRESENTATION_STYLE_ASSIGNMENT((#12971));
#12971 = SURFACE_STYLE_USAGE(.BOTH.,#12972);
#12972 = SURFACE_SIDE_STYLE('',(#12973));
#12973 = SURFACE_STYLE_FILL_AREA(#12974);
#12974 = FILL_AREA_STYLE('',(#12975));
#12975 = FILL_AREA_STYLE_COLOUR('',#11529);
#12976 = OVER_RIDING_STYLED_ITEM('overriding color',(#12977),#9493,
  #11522);
#12977 = PRESENTATION_STYLE_ASSIGNMENT((#12978));
#12978 = SURFACE_STYLE_USAGE(.BOTH.,#12979);
#12979 = SURFACE_SIDE_STYLE('',(#12980));
#12980 = SURFACE_STYLE_FILL_AREA(#12981);
#12981 = FILL_AREA_STYLE('',(#12982));
#12982 = FILL_AREA_STYLE_COLOUR('',#11529);
#12983 = OVER_RIDING_STYLED_ITEM('overriding color',(#12984),#9515,
  #11522);
#12984 = PRESENTATION_STYLE_ASSIGNMENT((#12985));
#12985 = SURFACE_STYLE_USAGE(.BOTH.,#12986);
#12986 = SURFACE_SIDE_STYLE('',(#12987));
#12987 = SURFACE_STYLE_FILL_AREA(#12988);
#12988 = FILL_AREA_STYLE('',(#12989));
#12989 = FILL_AREA_STYLE_COLOUR('',#11529);
#12990 = OVER_RIDING_STYLED_ITEM('overriding color',(#12991),#9537,
  #11522);
#12991 = PRESENTATION_STYLE_ASSIGNMENT((#12992));
#12992 = SURFACE_STYLE_USAGE(.BOTH.,#12993);
#12993 = SURFACE_SIDE_STYLE('',(#12994));
#12994 = SURFACE_STYLE_FILL_AREA(#12995);
#12995 = FILL_AREA_STYLE('',(#12996));
#12996 = FILL_AREA_STYLE_COLOUR('',#11529);
#12997 = OVER_RIDING_STYLED_ITEM('overriding color',(#12998),#9559,
  #11522);
#12998 = PRESENTATION_STYLE_ASSIGNMENT((#12999));
#12999 = SURFACE_STYLE_USAGE(.BOTH.,#13000);
#13000 = SURFACE_SIDE_STYLE('',(#13001));
#13001 = SURFACE_STYLE_FILL_AREA(#13002);
#13002 = FILL_AREA_STYLE('',(#13003));
#13003 = FILL_AREA_STYLE_COLOUR('',#11529);
#13004 = OVER_RIDING_STYLED_ITEM('overriding color',(#13005),#9581,
  #11522);
#13005 = PRESENTATION_STYLE_ASSIGNMENT((#13006));
#13006 = SURFACE_STYLE_USAGE(.BOTH.,#13007);
#13007 = SURFACE_SIDE_STYLE('',(#13008));
#13008 = SURFACE_STYLE_FILL_AREA(#13009);
#13009 = FILL_AREA_STYLE('',(#13010));
#13010 = FILL_AREA_STYLE_COLOUR('',#11529);
#13011 = OVER_RIDING_STYLED_ITEM('overriding color',(#13012),#9603,
  #11522);
#13012 = PRESENTATION_STYLE_ASSIGNMENT((#13013));
#13013 = SURFACE_STYLE_USAGE(.BOTH.,#13014);
#13014 = SURFACE_SIDE_STYLE('',(#13015));
#13015 = SURFACE_STYLE_FILL_AREA(#13016);
#13016 = FILL_AREA_STYLE('',(#13017));
#13017 = FILL_AREA_STYLE_COLOUR('',#11529);
#13018 = OVER_RIDING_STYLED_ITEM('overriding color',(#13019),#9619,
  #11522);
#13019 = PRESENTATION_STYLE_ASSIGNMENT((#13020));
#13020 = SURFACE_STYLE_USAGE(.BOTH.,#13021);
#13021 = SURFACE_SIDE_STYLE('',(#13022));
#13022 = SURFACE_STYLE_FILL_AREA(#13023);
#13023 = FILL_AREA_STYLE('',(#13024));
#13024 = FILL_AREA_STYLE_COLOUR('',#11529);
#13025 = OVER_RIDING_STYLED_ITEM('overriding color',(#13026),#9639,
  #11522);
#13026 = PRESENTATION_STYLE_ASSIGNMENT((#13027));
#13027 = SURFACE_STYLE_USAGE(.BOTH.,#13028);
#13028 = SURFACE_SIDE_STYLE('',(#13029));
#13029 = SURFACE_STYLE_FILL_AREA(#13030);
#13030 = FILL_AREA_STYLE('',(#13031));
#13031 = FILL_AREA_STYLE_COLOUR('',#11529);
#13032 = OVER_RIDING_STYLED_ITEM('overriding color',(#13033),#9763,
  #11522);
#13033 = PRESENTATION_STYLE_ASSIGNMENT((#13034));
#13034 = SURFACE_STYLE_USAGE(.BOTH.,#13035);
#13035 = SURFACE_SIDE_STYLE('',(#13036));
#13036 = SURFACE_STYLE_FILL_AREA(#13037);
#13037 = FILL_AREA_STYLE('',(#13038));
#13038 = FILL_AREA_STYLE_COLOUR('',#11529);
#13039 = OVER_RIDING_STYLED_ITEM('overriding color',(#13040),#9783,
  #11522);
#13040 = PRESENTATION_STYLE_ASSIGNMENT((#13041));
#13041 = SURFACE_STYLE_USAGE(.BOTH.,#13042);
#13042 = SURFACE_SIDE_STYLE('',(#13043));
#13043 = SURFACE_STYLE_FILL_AREA(#13044);
#13044 = FILL_AREA_STYLE('',(#13045));
#13045 = FILL_AREA_STYLE_COLOUR('',#11529);
#13046 = OVER_RIDING_STYLED_ITEM('overriding color',(#13047),#9803,
  #11522);
#13047 = PRESENTATION_STYLE_ASSIGNMENT((#13048));
#13048 = SURFACE_STYLE_USAGE(.BOTH.,#13049);
#13049 = SURFACE_SIDE_STYLE('',(#13050));
#13050 = SURFACE_STYLE_FILL_AREA(#13051);
#13051 = FILL_AREA_STYLE('',(#13052));
#13052 = FILL_AREA_STYLE_COLOUR('',#11529);
#13053 = OVER_RIDING_STYLED_ITEM('overriding color',(#13054),#9823,
  #11522);
#13054 = PRESENTATION_STYLE_ASSIGNMENT((#13055));
#13055 = SURFACE_STYLE_USAGE(.BOTH.,#13056);
#13056 = SURFACE_SIDE_STYLE('',(#13057));
#13057 = SURFACE_STYLE_FILL_AREA(#13058);
#13058 = FILL_AREA_STYLE('',(#13059));
#13059 = FILL_AREA_STYLE_COLOUR('',#11529);
#13060 = OVER_RIDING_STYLED_ITEM('overriding color',(#13061),#9843,
  #11522);
#13061 = PRESENTATION_STYLE_ASSIGNMENT((#13062));
#13062 = SURFACE_STYLE_USAGE(.BOTH.,#13063);
#13063 = SURFACE_SIDE_STYLE('',(#13064));
#13064 = SURFACE_STYLE_FILL_AREA(#13065);
#13065 = FILL_AREA_STYLE('',(#13066));
#13066 = FILL_AREA_STYLE_COLOUR('',#11529);
#13067 = OVER_RIDING_STYLED_ITEM('overriding color',(#13068),#9863,
  #11522);
#13068 = PRESENTATION_STYLE_ASSIGNMENT((#13069));
#13069 = SURFACE_STYLE_USAGE(.BOTH.,#13070);
#13070 = SURFACE_SIDE_STYLE('',(#13071));
#13071 = SURFACE_STYLE_FILL_AREA(#13072);
#13072 = FILL_AREA_STYLE('',(#13073));
#13073 = FILL_AREA_STYLE_COLOUR('',#11529);
#13074 = OVER_RIDING_STYLED_ITEM('overriding color',(#13075),#9879,
  #11522);
#13075 = PRESENTATION_STYLE_ASSIGNMENT((#13076));
#13076 = SURFACE_STYLE_USAGE(.BOTH.,#13077);
#13077 = SURFACE_SIDE_STYLE('',(#13078));
#13078 = SURFACE_STYLE_FILL_AREA(#13079);
#13079 = FILL_AREA_STYLE('',(#13080));
#13080 = FILL_AREA_STYLE_COLOUR('',#11529);
#13081 = OVER_RIDING_STYLED_ITEM('overriding color',(#13082),#9891,
  #11522);
#13082 = PRESENTATION_STYLE_ASSIGNMENT((#13083));
#13083 = SURFACE_STYLE_USAGE(.BOTH.,#13084);
#13084 = SURFACE_SIDE_STYLE('',(#13085));
#13085 = SURFACE_STYLE_FILL_AREA(#13086);
#13086 = FILL_AREA_STYLE('',(#13087));
#13087 = FILL_AREA_STYLE_COLOUR('',#11529);
#13088 = OVER_RIDING_STYLED_ITEM('overriding color',(#13089),#9919,
  #11522);
#13089 = PRESENTATION_STYLE_ASSIGNMENT((#13090));
#13090 = SURFACE_STYLE_USAGE(.BOTH.,#13091);
#13091 = SURFACE_SIDE_STYLE('',(#13092));
#13092 = SURFACE_STYLE_FILL_AREA(#13093);
#13093 = FILL_AREA_STYLE('',(#13094));
#13094 = FILL_AREA_STYLE_COLOUR('',#11529);
#13095 = OVER_RIDING_STYLED_ITEM('overriding color',(#13096),#9941,
  #11522);
#13096 = PRESENTATION_STYLE_ASSIGNMENT((#13097));
#13097 = SURFACE_STYLE_USAGE(.BOTH.,#13098);
#13098 = SURFACE_SIDE_STYLE('',(#13099));
#13099 = SURFACE_STYLE_FILL_AREA(#13100);
#13100 = FILL_AREA_STYLE('',(#13101));
#13101 = FILL_AREA_STYLE_COLOUR('',#11529);
#13102 = OVER_RIDING_STYLED_ITEM('overriding color',(#13103),#9963,
  #11522);
#13103 = PRESENTATION_STYLE_ASSIGNMENT((#13104));
#13104 = SURFACE_STYLE_USAGE(.BOTH.,#13105);
#13105 = SURFACE_SIDE_STYLE('',(#13106));
#13106 = SURFACE_STYLE_FILL_AREA(#13107);
#13107 = FILL_AREA_STYLE('',(#13108));
#13108 = FILL_AREA_STYLE_COLOUR('',#11529);
#13109 = OVER_RIDING_STYLED_ITEM('overriding color',(#13110),#9991,
  #11522);
#13110 = PRESENTATION_STYLE_ASSIGNMENT((#13111));
#13111 = SURFACE_STYLE_USAGE(.BOTH.,#13112);
#13112 = SURFACE_SIDE_STYLE('',(#13113));
#13113 = SURFACE_STYLE_FILL_AREA(#13114);
#13114 = FILL_AREA_STYLE('',(#13115));
#13115 = FILL_AREA_STYLE_COLOUR('',#11529);
#13116 = OVER_RIDING_STYLED_ITEM('overriding color',(#13117),#10019,
  #11522);
#13117 = PRESENTATION_STYLE_ASSIGNMENT((#13118));
#13118 = SURFACE_STYLE_USAGE(.BOTH.,#13119);
#13119 = SURFACE_SIDE_STYLE('',(#13120));
#13120 = SURFACE_STYLE_FILL_AREA(#13121);
#13121 = FILL_AREA_STYLE('',(#13122));
#13122 = FILL_AREA_STYLE_COLOUR('',#11529);
#13123 = OVER_RIDING_STYLED_ITEM('overriding color',(#13124),#10047,
  #11522);
#13124 = PRESENTATION_STYLE_ASSIGNMENT((#13125));
#13125 = SURFACE_STYLE_USAGE(.BOTH.,#13126);
#13126 = SURFACE_SIDE_STYLE('',(#13127));
#13127 = SURFACE_STYLE_FILL_AREA(#13128);
#13128 = FILL_AREA_STYLE('',(#13129));
#13129 = FILL_AREA_STYLE_COLOUR('',#11529);
#13130 = OVER_RIDING_STYLED_ITEM('overriding color',(#13131),#10069,
  #11522);
#13131 = PRESENTATION_STYLE_ASSIGNMENT((#13132));
#13132 = SURFACE_STYLE_USAGE(.BOTH.,#13133);
#13133 = SURFACE_SIDE_STYLE('',(#13134));
#13134 = SURFACE_STYLE_FILL_AREA(#13135);
#13135 = FILL_AREA_STYLE('',(#13136));
#13136 = FILL_AREA_STYLE_COLOUR('',#11554);
#13137 = OVER_RIDING_STYLED_ITEM('overriding color',(#13138),#10084,
  #11522);
#13138 = PRESENTATION_STYLE_ASSIGNMENT((#13139));
#13139 = SURFACE_STYLE_USAGE(.BOTH.,#13140);
#13140 = SURFACE_SIDE_STYLE('',(#13141));
#13141 = SURFACE_STYLE_FILL_AREA(#13142);
#13142 = FILL_AREA_STYLE('',(#13143));
#13143 = FILL_AREA_STYLE_COLOUR('',#11529);
#13144 = OVER_RIDING_STYLED_ITEM('overriding color',(#13145),#10196,
  #11522);
#13145 = PRESENTATION_STYLE_ASSIGNMENT((#13146));
#13146 = SURFACE_STYLE_USAGE(.BOTH.,#13147);
#13147 = SURFACE_SIDE_STYLE('',(#13148));
#13148 = SURFACE_STYLE_FILL_AREA(#13149);
#13149 = FILL_AREA_STYLE('',(#13150));
#13150 = FILL_AREA_STYLE_COLOUR('',#11529);
#13151 = OVER_RIDING_STYLED_ITEM('overriding color',(#13152),#10216,
  #11522);
#13152 = PRESENTATION_STYLE_ASSIGNMENT((#13153));
#13153 = SURFACE_STYLE_USAGE(.BOTH.,#13154);
#13154 = SURFACE_SIDE_STYLE('',(#13155));
#13155 = SURFACE_STYLE_FILL_AREA(#13156);
#13156 = FILL_AREA_STYLE('',(#13157));
#13157 = FILL_AREA_STYLE_COLOUR('',#11529);
#13158 = OVER_RIDING_STYLED_ITEM('overriding color',(#13159),#10232,
  #11522);
#13159 = PRESENTATION_STYLE_ASSIGNMENT((#13160));
#13160 = SURFACE_STYLE_USAGE(.BOTH.,#13161);
#13161 = SURFACE_SIDE_STYLE('',(#13162));
#13162 = SURFACE_STYLE_FILL_AREA(#13163);
#13163 = FILL_AREA_STYLE('',(#13164));
#13164 = FILL_AREA_STYLE_COLOUR('',#11529);
#13165 = OVER_RIDING_STYLED_ITEM('overriding color',(#13166),#10248,
  #11522);
#13166 = PRESENTATION_STYLE_ASSIGNMENT((#13167));
#13167 = SURFACE_STYLE_USAGE(.BOTH.,#13168);
#13168 = SURFACE_SIDE_STYLE('',(#13169));
#13169 = SURFACE_STYLE_FILL_AREA(#13170);
#13170 = FILL_AREA_STYLE('',(#13171));
#13171 = FILL_AREA_STYLE_COLOUR('',#11529);
#13172 = OVER_RIDING_STYLED_ITEM('overriding color',(#13173),#10264,
  #11522);
#13173 = PRESENTATION_STYLE_ASSIGNMENT((#13174));
#13174 = SURFACE_STYLE_USAGE(.BOTH.,#13175);
#13175 = SURFACE_SIDE_STYLE('',(#13176));
#13176 = SURFACE_STYLE_FILL_AREA(#13177);
#13177 = FILL_AREA_STYLE('',(#13178));
#13178 = FILL_AREA_STYLE_COLOUR('',#11529);
#13179 = OVER_RIDING_STYLED_ITEM('overriding color',(#13180),#10280,
  #11522);
#13180 = PRESENTATION_STYLE_ASSIGNMENT((#13181));
#13181 = SURFACE_STYLE_USAGE(.BOTH.,#13182);
#13182 = SURFACE_SIDE_STYLE('',(#13183));
#13183 = SURFACE_STYLE_FILL_AREA(#13184);
#13184 = FILL_AREA_STYLE('',(#13185));
#13185 = FILL_AREA_STYLE_COLOUR('',#11529);
#13186 = OVER_RIDING_STYLED_ITEM('overriding color',(#13187),#10296,
  #11522);
#13187 = PRESENTATION_STYLE_ASSIGNMENT((#13188));
#13188 = SURFACE_STYLE_USAGE(.BOTH.,#13189);
#13189 = SURFACE_SIDE_STYLE('',(#13190));
#13190 = SURFACE_STYLE_FILL_AREA(#13191);
#13191 = FILL_AREA_STYLE('',(#13192));
#13192 = FILL_AREA_STYLE_COLOUR('',#11529);
#13193 = OVER_RIDING_STYLED_ITEM('overriding color',(#13194),#10312,
  #11522);
#13194 = PRESENTATION_STYLE_ASSIGNMENT((#13195));
#13195 = SURFACE_STYLE_USAGE(.BOTH.,#13196);
#13196 = SURFACE_SIDE_STYLE('',(#13197));
#13197 = SURFACE_STYLE_FILL_AREA(#13198);
#13198 = FILL_AREA_STYLE('',(#13199));
#13199 = FILL_AREA_STYLE_COLOUR('',#11529);
#13200 = OVER_RIDING_STYLED_ITEM('overriding color',(#13201),#10324,
  #11522);
#13201 = PRESENTATION_STYLE_ASSIGNMENT((#13202));
#13202 = SURFACE_STYLE_USAGE(.BOTH.,#13203);
#13203 = SURFACE_SIDE_STYLE('',(#13204));
#13204 = SURFACE_STYLE_FILL_AREA(#13205);
#13205 = FILL_AREA_STYLE('',(#13206));
#13206 = FILL_AREA_STYLE_COLOUR('',#11529);
#13207 = OVER_RIDING_STYLED_ITEM('overriding color',(#13208),#10352,
  #11522);
#13208 = PRESENTATION_STYLE_ASSIGNMENT((#13209));
#13209 = SURFACE_STYLE_USAGE(.BOTH.,#13210);
#13210 = SURFACE_SIDE_STYLE('',(#13211));
#13211 = SURFACE_STYLE_FILL_AREA(#13212);
#13212 = FILL_AREA_STYLE('',(#13213));
#13213 = FILL_AREA_STYLE_COLOUR('',#11529);
#13214 = OVER_RIDING_STYLED_ITEM('overriding color',(#13215),#10374,
  #11522);
#13215 = PRESENTATION_STYLE_ASSIGNMENT((#13216));
#13216 = SURFACE_STYLE_USAGE(.BOTH.,#13217);
#13217 = SURFACE_SIDE_STYLE('',(#13218));
#13218 = SURFACE_STYLE_FILL_AREA(#13219);
#13219 = FILL_AREA_STYLE('',(#13220));
#13220 = FILL_AREA_STYLE_COLOUR('',#11529);
#13221 = OVER_RIDING_STYLED_ITEM('overriding color',(#13222),#10402,
  #11522);
#13222 = PRESENTATION_STYLE_ASSIGNMENT((#13223));
#13223 = SURFACE_STYLE_USAGE(.BOTH.,#13224);
#13224 = SURFACE_SIDE_STYLE('',(#13225));
#13225 = SURFACE_STYLE_FILL_AREA(#13226);
#13226 = FILL_AREA_STYLE('',(#13227));
#13227 = FILL_AREA_STYLE_COLOUR('',#11529);
#13228 = OVER_RIDING_STYLED_ITEM('overriding color',(#13229),#10424,
  #11522);
#13229 = PRESENTATION_STYLE_ASSIGNMENT((#13230));
#13230 = SURFACE_STYLE_USAGE(.BOTH.,#13231);
#13231 = SURFACE_SIDE_STYLE('',(#13232));
#13232 = SURFACE_STYLE_FILL_AREA(#13233);
#13233 = FILL_AREA_STYLE('',(#13234));
#13234 = FILL_AREA_STYLE_COLOUR('',#11529);
#13235 = OVER_RIDING_STYLED_ITEM('overriding color',(#13236),#10452,
  #11522);
#13236 = PRESENTATION_STYLE_ASSIGNMENT((#13237));
#13237 = SURFACE_STYLE_USAGE(.BOTH.,#13238);
#13238 = SURFACE_SIDE_STYLE('',(#13239));
#13239 = SURFACE_STYLE_FILL_AREA(#13240);
#13240 = FILL_AREA_STYLE('',(#13241));
#13241 = FILL_AREA_STYLE_COLOUR('',#11529);
#13242 = OVER_RIDING_STYLED_ITEM('overriding color',(#13243),#10468,
  #11522);
#13243 = PRESENTATION_STYLE_ASSIGNMENT((#13244));
#13244 = SURFACE_STYLE_USAGE(.BOTH.,#13245);
#13245 = SURFACE_SIDE_STYLE('',(#13246));
#13246 = SURFACE_STYLE_FILL_AREA(#13247);
#13247 = FILL_AREA_STYLE('',(#13248));
#13248 = FILL_AREA_STYLE_COLOUR('',#11554);
#13249 = OVER_RIDING_STYLED_ITEM('overriding color',(#13250),#10482,
  #11522);
#13250 = PRESENTATION_STYLE_ASSIGNMENT((#13251));
#13251 = SURFACE_STYLE_USAGE(.BOTH.,#13252);
#13252 = SURFACE_SIDE_STYLE('',(#13253));
#13253 = SURFACE_STYLE_FILL_AREA(#13254);
#13254 = FILL_AREA_STYLE('',(#13255));
#13255 = FILL_AREA_STYLE_COLOUR('',#11529);
#13256 = OVER_RIDING_STYLED_ITEM('overriding color',(#13257),#10802,
  #11522);
#13257 = PRESENTATION_STYLE_ASSIGNMENT((#13258));
#13258 = SURFACE_STYLE_USAGE(.BOTH.,#13259);
#13259 = SURFACE_SIDE_STYLE('',(#13260));
#13260 = SURFACE_STYLE_FILL_AREA(#13261);
#13261 = FILL_AREA_STYLE('',(#13262));
#13262 = FILL_AREA_STYLE_COLOUR('',#11529);
#13263 = OVER_RIDING_STYLED_ITEM('overriding color',(#13264),#10826,
  #11522);
#13264 = PRESENTATION_STYLE_ASSIGNMENT((#13265));
#13265 = SURFACE_STYLE_USAGE(.BOTH.,#13266);
#13266 = SURFACE_SIDE_STYLE('',(#13267));
#13267 = SURFACE_STYLE_FILL_AREA(#13268);
#13268 = FILL_AREA_STYLE('',(#13269));
#13269 = FILL_AREA_STYLE_COLOUR('',#11529);
#13270 = OVER_RIDING_STYLED_ITEM('overriding color',(#13271),#10846,
  #11522);
#13271 = PRESENTATION_STYLE_ASSIGNMENT((#13272));
#13272 = SURFACE_STYLE_USAGE(.BOTH.,#13273);
#13273 = SURFACE_SIDE_STYLE('',(#13274));
#13274 = SURFACE_STYLE_FILL_AREA(#13275);
#13275 = FILL_AREA_STYLE('',(#13276));
#13276 = FILL_AREA_STYLE_COLOUR('',#11529);
#13277 = OVER_RIDING_STYLED_ITEM('overriding color',(#13278),#10866,
  #11522);
#13278 = PRESENTATION_STYLE_ASSIGNMENT((#13279));
#13279 = SURFACE_STYLE_USAGE(.BOTH.,#13280);
#13280 = SURFACE_SIDE_STYLE('',(#13281));
#13281 = SURFACE_STYLE_FILL_AREA(#13282);
#13282 = FILL_AREA_STYLE('',(#13283));
#13283 = FILL_AREA_STYLE_COLOUR('',#11529);
#13284 = OVER_RIDING_STYLED_ITEM('overriding color',(#13285),#10886,
  #11522);
#13285 = PRESENTATION_STYLE_ASSIGNMENT((#13286));
#13286 = SURFACE_STYLE_USAGE(.BOTH.,#13287);
#13287 = SURFACE_SIDE_STYLE('',(#13288));
#13288 = SURFACE_STYLE_FILL_AREA(#13289);
#13289 = FILL_AREA_STYLE('',(#13290));
#13290 = FILL_AREA_STYLE_COLOUR('',#11529);
#13291 = OVER_RIDING_STYLED_ITEM('overriding color',(#13292),#10906,
  #11522);
#13292 = PRESENTATION_STYLE_ASSIGNMENT((#13293));
#13293 = SURFACE_STYLE_USAGE(.BOTH.,#13294);
#13294 = SURFACE_SIDE_STYLE('',(#13295));
#13295 = SURFACE_STYLE_FILL_AREA(#13296);
#13296 = FILL_AREA_STYLE('',(#13297));
#13297 = FILL_AREA_STYLE_COLOUR('',#11529);
#13298 = OVER_RIDING_STYLED_ITEM('overriding color',(#13299),#10926,
  #11522);
#13299 = PRESENTATION_STYLE_ASSIGNMENT((#13300));
#13300 = SURFACE_STYLE_USAGE(.BOTH.,#13301);
#13301 = SURFACE_SIDE_STYLE('',(#13302));
#13302 = SURFACE_STYLE_FILL_AREA(#13303);
#13303 = FILL_AREA_STYLE('',(#13304));
#13304 = FILL_AREA_STYLE_COLOUR('',#11529);
#13305 = OVER_RIDING_STYLED_ITEM('overriding color',(#13306),#10946,
  #11522);
#13306 = PRESENTATION_STYLE_ASSIGNMENT((#13307));
#13307 = SURFACE_STYLE_USAGE(.BOTH.,#13308);
#13308 = SURFACE_SIDE_STYLE('',(#13309));
#13309 = SURFACE_STYLE_FILL_AREA(#13310);
#13310 = FILL_AREA_STYLE('',(#13311));
#13311 = FILL_AREA_STYLE_COLOUR('',#11529);
#13312 = OVER_RIDING_STYLED_ITEM('overriding color',(#13313),#10966,
  #11522);
#13313 = PRESENTATION_STYLE_ASSIGNMENT((#13314));
#13314 = SURFACE_STYLE_USAGE(.BOTH.,#13315);
#13315 = SURFACE_SIDE_STYLE('',(#13316));
#13316 = SURFACE_STYLE_FILL_AREA(#13317);
#13317 = FILL_AREA_STYLE('',(#13318));
#13318 = FILL_AREA_STYLE_COLOUR('',#11529);
#13319 = OVER_RIDING_STYLED_ITEM('overriding color',(#13320),#10986,
  #11522);
#13320 = PRESENTATION_STYLE_ASSIGNMENT((#13321));
#13321 = SURFACE_STYLE_USAGE(.BOTH.,#13322);
#13322 = SURFACE_SIDE_STYLE('',(#13323));
#13323 = SURFACE_STYLE_FILL_AREA(#13324);
#13324 = FILL_AREA_STYLE('',(#13325));
#13325 = FILL_AREA_STYLE_COLOUR('',#11529);
#13326 = OVER_RIDING_STYLED_ITEM('overriding color',(#13327),#11006,
  #11522);
#13327 = PRESENTATION_STYLE_ASSIGNMENT((#13328));
#13328 = SURFACE_STYLE_USAGE(.BOTH.,#13329);
#13329 = SURFACE_SIDE_STYLE('',(#13330));
#13330 = SURFACE_STYLE_FILL_AREA(#13331);
#13331 = FILL_AREA_STYLE('',(#13332));
#13332 = FILL_AREA_STYLE_COLOUR('',#11529);
#13333 = OVER_RIDING_STYLED_ITEM('overriding color',(#13334),#11026,
  #11522);
#13334 = PRESENTATION_STYLE_ASSIGNMENT((#13335));
#13335 = SURFACE_STYLE_USAGE(.BOTH.,#13336);
#13336 = SURFACE_SIDE_STYLE('',(#13337));
#13337 = SURFACE_STYLE_FILL_AREA(#13338);
#13338 = FILL_AREA_STYLE('',(#13339));
#13339 = FILL_AREA_STYLE_COLOUR('',#11529);
#13340 = OVER_RIDING_STYLED_ITEM('overriding color',(#13341),#11046,
  #11522);
#13341 = PRESENTATION_STYLE_ASSIGNMENT((#13342));
#13342 = SURFACE_STYLE_USAGE(.BOTH.,#13343);
#13343 = SURFACE_SIDE_STYLE('',(#13344));
#13344 = SURFACE_STYLE_FILL_AREA(#13345);
#13345 = FILL_AREA_STYLE('',(#13346));
#13346 = FILL_AREA_STYLE_COLOUR('',#11529);
#13347 = OVER_RIDING_STYLED_ITEM('overriding color',(#13348),#11062,
  #11522);
#13348 = PRESENTATION_STYLE_ASSIGNMENT((#13349));
#13349 = SURFACE_STYLE_USAGE(.BOTH.,#13350);
#13350 = SURFACE_SIDE_STYLE('',(#13351));
#13351 = SURFACE_STYLE_FILL_AREA(#13352);
#13352 = FILL_AREA_STYLE('',(#13353));
#13353 = FILL_AREA_STYLE_COLOUR('',#11529);
#13354 = OVER_RIDING_STYLED_ITEM('overriding color',(#13355),#11078,
  #11522);
#13355 = PRESENTATION_STYLE_ASSIGNMENT((#13356));
#13356 = SURFACE_STYLE_USAGE(.BOTH.,#13357);
#13357 = SURFACE_SIDE_STYLE('',(#13358));
#13358 = SURFACE_STYLE_FILL_AREA(#13359);
#13359 = FILL_AREA_STYLE('',(#13360));
#13360 = FILL_AREA_STYLE_COLOUR('',#11529);
#13361 = OVER_RIDING_STYLED_ITEM('overriding color',(#13362),#11094,
  #11522);
#13362 = PRESENTATION_STYLE_ASSIGNMENT((#13363));
#13363 = SURFACE_STYLE_USAGE(.BOTH.,#13364);
#13364 = SURFACE_SIDE_STYLE('',(#13365));
#13365 = SURFACE_STYLE_FILL_AREA(#13366);
#13366 = FILL_AREA_STYLE('',(#13367));
#13367 = FILL_AREA_STYLE_COLOUR('',#11529);
#13368 = OVER_RIDING_STYLED_ITEM('overriding color',(#13369),#11110,
  #11522);
#13369 = PRESENTATION_STYLE_ASSIGNMENT((#13370));
#13370 = SURFACE_STYLE_USAGE(.BOTH.,#13371);
#13371 = SURFACE_SIDE_STYLE('',(#13372));
#13372 = SURFACE_STYLE_FILL_AREA(#13373);
#13373 = FILL_AREA_STYLE('',(#13374));
#13374 = FILL_AREA_STYLE_COLOUR('',#11529);
#13375 = OVER_RIDING_STYLED_ITEM('overriding color',(#13376),#11130,
  #11522);
#13376 = PRESENTATION_STYLE_ASSIGNMENT((#13377));
#13377 = SURFACE_STYLE_USAGE(.BOTH.,#13378);
#13378 = SURFACE_SIDE_STYLE('',(#13379));
#13379 = SURFACE_STYLE_FILL_AREA(#13380);
#13380 = FILL_AREA_STYLE('',(#13381));
#13381 = FILL_AREA_STYLE_COLOUR('',#11529);
#13382 = OVER_RIDING_STYLED_ITEM('overriding color',(#13383),#11150,
  #11522);
#13383 = PRESENTATION_STYLE_ASSIGNMENT((#13384));
#13384 = SURFACE_STYLE_USAGE(.BOTH.,#13385);
#13385 = SURFACE_SIDE_STYLE('',(#13386));
#13386 = SURFACE_STYLE_FILL_AREA(#13387);
#13387 = FILL_AREA_STYLE('',(#13388));
#13388 = FILL_AREA_STYLE_COLOUR('',#11529);
#13389 = OVER_RIDING_STYLED_ITEM('overriding color',(#13390),#11170,
  #11522);
#13390 = PRESENTATION_STYLE_ASSIGNMENT((#13391));
#13391 = SURFACE_STYLE_USAGE(.BOTH.,#13392);
#13392 = SURFACE_SIDE_STYLE('',(#13393));
#13393 = SURFACE_STYLE_FILL_AREA(#13394);
#13394 = FILL_AREA_STYLE('',(#13395));
#13395 = FILL_AREA_STYLE_COLOUR('',#11529);
#13396 = OVER_RIDING_STYLED_ITEM('overriding color',(#13397),#11190,
  #11522);
#13397 = PRESENTATION_STYLE_ASSIGNMENT((#13398));
#13398 = SURFACE_STYLE_USAGE(.BOTH.,#13399);
#13399 = SURFACE_SIDE_STYLE('',(#13400));
#13400 = SURFACE_STYLE_FILL_AREA(#13401);
#13401 = FILL_AREA_STYLE('',(#13402));
#13402 = FILL_AREA_STYLE_COLOUR('',#11529);
#13403 = OVER_RIDING_STYLED_ITEM('overriding color',(#13404),#11210,
  #11522);
#13404 = PRESENTATION_STYLE_ASSIGNMENT((#13405));
#13405 = SURFACE_STYLE_USAGE(.BOTH.,#13406);
#13406 = SURFACE_SIDE_STYLE('',(#13407));
#13407 = SURFACE_STYLE_FILL_AREA(#13408);
#13408 = FILL_AREA_STYLE('',(#13409));
#13409 = FILL_AREA_STYLE_COLOUR('',#11529);
#13410 = OVER_RIDING_STYLED_ITEM('overriding color',(#13411),#11230,
  #11522);
#13411 = PRESENTATION_STYLE_ASSIGNMENT((#13412));
#13412 = SURFACE_STYLE_USAGE(.BOTH.,#13413);
#13413 = SURFACE_SIDE_STYLE('',(#13414));
#13414 = SURFACE_STYLE_FILL_AREA(#13415);
#13415 = FILL_AREA_STYLE('',(#13416));
#13416 = FILL_AREA_STYLE_COLOUR('',#11529);
#13417 = OVER_RIDING_STYLED_ITEM('overriding color',(#13418),#11250,
  #11522);
#13418 = PRESENTATION_STYLE_ASSIGNMENT((#13419));
#13419 = SURFACE_STYLE_USAGE(.BOTH.,#13420);
#13420 = SURFACE_SIDE_STYLE('',(#13421));
#13421 = SURFACE_STYLE_FILL_AREA(#13422);
#13422 = FILL_AREA_STYLE('',(#13423));
#13423 = FILL_AREA_STYLE_COLOUR('',#11529);
#13424 = OVER_RIDING_STYLED_ITEM('overriding color',(#13425),#11266,
  #11522);
#13425 = PRESENTATION_STYLE_ASSIGNMENT((#13426));
#13426 = SURFACE_STYLE_USAGE(.BOTH.,#13427);
#13427 = SURFACE_SIDE_STYLE('',(#13428));
#13428 = SURFACE_STYLE_FILL_AREA(#13429);
#13429 = FILL_AREA_STYLE('',(#13430));
#13430 = FILL_AREA_STYLE_COLOUR('',#11529);
#13431 = OVER_RIDING_STYLED_ITEM('overriding color',(#13432),#11286,
  #11522);
#13432 = PRESENTATION_STYLE_ASSIGNMENT((#13433));
#13433 = SURFACE_STYLE_USAGE(.BOTH.,#13434);
#13434 = SURFACE_SIDE_STYLE('',(#13435));
#13435 = SURFACE_STYLE_FILL_AREA(#13436);
#13436 = FILL_AREA_STYLE('',(#13437));
#13437 = FILL_AREA_STYLE_COLOUR('',#11529);
#13438 = OVER_RIDING_STYLED_ITEM('overriding color',(#13439),#11306,
  #11522);
#13439 = PRESENTATION_STYLE_ASSIGNMENT((#13440));
#13440 = SURFACE_STYLE_USAGE(.BOTH.,#13441);
#13441 = SURFACE_SIDE_STYLE('',(#13442));
#13442 = SURFACE_STYLE_FILL_AREA(#13443);
#13443 = FILL_AREA_STYLE('',(#13444));
#13444 = FILL_AREA_STYLE_COLOUR('',#11529);
#13445 = OVER_RIDING_STYLED_ITEM('overriding color',(#13446),#11322,
  #11522);
#13446 = PRESENTATION_STYLE_ASSIGNMENT((#13447));
#13447 = SURFACE_STYLE_USAGE(.BOTH.,#13448);
#13448 = SURFACE_SIDE_STYLE('',(#13449));
#13449 = SURFACE_STYLE_FILL_AREA(#13450);
#13450 = FILL_AREA_STYLE('',(#13451));
#13451 = FILL_AREA_STYLE_COLOUR('',#11529);
#13452 = OVER_RIDING_STYLED_ITEM('overriding color',(#13453),#11342,
  #11522);
#13453 = PRESENTATION_STYLE_ASSIGNMENT((#13454));
#13454 = SURFACE_STYLE_USAGE(.BOTH.,#13455);
#13455 = SURFACE_SIDE_STYLE('',(#13456));
#13456 = SURFACE_STYLE_FILL_AREA(#13457);
#13457 = FILL_AREA_STYLE('',(#13458));
#13458 = FILL_AREA_STYLE_COLOUR('',#11529);
#13459 = OVER_RIDING_STYLED_ITEM('overriding color',(#13460),#11362,
  #11522);
#13460 = PRESENTATION_STYLE_ASSIGNMENT((#13461));
#13461 = SURFACE_STYLE_USAGE(.BOTH.,#13462);
#13462 = SURFACE_SIDE_STYLE('',(#13463));
#13463 = SURFACE_STYLE_FILL_AREA(#13464);
#13464 = FILL_AREA_STYLE('',(#13465));
#13465 = FILL_AREA_STYLE_COLOUR('',#11529);
#13466 = OVER_RIDING_STYLED_ITEM('overriding color',(#13467),#11382,
  #11522);
#13467 = PRESENTATION_STYLE_ASSIGNMENT((#13468));
#13468 = SURFACE_STYLE_USAGE(.BOTH.,#13469);
#13469 = SURFACE_SIDE_STYLE('',(#13470));
#13470 = SURFACE_STYLE_FILL_AREA(#13471);
#13471 = FILL_AREA_STYLE('',(#13472));
#13472 = FILL_AREA_STYLE_COLOUR('',#11529);
#13473 = OVER_RIDING_STYLED_ITEM('overriding color',(#13474),#11398,
  #11522);
#13474 = PRESENTATION_STYLE_ASSIGNMENT((#13475));
#13475 = SURFACE_STYLE_USAGE(.BOTH.,#13476);
#13476 = SURFACE_SIDE_STYLE('',(#13477));
#13477 = SURFACE_STYLE_FILL_AREA(#13478);
#13478 = FILL_AREA_STYLE('',(#13479));
#13479 = FILL_AREA_STYLE_COLOUR('',#11529);
#13480 = OVER_RIDING_STYLED_ITEM('overriding color',(#13481),#11418,
  #11522);
#13481 = PRESENTATION_STYLE_ASSIGNMENT((#13482));
#13482 = SURFACE_STYLE_USAGE(.BOTH.,#13483);
#13483 = SURFACE_SIDE_STYLE('',(#13484));
#13484 = SURFACE_STYLE_FILL_AREA(#13485);
#13485 = FILL_AREA_STYLE('',(#13486));
#13486 = FILL_AREA_STYLE_COLOUR('',#11529);
#13487 = OVER_RIDING_STYLED_ITEM('overriding color',(#13488),#11434,
  #11522);
#13488 = PRESENTATION_STYLE_ASSIGNMENT((#13489));
#13489 = SURFACE_STYLE_USAGE(.BOTH.,#13490);
#13490 = SURFACE_SIDE_STYLE('',(#13491));
#13491 = SURFACE_STYLE_FILL_AREA(#13492);
#13492 = FILL_AREA_STYLE('',(#13493));
#13493 = FILL_AREA_STYLE_COLOUR('',#11529);
#13494 = OVER_RIDING_STYLED_ITEM('overriding color',(#13495),#11477,
  #11522);
#13495 = PRESENTATION_STYLE_ASSIGNMENT((#13496));
#13496 = SURFACE_STYLE_USAGE(.BOTH.,#13497);
#13497 = SURFACE_SIDE_STYLE('',(#13498));
#13498 = SURFACE_STYLE_FILL_AREA(#13499);
#13499 = FILL_AREA_STYLE('',(#13500));
#13500 = FILL_AREA_STYLE_COLOUR('',#11529);
#13501 = OVER_RIDING_STYLED_ITEM('overriding color',(#13502),#11505,
  #11522);
#13502 = PRESENTATION_STYLE_ASSIGNMENT((#13503));
#13503 = SURFACE_STYLE_USAGE(.BOTH.,#13504);
#13504 = SURFACE_SIDE_STYLE('',(#13505));
#13505 = SURFACE_STYLE_FILL_AREA(#13506);
#13506 = FILL_AREA_STYLE('',(#13507));
#13507 = FILL_AREA_STYLE_COLOUR('',#11554);
ENDSEC;
END-ISO-10303-21;
