ISO-10303-21;
HEADER;
FILE_DESCRIPTION(('Open CASCADE Model'),'2;1');
FILE_NAME('Open CASCADE Shape Model','2026-05-25T16:00:02',('Author'),(
    'Open CASCADE'),'Open CASCADE STEP processor 7.9','Open CASCADE 7.9'
  ,'Unknown');
FILE_SCHEMA(('AUTOMOTIVE_DESIGN { 1 0 10303 214 1 1 1 1 }'));
ENDSEC;
DATA;
#1 = APPLICATION_PROTOCOL_DEFINITION('international standard',
  'automotive_design',2000,#2);
#2 = APPLICATION_CONTEXT(
  'core data for automotive mechanical design processes');
#3 = SHAPE_DEFINITION_REPRESENTATION(#4,#10);
#4 = PRODUCT_DEFINITION_SHAPE('','',#5);
#5 = PRODUCT_DEFINITION('design','',#6,#9);
#6 = PRODUCT_DEFINITION_FORMATION('','',#7);
#7 = PRODUCT('SOLID','SOLID','',(#8));
#8 = PRODUCT_CONTEXT('',#2,'mechanical');
#9 = PRODUCT_DEFINITION_CONTEXT('part definition',#2,'design');
#10 = ADVANCED_BREP_SHAPE_REPRESENTATION('',(#11,#15),#3669);
#11 = AXIS2_PLACEMENT_3D('',#12,#13,#14);
#12 = CARTESIAN_POINT('',(0.,0.,0.));
#13 = DIRECTION('',(0.,0.,1.));
#14 = DIRECTION('',(1.,0.,-0.));
#15 = MANIFOLD_SOLID_BREP('',#16);
#16 = CLOSED_SHELL('',(#17,#671,#735,#799,#833,#867,#941,#1015,#1031,
    #1047,#1067,#1087,#1107,#1127,#1141,#1155,#1169,#1183,#1208,#1230,
    #1249,#1274,#1296,#1315,#1331,#1355,#1379,#1395,#1447,#1469,#1489,
    #1507,#1523,#1539,#1551,#1567,#1626,#1648,#1664,#1680,#1700,#1718,
    #1734,#1746,#1774,#1796,#1818,#1840,#1862,#1884,#1906,#1922,#1992,
    #2020,#2042,#2079,#2101,#2138,#2154,#2182,#2204,#2226,#2299,#2366,
    #2450,#2478,#2551,#2624,#2646,#2662,#2690,#2712,#2734,#2756,#2778,
    #2800,#2822,#2844,#2866,#2888,#2910,#2926,#2946,#2974,#3023,#3096,
    #3169,#3218,#3240,#3289,#3362,#3435,#3478,#3496,#3524,#3546,#3568,
    #3590,#3612,#3628,#3642,#3656));
#17 = ADVANCED_FACE('',(#18,#76,#289,#360,#446,#622),#666,.T.);
#18 = FACE_BOUND('',#19,.T.);
#19 = EDGE_LOOP('',(#20,#29,#36,#43,#50,#57,#64,#71));
#20 = ORIENTED_EDGE('',*,*,#21,.T.);
#21 = EDGE_CURVE('',#22,#24,#26,.T.);
#22 = VERTEX_POINT('',#23);
#23 = CARTESIAN_POINT('',(-0.156097560976,5.167270757822E-02,1.0001E-03)
  );
#24 = VERTEX_POINT('',#25);
#25 = CARTESIAN_POINT('',(-0.169512195122,5.167270757822E-02,1.0001E-03)
  );
#26 = B_SPLINE_CURVE_WITH_KNOTS('',1,(#27,#28),.UNSPECIFIED.,.F.,.F.,(2,
    2),(0.,1.341463414634E-02),.PIECEWISE_BEZIER_KNOTS.);
#27 = CARTESIAN_POINT('',(-0.156097560976,5.167270757822E-02,1.0001E-03)
  );
#28 = CARTESIAN_POINT('',(-0.169512195122,5.167270757822E-02,1.0001E-03)
  );
#29 = ORIENTED_EDGE('',*,*,#30,.T.);
#30 = EDGE_CURVE('',#24,#31,#33,.T.);
#31 = VERTEX_POINT('',#32);
#32 = CARTESIAN_POINT('',(-0.208536585366,-4.832729242178E-02,1.0001E-03
    ));
#33 = B_SPLINE_CURVE_WITH_KNOTS('',1,(#34,#35),.UNSPECIFIED.,.F.,.F.,(2,
    2),(0.,0.107344785779),.PIECEWISE_BEZIER_KNOTS.);
#34 = CARTESIAN_POINT('',(-0.169512195122,5.167270757822E-02,1.0001E-03)
  );
#35 = CARTESIAN_POINT('',(-0.208536585366,-4.832729242178E-02,1.0001E-03
    ));
#36 = ORIENTED_EDGE('',*,*,#37,.T.);
#37 = EDGE_CURVE('',#31,#38,#40,.T.);
#38 = VERTEX_POINT('',#39);
#39 = CARTESIAN_POINT('',(-0.193902439024,-4.832729242178E-02,1.0001E-03
    ));
#40 = B_SPLINE_CURVE_WITH_KNOTS('',1,(#41,#42),.UNSPECIFIED.,.F.,.F.,(2,
    2),(0.,1.463414634146E-02),.PIECEWISE_BEZIER_KNOTS.);
#41 = CARTESIAN_POINT('',(-0.208536585366,-4.832729242178E-02,1.0001E-03
    ));
#42 = CARTESIAN_POINT('',(-0.193902439024,-4.832729242178E-02,1.0001E-03
    ));
#43 = ORIENTED_EDGE('',*,*,#44,.T.);
#44 = EDGE_CURVE('',#38,#45,#47,.T.);
#45 = VERTEX_POINT('',#46);
#46 = CARTESIAN_POINT('',(-0.18378429878,-2.027851193397E-02,1.0001E-03)
  );
#47 = B_SPLINE_CURVE_WITH_KNOTS('',1,(#48,#49),.UNSPECIFIED.,.F.,.F.,(2,
    2),(0.,2.981796184933E-02),.PIECEWISE_BEZIER_KNOTS.);
#48 = CARTESIAN_POINT('',(-0.193902439024,-4.832729242178E-02,1.0001E-03
    ));
#49 = CARTESIAN_POINT('',(-0.18378429878,-2.027851193397E-02,1.0001E-03)
  );
#50 = ORIENTED_EDGE('',*,*,#51,.T.);
#51 = EDGE_CURVE('',#45,#52,#54,.T.);
#52 = VERTEX_POINT('',#53);
#53 = CARTESIAN_POINT('',(-0.142473323171,-2.027851193397E-02,1.0001E-03
    ));
#54 = B_SPLINE_CURVE_WITH_KNOTS('',1,(#55,#56),.UNSPECIFIED.,.F.,.F.,(2,
    2),(0.,4.131097560976E-02),.PIECEWISE_BEZIER_KNOTS.);
#55 = CARTESIAN_POINT('',(-0.18378429878,-2.027851193397E-02,1.0001E-03)
  );
#56 = CARTESIAN_POINT('',(-0.142473323171,-2.027851193397E-02,1.0001E-03
    ));
#57 = ORIENTED_EDGE('',*,*,#58,.T.);
#58 = EDGE_CURVE('',#52,#59,#61,.T.);
#59 = VERTEX_POINT('',#60);
#60 = CARTESIAN_POINT('',(-0.132926829268,-4.832729242178E-02,1.0001E-03
    ));
#61 = B_SPLINE_CURVE_WITH_KNOTS('',1,(#62,#63),.UNSPECIFIED.,.F.,.F.,(2,
    2),(0.,2.962886485646E-02),.PIECEWISE_BEZIER_KNOTS.);
#62 = CARTESIAN_POINT('',(-0.142473323171,-2.027851193397E-02,1.0001E-03
    ));
#63 = CARTESIAN_POINT('',(-0.132926829268,-4.832729242178E-02,1.0001E-03
    ));
#64 = ORIENTED_EDGE('',*,*,#65,.T.);
#65 = EDGE_CURVE('',#59,#66,#68,.T.);
#66 = VERTEX_POINT('',#67);
#67 = CARTESIAN_POINT('',(-0.118292682927,-4.832729242178E-02,1.0001E-03
    ));
#68 = B_SPLINE_CURVE_WITH_KNOTS('',1,(#69,#70),.UNSPECIFIED.,.F.,.F.,(2,
    2),(0.,1.463414634146E-02),.PIECEWISE_BEZIER_KNOTS.);
#69 = CARTESIAN_POINT('',(-0.132926829268,-4.832729242178E-02,1.0001E-03
    ));
#70 = CARTESIAN_POINT('',(-0.118292682927,-4.832729242178E-02,1.0001E-03
    ));
#71 = ORIENTED_EDGE('',*,*,#72,.T.);
#72 = EDGE_CURVE('',#66,#22,#73,.T.);
#73 = B_SPLINE_CURVE_WITH_KNOTS('',1,(#74,#75),.UNSPECIFIED.,.F.,.F.,(2,
    2),(0.,0.106907477775),.PIECEWISE_BEZIER_KNOTS.);
#74 = CARTESIAN_POINT('',(-0.118292682927,-4.832729242178E-02,1.0001E-03
    ));
#75 = CARTESIAN_POINT('',(-0.156097560976,5.167270757822E-02,1.0001E-03)
  );
#76 = FACE_BOUND('',#77,.T.);
#77 = EDGE_LOOP('',(#78,#87,#95,#102,#109,#116,#123,#131,#138,#145,#152,
    #160,#167,#175,#182,#189,#196,#204,#211,#218,#225,#233,#240,#247,
    #254,#262,#269,#277,#284));
#78 = ORIENTED_EDGE('',*,*,#79,.F.);
#79 = EDGE_CURVE('',#80,#82,#84,.T.);
#80 = VERTEX_POINT('',#81);
#81 = CARTESIAN_POINT('',(-1.501,-1.,1.0001E-03));
#82 = VERTEX_POINT('',#83);
#83 = CARTESIAN_POINT('',(-1.501,-0.151,1.0001E-03));
#84 = B_SPLINE_CURVE_WITH_KNOTS('',1,(#85,#86),.UNSPECIFIED.,.F.,.F.,(2,
    2),(-1.,-0.151),.PIECEWISE_BEZIER_KNOTS.);
#85 = CARTESIAN_POINT('',(-1.501,-1.,1.0001E-03));
#86 = CARTESIAN_POINT('',(-1.501,-0.151,1.0001E-03));
#87 = ORIENTED_EDGE('',*,*,#88,.F.);
#88 = EDGE_CURVE('',#89,#80,#91,.T.);
#89 = VERTEX_POINT('',#90);
#90 = CARTESIAN_POINT('',(-1.351,-1.15,1.0001E-03));
#91 = ( BOUNDED_CURVE() B_SPLINE_CURVE(2,(#92,#93,#94),.UNSPECIFIED.,.F.
,.F.) B_SPLINE_CURVE_WITH_KNOTS((3,3),(3.14159265359,4.712388980385),
.PIECEWISE_BEZIER_KNOTS.) CURVE() GEOMETRIC_REPRESENTATION_ITEM() 
RATIONAL_B_SPLINE_CURVE((1.,0.707106781187,1.)) REPRESENTATION_ITEM('') 
  );
#92 = CARTESIAN_POINT('',(-1.351,-1.15,1.0001E-03));
#93 = CARTESIAN_POINT('',(-1.351,-1.,1.0001E-03));
#94 = CARTESIAN_POINT('',(-1.501,-1.,1.0001E-03));
#95 = ORIENTED_EDGE('',*,*,#96,.F.);
#96 = EDGE_CURVE('',#97,#89,#99,.T.);
#97 = VERTEX_POINT('',#98);
#98 = CARTESIAN_POINT('',(-0.3,-1.15,1.0001E-03));
#99 = B_SPLINE_CURVE_WITH_KNOTS('',1,(#100,#101),.UNSPECIFIED.,.F.,.F.,(
    2,2),(0.3,1.351),.PIECEWISE_BEZIER_KNOTS.);
#100 = CARTESIAN_POINT('',(-0.3,-1.15,1.0001E-03));
#101 = CARTESIAN_POINT('',(-1.351,-1.15,1.0001E-03));
#102 = ORIENTED_EDGE('',*,*,#103,.T.);
#103 = EDGE_CURVE('',#97,#104,#106,.T.);
#104 = VERTEX_POINT('',#105);
#105 = CARTESIAN_POINT('',(-0.3,0.95,1.0001E-03));
#106 = B_SPLINE_CURVE_WITH_KNOTS('',1,(#107,#108),.UNSPECIFIED.,.F.,.F.,
  (2,2),(-1.15,0.95),.PIECEWISE_BEZIER_KNOTS.);
#107 = CARTESIAN_POINT('',(-0.3,-1.15,1.0001E-03));
#108 = CARTESIAN_POINT('',(-0.3,0.95,1.0001E-03));
#109 = ORIENTED_EDGE('',*,*,#110,.T.);
#110 = EDGE_CURVE('',#104,#111,#113,.T.);
#111 = VERTEX_POINT('',#112);
#112 = CARTESIAN_POINT('',(-0.5,1.15,1.0001E-03));
#113 = B_SPLINE_CURVE_WITH_KNOTS('',1,(#114,#115),.UNSPECIFIED.,.F.,.F.,
  (2,2),(-0.282842712475,-7.850462293419E-17),.PIECEWISE_BEZIER_KNOTS.);
#114 = CARTESIAN_POINT('',(-0.3,0.95,1.0001E-03));
#115 = CARTESIAN_POINT('',(-0.5,1.15,1.0001E-03));
#116 = ORIENTED_EDGE('',*,*,#117,.T.);
#117 = EDGE_CURVE('',#111,#118,#120,.T.);
#118 = VERTEX_POINT('',#119);
#119 = CARTESIAN_POINT('',(-1.351,1.15,1.0001E-03));
#120 = B_SPLINE_CURVE_WITH_KNOTS('',1,(#121,#122),.UNSPECIFIED.,.F.,.F.,
  (2,2),(0.5,1.351),.PIECEWISE_BEZIER_KNOTS.);
#121 = CARTESIAN_POINT('',(-0.5,1.15,1.0001E-03));
#122 = CARTESIAN_POINT('',(-1.351,1.15,1.0001E-03));
#123 = ORIENTED_EDGE('',*,*,#124,.F.);
#124 = EDGE_CURVE('',#125,#118,#127,.T.);
#125 = VERTEX_POINT('',#126);
#126 = CARTESIAN_POINT('',(-1.501,1.,1.0001E-03));
#127 = ( BOUNDED_CURVE() B_SPLINE_CURVE(2,(#128,#129,#130),
.UNSPECIFIED.,.F.,.F.) B_SPLINE_CURVE_WITH_KNOTS((3,3),(1.570796326795,
3.14159265359),.PIECEWISE_BEZIER_KNOTS.) CURVE() 
GEOMETRIC_REPRESENTATION_ITEM() RATIONAL_B_SPLINE_CURVE((1.,
0.707106781187,1.)) REPRESENTATION_ITEM('') );
#128 = CARTESIAN_POINT('',(-1.501,1.,1.0001E-03));
#129 = CARTESIAN_POINT('',(-1.351,1.,1.0001E-03));
#130 = CARTESIAN_POINT('',(-1.351,1.15,1.0001E-03));
#131 = ORIENTED_EDGE('',*,*,#132,.F.);
#132 = EDGE_CURVE('',#133,#125,#135,.T.);
#133 = VERTEX_POINT('',#134);
#134 = CARTESIAN_POINT('',(-1.501,0.151,1.0001E-03));
#135 = B_SPLINE_CURVE_WITH_KNOTS('',1,(#136,#137),.UNSPECIFIED.,.F.,.F.,
  (2,2),(0.151,1.),.PIECEWISE_BEZIER_KNOTS.);
#136 = CARTESIAN_POINT('',(-1.501,0.151,1.0001E-03));
#137 = CARTESIAN_POINT('',(-1.501,1.,1.0001E-03));
#138 = ORIENTED_EDGE('',*,*,#139,.T.);
#139 = EDGE_CURVE('',#133,#140,#142,.T.);
#140 = VERTEX_POINT('',#141);
#141 = CARTESIAN_POINT('',(-1.6,0.25,1.0001E-03));
#142 = B_SPLINE_CURVE_WITH_KNOTS('',1,(#143,#144),.UNSPECIFIED.,.F.,.F.,
  (2,2),(-0.140007142675,0.),.PIECEWISE_BEZIER_KNOTS.);
#143 = CARTESIAN_POINT('',(-1.501,0.151,1.0001E-03));
#144 = CARTESIAN_POINT('',(-1.6,0.25,1.0001E-03));
#145 = ORIENTED_EDGE('',*,*,#146,.F.);
#146 = EDGE_CURVE('',#147,#140,#149,.T.);
#147 = VERTEX_POINT('',#148);
#148 = CARTESIAN_POINT('',(-1.6,1.1,1.0001E-03));
#149 = B_SPLINE_CURVE_WITH_KNOTS('',1,(#150,#151),.UNSPECIFIED.,.F.,.F.,
  (2,2),(-2.35,-1.5),.PIECEWISE_BEZIER_KNOTS.);
#150 = CARTESIAN_POINT('',(-1.6,1.1,1.0001E-03));
#151 = CARTESIAN_POINT('',(-1.6,0.25,1.0001E-03));
#152 = ORIENTED_EDGE('',*,*,#153,.F.);
#153 = EDGE_CURVE('',#154,#147,#156,.T.);
#154 = VERTEX_POINT('',#155);
#155 = CARTESIAN_POINT('',(-1.45,1.25,1.0001E-03));
#156 = ( BOUNDED_CURVE() B_SPLINE_CURVE(2,(#157,#158,#159),
.UNSPECIFIED.,.F.,.F.) B_SPLINE_CURVE_WITH_KNOTS((3,3),(3.14159265359,
4.712388980385),.PIECEWISE_BEZIER_KNOTS.) CURVE() 
GEOMETRIC_REPRESENTATION_ITEM() RATIONAL_B_SPLINE_CURVE((1.,
0.707106781187,1.)) REPRESENTATION_ITEM('') );
#157 = CARTESIAN_POINT('',(-1.45,1.25,1.0001E-03));
#158 = CARTESIAN_POINT('',(-1.45,1.1,1.0001E-03));
#159 = CARTESIAN_POINT('',(-1.6,1.1,1.0001E-03));
#160 = ORIENTED_EDGE('',*,*,#161,.F.);
#161 = EDGE_CURVE('',#162,#154,#164,.T.);
#162 = VERTEX_POINT('',#163);
#163 = CARTESIAN_POINT('',(1.45,1.25,1.0001E-03));
#164 = B_SPLINE_CURVE_WITH_KNOTS('',1,(#165,#166),.UNSPECIFIED.,.F.,.F.,
  (2,2),(-3.05,-0.15),.PIECEWISE_BEZIER_KNOTS.);
#165 = CARTESIAN_POINT('',(1.45,1.25,1.0001E-03));
#166 = CARTESIAN_POINT('',(-1.45,1.25,1.0001E-03));
#167 = ORIENTED_EDGE('',*,*,#168,.T.);
#168 = EDGE_CURVE('',#162,#169,#171,.T.);
#169 = VERTEX_POINT('',#170);
#170 = CARTESIAN_POINT('',(1.6,1.1,1.0001E-03));
#171 = ( BOUNDED_CURVE() B_SPLINE_CURVE(2,(#172,#173,#174),
.UNSPECIFIED.,.F.,.F.) B_SPLINE_CURVE_WITH_KNOTS((3,3),(0.,
1.570796326795),.PIECEWISE_BEZIER_KNOTS.) CURVE() 
GEOMETRIC_REPRESENTATION_ITEM() RATIONAL_B_SPLINE_CURVE((1.,
0.707106781187,1.)) REPRESENTATION_ITEM('') );
#172 = CARTESIAN_POINT('',(1.45,1.25,1.0001E-03));
#173 = CARTESIAN_POINT('',(1.45,1.1,1.0001E-03));
#174 = CARTESIAN_POINT('',(1.6,1.1,1.0001E-03));
#175 = ORIENTED_EDGE('',*,*,#176,.F.);
#176 = EDGE_CURVE('',#177,#169,#179,.T.);
#177 = VERTEX_POINT('',#178);
#178 = CARTESIAN_POINT('',(1.6,0.25,1.0001E-03));
#179 = B_SPLINE_CURVE_WITH_KNOTS('',1,(#180,#181),.UNSPECIFIED.,.F.,.F.,
  (2,2),(1.5,2.35),.PIECEWISE_BEZIER_KNOTS.);
#180 = CARTESIAN_POINT('',(1.6,0.25,1.0001E-03));
#181 = CARTESIAN_POINT('',(1.6,1.1,1.0001E-03));
#182 = ORIENTED_EDGE('',*,*,#183,.T.);
#183 = EDGE_CURVE('',#177,#184,#186,.T.);
#184 = VERTEX_POINT('',#185);
#185 = CARTESIAN_POINT('',(1.501,0.151,1.0001E-03));
#186 = B_SPLINE_CURVE_WITH_KNOTS('',1,(#187,#188),.UNSPECIFIED.,.F.,.F.,
  (2,2),(-0.141421356237,-1.414213562373E-03),.PIECEWISE_BEZIER_KNOTS.);
#187 = CARTESIAN_POINT('',(1.6,0.25,1.0001E-03));
#188 = CARTESIAN_POINT('',(1.501,0.151,1.0001E-03));
#189 = ORIENTED_EDGE('',*,*,#190,.T.);
#190 = EDGE_CURVE('',#184,#191,#193,.T.);
#191 = VERTEX_POINT('',#192);
#192 = CARTESIAN_POINT('',(1.501,1.,1.0001E-03));
#193 = B_SPLINE_CURVE_WITH_KNOTS('',1,(#194,#195),.UNSPECIFIED.,.F.,.F.,
  (2,2),(0.151,1.),.PIECEWISE_BEZIER_KNOTS.);
#194 = CARTESIAN_POINT('',(1.501,0.151,1.0001E-03));
#195 = CARTESIAN_POINT('',(1.501,1.,1.0001E-03));
#196 = ORIENTED_EDGE('',*,*,#197,.T.);
#197 = EDGE_CURVE('',#191,#198,#200,.T.);
#198 = VERTEX_POINT('',#199);
#199 = CARTESIAN_POINT('',(1.351,1.15,1.0001E-03));
#200 = ( BOUNDED_CURVE() B_SPLINE_CURVE(2,(#201,#202,#203),
.UNSPECIFIED.,.F.,.F.) B_SPLINE_CURVE_WITH_KNOTS((3,3),(4.712388980385,
6.28318530718),.PIECEWISE_BEZIER_KNOTS.) CURVE() 
GEOMETRIC_REPRESENTATION_ITEM() RATIONAL_B_SPLINE_CURVE((1.,
0.707106781187,1.)) REPRESENTATION_ITEM('') );
#201 = CARTESIAN_POINT('',(1.501,1.,1.0001E-03));
#202 = CARTESIAN_POINT('',(1.351,1.,1.0001E-03));
#203 = CARTESIAN_POINT('',(1.351,1.15,1.0001E-03));
#204 = ORIENTED_EDGE('',*,*,#205,.F.);
#205 = EDGE_CURVE('',#206,#198,#208,.T.);
#206 = VERTEX_POINT('',#207);
#207 = CARTESIAN_POINT('',(0.3,1.15,1.0001E-03));
#208 = B_SPLINE_CURVE_WITH_KNOTS('',1,(#209,#210),.UNSPECIFIED.,.F.,.F.,
  (2,2),(0.3,1.351),.PIECEWISE_BEZIER_KNOTS.);
#209 = CARTESIAN_POINT('',(0.3,1.15,1.0001E-03));
#210 = CARTESIAN_POINT('',(1.351,1.15,1.0001E-03));
#211 = ORIENTED_EDGE('',*,*,#212,.F.);
#212 = EDGE_CURVE('',#213,#206,#215,.T.);
#213 = VERTEX_POINT('',#214);
#214 = CARTESIAN_POINT('',(0.3,-1.15,1.0001E-03));
#215 = B_SPLINE_CURVE_WITH_KNOTS('',1,(#216,#217),.UNSPECIFIED.,.F.,.F.,
  (2,2),(-1.15,1.15),.PIECEWISE_BEZIER_KNOTS.);
#216 = CARTESIAN_POINT('',(0.3,-1.15,1.0001E-03));
#217 = CARTESIAN_POINT('',(0.3,1.15,1.0001E-03));
#218 = ORIENTED_EDGE('',*,*,#219,.T.);
#219 = EDGE_CURVE('',#213,#220,#222,.T.);
#220 = VERTEX_POINT('',#221);
#221 = CARTESIAN_POINT('',(1.351,-1.15,1.0001E-03));
#222 = B_SPLINE_CURVE_WITH_KNOTS('',1,(#223,#224),.UNSPECIFIED.,.F.,.F.,
  (2,2),(0.3,1.351),.PIECEWISE_BEZIER_KNOTS.);
#223 = CARTESIAN_POINT('',(0.3,-1.15,1.0001E-03));
#224 = CARTESIAN_POINT('',(1.351,-1.15,1.0001E-03));
#225 = ORIENTED_EDGE('',*,*,#226,.T.);
#226 = EDGE_CURVE('',#220,#227,#229,.T.);
#227 = VERTEX_POINT('',#228);
#228 = CARTESIAN_POINT('',(1.501,-1.,1.0001E-03));
#229 = ( BOUNDED_CURVE() B_SPLINE_CURVE(2,(#230,#231,#232),
.UNSPECIFIED.,.F.,.F.) B_SPLINE_CURVE_WITH_KNOTS((3,3),(0.,
1.570796326795),.PIECEWISE_BEZIER_KNOTS.) CURVE() 
GEOMETRIC_REPRESENTATION_ITEM() RATIONAL_B_SPLINE_CURVE((1.,
0.707106781187,1.)) REPRESENTATION_ITEM('') );
#230 = CARTESIAN_POINT('',(1.351,-1.15,1.0001E-03));
#231 = CARTESIAN_POINT('',(1.351,-1.,1.0001E-03));
#232 = CARTESIAN_POINT('',(1.501,-1.,1.0001E-03));
#233 = ORIENTED_EDGE('',*,*,#234,.T.);
#234 = EDGE_CURVE('',#227,#235,#237,.T.);
#235 = VERTEX_POINT('',#236);
#236 = CARTESIAN_POINT('',(1.501,-0.151,1.0001E-03));
#237 = B_SPLINE_CURVE_WITH_KNOTS('',1,(#238,#239),.UNSPECIFIED.,.F.,.F.,
  (2,2),(-1.,-0.151),.PIECEWISE_BEZIER_KNOTS.);
#238 = CARTESIAN_POINT('',(1.501,-1.,1.0001E-03));
#239 = CARTESIAN_POINT('',(1.501,-0.151,1.0001E-03));
#240 = ORIENTED_EDGE('',*,*,#241,.T.);
#241 = EDGE_CURVE('',#235,#242,#244,.T.);
#242 = VERTEX_POINT('',#243);
#243 = CARTESIAN_POINT('',(1.6,-0.25,1.0001E-03));
#244 = B_SPLINE_CURVE_WITH_KNOTS('',1,(#245,#246),.UNSPECIFIED.,.F.,.F.,
  (2,2),(-0.140007142675,0.),.PIECEWISE_BEZIER_KNOTS.);
#245 = CARTESIAN_POINT('',(1.501,-0.151,1.0001E-03));
#246 = CARTESIAN_POINT('',(1.6,-0.25,1.0001E-03));
#247 = ORIENTED_EDGE('',*,*,#248,.F.);
#248 = EDGE_CURVE('',#249,#242,#251,.T.);
#249 = VERTEX_POINT('',#250);
#250 = CARTESIAN_POINT('',(1.6,-1.1,1.0001E-03));
#251 = B_SPLINE_CURVE_WITH_KNOTS('',1,(#252,#253),.UNSPECIFIED.,.F.,.F.,
  (2,2),(0.15,1.),.PIECEWISE_BEZIER_KNOTS.);
#252 = CARTESIAN_POINT('',(1.6,-1.1,1.0001E-03));
#253 = CARTESIAN_POINT('',(1.6,-0.25,1.0001E-03));
#254 = ORIENTED_EDGE('',*,*,#255,.F.);
#255 = EDGE_CURVE('',#256,#249,#258,.T.);
#256 = VERTEX_POINT('',#257);
#257 = CARTESIAN_POINT('',(1.45,-1.25,1.0001E-03));
#258 = ( BOUNDED_CURVE() B_SPLINE_CURVE(2,(#259,#260,#261),
.UNSPECIFIED.,.F.,.F.) B_SPLINE_CURVE_WITH_KNOTS((3,3),(0.,
1.570796326795),.PIECEWISE_BEZIER_KNOTS.) CURVE() 
GEOMETRIC_REPRESENTATION_ITEM() RATIONAL_B_SPLINE_CURVE((1.,
0.707106781187,1.)) REPRESENTATION_ITEM('') );
#259 = CARTESIAN_POINT('',(1.45,-1.25,1.0001E-03));
#260 = CARTESIAN_POINT('',(1.45,-1.1,1.0001E-03));
#261 = CARTESIAN_POINT('',(1.6,-1.1,1.0001E-03));
#262 = ORIENTED_EDGE('',*,*,#263,.F.);
#263 = EDGE_CURVE('',#264,#256,#266,.T.);
#264 = VERTEX_POINT('',#265);
#265 = CARTESIAN_POINT('',(-1.45,-1.25,1.0001E-03));
#266 = B_SPLINE_CURVE_WITH_KNOTS('',1,(#267,#268),.UNSPECIFIED.,.F.,.F.,
  (2,2),(0.15,3.05),.PIECEWISE_BEZIER_KNOTS.);
#267 = CARTESIAN_POINT('',(-1.45,-1.25,1.0001E-03));
#268 = CARTESIAN_POINT('',(1.45,-1.25,1.0001E-03));
#269 = ORIENTED_EDGE('',*,*,#270,.T.);
#270 = EDGE_CURVE('',#264,#271,#273,.T.);
#271 = VERTEX_POINT('',#272);
#272 = CARTESIAN_POINT('',(-1.6,-1.1,1.0001E-03));
#273 = ( BOUNDED_CURVE() B_SPLINE_CURVE(2,(#274,#275,#276),
.UNSPECIFIED.,.F.,.F.) B_SPLINE_CURVE_WITH_KNOTS((3,3),(3.14159265359,
4.712388980385),.PIECEWISE_BEZIER_KNOTS.) CURVE() 
GEOMETRIC_REPRESENTATION_ITEM() RATIONAL_B_SPLINE_CURVE((1.,
0.707106781187,1.)) REPRESENTATION_ITEM('') );
#274 = CARTESIAN_POINT('',(-1.45,-1.25,1.0001E-03));
#275 = CARTESIAN_POINT('',(-1.45,-1.1,1.0001E-03));
#276 = CARTESIAN_POINT('',(-1.6,-1.1,1.0001E-03));
#277 = ORIENTED_EDGE('',*,*,#278,.F.);
#278 = EDGE_CURVE('',#279,#271,#281,.T.);
#279 = VERTEX_POINT('',#280);
#280 = CARTESIAN_POINT('',(-1.6,-0.25,1.0001E-03));
#281 = B_SPLINE_CURVE_WITH_KNOTS('',1,(#282,#283),.UNSPECIFIED.,.F.,.F.,
  (2,2),(-1.,-0.15),.PIECEWISE_BEZIER_KNOTS.);
#282 = CARTESIAN_POINT('',(-1.6,-0.25,1.0001E-03));
#283 = CARTESIAN_POINT('',(-1.6,-1.1,1.0001E-03));
#284 = ORIENTED_EDGE('',*,*,#285,.T.);
#285 = EDGE_CURVE('',#279,#82,#286,.T.);
#286 = B_SPLINE_CURVE_WITH_KNOTS('',1,(#287,#288),.UNSPECIFIED.,.F.,.F.,
  (2,2),(-0.141421356237,-1.414213562373E-03),.PIECEWISE_BEZIER_KNOTS.);
#287 = CARTESIAN_POINT('',(-1.6,-0.25,1.0001E-03));
#288 = CARTESIAN_POINT('',(-1.501,-0.151,1.0001E-03));
#289 = FACE_BOUND('',#290,.T.);
#290 = EDGE_LOOP('',(#291,#317,#324,#331,#338));
#291 = ORIENTED_EDGE('',*,*,#292,.T.);
#292 = EDGE_CURVE('',#293,#295,#297,.T.);
#293 = VERTEX_POINT('',#294);
#294 = CARTESIAN_POINT('',(-0.110975609756,2.930329529442E-03,1.0001E-03
    ));
#295 = VERTEX_POINT('',#296);
#296 = CARTESIAN_POINT('',(-5.767911585366E-02,-4.832729242178E-02,
    1.0001E-03));
#297 = B_SPLINE_CURVE_WITH_KNOTS('',3,(#298,#299,#300,#301,#302,#303,
    #304,#305,#306,#307,#308,#309,#310,#311,#312,#313,#314,#315,#316),
  .UNSPECIFIED.,.F.,.F.,(4,1,1,1,1,1,1,1,1,1,1,1,1,1,1,1,4),(0.,
    6.806869584499E-02,0.133427432819,0.196146033813,0.257048592449,
    0.316882663159,0.376187208666,0.435960335364,0.496535236863,
    0.557465343481,0.61768686341,0.677943640697,0.738805284806,
    0.800949336767,0.86481466747,0.931024781079,1.),.UNSPECIFIED.);
#298 = CARTESIAN_POINT('',(-0.110975609756,2.930329529442E-03,1.0001E-03
    ));
#299 = CARTESIAN_POINT('',(-0.110935223036,1.041571078808E-03,1.0001E-03
    ));
#300 = CARTESIAN_POINT('',(-0.110856057476,-2.660750350374E-03,
    1.0001E-03));
#301 = CARTESIAN_POINT('',(-0.110132479613,-8.063969858246E-03,
    1.0001E-03));
#302 = CARTESIAN_POINT('',(-0.108977410005,-1.318367315247E-02,
    1.0001E-03));
#303 = CARTESIAN_POINT('',(-0.107356033819,-1.801695163635E-02,
    1.0001E-03));
#304 = CARTESIAN_POINT('',(-0.105256825208,-2.25603191713E-02,1.0001E-03
    ));
#305 = CARTESIAN_POINT('',(-0.102654119241,-2.679717687363E-02,
    1.0001E-03));
#306 = CARTESIAN_POINT('',(-9.961806419726E-02,-3.075982938339E-02,
    1.0001E-03));
#307 = CARTESIAN_POINT('',(-9.612785924043E-02,-3.43939851102E-02,
    1.0001E-03));
#308 = CARTESIAN_POINT('',(-9.226794408361E-02,-3.764654152506E-02,
    1.0001E-03));
#309 = CARTESIAN_POINT('',(-8.814046045559E-02,-4.053922275105E-02,
    1.0001E-03));
#310 = CARTESIAN_POINT('',(-8.37099427296E-02,-4.294265531727E-02,
    1.0001E-03));
#311 = CARTESIAN_POINT('',(-7.901423188335E-02,-4.490637407857E-02,
    1.0001E-03));
#312 = CARTESIAN_POINT('',(-7.4061540726E-02,-4.64654493849E-02,
    1.0001E-03));
#313 = CARTESIAN_POINT('',(-6.883040495272E-02,-4.752694723051E-02,
    1.0001E-03));
#314 = CARTESIAN_POINT('',(-6.334459889919E-02,-4.822478909135E-02,
    1.0001E-03));
#315 = CARTESIAN_POINT('',(-5.959318755156E-02,-4.829266188416E-02,
    1.0001E-03));
#316 = CARTESIAN_POINT('',(-5.767911585366E-02,-4.832729242178E-02,
    1.0001E-03));
#317 = ORIENTED_EDGE('',*,*,#318,.T.);
#318 = EDGE_CURVE('',#295,#319,#321,.T.);
#319 = VERTEX_POINT('',#320);
#320 = CARTESIAN_POINT('',(-3.048780487805E-02,-4.832729242178E-02,
    1.0001E-03));
#321 = B_SPLINE_CURVE_WITH_KNOTS('',1,(#322,#323),.UNSPECIFIED.,.F.,.F.,
  (2,2),(0.,2.719131097561E-02),.PIECEWISE_BEZIER_KNOTS.);
#322 = CARTESIAN_POINT('',(-5.767911585366E-02,-4.832729242178E-02,
    1.0001E-03));
#323 = CARTESIAN_POINT('',(-3.048780487805E-02,-4.832729242178E-02,
    1.0001E-03));
#324 = ORIENTED_EDGE('',*,*,#325,.T.);
#325 = EDGE_CURVE('',#319,#326,#328,.T.);
#326 = VERTEX_POINT('',#327);
#327 = CARTESIAN_POINT('',(-3.048780487805E-02,5.167270757822E-02,
    1.0001E-03));
#328 = B_SPLINE_CURVE_WITH_KNOTS('',1,(#329,#330),.UNSPECIFIED.,.F.,.F.,
  (2,2),(0.,0.1),.PIECEWISE_BEZIER_KNOTS.);
#329 = CARTESIAN_POINT('',(-3.048780487805E-02,-4.832729242178E-02,
    1.0001E-03));
#330 = CARTESIAN_POINT('',(-3.048780487805E-02,5.167270757822E-02,
    1.0001E-03));
#331 = ORIENTED_EDGE('',*,*,#332,.T.);
#332 = EDGE_CURVE('',#326,#333,#335,.T.);
#333 = VERTEX_POINT('',#334);
#334 = CARTESIAN_POINT('',(-5.870807926829E-02,5.167270757822E-02,
    1.0001E-03));
#335 = B_SPLINE_CURVE_WITH_KNOTS('',1,(#336,#337),.UNSPECIFIED.,.F.,.F.,
  (2,2),(0.,2.822027439024E-02),.PIECEWISE_BEZIER_KNOTS.);
#336 = CARTESIAN_POINT('',(-3.048780487805E-02,5.167270757822E-02,
    1.0001E-03));
#337 = CARTESIAN_POINT('',(-5.870807926829E-02,5.167270757822E-02,
    1.0001E-03));
#338 = ORIENTED_EDGE('',*,*,#339,.T.);
#339 = EDGE_CURVE('',#333,#293,#340,.T.);
#340 = B_SPLINE_CURVE_WITH_KNOTS('',3,(#341,#342,#343,#344,#345,#346,
    #347,#348,#349,#350,#351,#352,#353,#354,#355,#356,#357,#358,#359),
  .UNSPECIFIED.,.F.,.F.,(4,1,1,1,1,1,1,1,1,1,1,1,1,1,1,1,4),(0.,
    6.86311786766E-02,0.134566466039,0.198328154011,0.260789766641,
    0.321999151484,0.382721746503,0.443537474036,0.505133429485,
    0.566213874765,0.626105864618,0.685349322161,0.744995870348,
    0.805415841815,0.867636266346,0.932307782302,1.),.UNSPECIFIED.);
#341 = CARTESIAN_POINT('',(-5.870807926829E-02,5.167270757822E-02,
    1.0001E-03));
#342 = CARTESIAN_POINT('',(-6.054526567493E-02,5.163175838296E-02,
    1.0001E-03));
#343 = CARTESIAN_POINT('',(-6.414747223705E-02,5.155146851181E-02,
    1.0001E-03));
#344 = CARTESIAN_POINT('',(-6.942988665566E-02,5.094157298752E-02,
    1.0001E-03));
#345 = CARTESIAN_POINT('',(-7.446947095665E-02,4.988320600664E-02,
    1.0001E-03));
#346 = CARTESIAN_POINT('',(-7.92800836597E-02,4.843935613367E-02,
    1.0001E-03));
#347 = CARTESIAN_POINT('',(-8.386729706456E-02,4.659485367916E-02,
    1.0001E-03));
#348 = CARTESIAN_POINT('',(-8.818789584504E-02,4.428418450663E-02,
    1.0001E-03));
#349 = CARTESIAN_POINT('',(-9.228928625051E-02,4.158765564674E-02,
    1.0001E-03));
#350 = CARTESIAN_POINT('',(-9.611809749728E-02,3.849941881836E-02,
    1.0001E-03));
#351 = CARTESIAN_POINT('',(-9.960792505313E-02,3.506560336957E-02,
    1.0001E-03));
#352 = CARTESIAN_POINT('',(-0.102650137144,3.131013600327E-02,1.0001E-03
    ));
#353 = CARTESIAN_POINT('',(-0.105254743178,2.728324554298E-02,1.0001E-03
    ));
#354 = CARTESIAN_POINT('',(-0.107350765607,2.295309175765E-02,1.0001E-03
    ));
#355 = CARTESIAN_POINT('',(-0.108978264452,1.834300551555E-02,1.0001E-03
    ));
#356 = CARTESIAN_POINT('',(-0.110130745867,1.345632972083E-02,1.0001E-03
    ));
#357 = CARTESIAN_POINT('',(-0.110857640637,8.287529612139E-03,1.0001E-03
    ));
#358 = CARTESIAN_POINT('',(-0.110935692967,4.743026186541E-03,1.0001E-03
    ));
#359 = CARTESIAN_POINT('',(-0.110975609756,2.930329529442E-03,1.0001E-03
    ));
#360 = FACE_BOUND('',#361,.T.);
#361 = EDGE_LOOP('',(#362,#371,#378,#385,#392,#399,#406,#413,#420,#427,
    #434,#441));
#362 = ORIENTED_EDGE('',*,*,#363,.T.);
#363 = EDGE_CURVE('',#364,#366,#368,.T.);
#364 = VERTEX_POINT('',#365);
#365 = CARTESIAN_POINT('',(2.926829268293E-02,-3.735168266568E-02,
    1.0001E-03));
#366 = VERTEX_POINT('',#367);
#367 = CARTESIAN_POINT('',(-1.09756097561E-02,-3.735168266568E-02,
    1.0001E-03));
#368 = B_SPLINE_CURVE_WITH_KNOTS('',1,(#369,#370),.UNSPECIFIED.,.F.,.F.,
  (2,2),(0.,4.024390243902E-02),.PIECEWISE_BEZIER_KNOTS.);
#369 = CARTESIAN_POINT('',(2.926829268293E-02,-3.735168266568E-02,
    1.0001E-03));
#370 = CARTESIAN_POINT('',(-1.09756097561E-02,-3.735168266568E-02,
    1.0001E-03));
#371 = ORIENTED_EDGE('',*,*,#372,.T.);
#372 = EDGE_CURVE('',#366,#373,#375,.T.);
#373 = VERTEX_POINT('',#374);
#374 = CARTESIAN_POINT('',(-1.09756097561E-02,-4.832729242178E-02,
    1.0001E-03));
#375 = B_SPLINE_CURVE_WITH_KNOTS('',1,(#376,#377),.UNSPECIFIED.,.F.,.F.,
  (2,2),(0.,1.09756097561E-02),.PIECEWISE_BEZIER_KNOTS.);
#376 = CARTESIAN_POINT('',(-1.09756097561E-02,-3.735168266568E-02,
    1.0001E-03));
#377 = CARTESIAN_POINT('',(-1.09756097561E-02,-4.832729242178E-02,
    1.0001E-03));
#378 = ORIENTED_EDGE('',*,*,#379,.T.);
#379 = EDGE_CURVE('',#373,#380,#382,.T.);
#380 = VERTEX_POINT('',#381);
#381 = CARTESIAN_POINT('',(4.268292682927E-02,-4.832729242178E-02,
    1.0001E-03));
#382 = B_SPLINE_CURVE_WITH_KNOTS('',1,(#383,#384),.UNSPECIFIED.,.F.,.F.,
  (2,2),(0.,5.365853658537E-02),.PIECEWISE_BEZIER_KNOTS.);
#383 = CARTESIAN_POINT('',(-1.09756097561E-02,-4.832729242178E-02,
    1.0001E-03));
#384 = CARTESIAN_POINT('',(4.268292682927E-02,-4.832729242178E-02,
    1.0001E-03));
#385 = ORIENTED_EDGE('',*,*,#386,.T.);
#386 = EDGE_CURVE('',#380,#387,#389,.T.);
#387 = VERTEX_POINT('',#388);
#388 = CARTESIAN_POINT('',(4.268292682927E-02,5.167270757822E-02,
    1.0001E-03));
#389 = B_SPLINE_CURVE_WITH_KNOTS('',1,(#390,#391),.UNSPECIFIED.,.F.,.F.,
  (2,2),(0.,0.1),.PIECEWISE_BEZIER_KNOTS.);
#390 = CARTESIAN_POINT('',(4.268292682927E-02,-4.832729242178E-02,
    1.0001E-03));
#391 = CARTESIAN_POINT('',(4.268292682927E-02,5.167270757822E-02,
    1.0001E-03));
#392 = ORIENTED_EDGE('',*,*,#393,.T.);
#393 = EDGE_CURVE('',#387,#394,#396,.T.);
#394 = VERTEX_POINT('',#395);
#395 = CARTESIAN_POINT('',(-8.536585365854E-03,5.167270757822E-02,
    1.0001E-03));
#396 = B_SPLINE_CURVE_WITH_KNOTS('',1,(#397,#398),.UNSPECIFIED.,.F.,.F.,
  (2,2),(0.,5.121951219512E-02),.PIECEWISE_BEZIER_KNOTS.);
#397 = CARTESIAN_POINT('',(4.268292682927E-02,5.167270757822E-02,
    1.0001E-03));
#398 = CARTESIAN_POINT('',(-8.536585365854E-03,5.167270757822E-02,
    1.0001E-03));
#399 = ORIENTED_EDGE('',*,*,#400,.T.);
#400 = EDGE_CURVE('',#394,#401,#403,.T.);
#401 = VERTEX_POINT('',#402);
#402 = CARTESIAN_POINT('',(-8.536585365854E-03,4.069709782213E-02,
    1.0001E-03));
#403 = B_SPLINE_CURVE_WITH_KNOTS('',1,(#404,#405),.UNSPECIFIED.,.F.,.F.,
  (2,2),(0.,1.09756097561E-02),.PIECEWISE_BEZIER_KNOTS.);
#404 = CARTESIAN_POINT('',(-8.536585365854E-03,5.167270757822E-02,
    1.0001E-03));
#405 = CARTESIAN_POINT('',(-8.536585365854E-03,4.069709782213E-02,
    1.0001E-03));
#406 = ORIENTED_EDGE('',*,*,#407,.T.);
#407 = EDGE_CURVE('',#401,#408,#410,.T.);
#408 = VERTEX_POINT('',#409);
#409 = CARTESIAN_POINT('',(2.926829268293E-02,4.069709782213E-02,
    1.0001E-03));
#410 = B_SPLINE_CURVE_WITH_KNOTS('',1,(#411,#412),.UNSPECIFIED.,.F.,.F.,
  (2,2),(0.,3.780487804878E-02),.PIECEWISE_BEZIER_KNOTS.);
#411 = CARTESIAN_POINT('',(-8.536585365854E-03,4.069709782213E-02,
    1.0001E-03));
#412 = CARTESIAN_POINT('',(2.926829268293E-02,4.069709782213E-02,
    1.0001E-03));
#413 = ORIENTED_EDGE('',*,*,#414,.T.);
#414 = EDGE_CURVE('',#408,#415,#417,.T.);
#415 = VERTEX_POINT('',#416);
#416 = CARTESIAN_POINT('',(2.926829268293E-02,7.770268553833E-03,
    1.0001E-03));
#417 = B_SPLINE_CURVE_WITH_KNOTS('',1,(#418,#419),.UNSPECIFIED.,.F.,.F.,
  (2,2),(0.,3.292682926829E-02),.PIECEWISE_BEZIER_KNOTS.);
#418 = CARTESIAN_POINT('',(2.926829268293E-02,4.069709782213E-02,
    1.0001E-03));
#419 = CARTESIAN_POINT('',(2.926829268293E-02,7.770268553833E-03,
    1.0001E-03));
#420 = ORIENTED_EDGE('',*,*,#421,.T.);
#421 = EDGE_CURVE('',#415,#422,#424,.T.);
#422 = VERTEX_POINT('',#423);
#423 = CARTESIAN_POINT('',(-6.09756097561E-03,7.770268553833E-03,
    1.0001E-03));
#424 = B_SPLINE_CURVE_WITH_KNOTS('',1,(#425,#426),.UNSPECIFIED.,.F.,.F.,
  (2,2),(0.,3.536585365854E-02),.PIECEWISE_BEZIER_KNOTS.);
#425 = CARTESIAN_POINT('',(2.926829268293E-02,7.770268553833E-03,
    1.0001E-03));
#426 = CARTESIAN_POINT('',(-6.09756097561E-03,7.770268553833E-03,
    1.0001E-03));
#427 = ORIENTED_EDGE('',*,*,#428,.T.);
#428 = EDGE_CURVE('',#422,#429,#431,.T.);
#429 = VERTEX_POINT('',#430);
#430 = CARTESIAN_POINT('',(-6.09756097561E-03,-3.205341202265E-03,
    1.0001E-03));
#431 = B_SPLINE_CURVE_WITH_KNOTS('',1,(#432,#433),.UNSPECIFIED.,.F.,.F.,
  (2,2),(0.,1.09756097561E-02),.PIECEWISE_BEZIER_KNOTS.);
#432 = CARTESIAN_POINT('',(-6.09756097561E-03,7.770268553833E-03,
    1.0001E-03));
#433 = CARTESIAN_POINT('',(-6.09756097561E-03,-3.205341202265E-03,
    1.0001E-03));
#434 = ORIENTED_EDGE('',*,*,#435,.T.);
#435 = EDGE_CURVE('',#429,#436,#438,.T.);
#436 = VERTEX_POINT('',#437);
#437 = CARTESIAN_POINT('',(2.926829268293E-02,-3.205341202265E-03,
    1.0001E-03));
#438 = B_SPLINE_CURVE_WITH_KNOTS('',1,(#439,#440),.UNSPECIFIED.,.F.,.F.,
  (2,2),(0.,3.536585365854E-02),.PIECEWISE_BEZIER_KNOTS.);
#439 = CARTESIAN_POINT('',(-6.09756097561E-03,-3.205341202265E-03,
    1.0001E-03));
#440 = CARTESIAN_POINT('',(2.926829268293E-02,-3.205341202265E-03,
    1.0001E-03));
#441 = ORIENTED_EDGE('',*,*,#442,.T.);
#442 = EDGE_CURVE('',#436,#364,#443,.T.);
#443 = B_SPLINE_CURVE_WITH_KNOTS('',1,(#444,#445),.UNSPECIFIED.,.F.,.F.,
  (2,2),(0.,3.414634146341E-02),.PIECEWISE_BEZIER_KNOTS.);
#444 = CARTESIAN_POINT('',(2.926829268293E-02,-3.205341202265E-03,
    1.0001E-03));
#445 = CARTESIAN_POINT('',(2.926829268293E-02,-3.735168266568E-02,
    1.0001E-03));
#446 = FACE_BOUND('',#447,.T.);
#447 = EDGE_LOOP('',(#448,#466,#473,#489,#513,#537,#553,#560,#576,#600)
  );
#448 = ORIENTED_EDGE('',*,*,#449,.T.);
#449 = EDGE_CURVE('',#450,#452,#454,.T.);
#450 = VERTEX_POINT('',#451);
#451 = CARTESIAN_POINT('',(8.786204268293E-02,-3.85711948608E-02,
    1.0001E-03));
#452 = VERTEX_POINT('',#453);
#453 = CARTESIAN_POINT('',(6.219512195122E-02,-3.216875583641E-02,
    1.0001E-03));
#454 = B_SPLINE_CURVE_WITH_KNOTS('',3,(#455,#456,#457,#458,#459,#460,
    #461,#462,#463,#464,#465),.UNSPECIFIED.,.F.,.F.,(4,1,1,1,1,1,1,1,4),
  (0.,0.135294604763,0.266765657925,0.394816018836,0.520051654434,
    0.642175702971,0.762651820558,0.881834004381,1.),.UNSPECIFIED.);
#455 = CARTESIAN_POINT('',(8.786204268293E-02,-3.85711948608E-02,
    1.0001E-03));
#456 = CARTESIAN_POINT('',(8.665450062635E-02,-3.855534080606E-02,
    1.0001E-03));
#457 = CARTESIAN_POINT('',(8.427354277694E-02,-3.852408074694E-02,
    1.0001E-03));
#458 = CARTESIAN_POINT('',(8.076235459284E-02,-3.820328325205E-02,
    1.0001E-03));
#459 = CARTESIAN_POINT('',(7.736133171466E-02,-3.772046132055E-02,
    1.0001E-03));
#460 = CARTESIAN_POINT('',(7.40852566293E-02,-3.700978984835E-02,
    1.0001E-03));
#461 = CARTESIAN_POINT('',(7.092289723153E-02,-3.612018956335E-02,
    1.0001E-03));
#462 = CARTESIAN_POINT('',(6.789218193308E-02,-3.500278345262E-02,
    1.0001E-03));
#463 = CARTESIAN_POINT('',(6.49607260876E-02,-3.372647461396E-02,
    1.0001E-03));
#464 = CARTESIAN_POINT('',(6.31143549641E-02,-3.268651125421E-02,
    1.0001E-03));
#465 = CARTESIAN_POINT('',(6.219512195122E-02,-3.216875583641E-02,
    1.0001E-03));
#466 = ORIENTED_EDGE('',*,*,#467,.T.);
#467 = EDGE_CURVE('',#452,#468,#470,.T.);
#468 = VERTEX_POINT('',#469);
#469 = CARTESIAN_POINT('',(6.219512195122E-02,-4.314436559251E-02,
    1.0001E-03));
#470 = B_SPLINE_CURVE_WITH_KNOTS('',1,(#471,#472),.UNSPECIFIED.,.F.,.F.,
  (2,2),(0.,1.09756097561E-02),.PIECEWISE_BEZIER_KNOTS.);
#471 = CARTESIAN_POINT('',(6.219512195122E-02,-3.216875583641E-02,
    1.0001E-03));
#472 = CARTESIAN_POINT('',(6.219512195122E-02,-4.314436559251E-02,
    1.0001E-03));
#473 = ORIENTED_EDGE('',*,*,#474,.T.);
#474 = EDGE_CURVE('',#468,#475,#477,.T.);
#475 = VERTEX_POINT('',#476);
#476 = CARTESIAN_POINT('',(8.971036585366E-02,-4.95468046169E-02,
    1.0001E-03));
#477 = B_SPLINE_CURVE_WITH_KNOTS('',3,(#478,#479,#480,#481,#482,#483,
    #484,#485,#486,#487,#488),.UNSPECIFIED.,.F.,.F.,(4,1,1,1,1,1,1,1,4),
  (0.,0.112448389909,0.226527675213,0.344401949326,0.465864972487,
    0.591659449352,0.722168487025,0.858606387555,1.),.UNSPECIFIED.);
#478 = CARTESIAN_POINT('',(6.219512195122E-02,-4.314436559251E-02,
    1.0001E-03));
#479 = CARTESIAN_POINT('',(6.313346102872E-02,-4.36622905595E-02,
    1.0001E-03));
#480 = CARTESIAN_POINT('',(6.502374838596E-02,-4.470565221903E-02,
    1.0001E-03));
#481 = CARTESIAN_POINT('',(6.804671483442E-02,-4.599306123025E-02,
    1.0001E-03));
#482 = CARTESIAN_POINT('',(7.122760812671E-02,-4.710351209128E-02,
    1.0001E-03));
#483 = CARTESIAN_POINT('',(7.459426937465E-02,-4.798899704741E-02,
    1.0001E-03));
#484 = CARTESIAN_POINT('',(7.812431800595E-02,-4.870063862232E-02,
    1.0001E-03));
#485 = CARTESIAN_POINT('',(8.183645892948E-02,-4.9182658961E-02,
    1.0001E-03));
#486 = CARTESIAN_POINT('',(8.57159858226E-02,-4.949995726214E-02,
    1.0001E-03));
#487 = CARTESIAN_POINT('',(8.83631664903E-02,-4.953100423586E-02,
    1.0001E-03));
#488 = CARTESIAN_POINT('',(8.971036585366E-02,-4.95468046169E-02,
    1.0001E-03));
#489 = ORIENTED_EDGE('',*,*,#490,.T.);
#490 = EDGE_CURVE('',#475,#491,#493,.T.);
#491 = VERTEX_POINT('',#492);
#492 = CARTESIAN_POINT('',(0.136585365854,-2.137253486063E-04,1.0001E-03
    ));
#493 = B_SPLINE_CURVE_WITH_KNOTS('',3,(#494,#495,#496,#497,#498,#499,
    #500,#501,#502,#503,#504,#505,#506,#507,#508,#509,#510,#511,#512),
  .UNSPECIFIED.,.F.,.F.,(4,1,1,1,1,1,1,1,1,1,1,1,1,1,1,1,4),(0.,
    6.783324845577E-02,0.132655536508,0.195050884051,0.255582933069,
    0.314799834147,0.373600472826,0.432545595327,0.492430629284,
    0.552671255963,0.612513044188,0.672610250357,0.733838369314,
    0.796594238568,0.861449799291,0.929198942351,1.),.UNSPECIFIED.);
#494 = CARTESIAN_POINT('',(8.971036585366E-02,-4.95468046169E-02,
    1.0001E-03));
#495 = CARTESIAN_POINT('',(9.144627200881E-02,-4.950808890841E-02,
    1.0001E-03));
#496 = CARTESIAN_POINT('',(9.484103147531E-02,-4.943237599185E-02,
    1.0001E-03));
#497 = CARTESIAN_POINT('',(9.980027766186E-02,-4.879552076596E-02,
    1.0001E-03));
#498 = CARTESIAN_POINT('',(0.10449190534,-4.773226927628E-02,1.0001E-03)
  );
#499 = CARTESIAN_POINT('',(0.108914284964,-4.623836184509E-02,1.0001E-03
    ));
#500 = CARTESIAN_POINT('',(0.113082888089,-4.435065407514E-02,1.0001E-03
    ));
#501 = CARTESIAN_POINT('',(0.116976120938,-4.201726103568E-02,1.0001E-03
    ));
#502 = CARTESIAN_POINT('',(0.120568219805,-3.921980649765E-02,1.0001E-03
    ));
#503 = CARTESIAN_POINT('',(0.123906717604,-3.607105739437E-02,1.0001E-03
    ));
#504 = CARTESIAN_POINT('',(0.126885552767,-3.254804668826E-02,1.0001E-03
    ));
#505 = CARTESIAN_POINT('',(0.1294929608,-2.873737820651E-02,1.0001E-03)
  );
#506 = CARTESIAN_POINT('',(0.131698815657,-2.465090444377E-02,1.0001E-03
    ));
#507 = CARTESIAN_POINT('',(0.133488717807,-2.028638197504E-02,1.0001E-03
    ));
#508 = CARTESIAN_POINT('',(0.134883581149,-1.565267041579E-02,1.0001E-03
    ));
#509 = CARTESIAN_POINT('',(0.135859034832,-1.074559877254E-02,1.0001E-03
    ));
#510 = CARTESIAN_POINT('',(0.136492948562,-5.572051583986E-03,1.0001E-03
    ));
#511 = CARTESIAN_POINT('',(0.136554111004,-2.025871918292E-03,1.0001E-03
    ));
#512 = CARTESIAN_POINT('',(0.136585365854,-2.137253486063E-04,1.0001E-03
    ));
#513 = ORIENTED_EDGE('',*,*,#514,.T.);
#514 = EDGE_CURVE('',#491,#515,#517,.T.);
#515 = VERTEX_POINT('',#516);
#516 = CARTESIAN_POINT('',(8.572789634146E-02,5.289221977334E-02,
    1.0001E-03));
#517 = B_SPLINE_CURVE_WITH_KNOTS('',3,(#518,#519,#520,#521,#522,#523,
    #524,#525,#526,#527,#528,#529,#530,#531,#532,#533,#534,#535,#536),
  .UNSPECIFIED.,.F.,.F.,(4,1,1,1,1,1,1,1,1,1,1,1,1,1,1,1,4),(0.,
    7.064371857535E-02,0.138256715509,0.203364124218,0.266324093803,
    0.327904761543,0.388737715173,0.449423528109,0.510861011459,
    0.572079396048,0.631734428731,0.691117210579,0.75036002949,
    0.810032900531,0.871362450829,0.934427141231,1.),.UNSPECIFIED.);
#518 = CARTESIAN_POINT('',(0.136585365854,-2.137253486063E-04,1.0001E-03
    ));
#519 = CARTESIAN_POINT('',(0.136541813508,1.731825762373E-03,1.0001E-03)
  );
#520 = CARTESIAN_POINT('',(0.136456577278,5.539460919232E-03,1.0001E-03)
  );
#521 = CARTESIAN_POINT('',(0.13577906571,1.110715675695E-02,1.0001E-03)
  );
#522 = CARTESIAN_POINT('',(0.134667379869,1.638655630246E-02,1.0001E-03)
  );
#523 = CARTESIAN_POINT('',(0.133076411435,2.136964557041E-02,1.0001E-03)
  );
#524 = CARTESIAN_POINT('',(0.131050442413,2.606315952878E-02,1.0001E-03)
  );
#525 = CARTESIAN_POINT('',(0.128587750932,3.047334331818E-02,1.0001E-03)
  );
#526 = CARTESIAN_POINT('',(0.125648320815,3.457747429691E-02,1.0001E-03)
  );
#527 = CARTESIAN_POINT('',(0.122278963366,3.834765689894E-02,1.0001E-03)
  );
#528 = CARTESIAN_POINT('',(0.118591167893,4.176500754906E-02,1.0001E-03)
  );
#529 = CARTESIAN_POINT('',(0.114612052176,4.474704982982E-02,1.0001E-03)
  );
#530 = CARTESIAN_POINT('',(0.110389614185,4.726712471879E-02,1.0001E-03)
  );
#531 = CARTESIAN_POINT('',(0.105929830575,4.934185035979E-02,1.0001E-03)
  );
#532 = CARTESIAN_POINT('',(0.101216306441,5.092557664627E-02,1.0001E-03)
  );
#533 = CARTESIAN_POINT('',(9.627109506336E-02,5.206296679503E-02,
    1.0001E-03));
#534 = CARTESIAN_POINT('',(9.107716525092E-02,5.276775963416E-02,
    1.0001E-03));
#535 = CARTESIAN_POINT('',(8.753401403843E-02,5.2850197272E-02,
    1.0001E-03));
#536 = CARTESIAN_POINT('',(8.572789634146E-02,5.289221977334E-02,
    1.0001E-03));
#537 = ORIENTED_EDGE('',*,*,#538,.T.);
#538 = EDGE_CURVE('',#515,#539,#541,.T.);
#539 = VERTEX_POINT('',#540);
#540 = CARTESIAN_POINT('',(6.219512195122E-02,4.89288051392E-02,
    1.0001E-03));
#541 = B_SPLINE_CURVE_WITH_KNOTS('',3,(#542,#543,#544,#545,#546,#547,
    #548,#549,#550,#551,#552),.UNSPECIFIED.,.F.,.F.,(4,1,1,1,1,1,1,1,4),
  (0.,0.145186866472,0.28344261092,0.416524365929,0.543181123535,
    0.665153082638,0.781360206313,0.892756655642,1.),.UNSPECIFIED.);
#542 = CARTESIAN_POINT('',(8.572789634146E-02,5.289221977334E-02,
    1.0001E-03));
#543 = CARTESIAN_POINT('',(8.456521027908E-02,5.288388532978E-02,
    1.0001E-03));
#544 = CARTESIAN_POINT('',(8.229534399428E-02,5.286761432332E-02,
    1.0001E-03));
#545 = CARTESIAN_POINT('',(7.896541949741E-02,5.266357439674E-02,
    1.0001E-03));
#546 = CARTESIAN_POINT('',(7.579069178461E-02,5.237520352492E-02,
    1.0001E-03));
#547 = CARTESIAN_POINT('',(7.276656665055E-02,5.192554135133E-02,
    1.0001E-03));
#548 = CARTESIAN_POINT('',(6.989319970247E-02,5.139026541214E-02,
    1.0001E-03));
#549 = CARTESIAN_POINT('',(6.718135500635E-02,5.06925075596E-02,
    1.0001E-03));
#550 = CARTESIAN_POINT('',(6.461398537291E-02,4.991067513107E-02,
    1.0001E-03));
#551 = CARTESIAN_POINT('',(6.299113430228E-02,4.925192410229E-02,
    1.0001E-03));
#552 = CARTESIAN_POINT('',(6.219512195122E-02,4.89288051392E-02,
    1.0001E-03));
#553 = ORIENTED_EDGE('',*,*,#554,.T.);
#554 = EDGE_CURVE('',#539,#555,#557,.T.);
#555 = VERTEX_POINT('',#556);
#556 = CARTESIAN_POINT('',(6.219512195122E-02,3.551417099286E-02,
    1.0001E-03));
#557 = B_SPLINE_CURVE_WITH_KNOTS('',1,(#558,#559),.UNSPECIFIED.,.F.,.F.,
  (2,2),(-6.938893903907E-18,1.341463414634E-02),
  .PIECEWISE_BEZIER_KNOTS.);
#558 = CARTESIAN_POINT('',(6.219512195122E-02,4.89288051392E-02,
    1.0001E-03));
#559 = CARTESIAN_POINT('',(6.219512195122E-02,3.551417099286E-02,
    1.0001E-03));
#560 = ORIENTED_EDGE('',*,*,#561,.T.);
#561 = EDGE_CURVE('',#555,#562,#564,.T.);
#562 = VERTEX_POINT('',#563);
#563 = CARTESIAN_POINT('',(8.561356707317E-02,4.191661001725E-02,
    1.0001E-03));
#564 = B_SPLINE_CURVE_WITH_KNOTS('',3,(#565,#566,#567,#568,#569,#570,
    #571,#572,#573,#574,#575),.UNSPECIFIED.,.F.,.F.,(4,1,1,1,1,1,1,1,4),
  (0.,0.125279696736,0.249419970742,0.373356799493,0.496681278782,
    0.620202915744,0.745086320161,0.871269195019,1.),.UNSPECIFIED.);
#565 = CARTESIAN_POINT('',(6.219512195122E-02,3.551417099286E-02,
    1.0001E-03));
#566 = CARTESIAN_POINT('',(6.3083160514E-02,3.603018829201E-02,
    1.0001E-03));
#567 = CARTESIAN_POINT('',(6.485116090126E-02,3.705752969695E-02,
    1.0001E-03));
#568 = CARTESIAN_POINT('',(6.763190406264E-02,3.834190863956E-02,
    1.0001E-03));
#569 = CARTESIAN_POINT('',(7.046622837774E-02,3.945592245697E-02,
    1.0001E-03));
#570 = CARTESIAN_POINT('',(7.337397553323E-02,4.034522253994E-02,
    1.0001E-03));
#571 = CARTESIAN_POINT('',(7.633684503265E-02,4.106333918206E-02,
    1.0001E-03));
#572 = CARTESIAN_POINT('',(7.937037356667E-02,4.154500025335E-02,
    1.0001E-03));
#573 = CARTESIAN_POINT('',(8.246881367345E-02,4.186906361225E-02,
    1.0001E-03));
#574 = CARTESIAN_POINT('',(8.455835410223E-02,4.190065595761E-02,
    1.0001E-03));
#575 = CARTESIAN_POINT('',(8.561356707317E-02,4.191661001725E-02,
    1.0001E-03));
#576 = ORIENTED_EDGE('',*,*,#577,.T.);
#577 = EDGE_CURVE('',#562,#578,#580,.T.);
#578 = VERTEX_POINT('',#579);
#579 = CARTESIAN_POINT('',(0.123170731707,6.056344074913E-04,1.0001E-03)
  );
#580 = B_SPLINE_CURVE_WITH_KNOTS('',3,(#581,#582,#583,#584,#585,#586,
    #587,#588,#589,#590,#591,#592,#593,#594,#595,#596,#597,#598,#599),
  .UNSPECIFIED.,.F.,.F.,(4,1,1,1,1,1,1,1,1,1,1,1,1,1,1,1,4),(0.,
    6.460397028839E-02,0.126702413963,0.186756814036,0.245505687365,
    0.30365202445,0.361503073971,0.420240222928,0.480033340777,
    0.540678134776,0.601191806381,0.662333502477,0.724739510297,
    0.789467736173,0.856504860044,0.926312095839,1.),.UNSPECIFIED.);
#581 = CARTESIAN_POINT('',(8.561356707317E-02,4.191661001725E-02,
    1.0001E-03));
#582 = CARTESIAN_POINT('',(8.696850325962E-02,4.188747640865E-02,
    1.0001E-03));
#583 = CARTESIAN_POINT('',(8.962582733464E-02,4.183033907606E-02,
    1.0001E-03));
#584 = CARTESIAN_POINT('',(9.350797510579E-02,4.126935610752E-02,
    1.0001E-03));
#585 = CARTESIAN_POINT('',(9.721071442397E-02,4.043006218429E-02,
    1.0001E-03));
#586 = CARTESIAN_POINT('',(0.100719197556,3.92016904564E-02,1.0001E-03)
  );
#587 = CARTESIAN_POINT('',(0.104029440603,3.761628742188E-02,1.0001E-03)
  );
#588 = CARTESIAN_POINT('',(0.107138573002,3.566790669067E-02,1.0001E-03)
  );
#589 = CARTESIAN_POINT('',(0.110065689108,3.339832145322E-02,1.0001E-03)
  );
#590 = CARTESIAN_POINT('',(0.112766136758,3.077921772781E-02,1.0001E-03)
  );
#591 = CARTESIAN_POINT('',(0.115226995736,2.788290735015E-02,1.0001E-03)
  );
#592 = CARTESIAN_POINT('',(0.117339278769,2.469023628313E-02,1.0001E-03)
  );
#593 = CARTESIAN_POINT('',(0.119170948791,2.128761827435E-02,1.0001E-03)
  );
#594 = CARTESIAN_POINT('',(0.120637746584,1.761535525103E-02,1.0001E-03)
  );
#595 = CARTESIAN_POINT('',(0.121773696508,1.370162286411E-02,1.0001E-03)
  );
#596 = CARTESIAN_POINT('',(0.122593612911,9.551761397506E-03,1.0001E-03)
  );
#597 = CARTESIAN_POINT('',(0.123068661179,5.158117055591E-03,1.0001E-03)
  );
#598 = CARTESIAN_POINT('',(0.123136100259,2.150243501773E-03,1.0001E-03)
  );
#599 = CARTESIAN_POINT('',(0.123170731707,6.056344074913E-04,1.0001E-03)
  );
#600 = ORIENTED_EDGE('',*,*,#601,.T.);
#601 = EDGE_CURVE('',#578,#450,#602,.T.);
#602 = B_SPLINE_CURVE_WITH_KNOTS('',3,(#603,#604,#605,#606,#607,#608,
    #609,#610,#611,#612,#613,#614,#615,#616,#617,#618,#619,#620,#621),
  .UNSPECIFIED.,.F.,.F.,(4,1,1,1,1,1,1,1,1,1,1,1,1,1,1,1,4),(0.,
    7.377411937406E-02,0.144079114726,0.211348518309,0.27607688574,
    0.33852091582,0.399885116693,0.460254067465,0.520588964391,
    0.580207684563,0.638632908553,0.696364549491,0.75400177466,
    0.812805681374,0.872754425526,0.935181996978,1.),.UNSPECIFIED.);
#603 = CARTESIAN_POINT('',(0.123170731707,6.056344074913E-04,1.0001E-03)
  );
#604 = CARTESIAN_POINT('',(0.123142949722,-8.564861620859E-04,1.0001E-03
    ));
#605 = CARTESIAN_POINT('',(0.123088692161,-3.71197314146E-03,1.0001E-03)
  );
#606 = CARTESIAN_POINT('',(0.122622533499,-7.879740933742E-03,1.0001E-03
    ));
#607 = CARTESIAN_POINT('',(0.121867409074,-1.182041311821E-02,1.0001E-03
    ));
#608 = CARTESIAN_POINT('',(0.120806174905,-1.553051623617E-02,1.0001E-03
    ));
#609 = CARTESIAN_POINT('',(0.119422364386,-1.900661684382E-02,1.0001E-03
    ));
#610 = CARTESIAN_POINT('',(0.117750769777,-2.225795092919E-02,1.0001E-03
    ));
#611 = CARTESIAN_POINT('',(0.115752168002,-2.526983609263E-02,1.0001E-03
    ));
#612 = CARTESIAN_POINT('',(0.113470678022,-2.802817201732E-02,1.0001E-03
    ));
#613 = CARTESIAN_POINT('',(0.110937623187,-3.050173722833E-02,1.0001E-03
    ));
#614 = CARTESIAN_POINT('',(0.108206047393,-3.267408326058E-02,1.0001E-03
    ));
#615 = CARTESIAN_POINT('',(0.105269999379,-3.448731594366E-02,1.0001E-03
    ));
#616 = CARTESIAN_POINT('',(0.102156857311,-3.59909060318E-02,1.0001E-03)
  );
#617 = CARTESIAN_POINT('',(9.8852555406E-02,-3.715338855111E-02,
    1.0001E-03));
#618 = CARTESIAN_POINT('',(9.535090837489E-02,-3.796832956579E-02,
    1.0001E-03));
#619 = CARTESIAN_POINT('',(9.166866776633E-02,-3.847308649657E-02,
    1.0001E-03));
#620 = CARTESIAN_POINT('',(8.914671018405E-02,-3.853808505241E-02,
    1.0001E-03));
#621 = CARTESIAN_POINT('',(8.786204268293E-02,-3.85711948608E-02,
    1.0001E-03));
#622 = FACE_BOUND('',#623,.T.);
#623 = EDGE_LOOP('',(#624,#633,#640,#647,#654,#661));
#624 = ORIENTED_EDGE('',*,*,#625,.T.);
#625 = EDGE_CURVE('',#626,#628,#630,.T.);
#626 = VERTEX_POINT('',#627);
#627 = CARTESIAN_POINT('',(0.182926829268,-3.735168266568E-02,1.0001E-03
    ));
#628 = VERTEX_POINT('',#629);
#629 = CARTESIAN_POINT('',(0.14512195122,-3.735168266568E-02,1.0001E-03)
  );
#630 = B_SPLINE_CURVE_WITH_KNOTS('',1,(#631,#632),.UNSPECIFIED.,.F.,.F.,
  (2,2),(0.,3.780487804878E-02),.PIECEWISE_BEZIER_KNOTS.);
#631 = CARTESIAN_POINT('',(0.182926829268,-3.735168266568E-02,1.0001E-03
    ));
#632 = CARTESIAN_POINT('',(0.14512195122,-3.735168266568E-02,1.0001E-03)
  );
#633 = ORIENTED_EDGE('',*,*,#634,.T.);
#634 = EDGE_CURVE('',#628,#635,#637,.T.);
#635 = VERTEX_POINT('',#636);
#636 = CARTESIAN_POINT('',(0.14512195122,-4.832729242178E-02,1.0001E-03)
  );
#637 = B_SPLINE_CURVE_WITH_KNOTS('',1,(#638,#639),.UNSPECIFIED.,.F.,.F.,
  (2,2),(0.,1.09756097561E-02),.PIECEWISE_BEZIER_KNOTS.);
#638 = CARTESIAN_POINT('',(0.14512195122,-3.735168266568E-02,1.0001E-03)
  );
#639 = CARTESIAN_POINT('',(0.14512195122,-4.832729242178E-02,1.0001E-03)
  );
#640 = ORIENTED_EDGE('',*,*,#641,.T.);
#641 = EDGE_CURVE('',#635,#642,#644,.T.);
#642 = VERTEX_POINT('',#643);
#643 = CARTESIAN_POINT('',(0.196341463415,-4.832729242178E-02,1.0001E-03
    ));
#644 = B_SPLINE_CURVE_WITH_KNOTS('',1,(#645,#646),.UNSPECIFIED.,.F.,.F.,
  (2,2),(0.,5.121951219512E-02),.PIECEWISE_BEZIER_KNOTS.);
#645 = CARTESIAN_POINT('',(0.14512195122,-4.832729242178E-02,1.0001E-03)
  );
#646 = CARTESIAN_POINT('',(0.196341463415,-4.832729242178E-02,1.0001E-03
    ));
#647 = ORIENTED_EDGE('',*,*,#648,.T.);
#648 = EDGE_CURVE('',#642,#649,#651,.T.);
#649 = VERTEX_POINT('',#650);
#650 = CARTESIAN_POINT('',(0.196341463415,5.167270757822E-02,1.0001E-03)
  );
#651 = B_SPLINE_CURVE_WITH_KNOTS('',1,(#652,#653),.UNSPECIFIED.,.F.,.F.,
  (2,2),(0.,0.1),.PIECEWISE_BEZIER_KNOTS.);
#652 = CARTESIAN_POINT('',(0.196341463415,-4.832729242178E-02,1.0001E-03
    ));
#653 = CARTESIAN_POINT('',(0.196341463415,5.167270757822E-02,1.0001E-03)
  );
#654 = ORIENTED_EDGE('',*,*,#655,.T.);
#655 = EDGE_CURVE('',#649,#656,#658,.T.);
#656 = VERTEX_POINT('',#657);
#657 = CARTESIAN_POINT('',(0.182926829268,5.167270757822E-02,1.0001E-03)
  );
#658 = B_SPLINE_CURVE_WITH_KNOTS('',1,(#659,#660),.UNSPECIFIED.,.F.,.F.,
  (2,2),(0.,1.341463414634E-02),.PIECEWISE_BEZIER_KNOTS.);
#659 = CARTESIAN_POINT('',(0.196341463415,5.167270757822E-02,1.0001E-03)
  );
#660 = CARTESIAN_POINT('',(0.182926829268,5.167270757822E-02,1.0001E-03)
  );
#661 = ORIENTED_EDGE('',*,*,#662,.T.);
#662 = EDGE_CURVE('',#656,#626,#663,.T.);
#663 = B_SPLINE_CURVE_WITH_KNOTS('',1,(#664,#665),.UNSPECIFIED.,.F.,.F.,
  (2,2),(0.,8.90243902439E-02),.PIECEWISE_BEZIER_KNOTS.);
#664 = CARTESIAN_POINT('',(0.182926829268,5.167270757822E-02,1.0001E-03)
  );
#665 = CARTESIAN_POINT('',(0.182926829268,-3.735168266568E-02,1.0001E-03
    ));
#666 = B_SPLINE_SURFACE_WITH_KNOTS('',1,1,(
    (#667,#668)
    ,(#669,#670
    )),.UNSPECIFIED.,.F.,.F.,.F.,(2,2),(2,2),(-1.6,1.6),(-1.25,1.25),
  .PIECEWISE_BEZIER_KNOTS.);
#667 = CARTESIAN_POINT('',(1.6,-1.25,1.0001E-03));
#668 = CARTESIAN_POINT('',(1.6,1.25,1.0001E-03));
#669 = CARTESIAN_POINT('',(-1.6,-1.25,1.0001E-03));
#670 = CARTESIAN_POINT('',(-1.6,1.25,1.0001E-03));
#671 = ADVANCED_FACE('',(#672),#730,.F.);
#672 = FACE_BOUND('',#673,.T.);
#673 = EDGE_LOOP('',(#674,#683,#690,#697,#704,#711,#718,#725));
#674 = ORIENTED_EDGE('',*,*,#675,.F.);
#675 = EDGE_CURVE('',#676,#678,#680,.T.);
#676 = VERTEX_POINT('',#677);
#677 = CARTESIAN_POINT('',(-1.5,-0.15,0.1810001));
#678 = VERTEX_POINT('',#679);
#679 = CARTESIAN_POINT('',(-1.5,0.15,0.1810001));
#680 = B_SPLINE_CURVE_WITH_KNOTS('',1,(#681,#682),.UNSPECIFIED.,.F.,.F.,
  (2,2),(0.85,1.15),.PIECEWISE_BEZIER_KNOTS.);
#681 = CARTESIAN_POINT('',(-1.5,-0.15,0.1810001));
#682 = CARTESIAN_POINT('',(-1.5,0.15,0.1810001));
#683 = ORIENTED_EDGE('',*,*,#684,.T.);
#684 = EDGE_CURVE('',#676,#685,#687,.T.);
#685 = VERTEX_POINT('',#686);
#686 = CARTESIAN_POINT('',(-1.5,-0.15,0.7010001));
#687 = B_SPLINE_CURVE_WITH_KNOTS('',1,(#688,#689),.UNSPECIFIED.,.F.,.F.,
  (2,2),(-0.52,0.),.PIECEWISE_BEZIER_KNOTS.);
#688 = CARTESIAN_POINT('',(-1.5,-0.15,0.1810001));
#689 = CARTESIAN_POINT('',(-1.5,-0.15,0.7010001));
#690 = ORIENTED_EDGE('',*,*,#691,.T.);
#691 = EDGE_CURVE('',#685,#692,#694,.T.);
#692 = VERTEX_POINT('',#693);
#693 = CARTESIAN_POINT('',(-1.5,-1.,0.7010001));
#694 = B_SPLINE_CURVE_WITH_KNOTS('',1,(#695,#696),.UNSPECIFIED.,.F.,.F.,
  (2,2),(-0.85,-0.),.PIECEWISE_BEZIER_KNOTS.);
#695 = CARTESIAN_POINT('',(-1.5,-0.15,0.7010001));
#696 = CARTESIAN_POINT('',(-1.5,-1.,0.7010001));
#697 = ORIENTED_EDGE('',*,*,#698,.F.);
#698 = EDGE_CURVE('',#699,#692,#701,.T.);
#699 = VERTEX_POINT('',#700);
#700 = CARTESIAN_POINT('',(-1.5,-1.,1.0010001));
#701 = B_SPLINE_CURVE_WITH_KNOTS('',1,(#702,#703),.UNSPECIFIED.,.F.,.F.,
  (2,2),(-0.,0.3),.PIECEWISE_BEZIER_KNOTS.);
#702 = CARTESIAN_POINT('',(-1.5,-1.,1.0010001));
#703 = CARTESIAN_POINT('',(-1.5,-1.,0.7010001));
#704 = ORIENTED_EDGE('',*,*,#705,.F.);
#705 = EDGE_CURVE('',#706,#699,#708,.T.);
#706 = VERTEX_POINT('',#707);
#707 = CARTESIAN_POINT('',(-1.5,1.,1.0010001));
#708 = B_SPLINE_CURVE_WITH_KNOTS('',1,(#709,#710),.UNSPECIFIED.,.F.,.F.,
  (2,2),(-2.,-0.),.PIECEWISE_BEZIER_KNOTS.);
#709 = CARTESIAN_POINT('',(-1.5,1.,1.0010001));
#710 = CARTESIAN_POINT('',(-1.5,-1.,1.0010001));
#711 = ORIENTED_EDGE('',*,*,#712,.T.);
#712 = EDGE_CURVE('',#706,#713,#715,.T.);
#713 = VERTEX_POINT('',#714);
#714 = CARTESIAN_POINT('',(-1.5,1.,0.7010001));
#715 = B_SPLINE_CURVE_WITH_KNOTS('',1,(#716,#717),.UNSPECIFIED.,.F.,.F.,
  (2,2),(-0.,0.3),.PIECEWISE_BEZIER_KNOTS.);
#716 = CARTESIAN_POINT('',(-1.5,1.,1.0010001));
#717 = CARTESIAN_POINT('',(-1.5,1.,0.7010001));
#718 = ORIENTED_EDGE('',*,*,#719,.T.);
#719 = EDGE_CURVE('',#713,#720,#722,.T.);
#720 = VERTEX_POINT('',#721);
#721 = CARTESIAN_POINT('',(-1.5,0.15,0.7010001));
#722 = B_SPLINE_CURVE_WITH_KNOTS('',1,(#723,#724),.UNSPECIFIED.,.F.,.F.,
  (2,2),(-2.,-1.15),.PIECEWISE_BEZIER_KNOTS.);
#723 = CARTESIAN_POINT('',(-1.5,1.,0.7010001));
#724 = CARTESIAN_POINT('',(-1.5,0.15,0.7010001));
#725 = ORIENTED_EDGE('',*,*,#726,.T.);
#726 = EDGE_CURVE('',#720,#678,#727,.T.);
#727 = B_SPLINE_CURVE_WITH_KNOTS('',1,(#728,#729),.UNSPECIFIED.,.F.,.F.,
  (2,2),(-0.7,-0.18),.PIECEWISE_BEZIER_KNOTS.);
#728 = CARTESIAN_POINT('',(-1.5,0.15,0.7010001));
#729 = CARTESIAN_POINT('',(-1.5,0.15,0.1810001));
#730 = B_SPLINE_SURFACE_WITH_KNOTS('',1,1,(
    (#731,#732)
    ,(#733,#734
    )),.UNSPECIFIED.,.F.,.F.,.F.,(2,2),(2,2),(0.,0.82),(0.,2.),
  .PIECEWISE_BEZIER_KNOTS.);
#731 = CARTESIAN_POINT('',(-1.5,-1.,1.0010001));
#732 = CARTESIAN_POINT('',(-1.5,1.,1.0010001));
#733 = CARTESIAN_POINT('',(-1.5,-1.,0.1810001));
#734 = CARTESIAN_POINT('',(-1.5,1.,0.1810001));
#735 = ADVANCED_FACE('',(#736),#794,.F.);
#736 = FACE_BOUND('',#737,.T.);
#737 = EDGE_LOOP('',(#738,#747,#754,#761,#768,#775,#782,#789));
#738 = ORIENTED_EDGE('',*,*,#739,.F.);
#739 = EDGE_CURVE('',#740,#742,#744,.T.);
#740 = VERTEX_POINT('',#741);
#741 = CARTESIAN_POINT('',(1.5,0.15,0.1810001));
#742 = VERTEX_POINT('',#743);
#743 = CARTESIAN_POINT('',(1.5,-0.15,0.1810001));
#744 = B_SPLINE_CURVE_WITH_KNOTS('',1,(#745,#746),.UNSPECIFIED.,.F.,.F.,
  (2,2),(-1.15,-0.85),.PIECEWISE_BEZIER_KNOTS.);
#745 = CARTESIAN_POINT('',(1.5,0.15,0.1810001));
#746 = CARTESIAN_POINT('',(1.5,-0.15,0.1810001));
#747 = ORIENTED_EDGE('',*,*,#748,.T.);
#748 = EDGE_CURVE('',#740,#749,#751,.T.);
#749 = VERTEX_POINT('',#750);
#750 = CARTESIAN_POINT('',(1.5,0.15,0.7010001));
#751 = B_SPLINE_CURVE_WITH_KNOTS('',1,(#752,#753),.UNSPECIFIED.,.F.,.F.,
  (2,2),(-0.82,-0.3),.PIECEWISE_BEZIER_KNOTS.);
#752 = CARTESIAN_POINT('',(1.5,0.15,0.1810001));
#753 = CARTESIAN_POINT('',(1.5,0.15,0.7010001));
#754 = ORIENTED_EDGE('',*,*,#755,.T.);
#755 = EDGE_CURVE('',#749,#756,#758,.T.);
#756 = VERTEX_POINT('',#757);
#757 = CARTESIAN_POINT('',(1.5,1.,0.7010001));
#758 = B_SPLINE_CURVE_WITH_KNOTS('',1,(#759,#760),.UNSPECIFIED.,.F.,.F.,
  (2,2),(1.15,2.),.PIECEWISE_BEZIER_KNOTS.);
#759 = CARTESIAN_POINT('',(1.5,0.15,0.7010001));
#760 = CARTESIAN_POINT('',(1.5,1.,0.7010001));
#761 = ORIENTED_EDGE('',*,*,#762,.F.);
#762 = EDGE_CURVE('',#763,#756,#765,.T.);
#763 = VERTEX_POINT('',#764);
#764 = CARTESIAN_POINT('',(1.5,1.,1.0010001));
#765 = B_SPLINE_CURVE_WITH_KNOTS('',1,(#766,#767),.UNSPECIFIED.,.F.,.F.,
  (2,2),(-0.,0.3),.PIECEWISE_BEZIER_KNOTS.);
#766 = CARTESIAN_POINT('',(1.5,1.,1.0010001));
#767 = CARTESIAN_POINT('',(1.5,1.,0.7010001));
#768 = ORIENTED_EDGE('',*,*,#769,.F.);
#769 = EDGE_CURVE('',#770,#763,#772,.T.);
#770 = VERTEX_POINT('',#771);
#771 = CARTESIAN_POINT('',(1.5,-1.,1.0010001));
#772 = B_SPLINE_CURVE_WITH_KNOTS('',1,(#773,#774),.UNSPECIFIED.,.F.,.F.,
  (2,2),(-1.110223024625E-15,2.),.PIECEWISE_BEZIER_KNOTS.);
#773 = CARTESIAN_POINT('',(1.5,-1.,1.0010001));
#774 = CARTESIAN_POINT('',(1.5,1.,1.0010001));
#775 = ORIENTED_EDGE('',*,*,#776,.T.);
#776 = EDGE_CURVE('',#770,#777,#779,.T.);
#777 = VERTEX_POINT('',#778);
#778 = CARTESIAN_POINT('',(1.5,-1.,0.7010001));
#779 = B_SPLINE_CURVE_WITH_KNOTS('',1,(#780,#781),.UNSPECIFIED.,.F.,.F.,
  (2,2),(-0.,0.3),.PIECEWISE_BEZIER_KNOTS.);
#780 = CARTESIAN_POINT('',(1.5,-1.,1.0010001));
#781 = CARTESIAN_POINT('',(1.5,-1.,0.7010001));
#782 = ORIENTED_EDGE('',*,*,#783,.T.);
#783 = EDGE_CURVE('',#777,#784,#786,.T.);
#784 = VERTEX_POINT('',#785);
#785 = CARTESIAN_POINT('',(1.5,-0.15,0.7010001));
#786 = B_SPLINE_CURVE_WITH_KNOTS('',1,(#787,#788),.UNSPECIFIED.,.F.,.F.,
  (2,2),(-1.110223024625E-15,0.85),.PIECEWISE_BEZIER_KNOTS.);
#787 = CARTESIAN_POINT('',(1.5,-1.,0.7010001));
#788 = CARTESIAN_POINT('',(1.5,-0.15,0.7010001));
#789 = ORIENTED_EDGE('',*,*,#790,.T.);
#790 = EDGE_CURVE('',#784,#742,#791,.T.);
#791 = B_SPLINE_CURVE_WITH_KNOTS('',1,(#792,#793),.UNSPECIFIED.,.F.,.F.,
  (2,2),(0.3,0.82),.PIECEWISE_BEZIER_KNOTS.);
#792 = CARTESIAN_POINT('',(1.5,-0.15,0.7010001));
#793 = CARTESIAN_POINT('',(1.5,-0.15,0.1810001));
#794 = B_SPLINE_SURFACE_WITH_KNOTS('',1,1,(
    (#795,#796)
    ,(#797,#798
    )),.UNSPECIFIED.,.F.,.F.,.F.,(2,2),(2,2),(-0.82,0.),(
    -1.110223024625E-15,2.),.PIECEWISE_BEZIER_KNOTS.);
#795 = CARTESIAN_POINT('',(1.5,-1.,0.1810001));
#796 = CARTESIAN_POINT('',(1.5,1.,0.1810001));
#797 = CARTESIAN_POINT('',(1.5,-1.,1.0010001));
#798 = CARTESIAN_POINT('',(1.5,1.,1.0010001));
#799 = ADVANCED_FACE('',(#800),#828,.F.);
#800 = FACE_BOUND('',#801,.T.);
#801 = EDGE_LOOP('',(#802,#809,#814,#815,#822,#827));
#802 = ORIENTED_EDGE('',*,*,#803,.F.);
#803 = EDGE_CURVE('',#804,#235,#806,.T.);
#804 = VERTEX_POINT('',#805);
#805 = CARTESIAN_POINT('',(1.501,-0.151,0.1810001));
#806 = B_SPLINE_CURVE_WITH_KNOTS('',1,(#807,#808),.UNSPECIFIED.,.F.,.F.,
  (2,2),(-0.18,0.),.PIECEWISE_BEZIER_KNOTS.);
#807 = CARTESIAN_POINT('',(1.501,-0.151,0.1810001));
#808 = CARTESIAN_POINT('',(1.501,-0.151,1.0001E-03));
#809 = ORIENTED_EDGE('',*,*,#810,.F.);
#810 = EDGE_CURVE('',#742,#804,#811,.T.);
#811 = B_SPLINE_CURVE_WITH_KNOTS('',1,(#812,#813),.UNSPECIFIED.,.F.,.F.,
  (2,2),(-0.141421356237,-0.140007142675),.PIECEWISE_BEZIER_KNOTS.);
#812 = CARTESIAN_POINT('',(1.5,-0.15,0.1810001));
#813 = CARTESIAN_POINT('',(1.501,-0.151,0.1810001));
#814 = ORIENTED_EDGE('',*,*,#790,.F.);
#815 = ORIENTED_EDGE('',*,*,#816,.F.);
#816 = EDGE_CURVE('',#817,#784,#819,.T.);
#817 = VERTEX_POINT('',#818);
#818 = CARTESIAN_POINT('',(1.6,-0.25,0.7010001));
#819 = B_SPLINE_CURVE_WITH_KNOTS('',1,(#820,#821),.UNSPECIFIED.,.F.,.F.,
  (2,2),(-1.308147545195,-1.166726188958),.PIECEWISE_BEZIER_KNOTS.);
#820 = CARTESIAN_POINT('',(1.6,-0.25,0.7010001));
#821 = CARTESIAN_POINT('',(1.5,-0.15,0.7010001));
#822 = ORIENTED_EDGE('',*,*,#823,.T.);
#823 = EDGE_CURVE('',#817,#242,#824,.T.);
#824 = B_SPLINE_CURVE_WITH_KNOTS('',1,(#825,#826),.UNSPECIFIED.,.F.,.F.,
  (2,2),(0.,0.7),.PIECEWISE_BEZIER_KNOTS.);
#825 = CARTESIAN_POINT('',(1.6,-0.25,0.7010001));
#826 = CARTESIAN_POINT('',(1.6,-0.25,1.0001E-03));
#827 = ORIENTED_EDGE('',*,*,#241,.F.);
#828 = B_SPLINE_SURFACE_WITH_KNOTS('',1,1,(
    (#829,#830)
    ,(#831,#832
    )),.UNSPECIFIED.,.F.,.F.,.F.,(2,2),(2,2),(0.,0.7),(0.,0.141421356237
    ),.PIECEWISE_BEZIER_KNOTS.);
#829 = CARTESIAN_POINT('',(1.6,-0.25,1.0001E-03));
#830 = CARTESIAN_POINT('',(1.5,-0.15,1.0001E-03));
#831 = CARTESIAN_POINT('',(1.6,-0.25,0.7010001));
#832 = CARTESIAN_POINT('',(1.5,-0.15,0.7010001));
#833 = ADVANCED_FACE('',(#834),#862,.F.);
#834 = FACE_BOUND('',#835,.T.);
#835 = EDGE_LOOP('',(#836,#843,#844,#851,#856,#857));
#836 = ORIENTED_EDGE('',*,*,#837,.F.);
#837 = EDGE_CURVE('',#184,#838,#840,.T.);
#838 = VERTEX_POINT('',#839);
#839 = CARTESIAN_POINT('',(1.501,0.151,0.1810001));
#840 = B_SPLINE_CURVE_WITH_KNOTS('',1,(#841,#842),.UNSPECIFIED.,.F.,.F.,
  (2,2),(-1.,-0.82),.PIECEWISE_BEZIER_KNOTS.);
#841 = CARTESIAN_POINT('',(1.501,0.151,1.0001E-03));
#842 = CARTESIAN_POINT('',(1.501,0.151,0.1810001));
#843 = ORIENTED_EDGE('',*,*,#183,.F.);
#844 = ORIENTED_EDGE('',*,*,#845,.T.);
#845 = EDGE_CURVE('',#177,#846,#848,.T.);
#846 = VERTEX_POINT('',#847);
#847 = CARTESIAN_POINT('',(1.6,0.25,0.7010001));
#848 = B_SPLINE_CURVE_WITH_KNOTS('',1,(#849,#850),.UNSPECIFIED.,.F.,.F.,
  (2,2),(-0.7,0.),.PIECEWISE_BEZIER_KNOTS.);
#849 = CARTESIAN_POINT('',(1.6,0.25,1.0001E-03));
#850 = CARTESIAN_POINT('',(1.6,0.25,0.7010001));
#851 = ORIENTED_EDGE('',*,*,#852,.F.);
#852 = EDGE_CURVE('',#749,#846,#853,.T.);
#853 = B_SPLINE_CURVE_WITH_KNOTS('',1,(#854,#855),.UNSPECIFIED.,.F.,.F.,
  (2,2),(1.166726188958,1.308147545195),.PIECEWISE_BEZIER_KNOTS.);
#854 = CARTESIAN_POINT('',(1.5,0.15,0.7010001));
#855 = CARTESIAN_POINT('',(1.6,0.25,0.7010001));
#856 = ORIENTED_EDGE('',*,*,#748,.F.);
#857 = ORIENTED_EDGE('',*,*,#858,.F.);
#858 = EDGE_CURVE('',#838,#740,#859,.T.);
#859 = B_SPLINE_CURVE_WITH_KNOTS('',1,(#860,#861),.UNSPECIFIED.,.F.,.F.,
  (2,2),(-1.414213562373E-03,0.),.PIECEWISE_BEZIER_KNOTS.);
#860 = CARTESIAN_POINT('',(1.501,0.151,0.1810001));
#861 = CARTESIAN_POINT('',(1.5,0.15,0.1810001));
#862 = B_SPLINE_SURFACE_WITH_KNOTS('',1,1,(
    (#863,#864)
    ,(#865,#866
    )),.UNSPECIFIED.,.F.,.F.,.F.,(2,2),(2,2),(-1.,-0.3),(0.,
    0.141421356237),.PIECEWISE_BEZIER_KNOTS.);
#863 = CARTESIAN_POINT('',(1.5,0.15,1.0001E-03));
#864 = CARTESIAN_POINT('',(1.6,0.25,1.0001E-03));
#865 = CARTESIAN_POINT('',(1.5,0.15,0.7010001));
#866 = CARTESIAN_POINT('',(1.6,0.25,0.7010001));
#867 = ADVANCED_FACE('',(#868),#936,.F.);
#868 = FACE_BOUND('',#869,.T.);
#869 = EDGE_LOOP('',(#870,#871,#872,#879,#887,#894,#902,#909,#914,#915,
    #923,#930));
#870 = ORIENTED_EDGE('',*,*,#755,.F.);
#871 = ORIENTED_EDGE('',*,*,#852,.T.);
#872 = ORIENTED_EDGE('',*,*,#873,.T.);
#873 = EDGE_CURVE('',#846,#874,#876,.T.);
#874 = VERTEX_POINT('',#875);
#875 = CARTESIAN_POINT('',(1.6,1.1,0.7010001));
#876 = B_SPLINE_CURVE_WITH_KNOTS('',1,(#877,#878),.UNSPECIFIED.,.F.,.F.,
  (2,2),(1.5,2.35),.PIECEWISE_BEZIER_KNOTS.);
#877 = CARTESIAN_POINT('',(1.6,0.25,0.7010001));
#878 = CARTESIAN_POINT('',(1.6,1.1,0.7010001));
#879 = ORIENTED_EDGE('',*,*,#880,.T.);
#880 = EDGE_CURVE('',#874,#881,#883,.T.);
#881 = VERTEX_POINT('',#882);
#882 = CARTESIAN_POINT('',(1.45,1.25,0.7010001));
#883 = ( BOUNDED_CURVE() B_SPLINE_CURVE(2,(#884,#885,#886),
.UNSPECIFIED.,.F.,.F.) B_SPLINE_CURVE_WITH_KNOTS((3,3),(4.712388980385,
6.28318530718),.PIECEWISE_BEZIER_KNOTS.) CURVE() 
GEOMETRIC_REPRESENTATION_ITEM() RATIONAL_B_SPLINE_CURVE((1.,
0.707106781187,1.)) REPRESENTATION_ITEM('') );
#884 = CARTESIAN_POINT('',(1.6,1.1,0.7010001));
#885 = CARTESIAN_POINT('',(1.45,1.1,0.7010001));
#886 = CARTESIAN_POINT('',(1.45,1.25,0.7010001));
#887 = ORIENTED_EDGE('',*,*,#888,.T.);
#888 = EDGE_CURVE('',#881,#889,#891,.T.);
#889 = VERTEX_POINT('',#890);
#890 = CARTESIAN_POINT('',(-1.45,1.25,0.7010001));
#891 = B_SPLINE_CURVE_WITH_KNOTS('',1,(#892,#893),.UNSPECIFIED.,.F.,.F.,
  (2,2),(-3.05,-0.15),.PIECEWISE_BEZIER_KNOTS.);
#892 = CARTESIAN_POINT('',(1.45,1.25,0.7010001));
#893 = CARTESIAN_POINT('',(-1.45,1.25,0.7010001));
#894 = ORIENTED_EDGE('',*,*,#895,.F.);
#895 = EDGE_CURVE('',#896,#889,#898,.T.);
#896 = VERTEX_POINT('',#897);
#897 = CARTESIAN_POINT('',(-1.6,1.1,0.7010001));
#898 = ( BOUNDED_CURVE() B_SPLINE_CURVE(2,(#899,#900,#901),
.UNSPECIFIED.,.F.,.F.) B_SPLINE_CURVE_WITH_KNOTS((3,3),(4.712388980385,
6.28318530718),.PIECEWISE_BEZIER_KNOTS.) CURVE() 
GEOMETRIC_REPRESENTATION_ITEM() RATIONAL_B_SPLINE_CURVE((1.,
0.707106781187,1.)) REPRESENTATION_ITEM('') );
#899 = CARTESIAN_POINT('',(-1.6,1.1,0.7010001));
#900 = CARTESIAN_POINT('',(-1.45,1.1,0.7010001));
#901 = CARTESIAN_POINT('',(-1.45,1.25,0.7010001));
#902 = ORIENTED_EDGE('',*,*,#903,.T.);
#903 = EDGE_CURVE('',#896,#904,#906,.T.);
#904 = VERTEX_POINT('',#905);
#905 = CARTESIAN_POINT('',(-1.6,0.25,0.7010001));
#906 = B_SPLINE_CURVE_WITH_KNOTS('',1,(#907,#908),.UNSPECIFIED.,.F.,.F.,
  (2,2),(-2.35,-1.5),.PIECEWISE_BEZIER_KNOTS.);
#907 = CARTESIAN_POINT('',(-1.6,1.1,0.7010001));
#908 = CARTESIAN_POINT('',(-1.6,0.25,0.7010001));
#909 = ORIENTED_EDGE('',*,*,#910,.T.);
#910 = EDGE_CURVE('',#904,#720,#911,.T.);
#911 = B_SPLINE_CURVE_WITH_KNOTS('',1,(#912,#913),.UNSPECIFIED.,.F.,.F.,
  (2,2),(-1.308147545195,-1.166726188958),.PIECEWISE_BEZIER_KNOTS.);
#912 = CARTESIAN_POINT('',(-1.6,0.25,0.7010001));
#913 = CARTESIAN_POINT('',(-1.5,0.15,0.7010001));
#914 = ORIENTED_EDGE('',*,*,#719,.F.);
#915 = ORIENTED_EDGE('',*,*,#916,.F.);
#916 = EDGE_CURVE('',#917,#713,#919,.T.);
#917 = VERTEX_POINT('',#918);
#918 = CARTESIAN_POINT('',(-1.35,1.15,0.7010001));
#919 = ( BOUNDED_CURVE() B_SPLINE_CURVE(2,(#920,#921,#922),
.UNSPECIFIED.,.F.,.F.) B_SPLINE_CURVE_WITH_KNOTS((3,3),(4.712388980385,
6.28318530718),.PIECEWISE_BEZIER_KNOTS.) CURVE() 
GEOMETRIC_REPRESENTATION_ITEM() RATIONAL_B_SPLINE_CURVE((1.,
0.707106781187,1.)) REPRESENTATION_ITEM('') );
#920 = CARTESIAN_POINT('',(-1.35,1.15,0.7010001));
#921 = CARTESIAN_POINT('',(-1.5,1.15,0.7010001));
#922 = CARTESIAN_POINT('',(-1.5,1.,0.7010001));
#923 = ORIENTED_EDGE('',*,*,#924,.F.);
#924 = EDGE_CURVE('',#925,#917,#927,.T.);
#925 = VERTEX_POINT('',#926);
#926 = CARTESIAN_POINT('',(1.35,1.15,0.7010001));
#927 = B_SPLINE_CURVE_WITH_KNOTS('',1,(#928,#929),.UNSPECIFIED.,.F.,.F.,
  (2,2),(-2.7,-0.),.PIECEWISE_BEZIER_KNOTS.);
#928 = CARTESIAN_POINT('',(1.35,1.15,0.7010001));
#929 = CARTESIAN_POINT('',(-1.35,1.15,0.7010001));
#930 = ORIENTED_EDGE('',*,*,#931,.F.);
#931 = EDGE_CURVE('',#756,#925,#932,.T.);
#932 = ( BOUNDED_CURVE() B_SPLINE_CURVE(2,(#933,#934,#935),
.UNSPECIFIED.,.F.,.F.) B_SPLINE_CURVE_WITH_KNOTS((3,3),(3.14159265359,
4.712388980385),.PIECEWISE_BEZIER_KNOTS.) CURVE() 
GEOMETRIC_REPRESENTATION_ITEM() RATIONAL_B_SPLINE_CURVE((1.,
0.707106781187,1.)) REPRESENTATION_ITEM('') );
#933 = CARTESIAN_POINT('',(1.5,1.,0.7010001));
#934 = CARTESIAN_POINT('',(1.5,1.15,0.7010001));
#935 = CARTESIAN_POINT('',(1.35,1.15,0.7010001));
#936 = B_SPLINE_SURFACE_WITH_KNOTS('',1,1,(
    (#937,#938)
    ,(#939,#940
    )),.UNSPECIFIED.,.F.,.F.,.F.,(2,2),(2,2),(-1.6,1.6),(0.15,1.25),
  .PIECEWISE_BEZIER_KNOTS.);
#937 = CARTESIAN_POINT('',(1.6,0.15,0.7010001));
#938 = CARTESIAN_POINT('',(1.6,1.25,0.7010001));
#939 = CARTESIAN_POINT('',(-1.6,0.15,0.7010001));
#940 = CARTESIAN_POINT('',(-1.6,1.25,0.7010001));
#941 = ADVANCED_FACE('',(#942),#1010,.F.);
#942 = FACE_BOUND('',#943,.T.);
#943 = EDGE_LOOP('',(#944,#951,#952,#953,#961,#968,#974,#975,#982,#989,
    #997,#1004));
#944 = ORIENTED_EDGE('',*,*,#945,.T.);
#945 = EDGE_CURVE('',#946,#817,#948,.T.);
#946 = VERTEX_POINT('',#947);
#947 = CARTESIAN_POINT('',(1.6,-1.1,0.7010001));
#948 = B_SPLINE_CURVE_WITH_KNOTS('',1,(#949,#950),.UNSPECIFIED.,.F.,.F.,
  (2,2),(0.15,1.),.PIECEWISE_BEZIER_KNOTS.);
#949 = CARTESIAN_POINT('',(1.6,-1.1,0.7010001));
#950 = CARTESIAN_POINT('',(1.6,-0.25,0.7010001));
#951 = ORIENTED_EDGE('',*,*,#816,.T.);
#952 = ORIENTED_EDGE('',*,*,#783,.F.);
#953 = ORIENTED_EDGE('',*,*,#954,.F.);
#954 = EDGE_CURVE('',#955,#777,#957,.T.);
#955 = VERTEX_POINT('',#956);
#956 = CARTESIAN_POINT('',(1.35,-1.15,0.7010001));
#957 = ( BOUNDED_CURVE() B_SPLINE_CURVE(2,(#958,#959,#960),
.UNSPECIFIED.,.F.,.F.) B_SPLINE_CURVE_WITH_KNOTS((3,3),(4.712388980385,
6.28318530718),.PIECEWISE_BEZIER_KNOTS.) CURVE() 
GEOMETRIC_REPRESENTATION_ITEM() RATIONAL_B_SPLINE_CURVE((1.,
0.707106781187,1.)) REPRESENTATION_ITEM('') );
#958 = CARTESIAN_POINT('',(1.35,-1.15,0.7010001));
#959 = CARTESIAN_POINT('',(1.5,-1.15,0.7010001));
#960 = CARTESIAN_POINT('',(1.5,-1.,0.7010001));
#961 = ORIENTED_EDGE('',*,*,#962,.F.);
#962 = EDGE_CURVE('',#963,#955,#965,.T.);
#963 = VERTEX_POINT('',#964);
#964 = CARTESIAN_POINT('',(-1.35,-1.15,0.7010001));
#965 = B_SPLINE_CURVE_WITH_KNOTS('',1,(#966,#967),.UNSPECIFIED.,.F.,.F.,
  (2,2),(0.,2.7),.PIECEWISE_BEZIER_KNOTS.);
#966 = CARTESIAN_POINT('',(-1.35,-1.15,0.7010001));
#967 = CARTESIAN_POINT('',(1.35,-1.15,0.7010001));
#968 = ORIENTED_EDGE('',*,*,#969,.F.);
#969 = EDGE_CURVE('',#692,#963,#970,.T.);
#970 = ( BOUNDED_CURVE() B_SPLINE_CURVE(2,(#971,#972,#973),
.UNSPECIFIED.,.F.,.F.) B_SPLINE_CURVE_WITH_KNOTS((3,3),(0.,
1.570796326795),.PIECEWISE_BEZIER_KNOTS.) CURVE() 
GEOMETRIC_REPRESENTATION_ITEM() RATIONAL_B_SPLINE_CURVE((1.,
0.707106781187,1.)) REPRESENTATION_ITEM('') );
#971 = CARTESIAN_POINT('',(-1.5,-1.,0.7010001));
#972 = CARTESIAN_POINT('',(-1.5,-1.15,0.7010001));
#973 = CARTESIAN_POINT('',(-1.35,-1.15,0.7010001));
#974 = ORIENTED_EDGE('',*,*,#691,.F.);
#975 = ORIENTED_EDGE('',*,*,#976,.T.);
#976 = EDGE_CURVE('',#685,#977,#979,.T.);
#977 = VERTEX_POINT('',#978);
#978 = CARTESIAN_POINT('',(-1.6,-0.25,0.7010001));
#979 = B_SPLINE_CURVE_WITH_KNOTS('',1,(#980,#981),.UNSPECIFIED.,.F.,.F.,
  (2,2),(1.166726188958,1.308147545195),.PIECEWISE_BEZIER_KNOTS.);
#980 = CARTESIAN_POINT('',(-1.5,-0.15,0.7010001));
#981 = CARTESIAN_POINT('',(-1.6,-0.25,0.7010001));
#982 = ORIENTED_EDGE('',*,*,#983,.T.);
#983 = EDGE_CURVE('',#977,#984,#986,.T.);
#984 = VERTEX_POINT('',#985);
#985 = CARTESIAN_POINT('',(-1.6,-1.1,0.7010001));
#986 = B_SPLINE_CURVE_WITH_KNOTS('',1,(#987,#988),.UNSPECIFIED.,.F.,.F.,
  (2,2),(-1.,-0.15),.PIECEWISE_BEZIER_KNOTS.);
#987 = CARTESIAN_POINT('',(-1.6,-0.25,0.7010001));
#988 = CARTESIAN_POINT('',(-1.6,-1.1,0.7010001));
#989 = ORIENTED_EDGE('',*,*,#990,.T.);
#990 = EDGE_CURVE('',#984,#991,#993,.T.);
#991 = VERTEX_POINT('',#992);
#992 = CARTESIAN_POINT('',(-1.45,-1.25,0.7010001));
#993 = ( BOUNDED_CURVE() B_SPLINE_CURVE(2,(#994,#995,#996),
.UNSPECIFIED.,.F.,.F.) B_SPLINE_CURVE_WITH_KNOTS((3,3),(4.712388980385,
6.28318530718),.PIECEWISE_BEZIER_KNOTS.) CURVE() 
GEOMETRIC_REPRESENTATION_ITEM() RATIONAL_B_SPLINE_CURVE((1.,
0.707106781187,1.)) REPRESENTATION_ITEM('') );
#994 = CARTESIAN_POINT('',(-1.6,-1.1,0.7010001));
#995 = CARTESIAN_POINT('',(-1.45,-1.1,0.7010001));
#996 = CARTESIAN_POINT('',(-1.45,-1.25,0.7010001));
#997 = ORIENTED_EDGE('',*,*,#998,.T.);
#998 = EDGE_CURVE('',#991,#999,#1001,.T.);
#999 = VERTEX_POINT('',#1000);
#1000 = CARTESIAN_POINT('',(1.45,-1.25,0.7010001));
#1001 = B_SPLINE_CURVE_WITH_KNOTS('',1,(#1002,#1003),.UNSPECIFIED.,.F.,
  .F.,(2,2),(0.15,3.05),.PIECEWISE_BEZIER_KNOTS.);
#1002 = CARTESIAN_POINT('',(-1.45,-1.25,0.7010001));
#1003 = CARTESIAN_POINT('',(1.45,-1.25,0.7010001));
#1004 = ORIENTED_EDGE('',*,*,#1005,.F.);
#1005 = EDGE_CURVE('',#946,#999,#1006,.T.);
#1006 = ( BOUNDED_CURVE() B_SPLINE_CURVE(2,(#1007,#1008,#1009),
.UNSPECIFIED.,.F.,.F.) B_SPLINE_CURVE_WITH_KNOTS((3,3),(4.712388980385,
6.28318530718),.PIECEWISE_BEZIER_KNOTS.) CURVE() 
GEOMETRIC_REPRESENTATION_ITEM() RATIONAL_B_SPLINE_CURVE((1.,
0.707106781187,1.)) REPRESENTATION_ITEM('') );
#1007 = CARTESIAN_POINT('',(1.6,-1.1,0.7010001));
#1008 = CARTESIAN_POINT('',(1.45,-1.1,0.7010001));
#1009 = CARTESIAN_POINT('',(1.45,-1.25,0.7010001));
#1010 = B_SPLINE_SURFACE_WITH_KNOTS('',1,1,(
    (#1011,#1012)
    ,(#1013,#1014
    )),.UNSPECIFIED.,.F.,.F.,.F.,(2,2),(2,2),(-1.6,1.6),(-1.25,-0.15),
  .PIECEWISE_BEZIER_KNOTS.);
#1011 = CARTESIAN_POINT('',(1.6,-1.25,0.7010001));
#1012 = CARTESIAN_POINT('',(1.6,-0.15,0.7010001));
#1013 = CARTESIAN_POINT('',(-1.6,-1.25,0.7010001));
#1014 = CARTESIAN_POINT('',(-1.6,-0.15,0.7010001));
#1015 = ADVANCED_FACE('',(#1016),#1026,.F.);
#1016 = FACE_BOUND('',#1017,.T.);
#1017 = EDGE_LOOP('',(#1018,#1019,#1020,#1025));
#1018 = ORIENTED_EDGE('',*,*,#845,.F.);
#1019 = ORIENTED_EDGE('',*,*,#176,.T.);
#1020 = ORIENTED_EDGE('',*,*,#1021,.F.);
#1021 = EDGE_CURVE('',#874,#169,#1022,.T.);
#1022 = B_SPLINE_CURVE_WITH_KNOTS('',1,(#1023,#1024),.UNSPECIFIED.,.F.,
  .F.,(2,2),(-0.7,0.),.PIECEWISE_BEZIER_KNOTS.);
#1023 = CARTESIAN_POINT('',(1.6,1.1,0.7010001));
#1024 = CARTESIAN_POINT('',(1.6,1.1,1.0001E-03));
#1025 = ORIENTED_EDGE('',*,*,#873,.F.);
#1026 = B_SPLINE_SURFACE_WITH_KNOTS('',1,1,(
    (#1027,#1028)
    ,(#1029,#1030
    )),.UNSPECIFIED.,.F.,.F.,.F.,(2,2),(2,2),(-0.7,0.),(1.5,2.35),
  .PIECEWISE_BEZIER_KNOTS.);
#1027 = CARTESIAN_POINT('',(1.6,0.25,1.0001E-03));
#1028 = CARTESIAN_POINT('',(1.6,1.1,1.0001E-03));
#1029 = CARTESIAN_POINT('',(1.6,0.25,0.7010001));
#1030 = CARTESIAN_POINT('',(1.6,1.1,0.7010001));
#1031 = ADVANCED_FACE('',(#1032),#1042,.F.);
#1032 = FACE_BOUND('',#1033,.T.);
#1033 = EDGE_LOOP('',(#1034,#1035,#1036,#1041));
#1034 = ORIENTED_EDGE('',*,*,#823,.F.);
#1035 = ORIENTED_EDGE('',*,*,#945,.F.);
#1036 = ORIENTED_EDGE('',*,*,#1037,.T.);
#1037 = EDGE_CURVE('',#946,#249,#1038,.T.);
#1038 = B_SPLINE_CURVE_WITH_KNOTS('',1,(#1039,#1040),.UNSPECIFIED.,.F.,
  .F.,(2,2),(-0.7,0.),.PIECEWISE_BEZIER_KNOTS.);
#1039 = CARTESIAN_POINT('',(1.6,-1.1,0.7010001));
#1040 = CARTESIAN_POINT('',(1.6,-1.1,1.0001E-03));
#1041 = ORIENTED_EDGE('',*,*,#248,.T.);
#1042 = B_SPLINE_SURFACE_WITH_KNOTS('',1,1,(
    (#1043,#1044)
    ,(#1045,#1046
    )),.UNSPECIFIED.,.F.,.F.,.F.,(2,2),(2,2),(-0.7,0.),(0.15,1.),
  .PIECEWISE_BEZIER_KNOTS.);
#1043 = CARTESIAN_POINT('',(1.6,-1.1,1.0001E-03));
#1044 = CARTESIAN_POINT('',(1.6,-0.25,1.0001E-03));
#1045 = CARTESIAN_POINT('',(1.6,-1.1,0.7010001));
#1046 = CARTESIAN_POINT('',(1.6,-0.25,0.7010001));
#1047 = ADVANCED_FACE('',(#1048),#1062,.F.);
#1048 = FACE_BOUND('',#1049,.T.);
#1049 = EDGE_LOOP('',(#1050,#1051,#1056,#1057));
#1050 = ORIENTED_EDGE('',*,*,#983,.F.);
#1051 = ORIENTED_EDGE('',*,*,#1052,.T.);
#1052 = EDGE_CURVE('',#977,#279,#1053,.T.);
#1053 = B_SPLINE_CURVE_WITH_KNOTS('',1,(#1054,#1055),.UNSPECIFIED.,.F.,
  .F.,(2,2),(0.,0.7),.PIECEWISE_BEZIER_KNOTS.);
#1054 = CARTESIAN_POINT('',(-1.6,-0.25,0.7010001));
#1055 = CARTESIAN_POINT('',(-1.6,-0.25,1.0001E-03));
#1056 = ORIENTED_EDGE('',*,*,#278,.T.);
#1057 = ORIENTED_EDGE('',*,*,#1058,.F.);
#1058 = EDGE_CURVE('',#984,#271,#1059,.T.);
#1059 = B_SPLINE_CURVE_WITH_KNOTS('',1,(#1060,#1061),.UNSPECIFIED.,.F.,
  .F.,(2,2),(-0.7,0.),.PIECEWISE_BEZIER_KNOTS.);
#1060 = CARTESIAN_POINT('',(-1.6,-1.1,0.7010001));
#1061 = CARTESIAN_POINT('',(-1.6,-1.1,1.0001E-03));
#1062 = B_SPLINE_SURFACE_WITH_KNOTS('',1,1,(
    (#1063,#1064)
    ,(#1065,#1066
    )),.UNSPECIFIED.,.F.,.F.,.F.,(2,2),(2,2),(0.,0.7),(0.15,1.),
  .PIECEWISE_BEZIER_KNOTS.);
#1063 = CARTESIAN_POINT('',(-1.6,-1.1,0.7010001));
#1064 = CARTESIAN_POINT('',(-1.6,-0.25,0.7010001));
#1065 = CARTESIAN_POINT('',(-1.6,-1.1,1.0001E-03));
#1066 = CARTESIAN_POINT('',(-1.6,-0.25,1.0001E-03));
#1067 = ADVANCED_FACE('',(#1068),#1082,.F.);
#1068 = FACE_BOUND('',#1069,.T.);
#1069 = EDGE_LOOP('',(#1070,#1071,#1076,#1077));
#1070 = ORIENTED_EDGE('',*,*,#146,.T.);
#1071 = ORIENTED_EDGE('',*,*,#1072,.T.);
#1072 = EDGE_CURVE('',#140,#904,#1073,.T.);
#1073 = B_SPLINE_CURVE_WITH_KNOTS('',1,(#1074,#1075),.UNSPECIFIED.,.F.,
  .F.,(2,2),(-0.7,0.),.PIECEWISE_BEZIER_KNOTS.);
#1074 = CARTESIAN_POINT('',(-1.6,0.25,1.0001E-03));
#1075 = CARTESIAN_POINT('',(-1.6,0.25,0.7010001));
#1076 = ORIENTED_EDGE('',*,*,#903,.F.);
#1077 = ORIENTED_EDGE('',*,*,#1078,.T.);
#1078 = EDGE_CURVE('',#896,#147,#1079,.T.);
#1079 = B_SPLINE_CURVE_WITH_KNOTS('',1,(#1080,#1081),.UNSPECIFIED.,.F.,
  .F.,(2,2),(-0.7,0.),.PIECEWISE_BEZIER_KNOTS.);
#1080 = CARTESIAN_POINT('',(-1.6,1.1,0.7010001));
#1081 = CARTESIAN_POINT('',(-1.6,1.1,1.0001E-03));
#1082 = B_SPLINE_SURFACE_WITH_KNOTS('',1,1,(
    (#1083,#1084)
    ,(#1085,#1086
    )),.UNSPECIFIED.,.F.,.F.,.F.,(2,2),(2,2),(0.,0.7),(1.5,2.35),
  .PIECEWISE_BEZIER_KNOTS.);
#1083 = CARTESIAN_POINT('',(-1.6,0.25,0.7010001));
#1084 = CARTESIAN_POINT('',(-1.6,1.1,0.7010001));
#1085 = CARTESIAN_POINT('',(-1.6,0.25,1.0001E-03));
#1086 = CARTESIAN_POINT('',(-1.6,1.1,1.0001E-03));
#1087 = ADVANCED_FACE('',(#1088),#1102,.F.);
#1088 = FACE_BOUND('',#1089,.T.);
#1089 = EDGE_LOOP('',(#1090,#1095,#1096,#1101));
#1090 = ORIENTED_EDGE('',*,*,#1091,.F.);
#1091 = EDGE_CURVE('',#264,#991,#1092,.T.);
#1092 = B_SPLINE_CURVE_WITH_KNOTS('',1,(#1093,#1094),.UNSPECIFIED.,.F.,
  .F.,(2,2),(0.,0.7),.PIECEWISE_BEZIER_KNOTS.);
#1093 = CARTESIAN_POINT('',(-1.45,-1.25,1.0001E-03));
#1094 = CARTESIAN_POINT('',(-1.45,-1.25,0.7010001));
#1095 = ORIENTED_EDGE('',*,*,#263,.T.);
#1096 = ORIENTED_EDGE('',*,*,#1097,.T.);
#1097 = EDGE_CURVE('',#256,#999,#1098,.T.);
#1098 = B_SPLINE_CURVE_WITH_KNOTS('',1,(#1099,#1100),.UNSPECIFIED.,.F.,
  .F.,(2,2),(0.,0.7),.PIECEWISE_BEZIER_KNOTS.);
#1099 = CARTESIAN_POINT('',(1.45,-1.25,1.0001E-03));
#1100 = CARTESIAN_POINT('',(1.45,-1.25,0.7010001));
#1101 = ORIENTED_EDGE('',*,*,#998,.F.);
#1102 = B_SPLINE_SURFACE_WITH_KNOTS('',1,1,(
    (#1103,#1104)
    ,(#1105,#1106
    )),.UNSPECIFIED.,.F.,.F.,.F.,(2,2),(2,2),(-0.7,0.),(0.15,3.05),
  .PIECEWISE_BEZIER_KNOTS.);
#1103 = CARTESIAN_POINT('',(-1.45,-1.25,1.0001E-03));
#1104 = CARTESIAN_POINT('',(1.45,-1.25,1.0001E-03));
#1105 = CARTESIAN_POINT('',(-1.45,-1.25,0.7010001));
#1106 = CARTESIAN_POINT('',(1.45,-1.25,0.7010001));
#1107 = ADVANCED_FACE('',(#1108),#1122,.F.);
#1108 = FACE_BOUND('',#1109,.T.);
#1109 = EDGE_LOOP('',(#1110,#1115,#1116,#1121));
#1110 = ORIENTED_EDGE('',*,*,#1111,.F.);
#1111 = EDGE_CURVE('',#162,#881,#1112,.T.);
#1112 = B_SPLINE_CURVE_WITH_KNOTS('',1,(#1113,#1114),.UNSPECIFIED.,.F.,
  .F.,(2,2),(0.,0.7),.PIECEWISE_BEZIER_KNOTS.);
#1113 = CARTESIAN_POINT('',(1.45,1.25,1.0001E-03));
#1114 = CARTESIAN_POINT('',(1.45,1.25,0.7010001));
#1115 = ORIENTED_EDGE('',*,*,#161,.T.);
#1116 = ORIENTED_EDGE('',*,*,#1117,.T.);
#1117 = EDGE_CURVE('',#154,#889,#1118,.T.);
#1118 = B_SPLINE_CURVE_WITH_KNOTS('',1,(#1119,#1120),.UNSPECIFIED.,.F.,
  .F.,(2,2),(0.,0.7),.PIECEWISE_BEZIER_KNOTS.);
#1119 = CARTESIAN_POINT('',(-1.45,1.25,1.0001E-03));
#1120 = CARTESIAN_POINT('',(-1.45,1.25,0.7010001));
#1121 = ORIENTED_EDGE('',*,*,#888,.F.);
#1122 = B_SPLINE_SURFACE_WITH_KNOTS('',1,1,(
    (#1123,#1124)
    ,(#1125,#1126
    )),.UNSPECIFIED.,.F.,.F.,.F.,(2,2),(2,2),(0.,0.7),(0.15,3.05),
  .PIECEWISE_BEZIER_KNOTS.);
#1123 = CARTESIAN_POINT('',(-1.45,1.25,0.7010001));
#1124 = CARTESIAN_POINT('',(1.45,1.25,0.7010001));
#1125 = CARTESIAN_POINT('',(-1.45,1.25,1.0001E-03));
#1126 = CARTESIAN_POINT('',(1.45,1.25,1.0001E-03));
#1127 = ADVANCED_FACE('',(#1128),#1134,.F.);
#1128 = FACE_BOUND('',#1129,.F.);
#1129 = EDGE_LOOP('',(#1130,#1131,#1132,#1133));
#1130 = ORIENTED_EDGE('',*,*,#1117,.T.);
#1131 = ORIENTED_EDGE('',*,*,#895,.F.);
#1132 = ORIENTED_EDGE('',*,*,#1078,.T.);
#1133 = ORIENTED_EDGE('',*,*,#153,.F.);
#1134 = ( BOUNDED_SURFACE() B_SPLINE_SURFACE(2,1,(
    (#1135,#1136)
    ,(#1137,#1138)
    ,(#1139,#1140
)),.UNSPECIFIED.,.F.,.F.,.F.) B_SPLINE_SURFACE_WITH_KNOTS((3,3),(2,2),(
    4.712388980385,6.28318530718),(0.,0.7),.PIECEWISE_BEZIER_KNOTS.) 
GEOMETRIC_REPRESENTATION_ITEM() RATIONAL_B_SPLINE_SURFACE((
    (1.,1.)
    ,(0.707106781187,0.707106781187)
,(1.,1.))) REPRESENTATION_ITEM('') SURFACE() );
#1135 = CARTESIAN_POINT('',(-1.6,1.1,1.0001E-03));
#1136 = CARTESIAN_POINT('',(-1.6,1.1,0.7010001));
#1137 = CARTESIAN_POINT('',(-1.45,1.1,1.0001E-03));
#1138 = CARTESIAN_POINT('',(-1.45,1.1,0.7010001));
#1139 = CARTESIAN_POINT('',(-1.45,1.25,1.0001E-03));
#1140 = CARTESIAN_POINT('',(-1.45,1.25,0.7010001));
#1141 = ADVANCED_FACE('',(#1142),#1148,.F.);
#1142 = FACE_BOUND('',#1143,.F.);
#1143 = EDGE_LOOP('',(#1144,#1145,#1146,#1147));
#1144 = ORIENTED_EDGE('',*,*,#880,.T.);
#1145 = ORIENTED_EDGE('',*,*,#1111,.F.);
#1146 = ORIENTED_EDGE('',*,*,#168,.T.);
#1147 = ORIENTED_EDGE('',*,*,#1021,.F.);
#1148 = ( BOUNDED_SURFACE() B_SPLINE_SURFACE(2,1,(
    (#1149,#1150)
    ,(#1151,#1152)
    ,(#1153,#1154
)),.UNSPECIFIED.,.F.,.F.,.F.) B_SPLINE_SURFACE_WITH_KNOTS((3,3),(2,2),(
    3.14159265359,4.712388980385),(0.,0.7),.PIECEWISE_BEZIER_KNOTS.) 
GEOMETRIC_REPRESENTATION_ITEM() RATIONAL_B_SPLINE_SURFACE((
    (1.,1.)
    ,(0.707106781187,0.707106781187)
,(1.,1.))) REPRESENTATION_ITEM('') SURFACE() );
#1149 = CARTESIAN_POINT('',(1.45,1.25,1.0001E-03));
#1150 = CARTESIAN_POINT('',(1.45,1.25,0.7010001));
#1151 = CARTESIAN_POINT('',(1.45,1.1,1.0001E-03));
#1152 = CARTESIAN_POINT('',(1.45,1.1,0.7010001));
#1153 = CARTESIAN_POINT('',(1.6,1.1,1.0001E-03));
#1154 = CARTESIAN_POINT('',(1.6,1.1,0.7010001));
#1155 = ADVANCED_FACE('',(#1156),#1162,.F.);
#1156 = FACE_BOUND('',#1157,.F.);
#1157 = EDGE_LOOP('',(#1158,#1159,#1160,#1161));
#1158 = ORIENTED_EDGE('',*,*,#1037,.T.);
#1159 = ORIENTED_EDGE('',*,*,#255,.F.);
#1160 = ORIENTED_EDGE('',*,*,#1097,.T.);
#1161 = ORIENTED_EDGE('',*,*,#1005,.F.);
#1162 = ( BOUNDED_SURFACE() B_SPLINE_SURFACE(2,1,(
    (#1163,#1164)
    ,(#1165,#1166)
    ,(#1167,#1168
)),.UNSPECIFIED.,.F.,.F.,.F.) B_SPLINE_SURFACE_WITH_KNOTS((3,3),(2,2),(
    1.570796326795,3.14159265359),(0.,0.7),.PIECEWISE_BEZIER_KNOTS.) 
GEOMETRIC_REPRESENTATION_ITEM() RATIONAL_B_SPLINE_SURFACE((
    (1.,1.)
    ,(0.707106781187,0.707106781187)
,(1.,1.))) REPRESENTATION_ITEM('') SURFACE() );
#1163 = CARTESIAN_POINT('',(1.6,-1.1,1.0001E-03));
#1164 = CARTESIAN_POINT('',(1.6,-1.1,0.7010001));
#1165 = CARTESIAN_POINT('',(1.45,-1.1,1.0001E-03));
#1166 = CARTESIAN_POINT('',(1.45,-1.1,0.7010001));
#1167 = CARTESIAN_POINT('',(1.45,-1.25,1.0001E-03));
#1168 = CARTESIAN_POINT('',(1.45,-1.25,0.7010001));
#1169 = ADVANCED_FACE('',(#1170),#1176,.F.);
#1170 = FACE_BOUND('',#1171,.F.);
#1171 = EDGE_LOOP('',(#1172,#1173,#1174,#1175));
#1172 = ORIENTED_EDGE('',*,*,#990,.T.);
#1173 = ORIENTED_EDGE('',*,*,#1091,.F.);
#1174 = ORIENTED_EDGE('',*,*,#270,.T.);
#1175 = ORIENTED_EDGE('',*,*,#1058,.F.);
#1176 = ( BOUNDED_SURFACE() B_SPLINE_SURFACE(2,1,(
    (#1177,#1178)
    ,(#1179,#1180)
    ,(#1181,#1182
)),.UNSPECIFIED.,.F.,.F.,.F.) B_SPLINE_SURFACE_WITH_KNOTS((3,3),(2,2),(
    0.,1.570796326795),(0.,0.7),.PIECEWISE_BEZIER_KNOTS.) 
GEOMETRIC_REPRESENTATION_ITEM() RATIONAL_B_SPLINE_SURFACE((
    (1.,1.)
    ,(0.707106781187,0.707106781187)
,(1.,1.))) REPRESENTATION_ITEM('') SURFACE() );
#1177 = CARTESIAN_POINT('',(-1.45,-1.25,1.0001E-03));
#1178 = CARTESIAN_POINT('',(-1.45,-1.25,0.7010001));
#1179 = CARTESIAN_POINT('',(-1.45,-1.1,1.0001E-03));
#1180 = CARTESIAN_POINT('',(-1.45,-1.1,0.7010001));
#1181 = CARTESIAN_POINT('',(-1.6,-1.1,1.0001E-03));
#1182 = CARTESIAN_POINT('',(-1.6,-1.1,0.7010001));
#1183 = ADVANCED_FACE('',(#1184),#1201,.T.);
#1184 = FACE_BOUND('',#1185,.T.);
#1185 = EDGE_LOOP('',(#1186,#1187,#1194,#1200));
#1186 = ORIENTED_EDGE('',*,*,#931,.T.);
#1187 = ORIENTED_EDGE('',*,*,#1188,.F.);
#1188 = EDGE_CURVE('',#1189,#925,#1191,.T.);
#1189 = VERTEX_POINT('',#1190);
#1190 = CARTESIAN_POINT('',(1.35,1.15,1.0010001));
#1191 = B_SPLINE_CURVE_WITH_KNOTS('',1,(#1192,#1193),.UNSPECIFIED.,.F.,
  .F.,(2,2),(-0.,0.3),.PIECEWISE_BEZIER_KNOTS.);
#1192 = CARTESIAN_POINT('',(1.35,1.15,1.0010001));
#1193 = CARTESIAN_POINT('',(1.35,1.15,0.7010001));
#1194 = ORIENTED_EDGE('',*,*,#1195,.F.);
#1195 = EDGE_CURVE('',#763,#1189,#1196,.T.);
#1196 = ( BOUNDED_CURVE() B_SPLINE_CURVE(2,(#1197,#1198,#1199),
.UNSPECIFIED.,.F.,.F.) B_SPLINE_CURVE_WITH_KNOTS((3,3),(3.14159265359,
4.712388980385),.PIECEWISE_BEZIER_KNOTS.) CURVE() 
GEOMETRIC_REPRESENTATION_ITEM() RATIONAL_B_SPLINE_CURVE((1.,
0.707106781187,1.)) REPRESENTATION_ITEM('') );
#1197 = CARTESIAN_POINT('',(1.5,1.,1.0010001));
#1198 = CARTESIAN_POINT('',(1.5,1.15,1.0010001));
#1199 = CARTESIAN_POINT('',(1.35,1.15,1.0010001));
#1200 = ORIENTED_EDGE('',*,*,#762,.T.);
#1201 = ( BOUNDED_SURFACE() B_SPLINE_SURFACE(2,1,(
    (#1202,#1203)
    ,(#1204,#1205)
    ,(#1206,#1207
)),.UNSPECIFIED.,.F.,.F.,.F.) B_SPLINE_SURFACE_WITH_KNOTS((3,3),(2,2),(
    1.570796326795,3.14159265359),(0.,0.3),.PIECEWISE_BEZIER_KNOTS.) 
GEOMETRIC_REPRESENTATION_ITEM() RATIONAL_B_SPLINE_SURFACE((
    (1.,1.)
    ,(0.707106781187,0.707106781187)
,(1.,1.))) REPRESENTATION_ITEM('') SURFACE() );
#1202 = CARTESIAN_POINT('',(1.35,1.15,1.0010001));
#1203 = CARTESIAN_POINT('',(1.35,1.15,0.7010001));
#1204 = CARTESIAN_POINT('',(1.5,1.15,1.0010001));
#1205 = CARTESIAN_POINT('',(1.5,1.15,0.7010001));
#1206 = CARTESIAN_POINT('',(1.5,1.,1.0010001));
#1207 = CARTESIAN_POINT('',(1.5,1.,0.7010001));
#1208 = ADVANCED_FACE('',(#1209),#1225,.F.);
#1209 = FACE_BOUND('',#1210,.T.);
#1210 = EDGE_LOOP('',(#1211,#1212,#1219,#1224));
#1211 = ORIENTED_EDGE('',*,*,#924,.T.);
#1212 = ORIENTED_EDGE('',*,*,#1213,.F.);
#1213 = EDGE_CURVE('',#1214,#917,#1216,.T.);
#1214 = VERTEX_POINT('',#1215);
#1215 = CARTESIAN_POINT('',(-1.35,1.15,1.0010001));
#1216 = B_SPLINE_CURVE_WITH_KNOTS('',1,(#1217,#1218),.UNSPECIFIED.,.F.,
  .F.,(2,2),(-0.,0.3),.PIECEWISE_BEZIER_KNOTS.);
#1217 = CARTESIAN_POINT('',(-1.35,1.15,1.0010001));
#1218 = CARTESIAN_POINT('',(-1.35,1.15,0.7010001));
#1219 = ORIENTED_EDGE('',*,*,#1220,.F.);
#1220 = EDGE_CURVE('',#1189,#1214,#1221,.T.);
#1221 = B_SPLINE_CURVE_WITH_KNOTS('',1,(#1222,#1223),.UNSPECIFIED.,.F.,
  .F.,(2,2),(-2.7,-0.),.PIECEWISE_BEZIER_KNOTS.);
#1222 = CARTESIAN_POINT('',(1.35,1.15,1.0010001));
#1223 = CARTESIAN_POINT('',(-1.35,1.15,1.0010001));
#1224 = ORIENTED_EDGE('',*,*,#1188,.T.);
#1225 = B_SPLINE_SURFACE_WITH_KNOTS('',1,1,(
    (#1226,#1227)
    ,(#1228,#1229
    )),.UNSPECIFIED.,.F.,.F.,.F.,(2,2),(2,2),(0.,0.3),(0.,2.7),
  .PIECEWISE_BEZIER_KNOTS.);
#1226 = CARTESIAN_POINT('',(-1.35,1.15,1.0010001));
#1227 = CARTESIAN_POINT('',(1.35,1.15,1.0010001));
#1228 = CARTESIAN_POINT('',(-1.35,1.15,0.7010001));
#1229 = CARTESIAN_POINT('',(1.35,1.15,0.7010001));
#1230 = ADVANCED_FACE('',(#1231),#1242,.T.);
#1231 = FACE_BOUND('',#1232,.T.);
#1232 = EDGE_LOOP('',(#1233,#1234,#1235,#1241));
#1233 = ORIENTED_EDGE('',*,*,#916,.T.);
#1234 = ORIENTED_EDGE('',*,*,#712,.F.);
#1235 = ORIENTED_EDGE('',*,*,#1236,.F.);
#1236 = EDGE_CURVE('',#1214,#706,#1237,.T.);
#1237 = ( BOUNDED_CURVE() B_SPLINE_CURVE(2,(#1238,#1239,#1240),
.UNSPECIFIED.,.F.,.F.) B_SPLINE_CURVE_WITH_KNOTS((3,3),(4.712388980385,
6.28318530718),.PIECEWISE_BEZIER_KNOTS.) CURVE() 
GEOMETRIC_REPRESENTATION_ITEM() RATIONAL_B_SPLINE_CURVE((1.,
0.707106781187,1.)) REPRESENTATION_ITEM('') );
#1238 = CARTESIAN_POINT('',(-1.35,1.15,1.0010001));
#1239 = CARTESIAN_POINT('',(-1.5,1.15,1.0010001));
#1240 = CARTESIAN_POINT('',(-1.5,1.,1.0010001));
#1241 = ORIENTED_EDGE('',*,*,#1213,.T.);
#1242 = ( BOUNDED_SURFACE() B_SPLINE_SURFACE(2,1,(
    (#1243,#1244)
    ,(#1245,#1246)
    ,(#1247,#1248
)),.UNSPECIFIED.,.F.,.F.,.F.) B_SPLINE_SURFACE_WITH_KNOTS((3,3),(2,2),(
    0.,1.570796326795),(0.,0.3),.PIECEWISE_BEZIER_KNOTS.) 
GEOMETRIC_REPRESENTATION_ITEM() RATIONAL_B_SPLINE_SURFACE((
    (1.,1.)
    ,(0.707106781187,0.707106781187)
,(1.,1.))) REPRESENTATION_ITEM('') SURFACE() );
#1243 = CARTESIAN_POINT('',(-1.5,1.,1.0010001));
#1244 = CARTESIAN_POINT('',(-1.5,1.,0.7010001));
#1245 = CARTESIAN_POINT('',(-1.5,1.15,1.0010001));
#1246 = CARTESIAN_POINT('',(-1.5,1.15,0.7010001));
#1247 = CARTESIAN_POINT('',(-1.35,1.15,1.0010001));
#1248 = CARTESIAN_POINT('',(-1.35,1.15,0.7010001));
#1249 = ADVANCED_FACE('',(#1250),#1267,.T.);
#1250 = FACE_BOUND('',#1251,.T.);
#1251 = EDGE_LOOP('',(#1252,#1253,#1260,#1266));
#1252 = ORIENTED_EDGE('',*,*,#969,.T.);
#1253 = ORIENTED_EDGE('',*,*,#1254,.F.);
#1254 = EDGE_CURVE('',#1255,#963,#1257,.T.);
#1255 = VERTEX_POINT('',#1256);
#1256 = CARTESIAN_POINT('',(-1.35,-1.15,1.0010001));
#1257 = B_SPLINE_CURVE_WITH_KNOTS('',1,(#1258,#1259),.UNSPECIFIED.,.F.,
  .F.,(2,2),(-0.,0.3),.PIECEWISE_BEZIER_KNOTS.);
#1258 = CARTESIAN_POINT('',(-1.35,-1.15,1.0010001));
#1259 = CARTESIAN_POINT('',(-1.35,-1.15,0.7010001));
#1260 = ORIENTED_EDGE('',*,*,#1261,.F.);
#1261 = EDGE_CURVE('',#699,#1255,#1262,.T.);
#1262 = ( BOUNDED_CURVE() B_SPLINE_CURVE(2,(#1263,#1264,#1265),
.UNSPECIFIED.,.F.,.F.) B_SPLINE_CURVE_WITH_KNOTS((3,3),(0.,
1.570796326795),.PIECEWISE_BEZIER_KNOTS.) CURVE() 
GEOMETRIC_REPRESENTATION_ITEM() RATIONAL_B_SPLINE_CURVE((1.,
0.707106781187,1.)) REPRESENTATION_ITEM('') );
#1263 = CARTESIAN_POINT('',(-1.5,-1.,1.0010001));
#1264 = CARTESIAN_POINT('',(-1.5,-1.15,1.0010001));
#1265 = CARTESIAN_POINT('',(-1.35,-1.15,1.0010001));
#1266 = ORIENTED_EDGE('',*,*,#698,.T.);
#1267 = ( BOUNDED_SURFACE() B_SPLINE_SURFACE(2,1,(
    (#1268,#1269)
    ,(#1270,#1271)
    ,(#1272,#1273
)),.UNSPECIFIED.,.F.,.F.,.F.) B_SPLINE_SURFACE_WITH_KNOTS((3,3),(2,2),(
    4.712388980385,6.28318530718),(0.,0.3),.PIECEWISE_BEZIER_KNOTS.) 
GEOMETRIC_REPRESENTATION_ITEM() RATIONAL_B_SPLINE_SURFACE((
    (1.,1.)
    ,(0.707106781187,0.707106781187)
,(1.,1.))) REPRESENTATION_ITEM('') SURFACE() );
#1268 = CARTESIAN_POINT('',(-1.35,-1.15,1.0010001));
#1269 = CARTESIAN_POINT('',(-1.35,-1.15,0.7010001));
#1270 = CARTESIAN_POINT('',(-1.5,-1.15,1.0010001));
#1271 = CARTESIAN_POINT('',(-1.5,-1.15,0.7010001));
#1272 = CARTESIAN_POINT('',(-1.5,-1.,1.0010001));
#1273 = CARTESIAN_POINT('',(-1.5,-1.,0.7010001));
#1274 = ADVANCED_FACE('',(#1275),#1291,.F.);
#1275 = FACE_BOUND('',#1276,.T.);
#1276 = EDGE_LOOP('',(#1277,#1278,#1285,#1290));
#1277 = ORIENTED_EDGE('',*,*,#962,.T.);
#1278 = ORIENTED_EDGE('',*,*,#1279,.F.);
#1279 = EDGE_CURVE('',#1280,#955,#1282,.T.);
#1280 = VERTEX_POINT('',#1281);
#1281 = CARTESIAN_POINT('',(1.35,-1.15,1.0010001));
#1282 = B_SPLINE_CURVE_WITH_KNOTS('',1,(#1283,#1284),.UNSPECIFIED.,.F.,
  .F.,(2,2),(-0.,0.3),.PIECEWISE_BEZIER_KNOTS.);
#1283 = CARTESIAN_POINT('',(1.35,-1.15,1.0010001));
#1284 = CARTESIAN_POINT('',(1.35,-1.15,0.7010001));
#1285 = ORIENTED_EDGE('',*,*,#1286,.F.);
#1286 = EDGE_CURVE('',#1255,#1280,#1287,.T.);
#1287 = B_SPLINE_CURVE_WITH_KNOTS('',1,(#1288,#1289),.UNSPECIFIED.,.F.,
  .F.,(2,2),(0.,2.7),.PIECEWISE_BEZIER_KNOTS.);
#1288 = CARTESIAN_POINT('',(-1.35,-1.15,1.0010001));
#1289 = CARTESIAN_POINT('',(1.35,-1.15,1.0010001));
#1290 = ORIENTED_EDGE('',*,*,#1254,.T.);
#1291 = B_SPLINE_SURFACE_WITH_KNOTS('',1,1,(
    (#1292,#1293)
    ,(#1294,#1295
    )),.UNSPECIFIED.,.F.,.F.,.F.,(2,2),(2,2),(-0.3,0.),(0.,2.7),
  .PIECEWISE_BEZIER_KNOTS.);
#1292 = CARTESIAN_POINT('',(-1.35,-1.15,0.7010001));
#1293 = CARTESIAN_POINT('',(1.35,-1.15,0.7010001));
#1294 = CARTESIAN_POINT('',(-1.35,-1.15,1.0010001));
#1295 = CARTESIAN_POINT('',(1.35,-1.15,1.0010001));
#1296 = ADVANCED_FACE('',(#1297),#1308,.T.);
#1297 = FACE_BOUND('',#1298,.T.);
#1298 = EDGE_LOOP('',(#1299,#1300,#1301,#1307));
#1299 = ORIENTED_EDGE('',*,*,#954,.T.);
#1300 = ORIENTED_EDGE('',*,*,#776,.F.);
#1301 = ORIENTED_EDGE('',*,*,#1302,.F.);
#1302 = EDGE_CURVE('',#1280,#770,#1303,.T.);
#1303 = ( BOUNDED_CURVE() B_SPLINE_CURVE(2,(#1304,#1305,#1306),
.UNSPECIFIED.,.F.,.F.) B_SPLINE_CURVE_WITH_KNOTS((3,3),(4.712388980385,
6.28318530718),.PIECEWISE_BEZIER_KNOTS.) CURVE() 
GEOMETRIC_REPRESENTATION_ITEM() RATIONAL_B_SPLINE_CURVE((1.,
0.707106781187,1.)) REPRESENTATION_ITEM('') );
#1304 = CARTESIAN_POINT('',(1.35,-1.15,1.0010001));
#1305 = CARTESIAN_POINT('',(1.5,-1.15,1.0010001));
#1306 = CARTESIAN_POINT('',(1.5,-1.,1.0010001));
#1307 = ORIENTED_EDGE('',*,*,#1279,.T.);
#1308 = ( BOUNDED_SURFACE() B_SPLINE_SURFACE(2,1,(
    (#1309,#1310)
    ,(#1311,#1312)
    ,(#1313,#1314
)),.UNSPECIFIED.,.F.,.F.,.F.) B_SPLINE_SURFACE_WITH_KNOTS((3,3),(2,2),(
    3.14159265359,4.712388980385),(0.,0.3),.PIECEWISE_BEZIER_KNOTS.) 
GEOMETRIC_REPRESENTATION_ITEM() RATIONAL_B_SPLINE_SURFACE((
    (1.,1.)
    ,(0.707106781187,0.707106781187)
,(1.,1.))) REPRESENTATION_ITEM('') SURFACE() );
#1309 = CARTESIAN_POINT('',(1.5,-1.,1.0010001));
#1310 = CARTESIAN_POINT('',(1.5,-1.,0.7010001));
#1311 = CARTESIAN_POINT('',(1.5,-1.15,1.0010001));
#1312 = CARTESIAN_POINT('',(1.5,-1.15,0.7010001));
#1313 = CARTESIAN_POINT('',(1.35,-1.15,1.0010001));
#1314 = CARTESIAN_POINT('',(1.35,-1.15,0.7010001));
#1315 = ADVANCED_FACE('',(#1316),#1326,.F.);
#1316 = FACE_BOUND('',#1317,.T.);
#1317 = EDGE_LOOP('',(#1318,#1319,#1320,#1321,#1322,#1323,#1324,#1325));
#1318 = ORIENTED_EDGE('',*,*,#1195,.T.);
#1319 = ORIENTED_EDGE('',*,*,#1220,.T.);
#1320 = ORIENTED_EDGE('',*,*,#1236,.T.);
#1321 = ORIENTED_EDGE('',*,*,#705,.T.);
#1322 = ORIENTED_EDGE('',*,*,#1261,.T.);
#1323 = ORIENTED_EDGE('',*,*,#1286,.T.);
#1324 = ORIENTED_EDGE('',*,*,#1302,.T.);
#1325 = ORIENTED_EDGE('',*,*,#769,.T.);
#1326 = B_SPLINE_SURFACE_WITH_KNOTS('',1,1,(
    (#1327,#1328)
    ,(#1329,#1330
    )),.UNSPECIFIED.,.F.,.F.,.F.,(2,2),(2,2),(-0.15,2.85),(-2.15,0.15),
  .PIECEWISE_BEZIER_KNOTS.);
#1327 = CARTESIAN_POINT('',(1.5,-1.15,1.0010001));
#1328 = CARTESIAN_POINT('',(1.5,1.15,1.0010001));
#1329 = CARTESIAN_POINT('',(-1.5,-1.15,1.0010001));
#1330 = CARTESIAN_POINT('',(-1.5,1.15,1.0010001));
#1331 = ADVANCED_FACE('',(#1332),#1350,.T.);
#1332 = FACE_BOUND('',#1333,.T.);
#1333 = EDGE_LOOP('',(#1334,#1341,#1346,#1347,#1348,#1349));
#1334 = ORIENTED_EDGE('',*,*,#1335,.F.);
#1335 = EDGE_CURVE('',#1336,#676,#1338,.T.);
#1336 = VERTEX_POINT('',#1337);
#1337 = CARTESIAN_POINT('',(-1.501,-0.151,0.1810001));
#1338 = B_SPLINE_CURVE_WITH_KNOTS('',1,(#1339,#1340),.UNSPECIFIED.,.F.,
  .F.,(2,2),(-1.414213562373E-03,0.),.PIECEWISE_BEZIER_KNOTS.);
#1339 = CARTESIAN_POINT('',(-1.501,-0.151,0.1810001));
#1340 = CARTESIAN_POINT('',(-1.5,-0.15,0.1810001));
#1341 = ORIENTED_EDGE('',*,*,#1342,.T.);
#1342 = EDGE_CURVE('',#1336,#82,#1343,.T.);
#1343 = B_SPLINE_CURVE_WITH_KNOTS('',1,(#1344,#1345),.UNSPECIFIED.,.F.,
  .F.,(2,2),(0.82,1.),.PIECEWISE_BEZIER_KNOTS.);
#1344 = CARTESIAN_POINT('',(-1.501,-0.151,0.1810001));
#1345 = CARTESIAN_POINT('',(-1.501,-0.151,1.0001E-03));
#1346 = ORIENTED_EDGE('',*,*,#285,.F.);
#1347 = ORIENTED_EDGE('',*,*,#1052,.F.);
#1348 = ORIENTED_EDGE('',*,*,#976,.F.);
#1349 = ORIENTED_EDGE('',*,*,#684,.F.);
#1350 = B_SPLINE_SURFACE_WITH_KNOTS('',1,1,(
    (#1351,#1352)
    ,(#1353,#1354
    )),.UNSPECIFIED.,.F.,.F.,.F.,(2,2),(2,2),(0.3,1.),(0.,0.141421356237
    ),.PIECEWISE_BEZIER_KNOTS.);
#1351 = CARTESIAN_POINT('',(-1.5,-0.15,0.7010001));
#1352 = CARTESIAN_POINT('',(-1.6,-0.25,0.7010001));
#1353 = CARTESIAN_POINT('',(-1.5,-0.15,1.0001E-03));
#1354 = CARTESIAN_POINT('',(-1.6,-0.25,1.0001E-03));
#1355 = ADVANCED_FACE('',(#1356),#1374,.T.);
#1356 = FACE_BOUND('',#1357,.T.);
#1357 = EDGE_LOOP('',(#1358,#1359,#1366,#1371,#1372,#1373));
#1358 = ORIENTED_EDGE('',*,*,#139,.F.);
#1359 = ORIENTED_EDGE('',*,*,#1360,.T.);
#1360 = EDGE_CURVE('',#133,#1361,#1363,.T.);
#1361 = VERTEX_POINT('',#1362);
#1362 = CARTESIAN_POINT('',(-1.501,0.151,0.1810001));
#1363 = B_SPLINE_CURVE_WITH_KNOTS('',1,(#1364,#1365),.UNSPECIFIED.,.F.,
  .F.,(2,2),(0.,0.18),.PIECEWISE_BEZIER_KNOTS.);
#1364 = CARTESIAN_POINT('',(-1.501,0.151,1.0001E-03));
#1365 = CARTESIAN_POINT('',(-1.501,0.151,0.1810001));
#1366 = ORIENTED_EDGE('',*,*,#1367,.F.);
#1367 = EDGE_CURVE('',#678,#1361,#1368,.T.);
#1368 = B_SPLINE_CURVE_WITH_KNOTS('',1,(#1369,#1370),.UNSPECIFIED.,.F.,
  .F.,(2,2),(-0.141421356237,-0.140007142675),.PIECEWISE_BEZIER_KNOTS.);
#1369 = CARTESIAN_POINT('',(-1.5,0.15,0.1810001));
#1370 = CARTESIAN_POINT('',(-1.501,0.151,0.1810001));
#1371 = ORIENTED_EDGE('',*,*,#726,.F.);
#1372 = ORIENTED_EDGE('',*,*,#910,.F.);
#1373 = ORIENTED_EDGE('',*,*,#1072,.F.);
#1374 = B_SPLINE_SURFACE_WITH_KNOTS('',1,1,(
    (#1375,#1376)
    ,(#1377,#1378
    )),.UNSPECIFIED.,.F.,.F.,.F.,(2,2),(2,2),(-0.7,0.),(0.,
    0.141421356237),.PIECEWISE_BEZIER_KNOTS.);
#1375 = CARTESIAN_POINT('',(-1.6,0.25,0.7010001));
#1376 = CARTESIAN_POINT('',(-1.5,0.15,0.7010001));
#1377 = CARTESIAN_POINT('',(-1.6,0.25,1.0001E-03));
#1378 = CARTESIAN_POINT('',(-1.5,0.15,1.0001E-03));
#1379 = ADVANCED_FACE('',(#1380),#1390,.F.);
#1380 = FACE_BOUND('',#1381,.T.);
#1381 = EDGE_LOOP('',(#1382,#1383,#1384,#1389));
#1382 = ORIENTED_EDGE('',*,*,#739,.T.);
#1383 = ORIENTED_EDGE('',*,*,#810,.T.);
#1384 = ORIENTED_EDGE('',*,*,#1385,.T.);
#1385 = EDGE_CURVE('',#804,#838,#1386,.T.);
#1386 = B_SPLINE_CURVE_WITH_KNOTS('',1,(#1387,#1388),.UNSPECIFIED.,.F.,
  .F.,(2,2),(-0.151,0.151),.PIECEWISE_BEZIER_KNOTS.);
#1387 = CARTESIAN_POINT('',(1.501,-0.151,0.1810001));
#1388 = CARTESIAN_POINT('',(1.501,0.151,0.1810001));
#1389 = ORIENTED_EDGE('',*,*,#858,.T.);
#1390 = B_SPLINE_SURFACE_WITH_KNOTS('',1,1,(
    (#1391,#1392)
    ,(#1393,#1394
  )),.UNSPECIFIED.,.F.,.F.,.F.,(2,2),(2,2),(-1.501,-1.5),(-0.151,0.151),
  .PIECEWISE_BEZIER_KNOTS.);
#1391 = CARTESIAN_POINT('',(1.501,-0.151,0.1810001));
#1392 = CARTESIAN_POINT('',(1.501,0.151,0.1810001));
#1393 = CARTESIAN_POINT('',(1.5,-0.151,0.1810001));
#1394 = CARTESIAN_POINT('',(1.5,0.151,0.1810001));
#1395 = ADVANCED_FACE('',(#1396),#1442,.T.);
#1396 = FACE_BOUND('',#1397,.T.);
#1397 = EDGE_LOOP('',(#1398,#1408,#1415,#1422,#1429,#1437));
#1398 = ORIENTED_EDGE('',*,*,#1399,.F.);
#1399 = EDGE_CURVE('',#1400,#1402,#1404,.T.);
#1400 = VERTEX_POINT('',#1401);
#1401 = CARTESIAN_POINT('',(1.351,-1.15,1.000000000009E-07));
#1402 = VERTEX_POINT('',#1403);
#1403 = CARTESIAN_POINT('',(1.501,-1.,1.000000000009E-07));
#1404 = ( BOUNDED_CURVE() B_SPLINE_CURVE(2,(#1405,#1406,#1407),
.UNSPECIFIED.,.F.,.F.) B_SPLINE_CURVE_WITH_KNOTS((3,3),(0.,
1.570796326795),.PIECEWISE_BEZIER_KNOTS.) CURVE() 
GEOMETRIC_REPRESENTATION_ITEM() RATIONAL_B_SPLINE_CURVE((1.,
0.707106781187,1.)) REPRESENTATION_ITEM('') );
#1405 = CARTESIAN_POINT('',(1.351,-1.15,1.000000000009E-07));
#1406 = CARTESIAN_POINT('',(1.351,-1.,1.000000000009E-07));
#1407 = CARTESIAN_POINT('',(1.501,-1.,1.000000000009E-07));
#1408 = ORIENTED_EDGE('',*,*,#1409,.F.);
#1409 = EDGE_CURVE('',#1410,#1400,#1412,.T.);
#1410 = VERTEX_POINT('',#1411);
#1411 = CARTESIAN_POINT('',(0.3,-1.15,1.000000000009E-07));
#1412 = B_SPLINE_CURVE_WITH_KNOTS('',1,(#1413,#1414),.UNSPECIFIED.,.F.,
  .F.,(2,2),(0.3,1.351),.PIECEWISE_BEZIER_KNOTS.);
#1413 = CARTESIAN_POINT('',(0.3,-1.15,1.000000000009E-07));
#1414 = CARTESIAN_POINT('',(1.351,-1.15,1.000000000009E-07));
#1415 = ORIENTED_EDGE('',*,*,#1416,.T.);
#1416 = EDGE_CURVE('',#1410,#1417,#1419,.T.);
#1417 = VERTEX_POINT('',#1418);
#1418 = CARTESIAN_POINT('',(0.3,1.15,1.000000000009E-07));
#1419 = B_SPLINE_CURVE_WITH_KNOTS('',1,(#1420,#1421),.UNSPECIFIED.,.F.,
  .F.,(2,2),(-1.15,1.15),.PIECEWISE_BEZIER_KNOTS.);
#1420 = CARTESIAN_POINT('',(0.3,-1.15,1.000000000009E-07));
#1421 = CARTESIAN_POINT('',(0.3,1.15,1.000000000009E-07));
#1422 = ORIENTED_EDGE('',*,*,#1423,.T.);
#1423 = EDGE_CURVE('',#1417,#1424,#1426,.T.);
#1424 = VERTEX_POINT('',#1425);
#1425 = CARTESIAN_POINT('',(1.351,1.15,1.000000000009E-07));
#1426 = B_SPLINE_CURVE_WITH_KNOTS('',1,(#1427,#1428),.UNSPECIFIED.,.F.,
  .F.,(2,2),(0.3,1.351),.PIECEWISE_BEZIER_KNOTS.);
#1427 = CARTESIAN_POINT('',(0.3,1.15,1.000000000009E-07));
#1428 = CARTESIAN_POINT('',(1.351,1.15,1.000000000009E-07));
#1429 = ORIENTED_EDGE('',*,*,#1430,.F.);
#1430 = EDGE_CURVE('',#1431,#1424,#1433,.T.);
#1431 = VERTEX_POINT('',#1432);
#1432 = CARTESIAN_POINT('',(1.501,1.,1.000000000009E-07));
#1433 = ( BOUNDED_CURVE() B_SPLINE_CURVE(2,(#1434,#1435,#1436),
.UNSPECIFIED.,.F.,.F.) B_SPLINE_CURVE_WITH_KNOTS((3,3),(4.712388980385,
6.28318530718),.PIECEWISE_BEZIER_KNOTS.) CURVE() 
GEOMETRIC_REPRESENTATION_ITEM() RATIONAL_B_SPLINE_CURVE((1.,
0.707106781187,1.)) REPRESENTATION_ITEM('') );
#1434 = CARTESIAN_POINT('',(1.501,1.,1.000000000009E-07));
#1435 = CARTESIAN_POINT('',(1.351,1.,1.000000000009E-07));
#1436 = CARTESIAN_POINT('',(1.351,1.15,1.000000000009E-07));
#1437 = ORIENTED_EDGE('',*,*,#1438,.F.);
#1438 = EDGE_CURVE('',#1402,#1431,#1439,.T.);
#1439 = B_SPLINE_CURVE_WITH_KNOTS('',1,(#1440,#1441),.UNSPECIFIED.,.F.,
  .F.,(2,2),(-1.,1.),.PIECEWISE_BEZIER_KNOTS.);
#1440 = CARTESIAN_POINT('',(1.501,-1.,1.000000000009E-07));
#1441 = CARTESIAN_POINT('',(1.501,1.,1.000000000009E-07));
#1442 = B_SPLINE_SURFACE_WITH_KNOTS('',1,1,(
    (#1443,#1444)
    ,(#1445,#1446
  )),.UNSPECIFIED.,.F.,.F.,.F.,(2,2),(2,2),(-1.501,-0.3),(-1.15,1.15),
  .PIECEWISE_BEZIER_KNOTS.);
#1443 = CARTESIAN_POINT('',(1.501,-1.15,1.000000000009E-07));
#1444 = CARTESIAN_POINT('',(1.501,1.15,1.000000000009E-07));
#1445 = CARTESIAN_POINT('',(0.3,-1.15,1.000000000009E-07));
#1446 = CARTESIAN_POINT('',(0.3,1.15,1.000000000009E-07));
#1447 = ADVANCED_FACE('',(#1448),#1462,.F.);
#1448 = FACE_BOUND('',#1449,.F.);
#1449 = EDGE_LOOP('',(#1450,#1455,#1456,#1461));
#1450 = ORIENTED_EDGE('',*,*,#1451,.T.);
#1451 = EDGE_CURVE('',#227,#1402,#1452,.T.);
#1452 = B_SPLINE_CURVE_WITH_KNOTS('',1,(#1453,#1454),.UNSPECIFIED.,.F.,
  .F.,(2,2),(0.18,0.181),.PIECEWISE_BEZIER_KNOTS.);
#1453 = CARTESIAN_POINT('',(1.501,-1.,1.0001E-03));
#1454 = CARTESIAN_POINT('',(1.501,-1.,1.000000000001E-07));
#1455 = ORIENTED_EDGE('',*,*,#1399,.F.);
#1456 = ORIENTED_EDGE('',*,*,#1457,.F.);
#1457 = EDGE_CURVE('',#220,#1400,#1458,.T.);
#1458 = B_SPLINE_CURVE_WITH_KNOTS('',1,(#1459,#1460),.UNSPECIFIED.,.F.,
  .F.,(2,2),(0.18,0.181),.PIECEWISE_BEZIER_KNOTS.);
#1459 = CARTESIAN_POINT('',(1.351,-1.15,1.0001E-03));
#1460 = CARTESIAN_POINT('',(1.351,-1.15,1.000000000001E-07));
#1461 = ORIENTED_EDGE('',*,*,#226,.T.);
#1462 = ( BOUNDED_SURFACE() B_SPLINE_SURFACE(2,1,(
    (#1463,#1464)
    ,(#1465,#1466)
    ,(#1467,#1468
)),.UNSPECIFIED.,.F.,.F.,.F.) B_SPLINE_SURFACE_WITH_KNOTS((3,3),(2,2),(
    0.,1.570796326795),(0.18,0.181),.PIECEWISE_BEZIER_KNOTS.) 
GEOMETRIC_REPRESENTATION_ITEM() RATIONAL_B_SPLINE_SURFACE((
    (1.,1.)
    ,(0.707106781187,0.707106781187)
,(1.,1.))) REPRESENTATION_ITEM('') SURFACE() );
#1463 = CARTESIAN_POINT('',(1.351,-1.15,1.0001E-03));
#1464 = CARTESIAN_POINT('',(1.351,-1.15,1.000000000001E-07));
#1465 = CARTESIAN_POINT('',(1.351,-1.,1.0001E-03));
#1466 = CARTESIAN_POINT('',(1.351,-1.,1.000000000001E-07));
#1467 = CARTESIAN_POINT('',(1.501,-1.,1.0001E-03));
#1468 = CARTESIAN_POINT('',(1.501,-1.,1.000000000001E-07));
#1469 = ADVANCED_FACE('',(#1470),#1484,.F.);
#1470 = FACE_BOUND('',#1471,.T.);
#1471 = EDGE_LOOP('',(#1472,#1473,#1474,#1475,#1480,#1481,#1482,#1483));
#1472 = ORIENTED_EDGE('',*,*,#234,.F.);
#1473 = ORIENTED_EDGE('',*,*,#1451,.T.);
#1474 = ORIENTED_EDGE('',*,*,#1438,.T.);
#1475 = ORIENTED_EDGE('',*,*,#1476,.F.);
#1476 = EDGE_CURVE('',#191,#1431,#1477,.T.);
#1477 = B_SPLINE_CURVE_WITH_KNOTS('',1,(#1478,#1479),.UNSPECIFIED.,.F.,
  .F.,(2,2),(0.18,0.181),.PIECEWISE_BEZIER_KNOTS.);
#1478 = CARTESIAN_POINT('',(1.501,1.,1.0001E-03));
#1479 = CARTESIAN_POINT('',(1.501,1.,1.000000000001E-07));
#1480 = ORIENTED_EDGE('',*,*,#190,.F.);
#1481 = ORIENTED_EDGE('',*,*,#837,.T.);
#1482 = ORIENTED_EDGE('',*,*,#1385,.F.);
#1483 = ORIENTED_EDGE('',*,*,#803,.T.);
#1484 = B_SPLINE_SURFACE_WITH_KNOTS('',1,1,(
    (#1485,#1486)
    ,(#1487,#1488
    )),.UNSPECIFIED.,.F.,.F.,.F.,(2,2),(2,2),(-0.181,1.110223024625E-16)
  ,(-1.,1.),.PIECEWISE_BEZIER_KNOTS.);
#1485 = CARTESIAN_POINT('',(1.501,-1.,1.000000000001E-07));
#1486 = CARTESIAN_POINT('',(1.501,1.,1.000000000001E-07));
#1487 = CARTESIAN_POINT('',(1.501,-1.,0.1810001));
#1488 = CARTESIAN_POINT('',(1.501,1.,0.1810001));
#1489 = ADVANCED_FACE('',(#1490),#1500,.F.);
#1490 = FACE_BOUND('',#1491,.F.);
#1491 = EDGE_LOOP('',(#1492,#1497,#1498,#1499));
#1492 = ORIENTED_EDGE('',*,*,#1493,.T.);
#1493 = EDGE_CURVE('',#198,#1424,#1494,.T.);
#1494 = B_SPLINE_CURVE_WITH_KNOTS('',1,(#1495,#1496),.UNSPECIFIED.,.F.,
  .F.,(2,2),(0.18,0.181),.PIECEWISE_BEZIER_KNOTS.);
#1495 = CARTESIAN_POINT('',(1.351,1.15,1.0001E-03));
#1496 = CARTESIAN_POINT('',(1.351,1.15,1.000000000001E-07));
#1497 = ORIENTED_EDGE('',*,*,#1430,.F.);
#1498 = ORIENTED_EDGE('',*,*,#1476,.F.);
#1499 = ORIENTED_EDGE('',*,*,#197,.T.);
#1500 = ( BOUNDED_SURFACE() B_SPLINE_SURFACE(2,1,(
    (#1501,#1502)
    ,(#1503,#1504)
    ,(#1505,#1506
)),.UNSPECIFIED.,.F.,.F.,.F.) B_SPLINE_SURFACE_WITH_KNOTS((3,3),(2,2),(
    4.712388980385,6.28318530718),(0.18,0.181),
.PIECEWISE_BEZIER_KNOTS.) GEOMETRIC_REPRESENTATION_ITEM() 
RATIONAL_B_SPLINE_SURFACE((
    (1.,1.)
    ,(0.707106781187,0.707106781187)
,(1.,1.))) REPRESENTATION_ITEM('') SURFACE() );
#1501 = CARTESIAN_POINT('',(1.501,1.,1.0001E-03));
#1502 = CARTESIAN_POINT('',(1.501,1.,1.000000000001E-07));
#1503 = CARTESIAN_POINT('',(1.351,1.,1.0001E-03));
#1504 = CARTESIAN_POINT('',(1.351,1.,1.000000000001E-07));
#1505 = CARTESIAN_POINT('',(1.351,1.15,1.0001E-03));
#1506 = CARTESIAN_POINT('',(1.351,1.15,1.000000000001E-07));
#1507 = ADVANCED_FACE('',(#1508),#1518,.T.);
#1508 = FACE_BOUND('',#1509,.T.);
#1509 = EDGE_LOOP('',(#1510,#1515,#1516,#1517));
#1510 = ORIENTED_EDGE('',*,*,#1511,.F.);
#1511 = EDGE_CURVE('',#206,#1417,#1512,.T.);
#1512 = B_SPLINE_CURVE_WITH_KNOTS('',1,(#1513,#1514),.UNSPECIFIED.,.F.,
  .F.,(2,2),(0.18,0.181),.PIECEWISE_BEZIER_KNOTS.);
#1513 = CARTESIAN_POINT('',(0.3,1.15,1.0001E-03));
#1514 = CARTESIAN_POINT('',(0.3,1.15,1.000000000001E-07));
#1515 = ORIENTED_EDGE('',*,*,#205,.T.);
#1516 = ORIENTED_EDGE('',*,*,#1493,.T.);
#1517 = ORIENTED_EDGE('',*,*,#1423,.F.);
#1518 = B_SPLINE_SURFACE_WITH_KNOTS('',1,1,(
    (#1519,#1520)
    ,(#1521,#1522
  )),.UNSPECIFIED.,.F.,.F.,.F.,(2,2),(2,2),(-1.351,-0.3),(-0.181,-0.18),
  .PIECEWISE_BEZIER_KNOTS.);
#1519 = CARTESIAN_POINT('',(1.351,1.15,1.000000000001E-07));
#1520 = CARTESIAN_POINT('',(1.351,1.15,1.0001E-03));
#1521 = CARTESIAN_POINT('',(0.3,1.15,1.000000000001E-07));
#1522 = CARTESIAN_POINT('',(0.3,1.15,1.0001E-03));
#1523 = ADVANCED_FACE('',(#1524),#1534,.T.);
#1524 = FACE_BOUND('',#1525,.T.);
#1525 = EDGE_LOOP('',(#1526,#1531,#1532,#1533));
#1526 = ORIENTED_EDGE('',*,*,#1527,.F.);
#1527 = EDGE_CURVE('',#213,#1410,#1528,.T.);
#1528 = B_SPLINE_CURVE_WITH_KNOTS('',1,(#1529,#1530),.UNSPECIFIED.,.F.,
  .F.,(2,2),(0.18,0.181),.PIECEWISE_BEZIER_KNOTS.);
#1529 = CARTESIAN_POINT('',(0.3,-1.15,1.0001E-03));
#1530 = CARTESIAN_POINT('',(0.3,-1.15,1.000000000001E-07));
#1531 = ORIENTED_EDGE('',*,*,#212,.T.);
#1532 = ORIENTED_EDGE('',*,*,#1511,.T.);
#1533 = ORIENTED_EDGE('',*,*,#1416,.F.);
#1534 = B_SPLINE_SURFACE_WITH_KNOTS('',1,1,(
    (#1535,#1536)
    ,(#1537,#1538
  )),.UNSPECIFIED.,.F.,.F.,.F.,(2,2),(2,2),(-0.181,-0.18),(-1.15,1.15),
  .PIECEWISE_BEZIER_KNOTS.);
#1535 = CARTESIAN_POINT('',(0.3,-1.15,1.000000000001E-07));
#1536 = CARTESIAN_POINT('',(0.3,1.15,1.000000000001E-07));
#1537 = CARTESIAN_POINT('',(0.3,-1.15,1.0001E-03));
#1538 = CARTESIAN_POINT('',(0.3,1.15,1.0001E-03));
#1539 = ADVANCED_FACE('',(#1540),#1546,.F.);
#1540 = FACE_BOUND('',#1541,.T.);
#1541 = EDGE_LOOP('',(#1542,#1543,#1544,#1545));
#1542 = ORIENTED_EDGE('',*,*,#219,.F.);
#1543 = ORIENTED_EDGE('',*,*,#1527,.T.);
#1544 = ORIENTED_EDGE('',*,*,#1409,.T.);
#1545 = ORIENTED_EDGE('',*,*,#1457,.F.);
#1546 = B_SPLINE_SURFACE_WITH_KNOTS('',1,1,(
    (#1547,#1548)
    ,(#1549,#1550
  )),.UNSPECIFIED.,.F.,.F.,.F.,(2,2),(2,2),(-1.351,-0.3),(-0.181,-0.18),
  .PIECEWISE_BEZIER_KNOTS.);
#1547 = CARTESIAN_POINT('',(1.351,-1.15,1.000000000001E-07));
#1548 = CARTESIAN_POINT('',(1.351,-1.15,1.0001E-03));
#1549 = CARTESIAN_POINT('',(0.3,-1.15,1.000000000001E-07));
#1550 = CARTESIAN_POINT('',(0.3,-1.15,1.0001E-03));
#1551 = ADVANCED_FACE('',(#1552),#1562,.F.);
#1552 = FACE_BOUND('',#1553,.T.);
#1553 = EDGE_LOOP('',(#1554,#1559,#1560,#1561));
#1554 = ORIENTED_EDGE('',*,*,#1555,.F.);
#1555 = EDGE_CURVE('',#1336,#1361,#1556,.T.);
#1556 = B_SPLINE_CURVE_WITH_KNOTS('',1,(#1557,#1558),.UNSPECIFIED.,.F.,
  .F.,(2,2),(-0.151,0.151),.PIECEWISE_BEZIER_KNOTS.);
#1557 = CARTESIAN_POINT('',(-1.501,-0.151,0.1810001));
#1558 = CARTESIAN_POINT('',(-1.501,0.151,0.1810001));
#1559 = ORIENTED_EDGE('',*,*,#1335,.T.);
#1560 = ORIENTED_EDGE('',*,*,#675,.T.);
#1561 = ORIENTED_EDGE('',*,*,#1367,.T.);
#1562 = B_SPLINE_SURFACE_WITH_KNOTS('',1,1,(
    (#1563,#1564)
    ,(#1565,#1566
  )),.UNSPECIFIED.,.F.,.F.,.F.,(2,2),(2,2),(-1.501,-1.5),(-0.151,0.151),
  .PIECEWISE_BEZIER_KNOTS.);
#1563 = CARTESIAN_POINT('',(-1.501,0.151,0.1810001));
#1564 = CARTESIAN_POINT('',(-1.501,-0.151,0.1810001));
#1565 = CARTESIAN_POINT('',(-1.5,0.151,0.1810001));
#1566 = CARTESIAN_POINT('',(-1.5,-0.151,0.1810001));
#1567 = ADVANCED_FACE('',(#1568),#1621,.T.);
#1568 = FACE_BOUND('',#1569,.T.);
#1569 = EDGE_LOOP('',(#1570,#1579,#1586,#1593,#1600,#1608,#1615));
#1570 = ORIENTED_EDGE('',*,*,#1571,.F.);
#1571 = EDGE_CURVE('',#1572,#1574,#1576,.T.);
#1572 = VERTEX_POINT('',#1573);
#1573 = CARTESIAN_POINT('',(-0.5,1.15,1.000000000009E-07));
#1574 = VERTEX_POINT('',#1575);
#1575 = CARTESIAN_POINT('',(-1.351,1.15,1.000000000009E-07));
#1576 = B_SPLINE_CURVE_WITH_KNOTS('',1,(#1577,#1578),.UNSPECIFIED.,.F.,
  .F.,(2,2),(0.5,1.351),.PIECEWISE_BEZIER_KNOTS.);
#1577 = CARTESIAN_POINT('',(-0.5,1.15,1.000000000009E-07));
#1578 = CARTESIAN_POINT('',(-1.351,1.15,1.000000000009E-07));
#1579 = ORIENTED_EDGE('',*,*,#1580,.T.);
#1580 = EDGE_CURVE('',#1572,#1581,#1583,.T.);
#1581 = VERTEX_POINT('',#1582);
#1582 = CARTESIAN_POINT('',(-0.3,0.95,1.000000000009E-07));
#1583 = B_SPLINE_CURVE_WITH_KNOTS('',1,(#1584,#1585),.UNSPECIFIED.,.F.,
  .F.,(2,2),(-1.166726188958,-0.883883476483),.PIECEWISE_BEZIER_KNOTS.);
#1584 = CARTESIAN_POINT('',(-0.5,1.15,1.000000000009E-07));
#1585 = CARTESIAN_POINT('',(-0.3,0.95,1.000000000009E-07));
#1586 = ORIENTED_EDGE('',*,*,#1587,.F.);
#1587 = EDGE_CURVE('',#1588,#1581,#1590,.T.);
#1588 = VERTEX_POINT('',#1589);
#1589 = CARTESIAN_POINT('',(-0.3,-1.15,1.000000000009E-07));
#1590 = B_SPLINE_CURVE_WITH_KNOTS('',1,(#1591,#1592),.UNSPECIFIED.,.F.,
  .F.,(2,2),(-1.15,0.95),.PIECEWISE_BEZIER_KNOTS.);
#1591 = CARTESIAN_POINT('',(-0.3,-1.15,1.000000000009E-07));
#1592 = CARTESIAN_POINT('',(-0.3,0.95,1.000000000009E-07));
#1593 = ORIENTED_EDGE('',*,*,#1594,.T.);
#1594 = EDGE_CURVE('',#1588,#1595,#1597,.T.);
#1595 = VERTEX_POINT('',#1596);
#1596 = CARTESIAN_POINT('',(-1.351,-1.15,1.000000000009E-07));
#1597 = B_SPLINE_CURVE_WITH_KNOTS('',1,(#1598,#1599),.UNSPECIFIED.,.F.,
  .F.,(2,2),(0.3,1.351),.PIECEWISE_BEZIER_KNOTS.);
#1598 = CARTESIAN_POINT('',(-0.3,-1.15,1.000000000009E-07));
#1599 = CARTESIAN_POINT('',(-1.351,-1.15,1.000000000009E-07));
#1600 = ORIENTED_EDGE('',*,*,#1601,.T.);
#1601 = EDGE_CURVE('',#1595,#1602,#1604,.T.);
#1602 = VERTEX_POINT('',#1603);
#1603 = CARTESIAN_POINT('',(-1.501,-1.,1.000000000009E-07));
#1604 = ( BOUNDED_CURVE() B_SPLINE_CURVE(2,(#1605,#1606,#1607),
.UNSPECIFIED.,.F.,.F.) B_SPLINE_CURVE_WITH_KNOTS((3,3),(0.,
1.570796326795),.PIECEWISE_BEZIER_KNOTS.) CURVE() 
GEOMETRIC_REPRESENTATION_ITEM() RATIONAL_B_SPLINE_CURVE((1.,
0.707106781187,1.)) REPRESENTATION_ITEM('') );
#1605 = CARTESIAN_POINT('',(-1.351,-1.15,1.000000000009E-07));
#1606 = CARTESIAN_POINT('',(-1.351,-1.,1.000000000009E-07));
#1607 = CARTESIAN_POINT('',(-1.501,-1.,1.000000000009E-07));
#1608 = ORIENTED_EDGE('',*,*,#1609,.T.);
#1609 = EDGE_CURVE('',#1602,#1610,#1612,.T.);
#1610 = VERTEX_POINT('',#1611);
#1611 = CARTESIAN_POINT('',(-1.501,1.,1.000000000009E-07));
#1612 = B_SPLINE_CURVE_WITH_KNOTS('',1,(#1613,#1614),.UNSPECIFIED.,.F.,
  .F.,(2,2),(-1.,1.),.PIECEWISE_BEZIER_KNOTS.);
#1613 = CARTESIAN_POINT('',(-1.501,-1.,1.000000000009E-07));
#1614 = CARTESIAN_POINT('',(-1.501,1.,1.000000000009E-07));
#1615 = ORIENTED_EDGE('',*,*,#1616,.T.);
#1616 = EDGE_CURVE('',#1610,#1574,#1617,.T.);
#1617 = ( BOUNDED_CURVE() B_SPLINE_CURVE(2,(#1618,#1619,#1620),
.UNSPECIFIED.,.F.,.F.) B_SPLINE_CURVE_WITH_KNOTS((3,3),(4.712388980385,
6.28318530718),.PIECEWISE_BEZIER_KNOTS.) CURVE() 
GEOMETRIC_REPRESENTATION_ITEM() RATIONAL_B_SPLINE_CURVE((1.,
0.707106781187,1.)) REPRESENTATION_ITEM('') );
#1618 = CARTESIAN_POINT('',(-1.501,1.,1.000000000009E-07));
#1619 = CARTESIAN_POINT('',(-1.351,1.,1.000000000009E-07));
#1620 = CARTESIAN_POINT('',(-1.351,1.15,1.000000000009E-07));
#1621 = B_SPLINE_SURFACE_WITH_KNOTS('',1,1,(
    (#1622,#1623)
    ,(#1624,#1625
  )),.UNSPECIFIED.,.F.,.F.,.F.,(2,2),(2,2),(-1.501,-0.3),(-1.15,1.15),
  .PIECEWISE_BEZIER_KNOTS.);
#1622 = CARTESIAN_POINT('',(-1.501,1.15,1.000000000009E-07));
#1623 = CARTESIAN_POINT('',(-1.501,-1.15,1.000000000009E-07));
#1624 = CARTESIAN_POINT('',(-0.3,1.15,1.000000000009E-07));
#1625 = CARTESIAN_POINT('',(-0.3,-1.15,1.000000000009E-07));
#1626 = ADVANCED_FACE('',(#1627),#1641,.F.);
#1627 = FACE_BOUND('',#1628,.F.);
#1628 = EDGE_LOOP('',(#1629,#1630,#1635,#1636));
#1629 = ORIENTED_EDGE('',*,*,#1601,.T.);
#1630 = ORIENTED_EDGE('',*,*,#1631,.F.);
#1631 = EDGE_CURVE('',#80,#1602,#1632,.T.);
#1632 = B_SPLINE_CURVE_WITH_KNOTS('',1,(#1633,#1634),.UNSPECIFIED.,.F.,
  .F.,(2,2),(0.18,0.181),.PIECEWISE_BEZIER_KNOTS.);
#1633 = CARTESIAN_POINT('',(-1.501,-1.,1.0001E-03));
#1634 = CARTESIAN_POINT('',(-1.501,-1.,1.000000000001E-07));
#1635 = ORIENTED_EDGE('',*,*,#88,.F.);
#1636 = ORIENTED_EDGE('',*,*,#1637,.T.);
#1637 = EDGE_CURVE('',#89,#1595,#1638,.T.);
#1638 = B_SPLINE_CURVE_WITH_KNOTS('',1,(#1639,#1640),.UNSPECIFIED.,.F.,
  .F.,(2,2),(0.18,0.181),.PIECEWISE_BEZIER_KNOTS.);
#1639 = CARTESIAN_POINT('',(-1.351,-1.15,1.0001E-03));
#1640 = CARTESIAN_POINT('',(-1.351,-1.15,1.000000000001E-07));
#1641 = ( BOUNDED_SURFACE() B_SPLINE_SURFACE(2,1,(
    (#1642,#1643)
    ,(#1644,#1645)
    ,(#1646,#1647
)),.UNSPECIFIED.,.F.,.F.,.F.) B_SPLINE_SURFACE_WITH_KNOTS((3,3),(2,2),(
    1.570796326795,3.14159265359),(0.18,0.181),
.PIECEWISE_BEZIER_KNOTS.) GEOMETRIC_REPRESENTATION_ITEM() 
RATIONAL_B_SPLINE_SURFACE((
    (1.,1.)
    ,(0.707106781187,0.707106781187)
,(1.,1.))) REPRESENTATION_ITEM('') SURFACE() );
#1642 = CARTESIAN_POINT('',(-1.501,-1.,1.0001E-03));
#1643 = CARTESIAN_POINT('',(-1.501,-1.,1.000000000001E-07));
#1644 = CARTESIAN_POINT('',(-1.351,-1.,1.0001E-03));
#1645 = CARTESIAN_POINT('',(-1.351,-1.,1.000000000001E-07));
#1646 = CARTESIAN_POINT('',(-1.351,-1.15,1.0001E-03));
#1647 = CARTESIAN_POINT('',(-1.351,-1.15,1.000000000001E-07));
#1648 = ADVANCED_FACE('',(#1649),#1659,.T.);
#1649 = FACE_BOUND('',#1650,.T.);
#1650 = EDGE_LOOP('',(#1651,#1656,#1657,#1658));
#1651 = ORIENTED_EDGE('',*,*,#1652,.F.);
#1652 = EDGE_CURVE('',#97,#1588,#1653,.T.);
#1653 = B_SPLINE_CURVE_WITH_KNOTS('',1,(#1654,#1655),.UNSPECIFIED.,.F.,
  .F.,(2,2),(0.18,0.181),.PIECEWISE_BEZIER_KNOTS.);
#1654 = CARTESIAN_POINT('',(-0.3,-1.15,1.0001E-03));
#1655 = CARTESIAN_POINT('',(-0.3,-1.15,1.000000000001E-07));
#1656 = ORIENTED_EDGE('',*,*,#96,.T.);
#1657 = ORIENTED_EDGE('',*,*,#1637,.T.);
#1658 = ORIENTED_EDGE('',*,*,#1594,.F.);
#1659 = B_SPLINE_SURFACE_WITH_KNOTS('',1,1,(
    (#1660,#1661)
    ,(#1662,#1663
  )),.UNSPECIFIED.,.F.,.F.,.F.,(2,2),(2,2),(-1.351,-0.3),(-0.181,-0.18),
  .PIECEWISE_BEZIER_KNOTS.);
#1660 = CARTESIAN_POINT('',(-1.351,-1.15,1.000000000001E-07));
#1661 = CARTESIAN_POINT('',(-1.351,-1.15,1.0001E-03));
#1662 = CARTESIAN_POINT('',(-0.3,-1.15,1.000000000001E-07));
#1663 = CARTESIAN_POINT('',(-0.3,-1.15,1.0001E-03));
#1664 = ADVANCED_FACE('',(#1665),#1675,.F.);
#1665 = FACE_BOUND('',#1666,.T.);
#1666 = EDGE_LOOP('',(#1667,#1668,#1673,#1674));
#1667 = ORIENTED_EDGE('',*,*,#1587,.T.);
#1668 = ORIENTED_EDGE('',*,*,#1669,.T.);
#1669 = EDGE_CURVE('',#1581,#104,#1670,.T.);
#1670 = B_SPLINE_CURVE_WITH_KNOTS('',1,(#1671,#1672),.UNSPECIFIED.,.F.,
  .F.,(2,2),(-0.181,-0.18),.PIECEWISE_BEZIER_KNOTS.);
#1671 = CARTESIAN_POINT('',(-0.3,0.95,1.000000000001E-07));
#1672 = CARTESIAN_POINT('',(-0.3,0.95,1.0001E-03));
#1673 = ORIENTED_EDGE('',*,*,#103,.F.);
#1674 = ORIENTED_EDGE('',*,*,#1652,.T.);
#1675 = B_SPLINE_SURFACE_WITH_KNOTS('',1,1,(
    (#1676,#1677)
    ,(#1678,#1679
  )),.UNSPECIFIED.,.F.,.F.,.F.,(2,2),(2,2),(-0.181,-0.18),(-1.15,0.95),
  .PIECEWISE_BEZIER_KNOTS.);
#1676 = CARTESIAN_POINT('',(-0.3,-1.15,1.000000000001E-07));
#1677 = CARTESIAN_POINT('',(-0.3,0.95,1.000000000001E-07));
#1678 = CARTESIAN_POINT('',(-0.3,-1.15,1.0001E-03));
#1679 = CARTESIAN_POINT('',(-0.3,0.95,1.0001E-03));
#1680 = ADVANCED_FACE('',(#1681),#1695,.F.);
#1681 = FACE_BOUND('',#1682,.T.);
#1682 = EDGE_LOOP('',(#1683,#1684,#1689,#1690));
#1683 = ORIENTED_EDGE('',*,*,#117,.F.);
#1684 = ORIENTED_EDGE('',*,*,#1685,.T.);
#1685 = EDGE_CURVE('',#111,#1572,#1686,.T.);
#1686 = B_SPLINE_CURVE_WITH_KNOTS('',1,(#1687,#1688),.UNSPECIFIED.,.F.,
  .F.,(2,2),(0.18,0.181),.PIECEWISE_BEZIER_KNOTS.);
#1687 = CARTESIAN_POINT('',(-0.5,1.15,1.0001E-03));
#1688 = CARTESIAN_POINT('',(-0.5,1.15,1.000000000001E-07));
#1689 = ORIENTED_EDGE('',*,*,#1571,.T.);
#1690 = ORIENTED_EDGE('',*,*,#1691,.F.);
#1691 = EDGE_CURVE('',#118,#1574,#1692,.T.);
#1692 = B_SPLINE_CURVE_WITH_KNOTS('',1,(#1693,#1694),.UNSPECIFIED.,.F.,
  .F.,(2,2),(0.18,0.181),.PIECEWISE_BEZIER_KNOTS.);
#1693 = CARTESIAN_POINT('',(-1.351,1.15,1.0001E-03));
#1694 = CARTESIAN_POINT('',(-1.351,1.15,1.000000000001E-07));
#1695 = B_SPLINE_SURFACE_WITH_KNOTS('',1,1,(
    (#1696,#1697)
    ,(#1698,#1699
  )),.UNSPECIFIED.,.F.,.F.,.F.,(2,2),(2,2),(-1.351,-0.5),(-0.181,-0.18),
  .PIECEWISE_BEZIER_KNOTS.);
#1696 = CARTESIAN_POINT('',(-1.351,1.15,1.000000000001E-07));
#1697 = CARTESIAN_POINT('',(-1.351,1.15,1.0001E-03));
#1698 = CARTESIAN_POINT('',(-0.5,1.15,1.000000000001E-07));
#1699 = CARTESIAN_POINT('',(-0.5,1.15,1.0001E-03));
#1700 = ADVANCED_FACE('',(#1701),#1711,.F.);
#1701 = FACE_BOUND('',#1702,.F.);
#1702 = EDGE_LOOP('',(#1703,#1704,#1705,#1706));
#1703 = ORIENTED_EDGE('',*,*,#1616,.T.);
#1704 = ORIENTED_EDGE('',*,*,#1691,.F.);
#1705 = ORIENTED_EDGE('',*,*,#124,.F.);
#1706 = ORIENTED_EDGE('',*,*,#1707,.T.);
#1707 = EDGE_CURVE('',#125,#1610,#1708,.T.);
#1708 = B_SPLINE_CURVE_WITH_KNOTS('',1,(#1709,#1710),.UNSPECIFIED.,.F.,
  .F.,(2,2),(0.18,0.181),.PIECEWISE_BEZIER_KNOTS.);
#1709 = CARTESIAN_POINT('',(-1.501,1.,1.0001E-03));
#1710 = CARTESIAN_POINT('',(-1.501,1.,1.000000000001E-07));
#1711 = ( BOUNDED_SURFACE() B_SPLINE_SURFACE(2,1,(
    (#1712,#1713)
    ,(#1714,#1715)
    ,(#1716,#1717
)),.UNSPECIFIED.,.F.,.F.,.F.) B_SPLINE_SURFACE_WITH_KNOTS((3,3),(2,2),(
    3.14159265359,4.712388980385),(0.18,0.181),
.PIECEWISE_BEZIER_KNOTS.) GEOMETRIC_REPRESENTATION_ITEM() 
RATIONAL_B_SPLINE_SURFACE((
    (1.,1.)
    ,(0.707106781187,0.707106781187)
,(1.,1.))) REPRESENTATION_ITEM('') SURFACE() );
#1712 = CARTESIAN_POINT('',(-1.351,1.15,1.0001E-03));
#1713 = CARTESIAN_POINT('',(-1.351,1.15,1.000000000001E-07));
#1714 = CARTESIAN_POINT('',(-1.351,1.,1.0001E-03));
#1715 = CARTESIAN_POINT('',(-1.351,1.,1.000000000001E-07));
#1716 = CARTESIAN_POINT('',(-1.501,1.,1.0001E-03));
#1717 = CARTESIAN_POINT('',(-1.501,1.,1.000000000001E-07));
#1718 = ADVANCED_FACE('',(#1719),#1729,.T.);
#1719 = FACE_BOUND('',#1720,.T.);
#1720 = EDGE_LOOP('',(#1721,#1722,#1723,#1724,#1725,#1726,#1727,#1728));
#1721 = ORIENTED_EDGE('',*,*,#1631,.F.);
#1722 = ORIENTED_EDGE('',*,*,#79,.T.);
#1723 = ORIENTED_EDGE('',*,*,#1342,.F.);
#1724 = ORIENTED_EDGE('',*,*,#1555,.T.);
#1725 = ORIENTED_EDGE('',*,*,#1360,.F.);
#1726 = ORIENTED_EDGE('',*,*,#132,.T.);
#1727 = ORIENTED_EDGE('',*,*,#1707,.T.);
#1728 = ORIENTED_EDGE('',*,*,#1609,.F.);
#1729 = B_SPLINE_SURFACE_WITH_KNOTS('',1,1,(
    (#1730,#1731)
    ,(#1732,#1733
    )),.UNSPECIFIED.,.F.,.F.,.F.,(2,2),(2,2),(-0.181,1.110223024625E-16)
  ,(-1.,1.),.PIECEWISE_BEZIER_KNOTS.);
#1730 = CARTESIAN_POINT('',(-1.501,-1.,1.000000000001E-07));
#1731 = CARTESIAN_POINT('',(-1.501,1.,1.000000000001E-07));
#1732 = CARTESIAN_POINT('',(-1.501,-1.,0.1810001));
#1733 = CARTESIAN_POINT('',(-1.501,1.,0.1810001));
#1734 = ADVANCED_FACE('',(#1735),#1741,.F.);
#1735 = FACE_BOUND('',#1736,.T.);
#1736 = EDGE_LOOP('',(#1737,#1738,#1739,#1740));
#1737 = ORIENTED_EDGE('',*,*,#110,.F.);
#1738 = ORIENTED_EDGE('',*,*,#1669,.F.);
#1739 = ORIENTED_EDGE('',*,*,#1580,.F.);
#1740 = ORIENTED_EDGE('',*,*,#1685,.F.);
#1741 = B_SPLINE_SURFACE_WITH_KNOTS('',1,1,(
    (#1742,#1743)
    ,(#1744,#1745
    )),.UNSPECIFIED.,.F.,.F.,.F.,(2,2),(2,2),(0.18,0.181),(0.,
    0.282842712475),.PIECEWISE_BEZIER_KNOTS.);
#1742 = CARTESIAN_POINT('',(-0.5,1.15,1.0001E-03));
#1743 = CARTESIAN_POINT('',(-0.3,0.95,1.0001E-03));
#1744 = CARTESIAN_POINT('',(-0.5,1.15,1.000000000001E-07));
#1745 = CARTESIAN_POINT('',(-0.3,0.95,1.000000000001E-07));
#1746 = ADVANCED_FACE('',(#1747),#1769,.T.);
#1747 = FACE_BOUND('',#1748,.T.);
#1748 = EDGE_LOOP('',(#1749,#1750,#1757,#1764));
#1749 = ORIENTED_EDGE('',*,*,#30,.F.);
#1750 = ORIENTED_EDGE('',*,*,#1751,.F.);
#1751 = EDGE_CURVE('',#1752,#24,#1754,.T.);
#1752 = VERTEX_POINT('',#1753);
#1753 = CARTESIAN_POINT('',(-0.169512195122,5.167270757822E-02,
    2.10001E-02));
#1754 = B_SPLINE_CURVE_WITH_KNOTS('',1,(#1755,#1756),.UNSPECIFIED.,.F.,
  .F.,(2,2),(-0.,2.E-02),.PIECEWISE_BEZIER_KNOTS.);
#1755 = CARTESIAN_POINT('',(-0.169512195122,5.167270757822E-02,
    2.10001E-02));
#1756 = CARTESIAN_POINT('',(-0.169512195122,5.167270757822E-02,
    1.0001E-03));
#1757 = ORIENTED_EDGE('',*,*,#1758,.T.);
#1758 = EDGE_CURVE('',#1752,#1759,#1761,.T.);
#1759 = VERTEX_POINT('',#1760);
#1760 = CARTESIAN_POINT('',(-0.208536585366,-4.832729242178E-02,
    2.10001E-02));
#1761 = B_SPLINE_CURVE_WITH_KNOTS('',1,(#1762,#1763),.UNSPECIFIED.,.F.,
  .F.,(2,2),(0.,0.107344785779),.PIECEWISE_BEZIER_KNOTS.);
#1762 = CARTESIAN_POINT('',(-0.169512195122,5.167270757822E-02,
    2.10001E-02));
#1763 = CARTESIAN_POINT('',(-0.208536585366,-4.832729242178E-02,
    2.10001E-02));
#1764 = ORIENTED_EDGE('',*,*,#1765,.T.);
#1765 = EDGE_CURVE('',#1759,#31,#1766,.T.);
#1766 = B_SPLINE_CURVE_WITH_KNOTS('',1,(#1767,#1768),.UNSPECIFIED.,.F.,
  .F.,(2,2),(-0.,2.E-02),.PIECEWISE_BEZIER_KNOTS.);
#1767 = CARTESIAN_POINT('',(-0.208536585366,-4.832729242178E-02,
    2.10001E-02));
#1768 = CARTESIAN_POINT('',(-0.208536585366,-4.832729242178E-02,
    1.0001E-03));
#1769 = B_SPLINE_SURFACE_WITH_KNOTS('',1,1,(
    (#1770,#1771)
    ,(#1772,#1773
    )),.UNSPECIFIED.,.F.,.F.,.F.,(2,2),(2,2),(-0.107344785779,0.),(
    -2.E-02,0.),.PIECEWISE_BEZIER_KNOTS.);
#1770 = CARTESIAN_POINT('',(-0.208536585366,-4.832729242178E-02,
    1.0001E-03));
#1771 = CARTESIAN_POINT('',(-0.208536585366,-4.832729242178E-02,
    2.10001E-02));
#1772 = CARTESIAN_POINT('',(-0.169512195122,5.167270757822E-02,
    1.0001E-03));
#1773 = CARTESIAN_POINT('',(-0.169512195122,5.167270757822E-02,
    2.10001E-02));
#1774 = ADVANCED_FACE('',(#1775),#1791,.T.);
#1775 = FACE_BOUND('',#1776,.T.);
#1776 = EDGE_LOOP('',(#1777,#1778,#1779,#1786));
#1777 = ORIENTED_EDGE('',*,*,#37,.F.);
#1778 = ORIENTED_EDGE('',*,*,#1765,.F.);
#1779 = ORIENTED_EDGE('',*,*,#1780,.T.);
#1780 = EDGE_CURVE('',#1759,#1781,#1783,.T.);
#1781 = VERTEX_POINT('',#1782);
#1782 = CARTESIAN_POINT('',(-0.193902439024,-4.832729242178E-02,
    2.10001E-02));
#1783 = B_SPLINE_CURVE_WITH_KNOTS('',1,(#1784,#1785),.UNSPECIFIED.,.F.,
  .F.,(2,2),(0.,1.463414634146E-02),.PIECEWISE_BEZIER_KNOTS.);
#1784 = CARTESIAN_POINT('',(-0.208536585366,-4.832729242178E-02,
    2.10001E-02));
#1785 = CARTESIAN_POINT('',(-0.193902439024,-4.832729242178E-02,
    2.10001E-02));
#1786 = ORIENTED_EDGE('',*,*,#1787,.T.);
#1787 = EDGE_CURVE('',#1781,#38,#1788,.T.);
#1788 = B_SPLINE_CURVE_WITH_KNOTS('',1,(#1789,#1790),.UNSPECIFIED.,.F.,
  .F.,(2,2),(-0.,2.E-02),.PIECEWISE_BEZIER_KNOTS.);
#1789 = CARTESIAN_POINT('',(-0.193902439024,-4.832729242178E-02,
    2.10001E-02));
#1790 = CARTESIAN_POINT('',(-0.193902439024,-4.832729242178E-02,
    1.0001E-03));
#1791 = B_SPLINE_SURFACE_WITH_KNOTS('',1,1,(
    (#1792,#1793)
    ,(#1794,#1795
    )),.UNSPECIFIED.,.F.,.F.,.F.,(2,2),(2,2),(-2.E-02,0.),(0.,
    1.463414634146E-02),.PIECEWISE_BEZIER_KNOTS.);
#1792 = CARTESIAN_POINT('',(-0.208536585366,-4.832729242178E-02,
    1.0001E-03));
#1793 = CARTESIAN_POINT('',(-0.193902439024,-4.832729242178E-02,
    1.0001E-03));
#1794 = CARTESIAN_POINT('',(-0.208536585366,-4.832729242178E-02,
    2.10001E-02));
#1795 = CARTESIAN_POINT('',(-0.193902439024,-4.832729242178E-02,
    2.10001E-02));
#1796 = ADVANCED_FACE('',(#1797),#1813,.T.);
#1797 = FACE_BOUND('',#1798,.T.);
#1798 = EDGE_LOOP('',(#1799,#1800,#1801,#1808));
#1799 = ORIENTED_EDGE('',*,*,#44,.F.);
#1800 = ORIENTED_EDGE('',*,*,#1787,.F.);
#1801 = ORIENTED_EDGE('',*,*,#1802,.T.);
#1802 = EDGE_CURVE('',#1781,#1803,#1805,.T.);
#1803 = VERTEX_POINT('',#1804);
#1804 = CARTESIAN_POINT('',(-0.18378429878,-2.027851193397E-02,
    2.10001E-02));
#1805 = B_SPLINE_CURVE_WITH_KNOTS('',1,(#1806,#1807),.UNSPECIFIED.,.F.,
  .F.,(2,2),(0.,2.981796184933E-02),.PIECEWISE_BEZIER_KNOTS.);
#1806 = CARTESIAN_POINT('',(-0.193902439024,-4.832729242178E-02,
    2.10001E-02));
#1807 = CARTESIAN_POINT('',(-0.18378429878,-2.027851193397E-02,
    2.10001E-02));
#1808 = ORIENTED_EDGE('',*,*,#1809,.T.);
#1809 = EDGE_CURVE('',#1803,#45,#1810,.T.);
#1810 = B_SPLINE_CURVE_WITH_KNOTS('',1,(#1811,#1812),.UNSPECIFIED.,.F.,
  .F.,(2,2),(-0.,2.E-02),.PIECEWISE_BEZIER_KNOTS.);
#1811 = CARTESIAN_POINT('',(-0.18378429878,-2.027851193397E-02,
    2.10001E-02));
#1812 = CARTESIAN_POINT('',(-0.18378429878,-2.027851193397E-02,
    1.0001E-03));
#1813 = B_SPLINE_SURFACE_WITH_KNOTS('',1,1,(
    (#1814,#1815)
    ,(#1816,#1817
    )),.UNSPECIFIED.,.F.,.F.,.F.,(2,2),(2,2),(-2.981796184933E-02,0.),(
    -2.E-02,0.),.PIECEWISE_BEZIER_KNOTS.);
#1814 = CARTESIAN_POINT('',(-0.18378429878,-2.027851193397E-02,
    1.0001E-03));
#1815 = CARTESIAN_POINT('',(-0.18378429878,-2.027851193397E-02,
    2.10001E-02));
#1816 = CARTESIAN_POINT('',(-0.193902439024,-4.832729242178E-02,
    1.0001E-03));
#1817 = CARTESIAN_POINT('',(-0.193902439024,-4.832729242178E-02,
    2.10001E-02));
#1818 = ADVANCED_FACE('',(#1819),#1835,.T.);
#1819 = FACE_BOUND('',#1820,.T.);
#1820 = EDGE_LOOP('',(#1821,#1822,#1823,#1830));
#1821 = ORIENTED_EDGE('',*,*,#51,.F.);
#1822 = ORIENTED_EDGE('',*,*,#1809,.F.);
#1823 = ORIENTED_EDGE('',*,*,#1824,.T.);
#1824 = EDGE_CURVE('',#1803,#1825,#1827,.T.);
#1825 = VERTEX_POINT('',#1826);
#1826 = CARTESIAN_POINT('',(-0.142473323171,-2.027851193397E-02,
    2.10001E-02));
#1827 = B_SPLINE_CURVE_WITH_KNOTS('',1,(#1828,#1829),.UNSPECIFIED.,.F.,
  .F.,(2,2),(0.,4.131097560976E-02),.PIECEWISE_BEZIER_KNOTS.);
#1828 = CARTESIAN_POINT('',(-0.18378429878,-2.027851193397E-02,
    2.10001E-02));
#1829 = CARTESIAN_POINT('',(-0.142473323171,-2.027851193397E-02,
    2.10001E-02));
#1830 = ORIENTED_EDGE('',*,*,#1831,.T.);
#1831 = EDGE_CURVE('',#1825,#52,#1832,.T.);
#1832 = B_SPLINE_CURVE_WITH_KNOTS('',1,(#1833,#1834),.UNSPECIFIED.,.F.,
  .F.,(2,2),(-0.,2.E-02),.PIECEWISE_BEZIER_KNOTS.);
#1833 = CARTESIAN_POINT('',(-0.142473323171,-2.027851193397E-02,
    2.10001E-02));
#1834 = CARTESIAN_POINT('',(-0.142473323171,-2.027851193397E-02,
    1.0001E-03));
#1835 = B_SPLINE_SURFACE_WITH_KNOTS('',1,1,(
    (#1836,#1837)
    ,(#1838,#1839
    )),.UNSPECIFIED.,.F.,.F.,.F.,(2,2),(2,2),(-2.E-02,0.),(0.,
    4.131097560976E-02),.PIECEWISE_BEZIER_KNOTS.);
#1836 = CARTESIAN_POINT('',(-0.18378429878,-2.027851193397E-02,
    1.0001E-03));
#1837 = CARTESIAN_POINT('',(-0.142473323171,-2.027851193397E-02,
    1.0001E-03));
#1838 = CARTESIAN_POINT('',(-0.18378429878,-2.027851193397E-02,
    2.10001E-02));
#1839 = CARTESIAN_POINT('',(-0.142473323171,-2.027851193397E-02,
    2.10001E-02));
#1840 = ADVANCED_FACE('',(#1841),#1857,.T.);
#1841 = FACE_BOUND('',#1842,.T.);
#1842 = EDGE_LOOP('',(#1843,#1844,#1845,#1852));
#1843 = ORIENTED_EDGE('',*,*,#58,.F.);
#1844 = ORIENTED_EDGE('',*,*,#1831,.F.);
#1845 = ORIENTED_EDGE('',*,*,#1846,.T.);
#1846 = EDGE_CURVE('',#1825,#1847,#1849,.T.);
#1847 = VERTEX_POINT('',#1848);
#1848 = CARTESIAN_POINT('',(-0.132926829268,-4.832729242178E-02,
    2.10001E-02));
#1849 = B_SPLINE_CURVE_WITH_KNOTS('',1,(#1850,#1851),.UNSPECIFIED.,.F.,
  .F.,(2,2),(0.,2.962886485646E-02),.PIECEWISE_BEZIER_KNOTS.);
#1850 = CARTESIAN_POINT('',(-0.142473323171,-2.027851193397E-02,
    2.10001E-02));
#1851 = CARTESIAN_POINT('',(-0.132926829268,-4.832729242178E-02,
    2.10001E-02));
#1852 = ORIENTED_EDGE('',*,*,#1853,.T.);
#1853 = EDGE_CURVE('',#1847,#59,#1854,.T.);
#1854 = B_SPLINE_CURVE_WITH_KNOTS('',1,(#1855,#1856),.UNSPECIFIED.,.F.,
  .F.,(2,2),(-0.,2.E-02),.PIECEWISE_BEZIER_KNOTS.);
#1855 = CARTESIAN_POINT('',(-0.132926829268,-4.832729242178E-02,
    2.10001E-02));
#1856 = CARTESIAN_POINT('',(-0.132926829268,-4.832729242178E-02,
    1.0001E-03));
#1857 = B_SPLINE_SURFACE_WITH_KNOTS('',1,1,(
    (#1858,#1859)
    ,(#1860,#1861
    )),.UNSPECIFIED.,.F.,.F.,.F.,(2,2),(2,2),(-2.962886485646E-02,0.),(
    -2.E-02,0.),.PIECEWISE_BEZIER_KNOTS.);
#1858 = CARTESIAN_POINT('',(-0.132926829268,-4.832729242178E-02,
    1.0001E-03));
#1859 = CARTESIAN_POINT('',(-0.132926829268,-4.832729242178E-02,
    2.10001E-02));
#1860 = CARTESIAN_POINT('',(-0.142473323171,-2.027851193397E-02,
    1.0001E-03));
#1861 = CARTESIAN_POINT('',(-0.142473323171,-2.027851193397E-02,
    2.10001E-02));
#1862 = ADVANCED_FACE('',(#1863),#1879,.T.);
#1863 = FACE_BOUND('',#1864,.T.);
#1864 = EDGE_LOOP('',(#1865,#1866,#1867,#1874));
#1865 = ORIENTED_EDGE('',*,*,#65,.F.);
#1866 = ORIENTED_EDGE('',*,*,#1853,.F.);
#1867 = ORIENTED_EDGE('',*,*,#1868,.T.);
#1868 = EDGE_CURVE('',#1847,#1869,#1871,.T.);
#1869 = VERTEX_POINT('',#1870);
#1870 = CARTESIAN_POINT('',(-0.118292682927,-4.832729242178E-02,
    2.10001E-02));
#1871 = B_SPLINE_CURVE_WITH_KNOTS('',1,(#1872,#1873),.UNSPECIFIED.,.F.,
  .F.,(2,2),(0.,1.463414634146E-02),.PIECEWISE_BEZIER_KNOTS.);
#1872 = CARTESIAN_POINT('',(-0.132926829268,-4.832729242178E-02,
    2.10001E-02));
#1873 = CARTESIAN_POINT('',(-0.118292682927,-4.832729242178E-02,
    2.10001E-02));
#1874 = ORIENTED_EDGE('',*,*,#1875,.T.);
#1875 = EDGE_CURVE('',#1869,#66,#1876,.T.);
#1876 = B_SPLINE_CURVE_WITH_KNOTS('',1,(#1877,#1878),.UNSPECIFIED.,.F.,
  .F.,(2,2),(-0.,2.E-02),.PIECEWISE_BEZIER_KNOTS.);
#1877 = CARTESIAN_POINT('',(-0.118292682927,-4.832729242178E-02,
    2.10001E-02));
#1878 = CARTESIAN_POINT('',(-0.118292682927,-4.832729242178E-02,
    1.0001E-03));
#1879 = B_SPLINE_SURFACE_WITH_KNOTS('',1,1,(
    (#1880,#1881)
    ,(#1882,#1883
    )),.UNSPECIFIED.,.F.,.F.,.F.,(2,2),(2,2),(-2.E-02,0.),(0.,
    1.463414634146E-02),.PIECEWISE_BEZIER_KNOTS.);
#1880 = CARTESIAN_POINT('',(-0.132926829268,-4.832729242178E-02,
    1.0001E-03));
#1881 = CARTESIAN_POINT('',(-0.118292682927,-4.832729242178E-02,
    1.0001E-03));
#1882 = CARTESIAN_POINT('',(-0.132926829268,-4.832729242178E-02,
    2.10001E-02));
#1883 = CARTESIAN_POINT('',(-0.118292682927,-4.832729242178E-02,
    2.10001E-02));
#1884 = ADVANCED_FACE('',(#1885),#1901,.T.);
#1885 = FACE_BOUND('',#1886,.T.);
#1886 = EDGE_LOOP('',(#1887,#1888,#1889,#1896));
#1887 = ORIENTED_EDGE('',*,*,#72,.F.);
#1888 = ORIENTED_EDGE('',*,*,#1875,.F.);
#1889 = ORIENTED_EDGE('',*,*,#1890,.T.);
#1890 = EDGE_CURVE('',#1869,#1891,#1893,.T.);
#1891 = VERTEX_POINT('',#1892);
#1892 = CARTESIAN_POINT('',(-0.156097560976,5.167270757822E-02,
    2.10001E-02));
#1893 = B_SPLINE_CURVE_WITH_KNOTS('',1,(#1894,#1895),.UNSPECIFIED.,.F.,
  .F.,(2,2),(0.,0.106907477775),.PIECEWISE_BEZIER_KNOTS.);
#1894 = CARTESIAN_POINT('',(-0.118292682927,-4.832729242178E-02,
    2.10001E-02));
#1895 = CARTESIAN_POINT('',(-0.156097560976,5.167270757822E-02,
    2.10001E-02));
#1896 = ORIENTED_EDGE('',*,*,#1897,.T.);
#1897 = EDGE_CURVE('',#1891,#22,#1898,.T.);
#1898 = B_SPLINE_CURVE_WITH_KNOTS('',1,(#1899,#1900),.UNSPECIFIED.,.F.,
  .F.,(2,2),(-0.,2.E-02),.PIECEWISE_BEZIER_KNOTS.);
#1899 = CARTESIAN_POINT('',(-0.156097560976,5.167270757822E-02,
    2.10001E-02));
#1900 = CARTESIAN_POINT('',(-0.156097560976,5.167270757822E-02,
    1.0001E-03));
#1901 = B_SPLINE_SURFACE_WITH_KNOTS('',1,1,(
    (#1902,#1903)
    ,(#1904,#1905
    )),.UNSPECIFIED.,.F.,.F.,.F.,(2,2),(2,2),(-0.106907477775,0.),(
    -2.E-02,0.),.PIECEWISE_BEZIER_KNOTS.);
#1902 = CARTESIAN_POINT('',(-0.156097560976,5.167270757822E-02,
    1.0001E-03));
#1903 = CARTESIAN_POINT('',(-0.156097560976,5.167270757822E-02,
    2.10001E-02));
#1904 = CARTESIAN_POINT('',(-0.118292682927,-4.832729242178E-02,
    1.0001E-03));
#1905 = CARTESIAN_POINT('',(-0.118292682927,-4.832729242178E-02,
    2.10001E-02));
#1906 = ADVANCED_FACE('',(#1907),#1917,.T.);
#1907 = FACE_BOUND('',#1908,.T.);
#1908 = EDGE_LOOP('',(#1909,#1910,#1911,#1916));
#1909 = ORIENTED_EDGE('',*,*,#21,.F.);
#1910 = ORIENTED_EDGE('',*,*,#1897,.F.);
#1911 = ORIENTED_EDGE('',*,*,#1912,.T.);
#1912 = EDGE_CURVE('',#1891,#1752,#1913,.T.);
#1913 = B_SPLINE_CURVE_WITH_KNOTS('',1,(#1914,#1915),.UNSPECIFIED.,.F.,
  .F.,(2,2),(0.,1.341463414634E-02),.PIECEWISE_BEZIER_KNOTS.);
#1914 = CARTESIAN_POINT('',(-0.156097560976,5.167270757822E-02,
    2.10001E-02));
#1915 = CARTESIAN_POINT('',(-0.169512195122,5.167270757822E-02,
    2.10001E-02));
#1916 = ORIENTED_EDGE('',*,*,#1751,.T.);
#1917 = B_SPLINE_SURFACE_WITH_KNOTS('',1,1,(
    (#1918,#1919)
    ,(#1920,#1921)),.UNSPECIFIED.,.F.,.F.,.F.,(2,2),(2,2),(0.,2.E-02),(
    -1.341463414634E-02,0.),.PIECEWISE_BEZIER_KNOTS.);
#1918 = CARTESIAN_POINT('',(-0.169512195122,5.167270757822E-02,
    2.10001E-02));
#1919 = CARTESIAN_POINT('',(-0.156097560976,5.167270757822E-02,
    2.10001E-02));
#1920 = CARTESIAN_POINT('',(-0.169512195122,5.167270757822E-02,
    1.0001E-03));
#1921 = CARTESIAN_POINT('',(-0.156097560976,5.167270757822E-02,
    1.0001E-03));
#1922 = ADVANCED_FACE('',(#1923,#1977),#1987,.F.);
#1923 = FACE_BOUND('',#1924,.T.);
#1924 = EDGE_LOOP('',(#1925,#1934,#1941,#1953,#1960,#1972));
#1925 = ORIENTED_EDGE('',*,*,#1926,.F.);
#1926 = EDGE_CURVE('',#1927,#1929,#1931,.T.);
#1927 = VERTEX_POINT('',#1928);
#1928 = CARTESIAN_POINT('',(-0.145846036585,-9.302902177875E-03,
    2.10001E-02));
#1929 = VERTEX_POINT('',#1930);
#1930 = CARTESIAN_POINT('',(-0.179287347561,-9.302902177875E-03,
    2.10001E-02));
#1931 = B_SPLINE_CURVE_WITH_KNOTS('',1,(#1932,#1933),.UNSPECIFIED.,.F.,
  .F.,(2,2),(0.,3.344131097561E-02),.PIECEWISE_BEZIER_KNOTS.);
#1932 = CARTESIAN_POINT('',(-0.145846036585,-9.302902177875E-03,
    2.10001E-02));
#1933 = CARTESIAN_POINT('',(-0.179287347561,-9.302902177875E-03,
    2.10001E-02));
#1934 = ORIENTED_EDGE('',*,*,#1935,.F.);
#1935 = EDGE_CURVE('',#1936,#1927,#1938,.T.);
#1936 = VERTEX_POINT('',#1937);
#1937 = CARTESIAN_POINT('',(-0.160766006098,3.246539050505E-02,
    2.10001E-02));
#1938 = B_SPLINE_CURVE_WITH_KNOTS('',1,(#1939,#1940),.UNSPECIFIED.,.F.,
  .F.,(2,2),(0.,4.435308065841E-02),.PIECEWISE_BEZIER_KNOTS.);
#1939 = CARTESIAN_POINT('',(-0.160766006098,3.246539050505E-02,
    2.10001E-02));
#1940 = CARTESIAN_POINT('',(-0.145846036585,-9.302902177875E-03,
    2.10001E-02));
#1941 = ORIENTED_EDGE('',*,*,#1942,.F.);
#1942 = EDGE_CURVE('',#1943,#1936,#1945,.T.);
#1943 = VERTEX_POINT('',#1944);
#1944 = CARTESIAN_POINT('',(-0.162366615854,3.9477585627E-02,2.10001E-02
    ));
#1945 = B_SPLINE_CURVE_WITH_KNOTS('',3,(#1946,#1947,#1948,#1949,#1950,
    #1951,#1952),.UNSPECIFIED.,.F.,.F.,(4,1,1,1,4),(0.,0.300541113159,
    0.567747146484,0.800033613737,1.),.UNSPECIFIED.);
#1946 = CARTESIAN_POINT('',(-0.162366615854,3.9477585627E-02,2.10001E-02
    ));
#1947 = CARTESIAN_POINT('',(-0.162250007606,3.876549639818E-02,
    2.10001E-02));
#1948 = CARTESIAN_POINT('',(-0.162029724934,3.742030064956E-02,
    2.10001E-02));
#1949 = CARTESIAN_POINT('',(-0.161657876113,3.553540290384E-02,
    2.10001E-02));
#1950 = CARTESIAN_POINT('',(-0.161243862054,3.390642178151E-02,
    2.10001E-02));
#1951 = CARTESIAN_POINT('',(-0.160917148491,3.292117830573E-02,
    2.10001E-02));
#1952 = CARTESIAN_POINT('',(-0.160766006098,3.246539050505E-02,
    2.10001E-02));
#1953 = ORIENTED_EDGE('',*,*,#1954,.F.);
#1954 = EDGE_CURVE('',#1955,#1943,#1957,.T.);
#1955 = VERTEX_POINT('',#1956);
#1956 = CARTESIAN_POINT('',(-0.16269054878,3.9477585627E-02,2.10001E-02)
  );
#1957 = B_SPLINE_CURVE_WITH_KNOTS('',1,(#1958,#1959),.UNSPECIFIED.,.F.,
  .F.,(2,2),(0.,3.239329268293E-04),.PIECEWISE_BEZIER_KNOTS.);
#1958 = CARTESIAN_POINT('',(-0.16269054878,3.9477585627E-02,2.10001E-02)
  );
#1959 = CARTESIAN_POINT('',(-0.162366615854,3.9477585627E-02,2.10001E-02
    ));
#1960 = ORIENTED_EDGE('',*,*,#1961,.F.);
#1961 = EDGE_CURVE('',#1962,#1955,#1964,.T.);
#1962 = VERTEX_POINT('',#1963);
#1963 = CARTESIAN_POINT('',(-0.164233993902,3.246539050505E-02,
    2.10001E-02));
#1964 = B_SPLINE_CURVE_WITH_KNOTS('',3,(#1965,#1966,#1967,#1968,#1969,
    #1970,#1971),.UNSPECIFIED.,.F.,.F.,(4,1,1,1,4),(0.,0.174481715317,
    0.398285759128,0.673897847399,1.),.UNSPECIFIED.);
#1965 = CARTESIAN_POINT('',(-0.164233993902,3.246539050505E-02,
    2.10001E-02));
#1966 = CARTESIAN_POINT('',(-0.16410920339,3.286437395036E-02,
    2.10001E-02));
#1967 = CARTESIAN_POINT('',(-0.1638243467,3.377512510905E-02,2.10001E-02
    ));
#1968 = CARTESIAN_POINT('',(-0.163451065903,3.534703106644E-02,
    2.10001E-02));
#1969 = CARTESIAN_POINT('',(-0.163085087508,3.729039626436E-02,
    2.10001E-02));
#1970 = CARTESIAN_POINT('',(-0.162829218381,3.87088482299E-02,
    2.10001E-02));
#1971 = CARTESIAN_POINT('',(-0.16269054878,3.9477585627E-02,2.10001E-02)
  );
#1972 = ORIENTED_EDGE('',*,*,#1973,.F.);
#1973 = EDGE_CURVE('',#1929,#1962,#1974,.T.);
#1974 = B_SPLINE_CURVE_WITH_KNOTS('',1,(#1975,#1976),.UNSPECIFIED.,.F.,
  .F.,(2,2),(0.,4.439812755078E-02),.PIECEWISE_BEZIER_KNOTS.);
#1975 = CARTESIAN_POINT('',(-0.179287347561,-9.302902177875E-03,
    2.10001E-02));
#1976 = CARTESIAN_POINT('',(-0.164233993902,3.246539050505E-02,
    2.10001E-02));
#1977 = FACE_BOUND('',#1978,.T.);
#1978 = EDGE_LOOP('',(#1979,#1980,#1981,#1982,#1983,#1984,#1985,#1986));
#1979 = ORIENTED_EDGE('',*,*,#1758,.F.);
#1980 = ORIENTED_EDGE('',*,*,#1912,.F.);
#1981 = ORIENTED_EDGE('',*,*,#1890,.F.);
#1982 = ORIENTED_EDGE('',*,*,#1868,.F.);
#1983 = ORIENTED_EDGE('',*,*,#1846,.F.);
#1984 = ORIENTED_EDGE('',*,*,#1824,.F.);
#1985 = ORIENTED_EDGE('',*,*,#1802,.F.);
#1986 = ORIENTED_EDGE('',*,*,#1780,.F.);
#1987 = B_SPLINE_SURFACE_WITH_KNOTS('',1,1,(
    (#1988,#1989)
    ,(#1990,#1991
    )),.UNSPECIFIED.,.F.,.F.,.F.,(2,2),(2,2),(-0.208536585366,
    -0.118292682927),(-4.832729242178E-02,5.167270757822E-02),
  .PIECEWISE_BEZIER_KNOTS.);
#1988 = CARTESIAN_POINT('',(-0.208536585366,-4.832729242178E-02,
    2.10001E-02));
#1989 = CARTESIAN_POINT('',(-0.208536585366,5.167270757822E-02,
    2.10001E-02));
#1990 = CARTESIAN_POINT('',(-0.118292682927,-4.832729242178E-02,
    2.10001E-02));
#1991 = CARTESIAN_POINT('',(-0.118292682927,5.167270757822E-02,
    2.10001E-02));
#1992 = ADVANCED_FACE('',(#1993),#2015,.T.);
#1993 = FACE_BOUND('',#1994,.T.);
#1994 = EDGE_LOOP('',(#1995,#2004,#2009,#2010));
#1995 = ORIENTED_EDGE('',*,*,#1996,.F.);
#1996 = EDGE_CURVE('',#1997,#1999,#2001,.T.);
#1997 = VERTEX_POINT('',#1998);
#1998 = CARTESIAN_POINT('',(-0.145846036585,-9.302902177875E-03,
    1.0001E-03));
#1999 = VERTEX_POINT('',#2000);
#2000 = CARTESIAN_POINT('',(-0.179287347561,-9.302902177875E-03,
    1.0001E-03));
#2001 = B_SPLINE_CURVE_WITH_KNOTS('',1,(#2002,#2003),.UNSPECIFIED.,.F.,
  .F.,(2,2),(0.,3.344131097561E-02),.PIECEWISE_BEZIER_KNOTS.);
#2002 = CARTESIAN_POINT('',(-0.145846036585,-9.302902177875E-03,
    1.0001E-03));
#2003 = CARTESIAN_POINT('',(-0.179287347561,-9.302902177875E-03,
    1.0001E-03));
#2004 = ORIENTED_EDGE('',*,*,#2005,.F.);
#2005 = EDGE_CURVE('',#1927,#1997,#2006,.T.);
#2006 = B_SPLINE_CURVE_WITH_KNOTS('',1,(#2007,#2008),.UNSPECIFIED.,.F.,
  .F.,(2,2),(-0.,2.E-02),.PIECEWISE_BEZIER_KNOTS.);
#2007 = CARTESIAN_POINT('',(-0.145846036585,-9.302902177875E-03,
    2.10001E-02));
#2008 = CARTESIAN_POINT('',(-0.145846036585,-9.302902177875E-03,
    1.0001E-03));
#2009 = ORIENTED_EDGE('',*,*,#1926,.T.);
#2010 = ORIENTED_EDGE('',*,*,#2011,.T.);
#2011 = EDGE_CURVE('',#1929,#1999,#2012,.T.);
#2012 = B_SPLINE_CURVE_WITH_KNOTS('',1,(#2013,#2014),.UNSPECIFIED.,.F.,
  .F.,(2,2),(-0.,2.E-02),.PIECEWISE_BEZIER_KNOTS.);
#2013 = CARTESIAN_POINT('',(-0.179287347561,-9.302902177875E-03,
    2.10001E-02));
#2014 = CARTESIAN_POINT('',(-0.179287347561,-9.302902177875E-03,
    1.0001E-03));
#2015 = B_SPLINE_SURFACE_WITH_KNOTS('',1,1,(
    (#2016,#2017)
    ,(#2018,#2019)),.UNSPECIFIED.,.F.,.F.,.F.,(2,2),(2,2),(0.,2.E-02),(
    -3.344131097561E-02,0.),.PIECEWISE_BEZIER_KNOTS.);
#2016 = CARTESIAN_POINT('',(-0.179287347561,-9.302902177875E-03,
    2.10001E-02));
#2017 = CARTESIAN_POINT('',(-0.145846036585,-9.302902177875E-03,
    2.10001E-02));
#2018 = CARTESIAN_POINT('',(-0.179287347561,-9.302902177875E-03,
    1.0001E-03));
#2019 = CARTESIAN_POINT('',(-0.145846036585,-9.302902177875E-03,
    1.0001E-03));
#2020 = ADVANCED_FACE('',(#2021),#2037,.T.);
#2021 = FACE_BOUND('',#2022,.T.);
#2022 = EDGE_LOOP('',(#2023,#2030,#2035,#2036));
#2023 = ORIENTED_EDGE('',*,*,#2024,.F.);
#2024 = EDGE_CURVE('',#2025,#1997,#2027,.T.);
#2025 = VERTEX_POINT('',#2026);
#2026 = CARTESIAN_POINT('',(-0.160766006098,3.246539050505E-02,
    1.0001E-03));
#2027 = B_SPLINE_CURVE_WITH_KNOTS('',1,(#2028,#2029),.UNSPECIFIED.,.F.,
  .F.,(2,2),(0.,4.435308065841E-02),.PIECEWISE_BEZIER_KNOTS.);
#2028 = CARTESIAN_POINT('',(-0.160766006098,3.246539050505E-02,
    1.0001E-03));
#2029 = CARTESIAN_POINT('',(-0.145846036585,-9.302902177875E-03,
    1.0001E-03));
#2030 = ORIENTED_EDGE('',*,*,#2031,.F.);
#2031 = EDGE_CURVE('',#1936,#2025,#2032,.T.);
#2032 = B_SPLINE_CURVE_WITH_KNOTS('',1,(#2033,#2034),.UNSPECIFIED.,.F.,
  .F.,(2,2),(-0.,2.E-02),.PIECEWISE_BEZIER_KNOTS.);
#2033 = CARTESIAN_POINT('',(-0.160766006098,3.246539050505E-02,
    2.10001E-02));
#2034 = CARTESIAN_POINT('',(-0.160766006098,3.246539050505E-02,
    1.0001E-03));
#2035 = ORIENTED_EDGE('',*,*,#1935,.T.);
#2036 = ORIENTED_EDGE('',*,*,#2005,.T.);
#2037 = B_SPLINE_SURFACE_WITH_KNOTS('',1,1,(
    (#2038,#2039)
    ,(#2040,#2041
    )),.UNSPECIFIED.,.F.,.F.,.F.,(2,2),(2,2),(-4.435308065841E-02,0.),(
    -2.E-02,0.),.PIECEWISE_BEZIER_KNOTS.);
#2038 = CARTESIAN_POINT('',(-0.145846036585,-9.302902177875E-03,
    1.0001E-03));
#2039 = CARTESIAN_POINT('',(-0.145846036585,-9.302902177875E-03,
    2.10001E-02));
#2040 = CARTESIAN_POINT('',(-0.160766006098,3.246539050505E-02,
    1.0001E-03));
#2041 = CARTESIAN_POINT('',(-0.160766006098,3.246539050505E-02,
    2.10001E-02));
#2042 = ADVANCED_FACE('',(#2043),#2064,.T.);
#2043 = FACE_BOUND('',#2044,.T.);
#2044 = EDGE_LOOP('',(#2045,#2057,#2062,#2063));
#2045 = ORIENTED_EDGE('',*,*,#2046,.F.);
#2046 = EDGE_CURVE('',#2047,#2025,#2049,.T.);
#2047 = VERTEX_POINT('',#2048);
#2048 = CARTESIAN_POINT('',(-0.162366615854,3.9477585627E-02,1.0001E-03)
  );
#2049 = B_SPLINE_CURVE_WITH_KNOTS('',3,(#2050,#2051,#2052,#2053,#2054,
    #2055,#2056),.UNSPECIFIED.,.F.,.F.,(4,1,1,1,4),(0.,0.300541113159,
    0.567747146484,0.800033613737,1.),.UNSPECIFIED.);
#2050 = CARTESIAN_POINT('',(-0.162366615854,3.9477585627E-02,1.0001E-03)
  );
#2051 = CARTESIAN_POINT('',(-0.162250007606,3.876549639818E-02,
    1.0001E-03));
#2052 = CARTESIAN_POINT('',(-0.162029724934,3.742030064956E-02,
    1.0001E-03));
#2053 = CARTESIAN_POINT('',(-0.161657876113,3.553540290384E-02,
    1.0001E-03));
#2054 = CARTESIAN_POINT('',(-0.161243862054,3.390642178151E-02,
    1.0001E-03));
#2055 = CARTESIAN_POINT('',(-0.160917148491,3.292117830573E-02,
    1.0001E-03));
#2056 = CARTESIAN_POINT('',(-0.160766006098,3.246539050505E-02,
    1.0001E-03));
#2057 = ORIENTED_EDGE('',*,*,#2058,.F.);
#2058 = EDGE_CURVE('',#1943,#2047,#2059,.T.);
#2059 = B_SPLINE_CURVE_WITH_KNOTS('',1,(#2060,#2061),.UNSPECIFIED.,.F.,
  .F.,(2,2),(-0.,2.E-02),.PIECEWISE_BEZIER_KNOTS.);
#2060 = CARTESIAN_POINT('',(-0.162366615854,3.9477585627E-02,2.10001E-02
    ));
#2061 = CARTESIAN_POINT('',(-0.162366615854,3.9477585627E-02,1.0001E-03)
  );
#2062 = ORIENTED_EDGE('',*,*,#1942,.T.);
#2063 = ORIENTED_EDGE('',*,*,#2031,.T.);
#2064 = B_SPLINE_SURFACE_WITH_KNOTS('',3,1,(
    (#2065,#2066)
    ,(#2067,#2068)
    ,(#2069,#2070)
    ,(#2071,#2072)
    ,(#2073,#2074)
    ,(#2075,#2076)
    ,(#2077,#2078
    )),.UNSPECIFIED.,.F.,.F.,.F.,(4,1,1,1,4),(2,2),(0.,0.300541113159,
    0.567747146484,0.800033613737,1.),(0.,1.),.UNSPECIFIED.);
#2065 = CARTESIAN_POINT('',(-0.162366615854,3.9477585627E-02,2.10001E-02
    ));
#2066 = CARTESIAN_POINT('',(-0.162366615854,3.9477585627E-02,1.0001E-03)
  );
#2067 = CARTESIAN_POINT('',(-0.162250007606,3.876549639818E-02,
    2.10001E-02));
#2068 = CARTESIAN_POINT('',(-0.162250007606,3.876549639818E-02,
    1.0001E-03));
#2069 = CARTESIAN_POINT('',(-0.162029724934,3.742030064956E-02,
    2.10001E-02));
#2070 = CARTESIAN_POINT('',(-0.162029724934,3.742030064956E-02,
    1.0001E-03));
#2071 = CARTESIAN_POINT('',(-0.161657876113,3.553540290384E-02,
    2.10001E-02));
#2072 = CARTESIAN_POINT('',(-0.161657876113,3.553540290384E-02,
    1.0001E-03));
#2073 = CARTESIAN_POINT('',(-0.161243862054,3.390642178151E-02,
    2.10001E-02));
#2074 = CARTESIAN_POINT('',(-0.161243862054,3.390642178151E-02,
    1.0001E-03));
#2075 = CARTESIAN_POINT('',(-0.160917148491,3.292117830573E-02,
    2.10001E-02));
#2076 = CARTESIAN_POINT('',(-0.160917148491,3.292117830573E-02,
    1.0001E-03));
#2077 = CARTESIAN_POINT('',(-0.160766006098,3.246539050505E-02,
    2.10001E-02));
#2078 = CARTESIAN_POINT('',(-0.160766006098,3.246539050505E-02,
    1.0001E-03));
#2079 = ADVANCED_FACE('',(#2080),#2096,.T.);
#2080 = FACE_BOUND('',#2081,.T.);
#2081 = EDGE_LOOP('',(#2082,#2089,#2094,#2095));
#2082 = ORIENTED_EDGE('',*,*,#2083,.F.);
#2083 = EDGE_CURVE('',#2084,#2047,#2086,.T.);
#2084 = VERTEX_POINT('',#2085);
#2085 = CARTESIAN_POINT('',(-0.16269054878,3.9477585627E-02,1.0001E-03)
  );
#2086 = B_SPLINE_CURVE_WITH_KNOTS('',1,(#2087,#2088),.UNSPECIFIED.,.F.,
  .F.,(2,2),(0.,3.239329268293E-04),.PIECEWISE_BEZIER_KNOTS.);
#2087 = CARTESIAN_POINT('',(-0.16269054878,3.9477585627E-02,1.0001E-03)
  );
#2088 = CARTESIAN_POINT('',(-0.162366615854,3.9477585627E-02,1.0001E-03)
  );
#2089 = ORIENTED_EDGE('',*,*,#2090,.F.);
#2090 = EDGE_CURVE('',#1955,#2084,#2091,.T.);
#2091 = B_SPLINE_CURVE_WITH_KNOTS('',1,(#2092,#2093),.UNSPECIFIED.,.F.,
  .F.,(2,2),(-0.,2.E-02),.PIECEWISE_BEZIER_KNOTS.);
#2092 = CARTESIAN_POINT('',(-0.16269054878,3.9477585627E-02,2.10001E-02)
  );
#2093 = CARTESIAN_POINT('',(-0.16269054878,3.9477585627E-02,1.0001E-03)
  );
#2094 = ORIENTED_EDGE('',*,*,#1954,.T.);
#2095 = ORIENTED_EDGE('',*,*,#2058,.T.);
#2096 = B_SPLINE_SURFACE_WITH_KNOTS('',1,1,(
    (#2097,#2098)
    ,(#2099,#2100
    )),.UNSPECIFIED.,.F.,.F.,.F.,(2,2),(2,2),(-2.E-02,0.),(0.,
    3.239329268293E-04),.PIECEWISE_BEZIER_KNOTS.);
#2097 = CARTESIAN_POINT('',(-0.16269054878,3.9477585627E-02,1.0001E-03)
  );
#2098 = CARTESIAN_POINT('',(-0.162366615854,3.9477585627E-02,1.0001E-03)
  );
#2099 = CARTESIAN_POINT('',(-0.16269054878,3.9477585627E-02,2.10001E-02)
  );
#2100 = CARTESIAN_POINT('',(-0.162366615854,3.9477585627E-02,2.10001E-02
    ));
#2101 = ADVANCED_FACE('',(#2102),#2123,.T.);
#2102 = FACE_BOUND('',#2103,.T.);
#2103 = EDGE_LOOP('',(#2104,#2116,#2121,#2122));
#2104 = ORIENTED_EDGE('',*,*,#2105,.F.);
#2105 = EDGE_CURVE('',#2106,#2084,#2108,.T.);
#2106 = VERTEX_POINT('',#2107);
#2107 = CARTESIAN_POINT('',(-0.164233993902,3.246539050505E-02,
    1.0001E-03));
#2108 = B_SPLINE_CURVE_WITH_KNOTS('',3,(#2109,#2110,#2111,#2112,#2113,
    #2114,#2115),.UNSPECIFIED.,.F.,.F.,(4,1,1,1,4),(0.,0.174481715317,
    0.398285759128,0.673897847399,1.),.UNSPECIFIED.);
#2109 = CARTESIAN_POINT('',(-0.164233993902,3.246539050505E-02,
    1.0001E-03));
#2110 = CARTESIAN_POINT('',(-0.16410920339,3.286437395036E-02,1.0001E-03
    ));
#2111 = CARTESIAN_POINT('',(-0.1638243467,3.377512510905E-02,1.0001E-03)
  );
#2112 = CARTESIAN_POINT('',(-0.163451065903,3.534703106644E-02,
    1.0001E-03));
#2113 = CARTESIAN_POINT('',(-0.163085087508,3.729039626436E-02,
    1.0001E-03));
#2114 = CARTESIAN_POINT('',(-0.162829218381,3.87088482299E-02,1.0001E-03
    ));
#2115 = CARTESIAN_POINT('',(-0.16269054878,3.9477585627E-02,1.0001E-03)
  );
#2116 = ORIENTED_EDGE('',*,*,#2117,.F.);
#2117 = EDGE_CURVE('',#1962,#2106,#2118,.T.);
#2118 = B_SPLINE_CURVE_WITH_KNOTS('',1,(#2119,#2120),.UNSPECIFIED.,.F.,
  .F.,(2,2),(-0.,2.E-02),.PIECEWISE_BEZIER_KNOTS.);
#2119 = CARTESIAN_POINT('',(-0.164233993902,3.246539050505E-02,
    2.10001E-02));
#2120 = CARTESIAN_POINT('',(-0.164233993902,3.246539050505E-02,
    1.0001E-03));
#2121 = ORIENTED_EDGE('',*,*,#1961,.T.);
#2122 = ORIENTED_EDGE('',*,*,#2090,.T.);
#2123 = B_SPLINE_SURFACE_WITH_KNOTS('',3,1,(
    (#2124,#2125)
    ,(#2126,#2127)
    ,(#2128,#2129)
    ,(#2130,#2131)
    ,(#2132,#2133)
    ,(#2134,#2135)
    ,(#2136,#2137
    )),.UNSPECIFIED.,.F.,.F.,.F.,(4,1,1,1,4),(2,2),(0.,0.174481715317,
    0.398285759128,0.673897847399,1.),(0.,1.),.UNSPECIFIED.);
#2124 = CARTESIAN_POINT('',(-0.164233993902,3.246539050505E-02,
    2.10001E-02));
#2125 = CARTESIAN_POINT('',(-0.164233993902,3.246539050505E-02,
    1.0001E-03));
#2126 = CARTESIAN_POINT('',(-0.16410920339,3.286437395036E-02,
    2.10001E-02));
#2127 = CARTESIAN_POINT('',(-0.16410920339,3.286437395036E-02,1.0001E-03
    ));
#2128 = CARTESIAN_POINT('',(-0.1638243467,3.377512510905E-02,2.10001E-02
    ));
#2129 = CARTESIAN_POINT('',(-0.1638243467,3.377512510905E-02,1.0001E-03)
  );
#2130 = CARTESIAN_POINT('',(-0.163451065903,3.534703106644E-02,
    2.10001E-02));
#2131 = CARTESIAN_POINT('',(-0.163451065903,3.534703106644E-02,
    1.0001E-03));
#2132 = CARTESIAN_POINT('',(-0.163085087508,3.729039626436E-02,
    2.10001E-02));
#2133 = CARTESIAN_POINT('',(-0.163085087508,3.729039626436E-02,
    1.0001E-03));
#2134 = CARTESIAN_POINT('',(-0.162829218381,3.87088482299E-02,
    2.10001E-02));
#2135 = CARTESIAN_POINT('',(-0.162829218381,3.87088482299E-02,1.0001E-03
    ));
#2136 = CARTESIAN_POINT('',(-0.16269054878,3.9477585627E-02,2.10001E-02)
  );
#2137 = CARTESIAN_POINT('',(-0.16269054878,3.9477585627E-02,1.0001E-03)
  );
#2138 = ADVANCED_FACE('',(#2139),#2149,.T.);
#2139 = FACE_BOUND('',#2140,.T.);
#2140 = EDGE_LOOP('',(#2141,#2146,#2147,#2148));
#2141 = ORIENTED_EDGE('',*,*,#2142,.F.);
#2142 = EDGE_CURVE('',#1999,#2106,#2143,.T.);
#2143 = B_SPLINE_CURVE_WITH_KNOTS('',1,(#2144,#2145),.UNSPECIFIED.,.F.,
  .F.,(2,2),(9.41063325836E-18,4.439812755078E-02),
  .PIECEWISE_BEZIER_KNOTS.);
#2144 = CARTESIAN_POINT('',(-0.179287347561,-9.302902177875E-03,
    1.0001E-03));
#2145 = CARTESIAN_POINT('',(-0.164233993902,3.246539050505E-02,
    1.0001E-03));
#2146 = ORIENTED_EDGE('',*,*,#2011,.F.);
#2147 = ORIENTED_EDGE('',*,*,#1973,.T.);
#2148 = ORIENTED_EDGE('',*,*,#2117,.T.);
#2149 = B_SPLINE_SURFACE_WITH_KNOTS('',1,1,(
    (#2150,#2151)
    ,(#2152,#2153
    )),.UNSPECIFIED.,.F.,.F.,.F.,(2,2),(2,2),(-4.439812755078E-02,0.),(
    -2.E-02,0.),.PIECEWISE_BEZIER_KNOTS.);
#2150 = CARTESIAN_POINT('',(-0.164233993902,3.246539050505E-02,
    1.0001E-03));
#2151 = CARTESIAN_POINT('',(-0.164233993902,3.246539050505E-02,
    2.10001E-02));
#2152 = CARTESIAN_POINT('',(-0.179287347561,-9.302902177875E-03,
    1.0001E-03));
#2153 = CARTESIAN_POINT('',(-0.179287347561,-9.302902177875E-03,
    2.10001E-02));
#2154 = ADVANCED_FACE('',(#2155),#2177,.T.);
#2155 = FACE_BOUND('',#2156,.T.);
#2156 = EDGE_LOOP('',(#2157,#2158,#2165,#2172));
#2157 = ORIENTED_EDGE('',*,*,#318,.F.);
#2158 = ORIENTED_EDGE('',*,*,#2159,.F.);
#2159 = EDGE_CURVE('',#2160,#295,#2162,.T.);
#2160 = VERTEX_POINT('',#2161);
#2161 = CARTESIAN_POINT('',(-5.767911585366E-02,-4.832729242178E-02,
    2.10001E-02));
#2162 = B_SPLINE_CURVE_WITH_KNOTS('',1,(#2163,#2164),.UNSPECIFIED.,.F.,
  .F.,(2,2),(-0.,2.E-02),.PIECEWISE_BEZIER_KNOTS.);
#2163 = CARTESIAN_POINT('',(-5.767911585366E-02,-4.832729242178E-02,
    2.10001E-02));
#2164 = CARTESIAN_POINT('',(-5.767911585366E-02,-4.832729242178E-02,
    1.0001E-03));
#2165 = ORIENTED_EDGE('',*,*,#2166,.T.);
#2166 = EDGE_CURVE('',#2160,#2167,#2169,.T.);
#2167 = VERTEX_POINT('',#2168);
#2168 = CARTESIAN_POINT('',(-3.048780487805E-02,-4.832729242178E-02,
    2.10001E-02));
#2169 = B_SPLINE_CURVE_WITH_KNOTS('',1,(#2170,#2171),.UNSPECIFIED.,.F.,
  .F.,(2,2),(0.,2.719131097561E-02),.PIECEWISE_BEZIER_KNOTS.);
#2170 = CARTESIAN_POINT('',(-5.767911585366E-02,-4.832729242178E-02,
    2.10001E-02));
#2171 = CARTESIAN_POINT('',(-3.048780487805E-02,-4.832729242178E-02,
    2.10001E-02));
#2172 = ORIENTED_EDGE('',*,*,#2173,.T.);
#2173 = EDGE_CURVE('',#2167,#319,#2174,.T.);
#2174 = B_SPLINE_CURVE_WITH_KNOTS('',1,(#2175,#2176),.UNSPECIFIED.,.F.,
  .F.,(2,2),(-0.,2.E-02),.PIECEWISE_BEZIER_KNOTS.);
#2175 = CARTESIAN_POINT('',(-3.048780487805E-02,-4.832729242178E-02,
    2.10001E-02));
#2176 = CARTESIAN_POINT('',(-3.048780487805E-02,-4.832729242178E-02,
    1.0001E-03));
#2177 = B_SPLINE_SURFACE_WITH_KNOTS('',1,1,(
    (#2178,#2179)
    ,(#2180,#2181
    )),.UNSPECIFIED.,.F.,.F.,.F.,(2,2),(2,2),(-2.E-02,0.),(0.,
    2.719131097561E-02),.PIECEWISE_BEZIER_KNOTS.);
#2178 = CARTESIAN_POINT('',(-5.767911585366E-02,-4.832729242178E-02,
    1.0001E-03));
#2179 = CARTESIAN_POINT('',(-3.048780487805E-02,-4.832729242178E-02,
    1.0001E-03));
#2180 = CARTESIAN_POINT('',(-5.767911585366E-02,-4.832729242178E-02,
    2.10001E-02));
#2181 = CARTESIAN_POINT('',(-3.048780487805E-02,-4.832729242178E-02,
    2.10001E-02));
#2182 = ADVANCED_FACE('',(#2183),#2199,.T.);
#2183 = FACE_BOUND('',#2184,.T.);
#2184 = EDGE_LOOP('',(#2185,#2186,#2187,#2194));
#2185 = ORIENTED_EDGE('',*,*,#325,.F.);
#2186 = ORIENTED_EDGE('',*,*,#2173,.F.);
#2187 = ORIENTED_EDGE('',*,*,#2188,.T.);
#2188 = EDGE_CURVE('',#2167,#2189,#2191,.T.);
#2189 = VERTEX_POINT('',#2190);
#2190 = CARTESIAN_POINT('',(-3.048780487805E-02,5.167270757822E-02,
    2.10001E-02));
#2191 = B_SPLINE_CURVE_WITH_KNOTS('',1,(#2192,#2193),.UNSPECIFIED.,.F.,
  .F.,(2,2),(0.,0.1),.PIECEWISE_BEZIER_KNOTS.);
#2192 = CARTESIAN_POINT('',(-3.048780487805E-02,-4.832729242178E-02,
    2.10001E-02));
#2193 = CARTESIAN_POINT('',(-3.048780487805E-02,5.167270757822E-02,
    2.10001E-02));
#2194 = ORIENTED_EDGE('',*,*,#2195,.T.);
#2195 = EDGE_CURVE('',#2189,#326,#2196,.T.);
#2196 = B_SPLINE_CURVE_WITH_KNOTS('',1,(#2197,#2198),.UNSPECIFIED.,.F.,
  .F.,(2,2),(-0.,2.E-02),.PIECEWISE_BEZIER_KNOTS.);
#2197 = CARTESIAN_POINT('',(-3.048780487805E-02,5.167270757822E-02,
    2.10001E-02));
#2198 = CARTESIAN_POINT('',(-3.048780487805E-02,5.167270757822E-02,
    1.0001E-03));
#2199 = B_SPLINE_SURFACE_WITH_KNOTS('',1,1,(
    (#2200,#2201)
    ,(#2202,#2203
    )),.UNSPECIFIED.,.F.,.F.,.F.,(2,2),(2,2),(-2.E-02,0.),(0.,0.1),
  .PIECEWISE_BEZIER_KNOTS.);
#2200 = CARTESIAN_POINT('',(-3.048780487805E-02,-4.832729242178E-02,
    1.0001E-03));
#2201 = CARTESIAN_POINT('',(-3.048780487805E-02,5.167270757822E-02,
    1.0001E-03));
#2202 = CARTESIAN_POINT('',(-3.048780487805E-02,-4.832729242178E-02,
    2.10001E-02));
#2203 = CARTESIAN_POINT('',(-3.048780487805E-02,5.167270757822E-02,
    2.10001E-02));
#2204 = ADVANCED_FACE('',(#2205),#2221,.T.);
#2205 = FACE_BOUND('',#2206,.T.);
#2206 = EDGE_LOOP('',(#2207,#2208,#2209,#2216));
#2207 = ORIENTED_EDGE('',*,*,#332,.F.);
#2208 = ORIENTED_EDGE('',*,*,#2195,.F.);
#2209 = ORIENTED_EDGE('',*,*,#2210,.T.);
#2210 = EDGE_CURVE('',#2189,#2211,#2213,.T.);
#2211 = VERTEX_POINT('',#2212);
#2212 = CARTESIAN_POINT('',(-5.870807926829E-02,5.167270757822E-02,
    2.10001E-02));
#2213 = B_SPLINE_CURVE_WITH_KNOTS('',1,(#2214,#2215),.UNSPECIFIED.,.F.,
  .F.,(2,2),(0.,2.822027439024E-02),.PIECEWISE_BEZIER_KNOTS.);
#2214 = CARTESIAN_POINT('',(-3.048780487805E-02,5.167270757822E-02,
    2.10001E-02));
#2215 = CARTESIAN_POINT('',(-5.870807926829E-02,5.167270757822E-02,
    2.10001E-02));
#2216 = ORIENTED_EDGE('',*,*,#2217,.T.);
#2217 = EDGE_CURVE('',#2211,#333,#2218,.T.);
#2218 = B_SPLINE_CURVE_WITH_KNOTS('',1,(#2219,#2220),.UNSPECIFIED.,.F.,
  .F.,(2,2),(-0.,2.E-02),.PIECEWISE_BEZIER_KNOTS.);
#2219 = CARTESIAN_POINT('',(-5.870807926829E-02,5.167270757822E-02,
    2.10001E-02));
#2220 = CARTESIAN_POINT('',(-5.870807926829E-02,5.167270757822E-02,
    1.0001E-03));
#2221 = B_SPLINE_SURFACE_WITH_KNOTS('',1,1,(
    (#2222,#2223)
    ,(#2224,#2225)),.UNSPECIFIED.,.F.,.F.,.F.,(2,2),(2,2),(0.,2.E-02),(
    -2.822027439024E-02,0.),.PIECEWISE_BEZIER_KNOTS.);
#2222 = CARTESIAN_POINT('',(-5.870807926829E-02,5.167270757822E-02,
    2.10001E-02));
#2223 = CARTESIAN_POINT('',(-3.048780487805E-02,5.167270757822E-02,
    2.10001E-02));
#2224 = CARTESIAN_POINT('',(-5.870807926829E-02,5.167270757822E-02,
    1.0001E-03));
#2225 = CARTESIAN_POINT('',(-3.048780487805E-02,5.167270757822E-02,
    1.0001E-03));
#2226 = ADVANCED_FACE('',(#2227),#2260,.T.);
#2227 = FACE_BOUND('',#2228,.T.);
#2228 = EDGE_LOOP('',(#2229,#2230,#2231,#2255));
#2229 = ORIENTED_EDGE('',*,*,#339,.F.);
#2230 = ORIENTED_EDGE('',*,*,#2217,.F.);
#2231 = ORIENTED_EDGE('',*,*,#2232,.T.);
#2232 = EDGE_CURVE('',#2211,#2233,#2235,.T.);
#2233 = VERTEX_POINT('',#2234);
#2234 = CARTESIAN_POINT('',(-0.110975609756,2.930329529442E-03,
    2.10001E-02));
#2235 = B_SPLINE_CURVE_WITH_KNOTS('',3,(#2236,#2237,#2238,#2239,#2240,
    #2241,#2242,#2243,#2244,#2245,#2246,#2247,#2248,#2249,#2250,#2251,
    #2252,#2253,#2254),.UNSPECIFIED.,.F.,.F.,(4,1,1,1,1,1,1,1,1,1,1,1,1,
    1,1,1,4),(0.,6.86311786766E-02,0.134566466039,0.198328154011,
    0.260789766641,0.321999151484,0.382721746503,0.443537474036,
    0.505133429485,0.566213874765,0.626105864618,0.685349322161,
    0.744995870348,0.805415841815,0.867636266346,0.932307782302,1.),
  .UNSPECIFIED.);
#2236 = CARTESIAN_POINT('',(-5.870807926829E-02,5.167270757822E-02,
    2.10001E-02));
#2237 = CARTESIAN_POINT('',(-6.054526567493E-02,5.163175838296E-02,
    2.10001E-02));
#2238 = CARTESIAN_POINT('',(-6.414747223705E-02,5.155146851181E-02,
    2.10001E-02));
#2239 = CARTESIAN_POINT('',(-6.942988665566E-02,5.094157298752E-02,
    2.10001E-02));
#2240 = CARTESIAN_POINT('',(-7.446947095665E-02,4.988320600664E-02,
    2.10001E-02));
#2241 = CARTESIAN_POINT('',(-7.92800836597E-02,4.843935613367E-02,
    2.10001E-02));
#2242 = CARTESIAN_POINT('',(-8.386729706456E-02,4.659485367916E-02,
    2.10001E-02));
#2243 = CARTESIAN_POINT('',(-8.818789584504E-02,4.428418450663E-02,
    2.10001E-02));
#2244 = CARTESIAN_POINT('',(-9.228928625051E-02,4.158765564674E-02,
    2.10001E-02));
#2245 = CARTESIAN_POINT('',(-9.611809749728E-02,3.849941881836E-02,
    2.10001E-02));
#2246 = CARTESIAN_POINT('',(-9.960792505313E-02,3.506560336957E-02,
    2.10001E-02));
#2247 = CARTESIAN_POINT('',(-0.102650137144,3.131013600327E-02,
    2.10001E-02));
#2248 = CARTESIAN_POINT('',(-0.105254743178,2.728324554298E-02,
    2.10001E-02));
#2249 = CARTESIAN_POINT('',(-0.107350765607,2.295309175765E-02,
    2.10001E-02));
#2250 = CARTESIAN_POINT('',(-0.108978264452,1.834300551555E-02,
    2.10001E-02));
#2251 = CARTESIAN_POINT('',(-0.110130745867,1.345632972083E-02,
    2.10001E-02));
#2252 = CARTESIAN_POINT('',(-0.110857640637,8.287529612139E-03,
    2.10001E-02));
#2253 = CARTESIAN_POINT('',(-0.110935692967,4.743026186541E-03,
    2.10001E-02));
#2254 = CARTESIAN_POINT('',(-0.110975609756,2.930329529442E-03,
    2.10001E-02));
#2255 = ORIENTED_EDGE('',*,*,#2256,.T.);
#2256 = EDGE_CURVE('',#2233,#293,#2257,.T.);
#2257 = B_SPLINE_CURVE_WITH_KNOTS('',1,(#2258,#2259),.UNSPECIFIED.,.F.,
  .F.,(2,2),(-0.,2.E-02),.PIECEWISE_BEZIER_KNOTS.);
#2258 = CARTESIAN_POINT('',(-0.110975609756,2.930329529442E-03,
    2.10001E-02));
#2259 = CARTESIAN_POINT('',(-0.110975609756,2.930329529442E-03,
    1.0001E-03));
#2260 = B_SPLINE_SURFACE_WITH_KNOTS('',3,1,(
    (#2261,#2262)
    ,(#2263,#2264)
    ,(#2265,#2266)
    ,(#2267,#2268)
    ,(#2269,#2270)
    ,(#2271,#2272)
    ,(#2273,#2274)
    ,(#2275,#2276)
    ,(#2277,#2278)
    ,(#2279,#2280)
    ,(#2281,#2282)
    ,(#2283,#2284)
    ,(#2285,#2286)
    ,(#2287,#2288)
    ,(#2289,#2290)
    ,(#2291,#2292)
    ,(#2293,#2294)
    ,(#2295,#2296)
    ,(#2297,#2298
    )),.UNSPECIFIED.,.F.,.F.,.F.,(4,1,1,1,1,1,1,1,1,1,1,1,1,1,1,1,4),(2,
    2),(0.,6.86311786766E-02,0.134566466039,0.198328154011,
    0.260789766641,0.321999151484,0.382721746503,0.443537474036,
    0.505133429485,0.566213874765,0.626105864618,0.685349322161,
    0.744995870348,0.805415841815,0.867636266346,0.932307782302,1.),(0.,
    1.),.UNSPECIFIED.);
#2261 = CARTESIAN_POINT('',(-5.870807926829E-02,5.167270757822E-02,
    2.10001E-02));
#2262 = CARTESIAN_POINT('',(-5.870807926829E-02,5.167270757822E-02,
    1.0001E-03));
#2263 = CARTESIAN_POINT('',(-6.054526567493E-02,5.163175838296E-02,
    2.10001E-02));
#2264 = CARTESIAN_POINT('',(-6.054526567493E-02,5.163175838296E-02,
    1.0001E-03));
#2265 = CARTESIAN_POINT('',(-6.414747223705E-02,5.155146851181E-02,
    2.10001E-02));
#2266 = CARTESIAN_POINT('',(-6.414747223705E-02,5.155146851181E-02,
    1.0001E-03));
#2267 = CARTESIAN_POINT('',(-6.942988665566E-02,5.094157298752E-02,
    2.10001E-02));
#2268 = CARTESIAN_POINT('',(-6.942988665566E-02,5.094157298752E-02,
    1.0001E-03));
#2269 = CARTESIAN_POINT('',(-7.446947095665E-02,4.988320600664E-02,
    2.10001E-02));
#2270 = CARTESIAN_POINT('',(-7.446947095665E-02,4.988320600664E-02,
    1.0001E-03));
#2271 = CARTESIAN_POINT('',(-7.92800836597E-02,4.843935613367E-02,
    2.10001E-02));
#2272 = CARTESIAN_POINT('',(-7.92800836597E-02,4.843935613367E-02,
    1.0001E-03));
#2273 = CARTESIAN_POINT('',(-8.386729706456E-02,4.659485367916E-02,
    2.10001E-02));
#2274 = CARTESIAN_POINT('',(-8.386729706456E-02,4.659485367916E-02,
    1.0001E-03));
#2275 = CARTESIAN_POINT('',(-8.818789584504E-02,4.428418450663E-02,
    2.10001E-02));
#2276 = CARTESIAN_POINT('',(-8.818789584504E-02,4.428418450663E-02,
    1.0001E-03));
#2277 = CARTESIAN_POINT('',(-9.228928625051E-02,4.158765564674E-02,
    2.10001E-02));
#2278 = CARTESIAN_POINT('',(-9.228928625051E-02,4.158765564674E-02,
    1.0001E-03));
#2279 = CARTESIAN_POINT('',(-9.611809749728E-02,3.849941881836E-02,
    2.10001E-02));
#2280 = CARTESIAN_POINT('',(-9.611809749728E-02,3.849941881836E-02,
    1.0001E-03));
#2281 = CARTESIAN_POINT('',(-9.960792505313E-02,3.506560336957E-02,
    2.10001E-02));
#2282 = CARTESIAN_POINT('',(-9.960792505313E-02,3.506560336957E-02,
    1.0001E-03));
#2283 = CARTESIAN_POINT('',(-0.102650137144,3.131013600327E-02,
    2.10001E-02));
#2284 = CARTESIAN_POINT('',(-0.102650137144,3.131013600327E-02,
    1.0001E-03));
#2285 = CARTESIAN_POINT('',(-0.105254743178,2.728324554298E-02,
    2.10001E-02));
#2286 = CARTESIAN_POINT('',(-0.105254743178,2.728324554298E-02,
    1.0001E-03));
#2287 = CARTESIAN_POINT('',(-0.107350765607,2.295309175765E-02,
    2.10001E-02));
#2288 = CARTESIAN_POINT('',(-0.107350765607,2.295309175765E-02,
    1.0001E-03));
#2289 = CARTESIAN_POINT('',(-0.108978264452,1.834300551555E-02,
    2.10001E-02));
#2290 = CARTESIAN_POINT('',(-0.108978264452,1.834300551555E-02,
    1.0001E-03));
#2291 = CARTESIAN_POINT('',(-0.110130745867,1.345632972083E-02,
    2.10001E-02));
#2292 = CARTESIAN_POINT('',(-0.110130745867,1.345632972083E-02,
    1.0001E-03));
#2293 = CARTESIAN_POINT('',(-0.110857640637,8.287529612139E-03,
    2.10001E-02));
#2294 = CARTESIAN_POINT('',(-0.110857640637,8.287529612139E-03,
    1.0001E-03));
#2295 = CARTESIAN_POINT('',(-0.110935692967,4.743026186541E-03,
    2.10001E-02));
#2296 = CARTESIAN_POINT('',(-0.110935692967,4.743026186541E-03,
    1.0001E-03));
#2297 = CARTESIAN_POINT('',(-0.110975609756,2.930329529442E-03,
    2.10001E-02));
#2298 = CARTESIAN_POINT('',(-0.110975609756,2.930329529442E-03,
    1.0001E-03));
#2299 = ADVANCED_FACE('',(#2300),#2327,.T.);
#2300 = FACE_BOUND('',#2301,.T.);
#2301 = EDGE_LOOP('',(#2302,#2303,#2304,#2326));
#2302 = ORIENTED_EDGE('',*,*,#292,.F.);
#2303 = ORIENTED_EDGE('',*,*,#2256,.F.);
#2304 = ORIENTED_EDGE('',*,*,#2305,.T.);
#2305 = EDGE_CURVE('',#2233,#2160,#2306,.T.);
#2306 = B_SPLINE_CURVE_WITH_KNOTS('',3,(#2307,#2308,#2309,#2310,#2311,
    #2312,#2313,#2314,#2315,#2316,#2317,#2318,#2319,#2320,#2321,#2322,
    #2323,#2324,#2325),.UNSPECIFIED.,.F.,.F.,(4,1,1,1,1,1,1,1,1,1,1,1,1,
    1,1,1,4),(0.,6.806869584499E-02,0.133427432819,0.196146033813,
    0.257048592449,0.316882663159,0.376187208666,0.435960335364,
    0.496535236863,0.557465343481,0.61768686341,0.677943640697,
    0.738805284806,0.800949336767,0.86481466747,0.931024781079,1.),
  .UNSPECIFIED.);
#2307 = CARTESIAN_POINT('',(-0.110975609756,2.930329529442E-03,
    2.10001E-02));
#2308 = CARTESIAN_POINT('',(-0.110935223036,1.041571078808E-03,
    2.10001E-02));
#2309 = CARTESIAN_POINT('',(-0.110856057476,-2.660750350374E-03,
    2.10001E-02));
#2310 = CARTESIAN_POINT('',(-0.110132479613,-8.063969858246E-03,
    2.10001E-02));
#2311 = CARTESIAN_POINT('',(-0.108977410005,-1.318367315247E-02,
    2.10001E-02));
#2312 = CARTESIAN_POINT('',(-0.107356033819,-1.801695163635E-02,
    2.10001E-02));
#2313 = CARTESIAN_POINT('',(-0.105256825208,-2.25603191713E-02,
    2.10001E-02));
#2314 = CARTESIAN_POINT('',(-0.102654119241,-2.679717687363E-02,
    2.10001E-02));
#2315 = CARTESIAN_POINT('',(-9.961806419726E-02,-3.075982938339E-02,
    2.10001E-02));
#2316 = CARTESIAN_POINT('',(-9.612785924043E-02,-3.43939851102E-02,
    2.10001E-02));
#2317 = CARTESIAN_POINT('',(-9.226794408361E-02,-3.764654152506E-02,
    2.10001E-02));
#2318 = CARTESIAN_POINT('',(-8.814046045559E-02,-4.053922275105E-02,
    2.10001E-02));
#2319 = CARTESIAN_POINT('',(-8.37099427296E-02,-4.294265531727E-02,
    2.10001E-02));
#2320 = CARTESIAN_POINT('',(-7.901423188335E-02,-4.490637407857E-02,
    2.10001E-02));
#2321 = CARTESIAN_POINT('',(-7.4061540726E-02,-4.64654493849E-02,
    2.10001E-02));
#2322 = CARTESIAN_POINT('',(-6.883040495272E-02,-4.752694723051E-02,
    2.10001E-02));
#2323 = CARTESIAN_POINT('',(-6.334459889919E-02,-4.822478909135E-02,
    2.10001E-02));
#2324 = CARTESIAN_POINT('',(-5.959318755156E-02,-4.829266188416E-02,
    2.10001E-02));
#2325 = CARTESIAN_POINT('',(-5.767911585366E-02,-4.832729242178E-02,
    2.10001E-02));
#2326 = ORIENTED_EDGE('',*,*,#2159,.T.);
#2327 = B_SPLINE_SURFACE_WITH_KNOTS('',3,1,(
    (#2328,#2329)
    ,(#2330,#2331)
    ,(#2332,#2333)
    ,(#2334,#2335)
    ,(#2336,#2337)
    ,(#2338,#2339)
    ,(#2340,#2341)
    ,(#2342,#2343)
    ,(#2344,#2345)
    ,(#2346,#2347)
    ,(#2348,#2349)
    ,(#2350,#2351)
    ,(#2352,#2353)
    ,(#2354,#2355)
    ,(#2356,#2357)
    ,(#2358,#2359)
    ,(#2360,#2361)
    ,(#2362,#2363)
    ,(#2364,#2365
    )),.UNSPECIFIED.,.F.,.F.,.F.,(4,1,1,1,1,1,1,1,1,1,1,1,1,1,1,1,4),(2,
    2),(0.,6.806869584499E-02,0.133427432819,0.196146033813,
    0.257048592449,0.316882663159,0.376187208666,0.435960335364,
    0.496535236863,0.557465343481,0.61768686341,0.677943640697,
    0.738805284806,0.800949336767,0.86481466747,0.931024781079,1.),(0.,
    1.),.UNSPECIFIED.);
#2328 = CARTESIAN_POINT('',(-0.110975609756,2.930329529442E-03,
    2.10001E-02));
#2329 = CARTESIAN_POINT('',(-0.110975609756,2.930329529442E-03,
    1.0001E-03));
#2330 = CARTESIAN_POINT('',(-0.110935223036,1.041571078808E-03,
    2.10001E-02));
#2331 = CARTESIAN_POINT('',(-0.110935223036,1.041571078808E-03,
    1.0001E-03));
#2332 = CARTESIAN_POINT('',(-0.110856057476,-2.660750350374E-03,
    2.10001E-02));
#2333 = CARTESIAN_POINT('',(-0.110856057476,-2.660750350374E-03,
    1.0001E-03));
#2334 = CARTESIAN_POINT('',(-0.110132479613,-8.063969858246E-03,
    2.10001E-02));
#2335 = CARTESIAN_POINT('',(-0.110132479613,-8.063969858246E-03,
    1.0001E-03));
#2336 = CARTESIAN_POINT('',(-0.108977410005,-1.318367315247E-02,
    2.10001E-02));
#2337 = CARTESIAN_POINT('',(-0.108977410005,-1.318367315247E-02,
    1.0001E-03));
#2338 = CARTESIAN_POINT('',(-0.107356033819,-1.801695163635E-02,
    2.10001E-02));
#2339 = CARTESIAN_POINT('',(-0.107356033819,-1.801695163635E-02,
    1.0001E-03));
#2340 = CARTESIAN_POINT('',(-0.105256825208,-2.25603191713E-02,
    2.10001E-02));
#2341 = CARTESIAN_POINT('',(-0.105256825208,-2.25603191713E-02,
    1.0001E-03));
#2342 = CARTESIAN_POINT('',(-0.102654119241,-2.679717687363E-02,
    2.10001E-02));
#2343 = CARTESIAN_POINT('',(-0.102654119241,-2.679717687363E-02,
    1.0001E-03));
#2344 = CARTESIAN_POINT('',(-9.961806419726E-02,-3.075982938339E-02,
    2.10001E-02));
#2345 = CARTESIAN_POINT('',(-9.961806419726E-02,-3.075982938339E-02,
    1.0001E-03));
#2346 = CARTESIAN_POINT('',(-9.612785924043E-02,-3.43939851102E-02,
    2.10001E-02));
#2347 = CARTESIAN_POINT('',(-9.612785924043E-02,-3.43939851102E-02,
    1.0001E-03));
#2348 = CARTESIAN_POINT('',(-9.226794408361E-02,-3.764654152506E-02,
    2.10001E-02));
#2349 = CARTESIAN_POINT('',(-9.226794408361E-02,-3.764654152506E-02,
    1.0001E-03));
#2350 = CARTESIAN_POINT('',(-8.814046045559E-02,-4.053922275105E-02,
    2.10001E-02));
#2351 = CARTESIAN_POINT('',(-8.814046045559E-02,-4.053922275105E-02,
    1.0001E-03));
#2352 = CARTESIAN_POINT('',(-8.37099427296E-02,-4.294265531727E-02,
    2.10001E-02));
#2353 = CARTESIAN_POINT('',(-8.37099427296E-02,-4.294265531727E-02,
    1.0001E-03));
#2354 = CARTESIAN_POINT('',(-7.901423188335E-02,-4.490637407857E-02,
    2.10001E-02));
#2355 = CARTESIAN_POINT('',(-7.901423188335E-02,-4.490637407857E-02,
    1.0001E-03));
#2356 = CARTESIAN_POINT('',(-7.4061540726E-02,-4.64654493849E-02,
    2.10001E-02));
#2357 = CARTESIAN_POINT('',(-7.4061540726E-02,-4.64654493849E-02,
    1.0001E-03));
#2358 = CARTESIAN_POINT('',(-6.883040495272E-02,-4.752694723051E-02,
    2.10001E-02));
#2359 = CARTESIAN_POINT('',(-6.883040495272E-02,-4.752694723051E-02,
    1.0001E-03));
#2360 = CARTESIAN_POINT('',(-6.334459889919E-02,-4.822478909135E-02,
    2.10001E-02));
#2361 = CARTESIAN_POINT('',(-6.334459889919E-02,-4.822478909135E-02,
    1.0001E-03));
#2362 = CARTESIAN_POINT('',(-5.959318755156E-02,-4.829266188416E-02,
    2.10001E-02));
#2363 = CARTESIAN_POINT('',(-5.959318755156E-02,-4.829266188416E-02,
    1.0001E-03));
#2364 = CARTESIAN_POINT('',(-5.767911585366E-02,-4.832729242178E-02,
    2.10001E-02));
#2365 = CARTESIAN_POINT('',(-5.767911585366E-02,-4.832729242178E-02,
    1.0001E-03));
#2366 = ADVANCED_FACE('',(#2367,#2438),#2445,.T.);
#2367 = FACE_BOUND('',#2368,.T.);
#2368 = EDGE_LOOP('',(#2369,#2395,#2419,#2426,#2433));
#2369 = ORIENTED_EDGE('',*,*,#2370,.F.);
#2370 = EDGE_CURVE('',#2371,#2373,#2375,.T.);
#2371 = VERTEX_POINT('',#2372);
#2372 = CARTESIAN_POINT('',(-9.756097560976E-02,2.644506358711E-03,
    2.10001E-02));
#2373 = VERTEX_POINT('',#2374);
#2374 = CARTESIAN_POINT('',(-5.865091463415E-02,4.069709782213E-02,
    2.10001E-02));
#2375 = B_SPLINE_CURVE_WITH_KNOTS('',3,(#2376,#2377,#2378,#2379,#2380,
    #2381,#2382,#2383,#2384,#2385,#2386,#2387,#2388,#2389,#2390,#2391,
    #2392,#2393,#2394),.UNSPECIFIED.,.F.,.F.,(4,1,1,1,1,1,1,1,1,1,1,1,1,
    1,1,1,4),(0.,7.430379644282E-02,0.144393610364,0.210499496103,
    0.273542606503,0.333824744579,0.392529672409,0.4500874546,
    0.507820611556,0.565464912777,0.623148722334,0.681297192791,
    0.740913498157,0.801855752196,0.865241237721,0.930941657047,1.),
  .UNSPECIFIED.);
#2376 = CARTESIAN_POINT('',(-9.756097560976E-02,2.644506358711E-03,
    2.10001E-02));
#2377 = CARTESIAN_POINT('',(-9.752819755151E-02,4.176594872464E-03,
    2.10001E-02));
#2378 = CARTESIAN_POINT('',(-9.746450037322E-02,7.153882743198E-03,
    2.10001E-02));
#2379 = CARTESIAN_POINT('',(-9.696887895308E-02,1.147198352992E-02,
    2.10001E-02));
#2380 = CARTESIAN_POINT('',(-9.613828044847E-02,1.55006810435E-02,
    2.10001E-02));
#2381 = CARTESIAN_POINT('',(-9.495739938109E-02,1.92305557244E-02,
    2.10001E-02));
#2382 = CARTESIAN_POINT('',(-9.345014634508E-02,2.267598971915E-02,
    2.10001E-02));
#2383 = CARTESIAN_POINT('',(-9.159416319506E-02,2.581724256206E-02,
    2.10001E-02));
#2384 = CARTESIAN_POINT('',(-8.940383648964E-02,2.866971423858E-02,
    2.10001E-02));
#2385 = CARTESIAN_POINT('',(-8.687948164701E-02,3.120067147836E-02,
    2.10001E-02));
#2386 = CARTESIAN_POINT('',(-8.408307916285E-02,3.342574815738E-02,
    2.10001E-02));
#2387 = CARTESIAN_POINT('',(-8.108337971765E-02,3.538392517252E-02,
    2.10001E-02));
#2388 = CARTESIAN_POINT('',(-7.785436176496E-02,3.70280892076E-02,
    2.10001E-02));
#2389 = CARTESIAN_POINT('',(-7.442131857661E-02,3.837918181117E-02,
    2.10001E-02));
#2390 = CARTESIAN_POINT('',(-7.077263129867E-02,3.943343716782E-02,
    2.10001E-02));
#2391 = CARTESIAN_POINT('',(-6.691949388875E-02,4.016519726153E-02,
    2.10001E-02));
#2392 = CARTESIAN_POINT('',(-6.285345980521E-02,4.06106242393E-02,
    2.10001E-02));
#2393 = CARTESIAN_POINT('',(-6.007484225479E-02,4.066779840522E-02,
    2.10001E-02));
#2394 = CARTESIAN_POINT('',(-5.865091463415E-02,4.069709782213E-02,
    2.10001E-02));
#2395 = ORIENTED_EDGE('',*,*,#2396,.F.);
#2396 = EDGE_CURVE('',#2397,#2371,#2399,.T.);
#2397 = VERTEX_POINT('',#2398);
#2398 = CARTESIAN_POINT('',(-5.809832317073E-02,-3.735168266568E-02,
    2.10001E-02));
#2399 = B_SPLINE_CURVE_WITH_KNOTS('',3,(#2400,#2401,#2402,#2403,#2404,
    #2405,#2406,#2407,#2408,#2409,#2410,#2411,#2412,#2413,#2414,#2415,
    #2416,#2417,#2418),.UNSPECIFIED.,.F.,.F.,(4,1,1,1,1,1,1,1,1,1,1,1,1,
    1,1,1,4),(0.,7.082657255516E-02,0.13816903328,0.202475331534,
    0.263973754414,0.323380320598,0.381797622713,0.439390074519,
    0.496902724546,0.554662169609,0.612741878492,0.671538836391,
    0.73165572209,0.794297811614,0.859482204979,0.927681325453,1.),
  .UNSPECIFIED.);
#2400 = CARTESIAN_POINT('',(-5.809832317073E-02,-3.735168266568E-02,
    2.10001E-02));
#2401 = CARTESIAN_POINT('',(-5.960508004789E-02,-3.7319111774E-02,
    2.10001E-02));
#2402 = CARTESIAN_POINT('',(-6.254447318233E-02,-3.725557222304E-02,
    2.10001E-02));
#2403 = CARTESIAN_POINT('',(-6.682812883678E-02,-3.675099206174E-02,
    2.10001E-02));
#2404 = CARTESIAN_POINT('',(-7.085981535096E-02,-3.59407326101E-02,
    2.10001E-02));
#2405 = CARTESIAN_POINT('',(-7.4640066614E-02,-3.480568312753E-02,
    2.10001E-02));
#2406 = CARTESIAN_POINT('',(-7.815250531215E-02,-3.330112105662E-02,
    2.10001E-02));
#2407 = CARTESIAN_POINT('',(-8.142546660491E-02,-3.149556120899E-02,
    2.10001E-02));
#2408 = CARTESIAN_POINT('',(-8.443646979675E-02,-2.934697928773E-02,
    2.10001E-02));
#2409 = CARTESIAN_POINT('',(-8.717330928202E-02,-2.687947321652E-02,
    2.10001E-02));
#2410 = CARTESIAN_POINT('',(-8.96127836713E-02,-2.410533014465E-02,
    2.10001E-02));
#2411 = CARTESIAN_POINT('',(-9.176502025776E-02,-2.106794580884E-02,
    2.10001E-02));
#2412 = CARTESIAN_POINT('',(-9.355317127362E-02,-1.774601625972E-02,
    2.10001E-02));
#2413 = CARTESIAN_POINT('',(-9.503392029514E-02,-1.417248732522E-02,
    2.10001E-02));
#2414 = CARTESIAN_POINT('',(-9.616542217786E-02,-1.033161131498E-02,
    2.10001E-02));
#2415 = CARTESIAN_POINT('',(-9.698564991367E-02,-6.23877499284E-03,
    2.10001E-02));
#2416 = CARTESIAN_POINT('',(-9.745940671924E-02,-1.882631129897E-03,
    2.10001E-02));
#2417 = CARTESIAN_POINT('',(-9.752646400772E-02,1.106252208311E-03,
    2.10001E-02));
#2418 = CARTESIAN_POINT('',(-9.756097560976E-02,2.644506358711E-03,
    2.10001E-02));
#2419 = ORIENTED_EDGE('',*,*,#2420,.F.);
#2420 = EDGE_CURVE('',#2421,#2397,#2423,.T.);
#2421 = VERTEX_POINT('',#2422);
#2422 = CARTESIAN_POINT('',(-4.390243902439E-02,-3.735168266568E-02,
    2.10001E-02));
#2423 = B_SPLINE_CURVE_WITH_KNOTS('',1,(#2424,#2425),.UNSPECIFIED.,.F.,
  .F.,(2,2),(0.,1.419588414634E-02),.PIECEWISE_BEZIER_KNOTS.);
#2424 = CARTESIAN_POINT('',(-4.390243902439E-02,-3.735168266568E-02,
    2.10001E-02));
#2425 = CARTESIAN_POINT('',(-5.809832317073E-02,-3.735168266568E-02,
    2.10001E-02));
#2426 = ORIENTED_EDGE('',*,*,#2427,.F.);
#2427 = EDGE_CURVE('',#2428,#2421,#2430,.T.);
#2428 = VERTEX_POINT('',#2429);
#2429 = CARTESIAN_POINT('',(-4.390243902439E-02,4.069709782213E-02,
    2.10001E-02));
#2430 = B_SPLINE_CURVE_WITH_KNOTS('',1,(#2431,#2432),.UNSPECIFIED.,.F.,
  .F.,(2,2),(0.,7.80487804878E-02),.PIECEWISE_BEZIER_KNOTS.);
#2431 = CARTESIAN_POINT('',(-4.390243902439E-02,4.069709782213E-02,
    2.10001E-02));
#2432 = CARTESIAN_POINT('',(-4.390243902439E-02,-3.735168266568E-02,
    2.10001E-02));
#2433 = ORIENTED_EDGE('',*,*,#2434,.F.);
#2434 = EDGE_CURVE('',#2373,#2428,#2435,.T.);
#2435 = B_SPLINE_CURVE_WITH_KNOTS('',1,(#2436,#2437),.UNSPECIFIED.,.F.,
  .F.,(2,2),(0.,1.474847560976E-02),.PIECEWISE_BEZIER_KNOTS.);
#2436 = CARTESIAN_POINT('',(-5.865091463415E-02,4.069709782213E-02,
    2.10001E-02));
#2437 = CARTESIAN_POINT('',(-4.390243902439E-02,4.069709782213E-02,
    2.10001E-02));
#2438 = FACE_BOUND('',#2439,.T.);
#2439 = EDGE_LOOP('',(#2440,#2441,#2442,#2443,#2444));
#2440 = ORIENTED_EDGE('',*,*,#2166,.F.);
#2441 = ORIENTED_EDGE('',*,*,#2305,.F.);
#2442 = ORIENTED_EDGE('',*,*,#2232,.F.);
#2443 = ORIENTED_EDGE('',*,*,#2210,.F.);
#2444 = ORIENTED_EDGE('',*,*,#2188,.F.);
#2445 = B_SPLINE_SURFACE_WITH_KNOTS('',1,1,(
    (#2446,#2447)
    ,(#2448,#2449
    )),.UNSPECIFIED.,.F.,.F.,.F.,(2,2),(2,2),(-6.527795876027E-02,
    1.520984611777E-02),(-8.703007004294E-02,1.296992995706E-02),
  .PIECEWISE_BEZIER_KNOTS.);
#2446 = CARTESIAN_POINT('',(-3.048780487805E-02,-4.832729242178E-02,
    2.10001E-02));
#2447 = CARTESIAN_POINT('',(-3.048780487805E-02,5.167270757822E-02,
    2.10001E-02));
#2448 = CARTESIAN_POINT('',(-0.110975609756,-4.832729242178E-02,
    2.10001E-02));
#2449 = CARTESIAN_POINT('',(-0.110975609756,5.167270757822E-02,
    2.10001E-02));
#2450 = ADVANCED_FACE('',(#2451),#2473,.T.);
#2451 = FACE_BOUND('',#2452,.T.);
#2452 = EDGE_LOOP('',(#2453,#2462,#2467,#2468));
#2453 = ORIENTED_EDGE('',*,*,#2454,.F.);
#2454 = EDGE_CURVE('',#2455,#2457,#2459,.T.);
#2455 = VERTEX_POINT('',#2456);
#2456 = CARTESIAN_POINT('',(-5.865091463415E-02,4.069709782213E-02,
    1.0001E-03));
#2457 = VERTEX_POINT('',#2458);
#2458 = CARTESIAN_POINT('',(-4.390243902439E-02,4.069709782213E-02,
    1.0001E-03));
#2459 = B_SPLINE_CURVE_WITH_KNOTS('',1,(#2460,#2461),.UNSPECIFIED.,.F.,
  .F.,(2,2),(0.,1.474847560976E-02),.PIECEWISE_BEZIER_KNOTS.);
#2460 = CARTESIAN_POINT('',(-5.865091463415E-02,4.069709782213E-02,
    1.0001E-03));
#2461 = CARTESIAN_POINT('',(-4.390243902439E-02,4.069709782213E-02,
    1.0001E-03));
#2462 = ORIENTED_EDGE('',*,*,#2463,.F.);
#2463 = EDGE_CURVE('',#2373,#2455,#2464,.T.);
#2464 = B_SPLINE_CURVE_WITH_KNOTS('',1,(#2465,#2466),.UNSPECIFIED.,.F.,
  .F.,(2,2),(-0.,2.E-02),.PIECEWISE_BEZIER_KNOTS.);
#2465 = CARTESIAN_POINT('',(-5.865091463415E-02,4.069709782213E-02,
    2.10001E-02));
#2466 = CARTESIAN_POINT('',(-5.865091463415E-02,4.069709782213E-02,
    1.0001E-03));
#2467 = ORIENTED_EDGE('',*,*,#2434,.T.);
#2468 = ORIENTED_EDGE('',*,*,#2469,.T.);
#2469 = EDGE_CURVE('',#2428,#2457,#2470,.T.);
#2470 = B_SPLINE_CURVE_WITH_KNOTS('',1,(#2471,#2472),.UNSPECIFIED.,.F.,
  .F.,(2,2),(-0.,2.E-02),.PIECEWISE_BEZIER_KNOTS.);
#2471 = CARTESIAN_POINT('',(-4.390243902439E-02,4.069709782213E-02,
    2.10001E-02));
#2472 = CARTESIAN_POINT('',(-4.390243902439E-02,4.069709782213E-02,
    1.0001E-03));
#2473 = B_SPLINE_SURFACE_WITH_KNOTS('',1,1,(
    (#2474,#2475)
    ,(#2476,#2477
    )),.UNSPECIFIED.,.F.,.F.,.F.,(2,2),(2,2),(-2.E-02,0.),(0.,
    1.474847560976E-02),.PIECEWISE_BEZIER_KNOTS.);
#2474 = CARTESIAN_POINT('',(-5.865091463415E-02,4.069709782213E-02,
    1.0001E-03));
#2475 = CARTESIAN_POINT('',(-4.390243902439E-02,4.069709782213E-02,
    1.0001E-03));
#2476 = CARTESIAN_POINT('',(-5.865091463415E-02,4.069709782213E-02,
    2.10001E-02));
#2477 = CARTESIAN_POINT('',(-4.390243902439E-02,4.069709782213E-02,
    2.10001E-02));
#2478 = ADVANCED_FACE('',(#2479),#2512,.T.);
#2479 = FACE_BOUND('',#2480,.T.);
#2480 = EDGE_LOOP('',(#2481,#2505,#2510,#2511));
#2481 = ORIENTED_EDGE('',*,*,#2482,.F.);
#2482 = EDGE_CURVE('',#2483,#2455,#2485,.T.);
#2483 = VERTEX_POINT('',#2484);
#2484 = CARTESIAN_POINT('',(-9.756097560976E-02,2.644506358711E-03,
    1.0001E-03));
#2485 = B_SPLINE_CURVE_WITH_KNOTS('',3,(#2486,#2487,#2488,#2489,#2490,
    #2491,#2492,#2493,#2494,#2495,#2496,#2497,#2498,#2499,#2500,#2501,
    #2502,#2503,#2504),.UNSPECIFIED.,.F.,.F.,(4,1,1,1,1,1,1,1,1,1,1,1,1,
    1,1,1,4),(0.,7.430379644282E-02,0.144393610364,0.210499496103,
    0.273542606503,0.333824744579,0.392529672409,0.4500874546,
    0.507820611556,0.565464912777,0.623148722334,0.681297192791,
    0.740913498157,0.801855752196,0.865241237721,0.930941657047,1.),
  .UNSPECIFIED.);
#2486 = CARTESIAN_POINT('',(-9.756097560976E-02,2.644506358711E-03,
    1.0001E-03));
#2487 = CARTESIAN_POINT('',(-9.752819755151E-02,4.176594872464E-03,
    1.0001E-03));
#2488 = CARTESIAN_POINT('',(-9.746450037322E-02,7.153882743198E-03,
    1.0001E-03));
#2489 = CARTESIAN_POINT('',(-9.696887895308E-02,1.147198352992E-02,
    1.0001E-03));
#2490 = CARTESIAN_POINT('',(-9.613828044847E-02,1.55006810435E-02,
    1.0001E-03));
#2491 = CARTESIAN_POINT('',(-9.495739938109E-02,1.92305557244E-02,
    1.0001E-03));
#2492 = CARTESIAN_POINT('',(-9.345014634508E-02,2.267598971915E-02,
    1.0001E-03));
#2493 = CARTESIAN_POINT('',(-9.159416319506E-02,2.581724256206E-02,
    1.0001E-03));
#2494 = CARTESIAN_POINT('',(-8.940383648964E-02,2.866971423858E-02,
    1.0001E-03));
#2495 = CARTESIAN_POINT('',(-8.687948164701E-02,3.120067147836E-02,
    1.0001E-03));
#2496 = CARTESIAN_POINT('',(-8.408307916285E-02,3.342574815738E-02,
    1.0001E-03));
#2497 = CARTESIAN_POINT('',(-8.108337971765E-02,3.538392517252E-02,
    1.0001E-03));
#2498 = CARTESIAN_POINT('',(-7.785436176496E-02,3.70280892076E-02,
    1.0001E-03));
#2499 = CARTESIAN_POINT('',(-7.442131857661E-02,3.837918181117E-02,
    1.0001E-03));
#2500 = CARTESIAN_POINT('',(-7.077263129867E-02,3.943343716782E-02,
    1.0001E-03));
#2501 = CARTESIAN_POINT('',(-6.691949388875E-02,4.016519726153E-02,
    1.0001E-03));
#2502 = CARTESIAN_POINT('',(-6.285345980521E-02,4.06106242393E-02,
    1.0001E-03));
#2503 = CARTESIAN_POINT('',(-6.007484225479E-02,4.066779840522E-02,
    1.0001E-03));
#2504 = CARTESIAN_POINT('',(-5.865091463415E-02,4.069709782213E-02,
    1.0001E-03));
#2505 = ORIENTED_EDGE('',*,*,#2506,.F.);
#2506 = EDGE_CURVE('',#2371,#2483,#2507,.T.);
#2507 = B_SPLINE_CURVE_WITH_KNOTS('',1,(#2508,#2509),.UNSPECIFIED.,.F.,
  .F.,(2,2),(-0.,2.E-02),.PIECEWISE_BEZIER_KNOTS.);
#2508 = CARTESIAN_POINT('',(-9.756097560976E-02,2.644506358711E-03,
    2.10001E-02));
#2509 = CARTESIAN_POINT('',(-9.756097560976E-02,2.644506358711E-03,
    1.0001E-03));
#2510 = ORIENTED_EDGE('',*,*,#2370,.T.);
#2511 = ORIENTED_EDGE('',*,*,#2463,.T.);
#2512 = B_SPLINE_SURFACE_WITH_KNOTS('',3,1,(
    (#2513,#2514)
    ,(#2515,#2516)
    ,(#2517,#2518)
    ,(#2519,#2520)
    ,(#2521,#2522)
    ,(#2523,#2524)
    ,(#2525,#2526)
    ,(#2527,#2528)
    ,(#2529,#2530)
    ,(#2531,#2532)
    ,(#2533,#2534)
    ,(#2535,#2536)
    ,(#2537,#2538)
    ,(#2539,#2540)
    ,(#2541,#2542)
    ,(#2543,#2544)
    ,(#2545,#2546)
    ,(#2547,#2548)
    ,(#2549,#2550
    )),.UNSPECIFIED.,.F.,.F.,.F.,(4,1,1,1,1,1,1,1,1,1,1,1,1,1,1,1,4),(2,
    2),(0.,7.430379644282E-02,0.144393610364,0.210499496103,
    0.273542606503,0.333824744579,0.392529672409,0.4500874546,
    0.507820611556,0.565464912777,0.623148722334,0.681297192791,
    0.740913498157,0.801855752196,0.865241237721,0.930941657047,1.),(0.,
    1.),.UNSPECIFIED.);
#2513 = CARTESIAN_POINT('',(-9.756097560976E-02,2.644506358711E-03,
    2.10001E-02));
#2514 = CARTESIAN_POINT('',(-9.756097560976E-02,2.644506358711E-03,
    1.0001E-03));
#2515 = CARTESIAN_POINT('',(-9.752819755151E-02,4.176594872464E-03,
    2.10001E-02));
#2516 = CARTESIAN_POINT('',(-9.752819755151E-02,4.176594872464E-03,
    1.0001E-03));
#2517 = CARTESIAN_POINT('',(-9.746450037322E-02,7.153882743198E-03,
    2.10001E-02));
#2518 = CARTESIAN_POINT('',(-9.746450037322E-02,7.153882743198E-03,
    1.0001E-03));
#2519 = CARTESIAN_POINT('',(-9.696887895308E-02,1.147198352992E-02,
    2.10001E-02));
#2520 = CARTESIAN_POINT('',(-9.696887895308E-02,1.147198352992E-02,
    1.0001E-03));
#2521 = CARTESIAN_POINT('',(-9.613828044847E-02,1.55006810435E-02,
    2.10001E-02));
#2522 = CARTESIAN_POINT('',(-9.613828044847E-02,1.55006810435E-02,
    1.0001E-03));
#2523 = CARTESIAN_POINT('',(-9.495739938109E-02,1.92305557244E-02,
    2.10001E-02));
#2524 = CARTESIAN_POINT('',(-9.495739938109E-02,1.92305557244E-02,
    1.0001E-03));
#2525 = CARTESIAN_POINT('',(-9.345014634508E-02,2.267598971915E-02,
    2.10001E-02));
#2526 = CARTESIAN_POINT('',(-9.345014634508E-02,2.267598971915E-02,
    1.0001E-03));
#2527 = CARTESIAN_POINT('',(-9.159416319506E-02,2.581724256206E-02,
    2.10001E-02));
#2528 = CARTESIAN_POINT('',(-9.159416319506E-02,2.581724256206E-02,
    1.0001E-03));
#2529 = CARTESIAN_POINT('',(-8.940383648964E-02,2.866971423858E-02,
    2.10001E-02));
#2530 = CARTESIAN_POINT('',(-8.940383648964E-02,2.866971423858E-02,
    1.0001E-03));
#2531 = CARTESIAN_POINT('',(-8.687948164701E-02,3.120067147836E-02,
    2.10001E-02));
#2532 = CARTESIAN_POINT('',(-8.687948164701E-02,3.120067147836E-02,
    1.0001E-03));
#2533 = CARTESIAN_POINT('',(-8.408307916285E-02,3.342574815738E-02,
    2.10001E-02));
#2534 = CARTESIAN_POINT('',(-8.408307916285E-02,3.342574815738E-02,
    1.0001E-03));
#2535 = CARTESIAN_POINT('',(-8.108337971765E-02,3.538392517252E-02,
    2.10001E-02));
#2536 = CARTESIAN_POINT('',(-8.108337971765E-02,3.538392517252E-02,
    1.0001E-03));
#2537 = CARTESIAN_POINT('',(-7.785436176496E-02,3.70280892076E-02,
    2.10001E-02));
#2538 = CARTESIAN_POINT('',(-7.785436176496E-02,3.70280892076E-02,
    1.0001E-03));
#2539 = CARTESIAN_POINT('',(-7.442131857661E-02,3.837918181117E-02,
    2.10001E-02));
#2540 = CARTESIAN_POINT('',(-7.442131857661E-02,3.837918181117E-02,
    1.0001E-03));
#2541 = CARTESIAN_POINT('',(-7.077263129867E-02,3.943343716782E-02,
    2.10001E-02));
#2542 = CARTESIAN_POINT('',(-7.077263129867E-02,3.943343716782E-02,
    1.0001E-03));
#2543 = CARTESIAN_POINT('',(-6.691949388875E-02,4.016519726153E-02,
    2.10001E-02));
#2544 = CARTESIAN_POINT('',(-6.691949388875E-02,4.016519726153E-02,
    1.0001E-03));
#2545 = CARTESIAN_POINT('',(-6.285345980521E-02,4.06106242393E-02,
    2.10001E-02));
#2546 = CARTESIAN_POINT('',(-6.285345980521E-02,4.06106242393E-02,
    1.0001E-03));
#2547 = CARTESIAN_POINT('',(-6.007484225479E-02,4.066779840522E-02,
    2.10001E-02));
#2548 = CARTESIAN_POINT('',(-6.007484225479E-02,4.066779840522E-02,
    1.0001E-03));
#2549 = CARTESIAN_POINT('',(-5.865091463415E-02,4.069709782213E-02,
    2.10001E-02));
#2550 = CARTESIAN_POINT('',(-5.865091463415E-02,4.069709782213E-02,
    1.0001E-03));
#2551 = ADVANCED_FACE('',(#2552),#2585,.T.);
#2552 = FACE_BOUND('',#2553,.T.);
#2553 = EDGE_LOOP('',(#2554,#2578,#2583,#2584));
#2554 = ORIENTED_EDGE('',*,*,#2555,.F.);
#2555 = EDGE_CURVE('',#2556,#2483,#2558,.T.);
#2556 = VERTEX_POINT('',#2557);
#2557 = CARTESIAN_POINT('',(-5.809832317073E-02,-3.735168266568E-02,
    1.0001E-03));
#2558 = B_SPLINE_CURVE_WITH_KNOTS('',3,(#2559,#2560,#2561,#2562,#2563,
    #2564,#2565,#2566,#2567,#2568,#2569,#2570,#2571,#2572,#2573,#2574,
    #2575,#2576,#2577),.UNSPECIFIED.,.F.,.F.,(4,1,1,1,1,1,1,1,1,1,1,1,1,
    1,1,1,4),(0.,7.082657255516E-02,0.13816903328,0.202475331534,
    0.263973754414,0.323380320598,0.381797622713,0.439390074519,
    0.496902724546,0.554662169609,0.612741878492,0.671538836391,
    0.73165572209,0.794297811614,0.859482204979,0.927681325453,1.),
  .UNSPECIFIED.);
#2559 = CARTESIAN_POINT('',(-5.809832317073E-02,-3.735168266568E-02,
    1.0001E-03));
#2560 = CARTESIAN_POINT('',(-5.960508004789E-02,-3.7319111774E-02,
    1.0001E-03));
#2561 = CARTESIAN_POINT('',(-6.254447318233E-02,-3.725557222304E-02,
    1.0001E-03));
#2562 = CARTESIAN_POINT('',(-6.682812883678E-02,-3.675099206174E-02,
    1.0001E-03));
#2563 = CARTESIAN_POINT('',(-7.085981535096E-02,-3.59407326101E-02,
    1.0001E-03));
#2564 = CARTESIAN_POINT('',(-7.4640066614E-02,-3.480568312753E-02,
    1.0001E-03));
#2565 = CARTESIAN_POINT('',(-7.815250531215E-02,-3.330112105662E-02,
    1.0001E-03));
#2566 = CARTESIAN_POINT('',(-8.142546660491E-02,-3.149556120899E-02,
    1.0001E-03));
#2567 = CARTESIAN_POINT('',(-8.443646979675E-02,-2.934697928773E-02,
    1.0001E-03));
#2568 = CARTESIAN_POINT('',(-8.717330928202E-02,-2.687947321652E-02,
    1.0001E-03));
#2569 = CARTESIAN_POINT('',(-8.96127836713E-02,-2.410533014465E-02,
    1.0001E-03));
#2570 = CARTESIAN_POINT('',(-9.176502025776E-02,-2.106794580884E-02,
    1.0001E-03));
#2571 = CARTESIAN_POINT('',(-9.355317127362E-02,-1.774601625972E-02,
    1.0001E-03));
#2572 = CARTESIAN_POINT('',(-9.503392029514E-02,-1.417248732522E-02,
    1.0001E-03));
#2573 = CARTESIAN_POINT('',(-9.616542217786E-02,-1.033161131498E-02,
    1.0001E-03));
#2574 = CARTESIAN_POINT('',(-9.698564991367E-02,-6.23877499284E-03,
    1.0001E-03));
#2575 = CARTESIAN_POINT('',(-9.745940671924E-02,-1.882631129897E-03,
    1.0001E-03));
#2576 = CARTESIAN_POINT('',(-9.752646400772E-02,1.106252208311E-03,
    1.0001E-03));
#2577 = CARTESIAN_POINT('',(-9.756097560976E-02,2.644506358711E-03,
    1.0001E-03));
#2578 = ORIENTED_EDGE('',*,*,#2579,.F.);
#2579 = EDGE_CURVE('',#2397,#2556,#2580,.T.);
#2580 = B_SPLINE_CURVE_WITH_KNOTS('',1,(#2581,#2582),.UNSPECIFIED.,.F.,
  .F.,(2,2),(-0.,2.E-02),.PIECEWISE_BEZIER_KNOTS.);
#2581 = CARTESIAN_POINT('',(-5.809832317073E-02,-3.735168266568E-02,
    2.10001E-02));
#2582 = CARTESIAN_POINT('',(-5.809832317073E-02,-3.735168266568E-02,
    1.0001E-03));
#2583 = ORIENTED_EDGE('',*,*,#2396,.T.);
#2584 = ORIENTED_EDGE('',*,*,#2506,.T.);
#2585 = B_SPLINE_SURFACE_WITH_KNOTS('',3,1,(
    (#2586,#2587)
    ,(#2588,#2589)
    ,(#2590,#2591)
    ,(#2592,#2593)
    ,(#2594,#2595)
    ,(#2596,#2597)
    ,(#2598,#2599)
    ,(#2600,#2601)
    ,(#2602,#2603)
    ,(#2604,#2605)
    ,(#2606,#2607)
    ,(#2608,#2609)
    ,(#2610,#2611)
    ,(#2612,#2613)
    ,(#2614,#2615)
    ,(#2616,#2617)
    ,(#2618,#2619)
    ,(#2620,#2621)
    ,(#2622,#2623
    )),.UNSPECIFIED.,.F.,.F.,.F.,(4,1,1,1,1,1,1,1,1,1,1,1,1,1,1,1,4),(2,
    2),(0.,7.082657255516E-02,0.13816903328,0.202475331534,
    0.263973754414,0.323380320598,0.381797622713,0.439390074519,
    0.496902724546,0.554662169609,0.612741878492,0.671538836391,
    0.73165572209,0.794297811614,0.859482204979,0.927681325453,1.),(0.,
    1.),.UNSPECIFIED.);
#2586 = CARTESIAN_POINT('',(-5.809832317073E-02,-3.735168266568E-02,
    2.10001E-02));
#2587 = CARTESIAN_POINT('',(-5.809832317073E-02,-3.735168266568E-02,
    1.0001E-03));
#2588 = CARTESIAN_POINT('',(-5.960508004789E-02,-3.7319111774E-02,
    2.10001E-02));
#2589 = CARTESIAN_POINT('',(-5.960508004789E-02,-3.7319111774E-02,
    1.0001E-03));
#2590 = CARTESIAN_POINT('',(-6.254447318233E-02,-3.725557222304E-02,
    2.10001E-02));
#2591 = CARTESIAN_POINT('',(-6.254447318233E-02,-3.725557222304E-02,
    1.0001E-03));
#2592 = CARTESIAN_POINT('',(-6.682812883678E-02,-3.675099206174E-02,
    2.10001E-02));
#2593 = CARTESIAN_POINT('',(-6.682812883678E-02,-3.675099206174E-02,
    1.0001E-03));
#2594 = CARTESIAN_POINT('',(-7.085981535096E-02,-3.59407326101E-02,
    2.10001E-02));
#2595 = CARTESIAN_POINT('',(-7.085981535096E-02,-3.59407326101E-02,
    1.0001E-03));
#2596 = CARTESIAN_POINT('',(-7.4640066614E-02,-3.480568312753E-02,
    2.10001E-02));
#2597 = CARTESIAN_POINT('',(-7.4640066614E-02,-3.480568312753E-02,
    1.0001E-03));
#2598 = CARTESIAN_POINT('',(-7.815250531215E-02,-3.330112105662E-02,
    2.10001E-02));
#2599 = CARTESIAN_POINT('',(-7.815250531215E-02,-3.330112105662E-02,
    1.0001E-03));
#2600 = CARTESIAN_POINT('',(-8.142546660491E-02,-3.149556120899E-02,
    2.10001E-02));
#2601 = CARTESIAN_POINT('',(-8.142546660491E-02,-3.149556120899E-02,
    1.0001E-03));
#2602 = CARTESIAN_POINT('',(-8.443646979675E-02,-2.934697928773E-02,
    2.10001E-02));
#2603 = CARTESIAN_POINT('',(-8.443646979675E-02,-2.934697928773E-02,
    1.0001E-03));
#2604 = CARTESIAN_POINT('',(-8.717330928202E-02,-2.687947321652E-02,
    2.10001E-02));
#2605 = CARTESIAN_POINT('',(-8.717330928202E-02,-2.687947321652E-02,
    1.0001E-03));
#2606 = CARTESIAN_POINT('',(-8.96127836713E-02,-2.410533014465E-02,
    2.10001E-02));
#2607 = CARTESIAN_POINT('',(-8.96127836713E-02,-2.410533014465E-02,
    1.0001E-03));
#2608 = CARTESIAN_POINT('',(-9.176502025776E-02,-2.106794580884E-02,
    2.10001E-02));
#2609 = CARTESIAN_POINT('',(-9.176502025776E-02,-2.106794580884E-02,
    1.0001E-03));
#2610 = CARTESIAN_POINT('',(-9.355317127362E-02,-1.774601625972E-02,
    2.10001E-02));
#2611 = CARTESIAN_POINT('',(-9.355317127362E-02,-1.774601625972E-02,
    1.0001E-03));
#2612 = CARTESIAN_POINT('',(-9.503392029514E-02,-1.417248732522E-02,
    2.10001E-02));
#2613 = CARTESIAN_POINT('',(-9.503392029514E-02,-1.417248732522E-02,
    1.0001E-03));
#2614 = CARTESIAN_POINT('',(-9.616542217786E-02,-1.033161131498E-02,
    2.10001E-02));
#2615 = CARTESIAN_POINT('',(-9.616542217786E-02,-1.033161131498E-02,
    1.0001E-03));
#2616 = CARTESIAN_POINT('',(-9.698564991367E-02,-6.23877499284E-03,
    2.10001E-02));
#2617 = CARTESIAN_POINT('',(-9.698564991367E-02,-6.23877499284E-03,
    1.0001E-03));
#2618 = CARTESIAN_POINT('',(-9.745940671924E-02,-1.882631129897E-03,
    2.10001E-02));
#2619 = CARTESIAN_POINT('',(-9.745940671924E-02,-1.882631129897E-03,
    1.0001E-03));
#2620 = CARTESIAN_POINT('',(-9.752646400772E-02,1.106252208311E-03,
    2.10001E-02));
#2621 = CARTESIAN_POINT('',(-9.752646400772E-02,1.106252208311E-03,
    1.0001E-03));
#2622 = CARTESIAN_POINT('',(-9.756097560976E-02,2.644506358711E-03,
    2.10001E-02));
#2623 = CARTESIAN_POINT('',(-9.756097560976E-02,2.644506358711E-03,
    1.0001E-03));
#2624 = ADVANCED_FACE('',(#2625),#2641,.T.);
#2625 = FACE_BOUND('',#2626,.T.);
#2626 = EDGE_LOOP('',(#2627,#2634,#2639,#2640));
#2627 = ORIENTED_EDGE('',*,*,#2628,.F.);
#2628 = EDGE_CURVE('',#2629,#2556,#2631,.T.);
#2629 = VERTEX_POINT('',#2630);
#2630 = CARTESIAN_POINT('',(-4.390243902439E-02,-3.735168266568E-02,
    1.0001E-03));
#2631 = B_SPLINE_CURVE_WITH_KNOTS('',1,(#2632,#2633),.UNSPECIFIED.,.F.,
  .F.,(2,2),(0.,1.419588414634E-02),.PIECEWISE_BEZIER_KNOTS.);
#2632 = CARTESIAN_POINT('',(-4.390243902439E-02,-3.735168266568E-02,
    1.0001E-03));
#2633 = CARTESIAN_POINT('',(-5.809832317073E-02,-3.735168266568E-02,
    1.0001E-03));
#2634 = ORIENTED_EDGE('',*,*,#2635,.F.);
#2635 = EDGE_CURVE('',#2421,#2629,#2636,.T.);
#2636 = B_SPLINE_CURVE_WITH_KNOTS('',1,(#2637,#2638),.UNSPECIFIED.,.F.,
  .F.,(2,2),(-0.,2.E-02),.PIECEWISE_BEZIER_KNOTS.);
#2637 = CARTESIAN_POINT('',(-4.390243902439E-02,-3.735168266568E-02,
    2.10001E-02));
#2638 = CARTESIAN_POINT('',(-4.390243902439E-02,-3.735168266568E-02,
    1.0001E-03));
#2639 = ORIENTED_EDGE('',*,*,#2420,.T.);
#2640 = ORIENTED_EDGE('',*,*,#2579,.T.);
#2641 = B_SPLINE_SURFACE_WITH_KNOTS('',1,1,(
    (#2642,#2643)
    ,(#2644,#2645)),.UNSPECIFIED.,.F.,.F.,.F.,(2,2),(2,2),(0.,2.E-02),(
    -1.419588414634E-02,0.),.PIECEWISE_BEZIER_KNOTS.);
#2642 = CARTESIAN_POINT('',(-5.809832317073E-02,-3.735168266568E-02,
    2.10001E-02));
#2643 = CARTESIAN_POINT('',(-4.390243902439E-02,-3.735168266568E-02,
    2.10001E-02));
#2644 = CARTESIAN_POINT('',(-5.809832317073E-02,-3.735168266568E-02,
    1.0001E-03));
#2645 = CARTESIAN_POINT('',(-4.390243902439E-02,-3.735168266568E-02,
    1.0001E-03));
#2646 = ADVANCED_FACE('',(#2647),#2657,.T.);
#2647 = FACE_BOUND('',#2648,.T.);
#2648 = EDGE_LOOP('',(#2649,#2654,#2655,#2656));
#2649 = ORIENTED_EDGE('',*,*,#2650,.F.);
#2650 = EDGE_CURVE('',#2457,#2629,#2651,.T.);
#2651 = B_SPLINE_CURVE_WITH_KNOTS('',1,(#2652,#2653),.UNSPECIFIED.,.F.,
  .F.,(2,2),(0.,7.80487804878E-02),.PIECEWISE_BEZIER_KNOTS.);
#2652 = CARTESIAN_POINT('',(-4.390243902439E-02,4.069709782213E-02,
    1.0001E-03));
#2653 = CARTESIAN_POINT('',(-4.390243902439E-02,-3.735168266568E-02,
    1.0001E-03));
#2654 = ORIENTED_EDGE('',*,*,#2469,.F.);
#2655 = ORIENTED_EDGE('',*,*,#2427,.T.);
#2656 = ORIENTED_EDGE('',*,*,#2635,.T.);
#2657 = B_SPLINE_SURFACE_WITH_KNOTS('',1,1,(
    (#2658,#2659)
    ,(#2660,#2661
    )),.UNSPECIFIED.,.F.,.F.,.F.,(2,2),(2,2),(0.,2.E-02),(
    -7.80487804878E-02,0.),.PIECEWISE_BEZIER_KNOTS.);
#2658 = CARTESIAN_POINT('',(-4.390243902439E-02,-3.735168266568E-02,
    2.10001E-02));
#2659 = CARTESIAN_POINT('',(-4.390243902439E-02,4.069709782213E-02,
    2.10001E-02));
#2660 = CARTESIAN_POINT('',(-4.390243902439E-02,-3.735168266568E-02,
    1.0001E-03));
#2661 = CARTESIAN_POINT('',(-4.390243902439E-02,4.069709782213E-02,
    1.0001E-03));
#2662 = ADVANCED_FACE('',(#2663),#2685,.T.);
#2663 = FACE_BOUND('',#2664,.T.);
#2664 = EDGE_LOOP('',(#2665,#2666,#2673,#2680));
#2665 = ORIENTED_EDGE('',*,*,#372,.F.);
#2666 = ORIENTED_EDGE('',*,*,#2667,.F.);
#2667 = EDGE_CURVE('',#2668,#366,#2670,.T.);
#2668 = VERTEX_POINT('',#2669);
#2669 = CARTESIAN_POINT('',(-1.09756097561E-02,-3.735168266568E-02,
    2.10001E-02));
#2670 = B_SPLINE_CURVE_WITH_KNOTS('',1,(#2671,#2672),.UNSPECIFIED.,.F.,
  .F.,(2,2),(-0.,2.E-02),.PIECEWISE_BEZIER_KNOTS.);
#2671 = CARTESIAN_POINT('',(-1.09756097561E-02,-3.735168266568E-02,
    2.10001E-02));
#2672 = CARTESIAN_POINT('',(-1.09756097561E-02,-3.735168266568E-02,
    1.0001E-03));
#2673 = ORIENTED_EDGE('',*,*,#2674,.T.);
#2674 = EDGE_CURVE('',#2668,#2675,#2677,.T.);
#2675 = VERTEX_POINT('',#2676);
#2676 = CARTESIAN_POINT('',(-1.09756097561E-02,-4.832729242178E-02,
    2.10001E-02));
#2677 = B_SPLINE_CURVE_WITH_KNOTS('',1,(#2678,#2679),.UNSPECIFIED.,.F.,
  .F.,(2,2),(0.,1.09756097561E-02),.PIECEWISE_BEZIER_KNOTS.);
#2678 = CARTESIAN_POINT('',(-1.09756097561E-02,-3.735168266568E-02,
    2.10001E-02));
#2679 = CARTESIAN_POINT('',(-1.09756097561E-02,-4.832729242178E-02,
    2.10001E-02));
#2680 = ORIENTED_EDGE('',*,*,#2681,.T.);
#2681 = EDGE_CURVE('',#2675,#373,#2682,.T.);
#2682 = B_SPLINE_CURVE_WITH_KNOTS('',1,(#2683,#2684),.UNSPECIFIED.,.F.,
  .F.,(2,2),(-0.,2.E-02),.PIECEWISE_BEZIER_KNOTS.);
#2683 = CARTESIAN_POINT('',(-1.09756097561E-02,-4.832729242178E-02,
    2.10001E-02));
#2684 = CARTESIAN_POINT('',(-1.09756097561E-02,-4.832729242178E-02,
    1.0001E-03));
#2685 = B_SPLINE_SURFACE_WITH_KNOTS('',1,1,(
    (#2686,#2687)
    ,(#2688,#2689
    )),.UNSPECIFIED.,.F.,.F.,.F.,(2,2),(2,2),(0.,2.E-02),(
    -1.09756097561E-02,0.),.PIECEWISE_BEZIER_KNOTS.);
#2686 = CARTESIAN_POINT('',(-1.09756097561E-02,-4.832729242178E-02,
    2.10001E-02));
#2687 = CARTESIAN_POINT('',(-1.09756097561E-02,-3.735168266568E-02,
    2.10001E-02));
#2688 = CARTESIAN_POINT('',(-1.09756097561E-02,-4.832729242178E-02,
    1.0001E-03));
#2689 = CARTESIAN_POINT('',(-1.09756097561E-02,-3.735168266568E-02,
    1.0001E-03));
#2690 = ADVANCED_FACE('',(#2691),#2707,.T.);
#2691 = FACE_BOUND('',#2692,.T.);
#2692 = EDGE_LOOP('',(#2693,#2694,#2695,#2702));
#2693 = ORIENTED_EDGE('',*,*,#379,.F.);
#2694 = ORIENTED_EDGE('',*,*,#2681,.F.);
#2695 = ORIENTED_EDGE('',*,*,#2696,.T.);
#2696 = EDGE_CURVE('',#2675,#2697,#2699,.T.);
#2697 = VERTEX_POINT('',#2698);
#2698 = CARTESIAN_POINT('',(4.268292682927E-02,-4.832729242178E-02,
    2.10001E-02));
#2699 = B_SPLINE_CURVE_WITH_KNOTS('',1,(#2700,#2701),.UNSPECIFIED.,.F.,
  .F.,(2,2),(0.,5.365853658537E-02),.PIECEWISE_BEZIER_KNOTS.);
#2700 = CARTESIAN_POINT('',(-1.09756097561E-02,-4.832729242178E-02,
    2.10001E-02));
#2701 = CARTESIAN_POINT('',(4.268292682927E-02,-4.832729242178E-02,
    2.10001E-02));
#2702 = ORIENTED_EDGE('',*,*,#2703,.T.);
#2703 = EDGE_CURVE('',#2697,#380,#2704,.T.);
#2704 = B_SPLINE_CURVE_WITH_KNOTS('',1,(#2705,#2706),.UNSPECIFIED.,.F.,
  .F.,(2,2),(-0.,2.E-02),.PIECEWISE_BEZIER_KNOTS.);
#2705 = CARTESIAN_POINT('',(4.268292682927E-02,-4.832729242178E-02,
    2.10001E-02));
#2706 = CARTESIAN_POINT('',(4.268292682927E-02,-4.832729242178E-02,
    1.0001E-03));
#2707 = B_SPLINE_SURFACE_WITH_KNOTS('',1,1,(
    (#2708,#2709)
    ,(#2710,#2711
    )),.UNSPECIFIED.,.F.,.F.,.F.,(2,2),(2,2),(-2.E-02,0.),(0.,
    5.365853658537E-02),.PIECEWISE_BEZIER_KNOTS.);
#2708 = CARTESIAN_POINT('',(-1.09756097561E-02,-4.832729242178E-02,
    1.0001E-03));
#2709 = CARTESIAN_POINT('',(4.268292682927E-02,-4.832729242178E-02,
    1.0001E-03));
#2710 = CARTESIAN_POINT('',(-1.09756097561E-02,-4.832729242178E-02,
    2.10001E-02));
#2711 = CARTESIAN_POINT('',(4.268292682927E-02,-4.832729242178E-02,
    2.10001E-02));
#2712 = ADVANCED_FACE('',(#2713),#2729,.T.);
#2713 = FACE_BOUND('',#2714,.T.);
#2714 = EDGE_LOOP('',(#2715,#2716,#2717,#2724));
#2715 = ORIENTED_EDGE('',*,*,#386,.F.);
#2716 = ORIENTED_EDGE('',*,*,#2703,.F.);
#2717 = ORIENTED_EDGE('',*,*,#2718,.T.);
#2718 = EDGE_CURVE('',#2697,#2719,#2721,.T.);
#2719 = VERTEX_POINT('',#2720);
#2720 = CARTESIAN_POINT('',(4.268292682927E-02,5.167270757822E-02,
    2.10001E-02));
#2721 = B_SPLINE_CURVE_WITH_KNOTS('',1,(#2722,#2723),.UNSPECIFIED.,.F.,
  .F.,(2,2),(0.,0.1),.PIECEWISE_BEZIER_KNOTS.);
#2722 = CARTESIAN_POINT('',(4.268292682927E-02,-4.832729242178E-02,
    2.10001E-02));
#2723 = CARTESIAN_POINT('',(4.268292682927E-02,5.167270757822E-02,
    2.10001E-02));
#2724 = ORIENTED_EDGE('',*,*,#2725,.T.);
#2725 = EDGE_CURVE('',#2719,#387,#2726,.T.);
#2726 = B_SPLINE_CURVE_WITH_KNOTS('',1,(#2727,#2728),.UNSPECIFIED.,.F.,
  .F.,(2,2),(-0.,2.E-02),.PIECEWISE_BEZIER_KNOTS.);
#2727 = CARTESIAN_POINT('',(4.268292682927E-02,5.167270757822E-02,
    2.10001E-02));
#2728 = CARTESIAN_POINT('',(4.268292682927E-02,5.167270757822E-02,
    1.0001E-03));
#2729 = B_SPLINE_SURFACE_WITH_KNOTS('',1,1,(
    (#2730,#2731)
    ,(#2732,#2733
    )),.UNSPECIFIED.,.F.,.F.,.F.,(2,2),(2,2),(-2.E-02,0.),(0.,0.1),
  .PIECEWISE_BEZIER_KNOTS.);
#2730 = CARTESIAN_POINT('',(4.268292682927E-02,-4.832729242178E-02,
    1.0001E-03));
#2731 = CARTESIAN_POINT('',(4.268292682927E-02,5.167270757822E-02,
    1.0001E-03));
#2732 = CARTESIAN_POINT('',(4.268292682927E-02,-4.832729242178E-02,
    2.10001E-02));
#2733 = CARTESIAN_POINT('',(4.268292682927E-02,5.167270757822E-02,
    2.10001E-02));
#2734 = ADVANCED_FACE('',(#2735),#2751,.T.);
#2735 = FACE_BOUND('',#2736,.T.);
#2736 = EDGE_LOOP('',(#2737,#2738,#2739,#2746));
#2737 = ORIENTED_EDGE('',*,*,#393,.F.);
#2738 = ORIENTED_EDGE('',*,*,#2725,.F.);
#2739 = ORIENTED_EDGE('',*,*,#2740,.T.);
#2740 = EDGE_CURVE('',#2719,#2741,#2743,.T.);
#2741 = VERTEX_POINT('',#2742);
#2742 = CARTESIAN_POINT('',(-8.536585365854E-03,5.167270757822E-02,
    2.10001E-02));
#2743 = B_SPLINE_CURVE_WITH_KNOTS('',1,(#2744,#2745),.UNSPECIFIED.,.F.,
  .F.,(2,2),(0.,5.121951219512E-02),.PIECEWISE_BEZIER_KNOTS.);
#2744 = CARTESIAN_POINT('',(4.268292682927E-02,5.167270757822E-02,
    2.10001E-02));
#2745 = CARTESIAN_POINT('',(-8.536585365854E-03,5.167270757822E-02,
    2.10001E-02));
#2746 = ORIENTED_EDGE('',*,*,#2747,.T.);
#2747 = EDGE_CURVE('',#2741,#394,#2748,.T.);
#2748 = B_SPLINE_CURVE_WITH_KNOTS('',1,(#2749,#2750),.UNSPECIFIED.,.F.,
  .F.,(2,2),(-0.,2.E-02),.PIECEWISE_BEZIER_KNOTS.);
#2749 = CARTESIAN_POINT('',(-8.536585365854E-03,5.167270757822E-02,
    2.10001E-02));
#2750 = CARTESIAN_POINT('',(-8.536585365854E-03,5.167270757822E-02,
    1.0001E-03));
#2751 = B_SPLINE_SURFACE_WITH_KNOTS('',1,1,(
    (#2752,#2753)
    ,(#2754,#2755)),.UNSPECIFIED.,.F.,.F.,.F.,(2,2),(2,2),(0.,2.E-02),(
    -5.121951219512E-02,0.),.PIECEWISE_BEZIER_KNOTS.);
#2752 = CARTESIAN_POINT('',(-8.536585365854E-03,5.167270757822E-02,
    2.10001E-02));
#2753 = CARTESIAN_POINT('',(4.268292682927E-02,5.167270757822E-02,
    2.10001E-02));
#2754 = CARTESIAN_POINT('',(-8.536585365854E-03,5.167270757822E-02,
    1.0001E-03));
#2755 = CARTESIAN_POINT('',(4.268292682927E-02,5.167270757822E-02,
    1.0001E-03));
#2756 = ADVANCED_FACE('',(#2757),#2773,.T.);
#2757 = FACE_BOUND('',#2758,.T.);
#2758 = EDGE_LOOP('',(#2759,#2760,#2761,#2768));
#2759 = ORIENTED_EDGE('',*,*,#400,.F.);
#2760 = ORIENTED_EDGE('',*,*,#2747,.F.);
#2761 = ORIENTED_EDGE('',*,*,#2762,.T.);
#2762 = EDGE_CURVE('',#2741,#2763,#2765,.T.);
#2763 = VERTEX_POINT('',#2764);
#2764 = CARTESIAN_POINT('',(-8.536585365854E-03,4.069709782213E-02,
    2.10001E-02));
#2765 = B_SPLINE_CURVE_WITH_KNOTS('',1,(#2766,#2767),.UNSPECIFIED.,.F.,
  .F.,(2,2),(0.,1.09756097561E-02),.PIECEWISE_BEZIER_KNOTS.);
#2766 = CARTESIAN_POINT('',(-8.536585365854E-03,5.167270757822E-02,
    2.10001E-02));
#2767 = CARTESIAN_POINT('',(-8.536585365854E-03,4.069709782213E-02,
    2.10001E-02));
#2768 = ORIENTED_EDGE('',*,*,#2769,.T.);
#2769 = EDGE_CURVE('',#2763,#401,#2770,.T.);
#2770 = B_SPLINE_CURVE_WITH_KNOTS('',1,(#2771,#2772),.UNSPECIFIED.,.F.,
  .F.,(2,2),(-0.,2.E-02),.PIECEWISE_BEZIER_KNOTS.);
#2771 = CARTESIAN_POINT('',(-8.536585365854E-03,4.069709782213E-02,
    2.10001E-02));
#2772 = CARTESIAN_POINT('',(-8.536585365854E-03,4.069709782213E-02,
    1.0001E-03));
#2773 = B_SPLINE_SURFACE_WITH_KNOTS('',1,1,(
    (#2774,#2775)
    ,(#2776,#2777
    )),.UNSPECIFIED.,.F.,.F.,.F.,(2,2),(2,2),(0.,2.E-02),(
    -1.09756097561E-02,0.),.PIECEWISE_BEZIER_KNOTS.);
#2774 = CARTESIAN_POINT('',(-8.536585365854E-03,4.069709782213E-02,
    2.10001E-02));
#2775 = CARTESIAN_POINT('',(-8.536585365854E-03,5.167270757822E-02,
    2.10001E-02));
#2776 = CARTESIAN_POINT('',(-8.536585365854E-03,4.069709782213E-02,
    1.0001E-03));
#2777 = CARTESIAN_POINT('',(-8.536585365854E-03,5.167270757822E-02,
    1.0001E-03));
#2778 = ADVANCED_FACE('',(#2779),#2795,.T.);
#2779 = FACE_BOUND('',#2780,.T.);
#2780 = EDGE_LOOP('',(#2781,#2782,#2783,#2790));
#2781 = ORIENTED_EDGE('',*,*,#407,.F.);
#2782 = ORIENTED_EDGE('',*,*,#2769,.F.);
#2783 = ORIENTED_EDGE('',*,*,#2784,.T.);
#2784 = EDGE_CURVE('',#2763,#2785,#2787,.T.);
#2785 = VERTEX_POINT('',#2786);
#2786 = CARTESIAN_POINT('',(2.926829268293E-02,4.069709782213E-02,
    2.10001E-02));
#2787 = B_SPLINE_CURVE_WITH_KNOTS('',1,(#2788,#2789),.UNSPECIFIED.,.F.,
  .F.,(2,2),(0.,3.780487804878E-02),.PIECEWISE_BEZIER_KNOTS.);
#2788 = CARTESIAN_POINT('',(-8.536585365854E-03,4.069709782213E-02,
    2.10001E-02));
#2789 = CARTESIAN_POINT('',(2.926829268293E-02,4.069709782213E-02,
    2.10001E-02));
#2790 = ORIENTED_EDGE('',*,*,#2791,.T.);
#2791 = EDGE_CURVE('',#2785,#408,#2792,.T.);
#2792 = B_SPLINE_CURVE_WITH_KNOTS('',1,(#2793,#2794),.UNSPECIFIED.,.F.,
  .F.,(2,2),(-0.,2.E-02),.PIECEWISE_BEZIER_KNOTS.);
#2793 = CARTESIAN_POINT('',(2.926829268293E-02,4.069709782213E-02,
    2.10001E-02));
#2794 = CARTESIAN_POINT('',(2.926829268293E-02,4.069709782213E-02,
    1.0001E-03));
#2795 = B_SPLINE_SURFACE_WITH_KNOTS('',1,1,(
    (#2796,#2797)
    ,(#2798,#2799
    )),.UNSPECIFIED.,.F.,.F.,.F.,(2,2),(2,2),(-2.E-02,0.),(0.,
    3.780487804878E-02),.PIECEWISE_BEZIER_KNOTS.);
#2796 = CARTESIAN_POINT('',(-8.536585365854E-03,4.069709782213E-02,
    1.0001E-03));
#2797 = CARTESIAN_POINT('',(2.926829268293E-02,4.069709782213E-02,
    1.0001E-03));
#2798 = CARTESIAN_POINT('',(-8.536585365854E-03,4.069709782213E-02,
    2.10001E-02));
#2799 = CARTESIAN_POINT('',(2.926829268293E-02,4.069709782213E-02,
    2.10001E-02));
#2800 = ADVANCED_FACE('',(#2801),#2817,.T.);
#2801 = FACE_BOUND('',#2802,.T.);
#2802 = EDGE_LOOP('',(#2803,#2804,#2805,#2812));
#2803 = ORIENTED_EDGE('',*,*,#414,.F.);
#2804 = ORIENTED_EDGE('',*,*,#2791,.F.);
#2805 = ORIENTED_EDGE('',*,*,#2806,.T.);
#2806 = EDGE_CURVE('',#2785,#2807,#2809,.T.);
#2807 = VERTEX_POINT('',#2808);
#2808 = CARTESIAN_POINT('',(2.926829268293E-02,7.770268553833E-03,
    2.10001E-02));
#2809 = B_SPLINE_CURVE_WITH_KNOTS('',1,(#2810,#2811),.UNSPECIFIED.,.F.,
  .F.,(2,2),(0.,3.292682926829E-02),.PIECEWISE_BEZIER_KNOTS.);
#2810 = CARTESIAN_POINT('',(2.926829268293E-02,4.069709782213E-02,
    2.10001E-02));
#2811 = CARTESIAN_POINT('',(2.926829268293E-02,7.770268553833E-03,
    2.10001E-02));
#2812 = ORIENTED_EDGE('',*,*,#2813,.T.);
#2813 = EDGE_CURVE('',#2807,#415,#2814,.T.);
#2814 = B_SPLINE_CURVE_WITH_KNOTS('',1,(#2815,#2816),.UNSPECIFIED.,.F.,
  .F.,(2,2),(-0.,2.E-02),.PIECEWISE_BEZIER_KNOTS.);
#2815 = CARTESIAN_POINT('',(2.926829268293E-02,7.770268553833E-03,
    2.10001E-02));
#2816 = CARTESIAN_POINT('',(2.926829268293E-02,7.770268553833E-03,
    1.0001E-03));
#2817 = B_SPLINE_SURFACE_WITH_KNOTS('',1,1,(
    (#2818,#2819)
    ,(#2820,#2821)),.UNSPECIFIED.,.F.,.F.,.F.,(2,2),(2,2),(0.,2.E-02),(
    -3.292682926829E-02,0.),.PIECEWISE_BEZIER_KNOTS.);
#2818 = CARTESIAN_POINT('',(2.926829268293E-02,7.770268553833E-03,
    2.10001E-02));
#2819 = CARTESIAN_POINT('',(2.926829268293E-02,4.069709782213E-02,
    2.10001E-02));
#2820 = CARTESIAN_POINT('',(2.926829268293E-02,7.770268553833E-03,
    1.0001E-03));
#2821 = CARTESIAN_POINT('',(2.926829268293E-02,4.069709782213E-02,
    1.0001E-03));
#2822 = ADVANCED_FACE('',(#2823),#2839,.T.);
#2823 = FACE_BOUND('',#2824,.T.);
#2824 = EDGE_LOOP('',(#2825,#2826,#2827,#2834));
#2825 = ORIENTED_EDGE('',*,*,#421,.F.);
#2826 = ORIENTED_EDGE('',*,*,#2813,.F.);
#2827 = ORIENTED_EDGE('',*,*,#2828,.T.);
#2828 = EDGE_CURVE('',#2807,#2829,#2831,.T.);
#2829 = VERTEX_POINT('',#2830);
#2830 = CARTESIAN_POINT('',(-6.09756097561E-03,7.770268553833E-03,
    2.10001E-02));
#2831 = B_SPLINE_CURVE_WITH_KNOTS('',1,(#2832,#2833),.UNSPECIFIED.,.F.,
  .F.,(2,2),(0.,3.536585365854E-02),.PIECEWISE_BEZIER_KNOTS.);
#2832 = CARTESIAN_POINT('',(2.926829268293E-02,7.770268553833E-03,
    2.10001E-02));
#2833 = CARTESIAN_POINT('',(-6.09756097561E-03,7.770268553833E-03,
    2.10001E-02));
#2834 = ORIENTED_EDGE('',*,*,#2835,.T.);
#2835 = EDGE_CURVE('',#2829,#422,#2836,.T.);
#2836 = B_SPLINE_CURVE_WITH_KNOTS('',1,(#2837,#2838),.UNSPECIFIED.,.F.,
  .F.,(2,2),(-0.,2.E-02),.PIECEWISE_BEZIER_KNOTS.);
#2837 = CARTESIAN_POINT('',(-6.09756097561E-03,7.770268553833E-03,
    2.10001E-02));
#2838 = CARTESIAN_POINT('',(-6.09756097561E-03,7.770268553833E-03,
    1.0001E-03));
#2839 = B_SPLINE_SURFACE_WITH_KNOTS('',1,1,(
    (#2840,#2841)
    ,(#2842,#2843)),.UNSPECIFIED.,.F.,.F.,.F.,(2,2),(2,2),(0.,2.E-02),(
    -3.536585365854E-02,0.),.PIECEWISE_BEZIER_KNOTS.);
#2840 = CARTESIAN_POINT('',(-6.09756097561E-03,7.770268553833E-03,
    2.10001E-02));
#2841 = CARTESIAN_POINT('',(2.926829268293E-02,7.770268553833E-03,
    2.10001E-02));
#2842 = CARTESIAN_POINT('',(-6.09756097561E-03,7.770268553833E-03,
    1.0001E-03));
#2843 = CARTESIAN_POINT('',(2.926829268293E-02,7.770268553833E-03,
    1.0001E-03));
#2844 = ADVANCED_FACE('',(#2845),#2861,.T.);
#2845 = FACE_BOUND('',#2846,.T.);
#2846 = EDGE_LOOP('',(#2847,#2848,#2849,#2856));
#2847 = ORIENTED_EDGE('',*,*,#428,.F.);
#2848 = ORIENTED_EDGE('',*,*,#2835,.F.);
#2849 = ORIENTED_EDGE('',*,*,#2850,.T.);
#2850 = EDGE_CURVE('',#2829,#2851,#2853,.T.);
#2851 = VERTEX_POINT('',#2852);
#2852 = CARTESIAN_POINT('',(-6.09756097561E-03,-3.205341202265E-03,
    2.10001E-02));
#2853 = B_SPLINE_CURVE_WITH_KNOTS('',1,(#2854,#2855),.UNSPECIFIED.,.F.,
  .F.,(2,2),(0.,1.09756097561E-02),.PIECEWISE_BEZIER_KNOTS.);
#2854 = CARTESIAN_POINT('',(-6.09756097561E-03,7.770268553833E-03,
    2.10001E-02));
#2855 = CARTESIAN_POINT('',(-6.09756097561E-03,-3.205341202265E-03,
    2.10001E-02));
#2856 = ORIENTED_EDGE('',*,*,#2857,.T.);
#2857 = EDGE_CURVE('',#2851,#429,#2858,.T.);
#2858 = B_SPLINE_CURVE_WITH_KNOTS('',1,(#2859,#2860),.UNSPECIFIED.,.F.,
  .F.,(2,2),(-0.,2.E-02),.PIECEWISE_BEZIER_KNOTS.);
#2859 = CARTESIAN_POINT('',(-6.09756097561E-03,-3.205341202265E-03,
    2.10001E-02));
#2860 = CARTESIAN_POINT('',(-6.09756097561E-03,-3.205341202265E-03,
    1.0001E-03));
#2861 = B_SPLINE_SURFACE_WITH_KNOTS('',1,1,(
    (#2862,#2863)
    ,(#2864,#2865
    )),.UNSPECIFIED.,.F.,.F.,.F.,(2,2),(2,2),(0.,2.E-02),(
    -1.09756097561E-02,0.),.PIECEWISE_BEZIER_KNOTS.);
#2862 = CARTESIAN_POINT('',(-6.09756097561E-03,-3.205341202265E-03,
    2.10001E-02));
#2863 = CARTESIAN_POINT('',(-6.09756097561E-03,7.770268553833E-03,
    2.10001E-02));
#2864 = CARTESIAN_POINT('',(-6.09756097561E-03,-3.205341202265E-03,
    1.0001E-03));
#2865 = CARTESIAN_POINT('',(-6.09756097561E-03,7.770268553833E-03,
    1.0001E-03));
#2866 = ADVANCED_FACE('',(#2867),#2883,.T.);
#2867 = FACE_BOUND('',#2868,.T.);
#2868 = EDGE_LOOP('',(#2869,#2870,#2871,#2878));
#2869 = ORIENTED_EDGE('',*,*,#435,.F.);
#2870 = ORIENTED_EDGE('',*,*,#2857,.F.);
#2871 = ORIENTED_EDGE('',*,*,#2872,.T.);
#2872 = EDGE_CURVE('',#2851,#2873,#2875,.T.);
#2873 = VERTEX_POINT('',#2874);
#2874 = CARTESIAN_POINT('',(2.926829268293E-02,-3.205341202265E-03,
    2.10001E-02));
#2875 = B_SPLINE_CURVE_WITH_KNOTS('',1,(#2876,#2877),.UNSPECIFIED.,.F.,
  .F.,(2,2),(0.,3.536585365854E-02),.PIECEWISE_BEZIER_KNOTS.);
#2876 = CARTESIAN_POINT('',(-6.09756097561E-03,-3.205341202265E-03,
    2.10001E-02));
#2877 = CARTESIAN_POINT('',(2.926829268293E-02,-3.205341202265E-03,
    2.10001E-02));
#2878 = ORIENTED_EDGE('',*,*,#2879,.T.);
#2879 = EDGE_CURVE('',#2873,#436,#2880,.T.);
#2880 = B_SPLINE_CURVE_WITH_KNOTS('',1,(#2881,#2882),.UNSPECIFIED.,.F.,
  .F.,(2,2),(-0.,2.E-02),.PIECEWISE_BEZIER_KNOTS.);
#2881 = CARTESIAN_POINT('',(2.926829268293E-02,-3.205341202265E-03,
    2.10001E-02));
#2882 = CARTESIAN_POINT('',(2.926829268293E-02,-3.205341202265E-03,
    1.0001E-03));
#2883 = B_SPLINE_SURFACE_WITH_KNOTS('',1,1,(
    (#2884,#2885)
    ,(#2886,#2887
    )),.UNSPECIFIED.,.F.,.F.,.F.,(2,2),(2,2),(-2.E-02,0.),(0.,
    3.536585365854E-02),.PIECEWISE_BEZIER_KNOTS.);
#2884 = CARTESIAN_POINT('',(-6.09756097561E-03,-3.205341202265E-03,
    1.0001E-03));
#2885 = CARTESIAN_POINT('',(2.926829268293E-02,-3.205341202265E-03,
    1.0001E-03));
#2886 = CARTESIAN_POINT('',(-6.09756097561E-03,-3.205341202265E-03,
    2.10001E-02));
#2887 = CARTESIAN_POINT('',(2.926829268293E-02,-3.205341202265E-03,
    2.10001E-02));
#2888 = ADVANCED_FACE('',(#2889),#2905,.T.);
#2889 = FACE_BOUND('',#2890,.T.);
#2890 = EDGE_LOOP('',(#2891,#2892,#2893,#2900));
#2891 = ORIENTED_EDGE('',*,*,#442,.F.);
#2892 = ORIENTED_EDGE('',*,*,#2879,.F.);
#2893 = ORIENTED_EDGE('',*,*,#2894,.T.);
#2894 = EDGE_CURVE('',#2873,#2895,#2897,.T.);
#2895 = VERTEX_POINT('',#2896);
#2896 = CARTESIAN_POINT('',(2.926829268293E-02,-3.735168266568E-02,
    2.10001E-02));
#2897 = B_SPLINE_CURVE_WITH_KNOTS('',1,(#2898,#2899),.UNSPECIFIED.,.F.,
  .F.,(2,2),(0.,3.414634146341E-02),.PIECEWISE_BEZIER_KNOTS.);
#2898 = CARTESIAN_POINT('',(2.926829268293E-02,-3.205341202265E-03,
    2.10001E-02));
#2899 = CARTESIAN_POINT('',(2.926829268293E-02,-3.735168266568E-02,
    2.10001E-02));
#2900 = ORIENTED_EDGE('',*,*,#2901,.T.);
#2901 = EDGE_CURVE('',#2895,#364,#2902,.T.);
#2902 = B_SPLINE_CURVE_WITH_KNOTS('',1,(#2903,#2904),.UNSPECIFIED.,.F.,
  .F.,(2,2),(-0.,2.E-02),.PIECEWISE_BEZIER_KNOTS.);
#2903 = CARTESIAN_POINT('',(2.926829268293E-02,-3.735168266568E-02,
    2.10001E-02));
#2904 = CARTESIAN_POINT('',(2.926829268293E-02,-3.735168266568E-02,
    1.0001E-03));
#2905 = B_SPLINE_SURFACE_WITH_KNOTS('',1,1,(
    (#2906,#2907)
    ,(#2908,#2909)),.UNSPECIFIED.,.F.,.F.,.F.,(2,2),(2,2),(0.,2.E-02),(
    -3.414634146341E-02,0.),.PIECEWISE_BEZIER_KNOTS.);
#2906 = CARTESIAN_POINT('',(2.926829268293E-02,-3.735168266568E-02,
    2.10001E-02));
#2907 = CARTESIAN_POINT('',(2.926829268293E-02,-3.205341202265E-03,
    2.10001E-02));
#2908 = CARTESIAN_POINT('',(2.926829268293E-02,-3.735168266568E-02,
    1.0001E-03));
#2909 = CARTESIAN_POINT('',(2.926829268293E-02,-3.205341202265E-03,
    1.0001E-03));
#2910 = ADVANCED_FACE('',(#2911),#2921,.T.);
#2911 = FACE_BOUND('',#2912,.T.);
#2912 = EDGE_LOOP('',(#2913,#2914,#2915,#2920));
#2913 = ORIENTED_EDGE('',*,*,#363,.F.);
#2914 = ORIENTED_EDGE('',*,*,#2901,.F.);
#2915 = ORIENTED_EDGE('',*,*,#2916,.T.);
#2916 = EDGE_CURVE('',#2895,#2668,#2917,.T.);
#2917 = B_SPLINE_CURVE_WITH_KNOTS('',1,(#2918,#2919),.UNSPECIFIED.,.F.,
  .F.,(2,2),(0.,4.024390243902E-02),.PIECEWISE_BEZIER_KNOTS.);
#2918 = CARTESIAN_POINT('',(2.926829268293E-02,-3.735168266568E-02,
    2.10001E-02));
#2919 = CARTESIAN_POINT('',(-1.09756097561E-02,-3.735168266568E-02,
    2.10001E-02));
#2920 = ORIENTED_EDGE('',*,*,#2667,.T.);
#2921 = B_SPLINE_SURFACE_WITH_KNOTS('',1,1,(
    (#2922,#2923)
    ,(#2924,#2925)),.UNSPECIFIED.,.F.,.F.,.F.,(2,2),(2,2),(0.,2.E-02),(
    -4.024390243902E-02,0.),.PIECEWISE_BEZIER_KNOTS.);
#2922 = CARTESIAN_POINT('',(-1.09756097561E-02,-3.735168266568E-02,
    2.10001E-02));
#2923 = CARTESIAN_POINT('',(2.926829268293E-02,-3.735168266568E-02,
    2.10001E-02));
#2924 = CARTESIAN_POINT('',(-1.09756097561E-02,-3.735168266568E-02,
    1.0001E-03));
#2925 = CARTESIAN_POINT('',(2.926829268293E-02,-3.735168266568E-02,
    1.0001E-03));
#2926 = ADVANCED_FACE('',(#2927),#2941,.F.);
#2927 = FACE_BOUND('',#2928,.T.);
#2928 = EDGE_LOOP('',(#2929,#2930,#2931,#2932,#2933,#2934,#2935,#2936,
    #2937,#2938,#2939,#2940));
#2929 = ORIENTED_EDGE('',*,*,#2674,.F.);
#2930 = ORIENTED_EDGE('',*,*,#2916,.F.);
#2931 = ORIENTED_EDGE('',*,*,#2894,.F.);
#2932 = ORIENTED_EDGE('',*,*,#2872,.F.);
#2933 = ORIENTED_EDGE('',*,*,#2850,.F.);
#2934 = ORIENTED_EDGE('',*,*,#2828,.F.);
#2935 = ORIENTED_EDGE('',*,*,#2806,.F.);
#2936 = ORIENTED_EDGE('',*,*,#2784,.F.);
#2937 = ORIENTED_EDGE('',*,*,#2762,.F.);
#2938 = ORIENTED_EDGE('',*,*,#2740,.F.);
#2939 = ORIENTED_EDGE('',*,*,#2718,.F.);
#2940 = ORIENTED_EDGE('',*,*,#2696,.F.);
#2941 = B_SPLINE_SURFACE_WITH_KNOTS('',1,1,(
    (#2942,#2943)
    ,(#2944,#2945
    )),.UNSPECIFIED.,.F.,.F.,.F.,(2,2),(2,2),(-1.09756097561E-02,
    4.268292682927E-02),(-4.832729242178E-02,5.167270757822E-02),
  .PIECEWISE_BEZIER_KNOTS.);
#2942 = CARTESIAN_POINT('',(-1.09756097561E-02,-4.832729242178E-02,
    2.10001E-02));
#2943 = CARTESIAN_POINT('',(-1.09756097561E-02,5.167270757822E-02,
    2.10001E-02));
#2944 = CARTESIAN_POINT('',(4.268292682927E-02,-4.832729242178E-02,
    2.10001E-02));
#2945 = CARTESIAN_POINT('',(4.268292682927E-02,5.167270757822E-02,
    2.10001E-02));
#2946 = ADVANCED_FACE('',(#2947),#2969,.T.);
#2947 = FACE_BOUND('',#2948,.T.);
#2948 = EDGE_LOOP('',(#2949,#2950,#2957,#2964));
#2949 = ORIENTED_EDGE('',*,*,#467,.F.);
#2950 = ORIENTED_EDGE('',*,*,#2951,.F.);
#2951 = EDGE_CURVE('',#2952,#452,#2954,.T.);
#2952 = VERTEX_POINT('',#2953);
#2953 = CARTESIAN_POINT('',(6.219512195122E-02,-3.216875583641E-02,
    2.10001E-02));
#2954 = B_SPLINE_CURVE_WITH_KNOTS('',1,(#2955,#2956),.UNSPECIFIED.,.F.,
  .F.,(2,2),(-0.,2.E-02),.PIECEWISE_BEZIER_KNOTS.);
#2955 = CARTESIAN_POINT('',(6.219512195122E-02,-3.216875583641E-02,
    2.10001E-02));
#2956 = CARTESIAN_POINT('',(6.219512195122E-02,-3.216875583641E-02,
    1.0001E-03));
#2957 = ORIENTED_EDGE('',*,*,#2958,.T.);
#2958 = EDGE_CURVE('',#2952,#2959,#2961,.T.);
#2959 = VERTEX_POINT('',#2960);
#2960 = CARTESIAN_POINT('',(6.219512195122E-02,-4.314436559251E-02,
    2.10001E-02));
#2961 = B_SPLINE_CURVE_WITH_KNOTS('',1,(#2962,#2963),.UNSPECIFIED.,.F.,
  .F.,(2,2),(0.,1.09756097561E-02),.PIECEWISE_BEZIER_KNOTS.);
#2962 = CARTESIAN_POINT('',(6.219512195122E-02,-3.216875583641E-02,
    2.10001E-02));
#2963 = CARTESIAN_POINT('',(6.219512195122E-02,-4.314436559251E-02,
    2.10001E-02));
#2964 = ORIENTED_EDGE('',*,*,#2965,.T.);
#2965 = EDGE_CURVE('',#2959,#468,#2966,.T.);
#2966 = B_SPLINE_CURVE_WITH_KNOTS('',1,(#2967,#2968),.UNSPECIFIED.,.F.,
  .F.,(2,2),(-0.,2.E-02),.PIECEWISE_BEZIER_KNOTS.);
#2967 = CARTESIAN_POINT('',(6.219512195122E-02,-4.314436559251E-02,
    2.10001E-02));
#2968 = CARTESIAN_POINT('',(6.219512195122E-02,-4.314436559251E-02,
    1.0001E-03));
#2969 = B_SPLINE_SURFACE_WITH_KNOTS('',1,1,(
    (#2970,#2971)
    ,(#2972,#2973
    )),.UNSPECIFIED.,.F.,.F.,.F.,(2,2),(2,2),(0.,2.E-02),(
    -1.09756097561E-02,0.),.PIECEWISE_BEZIER_KNOTS.);
#2970 = CARTESIAN_POINT('',(6.219512195122E-02,-4.314436559251E-02,
    2.10001E-02));
#2971 = CARTESIAN_POINT('',(6.219512195122E-02,-3.216875583641E-02,
    2.10001E-02));
#2972 = CARTESIAN_POINT('',(6.219512195122E-02,-4.314436559251E-02,
    1.0001E-03));
#2973 = CARTESIAN_POINT('',(6.219512195122E-02,-3.216875583641E-02,
    1.0001E-03));
#2974 = ADVANCED_FACE('',(#2975),#3000,.T.);
#2975 = FACE_BOUND('',#2976,.T.);
#2976 = EDGE_LOOP('',(#2977,#2978,#2979,#2995));
#2977 = ORIENTED_EDGE('',*,*,#474,.F.);
#2978 = ORIENTED_EDGE('',*,*,#2965,.F.);
#2979 = ORIENTED_EDGE('',*,*,#2980,.T.);
#2980 = EDGE_CURVE('',#2959,#2981,#2983,.T.);
#2981 = VERTEX_POINT('',#2982);
#2982 = CARTESIAN_POINT('',(8.971036585366E-02,-4.95468046169E-02,
    2.10001E-02));
#2983 = B_SPLINE_CURVE_WITH_KNOTS('',3,(#2984,#2985,#2986,#2987,#2988,
    #2989,#2990,#2991,#2992,#2993,#2994),.UNSPECIFIED.,.F.,.F.,(4,1,1,1,
    1,1,1,1,4),(0.,0.112448389909,0.226527675213,0.344401949326,
    0.465864972487,0.591659449352,0.722168487025,0.858606387555,1.),
  .UNSPECIFIED.);
#2984 = CARTESIAN_POINT('',(6.219512195122E-02,-4.314436559251E-02,
    2.10001E-02));
#2985 = CARTESIAN_POINT('',(6.313346102872E-02,-4.36622905595E-02,
    2.10001E-02));
#2986 = CARTESIAN_POINT('',(6.502374838596E-02,-4.470565221903E-02,
    2.10001E-02));
#2987 = CARTESIAN_POINT('',(6.804671483442E-02,-4.599306123025E-02,
    2.10001E-02));
#2988 = CARTESIAN_POINT('',(7.122760812671E-02,-4.710351209128E-02,
    2.10001E-02));
#2989 = CARTESIAN_POINT('',(7.459426937465E-02,-4.798899704741E-02,
    2.10001E-02));
#2990 = CARTESIAN_POINT('',(7.812431800595E-02,-4.870063862232E-02,
    2.10001E-02));
#2991 = CARTESIAN_POINT('',(8.183645892948E-02,-4.9182658961E-02,
    2.10001E-02));
#2992 = CARTESIAN_POINT('',(8.57159858226E-02,-4.949995726214E-02,
    2.10001E-02));
#2993 = CARTESIAN_POINT('',(8.83631664903E-02,-4.953100423586E-02,
    2.10001E-02));
#2994 = CARTESIAN_POINT('',(8.971036585366E-02,-4.95468046169E-02,
    2.10001E-02));
#2995 = ORIENTED_EDGE('',*,*,#2996,.T.);
#2996 = EDGE_CURVE('',#2981,#475,#2997,.T.);
#2997 = B_SPLINE_CURVE_WITH_KNOTS('',1,(#2998,#2999),.UNSPECIFIED.,.F.,
  .F.,(2,2),(-0.,2.E-02),.PIECEWISE_BEZIER_KNOTS.);
#2998 = CARTESIAN_POINT('',(8.971036585366E-02,-4.95468046169E-02,
    2.10001E-02));
#2999 = CARTESIAN_POINT('',(8.971036585366E-02,-4.95468046169E-02,
    1.0001E-03));
#3000 = B_SPLINE_SURFACE_WITH_KNOTS('',3,1,(
    (#3001,#3002)
    ,(#3003,#3004)
    ,(#3005,#3006)
    ,(#3007,#3008)
    ,(#3009,#3010)
    ,(#3011,#3012)
    ,(#3013,#3014)
    ,(#3015,#3016)
    ,(#3017,#3018)
    ,(#3019,#3020)
    ,(#3021,#3022
  )),.UNSPECIFIED.,.F.,.F.,.F.,(4,1,1,1,1,1,1,1,4),(2,2),(0.,
    0.112448389909,0.226527675213,0.344401949326,0.465864972487,
    0.591659449352,0.722168487025,0.858606387555,1.),(0.,1.),
  .UNSPECIFIED.);
#3001 = CARTESIAN_POINT('',(6.219512195122E-02,-4.314436559251E-02,
    2.10001E-02));
#3002 = CARTESIAN_POINT('',(6.219512195122E-02,-4.314436559251E-02,
    1.0001E-03));
#3003 = CARTESIAN_POINT('',(6.313346102872E-02,-4.36622905595E-02,
    2.10001E-02));
#3004 = CARTESIAN_POINT('',(6.313346102872E-02,-4.36622905595E-02,
    1.0001E-03));
#3005 = CARTESIAN_POINT('',(6.502374838596E-02,-4.470565221903E-02,
    2.10001E-02));
#3006 = CARTESIAN_POINT('',(6.502374838596E-02,-4.470565221903E-02,
    1.0001E-03));
#3007 = CARTESIAN_POINT('',(6.804671483442E-02,-4.599306123025E-02,
    2.10001E-02));
#3008 = CARTESIAN_POINT('',(6.804671483442E-02,-4.599306123025E-02,
    1.0001E-03));
#3009 = CARTESIAN_POINT('',(7.122760812671E-02,-4.710351209128E-02,
    2.10001E-02));
#3010 = CARTESIAN_POINT('',(7.122760812671E-02,-4.710351209128E-02,
    1.0001E-03));
#3011 = CARTESIAN_POINT('',(7.459426937465E-02,-4.798899704741E-02,
    2.10001E-02));
#3012 = CARTESIAN_POINT('',(7.459426937465E-02,-4.798899704741E-02,
    1.0001E-03));
#3013 = CARTESIAN_POINT('',(7.812431800595E-02,-4.870063862232E-02,
    2.10001E-02));
#3014 = CARTESIAN_POINT('',(7.812431800595E-02,-4.870063862232E-02,
    1.0001E-03));
#3015 = CARTESIAN_POINT('',(8.183645892948E-02,-4.9182658961E-02,
    2.10001E-02));
#3016 = CARTESIAN_POINT('',(8.183645892948E-02,-4.9182658961E-02,
    1.0001E-03));
#3017 = CARTESIAN_POINT('',(8.57159858226E-02,-4.949995726214E-02,
    2.10001E-02));
#3018 = CARTESIAN_POINT('',(8.57159858226E-02,-4.949995726214E-02,
    1.0001E-03));
#3019 = CARTESIAN_POINT('',(8.83631664903E-02,-4.953100423586E-02,
    2.10001E-02));
#3020 = CARTESIAN_POINT('',(8.83631664903E-02,-4.953100423586E-02,
    1.0001E-03));
#3021 = CARTESIAN_POINT('',(8.971036585366E-02,-4.95468046169E-02,
    2.10001E-02));
#3022 = CARTESIAN_POINT('',(8.971036585366E-02,-4.95468046169E-02,
    1.0001E-03));
#3023 = ADVANCED_FACE('',(#3024),#3057,.T.);
#3024 = FACE_BOUND('',#3025,.T.);
#3025 = EDGE_LOOP('',(#3026,#3027,#3028,#3052));
#3026 = ORIENTED_EDGE('',*,*,#490,.F.);
#3027 = ORIENTED_EDGE('',*,*,#2996,.F.);
#3028 = ORIENTED_EDGE('',*,*,#3029,.T.);
#3029 = EDGE_CURVE('',#2981,#3030,#3032,.T.);
#3030 = VERTEX_POINT('',#3031);
#3031 = CARTESIAN_POINT('',(0.136585365854,-2.137253486063E-04,
    2.10001E-02));
#3032 = B_SPLINE_CURVE_WITH_KNOTS('',3,(#3033,#3034,#3035,#3036,#3037,
    #3038,#3039,#3040,#3041,#3042,#3043,#3044,#3045,#3046,#3047,#3048,
    #3049,#3050,#3051),.UNSPECIFIED.,.F.,.F.,(4,1,1,1,1,1,1,1,1,1,1,1,1,
    1,1,1,4),(0.,6.783324845577E-02,0.132655536508,0.195050884051,
    0.255582933069,0.314799834147,0.373600472826,0.432545595327,
    0.492430629284,0.552671255963,0.612513044188,0.672610250357,
    0.733838369314,0.796594238568,0.861449799291,0.929198942351,1.),
  .UNSPECIFIED.);
#3033 = CARTESIAN_POINT('',(8.971036585366E-02,-4.95468046169E-02,
    2.10001E-02));
#3034 = CARTESIAN_POINT('',(9.144627200881E-02,-4.950808890841E-02,
    2.10001E-02));
#3035 = CARTESIAN_POINT('',(9.484103147531E-02,-4.943237599185E-02,
    2.10001E-02));
#3036 = CARTESIAN_POINT('',(9.980027766186E-02,-4.879552076596E-02,
    2.10001E-02));
#3037 = CARTESIAN_POINT('',(0.10449190534,-4.773226927628E-02,
    2.10001E-02));
#3038 = CARTESIAN_POINT('',(0.108914284964,-4.623836184509E-02,
    2.10001E-02));
#3039 = CARTESIAN_POINT('',(0.113082888089,-4.435065407514E-02,
    2.10001E-02));
#3040 = CARTESIAN_POINT('',(0.116976120938,-4.201726103568E-02,
    2.10001E-02));
#3041 = CARTESIAN_POINT('',(0.120568219805,-3.921980649765E-02,
    2.10001E-02));
#3042 = CARTESIAN_POINT('',(0.123906717604,-3.607105739437E-02,
    2.10001E-02));
#3043 = CARTESIAN_POINT('',(0.126885552767,-3.254804668826E-02,
    2.10001E-02));
#3044 = CARTESIAN_POINT('',(0.1294929608,-2.873737820651E-02,2.10001E-02
    ));
#3045 = CARTESIAN_POINT('',(0.131698815657,-2.465090444377E-02,
    2.10001E-02));
#3046 = CARTESIAN_POINT('',(0.133488717807,-2.028638197504E-02,
    2.10001E-02));
#3047 = CARTESIAN_POINT('',(0.134883581149,-1.565267041579E-02,
    2.10001E-02));
#3048 = CARTESIAN_POINT('',(0.135859034832,-1.074559877254E-02,
    2.10001E-02));
#3049 = CARTESIAN_POINT('',(0.136492948562,-5.572051583986E-03,
    2.10001E-02));
#3050 = CARTESIAN_POINT('',(0.136554111004,-2.025871918292E-03,
    2.10001E-02));
#3051 = CARTESIAN_POINT('',(0.136585365854,-2.137253486063E-04,
    2.10001E-02));
#3052 = ORIENTED_EDGE('',*,*,#3053,.T.);
#3053 = EDGE_CURVE('',#3030,#491,#3054,.T.);
#3054 = B_SPLINE_CURVE_WITH_KNOTS('',1,(#3055,#3056),.UNSPECIFIED.,.F.,
  .F.,(2,2),(-0.,2.E-02),.PIECEWISE_BEZIER_KNOTS.);
#3055 = CARTESIAN_POINT('',(0.136585365854,-2.137253486063E-04,
    2.10001E-02));
#3056 = CARTESIAN_POINT('',(0.136585365854,-2.137253486063E-04,
    1.0001E-03));
#3057 = B_SPLINE_SURFACE_WITH_KNOTS('',3,1,(
    (#3058,#3059)
    ,(#3060,#3061)
    ,(#3062,#3063)
    ,(#3064,#3065)
    ,(#3066,#3067)
    ,(#3068,#3069)
    ,(#3070,#3071)
    ,(#3072,#3073)
    ,(#3074,#3075)
    ,(#3076,#3077)
    ,(#3078,#3079)
    ,(#3080,#3081)
    ,(#3082,#3083)
    ,(#3084,#3085)
    ,(#3086,#3087)
    ,(#3088,#3089)
    ,(#3090,#3091)
    ,(#3092,#3093)
    ,(#3094,#3095
    )),.UNSPECIFIED.,.F.,.F.,.F.,(4,1,1,1,1,1,1,1,1,1,1,1,1,1,1,1,4),(2,
    2),(0.,6.783324845577E-02,0.132655536508,0.195050884051,
    0.255582933069,0.314799834147,0.373600472826,0.432545595327,
    0.492430629284,0.552671255963,0.612513044188,0.672610250357,
    0.733838369314,0.796594238568,0.861449799291,0.929198942351,1.),(0.,
    1.),.UNSPECIFIED.);
#3058 = CARTESIAN_POINT('',(8.971036585366E-02,-4.95468046169E-02,
    2.10001E-02));
#3059 = CARTESIAN_POINT('',(8.971036585366E-02,-4.95468046169E-02,
    1.0001E-03));
#3060 = CARTESIAN_POINT('',(9.144627200881E-02,-4.950808890841E-02,
    2.10001E-02));
#3061 = CARTESIAN_POINT('',(9.144627200881E-02,-4.950808890841E-02,
    1.0001E-03));
#3062 = CARTESIAN_POINT('',(9.484103147531E-02,-4.943237599185E-02,
    2.10001E-02));
#3063 = CARTESIAN_POINT('',(9.484103147531E-02,-4.943237599185E-02,
    1.0001E-03));
#3064 = CARTESIAN_POINT('',(9.980027766186E-02,-4.879552076596E-02,
    2.10001E-02));
#3065 = CARTESIAN_POINT('',(9.980027766186E-02,-4.879552076596E-02,
    1.0001E-03));
#3066 = CARTESIAN_POINT('',(0.10449190534,-4.773226927628E-02,
    2.10001E-02));
#3067 = CARTESIAN_POINT('',(0.10449190534,-4.773226927628E-02,1.0001E-03
    ));
#3068 = CARTESIAN_POINT('',(0.108914284964,-4.623836184509E-02,
    2.10001E-02));
#3069 = CARTESIAN_POINT('',(0.108914284964,-4.623836184509E-02,
    1.0001E-03));
#3070 = CARTESIAN_POINT('',(0.113082888089,-4.435065407514E-02,
    2.10001E-02));
#3071 = CARTESIAN_POINT('',(0.113082888089,-4.435065407514E-02,
    1.0001E-03));
#3072 = CARTESIAN_POINT('',(0.116976120938,-4.201726103568E-02,
    2.10001E-02));
#3073 = CARTESIAN_POINT('',(0.116976120938,-4.201726103568E-02,
    1.0001E-03));
#3074 = CARTESIAN_POINT('',(0.120568219805,-3.921980649765E-02,
    2.10001E-02));
#3075 = CARTESIAN_POINT('',(0.120568219805,-3.921980649765E-02,
    1.0001E-03));
#3076 = CARTESIAN_POINT('',(0.123906717604,-3.607105739437E-02,
    2.10001E-02));
#3077 = CARTESIAN_POINT('',(0.123906717604,-3.607105739437E-02,
    1.0001E-03));
#3078 = CARTESIAN_POINT('',(0.126885552767,-3.254804668826E-02,
    2.10001E-02));
#3079 = CARTESIAN_POINT('',(0.126885552767,-3.254804668826E-02,
    1.0001E-03));
#3080 = CARTESIAN_POINT('',(0.1294929608,-2.873737820651E-02,2.10001E-02
    ));
#3081 = CARTESIAN_POINT('',(0.1294929608,-2.873737820651E-02,1.0001E-03)
  );
#3082 = CARTESIAN_POINT('',(0.131698815657,-2.465090444377E-02,
    2.10001E-02));
#3083 = CARTESIAN_POINT('',(0.131698815657,-2.465090444377E-02,
    1.0001E-03));
#3084 = CARTESIAN_POINT('',(0.133488717807,-2.028638197504E-02,
    2.10001E-02));
#3085 = CARTESIAN_POINT('',(0.133488717807,-2.028638197504E-02,
    1.0001E-03));
#3086 = CARTESIAN_POINT('',(0.134883581149,-1.565267041579E-02,
    2.10001E-02));
#3087 = CARTESIAN_POINT('',(0.134883581149,-1.565267041579E-02,
    1.0001E-03));
#3088 = CARTESIAN_POINT('',(0.135859034832,-1.074559877254E-02,
    2.10001E-02));
#3089 = CARTESIAN_POINT('',(0.135859034832,-1.074559877254E-02,
    1.0001E-03));
#3090 = CARTESIAN_POINT('',(0.136492948562,-5.572051583986E-03,
    2.10001E-02));
#3091 = CARTESIAN_POINT('',(0.136492948562,-5.572051583986E-03,
    1.0001E-03));
#3092 = CARTESIAN_POINT('',(0.136554111004,-2.025871918292E-03,
    2.10001E-02));
#3093 = CARTESIAN_POINT('',(0.136554111004,-2.025871918292E-03,
    1.0001E-03));
#3094 = CARTESIAN_POINT('',(0.136585365854,-2.137253486063E-04,
    2.10001E-02));
#3095 = CARTESIAN_POINT('',(0.136585365854,-2.137253486063E-04,
    1.0001E-03));
#3096 = ADVANCED_FACE('',(#3097),#3130,.T.);
#3097 = FACE_BOUND('',#3098,.T.);
#3098 = EDGE_LOOP('',(#3099,#3100,#3101,#3125));
#3099 = ORIENTED_EDGE('',*,*,#514,.F.);
#3100 = ORIENTED_EDGE('',*,*,#3053,.F.);
#3101 = ORIENTED_EDGE('',*,*,#3102,.T.);
#3102 = EDGE_CURVE('',#3030,#3103,#3105,.T.);
#3103 = VERTEX_POINT('',#3104);
#3104 = CARTESIAN_POINT('',(8.572789634146E-02,5.289221977334E-02,
    2.10001E-02));
#3105 = B_SPLINE_CURVE_WITH_KNOTS('',3,(#3106,#3107,#3108,#3109,#3110,
    #3111,#3112,#3113,#3114,#3115,#3116,#3117,#3118,#3119,#3120,#3121,
    #3122,#3123,#3124),.UNSPECIFIED.,.F.,.F.,(4,1,1,1,1,1,1,1,1,1,1,1,1,
    1,1,1,4),(0.,7.064371857535E-02,0.138256715509,0.203364124218,
    0.266324093803,0.327904761543,0.388737715173,0.449423528109,
    0.510861011459,0.572079396048,0.631734428731,0.691117210579,
    0.75036002949,0.810032900531,0.871362450829,0.934427141231,1.),
  .UNSPECIFIED.);
#3106 = CARTESIAN_POINT('',(0.136585365854,-2.137253486063E-04,
    2.10001E-02));
#3107 = CARTESIAN_POINT('',(0.136541813508,1.731825762373E-03,
    2.10001E-02));
#3108 = CARTESIAN_POINT('',(0.136456577278,5.539460919232E-03,
    2.10001E-02));
#3109 = CARTESIAN_POINT('',(0.13577906571,1.110715675695E-02,2.10001E-02
    ));
#3110 = CARTESIAN_POINT('',(0.134667379869,1.638655630246E-02,
    2.10001E-02));
#3111 = CARTESIAN_POINT('',(0.133076411435,2.136964557041E-02,
    2.10001E-02));
#3112 = CARTESIAN_POINT('',(0.131050442413,2.606315952878E-02,
    2.10001E-02));
#3113 = CARTESIAN_POINT('',(0.128587750932,3.047334331818E-02,
    2.10001E-02));
#3114 = CARTESIAN_POINT('',(0.125648320815,3.457747429691E-02,
    2.10001E-02));
#3115 = CARTESIAN_POINT('',(0.122278963366,3.834765689894E-02,
    2.10001E-02));
#3116 = CARTESIAN_POINT('',(0.118591167893,4.176500754906E-02,
    2.10001E-02));
#3117 = CARTESIAN_POINT('',(0.114612052176,4.474704982982E-02,
    2.10001E-02));
#3118 = CARTESIAN_POINT('',(0.110389614185,4.726712471879E-02,
    2.10001E-02));
#3119 = CARTESIAN_POINT('',(0.105929830575,4.934185035979E-02,
    2.10001E-02));
#3120 = CARTESIAN_POINT('',(0.101216306441,5.092557664627E-02,
    2.10001E-02));
#3121 = CARTESIAN_POINT('',(9.627109506336E-02,5.206296679503E-02,
    2.10001E-02));
#3122 = CARTESIAN_POINT('',(9.107716525092E-02,5.276775963416E-02,
    2.10001E-02));
#3123 = CARTESIAN_POINT('',(8.753401403843E-02,5.2850197272E-02,
    2.10001E-02));
#3124 = CARTESIAN_POINT('',(8.572789634146E-02,5.289221977334E-02,
    2.10001E-02));
#3125 = ORIENTED_EDGE('',*,*,#3126,.T.);
#3126 = EDGE_CURVE('',#3103,#515,#3127,.T.);
#3127 = B_SPLINE_CURVE_WITH_KNOTS('',1,(#3128,#3129),.UNSPECIFIED.,.F.,
  .F.,(2,2),(-0.,2.E-02),.PIECEWISE_BEZIER_KNOTS.);
#3128 = CARTESIAN_POINT('',(8.572789634146E-02,5.289221977334E-02,
    2.10001E-02));
#3129 = CARTESIAN_POINT('',(8.572789634146E-02,5.289221977334E-02,
    1.0001E-03));
#3130 = B_SPLINE_SURFACE_WITH_KNOTS('',3,1,(
    (#3131,#3132)
    ,(#3133,#3134)
    ,(#3135,#3136)
    ,(#3137,#3138)
    ,(#3139,#3140)
    ,(#3141,#3142)
    ,(#3143,#3144)
    ,(#3145,#3146)
    ,(#3147,#3148)
    ,(#3149,#3150)
    ,(#3151,#3152)
    ,(#3153,#3154)
    ,(#3155,#3156)
    ,(#3157,#3158)
    ,(#3159,#3160)
    ,(#3161,#3162)
    ,(#3163,#3164)
    ,(#3165,#3166)
    ,(#3167,#3168
    )),.UNSPECIFIED.,.F.,.F.,.F.,(4,1,1,1,1,1,1,1,1,1,1,1,1,1,1,1,4),(2,
    2),(0.,7.064371857535E-02,0.138256715509,0.203364124218,
    0.266324093803,0.327904761543,0.388737715173,0.449423528109,
    0.510861011459,0.572079396048,0.631734428731,0.691117210579,
    0.75036002949,0.810032900531,0.871362450829,0.934427141231,1.),(0.,
    1.),.UNSPECIFIED.);
#3131 = CARTESIAN_POINT('',(0.136585365854,-2.137253486063E-04,
    2.10001E-02));
#3132 = CARTESIAN_POINT('',(0.136585365854,-2.137253486063E-04,
    1.0001E-03));
#3133 = CARTESIAN_POINT('',(0.136541813508,1.731825762373E-03,
    2.10001E-02));
#3134 = CARTESIAN_POINT('',(0.136541813508,1.731825762373E-03,1.0001E-03
    ));
#3135 = CARTESIAN_POINT('',(0.136456577278,5.539460919232E-03,
    2.10001E-02));
#3136 = CARTESIAN_POINT('',(0.136456577278,5.539460919232E-03,1.0001E-03
    ));
#3137 = CARTESIAN_POINT('',(0.13577906571,1.110715675695E-02,2.10001E-02
    ));
#3138 = CARTESIAN_POINT('',(0.13577906571,1.110715675695E-02,1.0001E-03)
  );
#3139 = CARTESIAN_POINT('',(0.134667379869,1.638655630246E-02,
    2.10001E-02));
#3140 = CARTESIAN_POINT('',(0.134667379869,1.638655630246E-02,1.0001E-03
    ));
#3141 = CARTESIAN_POINT('',(0.133076411435,2.136964557041E-02,
    2.10001E-02));
#3142 = CARTESIAN_POINT('',(0.133076411435,2.136964557041E-02,1.0001E-03
    ));
#3143 = CARTESIAN_POINT('',(0.131050442413,2.606315952878E-02,
    2.10001E-02));
#3144 = CARTESIAN_POINT('',(0.131050442413,2.606315952878E-02,1.0001E-03
    ));
#3145 = CARTESIAN_POINT('',(0.128587750932,3.047334331818E-02,
    2.10001E-02));
#3146 = CARTESIAN_POINT('',(0.128587750932,3.047334331818E-02,1.0001E-03
    ));
#3147 = CARTESIAN_POINT('',(0.125648320815,3.457747429691E-02,
    2.10001E-02));
#3148 = CARTESIAN_POINT('',(0.125648320815,3.457747429691E-02,1.0001E-03
    ));
#3149 = CARTESIAN_POINT('',(0.122278963366,3.834765689894E-02,
    2.10001E-02));
#3150 = CARTESIAN_POINT('',(0.122278963366,3.834765689894E-02,1.0001E-03
    ));
#3151 = CARTESIAN_POINT('',(0.118591167893,4.176500754906E-02,
    2.10001E-02));
#3152 = CARTESIAN_POINT('',(0.118591167893,4.176500754906E-02,1.0001E-03
    ));
#3153 = CARTESIAN_POINT('',(0.114612052176,4.474704982982E-02,
    2.10001E-02));
#3154 = CARTESIAN_POINT('',(0.114612052176,4.474704982982E-02,1.0001E-03
    ));
#3155 = CARTESIAN_POINT('',(0.110389614185,4.726712471879E-02,
    2.10001E-02));
#3156 = CARTESIAN_POINT('',(0.110389614185,4.726712471879E-02,1.0001E-03
    ));
#3157 = CARTESIAN_POINT('',(0.105929830575,4.934185035979E-02,
    2.10001E-02));
#3158 = CARTESIAN_POINT('',(0.105929830575,4.934185035979E-02,1.0001E-03
    ));
#3159 = CARTESIAN_POINT('',(0.101216306441,5.092557664627E-02,
    2.10001E-02));
#3160 = CARTESIAN_POINT('',(0.101216306441,5.092557664627E-02,1.0001E-03
    ));
#3161 = CARTESIAN_POINT('',(9.627109506336E-02,5.206296679503E-02,
    2.10001E-02));
#3162 = CARTESIAN_POINT('',(9.627109506336E-02,5.206296679503E-02,
    1.0001E-03));
#3163 = CARTESIAN_POINT('',(9.107716525092E-02,5.276775963416E-02,
    2.10001E-02));
#3164 = CARTESIAN_POINT('',(9.107716525092E-02,5.276775963416E-02,
    1.0001E-03));
#3165 = CARTESIAN_POINT('',(8.753401403843E-02,5.2850197272E-02,
    2.10001E-02));
#3166 = CARTESIAN_POINT('',(8.753401403843E-02,5.2850197272E-02,
    1.0001E-03));
#3167 = CARTESIAN_POINT('',(8.572789634146E-02,5.289221977334E-02,
    2.10001E-02));
#3168 = CARTESIAN_POINT('',(8.572789634146E-02,5.289221977334E-02,
    1.0001E-03));
#3169 = ADVANCED_FACE('',(#3170),#3195,.T.);
#3170 = FACE_BOUND('',#3171,.T.);
#3171 = EDGE_LOOP('',(#3172,#3173,#3174,#3190));
#3172 = ORIENTED_EDGE('',*,*,#538,.F.);
#3173 = ORIENTED_EDGE('',*,*,#3126,.F.);
#3174 = ORIENTED_EDGE('',*,*,#3175,.T.);
#3175 = EDGE_CURVE('',#3103,#3176,#3178,.T.);
#3176 = VERTEX_POINT('',#3177);
#3177 = CARTESIAN_POINT('',(6.219512195122E-02,4.89288051392E-02,
    2.10001E-02));
#3178 = B_SPLINE_CURVE_WITH_KNOTS('',3,(#3179,#3180,#3181,#3182,#3183,
    #3184,#3185,#3186,#3187,#3188,#3189),.UNSPECIFIED.,.F.,.F.,(4,1,1,1,
    1,1,1,1,4),(0.,0.145186866472,0.28344261092,0.416524365929,
    0.543181123535,0.665153082638,0.781360206313,0.892756655642,1.),
  .UNSPECIFIED.);
#3179 = CARTESIAN_POINT('',(8.572789634146E-02,5.289221977334E-02,
    2.10001E-02));
#3180 = CARTESIAN_POINT('',(8.456521027908E-02,5.288388532978E-02,
    2.10001E-02));
#3181 = CARTESIAN_POINT('',(8.229534399428E-02,5.286761432332E-02,
    2.10001E-02));
#3182 = CARTESIAN_POINT('',(7.896541949741E-02,5.266357439674E-02,
    2.10001E-02));
#3183 = CARTESIAN_POINT('',(7.579069178461E-02,5.237520352492E-02,
    2.10001E-02));
#3184 = CARTESIAN_POINT('',(7.276656665055E-02,5.192554135133E-02,
    2.10001E-02));
#3185 = CARTESIAN_POINT('',(6.989319970247E-02,5.139026541214E-02,
    2.10001E-02));
#3186 = CARTESIAN_POINT('',(6.718135500635E-02,5.06925075596E-02,
    2.10001E-02));
#3187 = CARTESIAN_POINT('',(6.461398537291E-02,4.991067513107E-02,
    2.10001E-02));
#3188 = CARTESIAN_POINT('',(6.299113430228E-02,4.925192410229E-02,
    2.10001E-02));
#3189 = CARTESIAN_POINT('',(6.219512195122E-02,4.89288051392E-02,
    2.10001E-02));
#3190 = ORIENTED_EDGE('',*,*,#3191,.T.);
#3191 = EDGE_CURVE('',#3176,#539,#3192,.T.);
#3192 = B_SPLINE_CURVE_WITH_KNOTS('',1,(#3193,#3194),.UNSPECIFIED.,.F.,
  .F.,(2,2),(-0.,2.E-02),.PIECEWISE_BEZIER_KNOTS.);
#3193 = CARTESIAN_POINT('',(6.219512195122E-02,4.89288051392E-02,
    2.10001E-02));
#3194 = CARTESIAN_POINT('',(6.219512195122E-02,4.89288051392E-02,
    1.0001E-03));
#3195 = B_SPLINE_SURFACE_WITH_KNOTS('',3,1,(
    (#3196,#3197)
    ,(#3198,#3199)
    ,(#3200,#3201)
    ,(#3202,#3203)
    ,(#3204,#3205)
    ,(#3206,#3207)
    ,(#3208,#3209)
    ,(#3210,#3211)
    ,(#3212,#3213)
    ,(#3214,#3215)
    ,(#3216,#3217
  )),.UNSPECIFIED.,.F.,.F.,.F.,(4,1,1,1,1,1,1,1,4),(2,2),(0.,
    0.145186866472,0.28344261092,0.416524365929,0.543181123535,
    0.665153082638,0.781360206313,0.892756655642,1.),(0.,1.),
  .UNSPECIFIED.);
#3196 = CARTESIAN_POINT('',(8.572789634146E-02,5.289221977334E-02,
    2.10001E-02));
#3197 = CARTESIAN_POINT('',(8.572789634146E-02,5.289221977334E-02,
    1.0001E-03));
#3198 = CARTESIAN_POINT('',(8.456521027908E-02,5.288388532978E-02,
    2.10001E-02));
#3199 = CARTESIAN_POINT('',(8.456521027908E-02,5.288388532978E-02,
    1.0001E-03));
#3200 = CARTESIAN_POINT('',(8.229534399428E-02,5.286761432332E-02,
    2.10001E-02));
#3201 = CARTESIAN_POINT('',(8.229534399428E-02,5.286761432332E-02,
    1.0001E-03));
#3202 = CARTESIAN_POINT('',(7.896541949741E-02,5.266357439674E-02,
    2.10001E-02));
#3203 = CARTESIAN_POINT('',(7.896541949741E-02,5.266357439674E-02,
    1.0001E-03));
#3204 = CARTESIAN_POINT('',(7.579069178461E-02,5.237520352492E-02,
    2.10001E-02));
#3205 = CARTESIAN_POINT('',(7.579069178461E-02,5.237520352492E-02,
    1.0001E-03));
#3206 = CARTESIAN_POINT('',(7.276656665055E-02,5.192554135133E-02,
    2.10001E-02));
#3207 = CARTESIAN_POINT('',(7.276656665055E-02,5.192554135133E-02,
    1.0001E-03));
#3208 = CARTESIAN_POINT('',(6.989319970247E-02,5.139026541214E-02,
    2.10001E-02));
#3209 = CARTESIAN_POINT('',(6.989319970247E-02,5.139026541214E-02,
    1.0001E-03));
#3210 = CARTESIAN_POINT('',(6.718135500635E-02,5.06925075596E-02,
    2.10001E-02));
#3211 = CARTESIAN_POINT('',(6.718135500635E-02,5.06925075596E-02,
    1.0001E-03));
#3212 = CARTESIAN_POINT('',(6.461398537291E-02,4.991067513107E-02,
    2.10001E-02));
#3213 = CARTESIAN_POINT('',(6.461398537291E-02,4.991067513107E-02,
    1.0001E-03));
#3214 = CARTESIAN_POINT('',(6.299113430228E-02,4.925192410229E-02,
    2.10001E-02));
#3215 = CARTESIAN_POINT('',(6.299113430228E-02,4.925192410229E-02,
    1.0001E-03));
#3216 = CARTESIAN_POINT('',(6.219512195122E-02,4.89288051392E-02,
    2.10001E-02));
#3217 = CARTESIAN_POINT('',(6.219512195122E-02,4.89288051392E-02,
    1.0001E-03));
#3218 = ADVANCED_FACE('',(#3219),#3235,.T.);
#3219 = FACE_BOUND('',#3220,.T.);
#3220 = EDGE_LOOP('',(#3221,#3222,#3223,#3230));
#3221 = ORIENTED_EDGE('',*,*,#554,.F.);
#3222 = ORIENTED_EDGE('',*,*,#3191,.F.);
#3223 = ORIENTED_EDGE('',*,*,#3224,.T.);
#3224 = EDGE_CURVE('',#3176,#3225,#3227,.T.);
#3225 = VERTEX_POINT('',#3226);
#3226 = CARTESIAN_POINT('',(6.219512195122E-02,3.551417099286E-02,
    2.10001E-02));
#3227 = B_SPLINE_CURVE_WITH_KNOTS('',1,(#3228,#3229),.UNSPECIFIED.,.F.,
  .F.,(2,2),(-6.938893903907E-18,1.341463414634E-02),
  .PIECEWISE_BEZIER_KNOTS.);
#3228 = CARTESIAN_POINT('',(6.219512195122E-02,4.89288051392E-02,
    2.10001E-02));
#3229 = CARTESIAN_POINT('',(6.219512195122E-02,3.551417099286E-02,
    2.10001E-02));
#3230 = ORIENTED_EDGE('',*,*,#3231,.T.);
#3231 = EDGE_CURVE('',#3225,#555,#3232,.T.);
#3232 = B_SPLINE_CURVE_WITH_KNOTS('',1,(#3233,#3234),.UNSPECIFIED.,.F.,
  .F.,(2,2),(-0.,2.E-02),.PIECEWISE_BEZIER_KNOTS.);
#3233 = CARTESIAN_POINT('',(6.219512195122E-02,3.551417099286E-02,
    2.10001E-02));
#3234 = CARTESIAN_POINT('',(6.219512195122E-02,3.551417099286E-02,
    1.0001E-03));
#3235 = B_SPLINE_SURFACE_WITH_KNOTS('',1,1,(
    (#3236,#3237)
    ,(#3238,#3239)),.UNSPECIFIED.,.F.,.F.,.F.,(2,2),(2,2),(0.,2.E-02),(
    -1.341463414634E-02,6.938893903907E-18),.PIECEWISE_BEZIER_KNOTS.);
#3236 = CARTESIAN_POINT('',(6.219512195122E-02,3.551417099286E-02,
    2.10001E-02));
#3237 = CARTESIAN_POINT('',(6.219512195122E-02,4.89288051392E-02,
    2.10001E-02));
#3238 = CARTESIAN_POINT('',(6.219512195122E-02,3.551417099286E-02,
    1.0001E-03));
#3239 = CARTESIAN_POINT('',(6.219512195122E-02,4.89288051392E-02,
    1.0001E-03));
#3240 = ADVANCED_FACE('',(#3241),#3266,.T.);
#3241 = FACE_BOUND('',#3242,.T.);
#3242 = EDGE_LOOP('',(#3243,#3244,#3245,#3261));
#3243 = ORIENTED_EDGE('',*,*,#561,.F.);
#3244 = ORIENTED_EDGE('',*,*,#3231,.F.);
#3245 = ORIENTED_EDGE('',*,*,#3246,.T.);
#3246 = EDGE_CURVE('',#3225,#3247,#3249,.T.);
#3247 = VERTEX_POINT('',#3248);
#3248 = CARTESIAN_POINT('',(8.561356707317E-02,4.191661001725E-02,
    2.10001E-02));
#3249 = B_SPLINE_CURVE_WITH_KNOTS('',3,(#3250,#3251,#3252,#3253,#3254,
    #3255,#3256,#3257,#3258,#3259,#3260),.UNSPECIFIED.,.F.,.F.,(4,1,1,1,
    1,1,1,1,4),(0.,0.125279696736,0.249419970742,0.373356799493,
    0.496681278782,0.620202915744,0.745086320161,0.871269195019,1.),
  .UNSPECIFIED.);
#3250 = CARTESIAN_POINT('',(6.219512195122E-02,3.551417099286E-02,
    2.10001E-02));
#3251 = CARTESIAN_POINT('',(6.3083160514E-02,3.603018829201E-02,
    2.10001E-02));
#3252 = CARTESIAN_POINT('',(6.485116090126E-02,3.705752969695E-02,
    2.10001E-02));
#3253 = CARTESIAN_POINT('',(6.763190406264E-02,3.834190863956E-02,
    2.10001E-02));
#3254 = CARTESIAN_POINT('',(7.046622837774E-02,3.945592245697E-02,
    2.10001E-02));
#3255 = CARTESIAN_POINT('',(7.337397553323E-02,4.034522253994E-02,
    2.10001E-02));
#3256 = CARTESIAN_POINT('',(7.633684503265E-02,4.106333918206E-02,
    2.10001E-02));
#3257 = CARTESIAN_POINT('',(7.937037356667E-02,4.154500025335E-02,
    2.10001E-02));
#3258 = CARTESIAN_POINT('',(8.246881367345E-02,4.186906361225E-02,
    2.10001E-02));
#3259 = CARTESIAN_POINT('',(8.455835410223E-02,4.190065595761E-02,
    2.10001E-02));
#3260 = CARTESIAN_POINT('',(8.561356707317E-02,4.191661001725E-02,
    2.10001E-02));
#3261 = ORIENTED_EDGE('',*,*,#3262,.T.);
#3262 = EDGE_CURVE('',#3247,#562,#3263,.T.);
#3263 = B_SPLINE_CURVE_WITH_KNOTS('',1,(#3264,#3265),.UNSPECIFIED.,.F.,
  .F.,(2,2),(-0.,2.E-02),.PIECEWISE_BEZIER_KNOTS.);
#3264 = CARTESIAN_POINT('',(8.561356707317E-02,4.191661001725E-02,
    2.10001E-02));
#3265 = CARTESIAN_POINT('',(8.561356707317E-02,4.191661001725E-02,
    1.0001E-03));
#3266 = B_SPLINE_SURFACE_WITH_KNOTS('',3,1,(
    (#3267,#3268)
    ,(#3269,#3270)
    ,(#3271,#3272)
    ,(#3273,#3274)
    ,(#3275,#3276)
    ,(#3277,#3278)
    ,(#3279,#3280)
    ,(#3281,#3282)
    ,(#3283,#3284)
    ,(#3285,#3286)
    ,(#3287,#3288
  )),.UNSPECIFIED.,.F.,.F.,.F.,(4,1,1,1,1,1,1,1,4),(2,2),(0.,
    0.125279696736,0.249419970742,0.373356799493,0.496681278782,
    0.620202915744,0.745086320161,0.871269195019,1.),(0.,1.),
  .UNSPECIFIED.);
#3267 = CARTESIAN_POINT('',(6.219512195122E-02,3.551417099286E-02,
    2.10001E-02));
#3268 = CARTESIAN_POINT('',(6.219512195122E-02,3.551417099286E-02,
    1.0001E-03));
#3269 = CARTESIAN_POINT('',(6.3083160514E-02,3.603018829201E-02,
    2.10001E-02));
#3270 = CARTESIAN_POINT('',(6.3083160514E-02,3.603018829201E-02,
    1.0001E-03));
#3271 = CARTESIAN_POINT('',(6.485116090126E-02,3.705752969695E-02,
    2.10001E-02));
#3272 = CARTESIAN_POINT('',(6.485116090126E-02,3.705752969695E-02,
    1.0001E-03));
#3273 = CARTESIAN_POINT('',(6.763190406264E-02,3.834190863956E-02,
    2.10001E-02));
#3274 = CARTESIAN_POINT('',(6.763190406264E-02,3.834190863956E-02,
    1.0001E-03));
#3275 = CARTESIAN_POINT('',(7.046622837774E-02,3.945592245697E-02,
    2.10001E-02));
#3276 = CARTESIAN_POINT('',(7.046622837774E-02,3.945592245697E-02,
    1.0001E-03));
#3277 = CARTESIAN_POINT('',(7.337397553323E-02,4.034522253994E-02,
    2.10001E-02));
#3278 = CARTESIAN_POINT('',(7.337397553323E-02,4.034522253994E-02,
    1.0001E-03));
#3279 = CARTESIAN_POINT('',(7.633684503265E-02,4.106333918206E-02,
    2.10001E-02));
#3280 = CARTESIAN_POINT('',(7.633684503265E-02,4.106333918206E-02,
    1.0001E-03));
#3281 = CARTESIAN_POINT('',(7.937037356667E-02,4.154500025335E-02,
    2.10001E-02));
#3282 = CARTESIAN_POINT('',(7.937037356667E-02,4.154500025335E-02,
    1.0001E-03));
#3283 = CARTESIAN_POINT('',(8.246881367345E-02,4.186906361225E-02,
    2.10001E-02));
#3284 = CARTESIAN_POINT('',(8.246881367345E-02,4.186906361225E-02,
    1.0001E-03));
#3285 = CARTESIAN_POINT('',(8.455835410223E-02,4.190065595761E-02,
    2.10001E-02));
#3286 = CARTESIAN_POINT('',(8.455835410223E-02,4.190065595761E-02,
    1.0001E-03));
#3287 = CARTESIAN_POINT('',(8.561356707317E-02,4.191661001725E-02,
    2.10001E-02));
#3288 = CARTESIAN_POINT('',(8.561356707317E-02,4.191661001725E-02,
    1.0001E-03));
#3289 = ADVANCED_FACE('',(#3290),#3323,.T.);
#3290 = FACE_BOUND('',#3291,.T.);
#3291 = EDGE_LOOP('',(#3292,#3293,#3294,#3318));
#3292 = ORIENTED_EDGE('',*,*,#577,.F.);
#3293 = ORIENTED_EDGE('',*,*,#3262,.F.);
#3294 = ORIENTED_EDGE('',*,*,#3295,.T.);
#3295 = EDGE_CURVE('',#3247,#3296,#3298,.T.);
#3296 = VERTEX_POINT('',#3297);
#3297 = CARTESIAN_POINT('',(0.123170731707,6.056344074913E-04,
    2.10001E-02));
#3298 = B_SPLINE_CURVE_WITH_KNOTS('',3,(#3299,#3300,#3301,#3302,#3303,
    #3304,#3305,#3306,#3307,#3308,#3309,#3310,#3311,#3312,#3313,#3314,
    #3315,#3316,#3317),.UNSPECIFIED.,.F.,.F.,(4,1,1,1,1,1,1,1,1,1,1,1,1,
    1,1,1,4),(0.,6.460397028839E-02,0.126702413963,0.186756814036,
    0.245505687365,0.30365202445,0.361503073971,0.420240222928,
    0.480033340777,0.540678134776,0.601191806381,0.662333502477,
    0.724739510297,0.789467736173,0.856504860044,0.926312095839,1.),
  .UNSPECIFIED.);
#3299 = CARTESIAN_POINT('',(8.561356707317E-02,4.191661001725E-02,
    2.10001E-02));
#3300 = CARTESIAN_POINT('',(8.696850325962E-02,4.188747640865E-02,
    2.10001E-02));
#3301 = CARTESIAN_POINT('',(8.962582733464E-02,4.183033907606E-02,
    2.10001E-02));
#3302 = CARTESIAN_POINT('',(9.350797510579E-02,4.126935610752E-02,
    2.10001E-02));
#3303 = CARTESIAN_POINT('',(9.721071442397E-02,4.043006218429E-02,
    2.10001E-02));
#3304 = CARTESIAN_POINT('',(0.100719197556,3.92016904564E-02,2.10001E-02
    ));
#3305 = CARTESIAN_POINT('',(0.104029440603,3.761628742188E-02,
    2.10001E-02));
#3306 = CARTESIAN_POINT('',(0.107138573002,3.566790669067E-02,
    2.10001E-02));
#3307 = CARTESIAN_POINT('',(0.110065689108,3.339832145322E-02,
    2.10001E-02));
#3308 = CARTESIAN_POINT('',(0.112766136758,3.077921772781E-02,
    2.10001E-02));
#3309 = CARTESIAN_POINT('',(0.115226995736,2.788290735015E-02,
    2.10001E-02));
#3310 = CARTESIAN_POINT('',(0.117339278769,2.469023628313E-02,
    2.10001E-02));
#3311 = CARTESIAN_POINT('',(0.119170948791,2.128761827435E-02,
    2.10001E-02));
#3312 = CARTESIAN_POINT('',(0.120637746584,1.761535525103E-02,
    2.10001E-02));
#3313 = CARTESIAN_POINT('',(0.121773696508,1.370162286411E-02,
    2.10001E-02));
#3314 = CARTESIAN_POINT('',(0.122593612911,9.551761397506E-03,
    2.10001E-02));
#3315 = CARTESIAN_POINT('',(0.123068661179,5.158117055591E-03,
    2.10001E-02));
#3316 = CARTESIAN_POINT('',(0.123136100259,2.150243501773E-03,
    2.10001E-02));
#3317 = CARTESIAN_POINT('',(0.123170731707,6.056344074913E-04,
    2.10001E-02));
#3318 = ORIENTED_EDGE('',*,*,#3319,.T.);
#3319 = EDGE_CURVE('',#3296,#578,#3320,.T.);
#3320 = B_SPLINE_CURVE_WITH_KNOTS('',1,(#3321,#3322),.UNSPECIFIED.,.F.,
  .F.,(2,2),(-0.,2.E-02),.PIECEWISE_BEZIER_KNOTS.);
#3321 = CARTESIAN_POINT('',(0.123170731707,6.056344074913E-04,
    2.10001E-02));
#3322 = CARTESIAN_POINT('',(0.123170731707,6.056344074913E-04,1.0001E-03
    ));
#3323 = B_SPLINE_SURFACE_WITH_KNOTS('',3,1,(
    (#3324,#3325)
    ,(#3326,#3327)
    ,(#3328,#3329)
    ,(#3330,#3331)
    ,(#3332,#3333)
    ,(#3334,#3335)
    ,(#3336,#3337)
    ,(#3338,#3339)
    ,(#3340,#3341)
    ,(#3342,#3343)
    ,(#3344,#3345)
    ,(#3346,#3347)
    ,(#3348,#3349)
    ,(#3350,#3351)
    ,(#3352,#3353)
    ,(#3354,#3355)
    ,(#3356,#3357)
    ,(#3358,#3359)
    ,(#3360,#3361
    )),.UNSPECIFIED.,.F.,.F.,.F.,(4,1,1,1,1,1,1,1,1,1,1,1,1,1,1,1,4),(2,
    2),(0.,6.460397028839E-02,0.126702413963,0.186756814036,
    0.245505687365,0.30365202445,0.361503073971,0.420240222928,
    0.480033340777,0.540678134776,0.601191806381,0.662333502477,
    0.724739510297,0.789467736173,0.856504860044,0.926312095839,1.),(0.,
    1.),.UNSPECIFIED.);
#3324 = CARTESIAN_POINT('',(8.561356707317E-02,4.191661001725E-02,
    2.10001E-02));
#3325 = CARTESIAN_POINT('',(8.561356707317E-02,4.191661001725E-02,
    1.0001E-03));
#3326 = CARTESIAN_POINT('',(8.696850325962E-02,4.188747640865E-02,
    2.10001E-02));
#3327 = CARTESIAN_POINT('',(8.696850325962E-02,4.188747640865E-02,
    1.0001E-03));
#3328 = CARTESIAN_POINT('',(8.962582733464E-02,4.183033907606E-02,
    2.10001E-02));
#3329 = CARTESIAN_POINT('',(8.962582733464E-02,4.183033907606E-02,
    1.0001E-03));
#3330 = CARTESIAN_POINT('',(9.350797510579E-02,4.126935610752E-02,
    2.10001E-02));
#3331 = CARTESIAN_POINT('',(9.350797510579E-02,4.126935610752E-02,
    1.0001E-03));
#3332 = CARTESIAN_POINT('',(9.721071442397E-02,4.043006218429E-02,
    2.10001E-02));
#3333 = CARTESIAN_POINT('',(9.721071442397E-02,4.043006218429E-02,
    1.0001E-03));
#3334 = CARTESIAN_POINT('',(0.100719197556,3.92016904564E-02,2.10001E-02
    ));
#3335 = CARTESIAN_POINT('',(0.100719197556,3.92016904564E-02,1.0001E-03)
  );
#3336 = CARTESIAN_POINT('',(0.104029440603,3.761628742188E-02,
    2.10001E-02));
#3337 = CARTESIAN_POINT('',(0.104029440603,3.761628742188E-02,1.0001E-03
    ));
#3338 = CARTESIAN_POINT('',(0.107138573002,3.566790669067E-02,
    2.10001E-02));
#3339 = CARTESIAN_POINT('',(0.107138573002,3.566790669067E-02,1.0001E-03
    ));
#3340 = CARTESIAN_POINT('',(0.110065689108,3.339832145322E-02,
    2.10001E-02));
#3341 = CARTESIAN_POINT('',(0.110065689108,3.339832145322E-02,1.0001E-03
    ));
#3342 = CARTESIAN_POINT('',(0.112766136758,3.077921772781E-02,
    2.10001E-02));
#3343 = CARTESIAN_POINT('',(0.112766136758,3.077921772781E-02,1.0001E-03
    ));
#3344 = CARTESIAN_POINT('',(0.115226995736,2.788290735015E-02,
    2.10001E-02));
#3345 = CARTESIAN_POINT('',(0.115226995736,2.788290735015E-02,1.0001E-03
    ));
#3346 = CARTESIAN_POINT('',(0.117339278769,2.469023628313E-02,
    2.10001E-02));
#3347 = CARTESIAN_POINT('',(0.117339278769,2.469023628313E-02,1.0001E-03
    ));
#3348 = CARTESIAN_POINT('',(0.119170948791,2.128761827435E-02,
    2.10001E-02));
#3349 = CARTESIAN_POINT('',(0.119170948791,2.128761827435E-02,1.0001E-03
    ));
#3350 = CARTESIAN_POINT('',(0.120637746584,1.761535525103E-02,
    2.10001E-02));
#3351 = CARTESIAN_POINT('',(0.120637746584,1.761535525103E-02,1.0001E-03
    ));
#3352 = CARTESIAN_POINT('',(0.121773696508,1.370162286411E-02,
    2.10001E-02));
#3353 = CARTESIAN_POINT('',(0.121773696508,1.370162286411E-02,1.0001E-03
    ));
#3354 = CARTESIAN_POINT('',(0.122593612911,9.551761397506E-03,
    2.10001E-02));
#3355 = CARTESIAN_POINT('',(0.122593612911,9.551761397506E-03,1.0001E-03
    ));
#3356 = CARTESIAN_POINT('',(0.123068661179,5.158117055591E-03,
    2.10001E-02));
#3357 = CARTESIAN_POINT('',(0.123068661179,5.158117055591E-03,1.0001E-03
    ));
#3358 = CARTESIAN_POINT('',(0.123136100259,2.150243501773E-03,
    2.10001E-02));
#3359 = CARTESIAN_POINT('',(0.123136100259,2.150243501773E-03,1.0001E-03
    ));
#3360 = CARTESIAN_POINT('',(0.123170731707,6.056344074913E-04,
    2.10001E-02));
#3361 = CARTESIAN_POINT('',(0.123170731707,6.056344074913E-04,1.0001E-03
    ));
#3362 = ADVANCED_FACE('',(#3363),#3396,.T.);
#3363 = FACE_BOUND('',#3364,.T.);
#3364 = EDGE_LOOP('',(#3365,#3366,#3367,#3391));
#3365 = ORIENTED_EDGE('',*,*,#601,.F.);
#3366 = ORIENTED_EDGE('',*,*,#3319,.F.);
#3367 = ORIENTED_EDGE('',*,*,#3368,.T.);
#3368 = EDGE_CURVE('',#3296,#3369,#3371,.T.);
#3369 = VERTEX_POINT('',#3370);
#3370 = CARTESIAN_POINT('',(8.786204268293E-02,-3.85711948608E-02,
    2.10001E-02));
#3371 = B_SPLINE_CURVE_WITH_KNOTS('',3,(#3372,#3373,#3374,#3375,#3376,
    #3377,#3378,#3379,#3380,#3381,#3382,#3383,#3384,#3385,#3386,#3387,
    #3388,#3389,#3390),.UNSPECIFIED.,.F.,.F.,(4,1,1,1,1,1,1,1,1,1,1,1,1,
    1,1,1,4),(0.,7.377411937406E-02,0.144079114726,0.211348518309,
    0.27607688574,0.33852091582,0.399885116693,0.460254067465,
    0.520588964391,0.580207684563,0.638632908553,0.696364549491,
    0.75400177466,0.812805681374,0.872754425526,0.935181996978,1.),
  .UNSPECIFIED.);
#3372 = CARTESIAN_POINT('',(0.123170731707,6.056344074913E-04,
    2.10001E-02));
#3373 = CARTESIAN_POINT('',(0.123142949722,-8.564861620859E-04,
    2.10001E-02));
#3374 = CARTESIAN_POINT('',(0.123088692161,-3.71197314146E-03,
    2.10001E-02));
#3375 = CARTESIAN_POINT('',(0.122622533499,-7.879740933742E-03,
    2.10001E-02));
#3376 = CARTESIAN_POINT('',(0.121867409074,-1.182041311821E-02,
    2.10001E-02));
#3377 = CARTESIAN_POINT('',(0.120806174905,-1.553051623617E-02,
    2.10001E-02));
#3378 = CARTESIAN_POINT('',(0.119422364386,-1.900661684382E-02,
    2.10001E-02));
#3379 = CARTESIAN_POINT('',(0.117750769777,-2.225795092919E-02,
    2.10001E-02));
#3380 = CARTESIAN_POINT('',(0.115752168002,-2.526983609263E-02,
    2.10001E-02));
#3381 = CARTESIAN_POINT('',(0.113470678022,-2.802817201732E-02,
    2.10001E-02));
#3382 = CARTESIAN_POINT('',(0.110937623187,-3.050173722833E-02,
    2.10001E-02));
#3383 = CARTESIAN_POINT('',(0.108206047393,-3.267408326058E-02,
    2.10001E-02));
#3384 = CARTESIAN_POINT('',(0.105269999379,-3.448731594366E-02,
    2.10001E-02));
#3385 = CARTESIAN_POINT('',(0.102156857311,-3.59909060318E-02,
    2.10001E-02));
#3386 = CARTESIAN_POINT('',(9.8852555406E-02,-3.715338855111E-02,
    2.10001E-02));
#3387 = CARTESIAN_POINT('',(9.535090837489E-02,-3.796832956579E-02,
    2.10001E-02));
#3388 = CARTESIAN_POINT('',(9.166866776633E-02,-3.847308649657E-02,
    2.10001E-02));
#3389 = CARTESIAN_POINT('',(8.914671018405E-02,-3.853808505241E-02,
    2.10001E-02));
#3390 = CARTESIAN_POINT('',(8.786204268293E-02,-3.85711948608E-02,
    2.10001E-02));
#3391 = ORIENTED_EDGE('',*,*,#3392,.T.);
#3392 = EDGE_CURVE('',#3369,#450,#3393,.T.);
#3393 = B_SPLINE_CURVE_WITH_KNOTS('',1,(#3394,#3395),.UNSPECIFIED.,.F.,
  .F.,(2,2),(-0.,2.E-02),.PIECEWISE_BEZIER_KNOTS.);
#3394 = CARTESIAN_POINT('',(8.786204268293E-02,-3.85711948608E-02,
    2.10001E-02));
#3395 = CARTESIAN_POINT('',(8.786204268293E-02,-3.85711948608E-02,
    1.0001E-03));
#3396 = B_SPLINE_SURFACE_WITH_KNOTS('',3,1,(
    (#3397,#3398)
    ,(#3399,#3400)
    ,(#3401,#3402)
    ,(#3403,#3404)
    ,(#3405,#3406)
    ,(#3407,#3408)
    ,(#3409,#3410)
    ,(#3411,#3412)
    ,(#3413,#3414)
    ,(#3415,#3416)
    ,(#3417,#3418)
    ,(#3419,#3420)
    ,(#3421,#3422)
    ,(#3423,#3424)
    ,(#3425,#3426)
    ,(#3427,#3428)
    ,(#3429,#3430)
    ,(#3431,#3432)
    ,(#3433,#3434
    )),.UNSPECIFIED.,.F.,.F.,.F.,(4,1,1,1,1,1,1,1,1,1,1,1,1,1,1,1,4),(2,
    2),(0.,7.377411937406E-02,0.144079114726,0.211348518309,
    0.27607688574,0.33852091582,0.399885116693,0.460254067465,
    0.520588964391,0.580207684563,0.638632908553,0.696364549491,
    0.75400177466,0.812805681374,0.872754425526,0.935181996978,1.),(0.,
    1.),.UNSPECIFIED.);
#3397 = CARTESIAN_POINT('',(0.123170731707,6.056344074913E-04,
    2.10001E-02));
#3398 = CARTESIAN_POINT('',(0.123170731707,6.056344074913E-04,1.0001E-03
    ));
#3399 = CARTESIAN_POINT('',(0.123142949722,-8.564861620859E-04,
    2.10001E-02));
#3400 = CARTESIAN_POINT('',(0.123142949722,-8.564861620859E-04,
    1.0001E-03));
#3401 = CARTESIAN_POINT('',(0.123088692161,-3.71197314146E-03,
    2.10001E-02));
#3402 = CARTESIAN_POINT('',(0.123088692161,-3.71197314146E-03,1.0001E-03
    ));
#3403 = CARTESIAN_POINT('',(0.122622533499,-7.879740933742E-03,
    2.10001E-02));
#3404 = CARTESIAN_POINT('',(0.122622533499,-7.879740933742E-03,
    1.0001E-03));
#3405 = CARTESIAN_POINT('',(0.121867409074,-1.182041311821E-02,
    2.10001E-02));
#3406 = CARTESIAN_POINT('',(0.121867409074,-1.182041311821E-02,
    1.0001E-03));
#3407 = CARTESIAN_POINT('',(0.120806174905,-1.553051623617E-02,
    2.10001E-02));
#3408 = CARTESIAN_POINT('',(0.120806174905,-1.553051623617E-02,
    1.0001E-03));
#3409 = CARTESIAN_POINT('',(0.119422364386,-1.900661684382E-02,
    2.10001E-02));
#3410 = CARTESIAN_POINT('',(0.119422364386,-1.900661684382E-02,
    1.0001E-03));
#3411 = CARTESIAN_POINT('',(0.117750769777,-2.225795092919E-02,
    2.10001E-02));
#3412 = CARTESIAN_POINT('',(0.117750769777,-2.225795092919E-02,
    1.0001E-03));
#3413 = CARTESIAN_POINT('',(0.115752168002,-2.526983609263E-02,
    2.10001E-02));
#3414 = CARTESIAN_POINT('',(0.115752168002,-2.526983609263E-02,
    1.0001E-03));
#3415 = CARTESIAN_POINT('',(0.113470678022,-2.802817201732E-02,
    2.10001E-02));
#3416 = CARTESIAN_POINT('',(0.113470678022,-2.802817201732E-02,
    1.0001E-03));
#3417 = CARTESIAN_POINT('',(0.110937623187,-3.050173722833E-02,
    2.10001E-02));
#3418 = CARTESIAN_POINT('',(0.110937623187,-3.050173722833E-02,
    1.0001E-03));
#3419 = CARTESIAN_POINT('',(0.108206047393,-3.267408326058E-02,
    2.10001E-02));
#3420 = CARTESIAN_POINT('',(0.108206047393,-3.267408326058E-02,
    1.0001E-03));
#3421 = CARTESIAN_POINT('',(0.105269999379,-3.448731594366E-02,
    2.10001E-02));
#3422 = CARTESIAN_POINT('',(0.105269999379,-3.448731594366E-02,
    1.0001E-03));
#3423 = CARTESIAN_POINT('',(0.102156857311,-3.59909060318E-02,
    2.10001E-02));
#3424 = CARTESIAN_POINT('',(0.102156857311,-3.59909060318E-02,1.0001E-03
    ));
#3425 = CARTESIAN_POINT('',(9.8852555406E-02,-3.715338855111E-02,
    2.10001E-02));
#3426 = CARTESIAN_POINT('',(9.8852555406E-02,-3.715338855111E-02,
    1.0001E-03));
#3427 = CARTESIAN_POINT('',(9.535090837489E-02,-3.796832956579E-02,
    2.10001E-02));
#3428 = CARTESIAN_POINT('',(9.535090837489E-02,-3.796832956579E-02,
    1.0001E-03));
#3429 = CARTESIAN_POINT('',(9.166866776633E-02,-3.847308649657E-02,
    2.10001E-02));
#3430 = CARTESIAN_POINT('',(9.166866776633E-02,-3.847308649657E-02,
    1.0001E-03));
#3431 = CARTESIAN_POINT('',(8.914671018405E-02,-3.853808505241E-02,
    2.10001E-02));
#3432 = CARTESIAN_POINT('',(8.914671018405E-02,-3.853808505241E-02,
    1.0001E-03));
#3433 = CARTESIAN_POINT('',(8.786204268293E-02,-3.85711948608E-02,
    2.10001E-02));
#3434 = CARTESIAN_POINT('',(8.786204268293E-02,-3.85711948608E-02,
    1.0001E-03));
#3435 = ADVANCED_FACE('',(#3436),#3455,.T.);
#3436 = FACE_BOUND('',#3437,.T.);
#3437 = EDGE_LOOP('',(#3438,#3439,#3440,#3454));
#3438 = ORIENTED_EDGE('',*,*,#449,.F.);
#3439 = ORIENTED_EDGE('',*,*,#3392,.F.);
#3440 = ORIENTED_EDGE('',*,*,#3441,.T.);
#3441 = EDGE_CURVE('',#3369,#2952,#3442,.T.);
#3442 = B_SPLINE_CURVE_WITH_KNOTS('',3,(#3443,#3444,#3445,#3446,#3447,
    #3448,#3449,#3450,#3451,#3452,#3453),.UNSPECIFIED.,.F.,.F.,(4,1,1,1,
    1,1,1,1,4),(0.,0.135294604763,0.266765657925,0.394816018836,
    0.520051654434,0.642175702971,0.762651820558,0.881834004381,1.),
  .UNSPECIFIED.);
#3443 = CARTESIAN_POINT('',(8.786204268293E-02,-3.85711948608E-02,
    2.10001E-02));
#3444 = CARTESIAN_POINT('',(8.665450062635E-02,-3.855534080606E-02,
    2.10001E-02));
#3445 = CARTESIAN_POINT('',(8.427354277694E-02,-3.852408074694E-02,
    2.10001E-02));
#3446 = CARTESIAN_POINT('',(8.076235459284E-02,-3.820328325205E-02,
    2.10001E-02));
#3447 = CARTESIAN_POINT('',(7.736133171466E-02,-3.772046132055E-02,
    2.10001E-02));
#3448 = CARTESIAN_POINT('',(7.40852566293E-02,-3.700978984835E-02,
    2.10001E-02));
#3449 = CARTESIAN_POINT('',(7.092289723153E-02,-3.612018956335E-02,
    2.10001E-02));
#3450 = CARTESIAN_POINT('',(6.789218193308E-02,-3.500278345262E-02,
    2.10001E-02));
#3451 = CARTESIAN_POINT('',(6.49607260876E-02,-3.372647461396E-02,
    2.10001E-02));
#3452 = CARTESIAN_POINT('',(6.31143549641E-02,-3.268651125421E-02,
    2.10001E-02));
#3453 = CARTESIAN_POINT('',(6.219512195122E-02,-3.216875583641E-02,
    2.10001E-02));
#3454 = ORIENTED_EDGE('',*,*,#2951,.T.);
#3455 = B_SPLINE_SURFACE_WITH_KNOTS('',3,1,(
    (#3456,#3457)
    ,(#3458,#3459)
    ,(#3460,#3461)
    ,(#3462,#3463)
    ,(#3464,#3465)
    ,(#3466,#3467)
    ,(#3468,#3469)
    ,(#3470,#3471)
    ,(#3472,#3473)
    ,(#3474,#3475)
    ,(#3476,#3477
  )),.UNSPECIFIED.,.F.,.F.,.F.,(4,1,1,1,1,1,1,1,4),(2,2),(0.,
    0.135294604763,0.266765657925,0.394816018836,0.520051654434,
    0.642175702971,0.762651820558,0.881834004381,1.),(0.,1.),
  .UNSPECIFIED.);
#3456 = CARTESIAN_POINT('',(8.786204268293E-02,-3.85711948608E-02,
    2.10001E-02));
#3457 = CARTESIAN_POINT('',(8.786204268293E-02,-3.85711948608E-02,
    1.0001E-03));
#3458 = CARTESIAN_POINT('',(8.665450062635E-02,-3.855534080606E-02,
    2.10001E-02));
#3459 = CARTESIAN_POINT('',(8.665450062635E-02,-3.855534080606E-02,
    1.0001E-03));
#3460 = CARTESIAN_POINT('',(8.427354277694E-02,-3.852408074694E-02,
    2.10001E-02));
#3461 = CARTESIAN_POINT('',(8.427354277694E-02,-3.852408074694E-02,
    1.0001E-03));
#3462 = CARTESIAN_POINT('',(8.076235459284E-02,-3.820328325205E-02,
    2.10001E-02));
#3463 = CARTESIAN_POINT('',(8.076235459284E-02,-3.820328325205E-02,
    1.0001E-03));
#3464 = CARTESIAN_POINT('',(7.736133171466E-02,-3.772046132055E-02,
    2.10001E-02));
#3465 = CARTESIAN_POINT('',(7.736133171466E-02,-3.772046132055E-02,
    1.0001E-03));
#3466 = CARTESIAN_POINT('',(7.40852566293E-02,-3.700978984835E-02,
    2.10001E-02));
#3467 = CARTESIAN_POINT('',(7.40852566293E-02,-3.700978984835E-02,
    1.0001E-03));
#3468 = CARTESIAN_POINT('',(7.092289723153E-02,-3.612018956335E-02,
    2.10001E-02));
#3469 = CARTESIAN_POINT('',(7.092289723153E-02,-3.612018956335E-02,
    1.0001E-03));
#3470 = CARTESIAN_POINT('',(6.789218193308E-02,-3.500278345262E-02,
    2.10001E-02));
#3471 = CARTESIAN_POINT('',(6.789218193308E-02,-3.500278345262E-02,
    1.0001E-03));
#3472 = CARTESIAN_POINT('',(6.49607260876E-02,-3.372647461396E-02,
    2.10001E-02));
#3473 = CARTESIAN_POINT('',(6.49607260876E-02,-3.372647461396E-02,
    1.0001E-03));
#3474 = CARTESIAN_POINT('',(6.31143549641E-02,-3.268651125421E-02,
    2.10001E-02));
#3475 = CARTESIAN_POINT('',(6.31143549641E-02,-3.268651125421E-02,
    1.0001E-03));
#3476 = CARTESIAN_POINT('',(6.219512195122E-02,-3.216875583641E-02,
    2.10001E-02));
#3477 = CARTESIAN_POINT('',(6.219512195122E-02,-3.216875583641E-02,
    1.0001E-03));
#3478 = ADVANCED_FACE('',(#3479),#3491,.T.);
#3479 = FACE_BOUND('',#3480,.T.);
#3480 = EDGE_LOOP('',(#3481,#3482,#3483,#3484,#3485,#3486,#3487,#3488,
    #3489,#3490));
#3481 = ORIENTED_EDGE('',*,*,#2958,.F.);
#3482 = ORIENTED_EDGE('',*,*,#3441,.F.);
#3483 = ORIENTED_EDGE('',*,*,#3368,.F.);
#3484 = ORIENTED_EDGE('',*,*,#3295,.F.);
#3485 = ORIENTED_EDGE('',*,*,#3246,.F.);
#3486 = ORIENTED_EDGE('',*,*,#3224,.F.);
#3487 = ORIENTED_EDGE('',*,*,#3175,.F.);
#3488 = ORIENTED_EDGE('',*,*,#3102,.F.);
#3489 = ORIENTED_EDGE('',*,*,#3029,.F.);
#3490 = ORIENTED_EDGE('',*,*,#2980,.F.);
#3491 = B_SPLINE_SURFACE_WITH_KNOTS('',1,1,(
    (#3492,#3493)
    ,(#3494,#3495
    )),.UNSPECIFIED.,.F.,.F.,.F.,(2,2),(2,2),(-6.107143954353E-02,
    1.331880435891E-02),(-1.38726664463E-03,0.101051757746),
  .PIECEWISE_BEZIER_KNOTS.);
#3492 = CARTESIAN_POINT('',(0.136585365854,-4.95468046169E-02,
    2.10001E-02));
#3493 = CARTESIAN_POINT('',(0.136585365854,5.289221977334E-02,
    2.10001E-02));
#3494 = CARTESIAN_POINT('',(6.219512195122E-02,-4.95468046169E-02,
    2.10001E-02));
#3495 = CARTESIAN_POINT('',(6.219512195122E-02,5.289221977334E-02,
    2.10001E-02));
#3496 = ADVANCED_FACE('',(#3497),#3519,.T.);
#3497 = FACE_BOUND('',#3498,.T.);
#3498 = EDGE_LOOP('',(#3499,#3500,#3507,#3514));
#3499 = ORIENTED_EDGE('',*,*,#634,.F.);
#3500 = ORIENTED_EDGE('',*,*,#3501,.F.);
#3501 = EDGE_CURVE('',#3502,#628,#3504,.T.);
#3502 = VERTEX_POINT('',#3503);
#3503 = CARTESIAN_POINT('',(0.14512195122,-3.735168266568E-02,
    2.10001E-02));
#3504 = B_SPLINE_CURVE_WITH_KNOTS('',1,(#3505,#3506),.UNSPECIFIED.,.F.,
  .F.,(2,2),(-0.,2.E-02),.PIECEWISE_BEZIER_KNOTS.);
#3505 = CARTESIAN_POINT('',(0.14512195122,-3.735168266568E-02,
    2.10001E-02));
#3506 = CARTESIAN_POINT('',(0.14512195122,-3.735168266568E-02,1.0001E-03
    ));
#3507 = ORIENTED_EDGE('',*,*,#3508,.T.);
#3508 = EDGE_CURVE('',#3502,#3509,#3511,.T.);
#3509 = VERTEX_POINT('',#3510);
#3510 = CARTESIAN_POINT('',(0.14512195122,-4.832729242178E-02,
    2.10001E-02));
#3511 = B_SPLINE_CURVE_WITH_KNOTS('',1,(#3512,#3513),.UNSPECIFIED.,.F.,
  .F.,(2,2),(0.,1.09756097561E-02),.PIECEWISE_BEZIER_KNOTS.);
#3512 = CARTESIAN_POINT('',(0.14512195122,-3.735168266568E-02,
    2.10001E-02));
#3513 = CARTESIAN_POINT('',(0.14512195122,-4.832729242178E-02,
    2.10001E-02));
#3514 = ORIENTED_EDGE('',*,*,#3515,.T.);
#3515 = EDGE_CURVE('',#3509,#635,#3516,.T.);
#3516 = B_SPLINE_CURVE_WITH_KNOTS('',1,(#3517,#3518),.UNSPECIFIED.,.F.,
  .F.,(2,2),(-0.,2.E-02),.PIECEWISE_BEZIER_KNOTS.);
#3517 = CARTESIAN_POINT('',(0.14512195122,-4.832729242178E-02,
    2.10001E-02));
#3518 = CARTESIAN_POINT('',(0.14512195122,-4.832729242178E-02,1.0001E-03
    ));
#3519 = B_SPLINE_SURFACE_WITH_KNOTS('',1,1,(
    (#3520,#3521)
    ,(#3522,#3523
    )),.UNSPECIFIED.,.F.,.F.,.F.,(2,2),(2,2),(0.,2.E-02),(
    -1.09756097561E-02,0.),.PIECEWISE_BEZIER_KNOTS.);
#3520 = CARTESIAN_POINT('',(0.14512195122,-4.832729242178E-02,
    2.10001E-02));
#3521 = CARTESIAN_POINT('',(0.14512195122,-3.735168266568E-02,
    2.10001E-02));
#3522 = CARTESIAN_POINT('',(0.14512195122,-4.832729242178E-02,1.0001E-03
    ));
#3523 = CARTESIAN_POINT('',(0.14512195122,-3.735168266568E-02,1.0001E-03
    ));
#3524 = ADVANCED_FACE('',(#3525),#3541,.T.);
#3525 = FACE_BOUND('',#3526,.T.);
#3526 = EDGE_LOOP('',(#3527,#3528,#3529,#3536));
#3527 = ORIENTED_EDGE('',*,*,#641,.F.);
#3528 = ORIENTED_EDGE('',*,*,#3515,.F.);
#3529 = ORIENTED_EDGE('',*,*,#3530,.T.);
#3530 = EDGE_CURVE('',#3509,#3531,#3533,.T.);
#3531 = VERTEX_POINT('',#3532);
#3532 = CARTESIAN_POINT('',(0.196341463415,-4.832729242178E-02,
    2.10001E-02));
#3533 = B_SPLINE_CURVE_WITH_KNOTS('',1,(#3534,#3535),.UNSPECIFIED.,.F.,
  .F.,(2,2),(0.,5.121951219512E-02),.PIECEWISE_BEZIER_KNOTS.);
#3534 = CARTESIAN_POINT('',(0.14512195122,-4.832729242178E-02,
    2.10001E-02));
#3535 = CARTESIAN_POINT('',(0.196341463415,-4.832729242178E-02,
    2.10001E-02));
#3536 = ORIENTED_EDGE('',*,*,#3537,.T.);
#3537 = EDGE_CURVE('',#3531,#642,#3538,.T.);
#3538 = B_SPLINE_CURVE_WITH_KNOTS('',1,(#3539,#3540),.UNSPECIFIED.,.F.,
  .F.,(2,2),(-0.,2.E-02),.PIECEWISE_BEZIER_KNOTS.);
#3539 = CARTESIAN_POINT('',(0.196341463415,-4.832729242178E-02,
    2.10001E-02));
#3540 = CARTESIAN_POINT('',(0.196341463415,-4.832729242178E-02,
    1.0001E-03));
#3541 = B_SPLINE_SURFACE_WITH_KNOTS('',1,1,(
    (#3542,#3543)
    ,(#3544,#3545
    )),.UNSPECIFIED.,.F.,.F.,.F.,(2,2),(2,2),(-2.E-02,0.),(0.,
    5.121951219512E-02),.PIECEWISE_BEZIER_KNOTS.);
#3542 = CARTESIAN_POINT('',(0.14512195122,-4.832729242178E-02,1.0001E-03
    ));
#3543 = CARTESIAN_POINT('',(0.196341463415,-4.832729242178E-02,
    1.0001E-03));
#3544 = CARTESIAN_POINT('',(0.14512195122,-4.832729242178E-02,
    2.10001E-02));
#3545 = CARTESIAN_POINT('',(0.196341463415,-4.832729242178E-02,
    2.10001E-02));
#3546 = ADVANCED_FACE('',(#3547),#3563,.T.);
#3547 = FACE_BOUND('',#3548,.T.);
#3548 = EDGE_LOOP('',(#3549,#3550,#3551,#3558));
#3549 = ORIENTED_EDGE('',*,*,#648,.F.);
#3550 = ORIENTED_EDGE('',*,*,#3537,.F.);
#3551 = ORIENTED_EDGE('',*,*,#3552,.T.);
#3552 = EDGE_CURVE('',#3531,#3553,#3555,.T.);
#3553 = VERTEX_POINT('',#3554);
#3554 = CARTESIAN_POINT('',(0.196341463415,5.167270757822E-02,
    2.10001E-02));
#3555 = B_SPLINE_CURVE_WITH_KNOTS('',1,(#3556,#3557),.UNSPECIFIED.,.F.,
  .F.,(2,2),(0.,0.1),.PIECEWISE_BEZIER_KNOTS.);
#3556 = CARTESIAN_POINT('',(0.196341463415,-4.832729242178E-02,
    2.10001E-02));
#3557 = CARTESIAN_POINT('',(0.196341463415,5.167270757822E-02,
    2.10001E-02));
#3558 = ORIENTED_EDGE('',*,*,#3559,.T.);
#3559 = EDGE_CURVE('',#3553,#649,#3560,.T.);
#3560 = B_SPLINE_CURVE_WITH_KNOTS('',1,(#3561,#3562),.UNSPECIFIED.,.F.,
  .F.,(2,2),(-0.,2.E-02),.PIECEWISE_BEZIER_KNOTS.);
#3561 = CARTESIAN_POINT('',(0.196341463415,5.167270757822E-02,
    2.10001E-02));
#3562 = CARTESIAN_POINT('',(0.196341463415,5.167270757822E-02,1.0001E-03
    ));
#3563 = B_SPLINE_SURFACE_WITH_KNOTS('',1,1,(
    (#3564,#3565)
    ,(#3566,#3567
    )),.UNSPECIFIED.,.F.,.F.,.F.,(2,2),(2,2),(-2.E-02,0.),(0.,0.1),
  .PIECEWISE_BEZIER_KNOTS.);
#3564 = CARTESIAN_POINT('',(0.196341463415,-4.832729242178E-02,
    1.0001E-03));
#3565 = CARTESIAN_POINT('',(0.196341463415,5.167270757822E-02,1.0001E-03
    ));
#3566 = CARTESIAN_POINT('',(0.196341463415,-4.832729242178E-02,
    2.10001E-02));
#3567 = CARTESIAN_POINT('',(0.196341463415,5.167270757822E-02,
    2.10001E-02));
#3568 = ADVANCED_FACE('',(#3569),#3585,.T.);
#3569 = FACE_BOUND('',#3570,.T.);
#3570 = EDGE_LOOP('',(#3571,#3572,#3573,#3580));
#3571 = ORIENTED_EDGE('',*,*,#655,.F.);
#3572 = ORIENTED_EDGE('',*,*,#3559,.F.);
#3573 = ORIENTED_EDGE('',*,*,#3574,.T.);
#3574 = EDGE_CURVE('',#3553,#3575,#3577,.T.);
#3575 = VERTEX_POINT('',#3576);
#3576 = CARTESIAN_POINT('',(0.182926829268,5.167270757822E-02,
    2.10001E-02));
#3577 = B_SPLINE_CURVE_WITH_KNOTS('',1,(#3578,#3579),.UNSPECIFIED.,.F.,
  .F.,(2,2),(0.,1.341463414634E-02),.PIECEWISE_BEZIER_KNOTS.);
#3578 = CARTESIAN_POINT('',(0.196341463415,5.167270757822E-02,
    2.10001E-02));
#3579 = CARTESIAN_POINT('',(0.182926829268,5.167270757822E-02,
    2.10001E-02));
#3580 = ORIENTED_EDGE('',*,*,#3581,.T.);
#3581 = EDGE_CURVE('',#3575,#656,#3582,.T.);
#3582 = B_SPLINE_CURVE_WITH_KNOTS('',1,(#3583,#3584),.UNSPECIFIED.,.F.,
  .F.,(2,2),(-0.,2.E-02),.PIECEWISE_BEZIER_KNOTS.);
#3583 = CARTESIAN_POINT('',(0.182926829268,5.167270757822E-02,
    2.10001E-02));
#3584 = CARTESIAN_POINT('',(0.182926829268,5.167270757822E-02,1.0001E-03
    ));
#3585 = B_SPLINE_SURFACE_WITH_KNOTS('',1,1,(
    (#3586,#3587)
    ,(#3588,#3589)),.UNSPECIFIED.,.F.,.F.,.F.,(2,2),(2,2),(0.,2.E-02),(
    -1.341463414634E-02,0.),.PIECEWISE_BEZIER_KNOTS.);
#3586 = CARTESIAN_POINT('',(0.182926829268,5.167270757822E-02,
    2.10001E-02));
#3587 = CARTESIAN_POINT('',(0.196341463415,5.167270757822E-02,
    2.10001E-02));
#3588 = CARTESIAN_POINT('',(0.182926829268,5.167270757822E-02,1.0001E-03
    ));
#3589 = CARTESIAN_POINT('',(0.196341463415,5.167270757822E-02,1.0001E-03
    ));
#3590 = ADVANCED_FACE('',(#3591),#3607,.T.);
#3591 = FACE_BOUND('',#3592,.T.);
#3592 = EDGE_LOOP('',(#3593,#3594,#3595,#3602));
#3593 = ORIENTED_EDGE('',*,*,#662,.F.);
#3594 = ORIENTED_EDGE('',*,*,#3581,.F.);
#3595 = ORIENTED_EDGE('',*,*,#3596,.T.);
#3596 = EDGE_CURVE('',#3575,#3597,#3599,.T.);
#3597 = VERTEX_POINT('',#3598);
#3598 = CARTESIAN_POINT('',(0.182926829268,-3.735168266568E-02,
    2.10001E-02));
#3599 = B_SPLINE_CURVE_WITH_KNOTS('',1,(#3600,#3601),.UNSPECIFIED.,.F.,
  .F.,(2,2),(0.,8.90243902439E-02),.PIECEWISE_BEZIER_KNOTS.);
#3600 = CARTESIAN_POINT('',(0.182926829268,5.167270757822E-02,
    2.10001E-02));
#3601 = CARTESIAN_POINT('',(0.182926829268,-3.735168266568E-02,
    2.10001E-02));
#3602 = ORIENTED_EDGE('',*,*,#3603,.T.);
#3603 = EDGE_CURVE('',#3597,#626,#3604,.T.);
#3604 = B_SPLINE_CURVE_WITH_KNOTS('',1,(#3605,#3606),.UNSPECIFIED.,.F.,
  .F.,(2,2),(-0.,2.E-02),.PIECEWISE_BEZIER_KNOTS.);
#3605 = CARTESIAN_POINT('',(0.182926829268,-3.735168266568E-02,
    2.10001E-02));
#3606 = CARTESIAN_POINT('',(0.182926829268,-3.735168266568E-02,
    1.0001E-03));
#3607 = B_SPLINE_SURFACE_WITH_KNOTS('',1,1,(
    (#3608,#3609)
    ,(#3610,#3611
    )),.UNSPECIFIED.,.F.,.F.,.F.,(2,2),(2,2),(0.,2.E-02),(
    -8.90243902439E-02,0.),.PIECEWISE_BEZIER_KNOTS.);
#3608 = CARTESIAN_POINT('',(0.182926829268,-3.735168266568E-02,
    2.10001E-02));
#3609 = CARTESIAN_POINT('',(0.182926829268,5.167270757822E-02,
    2.10001E-02));
#3610 = CARTESIAN_POINT('',(0.182926829268,-3.735168266568E-02,
    1.0001E-03));
#3611 = CARTESIAN_POINT('',(0.182926829268,5.167270757822E-02,1.0001E-03
    ));
#3612 = ADVANCED_FACE('',(#3613),#3623,.T.);
#3613 = FACE_BOUND('',#3614,.T.);
#3614 = EDGE_LOOP('',(#3615,#3616,#3617,#3622));
#3615 = ORIENTED_EDGE('',*,*,#625,.F.);
#3616 = ORIENTED_EDGE('',*,*,#3603,.F.);
#3617 = ORIENTED_EDGE('',*,*,#3618,.T.);
#3618 = EDGE_CURVE('',#3597,#3502,#3619,.T.);
#3619 = B_SPLINE_CURVE_WITH_KNOTS('',1,(#3620,#3621),.UNSPECIFIED.,.F.,
  .F.,(2,2),(0.,3.780487804878E-02),.PIECEWISE_BEZIER_KNOTS.);
#3620 = CARTESIAN_POINT('',(0.182926829268,-3.735168266568E-02,
    2.10001E-02));
#3621 = CARTESIAN_POINT('',(0.14512195122,-3.735168266568E-02,
    2.10001E-02));
#3622 = ORIENTED_EDGE('',*,*,#3501,.T.);
#3623 = B_SPLINE_SURFACE_WITH_KNOTS('',1,1,(
    (#3624,#3625)
    ,(#3626,#3627)),.UNSPECIFIED.,.F.,.F.,.F.,(2,2),(2,2),(0.,2.E-02),(
    -3.780487804878E-02,0.),.PIECEWISE_BEZIER_KNOTS.);
#3624 = CARTESIAN_POINT('',(0.14512195122,-3.735168266568E-02,
    2.10001E-02));
#3625 = CARTESIAN_POINT('',(0.182926829268,-3.735168266568E-02,
    2.10001E-02));
#3626 = CARTESIAN_POINT('',(0.14512195122,-3.735168266568E-02,1.0001E-03
    ));
#3627 = CARTESIAN_POINT('',(0.182926829268,-3.735168266568E-02,
    1.0001E-03));
#3628 = ADVANCED_FACE('',(#3629),#3637,.F.);
#3629 = FACE_BOUND('',#3630,.T.);
#3630 = EDGE_LOOP('',(#3631,#3632,#3633,#3634,#3635,#3636));
#3631 = ORIENTED_EDGE('',*,*,#3508,.F.);
#3632 = ORIENTED_EDGE('',*,*,#3618,.F.);
#3633 = ORIENTED_EDGE('',*,*,#3596,.F.);
#3634 = ORIENTED_EDGE('',*,*,#3574,.F.);
#3635 = ORIENTED_EDGE('',*,*,#3552,.F.);
#3636 = ORIENTED_EDGE('',*,*,#3530,.F.);
#3637 = B_SPLINE_SURFACE_WITH_KNOTS('',1,1,(
    (#3638,#3639)
    ,(#3640,#3641
    )),.UNSPECIFIED.,.F.,.F.,.F.,(2,2),(2,2),(0.14512195122,
    0.196341463415),(-4.832729242178E-02,5.167270757822E-02),
  .PIECEWISE_BEZIER_KNOTS.);
#3638 = CARTESIAN_POINT('',(0.14512195122,-4.832729242178E-02,
    2.10001E-02));
#3639 = CARTESIAN_POINT('',(0.14512195122,5.167270757822E-02,2.10001E-02
    ));
#3640 = CARTESIAN_POINT('',(0.196341463415,-4.832729242178E-02,
    2.10001E-02));
#3641 = CARTESIAN_POINT('',(0.196341463415,5.167270757822E-02,
    2.10001E-02));
#3642 = ADVANCED_FACE('',(#3643),#3651,.T.);
#3643 = FACE_BOUND('',#3644,.T.);
#3644 = EDGE_LOOP('',(#3645,#3646,#3647,#3648,#3649,#3650));
#3645 = ORIENTED_EDGE('',*,*,#2024,.T.);
#3646 = ORIENTED_EDGE('',*,*,#1996,.T.);
#3647 = ORIENTED_EDGE('',*,*,#2142,.T.);
#3648 = ORIENTED_EDGE('',*,*,#2105,.T.);
#3649 = ORIENTED_EDGE('',*,*,#2083,.T.);
#3650 = ORIENTED_EDGE('',*,*,#2046,.T.);
#3651 = B_SPLINE_SURFACE_WITH_KNOTS('',1,1,(
    (#3652,#3653)
    ,(#3654,#3655
    )),.UNSPECIFIED.,.F.,.F.,.F.,(2,2),(2,2),(0.145846036585,
    0.179287347561),(-9.302902177875E-03,3.9477585627E-02),
  .PIECEWISE_BEZIER_KNOTS.);
#3652 = CARTESIAN_POINT('',(-0.145846036585,-9.302902177875E-03,
    1.0001E-03));
#3653 = CARTESIAN_POINT('',(-0.145846036585,3.9477585627E-02,1.0001E-03)
  );
#3654 = CARTESIAN_POINT('',(-0.179287347561,-9.302902177875E-03,
    1.0001E-03));
#3655 = CARTESIAN_POINT('',(-0.179287347561,3.9477585627E-02,1.0001E-03)
  );
#3656 = ADVANCED_FACE('',(#3657),#3664,.T.);
#3657 = FACE_BOUND('',#3658,.T.);
#3658 = EDGE_LOOP('',(#3659,#3660,#3661,#3662,#3663));
#3659 = ORIENTED_EDGE('',*,*,#2482,.T.);
#3660 = ORIENTED_EDGE('',*,*,#2454,.T.);
#3661 = ORIENTED_EDGE('',*,*,#2650,.T.);
#3662 = ORIENTED_EDGE('',*,*,#2628,.T.);
#3663 = ORIENTED_EDGE('',*,*,#2555,.T.);
#3664 = B_SPLINE_SURFACE_WITH_KNOTS('',1,1,(
    (#3665,#3666)
    ,(#3667,#3668
    )),.UNSPECIFIED.,.F.,.F.,.F.,(2,2),(2,2),(4.390243902439E-02,
    9.756097560976E-02),(-3.735168266568E-02,4.069709782213E-02),
  .PIECEWISE_BEZIER_KNOTS.);
#3665 = CARTESIAN_POINT('',(-4.390243902439E-02,-3.735168266568E-02,
    1.0001E-03));
#3666 = CARTESIAN_POINT('',(-4.390243902439E-02,4.069709782213E-02,
    1.0001E-03));
#3667 = CARTESIAN_POINT('',(-9.756097560976E-02,-3.735168266568E-02,
    1.0001E-03));
#3668 = CARTESIAN_POINT('',(-9.756097560976E-02,4.069709782213E-02,
    1.0001E-03));
#3669 = ( GEOMETRIC_REPRESENTATION_CONTEXT(3) 
GLOBAL_UNCERTAINTY_ASSIGNED_CONTEXT((#3673)) 
GLOBAL_UNIT_ASSIGNED_CONTEXT((#3670,#3671,#3672)) REPRESENTATION_CONTEXT
('Context #1','3D Context with UNIT and UNCERTAINTY') );
#3670 = ( LENGTH_UNIT() NAMED_UNIT(*) SI_UNIT(.MILLI.,.METRE.) );
#3671 = ( NAMED_UNIT(*) PLANE_ANGLE_UNIT() SI_UNIT($,.RADIAN.) );
#3672 = ( NAMED_UNIT(*) SI_UNIT($,.STERADIAN.) SOLID_ANGLE_UNIT() );
#3673 = UNCERTAINTY_MEASURE_WITH_UNIT(LENGTH_MEASURE(1.E-07),#3670,
  'distance_accuracy_value','confusion accuracy');
#3674 = PRODUCT_RELATED_PRODUCT_CATEGORY('part',$,(#7));
#3675 = MECHANICAL_DESIGN_GEOMETRIC_PRESENTATION_REPRESENTATION('',(
    #3676,#3686,#3694,#3701,#3708,#3715,#3722,#3729,#3736,#3743,#3750,
    #3757,#3764,#3771,#3778,#3785,#3792,#3799,#3806,#3813,#3820,#3827,
    #3834,#3841,#3848,#3855,#3862,#3869,#3877,#3884,#3891,#3898,#3905,
    #3912,#3919,#3926,#3933,#3940,#3947,#3954,#3961,#3968,#3975,#3982,
    #3989,#3996),#3669);
#3676 = STYLED_ITEM('color',(#3677),#15);
#3677 = PRESENTATION_STYLE_ASSIGNMENT((#3678,#3684));
#3678 = SURFACE_STYLE_USAGE(.BOTH.,#3679);
#3679 = SURFACE_SIDE_STYLE('',(#3680));
#3680 = SURFACE_STYLE_FILL_AREA(#3681);
#3681 = FILL_AREA_STYLE('',(#3682));
#3682 = FILL_AREA_STYLE_COLOUR('',#3683);
#3683 = DRAUGHTING_PRE_DEFINED_COLOUR('white');
#3684 = CURVE_STYLE('',#3685,POSITIVE_LENGTH_MEASURE(0.1),#3683);
#3685 = DRAUGHTING_PRE_DEFINED_CURVE_FONT('continuous');
#3686 = OVER_RIDING_STYLED_ITEM('overriding color',(#3687),#17,#3676);
#3687 = PRESENTATION_STYLE_ASSIGNMENT((#3688));
#3688 = SURFACE_STYLE_USAGE(.BOTH.,#3689);
#3689 = SURFACE_SIDE_STYLE('',(#3690));
#3690 = SURFACE_STYLE_FILL_AREA(#3691);
#3691 = FILL_AREA_STYLE('',(#3692));
#3692 = FILL_AREA_STYLE_COLOUR('',#3693);
#3693 = COLOUR_RGB('',0.298039221799,0.298039221799,0.298039221799);
#3694 = OVER_RIDING_STYLED_ITEM('overriding color',(#3695),#671,#3676);
#3695 = PRESENTATION_STYLE_ASSIGNMENT((#3696));
#3696 = SURFACE_STYLE_USAGE(.BOTH.,#3697);
#3697 = SURFACE_SIDE_STYLE('',(#3698));
#3698 = SURFACE_STYLE_FILL_AREA(#3699);
#3699 = FILL_AREA_STYLE('',(#3700));
#3700 = FILL_AREA_STYLE_COLOUR('',#3693);
#3701 = OVER_RIDING_STYLED_ITEM('overriding color',(#3702),#735,#3676);
#3702 = PRESENTATION_STYLE_ASSIGNMENT((#3703));
#3703 = SURFACE_STYLE_USAGE(.BOTH.,#3704);
#3704 = SURFACE_SIDE_STYLE('',(#3705));
#3705 = SURFACE_STYLE_FILL_AREA(#3706);
#3706 = FILL_AREA_STYLE('',(#3707));
#3707 = FILL_AREA_STYLE_COLOUR('',#3693);
#3708 = OVER_RIDING_STYLED_ITEM('overriding color',(#3709),#799,#3676);
#3709 = PRESENTATION_STYLE_ASSIGNMENT((#3710));
#3710 = SURFACE_STYLE_USAGE(.BOTH.,#3711);
#3711 = SURFACE_SIDE_STYLE('',(#3712));
#3712 = SURFACE_STYLE_FILL_AREA(#3713);
#3713 = FILL_AREA_STYLE('',(#3714));
#3714 = FILL_AREA_STYLE_COLOUR('',#3693);
#3715 = OVER_RIDING_STYLED_ITEM('overriding color',(#3716),#833,#3676);
#3716 = PRESENTATION_STYLE_ASSIGNMENT((#3717));
#3717 = SURFACE_STYLE_USAGE(.BOTH.,#3718);
#3718 = SURFACE_SIDE_STYLE('',(#3719));
#3719 = SURFACE_STYLE_FILL_AREA(#3720);
#3720 = FILL_AREA_STYLE('',(#3721));
#3721 = FILL_AREA_STYLE_COLOUR('',#3693);
#3722 = OVER_RIDING_STYLED_ITEM('overriding color',(#3723),#867,#3676);
#3723 = PRESENTATION_STYLE_ASSIGNMENT((#3724));
#3724 = SURFACE_STYLE_USAGE(.BOTH.,#3725);
#3725 = SURFACE_SIDE_STYLE('',(#3726));
#3726 = SURFACE_STYLE_FILL_AREA(#3727);
#3727 = FILL_AREA_STYLE('',(#3728));
#3728 = FILL_AREA_STYLE_COLOUR('',#3693);
#3729 = OVER_RIDING_STYLED_ITEM('overriding color',(#3730),#941,#3676);
#3730 = PRESENTATION_STYLE_ASSIGNMENT((#3731));
#3731 = SURFACE_STYLE_USAGE(.BOTH.,#3732);
#3732 = SURFACE_SIDE_STYLE('',(#3733));
#3733 = SURFACE_STYLE_FILL_AREA(#3734);
#3734 = FILL_AREA_STYLE('',(#3735));
#3735 = FILL_AREA_STYLE_COLOUR('',#3693);
#3736 = OVER_RIDING_STYLED_ITEM('overriding color',(#3737),#1015,#3676);
#3737 = PRESENTATION_STYLE_ASSIGNMENT((#3738));
#3738 = SURFACE_STYLE_USAGE(.BOTH.,#3739);
#3739 = SURFACE_SIDE_STYLE('',(#3740));
#3740 = SURFACE_STYLE_FILL_AREA(#3741);
#3741 = FILL_AREA_STYLE('',(#3742));
#3742 = FILL_AREA_STYLE_COLOUR('',#3693);
#3743 = OVER_RIDING_STYLED_ITEM('overriding color',(#3744),#1031,#3676);
#3744 = PRESENTATION_STYLE_ASSIGNMENT((#3745));
#3745 = SURFACE_STYLE_USAGE(.BOTH.,#3746);
#3746 = SURFACE_SIDE_STYLE('',(#3747));
#3747 = SURFACE_STYLE_FILL_AREA(#3748);
#3748 = FILL_AREA_STYLE('',(#3749));
#3749 = FILL_AREA_STYLE_COLOUR('',#3693);
#3750 = OVER_RIDING_STYLED_ITEM('overriding color',(#3751),#1047,#3676);
#3751 = PRESENTATION_STYLE_ASSIGNMENT((#3752));
#3752 = SURFACE_STYLE_USAGE(.BOTH.,#3753);
#3753 = SURFACE_SIDE_STYLE('',(#3754));
#3754 = SURFACE_STYLE_FILL_AREA(#3755);
#3755 = FILL_AREA_STYLE('',(#3756));
#3756 = FILL_AREA_STYLE_COLOUR('',#3693);
#3757 = OVER_RIDING_STYLED_ITEM('overriding color',(#3758),#1067,#3676);
#3758 = PRESENTATION_STYLE_ASSIGNMENT((#3759));
#3759 = SURFACE_STYLE_USAGE(.BOTH.,#3760);
#3760 = SURFACE_SIDE_STYLE('',(#3761));
#3761 = SURFACE_STYLE_FILL_AREA(#3762);
#3762 = FILL_AREA_STYLE('',(#3763));
#3763 = FILL_AREA_STYLE_COLOUR('',#3693);
#3764 = OVER_RIDING_STYLED_ITEM('overriding color',(#3765),#1087,#3676);
#3765 = PRESENTATION_STYLE_ASSIGNMENT((#3766));
#3766 = SURFACE_STYLE_USAGE(.BOTH.,#3767);
#3767 = SURFACE_SIDE_STYLE('',(#3768));
#3768 = SURFACE_STYLE_FILL_AREA(#3769);
#3769 = FILL_AREA_STYLE('',(#3770));
#3770 = FILL_AREA_STYLE_COLOUR('',#3693);
#3771 = OVER_RIDING_STYLED_ITEM('overriding color',(#3772),#1107,#3676);
#3772 = PRESENTATION_STYLE_ASSIGNMENT((#3773));
#3773 = SURFACE_STYLE_USAGE(.BOTH.,#3774);
#3774 = SURFACE_SIDE_STYLE('',(#3775));
#3775 = SURFACE_STYLE_FILL_AREA(#3776);
#3776 = FILL_AREA_STYLE('',(#3777));
#3777 = FILL_AREA_STYLE_COLOUR('',#3693);
#3778 = OVER_RIDING_STYLED_ITEM('overriding color',(#3779),#1127,#3676);
#3779 = PRESENTATION_STYLE_ASSIGNMENT((#3780));
#3780 = SURFACE_STYLE_USAGE(.BOTH.,#3781);
#3781 = SURFACE_SIDE_STYLE('',(#3782));
#3782 = SURFACE_STYLE_FILL_AREA(#3783);
#3783 = FILL_AREA_STYLE('',(#3784));
#3784 = FILL_AREA_STYLE_COLOUR('',#3693);
#3785 = OVER_RIDING_STYLED_ITEM('overriding color',(#3786),#1141,#3676);
#3786 = PRESENTATION_STYLE_ASSIGNMENT((#3787));
#3787 = SURFACE_STYLE_USAGE(.BOTH.,#3788);
#3788 = SURFACE_SIDE_STYLE('',(#3789));
#3789 = SURFACE_STYLE_FILL_AREA(#3790);
#3790 = FILL_AREA_STYLE('',(#3791));
#3791 = FILL_AREA_STYLE_COLOUR('',#3693);
#3792 = OVER_RIDING_STYLED_ITEM('overriding color',(#3793),#1155,#3676);
#3793 = PRESENTATION_STYLE_ASSIGNMENT((#3794));
#3794 = SURFACE_STYLE_USAGE(.BOTH.,#3795);
#3795 = SURFACE_SIDE_STYLE('',(#3796));
#3796 = SURFACE_STYLE_FILL_AREA(#3797);
#3797 = FILL_AREA_STYLE('',(#3798));
#3798 = FILL_AREA_STYLE_COLOUR('',#3693);
#3799 = OVER_RIDING_STYLED_ITEM('overriding color',(#3800),#1169,#3676);
#3800 = PRESENTATION_STYLE_ASSIGNMENT((#3801));
#3801 = SURFACE_STYLE_USAGE(.BOTH.,#3802);
#3802 = SURFACE_SIDE_STYLE('',(#3803));
#3803 = SURFACE_STYLE_FILL_AREA(#3804);
#3804 = FILL_AREA_STYLE('',(#3805));
#3805 = FILL_AREA_STYLE_COLOUR('',#3693);
#3806 = OVER_RIDING_STYLED_ITEM('overriding color',(#3807),#1183,#3676);
#3807 = PRESENTATION_STYLE_ASSIGNMENT((#3808));
#3808 = SURFACE_STYLE_USAGE(.BOTH.,#3809);
#3809 = SURFACE_SIDE_STYLE('',(#3810));
#3810 = SURFACE_STYLE_FILL_AREA(#3811);
#3811 = FILL_AREA_STYLE('',(#3812));
#3812 = FILL_AREA_STYLE_COLOUR('',#3693);
#3813 = OVER_RIDING_STYLED_ITEM('overriding color',(#3814),#1208,#3676);
#3814 = PRESENTATION_STYLE_ASSIGNMENT((#3815));
#3815 = SURFACE_STYLE_USAGE(.BOTH.,#3816);
#3816 = SURFACE_SIDE_STYLE('',(#3817));
#3817 = SURFACE_STYLE_FILL_AREA(#3818);
#3818 = FILL_AREA_STYLE('',(#3819));
#3819 = FILL_AREA_STYLE_COLOUR('',#3693);
#3820 = OVER_RIDING_STYLED_ITEM('overriding color',(#3821),#1230,#3676);
#3821 = PRESENTATION_STYLE_ASSIGNMENT((#3822));
#3822 = SURFACE_STYLE_USAGE(.BOTH.,#3823);
#3823 = SURFACE_SIDE_STYLE('',(#3824));
#3824 = SURFACE_STYLE_FILL_AREA(#3825);
#3825 = FILL_AREA_STYLE('',(#3826));
#3826 = FILL_AREA_STYLE_COLOUR('',#3693);
#3827 = OVER_RIDING_STYLED_ITEM('overriding color',(#3828),#1249,#3676);
#3828 = PRESENTATION_STYLE_ASSIGNMENT((#3829));
#3829 = SURFACE_STYLE_USAGE(.BOTH.,#3830);
#3830 = SURFACE_SIDE_STYLE('',(#3831));
#3831 = SURFACE_STYLE_FILL_AREA(#3832);
#3832 = FILL_AREA_STYLE('',(#3833));
#3833 = FILL_AREA_STYLE_COLOUR('',#3693);
#3834 = OVER_RIDING_STYLED_ITEM('overriding color',(#3835),#1274,#3676);
#3835 = PRESENTATION_STYLE_ASSIGNMENT((#3836));
#3836 = SURFACE_STYLE_USAGE(.BOTH.,#3837);
#3837 = SURFACE_SIDE_STYLE('',(#3838));
#3838 = SURFACE_STYLE_FILL_AREA(#3839);
#3839 = FILL_AREA_STYLE('',(#3840));
#3840 = FILL_AREA_STYLE_COLOUR('',#3693);
#3841 = OVER_RIDING_STYLED_ITEM('overriding color',(#3842),#1296,#3676);
#3842 = PRESENTATION_STYLE_ASSIGNMENT((#3843));
#3843 = SURFACE_STYLE_USAGE(.BOTH.,#3844);
#3844 = SURFACE_SIDE_STYLE('',(#3845));
#3845 = SURFACE_STYLE_FILL_AREA(#3846);
#3846 = FILL_AREA_STYLE('',(#3847));
#3847 = FILL_AREA_STYLE_COLOUR('',#3693);
#3848 = OVER_RIDING_STYLED_ITEM('overriding color',(#3849),#1315,#3676);
#3849 = PRESENTATION_STYLE_ASSIGNMENT((#3850));
#3850 = SURFACE_STYLE_USAGE(.BOTH.,#3851);
#3851 = SURFACE_SIDE_STYLE('',(#3852));
#3852 = SURFACE_STYLE_FILL_AREA(#3853);
#3853 = FILL_AREA_STYLE('',(#3854));
#3854 = FILL_AREA_STYLE_COLOUR('',#3693);
#3855 = OVER_RIDING_STYLED_ITEM('overriding color',(#3856),#1331,#3676);
#3856 = PRESENTATION_STYLE_ASSIGNMENT((#3857));
#3857 = SURFACE_STYLE_USAGE(.BOTH.,#3858);
#3858 = SURFACE_SIDE_STYLE('',(#3859));
#3859 = SURFACE_STYLE_FILL_AREA(#3860);
#3860 = FILL_AREA_STYLE('',(#3861));
#3861 = FILL_AREA_STYLE_COLOUR('',#3693);
#3862 = OVER_RIDING_STYLED_ITEM('overriding color',(#3863),#1355,#3676);
#3863 = PRESENTATION_STYLE_ASSIGNMENT((#3864));
#3864 = SURFACE_STYLE_USAGE(.BOTH.,#3865);
#3865 = SURFACE_SIDE_STYLE('',(#3866));
#3866 = SURFACE_STYLE_FILL_AREA(#3867);
#3867 = FILL_AREA_STYLE('',(#3868));
#3868 = FILL_AREA_STYLE_COLOUR('',#3693);
#3869 = OVER_RIDING_STYLED_ITEM('overriding color',(#3870),#1379,#3676);
#3870 = PRESENTATION_STYLE_ASSIGNMENT((#3871));
#3871 = SURFACE_STYLE_USAGE(.BOTH.,#3872);
#3872 = SURFACE_SIDE_STYLE('',(#3873));
#3873 = SURFACE_STYLE_FILL_AREA(#3874);
#3874 = FILL_AREA_STYLE('',(#3875));
#3875 = FILL_AREA_STYLE_COLOUR('',#3876);
#3876 = COLOUR_RGB('',0.666666664908,0.666666664908,0.666666664908);
#3877 = OVER_RIDING_STYLED_ITEM('overriding color',(#3878),#1395,#3676);
#3878 = PRESENTATION_STYLE_ASSIGNMENT((#3879));
#3879 = SURFACE_STYLE_USAGE(.BOTH.,#3880);
#3880 = SURFACE_SIDE_STYLE('',(#3881));
#3881 = SURFACE_STYLE_FILL_AREA(#3882);
#3882 = FILL_AREA_STYLE('',(#3883));
#3883 = FILL_AREA_STYLE_COLOUR('',#3876);
#3884 = OVER_RIDING_STYLED_ITEM('overriding color',(#3885),#1447,#3676);
#3885 = PRESENTATION_STYLE_ASSIGNMENT((#3886));
#3886 = SURFACE_STYLE_USAGE(.BOTH.,#3887);
#3887 = SURFACE_SIDE_STYLE('',(#3888));
#3888 = SURFACE_STYLE_FILL_AREA(#3889);
#3889 = FILL_AREA_STYLE('',(#3890));
#3890 = FILL_AREA_STYLE_COLOUR('',#3876);
#3891 = OVER_RIDING_STYLED_ITEM('overriding color',(#3892),#1469,#3676);
#3892 = PRESENTATION_STYLE_ASSIGNMENT((#3893));
#3893 = SURFACE_STYLE_USAGE(.BOTH.,#3894);
#3894 = SURFACE_SIDE_STYLE('',(#3895));
#3895 = SURFACE_STYLE_FILL_AREA(#3896);
#3896 = FILL_AREA_STYLE('',(#3897));
#3897 = FILL_AREA_STYLE_COLOUR('',#3876);
#3898 = OVER_RIDING_STYLED_ITEM('overriding color',(#3899),#1489,#3676);
#3899 = PRESENTATION_STYLE_ASSIGNMENT((#3900));
#3900 = SURFACE_STYLE_USAGE(.BOTH.,#3901);
#3901 = SURFACE_SIDE_STYLE('',(#3902));
#3902 = SURFACE_STYLE_FILL_AREA(#3903);
#3903 = FILL_AREA_STYLE('',(#3904));
#3904 = FILL_AREA_STYLE_COLOUR('',#3876);
#3905 = OVER_RIDING_STYLED_ITEM('overriding color',(#3906),#1507,#3676);
#3906 = PRESENTATION_STYLE_ASSIGNMENT((#3907));
#3907 = SURFACE_STYLE_USAGE(.BOTH.,#3908);
#3908 = SURFACE_SIDE_STYLE('',(#3909));
#3909 = SURFACE_STYLE_FILL_AREA(#3910);
#3910 = FILL_AREA_STYLE('',(#3911));
#3911 = FILL_AREA_STYLE_COLOUR('',#3876);
#3912 = OVER_RIDING_STYLED_ITEM('overriding color',(#3913),#1523,#3676);
#3913 = PRESENTATION_STYLE_ASSIGNMENT((#3914));
#3914 = SURFACE_STYLE_USAGE(.BOTH.,#3915);
#3915 = SURFACE_SIDE_STYLE('',(#3916));
#3916 = SURFACE_STYLE_FILL_AREA(#3917);
#3917 = FILL_AREA_STYLE('',(#3918));
#3918 = FILL_AREA_STYLE_COLOUR('',#3876);
#3919 = OVER_RIDING_STYLED_ITEM('overriding color',(#3920),#1539,#3676);
#3920 = PRESENTATION_STYLE_ASSIGNMENT((#3921));
#3921 = SURFACE_STYLE_USAGE(.BOTH.,#3922);
#3922 = SURFACE_SIDE_STYLE('',(#3923));
#3923 = SURFACE_STYLE_FILL_AREA(#3924);
#3924 = FILL_AREA_STYLE('',(#3925));
#3925 = FILL_AREA_STYLE_COLOUR('',#3876);
#3926 = OVER_RIDING_STYLED_ITEM('overriding color',(#3927),#1551,#3676);
#3927 = PRESENTATION_STYLE_ASSIGNMENT((#3928));
#3928 = SURFACE_STYLE_USAGE(.BOTH.,#3929);
#3929 = SURFACE_SIDE_STYLE('',(#3930));
#3930 = SURFACE_STYLE_FILL_AREA(#3931);
#3931 = FILL_AREA_STYLE('',(#3932));
#3932 = FILL_AREA_STYLE_COLOUR('',#3876);
#3933 = OVER_RIDING_STYLED_ITEM('overriding color',(#3934),#1567,#3676);
#3934 = PRESENTATION_STYLE_ASSIGNMENT((#3935));
#3935 = SURFACE_STYLE_USAGE(.BOTH.,#3936);
#3936 = SURFACE_SIDE_STYLE('',(#3937));
#3937 = SURFACE_STYLE_FILL_AREA(#3938);
#3938 = FILL_AREA_STYLE('',(#3939));
#3939 = FILL_AREA_STYLE_COLOUR('',#3876);
#3940 = OVER_RIDING_STYLED_ITEM('overriding color',(#3941),#1626,#3676);
#3941 = PRESENTATION_STYLE_ASSIGNMENT((#3942));
#3942 = SURFACE_STYLE_USAGE(.BOTH.,#3943);
#3943 = SURFACE_SIDE_STYLE('',(#3944));
#3944 = SURFACE_STYLE_FILL_AREA(#3945);
#3945 = FILL_AREA_STYLE('',(#3946));
#3946 = FILL_AREA_STYLE_COLOUR('',#3876);
#3947 = OVER_RIDING_STYLED_ITEM('overriding color',(#3948),#1648,#3676);
#3948 = PRESENTATION_STYLE_ASSIGNMENT((#3949));
#3949 = SURFACE_STYLE_USAGE(.BOTH.,#3950);
#3950 = SURFACE_SIDE_STYLE('',(#3951));
#3951 = SURFACE_STYLE_FILL_AREA(#3952);
#3952 = FILL_AREA_STYLE('',(#3953));
#3953 = FILL_AREA_STYLE_COLOUR('',#3876);
#3954 = OVER_RIDING_STYLED_ITEM('overriding color',(#3955),#1664,#3676);
#3955 = PRESENTATION_STYLE_ASSIGNMENT((#3956));
#3956 = SURFACE_STYLE_USAGE(.BOTH.,#3957);
#3957 = SURFACE_SIDE_STYLE('',(#3958));
#3958 = SURFACE_STYLE_FILL_AREA(#3959);
#3959 = FILL_AREA_STYLE('',(#3960));
#3960 = FILL_AREA_STYLE_COLOUR('',#3876);
#3961 = OVER_RIDING_STYLED_ITEM('overriding color',(#3962),#1680,#3676);
#3962 = PRESENTATION_STYLE_ASSIGNMENT((#3963));
#3963 = SURFACE_STYLE_USAGE(.BOTH.,#3964);
#3964 = SURFACE_SIDE_STYLE('',(#3965));
#3965 = SURFACE_STYLE_FILL_AREA(#3966);
#3966 = FILL_AREA_STYLE('',(#3967));
#3967 = FILL_AREA_STYLE_COLOUR('',#3876);
#3968 = OVER_RIDING_STYLED_ITEM('overriding color',(#3969),#1700,#3676);
#3969 = PRESENTATION_STYLE_ASSIGNMENT((#3970));
#3970 = SURFACE_STYLE_USAGE(.BOTH.,#3971);
#3971 = SURFACE_SIDE_STYLE('',(#3972));
#3972 = SURFACE_STYLE_FILL_AREA(#3973);
#3973 = FILL_AREA_STYLE('',(#3974));
#3974 = FILL_AREA_STYLE_COLOUR('',#3876);
#3975 = OVER_RIDING_STYLED_ITEM('overriding color',(#3976),#1718,#3676);
#3976 = PRESENTATION_STYLE_ASSIGNMENT((#3977));
#3977 = SURFACE_STYLE_USAGE(.BOTH.,#3978);
#3978 = SURFACE_SIDE_STYLE('',(#3979));
#3979 = SURFACE_STYLE_FILL_AREA(#3980);
#3980 = FILL_AREA_STYLE('',(#3981));
#3981 = FILL_AREA_STYLE_COLOUR('',#3876);
#3982 = OVER_RIDING_STYLED_ITEM('overriding color',(#3983),#1734,#3676);
#3983 = PRESENTATION_STYLE_ASSIGNMENT((#3984));
#3984 = SURFACE_STYLE_USAGE(.BOTH.,#3985);
#3985 = SURFACE_SIDE_STYLE('',(#3986));
#3986 = SURFACE_STYLE_FILL_AREA(#3987);
#3987 = FILL_AREA_STYLE('',(#3988));
#3988 = FILL_AREA_STYLE_COLOUR('',#3876);
#3989 = OVER_RIDING_STYLED_ITEM('overriding color',(#3990),#3642,#3676);
#3990 = PRESENTATION_STYLE_ASSIGNMENT((#3991));
#3991 = SURFACE_STYLE_USAGE(.BOTH.,#3992);
#3992 = SURFACE_SIDE_STYLE('',(#3993));
#3993 = SURFACE_STYLE_FILL_AREA(#3994);
#3994 = FILL_AREA_STYLE('',(#3995));
#3995 = FILL_AREA_STYLE_COLOUR('',#3693);
#3996 = OVER_RIDING_STYLED_ITEM('overriding color',(#3997),#3656,#3676);
#3997 = PRESENTATION_STYLE_ASSIGNMENT((#3998));
#3998 = SURFACE_STYLE_USAGE(.BOTH.,#3999);
#3999 = SURFACE_SIDE_STYLE('',(#4000));
#4000 = SURFACE_STYLE_FILL_AREA(#4001);
#4001 = FILL_AREA_STYLE('',(#4002));
#4002 = FILL_AREA_STYLE_COLOUR('',#3693);
ENDSEC;
END-ISO-10303-21;
