ISO-10303-21;
HEADER;
FILE_DESCRIPTION(('Open CASCADE Model'),'2;1');
FILE_NAME('Open CASCADE Shape Model','2026-06-08T09:50:38',('Author'),(
    'Open CASCADE'),'Open CASCADE STEP processor 7.9','Open CASCADE 7.9'
  ,'Unknown');
FILE_SCHEMA(('AUTOMOTIVE_DESIGN { 1 0 10303 214 1 1 1 1 }'));
ENDSEC;
DATA;
#1 = APPLICATION_PROTOCOL_DEFINITION('international standard',
  'automotive_design',2000,#2);
#2 = APPLICATION_CONTEXT(
  'core data for automotive mechanical design processes');
#3 = SHAPE_DEFINITION_REPRESENTATION(#4,#10);
#4 = PRODUCT_DEFINITION_SHAPE('','',#5);
#5 = PRODUCT_DEFINITION('design','',#6,#9);
#6 = PRODUCT_DEFINITION_FORMATION('','',#7);
#7 = PRODUCT('SOLID','SOLID','',(#8));
#8 = PRODUCT_CONTEXT('',#2,'mechanical');
#9 = PRODUCT_DEFINITION_CONTEXT('part definition',#2,'design');
#10 = ADVANCED_BREP_SHAPE_REPRESENTATION('',(#11,#15),#8853);
#11 = AXIS2_PLACEMENT_3D('',#12,#13,#14);
#12 = CARTESIAN_POINT('',(0.,0.,0.));
#13 = DIRECTION('',(0.,0.,1.));
#14 = DIRECTION('',(1.,0.,-0.));
#15 = MANIFOLD_SOLID_BREP('',#16);
#16 = CLOSED_SHELL('',(#17,#1422,#1486,#1550,#1582,#1614,#1646,#1678,
    #1718,#1758,#1836,#1930,#1966,#2002,#2078,#2092,#2106,#2120,#2134,
    #2162,#2178,#2194,#2206,#2234,#2250,#2266,#2278,#2318,#2352,#2384,
    #2412,#2440,#2468,#2500,#2534,#2566,#2594,#2622,#2654,#2686,#2748,
    #2810,#2832,#2850,#2866,#2882,#2898,#2916,#2934,#2954,#2972,#2990,
    #3002,#3022,#3042,#3056,#3070,#3098,#3120,#3142,#3164,#3186,#3202,
    #3216,#3250,#3272,#3300,#3328,#3356,#3384,#3412,#3440,#3462,#3490,
    #3518,#3546,#3574,#3596,#3618,#3646,#3668,#3690,#3712,#3734,#3756,
    #3778,#3800,#3822,#3844,#3866,#3882,#3902,#4026,#4046,#4066,#4086,
    #4106,#4126,#4142,#4154,#4182,#4204,#4226,#4254,#4282,#4310,#4332,
    #4347,#4459,#4479,#4495,#4511,#4527,#4543,#4559,#4575,#4587,#4615,
    #4637,#4665,#4687,#4715,#4731,#4745,#4773,#4795,#4817,#4839,#4861,
    #4883,#4905,#4927,#4949,#4971,#4993,#5009,#5029,#5221,#5245,#5261,
    #5281,#5301,#5317,#5337,#5357,#5377,#5397,#5413,#5429,#5445,#5461,
    #5477,#5511,#5539,#5567,#5595,#5623,#5651,#5673,#5689,#5705,#5739,
    #5761,#5789,#5817,#5845,#5873,#5901,#5929,#5957,#5985,#6013,#6041,
    #6063,#6091,#6119,#6147,#6175,#6203,#6231,#6259,#6281,#6310,#6338,
    #6360,#6388,#6410,#6432,#6454,#6476,#6498,#6520,#6548,#6576,#6598,
    #6626,#6654,#6670,#6693,#6721,#6743,#6765,#6787,#6809,#6831,#6853,
    #6875,#6897,#6919,#6941,#6957,#6977,#7101,#7121,#7141,#7161,#7181,
    #7201,#7217,#7229,#7257,#7279,#7301,#7329,#7357,#7385,#7407,#7422,
    #7534,#7554,#7570,#7586,#7602,#7618,#7634,#7650,#7662,#7690,#7712,
    #7740,#7762,#7790,#7806,#7820,#8140,#8164,#8184,#8204,#8224,#8244,
    #8264,#8284,#8304,#8324,#8344,#8364,#8384,#8400,#8416,#8432,#8448,
    #8468,#8488,#8508,#8528,#8548,#8568,#8588,#8604,#8624,#8644,#8660,
    #8680,#8700,#8720,#8736,#8756,#8772,#8815,#8843));
#17 = ADVANCED_FACE('',(#18,#135,#251,#337,#461,#491,#535,#621,#680,#738
    ,#925,#1011,#1070,#1128),#1417,.F.);
#18 = FACE_BOUND('',#19,.T.);
#19 = EDGE_LOOP('',(#20,#29,#36,#45,#54,#61,#70,#79,#86,#93,#100,#107,
    #114,#121,#130));
#20 = ORIENTED_EDGE('',*,*,#21,.F.);
#21 = EDGE_CURVE('',#22,#24,#26,.T.);
#22 = VERTEX_POINT('',#23);
#23 = CARTESIAN_POINT('',(-0.748686567864,5.0495,1.927015448804));
#24 = VERTEX_POINT('',#25);
#25 = CARTESIAN_POINT('',(-0.709072787558,5.0495,1.927296403871));
#26 = B_SPLINE_CURVE_WITH_KNOTS('',1,(#27,#28),.UNSPECIFIED.,.F.,.F.,(2,
    2),(-3.961477661021E-02,-4.425032611136E-16),
  .PIECEWISE_BEZIER_KNOTS.);
#27 = CARTESIAN_POINT('',(-0.748686567864,5.0495,1.927015448804));
#28 = CARTESIAN_POINT('',(-0.709072787558,5.0495,1.927296403871));
#29 = ORIENTED_EDGE('',*,*,#30,.F.);
#30 = EDGE_CURVE('',#31,#22,#33,.T.);
#31 = VERTEX_POINT('',#32);
#32 = CARTESIAN_POINT('',(-0.648029432182,5.0495,1.676933428247));
#33 = B_SPLINE_CURVE_WITH_KNOTS('',1,(#34,#35),.UNSPECIFIED.,.F.,.F.,(2,
    2),(-0.269579071831,0.),.PIECEWISE_BEZIER_KNOTS.);
#34 = CARTESIAN_POINT('',(-0.648029432182,5.0495,1.676933428247));
#35 = CARTESIAN_POINT('',(-0.748686567864,5.0495,1.927015448804));
#36 = ORIENTED_EDGE('',*,*,#37,.F.);
#37 = EDGE_CURVE('',#38,#31,#40,.T.);
#38 = VERTEX_POINT('',#39);
#39 = CARTESIAN_POINT('',(-0.569789052661,5.0495,1.607770815268));
#40 = B_SPLINE_CURVE_WITH_KNOTS('',3,(#41,#42,#43,#44),.UNSPECIFIED.,.F.
  ,.F.,(4,4),(1.,2.),.PIECEWISE_BEZIER_KNOTS.);
#41 = CARTESIAN_POINT('',(-0.569789052661,5.0495,1.607770815268));
#42 = CARTESIAN_POINT('',(-0.603242422251,5.0495,1.607533552032));
#43 = CARTESIAN_POINT('',(-0.629296555465,5.0495,1.630587940712));
#44 = CARTESIAN_POINT('',(-0.648029432182,5.0495,1.676933428247));
#45 = ORIENTED_EDGE('',*,*,#46,.F.);
#46 = EDGE_CURVE('',#47,#38,#49,.T.);
#47 = VERTEX_POINT('',#48);
#48 = CARTESIAN_POINT('',(-0.545169532239,5.0495,1.611064777894));
#49 = B_SPLINE_CURVE_WITH_KNOTS('',3,(#50,#51,#52,#53),.UNSPECIFIED.,.F.
  ,.F.,(4,4),(2.,3.),.PIECEWISE_BEZIER_KNOTS.);
#50 = CARTESIAN_POINT('',(-0.545169532239,5.0495,1.611064777894));
#51 = CARTESIAN_POINT('',(-0.551939402426,5.0495,1.608989184628));
#52 = CARTESIAN_POINT('',(-0.560197527114,5.0495,1.60783884179));
#53 = CARTESIAN_POINT('',(-0.569789052661,5.0495,1.607770815268));
#54 = ORIENTED_EDGE('',*,*,#55,.F.);
#55 = EDGE_CURVE('',#56,#47,#58,.T.);
#56 = VERTEX_POINT('',#57);
#57 = CARTESIAN_POINT('',(-0.545410666903,5.0495,1.645064006662));
#58 = B_SPLINE_CURVE_WITH_KNOTS('',1,(#59,#60),.UNSPECIFIED.,.F.,.F.,(2,
    2),(-3.400008386433E-02,2.212516305568E-16),
  .PIECEWISE_BEZIER_KNOTS.);
#59 = CARTESIAN_POINT('',(-0.545410666903,5.0495,1.645064006662));
#60 = CARTESIAN_POINT('',(-0.545169532239,5.0495,1.611064777894));
#61 = ORIENTED_EDGE('',*,*,#62,.F.);
#62 = EDGE_CURVE('',#63,#56,#65,.T.);
#63 = VERTEX_POINT('',#64);
#64 = CARTESIAN_POINT('',(-0.567058102811,5.0495,1.64054338224));
#65 = B_SPLINE_CURVE_WITH_KNOTS('',3,(#66,#67,#68,#69),.UNSPECIFIED.,.F.
  ,.F.,(4,4),(4.,5.),.PIECEWISE_BEZIER_KNOTS.);
#66 = CARTESIAN_POINT('',(-0.567058102811,5.0495,1.64054338224));
#67 = CARTESIAN_POINT('',(-0.560039913388,5.0495,1.640593157744));
#68 = CARTESIAN_POINT('',(-0.552875719299,5.0495,1.642047677256));
#69 = CARTESIAN_POINT('',(-0.545410666903,5.0495,1.645064006662));
#70 = ORIENTED_EDGE('',*,*,#71,.F.);
#71 = EDGE_CURVE('',#72,#63,#74,.T.);
#72 = VERTEX_POINT('',#73);
#73 = CARTESIAN_POINT('',(-0.606421909919,5.0495,1.670989819243));
#74 = B_SPLINE_CURVE_WITH_KNOTS('',3,(#75,#76,#77,#78),.UNSPECIFIED.,.F.
  ,.F.,(4,4),(5.,6.),.PIECEWISE_BEZIER_KNOTS.);
#75 = CARTESIAN_POINT('',(-0.606421909919,5.0495,1.670989819243));
#76 = CARTESIAN_POINT('',(-0.597620134818,5.0495,1.650464520053));
#77 = CARTESIAN_POINT('',(-0.584525596491,5.0495,1.640419496541));
#78 = CARTESIAN_POINT('',(-0.567058102811,5.0495,1.64054338224));
#79 = ORIENTED_EDGE('',*,*,#80,.F.);
#80 = EDGE_CURVE('',#81,#72,#83,.T.);
#81 = VERTEX_POINT('',#82);
#82 = CARTESIAN_POINT('',(-0.623468539724,5.0495,1.710484691402));
#83 = B_SPLINE_CURVE_WITH_KNOTS('',1,(#84,#85),.UNSPECIFIED.,.F.,.F.,(2,
    2),(-4.301665392122E-02,-4.399589269723E-17),
  .PIECEWISE_BEZIER_KNOTS.);
#84 = CARTESIAN_POINT('',(-0.623468539724,5.0495,1.710484691402));
#85 = CARTESIAN_POINT('',(-0.606421909919,5.0495,1.670989819243));
#86 = ORIENTED_EDGE('',*,*,#87,.F.);
#87 = EDGE_CURVE('',#88,#81,#90,.T.);
#88 = VERTEX_POINT('',#89);
#89 = CARTESIAN_POINT('',(-0.539544523013,5.0495,1.928498758825));
#90 = B_SPLINE_CURVE_WITH_KNOTS('',1,(#91,#92),.UNSPECIFIED.,.F.,.F.,(2,
    2),(-0.233609447958,-2.869906298287E-16),.PIECEWISE_BEZIER_KNOTS.);
#91 = CARTESIAN_POINT('',(-0.539544523013,5.0495,1.928498758825));
#92 = CARTESIAN_POINT('',(-0.623468539724,5.0495,1.710484691402));
#93 = ORIENTED_EDGE('',*,*,#94,.F.);
#94 = EDGE_CURVE('',#95,#88,#97,.T.);
#95 = VERTEX_POINT('',#96);
#96 = CARTESIAN_POINT('',(-0.58227749862,5.0495,1.928195681311));
#97 = B_SPLINE_CURVE_WITH_KNOTS('',1,(#98,#99),.UNSPECIFIED.,.F.,.F.,(2,
    2),(-4.27340503608E-02,0.),.PIECEWISE_BEZIER_KNOTS.);
#98 = CARTESIAN_POINT('',(-0.58227749862,5.0495,1.928195681311));
#99 = CARTESIAN_POINT('',(-0.539544523013,5.0495,1.928498758825));
#100 = ORIENTED_EDGE('',*,*,#101,.F.);
#101 = EDGE_CURVE('',#102,#95,#104,.T.);
#102 = VERTEX_POINT('',#103);
#103 = CARTESIAN_POINT('',(-0.638041384413,5.0495,1.764034193427));
#104 = B_SPLINE_CURVE_WITH_KNOTS('',1,(#105,#106),.UNSPECIFIED.,.F.,.F.,
  (2,2),(-0.173374176459,1.388274956667E-16),.PIECEWISE_BEZIER_KNOTS.);
#105 = CARTESIAN_POINT('',(-0.638041384413,5.0495,1.764034193427));
#106 = CARTESIAN_POINT('',(-0.58227749862,5.0495,1.928195681311));
#107 = ORIENTED_EDGE('',*,*,#108,.F.);
#108 = EDGE_CURVE('',#109,#102,#111,.T.);
#109 = VERTEX_POINT('',#110);
#110 = CARTESIAN_POINT('',(-0.642592973298,5.0495,1.746065636784));
#111 = B_SPLINE_CURVE_WITH_KNOTS('',1,(#112,#113),.UNSPECIFIED.,.F.,.F.,
  (2,2),(-1.853607264843E-02,0.),.PIECEWISE_BEZIER_KNOTS.);
#112 = CARTESIAN_POINT('',(-0.642592973298,5.0495,1.746065636784));
#113 = CARTESIAN_POINT('',(-0.638041384413,5.0495,1.764034193427));
#114 = ORIENTED_EDGE('',*,*,#115,.F.);
#115 = EDGE_CURVE('',#116,#109,#118,.T.);
#116 = VERTEX_POINT('',#117);
#117 = CARTESIAN_POINT('',(-0.643606711769,5.0495,1.746058446989));
#118 = B_SPLINE_CURVE_WITH_KNOTS('',1,(#119,#120),.UNSPECIFIED.,.F.,.F.,
  (2,2),(-1.013763967253E-03,6.661170616334E-16),
  .PIECEWISE_BEZIER_KNOTS.);
#119 = CARTESIAN_POINT('',(-0.643606711769,5.0495,1.746058446989));
#120 = CARTESIAN_POINT('',(-0.642592973298,5.0495,1.746065636784));
#121 = ORIENTED_EDGE('',*,*,#122,.F.);
#122 = EDGE_CURVE('',#123,#116,#125,.T.);
#123 = VERTEX_POINT('',#124);
#124 = CARTESIAN_POINT('',(-0.648410496541,5.0495,1.763648716764));
#125 = B_SPLINE_CURVE_WITH_KNOTS('',3,(#126,#127,#128,#129),
  .UNSPECIFIED.,.F.,.F.,(4,4),(12.,13.),.PIECEWISE_BEZIER_KNOTS.);
#126 = CARTESIAN_POINT('',(-0.648410496541,5.0495,1.763648716764));
#127 = CARTESIAN_POINT('',(-0.646016900073,5.0495,1.756023280115));
#128 = CARTESIAN_POINT('',(-0.644415269773,5.0495,1.750107870269));
#129 = CARTESIAN_POINT('',(-0.643606711769,5.0495,1.746058446989));
#130 = ORIENTED_EDGE('',*,*,#131,.F.);
#131 = EDGE_CURVE('',#24,#123,#132,.T.);
#132 = B_SPLINE_CURVE_WITH_KNOTS('',1,(#133,#134),.UNSPECIFIED.,.F.,.F.,
  (2,2),(-0.174529307129,4.164009658702E-16),.PIECEWISE_BEZIER_KNOTS.);
#133 = CARTESIAN_POINT('',(-0.709072787558,5.0495,1.927296403871));
#134 = CARTESIAN_POINT('',(-0.648410496541,5.0495,1.763648716764));
#135 = FACE_BOUND('',#136,.T.);
#136 = EDGE_LOOP('',(#137,#148,#157,#164,#171,#178,#185,#194,#203,#212,
    #221,#228,#237,#246));
#137 = ORIENTED_EDGE('',*,*,#138,.F.);
#138 = EDGE_CURVE('',#139,#141,#143,.T.);
#139 = VERTEX_POINT('',#140);
#140 = CARTESIAN_POINT('',(-0.242008687326,5.0495,1.935599952677));
#141 = VERTEX_POINT('',#142);
#142 = CARTESIAN_POINT('',(-0.166848244465,5.0495,1.915857228061));
#143 = B_SPLINE_CURVE_WITH_KNOTS('',3,(#144,#145,#146,#147),
  .UNSPECIFIED.,.F.,.F.,(4,4),(0.,1.),.PIECEWISE_BEZIER_KNOTS.);
#144 = CARTESIAN_POINT('',(-0.242008687326,5.0495,1.935599952677));
#145 = CARTESIAN_POINT('',(-0.213624010098,5.0495,1.935801266938));
#146 = CARTESIAN_POINT('',(-0.188544904558,5.0495,1.929272529674));
#147 = CARTESIAN_POINT('',(-0.166848244465,5.0495,1.915857228061));
#148 = ORIENTED_EDGE('',*,*,#149,.F.);
#149 = EDGE_CURVE('',#150,#139,#152,.T.);
#150 = VERTEX_POINT('',#151);
#151 = CARTESIAN_POINT('',(-0.32018212382,5.0495,1.852382685463));
#152 = B_SPLINE_CURVE_WITH_KNOTS('',3,(#153,#154,#155,#156),
  .UNSPECIFIED.,.F.,.F.,(4,4),(1.,2.),.PIECEWISE_BEZIER_KNOTS.);
#153 = CARTESIAN_POINT('',(-0.32018212382,5.0495,1.852382685463));
#154 = CARTESIAN_POINT('',(-0.320573691119,5.0495,1.907592442271));
#155 = CARTESIAN_POINT('',(-0.294489148245,5.0495,1.935227742519));
#156 = CARTESIAN_POINT('',(-0.242008687326,5.0495,1.935599952677));
#157 = ORIENTED_EDGE('',*,*,#158,.F.);
#158 = EDGE_CURVE('',#159,#150,#161,.T.);
#159 = VERTEX_POINT('',#160);
#160 = CARTESIAN_POINT('',(-0.319187719861,5.0495,1.712174856739));
#161 = B_SPLINE_CURVE_WITH_KNOTS('',1,(#162,#163),.UNSPECIFIED.,.F.,.F.,
  (2,2),(-0.140211355014,-2.228264105321E-16),.PIECEWISE_BEZIER_KNOTS.);
#162 = CARTESIAN_POINT('',(-0.319187719861,5.0495,1.712174856739));
#163 = CARTESIAN_POINT('',(-0.32018212382,5.0495,1.852382685463));
#164 = ORIENTED_EDGE('',*,*,#165,.F.);
#165 = EDGE_CURVE('',#166,#159,#168,.T.);
#166 = VERTEX_POINT('',#167);
#167 = CARTESIAN_POINT('',(-0.280977577439,5.0495,1.712445856706));
#168 = B_SPLINE_CURVE_WITH_KNOTS('',1,(#169,#170),.UNSPECIFIED.,.F.,.F.,
  (2,2),(-3.821110342477E-02,-2.791235556559E-16),
  .PIECEWISE_BEZIER_KNOTS.);
#169 = CARTESIAN_POINT('',(-0.280977577439,5.0495,1.712445856706));
#170 = CARTESIAN_POINT('',(-0.319187719861,5.0495,1.712174856739));
#171 = ORIENTED_EDGE('',*,*,#172,.F.);
#172 = EDGE_CURVE('',#173,#166,#175,.T.);
#173 = VERTEX_POINT('',#174);
#174 = CARTESIAN_POINT('',(-0.281216499858,5.0495,1.746133165943));
#175 = B_SPLINE_CURVE_WITH_KNOTS('',1,(#176,#177),.UNSPECIFIED.,.F.,.F.,
  (2,2),(-3.36881564877E-02,4.456528210642E-16),
  .PIECEWISE_BEZIER_KNOTS.);
#176 = CARTESIAN_POINT('',(-0.281216499858,5.0495,1.746133165943));
#177 = CARTESIAN_POINT('',(-0.280977577439,5.0495,1.712445856706));
#178 = ORIENTED_EDGE('',*,*,#179,.F.);
#179 = EDGE_CURVE('',#180,#173,#182,.T.);
#180 = VERTEX_POINT('',#181);
#181 = CARTESIAN_POINT('',(-0.280202761386,5.0495,1.746140355738));
#182 = B_SPLINE_CURVE_WITH_KNOTS('',1,(#183,#184),.UNSPECIFIED.,.F.,.F.,
  (2,2),(-1.013763968291E-03,-7.184772568188E-16),
  .PIECEWISE_BEZIER_KNOTS.);
#183 = CARTESIAN_POINT('',(-0.280202761386,5.0495,1.746140355738));
#184 = CARTESIAN_POINT('',(-0.281216499858,5.0495,1.746133165943));
#185 = ORIENTED_EDGE('',*,*,#186,.F.);
#186 = EDGE_CURVE('',#187,#180,#189,.T.);
#187 = VERTEX_POINT('',#188);
#188 = CARTESIAN_POINT('',(-0.213176557515,5.0495,1.707779794606));
#189 = B_SPLINE_CURVE_WITH_KNOTS('',3,(#190,#191,#192,#193),
  .UNSPECIFIED.,.F.,.F.,(4,4),(6.,7.),.PIECEWISE_BEZIER_KNOTS.);
#190 = CARTESIAN_POINT('',(-0.213176557515,5.0495,1.707779794606));
#191 = CARTESIAN_POINT('',(-0.242574973215,5.0495,1.70757129055));
#192 = CARTESIAN_POINT('',(-0.264969027761,5.0495,1.720357775553));
#193 = CARTESIAN_POINT('',(-0.280202761386,5.0495,1.746140355738));
#194 = ORIENTED_EDGE('',*,*,#195,.F.);
#195 = EDGE_CURVE('',#196,#187,#198,.T.);
#196 = VERTEX_POINT('',#197);
#197 = CARTESIAN_POINT('',(-0.162923226878,5.0495,1.725292646261));
#198 = B_SPLINE_CURVE_WITH_KNOTS('',3,(#199,#200,#201,#202),
  .UNSPECIFIED.,.F.,.F.,(4,4),(7.,8.),.PIECEWISE_BEZIER_KNOTS.);
#199 = CARTESIAN_POINT('',(-0.162923226878,5.0495,1.725292646261));
#200 = CARTESIAN_POINT('',(-0.175319261147,5.0495,1.713819093632));
#201 = CARTESIAN_POINT('',(-0.192044009359,5.0495,1.707929674179));
#202 = CARTESIAN_POINT('',(-0.213176557515,5.0495,1.707779794606));
#203 = ORIENTED_EDGE('',*,*,#204,.F.);
#204 = EDGE_CURVE('',#205,#196,#207,.T.);
#205 = VERTEX_POINT('',#206);
#206 = CARTESIAN_POINT('',(-0.144536573405,5.0495,1.771745431141));
#207 = B_SPLINE_CURVE_WITH_KNOTS('',3,(#208,#209,#210,#211),
  .UNSPECIFIED.,.F.,.F.,(4,4),(8.,9.),.PIECEWISE_BEZIER_KNOTS.);
#208 = CARTESIAN_POINT('',(-0.144536573405,5.0495,1.771745431141));
#209 = CARTESIAN_POINT('',(-0.144398308116,5.0495,1.752250460517));
#210 = CARTESIAN_POINT('',(-0.150527192607,5.0495,1.736766198889));
#211 = CARTESIAN_POINT('',(-0.162923226878,5.0495,1.725292646261));
#212 = ORIENTED_EDGE('',*,*,#213,.F.);
#213 = EDGE_CURVE('',#214,#205,#216,.T.);
#214 = VERTEX_POINT('',#215);
#215 = CARTESIAN_POINT('',(-0.217328316252,5.0495,1.842350396285));
#216 = B_SPLINE_CURVE_WITH_KNOTS('',3,(#217,#218,#219,#220),
  .UNSPECIFIED.,.F.,.F.,(4,4),(9.,10.),.PIECEWISE_BEZIER_KNOTS.);
#217 = CARTESIAN_POINT('',(-0.217328316252,5.0495,1.842350396285));
#218 = CARTESIAN_POINT('',(-0.169089185612,5.0495,1.835985918184));
#219 = CARTESIAN_POINT('',(-0.144825271329,5.0495,1.812450929803));
#220 = CARTESIAN_POINT('',(-0.144536573405,5.0495,1.771745431141));
#221 = ORIENTED_EDGE('',*,*,#222,.F.);
#222 = EDGE_CURVE('',#223,#214,#225,.T.);
#223 = VERTEX_POINT('',#224);
#224 = CARTESIAN_POINT('',(-0.281959814052,5.0495,1.850938128017));
#225 = B_SPLINE_CURVE_WITH_KNOTS('',1,(#226,#227),.UNSPECIFIED.,.F.,.F.,
  (2,2),(-6.519953714706E-02,-1.633498018047E-16),
  .PIECEWISE_BEZIER_KNOTS.);
#226 = CARTESIAN_POINT('',(-0.281959814052,5.0495,1.850938128017));
#227 = CARTESIAN_POINT('',(-0.217328316252,5.0495,1.842350396285));
#228 = ORIENTED_EDGE('',*,*,#229,.F.);
#229 = EDGE_CURVE('',#230,#223,#232,.T.);
#230 = VERTEX_POINT('',#231);
#231 = CARTESIAN_POINT('',(-0.238201494391,5.0495,1.904589400257));
#232 = B_SPLINE_CURVE_WITH_KNOTS('',3,(#233,#234,#235,#236),
  .UNSPECIFIED.,.F.,.F.,(4,4),(11.,12.),.PIECEWISE_BEZIER_KNOTS.);
#233 = CARTESIAN_POINT('',(-0.238201494391,5.0495,1.904589400257));
#234 = CARTESIAN_POINT('',(-0.267599910092,5.0495,1.904380896202));
#235 = CARTESIAN_POINT('',(-0.28221200994,5.0495,1.886496954434));
#236 = CARTESIAN_POINT('',(-0.281959814052,5.0495,1.850938128017));
#237 = ORIENTED_EDGE('',*,*,#238,.F.);
#238 = EDGE_CURVE('',#239,#230,#241,.T.);
#239 = VERTEX_POINT('',#240);
#240 = CARTESIAN_POINT('',(-0.166584987355,5.0495,1.878738803992));
#241 = B_SPLINE_CURVE_WITH_KNOTS('',3,(#242,#243,#244,#245),
  .UNSPECIFIED.,.F.,.F.,(4,4),(12.,13.),.PIECEWISE_BEZIER_KNOTS.);
#242 = CARTESIAN_POINT('',(-0.166584987355,5.0495,1.878738803992));
#243 = CARTESIAN_POINT('',(-0.188231320623,5.0495,1.896053652793));
#244 = CARTESIAN_POINT('',(-0.212078233755,5.0495,1.904774675745));
#245 = CARTESIAN_POINT('',(-0.238201494391,5.0495,1.904589400257));
#246 = ORIENTED_EDGE('',*,*,#247,.F.);
#247 = EDGE_CURVE('',#141,#239,#248,.T.);
#248 = B_SPLINE_CURVE_WITH_KNOTS('',1,(#249,#250),.UNSPECIFIED.,.F.,.F.,
  (2,2),(-3.711935761389E-02,2.212516305568E-16),
  .PIECEWISE_BEZIER_KNOTS.);
#249 = CARTESIAN_POINT('',(-0.166848244465,5.0495,1.915857228061));
#250 = CARTESIAN_POINT('',(-0.166584987355,5.0495,1.878738803992));
#251 = FACE_BOUND('',#252,.T.);
#252 = EDGE_LOOP('',(#253,#262,#269,#276,#283,#290,#297,#304,#311,#318,
    #325,#332));
#253 = ORIENTED_EDGE('',*,*,#254,.F.);
#254 = EDGE_CURVE('',#255,#257,#259,.T.);
#255 = VERTEX_POINT('',#256);
#256 = CARTESIAN_POINT('',(-0.10755031877,5.0495,1.713675864717));
#257 = VERTEX_POINT('',#258);
#258 = CARTESIAN_POINT('',(-0.107796984046,5.0495,1.74845489231));
#259 = B_SPLINE_CURVE_WITH_KNOTS('',1,(#260,#261),.UNSPECIFIED.,.F.,.F.,
  (2,2),(-3.477990230068E-02,-3.051136202148E-18),
  .PIECEWISE_BEZIER_KNOTS.);
#260 = CARTESIAN_POINT('',(-0.10755031877,5.0495,1.713675864717));
#261 = CARTESIAN_POINT('',(-0.107796984046,5.0495,1.74845489231));
#262 = ORIENTED_EDGE('',*,*,#263,.F.);
#263 = EDGE_CURVE('',#264,#255,#266,.T.);
#264 = VERTEX_POINT('',#265);
#265 = CARTESIAN_POINT('',(5.651935399912E-02,5.0495,1.71483950539));
#266 = B_SPLINE_CURVE_WITH_KNOTS('',1,(#267,#268),.UNSPECIFIED.,.F.,.F.,
  (2,2),(-0.164073799195,-0.),.PIECEWISE_BEZIER_KNOTS.);
#267 = CARTESIAN_POINT('',(5.651935399912E-02,5.0495,1.71483950539));
#268 = CARTESIAN_POINT('',(-0.10755031877,5.0495,1.713675864717));
#269 = ORIENTED_EDGE('',*,*,#270,.F.);
#270 = EDGE_CURVE('',#271,#264,#273,.T.);
#271 = VERTEX_POINT('',#272);
#272 = CARTESIAN_POINT('',(5.435577875597E-02,5.0495,2.01989680571));
#273 = B_SPLINE_CURVE_WITH_KNOTS('',1,(#274,#275),.UNSPECIFIED.,.F.,.F.,
  (2,2),(-0.305064972647,-4.625916177452E-18),.PIECEWISE_BEZIER_KNOTS.);
#274 = CARTESIAN_POINT('',(5.435577875597E-02,5.0495,2.01989680571));
#275 = CARTESIAN_POINT('',(5.651935399912E-02,5.0495,1.71483950539));
#276 = ORIENTED_EDGE('',*,*,#277,.F.);
#277 = EDGE_CURVE('',#278,#271,#280,.T.);
#278 = VERTEX_POINT('',#279);
#279 = CARTESIAN_POINT('',(-0.102773684471,5.0495,2.01878238748));
#280 = B_SPLINE_CURVE_WITH_KNOTS('',1,(#281,#282),.UNSPECIFIED.,.F.,.F.,
  (2,2),(-0.157133415103,0.),.PIECEWISE_BEZIER_KNOTS.);
#281 = CARTESIAN_POINT('',(-0.102773684471,5.0495,2.01878238748));
#282 = CARTESIAN_POINT('',(5.435577875597E-02,5.0495,2.01989680571));
#283 = ORIENTED_EDGE('',*,*,#284,.F.);
#284 = EDGE_CURVE('',#285,#278,#287,.T.);
#285 = VERTEX_POINT('',#286);
#286 = CARTESIAN_POINT('',(-0.102524806951,5.0495,1.983691440358));
#287 = B_SPLINE_CURVE_WITH_KNOTS('',1,(#288,#289),.UNSPECIFIED.,.F.,.F.,
  (2,2),(-3.509182967521E-02,-4.394521249115E-16),
  .PIECEWISE_BEZIER_KNOTS.);
#288 = CARTESIAN_POINT('',(-0.102524806951,5.0495,1.983691440358));
#289 = CARTESIAN_POINT('',(-0.102773684471,5.0495,2.01878238748));
#290 = ORIENTED_EDGE('',*,*,#291,.F.);
#291 = EDGE_CURVE('',#292,#285,#294,.T.);
#292 = VERTEX_POINT('',#293);
#293 = CARTESIAN_POINT('',(1.522481561651E-02,5.0495,1.984526562703));
#294 = B_SPLINE_CURVE_WITH_KNOTS('',1,(#295,#296),.UNSPECIFIED.,.F.,.F.,
  (2,2),(-0.117752584023,6.522396228493E-16),.PIECEWISE_BEZIER_KNOTS.);
#295 = CARTESIAN_POINT('',(1.522481561651E-02,5.0495,1.984526562703));
#296 = CARTESIAN_POINT('',(-0.102524806951,5.0495,1.983691440358));
#297 = ORIENTED_EDGE('',*,*,#298,.F.);
#298 = EDGE_CURVE('',#299,#292,#301,.T.);
#299 = VERTEX_POINT('',#300);
#300 = CARTESIAN_POINT('',(1.591724818411E-02,5.0495,1.886895749819));
#301 = B_SPLINE_CURVE_WITH_KNOTS('',1,(#302,#303),.UNSPECIFIED.,.F.,.F.,
  (2,2),(-9.763326834319E-02,4.613613208894E-18),
  .PIECEWISE_BEZIER_KNOTS.);
#302 = CARTESIAN_POINT('',(1.591724818411E-02,5.0495,1.886895749819));
#303 = CARTESIAN_POINT('',(1.522481561651E-02,5.0495,1.984526562703));
#304 = ORIENTED_EDGE('',*,*,#305,.F.);
#305 = EDGE_CURVE('',#306,#299,#308,.T.);
#306 = VERTEX_POINT('',#307);
#307 = CARTESIAN_POINT('',(-9.317660742666E-02,5.0495,1.886122017261));
#308 = B_SPLINE_CURVE_WITH_KNOTS('',1,(#309,#310),.UNSPECIFIED.,.F.,.F.,
  (2,2),(-0.10909659937,2.721848362639E-16),.PIECEWISE_BEZIER_KNOTS.);
#309 = CARTESIAN_POINT('',(-9.317660742666E-02,5.0495,1.886122017261));
#310 = CARTESIAN_POINT('',(1.591724818411E-02,5.0495,1.886895749819));
#311 = ORIENTED_EDGE('',*,*,#312,.F.);
#312 = EDGE_CURVE('',#313,#306,#315,.T.);
#313 = VERTEX_POINT('',#314);
#314 = CARTESIAN_POINT('',(-9.292883602867E-02,5.0495,1.851187029904));
#315 = B_SPLINE_CURVE_WITH_KNOTS('',1,(#316,#317),.UNSPECIFIED.,.F.,.F.,
  (2,2),(-3.493586598795E-02,-2.220390205445E-16),
  .PIECEWISE_BEZIER_KNOTS.);
#316 = CARTESIAN_POINT('',(-9.292883602867E-02,5.0495,1.851187029904));
#317 = CARTESIAN_POINT('',(-9.317660742666E-02,5.0495,1.886122017261));
#318 = ORIENTED_EDGE('',*,*,#319,.F.);
#319 = EDGE_CURVE('',#320,#313,#322,.T.);
#320 = VERTEX_POINT('',#321);
#321 = CARTESIAN_POINT('',(1.61650195821E-02,5.0495,1.851960762461));
#322 = B_SPLINE_CURVE_WITH_KNOTS('',1,(#323,#324),.UNSPECIFIED.,.F.,.F.,
  (2,2),(-0.10909659937,-5.844272089045E-16),.PIECEWISE_BEZIER_KNOTS.);
#323 = CARTESIAN_POINT('',(1.61650195821E-02,5.0495,1.851960762461));
#324 = CARTESIAN_POINT('',(-9.292883602867E-02,5.0495,1.851187029904));
#325 = ORIENTED_EDGE('',*,*,#326,.F.);
#326 = EDGE_CURVE('',#327,#320,#329,.T.);
#327 = VERTEX_POINT('',#328);
#328 = CARTESIAN_POINT('',(1.689284806369E-02,5.0495,1.749339237099));
#329 = B_SPLINE_CURVE_WITH_KNOTS('',1,(#330,#331),.UNSPECIFIED.,.F.,.F.,
  (2,2),(-0.10262410634,6.707429778108E-16),.PIECEWISE_BEZIER_KNOTS.);
#330 = CARTESIAN_POINT('',(1.689284806369E-02,5.0495,1.749339237099));
#331 = CARTESIAN_POINT('',(1.61650195821E-02,5.0495,1.851960762461));
#332 = ORIENTED_EDGE('',*,*,#333,.F.);
#333 = EDGE_CURVE('',#257,#327,#334,.T.);
#334 = B_SPLINE_CURVE_WITH_KNOTS('',1,(#335,#336),.UNSPECIFIED.,.F.,.F.,
  (2,2),(-0.124692968115,-4.440780410889E-16),.PIECEWISE_BEZIER_KNOTS.);
#335 = CARTESIAN_POINT('',(-0.107796984046,5.0495,1.74845489231));
#336 = CARTESIAN_POINT('',(1.689284806369E-02,5.0495,1.749339237099));
#337 = FACE_BOUND('',#338,.T.);
#338 = EDGE_LOOP('',(#339,#350,#359,#368,#377,#386,#395,#402,#411,#420,
    #429,#438,#447,#456));
#339 = ORIENTED_EDGE('',*,*,#340,.F.);
#340 = EDGE_CURVE('',#341,#343,#345,.T.);
#341 = VERTEX_POINT('',#342);
#342 = CARTESIAN_POINT('',(-0.264176583372,5.0495,2.191385578063));
#343 = VERTEX_POINT('',#344);
#344 = CARTESIAN_POINT('',(-0.348754894058,5.0495,2.20856602604));
#345 = B_SPLINE_CURVE_WITH_KNOTS('',3,(#346,#347,#348,#349),
  .UNSPECIFIED.,.F.,.F.,(4,4),(0.,1.),.PIECEWISE_BEZIER_KNOTS.);
#346 = CARTESIAN_POINT('',(-0.264176583372,5.0495,2.191385578063));
#347 = CARTESIAN_POINT('',(-0.298019852375,5.0495,2.191145549521));
#348 = CARTESIAN_POINT('',(-0.326212622603,5.0495,2.196872365513));
#349 = CARTESIAN_POINT('',(-0.348754894058,5.0495,2.20856602604));
#350 = ORIENTED_EDGE('',*,*,#351,.F.);
#351 = EDGE_CURVE('',#352,#341,#354,.T.);
#352 = VERTEX_POINT('',#353);
#353 = CARTESIAN_POINT('',(-0.159666955956,5.0495,2.23377014951));
#354 = B_SPLINE_CURVE_WITH_KNOTS('',3,(#355,#356,#357,#358),
  .UNSPECIFIED.,.F.,.F.,(4,4),(1.,2.),.PIECEWISE_BEZIER_KNOTS.);
#355 = CARTESIAN_POINT('',(-0.159666955956,5.0495,2.23377014951));
#356 = CARTESIAN_POINT('',(-0.185593326821,5.0495,2.205824035855));
#357 = CARTESIAN_POINT('',(-0.220429869292,5.0495,2.191695845372));
#358 = CARTESIAN_POINT('',(-0.264176583372,5.0495,2.191385578063));
#359 = ORIENTED_EDGE('',*,*,#360,.F.);
#360 = EDGE_CURVE('',#361,#352,#363,.T.);
#361 = VERTEX_POINT('',#362);
#362 = CARTESIAN_POINT('',(-0.121303083419,5.0495,2.344311340057));
#363 = B_SPLINE_CURVE_WITH_KNOTS('',3,(#364,#365,#366,#367),
  .UNSPECIFIED.,.F.,.F.,(4,4),(2.,3.),.PIECEWISE_BEZIER_KNOTS.);
#364 = CARTESIAN_POINT('',(-0.121303083419,5.0495,2.344311340057));
#365 = CARTESIAN_POINT('',(-0.120978989581,5.0495,2.298615128915));
#366 = CARTESIAN_POINT('',(-0.133740585092,5.0495,2.261716263165));
#367 = CARTESIAN_POINT('',(-0.159666955956,5.0495,2.23377014951));
#368 = ORIENTED_EDGE('',*,*,#369,.F.);
#369 = EDGE_CURVE('',#370,#361,#372,.T.);
#370 = VERTEX_POINT('',#371);
#371 = CARTESIAN_POINT('',(-0.166202369985,5.0495,2.462528281896));
#372 = B_SPLINE_CURVE_WITH_KNOTS('',3,(#373,#374,#375,#376),
  .UNSPECIFIED.,.F.,.F.,(4,4),(3.,4.),.PIECEWISE_BEZIER_KNOTS.);
#373 = CARTESIAN_POINT('',(-0.166202369985,5.0495,2.462528281896));
#374 = CARTESIAN_POINT('',(-0.136591578801,5.0495,2.432792511075));
#375 = CARTESIAN_POINT('',(-0.121651511947,5.0495,2.393438666029));
#376 = CARTESIAN_POINT('',(-0.121303083419,5.0495,2.344311340057));
#377 = ORIENTED_EDGE('',*,*,#378,.F.);
#378 = EDGE_CURVE('',#379,#370,#381,.T.);
#379 = VERTEX_POINT('',#380);
#380 = CARTESIAN_POINT('',(-0.278578024357,5.0495,2.506649945332));
#381 = B_SPLINE_CURVE_WITH_KNOTS('',3,(#382,#383,#384,#385),
  .UNSPECIFIED.,.F.,.F.,(4,4),(4.,5.),.PIECEWISE_BEZIER_KNOTS.);
#382 = CARTESIAN_POINT('',(-0.278578024357,5.0495,2.506649945332));
#383 = CARTESIAN_POINT('',(-0.233271712628,5.0495,2.506971273864));
#384 = CARTESIAN_POINT('',(-0.195813161171,5.0495,2.492264052719));
#385 = CARTESIAN_POINT('',(-0.166202369985,5.0495,2.462528281896));
#386 = ORIENTED_EDGE('',*,*,#387,.F.);
#387 = EDGE_CURVE('',#388,#379,#390,.T.);
#388 = VERTEX_POINT('',#389);
#389 = CARTESIAN_POINT('',(-0.350776885645,5.0495,2.493660476441));
#390 = B_SPLINE_CURVE_WITH_KNOTS('',3,(#391,#392,#393,#394),
  .UNSPECIFIED.,.F.,.F.,(4,4),(5.,6.),.PIECEWISE_BEZIER_KNOTS.);
#391 = CARTESIAN_POINT('',(-0.350776885645,5.0495,2.493660476441));
#392 = CARTESIAN_POINT('',(-0.331808418799,5.0495,2.502061290909));
#393 = CARTESIAN_POINT('',(-0.30774250041,5.0495,2.50644310046));
#394 = CARTESIAN_POINT('',(-0.278578024357,5.0495,2.506649945332));
#395 = ORIENTED_EDGE('',*,*,#396,.F.);
#396 = EDGE_CURVE('',#397,#388,#399,.T.);
#397 = VERTEX_POINT('',#398);
#398 = CARTESIAN_POINT('',(-0.350484869355,5.0495,2.452487098485));
#399 = B_SPLINE_CURVE_WITH_KNOTS('',1,(#400,#401),.UNSPECIFIED.,.F.,.F.,
  (2,2),(-4.117441348498E-02,-4.440780410889E-16),
  .PIECEWISE_BEZIER_KNOTS.);
#400 = CARTESIAN_POINT('',(-0.350484869355,5.0495,2.452487098485));
#401 = CARTESIAN_POINT('',(-0.350776885645,5.0495,2.493660476441));
#402 = ORIENTED_EDGE('',*,*,#403,.F.);
#403 = EDGE_CURVE('',#404,#397,#406,.T.);
#404 = VERTEX_POINT('',#405);
#405 = CARTESIAN_POINT('',(-0.278715727882,5.0495,2.471088353608));
#406 = B_SPLINE_CURVE_WITH_KNOTS('',3,(#407,#408,#409,#410),
  .UNSPECIFIED.,.F.,.F.,(4,4),(7.,8.),.PIECEWISE_BEZIER_KNOTS.);
#407 = CARTESIAN_POINT('',(-0.278715727882,5.0495,2.471088353608));
#408 = CARTESIAN_POINT('',(-0.304838988518,5.0495,2.470903078121));
#409 = CARTESIAN_POINT('',(-0.328736779796,5.0495,2.464806817276));
#410 = CARTESIAN_POINT('',(-0.350484869355,5.0495,2.452487098485));
#411 = ORIENTED_EDGE('',*,*,#412,.F.);
#412 = EDGE_CURVE('',#413,#404,#415,.T.);
#413 = VERTEX_POINT('',#414);
#414 = CARTESIAN_POINT('',(-0.195349144601,5.0495,2.437834647799));
#415 = B_SPLINE_CURVE_WITH_KNOTS('',3,(#416,#417,#418,#419),
  .UNSPECIFIED.,.F.,.F.,(4,4),(8.,9.),.PIECEWISE_BEZIER_KNOTS.);
#416 = CARTESIAN_POINT('',(-0.195349144601,5.0495,2.437834647799));
#417 = CARTESIAN_POINT('',(-0.216954000022,5.0495,2.460296721903));
#418 = CARTESIAN_POINT('',(-0.244716499115,5.0495,2.471329488272));
#419 = CARTESIAN_POINT('',(-0.278715727882,5.0495,2.471088353608));
#420 = ORIENTED_EDGE('',*,*,#421,.F.);
#421 = EDGE_CURVE('',#422,#413,#424,.T.);
#422 = VERTEX_POINT('',#423);
#423 = CARTESIAN_POINT('',(-0.162649012976,5.0495,2.34635761412));
#424 = B_SPLINE_CURVE_WITH_KNOTS('',3,(#425,#426,#427,#428),
  .UNSPECIFIED.,.F.,.F.,(4,4),(9.,10.),.PIECEWISE_BEZIER_KNOTS.);
#425 = CARTESIAN_POINT('',(-0.162649012976,5.0495,2.34635761412));
#426 = CARTESIAN_POINT('',(-0.162921119065,5.0495,2.384723716308));
#427 = CARTESIAN_POINT('',(-0.173821162939,5.0495,2.415216060866));
#428 = CARTESIAN_POINT('',(-0.195349144601,5.0495,2.437834647799));
#429 = ORIENTED_EDGE('',*,*,#430,.F.);
#430 = EDGE_CURVE('',#431,#422,#433,.T.);
#431 = VERTEX_POINT('',#432);
#432 = CARTESIAN_POINT('',(-0.191976071603,5.0495,2.259119689772));
#433 = B_SPLINE_CURVE_WITH_KNOTS('',3,(#434,#435,#436,#437),
  .UNSPECIFIED.,.F.,.F.,(4,4),(10.,11.),.PIECEWISE_BEZIER_KNOTS.);
#434 = CARTESIAN_POINT('',(-0.191976071603,5.0495,2.259119689772));
#435 = CARTESIAN_POINT('',(-0.172165866563,5.0495,2.280783720997));
#436 = CARTESIAN_POINT('',(-0.162390180355,5.0495,2.309863029113));
#437 = CARTESIAN_POINT('',(-0.162649012976,5.0495,2.34635761412));
#438 = ORIENTED_EDGE('',*,*,#439,.F.);
#439 = EDGE_CURVE('',#440,#431,#442,.T.);
#440 = VERTEX_POINT('',#441);
#441 = CARTESIAN_POINT('',(-0.270117992314,5.0495,2.226436151721));
#442 = B_SPLINE_CURVE_WITH_KNOTS('',3,(#443,#444,#445,#446),
  .UNSPECIFIED.,.F.,.F.,(4,4),(11.,12.),.PIECEWISE_BEZIER_KNOTS.);
#443 = CARTESIAN_POINT('',(-0.270117992314,5.0495,2.226436151721));
#444 = CARTESIAN_POINT('',(-0.237834320962,5.0495,2.22666511904));
#445 = CARTESIAN_POINT('',(-0.211787382765,5.0495,2.237611618311));
#446 = CARTESIAN_POINT('',(-0.191976071603,5.0495,2.259119689772));
#447 = ORIENTED_EDGE('',*,*,#448,.F.);
#448 = EDGE_CURVE('',#449,#440,#451,.T.);
#449 = VERTEX_POINT('',#450);
#450 = CARTESIAN_POINT('',(-0.349022575658,5.0495,2.246308289168));
#451 = B_SPLINE_CURVE_WITH_KNOTS('',3,(#452,#453,#454,#455),
  .UNSPECIFIED.,.F.,.F.,(4,4),(12.,13.),.PIECEWISE_BEZIER_KNOTS.);
#452 = CARTESIAN_POINT('',(-0.349022575658,5.0495,2.246308289168));
#453 = CARTESIAN_POINT('',(-0.326624096622,5.0495,2.232897965104));
#454 = CARTESIAN_POINT('',(-0.30029620684,5.0495,2.226222117053));
#455 = CARTESIAN_POINT('',(-0.270117992314,5.0495,2.226436151721));
#456 = ORIENTED_EDGE('',*,*,#457,.F.);
#457 = EDGE_CURVE('',#343,#449,#458,.T.);
#458 = B_SPLINE_CURVE_WITH_KNOTS('',1,(#459,#460),.UNSPECIFIED.,.F.,.F.,
  (2,2),(-3.774321236296E-02,3.936949938261E-19),
  .PIECEWISE_BEZIER_KNOTS.);
#459 = CARTESIAN_POINT('',(-0.348754894058,5.0495,2.20856602604));
#460 = CARTESIAN_POINT('',(-0.349022575658,5.0495,2.246308289168));
#461 = FACE_BOUND('',#462,.T.);
#462 = EDGE_LOOP('',(#463,#472,#479,#486));
#463 = ORIENTED_EDGE('',*,*,#464,.F.);
#464 = EDGE_CURVE('',#465,#467,#469,.T.);
#465 = VERTEX_POINT('',#466);
#466 = CARTESIAN_POINT('',(4.55,5.0495,4.2000001));
#467 = VERTEX_POINT('',#468);
#468 = CARTESIAN_POINT('',(-4.55,5.0495,4.2000001));
#469 = B_SPLINE_CURVE_WITH_KNOTS('',1,(#470,#471),.UNSPECIFIED.,.F.,.F.,
  (2,2),(-9.6,-0.5),.PIECEWISE_BEZIER_KNOTS.);
#470 = CARTESIAN_POINT('',(4.55,5.0495,4.2000001));
#471 = CARTESIAN_POINT('',(-4.55,5.0495,4.2000001));
#472 = ORIENTED_EDGE('',*,*,#473,.T.);
#473 = EDGE_CURVE('',#465,#474,#476,.T.);
#474 = VERTEX_POINT('',#475);
#475 = CARTESIAN_POINT('',(4.55,5.0495,0.2000001));
#476 = B_SPLINE_CURVE_WITH_KNOTS('',1,(#477,#478),.UNSPECIFIED.,.F.,.F.,
  (2,2),(0.,4.),.PIECEWISE_BEZIER_KNOTS.);
#477 = CARTESIAN_POINT('',(4.55,5.0495,4.2000001));
#478 = CARTESIAN_POINT('',(4.55,5.0495,0.2000001));
#479 = ORIENTED_EDGE('',*,*,#480,.T.);
#480 = EDGE_CURVE('',#474,#481,#483,.T.);
#481 = VERTEX_POINT('',#482);
#482 = CARTESIAN_POINT('',(-4.55,5.0495,0.2000001));
#483 = B_SPLINE_CURVE_WITH_KNOTS('',1,(#484,#485),.UNSPECIFIED.,.F.,.F.,
  (2,2),(-9.6,-0.5),.PIECEWISE_BEZIER_KNOTS.);
#484 = CARTESIAN_POINT('',(4.55,5.0495,0.2000001));
#485 = CARTESIAN_POINT('',(-4.55,5.0495,0.2000001));
#486 = ORIENTED_EDGE('',*,*,#487,.T.);
#487 = EDGE_CURVE('',#481,#467,#488,.T.);
#488 = B_SPLINE_CURVE_WITH_KNOTS('',1,(#489,#490),.UNSPECIFIED.,.F.,.F.,
  (2,2),(-4.,0.),.PIECEWISE_BEZIER_KNOTS.);
#489 = CARTESIAN_POINT('',(-4.55,5.0495,0.2000001));
#490 = CARTESIAN_POINT('',(-4.55,5.0495,4.2000001));
#491 = FACE_BOUND('',#492,.T.);
#492 = EDGE_LOOP('',(#493,#502,#509,#516,#523,#530));
#493 = ORIENTED_EDGE('',*,*,#494,.F.);
#494 = EDGE_CURVE('',#495,#497,#499,.T.);
#495 = VERTEX_POINT('',#496);
#496 = CARTESIAN_POINT('',(-0.107785441124,5.0495,2.197641690987));
#497 = VERTEX_POINT('',#498);
#498 = CARTESIAN_POINT('',(-0.1080321064,5.0495,2.23242071858));
#499 = B_SPLINE_CURVE_WITH_KNOTS('',1,(#500,#501),.UNSPECIFIED.,.F.,.F.,
  (2,2),(-3.477990230068E-02,1.574779975301E-18),
  .PIECEWISE_BEZIER_KNOTS.);
#500 = CARTESIAN_POINT('',(-0.107785441124,5.0495,2.197641690987));
#501 = CARTESIAN_POINT('',(-0.1080321064,5.0495,2.23242071858));
#502 = ORIENTED_EDGE('',*,*,#503,.F.);
#503 = EDGE_CURVE('',#504,#495,#506,.T.);
#504 = VERTEX_POINT('',#505);
#505 = CARTESIAN_POINT('',(5.308705646359E-02,5.0495,2.198782656153));
#506 = B_SPLINE_CURVE_WITH_KNOTS('',1,(#507,#508),.UNSPECIFIED.,.F.,.F.,
  (2,2),(-0.160876543603,-0.),.PIECEWISE_BEZIER_KNOTS.);
#507 = CARTESIAN_POINT('',(5.308705646359E-02,5.0495,2.198782656153));
#508 = CARTESIAN_POINT('',(-0.107785441124,5.0495,2.197641690987));
#509 = ORIENTED_EDGE('',*,*,#510,.F.);
#510 = EDGE_CURVE('',#511,#504,#513,.T.);
#511 = VERTEX_POINT('',#512);
#512 = CARTESIAN_POINT('',(5.092348122044E-02,5.0495,2.503839956472));
#513 = B_SPLINE_CURVE_WITH_KNOTS('',1,(#514,#515),.UNSPECIFIED.,.F.,.F.,
  (2,2),(-0.305064972647,4.410269048868E-16),.PIECEWISE_BEZIER_KNOTS.);
#514 = CARTESIAN_POINT('',(5.092348122044E-02,5.0495,2.503839956472));
#515 = CARTESIAN_POINT('',(5.308705646359E-02,5.0495,2.198782656153));
#516 = ORIENTED_EDGE('',*,*,#517,.F.);
#517 = EDGE_CURVE('',#518,#511,#520,.T.);
#518 = VERTEX_POINT('',#519);
#519 = CARTESIAN_POINT('',(1.154364056069E-02,5.0495,2.503560660588));
#520 = B_SPLINE_CURVE_WITH_KNOTS('',1,(#521,#522),.UNSPECIFIED.,.F.,.F.,
  (2,2),(-3.938083108034E-02,-4.302006023049E-16),
  .PIECEWISE_BEZIER_KNOTS.);
#521 = CARTESIAN_POINT('',(1.154364056069E-02,5.0495,2.503560660588));
#522 = CARTESIAN_POINT('',(5.092348122044E-02,5.0495,2.503839956472));
#523 = ORIENTED_EDGE('',*,*,#524,.F.);
#524 = EDGE_CURVE('',#525,#518,#527,.T.);
#525 = VERTEX_POINT('',#526);
#526 = CARTESIAN_POINT('',(1.346055052816E-02,5.0495,2.233282387861));
#527 = B_SPLINE_CURVE_WITH_KNOTS('',1,(#528,#529),.UNSPECIFIED.,.F.,.F.,
  (2,2),(-0.270285070346,0.),.PIECEWISE_BEZIER_KNOTS.);
#528 = CARTESIAN_POINT('',(1.346055052816E-02,5.0495,2.233282387861));
#529 = CARTESIAN_POINT('',(1.154364056069E-02,5.0495,2.503560660588));
#530 = ORIENTED_EDGE('',*,*,#531,.F.);
#531 = EDGE_CURVE('',#497,#525,#532,.T.);
#532 = B_SPLINE_CURVE_WITH_KNOTS('',1,(#533,#534),.UNSPECIFIED.,.F.,.F.,
  (2,2),(-0.121495712522,3.000996137046E-16),.PIECEWISE_BEZIER_KNOTS.);
#533 = CARTESIAN_POINT('',(-0.1080321064,5.0495,2.23242071858));
#534 = CARTESIAN_POINT('',(1.346055052816E-02,5.0495,2.233282387861));
#535 = FACE_BOUND('',#536,.T.);
#536 = EDGE_LOOP('',(#537,#546,#553,#560,#567,#574,#581,#588,#595,#602,
    #609,#616));
#537 = ORIENTED_EDGE('',*,*,#538,.F.);
#538 = EDGE_CURVE('',#539,#541,#543,.T.);
#539 = VERTEX_POINT('',#540);
#540 = CARTESIAN_POINT('',(-0.573793218913,5.0495,2.194336597518));
#541 = VERTEX_POINT('',#542);
#542 = CARTESIAN_POINT('',(-0.574039884188,5.0495,2.22911562511));
#543 = B_SPLINE_CURVE_WITH_KNOTS('',1,(#544,#545),.UNSPECIFIED.,.F.,.F.,
  (2,2),(-3.477990230068E-02,1.574779975302E-18),
  .PIECEWISE_BEZIER_KNOTS.);
#544 = CARTESIAN_POINT('',(-0.573793218913,5.0495,2.194336597518));
#545 = CARTESIAN_POINT('',(-0.574039884188,5.0495,2.22911562511));
#546 = ORIENTED_EDGE('',*,*,#547,.F.);
#547 = EDGE_CURVE('',#548,#539,#550,.T.);
#548 = VERTEX_POINT('',#549);
#549 = CARTESIAN_POINT('',(-0.409723546144,5.0495,2.195500238191));
#550 = B_SPLINE_CURVE_WITH_KNOTS('',1,(#551,#552),.UNSPECIFIED.,.F.,.F.,
  (2,2),(-0.164073799194,-0.),.PIECEWISE_BEZIER_KNOTS.);
#551 = CARTESIAN_POINT('',(-0.409723546144,5.0495,2.195500238191));
#552 = CARTESIAN_POINT('',(-0.573793218913,5.0495,2.194336597518));
#553 = ORIENTED_EDGE('',*,*,#554,.F.);
#554 = EDGE_CURVE('',#555,#548,#557,.T.);
#555 = VERTEX_POINT('',#556);
#556 = CARTESIAN_POINT('',(-0.411887121387,5.0495,2.50055753851));
#557 = B_SPLINE_CURVE_WITH_KNOTS('',1,(#558,#559),.UNSPECIFIED.,.F.,.F.,
  (2,2),(-0.305064972647,4.48408686021E-16),.PIECEWISE_BEZIER_KNOTS.);
#558 = CARTESIAN_POINT('',(-0.411887121387,5.0495,2.50055753851));
#559 = CARTESIAN_POINT('',(-0.409723546144,5.0495,2.195500238191));
#560 = ORIENTED_EDGE('',*,*,#561,.F.);
#561 = EDGE_CURVE('',#562,#555,#564,.T.);
#562 = VERTEX_POINT('',#563);
#563 = CARTESIAN_POINT('',(-0.569016584614,5.0495,2.49944312028));
#564 = B_SPLINE_CURVE_WITH_KNOTS('',1,(#565,#566),.UNSPECIFIED.,.F.,.F.,
  (2,2),(-0.157133415103,-2.220390205445E-16),.PIECEWISE_BEZIER_KNOTS.);
#565 = CARTESIAN_POINT('',(-0.569016584614,5.0495,2.49944312028));
#566 = CARTESIAN_POINT('',(-0.411887121387,5.0495,2.50055753851));
#567 = ORIENTED_EDGE('',*,*,#568,.F.);
#568 = EDGE_CURVE('',#569,#562,#571,.T.);
#569 = VERTEX_POINT('',#570);
#570 = CARTESIAN_POINT('',(-0.568767707094,5.0495,2.464352173158));
#571 = B_SPLINE_CURVE_WITH_KNOTS('',1,(#572,#573),.UNSPECIFIED.,.F.,.F.,
  (2,2),(-3.509182967522E-02,-1.574779975302E-18),
  .PIECEWISE_BEZIER_KNOTS.);
#572 = CARTESIAN_POINT('',(-0.568767707094,5.0495,2.464352173158));
#573 = CARTESIAN_POINT('',(-0.569016584614,5.0495,2.49944312028));
#574 = ORIENTED_EDGE('',*,*,#575,.F.);
#575 = EDGE_CURVE('',#576,#569,#578,.T.);
#576 = VERTEX_POINT('',#577);
#577 = CARTESIAN_POINT('',(-0.451018084527,5.0495,2.465187295504));
#578 = B_SPLINE_CURVE_WITH_KNOTS('',1,(#579,#580),.UNSPECIFIED.,.F.,.F.,
  (2,2),(-0.117752584023,-8.881560821778E-16),.PIECEWISE_BEZIER_KNOTS.);
#579 = CARTESIAN_POINT('',(-0.451018084527,5.0495,2.465187295504));
#580 = CARTESIAN_POINT('',(-0.568767707094,5.0495,2.464352173158));
#581 = ORIENTED_EDGE('',*,*,#582,.F.);
#582 = EDGE_CURVE('',#583,#576,#585,.T.);
#583 = VERTEX_POINT('',#584);
#584 = CARTESIAN_POINT('',(-0.450325651959,5.0495,2.367556482619));
#585 = B_SPLINE_CURVE_WITH_KNOTS('',1,(#586,#587),.UNSPECIFIED.,.F.,.F.,
  (2,2),(-9.763326834319E-02,-1.574779975302E-18),
  .PIECEWISE_BEZIER_KNOTS.);
#586 = CARTESIAN_POINT('',(-0.450325651959,5.0495,2.367556482619));
#587 = CARTESIAN_POINT('',(-0.451018084527,5.0495,2.465187295504));
#588 = ORIENTED_EDGE('',*,*,#589,.F.);
#589 = EDGE_CURVE('',#590,#583,#592,.T.);
#590 = VERTEX_POINT('',#591);
#591 = CARTESIAN_POINT('',(-0.559419507569,5.0495,2.366782750062));
#592 = B_SPLINE_CURVE_WITH_KNOTS('',1,(#593,#594),.UNSPECIFIED.,.F.,.F.,
  (2,2),(-0.109096599369,1.165704857858E-15),.PIECEWISE_BEZIER_KNOTS.);
#593 = CARTESIAN_POINT('',(-0.559419507569,5.0495,2.366782750062));
#594 = CARTESIAN_POINT('',(-0.450325651959,5.0495,2.367556482619));
#595 = ORIENTED_EDGE('',*,*,#596,.F.);
#596 = EDGE_CURVE('',#597,#590,#599,.T.);
#597 = VERTEX_POINT('',#598);
#598 = CARTESIAN_POINT('',(-0.559171736171,5.0495,2.331847762704));
#599 = B_SPLINE_CURVE_WITH_KNOTS('',1,(#600,#601),.UNSPECIFIED.,.F.,.F.,
  (2,2),(-3.493586598795E-02,-4.39353701163E-16),
  .PIECEWISE_BEZIER_KNOTS.);
#600 = CARTESIAN_POINT('',(-0.559171736171,5.0495,2.331847762704));
#601 = CARTESIAN_POINT('',(-0.559419507569,5.0495,2.366782750062));
#602 = ORIENTED_EDGE('',*,*,#603,.F.);
#603 = EDGE_CURVE('',#604,#597,#606,.T.);
#604 = VERTEX_POINT('',#605);
#605 = CARTESIAN_POINT('',(-0.450077880561,5.0495,2.332621495262));
#606 = B_SPLINE_CURVE_WITH_KNOTS('',1,(#607,#608),.UNSPECIFIED.,.F.,.F.,
  (2,2),(-0.109096599369,-4.440780410889E-16),.PIECEWISE_BEZIER_KNOTS.);
#607 = CARTESIAN_POINT('',(-0.450077880561,5.0495,2.332621495262));
#608 = CARTESIAN_POINT('',(-0.559171736171,5.0495,2.331847762704));
#609 = ORIENTED_EDGE('',*,*,#610,.F.);
#610 = EDGE_CURVE('',#611,#604,#613,.T.);
#611 = VERTEX_POINT('',#612);
#612 = CARTESIAN_POINT('',(-0.44935005208,5.0495,2.229999969899));
#613 = B_SPLINE_CURVE_WITH_KNOTS('',1,(#614,#615),.UNSPECIFIED.,.F.,.F.,
  (2,2),(-0.10262410634,-4.724339925909E-18),.PIECEWISE_BEZIER_KNOTS.);
#614 = CARTESIAN_POINT('',(-0.44935005208,5.0495,2.229999969899));
#615 = CARTESIAN_POINT('',(-0.450077880561,5.0495,2.332621495262));
#616 = ORIENTED_EDGE('',*,*,#617,.F.);
#617 = EDGE_CURVE('',#541,#611,#618,.T.);
#618 = B_SPLINE_CURVE_WITH_KNOTS('',1,(#619,#620),.UNSPECIFIED.,.F.,.F.,
  (2,2),(-0.124692968114,9.991755924501E-16),.PIECEWISE_BEZIER_KNOTS.);
#619 = CARTESIAN_POINT('',(-0.574039884188,5.0495,2.22911562511));
#620 = CARTESIAN_POINT('',(-0.44935005208,5.0495,2.229999969899));
#621 = FACE_BOUND('',#622,.T.);
#622 = EDGE_LOOP('',(#623,#632,#639,#646,#655,#664,#673));
#623 = ORIENTED_EDGE('',*,*,#624,.F.);
#624 = EDGE_CURVE('',#625,#627,#629,.T.);
#625 = VERTEX_POINT('',#626);
#626 = CARTESIAN_POINT('',(-0.631420352077,5.0495,2.193927885323));
#627 = VERTEX_POINT('',#628);
#628 = CARTESIAN_POINT('',(-0.715326705642,5.0495,2.193332791519));
#629 = B_SPLINE_CURVE_WITH_KNOTS('',1,(#630,#631),.UNSPECIFIED.,.F.,.F.,
  (2,2),(-8.390846384681E-02,1.110195102722E-16),
  .PIECEWISE_BEZIER_KNOTS.);
#630 = CARTESIAN_POINT('',(-0.631420352077,5.0495,2.193927885323));
#631 = CARTESIAN_POINT('',(-0.715326705642,5.0495,2.193332791519));
#632 = ORIENTED_EDGE('',*,*,#633,.F.);
#633 = EDGE_CURVE('',#634,#625,#636,.T.);
#634 = VERTEX_POINT('',#635);
#635 = CARTESIAN_POINT('',(-0.63358392732,5.0495,2.498985185643));
#636 = B_SPLINE_CURVE_WITH_KNOTS('',1,(#637,#638),.UNSPECIFIED.,.F.,.F.,
  (2,2),(-0.305064972647,0.),.PIECEWISE_BEZIER_KNOTS.);
#637 = CARTESIAN_POINT('',(-0.63358392732,5.0495,2.498985185643));
#638 = CARTESIAN_POINT('',(-0.631420352077,5.0495,2.193927885323));
#639 = ORIENTED_EDGE('',*,*,#640,.F.);
#640 = EDGE_CURVE('',#641,#634,#643,.T.);
#641 = VERTEX_POINT('',#642);
#642 = CARTESIAN_POINT('',(-0.720609476185,5.0495,2.498367969393));
#643 = B_SPLINE_CURVE_WITH_KNOTS('',1,(#644,#645),.UNSPECIFIED.,.F.,.F.,
  (2,2),(-8.702773759636E-02,-2.220390205445E-16),
  .PIECEWISE_BEZIER_KNOTS.);
#644 = CARTESIAN_POINT('',(-0.720609476185,5.0495,2.498367969393));
#645 = CARTESIAN_POINT('',(-0.63358392732,5.0495,2.498985185643));
#646 = ORIENTED_EDGE('',*,*,#647,.F.);
#647 = EDGE_CURVE('',#648,#641,#650,.T.);
#648 = VERTEX_POINT('',#649);
#649 = CARTESIAN_POINT('',(-0.835655236716,5.0495,2.457156412811));
#650 = B_SPLINE_CURVE_WITH_KNOTS('',3,(#651,#652,#653,#654),
  .UNSPECIFIED.,.F.,.F.,(4,4),(2.,3.),.PIECEWISE_BEZIER_KNOTS.);
#651 = CARTESIAN_POINT('',(-0.835655236716,5.0495,2.457156412811));
#652 = CARTESIAN_POINT('',(-0.805200502055,5.0495,2.484354805189));
#653 = CARTESIAN_POINT('',(-0.766851546504,5.0495,2.498040004127));
#654 = CARTESIAN_POINT('',(-0.720609476185,5.0495,2.498367969393));
#655 = ORIENTED_EDGE('',*,*,#656,.F.);
#656 = EDGE_CURVE('',#657,#648,#659,.T.);
#657 = VERTEX_POINT('',#658);
#658 = CARTESIAN_POINT('',(-0.880895718503,5.0495,2.348594029826));
#659 = B_SPLINE_CURVE_WITH_KNOTS('',3,(#660,#661,#662,#663),
  .UNSPECIFIED.,.F.,.F.,(4,4),(3.,4.),.PIECEWISE_BEZIER_KNOTS.);
#660 = CARTESIAN_POINT('',(-0.880895718503,5.0495,2.348594029826));
#661 = CARTESIAN_POINT('',(-0.881216493973,5.0495,2.393822361672));
#662 = CARTESIAN_POINT('',(-0.866109971377,5.0495,2.429958020432));
#663 = CARTESIAN_POINT('',(-0.835655236716,5.0495,2.457156412811));
#664 = ORIENTED_EDGE('',*,*,#665,.F.);
#665 = EDGE_CURVE('',#666,#657,#668,.T.);
#666 = VERTEX_POINT('',#667);
#667 = CARTESIAN_POINT('',(-0.834081224665,5.0495,2.235225667229));
#668 = B_SPLINE_CURVE_WITH_KNOTS('',3,(#669,#670,#671,#672),
  .UNSPECIFIED.,.F.,.F.,(4,4),(4.,5.),.PIECEWISE_BEZIER_KNOTS.);
#669 = CARTESIAN_POINT('',(-0.834081224665,5.0495,2.235225667229));
#670 = CARTESIAN_POINT('',(-0.864929738869,5.0495,2.263548951189));
#671 = CARTESIAN_POINT('',(-0.880560563442,5.0495,2.301338221034));
#672 = CARTESIAN_POINT('',(-0.880895718503,5.0495,2.348594029826));
#673 = ORIENTED_EDGE('',*,*,#674,.F.);
#674 = EDGE_CURVE('',#627,#666,#675,.T.);
#675 = B_SPLINE_CURVE_WITH_KNOTS('',3,(#676,#677,#678,#679),
  .UNSPECIFIED.,.F.,.F.,(4,4),(5.,6.),.PIECEWISE_BEZIER_KNOTS.);
#676 = CARTESIAN_POINT('',(-0.715326705642,5.0495,2.193332791519));
#677 = CARTESIAN_POINT('',(-0.763596252905,5.0495,2.192990446664));
#678 = CARTESIAN_POINT('',(-0.803232710461,5.0495,2.206902383272));
#679 = CARTESIAN_POINT('',(-0.834081224665,5.0495,2.235225667229));
#680 = FACE_BOUND('',#681,.T.);
#681 = EDGE_LOOP('',(#682,#691,#698,#705,#712,#719,#726,#733));
#682 = ORIENTED_EDGE('',*,*,#683,.F.);
#683 = EDGE_CURVE('',#684,#686,#688,.T.);
#684 = VERTEX_POINT('',#685);
#685 = CARTESIAN_POINT('',(-1.171197098707,5.0495,2.190099596));
#686 = VERTEX_POINT('',#687);
#687 = CARTESIAN_POINT('',(-1.057170649032,5.0495,2.495980957442));
#688 = B_SPLINE_CURVE_WITH_KNOTS('',1,(#689,#690),.UNSPECIFIED.,.F.,.F.,
  (2,2),(-0.326443622243,0.),.PIECEWISE_BEZIER_KNOTS.);
#689 = CARTESIAN_POINT('',(-1.171197098707,5.0495,2.190099596));
#690 = CARTESIAN_POINT('',(-1.057170649032,5.0495,2.495980957442));
#691 = ORIENTED_EDGE('',*,*,#692,.F.);
#692 = EDGE_CURVE('',#693,#684,#695,.T.);
#693 = VERTEX_POINT('',#694);
#694 = CARTESIAN_POINT('',(-1.127684324275,5.0495,2.190408204125));
#695 = B_SPLINE_CURVE_WITH_KNOTS('',1,(#696,#697),.UNSPECIFIED.,.F.,.F.,
  (2,2),(-4.351386879818E-02,-0.),.PIECEWISE_BEZIER_KNOTS.);
#696 = CARTESIAN_POINT('',(-1.127684324275,5.0495,2.190408204125));
#697 = CARTESIAN_POINT('',(-1.171197098707,5.0495,2.190099596));
#698 = ORIENTED_EDGE('',*,*,#699,.F.);
#699 = EDGE_CURVE('',#700,#693,#702,.T.);
#700 = VERTEX_POINT('',#701);
#701 = CARTESIAN_POINT('',(-1.097162126597,5.0495,2.274067349797));
#702 = B_SPLINE_CURVE_WITH_KNOTS('',1,(#703,#704),.UNSPECIFIED.,.F.,.F.,
  (2,2),(-8.905311451925E-02,2.283117000955E-16),
  .PIECEWISE_BEZIER_KNOTS.);
#703 = CARTESIAN_POINT('',(-1.097162126597,5.0495,2.274067349797));
#704 = CARTESIAN_POINT('',(-1.127684324275,5.0495,2.190408204125));
#705 = ORIENTED_EDGE('',*,*,#706,.F.);
#706 = EDGE_CURVE('',#707,#700,#709,.T.);
#707 = VERTEX_POINT('',#708);
#708 = CARTESIAN_POINT('',(-0.970132898012,5.0495,2.27496828642));
#709 = B_SPLINE_CURVE_WITH_KNOTS('',1,(#710,#711),.UNSPECIFIED.,.F.,.F.,
  (2,2),(-0.127032423427,-6.661170616334E-16),.PIECEWISE_BEZIER_KNOTS.);
#710 = CARTESIAN_POINT('',(-0.970132898012,5.0495,2.27496828642));
#711 = CARTESIAN_POINT('',(-1.097162126597,5.0495,2.274067349797));
#712 = ORIENTED_EDGE('',*,*,#713,.F.);
#713 = EDGE_CURVE('',#714,#707,#716,.T.);
#714 = VERTEX_POINT('',#715);
#715 = CARTESIAN_POINT('',(-0.940220686757,5.0495,2.191737763145));
#716 = B_SPLINE_CURVE_WITH_KNOTS('',1,(#717,#718),.UNSPECIFIED.,.F.,.F.,
  (2,2),(-8.844241282812E-02,-6.432130342151E-16),
  .PIECEWISE_BEZIER_KNOTS.);
#717 = CARTESIAN_POINT('',(-0.940220686757,5.0495,2.191737763145));
#718 = CARTESIAN_POINT('',(-0.970132898012,5.0495,2.27496828642));
#719 = ORIENTED_EDGE('',*,*,#720,.F.);
#720 = EDGE_CURVE('',#721,#714,#723,.T.);
#721 = VERTEX_POINT('',#722);
#722 = CARTESIAN_POINT('',(-0.896707912326,5.0495,2.19204637127));
#723 = B_SPLINE_CURVE_WITH_KNOTS('',1,(#724,#725),.UNSPECIFIED.,.F.,.F.,
  (2,2),(-4.35138687961E-02,3.149559950604E-18),
  .PIECEWISE_BEZIER_KNOTS.);
#724 = CARTESIAN_POINT('',(-0.896707912326,5.0495,2.19204637127));
#725 = CARTESIAN_POINT('',(-0.940220686757,5.0495,2.191737763145));
#726 = ORIENTED_EDGE('',*,*,#727,.F.);
#727 = EDGE_CURVE('',#728,#721,#730,.T.);
#728 = VERTEX_POINT('',#729);
#729 = CARTESIAN_POINT('',(-1.015061512485,5.0495,2.496279610467));
#730 = B_SPLINE_CURVE_WITH_KNOTS('',1,(#731,#732),.UNSPECIFIED.,.F.,.F.,
  (2,2),(-0.326443622243,-2.415098038208E-16),.PIECEWISE_BEZIER_KNOTS.);
#731 = CARTESIAN_POINT('',(-1.015061512485,5.0495,2.496279610467));
#732 = CARTESIAN_POINT('',(-0.896707912326,5.0495,2.19204637127));
#733 = ORIENTED_EDGE('',*,*,#734,.F.);
#734 = EDGE_CURVE('',#686,#728,#735,.T.);
#735 = B_SPLINE_CURVE_WITH_KNOTS('',1,(#736,#737),.UNSPECIFIED.,.F.,.F.,
  (2,2),(-4.211019561068E-02,8.913056421284E-16),
  .PIECEWISE_BEZIER_KNOTS.);
#736 = CARTESIAN_POINT('',(-1.057170649032,5.0495,2.495980957442));
#737 = CARTESIAN_POINT('',(-1.015061512485,5.0495,2.496279610467));
#738 = FACE_BOUND('',#739,.T.);
#739 = EDGE_LOOP('',(#740,#751,#760,#769,#778,#787,#796,#805,#814,#823,
    #830,#839,#848,#857,#866,#875,#884,#893,#902,#911,#920));
#740 = ORIENTED_EDGE('',*,*,#741,.F.);
#741 = EDGE_CURVE('',#742,#744,#746,.T.);
#742 = VERTEX_POINT('',#743);
#743 = CARTESIAN_POINT('',(-0.434002869555,5.0495,1.737407137592));
#744 = VERTEX_POINT('',#745);
#745 = CARTESIAN_POINT('',(-0.371300410777,5.0495,1.758907473157));
#746 = B_SPLINE_CURVE_WITH_KNOTS('',3,(#747,#748,#749,#750),
  .UNSPECIFIED.,.F.,.F.,(4,4),(0.,1.),.PIECEWISE_BEZIER_KNOTS.);
#747 = CARTESIAN_POINT('',(-0.434002869555,5.0495,1.737407137592));
#748 = CARTESIAN_POINT('',(-0.411544663397,5.0495,1.737566419205));
#749 = CARTESIAN_POINT('',(-0.390695830392,5.0495,1.74473282902));
#750 = CARTESIAN_POINT('',(-0.371300410777,5.0495,1.758907473157));
#751 = ORIENTED_EDGE('',*,*,#752,.F.);
#752 = EDGE_CURVE('',#753,#742,#755,.T.);
#753 = VERTEX_POINT('',#754);
#754 = CARTESIAN_POINT('',(-0.479284298754,5.0495,1.766563863827));
#755 = B_SPLINE_CURVE_WITH_KNOTS('',3,(#756,#757,#758,#759),
  .UNSPECIFIED.,.F.,.F.,(4,4),(1.,2.),.PIECEWISE_BEZIER_KNOTS.);
#756 = CARTESIAN_POINT('',(-0.479284298754,5.0495,1.766563863827));
#757 = CARTESIAN_POINT('',(-0.479144927343,5.0495,1.746912933438));
#758 = CARTESIAN_POINT('',(-0.464025124316,5.0495,1.737194209047));
#759 = CARTESIAN_POINT('',(-0.434002869555,5.0495,1.737407137592));
#760 = ORIENTED_EDGE('',*,*,#761,.F.);
#761 = EDGE_CURVE('',#762,#753,#764,.T.);
#762 = VERTEX_POINT('',#763);
#763 = CARTESIAN_POINT('',(-0.469605947827,5.0495,1.787376198275));
#764 = B_SPLINE_CURVE_WITH_KNOTS('',3,(#765,#766,#767,#768),
  .UNSPECIFIED.,.F.,.F.,(4,4),(2.,3.),.PIECEWISE_BEZIER_KNOTS.);
#765 = CARTESIAN_POINT('',(-0.469605947827,5.0495,1.787376198275));
#766 = CARTESIAN_POINT('',(-0.476117543677,5.0495,1.781871149364));
#767 = CARTESIAN_POINT('',(-0.479344029359,5.0495,1.774985691137));
#768 = CARTESIAN_POINT('',(-0.479284298754,5.0495,1.766563863827));
#769 = ORIENTED_EDGE('',*,*,#770,.F.);
#770 = EDGE_CURVE('',#771,#762,#773,.T.);
#771 = VERTEX_POINT('',#772);
#772 = CARTESIAN_POINT('',(-0.429740533397,5.0495,1.807154889273));
#773 = B_SPLINE_CURVE_WITH_KNOTS('',3,(#774,#775,#776,#777),
  .UNSPECIFIED.,.F.,.F.,(4,4),(3.,4.),.PIECEWISE_BEZIER_KNOTS.);
#774 = CARTESIAN_POINT('',(-0.429740533397,5.0495,1.807154889273));
#775 = CARTESIAN_POINT('',(-0.44980624921,5.0495,1.799526130775));
#776 = CARTESIAN_POINT('',(-0.463094351979,5.0495,1.792881247187));
#777 = CARTESIAN_POINT('',(-0.469605947827,5.0495,1.787376198275));
#778 = ORIENTED_EDGE('',*,*,#779,.F.);
#779 = EDGE_CURVE('',#780,#771,#782,.T.);
#780 = VERTEX_POINT('',#781);
#781 = CARTESIAN_POINT('',(-0.38292329688,5.0495,1.836340941674));
#782 = B_SPLINE_CURVE_WITH_KNOTS('',3,(#783,#784,#785,#786),
  .UNSPECIFIED.,.F.,.F.,(4,4),(4.,5.),.PIECEWISE_BEZIER_KNOTS.);
#783 = CARTESIAN_POINT('',(-0.38292329688,5.0495,1.836340941674));
#784 = CARTESIAN_POINT('',(-0.390029972609,5.0495,1.826776514383));
#785 = CARTESIAN_POINT('',(-0.405713329289,5.0495,1.816995290599));
#786 = CARTESIAN_POINT('',(-0.429740533397,5.0495,1.807154889273));
#787 = ORIENTED_EDGE('',*,*,#788,.F.);
#788 = EDGE_CURVE('',#789,#780,#791,.T.);
#789 = VERTEX_POINT('',#790);
#790 = CARTESIAN_POINT('',(-0.372328546244,5.0495,1.870884925237));
#791 = B_SPLINE_CURVE_WITH_KNOTS('',3,(#792,#793,#794,#795),
  .UNSPECIFIED.,.F.,.F.,(4,4),(5.,6.),.PIECEWISE_BEZIER_KNOTS.);
#792 = CARTESIAN_POINT('',(-0.372328546244,5.0495,1.870884925237));
#793 = CARTESIAN_POINT('',(-0.372233419725,5.0495,1.857472385447));
#794 = CARTESIAN_POINT('',(-0.375738641269,5.0495,1.845905922025));
#795 = CARTESIAN_POINT('',(-0.38292329688,5.0495,1.836340941674));
#796 = ORIENTED_EDGE('',*,*,#797,.F.);
#797 = EDGE_CURVE('',#798,#789,#800,.T.);
#798 = VERTEX_POINT('',#799);
#799 = CARTESIAN_POINT('',(-0.397143853797,5.0495,1.917187274));
#800 = B_SPLINE_CURVE_WITH_KNOTS('',3,(#801,#802,#803,#804),
  .UNSPECIFIED.,.F.,.F.,(4,4),(6.,7.),.PIECEWISE_BEZIER_KNOTS.);
#801 = CARTESIAN_POINT('',(-0.397143853797,5.0495,1.917187274));
#802 = CARTESIAN_POINT('',(-0.380763099182,5.0495,1.905605881408));
#803 = CARTESIAN_POINT('',(-0.372465705411,5.0495,1.890223936095));
#804 = CARTESIAN_POINT('',(-0.372328546244,5.0495,1.870884925237));
#805 = ORIENTED_EDGE('',*,*,#806,.F.);
#806 = EDGE_CURVE('',#807,#798,#809,.T.);
#807 = VERTEX_POINT('',#808);
#808 = CARTESIAN_POINT('',(-0.457623062424,5.0495,1.93407073858));
#809 = B_SPLINE_CURVE_WITH_KNOTS('',3,(#810,#811,#812,#813),
  .UNSPECIFIED.,.F.,.F.,(4,4),(7.,8.),.PIECEWISE_BEZIER_KNOTS.);
#810 = CARTESIAN_POINT('',(-0.457623062424,5.0495,1.93407073858));
#811 = CARTESIAN_POINT('',(-0.433761218381,5.0495,1.934239975294));
#812 = CARTESIAN_POINT('',(-0.413601482172,5.0495,1.928612153768));
#813 = CARTESIAN_POINT('',(-0.397143853797,5.0495,1.917187274));
#814 = ORIENTED_EDGE('',*,*,#815,.F.);
#815 = EDGE_CURVE('',#816,#807,#818,.T.);
#816 = VERTEX_POINT('',#817);
#817 = CARTESIAN_POINT('',(-0.509177165053,5.0495,1.924035106664));
#818 = B_SPLINE_CURVE_WITH_KNOTS('',3,(#819,#820,#821,#822),
  .UNSPECIFIED.,.F.,.F.,(4,4),(8.,9.),.PIECEWISE_BEZIER_KNOTS.);
#819 = CARTESIAN_POINT('',(-0.509177165053,5.0495,1.924035106664));
#820 = CARTESIAN_POINT('',(-0.493315726161,5.0495,1.93069824127));
#821 = CARTESIAN_POINT('',(-0.476182274458,5.0495,1.933939110025));
#822 = CARTESIAN_POINT('',(-0.457623062424,5.0495,1.93407073858));
#823 = ORIENTED_EDGE('',*,*,#824,.F.);
#824 = EDGE_CURVE('',#825,#816,#827,.T.);
#825 = VERTEX_POINT('',#826);
#826 = CARTESIAN_POINT('',(-0.508913907943,5.0495,1.886916682597));
#827 = B_SPLINE_CURVE_WITH_KNOTS('',1,(#828,#829),.UNSPECIFIED.,.F.,.F.,
  (2,2),(-3.711935761179E-02,-4.440780410889E-16),
  .PIECEWISE_BEZIER_KNOTS.);
#828 = CARTESIAN_POINT('',(-0.508913907943,5.0495,1.886916682597));
#829 = CARTESIAN_POINT('',(-0.509177165053,5.0495,1.924035106664));
#830 = ORIENTED_EDGE('',*,*,#831,.F.);
#831 = EDGE_CURVE('',#832,#825,#834,.T.);
#832 = VERTEX_POINT('',#833);
#833 = CARTESIAN_POINT('',(-0.453659909725,5.0495,1.903061292283));
#834 = B_SPLINE_CURVE_WITH_KNOTS('',3,(#835,#836,#837,#838),
  .UNSPECIFIED.,.F.,.F.,(4,4),(10.,11.),.PIECEWISE_BEZIER_KNOTS.);
#835 = CARTESIAN_POINT('',(-0.453659909725,5.0495,1.903061292283));
#836 = CARTESIAN_POINT('',(-0.474324578586,5.0495,1.902914731076));
#837 = CARTESIAN_POINT('',(-0.492690222696,5.0495,1.897481576634));
#838 = CARTESIAN_POINT('',(-0.508913907943,5.0495,1.886916682597));
#839 = ORIENTED_EDGE('',*,*,#840,.F.);
#840 = EDGE_CURVE('',#841,#832,#843,.T.);
#841 = VERTEX_POINT('',#842);
#842 = CARTESIAN_POINT('',(-0.423502156721,5.0495,1.895164866108));
#843 = B_SPLINE_CURVE_WITH_KNOTS('',3,(#844,#845,#846,#847),
  .UNSPECIFIED.,.F.,.F.,(4,4),(11.,12.),.PIECEWISE_BEZIER_KNOTS.);
#844 = CARTESIAN_POINT('',(-0.423502156721,5.0495,1.895164866108));
#845 = CARTESIAN_POINT('',(-0.431260879369,5.0495,1.900568704829));
#846 = CARTESIAN_POINT('',(-0.441339088291,5.0495,1.903148675945));
#847 = CARTESIAN_POINT('',(-0.453659909725,5.0495,1.903061292283));
#848 = ORIENTED_EDGE('',*,*,#849,.F.);
#849 = EDGE_CURVE('',#850,#841,#852,.T.);
#850 = VERTEX_POINT('',#851);
#851 = CARTESIAN_POINT('',(-0.411732721595,5.0495,1.874036744183));
#852 = B_SPLINE_CURVE_WITH_KNOTS('',3,(#853,#854,#855,#856),
  .UNSPECIFIED.,.F.,.F.,(4,4),(12.,13.),.PIECEWISE_BEZIER_KNOTS.);
#853 = CARTESIAN_POINT('',(-0.411732721595,5.0495,1.874036744183));
#854 = CARTESIAN_POINT('',(-0.411794664444,5.0495,1.882770491021));
#855 = CARTESIAN_POINT('',(-0.415744540196,5.0495,1.889916987153));
#856 = CARTESIAN_POINT('',(-0.423502156721,5.0495,1.895164866108));
#857 = ORIENTED_EDGE('',*,*,#858,.F.);
#858 = EDGE_CURVE('',#859,#850,#861,.T.);
#859 = VERTEX_POINT('',#860);
#860 = CARTESIAN_POINT('',(-0.419932773121,5.0495,1.853702797191));
#861 = B_SPLINE_CURVE_WITH_KNOTS('',3,(#862,#863,#864,#865),
  .UNSPECIFIED.,.F.,.F.,(4,4),(13.,14.),.PIECEWISE_BEZIER_KNOTS.);
#862 = CARTESIAN_POINT('',(-0.419932773121,5.0495,1.853702797191));
#863 = CARTESIAN_POINT('',(-0.414430491256,5.0495,1.858576817247));
#864 = CARTESIAN_POINT('',(-0.411670778745,5.0495,1.865302997344));
#865 = CARTESIAN_POINT('',(-0.411732721595,5.0495,1.874036744183));
#866 = ORIENTED_EDGE('',*,*,#867,.F.);
#867 = EDGE_CURVE('',#868,#859,#870,.T.);
#868 = VERTEX_POINT('',#869);
#869 = CARTESIAN_POINT('',(-0.456918462511,5.0495,1.834724368281));
#870 = B_SPLINE_CURVE_WITH_KNOTS('',3,(#871,#872,#873,#874),
  .UNSPECIFIED.,.F.,.F.,(4,4),(14.,15.),.PIECEWISE_BEZIER_KNOTS.);
#871 = CARTESIAN_POINT('',(-0.456918462511,5.0495,1.834724368281));
#872 = CARTESIAN_POINT('',(-0.437788505289,5.0495,1.842346490044));
#873 = CARTESIAN_POINT('',(-0.425511928748,5.0495,1.848672264308));
#874 = CARTESIAN_POINT('',(-0.419932773121,5.0495,1.853702797191));
#875 = ORIENTED_EDGE('',*,*,#876,.F.);
#876 = EDGE_CURVE('',#877,#868,#879,.T.);
#877 = VERTEX_POINT('',#878);
#878 = CARTESIAN_POINT('',(-0.50600154011,5.0495,1.806146116168));
#879 = B_SPLINE_CURVE_WITH_KNOTS('',3,(#880,#881,#882,#883),
  .UNSPECIFIED.,.F.,.F.,(4,4),(15.,16.),.PIECEWISE_BEZIER_KNOTS.);
#880 = CARTESIAN_POINT('',(-0.50600154011,5.0495,1.806146116168));
#881 = CARTESIAN_POINT('',(-0.497492332619,5.0495,1.815876458324));
#882 = CARTESIAN_POINT('',(-0.481184030756,5.0495,1.82550614683));
#883 = CARTESIAN_POINT('',(-0.456918462511,5.0495,1.834724368281));
#884 = ORIENTED_EDGE('',*,*,#885,.F.);
#885 = EDGE_CURVE('',#886,#877,#888,.T.);
#886 = VERTEX_POINT('',#887);
#887 = CARTESIAN_POINT('',(-0.518534726585,5.0495,1.770028708425));
#888 = B_SPLINE_CURVE_WITH_KNOTS('',3,(#889,#890,#891,#892),
  .UNSPECIFIED.,.F.,.F.,(4,4),(16.,17.),.PIECEWISE_BEZIER_KNOTS.);
#889 = CARTESIAN_POINT('',(-0.518534726585,5.0495,1.770028708425));
#890 = CARTESIAN_POINT('',(-0.518636489837,5.0495,1.784377006804));
#891 = CARTESIAN_POINT('',(-0.514432767718,5.0495,1.796416327073));
#892 = CARTESIAN_POINT('',(-0.50600154011,5.0495,1.806146116168));
#893 = ORIENTED_EDGE('',*,*,#894,.F.);
#894 = EDGE_CURVE('',#895,#886,#897,.T.);
#895 = VERTEX_POINT('',#896);
#896 = CARTESIAN_POINT('',(-0.49363701466,5.0495,1.723103073662));
#897 = B_SPLINE_CURVE_WITH_KNOTS('',3,(#898,#899,#900,#901),
  .UNSPECIFIED.,.F.,.F.,(4,4),(17.,18.),.PIECEWISE_BEZIER_KNOTS.);
#898 = CARTESIAN_POINT('',(-0.49363701466,5.0495,1.723103073662));
#899 = CARTESIAN_POINT('',(-0.510093536913,5.0495,1.734371993665));
#900 = CARTESIAN_POINT('',(-0.518393142929,5.0495,1.750065858506));
#901 = CARTESIAN_POINT('',(-0.518534726585,5.0495,1.770028708425));
#902 = ORIENTED_EDGE('',*,*,#903,.F.);
#903 = EDGE_CURVE('',#904,#895,#906,.T.);
#904 = VERTEX_POINT('',#905);
#905 = CARTESIAN_POINT('',(-0.430038610733,5.0495,1.70624173153));
#906 = B_SPLINE_CURVE_WITH_KNOTS('',3,(#907,#908,#909,#910),
  .UNSPECIFIED.,.F.,.F.,(4,4),(18.,19.),.PIECEWISE_BEZIER_KNOTS.);
#907 = CARTESIAN_POINT('',(-0.430038610733,5.0495,1.70624173153));
#908 = CARTESIAN_POINT('',(-0.456005911604,5.0495,1.706057562165));
#909 = CARTESIAN_POINT('',(-0.477257366168,5.0495,1.711677640835));
#910 = CARTESIAN_POINT('',(-0.49363701466,5.0495,1.723103073662));
#911 = ORIENTED_EDGE('',*,*,#912,.F.);
#912 = EDGE_CURVE('',#913,#904,#915,.T.);
#913 = VERTEX_POINT('',#914);
#914 = CARTESIAN_POINT('',(-0.371020561832,5.0495,1.719449652616));
#915 = B_SPLINE_CURVE_WITH_KNOTS('',3,(#916,#917,#918,#919),
  .UNSPECIFIED.,.F.,.F.,(4,4),(19.,20.),.PIECEWISE_BEZIER_KNOTS.);
#916 = CARTESIAN_POINT('',(-0.371020561832,5.0495,1.719449652616));
#917 = CARTESIAN_POINT('',(-0.387804485845,5.0495,1.710908364096));
#918 = CARTESIAN_POINT('',(-0.40742444481,5.0495,1.706402119265));
#919 = CARTESIAN_POINT('',(-0.430038610733,5.0495,1.70624173153));
#920 = ORIENTED_EDGE('',*,*,#921,.F.);
#921 = EDGE_CURVE('',#744,#913,#922,.T.);
#922 = B_SPLINE_CURVE_WITH_KNOTS('',1,(#923,#924),.UNSPECIFIED.,.F.,.F.,
  (2,2),(-3.945881292292E-02,2.220390205445E-16),
  .PIECEWISE_BEZIER_KNOTS.);
#923 = CARTESIAN_POINT('',(-0.371300410777,5.0495,1.758907473157));
#924 = CARTESIAN_POINT('',(-0.371020561832,5.0495,1.719449652616));
#925 = FACE_BOUND('',#926,.T.);
#926 = EDGE_LOOP('',(#927,#936,#943,#950,#957,#964,#971,#978,#985,#992,
    #999,#1006));
#927 = ORIENTED_EDGE('',*,*,#928,.F.);
#928 = EDGE_CURVE('',#929,#931,#933,.T.);
#929 = VERTEX_POINT('',#930);
#930 = CARTESIAN_POINT('',(-0.952384365721,5.0495,1.707684000151));
#931 = VERTEX_POINT('',#932);
#932 = CARTESIAN_POINT('',(-0.952631030997,5.0495,1.742463027743));
#933 = B_SPLINE_CURVE_WITH_KNOTS('',1,(#934,#935),.UNSPECIFIED.,.F.,.F.,
  (2,2),(-3.477990230068E-02,-2.173146806185E-16),
  .PIECEWISE_BEZIER_KNOTS.);
#934 = CARTESIAN_POINT('',(-0.952384365721,5.0495,1.707684000151));
#935 = CARTESIAN_POINT('',(-0.952631030997,5.0495,1.742463027743));
#936 = ORIENTED_EDGE('',*,*,#937,.F.);
#937 = EDGE_CURVE('',#938,#929,#940,.T.);
#938 = VERTEX_POINT('',#939);
#939 = CARTESIAN_POINT('',(-0.788314692951,5.0495,1.708847640823));
#940 = B_SPLINE_CURVE_WITH_KNOTS('',1,(#941,#942),.UNSPECIFIED.,.F.,.F.,
  (2,2),(-0.164073799195,-0.),.PIECEWISE_BEZIER_KNOTS.);
#941 = CARTESIAN_POINT('',(-0.788314692951,5.0495,1.708847640823));
#942 = CARTESIAN_POINT('',(-0.952384365721,5.0495,1.707684000151));
#943 = ORIENTED_EDGE('',*,*,#944,.F.);
#944 = EDGE_CURVE('',#945,#938,#947,.T.);
#945 = VERTEX_POINT('',#946);
#946 = CARTESIAN_POINT('',(-0.790478268195,5.0495,2.013904941143));
#947 = B_SPLINE_CURVE_WITH_KNOTS('',1,(#948,#949),.UNSPECIFIED.,.F.,.F.,
  (2,2),(-0.305064972647,2.204642405692E-16),.PIECEWISE_BEZIER_KNOTS.);
#948 = CARTESIAN_POINT('',(-0.790478268195,5.0495,2.013904941143));
#949 = CARTESIAN_POINT('',(-0.788314692951,5.0495,1.708847640823));
#950 = ORIENTED_EDGE('',*,*,#951,.F.);
#951 = EDGE_CURVE('',#952,#945,#954,.T.);
#952 = VERTEX_POINT('',#953);
#953 = CARTESIAN_POINT('',(-0.947607731422,5.0495,2.012790522913));
#954 = B_SPLINE_CURVE_WITH_KNOTS('',1,(#955,#956),.UNSPECIFIED.,.F.,.F.,
  (2,2),(-0.157133415103,-3.330585308167E-16),.PIECEWISE_BEZIER_KNOTS.);
#955 = CARTESIAN_POINT('',(-0.947607731422,5.0495,2.012790522913));
#956 = CARTESIAN_POINT('',(-0.790478268195,5.0495,2.013904941143));
#957 = ORIENTED_EDGE('',*,*,#958,.F.);
#958 = EDGE_CURVE('',#959,#952,#961,.T.);
#959 = VERTEX_POINT('',#960);
#960 = CARTESIAN_POINT('',(-0.947358853901,5.0495,1.977699575791));
#961 = B_SPLINE_CURVE_WITH_KNOTS('',1,(#962,#963),.UNSPECIFIED.,.F.,.F.,
  (2,2),(-3.509182967521E-02,-4.425032611136E-16),
  .PIECEWISE_BEZIER_KNOTS.);
#962 = CARTESIAN_POINT('',(-0.947358853901,5.0495,1.977699575791));
#963 = CARTESIAN_POINT('',(-0.947607731422,5.0495,2.012790522913));
#964 = ORIENTED_EDGE('',*,*,#965,.F.);
#965 = EDGE_CURVE('',#966,#959,#968,.T.);
#966 = VERTEX_POINT('',#967);
#967 = CARTESIAN_POINT('',(-0.829609231335,5.0495,1.978534698137));
#968 = B_SPLINE_CURVE_WITH_KNOTS('',1,(#969,#970),.UNSPECIFIED.,.F.,.F.,
  (2,2),(-0.117752584022,2.220390205445E-16),.PIECEWISE_BEZIER_KNOTS.);
#969 = CARTESIAN_POINT('',(-0.829609231335,5.0495,1.978534698137));
#970 = CARTESIAN_POINT('',(-0.947358853901,5.0495,1.977699575791));
#971 = ORIENTED_EDGE('',*,*,#972,.F.);
#972 = EDGE_CURVE('',#973,#966,#975,.T.);
#973 = VERTEX_POINT('',#974);
#974 = CARTESIAN_POINT('',(-0.828916798768,5.0495,1.880903885252));
#975 = B_SPLINE_CURVE_WITH_KNOTS('',1,(#976,#977),.UNSPECIFIED.,.F.,.F.,
  (2,2),(-9.763326834319E-02,-1.574779975303E-18),
  .PIECEWISE_BEZIER_KNOTS.);
#976 = CARTESIAN_POINT('',(-0.828916798768,5.0495,1.880903885252));
#977 = CARTESIAN_POINT('',(-0.829609231335,5.0495,1.978534698137));
#978 = ORIENTED_EDGE('',*,*,#979,.F.);
#979 = EDGE_CURVE('',#980,#973,#982,.T.);
#980 = VERTEX_POINT('',#981);
#981 = CARTESIAN_POINT('',(-0.938010654376,5.0495,1.880130152695));
#982 = B_SPLINE_CURVE_WITH_KNOTS('',1,(#983,#984),.UNSPECIFIED.,.F.,.F.,
  (2,2),(-0.109096599368,1.113344662673E-15),.PIECEWISE_BEZIER_KNOTS.);
#983 = CARTESIAN_POINT('',(-0.938010654376,5.0495,1.880130152695));
#984 = CARTESIAN_POINT('',(-0.828916798768,5.0495,1.880903885252));
#985 = ORIENTED_EDGE('',*,*,#986,.F.);
#986 = EDGE_CURVE('',#987,#980,#989,.T.);
#987 = VERTEX_POINT('',#988);
#988 = CARTESIAN_POINT('',(-0.937762882978,5.0495,1.845195165337));
#989 = B_SPLINE_CURVE_WITH_KNOTS('',1,(#990,#991),.UNSPECIFIED.,.F.,.F.,
  (2,2),(-3.493586598795E-02,-2.267633604704E-16),
  .PIECEWISE_BEZIER_KNOTS.);
#990 = CARTESIAN_POINT('',(-0.937762882978,5.0495,1.845195165337));
#991 = CARTESIAN_POINT('',(-0.938010654376,5.0495,1.880130152695));
#992 = ORIENTED_EDGE('',*,*,#993,.F.);
#993 = EDGE_CURVE('',#994,#987,#996,.T.);
#994 = VERTEX_POINT('',#995);
#995 = CARTESIAN_POINT('',(-0.82866902737,5.0495,1.845968897895));
#996 = B_SPLINE_CURVE_WITH_KNOTS('',1,(#997,#998),.UNSPECIFIED.,.F.,.F.,
  (2,2),(-0.109096599368,-2.251885804951E-16),.PIECEWISE_BEZIER_KNOTS.);
#997 = CARTESIAN_POINT('',(-0.82866902737,5.0495,1.845968897895));
#998 = CARTESIAN_POINT('',(-0.937762882978,5.0495,1.845195165337));
#999 = ORIENTED_EDGE('',*,*,#1000,.F.);
#1000 = EDGE_CURVE('',#1001,#994,#1003,.T.);
#1001 = VERTEX_POINT('',#1002);
#1002 = CARTESIAN_POINT('',(-0.827941198888,5.0495,1.743347372532));
#1003 = B_SPLINE_CURVE_WITH_KNOTS('',1,(#1004,#1005),.UNSPECIFIED.,.F.,
  .F.,(2,2),(-0.10262410634,-1.574779975302E-18),
  .PIECEWISE_BEZIER_KNOTS.);
#1004 = CARTESIAN_POINT('',(-0.827941198888,5.0495,1.743347372532));
#1005 = CARTESIAN_POINT('',(-0.82866902737,5.0495,1.845968897895));
#1006 = ORIENTED_EDGE('',*,*,#1007,.F.);
#1007 = EDGE_CURVE('',#931,#1001,#1008,.T.);
#1008 = B_SPLINE_CURVE_WITH_KNOTS('',1,(#1009,#1010),.UNSPECIFIED.,.F.,
  .F.,(2,2),(-0.124692968114,4.472276010395E-16),
  .PIECEWISE_BEZIER_KNOTS.);
#1009 = CARTESIAN_POINT('',(-0.952631030997,5.0495,1.742463027743));
#1010 = CARTESIAN_POINT('',(-0.827941198888,5.0495,1.743347372532));
#1011 = FACE_BOUND('',#1012,.T.);
#1012 = EDGE_LOOP('',(#1013,#1022,#1029,#1036,#1045,#1054,#1063));
#1013 = ORIENTED_EDGE('',*,*,#1014,.F.);
#1014 = EDGE_CURVE('',#1015,#1017,#1019,.T.);
#1015 = VERTEX_POINT('',#1016);
#1016 = CARTESIAN_POINT('',(-1.010011498885,5.0495,1.707275287956));
#1017 = VERTEX_POINT('',#1018);
#1018 = CARTESIAN_POINT('',(-1.09391785245,5.0495,1.706680194152));
#1019 = B_SPLINE_CURVE_WITH_KNOTS('',1,(#1020,#1021),.UNSPECIFIED.,.F.,
  .F.,(2,2),(-8.390846384681E-02,2.236138005198E-16),
  .PIECEWISE_BEZIER_KNOTS.);
#1020 = CARTESIAN_POINT('',(-1.010011498885,5.0495,1.707275287956));
#1021 = CARTESIAN_POINT('',(-1.09391785245,5.0495,1.706680194152));
#1022 = ORIENTED_EDGE('',*,*,#1023,.F.);
#1023 = EDGE_CURVE('',#1024,#1015,#1026,.T.);
#1024 = VERTEX_POINT('',#1025);
#1025 = CARTESIAN_POINT('',(-1.012175074129,5.0495,2.012332588276));
#1026 = B_SPLINE_CURVE_WITH_KNOTS('',1,(#1027,#1028),.UNSPECIFIED.,.F.,
  .F.,(2,2),(-0.305064972647,0.),.PIECEWISE_BEZIER_KNOTS.);
#1027 = CARTESIAN_POINT('',(-1.012175074129,5.0495,2.012332588276));
#1028 = CARTESIAN_POINT('',(-1.010011498885,5.0495,1.707275287956));
#1029 = ORIENTED_EDGE('',*,*,#1030,.F.);
#1030 = EDGE_CURVE('',#1031,#1024,#1033,.T.);
#1031 = VERTEX_POINT('',#1032);
#1032 = CARTESIAN_POINT('',(-1.099200622991,5.0495,2.011715372026));
#1033 = B_SPLINE_CURVE_WITH_KNOTS('',1,(#1034,#1035),.UNSPECIFIED.,.F.,
  .F.,(2,2),(-8.702773759428E-02,0.),.PIECEWISE_BEZIER_KNOTS.);
#1034 = CARTESIAN_POINT('',(-1.099200622991,5.0495,2.011715372026));
#1035 = CARTESIAN_POINT('',(-1.012175074129,5.0495,2.012332588276));
#1036 = ORIENTED_EDGE('',*,*,#1037,.F.);
#1037 = EDGE_CURVE('',#1038,#1031,#1040,.T.);
#1038 = VERTEX_POINT('',#1039);
#1039 = CARTESIAN_POINT('',(-1.214246383522,5.0495,1.970503815443));
#1040 = B_SPLINE_CURVE_WITH_KNOTS('',3,(#1041,#1042,#1043,#1044),
  .UNSPECIFIED.,.F.,.F.,(4,4),(2.,3.),.PIECEWISE_BEZIER_KNOTS.);
#1041 = CARTESIAN_POINT('',(-1.214246383522,5.0495,1.970503815443));
#1042 = CARTESIAN_POINT('',(-1.183791648863,5.0495,1.997702207819));
#1043 = CARTESIAN_POINT('',(-1.14544269331,5.0495,2.01138740676));
#1044 = CARTESIAN_POINT('',(-1.099200622991,5.0495,2.011715372026));
#1045 = ORIENTED_EDGE('',*,*,#1046,.F.);
#1046 = EDGE_CURVE('',#1047,#1038,#1049,.T.);
#1047 = VERTEX_POINT('',#1048);
#1048 = CARTESIAN_POINT('',(-1.259486865311,5.0495,1.861941432457));
#1049 = B_SPLINE_CURVE_WITH_KNOTS('',3,(#1050,#1051,#1052,#1053),
  .UNSPECIFIED.,.F.,.F.,(4,4),(3.,4.),.PIECEWISE_BEZIER_KNOTS.);
#1050 = CARTESIAN_POINT('',(-1.259486865311,5.0495,1.861941432457));
#1051 = CARTESIAN_POINT('',(-1.259807640781,5.0495,1.907169764304));
#1052 = CARTESIAN_POINT('',(-1.244701118183,5.0495,1.943305423065));
#1053 = CARTESIAN_POINT('',(-1.214246383522,5.0495,1.970503815443));
#1054 = ORIENTED_EDGE('',*,*,#1055,.F.);
#1055 = EDGE_CURVE('',#1056,#1047,#1058,.T.);
#1056 = VERTEX_POINT('',#1057);
#1057 = CARTESIAN_POINT('',(-1.212672371471,5.0495,1.748573069862));
#1058 = B_SPLINE_CURVE_WITH_KNOTS('',3,(#1059,#1060,#1061,#1062),
  .UNSPECIFIED.,.F.,.F.,(4,4),(4.,5.),.PIECEWISE_BEZIER_KNOTS.);
#1059 = CARTESIAN_POINT('',(-1.212672371471,5.0495,1.748573069862));
#1060 = CARTESIAN_POINT('',(-1.243520885676,5.0495,1.776896353822));
#1061 = CARTESIAN_POINT('',(-1.25915171025,5.0495,1.814685623665));
#1062 = CARTESIAN_POINT('',(-1.259486865311,5.0495,1.861941432457));
#1063 = ORIENTED_EDGE('',*,*,#1064,.F.);
#1064 = EDGE_CURVE('',#1017,#1056,#1065,.T.);
#1065 = B_SPLINE_CURVE_WITH_KNOTS('',3,(#1066,#1067,#1068,#1069),
  .UNSPECIFIED.,.F.,.F.,(4,4),(5.,6.),.PIECEWISE_BEZIER_KNOTS.);
#1066 = CARTESIAN_POINT('',(-1.09391785245,5.0495,1.706680194152));
#1067 = CARTESIAN_POINT('',(-1.142187399713,5.0495,1.706337849296));
#1068 = CARTESIAN_POINT('',(-1.181823857269,5.0495,1.720249785903));
#1069 = CARTESIAN_POINT('',(-1.212672371471,5.0495,1.748573069862));
#1070 = FACE_BOUND('',#1071,.T.);
#1071 = EDGE_LOOP('',(#1072,#1081,#1088,#1095,#1102,#1109,#1116,#1123));
#1072 = ORIENTED_EDGE('',*,*,#1073,.F.);
#1073 = EDGE_CURVE('',#1074,#1076,#1078,.T.);
#1074 = VERTEX_POINT('',#1075);
#1075 = CARTESIAN_POINT('',(-1.549788245513,5.0495,1.703446998633));
#1076 = VERTEX_POINT('',#1077);
#1077 = CARTESIAN_POINT('',(-1.435761795841,5.0495,2.009328360075));
#1078 = B_SPLINE_CURVE_WITH_KNOTS('',1,(#1079,#1080),.UNSPECIFIED.,.F.,
  .F.,(2,2),(-0.326443622243,7.755997128899E-17),
  .PIECEWISE_BEZIER_KNOTS.);
#1079 = CARTESIAN_POINT('',(-1.549788245513,5.0495,1.703446998633));
#1080 = CARTESIAN_POINT('',(-1.435761795841,5.0495,2.009328360075));
#1081 = ORIENTED_EDGE('',*,*,#1082,.F.);
#1082 = EDGE_CURVE('',#1083,#1074,#1085,.T.);
#1083 = VERTEX_POINT('',#1084);
#1084 = CARTESIAN_POINT('',(-1.506275471083,5.0495,1.703755606758));
#1085 = B_SPLINE_CURVE_WITH_KNOTS('',1,(#1086,#1087),.UNSPECIFIED.,.F.,
  .F.,(2,2),(-4.35138687961E-02,-0.),.PIECEWISE_BEZIER_KNOTS.);
#1086 = CARTESIAN_POINT('',(-1.506275471083,5.0495,1.703755606758));
#1087 = CARTESIAN_POINT('',(-1.549788245513,5.0495,1.703446998633));
#1088 = ORIENTED_EDGE('',*,*,#1089,.F.);
#1089 = EDGE_CURVE('',#1090,#1083,#1092,.T.);
#1090 = VERTEX_POINT('',#1091);
#1091 = CARTESIAN_POINT('',(-1.475753273403,5.0495,1.787414752427));
#1092 = B_SPLINE_CURVE_WITH_KNOTS('',1,(#1093,#1094),.UNSPECIFIED.,.F.,
  .F.,(2,2),(-8.905311451802E-02,7.61039000381E-17),
  .PIECEWISE_BEZIER_KNOTS.);
#1093 = CARTESIAN_POINT('',(-1.475753273403,5.0495,1.787414752427));
#1094 = CARTESIAN_POINT('',(-1.506275471083,5.0495,1.703755606758));
#1095 = ORIENTED_EDGE('',*,*,#1096,.F.);
#1096 = EDGE_CURVE('',#1097,#1090,#1099,.T.);
#1097 = VERTEX_POINT('',#1098);
#1098 = CARTESIAN_POINT('',(-1.348724044818,5.0495,1.788315689051));
#1099 = B_SPLINE_CURVE_WITH_KNOTS('',1,(#1100,#1101),.UNSPECIFIED.,.F.,
  .F.,(2,2),(-0.127032423427,6.676918416087E-16),
  .PIECEWISE_BEZIER_KNOTS.);
#1100 = CARTESIAN_POINT('',(-1.348724044818,5.0495,1.788315689051));
#1101 = CARTESIAN_POINT('',(-1.475753273403,5.0495,1.787414752427));
#1102 = ORIENTED_EDGE('',*,*,#1103,.F.);
#1103 = EDGE_CURVE('',#1104,#1097,#1106,.T.);
#1104 = VERTEX_POINT('',#1105);
#1105 = CARTESIAN_POINT('',(-1.318811833563,5.0495,1.705085165778));
#1106 = B_SPLINE_CURVE_WITH_KNOTS('',1,(#1107,#1108),.UNSPECIFIED.,.F.,
  .F.,(2,2),(-8.844241282615E-02,2.840575351316E-16),
  .PIECEWISE_BEZIER_KNOTS.);
#1107 = CARTESIAN_POINT('',(-1.318811833563,5.0495,1.705085165778));
#1108 = CARTESIAN_POINT('',(-1.348724044818,5.0495,1.788315689051));
#1109 = ORIENTED_EDGE('',*,*,#1110,.F.);
#1110 = EDGE_CURVE('',#1111,#1104,#1113,.T.);
#1111 = VERTEX_POINT('',#1112);
#1112 = CARTESIAN_POINT('',(-1.27529905913,5.0495,1.705393773903));
#1113 = B_SPLINE_CURVE_WITH_KNOTS('',1,(#1114,#1115),.UNSPECIFIED.,.F.,
  .F.,(2,2),(-4.351386879818E-02,4.440780410889E-16),
  .PIECEWISE_BEZIER_KNOTS.);
#1114 = CARTESIAN_POINT('',(-1.27529905913,5.0495,1.705393773903));
#1115 = CARTESIAN_POINT('',(-1.318811833563,5.0495,1.705085165778));
#1116 = ORIENTED_EDGE('',*,*,#1117,.F.);
#1117 = EDGE_CURVE('',#1118,#1111,#1120,.T.);
#1118 = VERTEX_POINT('',#1119);
#1119 = CARTESIAN_POINT('',(-1.393652659291,5.0495,2.0096270131));
#1120 = B_SPLINE_CURVE_WITH_KNOTS('',1,(#1121,#1122),.UNSPECIFIED.,.F.,
  .F.,(2,2),(-0.326443622243,-8.050326794151E-17),
  .PIECEWISE_BEZIER_KNOTS.);
#1121 = CARTESIAN_POINT('',(-1.393652659291,5.0495,2.0096270131));
#1122 = CARTESIAN_POINT('',(-1.27529905913,5.0495,1.705393773903));
#1123 = ORIENTED_EDGE('',*,*,#1124,.F.);
#1124 = EDGE_CURVE('',#1076,#1118,#1125,.T.);
#1125 = B_SPLINE_CURVE_WITH_KNOTS('',1,(#1126,#1127),.UNSPECIFIED.,.F.,
  .F.,(2,2),(-4.211019561276E-02,-2.188894605939E-16),
  .PIECEWISE_BEZIER_KNOTS.);
#1126 = CARTESIAN_POINT('',(-1.435761795841,5.0495,2.009328360075));
#1127 = CARTESIAN_POINT('',(-1.393652659291,5.0495,2.0096270131));
#1128 = FACE_BOUND('',#1129,.T.);
#1129 = EDGE_LOOP('',(#1130,#1141,#1150,#1159,#1166,#1175,#1184,#1193,
    #1200,#1209,#1218,#1227,#1236,#1245,#1254,#1263,#1272,#1281,#1290,
    #1297,#1304,#1311,#1320,#1329,#1338,#1347,#1356,#1365,#1374,#1383,
    #1392,#1401,#1410));
#1130 = ORIENTED_EDGE('',*,*,#1131,.F.);
#1131 = EDGE_CURVE('',#1132,#1134,#1136,.T.);
#1132 = VERTEX_POINT('',#1133);
#1133 = CARTESIAN_POINT('',(0.304209277768,5.0495,2.01920311189));
#1134 = VERTEX_POINT('',#1135);
#1135 = CARTESIAN_POINT('',(0.516917776456,5.0495,2.304855267185));
#1136 = B_SPLINE_CURVE_WITH_KNOTS('',3,(#1137,#1138,#1139,#1140),
  .UNSPECIFIED.,.F.,.F.,(4,4),(35.,36.),.PIECEWISE_BEZIER_KNOTS.);
#1137 = CARTESIAN_POINT('',(0.304209277768,5.0495,2.01920311189));
#1138 = CARTESIAN_POINT('',(0.305455203544,5.0495,2.1493539841));
#1139 = CARTESIAN_POINT('',(0.393565939142,5.0495,2.264937792959));
#1140 = CARTESIAN_POINT('',(0.516917776456,5.0495,2.304855267185));
#1141 = ORIENTED_EDGE('',*,*,#1142,.F.);
#1142 = EDGE_CURVE('',#1143,#1132,#1145,.T.);
#1143 = VERTEX_POINT('',#1144);
#1144 = CARTESIAN_POINT('',(0.38592092983,5.0495,1.813724285952));
#1145 = B_SPLINE_CURVE_WITH_KNOTS('',3,(#1146,#1147,#1148,#1149),
  .UNSPECIFIED.,.F.,.F.,(4,4),(34.,35.),.PIECEWISE_BEZIER_KNOTS.);
#1146 = CARTESIAN_POINT('',(0.38592092983,5.0495,1.813724285952));
#1147 = CARTESIAN_POINT('',(0.333466715249,5.0495,1.86974714682));
#1148 = CARTESIAN_POINT('',(0.304747675722,5.0495,1.943290694667));
#1149 = CARTESIAN_POINT('',(0.304209277768,5.0495,2.01920311189));
#1150 = ORIENTED_EDGE('',*,*,#1151,.F.);
#1151 = EDGE_CURVE('',#1152,#1143,#1154,.T.);
#1152 = VERTEX_POINT('',#1153);
#1153 = CARTESIAN_POINT('',(0.583985407457,5.0495,1.717522441111));
#1154 = B_SPLINE_CURVE_WITH_KNOTS('',3,(#1155,#1156,#1157,#1158),
  .UNSPECIFIED.,.F.,.F.,(4,4),(33.,34.),.PIECEWISE_BEZIER_KNOTS.);
#1155 = CARTESIAN_POINT('',(0.583985407457,5.0495,1.717522441111));
#1156 = CARTESIAN_POINT('',(0.508026841956,5.0495,1.723490805228));
#1157 = CARTESIAN_POINT('',(0.438375061671,5.0495,1.757701424498));
#1158 = CARTESIAN_POINT('',(0.38592092983,5.0495,1.813724285952));
#1159 = ORIENTED_EDGE('',*,*,#1160,.F.);
#1160 = EDGE_CURVE('',#1161,#1152,#1163,.T.);
#1161 = VERTEX_POINT('',#1162);
#1162 = CARTESIAN_POINT('',(0.711952003992,5.0495,1.718430025882));
#1163 = B_SPLINE_CURVE_WITH_KNOTS('',1,(#1164,#1165),.UNSPECIFIED.,.F.,
  .F.,(2,2),(-0.121462889232,6.506925720194E-03),
  .PIECEWISE_BEZIER_KNOTS.);
#1164 = CARTESIAN_POINT('',(0.711952003992,5.0495,1.718430025882));
#1165 = CARTESIAN_POINT('',(0.583985407457,5.0495,1.717522441111));
#1166 = ORIENTED_EDGE('',*,*,#1167,.F.);
#1167 = EDGE_CURVE('',#1168,#1161,#1170,.T.);
#1168 = VERTEX_POINT('',#1169);
#1169 = CARTESIAN_POINT('',(0.774374030547,5.0495,1.786112806584));
#1170 = B_SPLINE_CURVE_WITH_KNOTS('',3,(#1171,#1172,#1173,#1174),
  .UNSPECIFIED.,.F.,.F.,(4,4),(28.,29.),.PIECEWISE_BEZIER_KNOTS.);
#1171 = CARTESIAN_POINT('',(0.774374030547,5.0495,1.786112806584));
#1172 = CARTESIAN_POINT('',(0.774620155092,5.0495,1.751410020376));
#1173 = CARTESIAN_POINT('',(0.746639490374,5.0495,1.720845044124));
#1174 = CARTESIAN_POINT('',(0.711952003992,5.0495,1.718430025882));
#1175 = ORIENTED_EDGE('',*,*,#1176,.F.);
#1176 = EDGE_CURVE('',#1177,#1168,#1179,.T.);
#1177 = VERTEX_POINT('',#1178);
#1178 = CARTESIAN_POINT('',(0.706660484719,5.0495,1.852872619362));
#1179 = B_SPLINE_CURVE_WITH_KNOTS('',3,(#1180,#1181,#1182,#1183),
  .UNSPECIFIED.,.F.,.F.,(4,4),(27.,28.),.PIECEWISE_BEZIER_KNOTS.);
#1180 = CARTESIAN_POINT('',(0.706660484719,5.0495,1.852872619362));
#1181 = CARTESIAN_POINT('',(0.743532246776,5.0495,1.853134127057));
#1182 = CARTESIAN_POINT('',(0.774112523439,5.0495,1.822984485903));
#1183 = CARTESIAN_POINT('',(0.774374030547,5.0495,1.786112806584));
#1184 = ORIENTED_EDGE('',*,*,#1185,.F.);
#1185 = EDGE_CURVE('',#1186,#1177,#1188,.T.);
#1186 = VERTEX_POINT('',#1187);
#1187 = CARTESIAN_POINT('',(0.69366234314,5.0495,1.850611429693));
#1188 = B_SPLINE_CURVE_WITH_KNOTS('',3,(#1189,#1190,#1191,#1192),
  .UNSPECIFIED.,.F.,.F.,(4,4),(26.,27.),.PIECEWISE_BEZIER_KNOTS.);
#1189 = CARTESIAN_POINT('',(0.69366234314,5.0495,1.850611429693));
#1190 = CARTESIAN_POINT('',(0.698000212101,5.0495,1.850642195408));
#1191 = CARTESIAN_POINT('',(0.702322698497,5.0495,1.852841854234));
#1192 = CARTESIAN_POINT('',(0.706660484719,5.0495,1.852872619362));
#1193 = ORIENTED_EDGE('',*,*,#1194,.F.);
#1194 = EDGE_CURVE('',#1195,#1186,#1197,.T.);
#1195 = VERTEX_POINT('',#1196);
#1196 = CARTESIAN_POINT('',(0.596060663852,5.0495,1.849919203752));
#1197 = B_SPLINE_CURVE_WITH_KNOTS('',1,(#1198,#1199),.UNSPECIFIED.,.F.,
  .F.,(2,2),(8.865813022025E-16,9.760413401376E-02),
  .PIECEWISE_BEZIER_KNOTS.);
#1198 = CARTESIAN_POINT('',(0.596060663852,5.0495,1.849919203752));
#1199 = CARTESIAN_POINT('',(0.69366234314,5.0495,1.850611429693));
#1200 = ORIENTED_EDGE('',*,*,#1201,.F.);
#1201 = EDGE_CURVE('',#1202,#1195,#1204,.T.);
#1202 = VERTEX_POINT('',#1203);
#1203 = CARTESIAN_POINT('',(0.438698102263,5.0495,2.017987869679));
#1204 = B_SPLINE_CURVE_WITH_KNOTS('',3,(#1205,#1206,#1207,#1208),
  .UNSPECIFIED.,.F.,.F.,(4,4),(24.,25.),.PIECEWISE_BEZIER_KNOTS.);
#1205 = CARTESIAN_POINT('',(0.438698102263,5.0495,2.017987869679));
#1206 = CARTESIAN_POINT('',(0.439328797068,5.0495,1.929061886942));
#1207 = CARTESIAN_POINT('',(0.507088491469,5.0495,1.855795270725));
#1208 = CARTESIAN_POINT('',(0.596060663852,5.0495,1.849919203752));
#1209 = ORIENTED_EDGE('',*,*,#1210,.F.);
#1210 = EDGE_CURVE('',#1211,#1202,#1213,.T.);
#1211 = VERTEX_POINT('',#1212);
#1212 = CARTESIAN_POINT('',(0.606674471632,5.0495,2.188363955411));
#1213 = B_SPLINE_CURVE_WITH_KNOTS('',3,(#1214,#1215,#1216,#1217),
  .UNSPECIFIED.,.F.,.F.,(4,4),(23.,24.),.PIECEWISE_BEZIER_KNOTS.);
#1214 = CARTESIAN_POINT('',(0.606674471632,5.0495,2.188363955411));
#1215 = CARTESIAN_POINT('',(0.513410661305,5.0495,2.187702495184));
#1216 = CARTESIAN_POINT('',(0.438036642036,5.0495,2.111251680006));
#1217 = CARTESIAN_POINT('',(0.438698102263,5.0495,2.017987869679));
#1218 = ORIENTED_EDGE('',*,*,#1219,.F.);
#1219 = EDGE_CURVE('',#1220,#1211,#1222,.T.);
#1220 = VERTEX_POINT('',#1221);
#1221 = CARTESIAN_POINT('',(0.624025864736,5.0495,2.188487017684));
#1222 = B_SPLINE_CURVE_WITH_KNOTS('',3,(#1223,#1224,#1225,#1226),
  .UNSPECIFIED.,.F.,.F.,(4,4),(22.,23.),.PIECEWISE_BEZIER_KNOTS.);
#1223 = CARTESIAN_POINT('',(0.624025864736,5.0495,2.188487017684));
#1224 = CARTESIAN_POINT('',(0.617519102665,5.0495,2.188440869405));
#1225 = CARTESIAN_POINT('',(0.613181233704,5.0495,2.18841010369));
#1226 = CARTESIAN_POINT('',(0.606674471632,5.0495,2.188363955411));
#1227 = ORIENTED_EDGE('',*,*,#1228,.F.);
#1228 = EDGE_CURVE('',#1229,#1220,#1231,.T.);
#1229 = VERTEX_POINT('',#1230);
#1230 = CARTESIAN_POINT('',(0.925752683793,5.0495,2.461756385302));
#1231 = B_SPLINE_CURVE_WITH_KNOTS('',3,(#1232,#1233,#1234,#1235),
  .UNSPECIFIED.,.F.,.F.,(4,4),(21.,22.),.PIECEWISE_BEZIER_KNOTS.);
#1232 = CARTESIAN_POINT('',(0.925752683793,5.0495,2.461756385302));
#1233 = CARTESIAN_POINT('',(0.769589980385,5.0495,2.460648823678));
#1234 = CARTESIAN_POINT('',(0.640300461931,5.0495,2.340434914403));
#1235 = CARTESIAN_POINT('',(0.624025864736,5.0495,2.188487017684));
#1236 = ORIENTED_EDGE('',*,*,#1237,.F.);
#1237 = EDGE_CURVE('',#1238,#1229,#1240,.T.);
#1238 = VERTEX_POINT('',#1239);
#1239 = CARTESIAN_POINT('',(1.217865493663,5.0495,2.255600879994));
#1240 = B_SPLINE_CURVE_WITH_KNOTS('',3,(#1241,#1242,#1243,#1244),
  .UNSPECIFIED.,.F.,.F.,(4,4),(20.,21.),.PIECEWISE_BEZIER_KNOTS.);
#1241 = CARTESIAN_POINT('',(1.217865493663,5.0495,2.255600879994));
#1242 = CARTESIAN_POINT('',(1.175794509478,5.0495,2.376768358898));
#1243 = CARTESIAN_POINT('',(1.062395018249,5.0495,2.462725501503));
#1244 = CARTESIAN_POINT('',(0.925752683793,5.0495,2.461756385302));
#1245 = ORIENTED_EDGE('',*,*,#1246,.F.);
#1246 = EDGE_CURVE('',#1247,#1238,#1249,.T.);
#1247 = VERTEX_POINT('',#1248);
#1248 = CARTESIAN_POINT('',(1.332587824074,5.0495,2.288950061305));
#1249 = B_SPLINE_CURVE_WITH_KNOTS('',3,(#1250,#1251,#1252,#1253),
  .UNSPECIFIED.,.F.,.F.,(4,4),(19.,20.),.PIECEWISE_BEZIER_KNOTS.);
#1250 = CARTESIAN_POINT('',(1.332587824074,5.0495,2.288950061305));
#1251 = CARTESIAN_POINT('',(1.291378234425,5.0495,2.288657788188));
#1252 = CARTESIAN_POINT('',(1.250260941628,5.0495,2.27535194956));
#1253 = CARTESIAN_POINT('',(1.217865493663,5.0495,2.255600879994));
#1254 = ORIENTED_EDGE('',*,*,#1255,.F.);
#1255 = EDGE_CURVE('',#1256,#1247,#1258,.T.);
#1256 = VERTEX_POINT('',#1257);
#1257 = CARTESIAN_POINT('',(1.551018724583,5.0495,2.073595720536));
#1258 = B_SPLINE_CURVE_WITH_KNOTS('',3,(#1259,#1260,#1261,#1262),
  .UNSPECIFIED.,.F.,.F.,(4,4),(18.,19.),.PIECEWISE_BEZIER_KNOTS.);
#1259 = CARTESIAN_POINT('',(1.551018724583,5.0495,2.073595720536));
#1260 = CARTESIAN_POINT('',(1.550172670655,5.0495,2.192886661888));
#1261 = CARTESIAN_POINT('',(1.451878765425,5.0495,2.289796115234));
#1262 = CARTESIAN_POINT('',(1.332587824074,5.0495,2.288950061305));
#1263 = ORIENTED_EDGE('',*,*,#1264,.F.);
#1264 = EDGE_CURVE('',#1265,#1256,#1267,.T.);
#1265 = VERTEX_POINT('',#1266);
#1266 = CARTESIAN_POINT('',(1.422298369798,5.0495,1.873131525079));
#1267 = B_SPLINE_CURVE_WITH_KNOTS('',3,(#1268,#1269,#1270,#1271),
  .UNSPECIFIED.,.F.,.F.,(4,4),(17.,18.),.PIECEWISE_BEZIER_KNOTS.);
#1268 = CARTESIAN_POINT('',(1.422298369798,5.0495,1.873131525079));
#1269 = CARTESIAN_POINT('',(1.497964662183,5.0495,1.908372750608));
#1270 = CARTESIAN_POINT('',(1.551649419389,5.0495,1.984669737799));
#1271 = CARTESIAN_POINT('',(1.551018724583,5.0495,2.073595720536));
#1272 = ORIENTED_EDGE('',*,*,#1273,.F.);
#1273 = EDGE_CURVE('',#1274,#1265,#1276,.T.);
#1274 = VERTEX_POINT('',#1275);
#1275 = CARTESIAN_POINT('',(1.217404049897,5.0495,2.014834679954));
#1276 = B_SPLINE_CURVE_WITH_KNOTS('',3,(#1277,#1278,#1279,#1280),
  .UNSPECIFIED.,.F.,.F.,(4,4),(16.,17.),.PIECEWISE_BEZIER_KNOTS.);
#1277 = CARTESIAN_POINT('',(1.217404049897,5.0495,2.014834679954));
#1278 = CARTESIAN_POINT('',(1.310667901593,5.0495,2.015496140475));
#1279 = CARTESIAN_POINT('',(1.391348864655,5.0495,1.95533538662));
#1280 = CARTESIAN_POINT('',(1.422298369798,5.0495,1.873131525079));
#1281 = ORIENTED_EDGE('',*,*,#1282,.F.);
#1282 = EDGE_CURVE('',#1283,#1274,#1285,.T.);
#1283 = VERTEX_POINT('',#1284);
#1284 = CARTESIAN_POINT('',(1.055257599514,5.0495,1.939937487308));
#1285 = B_SPLINE_CURVE_WITH_KNOTS('',3,(#1286,#1287,#1288,#1289),
  .UNSPECIFIED.,.F.,.F.,(4,4),(15.,16.),.PIECEWISE_BEZIER_KNOTS.);
#1286 = CARTESIAN_POINT('',(1.055257599514,5.0495,1.939937487308));
#1287 = CARTESIAN_POINT('',(1.093975215851,5.0495,1.985761836175));
#1288 = CARTESIAN_POINT('',(1.152336263705,5.0495,2.014373195993));
#1289 = CARTESIAN_POINT('',(1.217404049897,5.0495,2.014834679954));
#1290 = ORIENTED_EDGE('',*,*,#1291,.F.);
#1291 = EDGE_CURVE('',#1292,#1283,#1294,.T.);
#1292 = VERTEX_POINT('',#1293);
#1293 = CARTESIAN_POINT('',(0.763544700222,5.0495,2.089701026787));
#1294 = B_SPLINE_CURVE_WITH_KNOTS('',1,(#1295,#1296),.UNSPECIFIED.,.F.,
  .F.,(2,2),(5.291366155485E-18,0.327910861929),
  .PIECEWISE_BEZIER_KNOTS.);
#1295 = CARTESIAN_POINT('',(0.763544700222,5.0495,2.089701026787));
#1296 = CARTESIAN_POINT('',(1.055257599514,5.0495,1.939937487308));
#1297 = ORIENTED_EDGE('',*,*,#1298,.F.);
#1298 = EDGE_CURVE('',#1299,#1292,#1301,.T.);
#1299 = VERTEX_POINT('',#1300);
#1300 = CARTESIAN_POINT('',(0.697123309426,5.0495,1.974271046502));
#1301 = B_SPLINE_CURVE_WITH_KNOTS('',1,(#1302,#1303),.UNSPECIFIED.,.F.,
  .F.,(2,2),(-5.537220340701E-16,0.133176129632),
  .PIECEWISE_BEZIER_KNOTS.);
#1302 = CARTESIAN_POINT('',(0.697123309426,5.0495,1.974271046502));
#1303 = CARTESIAN_POINT('',(0.763544700222,5.0495,2.089701026787));
#1304 = ORIENTED_EDGE('',*,*,#1305,.F.);
#1305 = EDGE_CURVE('',#1306,#1299,#1308,.T.);
#1306 = VERTEX_POINT('',#1307);
#1307 = CARTESIAN_POINT('',(1.001911305366,5.0495,1.815924107322));
#1308 = B_SPLINE_CURVE_WITH_KNOTS('',1,(#1309,#1310),.UNSPECIFIED.,.F.,
  .F.,(2,2),(1.100651219731E-16,0.343466847916),
  .PIECEWISE_BEZIER_KNOTS.);
#1309 = CARTESIAN_POINT('',(1.001911305366,5.0495,1.815924107322));
#1310 = CARTESIAN_POINT('',(0.697123309426,5.0495,1.974271046502));
#1311 = ORIENTED_EDGE('',*,*,#1312,.F.);
#1312 = EDGE_CURVE('',#1313,#1306,#1315,.T.);
#1313 = VERTEX_POINT('',#1314);
#1314 = CARTESIAN_POINT('',(1.002065133354,5.0495,1.794234845256));
#1315 = B_SPLINE_CURVE_WITH_KNOTS('',3,(#1316,#1317,#1318,#1319),
  .UNSPECIFIED.,.F.,.F.,(4,4),(11.,12.),.PIECEWISE_BEZIER_KNOTS.);
#1316 = CARTESIAN_POINT('',(1.002065133354,5.0495,1.794234845256));
#1317 = CARTESIAN_POINT('',(1.002018985075,5.0495,1.800741607328));
#1318 = CARTESIAN_POINT('',(1.001972836796,5.0495,1.807248369401));
#1319 = CARTESIAN_POINT('',(1.001911305366,5.0495,1.815924107322));
#1320 = ORIENTED_EDGE('',*,*,#1321,.F.);
#1321 = EDGE_CURVE('',#1322,#1313,#1324,.T.);
#1322 = VERTEX_POINT('',#1323);
#1323 = CARTESIAN_POINT('',(1.220496033864,5.0495,1.578880504488));
#1324 = B_SPLINE_CURVE_WITH_KNOTS('',3,(#1325,#1326,#1327,#1328),
  .UNSPECIFIED.,.F.,.F.,(4,4),(10.,11.),.PIECEWISE_BEZIER_KNOTS.);
#1325 = CARTESIAN_POINT('',(1.220496033864,5.0495,1.578880504488));
#1326 = CARTESIAN_POINT('',(1.101205092513,5.0495,1.578034450559));
#1327 = CARTESIAN_POINT('',(1.002911187282,5.0495,1.674943903904));
#1328 = CARTESIAN_POINT('',(1.002065133354,5.0495,1.794234845256));
#1329 = ORIENTED_EDGE('',*,*,#1330,.F.);
#1330 = EDGE_CURVE('',#1331,#1322,#1333,.T.);
#1331 = VERTEX_POINT('',#1332);
#1332 = CARTESIAN_POINT('',(1.425498013963,5.0495,1.727828835999));
#1333 = B_SPLINE_CURVE_WITH_KNOTS('',3,(#1334,#1335,#1336,#1337),
  .UNSPECIFIED.,.F.,.F.,(4,4),(9.,10.),.PIECEWISE_BEZIER_KNOTS.);
#1334 = CARTESIAN_POINT('',(1.425498013963,5.0495,1.727828835999));
#1335 = CARTESIAN_POINT('',(1.397917281091,5.0495,1.640871811329));
#1336 = CARTESIAN_POINT('',(1.315928820041,5.0495,1.579557347865));
#1337 = CARTESIAN_POINT('',(1.220496033864,5.0495,1.578880504488));
#1338 = ORIENTED_EDGE('',*,*,#1339,.F.);
#1339 = EDGE_CURVE('',#1340,#1331,#1342,.T.);
#1340 = VERTEX_POINT('',#1341);
#1341 = CARTESIAN_POINT('',(1.598273736253,5.0495,1.833167901255));
#1342 = B_SPLINE_CURVE_WITH_KNOTS('',3,(#1343,#1344,#1345,#1346),
  .UNSPECIFIED.,.F.,.F.,(4,4),(8.,9.),.PIECEWISE_BEZIER_KNOTS.);
#1343 = CARTESIAN_POINT('',(1.598273736253,5.0495,1.833167901255));
#1344 = CARTESIAN_POINT('',(1.550926551254,5.0495,1.780775217663));
#1345 = CARTESIAN_POINT('',(1.492611651677,5.0495,1.745657095775));
#1346 = CARTESIAN_POINT('',(1.425498013963,5.0495,1.727828835999));
#1347 = ORIENTED_EDGE('',*,*,#1348,.F.);
#1348 = EDGE_CURVE('',#1349,#1340,#1351,.T.);
#1349 = VERTEX_POINT('',#1350);
#1350 = CARTESIAN_POINT('',(1.687691908078,5.0495,2.070226885627));
#1351 = B_SPLINE_CURVE_WITH_KNOTS('',3,(#1352,#1353,#1354,#1355),
  .UNSPECIFIED.,.F.,.F.,(4,4),(7.,8.),.PIECEWISE_BEZIER_KNOTS.);
#1352 = CARTESIAN_POINT('',(1.687691908078,5.0495,2.070226885627));
#1353 = CARTESIAN_POINT('',(1.688307220026,5.0495,1.983469837369));
#1354 = CARTESIAN_POINT('',(1.656373256316,5.0495,1.898650940244));
#1355 = CARTESIAN_POINT('',(1.598273736253,5.0495,1.833167901255));
#1356 = ORIENTED_EDGE('',*,*,#1357,.F.);
#1357 = EDGE_CURVE('',#1358,#1349,#1360,.T.);
#1358 = VERTEX_POINT('',#1359);
#1359 = CARTESIAN_POINT('',(1.583998679614,5.0495,2.316761452247));
#1360 = B_SPLINE_CURVE_WITH_KNOTS('',3,(#1361,#1362,#1363,#1364),
  .UNSPECIFIED.,.F.,.F.,(4,4),(6.,7.),.PIECEWISE_BEZIER_KNOTS.);
#1361 = CARTESIAN_POINT('',(1.583998679614,5.0495,2.316761452247));
#1362 = CARTESIAN_POINT('',(1.649528006503,5.0495,2.252155171104));
#1363 = CARTESIAN_POINT('',(1.687030447851,5.0495,2.163490695952));
#1364 = CARTESIAN_POINT('',(1.687691908078,5.0495,2.070226885627));
#1365 = ORIENTED_EDGE('',*,*,#1366,.F.);
#1366 = EDGE_CURVE('',#1367,#1358,#1369,.T.);
#1367 = VERTEX_POINT('',#1368);
#1368 = CARTESIAN_POINT('',(1.333833791511,5.0495,2.419100892439));
#1369 = B_SPLINE_CURVE_WITH_KNOTS('',3,(#1370,#1371,#1372,#1373),
  .UNSPECIFIED.,.F.,.F.,(4,4),(5.,6.),.PIECEWISE_BEZIER_KNOTS.);
#1370 = CARTESIAN_POINT('',(1.333833791511,5.0495,2.419100892439));
#1371 = CARTESIAN_POINT('',(1.427097622523,5.0495,2.419762352813));
#1372 = CARTESIAN_POINT('',(1.516285092123,5.0495,2.383521306102));
#1373 = CARTESIAN_POINT('',(1.583998679614,5.0495,2.316761452247));
#1374 = ORIENTED_EDGE('',*,*,#1375,.F.);
#1375 = EDGE_CURVE('',#1376,#1367,#1378,.T.);
#1376 = VERTEX_POINT('',#1377);
#1377 = CARTESIAN_POINT('',(1.28397927088,5.0495,2.414409239911));
#1378 = B_SPLINE_CURVE_WITH_KNOTS('',3,(#1379,#1380,#1381,#1382),
  .UNSPECIFIED.,.F.,.F.,(4,4),(4.,5.),.PIECEWISE_BEZIER_KNOTS.);
#1379 = CARTESIAN_POINT('',(1.28397927088,5.0495,2.414409239911));
#1380 = CARTESIAN_POINT('',(1.301315281126,5.0495,2.416701236663));
#1381 = CARTESIAN_POINT('',(1.316482398408,5.0495,2.418977830167));
#1382 = CARTESIAN_POINT('',(1.333833791511,5.0495,2.419100892439));
#1383 = ORIENTED_EDGE('',*,*,#1384,.F.);
#1384 = EDGE_CURVE('',#1385,#1376,#1387,.T.);
#1385 = VERTEX_POINT('',#1386);
#1386 = CARTESIAN_POINT('',(1.187869682915,5.0495,2.509165151975));
#1387 = B_SPLINE_CURVE_WITH_KNOTS('',3,(#1388,#1389,#1390,#1391),
  .UNSPECIFIED.,.F.,.F.,(4,4),(3.,4.),.PIECEWISE_BEZIER_KNOTS.);
#1388 = CARTESIAN_POINT('',(1.187869682915,5.0495,2.509165151975));
#1389 = CARTESIAN_POINT('',(1.2249260386,5.0495,2.483399538989));
#1390 = CARTESIAN_POINT('',(1.255521739195,5.0495,2.451081005017));
#1391 = CARTESIAN_POINT('',(1.28397927088,5.0495,2.414409239911));
#1392 = ORIENTED_EDGE('',*,*,#1393,.F.);
#1393 = EDGE_CURVE('',#1394,#1385,#1396,.T.);
#1394 = VERTEX_POINT('',#1395);
#1395 = CARTESIAN_POINT('',(0.926998608983,5.0495,2.59190734025));
#1396 = B_SPLINE_CURVE_WITH_KNOTS('',3,(#1397,#1398,#1399,#1400),
  .UNSPECIFIED.,.F.,.F.,(4,4),(2.,3.),.PIECEWISE_BEZIER_KNOTS.);
#1397 = CARTESIAN_POINT('',(0.926998608983,5.0495,2.59190734025));
#1398 = CARTESIAN_POINT('',(1.02243135379,5.0495,2.592584183334));
#1399 = CARTESIAN_POINT('',(1.111572695704,5.0495,2.562849911767));
#1400 = CARTESIAN_POINT('',(1.187869682915,5.0495,2.509165151975));
#1401 = ORIENTED_EDGE('',*,*,#1402,.F.);
#1402 = EDGE_CURVE('',#1403,#1394,#1405,.T.);
#1403 = VERTEX_POINT('',#1404);
#1404 = CARTESIAN_POINT('',(0.632824583584,5.0495,2.477031110922));
#1405 = B_SPLINE_CURVE_WITH_KNOTS('',3,(#1406,#1407,#1408,#1409),
  .UNSPECIFIED.,.F.,.F.,(4,4),(1.,2.),.PIECEWISE_BEZIER_KNOTS.);
#1406 = CARTESIAN_POINT('',(0.632824583584,5.0495,2.477031110922));
#1407 = CARTESIAN_POINT('',(0.714736130475,5.0495,2.54919022869));
#1408 = CARTESIAN_POINT('',(0.818552298663,5.0495,2.591138200314));
#1409 = CARTESIAN_POINT('',(0.926998608983,5.0495,2.59190734025));
#1410 = ORIENTED_EDGE('',*,*,#1411,.F.);
#1411 = EDGE_CURVE('',#1134,#1403,#1412,.T.);
#1412 = B_SPLINE_CURVE_WITH_KNOTS('',3,(#1413,#1414,#1415,#1416),
  .UNSPECIFIED.,.F.,.F.,(4,4),(0.,1.),.PIECEWISE_BEZIER_KNOTS.);
#1413 = CARTESIAN_POINT('',(0.516917776456,5.0495,2.304855267185));
#1414 = CARTESIAN_POINT('',(0.54031444767,5.0495,2.370092263926));
#1415 = CARTESIAN_POINT('',(0.581108743151,5.0495,2.428945540773));
#1416 = CARTESIAN_POINT('',(0.632824583584,5.0495,2.477031110922));
#1417 = B_SPLINE_SURFACE_WITH_KNOTS('',1,1,(
    (#1418,#1419)
    ,(#1420,#1421
    )),.UNSPECIFIED.,.F.,.F.,.F.,(2,2),(2,2),(0.,4.),(0.5,9.6),
  .PIECEWISE_BEZIER_KNOTS.);
#1418 = CARTESIAN_POINT('',(-4.55,5.0495,4.2000001));
#1419 = CARTESIAN_POINT('',(4.55,5.0495,4.2000001));
#1420 = CARTESIAN_POINT('',(-4.55,5.0495,0.2000001));
#1421 = CARTESIAN_POINT('',(4.55,5.0495,0.2000001));
#1422 = ADVANCED_FACE('',(#1423),#1481,.T.);
#1423 = FACE_BOUND('',#1424,.T.);
#1424 = EDGE_LOOP('',(#1425,#1434,#1441,#1448,#1455,#1462,#1469,#1476));
#1425 = ORIENTED_EDGE('',*,*,#1426,.F.);
#1426 = EDGE_CURVE('',#1427,#1429,#1431,.T.);
#1427 = VERTEX_POINT('',#1428);
#1428 = CARTESIAN_POINT('',(5.15,-0.4005,3.0000001));
#1429 = VERTEX_POINT('',#1430);
#1430 = CARTESIAN_POINT('',(5.15,-1.5005,3.0000001));
#1431 = B_SPLINE_CURVE_WITH_KNOTS('',1,(#1432,#1433),.UNSPECIFIED.,.F.,
  .F.,(2,2),(1.9,3.),.PIECEWISE_BEZIER_KNOTS.);
#1432 = CARTESIAN_POINT('',(5.15,-0.4005,3.0000001));
#1433 = CARTESIAN_POINT('',(5.15,-1.5005,3.0000001));
#1434 = ORIENTED_EDGE('',*,*,#1435,.T.);
#1435 = EDGE_CURVE('',#1427,#1436,#1438,.T.);
#1436 = VERTEX_POINT('',#1437);
#1437 = CARTESIAN_POINT('',(5.1,-0.4005,3.0000001));
#1438 = B_SPLINE_CURVE_WITH_KNOTS('',1,(#1439,#1440),.UNSPECIFIED.,.F.,
  .F.,(2,2),(-10.3,-10.25),.PIECEWISE_BEZIER_KNOTS.);
#1439 = CARTESIAN_POINT('',(5.15,-0.4005,3.0000001));
#1440 = CARTESIAN_POINT('',(5.1,-0.4005,3.0000001));
#1441 = ORIENTED_EDGE('',*,*,#1442,.F.);
#1442 = EDGE_CURVE('',#1443,#1436,#1445,.T.);
#1443 = VERTEX_POINT('',#1444);
#1444 = CARTESIAN_POINT('',(5.1,0.3995,3.0000001));
#1445 = B_SPLINE_CURVE_WITH_KNOTS('',1,(#1446,#1447),.UNSPECIFIED.,.F.,
  .F.,(2,2),(1.1,1.9),.PIECEWISE_BEZIER_KNOTS.);
#1446 = CARTESIAN_POINT('',(5.1,0.3995,3.0000001));
#1447 = CARTESIAN_POINT('',(5.1,-0.4005,3.0000001));
#1448 = ORIENTED_EDGE('',*,*,#1449,.T.);
#1449 = EDGE_CURVE('',#1443,#1450,#1452,.T.);
#1450 = VERTEX_POINT('',#1451);
#1451 = CARTESIAN_POINT('',(5.15,0.3995,3.0000001));
#1452 = B_SPLINE_CURVE_WITH_KNOTS('',1,(#1453,#1454),.UNSPECIFIED.,.F.,
  .F.,(2,2),(10.25,10.3),.PIECEWISE_BEZIER_KNOTS.);
#1453 = CARTESIAN_POINT('',(5.1,0.3995,3.0000001));
#1454 = CARTESIAN_POINT('',(5.15,0.3995,3.0000001));
#1455 = ORIENTED_EDGE('',*,*,#1456,.F.);
#1456 = EDGE_CURVE('',#1457,#1450,#1459,.T.);
#1457 = VERTEX_POINT('',#1458);
#1458 = CARTESIAN_POINT('',(5.15,1.4995,3.0000001));
#1459 = B_SPLINE_CURVE_WITH_KNOTS('',1,(#1460,#1461),.UNSPECIFIED.,.F.,
  .F.,(2,2),(-0.,1.1),.PIECEWISE_BEZIER_KNOTS.);
#1460 = CARTESIAN_POINT('',(5.15,1.4995,3.0000001));
#1461 = CARTESIAN_POINT('',(5.15,0.3995,3.0000001));
#1462 = ORIENTED_EDGE('',*,*,#1463,.T.);
#1463 = EDGE_CURVE('',#1457,#1464,#1466,.T.);
#1464 = VERTEX_POINT('',#1465);
#1465 = CARTESIAN_POINT('',(5.05,1.4995,3.0000001));
#1466 = B_SPLINE_CURVE_WITH_KNOTS('',1,(#1467,#1468),.UNSPECIFIED.,.F.,
  .F.,(2,2),(-10.3,-10.2),.PIECEWISE_BEZIER_KNOTS.);
#1467 = CARTESIAN_POINT('',(5.15,1.4995,3.0000001));
#1468 = CARTESIAN_POINT('',(5.05,1.4995,3.0000001));
#1469 = ORIENTED_EDGE('',*,*,#1470,.F.);
#1470 = EDGE_CURVE('',#1471,#1464,#1473,.T.);
#1471 = VERTEX_POINT('',#1472);
#1472 = CARTESIAN_POINT('',(5.05,-1.5005,3.0000001));
#1473 = B_SPLINE_CURVE_WITH_KNOTS('',1,(#1474,#1475),.UNSPECIFIED.,.F.,
  .F.,(2,2),(3.55,6.55),.PIECEWISE_BEZIER_KNOTS.);
#1474 = CARTESIAN_POINT('',(5.05,-1.5005,3.0000001));
#1475 = CARTESIAN_POINT('',(5.05,1.4995,3.0000001));
#1476 = ORIENTED_EDGE('',*,*,#1477,.F.);
#1477 = EDGE_CURVE('',#1429,#1471,#1478,.T.);
#1478 = B_SPLINE_CURVE_WITH_KNOTS('',1,(#1479,#1480),.UNSPECIFIED.,.F.,
  .F.,(2,2),(-10.3,-10.2),.PIECEWISE_BEZIER_KNOTS.);
#1479 = CARTESIAN_POINT('',(5.15,-1.5005,3.0000001));
#1480 = CARTESIAN_POINT('',(5.05,-1.5005,3.0000001));
#1481 = B_SPLINE_SURFACE_WITH_KNOTS('',1,1,(
    (#1482,#1483)
    ,(#1484,#1485
    )),.UNSPECIFIED.,.F.,.F.,.F.,(2,2),(2,2),(10.2,10.3),(-3.,0.),
  .PIECEWISE_BEZIER_KNOTS.);
#1482 = CARTESIAN_POINT('',(5.05,-1.5005,3.0000001));
#1483 = CARTESIAN_POINT('',(5.05,1.4995,3.0000001));
#1484 = CARTESIAN_POINT('',(5.15,-1.5005,3.0000001));
#1485 = CARTESIAN_POINT('',(5.15,1.4995,3.0000001));
#1486 = ADVANCED_FACE('',(#1487),#1545,.F.);
#1487 = FACE_BOUND('',#1488,.T.);
#1488 = EDGE_LOOP('',(#1489,#1498,#1505,#1512,#1519,#1526,#1533,#1540));
#1489 = ORIENTED_EDGE('',*,*,#1490,.F.);
#1490 = EDGE_CURVE('',#1491,#1493,#1495,.T.);
#1491 = VERTEX_POINT('',#1492);
#1492 = CARTESIAN_POINT('',(5.15,-0.4005,2.6000001));
#1493 = VERTEX_POINT('',#1494);
#1494 = CARTESIAN_POINT('',(5.1,-0.4005,2.6000001));
#1495 = B_SPLINE_CURVE_WITH_KNOTS('',1,(#1496,#1497),.UNSPECIFIED.,.F.,
  .F.,(2,2),(-10.3,-10.25),.PIECEWISE_BEZIER_KNOTS.);
#1496 = CARTESIAN_POINT('',(5.15,-0.4005,2.6000001));
#1497 = CARTESIAN_POINT('',(5.1,-0.4005,2.6000001));
#1498 = ORIENTED_EDGE('',*,*,#1499,.T.);
#1499 = EDGE_CURVE('',#1491,#1500,#1502,.T.);
#1500 = VERTEX_POINT('',#1501);
#1501 = CARTESIAN_POINT('',(5.15,-1.5005,2.6000001));
#1502 = B_SPLINE_CURVE_WITH_KNOTS('',1,(#1503,#1504),.UNSPECIFIED.,.F.,
  .F.,(2,2),(1.9,3.),.PIECEWISE_BEZIER_KNOTS.);
#1503 = CARTESIAN_POINT('',(5.15,-0.4005,2.6000001));
#1504 = CARTESIAN_POINT('',(5.15,-1.5005,2.6000001));
#1505 = ORIENTED_EDGE('',*,*,#1506,.T.);
#1506 = EDGE_CURVE('',#1500,#1507,#1509,.T.);
#1507 = VERTEX_POINT('',#1508);
#1508 = CARTESIAN_POINT('',(5.05,-1.5005,2.6000001));
#1509 = B_SPLINE_CURVE_WITH_KNOTS('',1,(#1510,#1511),.UNSPECIFIED.,.F.,
  .F.,(2,2),(-10.3,-10.2),.PIECEWISE_BEZIER_KNOTS.);
#1510 = CARTESIAN_POINT('',(5.15,-1.5005,2.6000001));
#1511 = CARTESIAN_POINT('',(5.05,-1.5005,2.6000001));
#1512 = ORIENTED_EDGE('',*,*,#1513,.T.);
#1513 = EDGE_CURVE('',#1507,#1514,#1516,.T.);
#1514 = VERTEX_POINT('',#1515);
#1515 = CARTESIAN_POINT('',(5.05,1.4995,2.6000001));
#1516 = B_SPLINE_CURVE_WITH_KNOTS('',1,(#1517,#1518),.UNSPECIFIED.,.F.,
  .F.,(2,2),(3.55,6.55),.PIECEWISE_BEZIER_KNOTS.);
#1517 = CARTESIAN_POINT('',(5.05,-1.5005,2.6000001));
#1518 = CARTESIAN_POINT('',(5.05,1.4995,2.6000001));
#1519 = ORIENTED_EDGE('',*,*,#1520,.F.);
#1520 = EDGE_CURVE('',#1521,#1514,#1523,.T.);
#1521 = VERTEX_POINT('',#1522);
#1522 = CARTESIAN_POINT('',(5.15,1.4995,2.6000001));
#1523 = B_SPLINE_CURVE_WITH_KNOTS('',1,(#1524,#1525),.UNSPECIFIED.,.F.,
  .F.,(2,2),(-10.3,-10.2),.PIECEWISE_BEZIER_KNOTS.);
#1524 = CARTESIAN_POINT('',(5.15,1.4995,2.6000001));
#1525 = CARTESIAN_POINT('',(5.05,1.4995,2.6000001));
#1526 = ORIENTED_EDGE('',*,*,#1527,.T.);
#1527 = EDGE_CURVE('',#1521,#1528,#1530,.T.);
#1528 = VERTEX_POINT('',#1529);
#1529 = CARTESIAN_POINT('',(5.15,0.3995,2.6000001));
#1530 = B_SPLINE_CURVE_WITH_KNOTS('',1,(#1531,#1532),.UNSPECIFIED.,.F.,
  .F.,(2,2),(-0.,1.1),.PIECEWISE_BEZIER_KNOTS.);
#1531 = CARTESIAN_POINT('',(5.15,1.4995,2.6000001));
#1532 = CARTESIAN_POINT('',(5.15,0.3995,2.6000001));
#1533 = ORIENTED_EDGE('',*,*,#1534,.F.);
#1534 = EDGE_CURVE('',#1535,#1528,#1537,.T.);
#1535 = VERTEX_POINT('',#1536);
#1536 = CARTESIAN_POINT('',(5.1,0.3995,2.6000001));
#1537 = B_SPLINE_CURVE_WITH_KNOTS('',1,(#1538,#1539),.UNSPECIFIED.,.F.,
  .F.,(2,2),(10.25,10.3),.PIECEWISE_BEZIER_KNOTS.);
#1538 = CARTESIAN_POINT('',(5.1,0.3995,2.6000001));
#1539 = CARTESIAN_POINT('',(5.15,0.3995,2.6000001));
#1540 = ORIENTED_EDGE('',*,*,#1541,.T.);
#1541 = EDGE_CURVE('',#1535,#1493,#1542,.T.);
#1542 = B_SPLINE_CURVE_WITH_KNOTS('',1,(#1543,#1544),.UNSPECIFIED.,.F.,
  .F.,(2,2),(1.1,1.9),.PIECEWISE_BEZIER_KNOTS.);
#1543 = CARTESIAN_POINT('',(5.1,0.3995,2.6000001));
#1544 = CARTESIAN_POINT('',(5.1,-0.4005,2.6000001));
#1545 = B_SPLINE_SURFACE_WITH_KNOTS('',1,1,(
    (#1546,#1547)
    ,(#1548,#1549
    )),.UNSPECIFIED.,.F.,.F.,.F.,(2,2),(2,2),(10.2,10.3),(-3.,0.),
  .PIECEWISE_BEZIER_KNOTS.);
#1546 = CARTESIAN_POINT('',(5.05,-1.5005,2.6000001));
#1547 = CARTESIAN_POINT('',(5.05,1.4995,2.6000001));
#1548 = CARTESIAN_POINT('',(5.15,-1.5005,2.6000001));
#1549 = CARTESIAN_POINT('',(5.15,1.4995,2.6000001));
#1550 = ADVANCED_FACE('',(#1551),#1575,.T.);
#1551 = FACE_BOUND('',#1552,.T.);
#1552 = EDGE_LOOP('',(#1553,#1562,#1568,#1569));
#1553 = ORIENTED_EDGE('',*,*,#1554,.F.);
#1554 = EDGE_CURVE('',#1555,#1557,#1559,.T.);
#1555 = VERTEX_POINT('',#1556);
#1556 = CARTESIAN_POINT('',(5.8,-0.4005,2.3500001));
#1557 = VERTEX_POINT('',#1558);
#1558 = CARTESIAN_POINT('',(5.8,-1.5005,2.3500001));
#1559 = B_SPLINE_CURVE_WITH_KNOTS('',1,(#1560,#1561),.UNSPECIFIED.,.F.,
  .F.,(2,2),(1.9,3.),.PIECEWISE_BEZIER_KNOTS.);
#1560 = CARTESIAN_POINT('',(5.8,-0.4005,2.3500001));
#1561 = CARTESIAN_POINT('',(5.8,-1.5005,2.3500001));
#1562 = ORIENTED_EDGE('',*,*,#1563,.T.);
#1563 = EDGE_CURVE('',#1555,#1427,#1564,.T.);
#1564 = ( BOUNDED_CURVE() B_SPLINE_CURVE(2,(#1565,#1566,#1567),
.UNSPECIFIED.,.F.,.F.) B_SPLINE_CURVE_WITH_KNOTS((3,3),(4.712388980385,
6.28318530718),.PIECEWISE_BEZIER_KNOTS.) CURVE() 
GEOMETRIC_REPRESENTATION_ITEM() RATIONAL_B_SPLINE_CURVE((1.,
0.707106781187,1.)) REPRESENTATION_ITEM('') );
#1565 = CARTESIAN_POINT('',(5.8,-0.4005,2.3500001));
#1566 = CARTESIAN_POINT('',(5.8,-0.4005,3.0000001));
#1567 = CARTESIAN_POINT('',(5.15,-0.4005,3.0000001));
#1568 = ORIENTED_EDGE('',*,*,#1426,.T.);
#1569 = ORIENTED_EDGE('',*,*,#1570,.F.);
#1570 = EDGE_CURVE('',#1557,#1429,#1571,.T.);
#1571 = ( BOUNDED_CURVE() B_SPLINE_CURVE(2,(#1572,#1573,#1574),
.UNSPECIFIED.,.F.,.F.) B_SPLINE_CURVE_WITH_KNOTS((3,3),(1.570796326795,
3.14159265359),.PIECEWISE_BEZIER_KNOTS.) CURVE() 
GEOMETRIC_REPRESENTATION_ITEM() RATIONAL_B_SPLINE_CURVE((1.,
0.707106781187,1.)) REPRESENTATION_ITEM('') );
#1572 = CARTESIAN_POINT('',(5.8,-1.5005,2.3500001));
#1573 = CARTESIAN_POINT('',(5.8,-1.5005,3.0000001));
#1574 = CARTESIAN_POINT('',(5.15,-1.5005,3.0000001));
#1575 = ( BOUNDED_SURFACE() B_SPLINE_SURFACE(2,1,(
    (#1576,#1577)
    ,(#1578,#1579)
    ,(#1580,#1581
)),.UNSPECIFIED.,.F.,.F.,.F.) B_SPLINE_SURFACE_WITH_KNOTS((3,3),(2,2),(
    1.570796326795,3.14159265359),(1.9,3.),.PIECEWISE_BEZIER_KNOTS.) 
GEOMETRIC_REPRESENTATION_ITEM() RATIONAL_B_SPLINE_SURFACE((
    (1.,1.)
    ,(0.707106781187,0.707106781187)
,(1.,1.))) REPRESENTATION_ITEM('') SURFACE() );
#1576 = CARTESIAN_POINT('',(5.8,-0.4005,2.3500001));
#1577 = CARTESIAN_POINT('',(5.8,-1.5005,2.3500001));
#1578 = CARTESIAN_POINT('',(5.8,-0.4005,3.0000001));
#1579 = CARTESIAN_POINT('',(5.8,-1.5005,3.0000001));
#1580 = CARTESIAN_POINT('',(5.15,-0.4005,3.0000001));
#1581 = CARTESIAN_POINT('',(5.15,-1.5005,3.0000001));
#1582 = ADVANCED_FACE('',(#1583),#1607,.T.);
#1583 = FACE_BOUND('',#1584,.T.);
#1584 = EDGE_LOOP('',(#1585,#1586,#1594,#1601));
#1585 = ORIENTED_EDGE('',*,*,#1456,.T.);
#1586 = ORIENTED_EDGE('',*,*,#1587,.T.);
#1587 = EDGE_CURVE('',#1450,#1588,#1590,.T.);
#1588 = VERTEX_POINT('',#1589);
#1589 = CARTESIAN_POINT('',(5.8,0.3995,2.3500001));
#1590 = ( BOUNDED_CURVE() B_SPLINE_CURVE(2,(#1591,#1592,#1593),
.UNSPECIFIED.,.F.,.F.) B_SPLINE_CURVE_WITH_KNOTS((3,3),(3.14159265359,
4.712388980385),.PIECEWISE_BEZIER_KNOTS.) CURVE() 
GEOMETRIC_REPRESENTATION_ITEM() RATIONAL_B_SPLINE_CURVE((1.,
0.707106781187,1.)) REPRESENTATION_ITEM('') );
#1591 = CARTESIAN_POINT('',(5.15,0.3995,3.0000001));
#1592 = CARTESIAN_POINT('',(5.8,0.3995,3.0000001));
#1593 = CARTESIAN_POINT('',(5.8,0.3995,2.3500001));
#1594 = ORIENTED_EDGE('',*,*,#1595,.F.);
#1595 = EDGE_CURVE('',#1596,#1588,#1598,.T.);
#1596 = VERTEX_POINT('',#1597);
#1597 = CARTESIAN_POINT('',(5.8,1.4995,2.3500001));
#1598 = B_SPLINE_CURVE_WITH_KNOTS('',1,(#1599,#1600),.UNSPECIFIED.,.F.,
  .F.,(2,2),(-0.,1.1),.PIECEWISE_BEZIER_KNOTS.);
#1599 = CARTESIAN_POINT('',(5.8,1.4995,2.3500001));
#1600 = CARTESIAN_POINT('',(5.8,0.3995,2.3500001));
#1601 = ORIENTED_EDGE('',*,*,#1602,.T.);
#1602 = EDGE_CURVE('',#1596,#1457,#1603,.T.);
#1603 = ( BOUNDED_CURVE() B_SPLINE_CURVE(2,(#1604,#1605,#1606),
.UNSPECIFIED.,.F.,.F.) B_SPLINE_CURVE_WITH_KNOTS((3,3),(1.570796326795,
3.14159265359),.PIECEWISE_BEZIER_KNOTS.) CURVE() 
GEOMETRIC_REPRESENTATION_ITEM() RATIONAL_B_SPLINE_CURVE((1.,
0.707106781187,1.)) REPRESENTATION_ITEM('') );
#1604 = CARTESIAN_POINT('',(5.8,1.4995,2.3500001));
#1605 = CARTESIAN_POINT('',(5.8,1.4995,3.0000001));
#1606 = CARTESIAN_POINT('',(5.15,1.4995,3.0000001));
#1607 = ( BOUNDED_SURFACE() B_SPLINE_SURFACE(2,1,(
    (#1608,#1609)
    ,(#1610,#1611)
    ,(#1612,#1613
)),.UNSPECIFIED.,.F.,.F.,.F.) B_SPLINE_SURFACE_WITH_KNOTS((3,3),(2,2),(
    1.570796326795,3.14159265359),(0.,1.1),.PIECEWISE_BEZIER_KNOTS.) 
GEOMETRIC_REPRESENTATION_ITEM() RATIONAL_B_SPLINE_SURFACE((
    (1.,1.)
    ,(0.707106781187,0.707106781187)
,(1.,1.))) REPRESENTATION_ITEM('') SURFACE() );
#1608 = CARTESIAN_POINT('',(5.8,1.4995,2.3500001));
#1609 = CARTESIAN_POINT('',(5.8,0.3995,2.3500001));
#1610 = CARTESIAN_POINT('',(5.8,1.4995,3.0000001));
#1611 = CARTESIAN_POINT('',(5.8,0.3995,3.0000001));
#1612 = CARTESIAN_POINT('',(5.15,1.4995,3.0000001));
#1613 = CARTESIAN_POINT('',(5.15,0.3995,3.0000001));
#1614 = ADVANCED_FACE('',(#1615),#1639,.F.);
#1615 = FACE_BOUND('',#1616,.F.);
#1616 = EDGE_LOOP('',(#1617,#1618,#1626,#1633));
#1617 = ORIENTED_EDGE('',*,*,#1499,.T.);
#1618 = ORIENTED_EDGE('',*,*,#1619,.F.);
#1619 = EDGE_CURVE('',#1620,#1500,#1622,.T.);
#1620 = VERTEX_POINT('',#1621);
#1621 = CARTESIAN_POINT('',(5.4,-1.5005,2.3500001));
#1622 = ( BOUNDED_CURVE() B_SPLINE_CURVE(2,(#1623,#1624,#1625),
.UNSPECIFIED.,.F.,.F.) B_SPLINE_CURVE_WITH_KNOTS((3,3),(0.,
1.570796326795),.PIECEWISE_BEZIER_KNOTS.) CURVE() 
GEOMETRIC_REPRESENTATION_ITEM() RATIONAL_B_SPLINE_CURVE((1.,
0.707106781187,1.)) REPRESENTATION_ITEM('') );
#1623 = CARTESIAN_POINT('',(5.4,-1.5005,2.3500001));
#1624 = CARTESIAN_POINT('',(5.4,-1.5005,2.6000001));
#1625 = CARTESIAN_POINT('',(5.15,-1.5005,2.6000001));
#1626 = ORIENTED_EDGE('',*,*,#1627,.F.);
#1627 = EDGE_CURVE('',#1628,#1620,#1630,.T.);
#1628 = VERTEX_POINT('',#1629);
#1629 = CARTESIAN_POINT('',(5.4,-0.4005,2.3500001));
#1630 = B_SPLINE_CURVE_WITH_KNOTS('',1,(#1631,#1632),.UNSPECIFIED.,.F.,
  .F.,(2,2),(1.9,3.),.PIECEWISE_BEZIER_KNOTS.);
#1631 = CARTESIAN_POINT('',(5.4,-0.4005,2.3500001));
#1632 = CARTESIAN_POINT('',(5.4,-1.5005,2.3500001));
#1633 = ORIENTED_EDGE('',*,*,#1634,.T.);
#1634 = EDGE_CURVE('',#1628,#1491,#1635,.T.);
#1635 = ( BOUNDED_CURVE() B_SPLINE_CURVE(2,(#1636,#1637,#1638),
.UNSPECIFIED.,.F.,.F.) B_SPLINE_CURVE_WITH_KNOTS((3,3),(4.712388980385,
6.28318530718),.PIECEWISE_BEZIER_KNOTS.) CURVE() 
GEOMETRIC_REPRESENTATION_ITEM() RATIONAL_B_SPLINE_CURVE((1.,
0.707106781187,1.)) REPRESENTATION_ITEM('') );
#1636 = CARTESIAN_POINT('',(5.4,-0.4005,2.3500001));
#1637 = CARTESIAN_POINT('',(5.4,-0.4005,2.6000001));
#1638 = CARTESIAN_POINT('',(5.15,-0.4005,2.6000001));
#1639 = ( BOUNDED_SURFACE() B_SPLINE_SURFACE(2,1,(
    (#1640,#1641)
    ,(#1642,#1643)
    ,(#1644,#1645
)),.UNSPECIFIED.,.F.,.F.,.F.) B_SPLINE_SURFACE_WITH_KNOTS((3,3),(2,2),(
    1.570796326795,3.14159265359),(1.9,3.),.PIECEWISE_BEZIER_KNOTS.) 
GEOMETRIC_REPRESENTATION_ITEM() RATIONAL_B_SPLINE_SURFACE((
    (1.,1.)
    ,(0.707106781187,0.707106781187)
,(1.,1.))) REPRESENTATION_ITEM('') SURFACE() );
#1640 = CARTESIAN_POINT('',(5.4,-0.4005,2.3500001));
#1641 = CARTESIAN_POINT('',(5.4,-1.5005,2.3500001));
#1642 = CARTESIAN_POINT('',(5.4,-0.4005,2.6000001));
#1643 = CARTESIAN_POINT('',(5.4,-1.5005,2.6000001));
#1644 = CARTESIAN_POINT('',(5.15,-0.4005,2.6000001));
#1645 = CARTESIAN_POINT('',(5.15,-1.5005,2.6000001));
#1646 = ADVANCED_FACE('',(#1647),#1671,.F.);
#1647 = FACE_BOUND('',#1648,.F.);
#1648 = EDGE_LOOP('',(#1649,#1658,#1664,#1665));
#1649 = ORIENTED_EDGE('',*,*,#1650,.F.);
#1650 = EDGE_CURVE('',#1651,#1653,#1655,.T.);
#1651 = VERTEX_POINT('',#1652);
#1652 = CARTESIAN_POINT('',(5.4,1.4995,2.3500001));
#1653 = VERTEX_POINT('',#1654);
#1654 = CARTESIAN_POINT('',(5.4,0.3995,2.3500001));
#1655 = B_SPLINE_CURVE_WITH_KNOTS('',1,(#1656,#1657),.UNSPECIFIED.,.F.,
  .F.,(2,2),(-0.,1.1),.PIECEWISE_BEZIER_KNOTS.);
#1656 = CARTESIAN_POINT('',(5.4,1.4995,2.3500001));
#1657 = CARTESIAN_POINT('',(5.4,0.3995,2.3500001));
#1658 = ORIENTED_EDGE('',*,*,#1659,.T.);
#1659 = EDGE_CURVE('',#1651,#1521,#1660,.T.);
#1660 = ( BOUNDED_CURVE() B_SPLINE_CURVE(2,(#1661,#1662,#1663),
.UNSPECIFIED.,.F.,.F.) B_SPLINE_CURVE_WITH_KNOTS((3,3),(0.,
1.570796326795),.PIECEWISE_BEZIER_KNOTS.) CURVE() 
GEOMETRIC_REPRESENTATION_ITEM() RATIONAL_B_SPLINE_CURVE((1.,
0.707106781187,1.)) REPRESENTATION_ITEM('') );
#1661 = CARTESIAN_POINT('',(5.4,1.4995,2.3500001));
#1662 = CARTESIAN_POINT('',(5.4,1.4995,2.6000001));
#1663 = CARTESIAN_POINT('',(5.15,1.4995,2.6000001));
#1664 = ORIENTED_EDGE('',*,*,#1527,.T.);
#1665 = ORIENTED_EDGE('',*,*,#1666,.T.);
#1666 = EDGE_CURVE('',#1528,#1653,#1667,.T.);
#1667 = ( BOUNDED_CURVE() B_SPLINE_CURVE(2,(#1668,#1669,#1670),
.UNSPECIFIED.,.F.,.F.) B_SPLINE_CURVE_WITH_KNOTS((3,3),(3.14159265359,
4.712388980385),.PIECEWISE_BEZIER_KNOTS.) CURVE() 
GEOMETRIC_REPRESENTATION_ITEM() RATIONAL_B_SPLINE_CURVE((1.,
0.707106781187,1.)) REPRESENTATION_ITEM('') );
#1668 = CARTESIAN_POINT('',(5.15,0.3995,2.6000001));
#1669 = CARTESIAN_POINT('',(5.4,0.3995,2.6000001));
#1670 = CARTESIAN_POINT('',(5.4,0.3995,2.3500001));
#1671 = ( BOUNDED_SURFACE() B_SPLINE_SURFACE(2,1,(
    (#1672,#1673)
    ,(#1674,#1675)
    ,(#1676,#1677
)),.UNSPECIFIED.,.F.,.F.,.F.) B_SPLINE_SURFACE_WITH_KNOTS((3,3),(2,2),(
    1.570796326795,3.14159265359),(0.,1.1),.PIECEWISE_BEZIER_KNOTS.) 
GEOMETRIC_REPRESENTATION_ITEM() RATIONAL_B_SPLINE_SURFACE((
    (1.,1.)
    ,(0.707106781187,0.707106781187)
,(1.,1.))) REPRESENTATION_ITEM('') SURFACE() );
#1672 = CARTESIAN_POINT('',(5.4,1.4995,2.3500001));
#1673 = CARTESIAN_POINT('',(5.4,0.3995,2.3500001));
#1674 = CARTESIAN_POINT('',(5.4,1.4995,2.6000001));
#1675 = CARTESIAN_POINT('',(5.4,0.3995,2.6000001));
#1676 = CARTESIAN_POINT('',(5.15,1.4995,2.6000001));
#1677 = CARTESIAN_POINT('',(5.15,0.3995,2.6000001));
#1678 = ADVANCED_FACE('',(#1679),#1711,.F.);
#1679 = FACE_BOUND('',#1680,.F.);
#1680 = EDGE_LOOP('',(#1681,#1691,#1698,#1706));
#1681 = ORIENTED_EDGE('',*,*,#1682,.T.);
#1682 = EDGE_CURVE('',#1683,#1685,#1687,.T.);
#1683 = VERTEX_POINT('',#1684);
#1684 = CARTESIAN_POINT('',(-5.15,1.4995,2.6000001));
#1685 = VERTEX_POINT('',#1686);
#1686 = CARTESIAN_POINT('',(-5.4,1.4995,2.3500001));
#1687 = ( BOUNDED_CURVE() B_SPLINE_CURVE(2,(#1688,#1689,#1690),
.UNSPECIFIED.,.F.,.F.) B_SPLINE_CURVE_WITH_KNOTS((3,3),(1.570796326795,
3.14159265359),.PIECEWISE_BEZIER_KNOTS.) CURVE() 
GEOMETRIC_REPRESENTATION_ITEM() RATIONAL_B_SPLINE_CURVE((1.,
0.707106781187,1.)) REPRESENTATION_ITEM('') );
#1688 = CARTESIAN_POINT('',(-5.15,1.4995,2.6000001));
#1689 = CARTESIAN_POINT('',(-5.4,1.4995,2.6000001));
#1690 = CARTESIAN_POINT('',(-5.4,1.4995,2.3500001));
#1691 = ORIENTED_EDGE('',*,*,#1692,.T.);
#1692 = EDGE_CURVE('',#1685,#1693,#1695,.T.);
#1693 = VERTEX_POINT('',#1694);
#1694 = CARTESIAN_POINT('',(-5.4,0.3995,2.3500001));
#1695 = B_SPLINE_CURVE_WITH_KNOTS('',1,(#1696,#1697),.UNSPECIFIED.,.F.,
  .F.,(2,2),(-0.,1.1),.PIECEWISE_BEZIER_KNOTS.);
#1696 = CARTESIAN_POINT('',(-5.4,1.4995,2.3500001));
#1697 = CARTESIAN_POINT('',(-5.4,0.3995,2.3500001));
#1698 = ORIENTED_EDGE('',*,*,#1699,.F.);
#1699 = EDGE_CURVE('',#1700,#1693,#1702,.T.);
#1700 = VERTEX_POINT('',#1701);
#1701 = CARTESIAN_POINT('',(-5.15,0.3995,2.6000001));
#1702 = ( BOUNDED_CURVE() B_SPLINE_CURVE(2,(#1703,#1704,#1705),
.UNSPECIFIED.,.F.,.F.) B_SPLINE_CURVE_WITH_KNOTS((3,3),(0.,
1.570796326795),.PIECEWISE_BEZIER_KNOTS.) CURVE() 
GEOMETRIC_REPRESENTATION_ITEM() RATIONAL_B_SPLINE_CURVE((1.,
0.707106781187,1.)) REPRESENTATION_ITEM('') );
#1703 = CARTESIAN_POINT('',(-5.15,0.3995,2.6000001));
#1704 = CARTESIAN_POINT('',(-5.4,0.3995,2.6000001));
#1705 = CARTESIAN_POINT('',(-5.4,0.3995,2.3500001));
#1706 = ORIENTED_EDGE('',*,*,#1707,.F.);
#1707 = EDGE_CURVE('',#1683,#1700,#1708,.T.);
#1708 = B_SPLINE_CURVE_WITH_KNOTS('',1,(#1709,#1710),.UNSPECIFIED.,.F.,
  .F.,(2,2),(-0.,1.1),.PIECEWISE_BEZIER_KNOTS.);
#1709 = CARTESIAN_POINT('',(-5.15,1.4995,2.6000001));
#1710 = CARTESIAN_POINT('',(-5.15,0.3995,2.6000001));
#1711 = ( BOUNDED_SURFACE() B_SPLINE_SURFACE(2,1,(
    (#1712,#1713)
    ,(#1714,#1715)
    ,(#1716,#1717
)),.UNSPECIFIED.,.F.,.F.,.F.) B_SPLINE_SURFACE_WITH_KNOTS((3,3),(2,2),(
    3.14159265359,4.712388980385),(0.,1.1),.PIECEWISE_BEZIER_KNOTS.) 
GEOMETRIC_REPRESENTATION_ITEM() RATIONAL_B_SPLINE_SURFACE((
    (1.,1.)
    ,(0.707106781187,0.707106781187)
,(1.,1.))) REPRESENTATION_ITEM('') SURFACE() );
#1712 = CARTESIAN_POINT('',(-5.15,1.4995,2.6000001));
#1713 = CARTESIAN_POINT('',(-5.15,0.3995,2.6000001));
#1714 = CARTESIAN_POINT('',(-5.4,1.4995,2.6000001));
#1715 = CARTESIAN_POINT('',(-5.4,0.3995,2.6000001));
#1716 = CARTESIAN_POINT('',(-5.4,1.4995,2.3500001));
#1717 = CARTESIAN_POINT('',(-5.4,0.3995,2.3500001));
#1718 = ADVANCED_FACE('',(#1719),#1751,.T.);
#1719 = FACE_BOUND('',#1720,.T.);
#1720 = EDGE_LOOP('',(#1721,#1731,#1738,#1746));
#1721 = ORIENTED_EDGE('',*,*,#1722,.F.);
#1722 = EDGE_CURVE('',#1723,#1725,#1727,.T.);
#1723 = VERTEX_POINT('',#1724);
#1724 = CARTESIAN_POINT('',(-5.15,0.3995,3.0000001));
#1725 = VERTEX_POINT('',#1726);
#1726 = CARTESIAN_POINT('',(-5.8,0.3995,2.3500001));
#1727 = ( BOUNDED_CURVE() B_SPLINE_CURVE(2,(#1728,#1729,#1730),
.UNSPECIFIED.,.F.,.F.) B_SPLINE_CURVE_WITH_KNOTS((3,3),(0.,
1.570796326795),.PIECEWISE_BEZIER_KNOTS.) CURVE() 
GEOMETRIC_REPRESENTATION_ITEM() RATIONAL_B_SPLINE_CURVE((1.,
0.707106781187,1.)) REPRESENTATION_ITEM('') );
#1728 = CARTESIAN_POINT('',(-5.15,0.3995,3.0000001));
#1729 = CARTESIAN_POINT('',(-5.8,0.3995,3.0000001));
#1730 = CARTESIAN_POINT('',(-5.8,0.3995,2.3500001));
#1731 = ORIENTED_EDGE('',*,*,#1732,.F.);
#1732 = EDGE_CURVE('',#1733,#1723,#1735,.T.);
#1733 = VERTEX_POINT('',#1734);
#1734 = CARTESIAN_POINT('',(-5.15,1.4995,3.0000001));
#1735 = B_SPLINE_CURVE_WITH_KNOTS('',1,(#1736,#1737),.UNSPECIFIED.,.F.,
  .F.,(2,2),(-0.,1.1),.PIECEWISE_BEZIER_KNOTS.);
#1736 = CARTESIAN_POINT('',(-5.15,1.4995,3.0000001));
#1737 = CARTESIAN_POINT('',(-5.15,0.3995,3.0000001));
#1738 = ORIENTED_EDGE('',*,*,#1739,.T.);
#1739 = EDGE_CURVE('',#1733,#1740,#1742,.T.);
#1740 = VERTEX_POINT('',#1741);
#1741 = CARTESIAN_POINT('',(-5.8,1.4995,2.3500001));
#1742 = ( BOUNDED_CURVE() B_SPLINE_CURVE(2,(#1743,#1744,#1745),
.UNSPECIFIED.,.F.,.F.) B_SPLINE_CURVE_WITH_KNOTS((3,3),(0.,
1.570796326795),.PIECEWISE_BEZIER_KNOTS.) CURVE() 
GEOMETRIC_REPRESENTATION_ITEM() RATIONAL_B_SPLINE_CURVE((1.,
0.707106781187,1.)) REPRESENTATION_ITEM('') );
#1743 = CARTESIAN_POINT('',(-5.15,1.4995,3.0000001));
#1744 = CARTESIAN_POINT('',(-5.8,1.4995,3.0000001));
#1745 = CARTESIAN_POINT('',(-5.8,1.4995,2.3500001));
#1746 = ORIENTED_EDGE('',*,*,#1747,.T.);
#1747 = EDGE_CURVE('',#1740,#1725,#1748,.T.);
#1748 = B_SPLINE_CURVE_WITH_KNOTS('',1,(#1749,#1750),.UNSPECIFIED.,.F.,
  .F.,(2,2),(-0.,1.1),.PIECEWISE_BEZIER_KNOTS.);
#1749 = CARTESIAN_POINT('',(-5.8,1.4995,2.3500001));
#1750 = CARTESIAN_POINT('',(-5.8,0.3995,2.3500001));
#1751 = ( BOUNDED_SURFACE() B_SPLINE_SURFACE(2,1,(
    (#1752,#1753)
    ,(#1754,#1755)
    ,(#1756,#1757
)),.UNSPECIFIED.,.F.,.F.,.F.) B_SPLINE_SURFACE_WITH_KNOTS((3,3),(2,2),(
    3.14159265359,4.712388980385),(0.,1.1),.PIECEWISE_BEZIER_KNOTS.) 
GEOMETRIC_REPRESENTATION_ITEM() RATIONAL_B_SPLINE_SURFACE((
    (1.,1.)
    ,(0.707106781187,0.707106781187)
,(1.,1.))) REPRESENTATION_ITEM('') SURFACE() );
#1752 = CARTESIAN_POINT('',(-5.15,1.4995,3.0000001));
#1753 = CARTESIAN_POINT('',(-5.15,0.3995,3.0000001));
#1754 = CARTESIAN_POINT('',(-5.8,1.4995,3.0000001));
#1755 = CARTESIAN_POINT('',(-5.8,0.3995,3.0000001));
#1756 = CARTESIAN_POINT('',(-5.8,1.4995,2.3500001));
#1757 = CARTESIAN_POINT('',(-5.8,0.3995,2.3500001));
#1758 = ADVANCED_FACE('',(#1759,#1817),#1831,.F.);
#1759 = FACE_BOUND('',#1760,.T.);
#1760 = EDGE_LOOP('',(#1761,#1770,#1777,#1784,#1791,#1798,#1805,#1812));
#1761 = ORIENTED_EDGE('',*,*,#1762,.T.);
#1762 = EDGE_CURVE('',#1763,#1765,#1767,.T.);
#1763 = VERTEX_POINT('',#1764);
#1764 = CARTESIAN_POINT('',(5.05,-4.5505,0.2000001));
#1765 = VERTEX_POINT('',#1766);
#1766 = CARTESIAN_POINT('',(5.05,-2.0005,0.2000001));
#1767 = B_SPLINE_CURVE_WITH_KNOTS('',1,(#1768,#1769),.UNSPECIFIED.,.F.,
  .F.,(2,2),(0.5,3.05),.PIECEWISE_BEZIER_KNOTS.);
#1768 = CARTESIAN_POINT('',(5.05,-4.5505,0.2000001));
#1769 = CARTESIAN_POINT('',(5.05,-2.0005,0.2000001));
#1770 = ORIENTED_EDGE('',*,*,#1771,.T.);
#1771 = EDGE_CURVE('',#1765,#1772,#1774,.T.);
#1772 = VERTEX_POINT('',#1773);
#1773 = CARTESIAN_POINT('',(5.05,-1.7005,0.5000001));
#1774 = B_SPLINE_CURVE_WITH_KNOTS('',1,(#1775,#1776),.UNSPECIFIED.,.F.,
  .F.,(2,2),(-0.671751442127,-0.247487373415),.PIECEWISE_BEZIER_KNOTS.);
#1775 = CARTESIAN_POINT('',(5.05,-2.0005,0.2000001));
#1776 = CARTESIAN_POINT('',(5.05,-1.7005,0.5000001));
#1777 = ORIENTED_EDGE('',*,*,#1778,.F.);
#1778 = EDGE_CURVE('',#1779,#1772,#1781,.T.);
#1779 = VERTEX_POINT('',#1780);
#1780 = CARTESIAN_POINT('',(5.05,1.6995,0.5000001));
#1781 = B_SPLINE_CURVE_WITH_KNOTS('',1,(#1782,#1783),.UNSPECIFIED.,.F.,
  .F.,(2,2),(-6.75,-3.35),.PIECEWISE_BEZIER_KNOTS.);
#1782 = CARTESIAN_POINT('',(5.05,1.6995,0.5000001));
#1783 = CARTESIAN_POINT('',(5.05,-1.7005,0.5000001));
#1784 = ORIENTED_EDGE('',*,*,#1785,.T.);
#1785 = EDGE_CURVE('',#1779,#1786,#1788,.T.);
#1786 = VERTEX_POINT('',#1787);
#1787 = CARTESIAN_POINT('',(5.05,1.9995,0.2000001));
#1788 = B_SPLINE_CURVE_WITH_KNOTS('',1,(#1789,#1790),.UNSPECIFIED.,.F.,
  .F.,(2,2),(7.389265863399,7.813529932111),.PIECEWISE_BEZIER_KNOTS.);
#1789 = CARTESIAN_POINT('',(5.05,1.6995,0.5000001));
#1790 = CARTESIAN_POINT('',(5.05,1.9995,0.2000001));
#1791 = ORIENTED_EDGE('',*,*,#1792,.T.);
#1792 = EDGE_CURVE('',#1786,#1793,#1795,.T.);
#1793 = VERTEX_POINT('',#1794);
#1794 = CARTESIAN_POINT('',(5.05,4.5495,0.2000001));
#1795 = B_SPLINE_CURVE_WITH_KNOTS('',1,(#1796,#1797),.UNSPECIFIED.,.F.,
  .F.,(2,2),(7.05,9.6),.PIECEWISE_BEZIER_KNOTS.);
#1796 = CARTESIAN_POINT('',(5.05,1.9995,0.2000001));
#1797 = CARTESIAN_POINT('',(5.05,4.5495,0.2000001));
#1798 = ORIENTED_EDGE('',*,*,#1799,.T.);
#1799 = EDGE_CURVE('',#1793,#1800,#1802,.T.);
#1800 = VERTEX_POINT('',#1801);
#1801 = CARTESIAN_POINT('',(5.05,4.5495,4.2000001));
#1802 = B_SPLINE_CURVE_WITH_KNOTS('',1,(#1803,#1804),.UNSPECIFIED.,.F.,
  .F.,(2,2),(-4.,0.),.PIECEWISE_BEZIER_KNOTS.);
#1803 = CARTESIAN_POINT('',(5.05,4.5495,0.2000001));
#1804 = CARTESIAN_POINT('',(5.05,4.5495,4.2000001));
#1805 = ORIENTED_EDGE('',*,*,#1806,.F.);
#1806 = EDGE_CURVE('',#1807,#1800,#1809,.T.);
#1807 = VERTEX_POINT('',#1808);
#1808 = CARTESIAN_POINT('',(5.05,-4.5505,4.2000001));
#1809 = B_SPLINE_CURVE_WITH_KNOTS('',1,(#1810,#1811),.UNSPECIFIED.,.F.,
  .F.,(2,2),(0.5,9.6),.PIECEWISE_BEZIER_KNOTS.);
#1810 = CARTESIAN_POINT('',(5.05,-4.5505,4.2000001));
#1811 = CARTESIAN_POINT('',(5.05,4.5495,4.2000001));
#1812 = ORIENTED_EDGE('',*,*,#1813,.T.);
#1813 = EDGE_CURVE('',#1807,#1763,#1814,.T.);
#1814 = B_SPLINE_CURVE_WITH_KNOTS('',1,(#1815,#1816),.UNSPECIFIED.,.F.,
  .F.,(2,2),(0.,4.),.PIECEWISE_BEZIER_KNOTS.);
#1815 = CARTESIAN_POINT('',(5.05,-4.5505,4.2000001));
#1816 = CARTESIAN_POINT('',(5.05,-4.5505,0.2000001));
#1817 = FACE_BOUND('',#1818,.T.);
#1818 = EDGE_LOOP('',(#1819,#1824,#1825,#1830));
#1819 = ORIENTED_EDGE('',*,*,#1820,.F.);
#1820 = EDGE_CURVE('',#1514,#1464,#1821,.T.);
#1821 = B_SPLINE_CURVE_WITH_KNOTS('',1,(#1822,#1823),.UNSPECIFIED.,.F.,
  .F.,(2,2),(-1.6,-1.2),.PIECEWISE_BEZIER_KNOTS.);
#1822 = CARTESIAN_POINT('',(5.05,1.4995,2.6000001));
#1823 = CARTESIAN_POINT('',(5.05,1.4995,3.0000001));
#1824 = ORIENTED_EDGE('',*,*,#1513,.F.);
#1825 = ORIENTED_EDGE('',*,*,#1826,.T.);
#1826 = EDGE_CURVE('',#1507,#1471,#1827,.T.);
#1827 = B_SPLINE_CURVE_WITH_KNOTS('',1,(#1828,#1829),.UNSPECIFIED.,.F.,
  .F.,(2,2),(-1.6,-1.2),.PIECEWISE_BEZIER_KNOTS.);
#1828 = CARTESIAN_POINT('',(5.05,-1.5005,2.6000001));
#1829 = CARTESIAN_POINT('',(5.05,-1.5005,3.0000001));
#1830 = ORIENTED_EDGE('',*,*,#1470,.T.);
#1831 = B_SPLINE_SURFACE_WITH_KNOTS('',1,1,(
    (#1832,#1833)
    ,(#1834,#1835
    )),.UNSPECIFIED.,.F.,.F.,.F.,(2,2),(2,2),(-4.,0.),(0.5,9.6),
  .PIECEWISE_BEZIER_KNOTS.);
#1832 = CARTESIAN_POINT('',(5.05,-4.5505,0.2000001));
#1833 = CARTESIAN_POINT('',(5.05,4.5495,0.2000001));
#1834 = CARTESIAN_POINT('',(5.05,-4.5505,4.2000001));
#1835 = CARTESIAN_POINT('',(5.05,4.5495,4.2000001));
#1836 = ADVANCED_FACE('',(#1837,#1895),#1925,.F.);
#1837 = FACE_BOUND('',#1838,.T.);
#1838 = EDGE_LOOP('',(#1839,#1848,#1855,#1862,#1869,#1876,#1883,#1890));
#1839 = ORIENTED_EDGE('',*,*,#1840,.F.);
#1840 = EDGE_CURVE('',#1841,#1843,#1845,.T.);
#1841 = VERTEX_POINT('',#1842);
#1842 = CARTESIAN_POINT('',(-5.05,-1.7005,0.5000001));
#1843 = VERTEX_POINT('',#1844);
#1844 = CARTESIAN_POINT('',(-5.05,1.6995,0.5000001));
#1845 = B_SPLINE_CURVE_WITH_KNOTS('',1,(#1846,#1847),.UNSPECIFIED.,.F.,
  .F.,(2,2),(3.35,6.75),.PIECEWISE_BEZIER_KNOTS.);
#1846 = CARTESIAN_POINT('',(-5.05,-1.7005,0.5000001));
#1847 = CARTESIAN_POINT('',(-5.05,1.6995,0.5000001));
#1848 = ORIENTED_EDGE('',*,*,#1849,.T.);
#1849 = EDGE_CURVE('',#1841,#1850,#1852,.T.);
#1850 = VERTEX_POINT('',#1851);
#1851 = CARTESIAN_POINT('',(-5.05,-2.0005,0.2000001));
#1852 = B_SPLINE_CURVE_WITH_KNOTS('',1,(#1853,#1854),.UNSPECIFIED.,.F.,
  .F.,(2,2),(0.247487373415,0.671751442127),.PIECEWISE_BEZIER_KNOTS.);
#1853 = CARTESIAN_POINT('',(-5.05,-1.7005,0.5000001));
#1854 = CARTESIAN_POINT('',(-5.05,-2.0005,0.2000001));
#1855 = ORIENTED_EDGE('',*,*,#1856,.T.);
#1856 = EDGE_CURVE('',#1850,#1857,#1859,.T.);
#1857 = VERTEX_POINT('',#1858);
#1858 = CARTESIAN_POINT('',(-5.05,-4.5505,0.2000001));
#1859 = B_SPLINE_CURVE_WITH_KNOTS('',1,(#1860,#1861),.UNSPECIFIED.,.F.,
  .F.,(2,2),(-3.05,-0.5),.PIECEWISE_BEZIER_KNOTS.);
#1860 = CARTESIAN_POINT('',(-5.05,-2.0005,0.2000001));
#1861 = CARTESIAN_POINT('',(-5.05,-4.5505,0.2000001));
#1862 = ORIENTED_EDGE('',*,*,#1863,.T.);
#1863 = EDGE_CURVE('',#1857,#1864,#1866,.T.);
#1864 = VERTEX_POINT('',#1865);
#1865 = CARTESIAN_POINT('',(-5.05,-4.5505,4.2000001));
#1866 = B_SPLINE_CURVE_WITH_KNOTS('',1,(#1867,#1868),.UNSPECIFIED.,.F.,
  .F.,(2,2),(-4.,0.),.PIECEWISE_BEZIER_KNOTS.);
#1867 = CARTESIAN_POINT('',(-5.05,-4.5505,0.2000001));
#1868 = CARTESIAN_POINT('',(-5.05,-4.5505,4.2000001));
#1869 = ORIENTED_EDGE('',*,*,#1870,.F.);
#1870 = EDGE_CURVE('',#1871,#1864,#1873,.T.);
#1871 = VERTEX_POINT('',#1872);
#1872 = CARTESIAN_POINT('',(-5.05,4.5495,4.2000001));
#1873 = B_SPLINE_CURVE_WITH_KNOTS('',1,(#1874,#1875),.UNSPECIFIED.,.F.,
  .F.,(2,2),(-9.6,-0.5),.PIECEWISE_BEZIER_KNOTS.);
#1874 = CARTESIAN_POINT('',(-5.05,4.5495,4.2000001));
#1875 = CARTESIAN_POINT('',(-5.05,-4.5505,4.2000001));
#1876 = ORIENTED_EDGE('',*,*,#1877,.T.);
#1877 = EDGE_CURVE('',#1871,#1878,#1880,.T.);
#1878 = VERTEX_POINT('',#1879);
#1879 = CARTESIAN_POINT('',(-5.05,4.5495,0.2000001));
#1880 = B_SPLINE_CURVE_WITH_KNOTS('',1,(#1881,#1882),.UNSPECIFIED.,.F.,
  .F.,(2,2),(0.,4.),.PIECEWISE_BEZIER_KNOTS.);
#1881 = CARTESIAN_POINT('',(-5.05,4.5495,4.2000001));
#1882 = CARTESIAN_POINT('',(-5.05,4.5495,0.2000001));
#1883 = ORIENTED_EDGE('',*,*,#1884,.T.);
#1884 = EDGE_CURVE('',#1878,#1885,#1887,.T.);
#1885 = VERTEX_POINT('',#1886);
#1886 = CARTESIAN_POINT('',(-5.05,1.9995,0.2000001));
#1887 = B_SPLINE_CURVE_WITH_KNOTS('',1,(#1888,#1889),.UNSPECIFIED.,.F.,
  .F.,(2,2),(-9.6,-7.05),.PIECEWISE_BEZIER_KNOTS.);
#1888 = CARTESIAN_POINT('',(-5.05,4.5495,0.2000001));
#1889 = CARTESIAN_POINT('',(-5.05,1.9995,0.2000001));
#1890 = ORIENTED_EDGE('',*,*,#1891,.T.);
#1891 = EDGE_CURVE('',#1885,#1843,#1892,.T.);
#1892 = B_SPLINE_CURVE_WITH_KNOTS('',1,(#1893,#1894),.UNSPECIFIED.,.F.,
  .F.,(2,2),(-7.813529932111,-7.389265863399),.PIECEWISE_BEZIER_KNOTS.);
#1893 = CARTESIAN_POINT('',(-5.05,1.9995,0.2000001));
#1894 = CARTESIAN_POINT('',(-5.05,1.6995,0.5000001));
#1895 = FACE_BOUND('',#1896,.T.);
#1896 = EDGE_LOOP('',(#1897,#1906,#1913,#1920));
#1897 = ORIENTED_EDGE('',*,*,#1898,.F.);
#1898 = EDGE_CURVE('',#1899,#1901,#1903,.T.);
#1899 = VERTEX_POINT('',#1900);
#1900 = CARTESIAN_POINT('',(-5.05,1.4995,3.0000001));
#1901 = VERTEX_POINT('',#1902);
#1902 = CARTESIAN_POINT('',(-5.05,1.4995,2.6000001));
#1903 = B_SPLINE_CURVE_WITH_KNOTS('',1,(#1904,#1905),.UNSPECIFIED.,.F.,
  .F.,(2,2),(1.2,1.6),.PIECEWISE_BEZIER_KNOTS.);
#1904 = CARTESIAN_POINT('',(-5.05,1.4995,3.0000001));
#1905 = CARTESIAN_POINT('',(-5.05,1.4995,2.6000001));
#1906 = ORIENTED_EDGE('',*,*,#1907,.T.);
#1907 = EDGE_CURVE('',#1899,#1908,#1910,.T.);
#1908 = VERTEX_POINT('',#1909);
#1909 = CARTESIAN_POINT('',(-5.05,-1.5005,3.0000001));
#1910 = B_SPLINE_CURVE_WITH_KNOTS('',1,(#1911,#1912),.UNSPECIFIED.,.F.,
  .F.,(2,2),(-6.55,-3.55),.PIECEWISE_BEZIER_KNOTS.);
#1911 = CARTESIAN_POINT('',(-5.05,1.4995,3.0000001));
#1912 = CARTESIAN_POINT('',(-5.05,-1.5005,3.0000001));
#1913 = ORIENTED_EDGE('',*,*,#1914,.T.);
#1914 = EDGE_CURVE('',#1908,#1915,#1917,.T.);
#1915 = VERTEX_POINT('',#1916);
#1916 = CARTESIAN_POINT('',(-5.05,-1.5005,2.6000001));
#1917 = B_SPLINE_CURVE_WITH_KNOTS('',1,(#1918,#1919),.UNSPECIFIED.,.F.,
  .F.,(2,2),(1.2,1.6),.PIECEWISE_BEZIER_KNOTS.);
#1918 = CARTESIAN_POINT('',(-5.05,-1.5005,3.0000001));
#1919 = CARTESIAN_POINT('',(-5.05,-1.5005,2.6000001));
#1920 = ORIENTED_EDGE('',*,*,#1921,.F.);
#1921 = EDGE_CURVE('',#1901,#1915,#1922,.T.);
#1922 = B_SPLINE_CURVE_WITH_KNOTS('',1,(#1923,#1924),.UNSPECIFIED.,.F.,
  .F.,(2,2),(-6.55,-3.55),.PIECEWISE_BEZIER_KNOTS.);
#1923 = CARTESIAN_POINT('',(-5.05,1.4995,2.6000001));
#1924 = CARTESIAN_POINT('',(-5.05,-1.5005,2.6000001));
#1925 = B_SPLINE_SURFACE_WITH_KNOTS('',1,1,(
    (#1926,#1927)
    ,(#1928,#1929
    )),.UNSPECIFIED.,.F.,.F.,.F.,(2,2),(2,2),(0.,4.),(0.5,9.6),
  .PIECEWISE_BEZIER_KNOTS.);
#1926 = CARTESIAN_POINT('',(-5.05,-4.5505,4.2000001));
#1927 = CARTESIAN_POINT('',(-5.05,4.5495,4.2000001));
#1928 = CARTESIAN_POINT('',(-5.05,-4.5505,0.2000001));
#1929 = CARTESIAN_POINT('',(-5.05,4.5495,0.2000001));
#1930 = ADVANCED_FACE('',(#1931),#1961,.F.);
#1931 = FACE_BOUND('',#1932,.T.);
#1932 = EDGE_LOOP('',(#1933,#1942,#1949,#1956));
#1933 = ORIENTED_EDGE('',*,*,#1934,.T.);
#1934 = EDGE_CURVE('',#1935,#1937,#1939,.T.);
#1935 = VERTEX_POINT('',#1936);
#1936 = CARTESIAN_POINT('',(-4.55,-5.0505,0.2000001));
#1937 = VERTEX_POINT('',#1938);
#1938 = CARTESIAN_POINT('',(4.55,-5.0505,0.2000001));
#1939 = B_SPLINE_CURVE_WITH_KNOTS('',1,(#1940,#1941),.UNSPECIFIED.,.F.,
  .F.,(2,2),(0.5,9.6),.PIECEWISE_BEZIER_KNOTS.);
#1940 = CARTESIAN_POINT('',(-4.55,-5.0505,0.2000001));
#1941 = CARTESIAN_POINT('',(4.55,-5.0505,0.2000001));
#1942 = ORIENTED_EDGE('',*,*,#1943,.T.);
#1943 = EDGE_CURVE('',#1937,#1944,#1946,.T.);
#1944 = VERTEX_POINT('',#1945);
#1945 = CARTESIAN_POINT('',(4.55,-5.0505,4.2000001));
#1946 = B_SPLINE_CURVE_WITH_KNOTS('',1,(#1947,#1948),.UNSPECIFIED.,.F.,
  .F.,(2,2),(-4.,0.),.PIECEWISE_BEZIER_KNOTS.);
#1947 = CARTESIAN_POINT('',(4.55,-5.0505,0.2000001));
#1948 = CARTESIAN_POINT('',(4.55,-5.0505,4.2000001));
#1949 = ORIENTED_EDGE('',*,*,#1950,.F.);
#1950 = EDGE_CURVE('',#1951,#1944,#1953,.T.);
#1951 = VERTEX_POINT('',#1952);
#1952 = CARTESIAN_POINT('',(-4.55,-5.0505,4.2000001));
#1953 = B_SPLINE_CURVE_WITH_KNOTS('',1,(#1954,#1955),.UNSPECIFIED.,.F.,
  .F.,(2,2),(0.5,9.6),.PIECEWISE_BEZIER_KNOTS.);
#1954 = CARTESIAN_POINT('',(-4.55,-5.0505,4.2000001));
#1955 = CARTESIAN_POINT('',(4.55,-5.0505,4.2000001));
#1956 = ORIENTED_EDGE('',*,*,#1957,.T.);
#1957 = EDGE_CURVE('',#1951,#1935,#1958,.T.);
#1958 = B_SPLINE_CURVE_WITH_KNOTS('',1,(#1959,#1960),.UNSPECIFIED.,.F.,
  .F.,(2,2),(0.,4.),.PIECEWISE_BEZIER_KNOTS.);
#1959 = CARTESIAN_POINT('',(-4.55,-5.0505,4.2000001));
#1960 = CARTESIAN_POINT('',(-4.55,-5.0505,0.2000001));
#1961 = B_SPLINE_SURFACE_WITH_KNOTS('',1,1,(
    (#1962,#1963)
    ,(#1964,#1965
    )),.UNSPECIFIED.,.F.,.F.,.F.,(2,2),(2,2),(-4.,0.),(0.5,9.6),
  .PIECEWISE_BEZIER_KNOTS.);
#1962 = CARTESIAN_POINT('',(-4.55,-5.0505,0.2000001));
#1963 = CARTESIAN_POINT('',(4.55,-5.0505,0.2000001));
#1964 = CARTESIAN_POINT('',(-4.55,-5.0505,4.2000001));
#1965 = CARTESIAN_POINT('',(4.55,-5.0505,4.2000001));
#1966 = ADVANCED_FACE('',(#1967),#1997,.F.);
#1967 = FACE_BOUND('',#1968,.T.);
#1968 = EDGE_LOOP('',(#1969,#1970,#1976,#1977,#1983,#1984,#1990,#1991));
#1969 = ORIENTED_EDGE('',*,*,#1950,.T.);
#1970 = ORIENTED_EDGE('',*,*,#1971,.T.);
#1971 = EDGE_CURVE('',#1944,#1807,#1972,.T.);
#1972 = ( BOUNDED_CURVE() B_SPLINE_CURVE(2,(#1973,#1974,#1975),
.UNSPECIFIED.,.F.,.F.) B_SPLINE_CURVE_WITH_KNOTS((3,3),(1.570796326795,
3.14159265359),.PIECEWISE_BEZIER_KNOTS.) CURVE() 
GEOMETRIC_REPRESENTATION_ITEM() RATIONAL_B_SPLINE_CURVE((1.,
0.707106781187,1.)) REPRESENTATION_ITEM('') );
#1973 = CARTESIAN_POINT('',(4.55,-5.0505,4.2000001));
#1974 = CARTESIAN_POINT('',(5.05,-5.0505,4.2000001));
#1975 = CARTESIAN_POINT('',(5.05,-4.5505,4.2000001));
#1976 = ORIENTED_EDGE('',*,*,#1806,.T.);
#1977 = ORIENTED_EDGE('',*,*,#1978,.T.);
#1978 = EDGE_CURVE('',#1800,#465,#1979,.T.);
#1979 = ( BOUNDED_CURVE() B_SPLINE_CURVE(2,(#1980,#1981,#1982),
.UNSPECIFIED.,.F.,.F.) B_SPLINE_CURVE_WITH_KNOTS((3,3),(3.14159265359,
4.712388980385),.PIECEWISE_BEZIER_KNOTS.) CURVE() 
GEOMETRIC_REPRESENTATION_ITEM() RATIONAL_B_SPLINE_CURVE((1.,
0.707106781187,1.)) REPRESENTATION_ITEM('') );
#1980 = CARTESIAN_POINT('',(5.05,4.5495,4.2000001));
#1981 = CARTESIAN_POINT('',(5.05,5.0495,4.2000001));
#1982 = CARTESIAN_POINT('',(4.55,5.0495,4.2000001));
#1983 = ORIENTED_EDGE('',*,*,#464,.T.);
#1984 = ORIENTED_EDGE('',*,*,#1985,.T.);
#1985 = EDGE_CURVE('',#467,#1871,#1986,.T.);
#1986 = ( BOUNDED_CURVE() B_SPLINE_CURVE(2,(#1987,#1988,#1989),
.UNSPECIFIED.,.F.,.F.) B_SPLINE_CURVE_WITH_KNOTS((3,3),(4.712388980385,
6.28318530718),.PIECEWISE_BEZIER_KNOTS.) CURVE() 
GEOMETRIC_REPRESENTATION_ITEM() RATIONAL_B_SPLINE_CURVE((1.,
0.707106781187,1.)) REPRESENTATION_ITEM('') );
#1987 = CARTESIAN_POINT('',(-4.55,5.0495,4.2000001));
#1988 = CARTESIAN_POINT('',(-5.05,5.0495,4.2000001));
#1989 = CARTESIAN_POINT('',(-5.05,4.5495,4.2000001));
#1990 = ORIENTED_EDGE('',*,*,#1870,.T.);
#1991 = ORIENTED_EDGE('',*,*,#1992,.T.);
#1992 = EDGE_CURVE('',#1864,#1951,#1993,.T.);
#1993 = ( BOUNDED_CURVE() B_SPLINE_CURVE(2,(#1994,#1995,#1996),
.UNSPECIFIED.,.F.,.F.) B_SPLINE_CURVE_WITH_KNOTS((3,3),(0.,
1.570796326795),.PIECEWISE_BEZIER_KNOTS.) CURVE() 
GEOMETRIC_REPRESENTATION_ITEM() RATIONAL_B_SPLINE_CURVE((1.,
0.707106781187,1.)) REPRESENTATION_ITEM('') );
#1994 = CARTESIAN_POINT('',(-5.05,-4.5505,4.2000001));
#1995 = CARTESIAN_POINT('',(-5.05,-5.0505,4.2000001));
#1996 = CARTESIAN_POINT('',(-4.55,-5.0505,4.2000001));
#1997 = B_SPLINE_SURFACE_WITH_KNOTS('',1,1,(
    (#1998,#1999)
    ,(#2000,#2001
    )),.UNSPECIFIED.,.F.,.F.,.F.,(2,2),(2,2),(-5.05,5.05),(-5.05,5.05),
  .PIECEWISE_BEZIER_KNOTS.);
#1998 = CARTESIAN_POINT('',(5.05,-5.0505,4.2000001));
#1999 = CARTESIAN_POINT('',(5.05,5.0495,4.2000001));
#2000 = CARTESIAN_POINT('',(-5.05,-5.0505,4.2000001));
#2001 = CARTESIAN_POINT('',(-5.05,5.0495,4.2000001));
#2002 = ADVANCED_FACE('',(#2003),#2073,.T.);
#2003 = FACE_BOUND('',#2004,.T.);
#2004 = EDGE_LOOP('',(#2005,#2012,#2013,#2019,#2020,#2026,#2027,#2034,
    #2041,#2046,#2047,#2053,#2054,#2060,#2061,#2068));
#2005 = ORIENTED_EDGE('',*,*,#2006,.F.);
#2006 = EDGE_CURVE('',#1765,#2007,#2009,.T.);
#2007 = VERTEX_POINT('',#2008);
#2008 = CARTESIAN_POINT('',(2.05,-2.0005,0.2000001));
#2009 = B_SPLINE_CURVE_WITH_KNOTS('',1,(#2010,#2011),.UNSPECIFIED.,.F.,
  .F.,(2,2),(-5.05,-2.05),.PIECEWISE_BEZIER_KNOTS.);
#2010 = CARTESIAN_POINT('',(5.05,-2.0005,0.2000001));
#2011 = CARTESIAN_POINT('',(2.05,-2.0005,0.2000001));
#2012 = ORIENTED_EDGE('',*,*,#1762,.F.);
#2013 = ORIENTED_EDGE('',*,*,#2014,.T.);
#2014 = EDGE_CURVE('',#1763,#1937,#2015,.T.);
#2015 = ( BOUNDED_CURVE() B_SPLINE_CURVE(2,(#2016,#2017,#2018),
.UNSPECIFIED.,.F.,.F.) B_SPLINE_CURVE_WITH_KNOTS((3,3),(3.14159265359,
4.712388980385),.PIECEWISE_BEZIER_KNOTS.) CURVE() 
GEOMETRIC_REPRESENTATION_ITEM() RATIONAL_B_SPLINE_CURVE((1.,
0.707106781187,1.)) REPRESENTATION_ITEM('') );
#2016 = CARTESIAN_POINT('',(5.05,-4.5505,0.2000001));
#2017 = CARTESIAN_POINT('',(5.05,-5.0505,0.2000001));
#2018 = CARTESIAN_POINT('',(4.55,-5.0505,0.2000001));
#2019 = ORIENTED_EDGE('',*,*,#1934,.F.);
#2020 = ORIENTED_EDGE('',*,*,#2021,.T.);
#2021 = EDGE_CURVE('',#1935,#1857,#2022,.T.);
#2022 = ( BOUNDED_CURVE() B_SPLINE_CURVE(2,(#2023,#2024,#2025),
.UNSPECIFIED.,.F.,.F.) B_SPLINE_CURVE_WITH_KNOTS((3,3),(4.712388980385,
6.28318530718),.PIECEWISE_BEZIER_KNOTS.) CURVE() 
GEOMETRIC_REPRESENTATION_ITEM() RATIONAL_B_SPLINE_CURVE((1.,
0.707106781187,1.)) REPRESENTATION_ITEM('') );
#2023 = CARTESIAN_POINT('',(-4.55,-5.0505,0.2000001));
#2024 = CARTESIAN_POINT('',(-5.05,-5.0505,0.2000001));
#2025 = CARTESIAN_POINT('',(-5.05,-4.5505,0.2000001));
#2026 = ORIENTED_EDGE('',*,*,#1856,.F.);
#2027 = ORIENTED_EDGE('',*,*,#2028,.F.);
#2028 = EDGE_CURVE('',#2029,#1850,#2031,.T.);
#2029 = VERTEX_POINT('',#2030);
#2030 = CARTESIAN_POINT('',(-2.05,-2.0005,0.2000001));
#2031 = B_SPLINE_CURVE_WITH_KNOTS('',1,(#2032,#2033),.UNSPECIFIED.,.F.,
  .F.,(2,2),(0.,3.),.PIECEWISE_BEZIER_KNOTS.);
#2032 = CARTESIAN_POINT('',(-2.05,-2.0005,0.2000001));
#2033 = CARTESIAN_POINT('',(-5.05,-2.0005,0.2000001));
#2034 = ORIENTED_EDGE('',*,*,#2035,.F.);
#2035 = EDGE_CURVE('',#2036,#2029,#2038,.T.);
#2036 = VERTEX_POINT('',#2037);
#2037 = CARTESIAN_POINT('',(-2.05,1.9995,0.2000001));
#2038 = B_SPLINE_CURVE_WITH_KNOTS('',1,(#2039,#2040),.UNSPECIFIED.,.F.,
  .F.,(2,2),(0.,4.),.PIECEWISE_BEZIER_KNOTS.);
#2039 = CARTESIAN_POINT('',(-2.05,1.9995,0.2000001));
#2040 = CARTESIAN_POINT('',(-2.05,-2.0005,0.2000001));
#2041 = ORIENTED_EDGE('',*,*,#2042,.F.);
#2042 = EDGE_CURVE('',#1885,#2036,#2043,.T.);
#2043 = B_SPLINE_CURVE_WITH_KNOTS('',1,(#2044,#2045),.UNSPECIFIED.,.F.,
  .F.,(2,2),(-5.05,-2.05),.PIECEWISE_BEZIER_KNOTS.);
#2044 = CARTESIAN_POINT('',(-5.05,1.9995,0.2000001));
#2045 = CARTESIAN_POINT('',(-2.05,1.9995,0.2000001));
#2046 = ORIENTED_EDGE('',*,*,#1884,.F.);
#2047 = ORIENTED_EDGE('',*,*,#2048,.T.);
#2048 = EDGE_CURVE('',#1878,#481,#2049,.T.);
#2049 = ( BOUNDED_CURVE() B_SPLINE_CURVE(2,(#2050,#2051,#2052),
.UNSPECIFIED.,.F.,.F.) B_SPLINE_CURVE_WITH_KNOTS((3,3),(0.,
1.570796326795),.PIECEWISE_BEZIER_KNOTS.) CURVE() 
GEOMETRIC_REPRESENTATION_ITEM() RATIONAL_B_SPLINE_CURVE((1.,
0.707106781187,1.)) REPRESENTATION_ITEM('') );
#2050 = CARTESIAN_POINT('',(-5.05,4.5495,0.2000001));
#2051 = CARTESIAN_POINT('',(-5.05,5.0495,0.2000001));
#2052 = CARTESIAN_POINT('',(-4.55,5.0495,0.2000001));
#2053 = ORIENTED_EDGE('',*,*,#480,.F.);
#2054 = ORIENTED_EDGE('',*,*,#2055,.T.);
#2055 = EDGE_CURVE('',#474,#1793,#2056,.T.);
#2056 = ( BOUNDED_CURVE() B_SPLINE_CURVE(2,(#2057,#2058,#2059),
.UNSPECIFIED.,.F.,.F.) B_SPLINE_CURVE_WITH_KNOTS((3,3),(1.570796326795,
3.14159265359),.PIECEWISE_BEZIER_KNOTS.) CURVE() 
GEOMETRIC_REPRESENTATION_ITEM() RATIONAL_B_SPLINE_CURVE((1.,
0.707106781187,1.)) REPRESENTATION_ITEM('') );
#2057 = CARTESIAN_POINT('',(4.55,5.0495,0.2000001));
#2058 = CARTESIAN_POINT('',(5.05,5.0495,0.2000001));
#2059 = CARTESIAN_POINT('',(5.05,4.5495,0.2000001));
#2060 = ORIENTED_EDGE('',*,*,#1792,.F.);
#2061 = ORIENTED_EDGE('',*,*,#2062,.F.);
#2062 = EDGE_CURVE('',#2063,#1786,#2065,.T.);
#2063 = VERTEX_POINT('',#2064);
#2064 = CARTESIAN_POINT('',(2.05,1.9995,0.2000001));
#2065 = B_SPLINE_CURVE_WITH_KNOTS('',1,(#2066,#2067),.UNSPECIFIED.,.F.,
  .F.,(2,2),(-6.,-3.),.PIECEWISE_BEZIER_KNOTS.);
#2066 = CARTESIAN_POINT('',(2.05,1.9995,0.2000001));
#2067 = CARTESIAN_POINT('',(5.05,1.9995,0.2000001));
#2068 = ORIENTED_EDGE('',*,*,#2069,.F.);
#2069 = EDGE_CURVE('',#2007,#2063,#2070,.T.);
#2070 = B_SPLINE_CURVE_WITH_KNOTS('',1,(#2071,#2072),.UNSPECIFIED.,.F.,
  .F.,(2,2),(-4.,0.),.PIECEWISE_BEZIER_KNOTS.);
#2071 = CARTESIAN_POINT('',(2.05,-2.0005,0.2000001));
#2072 = CARTESIAN_POINT('',(2.05,1.9995,0.2000001));
#2073 = B_SPLINE_SURFACE_WITH_KNOTS('',1,1,(
    (#2074,#2075)
    ,(#2076,#2077
    )),.UNSPECIFIED.,.F.,.F.,.F.,(2,2),(2,2),(-5.05,5.05),(-5.05,5.05),
  .PIECEWISE_BEZIER_KNOTS.);
#2074 = CARTESIAN_POINT('',(5.05,-5.0505,0.2000001));
#2075 = CARTESIAN_POINT('',(5.05,5.0495,0.2000001));
#2076 = CARTESIAN_POINT('',(-5.05,-5.0505,0.2000001));
#2077 = CARTESIAN_POINT('',(-5.05,5.0495,0.2000001));
#2078 = ADVANCED_FACE('',(#2079),#2085,.T.);
#2079 = FACE_BOUND('',#2080,.T.);
#2080 = EDGE_LOOP('',(#2081,#2082,#2083,#2084));
#2081 = ORIENTED_EDGE('',*,*,#1971,.F.);
#2082 = ORIENTED_EDGE('',*,*,#1943,.F.);
#2083 = ORIENTED_EDGE('',*,*,#2014,.F.);
#2084 = ORIENTED_EDGE('',*,*,#1813,.F.);
#2085 = ( BOUNDED_SURFACE() B_SPLINE_SURFACE(2,1,(
    (#2086,#2087)
    ,(#2088,#2089)
    ,(#2090,#2091
)),.UNSPECIFIED.,.F.,.F.,.F.) B_SPLINE_SURFACE_WITH_KNOTS((3,3),(2,2),(
    3.14159265359,4.712388980385),(0.,4.),.PIECEWISE_BEZIER_KNOTS.) 
GEOMETRIC_REPRESENTATION_ITEM() RATIONAL_B_SPLINE_SURFACE((
    (1.,1.)
    ,(0.707106781187,0.707106781187)
,(1.,1.))) REPRESENTATION_ITEM('') SURFACE() );
#2086 = CARTESIAN_POINT('',(5.05,-4.5505,4.2000001));
#2087 = CARTESIAN_POINT('',(5.05,-4.5505,0.2000001));
#2088 = CARTESIAN_POINT('',(5.05,-5.0505,4.2000001));
#2089 = CARTESIAN_POINT('',(5.05,-5.0505,0.2000001));
#2090 = CARTESIAN_POINT('',(4.55,-5.0505,4.2000001));
#2091 = CARTESIAN_POINT('',(4.55,-5.0505,0.2000001));
#2092 = ADVANCED_FACE('',(#2093),#2099,.T.);
#2093 = FACE_BOUND('',#2094,.T.);
#2094 = EDGE_LOOP('',(#2095,#2096,#2097,#2098));
#2095 = ORIENTED_EDGE('',*,*,#1992,.F.);
#2096 = ORIENTED_EDGE('',*,*,#1863,.F.);
#2097 = ORIENTED_EDGE('',*,*,#2021,.F.);
#2098 = ORIENTED_EDGE('',*,*,#1957,.F.);
#2099 = ( BOUNDED_SURFACE() B_SPLINE_SURFACE(2,1,(
    (#2100,#2101)
    ,(#2102,#2103)
    ,(#2104,#2105
)),.UNSPECIFIED.,.F.,.F.,.F.) B_SPLINE_SURFACE_WITH_KNOTS((3,3),(2,2),(
    4.712388980385,6.28318530718),(0.,4.),.PIECEWISE_BEZIER_KNOTS.) 
GEOMETRIC_REPRESENTATION_ITEM() RATIONAL_B_SPLINE_SURFACE((
    (1.,1.)
    ,(0.707106781187,0.707106781187)
,(1.,1.))) REPRESENTATION_ITEM('') SURFACE() );
#2100 = CARTESIAN_POINT('',(-4.55,-5.0505,4.2000001));
#2101 = CARTESIAN_POINT('',(-4.55,-5.0505,0.2000001));
#2102 = CARTESIAN_POINT('',(-5.05,-5.0505,4.2000001));
#2103 = CARTESIAN_POINT('',(-5.05,-5.0505,0.2000001));
#2104 = CARTESIAN_POINT('',(-5.05,-4.5505,4.2000001));
#2105 = CARTESIAN_POINT('',(-5.05,-4.5505,0.2000001));
#2106 = ADVANCED_FACE('',(#2107),#2113,.T.);
#2107 = FACE_BOUND('',#2108,.T.);
#2108 = EDGE_LOOP('',(#2109,#2110,#2111,#2112));
#2109 = ORIENTED_EDGE('',*,*,#1978,.F.);
#2110 = ORIENTED_EDGE('',*,*,#1799,.F.);
#2111 = ORIENTED_EDGE('',*,*,#2055,.F.);
#2112 = ORIENTED_EDGE('',*,*,#473,.F.);
#2113 = ( BOUNDED_SURFACE() B_SPLINE_SURFACE(2,1,(
    (#2114,#2115)
    ,(#2116,#2117)
    ,(#2118,#2119
)),.UNSPECIFIED.,.F.,.F.,.F.) B_SPLINE_SURFACE_WITH_KNOTS((3,3),(2,2),(
    1.570796326795,3.14159265359),(0.,4.),.PIECEWISE_BEZIER_KNOTS.) 
GEOMETRIC_REPRESENTATION_ITEM() RATIONAL_B_SPLINE_SURFACE((
    (1.,1.)
    ,(0.707106781187,0.707106781187)
,(1.,1.))) REPRESENTATION_ITEM('') SURFACE() );
#2114 = CARTESIAN_POINT('',(4.55,5.0495,4.2000001));
#2115 = CARTESIAN_POINT('',(4.55,5.0495,0.2000001));
#2116 = CARTESIAN_POINT('',(5.05,5.0495,4.2000001));
#2117 = CARTESIAN_POINT('',(5.05,5.0495,0.2000001));
#2118 = CARTESIAN_POINT('',(5.05,4.5495,4.2000001));
#2119 = CARTESIAN_POINT('',(5.05,4.5495,0.2000001));
#2120 = ADVANCED_FACE('',(#2121),#2127,.T.);
#2121 = FACE_BOUND('',#2122,.T.);
#2122 = EDGE_LOOP('',(#2123,#2124,#2125,#2126));
#2123 = ORIENTED_EDGE('',*,*,#1985,.F.);
#2124 = ORIENTED_EDGE('',*,*,#487,.F.);
#2125 = ORIENTED_EDGE('',*,*,#2048,.F.);
#2126 = ORIENTED_EDGE('',*,*,#1877,.F.);
#2127 = ( BOUNDED_SURFACE() B_SPLINE_SURFACE(2,1,(
    (#2128,#2129)
    ,(#2130,#2131)
    ,(#2132,#2133
)),.UNSPECIFIED.,.F.,.F.,.F.) B_SPLINE_SURFACE_WITH_KNOTS((3,3),(2,2),(
    0.,1.570796326795),(0.,4.),.PIECEWISE_BEZIER_KNOTS.) 
GEOMETRIC_REPRESENTATION_ITEM() RATIONAL_B_SPLINE_SURFACE((
    (1.,1.)
    ,(0.707106781187,0.707106781187)
,(1.,1.))) REPRESENTATION_ITEM('') SURFACE() );
#2128 = CARTESIAN_POINT('',(-5.05,4.5495,4.2000001));
#2129 = CARTESIAN_POINT('',(-5.05,4.5495,0.2000001));
#2130 = CARTESIAN_POINT('',(-5.05,5.0495,4.2000001));
#2131 = CARTESIAN_POINT('',(-5.05,5.0495,0.2000001));
#2132 = CARTESIAN_POINT('',(-4.55,5.0495,4.2000001));
#2133 = CARTESIAN_POINT('',(-4.55,5.0495,0.2000001));
#2134 = ADVANCED_FACE('',(#2135),#2157,.T.);
#2135 = FACE_BOUND('',#2136,.T.);
#2136 = EDGE_LOOP('',(#2137,#2138,#2145,#2152));
#2137 = ORIENTED_EDGE('',*,*,#1840,.T.);
#2138 = ORIENTED_EDGE('',*,*,#2139,.T.);
#2139 = EDGE_CURVE('',#1843,#2140,#2142,.T.);
#2140 = VERTEX_POINT('',#2141);
#2141 = CARTESIAN_POINT('',(-2.35,1.6995,0.5000001));
#2142 = B_SPLINE_CURVE_WITH_KNOTS('',1,(#2143,#2144),.UNSPECIFIED.,.F.,
  .F.,(2,2),(-5.05,-2.35),.PIECEWISE_BEZIER_KNOTS.);
#2143 = CARTESIAN_POINT('',(-5.05,1.6995,0.5000001));
#2144 = CARTESIAN_POINT('',(-2.35,1.6995,0.5000001));
#2145 = ORIENTED_EDGE('',*,*,#2146,.T.);
#2146 = EDGE_CURVE('',#2140,#2147,#2149,.T.);
#2147 = VERTEX_POINT('',#2148);
#2148 = CARTESIAN_POINT('',(-2.35,-1.7005,0.5000001));
#2149 = B_SPLINE_CURVE_WITH_KNOTS('',1,(#2150,#2151),.UNSPECIFIED.,.F.,
  .F.,(2,2),(-1.7,1.7),.PIECEWISE_BEZIER_KNOTS.);
#2150 = CARTESIAN_POINT('',(-2.35,1.6995,0.5000001));
#2151 = CARTESIAN_POINT('',(-2.35,-1.7005,0.5000001));
#2152 = ORIENTED_EDGE('',*,*,#2153,.T.);
#2153 = EDGE_CURVE('',#2147,#1841,#2154,.T.);
#2154 = B_SPLINE_CURVE_WITH_KNOTS('',1,(#2155,#2156),.UNSPECIFIED.,.F.,
  .F.,(2,2),(2.35,5.05),.PIECEWISE_BEZIER_KNOTS.);
#2155 = CARTESIAN_POINT('',(-2.35,-1.7005,0.5000001));
#2156 = CARTESIAN_POINT('',(-5.05,-1.7005,0.5000001));
#2157 = B_SPLINE_SURFACE_WITH_KNOTS('',1,1,(
    (#2158,#2159)
    ,(#2160,#2161
    )),.UNSPECIFIED.,.F.,.F.,.F.,(2,2),(2,2),(2.35,5.05),(-1.7,1.7),
  .PIECEWISE_BEZIER_KNOTS.);
#2158 = CARTESIAN_POINT('',(-2.35,-1.7005,0.5000001));
#2159 = CARTESIAN_POINT('',(-2.35,1.6995,0.5000001));
#2160 = CARTESIAN_POINT('',(-5.05,-1.7005,0.5000001));
#2161 = CARTESIAN_POINT('',(-5.05,1.6995,0.5000001));
#2162 = ADVANCED_FACE('',(#2163),#2173,.F.);
#2163 = FACE_BOUND('',#2164,.T.);
#2164 = EDGE_LOOP('',(#2165,#2166,#2171,#2172));
#2165 = ORIENTED_EDGE('',*,*,#2153,.F.);
#2166 = ORIENTED_EDGE('',*,*,#2167,.T.);
#2167 = EDGE_CURVE('',#2147,#2029,#2168,.T.);
#2168 = B_SPLINE_CURVE_WITH_KNOTS('',1,(#2169,#2170),.UNSPECIFIED.,.F.,
  .F.,(2,2),(1.789785834488,2.309401076759),.PIECEWISE_BEZIER_KNOTS.);
#2169 = CARTESIAN_POINT('',(-2.35,-1.7005,0.5000001));
#2170 = CARTESIAN_POINT('',(-2.05,-2.0005,0.2000001));
#2171 = ORIENTED_EDGE('',*,*,#2028,.T.);
#2172 = ORIENTED_EDGE('',*,*,#1849,.F.);
#2173 = B_SPLINE_SURFACE_WITH_KNOTS('',1,1,(
    (#2174,#2175)
    ,(#2176,#2177
    )),.UNSPECIFIED.,.F.,.F.,.F.,(2,2),(2,2),(-0.424264068712,0.),(-3.,
    2.22044604925E-16),.PIECEWISE_BEZIER_KNOTS.);
#2174 = CARTESIAN_POINT('',(-5.05,-1.7005,0.5000001));
#2175 = CARTESIAN_POINT('',(-2.05,-1.7005,0.5000001));
#2176 = CARTESIAN_POINT('',(-5.05,-2.0005,0.2000001));
#2177 = CARTESIAN_POINT('',(-2.05,-2.0005,0.2000001));
#2178 = ADVANCED_FACE('',(#2179),#2189,.F.);
#2179 = FACE_BOUND('',#2180,.T.);
#2180 = EDGE_LOOP('',(#2181,#2182,#2187,#2188));
#2181 = ORIENTED_EDGE('',*,*,#2042,.T.);
#2182 = ORIENTED_EDGE('',*,*,#2183,.F.);
#2183 = EDGE_CURVE('',#2140,#2036,#2184,.T.);
#2184 = B_SPLINE_CURVE_WITH_KNOTS('',1,(#2185,#2186),.UNSPECIFIED.,.F.,
  .F.,(2,2),(-0.519615242271,0.),.PIECEWISE_BEZIER_KNOTS.);
#2185 = CARTESIAN_POINT('',(-2.35,1.6995,0.5000001));
#2186 = CARTESIAN_POINT('',(-2.05,1.9995,0.2000001));
#2187 = ORIENTED_EDGE('',*,*,#2139,.F.);
#2188 = ORIENTED_EDGE('',*,*,#1891,.F.);
#2189 = B_SPLINE_SURFACE_WITH_KNOTS('',1,1,(
    (#2190,#2191)
    ,(#2192,#2193
    )),.UNSPECIFIED.,.F.,.F.,.F.,(2,2),(2,2),(-8.881784197001E-16,
    0.424264068712),(-3.,0.),.PIECEWISE_BEZIER_KNOTS.);
#2190 = CARTESIAN_POINT('',(-5.05,1.9995,0.2000001));
#2191 = CARTESIAN_POINT('',(-2.05,1.9995,0.2000001));
#2192 = CARTESIAN_POINT('',(-5.05,1.6995,0.5000001));
#2193 = CARTESIAN_POINT('',(-2.05,1.6995,0.5000001));
#2194 = ADVANCED_FACE('',(#2195),#2201,.F.);
#2195 = FACE_BOUND('',#2196,.T.);
#2196 = EDGE_LOOP('',(#2197,#2198,#2199,#2200));
#2197 = ORIENTED_EDGE('',*,*,#2035,.T.);
#2198 = ORIENTED_EDGE('',*,*,#2167,.F.);
#2199 = ORIENTED_EDGE('',*,*,#2146,.F.);
#2200 = ORIENTED_EDGE('',*,*,#2183,.T.);
#2201 = B_SPLINE_SURFACE_WITH_KNOTS('',1,1,(
    (#2202,#2203)
    ,(#2204,#2205
    )),.UNSPECIFIED.,.F.,.F.,.F.,(2,2),(2,2),(-0.424264068712,
    2.22044604925E-16),(-4.,0.),.PIECEWISE_BEZIER_KNOTS.);
#2202 = CARTESIAN_POINT('',(-2.35,-2.0005,0.5000001));
#2203 = CARTESIAN_POINT('',(-2.35,1.9995,0.5000001));
#2204 = CARTESIAN_POINT('',(-2.05,-2.0005,0.2000001));
#2205 = CARTESIAN_POINT('',(-2.05,1.9995,0.2000001));
#2206 = ADVANCED_FACE('',(#2207),#2229,.T.);
#2207 = FACE_BOUND('',#2208,.T.);
#2208 = EDGE_LOOP('',(#2209,#2210,#2217,#2224));
#2209 = ORIENTED_EDGE('',*,*,#1778,.T.);
#2210 = ORIENTED_EDGE('',*,*,#2211,.T.);
#2211 = EDGE_CURVE('',#1772,#2212,#2214,.T.);
#2212 = VERTEX_POINT('',#2213);
#2213 = CARTESIAN_POINT('',(2.35,-1.7005,0.5000001));
#2214 = B_SPLINE_CURVE_WITH_KNOTS('',1,(#2215,#2216),.UNSPECIFIED.,.F.,
  .F.,(2,2),(-5.05,-2.35),.PIECEWISE_BEZIER_KNOTS.);
#2215 = CARTESIAN_POINT('',(5.05,-1.7005,0.5000001));
#2216 = CARTESIAN_POINT('',(2.35,-1.7005,0.5000001));
#2217 = ORIENTED_EDGE('',*,*,#2218,.T.);
#2218 = EDGE_CURVE('',#2212,#2219,#2221,.T.);
#2219 = VERTEX_POINT('',#2220);
#2220 = CARTESIAN_POINT('',(2.35,1.6995,0.5000001));
#2221 = B_SPLINE_CURVE_WITH_KNOTS('',1,(#2222,#2223),.UNSPECIFIED.,.F.,
  .F.,(2,2),(-1.7,1.7),.PIECEWISE_BEZIER_KNOTS.);
#2222 = CARTESIAN_POINT('',(2.35,-1.7005,0.5000001));
#2223 = CARTESIAN_POINT('',(2.35,1.6995,0.5000001));
#2224 = ORIENTED_EDGE('',*,*,#2225,.T.);
#2225 = EDGE_CURVE('',#2219,#1779,#2226,.T.);
#2226 = B_SPLINE_CURVE_WITH_KNOTS('',1,(#2227,#2228),.UNSPECIFIED.,.F.,
  .F.,(2,2),(2.35,5.05),.PIECEWISE_BEZIER_KNOTS.);
#2227 = CARTESIAN_POINT('',(2.35,1.6995,0.5000001));
#2228 = CARTESIAN_POINT('',(5.05,1.6995,0.5000001));
#2229 = B_SPLINE_SURFACE_WITH_KNOTS('',1,1,(
    (#2230,#2231)
    ,(#2232,#2233
  )),.UNSPECIFIED.,.F.,.F.,.F.,(2,2),(2,2),(-5.05,-2.35),(-1.7,1.7),
  .PIECEWISE_BEZIER_KNOTS.);
#2230 = CARTESIAN_POINT('',(5.05,-1.7005,0.5000001));
#2231 = CARTESIAN_POINT('',(5.05,1.6995,0.5000001));
#2232 = CARTESIAN_POINT('',(2.35,-1.7005,0.5000001));
#2233 = CARTESIAN_POINT('',(2.35,1.6995,0.5000001));
#2234 = ADVANCED_FACE('',(#2235),#2245,.F.);
#2235 = FACE_BOUND('',#2236,.T.);
#2236 = EDGE_LOOP('',(#2237,#2238,#2243,#2244));
#2237 = ORIENTED_EDGE('',*,*,#2006,.T.);
#2238 = ORIENTED_EDGE('',*,*,#2239,.F.);
#2239 = EDGE_CURVE('',#2212,#2007,#2240,.T.);
#2240 = B_SPLINE_CURVE_WITH_KNOTS('',1,(#2241,#2242),.UNSPECIFIED.,.F.,
  .F.,(2,2),(2.944486372867,3.464101615138),.PIECEWISE_BEZIER_KNOTS.);
#2241 = CARTESIAN_POINT('',(2.35,-1.7005,0.5000001));
#2242 = CARTESIAN_POINT('',(2.05,-2.0005,0.2000001));
#2243 = ORIENTED_EDGE('',*,*,#2211,.F.);
#2244 = ORIENTED_EDGE('',*,*,#1771,.F.);
#2245 = B_SPLINE_SURFACE_WITH_KNOTS('',1,1,(
    (#2246,#2247)
    ,(#2248,#2249
    )),.UNSPECIFIED.,.F.,.F.,.F.,(2,2),(2,2),(-0.424264068712,
    4.440892098501E-16),(-6.,-3.),.PIECEWISE_BEZIER_KNOTS.);
#2246 = CARTESIAN_POINT('',(2.05,-1.7005,0.5000001));
#2247 = CARTESIAN_POINT('',(5.05,-1.7005,0.5000001));
#2248 = CARTESIAN_POINT('',(2.05,-2.0005,0.2000001));
#2249 = CARTESIAN_POINT('',(5.05,-2.0005,0.2000001));
#2250 = ADVANCED_FACE('',(#2251),#2261,.F.);
#2251 = FACE_BOUND('',#2252,.T.);
#2252 = EDGE_LOOP('',(#2253,#2254,#2259,#2260));
#2253 = ORIENTED_EDGE('',*,*,#2225,.F.);
#2254 = ORIENTED_EDGE('',*,*,#2255,.T.);
#2255 = EDGE_CURVE('',#2219,#2063,#2256,.T.);
#2256 = B_SPLINE_CURVE_WITH_KNOTS('',1,(#2257,#2258),.UNSPECIFIED.,.F.,
  .F.,(2,2),(-0.519615242271,0.),.PIECEWISE_BEZIER_KNOTS.);
#2257 = CARTESIAN_POINT('',(2.35,1.6995,0.5000001));
#2258 = CARTESIAN_POINT('',(2.05,1.9995,0.2000001));
#2259 = ORIENTED_EDGE('',*,*,#2062,.T.);
#2260 = ORIENTED_EDGE('',*,*,#1785,.F.);
#2261 = B_SPLINE_SURFACE_WITH_KNOTS('',1,1,(
    (#2262,#2263)
    ,(#2264,#2265
    )),.UNSPECIFIED.,.F.,.F.,.F.,(2,2),(2,2),(0.,0.424264068712),(-6.,
    -3.),.PIECEWISE_BEZIER_KNOTS.);
#2262 = CARTESIAN_POINT('',(2.05,1.9995,0.2000001));
#2263 = CARTESIAN_POINT('',(5.05,1.9995,0.2000001));
#2264 = CARTESIAN_POINT('',(2.05,1.6995,0.5000001));
#2265 = CARTESIAN_POINT('',(5.05,1.6995,0.5000001));
#2266 = ADVANCED_FACE('',(#2267),#2273,.F.);
#2267 = FACE_BOUND('',#2268,.T.);
#2268 = EDGE_LOOP('',(#2269,#2270,#2271,#2272));
#2269 = ORIENTED_EDGE('',*,*,#2069,.T.);
#2270 = ORIENTED_EDGE('',*,*,#2255,.F.);
#2271 = ORIENTED_EDGE('',*,*,#2218,.F.);
#2272 = ORIENTED_EDGE('',*,*,#2239,.T.);
#2273 = B_SPLINE_SURFACE_WITH_KNOTS('',1,1,(
    (#2274,#2275)
    ,(#2276,#2277
    )),.UNSPECIFIED.,.F.,.F.,.F.,(2,2),(2,2),(-8.881784197001E-16,
    0.424264068712),(-4.,0.),.PIECEWISE_BEZIER_KNOTS.);
#2274 = CARTESIAN_POINT('',(2.05,-2.0005,0.2000001));
#2275 = CARTESIAN_POINT('',(2.05,1.9995,0.2000001));
#2276 = CARTESIAN_POINT('',(2.35,-2.0005,0.5000001));
#2277 = CARTESIAN_POINT('',(2.35,1.9995,0.5000001));
#2278 = ADVANCED_FACE('',(#2279),#2311,.F.);
#2279 = FACE_BOUND('',#2280,.F.);
#2280 = EDGE_LOOP('',(#2281,#2291,#2298,#2306));
#2281 = ORIENTED_EDGE('',*,*,#2282,.F.);
#2282 = EDGE_CURVE('',#2283,#2285,#2287,.T.);
#2283 = VERTEX_POINT('',#2284);
#2284 = CARTESIAN_POINT('',(-5.15,-1.5005,2.6000001));
#2285 = VERTEX_POINT('',#2286);
#2286 = CARTESIAN_POINT('',(-5.4,-1.5005,2.3500001));
#2287 = ( BOUNDED_CURVE() B_SPLINE_CURVE(2,(#2288,#2289,#2290),
.UNSPECIFIED.,.F.,.F.) B_SPLINE_CURVE_WITH_KNOTS((3,3),(1.570796326795,
3.14159265359),.PIECEWISE_BEZIER_KNOTS.) CURVE() 
GEOMETRIC_REPRESENTATION_ITEM() RATIONAL_B_SPLINE_CURVE((1.,
0.707106781187,1.)) REPRESENTATION_ITEM('') );
#2288 = CARTESIAN_POINT('',(-5.15,-1.5005,2.6000001));
#2289 = CARTESIAN_POINT('',(-5.4,-1.5005,2.6000001));
#2290 = CARTESIAN_POINT('',(-5.4,-1.5005,2.3500001));
#2291 = ORIENTED_EDGE('',*,*,#2292,.F.);
#2292 = EDGE_CURVE('',#2293,#2283,#2295,.T.);
#2293 = VERTEX_POINT('',#2294);
#2294 = CARTESIAN_POINT('',(-5.15,-0.4005,2.6000001));
#2295 = B_SPLINE_CURVE_WITH_KNOTS('',1,(#2296,#2297),.UNSPECIFIED.,.F.,
  .F.,(2,2),(1.9,3.),.PIECEWISE_BEZIER_KNOTS.);
#2296 = CARTESIAN_POINT('',(-5.15,-0.4005,2.6000001));
#2297 = CARTESIAN_POINT('',(-5.15,-1.5005,2.6000001));
#2298 = ORIENTED_EDGE('',*,*,#2299,.F.);
#2299 = EDGE_CURVE('',#2300,#2293,#2302,.T.);
#2300 = VERTEX_POINT('',#2301);
#2301 = CARTESIAN_POINT('',(-5.4,-0.4005,2.3500001));
#2302 = ( BOUNDED_CURVE() B_SPLINE_CURVE(2,(#2303,#2304,#2305),
.UNSPECIFIED.,.F.,.F.) B_SPLINE_CURVE_WITH_KNOTS((3,3),(1.570796326795,
3.14159265359),.PIECEWISE_BEZIER_KNOTS.) CURVE() 
GEOMETRIC_REPRESENTATION_ITEM() RATIONAL_B_SPLINE_CURVE((1.,
0.707106781187,1.)) REPRESENTATION_ITEM('') );
#2303 = CARTESIAN_POINT('',(-5.4,-0.4005,2.3500001));
#2304 = CARTESIAN_POINT('',(-5.4,-0.4005,2.6000001));
#2305 = CARTESIAN_POINT('',(-5.15,-0.4005,2.6000001));
#2306 = ORIENTED_EDGE('',*,*,#2307,.T.);
#2307 = EDGE_CURVE('',#2300,#2285,#2308,.T.);
#2308 = B_SPLINE_CURVE_WITH_KNOTS('',1,(#2309,#2310),.UNSPECIFIED.,.F.,
  .F.,(2,2),(1.9,3.),.PIECEWISE_BEZIER_KNOTS.);
#2309 = CARTESIAN_POINT('',(-5.4,-0.4005,2.3500001));
#2310 = CARTESIAN_POINT('',(-5.4,-1.5005,2.3500001));
#2311 = ( BOUNDED_SURFACE() B_SPLINE_SURFACE(2,1,(
    (#2312,#2313)
    ,(#2314,#2315)
    ,(#2316,#2317
)),.UNSPECIFIED.,.F.,.F.,.F.) B_SPLINE_SURFACE_WITH_KNOTS((3,3),(2,2),(
    3.14159265359,4.712388980385),(1.9,3.),.PIECEWISE_BEZIER_KNOTS.) 
GEOMETRIC_REPRESENTATION_ITEM() RATIONAL_B_SPLINE_SURFACE((
    (1.,1.)
    ,(0.707106781187,0.707106781187)
,(1.,1.))) REPRESENTATION_ITEM('') SURFACE() );
#2312 = CARTESIAN_POINT('',(-5.15,-0.4005,2.6000001));
#2313 = CARTESIAN_POINT('',(-5.15,-1.5005,2.6000001));
#2314 = CARTESIAN_POINT('',(-5.4,-0.4005,2.6000001));
#2315 = CARTESIAN_POINT('',(-5.4,-1.5005,2.6000001));
#2316 = CARTESIAN_POINT('',(-5.4,-0.4005,2.3500001));
#2317 = CARTESIAN_POINT('',(-5.4,-1.5005,2.3500001));
#2318 = ADVANCED_FACE('',(#2319),#2347,.F.);
#2319 = FACE_BOUND('',#2320,.T.);
#2320 = EDGE_LOOP('',(#2321,#2328,#2335,#2340,#2341,#2346));
#2321 = ORIENTED_EDGE('',*,*,#2322,.T.);
#2322 = EDGE_CURVE('',#2285,#2323,#2325,.T.);
#2323 = VERTEX_POINT('',#2324);
#2324 = CARTESIAN_POINT('',(-5.4,-1.5005,0.6500001));
#2325 = B_SPLINE_CURVE_WITH_KNOTS('',1,(#2326,#2327),.UNSPECIFIED.,.F.,
  .F.,(2,2),(-1.7,3.330669073875E-16),.PIECEWISE_BEZIER_KNOTS.);
#2326 = CARTESIAN_POINT('',(-5.4,-1.5005,2.3500001));
#2327 = CARTESIAN_POINT('',(-5.4,-1.5005,0.6500001));
#2328 = ORIENTED_EDGE('',*,*,#2329,.F.);
#2329 = EDGE_CURVE('',#2330,#2323,#2332,.T.);
#2330 = VERTEX_POINT('',#2331);
#2331 = CARTESIAN_POINT('',(-5.4,1.4995,0.6500001));
#2332 = B_SPLINE_CURVE_WITH_KNOTS('',1,(#2333,#2334),.UNSPECIFIED.,.F.,
  .F.,(2,2),(-0.,3.),.PIECEWISE_BEZIER_KNOTS.);
#2333 = CARTESIAN_POINT('',(-5.4,1.4995,0.6500001));
#2334 = CARTESIAN_POINT('',(-5.4,-1.5005,0.6500001));
#2335 = ORIENTED_EDGE('',*,*,#2336,.F.);
#2336 = EDGE_CURVE('',#1685,#2330,#2337,.T.);
#2337 = B_SPLINE_CURVE_WITH_KNOTS('',1,(#2338,#2339),.UNSPECIFIED.,.F.,
  .F.,(2,2),(-1.7,3.330669073875E-16),.PIECEWISE_BEZIER_KNOTS.);
#2338 = CARTESIAN_POINT('',(-5.4,1.4995,2.3500001));
#2339 = CARTESIAN_POINT('',(-5.4,1.4995,0.6500001));
#2340 = ORIENTED_EDGE('',*,*,#1692,.T.);
#2341 = ORIENTED_EDGE('',*,*,#2342,.T.);
#2342 = EDGE_CURVE('',#1693,#2300,#2343,.T.);
#2343 = B_SPLINE_CURVE_WITH_KNOTS('',1,(#2344,#2345),.UNSPECIFIED.,.F.,
  .F.,(2,2),(1.1,1.9),.PIECEWISE_BEZIER_KNOTS.);
#2344 = CARTESIAN_POINT('',(-5.4,0.3995,2.3500001));
#2345 = CARTESIAN_POINT('',(-5.4,-0.4005,2.3500001));
#2346 = ORIENTED_EDGE('',*,*,#2307,.T.);
#2347 = B_SPLINE_SURFACE_WITH_KNOTS('',1,1,(
    (#2348,#2349)
    ,(#2350,#2351
    )),.UNSPECIFIED.,.F.,.F.,.F.,(2,2),(2,2),(-3.330669073875E-16,1.7),(
    -3.,0.),.PIECEWISE_BEZIER_KNOTS.);
#2348 = CARTESIAN_POINT('',(-5.4,-1.5005,0.6500001));
#2349 = CARTESIAN_POINT('',(-5.4,1.4995,0.6500001));
#2350 = CARTESIAN_POINT('',(-5.4,-1.5005,2.3500001));
#2351 = CARTESIAN_POINT('',(-5.4,1.4995,2.3500001));
#2352 = ADVANCED_FACE('',(#2353),#2377,.F.);
#2353 = FACE_BOUND('',#2354,.F.);
#2354 = EDGE_LOOP('',(#2355,#2356,#2364,#2371));
#2355 = ORIENTED_EDGE('',*,*,#2329,.F.);
#2356 = ORIENTED_EDGE('',*,*,#2357,.T.);
#2357 = EDGE_CURVE('',#2330,#2358,#2360,.T.);
#2358 = VERTEX_POINT('',#2359);
#2359 = CARTESIAN_POINT('',(-5.15,1.4995,0.4000001));
#2360 = ( BOUNDED_CURVE() B_SPLINE_CURVE(2,(#2361,#2362,#2363),
.UNSPECIFIED.,.F.,.F.) B_SPLINE_CURVE_WITH_KNOTS((3,3),(3.14159265359,
4.712388980385),.PIECEWISE_BEZIER_KNOTS.) CURVE() 
GEOMETRIC_REPRESENTATION_ITEM() RATIONAL_B_SPLINE_CURVE((1.,
0.707106781187,1.)) REPRESENTATION_ITEM('') );
#2361 = CARTESIAN_POINT('',(-5.4,1.4995,0.6500001));
#2362 = CARTESIAN_POINT('',(-5.4,1.4995,0.4000001));
#2363 = CARTESIAN_POINT('',(-5.15,1.4995,0.4000001));
#2364 = ORIENTED_EDGE('',*,*,#2365,.T.);
#2365 = EDGE_CURVE('',#2358,#2366,#2368,.T.);
#2366 = VERTEX_POINT('',#2367);
#2367 = CARTESIAN_POINT('',(-5.15,-1.5005,0.4000001));
#2368 = B_SPLINE_CURVE_WITH_KNOTS('',1,(#2369,#2370),.UNSPECIFIED.,.F.,
  .F.,(2,2),(-0.,3.),.PIECEWISE_BEZIER_KNOTS.);
#2369 = CARTESIAN_POINT('',(-5.15,1.4995,0.4000001));
#2370 = CARTESIAN_POINT('',(-5.15,-1.5005,0.4000001));
#2371 = ORIENTED_EDGE('',*,*,#2372,.F.);
#2372 = EDGE_CURVE('',#2323,#2366,#2373,.T.);
#2373 = ( BOUNDED_CURVE() B_SPLINE_CURVE(2,(#2374,#2375,#2376),
.UNSPECIFIED.,.F.,.F.) B_SPLINE_CURVE_WITH_KNOTS((3,3),(3.14159265359,
4.712388980385),.PIECEWISE_BEZIER_KNOTS.) CURVE() 
GEOMETRIC_REPRESENTATION_ITEM() RATIONAL_B_SPLINE_CURVE((1.,
0.707106781187,1.)) REPRESENTATION_ITEM('') );
#2374 = CARTESIAN_POINT('',(-5.4,-1.5005,0.6500001));
#2375 = CARTESIAN_POINT('',(-5.4,-1.5005,0.4000001));
#2376 = CARTESIAN_POINT('',(-5.15,-1.5005,0.4000001));
#2377 = ( BOUNDED_SURFACE() B_SPLINE_SURFACE(2,1,(
    (#2378,#2379)
    ,(#2380,#2381)
    ,(#2382,#2383
)),.UNSPECIFIED.,.F.,.F.,.F.) B_SPLINE_SURFACE_WITH_KNOTS((3,3),(2,2),(
    4.712388980385,6.28318530718),(0.,3.),.PIECEWISE_BEZIER_KNOTS.) 
GEOMETRIC_REPRESENTATION_ITEM() RATIONAL_B_SPLINE_SURFACE((
    (1.,1.)
    ,(0.707106781187,0.707106781187)
,(1.,1.))) REPRESENTATION_ITEM('') SURFACE() );
#2378 = CARTESIAN_POINT('',(-5.4,1.4995,0.6500001));
#2379 = CARTESIAN_POINT('',(-5.4,-1.5005,0.6500001));
#2380 = CARTESIAN_POINT('',(-5.4,1.4995,0.4000001));
#2381 = CARTESIAN_POINT('',(-5.4,-1.5005,0.4000001));
#2382 = CARTESIAN_POINT('',(-5.15,1.4995,0.4000001));
#2383 = CARTESIAN_POINT('',(-5.15,-1.5005,0.4000001));
#2384 = ADVANCED_FACE('',(#2385),#2407,.F.);
#2385 = FACE_BOUND('',#2386,.T.);
#2386 = EDGE_LOOP('',(#2387,#2394,#2401,#2406));
#2387 = ORIENTED_EDGE('',*,*,#2388,.T.);
#2388 = EDGE_CURVE('',#2366,#2389,#2391,.T.);
#2389 = VERTEX_POINT('',#2390);
#2390 = CARTESIAN_POINT('',(-3.3,-1.5005,0.4000001));
#2391 = B_SPLINE_CURVE_WITH_KNOTS('',1,(#2392,#2393),.UNSPECIFIED.,.F.,
  .F.,(2,2),(-1.85,0.),.PIECEWISE_BEZIER_KNOTS.);
#2392 = CARTESIAN_POINT('',(-5.15,-1.5005,0.4000001));
#2393 = CARTESIAN_POINT('',(-3.3,-1.5005,0.4000001));
#2394 = ORIENTED_EDGE('',*,*,#2395,.F.);
#2395 = EDGE_CURVE('',#2396,#2389,#2398,.T.);
#2396 = VERTEX_POINT('',#2397);
#2397 = CARTESIAN_POINT('',(-3.3,1.4995,0.4000001));
#2398 = B_SPLINE_CURVE_WITH_KNOTS('',1,(#2399,#2400),.UNSPECIFIED.,.F.,
  .F.,(2,2),(-0.,3.),.PIECEWISE_BEZIER_KNOTS.);
#2399 = CARTESIAN_POINT('',(-3.3,1.4995,0.4000001));
#2400 = CARTESIAN_POINT('',(-3.3,-1.5005,0.4000001));
#2401 = ORIENTED_EDGE('',*,*,#2402,.F.);
#2402 = EDGE_CURVE('',#2358,#2396,#2403,.T.);
#2403 = B_SPLINE_CURVE_WITH_KNOTS('',1,(#2404,#2405),.UNSPECIFIED.,.F.,
  .F.,(2,2),(-1.85,0.),.PIECEWISE_BEZIER_KNOTS.);
#2404 = CARTESIAN_POINT('',(-5.15,1.4995,0.4000001));
#2405 = CARTESIAN_POINT('',(-3.3,1.4995,0.4000001));
#2406 = ORIENTED_EDGE('',*,*,#2365,.T.);
#2407 = B_SPLINE_SURFACE_WITH_KNOTS('',1,1,(
    (#2408,#2409)
    ,(#2410,#2411
    )),.UNSPECIFIED.,.F.,.F.,.F.,(2,2),(2,2),(0.,1.85),(-3.,0.),
  .PIECEWISE_BEZIER_KNOTS.);
#2408 = CARTESIAN_POINT('',(-3.3,-1.5005,0.4000001));
#2409 = CARTESIAN_POINT('',(-3.3,1.4995,0.4000001));
#2410 = CARTESIAN_POINT('',(-5.15,-1.5005,0.4000001));
#2411 = CARTESIAN_POINT('',(-5.15,1.4995,0.4000001));
#2412 = ADVANCED_FACE('',(#2413),#2435,.T.);
#2413 = FACE_BOUND('',#2414,.T.);
#2414 = EDGE_LOOP('',(#2415,#2422,#2429,#2434));
#2415 = ORIENTED_EDGE('',*,*,#2416,.F.);
#2416 = EDGE_CURVE('',#2417,#2389,#2419,.T.);
#2417 = VERTEX_POINT('',#2418);
#2418 = CARTESIAN_POINT('',(-3.3,-1.5005,1.E-07));
#2419 = B_SPLINE_CURVE_WITH_KNOTS('',1,(#2420,#2421),.UNSPECIFIED.,.F.,
  .F.,(2,2),(0.,0.4),.PIECEWISE_BEZIER_KNOTS.);
#2420 = CARTESIAN_POINT('',(-3.3,-1.5005,1.E-07));
#2421 = CARTESIAN_POINT('',(-3.3,-1.5005,0.4000001));
#2422 = ORIENTED_EDGE('',*,*,#2423,.F.);
#2423 = EDGE_CURVE('',#2424,#2417,#2426,.T.);
#2424 = VERTEX_POINT('',#2425);
#2425 = CARTESIAN_POINT('',(-3.3,1.4995,1.E-07));
#2426 = B_SPLINE_CURVE_WITH_KNOTS('',1,(#2427,#2428),.UNSPECIFIED.,.F.,
  .F.,(2,2),(-0.,3.),.PIECEWISE_BEZIER_KNOTS.);
#2427 = CARTESIAN_POINT('',(-3.3,1.4995,1.E-07));
#2428 = CARTESIAN_POINT('',(-3.3,-1.5005,1.E-07));
#2429 = ORIENTED_EDGE('',*,*,#2430,.T.);
#2430 = EDGE_CURVE('',#2424,#2396,#2431,.T.);
#2431 = B_SPLINE_CURVE_WITH_KNOTS('',1,(#2432,#2433),.UNSPECIFIED.,.F.,
  .F.,(2,2),(0.,0.4),.PIECEWISE_BEZIER_KNOTS.);
#2432 = CARTESIAN_POINT('',(-3.3,1.4995,1.E-07));
#2433 = CARTESIAN_POINT('',(-3.3,1.4995,0.4000001));
#2434 = ORIENTED_EDGE('',*,*,#2395,.T.);
#2435 = B_SPLINE_SURFACE_WITH_KNOTS('',1,1,(
    (#2436,#2437)
    ,(#2438,#2439
    )),.UNSPECIFIED.,.F.,.F.,.F.,(2,2),(2,2),(-0.4,0.),(-3.,0.),
  .PIECEWISE_BEZIER_KNOTS.);
#2436 = CARTESIAN_POINT('',(-3.3,-1.5005,0.4000001));
#2437 = CARTESIAN_POINT('',(-3.3,1.4995,0.4000001));
#2438 = CARTESIAN_POINT('',(-3.3,-1.5005,1.E-07));
#2439 = CARTESIAN_POINT('',(-3.3,1.4995,1.E-07));
#2440 = ADVANCED_FACE('',(#2441),#2463,.T.);
#2441 = FACE_BOUND('',#2442,.T.);
#2442 = EDGE_LOOP('',(#2443,#2450,#2457,#2462));
#2443 = ORIENTED_EDGE('',*,*,#2444,.F.);
#2444 = EDGE_CURVE('',#2445,#2417,#2447,.T.);
#2445 = VERTEX_POINT('',#2446);
#2446 = CARTESIAN_POINT('',(-5.15,-1.5005,1.000000001497E-07));
#2447 = B_SPLINE_CURVE_WITH_KNOTS('',1,(#2448,#2449),.UNSPECIFIED.,.F.,
  .F.,(2,2),(-1.85,0.),.PIECEWISE_BEZIER_KNOTS.);
#2448 = CARTESIAN_POINT('',(-5.15,-1.5005,1.000000001497E-07));
#2449 = CARTESIAN_POINT('',(-3.3,-1.5005,1.E-07));
#2450 = ORIENTED_EDGE('',*,*,#2451,.F.);
#2451 = EDGE_CURVE('',#2452,#2445,#2454,.T.);
#2452 = VERTEX_POINT('',#2453);
#2453 = CARTESIAN_POINT('',(-5.15,1.4995,1.000000001497E-07));
#2454 = B_SPLINE_CURVE_WITH_KNOTS('',1,(#2455,#2456),.UNSPECIFIED.,.F.,
  .F.,(2,2),(-0.,3.),.PIECEWISE_BEZIER_KNOTS.);
#2455 = CARTESIAN_POINT('',(-5.15,1.4995,1.000000001497E-07));
#2456 = CARTESIAN_POINT('',(-5.15,-1.5005,1.000000001497E-07));
#2457 = ORIENTED_EDGE('',*,*,#2458,.T.);
#2458 = EDGE_CURVE('',#2452,#2424,#2459,.T.);
#2459 = B_SPLINE_CURVE_WITH_KNOTS('',1,(#2460,#2461),.UNSPECIFIED.,.F.,
  .F.,(2,2),(-1.85,0.),.PIECEWISE_BEZIER_KNOTS.);
#2460 = CARTESIAN_POINT('',(-5.15,1.4995,1.000000001497E-07));
#2461 = CARTESIAN_POINT('',(-3.3,1.4995,1.E-07));
#2462 = ORIENTED_EDGE('',*,*,#2423,.T.);
#2463 = B_SPLINE_SURFACE_WITH_KNOTS('',1,1,(
    (#2464,#2465)
    ,(#2466,#2467
    )),.UNSPECIFIED.,.F.,.F.,.F.,(2,2),(2,2),(0.,1.85),(-3.,0.),
  .PIECEWISE_BEZIER_KNOTS.);
#2464 = CARTESIAN_POINT('',(-3.3,-1.5005,1.E-07));
#2465 = CARTESIAN_POINT('',(-3.3,1.4995,1.E-07));
#2466 = CARTESIAN_POINT('',(-5.15,-1.5005,1.000000001497E-07));
#2467 = CARTESIAN_POINT('',(-5.15,1.4995,1.000000001497E-07));
#2468 = ADVANCED_FACE('',(#2469),#2493,.T.);
#2469 = FACE_BOUND('',#2470,.T.);
#2470 = EDGE_LOOP('',(#2471,#2479,#2486,#2492));
#2471 = ORIENTED_EDGE('',*,*,#2472,.F.);
#2472 = EDGE_CURVE('',#2473,#2445,#2475,.T.);
#2473 = VERTEX_POINT('',#2474);
#2474 = CARTESIAN_POINT('',(-5.8,-1.5005,0.6500001));
#2475 = ( BOUNDED_CURVE() B_SPLINE_CURVE(2,(#2476,#2477,#2478),
.UNSPECIFIED.,.F.,.F.) B_SPLINE_CURVE_WITH_KNOTS((3,3),(1.570796326795,
3.14159265359),.PIECEWISE_BEZIER_KNOTS.) CURVE() 
GEOMETRIC_REPRESENTATION_ITEM() RATIONAL_B_SPLINE_CURVE((1.,
0.707106781187,1.)) REPRESENTATION_ITEM('') );
#2476 = CARTESIAN_POINT('',(-5.8,-1.5005,0.6500001));
#2477 = CARTESIAN_POINT('',(-5.8,-1.5005,1.000000003899E-07));
#2478 = CARTESIAN_POINT('',(-5.15,-1.5005,1.000000002789E-07));
#2479 = ORIENTED_EDGE('',*,*,#2480,.F.);
#2480 = EDGE_CURVE('',#2481,#2473,#2483,.T.);
#2481 = VERTEX_POINT('',#2482);
#2482 = CARTESIAN_POINT('',(-5.8,1.4995,0.6500001));
#2483 = B_SPLINE_CURVE_WITH_KNOTS('',1,(#2484,#2485),.UNSPECIFIED.,.F.,
  .F.,(2,2),(-0.,3.),.PIECEWISE_BEZIER_KNOTS.);
#2484 = CARTESIAN_POINT('',(-5.8,1.4995,0.6500001));
#2485 = CARTESIAN_POINT('',(-5.8,-1.5005,0.6500001));
#2486 = ORIENTED_EDGE('',*,*,#2487,.T.);
#2487 = EDGE_CURVE('',#2481,#2452,#2488,.T.);
#2488 = ( BOUNDED_CURVE() B_SPLINE_CURVE(2,(#2489,#2490,#2491),
.UNSPECIFIED.,.F.,.F.) B_SPLINE_CURVE_WITH_KNOTS((3,3),(1.570796326795,
3.14159265359),.PIECEWISE_BEZIER_KNOTS.) CURVE() 
GEOMETRIC_REPRESENTATION_ITEM() RATIONAL_B_SPLINE_CURVE((1.,
0.707106781187,1.)) REPRESENTATION_ITEM('') );
#2489 = CARTESIAN_POINT('',(-5.8,1.4995,0.6500001));
#2490 = CARTESIAN_POINT('',(-5.8,1.4995,1.000000003899E-07));
#2491 = CARTESIAN_POINT('',(-5.15,1.4995,1.000000002789E-07));
#2492 = ORIENTED_EDGE('',*,*,#2451,.T.);
#2493 = ( BOUNDED_SURFACE() B_SPLINE_SURFACE(2,1,(
    (#2494,#2495)
    ,(#2496,#2497)
    ,(#2498,#2499
)),.UNSPECIFIED.,.F.,.F.,.F.) B_SPLINE_SURFACE_WITH_KNOTS((3,3),(2,2),(
    4.712388980385,6.28318530718),(0.,3.),.PIECEWISE_BEZIER_KNOTS.) 
GEOMETRIC_REPRESENTATION_ITEM() RATIONAL_B_SPLINE_SURFACE((
    (1.,1.)
    ,(0.707106781187,0.707106781187)
,(1.,1.))) REPRESENTATION_ITEM('') SURFACE() );
#2494 = CARTESIAN_POINT('',(-5.8,1.4995,0.6500001));
#2495 = CARTESIAN_POINT('',(-5.8,-1.5005,0.6500001));
#2496 = CARTESIAN_POINT('',(-5.8,1.4995,1.000000005009E-07));
#2497 = CARTESIAN_POINT('',(-5.8,-1.5005,1.000000005009E-07));
#2498 = CARTESIAN_POINT('',(-5.15,1.4995,1.000000002789E-07));
#2499 = CARTESIAN_POINT('',(-5.15,-1.5005,1.000000002789E-07));
#2500 = ADVANCED_FACE('',(#2501),#2529,.T.);
#2501 = FACE_BOUND('',#2502,.T.);
#2502 = EDGE_LOOP('',(#2503,#2510,#2517,#2522,#2523,#2528));
#2503 = ORIENTED_EDGE('',*,*,#2504,.F.);
#2504 = EDGE_CURVE('',#2505,#2473,#2507,.T.);
#2505 = VERTEX_POINT('',#2506);
#2506 = CARTESIAN_POINT('',(-5.8,-1.5005,2.3500001));
#2507 = B_SPLINE_CURVE_WITH_KNOTS('',1,(#2508,#2509),.UNSPECIFIED.,.F.,
  .F.,(2,2),(-1.7,1.110223024625E-16),.PIECEWISE_BEZIER_KNOTS.);
#2508 = CARTESIAN_POINT('',(-5.8,-1.5005,2.3500001));
#2509 = CARTESIAN_POINT('',(-5.8,-1.5005,0.6500001));
#2510 = ORIENTED_EDGE('',*,*,#2511,.F.);
#2511 = EDGE_CURVE('',#2512,#2505,#2514,.T.);
#2512 = VERTEX_POINT('',#2513);
#2513 = CARTESIAN_POINT('',(-5.8,-0.4005,2.3500001));
#2514 = B_SPLINE_CURVE_WITH_KNOTS('',1,(#2515,#2516),.UNSPECIFIED.,.F.,
  .F.,(2,2),(1.9,3.),.PIECEWISE_BEZIER_KNOTS.);
#2515 = CARTESIAN_POINT('',(-5.8,-0.4005,2.3500001));
#2516 = CARTESIAN_POINT('',(-5.8,-1.5005,2.3500001));
#2517 = ORIENTED_EDGE('',*,*,#2518,.F.);
#2518 = EDGE_CURVE('',#1725,#2512,#2519,.T.);
#2519 = B_SPLINE_CURVE_WITH_KNOTS('',1,(#2520,#2521),.UNSPECIFIED.,.F.,
  .F.,(2,2),(0.,0.8),.PIECEWISE_BEZIER_KNOTS.);
#2520 = CARTESIAN_POINT('',(-5.8,0.3995,2.3500001));
#2521 = CARTESIAN_POINT('',(-5.8,-0.4005,2.3500001));
#2522 = ORIENTED_EDGE('',*,*,#1747,.F.);
#2523 = ORIENTED_EDGE('',*,*,#2524,.T.);
#2524 = EDGE_CURVE('',#1740,#2481,#2525,.T.);
#2525 = B_SPLINE_CURVE_WITH_KNOTS('',1,(#2526,#2527),.UNSPECIFIED.,.F.,
  .F.,(2,2),(-1.7,1.110223024625E-16),.PIECEWISE_BEZIER_KNOTS.);
#2526 = CARTESIAN_POINT('',(-5.8,1.4995,2.3500001));
#2527 = CARTESIAN_POINT('',(-5.8,1.4995,0.6500001));
#2528 = ORIENTED_EDGE('',*,*,#2480,.T.);
#2529 = B_SPLINE_SURFACE_WITH_KNOTS('',1,1,(
    (#2530,#2531)
    ,(#2532,#2533
    )),.UNSPECIFIED.,.F.,.F.,.F.,(2,2),(2,2),(-1.110223024625E-16,1.7),(
    -3.,0.),.PIECEWISE_BEZIER_KNOTS.);
#2530 = CARTESIAN_POINT('',(-5.8,-1.5005,0.6500001));
#2531 = CARTESIAN_POINT('',(-5.8,1.4995,0.6500001));
#2532 = CARTESIAN_POINT('',(-5.8,-1.5005,2.3500001));
#2533 = CARTESIAN_POINT('',(-5.8,1.4995,2.3500001));
#2534 = ADVANCED_FACE('',(#2535),#2559,.T.);
#2535 = FACE_BOUND('',#2536,.T.);
#2536 = EDGE_LOOP('',(#2537,#2545,#2546,#2554));
#2537 = ORIENTED_EDGE('',*,*,#2538,.F.);
#2538 = EDGE_CURVE('',#2512,#2539,#2541,.T.);
#2539 = VERTEX_POINT('',#2540);
#2540 = CARTESIAN_POINT('',(-5.15,-0.4005,3.0000001));
#2541 = ( BOUNDED_CURVE() B_SPLINE_CURVE(2,(#2542,#2543,#2544),
.UNSPECIFIED.,.F.,.F.) B_SPLINE_CURVE_WITH_KNOTS((3,3),(1.570796326795,
3.14159265359),.PIECEWISE_BEZIER_KNOTS.) CURVE() 
GEOMETRIC_REPRESENTATION_ITEM() RATIONAL_B_SPLINE_CURVE((1.,
0.707106781187,1.)) REPRESENTATION_ITEM('') );
#2542 = CARTESIAN_POINT('',(-5.8,-0.4005,2.3500001));
#2543 = CARTESIAN_POINT('',(-5.8,-0.4005,3.0000001));
#2544 = CARTESIAN_POINT('',(-5.15,-0.4005,3.0000001));
#2545 = ORIENTED_EDGE('',*,*,#2511,.T.);
#2546 = ORIENTED_EDGE('',*,*,#2547,.F.);
#2547 = EDGE_CURVE('',#2548,#2505,#2550,.T.);
#2548 = VERTEX_POINT('',#2549);
#2549 = CARTESIAN_POINT('',(-5.15,-1.5005,3.0000001));
#2550 = ( BOUNDED_CURVE() B_SPLINE_CURVE(2,(#2551,#2552,#2553),
.UNSPECIFIED.,.F.,.F.) B_SPLINE_CURVE_WITH_KNOTS((3,3),(0.,
1.570796326795),.PIECEWISE_BEZIER_KNOTS.) CURVE() 
GEOMETRIC_REPRESENTATION_ITEM() RATIONAL_B_SPLINE_CURVE((1.,
0.707106781187,1.)) REPRESENTATION_ITEM('') );
#2551 = CARTESIAN_POINT('',(-5.15,-1.5005,3.0000001));
#2552 = CARTESIAN_POINT('',(-5.8,-1.5005,3.0000001));
#2553 = CARTESIAN_POINT('',(-5.8,-1.5005,2.3500001));
#2554 = ORIENTED_EDGE('',*,*,#2555,.F.);
#2555 = EDGE_CURVE('',#2539,#2548,#2556,.T.);
#2556 = B_SPLINE_CURVE_WITH_KNOTS('',1,(#2557,#2558),.UNSPECIFIED.,.F.,
  .F.,(2,2),(1.9,3.),.PIECEWISE_BEZIER_KNOTS.);
#2557 = CARTESIAN_POINT('',(-5.15,-0.4005,3.0000001));
#2558 = CARTESIAN_POINT('',(-5.15,-1.5005,3.0000001));
#2559 = ( BOUNDED_SURFACE() B_SPLINE_SURFACE(2,1,(
    (#2560,#2561)
    ,(#2562,#2563)
    ,(#2564,#2565
)),.UNSPECIFIED.,.F.,.F.,.F.) B_SPLINE_SURFACE_WITH_KNOTS((3,3),(2,2),(
    3.14159265359,4.712388980385),(1.9,3.),.PIECEWISE_BEZIER_KNOTS.) 
GEOMETRIC_REPRESENTATION_ITEM() RATIONAL_B_SPLINE_SURFACE((
    (1.,1.)
    ,(0.707106781187,0.707106781187)
,(1.,1.))) REPRESENTATION_ITEM('') SURFACE() );
#2560 = CARTESIAN_POINT('',(-5.15,-0.4005,3.0000001));
#2561 = CARTESIAN_POINT('',(-5.15,-1.5005,3.0000001));
#2562 = CARTESIAN_POINT('',(-5.8,-0.4005,3.0000001));
#2563 = CARTESIAN_POINT('',(-5.8,-1.5005,3.0000001));
#2564 = CARTESIAN_POINT('',(-5.8,-0.4005,2.3500001));
#2565 = CARTESIAN_POINT('',(-5.8,-1.5005,2.3500001));
#2566 = ADVANCED_FACE('',(#2567),#2589,.T.);
#2567 = FACE_BOUND('',#2568,.T.);
#2568 = EDGE_LOOP('',(#2569,#2570,#2575,#2576,#2577,#2578,#2579,#2580,
    #2581,#2582,#2583,#2584));
#2569 = ORIENTED_EDGE('',*,*,#1914,.F.);
#2570 = ORIENTED_EDGE('',*,*,#2571,.T.);
#2571 = EDGE_CURVE('',#1908,#2548,#2572,.T.);
#2572 = B_SPLINE_CURVE_WITH_KNOTS('',1,(#2573,#2574),.UNSPECIFIED.,.F.,
  .F.,(2,2),(-1.E-01,0.),.PIECEWISE_BEZIER_KNOTS.);
#2573 = CARTESIAN_POINT('',(-5.05,-1.5005,3.0000001));
#2574 = CARTESIAN_POINT('',(-5.15,-1.5005,3.0000001));
#2575 = ORIENTED_EDGE('',*,*,#2547,.T.);
#2576 = ORIENTED_EDGE('',*,*,#2504,.T.);
#2577 = ORIENTED_EDGE('',*,*,#2472,.T.);
#2578 = ORIENTED_EDGE('',*,*,#2444,.T.);
#2579 = ORIENTED_EDGE('',*,*,#2416,.T.);
#2580 = ORIENTED_EDGE('',*,*,#2388,.F.);
#2581 = ORIENTED_EDGE('',*,*,#2372,.F.);
#2582 = ORIENTED_EDGE('',*,*,#2322,.F.);
#2583 = ORIENTED_EDGE('',*,*,#2282,.F.);
#2584 = ORIENTED_EDGE('',*,*,#2585,.F.);
#2585 = EDGE_CURVE('',#1915,#2283,#2586,.T.);
#2586 = B_SPLINE_CURVE_WITH_KNOTS('',1,(#2587,#2588),.UNSPECIFIED.,.F.,
  .F.,(2,2),(-1.E-01,-0.),.PIECEWISE_BEZIER_KNOTS.);
#2587 = CARTESIAN_POINT('',(-5.05,-1.5005,2.6000001));
#2588 = CARTESIAN_POINT('',(-5.15,-1.5005,2.6000001));
#2589 = B_SPLINE_SURFACE_WITH_KNOTS('',1,1,(
    (#2590,#2591)
    ,(#2592,#2593
    )),.UNSPECIFIED.,.F.,.F.,.F.,(2,2),(2,2),(-1.85,0.65),(-2.35,0.65),
  .PIECEWISE_BEZIER_KNOTS.);
#2590 = CARTESIAN_POINT('',(-3.3,-1.5005,3.0000001));
#2591 = CARTESIAN_POINT('',(-3.3,-1.5005,9.999999994579E-08));
#2592 = CARTESIAN_POINT('',(-5.8,-1.5005,3.0000001));
#2593 = CARTESIAN_POINT('',(-5.8,-1.5005,9.999999994579E-08));
#2594 = ADVANCED_FACE('',(#2595),#2617,.F.);
#2595 = FACE_BOUND('',#2596,.T.);
#2596 = EDGE_LOOP('',(#2597,#2602,#2603,#2608,#2609,#2610,#2611,#2612,
    #2613,#2614,#2615,#2616));
#2597 = ORIENTED_EDGE('',*,*,#2598,.F.);
#2598 = EDGE_CURVE('',#1899,#1733,#2599,.T.);
#2599 = B_SPLINE_CURVE_WITH_KNOTS('',1,(#2600,#2601),.UNSPECIFIED.,.F.,
  .F.,(2,2),(-1.E-01,0.),.PIECEWISE_BEZIER_KNOTS.);
#2600 = CARTESIAN_POINT('',(-5.05,1.4995,3.0000001));
#2601 = CARTESIAN_POINT('',(-5.15,1.4995,3.0000001));
#2602 = ORIENTED_EDGE('',*,*,#1898,.T.);
#2603 = ORIENTED_EDGE('',*,*,#2604,.T.);
#2604 = EDGE_CURVE('',#1901,#1683,#2605,.T.);
#2605 = B_SPLINE_CURVE_WITH_KNOTS('',1,(#2606,#2607),.UNSPECIFIED.,.F.,
  .F.,(2,2),(-1.E-01,-0.),.PIECEWISE_BEZIER_KNOTS.);
#2606 = CARTESIAN_POINT('',(-5.05,1.4995,2.6000001));
#2607 = CARTESIAN_POINT('',(-5.15,1.4995,2.6000001));
#2608 = ORIENTED_EDGE('',*,*,#1682,.T.);
#2609 = ORIENTED_EDGE('',*,*,#2336,.T.);
#2610 = ORIENTED_EDGE('',*,*,#2357,.T.);
#2611 = ORIENTED_EDGE('',*,*,#2402,.T.);
#2612 = ORIENTED_EDGE('',*,*,#2430,.F.);
#2613 = ORIENTED_EDGE('',*,*,#2458,.F.);
#2614 = ORIENTED_EDGE('',*,*,#2487,.F.);
#2615 = ORIENTED_EDGE('',*,*,#2524,.F.);
#2616 = ORIENTED_EDGE('',*,*,#1739,.F.);
#2617 = B_SPLINE_SURFACE_WITH_KNOTS('',1,1,(
    (#2618,#2619)
    ,(#2620,#2621
    )),.UNSPECIFIED.,.F.,.F.,.F.,(2,2),(2,2),(-1.85,0.65),(-2.35,0.65),
  .PIECEWISE_BEZIER_KNOTS.);
#2618 = CARTESIAN_POINT('',(-3.3,1.4995,3.0000001));
#2619 = CARTESIAN_POINT('',(-3.3,1.4995,9.999999994579E-08));
#2620 = CARTESIAN_POINT('',(-5.8,1.4995,3.0000001));
#2621 = CARTESIAN_POINT('',(-5.8,1.4995,9.999999994579E-08));
#2622 = ADVANCED_FACE('',(#2623),#2649,.F.);
#2623 = FACE_BOUND('',#2624,.T.);
#2624 = EDGE_LOOP('',(#2625,#2634,#2639,#2640,#2641,#2642,#2643,#2644));
#2625 = ORIENTED_EDGE('',*,*,#2626,.T.);
#2626 = EDGE_CURVE('',#2627,#2629,#2631,.T.);
#2627 = VERTEX_POINT('',#2628);
#2628 = CARTESIAN_POINT('',(-5.1,-0.4005,2.6000001));
#2629 = VERTEX_POINT('',#2630);
#2630 = CARTESIAN_POINT('',(-5.1,0.3995,2.6000001));
#2631 = B_SPLINE_CURVE_WITH_KNOTS('',1,(#2632,#2633),.UNSPECIFIED.,.F.,
  .F.,(2,2),(-1.9,-1.1),.PIECEWISE_BEZIER_KNOTS.);
#2632 = CARTESIAN_POINT('',(-5.1,-0.4005,2.6000001));
#2633 = CARTESIAN_POINT('',(-5.1,0.3995,2.6000001));
#2634 = ORIENTED_EDGE('',*,*,#2635,.T.);
#2635 = EDGE_CURVE('',#2629,#1700,#2636,.T.);
#2636 = B_SPLINE_CURVE_WITH_KNOTS('',1,(#2637,#2638),.UNSPECIFIED.,.F.,
  .F.,(2,2),(-5.E-02,0.),.PIECEWISE_BEZIER_KNOTS.);
#2637 = CARTESIAN_POINT('',(-5.1,0.3995,2.6000001));
#2638 = CARTESIAN_POINT('',(-5.15,0.3995,2.6000001));
#2639 = ORIENTED_EDGE('',*,*,#1707,.F.);
#2640 = ORIENTED_EDGE('',*,*,#2604,.F.);
#2641 = ORIENTED_EDGE('',*,*,#1921,.T.);
#2642 = ORIENTED_EDGE('',*,*,#2585,.T.);
#2643 = ORIENTED_EDGE('',*,*,#2292,.F.);
#2644 = ORIENTED_EDGE('',*,*,#2645,.T.);
#2645 = EDGE_CURVE('',#2293,#2627,#2646,.T.);
#2646 = B_SPLINE_CURVE_WITH_KNOTS('',1,(#2647,#2648),.UNSPECIFIED.,.F.,
  .F.,(2,2),(0.,5.E-02),.PIECEWISE_BEZIER_KNOTS.);
#2647 = CARTESIAN_POINT('',(-5.15,-0.4005,2.6000001));
#2648 = CARTESIAN_POINT('',(-5.1,-0.4005,2.6000001));
#2649 = B_SPLINE_SURFACE_WITH_KNOTS('',1,1,(
    (#2650,#2651)
    ,(#2652,#2653
    )),.UNSPECIFIED.,.F.,.F.,.F.,(2,2),(2,2),(0.,1.E-01),(-3.,0.),
  .PIECEWISE_BEZIER_KNOTS.);
#2650 = CARTESIAN_POINT('',(-5.15,-1.5005,2.6000001));
#2651 = CARTESIAN_POINT('',(-5.15,1.4995,2.6000001));
#2652 = CARTESIAN_POINT('',(-5.05,-1.5005,2.6000001));
#2653 = CARTESIAN_POINT('',(-5.05,1.4995,2.6000001));
#2654 = ADVANCED_FACE('',(#2655),#2681,.T.);
#2655 = FACE_BOUND('',#2656,.T.);
#2656 = EDGE_LOOP('',(#2657,#2664,#2671,#2676,#2677,#2678,#2679,#2680));
#2657 = ORIENTED_EDGE('',*,*,#2658,.F.);
#2658 = EDGE_CURVE('',#2659,#1723,#2661,.T.);
#2659 = VERTEX_POINT('',#2660);
#2660 = CARTESIAN_POINT('',(-5.1,0.3995,3.0000001));
#2661 = B_SPLINE_CURVE_WITH_KNOTS('',1,(#2662,#2663),.UNSPECIFIED.,.F.,
  .F.,(2,2),(-5.E-02,0.),.PIECEWISE_BEZIER_KNOTS.);
#2662 = CARTESIAN_POINT('',(-5.1,0.3995,3.0000001));
#2663 = CARTESIAN_POINT('',(-5.15,0.3995,3.0000001));
#2664 = ORIENTED_EDGE('',*,*,#2665,.F.);
#2665 = EDGE_CURVE('',#2666,#2659,#2668,.T.);
#2666 = VERTEX_POINT('',#2667);
#2667 = CARTESIAN_POINT('',(-5.1,-0.4005,3.0000001));
#2668 = B_SPLINE_CURVE_WITH_KNOTS('',1,(#2669,#2670),.UNSPECIFIED.,.F.,
  .F.,(2,2),(-1.9,-1.1),.PIECEWISE_BEZIER_KNOTS.);
#2669 = CARTESIAN_POINT('',(-5.1,-0.4005,3.0000001));
#2670 = CARTESIAN_POINT('',(-5.1,0.3995,3.0000001));
#2671 = ORIENTED_EDGE('',*,*,#2672,.F.);
#2672 = EDGE_CURVE('',#2539,#2666,#2673,.T.);
#2673 = B_SPLINE_CURVE_WITH_KNOTS('',1,(#2674,#2675),.UNSPECIFIED.,.F.,
  .F.,(2,2),(0.,5.E-02),.PIECEWISE_BEZIER_KNOTS.);
#2674 = CARTESIAN_POINT('',(-5.15,-0.4005,3.0000001));
#2675 = CARTESIAN_POINT('',(-5.1,-0.4005,3.0000001));
#2676 = ORIENTED_EDGE('',*,*,#2555,.T.);
#2677 = ORIENTED_EDGE('',*,*,#2571,.F.);
#2678 = ORIENTED_EDGE('',*,*,#1907,.F.);
#2679 = ORIENTED_EDGE('',*,*,#2598,.T.);
#2680 = ORIENTED_EDGE('',*,*,#1732,.T.);
#2681 = B_SPLINE_SURFACE_WITH_KNOTS('',1,1,(
    (#2682,#2683)
    ,(#2684,#2685
    )),.UNSPECIFIED.,.F.,.F.,.F.,(2,2),(2,2),(0.,1.E-01),(-3.,0.),
  .PIECEWISE_BEZIER_KNOTS.);
#2682 = CARTESIAN_POINT('',(-5.15,-1.5005,3.0000001));
#2683 = CARTESIAN_POINT('',(-5.15,1.4995,3.0000001));
#2684 = CARTESIAN_POINT('',(-5.05,-1.5005,3.0000001));
#2685 = CARTESIAN_POINT('',(-5.05,1.4995,3.0000001));
#2686 = ADVANCED_FACE('',(#2687),#2743,.F.);
#2687 = FACE_BOUND('',#2688,.T.);
#2688 = EDGE_LOOP('',(#2689,#2690,#2691,#2692,#2693,#2700,#2708,#2715,
    #2722,#2729,#2737,#2742));
#2689 = ORIENTED_EDGE('',*,*,#1520,.T.);
#2690 = ORIENTED_EDGE('',*,*,#1820,.T.);
#2691 = ORIENTED_EDGE('',*,*,#1463,.F.);
#2692 = ORIENTED_EDGE('',*,*,#1602,.F.);
#2693 = ORIENTED_EDGE('',*,*,#2694,.F.);
#2694 = EDGE_CURVE('',#2695,#1596,#2697,.T.);
#2695 = VERTEX_POINT('',#2696);
#2696 = CARTESIAN_POINT('',(5.8,1.4995,0.6500001));
#2697 = B_SPLINE_CURVE_WITH_KNOTS('',1,(#2698,#2699),.UNSPECIFIED.,.F.,
  .F.,(2,2),(0.,1.7),.PIECEWISE_BEZIER_KNOTS.);
#2698 = CARTESIAN_POINT('',(5.8,1.4995,0.6500001));
#2699 = CARTESIAN_POINT('',(5.8,1.4995,2.3500001));
#2700 = ORIENTED_EDGE('',*,*,#2701,.F.);
#2701 = EDGE_CURVE('',#2702,#2695,#2704,.T.);
#2702 = VERTEX_POINT('',#2703);
#2703 = CARTESIAN_POINT('',(5.15,1.4995,1.000000003795E-07));
#2704 = ( BOUNDED_CURVE() B_SPLINE_CURVE(2,(#2705,#2706,#2707),
.UNSPECIFIED.,.F.,.F.) B_SPLINE_CURVE_WITH_KNOTS((3,3),(0.,
1.570796326795),.PIECEWISE_BEZIER_KNOTS.) CURVE() 
GEOMETRIC_REPRESENTATION_ITEM() RATIONAL_B_SPLINE_CURVE((1.,
0.707106781187,1.)) REPRESENTATION_ITEM('') );
#2705 = CARTESIAN_POINT('',(5.15,1.4995,1.000000002789E-07));
#2706 = CARTESIAN_POINT('',(5.8,1.4995,1.000000002789E-07));
#2707 = CARTESIAN_POINT('',(5.8,1.4995,0.6500001));
#2708 = ORIENTED_EDGE('',*,*,#2709,.F.);
#2709 = EDGE_CURVE('',#2710,#2702,#2712,.T.);
#2710 = VERTEX_POINT('',#2711);
#2711 = CARTESIAN_POINT('',(3.3,1.4995,1.E-07));
#2712 = B_SPLINE_CURVE_WITH_KNOTS('',1,(#2713,#2714),.UNSPECIFIED.,.F.,
  .F.,(2,2),(0.,1.85),.PIECEWISE_BEZIER_KNOTS.);
#2713 = CARTESIAN_POINT('',(3.3,1.4995,1.E-07));
#2714 = CARTESIAN_POINT('',(5.15,1.4995,1.000000001497E-07));
#2715 = ORIENTED_EDGE('',*,*,#2716,.F.);
#2716 = EDGE_CURVE('',#2717,#2710,#2719,.T.);
#2717 = VERTEX_POINT('',#2718);
#2718 = CARTESIAN_POINT('',(3.3,1.4995,0.4000001));
#2719 = B_SPLINE_CURVE_WITH_KNOTS('',1,(#2720,#2721),.UNSPECIFIED.,.F.,
  .F.,(2,2),(0.,0.4),.PIECEWISE_BEZIER_KNOTS.);
#2720 = CARTESIAN_POINT('',(3.3,1.4995,0.4000001));
#2721 = CARTESIAN_POINT('',(3.3,1.4995,1.000000000013E-07));
#2722 = ORIENTED_EDGE('',*,*,#2723,.T.);
#2723 = EDGE_CURVE('',#2717,#2724,#2726,.T.);
#2724 = VERTEX_POINT('',#2725);
#2725 = CARTESIAN_POINT('',(5.15,1.4995,0.4000001));
#2726 = B_SPLINE_CURVE_WITH_KNOTS('',1,(#2727,#2728),.UNSPECIFIED.,.F.,
  .F.,(2,2),(0.,1.85),.PIECEWISE_BEZIER_KNOTS.);
#2727 = CARTESIAN_POINT('',(3.3,1.4995,0.4000001));
#2728 = CARTESIAN_POINT('',(5.15,1.4995,0.4000001));
#2729 = ORIENTED_EDGE('',*,*,#2730,.T.);
#2730 = EDGE_CURVE('',#2724,#2731,#2733,.T.);
#2731 = VERTEX_POINT('',#2732);
#2732 = CARTESIAN_POINT('',(5.4,1.4995,0.6500001));
#2733 = ( BOUNDED_CURVE() B_SPLINE_CURVE(2,(#2734,#2735,#2736),
.UNSPECIFIED.,.F.,.F.) B_SPLINE_CURVE_WITH_KNOTS((3,3),(4.712388980385,
6.28318530718),.PIECEWISE_BEZIER_KNOTS.) CURVE() 
GEOMETRIC_REPRESENTATION_ITEM() RATIONAL_B_SPLINE_CURVE((1.,
0.707106781187,1.)) REPRESENTATION_ITEM('') );
#2734 = CARTESIAN_POINT('',(5.15,1.4995,0.4000001));
#2735 = CARTESIAN_POINT('',(5.4,1.4995,0.4000001));
#2736 = CARTESIAN_POINT('',(5.4,1.4995,0.6500001));
#2737 = ORIENTED_EDGE('',*,*,#2738,.T.);
#2738 = EDGE_CURVE('',#2731,#1651,#2739,.T.);
#2739 = B_SPLINE_CURVE_WITH_KNOTS('',1,(#2740,#2741),.UNSPECIFIED.,.F.,
  .F.,(2,2),(0.,1.7),.PIECEWISE_BEZIER_KNOTS.);
#2740 = CARTESIAN_POINT('',(5.4,1.4995,0.6500001));
#2741 = CARTESIAN_POINT('',(5.4,1.4995,2.3500001));
#2742 = ORIENTED_EDGE('',*,*,#1659,.T.);
#2743 = B_SPLINE_SURFACE_WITH_KNOTS('',1,1,(
    (#2744,#2745)
    ,(#2746,#2747
  )),.UNSPECIFIED.,.F.,.F.,.F.,(2,2),(2,2),(-10.95,-8.45),(-2.35,0.65),
  .PIECEWISE_BEZIER_KNOTS.);
#2744 = CARTESIAN_POINT('',(5.8,1.4995,3.0000001));
#2745 = CARTESIAN_POINT('',(5.8,1.4995,9.999999994579E-08));
#2746 = CARTESIAN_POINT('',(3.3,1.4995,3.0000001));
#2747 = CARTESIAN_POINT('',(3.3,1.4995,9.999999994579E-08));
#2748 = ADVANCED_FACE('',(#2749),#2805,.T.);
#2749 = FACE_BOUND('',#2750,.T.);
#2750 = EDGE_LOOP('',(#2751,#2752,#2753,#2754,#2761,#2769,#2776,#2783,
    #2790,#2798,#2803,#2804));
#2751 = ORIENTED_EDGE('',*,*,#1826,.F.);
#2752 = ORIENTED_EDGE('',*,*,#1506,.F.);
#2753 = ORIENTED_EDGE('',*,*,#1619,.F.);
#2754 = ORIENTED_EDGE('',*,*,#2755,.F.);
#2755 = EDGE_CURVE('',#2756,#1620,#2758,.T.);
#2756 = VERTEX_POINT('',#2757);
#2757 = CARTESIAN_POINT('',(5.4,-1.5005,0.6500001));
#2758 = B_SPLINE_CURVE_WITH_KNOTS('',1,(#2759,#2760),.UNSPECIFIED.,.F.,
  .F.,(2,2),(0.,1.7),.PIECEWISE_BEZIER_KNOTS.);
#2759 = CARTESIAN_POINT('',(5.4,-1.5005,0.6500001));
#2760 = CARTESIAN_POINT('',(5.4,-1.5005,2.3500001));
#2761 = ORIENTED_EDGE('',*,*,#2762,.F.);
#2762 = EDGE_CURVE('',#2763,#2756,#2765,.T.);
#2763 = VERTEX_POINT('',#2764);
#2764 = CARTESIAN_POINT('',(5.15,-1.5005,0.4000001));
#2765 = ( BOUNDED_CURVE() B_SPLINE_CURVE(2,(#2766,#2767,#2768),
.UNSPECIFIED.,.F.,.F.) B_SPLINE_CURVE_WITH_KNOTS((3,3),(4.712388980385,
6.28318530718),.PIECEWISE_BEZIER_KNOTS.) CURVE() 
GEOMETRIC_REPRESENTATION_ITEM() RATIONAL_B_SPLINE_CURVE((1.,
0.707106781187,1.)) REPRESENTATION_ITEM('') );
#2766 = CARTESIAN_POINT('',(5.15,-1.5005,0.4000001));
#2767 = CARTESIAN_POINT('',(5.4,-1.5005,0.4000001));
#2768 = CARTESIAN_POINT('',(5.4,-1.5005,0.6500001));
#2769 = ORIENTED_EDGE('',*,*,#2770,.F.);
#2770 = EDGE_CURVE('',#2771,#2763,#2773,.T.);
#2771 = VERTEX_POINT('',#2772);
#2772 = CARTESIAN_POINT('',(3.3,-1.5005,0.4000001));
#2773 = B_SPLINE_CURVE_WITH_KNOTS('',1,(#2774,#2775),.UNSPECIFIED.,.F.,
  .F.,(2,2),(0.,1.85),.PIECEWISE_BEZIER_KNOTS.);
#2774 = CARTESIAN_POINT('',(3.3,-1.5005,0.4000001));
#2775 = CARTESIAN_POINT('',(5.15,-1.5005,0.4000001));
#2776 = ORIENTED_EDGE('',*,*,#2777,.T.);
#2777 = EDGE_CURVE('',#2771,#2778,#2780,.T.);
#2778 = VERTEX_POINT('',#2779);
#2779 = CARTESIAN_POINT('',(3.3,-1.5005,1.E-07));
#2780 = B_SPLINE_CURVE_WITH_KNOTS('',1,(#2781,#2782),.UNSPECIFIED.,.F.,
  .F.,(2,2),(0.,0.4),.PIECEWISE_BEZIER_KNOTS.);
#2781 = CARTESIAN_POINT('',(3.3,-1.5005,0.4000001));
#2782 = CARTESIAN_POINT('',(3.3,-1.5005,1.000000000013E-07));
#2783 = ORIENTED_EDGE('',*,*,#2784,.T.);
#2784 = EDGE_CURVE('',#2778,#2785,#2787,.T.);
#2785 = VERTEX_POINT('',#2786);
#2786 = CARTESIAN_POINT('',(5.15,-1.5005,1.000000003795E-07));
#2787 = B_SPLINE_CURVE_WITH_KNOTS('',1,(#2788,#2789),.UNSPECIFIED.,.F.,
  .F.,(2,2),(0.,1.85),.PIECEWISE_BEZIER_KNOTS.);
#2788 = CARTESIAN_POINT('',(3.3,-1.5005,1.E-07));
#2789 = CARTESIAN_POINT('',(5.15,-1.5005,1.000000001497E-07));
#2790 = ORIENTED_EDGE('',*,*,#2791,.T.);
#2791 = EDGE_CURVE('',#2785,#2792,#2794,.T.);
#2792 = VERTEX_POINT('',#2793);
#2793 = CARTESIAN_POINT('',(5.8,-1.5005,0.6500001));
#2794 = ( BOUNDED_CURVE() B_SPLINE_CURVE(2,(#2795,#2796,#2797),
.UNSPECIFIED.,.F.,.F.) B_SPLINE_CURVE_WITH_KNOTS((3,3),(0.,
1.570796326795),.PIECEWISE_BEZIER_KNOTS.) CURVE() 
GEOMETRIC_REPRESENTATION_ITEM() RATIONAL_B_SPLINE_CURVE((1.,
0.707106781187,1.)) REPRESENTATION_ITEM('') );
#2795 = CARTESIAN_POINT('',(5.15,-1.5005,1.000000002789E-07));
#2796 = CARTESIAN_POINT('',(5.8,-1.5005,1.000000002789E-07));
#2797 = CARTESIAN_POINT('',(5.8,-1.5005,0.6500001));
#2798 = ORIENTED_EDGE('',*,*,#2799,.T.);
#2799 = EDGE_CURVE('',#2792,#1557,#2800,.T.);
#2800 = B_SPLINE_CURVE_WITH_KNOTS('',1,(#2801,#2802),.UNSPECIFIED.,.F.,
  .F.,(2,2),(0.,1.7),.PIECEWISE_BEZIER_KNOTS.);
#2801 = CARTESIAN_POINT('',(5.8,-1.5005,0.6500001));
#2802 = CARTESIAN_POINT('',(5.8,-1.5005,2.3500001));
#2803 = ORIENTED_EDGE('',*,*,#1570,.T.);
#2804 = ORIENTED_EDGE('',*,*,#1477,.T.);
#2805 = B_SPLINE_SURFACE_WITH_KNOTS('',1,1,(
    (#2806,#2807)
    ,(#2808,#2809
  )),.UNSPECIFIED.,.F.,.F.,.F.,(2,2),(2,2),(-10.95,-8.45),(-2.35,0.65),
  .PIECEWISE_BEZIER_KNOTS.);
#2806 = CARTESIAN_POINT('',(5.8,-1.5005,3.0000001));
#2807 = CARTESIAN_POINT('',(5.8,-1.5005,9.999999994579E-08));
#2808 = CARTESIAN_POINT('',(3.3,-1.5005,3.0000001));
#2809 = CARTESIAN_POINT('',(3.3,-1.5005,9.999999994579E-08));
#2810 = ADVANCED_FACE('',(#2811),#2827,.T.);
#2811 = FACE_BOUND('',#2812,.T.);
#2812 = EDGE_LOOP('',(#2813,#2814,#2819,#2820,#2821,#2826));
#2813 = ORIENTED_EDGE('',*,*,#2799,.F.);
#2814 = ORIENTED_EDGE('',*,*,#2815,.F.);
#2815 = EDGE_CURVE('',#2695,#2792,#2816,.T.);
#2816 = B_SPLINE_CURVE_WITH_KNOTS('',1,(#2817,#2818),.UNSPECIFIED.,.F.,
  .F.,(2,2),(-0.,3.),.PIECEWISE_BEZIER_KNOTS.);
#2817 = CARTESIAN_POINT('',(5.8,1.4995,0.6500001));
#2818 = CARTESIAN_POINT('',(5.8,-1.5005,0.6500001));
#2819 = ORIENTED_EDGE('',*,*,#2694,.T.);
#2820 = ORIENTED_EDGE('',*,*,#1595,.T.);
#2821 = ORIENTED_EDGE('',*,*,#2822,.T.);
#2822 = EDGE_CURVE('',#1588,#1555,#2823,.T.);
#2823 = B_SPLINE_CURVE_WITH_KNOTS('',1,(#2824,#2825),.UNSPECIFIED.,.F.,
  .F.,(2,2),(0.,0.8),.PIECEWISE_BEZIER_KNOTS.);
#2824 = CARTESIAN_POINT('',(5.8,0.3995,2.3500001));
#2825 = CARTESIAN_POINT('',(5.8,-0.4005,2.3500001));
#2826 = ORIENTED_EDGE('',*,*,#1554,.T.);
#2827 = B_SPLINE_SURFACE_WITH_KNOTS('',1,1,(
    (#2828,#2829)
    ,(#2830,#2831
    )),.UNSPECIFIED.,.F.,.F.,.F.,(2,2),(2,2),(-1.7,0.),(-3.,0.),
  .PIECEWISE_BEZIER_KNOTS.);
#2828 = CARTESIAN_POINT('',(5.8,-1.5005,2.3500001));
#2829 = CARTESIAN_POINT('',(5.8,1.4995,2.3500001));
#2830 = CARTESIAN_POINT('',(5.8,-1.5005,0.6500001));
#2831 = CARTESIAN_POINT('',(5.8,1.4995,0.6500001));
#2832 = ADVANCED_FACE('',(#2833),#2843,.T.);
#2833 = FACE_BOUND('',#2834,.T.);
#2834 = EDGE_LOOP('',(#2835,#2836,#2841,#2842));
#2835 = ORIENTED_EDGE('',*,*,#2791,.F.);
#2836 = ORIENTED_EDGE('',*,*,#2837,.F.);
#2837 = EDGE_CURVE('',#2702,#2785,#2838,.T.);
#2838 = B_SPLINE_CURVE_WITH_KNOTS('',1,(#2839,#2840),.UNSPECIFIED.,.F.,
  .F.,(2,2),(-0.,3.),.PIECEWISE_BEZIER_KNOTS.);
#2839 = CARTESIAN_POINT('',(5.15,1.4995,1.000000003795E-07));
#2840 = CARTESIAN_POINT('',(5.15,-1.5005,1.000000003795E-07));
#2841 = ORIENTED_EDGE('',*,*,#2701,.T.);
#2842 = ORIENTED_EDGE('',*,*,#2815,.T.);
#2843 = ( BOUNDED_SURFACE() B_SPLINE_SURFACE(2,1,(
    (#2844,#2845)
    ,(#2846,#2847)
    ,(#2848,#2849
)),.UNSPECIFIED.,.F.,.F.,.F.) B_SPLINE_SURFACE_WITH_KNOTS((3,3),(2,2),(
    0.,1.570796326795),(0.,3.),.PIECEWISE_BEZIER_KNOTS.) 
GEOMETRIC_REPRESENTATION_ITEM() RATIONAL_B_SPLINE_SURFACE((
    (1.,1.)
    ,(0.707106781187,0.707106781187)
,(1.,1.))) REPRESENTATION_ITEM('') SURFACE() );
#2844 = CARTESIAN_POINT('',(5.15,1.4995,1.000000002789E-07));
#2845 = CARTESIAN_POINT('',(5.15,-1.5005,1.000000002789E-07));
#2846 = CARTESIAN_POINT('',(5.8,1.4995,1.000000002789E-07));
#2847 = CARTESIAN_POINT('',(5.8,-1.5005,1.000000002789E-07));
#2848 = CARTESIAN_POINT('',(5.8,1.4995,0.6500001));
#2849 = CARTESIAN_POINT('',(5.8,-1.5005,0.6500001));
#2850 = ADVANCED_FACE('',(#2851),#2861,.T.);
#2851 = FACE_BOUND('',#2852,.T.);
#2852 = EDGE_LOOP('',(#2853,#2854,#2859,#2860));
#2853 = ORIENTED_EDGE('',*,*,#2784,.F.);
#2854 = ORIENTED_EDGE('',*,*,#2855,.F.);
#2855 = EDGE_CURVE('',#2710,#2778,#2856,.T.);
#2856 = B_SPLINE_CURVE_WITH_KNOTS('',1,(#2857,#2858),.UNSPECIFIED.,.F.,
  .F.,(2,2),(-0.,3.),.PIECEWISE_BEZIER_KNOTS.);
#2857 = CARTESIAN_POINT('',(3.3,1.4995,1.E-07));
#2858 = CARTESIAN_POINT('',(3.3,-1.5005,1.E-07));
#2859 = ORIENTED_EDGE('',*,*,#2709,.T.);
#2860 = ORIENTED_EDGE('',*,*,#2837,.T.);
#2861 = B_SPLINE_SURFACE_WITH_KNOTS('',1,1,(
    (#2862,#2863)
    ,(#2864,#2865
    )),.UNSPECIFIED.,.F.,.F.,.F.,(2,2),(2,2),(-1.85,0.),(-3.,0.),
  .PIECEWISE_BEZIER_KNOTS.);
#2862 = CARTESIAN_POINT('',(5.15,-1.5005,1.000000001497E-07));
#2863 = CARTESIAN_POINT('',(5.15,1.4995,1.000000001497E-07));
#2864 = CARTESIAN_POINT('',(3.3,-1.5005,1.E-07));
#2865 = CARTESIAN_POINT('',(3.3,1.4995,1.E-07));
#2866 = ADVANCED_FACE('',(#2867),#2877,.T.);
#2867 = FACE_BOUND('',#2868,.T.);
#2868 = EDGE_LOOP('',(#2869,#2870,#2875,#2876));
#2869 = ORIENTED_EDGE('',*,*,#2777,.F.);
#2870 = ORIENTED_EDGE('',*,*,#2871,.F.);
#2871 = EDGE_CURVE('',#2717,#2771,#2872,.T.);
#2872 = B_SPLINE_CURVE_WITH_KNOTS('',1,(#2873,#2874),.UNSPECIFIED.,.F.,
  .F.,(2,2),(-0.,3.),.PIECEWISE_BEZIER_KNOTS.);
#2873 = CARTESIAN_POINT('',(3.3,1.4995,0.4000001));
#2874 = CARTESIAN_POINT('',(3.3,-1.5005,0.4000001));
#2875 = ORIENTED_EDGE('',*,*,#2716,.T.);
#2876 = ORIENTED_EDGE('',*,*,#2855,.T.);
#2877 = B_SPLINE_SURFACE_WITH_KNOTS('',1,1,(
    (#2878,#2879)
    ,(#2880,#2881
    )),.UNSPECIFIED.,.F.,.F.,.F.,(2,2),(2,2),(-0.4,0.),(-3.,0.),
  .PIECEWISE_BEZIER_KNOTS.);
#2878 = CARTESIAN_POINT('',(3.3,-1.5005,1.000000000013E-07));
#2879 = CARTESIAN_POINT('',(3.3,1.4995,1.000000000013E-07));
#2880 = CARTESIAN_POINT('',(3.3,-1.5005,0.4000001));
#2881 = CARTESIAN_POINT('',(3.3,1.4995,0.4000001));
#2882 = ADVANCED_FACE('',(#2883),#2893,.F.);
#2883 = FACE_BOUND('',#2884,.T.);
#2884 = EDGE_LOOP('',(#2885,#2886,#2891,#2892));
#2885 = ORIENTED_EDGE('',*,*,#2770,.T.);
#2886 = ORIENTED_EDGE('',*,*,#2887,.F.);
#2887 = EDGE_CURVE('',#2724,#2763,#2888,.T.);
#2888 = B_SPLINE_CURVE_WITH_KNOTS('',1,(#2889,#2890),.UNSPECIFIED.,.F.,
  .F.,(2,2),(-0.,3.),.PIECEWISE_BEZIER_KNOTS.);
#2889 = CARTESIAN_POINT('',(5.15,1.4995,0.4000001));
#2890 = CARTESIAN_POINT('',(5.15,-1.5005,0.4000001));
#2891 = ORIENTED_EDGE('',*,*,#2723,.F.);
#2892 = ORIENTED_EDGE('',*,*,#2871,.T.);
#2893 = B_SPLINE_SURFACE_WITH_KNOTS('',1,1,(
    (#2894,#2895)
    ,(#2896,#2897
    )),.UNSPECIFIED.,.F.,.F.,.F.,(2,2),(2,2),(-1.85,0.),(-3.,0.),
  .PIECEWISE_BEZIER_KNOTS.);
#2894 = CARTESIAN_POINT('',(5.15,-1.5005,0.4000001));
#2895 = CARTESIAN_POINT('',(5.15,1.4995,0.4000001));
#2896 = CARTESIAN_POINT('',(3.3,-1.5005,0.4000001));
#2897 = CARTESIAN_POINT('',(3.3,1.4995,0.4000001));
#2898 = ADVANCED_FACE('',(#2899),#2909,.F.);
#2899 = FACE_BOUND('',#2900,.F.);
#2900 = EDGE_LOOP('',(#2901,#2902,#2903,#2908));
#2901 = ORIENTED_EDGE('',*,*,#2887,.F.);
#2902 = ORIENTED_EDGE('',*,*,#2730,.T.);
#2903 = ORIENTED_EDGE('',*,*,#2904,.T.);
#2904 = EDGE_CURVE('',#2731,#2756,#2905,.T.);
#2905 = B_SPLINE_CURVE_WITH_KNOTS('',1,(#2906,#2907),.UNSPECIFIED.,.F.,
  .F.,(2,2),(-0.,3.),.PIECEWISE_BEZIER_KNOTS.);
#2906 = CARTESIAN_POINT('',(5.4,1.4995,0.6500001));
#2907 = CARTESIAN_POINT('',(5.4,-1.5005,0.6500001));
#2908 = ORIENTED_EDGE('',*,*,#2762,.F.);
#2909 = ( BOUNDED_SURFACE() B_SPLINE_SURFACE(2,1,(
    (#2910,#2911)
    ,(#2912,#2913)
    ,(#2914,#2915
)),.UNSPECIFIED.,.F.,.F.,.F.) B_SPLINE_SURFACE_WITH_KNOTS((3,3),(2,2),(
    0.,1.570796326795),(0.,3.),.PIECEWISE_BEZIER_KNOTS.) 
GEOMETRIC_REPRESENTATION_ITEM() RATIONAL_B_SPLINE_SURFACE((
    (1.,1.)
    ,(0.707106781187,0.707106781187)
,(1.,1.))) REPRESENTATION_ITEM('') SURFACE() );
#2910 = CARTESIAN_POINT('',(5.15,1.4995,0.4000001));
#2911 = CARTESIAN_POINT('',(5.15,-1.5005,0.4000001));
#2912 = CARTESIAN_POINT('',(5.4,1.4995,0.4000001));
#2913 = CARTESIAN_POINT('',(5.4,-1.5005,0.4000001));
#2914 = CARTESIAN_POINT('',(5.4,1.4995,0.6500001));
#2915 = CARTESIAN_POINT('',(5.4,-1.5005,0.6500001));
#2916 = ADVANCED_FACE('',(#2917),#2929,.F.);
#2917 = FACE_BOUND('',#2918,.T.);
#2918 = EDGE_LOOP('',(#2919,#2920,#2921,#2926,#2927,#2928));
#2919 = ORIENTED_EDGE('',*,*,#2755,.T.);
#2920 = ORIENTED_EDGE('',*,*,#1627,.F.);
#2921 = ORIENTED_EDGE('',*,*,#2922,.F.);
#2922 = EDGE_CURVE('',#1653,#1628,#2923,.T.);
#2923 = B_SPLINE_CURVE_WITH_KNOTS('',1,(#2924,#2925),.UNSPECIFIED.,.F.,
  .F.,(2,2),(1.1,1.9),.PIECEWISE_BEZIER_KNOTS.);
#2924 = CARTESIAN_POINT('',(5.4,0.3995,2.3500001));
#2925 = CARTESIAN_POINT('',(5.4,-0.4005,2.3500001));
#2926 = ORIENTED_EDGE('',*,*,#1650,.F.);
#2927 = ORIENTED_EDGE('',*,*,#2738,.F.);
#2928 = ORIENTED_EDGE('',*,*,#2904,.T.);
#2929 = B_SPLINE_SURFACE_WITH_KNOTS('',1,1,(
    (#2930,#2931)
    ,(#2932,#2933
    )),.UNSPECIFIED.,.F.,.F.,.F.,(2,2),(2,2),(-1.7,0.),(-3.,0.),
  .PIECEWISE_BEZIER_KNOTS.);
#2930 = CARTESIAN_POINT('',(5.4,-1.5005,2.3500001));
#2931 = CARTESIAN_POINT('',(5.4,1.4995,2.3500001));
#2932 = CARTESIAN_POINT('',(5.4,-1.5005,0.6500001));
#2933 = CARTESIAN_POINT('',(5.4,1.4995,0.6500001));
#2934 = ADVANCED_FACE('',(#2935),#2949,.F.);
#2935 = FACE_BOUND('',#2936,.T.);
#2936 = EDGE_LOOP('',(#2937,#2942,#2943,#2948));
#2937 = ORIENTED_EDGE('',*,*,#2938,.T.);
#2938 = EDGE_CURVE('',#1693,#1725,#2939,.T.);
#2939 = B_SPLINE_CURVE_WITH_KNOTS('',1,(#2940,#2941),.UNSPECIFIED.,.F.,
  .F.,(2,2),(0.3,0.7),.PIECEWISE_BEZIER_KNOTS.);
#2940 = CARTESIAN_POINT('',(-5.4,0.3995,2.3500001));
#2941 = CARTESIAN_POINT('',(-5.8,0.3995,2.3500001));
#2942 = ORIENTED_EDGE('',*,*,#2518,.T.);
#2943 = ORIENTED_EDGE('',*,*,#2944,.F.);
#2944 = EDGE_CURVE('',#2300,#2512,#2945,.T.);
#2945 = B_SPLINE_CURVE_WITH_KNOTS('',1,(#2946,#2947),.UNSPECIFIED.,.F.,
  .F.,(2,2),(0.3,0.7),.PIECEWISE_BEZIER_KNOTS.);
#2946 = CARTESIAN_POINT('',(-5.4,-0.4005,2.3500001));
#2947 = CARTESIAN_POINT('',(-5.8,-0.4005,2.3500001));
#2948 = ORIENTED_EDGE('',*,*,#2342,.F.);
#2949 = B_SPLINE_SURFACE_WITH_KNOTS('',1,1,(
    (#2950,#2951)
    ,(#2952,#2953
    )),.UNSPECIFIED.,.F.,.F.,.F.,(2,2),(2,2),(0.3,0.7),(-0.8,0.),
  .PIECEWISE_BEZIER_KNOTS.);
#2950 = CARTESIAN_POINT('',(-5.4,-0.4005,2.3500001));
#2951 = CARTESIAN_POINT('',(-5.4,0.3995,2.3500001));
#2952 = CARTESIAN_POINT('',(-5.8,-0.4005,2.3500001));
#2953 = CARTESIAN_POINT('',(-5.8,0.3995,2.3500001));
#2954 = ADVANCED_FACE('',(#2955),#2967,.F.);
#2955 = FACE_BOUND('',#2956,.T.);
#2956 = EDGE_LOOP('',(#2957,#2958,#2963,#2964,#2965,#2966));
#2957 = ORIENTED_EDGE('',*,*,#2635,.F.);
#2958 = ORIENTED_EDGE('',*,*,#2959,.F.);
#2959 = EDGE_CURVE('',#2659,#2629,#2960,.T.);
#2960 = B_SPLINE_CURVE_WITH_KNOTS('',1,(#2961,#2962),.UNSPECIFIED.,.F.,
  .F.,(2,2),(0.65,1.05),.PIECEWISE_BEZIER_KNOTS.);
#2961 = CARTESIAN_POINT('',(-5.1,0.3995,3.0000001));
#2962 = CARTESIAN_POINT('',(-5.1,0.3995,2.6000001));
#2963 = ORIENTED_EDGE('',*,*,#2658,.T.);
#2964 = ORIENTED_EDGE('',*,*,#1722,.T.);
#2965 = ORIENTED_EDGE('',*,*,#2938,.F.);
#2966 = ORIENTED_EDGE('',*,*,#1699,.F.);
#2967 = B_SPLINE_SURFACE_WITH_KNOTS('',1,1,(
    (#2968,#2969)
    ,(#2970,#2971
    )),.UNSPECIFIED.,.F.,.F.,.F.,(2,2),(2,2),(-1.3,-0.65),(-0.7,
    8.881784197001E-16),.PIECEWISE_BEZIER_KNOTS.);
#2968 = CARTESIAN_POINT('',(-5.8,0.3995,2.3500001));
#2969 = CARTESIAN_POINT('',(-5.1,0.3995,2.3500001));
#2970 = CARTESIAN_POINT('',(-5.8,0.3995,3.0000001));
#2971 = CARTESIAN_POINT('',(-5.1,0.3995,3.0000001));
#2972 = ADVANCED_FACE('',(#2973),#2985,.F.);
#2973 = FACE_BOUND('',#2974,.T.);
#2974 = EDGE_LOOP('',(#2975,#2976,#2977,#2978,#2983,#2984));
#2975 = ORIENTED_EDGE('',*,*,#2944,.T.);
#2976 = ORIENTED_EDGE('',*,*,#2538,.T.);
#2977 = ORIENTED_EDGE('',*,*,#2672,.T.);
#2978 = ORIENTED_EDGE('',*,*,#2979,.F.);
#2979 = EDGE_CURVE('',#2627,#2666,#2980,.T.);
#2980 = B_SPLINE_CURVE_WITH_KNOTS('',1,(#2981,#2982),.UNSPECIFIED.,.F.,
  .F.,(2,2),(-1.05,-0.65),.PIECEWISE_BEZIER_KNOTS.);
#2981 = CARTESIAN_POINT('',(-5.1,-0.4005,2.6000001));
#2982 = CARTESIAN_POINT('',(-5.1,-0.4005,3.0000001));
#2983 = ORIENTED_EDGE('',*,*,#2645,.F.);
#2984 = ORIENTED_EDGE('',*,*,#2299,.F.);
#2985 = B_SPLINE_SURFACE_WITH_KNOTS('',1,1,(
    (#2986,#2987)
    ,(#2988,#2989
    )),.UNSPECIFIED.,.F.,.F.,.F.,(2,2),(2,2),(0.65,1.3),(-0.7,
    8.881784197001E-16),.PIECEWISE_BEZIER_KNOTS.);
#2986 = CARTESIAN_POINT('',(-5.8,-0.4005,3.0000001));
#2987 = CARTESIAN_POINT('',(-5.1,-0.4005,3.0000001));
#2988 = CARTESIAN_POINT('',(-5.8,-0.4005,2.3500001));
#2989 = CARTESIAN_POINT('',(-5.1,-0.4005,2.3500001));
#2990 = ADVANCED_FACE('',(#2991),#2997,.F.);
#2991 = FACE_BOUND('',#2992,.T.);
#2992 = EDGE_LOOP('',(#2993,#2994,#2995,#2996));
#2993 = ORIENTED_EDGE('',*,*,#2979,.T.);
#2994 = ORIENTED_EDGE('',*,*,#2665,.T.);
#2995 = ORIENTED_EDGE('',*,*,#2959,.T.);
#2996 = ORIENTED_EDGE('',*,*,#2626,.F.);
#2997 = B_SPLINE_SURFACE_WITH_KNOTS('',1,1,(
    (#2998,#2999)
    ,(#3000,#3001
    )),.UNSPECIFIED.,.F.,.F.,.F.,(2,2),(2,2),(-3.,-2.6),(-0.4,0.4),
  .PIECEWISE_BEZIER_KNOTS.);
#2998 = CARTESIAN_POINT('',(-5.1,-0.4005,3.0000001));
#2999 = CARTESIAN_POINT('',(-5.1,0.3995,3.0000001));
#3000 = CARTESIAN_POINT('',(-5.1,-0.4005,2.6000001));
#3001 = CARTESIAN_POINT('',(-5.1,0.3995,2.6000001));
#3002 = ADVANCED_FACE('',(#3003),#3017,.F.);
#3003 = FACE_BOUND('',#3004,.T.);
#3004 = EDGE_LOOP('',(#3005,#3006,#3011,#3012));
#3005 = ORIENTED_EDGE('',*,*,#1442,.T.);
#3006 = ORIENTED_EDGE('',*,*,#3007,.F.);
#3007 = EDGE_CURVE('',#1493,#1436,#3008,.T.);
#3008 = B_SPLINE_CURVE_WITH_KNOTS('',1,(#3009,#3010),.UNSPECIFIED.,.F.,
  .F.,(2,2),(-1.05,-0.65),.PIECEWISE_BEZIER_KNOTS.);
#3009 = CARTESIAN_POINT('',(5.1,-0.4005,2.6000001));
#3010 = CARTESIAN_POINT('',(5.1,-0.4005,3.0000001));
#3011 = ORIENTED_EDGE('',*,*,#1541,.F.);
#3012 = ORIENTED_EDGE('',*,*,#3013,.F.);
#3013 = EDGE_CURVE('',#1443,#1535,#3014,.T.);
#3014 = B_SPLINE_CURVE_WITH_KNOTS('',1,(#3015,#3016),.UNSPECIFIED.,.F.,
  .F.,(2,2),(0.65,1.05),.PIECEWISE_BEZIER_KNOTS.);
#3015 = CARTESIAN_POINT('',(5.1,0.3995,3.0000001));
#3016 = CARTESIAN_POINT('',(5.1,0.3995,2.6000001));
#3017 = B_SPLINE_SURFACE_WITH_KNOTS('',1,1,(
    (#3018,#3019)
    ,(#3020,#3021
    )),.UNSPECIFIED.,.F.,.F.,.F.,(2,2),(2,2),(-3.,-2.6),(-0.4,0.4),
  .PIECEWISE_BEZIER_KNOTS.);
#3018 = CARTESIAN_POINT('',(5.1,0.3995,3.0000001));
#3019 = CARTESIAN_POINT('',(5.1,-0.4005,3.0000001));
#3020 = CARTESIAN_POINT('',(5.1,0.3995,2.6000001));
#3021 = CARTESIAN_POINT('',(5.1,-0.4005,2.6000001));
#3022 = ADVANCED_FACE('',(#3023),#3037,.T.);
#3023 = FACE_BOUND('',#3024,.T.);
#3024 = EDGE_LOOP('',(#3025,#3026,#3031,#3032));
#3025 = ORIENTED_EDGE('',*,*,#2922,.T.);
#3026 = ORIENTED_EDGE('',*,*,#3027,.T.);
#3027 = EDGE_CURVE('',#1628,#1555,#3028,.T.);
#3028 = B_SPLINE_CURVE_WITH_KNOTS('',1,(#3029,#3030),.UNSPECIFIED.,.F.,
  .F.,(2,2),(0.3,0.7),.PIECEWISE_BEZIER_KNOTS.);
#3029 = CARTESIAN_POINT('',(5.4,-0.4005,2.3500001));
#3030 = CARTESIAN_POINT('',(5.8,-0.4005,2.3500001));
#3031 = ORIENTED_EDGE('',*,*,#2822,.F.);
#3032 = ORIENTED_EDGE('',*,*,#3033,.F.);
#3033 = EDGE_CURVE('',#1653,#1588,#3034,.T.);
#3034 = B_SPLINE_CURVE_WITH_KNOTS('',1,(#3035,#3036),.UNSPECIFIED.,.F.,
  .F.,(2,2),(0.3,0.7),.PIECEWISE_BEZIER_KNOTS.);
#3035 = CARTESIAN_POINT('',(5.4,0.3995,2.3500001));
#3036 = CARTESIAN_POINT('',(5.8,0.3995,2.3500001));
#3037 = B_SPLINE_SURFACE_WITH_KNOTS('',1,1,(
    (#3038,#3039)
    ,(#3040,#3041
    )),.UNSPECIFIED.,.F.,.F.,.F.,(2,2),(2,2),(0.3,0.7),(-0.8,0.),
  .PIECEWISE_BEZIER_KNOTS.);
#3038 = CARTESIAN_POINT('',(5.4,-0.4005,2.3500001));
#3039 = CARTESIAN_POINT('',(5.4,0.3995,2.3500001));
#3040 = CARTESIAN_POINT('',(5.8,-0.4005,2.3500001));
#3041 = CARTESIAN_POINT('',(5.8,0.3995,2.3500001));
#3042 = ADVANCED_FACE('',(#3043),#3051,.T.);
#3043 = FACE_BOUND('',#3044,.T.);
#3044 = EDGE_LOOP('',(#3045,#3046,#3047,#3048,#3049,#3050));
#3045 = ORIENTED_EDGE('',*,*,#1563,.F.);
#3046 = ORIENTED_EDGE('',*,*,#3027,.F.);
#3047 = ORIENTED_EDGE('',*,*,#1634,.T.);
#3048 = ORIENTED_EDGE('',*,*,#1490,.T.);
#3049 = ORIENTED_EDGE('',*,*,#3007,.T.);
#3050 = ORIENTED_EDGE('',*,*,#1435,.F.);
#3051 = B_SPLINE_SURFACE_WITH_KNOTS('',1,1,(
    (#3052,#3053)
    ,(#3054,#3055
    )),.UNSPECIFIED.,.F.,.F.,.F.,(2,2),(2,2),(-1.3,-0.65),(
    -1.7763568394E-15,0.7),.PIECEWISE_BEZIER_KNOTS.);
#3052 = CARTESIAN_POINT('',(5.1,-0.4005,2.3500001));
#3053 = CARTESIAN_POINT('',(5.8,-0.4005,2.3500001));
#3054 = CARTESIAN_POINT('',(5.1,-0.4005,3.0000001));
#3055 = CARTESIAN_POINT('',(5.8,-0.4005,3.0000001));
#3056 = ADVANCED_FACE('',(#3057),#3065,.T.);
#3057 = FACE_BOUND('',#3058,.T.);
#3058 = EDGE_LOOP('',(#3059,#3060,#3061,#3062,#3063,#3064));
#3059 = ORIENTED_EDGE('',*,*,#3013,.T.);
#3060 = ORIENTED_EDGE('',*,*,#1534,.T.);
#3061 = ORIENTED_EDGE('',*,*,#1666,.T.);
#3062 = ORIENTED_EDGE('',*,*,#3033,.T.);
#3063 = ORIENTED_EDGE('',*,*,#1587,.F.);
#3064 = ORIENTED_EDGE('',*,*,#1449,.F.);
#3065 = B_SPLINE_SURFACE_WITH_KNOTS('',1,1,(
    (#3066,#3067)
    ,(#3068,#3069
    )),.UNSPECIFIED.,.F.,.F.,.F.,(2,2),(2,2),(0.65,1.3),(
    -1.7763568394E-15,0.7),.PIECEWISE_BEZIER_KNOTS.);
#3066 = CARTESIAN_POINT('',(5.1,0.3995,3.0000001));
#3067 = CARTESIAN_POINT('',(5.8,0.3995,3.0000001));
#3068 = CARTESIAN_POINT('',(5.1,0.3995,2.3500001));
#3069 = CARTESIAN_POINT('',(5.8,0.3995,2.3500001));
#3070 = ADVANCED_FACE('',(#3071),#3093,.F.);
#3071 = FACE_BOUND('',#3072,.T.);
#3072 = EDGE_LOOP('',(#3073,#3074,#3081,#3088));
#3073 = ORIENTED_EDGE('',*,*,#494,.T.);
#3074 = ORIENTED_EDGE('',*,*,#3075,.F.);
#3075 = EDGE_CURVE('',#3076,#497,#3078,.T.);
#3076 = VERTEX_POINT('',#3077);
#3077 = CARTESIAN_POINT('',(-0.1080321064,5.0505,2.23242071858));
#3078 = B_SPLINE_CURVE_WITH_KNOTS('',1,(#3079,#3080),.UNSPECIFIED.,.F.,
  .F.,(2,2),(-0.,1.E-03),.PIECEWISE_BEZIER_KNOTS.);
#3079 = CARTESIAN_POINT('',(-0.1080321064,5.0505,2.23242071858));
#3080 = CARTESIAN_POINT('',(-0.1080321064,5.0495,2.23242071858));
#3081 = ORIENTED_EDGE('',*,*,#3082,.F.);
#3082 = EDGE_CURVE('',#3083,#3076,#3085,.T.);
#3083 = VERTEX_POINT('',#3084);
#3084 = CARTESIAN_POINT('',(-0.107785441124,5.0505,2.197641690987));
#3085 = B_SPLINE_CURVE_WITH_KNOTS('',1,(#3086,#3087),.UNSPECIFIED.,.F.,
  .F.,(2,2),(-3.477990230068E-02,0.),.PIECEWISE_BEZIER_KNOTS.);
#3086 = CARTESIAN_POINT('',(-0.107785441124,5.0505,2.197641690987));
#3087 = CARTESIAN_POINT('',(-0.1080321064,5.0505,2.23242071858));
#3088 = ORIENTED_EDGE('',*,*,#3089,.T.);
#3089 = EDGE_CURVE('',#3083,#495,#3090,.T.);
#3090 = B_SPLINE_CURVE_WITH_KNOTS('',1,(#3091,#3092),.UNSPECIFIED.,.F.,
  .F.,(2,2),(-0.,1.E-03),.PIECEWISE_BEZIER_KNOTS.);
#3091 = CARTESIAN_POINT('',(-0.107785441124,5.0505,2.197641690987));
#3092 = CARTESIAN_POINT('',(-0.107785441124,5.0495,2.197641690987));
#3093 = B_SPLINE_SURFACE_WITH_KNOTS('',1,1,(
    (#3094,#3095)
    ,(#3096,#3097
    )),.UNSPECIFIED.,.F.,.F.,.F.,(2,2),(2,2),(-1.574779975301E-18,
    3.477990230068E-02),(-1.E-03,0.),.PIECEWISE_BEZIER_KNOTS.);
#3094 = CARTESIAN_POINT('',(-0.1080321064,5.0495,2.23242071858));
#3095 = CARTESIAN_POINT('',(-0.1080321064,5.0505,2.23242071858));
#3096 = CARTESIAN_POINT('',(-0.107785441124,5.0495,2.197641690987));
#3097 = CARTESIAN_POINT('',(-0.107785441124,5.0505,2.197641690987));
#3098 = ADVANCED_FACE('',(#3099),#3115,.F.);
#3099 = FACE_BOUND('',#3100,.T.);
#3100 = EDGE_LOOP('',(#3101,#3102,#3109,#3114));
#3101 = ORIENTED_EDGE('',*,*,#531,.T.);
#3102 = ORIENTED_EDGE('',*,*,#3103,.F.);
#3103 = EDGE_CURVE('',#3104,#525,#3106,.T.);
#3104 = VERTEX_POINT('',#3105);
#3105 = CARTESIAN_POINT('',(1.346055052816E-02,5.0505,2.233282387861));
#3106 = B_SPLINE_CURVE_WITH_KNOTS('',1,(#3107,#3108),.UNSPECIFIED.,.F.,
  .F.,(2,2),(-0.,1.E-03),.PIECEWISE_BEZIER_KNOTS.);
#3107 = CARTESIAN_POINT('',(1.346055052816E-02,5.0505,2.233282387861));
#3108 = CARTESIAN_POINT('',(1.346055052816E-02,5.0495,2.233282387861));
#3109 = ORIENTED_EDGE('',*,*,#3110,.F.);
#3110 = EDGE_CURVE('',#3076,#3104,#3111,.T.);
#3111 = B_SPLINE_CURVE_WITH_KNOTS('',1,(#3112,#3113),.UNSPECIFIED.,.F.,
  .F.,(2,2),(-0.121495712522,0.),.PIECEWISE_BEZIER_KNOTS.);
#3112 = CARTESIAN_POINT('',(-0.1080321064,5.0505,2.23242071858));
#3113 = CARTESIAN_POINT('',(1.346055052816E-02,5.0505,2.233282387861));
#3114 = ORIENTED_EDGE('',*,*,#3075,.T.);
#3115 = B_SPLINE_SURFACE_WITH_KNOTS('',1,1,(
    (#3116,#3117)
    ,(#3118,#3119
    )),.UNSPECIFIED.,.F.,.F.,.F.,(2,2),(2,2),(-3.000996137046E-16,
    0.121495712522),(-1.E-03,0.),.PIECEWISE_BEZIER_KNOTS.);
#3116 = CARTESIAN_POINT('',(1.346055052816E-02,5.0495,2.233282387861));
#3117 = CARTESIAN_POINT('',(1.346055052816E-02,5.0505,2.233282387861));
#3118 = CARTESIAN_POINT('',(-0.1080321064,5.0495,2.23242071858));
#3119 = CARTESIAN_POINT('',(-0.1080321064,5.0505,2.23242071858));
#3120 = ADVANCED_FACE('',(#3121),#3137,.F.);
#3121 = FACE_BOUND('',#3122,.T.);
#3122 = EDGE_LOOP('',(#3123,#3124,#3131,#3136));
#3123 = ORIENTED_EDGE('',*,*,#524,.T.);
#3124 = ORIENTED_EDGE('',*,*,#3125,.F.);
#3125 = EDGE_CURVE('',#3126,#518,#3128,.T.);
#3126 = VERTEX_POINT('',#3127);
#3127 = CARTESIAN_POINT('',(1.154364056069E-02,5.0505,2.503560660588));
#3128 = B_SPLINE_CURVE_WITH_KNOTS('',1,(#3129,#3130),.UNSPECIFIED.,.F.,
  .F.,(2,2),(-0.,1.E-03),.PIECEWISE_BEZIER_KNOTS.);
#3129 = CARTESIAN_POINT('',(1.154364056069E-02,5.0505,2.503560660588));
#3130 = CARTESIAN_POINT('',(1.154364056069E-02,5.0495,2.503560660588));
#3131 = ORIENTED_EDGE('',*,*,#3132,.F.);
#3132 = EDGE_CURVE('',#3104,#3126,#3133,.T.);
#3133 = B_SPLINE_CURVE_WITH_KNOTS('',1,(#3134,#3135),.UNSPECIFIED.,.F.,
  .F.,(2,2),(-0.270285070346,0.),.PIECEWISE_BEZIER_KNOTS.);
#3134 = CARTESIAN_POINT('',(1.346055052816E-02,5.0505,2.233282387861));
#3135 = CARTESIAN_POINT('',(1.154364056069E-02,5.0505,2.503560660588));
#3136 = ORIENTED_EDGE('',*,*,#3103,.T.);
#3137 = B_SPLINE_SURFACE_WITH_KNOTS('',1,1,(
    (#3138,#3139)
    ,(#3140,#3141
    )),.UNSPECIFIED.,.F.,.F.,.F.,(2,2),(2,2),(0.,0.270285070346),(
    -1.E-03,0.),.PIECEWISE_BEZIER_KNOTS.);
#3138 = CARTESIAN_POINT('',(1.154364056069E-02,5.0495,2.503560660588));
#3139 = CARTESIAN_POINT('',(1.154364056069E-02,5.0505,2.503560660588));
#3140 = CARTESIAN_POINT('',(1.346055052816E-02,5.0495,2.233282387861));
#3141 = CARTESIAN_POINT('',(1.346055052816E-02,5.0505,2.233282387861));
#3142 = ADVANCED_FACE('',(#3143),#3159,.F.);
#3143 = FACE_BOUND('',#3144,.T.);
#3144 = EDGE_LOOP('',(#3145,#3146,#3153,#3158));
#3145 = ORIENTED_EDGE('',*,*,#517,.T.);
#3146 = ORIENTED_EDGE('',*,*,#3147,.F.);
#3147 = EDGE_CURVE('',#3148,#511,#3150,.T.);
#3148 = VERTEX_POINT('',#3149);
#3149 = CARTESIAN_POINT('',(5.092348122044E-02,5.0505,2.503839956472));
#3150 = B_SPLINE_CURVE_WITH_KNOTS('',1,(#3151,#3152),.UNSPECIFIED.,.F.,
  .F.,(2,2),(-0.,1.E-03),.PIECEWISE_BEZIER_KNOTS.);
#3151 = CARTESIAN_POINT('',(5.092348122044E-02,5.0505,2.503839956472));
#3152 = CARTESIAN_POINT('',(5.092348122044E-02,5.0495,2.503839956472));
#3153 = ORIENTED_EDGE('',*,*,#3154,.F.);
#3154 = EDGE_CURVE('',#3126,#3148,#3155,.T.);
#3155 = B_SPLINE_CURVE_WITH_KNOTS('',1,(#3156,#3157),.UNSPECIFIED.,.F.,
  .F.,(2,2),(-3.938083108034E-02,0.),.PIECEWISE_BEZIER_KNOTS.);
#3156 = CARTESIAN_POINT('',(1.154364056069E-02,5.0505,2.503560660588));
#3157 = CARTESIAN_POINT('',(5.092348122044E-02,5.0505,2.503839956472));
#3158 = ORIENTED_EDGE('',*,*,#3125,.T.);
#3159 = B_SPLINE_SURFACE_WITH_KNOTS('',1,1,(
    (#3160,#3161)
    ,(#3162,#3163
    )),.UNSPECIFIED.,.F.,.F.,.F.,(2,2),(2,2),(0.,3.938083108034E-02),(
    -1.E-03,0.),.PIECEWISE_BEZIER_KNOTS.);
#3160 = CARTESIAN_POINT('',(5.092348122044E-02,5.0495,2.503839956472));
#3161 = CARTESIAN_POINT('',(5.092348122044E-02,5.0505,2.503839956472));
#3162 = CARTESIAN_POINT('',(1.154364056069E-02,5.0495,2.503560660588));
#3163 = CARTESIAN_POINT('',(1.154364056069E-02,5.0505,2.503560660588));
#3164 = ADVANCED_FACE('',(#3165),#3181,.F.);
#3165 = FACE_BOUND('',#3166,.T.);
#3166 = EDGE_LOOP('',(#3167,#3168,#3175,#3180));
#3167 = ORIENTED_EDGE('',*,*,#510,.T.);
#3168 = ORIENTED_EDGE('',*,*,#3169,.F.);
#3169 = EDGE_CURVE('',#3170,#504,#3172,.T.);
#3170 = VERTEX_POINT('',#3171);
#3171 = CARTESIAN_POINT('',(5.308705646359E-02,5.0505,2.198782656153));
#3172 = B_SPLINE_CURVE_WITH_KNOTS('',1,(#3173,#3174),.UNSPECIFIED.,.F.,
  .F.,(2,2),(-0.,1.E-03),.PIECEWISE_BEZIER_KNOTS.);
#3173 = CARTESIAN_POINT('',(5.308705646359E-02,5.0505,2.198782656153));
#3174 = CARTESIAN_POINT('',(5.308705646359E-02,5.0495,2.198782656153));
#3175 = ORIENTED_EDGE('',*,*,#3176,.F.);
#3176 = EDGE_CURVE('',#3148,#3170,#3177,.T.);
#3177 = B_SPLINE_CURVE_WITH_KNOTS('',1,(#3178,#3179),.UNSPECIFIED.,.F.,
  .F.,(2,2),(-0.305064972647,0.),.PIECEWISE_BEZIER_KNOTS.);
#3178 = CARTESIAN_POINT('',(5.092348122044E-02,5.0505,2.503839956472));
#3179 = CARTESIAN_POINT('',(5.308705646359E-02,5.0505,2.198782656153));
#3180 = ORIENTED_EDGE('',*,*,#3147,.T.);
#3181 = B_SPLINE_SURFACE_WITH_KNOTS('',1,1,(
    (#3182,#3183)
    ,(#3184,#3185
    )),.UNSPECIFIED.,.F.,.F.,.F.,(2,2),(2,2),(-4.410269048868E-16,
    0.305064972647),(-1.E-03,0.),.PIECEWISE_BEZIER_KNOTS.);
#3182 = CARTESIAN_POINT('',(5.308705646359E-02,5.0495,2.198782656153));
#3183 = CARTESIAN_POINT('',(5.308705646359E-02,5.0505,2.198782656153));
#3184 = CARTESIAN_POINT('',(5.092348122044E-02,5.0495,2.503839956472));
#3185 = CARTESIAN_POINT('',(5.092348122044E-02,5.0505,2.503839956472));
#3186 = ADVANCED_FACE('',(#3187),#3197,.F.);
#3187 = FACE_BOUND('',#3188,.T.);
#3188 = EDGE_LOOP('',(#3189,#3190,#3191,#3196));
#3189 = ORIENTED_EDGE('',*,*,#503,.T.);
#3190 = ORIENTED_EDGE('',*,*,#3089,.F.);
#3191 = ORIENTED_EDGE('',*,*,#3192,.F.);
#3192 = EDGE_CURVE('',#3170,#3083,#3193,.T.);
#3193 = B_SPLINE_CURVE_WITH_KNOTS('',1,(#3194,#3195),.UNSPECIFIED.,.F.,
  .F.,(2,2),(-0.160876543603,-0.),.PIECEWISE_BEZIER_KNOTS.);
#3194 = CARTESIAN_POINT('',(5.308705646359E-02,5.0505,2.198782656153));
#3195 = CARTESIAN_POINT('',(-0.107785441124,5.0505,2.197641690987));
#3196 = ORIENTED_EDGE('',*,*,#3169,.T.);
#3197 = B_SPLINE_SURFACE_WITH_KNOTS('',1,1,(
    (#3198,#3199)
    ,(#3200,#3201
    )),.UNSPECIFIED.,.F.,.F.,.F.,(2,2),(2,2),(0.,0.160876543603),(
    -1.E-03,0.),.PIECEWISE_BEZIER_KNOTS.);
#3198 = CARTESIAN_POINT('',(-0.107785441124,5.0495,2.197641690987));
#3199 = CARTESIAN_POINT('',(-0.107785441124,5.0505,2.197641690987));
#3200 = CARTESIAN_POINT('',(5.308705646359E-02,5.0495,2.198782656153));
#3201 = CARTESIAN_POINT('',(5.308705646359E-02,5.0505,2.198782656153));
#3202 = ADVANCED_FACE('',(#3203),#3211,.F.);
#3203 = FACE_BOUND('',#3204,.T.);
#3204 = EDGE_LOOP('',(#3205,#3206,#3207,#3208,#3209,#3210));
#3205 = ORIENTED_EDGE('',*,*,#3082,.T.);
#3206 = ORIENTED_EDGE('',*,*,#3110,.T.);
#3207 = ORIENTED_EDGE('',*,*,#3132,.T.);
#3208 = ORIENTED_EDGE('',*,*,#3154,.T.);
#3209 = ORIENTED_EDGE('',*,*,#3176,.T.);
#3210 = ORIENTED_EDGE('',*,*,#3192,.T.);
#3211 = B_SPLINE_SURFACE_WITH_KNOTS('',1,1,(
    (#3212,#3213)
    ,(#3214,#3215
    )),.UNSPECIFIED.,.F.,.F.,.F.,(2,2),(2,2),(-2.503839856472,
    -2.197641590987),(-0.1080321064,5.308705646359E-02),
  .PIECEWISE_BEZIER_KNOTS.);
#3212 = CARTESIAN_POINT('',(-0.1080321064,5.0505,2.503839956472));
#3213 = CARTESIAN_POINT('',(5.308705646359E-02,5.0505,2.503839956472));
#3214 = CARTESIAN_POINT('',(-0.1080321064,5.0505,2.197641690987));
#3215 = CARTESIAN_POINT('',(5.308705646359E-02,5.0505,2.197641690987));
#3216 = ADVANCED_FACE('',(#3217),#3241,.F.);
#3217 = FACE_BOUND('',#3218,.F.);
#3218 = EDGE_LOOP('',(#3219,#3226,#3235,#3240));
#3219 = ORIENTED_EDGE('',*,*,#3220,.F.);
#3220 = EDGE_CURVE('',#3221,#341,#3223,.T.);
#3221 = VERTEX_POINT('',#3222);
#3222 = CARTESIAN_POINT('',(-0.264176583372,5.0505,2.191385578063));
#3223 = B_SPLINE_CURVE_WITH_KNOTS('',1,(#3224,#3225),.UNSPECIFIED.,.F.,
  .F.,(2,2),(-0.,1.E-03),.PIECEWISE_BEZIER_KNOTS.);
#3224 = CARTESIAN_POINT('',(-0.264176583372,5.0505,2.191385578063));
#3225 = CARTESIAN_POINT('',(-0.264176583372,5.0495,2.191385578063));
#3226 = ORIENTED_EDGE('',*,*,#3227,.T.);
#3227 = EDGE_CURVE('',#3221,#3228,#3230,.T.);
#3228 = VERTEX_POINT('',#3229);
#3229 = CARTESIAN_POINT('',(-0.348754894058,5.0505,2.20856602604));
#3230 = B_SPLINE_CURVE_WITH_KNOTS('',3,(#3231,#3232,#3233,#3234),
  .UNSPECIFIED.,.F.,.F.,(4,4),(0.,1.),.PIECEWISE_BEZIER_KNOTS.);
#3231 = CARTESIAN_POINT('',(-0.264176583372,5.0505,2.191385578063));
#3232 = CARTESIAN_POINT('',(-0.298019852375,5.0505,2.191145549521));
#3233 = CARTESIAN_POINT('',(-0.326212622603,5.0505,2.196872365513));
#3234 = CARTESIAN_POINT('',(-0.348754894058,5.0505,2.20856602604));
#3235 = ORIENTED_EDGE('',*,*,#3236,.T.);
#3236 = EDGE_CURVE('',#3228,#343,#3237,.T.);
#3237 = B_SPLINE_CURVE_WITH_KNOTS('',1,(#3238,#3239),.UNSPECIFIED.,.F.,
  .F.,(2,2),(-0.,1.E-03),.PIECEWISE_BEZIER_KNOTS.);
#3238 = CARTESIAN_POINT('',(-0.348754894058,5.0505,2.20856602604));
#3239 = CARTESIAN_POINT('',(-0.348754894058,5.0495,2.20856602604));
#3240 = ORIENTED_EDGE('',*,*,#340,.F.);
#3241 = B_SPLINE_SURFACE_WITH_KNOTS('',3,1,(
    (#3242,#3243)
    ,(#3244,#3245)
    ,(#3246,#3247)
    ,(#3248,#3249
    )),.UNSPECIFIED.,.F.,.F.,.F.,(4,4),(2,2),(0.,1.),(0.,1.),
  .PIECEWISE_BEZIER_KNOTS.);
#3242 = CARTESIAN_POINT('',(-0.264176583372,5.0505,2.191385578063));
#3243 = CARTESIAN_POINT('',(-0.264176583372,5.0495,2.191385578063));
#3244 = CARTESIAN_POINT('',(-0.298019852375,5.0505,2.191145549521));
#3245 = CARTESIAN_POINT('',(-0.298019852375,5.0495,2.191145549521));
#3246 = CARTESIAN_POINT('',(-0.326212622603,5.0505,2.196872365513));
#3247 = CARTESIAN_POINT('',(-0.326212622603,5.0495,2.196872365513));
#3248 = CARTESIAN_POINT('',(-0.348754894058,5.0505,2.20856602604));
#3249 = CARTESIAN_POINT('',(-0.348754894058,5.0495,2.20856602604));
#3250 = ADVANCED_FACE('',(#3251),#3267,.F.);
#3251 = FACE_BOUND('',#3252,.T.);
#3252 = EDGE_LOOP('',(#3253,#3254,#3261,#3266));
#3253 = ORIENTED_EDGE('',*,*,#457,.T.);
#3254 = ORIENTED_EDGE('',*,*,#3255,.F.);
#3255 = EDGE_CURVE('',#3256,#449,#3258,.T.);
#3256 = VERTEX_POINT('',#3257);
#3257 = CARTESIAN_POINT('',(-0.349022575658,5.0505,2.246308289168));
#3258 = B_SPLINE_CURVE_WITH_KNOTS('',1,(#3259,#3260),.UNSPECIFIED.,.F.,
  .F.,(2,2),(-0.,1.E-03),.PIECEWISE_BEZIER_KNOTS.);
#3259 = CARTESIAN_POINT('',(-0.349022575658,5.0505,2.246308289168));
#3260 = CARTESIAN_POINT('',(-0.349022575658,5.0495,2.246308289168));
#3261 = ORIENTED_EDGE('',*,*,#3262,.F.);
#3262 = EDGE_CURVE('',#3228,#3256,#3263,.T.);
#3263 = B_SPLINE_CURVE_WITH_KNOTS('',1,(#3264,#3265),.UNSPECIFIED.,.F.,
  .F.,(2,2),(-3.774321236296E-02,0.),.PIECEWISE_BEZIER_KNOTS.);
#3264 = CARTESIAN_POINT('',(-0.348754894058,5.0505,2.20856602604));
#3265 = CARTESIAN_POINT('',(-0.349022575658,5.0505,2.246308289168));
#3266 = ORIENTED_EDGE('',*,*,#3236,.T.);
#3267 = B_SPLINE_SURFACE_WITH_KNOTS('',1,1,(
    (#3268,#3269)
    ,(#3270,#3271
    )),.UNSPECIFIED.,.F.,.F.,.F.,(2,2),(2,2),(-3.936949938261E-19,
    3.774321236296E-02),(-1.E-03,0.),.PIECEWISE_BEZIER_KNOTS.);
#3268 = CARTESIAN_POINT('',(-0.349022575658,5.0495,2.246308289168));
#3269 = CARTESIAN_POINT('',(-0.349022575658,5.0505,2.246308289168));
#3270 = CARTESIAN_POINT('',(-0.348754894058,5.0495,2.20856602604));
#3271 = CARTESIAN_POINT('',(-0.348754894058,5.0505,2.20856602604));
#3272 = ADVANCED_FACE('',(#3273),#3291,.F.);
#3273 = FACE_BOUND('',#3274,.F.);
#3274 = EDGE_LOOP('',(#3275,#3276,#3285,#3290));
#3275 = ORIENTED_EDGE('',*,*,#3255,.F.);
#3276 = ORIENTED_EDGE('',*,*,#3277,.T.);
#3277 = EDGE_CURVE('',#3256,#3278,#3280,.T.);
#3278 = VERTEX_POINT('',#3279);
#3279 = CARTESIAN_POINT('',(-0.270117992314,5.0505,2.226436151721));
#3280 = B_SPLINE_CURVE_WITH_KNOTS('',3,(#3281,#3282,#3283,#3284),
  .UNSPECIFIED.,.F.,.F.,(4,4),(12.,13.),.PIECEWISE_BEZIER_KNOTS.);
#3281 = CARTESIAN_POINT('',(-0.349022575658,5.0505,2.246308289168));
#3282 = CARTESIAN_POINT('',(-0.326624096622,5.0505,2.232897965104));
#3283 = CARTESIAN_POINT('',(-0.30029620684,5.0505,2.226222117053));
#3284 = CARTESIAN_POINT('',(-0.270117992314,5.0505,2.226436151721));
#3285 = ORIENTED_EDGE('',*,*,#3286,.T.);
#3286 = EDGE_CURVE('',#3278,#440,#3287,.T.);
#3287 = B_SPLINE_CURVE_WITH_KNOTS('',1,(#3288,#3289),.UNSPECIFIED.,.F.,
  .F.,(2,2),(-0.,1.E-03),.PIECEWISE_BEZIER_KNOTS.);
#3288 = CARTESIAN_POINT('',(-0.270117992314,5.0505,2.226436151721));
#3289 = CARTESIAN_POINT('',(-0.270117992314,5.0495,2.226436151721));
#3290 = ORIENTED_EDGE('',*,*,#448,.F.);
#3291 = B_SPLINE_SURFACE_WITH_KNOTS('',3,1,(
    (#3292,#3293)
    ,(#3294,#3295)
    ,(#3296,#3297)
    ,(#3298,#3299
    )),.UNSPECIFIED.,.F.,.F.,.F.,(4,4),(2,2),(12.,13.),(0.,1.),
  .PIECEWISE_BEZIER_KNOTS.);
#3292 = CARTESIAN_POINT('',(-0.349022575658,5.0505,2.246308289168));
#3293 = CARTESIAN_POINT('',(-0.349022575658,5.0495,2.246308289168));
#3294 = CARTESIAN_POINT('',(-0.326624096622,5.0505,2.232897965104));
#3295 = CARTESIAN_POINT('',(-0.326624096622,5.0495,2.232897965104));
#3296 = CARTESIAN_POINT('',(-0.30029620684,5.0505,2.226222117053));
#3297 = CARTESIAN_POINT('',(-0.30029620684,5.0495,2.226222117053));
#3298 = CARTESIAN_POINT('',(-0.270117992314,5.0505,2.226436151721));
#3299 = CARTESIAN_POINT('',(-0.270117992314,5.0495,2.226436151721));
#3300 = ADVANCED_FACE('',(#3301),#3319,.F.);
#3301 = FACE_BOUND('',#3302,.F.);
#3302 = EDGE_LOOP('',(#3303,#3304,#3313,#3318));
#3303 = ORIENTED_EDGE('',*,*,#3286,.F.);
#3304 = ORIENTED_EDGE('',*,*,#3305,.T.);
#3305 = EDGE_CURVE('',#3278,#3306,#3308,.T.);
#3306 = VERTEX_POINT('',#3307);
#3307 = CARTESIAN_POINT('',(-0.191976071603,5.0505,2.259119689772));
#3308 = B_SPLINE_CURVE_WITH_KNOTS('',3,(#3309,#3310,#3311,#3312),
  .UNSPECIFIED.,.F.,.F.,(4,4),(11.,12.),.PIECEWISE_BEZIER_KNOTS.);
#3309 = CARTESIAN_POINT('',(-0.270117992314,5.0505,2.226436151721));
#3310 = CARTESIAN_POINT('',(-0.237834320962,5.0505,2.22666511904));
#3311 = CARTESIAN_POINT('',(-0.211787382765,5.0505,2.237611618311));
#3312 = CARTESIAN_POINT('',(-0.191976071603,5.0505,2.259119689772));
#3313 = ORIENTED_EDGE('',*,*,#3314,.T.);
#3314 = EDGE_CURVE('',#3306,#431,#3315,.T.);
#3315 = B_SPLINE_CURVE_WITH_KNOTS('',1,(#3316,#3317),.UNSPECIFIED.,.F.,
  .F.,(2,2),(-0.,1.E-03),.PIECEWISE_BEZIER_KNOTS.);
#3316 = CARTESIAN_POINT('',(-0.191976071603,5.0505,2.259119689772));
#3317 = CARTESIAN_POINT('',(-0.191976071603,5.0495,2.259119689772));
#3318 = ORIENTED_EDGE('',*,*,#439,.F.);
#3319 = B_SPLINE_SURFACE_WITH_KNOTS('',3,1,(
    (#3320,#3321)
    ,(#3322,#3323)
    ,(#3324,#3325)
    ,(#3326,#3327
    )),.UNSPECIFIED.,.F.,.F.,.F.,(4,4),(2,2),(11.,12.),(0.,1.),
  .PIECEWISE_BEZIER_KNOTS.);
#3320 = CARTESIAN_POINT('',(-0.270117992314,5.0505,2.226436151721));
#3321 = CARTESIAN_POINT('',(-0.270117992314,5.0495,2.226436151721));
#3322 = CARTESIAN_POINT('',(-0.237834320962,5.0505,2.22666511904));
#3323 = CARTESIAN_POINT('',(-0.237834320962,5.0495,2.22666511904));
#3324 = CARTESIAN_POINT('',(-0.211787382765,5.0505,2.237611618311));
#3325 = CARTESIAN_POINT('',(-0.211787382765,5.0495,2.237611618311));
#3326 = CARTESIAN_POINT('',(-0.191976071603,5.0505,2.259119689772));
#3327 = CARTESIAN_POINT('',(-0.191976071603,5.0495,2.259119689772));
#3328 = ADVANCED_FACE('',(#3329),#3347,.F.);
#3329 = FACE_BOUND('',#3330,.F.);
#3330 = EDGE_LOOP('',(#3331,#3332,#3341,#3346));
#3331 = ORIENTED_EDGE('',*,*,#3314,.F.);
#3332 = ORIENTED_EDGE('',*,*,#3333,.T.);
#3333 = EDGE_CURVE('',#3306,#3334,#3336,.T.);
#3334 = VERTEX_POINT('',#3335);
#3335 = CARTESIAN_POINT('',(-0.162649012976,5.0505,2.34635761412));
#3336 = B_SPLINE_CURVE_WITH_KNOTS('',3,(#3337,#3338,#3339,#3340),
  .UNSPECIFIED.,.F.,.F.,(4,4),(10.,11.),.PIECEWISE_BEZIER_KNOTS.);
#3337 = CARTESIAN_POINT('',(-0.191976071603,5.0505,2.259119689772));
#3338 = CARTESIAN_POINT('',(-0.172165866563,5.0505,2.280783720997));
#3339 = CARTESIAN_POINT('',(-0.162390180355,5.0505,2.309863029113));
#3340 = CARTESIAN_POINT('',(-0.162649012976,5.0505,2.34635761412));
#3341 = ORIENTED_EDGE('',*,*,#3342,.T.);
#3342 = EDGE_CURVE('',#3334,#422,#3343,.T.);
#3343 = B_SPLINE_CURVE_WITH_KNOTS('',1,(#3344,#3345),.UNSPECIFIED.,.F.,
  .F.,(2,2),(-0.,1.E-03),.PIECEWISE_BEZIER_KNOTS.);
#3344 = CARTESIAN_POINT('',(-0.162649012976,5.0505,2.34635761412));
#3345 = CARTESIAN_POINT('',(-0.162649012976,5.0495,2.34635761412));
#3346 = ORIENTED_EDGE('',*,*,#430,.F.);
#3347 = B_SPLINE_SURFACE_WITH_KNOTS('',3,1,(
    (#3348,#3349)
    ,(#3350,#3351)
    ,(#3352,#3353)
    ,(#3354,#3355
    )),.UNSPECIFIED.,.F.,.F.,.F.,(4,4),(2,2),(10.,11.),(0.,1.),
  .PIECEWISE_BEZIER_KNOTS.);
#3348 = CARTESIAN_POINT('',(-0.191976071603,5.0505,2.259119689772));
#3349 = CARTESIAN_POINT('',(-0.191976071603,5.0495,2.259119689772));
#3350 = CARTESIAN_POINT('',(-0.172165866563,5.0505,2.280783720997));
#3351 = CARTESIAN_POINT('',(-0.172165866563,5.0495,2.280783720997));
#3352 = CARTESIAN_POINT('',(-0.162390180355,5.0505,2.309863029113));
#3353 = CARTESIAN_POINT('',(-0.162390180355,5.0495,2.309863029113));
#3354 = CARTESIAN_POINT('',(-0.162649012976,5.0505,2.34635761412));
#3355 = CARTESIAN_POINT('',(-0.162649012976,5.0495,2.34635761412));
#3356 = ADVANCED_FACE('',(#3357),#3375,.F.);
#3357 = FACE_BOUND('',#3358,.F.);
#3358 = EDGE_LOOP('',(#3359,#3360,#3369,#3374));
#3359 = ORIENTED_EDGE('',*,*,#3342,.F.);
#3360 = ORIENTED_EDGE('',*,*,#3361,.T.);
#3361 = EDGE_CURVE('',#3334,#3362,#3364,.T.);
#3362 = VERTEX_POINT('',#3363);
#3363 = CARTESIAN_POINT('',(-0.195349144601,5.0505,2.437834647799));
#3364 = B_SPLINE_CURVE_WITH_KNOTS('',3,(#3365,#3366,#3367,#3368),
  .UNSPECIFIED.,.F.,.F.,(4,4),(9.,10.),.PIECEWISE_BEZIER_KNOTS.);
#3365 = CARTESIAN_POINT('',(-0.162649012976,5.0505,2.34635761412));
#3366 = CARTESIAN_POINT('',(-0.162921119065,5.0505,2.384723716308));
#3367 = CARTESIAN_POINT('',(-0.173821162939,5.0505,2.415216060866));
#3368 = CARTESIAN_POINT('',(-0.195349144601,5.0505,2.437834647799));
#3369 = ORIENTED_EDGE('',*,*,#3370,.T.);
#3370 = EDGE_CURVE('',#3362,#413,#3371,.T.);
#3371 = B_SPLINE_CURVE_WITH_KNOTS('',1,(#3372,#3373),.UNSPECIFIED.,.F.,
  .F.,(2,2),(-0.,1.E-03),.PIECEWISE_BEZIER_KNOTS.);
#3372 = CARTESIAN_POINT('',(-0.195349144601,5.0505,2.437834647799));
#3373 = CARTESIAN_POINT('',(-0.195349144601,5.0495,2.437834647799));
#3374 = ORIENTED_EDGE('',*,*,#421,.F.);
#3375 = B_SPLINE_SURFACE_WITH_KNOTS('',3,1,(
    (#3376,#3377)
    ,(#3378,#3379)
    ,(#3380,#3381)
    ,(#3382,#3383
    )),.UNSPECIFIED.,.F.,.F.,.F.,(4,4),(2,2),(9.,10.),(0.,1.),
  .PIECEWISE_BEZIER_KNOTS.);
#3376 = CARTESIAN_POINT('',(-0.162649012976,5.0505,2.34635761412));
#3377 = CARTESIAN_POINT('',(-0.162649012976,5.0495,2.34635761412));
#3378 = CARTESIAN_POINT('',(-0.162921119065,5.0505,2.384723716308));
#3379 = CARTESIAN_POINT('',(-0.162921119065,5.0495,2.384723716308));
#3380 = CARTESIAN_POINT('',(-0.173821162939,5.0505,2.415216060866));
#3381 = CARTESIAN_POINT('',(-0.173821162939,5.0495,2.415216060866));
#3382 = CARTESIAN_POINT('',(-0.195349144601,5.0505,2.437834647799));
#3383 = CARTESIAN_POINT('',(-0.195349144601,5.0495,2.437834647799));
#3384 = ADVANCED_FACE('',(#3385),#3403,.F.);
#3385 = FACE_BOUND('',#3386,.F.);
#3386 = EDGE_LOOP('',(#3387,#3388,#3397,#3402));
#3387 = ORIENTED_EDGE('',*,*,#3370,.F.);
#3388 = ORIENTED_EDGE('',*,*,#3389,.T.);
#3389 = EDGE_CURVE('',#3362,#3390,#3392,.T.);
#3390 = VERTEX_POINT('',#3391);
#3391 = CARTESIAN_POINT('',(-0.278715727882,5.0505,2.471088353608));
#3392 = B_SPLINE_CURVE_WITH_KNOTS('',3,(#3393,#3394,#3395,#3396),
  .UNSPECIFIED.,.F.,.F.,(4,4),(8.,9.),.PIECEWISE_BEZIER_KNOTS.);
#3393 = CARTESIAN_POINT('',(-0.195349144601,5.0505,2.437834647799));
#3394 = CARTESIAN_POINT('',(-0.216954000022,5.0505,2.460296721903));
#3395 = CARTESIAN_POINT('',(-0.244716499115,5.0505,2.471329488272));
#3396 = CARTESIAN_POINT('',(-0.278715727882,5.0505,2.471088353608));
#3397 = ORIENTED_EDGE('',*,*,#3398,.T.);
#3398 = EDGE_CURVE('',#3390,#404,#3399,.T.);
#3399 = B_SPLINE_CURVE_WITH_KNOTS('',1,(#3400,#3401),.UNSPECIFIED.,.F.,
  .F.,(2,2),(-0.,1.E-03),.PIECEWISE_BEZIER_KNOTS.);
#3400 = CARTESIAN_POINT('',(-0.278715727882,5.0505,2.471088353608));
#3401 = CARTESIAN_POINT('',(-0.278715727882,5.0495,2.471088353608));
#3402 = ORIENTED_EDGE('',*,*,#412,.F.);
#3403 = B_SPLINE_SURFACE_WITH_KNOTS('',3,1,(
    (#3404,#3405)
    ,(#3406,#3407)
    ,(#3408,#3409)
    ,(#3410,#3411
    )),.UNSPECIFIED.,.F.,.F.,.F.,(4,4),(2,2),(8.,9.),(0.,1.),
  .PIECEWISE_BEZIER_KNOTS.);
#3404 = CARTESIAN_POINT('',(-0.195349144601,5.0505,2.437834647799));
#3405 = CARTESIAN_POINT('',(-0.195349144601,5.0495,2.437834647799));
#3406 = CARTESIAN_POINT('',(-0.216954000022,5.0505,2.460296721903));
#3407 = CARTESIAN_POINT('',(-0.216954000022,5.0495,2.460296721903));
#3408 = CARTESIAN_POINT('',(-0.244716499115,5.0505,2.471329488272));
#3409 = CARTESIAN_POINT('',(-0.244716499115,5.0495,2.471329488272));
#3410 = CARTESIAN_POINT('',(-0.278715727882,5.0505,2.471088353608));
#3411 = CARTESIAN_POINT('',(-0.278715727882,5.0495,2.471088353608));
#3412 = ADVANCED_FACE('',(#3413),#3431,.F.);
#3413 = FACE_BOUND('',#3414,.F.);
#3414 = EDGE_LOOP('',(#3415,#3416,#3425,#3430));
#3415 = ORIENTED_EDGE('',*,*,#3398,.F.);
#3416 = ORIENTED_EDGE('',*,*,#3417,.T.);
#3417 = EDGE_CURVE('',#3390,#3418,#3420,.T.);
#3418 = VERTEX_POINT('',#3419);
#3419 = CARTESIAN_POINT('',(-0.350484869355,5.0505,2.452487098485));
#3420 = B_SPLINE_CURVE_WITH_KNOTS('',3,(#3421,#3422,#3423,#3424),
  .UNSPECIFIED.,.F.,.F.,(4,4),(7.,8.),.PIECEWISE_BEZIER_KNOTS.);
#3421 = CARTESIAN_POINT('',(-0.278715727882,5.0505,2.471088353608));
#3422 = CARTESIAN_POINT('',(-0.304838988518,5.0505,2.470903078121));
#3423 = CARTESIAN_POINT('',(-0.328736779796,5.0505,2.464806817276));
#3424 = CARTESIAN_POINT('',(-0.350484869355,5.0505,2.452487098485));
#3425 = ORIENTED_EDGE('',*,*,#3426,.T.);
#3426 = EDGE_CURVE('',#3418,#397,#3427,.T.);
#3427 = B_SPLINE_CURVE_WITH_KNOTS('',1,(#3428,#3429),.UNSPECIFIED.,.F.,
  .F.,(2,2),(-0.,1.E-03),.PIECEWISE_BEZIER_KNOTS.);
#3428 = CARTESIAN_POINT('',(-0.350484869355,5.0505,2.452487098485));
#3429 = CARTESIAN_POINT('',(-0.350484869355,5.0495,2.452487098485));
#3430 = ORIENTED_EDGE('',*,*,#403,.F.);
#3431 = B_SPLINE_SURFACE_WITH_KNOTS('',3,1,(
    (#3432,#3433)
    ,(#3434,#3435)
    ,(#3436,#3437)
    ,(#3438,#3439
    )),.UNSPECIFIED.,.F.,.F.,.F.,(4,4),(2,2),(7.,8.),(0.,1.),
  .PIECEWISE_BEZIER_KNOTS.);
#3432 = CARTESIAN_POINT('',(-0.278715727882,5.0505,2.471088353608));
#3433 = CARTESIAN_POINT('',(-0.278715727882,5.0495,2.471088353608));
#3434 = CARTESIAN_POINT('',(-0.304838988518,5.0505,2.470903078121));
#3435 = CARTESIAN_POINT('',(-0.304838988518,5.0495,2.470903078121));
#3436 = CARTESIAN_POINT('',(-0.328736779796,5.0505,2.464806817276));
#3437 = CARTESIAN_POINT('',(-0.328736779796,5.0495,2.464806817276));
#3438 = CARTESIAN_POINT('',(-0.350484869355,5.0505,2.452487098485));
#3439 = CARTESIAN_POINT('',(-0.350484869355,5.0495,2.452487098485));
#3440 = ADVANCED_FACE('',(#3441),#3457,.F.);
#3441 = FACE_BOUND('',#3442,.T.);
#3442 = EDGE_LOOP('',(#3443,#3444,#3451,#3456));
#3443 = ORIENTED_EDGE('',*,*,#396,.T.);
#3444 = ORIENTED_EDGE('',*,*,#3445,.F.);
#3445 = EDGE_CURVE('',#3446,#388,#3448,.T.);
#3446 = VERTEX_POINT('',#3447);
#3447 = CARTESIAN_POINT('',(-0.350776885645,5.0505,2.493660476441));
#3448 = B_SPLINE_CURVE_WITH_KNOTS('',1,(#3449,#3450),.UNSPECIFIED.,.F.,
  .F.,(2,2),(-0.,1.E-03),.PIECEWISE_BEZIER_KNOTS.);
#3449 = CARTESIAN_POINT('',(-0.350776885645,5.0505,2.493660476441));
#3450 = CARTESIAN_POINT('',(-0.350776885645,5.0495,2.493660476441));
#3451 = ORIENTED_EDGE('',*,*,#3452,.F.);
#3452 = EDGE_CURVE('',#3418,#3446,#3453,.T.);
#3453 = B_SPLINE_CURVE_WITH_KNOTS('',1,(#3454,#3455),.UNSPECIFIED.,.F.,
  .F.,(2,2),(-4.117441348498E-02,0.),.PIECEWISE_BEZIER_KNOTS.);
#3454 = CARTESIAN_POINT('',(-0.350484869355,5.0505,2.452487098485));
#3455 = CARTESIAN_POINT('',(-0.350776885645,5.0505,2.493660476441));
#3456 = ORIENTED_EDGE('',*,*,#3426,.T.);
#3457 = B_SPLINE_SURFACE_WITH_KNOTS('',1,1,(
    (#3458,#3459)
    ,(#3460,#3461
    )),.UNSPECIFIED.,.F.,.F.,.F.,(2,2),(2,2),(0.,4.117441348498E-02),(
    -1.E-03,0.),.PIECEWISE_BEZIER_KNOTS.);
#3458 = CARTESIAN_POINT('',(-0.350776885645,5.0495,2.493660476441));
#3459 = CARTESIAN_POINT('',(-0.350776885645,5.0505,2.493660476441));
#3460 = CARTESIAN_POINT('',(-0.350484869355,5.0495,2.452487098485));
#3461 = CARTESIAN_POINT('',(-0.350484869355,5.0505,2.452487098485));
#3462 = ADVANCED_FACE('',(#3463),#3481,.F.);
#3463 = FACE_BOUND('',#3464,.F.);
#3464 = EDGE_LOOP('',(#3465,#3466,#3475,#3480));
#3465 = ORIENTED_EDGE('',*,*,#3445,.F.);
#3466 = ORIENTED_EDGE('',*,*,#3467,.T.);
#3467 = EDGE_CURVE('',#3446,#3468,#3470,.T.);
#3468 = VERTEX_POINT('',#3469);
#3469 = CARTESIAN_POINT('',(-0.278578024357,5.0505,2.506649945332));
#3470 = B_SPLINE_CURVE_WITH_KNOTS('',3,(#3471,#3472,#3473,#3474),
  .UNSPECIFIED.,.F.,.F.,(4,4),(5.,6.),.PIECEWISE_BEZIER_KNOTS.);
#3471 = CARTESIAN_POINT('',(-0.350776885645,5.0505,2.493660476441));
#3472 = CARTESIAN_POINT('',(-0.331808418799,5.0505,2.502061290909));
#3473 = CARTESIAN_POINT('',(-0.30774250041,5.0505,2.50644310046));
#3474 = CARTESIAN_POINT('',(-0.278578024357,5.0505,2.506649945332));
#3475 = ORIENTED_EDGE('',*,*,#3476,.T.);
#3476 = EDGE_CURVE('',#3468,#379,#3477,.T.);
#3477 = B_SPLINE_CURVE_WITH_KNOTS('',1,(#3478,#3479),.UNSPECIFIED.,.F.,
  .F.,(2,2),(-0.,1.E-03),.PIECEWISE_BEZIER_KNOTS.);
#3478 = CARTESIAN_POINT('',(-0.278578024357,5.0505,2.506649945332));
#3479 = CARTESIAN_POINT('',(-0.278578024357,5.0495,2.506649945332));
#3480 = ORIENTED_EDGE('',*,*,#387,.F.);
#3481 = B_SPLINE_SURFACE_WITH_KNOTS('',3,1,(
    (#3482,#3483)
    ,(#3484,#3485)
    ,(#3486,#3487)
    ,(#3488,#3489
    )),.UNSPECIFIED.,.F.,.F.,.F.,(4,4),(2,2),(5.,6.),(0.,1.),
  .PIECEWISE_BEZIER_KNOTS.);
#3482 = CARTESIAN_POINT('',(-0.350776885645,5.0505,2.493660476441));
#3483 = CARTESIAN_POINT('',(-0.350776885645,5.0495,2.493660476441));
#3484 = CARTESIAN_POINT('',(-0.331808418799,5.0505,2.502061290909));
#3485 = CARTESIAN_POINT('',(-0.331808418799,5.0495,2.502061290909));
#3486 = CARTESIAN_POINT('',(-0.30774250041,5.0505,2.50644310046));
#3487 = CARTESIAN_POINT('',(-0.30774250041,5.0495,2.50644310046));
#3488 = CARTESIAN_POINT('',(-0.278578024357,5.0505,2.506649945332));
#3489 = CARTESIAN_POINT('',(-0.278578024357,5.0495,2.506649945332));
#3490 = ADVANCED_FACE('',(#3491),#3509,.F.);
#3491 = FACE_BOUND('',#3492,.F.);
#3492 = EDGE_LOOP('',(#3493,#3494,#3503,#3508));
#3493 = ORIENTED_EDGE('',*,*,#3476,.F.);
#3494 = ORIENTED_EDGE('',*,*,#3495,.T.);
#3495 = EDGE_CURVE('',#3468,#3496,#3498,.T.);
#3496 = VERTEX_POINT('',#3497);
#3497 = CARTESIAN_POINT('',(-0.166202369985,5.0505,2.462528281896));
#3498 = B_SPLINE_CURVE_WITH_KNOTS('',3,(#3499,#3500,#3501,#3502),
  .UNSPECIFIED.,.F.,.F.,(4,4),(4.,5.),.PIECEWISE_BEZIER_KNOTS.);
#3499 = CARTESIAN_POINT('',(-0.278578024357,5.0505,2.506649945332));
#3500 = CARTESIAN_POINT('',(-0.233271712628,5.0505,2.506971273864));
#3501 = CARTESIAN_POINT('',(-0.195813161171,5.0505,2.492264052719));
#3502 = CARTESIAN_POINT('',(-0.166202369985,5.0505,2.462528281896));
#3503 = ORIENTED_EDGE('',*,*,#3504,.T.);
#3504 = EDGE_CURVE('',#3496,#370,#3505,.T.);
#3505 = B_SPLINE_CURVE_WITH_KNOTS('',1,(#3506,#3507),.UNSPECIFIED.,.F.,
  .F.,(2,2),(-0.,1.E-03),.PIECEWISE_BEZIER_KNOTS.);
#3506 = CARTESIAN_POINT('',(-0.166202369985,5.0505,2.462528281896));
#3507 = CARTESIAN_POINT('',(-0.166202369985,5.0495,2.462528281896));
#3508 = ORIENTED_EDGE('',*,*,#378,.F.);
#3509 = B_SPLINE_SURFACE_WITH_KNOTS('',3,1,(
    (#3510,#3511)
    ,(#3512,#3513)
    ,(#3514,#3515)
    ,(#3516,#3517
    )),.UNSPECIFIED.,.F.,.F.,.F.,(4,4),(2,2),(4.,5.),(0.,1.),
  .PIECEWISE_BEZIER_KNOTS.);
#3510 = CARTESIAN_POINT('',(-0.278578024357,5.0505,2.506649945332));
#3511 = CARTESIAN_POINT('',(-0.278578024357,5.0495,2.506649945332));
#3512 = CARTESIAN_POINT('',(-0.233271712628,5.0505,2.506971273864));
#3513 = CARTESIAN_POINT('',(-0.233271712628,5.0495,2.506971273864));
#3514 = CARTESIAN_POINT('',(-0.195813161171,5.0505,2.492264052719));
#3515 = CARTESIAN_POINT('',(-0.195813161171,5.0495,2.492264052719));
#3516 = CARTESIAN_POINT('',(-0.166202369985,5.0505,2.462528281896));
#3517 = CARTESIAN_POINT('',(-0.166202369985,5.0495,2.462528281896));
#3518 = ADVANCED_FACE('',(#3519),#3537,.F.);
#3519 = FACE_BOUND('',#3520,.F.);
#3520 = EDGE_LOOP('',(#3521,#3522,#3531,#3536));
#3521 = ORIENTED_EDGE('',*,*,#3504,.F.);
#3522 = ORIENTED_EDGE('',*,*,#3523,.T.);
#3523 = EDGE_CURVE('',#3496,#3524,#3526,.T.);
#3524 = VERTEX_POINT('',#3525);
#3525 = CARTESIAN_POINT('',(-0.121303083419,5.0505,2.344311340057));
#3526 = B_SPLINE_CURVE_WITH_KNOTS('',3,(#3527,#3528,#3529,#3530),
  .UNSPECIFIED.,.F.,.F.,(4,4),(3.,4.),.PIECEWISE_BEZIER_KNOTS.);
#3527 = CARTESIAN_POINT('',(-0.166202369985,5.0505,2.462528281896));
#3528 = CARTESIAN_POINT('',(-0.136591578801,5.0505,2.432792511075));
#3529 = CARTESIAN_POINT('',(-0.121651511947,5.0505,2.393438666029));
#3530 = CARTESIAN_POINT('',(-0.121303083419,5.0505,2.344311340057));
#3531 = ORIENTED_EDGE('',*,*,#3532,.T.);
#3532 = EDGE_CURVE('',#3524,#361,#3533,.T.);
#3533 = B_SPLINE_CURVE_WITH_KNOTS('',1,(#3534,#3535),.UNSPECIFIED.,.F.,
  .F.,(2,2),(-0.,1.E-03),.PIECEWISE_BEZIER_KNOTS.);
#3534 = CARTESIAN_POINT('',(-0.121303083419,5.0505,2.344311340057));
#3535 = CARTESIAN_POINT('',(-0.121303083419,5.0495,2.344311340057));
#3536 = ORIENTED_EDGE('',*,*,#369,.F.);
#3537 = B_SPLINE_SURFACE_WITH_KNOTS('',3,1,(
    (#3538,#3539)
    ,(#3540,#3541)
    ,(#3542,#3543)
    ,(#3544,#3545
    )),.UNSPECIFIED.,.F.,.F.,.F.,(4,4),(2,2),(3.,4.),(0.,1.),
  .PIECEWISE_BEZIER_KNOTS.);
#3538 = CARTESIAN_POINT('',(-0.166202369985,5.0505,2.462528281896));
#3539 = CARTESIAN_POINT('',(-0.166202369985,5.0495,2.462528281896));
#3540 = CARTESIAN_POINT('',(-0.136591578801,5.0505,2.432792511075));
#3541 = CARTESIAN_POINT('',(-0.136591578801,5.0495,2.432792511075));
#3542 = CARTESIAN_POINT('',(-0.121651511947,5.0505,2.393438666029));
#3543 = CARTESIAN_POINT('',(-0.121651511947,5.0495,2.393438666029));
#3544 = CARTESIAN_POINT('',(-0.121303083419,5.0505,2.344311340057));
#3545 = CARTESIAN_POINT('',(-0.121303083419,5.0495,2.344311340057));
#3546 = ADVANCED_FACE('',(#3547),#3565,.F.);
#3547 = FACE_BOUND('',#3548,.F.);
#3548 = EDGE_LOOP('',(#3549,#3550,#3559,#3564));
#3549 = ORIENTED_EDGE('',*,*,#3532,.F.);
#3550 = ORIENTED_EDGE('',*,*,#3551,.T.);
#3551 = EDGE_CURVE('',#3524,#3552,#3554,.T.);
#3552 = VERTEX_POINT('',#3553);
#3553 = CARTESIAN_POINT('',(-0.159666955956,5.0505,2.23377014951));
#3554 = B_SPLINE_CURVE_WITH_KNOTS('',3,(#3555,#3556,#3557,#3558),
  .UNSPECIFIED.,.F.,.F.,(4,4),(2.,3.),.PIECEWISE_BEZIER_KNOTS.);
#3555 = CARTESIAN_POINT('',(-0.121303083419,5.0505,2.344311340057));
#3556 = CARTESIAN_POINT('',(-0.120978989581,5.0505,2.298615128915));
#3557 = CARTESIAN_POINT('',(-0.133740585092,5.0505,2.261716263165));
#3558 = CARTESIAN_POINT('',(-0.159666955956,5.0505,2.23377014951));
#3559 = ORIENTED_EDGE('',*,*,#3560,.T.);
#3560 = EDGE_CURVE('',#3552,#352,#3561,.T.);
#3561 = B_SPLINE_CURVE_WITH_KNOTS('',1,(#3562,#3563),.UNSPECIFIED.,.F.,
  .F.,(2,2),(-0.,1.E-03),.PIECEWISE_BEZIER_KNOTS.);
#3562 = CARTESIAN_POINT('',(-0.159666955956,5.0505,2.23377014951));
#3563 = CARTESIAN_POINT('',(-0.159666955956,5.0495,2.23377014951));
#3564 = ORIENTED_EDGE('',*,*,#360,.F.);
#3565 = B_SPLINE_SURFACE_WITH_KNOTS('',3,1,(
    (#3566,#3567)
    ,(#3568,#3569)
    ,(#3570,#3571)
    ,(#3572,#3573
    )),.UNSPECIFIED.,.F.,.F.,.F.,(4,4),(2,2),(2.,3.),(0.,1.),
  .PIECEWISE_BEZIER_KNOTS.);
#3566 = CARTESIAN_POINT('',(-0.121303083419,5.0505,2.344311340057));
#3567 = CARTESIAN_POINT('',(-0.121303083419,5.0495,2.344311340057));
#3568 = CARTESIAN_POINT('',(-0.120978989581,5.0505,2.298615128915));
#3569 = CARTESIAN_POINT('',(-0.120978989581,5.0495,2.298615128915));
#3570 = CARTESIAN_POINT('',(-0.133740585092,5.0505,2.261716263165));
#3571 = CARTESIAN_POINT('',(-0.133740585092,5.0495,2.261716263165));
#3572 = CARTESIAN_POINT('',(-0.159666955956,5.0505,2.23377014951));
#3573 = CARTESIAN_POINT('',(-0.159666955956,5.0495,2.23377014951));
#3574 = ADVANCED_FACE('',(#3575),#3587,.F.);
#3575 = FACE_BOUND('',#3576,.F.);
#3576 = EDGE_LOOP('',(#3577,#3578,#3585,#3586));
#3577 = ORIENTED_EDGE('',*,*,#3560,.F.);
#3578 = ORIENTED_EDGE('',*,*,#3579,.T.);
#3579 = EDGE_CURVE('',#3552,#3221,#3580,.T.);
#3580 = B_SPLINE_CURVE_WITH_KNOTS('',3,(#3581,#3582,#3583,#3584),
  .UNSPECIFIED.,.F.,.F.,(4,4),(1.,2.),.PIECEWISE_BEZIER_KNOTS.);
#3581 = CARTESIAN_POINT('',(-0.159666955956,5.0505,2.23377014951));
#3582 = CARTESIAN_POINT('',(-0.185593326821,5.0505,2.205824035855));
#3583 = CARTESIAN_POINT('',(-0.220429869292,5.0505,2.191695845372));
#3584 = CARTESIAN_POINT('',(-0.264176583372,5.0505,2.191385578063));
#3585 = ORIENTED_EDGE('',*,*,#3220,.T.);
#3586 = ORIENTED_EDGE('',*,*,#351,.F.);
#3587 = B_SPLINE_SURFACE_WITH_KNOTS('',3,1,(
    (#3588,#3589)
    ,(#3590,#3591)
    ,(#3592,#3593)
    ,(#3594,#3595
    )),.UNSPECIFIED.,.F.,.F.,.F.,(4,4),(2,2),(1.,2.),(0.,1.),
  .PIECEWISE_BEZIER_KNOTS.);
#3588 = CARTESIAN_POINT('',(-0.159666955956,5.0505,2.23377014951));
#3589 = CARTESIAN_POINT('',(-0.159666955956,5.0495,2.23377014951));
#3590 = CARTESIAN_POINT('',(-0.185593326821,5.0505,2.205824035855));
#3591 = CARTESIAN_POINT('',(-0.185593326821,5.0495,2.205824035855));
#3592 = CARTESIAN_POINT('',(-0.220429869292,5.0505,2.191695845372));
#3593 = CARTESIAN_POINT('',(-0.220429869292,5.0495,2.191695845372));
#3594 = CARTESIAN_POINT('',(-0.264176583372,5.0505,2.191385578063));
#3595 = CARTESIAN_POINT('',(-0.264176583372,5.0495,2.191385578063));
#3596 = ADVANCED_FACE('',(#3597),#3613,.T.);
#3597 = FACE_BOUND('',#3598,.T.);
#3598 = EDGE_LOOP('',(#3599,#3600,#3601,#3602,#3603,#3604,#3605,#3606,
    #3607,#3608,#3609,#3610,#3611,#3612));
#3599 = ORIENTED_EDGE('',*,*,#3227,.T.);
#3600 = ORIENTED_EDGE('',*,*,#3262,.T.);
#3601 = ORIENTED_EDGE('',*,*,#3277,.T.);
#3602 = ORIENTED_EDGE('',*,*,#3305,.T.);
#3603 = ORIENTED_EDGE('',*,*,#3333,.T.);
#3604 = ORIENTED_EDGE('',*,*,#3361,.T.);
#3605 = ORIENTED_EDGE('',*,*,#3389,.T.);
#3606 = ORIENTED_EDGE('',*,*,#3417,.T.);
#3607 = ORIENTED_EDGE('',*,*,#3452,.T.);
#3608 = ORIENTED_EDGE('',*,*,#3467,.T.);
#3609 = ORIENTED_EDGE('',*,*,#3495,.T.);
#3610 = ORIENTED_EDGE('',*,*,#3523,.T.);
#3611 = ORIENTED_EDGE('',*,*,#3551,.T.);
#3612 = ORIENTED_EDGE('',*,*,#3579,.T.);
#3613 = B_SPLINE_SURFACE_WITH_KNOTS('',1,1,(
    (#3614,#3615)
    ,(#3616,#3617
    )),.UNSPECIFIED.,.F.,.F.,.F.,(2,2),(2,2),(-4.355119129483E-03,
    0.311470605213),(-4.007327284967E-02,0.189724623215),
  .PIECEWISE_BEZIER_KNOTS.);
#3614 = CARTESIAN_POINT('',(-0.350776885645,5.0505,2.191145549521));
#3615 = CARTESIAN_POINT('',(-0.120978989581,5.0505,2.191145549521));
#3616 = CARTESIAN_POINT('',(-0.350776885645,5.0505,2.506971273864));
#3617 = CARTESIAN_POINT('',(-0.120978989581,5.0505,2.506971273864));
#3618 = ADVANCED_FACE('',(#3619),#3641,.F.);
#3619 = FACE_BOUND('',#3620,.T.);
#3620 = EDGE_LOOP('',(#3621,#3622,#3629,#3636));
#3621 = ORIENTED_EDGE('',*,*,#538,.T.);
#3622 = ORIENTED_EDGE('',*,*,#3623,.F.);
#3623 = EDGE_CURVE('',#3624,#541,#3626,.T.);
#3624 = VERTEX_POINT('',#3625);
#3625 = CARTESIAN_POINT('',(-0.574039884188,5.0505,2.22911562511));
#3626 = B_SPLINE_CURVE_WITH_KNOTS('',1,(#3627,#3628),.UNSPECIFIED.,.F.,
  .F.,(2,2),(-0.,1.E-03),.PIECEWISE_BEZIER_KNOTS.);
#3627 = CARTESIAN_POINT('',(-0.574039884188,5.0505,2.22911562511));
#3628 = CARTESIAN_POINT('',(-0.574039884188,5.0495,2.22911562511));
#3629 = ORIENTED_EDGE('',*,*,#3630,.F.);
#3630 = EDGE_CURVE('',#3631,#3624,#3633,.T.);
#3631 = VERTEX_POINT('',#3632);
#3632 = CARTESIAN_POINT('',(-0.573793218913,5.0505,2.194336597518));
#3633 = B_SPLINE_CURVE_WITH_KNOTS('',1,(#3634,#3635),.UNSPECIFIED.,.F.,
  .F.,(2,2),(-3.477990230068E-02,0.),.PIECEWISE_BEZIER_KNOTS.);
#3634 = CARTESIAN_POINT('',(-0.573793218913,5.0505,2.194336597518));
#3635 = CARTESIAN_POINT('',(-0.574039884188,5.0505,2.22911562511));
#3636 = ORIENTED_EDGE('',*,*,#3637,.T.);
#3637 = EDGE_CURVE('',#3631,#539,#3638,.T.);
#3638 = B_SPLINE_CURVE_WITH_KNOTS('',1,(#3639,#3640),.UNSPECIFIED.,.F.,
  .F.,(2,2),(-0.,1.E-03),.PIECEWISE_BEZIER_KNOTS.);
#3639 = CARTESIAN_POINT('',(-0.573793218913,5.0505,2.194336597518));
#3640 = CARTESIAN_POINT('',(-0.573793218913,5.0495,2.194336597518));
#3641 = B_SPLINE_SURFACE_WITH_KNOTS('',1,1,(
    (#3642,#3643)
    ,(#3644,#3645
    )),.UNSPECIFIED.,.F.,.F.,.F.,(2,2),(2,2),(-1.574779975302E-18,
    3.477990230068E-02),(-1.E-03,0.),.PIECEWISE_BEZIER_KNOTS.);
#3642 = CARTESIAN_POINT('',(-0.574039884188,5.0495,2.22911562511));
#3643 = CARTESIAN_POINT('',(-0.574039884188,5.0505,2.22911562511));
#3644 = CARTESIAN_POINT('',(-0.573793218913,5.0495,2.194336597518));
#3645 = CARTESIAN_POINT('',(-0.573793218913,5.0505,2.194336597518));
#3646 = ADVANCED_FACE('',(#3647),#3663,.F.);
#3647 = FACE_BOUND('',#3648,.T.);
#3648 = EDGE_LOOP('',(#3649,#3650,#3657,#3662));
#3649 = ORIENTED_EDGE('',*,*,#617,.T.);
#3650 = ORIENTED_EDGE('',*,*,#3651,.F.);
#3651 = EDGE_CURVE('',#3652,#611,#3654,.T.);
#3652 = VERTEX_POINT('',#3653);
#3653 = CARTESIAN_POINT('',(-0.44935005208,5.0505,2.229999969899));
#3654 = B_SPLINE_CURVE_WITH_KNOTS('',1,(#3655,#3656),.UNSPECIFIED.,.F.,
  .F.,(2,2),(-0.,1.E-03),.PIECEWISE_BEZIER_KNOTS.);
#3655 = CARTESIAN_POINT('',(-0.44935005208,5.0505,2.229999969899));
#3656 = CARTESIAN_POINT('',(-0.44935005208,5.0495,2.229999969899));
#3657 = ORIENTED_EDGE('',*,*,#3658,.F.);
#3658 = EDGE_CURVE('',#3624,#3652,#3659,.T.);
#3659 = B_SPLINE_CURVE_WITH_KNOTS('',1,(#3660,#3661),.UNSPECIFIED.,.F.,
  .F.,(2,2),(-0.124692968114,0.),.PIECEWISE_BEZIER_KNOTS.);
#3660 = CARTESIAN_POINT('',(-0.574039884188,5.0505,2.22911562511));
#3661 = CARTESIAN_POINT('',(-0.44935005208,5.0505,2.229999969899));
#3662 = ORIENTED_EDGE('',*,*,#3623,.T.);
#3663 = B_SPLINE_SURFACE_WITH_KNOTS('',1,1,(
    (#3664,#3665)
    ,(#3666,#3667
    )),.UNSPECIFIED.,.F.,.F.,.F.,(2,2),(2,2),(-9.991755924501E-16,
    0.124692968114),(-1.E-03,0.),.PIECEWISE_BEZIER_KNOTS.);
#3664 = CARTESIAN_POINT('',(-0.44935005208,5.0495,2.229999969899));
#3665 = CARTESIAN_POINT('',(-0.44935005208,5.0505,2.229999969899));
#3666 = CARTESIAN_POINT('',(-0.574039884188,5.0495,2.22911562511));
#3667 = CARTESIAN_POINT('',(-0.574039884188,5.0505,2.22911562511));
#3668 = ADVANCED_FACE('',(#3669),#3685,.F.);
#3669 = FACE_BOUND('',#3670,.T.);
#3670 = EDGE_LOOP('',(#3671,#3672,#3679,#3684));
#3671 = ORIENTED_EDGE('',*,*,#610,.T.);
#3672 = ORIENTED_EDGE('',*,*,#3673,.F.);
#3673 = EDGE_CURVE('',#3674,#604,#3676,.T.);
#3674 = VERTEX_POINT('',#3675);
#3675 = CARTESIAN_POINT('',(-0.450077880561,5.0505,2.332621495262));
#3676 = B_SPLINE_CURVE_WITH_KNOTS('',1,(#3677,#3678),.UNSPECIFIED.,.F.,
  .F.,(2,2),(-0.,1.E-03),.PIECEWISE_BEZIER_KNOTS.);
#3677 = CARTESIAN_POINT('',(-0.450077880561,5.0505,2.332621495262));
#3678 = CARTESIAN_POINT('',(-0.450077880561,5.0495,2.332621495262));
#3679 = ORIENTED_EDGE('',*,*,#3680,.F.);
#3680 = EDGE_CURVE('',#3652,#3674,#3681,.T.);
#3681 = B_SPLINE_CURVE_WITH_KNOTS('',1,(#3682,#3683),.UNSPECIFIED.,.F.,
  .F.,(2,2),(-0.10262410634,0.),.PIECEWISE_BEZIER_KNOTS.);
#3682 = CARTESIAN_POINT('',(-0.44935005208,5.0505,2.229999969899));
#3683 = CARTESIAN_POINT('',(-0.450077880561,5.0505,2.332621495262));
#3684 = ORIENTED_EDGE('',*,*,#3651,.T.);
#3685 = B_SPLINE_SURFACE_WITH_KNOTS('',1,1,(
    (#3686,#3687)
    ,(#3688,#3689
    )),.UNSPECIFIED.,.F.,.F.,.F.,(2,2),(2,2),(0.,0.10262410634),(-1.E-03
    ,0.),.PIECEWISE_BEZIER_KNOTS.);
#3686 = CARTESIAN_POINT('',(-0.450077880561,5.0495,2.332621495262));
#3687 = CARTESIAN_POINT('',(-0.450077880561,5.0505,2.332621495262));
#3688 = CARTESIAN_POINT('',(-0.44935005208,5.0495,2.229999969899));
#3689 = CARTESIAN_POINT('',(-0.44935005208,5.0505,2.229999969899));
#3690 = ADVANCED_FACE('',(#3691),#3707,.F.);
#3691 = FACE_BOUND('',#3692,.T.);
#3692 = EDGE_LOOP('',(#3693,#3694,#3701,#3706));
#3693 = ORIENTED_EDGE('',*,*,#603,.T.);
#3694 = ORIENTED_EDGE('',*,*,#3695,.F.);
#3695 = EDGE_CURVE('',#3696,#597,#3698,.T.);
#3696 = VERTEX_POINT('',#3697);
#3697 = CARTESIAN_POINT('',(-0.559171736171,5.0505,2.331847762704));
#3698 = B_SPLINE_CURVE_WITH_KNOTS('',1,(#3699,#3700),.UNSPECIFIED.,.F.,
  .F.,(2,2),(-0.,1.E-03),.PIECEWISE_BEZIER_KNOTS.);
#3699 = CARTESIAN_POINT('',(-0.559171736171,5.0505,2.331847762704));
#3700 = CARTESIAN_POINT('',(-0.559171736171,5.0495,2.331847762704));
#3701 = ORIENTED_EDGE('',*,*,#3702,.F.);
#3702 = EDGE_CURVE('',#3674,#3696,#3703,.T.);
#3703 = B_SPLINE_CURVE_WITH_KNOTS('',1,(#3704,#3705),.UNSPECIFIED.,.F.,
  .F.,(2,2),(-0.109096599369,-0.),.PIECEWISE_BEZIER_KNOTS.);
#3704 = CARTESIAN_POINT('',(-0.450077880561,5.0505,2.332621495262));
#3705 = CARTESIAN_POINT('',(-0.559171736171,5.0505,2.331847762704));
#3706 = ORIENTED_EDGE('',*,*,#3673,.T.);
#3707 = B_SPLINE_SURFACE_WITH_KNOTS('',1,1,(
    (#3708,#3709)
    ,(#3710,#3711
    )),.UNSPECIFIED.,.F.,.F.,.F.,(2,2),(2,2),(0.,0.109096599369),(
    -1.E-03,0.),.PIECEWISE_BEZIER_KNOTS.);
#3708 = CARTESIAN_POINT('',(-0.559171736171,5.0495,2.331847762704));
#3709 = CARTESIAN_POINT('',(-0.559171736171,5.0505,2.331847762704));
#3710 = CARTESIAN_POINT('',(-0.450077880561,5.0495,2.332621495262));
#3711 = CARTESIAN_POINT('',(-0.450077880561,5.0505,2.332621495262));
#3712 = ADVANCED_FACE('',(#3713),#3729,.F.);
#3713 = FACE_BOUND('',#3714,.T.);
#3714 = EDGE_LOOP('',(#3715,#3716,#3723,#3728));
#3715 = ORIENTED_EDGE('',*,*,#596,.T.);
#3716 = ORIENTED_EDGE('',*,*,#3717,.F.);
#3717 = EDGE_CURVE('',#3718,#590,#3720,.T.);
#3718 = VERTEX_POINT('',#3719);
#3719 = CARTESIAN_POINT('',(-0.559419507569,5.0505,2.366782750062));
#3720 = B_SPLINE_CURVE_WITH_KNOTS('',1,(#3721,#3722),.UNSPECIFIED.,.F.,
  .F.,(2,2),(-0.,1.E-03),.PIECEWISE_BEZIER_KNOTS.);
#3721 = CARTESIAN_POINT('',(-0.559419507569,5.0505,2.366782750062));
#3722 = CARTESIAN_POINT('',(-0.559419507569,5.0495,2.366782750062));
#3723 = ORIENTED_EDGE('',*,*,#3724,.F.);
#3724 = EDGE_CURVE('',#3696,#3718,#3725,.T.);
#3725 = B_SPLINE_CURVE_WITH_KNOTS('',1,(#3726,#3727),.UNSPECIFIED.,.F.,
  .F.,(2,2),(-3.493586598795E-02,0.),.PIECEWISE_BEZIER_KNOTS.);
#3726 = CARTESIAN_POINT('',(-0.559171736171,5.0505,2.331847762704));
#3727 = CARTESIAN_POINT('',(-0.559419507569,5.0505,2.366782750062));
#3728 = ORIENTED_EDGE('',*,*,#3695,.T.);
#3729 = B_SPLINE_SURFACE_WITH_KNOTS('',1,1,(
    (#3730,#3731)
    ,(#3732,#3733
    )),.UNSPECIFIED.,.F.,.F.,.F.,(2,2),(2,2),(0.,3.493586598795E-02),(
    -1.E-03,0.),.PIECEWISE_BEZIER_KNOTS.);
#3730 = CARTESIAN_POINT('',(-0.559419507569,5.0495,2.366782750062));
#3731 = CARTESIAN_POINT('',(-0.559419507569,5.0505,2.366782750062));
#3732 = CARTESIAN_POINT('',(-0.559171736171,5.0495,2.331847762704));
#3733 = CARTESIAN_POINT('',(-0.559171736171,5.0505,2.331847762704));
#3734 = ADVANCED_FACE('',(#3735),#3751,.F.);
#3735 = FACE_BOUND('',#3736,.T.);
#3736 = EDGE_LOOP('',(#3737,#3738,#3745,#3750));
#3737 = ORIENTED_EDGE('',*,*,#589,.T.);
#3738 = ORIENTED_EDGE('',*,*,#3739,.F.);
#3739 = EDGE_CURVE('',#3740,#583,#3742,.T.);
#3740 = VERTEX_POINT('',#3741);
#3741 = CARTESIAN_POINT('',(-0.450325651959,5.0505,2.367556482619));
#3742 = B_SPLINE_CURVE_WITH_KNOTS('',1,(#3743,#3744),.UNSPECIFIED.,.F.,
  .F.,(2,2),(-0.,1.E-03),.PIECEWISE_BEZIER_KNOTS.);
#3743 = CARTESIAN_POINT('',(-0.450325651959,5.0505,2.367556482619));
#3744 = CARTESIAN_POINT('',(-0.450325651959,5.0495,2.367556482619));
#3745 = ORIENTED_EDGE('',*,*,#3746,.F.);
#3746 = EDGE_CURVE('',#3718,#3740,#3747,.T.);
#3747 = B_SPLINE_CURVE_WITH_KNOTS('',1,(#3748,#3749),.UNSPECIFIED.,.F.,
  .F.,(2,2),(-0.109096599369,0.),.PIECEWISE_BEZIER_KNOTS.);
#3748 = CARTESIAN_POINT('',(-0.559419507569,5.0505,2.366782750062));
#3749 = CARTESIAN_POINT('',(-0.450325651959,5.0505,2.367556482619));
#3750 = ORIENTED_EDGE('',*,*,#3717,.T.);
#3751 = B_SPLINE_SURFACE_WITH_KNOTS('',1,1,(
    (#3752,#3753)
    ,(#3754,#3755
    )),.UNSPECIFIED.,.F.,.F.,.F.,(2,2),(2,2),(-1.165704857858E-15,
    0.109096599369),(-1.E-03,0.),.PIECEWISE_BEZIER_KNOTS.);
#3752 = CARTESIAN_POINT('',(-0.450325651959,5.0495,2.367556482619));
#3753 = CARTESIAN_POINT('',(-0.450325651959,5.0505,2.367556482619));
#3754 = CARTESIAN_POINT('',(-0.559419507569,5.0495,2.366782750062));
#3755 = CARTESIAN_POINT('',(-0.559419507569,5.0505,2.366782750062));
#3756 = ADVANCED_FACE('',(#3757),#3773,.F.);
#3757 = FACE_BOUND('',#3758,.T.);
#3758 = EDGE_LOOP('',(#3759,#3760,#3767,#3772));
#3759 = ORIENTED_EDGE('',*,*,#582,.T.);
#3760 = ORIENTED_EDGE('',*,*,#3761,.F.);
#3761 = EDGE_CURVE('',#3762,#576,#3764,.T.);
#3762 = VERTEX_POINT('',#3763);
#3763 = CARTESIAN_POINT('',(-0.451018084527,5.0505,2.465187295504));
#3764 = B_SPLINE_CURVE_WITH_KNOTS('',1,(#3765,#3766),.UNSPECIFIED.,.F.,
  .F.,(2,2),(-0.,1.E-03),.PIECEWISE_BEZIER_KNOTS.);
#3765 = CARTESIAN_POINT('',(-0.451018084527,5.0505,2.465187295504));
#3766 = CARTESIAN_POINT('',(-0.451018084527,5.0495,2.465187295504));
#3767 = ORIENTED_EDGE('',*,*,#3768,.F.);
#3768 = EDGE_CURVE('',#3740,#3762,#3769,.T.);
#3769 = B_SPLINE_CURVE_WITH_KNOTS('',1,(#3770,#3771),.UNSPECIFIED.,.F.,
  .F.,(2,2),(-9.763326834319E-02,0.),.PIECEWISE_BEZIER_KNOTS.);
#3770 = CARTESIAN_POINT('',(-0.450325651959,5.0505,2.367556482619));
#3771 = CARTESIAN_POINT('',(-0.451018084527,5.0505,2.465187295504));
#3772 = ORIENTED_EDGE('',*,*,#3739,.T.);
#3773 = B_SPLINE_SURFACE_WITH_KNOTS('',1,1,(
    (#3774,#3775)
    ,(#3776,#3777
    )),.UNSPECIFIED.,.F.,.F.,.F.,(2,2),(2,2),(0.,9.763326834319E-02),(
    -1.E-03,0.),.PIECEWISE_BEZIER_KNOTS.);
#3774 = CARTESIAN_POINT('',(-0.451018084527,5.0495,2.465187295504));
#3775 = CARTESIAN_POINT('',(-0.451018084527,5.0505,2.465187295504));
#3776 = CARTESIAN_POINT('',(-0.450325651959,5.0495,2.367556482619));
#3777 = CARTESIAN_POINT('',(-0.450325651959,5.0505,2.367556482619));
#3778 = ADVANCED_FACE('',(#3779),#3795,.F.);
#3779 = FACE_BOUND('',#3780,.T.);
#3780 = EDGE_LOOP('',(#3781,#3782,#3789,#3794));
#3781 = ORIENTED_EDGE('',*,*,#575,.T.);
#3782 = ORIENTED_EDGE('',*,*,#3783,.F.);
#3783 = EDGE_CURVE('',#3784,#569,#3786,.T.);
#3784 = VERTEX_POINT('',#3785);
#3785 = CARTESIAN_POINT('',(-0.568767707094,5.0505,2.464352173158));
#3786 = B_SPLINE_CURVE_WITH_KNOTS('',1,(#3787,#3788),.UNSPECIFIED.,.F.,
  .F.,(2,2),(-0.,1.E-03),.PIECEWISE_BEZIER_KNOTS.);
#3787 = CARTESIAN_POINT('',(-0.568767707094,5.0505,2.464352173158));
#3788 = CARTESIAN_POINT('',(-0.568767707094,5.0495,2.464352173158));
#3789 = ORIENTED_EDGE('',*,*,#3790,.F.);
#3790 = EDGE_CURVE('',#3762,#3784,#3791,.T.);
#3791 = B_SPLINE_CURVE_WITH_KNOTS('',1,(#3792,#3793),.UNSPECIFIED.,.F.,
  .F.,(2,2),(-0.117752584023,-0.),.PIECEWISE_BEZIER_KNOTS.);
#3792 = CARTESIAN_POINT('',(-0.451018084527,5.0505,2.465187295504));
#3793 = CARTESIAN_POINT('',(-0.568767707094,5.0505,2.464352173158));
#3794 = ORIENTED_EDGE('',*,*,#3761,.T.);
#3795 = B_SPLINE_SURFACE_WITH_KNOTS('',1,1,(
    (#3796,#3797)
    ,(#3798,#3799
    )),.UNSPECIFIED.,.F.,.F.,.F.,(2,2),(2,2),(0.,0.117752584023),(
    -1.E-03,0.),.PIECEWISE_BEZIER_KNOTS.);
#3796 = CARTESIAN_POINT('',(-0.568767707094,5.0495,2.464352173158));
#3797 = CARTESIAN_POINT('',(-0.568767707094,5.0505,2.464352173158));
#3798 = CARTESIAN_POINT('',(-0.451018084527,5.0495,2.465187295504));
#3799 = CARTESIAN_POINT('',(-0.451018084527,5.0505,2.465187295504));
#3800 = ADVANCED_FACE('',(#3801),#3817,.F.);
#3801 = FACE_BOUND('',#3802,.T.);
#3802 = EDGE_LOOP('',(#3803,#3804,#3811,#3816));
#3803 = ORIENTED_EDGE('',*,*,#568,.T.);
#3804 = ORIENTED_EDGE('',*,*,#3805,.F.);
#3805 = EDGE_CURVE('',#3806,#562,#3808,.T.);
#3806 = VERTEX_POINT('',#3807);
#3807 = CARTESIAN_POINT('',(-0.569016584614,5.0505,2.49944312028));
#3808 = B_SPLINE_CURVE_WITH_KNOTS('',1,(#3809,#3810),.UNSPECIFIED.,.F.,
  .F.,(2,2),(-0.,1.E-03),.PIECEWISE_BEZIER_KNOTS.);
#3809 = CARTESIAN_POINT('',(-0.569016584614,5.0505,2.49944312028));
#3810 = CARTESIAN_POINT('',(-0.569016584614,5.0495,2.49944312028));
#3811 = ORIENTED_EDGE('',*,*,#3812,.F.);
#3812 = EDGE_CURVE('',#3784,#3806,#3813,.T.);
#3813 = B_SPLINE_CURVE_WITH_KNOTS('',1,(#3814,#3815),.UNSPECIFIED.,.F.,
  .F.,(2,2),(-3.509182967522E-02,0.),.PIECEWISE_BEZIER_KNOTS.);
#3814 = CARTESIAN_POINT('',(-0.568767707094,5.0505,2.464352173158));
#3815 = CARTESIAN_POINT('',(-0.569016584614,5.0505,2.49944312028));
#3816 = ORIENTED_EDGE('',*,*,#3783,.T.);
#3817 = B_SPLINE_SURFACE_WITH_KNOTS('',1,1,(
    (#3818,#3819)
    ,(#3820,#3821
    )),.UNSPECIFIED.,.F.,.F.,.F.,(2,2),(2,2),(0.,3.509182967522E-02),(
    -1.E-03,0.),.PIECEWISE_BEZIER_KNOTS.);
#3818 = CARTESIAN_POINT('',(-0.569016584614,5.0495,2.49944312028));
#3819 = CARTESIAN_POINT('',(-0.569016584614,5.0505,2.49944312028));
#3820 = CARTESIAN_POINT('',(-0.568767707094,5.0495,2.464352173158));
#3821 = CARTESIAN_POINT('',(-0.568767707094,5.0505,2.464352173158));
#3822 = ADVANCED_FACE('',(#3823),#3839,.F.);
#3823 = FACE_BOUND('',#3824,.T.);
#3824 = EDGE_LOOP('',(#3825,#3826,#3833,#3838));
#3825 = ORIENTED_EDGE('',*,*,#561,.T.);
#3826 = ORIENTED_EDGE('',*,*,#3827,.F.);
#3827 = EDGE_CURVE('',#3828,#555,#3830,.T.);
#3828 = VERTEX_POINT('',#3829);
#3829 = CARTESIAN_POINT('',(-0.411887121387,5.0505,2.50055753851));
#3830 = B_SPLINE_CURVE_WITH_KNOTS('',1,(#3831,#3832),.UNSPECIFIED.,.F.,
  .F.,(2,2),(-0.,1.E-03),.PIECEWISE_BEZIER_KNOTS.);
#3831 = CARTESIAN_POINT('',(-0.411887121387,5.0505,2.50055753851));
#3832 = CARTESIAN_POINT('',(-0.411887121387,5.0495,2.50055753851));
#3833 = ORIENTED_EDGE('',*,*,#3834,.F.);
#3834 = EDGE_CURVE('',#3806,#3828,#3835,.T.);
#3835 = B_SPLINE_CURVE_WITH_KNOTS('',1,(#3836,#3837),.UNSPECIFIED.,.F.,
  .F.,(2,2),(-0.157133415103,0.),.PIECEWISE_BEZIER_KNOTS.);
#3836 = CARTESIAN_POINT('',(-0.569016584614,5.0505,2.49944312028));
#3837 = CARTESIAN_POINT('',(-0.411887121387,5.0505,2.50055753851));
#3838 = ORIENTED_EDGE('',*,*,#3805,.T.);
#3839 = B_SPLINE_SURFACE_WITH_KNOTS('',1,1,(
    (#3840,#3841)
    ,(#3842,#3843
    )),.UNSPECIFIED.,.F.,.F.,.F.,(2,2),(2,2),(0.,0.157133415103),(
    -1.E-03,0.),.PIECEWISE_BEZIER_KNOTS.);
#3840 = CARTESIAN_POINT('',(-0.411887121387,5.0495,2.50055753851));
#3841 = CARTESIAN_POINT('',(-0.411887121387,5.0505,2.50055753851));
#3842 = CARTESIAN_POINT('',(-0.569016584614,5.0495,2.49944312028));
#3843 = CARTESIAN_POINT('',(-0.569016584614,5.0505,2.49944312028));
#3844 = ADVANCED_FACE('',(#3845),#3861,.F.);
#3845 = FACE_BOUND('',#3846,.T.);
#3846 = EDGE_LOOP('',(#3847,#3848,#3855,#3860));
#3847 = ORIENTED_EDGE('',*,*,#554,.T.);
#3848 = ORIENTED_EDGE('',*,*,#3849,.F.);
#3849 = EDGE_CURVE('',#3850,#548,#3852,.T.);
#3850 = VERTEX_POINT('',#3851);
#3851 = CARTESIAN_POINT('',(-0.409723546144,5.0505,2.195500238191));
#3852 = B_SPLINE_CURVE_WITH_KNOTS('',1,(#3853,#3854),.UNSPECIFIED.,.F.,
  .F.,(2,2),(-0.,1.E-03),.PIECEWISE_BEZIER_KNOTS.);
#3853 = CARTESIAN_POINT('',(-0.409723546144,5.0505,2.195500238191));
#3854 = CARTESIAN_POINT('',(-0.409723546144,5.0495,2.195500238191));
#3855 = ORIENTED_EDGE('',*,*,#3856,.F.);
#3856 = EDGE_CURVE('',#3828,#3850,#3857,.T.);
#3857 = B_SPLINE_CURVE_WITH_KNOTS('',1,(#3858,#3859),.UNSPECIFIED.,.F.,
  .F.,(2,2),(-0.305064972647,0.),.PIECEWISE_BEZIER_KNOTS.);
#3858 = CARTESIAN_POINT('',(-0.411887121387,5.0505,2.50055753851));
#3859 = CARTESIAN_POINT('',(-0.409723546144,5.0505,2.195500238191));
#3860 = ORIENTED_EDGE('',*,*,#3827,.T.);
#3861 = B_SPLINE_SURFACE_WITH_KNOTS('',1,1,(
    (#3862,#3863)
    ,(#3864,#3865
    )),.UNSPECIFIED.,.F.,.F.,.F.,(2,2),(2,2),(-4.48408686021E-16,
    0.305064972647),(-1.E-03,0.),.PIECEWISE_BEZIER_KNOTS.);
#3862 = CARTESIAN_POINT('',(-0.409723546144,5.0495,2.195500238191));
#3863 = CARTESIAN_POINT('',(-0.409723546144,5.0505,2.195500238191));
#3864 = CARTESIAN_POINT('',(-0.411887121387,5.0495,2.50055753851));
#3865 = CARTESIAN_POINT('',(-0.411887121387,5.0505,2.50055753851));
#3866 = ADVANCED_FACE('',(#3867),#3877,.F.);
#3867 = FACE_BOUND('',#3868,.T.);
#3868 = EDGE_LOOP('',(#3869,#3870,#3871,#3876));
#3869 = ORIENTED_EDGE('',*,*,#547,.T.);
#3870 = ORIENTED_EDGE('',*,*,#3637,.F.);
#3871 = ORIENTED_EDGE('',*,*,#3872,.F.);
#3872 = EDGE_CURVE('',#3850,#3631,#3873,.T.);
#3873 = B_SPLINE_CURVE_WITH_KNOTS('',1,(#3874,#3875),.UNSPECIFIED.,.F.,
  .F.,(2,2),(-0.164073799194,-0.),.PIECEWISE_BEZIER_KNOTS.);
#3874 = CARTESIAN_POINT('',(-0.409723546144,5.0505,2.195500238191));
#3875 = CARTESIAN_POINT('',(-0.573793218913,5.0505,2.194336597518));
#3876 = ORIENTED_EDGE('',*,*,#3849,.T.);
#3877 = B_SPLINE_SURFACE_WITH_KNOTS('',1,1,(
    (#3878,#3879)
    ,(#3880,#3881
    )),.UNSPECIFIED.,.F.,.F.,.F.,(2,2),(2,2),(0.,0.164073799194),(
    -1.E-03,0.),.PIECEWISE_BEZIER_KNOTS.);
#3878 = CARTESIAN_POINT('',(-0.573793218913,5.0495,2.194336597518));
#3879 = CARTESIAN_POINT('',(-0.573793218913,5.0505,2.194336597518));
#3880 = CARTESIAN_POINT('',(-0.409723546144,5.0495,2.195500238191));
#3881 = CARTESIAN_POINT('',(-0.409723546144,5.0505,2.195500238191));
#3882 = ADVANCED_FACE('',(#3883),#3897,.F.);
#3883 = FACE_BOUND('',#3884,.T.);
#3884 = EDGE_LOOP('',(#3885,#3886,#3887,#3888,#3889,#3890,#3891,#3892,
    #3893,#3894,#3895,#3896));
#3885 = ORIENTED_EDGE('',*,*,#3630,.T.);
#3886 = ORIENTED_EDGE('',*,*,#3658,.T.);
#3887 = ORIENTED_EDGE('',*,*,#3680,.T.);
#3888 = ORIENTED_EDGE('',*,*,#3702,.T.);
#3889 = ORIENTED_EDGE('',*,*,#3724,.T.);
#3890 = ORIENTED_EDGE('',*,*,#3746,.T.);
#3891 = ORIENTED_EDGE('',*,*,#3768,.T.);
#3892 = ORIENTED_EDGE('',*,*,#3790,.T.);
#3893 = ORIENTED_EDGE('',*,*,#3812,.T.);
#3894 = ORIENTED_EDGE('',*,*,#3834,.T.);
#3895 = ORIENTED_EDGE('',*,*,#3856,.T.);
#3896 = ORIENTED_EDGE('',*,*,#3872,.T.);
#3897 = B_SPLINE_SURFACE_WITH_KNOTS('',1,1,(
    (#3898,#3899)
    ,(#3900,#3901
    )),.UNSPECIFIED.,.F.,.F.,.F.,(2,2),(2,2),(-2.50055743851,
    -2.194336497518),(-0.574039884188,-0.409723546144),
  .PIECEWISE_BEZIER_KNOTS.);
#3898 = CARTESIAN_POINT('',(-0.574039884188,5.0505,2.50055753851));
#3899 = CARTESIAN_POINT('',(-0.409723546144,5.0505,2.50055753851));
#3900 = CARTESIAN_POINT('',(-0.574039884188,5.0505,2.194336597518));
#3901 = CARTESIAN_POINT('',(-0.409723546144,5.0505,2.194336597518));
#3902 = ADVANCED_FACE('',(#3903,#3962),#4021,.T.);
#3903 = FACE_BOUND('',#3904,.T.);
#3904 = EDGE_LOOP('',(#3905,#3914,#3923,#3932,#3941,#3950,#3957));
#3905 = ORIENTED_EDGE('',*,*,#3906,.T.);
#3906 = EDGE_CURVE('',#3907,#3909,#3911,.T.);
#3907 = VERTEX_POINT('',#3908);
#3908 = CARTESIAN_POINT('',(-0.631420352077,5.0505,2.193927885323));
#3909 = VERTEX_POINT('',#3910);
#3910 = CARTESIAN_POINT('',(-0.715326705642,5.0505,2.193332791519));
#3911 = B_SPLINE_CURVE_WITH_KNOTS('',1,(#3912,#3913),.UNSPECIFIED.,.F.,
  .F.,(2,2),(-8.390846384681E-02,1.110195102722E-16),
  .PIECEWISE_BEZIER_KNOTS.);
#3912 = CARTESIAN_POINT('',(-0.631420352077,5.0505,2.193927885323));
#3913 = CARTESIAN_POINT('',(-0.715326705642,5.0505,2.193332791519));
#3914 = ORIENTED_EDGE('',*,*,#3915,.T.);
#3915 = EDGE_CURVE('',#3909,#3916,#3918,.T.);
#3916 = VERTEX_POINT('',#3917);
#3917 = CARTESIAN_POINT('',(-0.834081224665,5.0505,2.235225667229));
#3918 = B_SPLINE_CURVE_WITH_KNOTS('',3,(#3919,#3920,#3921,#3922),
  .UNSPECIFIED.,.F.,.F.,(4,4),(5.,6.),.PIECEWISE_BEZIER_KNOTS.);
#3919 = CARTESIAN_POINT('',(-0.715326705642,5.0505,2.193332791519));
#3920 = CARTESIAN_POINT('',(-0.763596252905,5.0505,2.192990446664));
#3921 = CARTESIAN_POINT('',(-0.803232710461,5.0505,2.206902383272));
#3922 = CARTESIAN_POINT('',(-0.834081224665,5.0505,2.235225667229));
#3923 = ORIENTED_EDGE('',*,*,#3924,.T.);
#3924 = EDGE_CURVE('',#3916,#3925,#3927,.T.);
#3925 = VERTEX_POINT('',#3926);
#3926 = CARTESIAN_POINT('',(-0.880895718503,5.0505,2.348594029826));
#3927 = B_SPLINE_CURVE_WITH_KNOTS('',3,(#3928,#3929,#3930,#3931),
  .UNSPECIFIED.,.F.,.F.,(4,4),(4.,5.),.PIECEWISE_BEZIER_KNOTS.);
#3928 = CARTESIAN_POINT('',(-0.834081224665,5.0505,2.235225667229));
#3929 = CARTESIAN_POINT('',(-0.864929738869,5.0505,2.263548951189));
#3930 = CARTESIAN_POINT('',(-0.880560563442,5.0505,2.301338221034));
#3931 = CARTESIAN_POINT('',(-0.880895718503,5.0505,2.348594029826));
#3932 = ORIENTED_EDGE('',*,*,#3933,.T.);
#3933 = EDGE_CURVE('',#3925,#3934,#3936,.T.);
#3934 = VERTEX_POINT('',#3935);
#3935 = CARTESIAN_POINT('',(-0.835655236716,5.0505,2.457156412811));
#3936 = B_SPLINE_CURVE_WITH_KNOTS('',3,(#3937,#3938,#3939,#3940),
  .UNSPECIFIED.,.F.,.F.,(4,4),(3.,4.),.PIECEWISE_BEZIER_KNOTS.);
#3937 = CARTESIAN_POINT('',(-0.880895718503,5.0505,2.348594029826));
#3938 = CARTESIAN_POINT('',(-0.881216493973,5.0505,2.393822361672));
#3939 = CARTESIAN_POINT('',(-0.866109971377,5.0505,2.429958020432));
#3940 = CARTESIAN_POINT('',(-0.835655236716,5.0505,2.457156412811));
#3941 = ORIENTED_EDGE('',*,*,#3942,.T.);
#3942 = EDGE_CURVE('',#3934,#3943,#3945,.T.);
#3943 = VERTEX_POINT('',#3944);
#3944 = CARTESIAN_POINT('',(-0.720609476185,5.0505,2.498367969393));
#3945 = B_SPLINE_CURVE_WITH_KNOTS('',3,(#3946,#3947,#3948,#3949),
  .UNSPECIFIED.,.F.,.F.,(4,4),(2.,3.),.PIECEWISE_BEZIER_KNOTS.);
#3946 = CARTESIAN_POINT('',(-0.835655236716,5.0505,2.457156412811));
#3947 = CARTESIAN_POINT('',(-0.805200502055,5.0505,2.484354805189));
#3948 = CARTESIAN_POINT('',(-0.766851546504,5.0505,2.498040004127));
#3949 = CARTESIAN_POINT('',(-0.720609476185,5.0505,2.498367969393));
#3950 = ORIENTED_EDGE('',*,*,#3951,.T.);
#3951 = EDGE_CURVE('',#3943,#3952,#3954,.T.);
#3952 = VERTEX_POINT('',#3953);
#3953 = CARTESIAN_POINT('',(-0.63358392732,5.0505,2.498985185643));
#3954 = B_SPLINE_CURVE_WITH_KNOTS('',1,(#3955,#3956),.UNSPECIFIED.,.F.,
  .F.,(2,2),(-8.702773759636E-02,0.),.PIECEWISE_BEZIER_KNOTS.);
#3955 = CARTESIAN_POINT('',(-0.720609476185,5.0505,2.498367969393));
#3956 = CARTESIAN_POINT('',(-0.63358392732,5.0505,2.498985185643));
#3957 = ORIENTED_EDGE('',*,*,#3958,.T.);
#3958 = EDGE_CURVE('',#3952,#3907,#3959,.T.);
#3959 = B_SPLINE_CURVE_WITH_KNOTS('',1,(#3960,#3961),.UNSPECIFIED.,.F.,
  .F.,(2,2),(-0.305064972647,0.),.PIECEWISE_BEZIER_KNOTS.);
#3960 = CARTESIAN_POINT('',(-0.63358392732,5.0505,2.498985185643));
#3961 = CARTESIAN_POINT('',(-0.631420352077,5.0505,2.193927885323));
#3962 = FACE_BOUND('',#3963,.T.);
#3963 = EDGE_LOOP('',(#3964,#3973,#3980,#3989,#3998,#4007,#4016));
#3964 = ORIENTED_EDGE('',*,*,#3965,.F.);
#3965 = EDGE_CURVE('',#3966,#3968,#3970,.T.);
#3966 = VERTEX_POINT('',#3967);
#3967 = CARTESIAN_POINT('',(-0.672714890461,5.0505,2.463614942637));
#3968 = VERTEX_POINT('',#3969);
#3969 = CARTESIAN_POINT('',(-0.671046858014,5.0505,2.228427617032));
#3970 = B_SPLINE_CURVE_WITH_KNOTS('',1,(#3971,#3972),.UNSPECIFIED.,.F.,
  .F.,(2,2),(0.,0.235193240671),.PIECEWISE_BEZIER_KNOTS.);
#3971 = CARTESIAN_POINT('',(-0.672714890461,5.0505,2.463614942637));
#3972 = CARTESIAN_POINT('',(-0.671046858014,5.0505,2.228427617032));
#3973 = ORIENTED_EDGE('',*,*,#3974,.F.);
#3974 = EDGE_CURVE('',#3975,#3966,#3977,.T.);
#3975 = VERTEX_POINT('',#3976);
#3976 = CARTESIAN_POINT('',(-0.718801001013,5.0505,2.463288083494));
#3977 = B_SPLINE_CURVE_WITH_KNOTS('',1,(#3978,#3979),.UNSPECIFIED.,.F.,
  .F.,(2,2),(-3.330585308167E-16,4.608726963813E-02),
  .PIECEWISE_BEZIER_KNOTS.);
#3978 = CARTESIAN_POINT('',(-0.718801001013,5.0505,2.463288083494));
#3979 = CARTESIAN_POINT('',(-0.672714890461,5.0505,2.463614942637));
#3980 = ORIENTED_EDGE('',*,*,#3981,.F.);
#3981 = EDGE_CURVE('',#3982,#3975,#3984,.T.);
#3982 = VERTEX_POINT('',#3983);
#3983 = CARTESIAN_POINT('',(-0.806636761846,5.0505,2.43396708069));
#3984 = B_SPLINE_CURVE_WITH_KNOTS('',3,(#3985,#3986,#3987,#3988),
  .UNSPECIFIED.,.F.,.F.,(4,4),(5.,6.),.PIECEWISE_BEZIER_KNOTS.);
#3985 = CARTESIAN_POINT('',(-0.806636761846,5.0505,2.43396708069));
#3986 = CARTESIAN_POINT('',(-0.784470568495,5.0505,2.453308307275));
#3987 = CARTESIAN_POINT('',(-0.755139626256,5.0505,2.463030356995));
#3988 = CARTESIAN_POINT('',(-0.718801001013,5.0505,2.463288083494));
#3989 = ORIENTED_EDGE('',*,*,#3990,.F.);
#3990 = EDGE_CURVE('',#3991,#3982,#3993,.T.);
#3991 = VERTEX_POINT('',#3992);
#3992 = CARTESIAN_POINT('',(-0.839480658043,5.0505,2.347795986944));
#3993 = B_SPLINE_CURVE_WITH_KNOTS('',3,(#3994,#3995,#3996,#3997),
  .UNSPECIFIED.,.F.,.F.,(4,4),(4.,5.),.PIECEWISE_BEZIER_KNOTS.);
#3994 = CARTESIAN_POINT('',(-0.839480658043,5.0505,2.347795986944));
#3995 = CARTESIAN_POINT('',(-0.839750551887,5.0505,2.385850169602));
#3996 = CARTESIAN_POINT('',(-0.828802955194,5.0505,2.414625854106));
#3997 = CARTESIAN_POINT('',(-0.806636761846,5.0505,2.43396708069));
#3998 = ORIENTED_EDGE('',*,*,#3999,.F.);
#3999 = EDGE_CURVE('',#4000,#3991,#4002,.T.);
#4000 = VERTEX_POINT('',#4001);
#4001 = CARTESIAN_POINT('',(-0.806255683564,5.0505,2.259286060228));
#4002 = B_SPLINE_CURVE_WITH_KNOTS('',3,(#4003,#4004,#4005,#4006),
  .UNSPECIFIED.,.F.,.F.,(4,4),(3.,4.),.PIECEWISE_BEZIER_KNOTS.);
#4003 = CARTESIAN_POINT('',(-0.806255683564,5.0505,2.259286060228));
#4004 = CARTESIAN_POINT('',(-0.828161397293,5.0505,2.28018632444));
#4005 = CARTESIAN_POINT('',(-0.839210764199,5.0505,2.309741804287));
#4006 = CARTESIAN_POINT('',(-0.839480658043,5.0505,2.347795986944));
#4007 = ORIENTED_EDGE('',*,*,#4008,.F.);
#4008 = EDGE_CURVE('',#4009,#4000,#4011,.T.);
#4009 = VERTEX_POINT('',#4010);
#4010 = CARTESIAN_POINT('',(-0.71533943127,5.0505,2.228113478295));
#4011 = B_SPLINE_CURVE_WITH_KNOTS('',3,(#4012,#4013,#4014,#4015),
  .UNSPECIFIED.,.F.,.F.,(4,4),(2.,3.),.PIECEWISE_BEZIER_KNOTS.);
#4012 = CARTESIAN_POINT('',(-0.71533943127,5.0505,2.228113478295));
#4013 = CARTESIAN_POINT('',(-0.75409543287,5.0505,2.227838606901));
#4014 = CARTESIAN_POINT('',(-0.784426843596,5.0505,2.238229283192));
#4015 = CARTESIAN_POINT('',(-0.806255683564,5.0505,2.259286060228));
#4016 = ORIENTED_EDGE('',*,*,#4017,.F.);
#4017 = EDGE_CURVE('',#3968,#4009,#4018,.T.);
#4018 = B_SPLINE_CURVE_WITH_KNOTS('',1,(#4019,#4020),.UNSPECIFIED.,.F.,
  .F.,(2,2),(0.,4.429368723452E-02),.PIECEWISE_BEZIER_KNOTS.);
#4019 = CARTESIAN_POINT('',(-0.671046858014,5.0505,2.228427617032));
#4020 = CARTESIAN_POINT('',(-0.71533943127,5.0505,2.228113478295));
#4021 = B_SPLINE_SURFACE_WITH_KNOTS('',1,1,(
    (#4022,#4023)
    ,(#4024,#4025
    )),.UNSPECIFIED.,.F.,.F.,.F.,(2,2),(2,2),(-0.294848154605,
    1.114658437425E-02),(-9.716388665088E-02,0.152632255245),
  .PIECEWISE_BEZIER_KNOTS.);
#4022 = CARTESIAN_POINT('',(-0.881216493973,5.0505,2.192990446664));
#4023 = CARTESIAN_POINT('',(-0.631420352077,5.0505,2.192990446664));
#4024 = CARTESIAN_POINT('',(-0.881216493973,5.0505,2.498985185643));
#4025 = CARTESIAN_POINT('',(-0.631420352077,5.0505,2.498985185643));
#4026 = ADVANCED_FACE('',(#4027),#4041,.F.);
#4027 = FACE_BOUND('',#4028,.T.);
#4028 = EDGE_LOOP('',(#4029,#4030,#4035,#4036));
#4029 = ORIENTED_EDGE('',*,*,#624,.T.);
#4030 = ORIENTED_EDGE('',*,*,#4031,.F.);
#4031 = EDGE_CURVE('',#3909,#627,#4032,.T.);
#4032 = B_SPLINE_CURVE_WITH_KNOTS('',1,(#4033,#4034),.UNSPECIFIED.,.F.,
  .F.,(2,2),(-0.,1.E-03),.PIECEWISE_BEZIER_KNOTS.);
#4033 = CARTESIAN_POINT('',(-0.715326705642,5.0505,2.193332791519));
#4034 = CARTESIAN_POINT('',(-0.715326705642,5.0495,2.193332791519));
#4035 = ORIENTED_EDGE('',*,*,#3906,.F.);
#4036 = ORIENTED_EDGE('',*,*,#4037,.T.);
#4037 = EDGE_CURVE('',#3907,#625,#4038,.T.);
#4038 = B_SPLINE_CURVE_WITH_KNOTS('',1,(#4039,#4040),.UNSPECIFIED.,.F.,
  .F.,(2,2),(-0.,1.E-03),.PIECEWISE_BEZIER_KNOTS.);
#4039 = CARTESIAN_POINT('',(-0.631420352077,5.0505,2.193927885323));
#4040 = CARTESIAN_POINT('',(-0.631420352077,5.0495,2.193927885323));
#4041 = B_SPLINE_SURFACE_WITH_KNOTS('',1,1,(
    (#4042,#4043)
    ,(#4044,#4045
    )),.UNSPECIFIED.,.F.,.F.,.F.,(2,2),(2,2),(-1.110195102722E-16,
    8.390846384681E-02),(-1.E-03,0.),.PIECEWISE_BEZIER_KNOTS.);
#4042 = CARTESIAN_POINT('',(-0.715326705642,5.0495,2.193332791519));
#4043 = CARTESIAN_POINT('',(-0.715326705642,5.0505,2.193332791519));
#4044 = CARTESIAN_POINT('',(-0.631420352077,5.0495,2.193927885323));
#4045 = CARTESIAN_POINT('',(-0.631420352077,5.0505,2.193927885323));
#4046 = ADVANCED_FACE('',(#4047),#4057,.F.);
#4047 = FACE_BOUND('',#4048,.F.);
#4048 = EDGE_LOOP('',(#4049,#4050,#4051,#4056));
#4049 = ORIENTED_EDGE('',*,*,#4031,.F.);
#4050 = ORIENTED_EDGE('',*,*,#3915,.T.);
#4051 = ORIENTED_EDGE('',*,*,#4052,.T.);
#4052 = EDGE_CURVE('',#3916,#666,#4053,.T.);
#4053 = B_SPLINE_CURVE_WITH_KNOTS('',1,(#4054,#4055),.UNSPECIFIED.,.F.,
  .F.,(2,2),(-0.,1.E-03),.PIECEWISE_BEZIER_KNOTS.);
#4054 = CARTESIAN_POINT('',(-0.834081224665,5.0505,2.235225667229));
#4055 = CARTESIAN_POINT('',(-0.834081224665,5.0495,2.235225667229));
#4056 = ORIENTED_EDGE('',*,*,#674,.F.);
#4057 = B_SPLINE_SURFACE_WITH_KNOTS('',3,1,(
    (#4058,#4059)
    ,(#4060,#4061)
    ,(#4062,#4063)
    ,(#4064,#4065
    )),.UNSPECIFIED.,.F.,.F.,.F.,(4,4),(2,2),(5.,6.),(0.,1.),
  .PIECEWISE_BEZIER_KNOTS.);
#4058 = CARTESIAN_POINT('',(-0.715326705642,5.0505,2.193332791519));
#4059 = CARTESIAN_POINT('',(-0.715326705642,5.0495,2.193332791519));
#4060 = CARTESIAN_POINT('',(-0.763596252905,5.0505,2.192990446664));
#4061 = CARTESIAN_POINT('',(-0.763596252905,5.0495,2.192990446664));
#4062 = CARTESIAN_POINT('',(-0.803232710461,5.0505,2.206902383272));
#4063 = CARTESIAN_POINT('',(-0.803232710461,5.0495,2.206902383272));
#4064 = CARTESIAN_POINT('',(-0.834081224665,5.0505,2.235225667229));
#4065 = CARTESIAN_POINT('',(-0.834081224665,5.0495,2.235225667229));
#4066 = ADVANCED_FACE('',(#4067),#4077,.F.);
#4067 = FACE_BOUND('',#4068,.F.);
#4068 = EDGE_LOOP('',(#4069,#4070,#4071,#4076));
#4069 = ORIENTED_EDGE('',*,*,#4052,.F.);
#4070 = ORIENTED_EDGE('',*,*,#3924,.T.);
#4071 = ORIENTED_EDGE('',*,*,#4072,.T.);
#4072 = EDGE_CURVE('',#3925,#657,#4073,.T.);
#4073 = B_SPLINE_CURVE_WITH_KNOTS('',1,(#4074,#4075),.UNSPECIFIED.,.F.,
  .F.,(2,2),(-0.,1.E-03),.PIECEWISE_BEZIER_KNOTS.);
#4074 = CARTESIAN_POINT('',(-0.880895718503,5.0505,2.348594029826));
#4075 = CARTESIAN_POINT('',(-0.880895718503,5.0495,2.348594029826));
#4076 = ORIENTED_EDGE('',*,*,#665,.F.);
#4077 = B_SPLINE_SURFACE_WITH_KNOTS('',3,1,(
    (#4078,#4079)
    ,(#4080,#4081)
    ,(#4082,#4083)
    ,(#4084,#4085
    )),.UNSPECIFIED.,.F.,.F.,.F.,(4,4),(2,2),(4.,5.),(0.,1.),
  .PIECEWISE_BEZIER_KNOTS.);
#4078 = CARTESIAN_POINT('',(-0.834081224665,5.0505,2.235225667229));
#4079 = CARTESIAN_POINT('',(-0.834081224665,5.0495,2.235225667229));
#4080 = CARTESIAN_POINT('',(-0.864929738869,5.0505,2.263548951189));
#4081 = CARTESIAN_POINT('',(-0.864929738869,5.0495,2.263548951189));
#4082 = CARTESIAN_POINT('',(-0.880560563442,5.0505,2.301338221034));
#4083 = CARTESIAN_POINT('',(-0.880560563442,5.0495,2.301338221034));
#4084 = CARTESIAN_POINT('',(-0.880895718503,5.0505,2.348594029826));
#4085 = CARTESIAN_POINT('',(-0.880895718503,5.0495,2.348594029826));
#4086 = ADVANCED_FACE('',(#4087),#4097,.F.);
#4087 = FACE_BOUND('',#4088,.F.);
#4088 = EDGE_LOOP('',(#4089,#4090,#4091,#4096));
#4089 = ORIENTED_EDGE('',*,*,#4072,.F.);
#4090 = ORIENTED_EDGE('',*,*,#3933,.T.);
#4091 = ORIENTED_EDGE('',*,*,#4092,.T.);
#4092 = EDGE_CURVE('',#3934,#648,#4093,.T.);
#4093 = B_SPLINE_CURVE_WITH_KNOTS('',1,(#4094,#4095),.UNSPECIFIED.,.F.,
  .F.,(2,2),(-0.,1.E-03),.PIECEWISE_BEZIER_KNOTS.);
#4094 = CARTESIAN_POINT('',(-0.835655236716,5.0505,2.457156412811));
#4095 = CARTESIAN_POINT('',(-0.835655236716,5.0495,2.457156412811));
#4096 = ORIENTED_EDGE('',*,*,#656,.F.);
#4097 = B_SPLINE_SURFACE_WITH_KNOTS('',3,1,(
    (#4098,#4099)
    ,(#4100,#4101)
    ,(#4102,#4103)
    ,(#4104,#4105
    )),.UNSPECIFIED.,.F.,.F.,.F.,(4,4),(2,2),(3.,4.),(0.,1.),
  .PIECEWISE_BEZIER_KNOTS.);
#4098 = CARTESIAN_POINT('',(-0.880895718503,5.0505,2.348594029826));
#4099 = CARTESIAN_POINT('',(-0.880895718503,5.0495,2.348594029826));
#4100 = CARTESIAN_POINT('',(-0.881216493973,5.0505,2.393822361672));
#4101 = CARTESIAN_POINT('',(-0.881216493973,5.0495,2.393822361672));
#4102 = CARTESIAN_POINT('',(-0.866109971377,5.0505,2.429958020432));
#4103 = CARTESIAN_POINT('',(-0.866109971377,5.0495,2.429958020432));
#4104 = CARTESIAN_POINT('',(-0.835655236716,5.0505,2.457156412811));
#4105 = CARTESIAN_POINT('',(-0.835655236716,5.0495,2.457156412811));
#4106 = ADVANCED_FACE('',(#4107),#4117,.F.);
#4107 = FACE_BOUND('',#4108,.F.);
#4108 = EDGE_LOOP('',(#4109,#4110,#4111,#4116));
#4109 = ORIENTED_EDGE('',*,*,#4092,.F.);
#4110 = ORIENTED_EDGE('',*,*,#3942,.T.);
#4111 = ORIENTED_EDGE('',*,*,#4112,.T.);
#4112 = EDGE_CURVE('',#3943,#641,#4113,.T.);
#4113 = B_SPLINE_CURVE_WITH_KNOTS('',1,(#4114,#4115),.UNSPECIFIED.,.F.,
  .F.,(2,2),(-0.,1.E-03),.PIECEWISE_BEZIER_KNOTS.);
#4114 = CARTESIAN_POINT('',(-0.720609476185,5.0505,2.498367969393));
#4115 = CARTESIAN_POINT('',(-0.720609476185,5.0495,2.498367969393));
#4116 = ORIENTED_EDGE('',*,*,#647,.F.);
#4117 = B_SPLINE_SURFACE_WITH_KNOTS('',3,1,(
    (#4118,#4119)
    ,(#4120,#4121)
    ,(#4122,#4123)
    ,(#4124,#4125
    )),.UNSPECIFIED.,.F.,.F.,.F.,(4,4),(2,2),(2.,3.),(0.,1.),
  .PIECEWISE_BEZIER_KNOTS.);
#4118 = CARTESIAN_POINT('',(-0.835655236716,5.0505,2.457156412811));
#4119 = CARTESIAN_POINT('',(-0.835655236716,5.0495,2.457156412811));
#4120 = CARTESIAN_POINT('',(-0.805200502055,5.0505,2.484354805189));
#4121 = CARTESIAN_POINT('',(-0.805200502055,5.0495,2.484354805189));
#4122 = CARTESIAN_POINT('',(-0.766851546504,5.0505,2.498040004127));
#4123 = CARTESIAN_POINT('',(-0.766851546504,5.0495,2.498040004127));
#4124 = CARTESIAN_POINT('',(-0.720609476185,5.0505,2.498367969393));
#4125 = CARTESIAN_POINT('',(-0.720609476185,5.0495,2.498367969393));
#4126 = ADVANCED_FACE('',(#4127),#4137,.F.);
#4127 = FACE_BOUND('',#4128,.T.);
#4128 = EDGE_LOOP('',(#4129,#4130,#4135,#4136));
#4129 = ORIENTED_EDGE('',*,*,#640,.T.);
#4130 = ORIENTED_EDGE('',*,*,#4131,.F.);
#4131 = EDGE_CURVE('',#3952,#634,#4132,.T.);
#4132 = B_SPLINE_CURVE_WITH_KNOTS('',1,(#4133,#4134),.UNSPECIFIED.,.F.,
  .F.,(2,2),(-0.,1.E-03),.PIECEWISE_BEZIER_KNOTS.);
#4133 = CARTESIAN_POINT('',(-0.63358392732,5.0505,2.498985185643));
#4134 = CARTESIAN_POINT('',(-0.63358392732,5.0495,2.498985185643));
#4135 = ORIENTED_EDGE('',*,*,#3951,.F.);
#4136 = ORIENTED_EDGE('',*,*,#4112,.T.);
#4137 = B_SPLINE_SURFACE_WITH_KNOTS('',1,1,(
    (#4138,#4139)
    ,(#4140,#4141
    )),.UNSPECIFIED.,.F.,.F.,.F.,(2,2),(2,2),(0.,8.702773759636E-02),(
    -1.E-03,0.),.PIECEWISE_BEZIER_KNOTS.);
#4138 = CARTESIAN_POINT('',(-0.63358392732,5.0495,2.498985185643));
#4139 = CARTESIAN_POINT('',(-0.63358392732,5.0505,2.498985185643));
#4140 = CARTESIAN_POINT('',(-0.720609476185,5.0495,2.498367969393));
#4141 = CARTESIAN_POINT('',(-0.720609476185,5.0505,2.498367969393));
#4142 = ADVANCED_FACE('',(#4143),#4149,.F.);
#4143 = FACE_BOUND('',#4144,.T.);
#4144 = EDGE_LOOP('',(#4145,#4146,#4147,#4148));
#4145 = ORIENTED_EDGE('',*,*,#633,.T.);
#4146 = ORIENTED_EDGE('',*,*,#4037,.F.);
#4147 = ORIENTED_EDGE('',*,*,#3958,.F.);
#4148 = ORIENTED_EDGE('',*,*,#4131,.T.);
#4149 = B_SPLINE_SURFACE_WITH_KNOTS('',1,1,(
    (#4150,#4151)
    ,(#4152,#4153
    )),.UNSPECIFIED.,.F.,.F.,.F.,(2,2),(2,2),(0.,0.305064972647),(
    -1.E-03,0.),.PIECEWISE_BEZIER_KNOTS.);
#4150 = CARTESIAN_POINT('',(-0.631420352077,5.0495,2.193927885323));
#4151 = CARTESIAN_POINT('',(-0.631420352077,5.0505,2.193927885323));
#4152 = CARTESIAN_POINT('',(-0.63358392732,5.0495,2.498985185643));
#4153 = CARTESIAN_POINT('',(-0.63358392732,5.0505,2.498985185643));
#4154 = ADVANCED_FACE('',(#4155),#4177,.T.);
#4155 = FACE_BOUND('',#4156,.T.);
#4156 = EDGE_LOOP('',(#4157,#4166,#4171,#4172));
#4157 = ORIENTED_EDGE('',*,*,#4158,.F.);
#4158 = EDGE_CURVE('',#4159,#4161,#4163,.T.);
#4159 = VERTEX_POINT('',#4160);
#4160 = CARTESIAN_POINT('',(-0.718801001013,5.0495,2.463288083494));
#4161 = VERTEX_POINT('',#4162);
#4162 = CARTESIAN_POINT('',(-0.672714890461,5.0495,2.463614942637));
#4163 = B_SPLINE_CURVE_WITH_KNOTS('',1,(#4164,#4165),.UNSPECIFIED.,.F.,
  .F.,(2,2),(-3.330585308167E-16,4.608726963813E-02),
  .PIECEWISE_BEZIER_KNOTS.);
#4164 = CARTESIAN_POINT('',(-0.718801001013,5.0495,2.463288083494));
#4165 = CARTESIAN_POINT('',(-0.672714890461,5.0495,2.463614942637));
#4166 = ORIENTED_EDGE('',*,*,#4167,.F.);
#4167 = EDGE_CURVE('',#3975,#4159,#4168,.T.);
#4168 = B_SPLINE_CURVE_WITH_KNOTS('',1,(#4169,#4170),.UNSPECIFIED.,.F.,
  .F.,(2,2),(-0.,1.E-03),.PIECEWISE_BEZIER_KNOTS.);
#4169 = CARTESIAN_POINT('',(-0.718801001013,5.0505,2.463288083494));
#4170 = CARTESIAN_POINT('',(-0.718801001013,5.0495,2.463288083494));
#4171 = ORIENTED_EDGE('',*,*,#3974,.T.);
#4172 = ORIENTED_EDGE('',*,*,#4173,.T.);
#4173 = EDGE_CURVE('',#3966,#4161,#4174,.T.);
#4174 = B_SPLINE_CURVE_WITH_KNOTS('',1,(#4175,#4176),.UNSPECIFIED.,.F.,
  .F.,(2,2),(-0.,1.E-03),.PIECEWISE_BEZIER_KNOTS.);
#4175 = CARTESIAN_POINT('',(-0.672714890461,5.0505,2.463614942637));
#4176 = CARTESIAN_POINT('',(-0.672714890461,5.0495,2.463614942637));
#4177 = B_SPLINE_SURFACE_WITH_KNOTS('',1,1,(
    (#4178,#4179)
    ,(#4180,#4181
    )),.UNSPECIFIED.,.F.,.F.,.F.,(2,2),(2,2),(-4.608726963813E-02,
    3.330585308167E-16),(-1.E-03,0.),.PIECEWISE_BEZIER_KNOTS.);
#4178 = CARTESIAN_POINT('',(-0.672714890461,5.0495,2.463614942637));
#4179 = CARTESIAN_POINT('',(-0.672714890461,5.0505,2.463614942637));
#4180 = CARTESIAN_POINT('',(-0.718801001013,5.0495,2.463288083494));
#4181 = CARTESIAN_POINT('',(-0.718801001013,5.0505,2.463288083494));
#4182 = ADVANCED_FACE('',(#4183),#4199,.T.);
#4183 = FACE_BOUND('',#4184,.T.);
#4184 = EDGE_LOOP('',(#4185,#4192,#4193,#4194));
#4185 = ORIENTED_EDGE('',*,*,#4186,.F.);
#4186 = EDGE_CURVE('',#4161,#4187,#4189,.T.);
#4187 = VERTEX_POINT('',#4188);
#4188 = CARTESIAN_POINT('',(-0.671046858014,5.0495,2.228427617032));
#4189 = B_SPLINE_CURVE_WITH_KNOTS('',1,(#4190,#4191),.UNSPECIFIED.,.F.,
  .F.,(2,2),(0.,0.235193240671),.PIECEWISE_BEZIER_KNOTS.);
#4190 = CARTESIAN_POINT('',(-0.672714890461,5.0495,2.463614942637));
#4191 = CARTESIAN_POINT('',(-0.671046858014,5.0495,2.228427617032));
#4192 = ORIENTED_EDGE('',*,*,#4173,.F.);
#4193 = ORIENTED_EDGE('',*,*,#3965,.T.);
#4194 = ORIENTED_EDGE('',*,*,#4195,.T.);
#4195 = EDGE_CURVE('',#3968,#4187,#4196,.T.);
#4196 = B_SPLINE_CURVE_WITH_KNOTS('',1,(#4197,#4198),.UNSPECIFIED.,.F.,
  .F.,(2,2),(-0.,1.E-03),.PIECEWISE_BEZIER_KNOTS.);
#4197 = CARTESIAN_POINT('',(-0.671046858014,5.0505,2.228427617032));
#4198 = CARTESIAN_POINT('',(-0.671046858014,5.0495,2.228427617032));
#4199 = B_SPLINE_SURFACE_WITH_KNOTS('',1,1,(
    (#4200,#4201)
    ,(#4202,#4203
    )),.UNSPECIFIED.,.F.,.F.,.F.,(2,2),(2,2),(-0.235193240671,0.),(
    -1.E-03,0.),.PIECEWISE_BEZIER_KNOTS.);
#4200 = CARTESIAN_POINT('',(-0.671046858014,5.0495,2.228427617032));
#4201 = CARTESIAN_POINT('',(-0.671046858014,5.0505,2.228427617032));
#4202 = CARTESIAN_POINT('',(-0.672714890461,5.0495,2.463614942637));
#4203 = CARTESIAN_POINT('',(-0.672714890461,5.0505,2.463614942637));
#4204 = ADVANCED_FACE('',(#4205),#4221,.T.);
#4205 = FACE_BOUND('',#4206,.T.);
#4206 = EDGE_LOOP('',(#4207,#4214,#4215,#4216));
#4207 = ORIENTED_EDGE('',*,*,#4208,.F.);
#4208 = EDGE_CURVE('',#4187,#4209,#4211,.T.);
#4209 = VERTEX_POINT('',#4210);
#4210 = CARTESIAN_POINT('',(-0.71533943127,5.0495,2.228113478295));
#4211 = B_SPLINE_CURVE_WITH_KNOTS('',1,(#4212,#4213),.UNSPECIFIED.,.F.,
  .F.,(2,2),(0.,4.429368723452E-02),.PIECEWISE_BEZIER_KNOTS.);
#4212 = CARTESIAN_POINT('',(-0.671046858014,5.0495,2.228427617032));
#4213 = CARTESIAN_POINT('',(-0.71533943127,5.0495,2.228113478295));
#4214 = ORIENTED_EDGE('',*,*,#4195,.F.);
#4215 = ORIENTED_EDGE('',*,*,#4017,.T.);
#4216 = ORIENTED_EDGE('',*,*,#4217,.T.);
#4217 = EDGE_CURVE('',#4009,#4209,#4218,.T.);
#4218 = B_SPLINE_CURVE_WITH_KNOTS('',1,(#4219,#4220),.UNSPECIFIED.,.F.,
  .F.,(2,2),(-0.,1.E-03),.PIECEWISE_BEZIER_KNOTS.);
#4219 = CARTESIAN_POINT('',(-0.71533943127,5.0505,2.228113478295));
#4220 = CARTESIAN_POINT('',(-0.71533943127,5.0495,2.228113478295));
#4221 = B_SPLINE_SURFACE_WITH_KNOTS('',1,1,(
    (#4222,#4223)
    ,(#4224,#4225
    )),.UNSPECIFIED.,.F.,.F.,.F.,(2,2),(2,2),(-4.429368723452E-02,0.),(
    -1.E-03,0.),.PIECEWISE_BEZIER_KNOTS.);
#4222 = CARTESIAN_POINT('',(-0.71533943127,5.0495,2.228113478295));
#4223 = CARTESIAN_POINT('',(-0.71533943127,5.0505,2.228113478295));
#4224 = CARTESIAN_POINT('',(-0.671046858014,5.0495,2.228427617032));
#4225 = CARTESIAN_POINT('',(-0.671046858014,5.0505,2.228427617032));
#4226 = ADVANCED_FACE('',(#4227),#4245,.T.);
#4227 = FACE_BOUND('',#4228,.T.);
#4228 = EDGE_LOOP('',(#4229,#4238,#4239,#4240));
#4229 = ORIENTED_EDGE('',*,*,#4230,.F.);
#4230 = EDGE_CURVE('',#4209,#4231,#4233,.T.);
#4231 = VERTEX_POINT('',#4232);
#4232 = CARTESIAN_POINT('',(-0.806255683564,5.0495,2.259286060228));
#4233 = B_SPLINE_CURVE_WITH_KNOTS('',3,(#4234,#4235,#4236,#4237),
  .UNSPECIFIED.,.F.,.F.,(4,4),(2.,3.),.PIECEWISE_BEZIER_KNOTS.);
#4234 = CARTESIAN_POINT('',(-0.71533943127,5.0495,2.228113478295));
#4235 = CARTESIAN_POINT('',(-0.75409543287,5.0495,2.227838606901));
#4236 = CARTESIAN_POINT('',(-0.784426843596,5.0495,2.238229283192));
#4237 = CARTESIAN_POINT('',(-0.806255683564,5.0495,2.259286060228));
#4238 = ORIENTED_EDGE('',*,*,#4217,.F.);
#4239 = ORIENTED_EDGE('',*,*,#4008,.T.);
#4240 = ORIENTED_EDGE('',*,*,#4241,.T.);
#4241 = EDGE_CURVE('',#4000,#4231,#4242,.T.);
#4242 = B_SPLINE_CURVE_WITH_KNOTS('',1,(#4243,#4244),.UNSPECIFIED.,.F.,
  .F.,(2,2),(-0.,1.E-03),.PIECEWISE_BEZIER_KNOTS.);
#4243 = CARTESIAN_POINT('',(-0.806255683564,5.0505,2.259286060228));
#4244 = CARTESIAN_POINT('',(-0.806255683564,5.0495,2.259286060228));
#4245 = B_SPLINE_SURFACE_WITH_KNOTS('',3,1,(
    (#4246,#4247)
    ,(#4248,#4249)
    ,(#4250,#4251)
    ,(#4252,#4253
    )),.UNSPECIFIED.,.F.,.F.,.F.,(4,4),(2,2),(2.,3.),(0.,1.),
  .PIECEWISE_BEZIER_KNOTS.);
#4246 = CARTESIAN_POINT('',(-0.71533943127,5.0505,2.228113478295));
#4247 = CARTESIAN_POINT('',(-0.71533943127,5.0495,2.228113478295));
#4248 = CARTESIAN_POINT('',(-0.75409543287,5.0505,2.227838606901));
#4249 = CARTESIAN_POINT('',(-0.75409543287,5.0495,2.227838606901));
#4250 = CARTESIAN_POINT('',(-0.784426843596,5.0505,2.238229283192));
#4251 = CARTESIAN_POINT('',(-0.784426843596,5.0495,2.238229283192));
#4252 = CARTESIAN_POINT('',(-0.806255683564,5.0505,2.259286060228));
#4253 = CARTESIAN_POINT('',(-0.806255683564,5.0495,2.259286060228));
#4254 = ADVANCED_FACE('',(#4255),#4273,.T.);
#4255 = FACE_BOUND('',#4256,.T.);
#4256 = EDGE_LOOP('',(#4257,#4266,#4267,#4268));
#4257 = ORIENTED_EDGE('',*,*,#4258,.F.);
#4258 = EDGE_CURVE('',#4231,#4259,#4261,.T.);
#4259 = VERTEX_POINT('',#4260);
#4260 = CARTESIAN_POINT('',(-0.839480658043,5.0495,2.347795986944));
#4261 = B_SPLINE_CURVE_WITH_KNOTS('',3,(#4262,#4263,#4264,#4265),
  .UNSPECIFIED.,.F.,.F.,(4,4),(3.,4.),.PIECEWISE_BEZIER_KNOTS.);
#4262 = CARTESIAN_POINT('',(-0.806255683564,5.0495,2.259286060228));
#4263 = CARTESIAN_POINT('',(-0.828161397293,5.0495,2.28018632444));
#4264 = CARTESIAN_POINT('',(-0.839210764199,5.0495,2.309741804287));
#4265 = CARTESIAN_POINT('',(-0.839480658043,5.0495,2.347795986944));
#4266 = ORIENTED_EDGE('',*,*,#4241,.F.);
#4267 = ORIENTED_EDGE('',*,*,#3999,.T.);
#4268 = ORIENTED_EDGE('',*,*,#4269,.T.);
#4269 = EDGE_CURVE('',#3991,#4259,#4270,.T.);
#4270 = B_SPLINE_CURVE_WITH_KNOTS('',1,(#4271,#4272),.UNSPECIFIED.,.F.,
  .F.,(2,2),(-0.,1.E-03),.PIECEWISE_BEZIER_KNOTS.);
#4271 = CARTESIAN_POINT('',(-0.839480658043,5.0505,2.347795986944));
#4272 = CARTESIAN_POINT('',(-0.839480658043,5.0495,2.347795986944));
#4273 = B_SPLINE_SURFACE_WITH_KNOTS('',3,1,(
    (#4274,#4275)
    ,(#4276,#4277)
    ,(#4278,#4279)
    ,(#4280,#4281
    )),.UNSPECIFIED.,.F.,.F.,.F.,(4,4),(2,2),(3.,4.),(0.,1.),
  .PIECEWISE_BEZIER_KNOTS.);
#4274 = CARTESIAN_POINT('',(-0.806255683564,5.0505,2.259286060228));
#4275 = CARTESIAN_POINT('',(-0.806255683564,5.0495,2.259286060228));
#4276 = CARTESIAN_POINT('',(-0.828161397293,5.0505,2.28018632444));
#4277 = CARTESIAN_POINT('',(-0.828161397293,5.0495,2.28018632444));
#4278 = CARTESIAN_POINT('',(-0.839210764199,5.0505,2.309741804287));
#4279 = CARTESIAN_POINT('',(-0.839210764199,5.0495,2.309741804287));
#4280 = CARTESIAN_POINT('',(-0.839480658043,5.0505,2.347795986944));
#4281 = CARTESIAN_POINT('',(-0.839480658043,5.0495,2.347795986944));
#4282 = ADVANCED_FACE('',(#4283),#4301,.T.);
#4283 = FACE_BOUND('',#4284,.T.);
#4284 = EDGE_LOOP('',(#4285,#4294,#4295,#4296));
#4285 = ORIENTED_EDGE('',*,*,#4286,.F.);
#4286 = EDGE_CURVE('',#4259,#4287,#4289,.T.);
#4287 = VERTEX_POINT('',#4288);
#4288 = CARTESIAN_POINT('',(-0.806636761846,5.0495,2.43396708069));
#4289 = B_SPLINE_CURVE_WITH_KNOTS('',3,(#4290,#4291,#4292,#4293),
  .UNSPECIFIED.,.F.,.F.,(4,4),(4.,5.),.PIECEWISE_BEZIER_KNOTS.);
#4290 = CARTESIAN_POINT('',(-0.839480658043,5.0495,2.347795986944));
#4291 = CARTESIAN_POINT('',(-0.839750551887,5.0495,2.385850169602));
#4292 = CARTESIAN_POINT('',(-0.828802955194,5.0495,2.414625854106));
#4293 = CARTESIAN_POINT('',(-0.806636761846,5.0495,2.43396708069));
#4294 = ORIENTED_EDGE('',*,*,#4269,.F.);
#4295 = ORIENTED_EDGE('',*,*,#3990,.T.);
#4296 = ORIENTED_EDGE('',*,*,#4297,.T.);
#4297 = EDGE_CURVE('',#3982,#4287,#4298,.T.);
#4298 = B_SPLINE_CURVE_WITH_KNOTS('',1,(#4299,#4300),.UNSPECIFIED.,.F.,
  .F.,(2,2),(-0.,1.E-03),.PIECEWISE_BEZIER_KNOTS.);
#4299 = CARTESIAN_POINT('',(-0.806636761846,5.0505,2.43396708069));
#4300 = CARTESIAN_POINT('',(-0.806636761846,5.0495,2.43396708069));
#4301 = B_SPLINE_SURFACE_WITH_KNOTS('',3,1,(
    (#4302,#4303)
    ,(#4304,#4305)
    ,(#4306,#4307)
    ,(#4308,#4309
    )),.UNSPECIFIED.,.F.,.F.,.F.,(4,4),(2,2),(4.,5.),(0.,1.),
  .PIECEWISE_BEZIER_KNOTS.);
#4302 = CARTESIAN_POINT('',(-0.839480658043,5.0505,2.347795986944));
#4303 = CARTESIAN_POINT('',(-0.839480658043,5.0495,2.347795986944));
#4304 = CARTESIAN_POINT('',(-0.839750551887,5.0505,2.385850169602));
#4305 = CARTESIAN_POINT('',(-0.839750551887,5.0495,2.385850169602));
#4306 = CARTESIAN_POINT('',(-0.828802955194,5.0505,2.414625854106));
#4307 = CARTESIAN_POINT('',(-0.828802955194,5.0495,2.414625854106));
#4308 = CARTESIAN_POINT('',(-0.806636761846,5.0505,2.43396708069));
#4309 = CARTESIAN_POINT('',(-0.806636761846,5.0495,2.43396708069));
#4310 = ADVANCED_FACE('',(#4311),#4323,.T.);
#4311 = FACE_BOUND('',#4312,.T.);
#4312 = EDGE_LOOP('',(#4313,#4320,#4321,#4322));
#4313 = ORIENTED_EDGE('',*,*,#4314,.F.);
#4314 = EDGE_CURVE('',#4287,#4159,#4315,.T.);
#4315 = B_SPLINE_CURVE_WITH_KNOTS('',3,(#4316,#4317,#4318,#4319),
  .UNSPECIFIED.,.F.,.F.,(4,4),(5.,6.),.PIECEWISE_BEZIER_KNOTS.);
#4316 = CARTESIAN_POINT('',(-0.806636761846,5.0495,2.43396708069));
#4317 = CARTESIAN_POINT('',(-0.784470568495,5.0495,2.453308307275));
#4318 = CARTESIAN_POINT('',(-0.755139626256,5.0495,2.463030356995));
#4319 = CARTESIAN_POINT('',(-0.718801001013,5.0495,2.463288083494));
#4320 = ORIENTED_EDGE('',*,*,#4297,.F.);
#4321 = ORIENTED_EDGE('',*,*,#3981,.T.);
#4322 = ORIENTED_EDGE('',*,*,#4167,.T.);
#4323 = B_SPLINE_SURFACE_WITH_KNOTS('',3,1,(
    (#4324,#4325)
    ,(#4326,#4327)
    ,(#4328,#4329)
    ,(#4330,#4331
    )),.UNSPECIFIED.,.F.,.F.,.F.,(4,4),(2,2),(5.,6.),(0.,1.),
  .PIECEWISE_BEZIER_KNOTS.);
#4324 = CARTESIAN_POINT('',(-0.806636761846,5.0505,2.43396708069));
#4325 = CARTESIAN_POINT('',(-0.806636761846,5.0495,2.43396708069));
#4326 = CARTESIAN_POINT('',(-0.784470568495,5.0505,2.453308307275));
#4327 = CARTESIAN_POINT('',(-0.784470568495,5.0495,2.453308307275));
#4328 = CARTESIAN_POINT('',(-0.755139626256,5.0505,2.463030356995));
#4329 = CARTESIAN_POINT('',(-0.755139626256,5.0495,2.463030356995));
#4330 = CARTESIAN_POINT('',(-0.718801001013,5.0505,2.463288083494));
#4331 = CARTESIAN_POINT('',(-0.718801001013,5.0495,2.463288083494));
#4332 = ADVANCED_FACE('',(#4333),#4342,.F.);
#4333 = FACE_BOUND('',#4334,.T.);
#4334 = EDGE_LOOP('',(#4335,#4336,#4337,#4338,#4339,#4340,#4341));
#4335 = ORIENTED_EDGE('',*,*,#4314,.T.);
#4336 = ORIENTED_EDGE('',*,*,#4158,.T.);
#4337 = ORIENTED_EDGE('',*,*,#4186,.T.);
#4338 = ORIENTED_EDGE('',*,*,#4208,.T.);
#4339 = ORIENTED_EDGE('',*,*,#4230,.T.);
#4340 = ORIENTED_EDGE('',*,*,#4258,.T.);
#4341 = ORIENTED_EDGE('',*,*,#4286,.T.);
#4342 = B_SPLINE_SURFACE_WITH_KNOTS('',1,1,(
    (#4343,#4344)
    ,(#4345,#4346
    )),.UNSPECIFIED.,.F.,.F.,.F.,(2,2),(2,2),(1.736385157363,
    1.972161493099),(4.210249448113,4.378953141986),
  .PIECEWISE_BEZIER_KNOTS.);
#4343 = CARTESIAN_POINT('',(-0.839750551887,5.0495,2.463614942637));
#4344 = CARTESIAN_POINT('',(-0.671046858014,5.0495,2.463614942637));
#4345 = CARTESIAN_POINT('',(-0.839750551887,5.0495,2.227838606901));
#4346 = CARTESIAN_POINT('',(-0.671046858014,5.0495,2.227838606901));
#4347 = ADVANCED_FACE('',(#4348,#4406),#4454,.F.);
#4348 = FACE_BOUND('',#4349,.T.);
#4349 = EDGE_LOOP('',(#4350,#4359,#4366,#4373,#4380,#4387,#4394,#4401));
#4350 = ORIENTED_EDGE('',*,*,#4351,.T.);
#4351 = EDGE_CURVE('',#4352,#4354,#4356,.T.);
#4352 = VERTEX_POINT('',#4353);
#4353 = CARTESIAN_POINT('',(-1.171197098707,5.0505,2.190099596));
#4354 = VERTEX_POINT('',#4355);
#4355 = CARTESIAN_POINT('',(-1.057170649032,5.0505,2.495980957442));
#4356 = B_SPLINE_CURVE_WITH_KNOTS('',1,(#4357,#4358),.UNSPECIFIED.,.F.,
  .F.,(2,2),(-0.326443622243,0.),.PIECEWISE_BEZIER_KNOTS.);
#4357 = CARTESIAN_POINT('',(-1.171197098707,5.0505,2.190099596));
#4358 = CARTESIAN_POINT('',(-1.057170649032,5.0505,2.495980957442));
#4359 = ORIENTED_EDGE('',*,*,#4360,.T.);
#4360 = EDGE_CURVE('',#4354,#4361,#4363,.T.);
#4361 = VERTEX_POINT('',#4362);
#4362 = CARTESIAN_POINT('',(-1.015061512485,5.0505,2.496279610467));
#4363 = B_SPLINE_CURVE_WITH_KNOTS('',1,(#4364,#4365),.UNSPECIFIED.,.F.,
  .F.,(2,2),(-4.211019561068E-02,0.),.PIECEWISE_BEZIER_KNOTS.);
#4364 = CARTESIAN_POINT('',(-1.057170649032,5.0505,2.495980957442));
#4365 = CARTESIAN_POINT('',(-1.015061512485,5.0505,2.496279610467));
#4366 = ORIENTED_EDGE('',*,*,#4367,.T.);
#4367 = EDGE_CURVE('',#4361,#4368,#4370,.T.);
#4368 = VERTEX_POINT('',#4369);
#4369 = CARTESIAN_POINT('',(-0.896707912326,5.0505,2.19204637127));
#4370 = B_SPLINE_CURVE_WITH_KNOTS('',1,(#4371,#4372),.UNSPECIFIED.,.F.,
  .F.,(2,2),(-0.326443622243,0.),.PIECEWISE_BEZIER_KNOTS.);
#4371 = CARTESIAN_POINT('',(-1.015061512485,5.0505,2.496279610467));
#4372 = CARTESIAN_POINT('',(-0.896707912326,5.0505,2.19204637127));
#4373 = ORIENTED_EDGE('',*,*,#4374,.T.);
#4374 = EDGE_CURVE('',#4368,#4375,#4377,.T.);
#4375 = VERTEX_POINT('',#4376);
#4376 = CARTESIAN_POINT('',(-0.940220686757,5.0505,2.191737763145));
#4377 = B_SPLINE_CURVE_WITH_KNOTS('',1,(#4378,#4379),.UNSPECIFIED.,.F.,
  .F.,(2,2),(-4.35138687961E-02,-0.),.PIECEWISE_BEZIER_KNOTS.);
#4378 = CARTESIAN_POINT('',(-0.896707912326,5.0505,2.19204637127));
#4379 = CARTESIAN_POINT('',(-0.940220686757,5.0505,2.191737763145));
#4380 = ORIENTED_EDGE('',*,*,#4381,.T.);
#4381 = EDGE_CURVE('',#4375,#4382,#4384,.T.);
#4382 = VERTEX_POINT('',#4383);
#4383 = CARTESIAN_POINT('',(-0.970132898012,5.0505,2.27496828642));
#4384 = B_SPLINE_CURVE_WITH_KNOTS('',1,(#4385,#4386),.UNSPECIFIED.,.F.,
  .F.,(2,2),(-8.844241282811E-02,0.),.PIECEWISE_BEZIER_KNOTS.);
#4385 = CARTESIAN_POINT('',(-0.940220686757,5.0505,2.191737763145));
#4386 = CARTESIAN_POINT('',(-0.970132898012,5.0505,2.27496828642));
#4387 = ORIENTED_EDGE('',*,*,#4388,.T.);
#4388 = EDGE_CURVE('',#4382,#4389,#4391,.T.);
#4389 = VERTEX_POINT('',#4390);
#4390 = CARTESIAN_POINT('',(-1.097162126597,5.0505,2.274067349797));
#4391 = B_SPLINE_CURVE_WITH_KNOTS('',1,(#4392,#4393),.UNSPECIFIED.,.F.,
  .F.,(2,2),(-0.127032423427,-0.),.PIECEWISE_BEZIER_KNOTS.);
#4392 = CARTESIAN_POINT('',(-0.970132898012,5.0505,2.27496828642));
#4393 = CARTESIAN_POINT('',(-1.097162126597,5.0505,2.274067349797));
#4394 = ORIENTED_EDGE('',*,*,#4395,.T.);
#4395 = EDGE_CURVE('',#4389,#4396,#4398,.T.);
#4396 = VERTEX_POINT('',#4397);
#4397 = CARTESIAN_POINT('',(-1.127684324275,5.0505,2.190408204125));
#4398 = B_SPLINE_CURVE_WITH_KNOTS('',1,(#4399,#4400),.UNSPECIFIED.,.F.,
  .F.,(2,2),(-8.905311451925E-02,-0.),.PIECEWISE_BEZIER_KNOTS.);
#4399 = CARTESIAN_POINT('',(-1.097162126597,5.0505,2.274067349797));
#4400 = CARTESIAN_POINT('',(-1.127684324275,5.0505,2.190408204125));
#4401 = ORIENTED_EDGE('',*,*,#4402,.T.);
#4402 = EDGE_CURVE('',#4396,#4352,#4403,.T.);
#4403 = B_SPLINE_CURVE_WITH_KNOTS('',1,(#4404,#4405),.UNSPECIFIED.,.F.,
  .F.,(2,2),(-4.351386879818E-02,-0.),.PIECEWISE_BEZIER_KNOTS.);
#4404 = CARTESIAN_POINT('',(-1.127684324275,5.0505,2.190408204125));
#4405 = CARTESIAN_POINT('',(-1.171197098707,5.0505,2.190099596));
#4406 = FACE_BOUND('',#4407,.T.);
#4407 = EDGE_LOOP('',(#4408,#4417,#4424,#4433,#4440,#4449));
#4408 = ORIENTED_EDGE('',*,*,#4409,.F.);
#4409 = EDGE_CURVE('',#4410,#4412,#4414,.T.);
#4410 = VERTEX_POINT('',#4411);
#4411 = CARTESIAN_POINT('',(-0.982854132242,5.0505,2.309346904698));
#4412 = VERTEX_POINT('',#4413);
#4413 = CARTESIAN_POINT('',(-1.085241717958,5.0505,2.3086207354));
#4414 = B_SPLINE_CURVE_WITH_KNOTS('',1,(#4415,#4416),.UNSPECIFIED.,.F.,
  .F.,(2,2),(0.,0.102390160809),.PIECEWISE_BEZIER_KNOTS.);
#4415 = CARTESIAN_POINT('',(-0.982854132242,5.0505,2.309346904698));
#4416 = CARTESIAN_POINT('',(-1.085241717958,5.0505,2.3086207354));
#4417 = ORIENTED_EDGE('',*,*,#4418,.F.);
#4418 = EDGE_CURVE('',#4419,#4410,#4421,.T.);
#4419 = VERTEX_POINT('',#4420);
#4420 = CARTESIAN_POINT('',(-1.029371640942,5.0505,2.435818652857));
#4421 = B_SPLINE_CURVE_WITH_KNOTS('',1,(#4422,#4423),.UNSPECIFIED.,.F.,
  .F.,(2,2),(-3.401408957788E-16,0.134755265938),
  .PIECEWISE_BEZIER_KNOTS.);
#4422 = CARTESIAN_POINT('',(-1.029371640942,5.0505,2.435818652857));
#4423 = CARTESIAN_POINT('',(-0.982854132242,5.0505,2.309346904698));
#4424 = ORIENTED_EDGE('',*,*,#4425,.F.);
#4425 = EDGE_CURVE('',#4426,#4419,#4428,.T.);
#4426 = VERTEX_POINT('',#4427);
#4427 = CARTESIAN_POINT('',(-1.034513892179,5.0505,2.457149744748));
#4428 = B_SPLINE_CURVE_WITH_KNOTS('',3,(#4429,#4430,#4431,#4432),
  .UNSPECIFIED.,.F.,.F.,(4,4),(3.,4.),.PIECEWISE_BEZIER_KNOTS.);
#4429 = CARTESIAN_POINT('',(-1.034513892179,5.0505,2.457149744748));
#4430 = CARTESIAN_POINT('',(-1.032967013194,5.0505,2.447958626775));
#4431 = CARTESIAN_POINT('',(-1.031278554036,5.0505,2.44079609187));
#4432 = CARTESIAN_POINT('',(-1.029371640942,5.0505,2.435818652857));
#4433 = ORIENTED_EDGE('',*,*,#4434,.F.);
#4434 = EDGE_CURVE('',#4435,#4426,#4437,.T.);
#4435 = VERTEX_POINT('',#4436);
#4436 = CARTESIAN_POINT('',(-1.035449650768,5.0505,2.457143108014));
#4437 = B_SPLINE_CURVE_WITH_KNOTS('',1,(#4438,#4439),.UNSPECIFIED.,.F.,
  .F.,(2,2),(-3.14955995049E-18,9.357821236193E-04),
  .PIECEWISE_BEZIER_KNOTS.);
#4438 = CARTESIAN_POINT('',(-1.035449650768,5.0505,2.457143108014));
#4439 = CARTESIAN_POINT('',(-1.034513892179,5.0505,2.457149744748));
#4440 = ORIENTED_EDGE('',*,*,#4441,.F.);
#4441 = EDGE_CURVE('',#4442,#4435,#4444,.T.);
#4442 = VERTEX_POINT('',#4443);
#4443 = CARTESIAN_POINT('',(-1.040054884844,5.0505,2.435742883479));
#4444 = B_SPLINE_CURVE_WITH_KNOTS('',3,(#4445,#4446,#4447,#4448),
  .UNSPECIFIED.,.F.,.F.,(4,4),(1.,2.),.PIECEWISE_BEZIER_KNOTS.);
#4445 = CARTESIAN_POINT('',(-1.040054884844,5.0505,2.435742883479));
#4446 = CARTESIAN_POINT('',(-1.038603132378,5.0505,2.439964305295));
#4447 = CARTESIAN_POINT('',(-1.037093310232,5.0505,2.446993555943));
#4448 = CARTESIAN_POINT('',(-1.035449650768,5.0505,2.457143108014));
#4449 = ORIENTED_EDGE('',*,*,#4450,.F.);
#4450 = EDGE_CURVE('',#4412,#4442,#4451,.T.);
#4451 = B_SPLINE_CURVE_WITH_KNOTS('',1,(#4452,#4453),.UNSPECIFIED.,.F.,
  .F.,(2,2),(0.,0.13491438181),.PIECEWISE_BEZIER_KNOTS.);
#4452 = CARTESIAN_POINT('',(-1.085241717958,5.0505,2.3086207354));
#4453 = CARTESIAN_POINT('',(-1.040054884844,5.0505,2.435742883479));
#4454 = B_SPLINE_SURFACE_WITH_KNOTS('',1,1,(
    (#4455,#4456)
    ,(#4457,#4458
    )),.UNSPECIFIED.,.F.,.F.,.F.,(2,2),(2,2),(-2.496279510467,
    -2.190099496),(-1.171197098707,-0.896707912326),
  .PIECEWISE_BEZIER_KNOTS.);
#4455 = CARTESIAN_POINT('',(-1.171197098707,5.0505,2.496279610467));
#4456 = CARTESIAN_POINT('',(-0.896707912326,5.0505,2.496279610467));
#4457 = CARTESIAN_POINT('',(-1.171197098707,5.0505,2.190099596));
#4458 = CARTESIAN_POINT('',(-0.896707912326,5.0505,2.190099596));
#4459 = ADVANCED_FACE('',(#4460),#4474,.F.);
#4460 = FACE_BOUND('',#4461,.T.);
#4461 = EDGE_LOOP('',(#4462,#4463,#4468,#4469));
#4462 = ORIENTED_EDGE('',*,*,#683,.T.);
#4463 = ORIENTED_EDGE('',*,*,#4464,.F.);
#4464 = EDGE_CURVE('',#4354,#686,#4465,.T.);
#4465 = B_SPLINE_CURVE_WITH_KNOTS('',1,(#4466,#4467),.UNSPECIFIED.,.F.,
  .F.,(2,2),(-0.,1.E-03),.PIECEWISE_BEZIER_KNOTS.);
#4466 = CARTESIAN_POINT('',(-1.057170649032,5.0505,2.495980957442));
#4467 = CARTESIAN_POINT('',(-1.057170649032,5.0495,2.495980957442));
#4468 = ORIENTED_EDGE('',*,*,#4351,.F.);
#4469 = ORIENTED_EDGE('',*,*,#4470,.T.);
#4470 = EDGE_CURVE('',#4352,#684,#4471,.T.);
#4471 = B_SPLINE_CURVE_WITH_KNOTS('',1,(#4472,#4473),.UNSPECIFIED.,.F.,
  .F.,(2,2),(-0.,1.E-03),.PIECEWISE_BEZIER_KNOTS.);
#4472 = CARTESIAN_POINT('',(-1.171197098707,5.0505,2.190099596));
#4473 = CARTESIAN_POINT('',(-1.171197098707,5.0495,2.190099596));
#4474 = B_SPLINE_SURFACE_WITH_KNOTS('',1,1,(
    (#4475,#4476)
    ,(#4477,#4478
    )),.UNSPECIFIED.,.F.,.F.,.F.,(2,2),(2,2),(-0.,0.326443622243),(
    -1.E-03,0.),.PIECEWISE_BEZIER_KNOTS.);
#4475 = CARTESIAN_POINT('',(-1.057170649032,5.0495,2.495980957442));
#4476 = CARTESIAN_POINT('',(-1.057170649032,5.0505,2.495980957442));
#4477 = CARTESIAN_POINT('',(-1.171197098707,5.0495,2.190099596));
#4478 = CARTESIAN_POINT('',(-1.171197098707,5.0505,2.190099596));
#4479 = ADVANCED_FACE('',(#4480),#4490,.F.);
#4480 = FACE_BOUND('',#4481,.T.);
#4481 = EDGE_LOOP('',(#4482,#4483,#4488,#4489));
#4482 = ORIENTED_EDGE('',*,*,#734,.T.);
#4483 = ORIENTED_EDGE('',*,*,#4484,.F.);
#4484 = EDGE_CURVE('',#4361,#728,#4485,.T.);
#4485 = B_SPLINE_CURVE_WITH_KNOTS('',1,(#4486,#4487),.UNSPECIFIED.,.F.,
  .F.,(2,2),(-0.,1.E-03),.PIECEWISE_BEZIER_KNOTS.);
#4486 = CARTESIAN_POINT('',(-1.015061512485,5.0505,2.496279610467));
#4487 = CARTESIAN_POINT('',(-1.015061512485,5.0495,2.496279610467));
#4488 = ORIENTED_EDGE('',*,*,#4360,.F.);
#4489 = ORIENTED_EDGE('',*,*,#4464,.T.);
#4490 = B_SPLINE_SURFACE_WITH_KNOTS('',1,1,(
    (#4491,#4492)
    ,(#4493,#4494
    )),.UNSPECIFIED.,.F.,.F.,.F.,(2,2),(2,2),(-8.913056421284E-16,
    4.211019561068E-02),(-1.E-03,0.),.PIECEWISE_BEZIER_KNOTS.);
#4491 = CARTESIAN_POINT('',(-1.015061512485,5.0495,2.496279610467));
#4492 = CARTESIAN_POINT('',(-1.015061512485,5.0505,2.496279610467));
#4493 = CARTESIAN_POINT('',(-1.057170649032,5.0495,2.495980957442));
#4494 = CARTESIAN_POINT('',(-1.057170649032,5.0505,2.495980957442));
#4495 = ADVANCED_FACE('',(#4496),#4506,.F.);
#4496 = FACE_BOUND('',#4497,.T.);
#4497 = EDGE_LOOP('',(#4498,#4499,#4504,#4505));
#4498 = ORIENTED_EDGE('',*,*,#727,.T.);
#4499 = ORIENTED_EDGE('',*,*,#4500,.F.);
#4500 = EDGE_CURVE('',#4368,#721,#4501,.T.);
#4501 = B_SPLINE_CURVE_WITH_KNOTS('',1,(#4502,#4503),.UNSPECIFIED.,.F.,
  .F.,(2,2),(-0.,1.E-03),.PIECEWISE_BEZIER_KNOTS.);
#4502 = CARTESIAN_POINT('',(-0.896707912326,5.0505,2.19204637127));
#4503 = CARTESIAN_POINT('',(-0.896707912326,5.0495,2.19204637127));
#4504 = ORIENTED_EDGE('',*,*,#4367,.F.);
#4505 = ORIENTED_EDGE('',*,*,#4484,.T.);
#4506 = B_SPLINE_SURFACE_WITH_KNOTS('',1,1,(
    (#4507,#4508)
    ,(#4509,#4510
    )),.UNSPECIFIED.,.F.,.F.,.F.,(2,2),(2,2),(0.,0.326443622243),(
    -1.E-03,0.),.PIECEWISE_BEZIER_KNOTS.);
#4507 = CARTESIAN_POINT('',(-0.896707912326,5.0495,2.19204637127));
#4508 = CARTESIAN_POINT('',(-0.896707912326,5.0505,2.19204637127));
#4509 = CARTESIAN_POINT('',(-1.015061512485,5.0495,2.496279610467));
#4510 = CARTESIAN_POINT('',(-1.015061512485,5.0505,2.496279610467));
#4511 = ADVANCED_FACE('',(#4512),#4522,.F.);
#4512 = FACE_BOUND('',#4513,.T.);
#4513 = EDGE_LOOP('',(#4514,#4515,#4520,#4521));
#4514 = ORIENTED_EDGE('',*,*,#720,.T.);
#4515 = ORIENTED_EDGE('',*,*,#4516,.F.);
#4516 = EDGE_CURVE('',#4375,#714,#4517,.T.);
#4517 = B_SPLINE_CURVE_WITH_KNOTS('',1,(#4518,#4519),.UNSPECIFIED.,.F.,
  .F.,(2,2),(-0.,1.E-03),.PIECEWISE_BEZIER_KNOTS.);
#4518 = CARTESIAN_POINT('',(-0.940220686757,5.0505,2.191737763145));
#4519 = CARTESIAN_POINT('',(-0.940220686757,5.0495,2.191737763145));
#4520 = ORIENTED_EDGE('',*,*,#4374,.F.);
#4521 = ORIENTED_EDGE('',*,*,#4500,.T.);
#4522 = B_SPLINE_SURFACE_WITH_KNOTS('',1,1,(
    (#4523,#4524)
    ,(#4525,#4526
    )),.UNSPECIFIED.,.F.,.F.,.F.,(2,2),(2,2),(-3.149559950604E-18,
    4.35138687961E-02),(-1.E-03,0.),.PIECEWISE_BEZIER_KNOTS.);
#4523 = CARTESIAN_POINT('',(-0.940220686757,5.0495,2.191737763145));
#4524 = CARTESIAN_POINT('',(-0.940220686757,5.0505,2.191737763145));
#4525 = CARTESIAN_POINT('',(-0.896707912326,5.0495,2.19204637127));
#4526 = CARTESIAN_POINT('',(-0.896707912326,5.0505,2.19204637127));
#4527 = ADVANCED_FACE('',(#4528),#4538,.F.);
#4528 = FACE_BOUND('',#4529,.T.);
#4529 = EDGE_LOOP('',(#4530,#4531,#4536,#4537));
#4530 = ORIENTED_EDGE('',*,*,#713,.T.);
#4531 = ORIENTED_EDGE('',*,*,#4532,.F.);
#4532 = EDGE_CURVE('',#4382,#707,#4533,.T.);
#4533 = B_SPLINE_CURVE_WITH_KNOTS('',1,(#4534,#4535),.UNSPECIFIED.,.F.,
  .F.,(2,2),(-0.,1.E-03),.PIECEWISE_BEZIER_KNOTS.);
#4534 = CARTESIAN_POINT('',(-0.970132898012,5.0505,2.27496828642));
#4535 = CARTESIAN_POINT('',(-0.970132898012,5.0495,2.27496828642));
#4536 = ORIENTED_EDGE('',*,*,#4381,.F.);
#4537 = ORIENTED_EDGE('',*,*,#4516,.T.);
#4538 = B_SPLINE_SURFACE_WITH_KNOTS('',1,1,(
    (#4539,#4540)
    ,(#4541,#4542
    )),.UNSPECIFIED.,.F.,.F.,.F.,(2,2),(2,2),(0.,8.844241282812E-02),(
    -1.E-03,0.),.PIECEWISE_BEZIER_KNOTS.);
#4539 = CARTESIAN_POINT('',(-0.970132898012,5.0495,2.27496828642));
#4540 = CARTESIAN_POINT('',(-0.970132898012,5.0505,2.27496828642));
#4541 = CARTESIAN_POINT('',(-0.940220686757,5.0495,2.191737763145));
#4542 = CARTESIAN_POINT('',(-0.940220686757,5.0505,2.191737763145));
#4543 = ADVANCED_FACE('',(#4544),#4554,.F.);
#4544 = FACE_BOUND('',#4545,.T.);
#4545 = EDGE_LOOP('',(#4546,#4547,#4552,#4553));
#4546 = ORIENTED_EDGE('',*,*,#706,.T.);
#4547 = ORIENTED_EDGE('',*,*,#4548,.F.);
#4548 = EDGE_CURVE('',#4389,#700,#4549,.T.);
#4549 = B_SPLINE_CURVE_WITH_KNOTS('',1,(#4550,#4551),.UNSPECIFIED.,.F.,
  .F.,(2,2),(-0.,1.E-03),.PIECEWISE_BEZIER_KNOTS.);
#4550 = CARTESIAN_POINT('',(-1.097162126597,5.0505,2.274067349797));
#4551 = CARTESIAN_POINT('',(-1.097162126597,5.0495,2.274067349797));
#4552 = ORIENTED_EDGE('',*,*,#4388,.F.);
#4553 = ORIENTED_EDGE('',*,*,#4532,.T.);
#4554 = B_SPLINE_SURFACE_WITH_KNOTS('',1,1,(
    (#4555,#4556)
    ,(#4557,#4558
    )),.UNSPECIFIED.,.F.,.F.,.F.,(2,2),(2,2),(0.,0.127032423427),(
    -1.E-03,0.),.PIECEWISE_BEZIER_KNOTS.);
#4555 = CARTESIAN_POINT('',(-1.097162126597,5.0495,2.274067349797));
#4556 = CARTESIAN_POINT('',(-1.097162126597,5.0505,2.274067349797));
#4557 = CARTESIAN_POINT('',(-0.970132898012,5.0495,2.27496828642));
#4558 = CARTESIAN_POINT('',(-0.970132898012,5.0505,2.27496828642));
#4559 = ADVANCED_FACE('',(#4560),#4570,.F.);
#4560 = FACE_BOUND('',#4561,.T.);
#4561 = EDGE_LOOP('',(#4562,#4563,#4568,#4569));
#4562 = ORIENTED_EDGE('',*,*,#699,.T.);
#4563 = ORIENTED_EDGE('',*,*,#4564,.F.);
#4564 = EDGE_CURVE('',#4396,#693,#4565,.T.);
#4565 = B_SPLINE_CURVE_WITH_KNOTS('',1,(#4566,#4567),.UNSPECIFIED.,.F.,
  .F.,(2,2),(-0.,1.E-03),.PIECEWISE_BEZIER_KNOTS.);
#4566 = CARTESIAN_POINT('',(-1.127684324275,5.0505,2.190408204125));
#4567 = CARTESIAN_POINT('',(-1.127684324275,5.0495,2.190408204125));
#4568 = ORIENTED_EDGE('',*,*,#4395,.F.);
#4569 = ORIENTED_EDGE('',*,*,#4548,.T.);
#4570 = B_SPLINE_SURFACE_WITH_KNOTS('',1,1,(
    (#4571,#4572)
    ,(#4573,#4574
    )),.UNSPECIFIED.,.F.,.F.,.F.,(2,2),(2,2),(-2.283117000955E-16,
    8.905311451925E-02),(-1.E-03,0.),.PIECEWISE_BEZIER_KNOTS.);
#4571 = CARTESIAN_POINT('',(-1.127684324275,5.0495,2.190408204125));
#4572 = CARTESIAN_POINT('',(-1.127684324275,5.0505,2.190408204125));
#4573 = CARTESIAN_POINT('',(-1.097162126597,5.0495,2.274067349797));
#4574 = CARTESIAN_POINT('',(-1.097162126597,5.0505,2.274067349797));
#4575 = ADVANCED_FACE('',(#4576),#4582,.F.);
#4576 = FACE_BOUND('',#4577,.T.);
#4577 = EDGE_LOOP('',(#4578,#4579,#4580,#4581));
#4578 = ORIENTED_EDGE('',*,*,#692,.T.);
#4579 = ORIENTED_EDGE('',*,*,#4470,.F.);
#4580 = ORIENTED_EDGE('',*,*,#4402,.F.);
#4581 = ORIENTED_EDGE('',*,*,#4564,.T.);
#4582 = B_SPLINE_SURFACE_WITH_KNOTS('',1,1,(
    (#4583,#4584)
    ,(#4585,#4586
    )),.UNSPECIFIED.,.F.,.F.,.F.,(2,2),(2,2),(0.,4.351386879818E-02),(
    -1.E-03,0.),.PIECEWISE_BEZIER_KNOTS.);
#4583 = CARTESIAN_POINT('',(-1.171197098707,5.0495,2.190099596));
#4584 = CARTESIAN_POINT('',(-1.171197098707,5.0505,2.190099596));
#4585 = CARTESIAN_POINT('',(-1.127684324275,5.0495,2.190408204125));
#4586 = CARTESIAN_POINT('',(-1.127684324275,5.0505,2.190408204125));
#4587 = ADVANCED_FACE('',(#4588),#4610,.T.);
#4588 = FACE_BOUND('',#4589,.T.);
#4589 = EDGE_LOOP('',(#4590,#4599,#4604,#4605));
#4590 = ORIENTED_EDGE('',*,*,#4591,.F.);
#4591 = EDGE_CURVE('',#4592,#4594,#4596,.T.);
#4592 = VERTEX_POINT('',#4593);
#4593 = CARTESIAN_POINT('',(-0.982854132242,5.0495,2.309346904698));
#4594 = VERTEX_POINT('',#4595);
#4595 = CARTESIAN_POINT('',(-1.085241717958,5.0495,2.3086207354));
#4596 = B_SPLINE_CURVE_WITH_KNOTS('',1,(#4597,#4598),.UNSPECIFIED.,.F.,
  .F.,(2,2),(-3.330585308167E-16,0.102390160809),
  .PIECEWISE_BEZIER_KNOTS.);
#4597 = CARTESIAN_POINT('',(-0.982854132242,5.0495,2.309346904698));
#4598 = CARTESIAN_POINT('',(-1.085241717958,5.0495,2.3086207354));
#4599 = ORIENTED_EDGE('',*,*,#4600,.F.);
#4600 = EDGE_CURVE('',#4410,#4592,#4601,.T.);
#4601 = B_SPLINE_CURVE_WITH_KNOTS('',1,(#4602,#4603),.UNSPECIFIED.,.F.,
  .F.,(2,2),(-0.,1.E-03),.PIECEWISE_BEZIER_KNOTS.);
#4602 = CARTESIAN_POINT('',(-0.982854132242,5.0505,2.309346904698));
#4603 = CARTESIAN_POINT('',(-0.982854132242,5.0495,2.309346904698));
#4604 = ORIENTED_EDGE('',*,*,#4409,.T.);
#4605 = ORIENTED_EDGE('',*,*,#4606,.T.);
#4606 = EDGE_CURVE('',#4412,#4594,#4607,.T.);
#4607 = B_SPLINE_CURVE_WITH_KNOTS('',1,(#4608,#4609),.UNSPECIFIED.,.F.,
  .F.,(2,2),(-0.,1.E-03),.PIECEWISE_BEZIER_KNOTS.);
#4608 = CARTESIAN_POINT('',(-1.085241717958,5.0505,2.3086207354));
#4609 = CARTESIAN_POINT('',(-1.085241717958,5.0495,2.3086207354));
#4610 = B_SPLINE_SURFACE_WITH_KNOTS('',1,1,(
    (#4611,#4612)
    ,(#4613,#4614
    )),.UNSPECIFIED.,.F.,.F.,.F.,(2,2),(2,2),(-0.102390160809,
    3.330585308167E-16),(-1.E-03,0.),.PIECEWISE_BEZIER_KNOTS.);
#4611 = CARTESIAN_POINT('',(-1.085241717958,5.0495,2.3086207354));
#4612 = CARTESIAN_POINT('',(-1.085241717958,5.0505,2.3086207354));
#4613 = CARTESIAN_POINT('',(-0.982854132242,5.0495,2.309346904698));
#4614 = CARTESIAN_POINT('',(-0.982854132242,5.0505,2.309346904698));
#4615 = ADVANCED_FACE('',(#4616),#4632,.T.);
#4616 = FACE_BOUND('',#4617,.T.);
#4617 = EDGE_LOOP('',(#4618,#4625,#4626,#4627));
#4618 = ORIENTED_EDGE('',*,*,#4619,.F.);
#4619 = EDGE_CURVE('',#4594,#4620,#4622,.T.);
#4620 = VERTEX_POINT('',#4621);
#4621 = CARTESIAN_POINT('',(-1.040054884844,5.0495,2.435742883479));
#4622 = B_SPLINE_CURVE_WITH_KNOTS('',1,(#4623,#4624),.UNSPECIFIED.,.F.,
  .F.,(2,2),(0.,0.13491438181),.PIECEWISE_BEZIER_KNOTS.);
#4623 = CARTESIAN_POINT('',(-1.085241717958,5.0495,2.3086207354));
#4624 = CARTESIAN_POINT('',(-1.040054884844,5.0495,2.435742883479));
#4625 = ORIENTED_EDGE('',*,*,#4606,.F.);
#4626 = ORIENTED_EDGE('',*,*,#4450,.T.);
#4627 = ORIENTED_EDGE('',*,*,#4628,.T.);
#4628 = EDGE_CURVE('',#4442,#4620,#4629,.T.);
#4629 = B_SPLINE_CURVE_WITH_KNOTS('',1,(#4630,#4631),.UNSPECIFIED.,.F.,
  .F.,(2,2),(-0.,1.E-03),.PIECEWISE_BEZIER_KNOTS.);
#4630 = CARTESIAN_POINT('',(-1.040054884844,5.0505,2.435742883479));
#4631 = CARTESIAN_POINT('',(-1.040054884844,5.0495,2.435742883479));
#4632 = B_SPLINE_SURFACE_WITH_KNOTS('',1,1,(
    (#4633,#4634)
    ,(#4635,#4636
    )),.UNSPECIFIED.,.F.,.F.,.F.,(2,2),(2,2),(-0.13491438181,0.),(
    -1.E-03,0.),.PIECEWISE_BEZIER_KNOTS.);
#4633 = CARTESIAN_POINT('',(-1.040054884844,5.0495,2.435742883479));
#4634 = CARTESIAN_POINT('',(-1.040054884844,5.0505,2.435742883479));
#4635 = CARTESIAN_POINT('',(-1.085241717958,5.0495,2.3086207354));
#4636 = CARTESIAN_POINT('',(-1.085241717958,5.0505,2.3086207354));
#4637 = ADVANCED_FACE('',(#4638),#4656,.T.);
#4638 = FACE_BOUND('',#4639,.T.);
#4639 = EDGE_LOOP('',(#4640,#4649,#4650,#4651));
#4640 = ORIENTED_EDGE('',*,*,#4641,.F.);
#4641 = EDGE_CURVE('',#4620,#4642,#4644,.T.);
#4642 = VERTEX_POINT('',#4643);
#4643 = CARTESIAN_POINT('',(-1.035449650768,5.0495,2.457143108014));
#4644 = B_SPLINE_CURVE_WITH_KNOTS('',3,(#4645,#4646,#4647,#4648),
  .UNSPECIFIED.,.F.,.F.,(4,4),(1.,2.),.PIECEWISE_BEZIER_KNOTS.);
#4645 = CARTESIAN_POINT('',(-1.040054884844,5.0495,2.435742883479));
#4646 = CARTESIAN_POINT('',(-1.038603132378,5.0495,2.439964305295));
#4647 = CARTESIAN_POINT('',(-1.037093310232,5.0495,2.446993555943));
#4648 = CARTESIAN_POINT('',(-1.035449650768,5.0495,2.457143108014));
#4649 = ORIENTED_EDGE('',*,*,#4628,.F.);
#4650 = ORIENTED_EDGE('',*,*,#4441,.T.);
#4651 = ORIENTED_EDGE('',*,*,#4652,.T.);
#4652 = EDGE_CURVE('',#4435,#4642,#4653,.T.);
#4653 = B_SPLINE_CURVE_WITH_KNOTS('',1,(#4654,#4655),.UNSPECIFIED.,.F.,
  .F.,(2,2),(-0.,1.E-03),.PIECEWISE_BEZIER_KNOTS.);
#4654 = CARTESIAN_POINT('',(-1.035449650768,5.0505,2.457143108014));
#4655 = CARTESIAN_POINT('',(-1.035449650768,5.0495,2.457143108014));
#4656 = B_SPLINE_SURFACE_WITH_KNOTS('',3,1,(
    (#4657,#4658)
    ,(#4659,#4660)
    ,(#4661,#4662)
    ,(#4663,#4664
    )),.UNSPECIFIED.,.F.,.F.,.F.,(4,4),(2,2),(1.,2.),(0.,1.),
  .PIECEWISE_BEZIER_KNOTS.);
#4657 = CARTESIAN_POINT('',(-1.040054884844,5.0505,2.435742883479));
#4658 = CARTESIAN_POINT('',(-1.040054884844,5.0495,2.435742883479));
#4659 = CARTESIAN_POINT('',(-1.038603132378,5.0505,2.439964305295));
#4660 = CARTESIAN_POINT('',(-1.038603132378,5.0495,2.439964305295));
#4661 = CARTESIAN_POINT('',(-1.037093310232,5.0505,2.446993555943));
#4662 = CARTESIAN_POINT('',(-1.037093310232,5.0495,2.446993555943));
#4663 = CARTESIAN_POINT('',(-1.035449650768,5.0505,2.457143108014));
#4664 = CARTESIAN_POINT('',(-1.035449650768,5.0495,2.457143108014));
#4665 = ADVANCED_FACE('',(#4666),#4682,.T.);
#4666 = FACE_BOUND('',#4667,.T.);
#4667 = EDGE_LOOP('',(#4668,#4675,#4676,#4677));
#4668 = ORIENTED_EDGE('',*,*,#4669,.F.);
#4669 = EDGE_CURVE('',#4642,#4670,#4672,.T.);
#4670 = VERTEX_POINT('',#4671);
#4671 = CARTESIAN_POINT('',(-1.034513892179,5.0495,2.457149744748));
#4672 = B_SPLINE_CURVE_WITH_KNOTS('',1,(#4673,#4674),.UNSPECIFIED.,.F.,
  .F.,(2,2),(-3.14955995049E-18,9.357821236193E-04),
  .PIECEWISE_BEZIER_KNOTS.);
#4673 = CARTESIAN_POINT('',(-1.035449650768,5.0495,2.457143108014));
#4674 = CARTESIAN_POINT('',(-1.034513892179,5.0495,2.457149744748));
#4675 = ORIENTED_EDGE('',*,*,#4652,.F.);
#4676 = ORIENTED_EDGE('',*,*,#4434,.T.);
#4677 = ORIENTED_EDGE('',*,*,#4678,.T.);
#4678 = EDGE_CURVE('',#4426,#4670,#4679,.T.);
#4679 = B_SPLINE_CURVE_WITH_KNOTS('',1,(#4680,#4681),.UNSPECIFIED.,.F.,
  .F.,(2,2),(-0.,1.E-03),.PIECEWISE_BEZIER_KNOTS.);
#4680 = CARTESIAN_POINT('',(-1.034513892179,5.0505,2.457149744748));
#4681 = CARTESIAN_POINT('',(-1.034513892179,5.0495,2.457149744748));
#4682 = B_SPLINE_SURFACE_WITH_KNOTS('',1,1,(
    (#4683,#4684)
    ,(#4685,#4686
    )),.UNSPECIFIED.,.F.,.F.,.F.,(2,2),(2,2),(-9.357821236193E-04,
    3.14955995049E-18),(-1.E-03,0.),.PIECEWISE_BEZIER_KNOTS.);
#4683 = CARTESIAN_POINT('',(-1.034513892179,5.0495,2.457149744748));
#4684 = CARTESIAN_POINT('',(-1.034513892179,5.0505,2.457149744748));
#4685 = CARTESIAN_POINT('',(-1.035449650768,5.0495,2.457143108014));
#4686 = CARTESIAN_POINT('',(-1.035449650768,5.0505,2.457143108014));
#4687 = ADVANCED_FACE('',(#4688),#4706,.T.);
#4688 = FACE_BOUND('',#4689,.T.);
#4689 = EDGE_LOOP('',(#4690,#4699,#4700,#4701));
#4690 = ORIENTED_EDGE('',*,*,#4691,.F.);
#4691 = EDGE_CURVE('',#4670,#4692,#4694,.T.);
#4692 = VERTEX_POINT('',#4693);
#4693 = CARTESIAN_POINT('',(-1.029371640942,5.0495,2.435818652857));
#4694 = B_SPLINE_CURVE_WITH_KNOTS('',3,(#4695,#4696,#4697,#4698),
  .UNSPECIFIED.,.F.,.F.,(4,4),(3.,4.),.PIECEWISE_BEZIER_KNOTS.);
#4695 = CARTESIAN_POINT('',(-1.034513892179,5.0495,2.457149744748));
#4696 = CARTESIAN_POINT('',(-1.032967013194,5.0495,2.447958626775));
#4697 = CARTESIAN_POINT('',(-1.031278554036,5.0495,2.44079609187));
#4698 = CARTESIAN_POINT('',(-1.029371640942,5.0495,2.435818652857));
#4699 = ORIENTED_EDGE('',*,*,#4678,.F.);
#4700 = ORIENTED_EDGE('',*,*,#4425,.T.);
#4701 = ORIENTED_EDGE('',*,*,#4702,.T.);
#4702 = EDGE_CURVE('',#4419,#4692,#4703,.T.);
#4703 = B_SPLINE_CURVE_WITH_KNOTS('',1,(#4704,#4705),.UNSPECIFIED.,.F.,
  .F.,(2,2),(1.7763568394E-15,1.E-03),.PIECEWISE_BEZIER_KNOTS.);
#4704 = CARTESIAN_POINT('',(-1.029371640942,5.0505,2.435818652857));
#4705 = CARTESIAN_POINT('',(-1.029371640942,5.0495,2.435818652857));
#4706 = B_SPLINE_SURFACE_WITH_KNOTS('',3,1,(
    (#4707,#4708)
    ,(#4709,#4710)
    ,(#4711,#4712)
    ,(#4713,#4714
    )),.UNSPECIFIED.,.F.,.F.,.F.,(4,4),(2,2),(3.,4.),(0.,1.),
  .PIECEWISE_BEZIER_KNOTS.);
#4707 = CARTESIAN_POINT('',(-1.034513892179,5.0505,2.457149744748));
#4708 = CARTESIAN_POINT('',(-1.034513892179,5.0495,2.457149744748));
#4709 = CARTESIAN_POINT('',(-1.032967013194,5.0505,2.447958626775));
#4710 = CARTESIAN_POINT('',(-1.032967013194,5.0495,2.447958626775));
#4711 = CARTESIAN_POINT('',(-1.031278554036,5.0505,2.44079609187));
#4712 = CARTESIAN_POINT('',(-1.031278554036,5.0495,2.44079609187));
#4713 = CARTESIAN_POINT('',(-1.029371640942,5.0505,2.435818652857));
#4714 = CARTESIAN_POINT('',(-1.029371640942,5.0495,2.435818652857));
#4715 = ADVANCED_FACE('',(#4716),#4726,.T.);
#4716 = FACE_BOUND('',#4717,.T.);
#4717 = EDGE_LOOP('',(#4718,#4723,#4724,#4725));
#4718 = ORIENTED_EDGE('',*,*,#4719,.F.);
#4719 = EDGE_CURVE('',#4692,#4592,#4720,.T.);
#4720 = B_SPLINE_CURVE_WITH_KNOTS('',1,(#4721,#4722),.UNSPECIFIED.,.F.,
  .F.,(2,2),(-7.664978262162E-17,0.134755265938),
  .PIECEWISE_BEZIER_KNOTS.);
#4721 = CARTESIAN_POINT('',(-1.029371640942,5.0495,2.435818652857));
#4722 = CARTESIAN_POINT('',(-0.982854132242,5.0495,2.309346904698));
#4723 = ORIENTED_EDGE('',*,*,#4702,.F.);
#4724 = ORIENTED_EDGE('',*,*,#4418,.T.);
#4725 = ORIENTED_EDGE('',*,*,#4600,.T.);
#4726 = B_SPLINE_SURFACE_WITH_KNOTS('',1,1,(
    (#4727,#4728)
    ,(#4729,#4730
    )),.UNSPECIFIED.,.F.,.F.,.F.,(2,2),(2,2),(-0.134755265938,
    3.401408957788E-16),(-1.E-03,0.),.PIECEWISE_BEZIER_KNOTS.);
#4727 = CARTESIAN_POINT('',(-0.982854132242,5.0495,2.309346904698));
#4728 = CARTESIAN_POINT('',(-0.982854132242,5.0505,2.309346904698));
#4729 = CARTESIAN_POINT('',(-1.029371640942,5.0495,2.435818652857));
#4730 = CARTESIAN_POINT('',(-1.029371640942,5.0505,2.435818652857));
#4731 = ADVANCED_FACE('',(#4732),#4740,.F.);
#4732 = FACE_BOUND('',#4733,.T.);
#4733 = EDGE_LOOP('',(#4734,#4735,#4736,#4737,#4738,#4739));
#4734 = ORIENTED_EDGE('',*,*,#4719,.T.);
#4735 = ORIENTED_EDGE('',*,*,#4591,.T.);
#4736 = ORIENTED_EDGE('',*,*,#4619,.T.);
#4737 = ORIENTED_EDGE('',*,*,#4641,.T.);
#4738 = ORIENTED_EDGE('',*,*,#4669,.T.);
#4739 = ORIENTED_EDGE('',*,*,#4691,.T.);
#4740 = B_SPLINE_SURFACE_WITH_KNOTS('',1,1,(
    (#4741,#4742)
    ,(#4743,#4744
    )),.UNSPECIFIED.,.F.,.F.,.F.,(2,2),(2,2),(1.742850355252,
    1.8913793646),(3.964758282042,4.067145867758),
  .PIECEWISE_BEZIER_KNOTS.);
#4741 = CARTESIAN_POINT('',(-1.085241717958,5.0495,2.457149744748));
#4742 = CARTESIAN_POINT('',(-0.982854132242,5.0495,2.457149744748));
#4743 = CARTESIAN_POINT('',(-1.085241717958,5.0495,2.3086207354));
#4744 = CARTESIAN_POINT('',(-0.982854132242,5.0495,2.3086207354));
#4745 = ADVANCED_FACE('',(#4746),#4768,.F.);
#4746 = FACE_BOUND('',#4747,.T.);
#4747 = EDGE_LOOP('',(#4748,#4749,#4756,#4763));
#4748 = ORIENTED_EDGE('',*,*,#254,.T.);
#4749 = ORIENTED_EDGE('',*,*,#4750,.F.);
#4750 = EDGE_CURVE('',#4751,#257,#4753,.T.);
#4751 = VERTEX_POINT('',#4752);
#4752 = CARTESIAN_POINT('',(-0.107796984046,5.0505,1.74845489231));
#4753 = B_SPLINE_CURVE_WITH_KNOTS('',1,(#4754,#4755),.UNSPECIFIED.,.F.,
  .F.,(2,2),(-0.,1.E-03),.PIECEWISE_BEZIER_KNOTS.);
#4754 = CARTESIAN_POINT('',(-0.107796984046,5.0505,1.74845489231));
#4755 = CARTESIAN_POINT('',(-0.107796984046,5.0495,1.74845489231));
#4756 = ORIENTED_EDGE('',*,*,#4757,.F.);
#4757 = EDGE_CURVE('',#4758,#4751,#4760,.T.);
#4758 = VERTEX_POINT('',#4759);
#4759 = CARTESIAN_POINT('',(-0.10755031877,5.0505,1.713675864717));
#4760 = B_SPLINE_CURVE_WITH_KNOTS('',1,(#4761,#4762),.UNSPECIFIED.,.F.,
  .F.,(2,2),(-3.477990230068E-02,0.),.PIECEWISE_BEZIER_KNOTS.);
#4761 = CARTESIAN_POINT('',(-0.10755031877,5.0505,1.713675864717));
#4762 = CARTESIAN_POINT('',(-0.107796984046,5.0505,1.74845489231));
#4763 = ORIENTED_EDGE('',*,*,#4764,.T.);
#4764 = EDGE_CURVE('',#4758,#255,#4765,.T.);
#4765 = B_SPLINE_CURVE_WITH_KNOTS('',1,(#4766,#4767),.UNSPECIFIED.,.F.,
  .F.,(2,2),(-0.,1.E-03),.PIECEWISE_BEZIER_KNOTS.);
#4766 = CARTESIAN_POINT('',(-0.10755031877,5.0505,1.713675864717));
#4767 = CARTESIAN_POINT('',(-0.10755031877,5.0495,1.713675864717));
#4768 = B_SPLINE_SURFACE_WITH_KNOTS('',1,1,(
    (#4769,#4770)
    ,(#4771,#4772
    )),.UNSPECIFIED.,.F.,.F.,.F.,(2,2),(2,2),(0.,3.477990230068E-02),(
    -1.E-03,0.),.PIECEWISE_BEZIER_KNOTS.);
#4769 = CARTESIAN_POINT('',(-0.107796984046,5.0495,1.74845489231));
#4770 = CARTESIAN_POINT('',(-0.107796984046,5.0505,1.74845489231));
#4771 = CARTESIAN_POINT('',(-0.10755031877,5.0495,1.713675864717));
#4772 = CARTESIAN_POINT('',(-0.10755031877,5.0505,1.713675864717));
#4773 = ADVANCED_FACE('',(#4774),#4790,.F.);
#4774 = FACE_BOUND('',#4775,.T.);
#4775 = EDGE_LOOP('',(#4776,#4777,#4784,#4789));
#4776 = ORIENTED_EDGE('',*,*,#333,.T.);
#4777 = ORIENTED_EDGE('',*,*,#4778,.F.);
#4778 = EDGE_CURVE('',#4779,#327,#4781,.T.);
#4779 = VERTEX_POINT('',#4780);
#4780 = CARTESIAN_POINT('',(1.689284806369E-02,5.0505,1.749339237099));
#4781 = B_SPLINE_CURVE_WITH_KNOTS('',1,(#4782,#4783),.UNSPECIFIED.,.F.,
  .F.,(2,2),(-0.,1.E-03),.PIECEWISE_BEZIER_KNOTS.);
#4782 = CARTESIAN_POINT('',(1.689284806369E-02,5.0505,1.749339237099));
#4783 = CARTESIAN_POINT('',(1.689284806369E-02,5.0495,1.749339237099));
#4784 = ORIENTED_EDGE('',*,*,#4785,.F.);
#4785 = EDGE_CURVE('',#4751,#4779,#4786,.T.);
#4786 = B_SPLINE_CURVE_WITH_KNOTS('',1,(#4787,#4788),.UNSPECIFIED.,.F.,
  .F.,(2,2),(-0.124692968115,0.),.PIECEWISE_BEZIER_KNOTS.);
#4787 = CARTESIAN_POINT('',(-0.107796984046,5.0505,1.74845489231));
#4788 = CARTESIAN_POINT('',(1.689284806369E-02,5.0505,1.749339237099));
#4789 = ORIENTED_EDGE('',*,*,#4750,.T.);
#4790 = B_SPLINE_SURFACE_WITH_KNOTS('',1,1,(
    (#4791,#4792)
    ,(#4793,#4794
    )),.UNSPECIFIED.,.F.,.F.,.F.,(2,2),(2,2),(0.,0.124692968115),(
    -1.E-03,0.),.PIECEWISE_BEZIER_KNOTS.);
#4791 = CARTESIAN_POINT('',(1.689284806369E-02,5.0495,1.749339237099));
#4792 = CARTESIAN_POINT('',(1.689284806369E-02,5.0505,1.749339237099));
#4793 = CARTESIAN_POINT('',(-0.107796984046,5.0495,1.74845489231));
#4794 = CARTESIAN_POINT('',(-0.107796984046,5.0505,1.74845489231));
#4795 = ADVANCED_FACE('',(#4796),#4812,.F.);
#4796 = FACE_BOUND('',#4797,.T.);
#4797 = EDGE_LOOP('',(#4798,#4799,#4806,#4811));
#4798 = ORIENTED_EDGE('',*,*,#326,.T.);
#4799 = ORIENTED_EDGE('',*,*,#4800,.F.);
#4800 = EDGE_CURVE('',#4801,#320,#4803,.T.);
#4801 = VERTEX_POINT('',#4802);
#4802 = CARTESIAN_POINT('',(1.61650195821E-02,5.0505,1.851960762461));
#4803 = B_SPLINE_CURVE_WITH_KNOTS('',1,(#4804,#4805),.UNSPECIFIED.,.F.,
  .F.,(2,2),(-0.,1.E-03),.PIECEWISE_BEZIER_KNOTS.);
#4804 = CARTESIAN_POINT('',(1.61650195821E-02,5.0505,1.851960762461));
#4805 = CARTESIAN_POINT('',(1.61650195821E-02,5.0495,1.851960762461));
#4806 = ORIENTED_EDGE('',*,*,#4807,.F.);
#4807 = EDGE_CURVE('',#4779,#4801,#4808,.T.);
#4808 = B_SPLINE_CURVE_WITH_KNOTS('',1,(#4809,#4810),.UNSPECIFIED.,.F.,
  .F.,(2,2),(-0.10262410634,0.),.PIECEWISE_BEZIER_KNOTS.);
#4809 = CARTESIAN_POINT('',(1.689284806369E-02,5.0505,1.749339237099));
#4810 = CARTESIAN_POINT('',(1.61650195821E-02,5.0505,1.851960762461));
#4811 = ORIENTED_EDGE('',*,*,#4778,.T.);
#4812 = B_SPLINE_SURFACE_WITH_KNOTS('',1,1,(
    (#4813,#4814)
    ,(#4815,#4816
    )),.UNSPECIFIED.,.F.,.F.,.F.,(2,2),(2,2),(-6.707429778108E-16,
    0.10262410634),(-1.E-03,0.),.PIECEWISE_BEZIER_KNOTS.);
#4813 = CARTESIAN_POINT('',(1.61650195821E-02,5.0495,1.851960762461));
#4814 = CARTESIAN_POINT('',(1.61650195821E-02,5.0505,1.851960762461));
#4815 = CARTESIAN_POINT('',(1.689284806369E-02,5.0495,1.749339237099));
#4816 = CARTESIAN_POINT('',(1.689284806369E-02,5.0505,1.749339237099));
#4817 = ADVANCED_FACE('',(#4818),#4834,.F.);
#4818 = FACE_BOUND('',#4819,.T.);
#4819 = EDGE_LOOP('',(#4820,#4821,#4828,#4833));
#4820 = ORIENTED_EDGE('',*,*,#319,.T.);
#4821 = ORIENTED_EDGE('',*,*,#4822,.F.);
#4822 = EDGE_CURVE('',#4823,#313,#4825,.T.);
#4823 = VERTEX_POINT('',#4824);
#4824 = CARTESIAN_POINT('',(-9.292883602867E-02,5.0505,1.851187029904));
#4825 = B_SPLINE_CURVE_WITH_KNOTS('',1,(#4826,#4827),.UNSPECIFIED.,.F.,
  .F.,(2,2),(-0.,1.E-03),.PIECEWISE_BEZIER_KNOTS.);
#4826 = CARTESIAN_POINT('',(-9.292883602867E-02,5.0505,1.851187029904));
#4827 = CARTESIAN_POINT('',(-9.292883602867E-02,5.0495,1.851187029904));
#4828 = ORIENTED_EDGE('',*,*,#4829,.F.);
#4829 = EDGE_CURVE('',#4801,#4823,#4830,.T.);
#4830 = B_SPLINE_CURVE_WITH_KNOTS('',1,(#4831,#4832),.UNSPECIFIED.,.F.,
  .F.,(2,2),(-0.10909659937,-0.),.PIECEWISE_BEZIER_KNOTS.);
#4831 = CARTESIAN_POINT('',(1.61650195821E-02,5.0505,1.851960762461));
#4832 = CARTESIAN_POINT('',(-9.292883602867E-02,5.0505,1.851187029904));
#4833 = ORIENTED_EDGE('',*,*,#4800,.T.);
#4834 = B_SPLINE_SURFACE_WITH_KNOTS('',1,1,(
    (#4835,#4836)
    ,(#4837,#4838
    )),.UNSPECIFIED.,.F.,.F.,.F.,(2,2),(2,2),(0.,0.10909659937),(-1.E-03
    ,0.),.PIECEWISE_BEZIER_KNOTS.);
#4835 = CARTESIAN_POINT('',(-9.292883602867E-02,5.0495,1.851187029904));
#4836 = CARTESIAN_POINT('',(-9.292883602867E-02,5.0505,1.851187029904));
#4837 = CARTESIAN_POINT('',(1.61650195821E-02,5.0495,1.851960762461));
#4838 = CARTESIAN_POINT('',(1.61650195821E-02,5.0505,1.851960762461));
#4839 = ADVANCED_FACE('',(#4840),#4856,.F.);
#4840 = FACE_BOUND('',#4841,.T.);
#4841 = EDGE_LOOP('',(#4842,#4843,#4850,#4855));
#4842 = ORIENTED_EDGE('',*,*,#312,.T.);
#4843 = ORIENTED_EDGE('',*,*,#4844,.F.);
#4844 = EDGE_CURVE('',#4845,#306,#4847,.T.);
#4845 = VERTEX_POINT('',#4846);
#4846 = CARTESIAN_POINT('',(-9.317660742666E-02,5.0505,1.886122017261));
#4847 = B_SPLINE_CURVE_WITH_KNOTS('',1,(#4848,#4849),.UNSPECIFIED.,.F.,
  .F.,(2,2),(-0.,1.E-03),.PIECEWISE_BEZIER_KNOTS.);
#4848 = CARTESIAN_POINT('',(-9.317660742666E-02,5.0505,1.886122017261));
#4849 = CARTESIAN_POINT('',(-9.317660742666E-02,5.0495,1.886122017261));
#4850 = ORIENTED_EDGE('',*,*,#4851,.F.);
#4851 = EDGE_CURVE('',#4823,#4845,#4852,.T.);
#4852 = B_SPLINE_CURVE_WITH_KNOTS('',1,(#4853,#4854),.UNSPECIFIED.,.F.,
  .F.,(2,2),(-3.493586598795E-02,0.),.PIECEWISE_BEZIER_KNOTS.);
#4853 = CARTESIAN_POINT('',(-9.292883602867E-02,5.0505,1.851187029904));
#4854 = CARTESIAN_POINT('',(-9.317660742666E-02,5.0505,1.886122017261));
#4855 = ORIENTED_EDGE('',*,*,#4822,.T.);
#4856 = B_SPLINE_SURFACE_WITH_KNOTS('',1,1,(
    (#4857,#4858)
    ,(#4859,#4860
    )),.UNSPECIFIED.,.F.,.F.,.F.,(2,2),(2,2),(0.,3.493586598795E-02),(
    -1.E-03,0.),.PIECEWISE_BEZIER_KNOTS.);
#4857 = CARTESIAN_POINT('',(-9.317660742666E-02,5.0495,1.886122017261));
#4858 = CARTESIAN_POINT('',(-9.317660742666E-02,5.0505,1.886122017261));
#4859 = CARTESIAN_POINT('',(-9.292883602867E-02,5.0495,1.851187029904));
#4860 = CARTESIAN_POINT('',(-9.292883602867E-02,5.0505,1.851187029904));
#4861 = ADVANCED_FACE('',(#4862),#4878,.F.);
#4862 = FACE_BOUND('',#4863,.T.);
#4863 = EDGE_LOOP('',(#4864,#4865,#4872,#4877));
#4864 = ORIENTED_EDGE('',*,*,#305,.T.);
#4865 = ORIENTED_EDGE('',*,*,#4866,.F.);
#4866 = EDGE_CURVE('',#4867,#299,#4869,.T.);
#4867 = VERTEX_POINT('',#4868);
#4868 = CARTESIAN_POINT('',(1.591724818411E-02,5.0505,1.886895749819));
#4869 = B_SPLINE_CURVE_WITH_KNOTS('',1,(#4870,#4871),.UNSPECIFIED.,.F.,
  .F.,(2,2),(-0.,1.E-03),.PIECEWISE_BEZIER_KNOTS.);
#4870 = CARTESIAN_POINT('',(1.591724818411E-02,5.0505,1.886895749819));
#4871 = CARTESIAN_POINT('',(1.591724818411E-02,5.0495,1.886895749819));
#4872 = ORIENTED_EDGE('',*,*,#4873,.F.);
#4873 = EDGE_CURVE('',#4845,#4867,#4874,.T.);
#4874 = B_SPLINE_CURVE_WITH_KNOTS('',1,(#4875,#4876),.UNSPECIFIED.,.F.,
  .F.,(2,2),(-0.10909659937,0.),.PIECEWISE_BEZIER_KNOTS.);
#4875 = CARTESIAN_POINT('',(-9.317660742666E-02,5.0505,1.886122017261));
#4876 = CARTESIAN_POINT('',(1.591724818411E-02,5.0505,1.886895749819));
#4877 = ORIENTED_EDGE('',*,*,#4844,.T.);
#4878 = B_SPLINE_SURFACE_WITH_KNOTS('',1,1,(
    (#4879,#4880)
    ,(#4881,#4882
    )),.UNSPECIFIED.,.F.,.F.,.F.,(2,2),(2,2),(-2.721848362639E-16,
    0.10909659937),(-1.E-03,0.),.PIECEWISE_BEZIER_KNOTS.);
#4879 = CARTESIAN_POINT('',(1.591724818411E-02,5.0495,1.886895749819));
#4880 = CARTESIAN_POINT('',(1.591724818411E-02,5.0505,1.886895749819));
#4881 = CARTESIAN_POINT('',(-9.317660742666E-02,5.0495,1.886122017261));
#4882 = CARTESIAN_POINT('',(-9.317660742666E-02,5.0505,1.886122017261));
#4883 = ADVANCED_FACE('',(#4884),#4900,.F.);
#4884 = FACE_BOUND('',#4885,.T.);
#4885 = EDGE_LOOP('',(#4886,#4887,#4894,#4899));
#4886 = ORIENTED_EDGE('',*,*,#298,.T.);
#4887 = ORIENTED_EDGE('',*,*,#4888,.F.);
#4888 = EDGE_CURVE('',#4889,#292,#4891,.T.);
#4889 = VERTEX_POINT('',#4890);
#4890 = CARTESIAN_POINT('',(1.522481561651E-02,5.0505,1.984526562703));
#4891 = B_SPLINE_CURVE_WITH_KNOTS('',1,(#4892,#4893),.UNSPECIFIED.,.F.,
  .F.,(2,2),(-0.,1.E-03),.PIECEWISE_BEZIER_KNOTS.);
#4892 = CARTESIAN_POINT('',(1.522481561651E-02,5.0505,1.984526562703));
#4893 = CARTESIAN_POINT('',(1.522481561651E-02,5.0495,1.984526562703));
#4894 = ORIENTED_EDGE('',*,*,#4895,.F.);
#4895 = EDGE_CURVE('',#4867,#4889,#4896,.T.);
#4896 = B_SPLINE_CURVE_WITH_KNOTS('',1,(#4897,#4898),.UNSPECIFIED.,.F.,
  .F.,(2,2),(-9.763326834319E-02,0.),.PIECEWISE_BEZIER_KNOTS.);
#4897 = CARTESIAN_POINT('',(1.591724818411E-02,5.0505,1.886895749819));
#4898 = CARTESIAN_POINT('',(1.522481561651E-02,5.0505,1.984526562703));
#4899 = ORIENTED_EDGE('',*,*,#4866,.T.);
#4900 = B_SPLINE_SURFACE_WITH_KNOTS('',1,1,(
    (#4901,#4902)
    ,(#4903,#4904
    )),.UNSPECIFIED.,.F.,.F.,.F.,(2,2),(2,2),(-4.613613208894E-18,
    9.763326834319E-02),(-1.E-03,0.),.PIECEWISE_BEZIER_KNOTS.);
#4901 = CARTESIAN_POINT('',(1.522481561651E-02,5.0495,1.984526562703));
#4902 = CARTESIAN_POINT('',(1.522481561651E-02,5.0505,1.984526562703));
#4903 = CARTESIAN_POINT('',(1.591724818411E-02,5.0495,1.886895749819));
#4904 = CARTESIAN_POINT('',(1.591724818411E-02,5.0505,1.886895749819));
#4905 = ADVANCED_FACE('',(#4906),#4922,.F.);
#4906 = FACE_BOUND('',#4907,.T.);
#4907 = EDGE_LOOP('',(#4908,#4909,#4916,#4921));
#4908 = ORIENTED_EDGE('',*,*,#291,.T.);
#4909 = ORIENTED_EDGE('',*,*,#4910,.F.);
#4910 = EDGE_CURVE('',#4911,#285,#4913,.T.);
#4911 = VERTEX_POINT('',#4912);
#4912 = CARTESIAN_POINT('',(-0.102524806951,5.0505,1.983691440358));
#4913 = B_SPLINE_CURVE_WITH_KNOTS('',1,(#4914,#4915),.UNSPECIFIED.,.F.,
  .F.,(2,2),(-0.,1.E-03),.PIECEWISE_BEZIER_KNOTS.);
#4914 = CARTESIAN_POINT('',(-0.102524806951,5.0505,1.983691440358));
#4915 = CARTESIAN_POINT('',(-0.102524806951,5.0495,1.983691440358));
#4916 = ORIENTED_EDGE('',*,*,#4917,.F.);
#4917 = EDGE_CURVE('',#4889,#4911,#4918,.T.);
#4918 = B_SPLINE_CURVE_WITH_KNOTS('',1,(#4919,#4920),.UNSPECIFIED.,.F.,
  .F.,(2,2),(-0.117752584023,-0.),.PIECEWISE_BEZIER_KNOTS.);
#4919 = CARTESIAN_POINT('',(1.522481561651E-02,5.0505,1.984526562703));
#4920 = CARTESIAN_POINT('',(-0.102524806951,5.0505,1.983691440358));
#4921 = ORIENTED_EDGE('',*,*,#4888,.T.);
#4922 = B_SPLINE_SURFACE_WITH_KNOTS('',1,1,(
    (#4923,#4924)
    ,(#4925,#4926
    )),.UNSPECIFIED.,.F.,.F.,.F.,(2,2),(2,2),(-6.522396228493E-16,
    0.117752584023),(-1.E-03,0.),.PIECEWISE_BEZIER_KNOTS.);
#4923 = CARTESIAN_POINT('',(-0.102524806951,5.0495,1.983691440358));
#4924 = CARTESIAN_POINT('',(-0.102524806951,5.0505,1.983691440358));
#4925 = CARTESIAN_POINT('',(1.522481561651E-02,5.0495,1.984526562703));
#4926 = CARTESIAN_POINT('',(1.522481561651E-02,5.0505,1.984526562703));
#4927 = ADVANCED_FACE('',(#4928),#4944,.F.);
#4928 = FACE_BOUND('',#4929,.T.);
#4929 = EDGE_LOOP('',(#4930,#4931,#4938,#4943));
#4930 = ORIENTED_EDGE('',*,*,#284,.T.);
#4931 = ORIENTED_EDGE('',*,*,#4932,.F.);
#4932 = EDGE_CURVE('',#4933,#278,#4935,.T.);
#4933 = VERTEX_POINT('',#4934);
#4934 = CARTESIAN_POINT('',(-0.102773684471,5.0505,2.01878238748));
#4935 = B_SPLINE_CURVE_WITH_KNOTS('',1,(#4936,#4937),.UNSPECIFIED.,.F.,
  .F.,(2,2),(-0.,1.E-03),.PIECEWISE_BEZIER_KNOTS.);
#4936 = CARTESIAN_POINT('',(-0.102773684471,5.0505,2.01878238748));
#4937 = CARTESIAN_POINT('',(-0.102773684471,5.0495,2.01878238748));
#4938 = ORIENTED_EDGE('',*,*,#4939,.F.);
#4939 = EDGE_CURVE('',#4911,#4933,#4940,.T.);
#4940 = B_SPLINE_CURVE_WITH_KNOTS('',1,(#4941,#4942),.UNSPECIFIED.,.F.,
  .F.,(2,2),(-3.509182967521E-02,0.),.PIECEWISE_BEZIER_KNOTS.);
#4941 = CARTESIAN_POINT('',(-0.102524806951,5.0505,1.983691440358));
#4942 = CARTESIAN_POINT('',(-0.102773684471,5.0505,2.01878238748));
#4943 = ORIENTED_EDGE('',*,*,#4910,.T.);
#4944 = B_SPLINE_SURFACE_WITH_KNOTS('',1,1,(
    (#4945,#4946)
    ,(#4947,#4948
    )),.UNSPECIFIED.,.F.,.F.,.F.,(2,2),(2,2),(0.,3.509182967521E-02),(
    -1.E-03,0.),.PIECEWISE_BEZIER_KNOTS.);
#4945 = CARTESIAN_POINT('',(-0.102773684471,5.0495,2.01878238748));
#4946 = CARTESIAN_POINT('',(-0.102773684471,5.0505,2.01878238748));
#4947 = CARTESIAN_POINT('',(-0.102524806951,5.0495,1.983691440358));
#4948 = CARTESIAN_POINT('',(-0.102524806951,5.0505,1.983691440358));
#4949 = ADVANCED_FACE('',(#4950),#4966,.F.);
#4950 = FACE_BOUND('',#4951,.T.);
#4951 = EDGE_LOOP('',(#4952,#4953,#4960,#4965));
#4952 = ORIENTED_EDGE('',*,*,#277,.T.);
#4953 = ORIENTED_EDGE('',*,*,#4954,.F.);
#4954 = EDGE_CURVE('',#4955,#271,#4957,.T.);
#4955 = VERTEX_POINT('',#4956);
#4956 = CARTESIAN_POINT('',(5.435577875597E-02,5.0505,2.01989680571));
#4957 = B_SPLINE_CURVE_WITH_KNOTS('',1,(#4958,#4959),.UNSPECIFIED.,.F.,
  .F.,(2,2),(-0.,1.E-03),.PIECEWISE_BEZIER_KNOTS.);
#4958 = CARTESIAN_POINT('',(5.435577875597E-02,5.0505,2.01989680571));
#4959 = CARTESIAN_POINT('',(5.435577875597E-02,5.0495,2.01989680571));
#4960 = ORIENTED_EDGE('',*,*,#4961,.F.);
#4961 = EDGE_CURVE('',#4933,#4955,#4962,.T.);
#4962 = B_SPLINE_CURVE_WITH_KNOTS('',1,(#4963,#4964),.UNSPECIFIED.,.F.,
  .F.,(2,2),(-0.157133415103,0.),.PIECEWISE_BEZIER_KNOTS.);
#4963 = CARTESIAN_POINT('',(-0.102773684471,5.0505,2.01878238748));
#4964 = CARTESIAN_POINT('',(5.435577875597E-02,5.0505,2.01989680571));
#4965 = ORIENTED_EDGE('',*,*,#4932,.T.);
#4966 = B_SPLINE_SURFACE_WITH_KNOTS('',1,1,(
    (#4967,#4968)
    ,(#4969,#4970
    )),.UNSPECIFIED.,.F.,.F.,.F.,(2,2),(2,2),(-0.,0.157133415103),(
    -1.E-03,0.),.PIECEWISE_BEZIER_KNOTS.);
#4967 = CARTESIAN_POINT('',(5.435577875597E-02,5.0495,2.01989680571));
#4968 = CARTESIAN_POINT('',(5.435577875597E-02,5.0505,2.01989680571));
#4969 = CARTESIAN_POINT('',(-0.102773684471,5.0495,2.01878238748));
#4970 = CARTESIAN_POINT('',(-0.102773684471,5.0505,2.01878238748));
#4971 = ADVANCED_FACE('',(#4972),#4988,.F.);
#4972 = FACE_BOUND('',#4973,.T.);
#4973 = EDGE_LOOP('',(#4974,#4975,#4982,#4987));
#4974 = ORIENTED_EDGE('',*,*,#270,.T.);
#4975 = ORIENTED_EDGE('',*,*,#4976,.F.);
#4976 = EDGE_CURVE('',#4977,#264,#4979,.T.);
#4977 = VERTEX_POINT('',#4978);
#4978 = CARTESIAN_POINT('',(5.651935399912E-02,5.0505,1.71483950539));
#4979 = B_SPLINE_CURVE_WITH_KNOTS('',1,(#4980,#4981),.UNSPECIFIED.,.F.,
  .F.,(2,2),(-0.,1.E-03),.PIECEWISE_BEZIER_KNOTS.);
#4980 = CARTESIAN_POINT('',(5.651935399912E-02,5.0505,1.71483950539));
#4981 = CARTESIAN_POINT('',(5.651935399912E-02,5.0495,1.71483950539));
#4982 = ORIENTED_EDGE('',*,*,#4983,.F.);
#4983 = EDGE_CURVE('',#4955,#4977,#4984,.T.);
#4984 = B_SPLINE_CURVE_WITH_KNOTS('',1,(#4985,#4986),.UNSPECIFIED.,.F.,
  .F.,(2,2),(-0.305064972647,0.),.PIECEWISE_BEZIER_KNOTS.);
#4985 = CARTESIAN_POINT('',(5.435577875597E-02,5.0505,2.01989680571));
#4986 = CARTESIAN_POINT('',(5.651935399912E-02,5.0505,1.71483950539));
#4987 = ORIENTED_EDGE('',*,*,#4954,.T.);
#4988 = B_SPLINE_SURFACE_WITH_KNOTS('',1,1,(
    (#4989,#4990)
    ,(#4991,#4992
    )),.UNSPECIFIED.,.F.,.F.,.F.,(2,2),(2,2),(0.,0.305064972647),(
    -1.E-03,0.),.PIECEWISE_BEZIER_KNOTS.);
#4989 = CARTESIAN_POINT('',(5.651935399912E-02,5.0495,1.71483950539));
#4990 = CARTESIAN_POINT('',(5.651935399912E-02,5.0505,1.71483950539));
#4991 = CARTESIAN_POINT('',(5.435577875597E-02,5.0495,2.01989680571));
#4992 = CARTESIAN_POINT('',(5.435577875597E-02,5.0505,2.01989680571));
#4993 = ADVANCED_FACE('',(#4994),#5004,.F.);
#4994 = FACE_BOUND('',#4995,.T.);
#4995 = EDGE_LOOP('',(#4996,#4997,#4998,#5003));
#4996 = ORIENTED_EDGE('',*,*,#263,.T.);
#4997 = ORIENTED_EDGE('',*,*,#4764,.F.);
#4998 = ORIENTED_EDGE('',*,*,#4999,.F.);
#4999 = EDGE_CURVE('',#4977,#4758,#5000,.T.);
#5000 = B_SPLINE_CURVE_WITH_KNOTS('',1,(#5001,#5002),.UNSPECIFIED.,.F.,
  .F.,(2,2),(-0.164073799195,-0.),.PIECEWISE_BEZIER_KNOTS.);
#5001 = CARTESIAN_POINT('',(5.651935399912E-02,5.0505,1.71483950539));
#5002 = CARTESIAN_POINT('',(-0.10755031877,5.0505,1.713675864717));
#5003 = ORIENTED_EDGE('',*,*,#4976,.T.);
#5004 = B_SPLINE_SURFACE_WITH_KNOTS('',1,1,(
    (#5005,#5006)
    ,(#5007,#5008
    )),.UNSPECIFIED.,.F.,.F.,.F.,(2,2),(2,2),(0.,0.164073799195),(
    -1.E-03,0.),.PIECEWISE_BEZIER_KNOTS.);
#5005 = CARTESIAN_POINT('',(-0.10755031877,5.0495,1.713675864717));
#5006 = CARTESIAN_POINT('',(-0.10755031877,5.0505,1.713675864717));
#5007 = CARTESIAN_POINT('',(5.651935399912E-02,5.0495,1.71483950539));
#5008 = CARTESIAN_POINT('',(5.651935399912E-02,5.0505,1.71483950539));
#5009 = ADVANCED_FACE('',(#5010),#5024,.F.);
#5010 = FACE_BOUND('',#5011,.T.);
#5011 = EDGE_LOOP('',(#5012,#5013,#5014,#5015,#5016,#5017,#5018,#5019,
    #5020,#5021,#5022,#5023));
#5012 = ORIENTED_EDGE('',*,*,#4757,.T.);
#5013 = ORIENTED_EDGE('',*,*,#4785,.T.);
#5014 = ORIENTED_EDGE('',*,*,#4807,.T.);
#5015 = ORIENTED_EDGE('',*,*,#4829,.T.);
#5016 = ORIENTED_EDGE('',*,*,#4851,.T.);
#5017 = ORIENTED_EDGE('',*,*,#4873,.T.);
#5018 = ORIENTED_EDGE('',*,*,#4895,.T.);
#5019 = ORIENTED_EDGE('',*,*,#4917,.T.);
#5020 = ORIENTED_EDGE('',*,*,#4939,.T.);
#5021 = ORIENTED_EDGE('',*,*,#4961,.T.);
#5022 = ORIENTED_EDGE('',*,*,#4983,.T.);
#5023 = ORIENTED_EDGE('',*,*,#4999,.T.);
#5024 = B_SPLINE_SURFACE_WITH_KNOTS('',1,1,(
    (#5025,#5026)
    ,(#5027,#5028
    )),.UNSPECIFIED.,.F.,.F.,.F.,(2,2),(2,2),(-2.01989670571,
    -1.713675764717),(-0.107796984046,5.651935399912E-02),
  .PIECEWISE_BEZIER_KNOTS.);
#5025 = CARTESIAN_POINT('',(-0.107796984046,5.0505,2.01989680571));
#5026 = CARTESIAN_POINT('',(5.651935399912E-02,5.0505,2.01989680571));
#5027 = CARTESIAN_POINT('',(-0.107796984046,5.0505,1.713675864717));
#5028 = CARTESIAN_POINT('',(5.651935399912E-02,5.0505,1.713675864717));
#5029 = ADVANCED_FACE('',(#5030,#5146),#5216,.T.);
#5030 = FACE_BOUND('',#5031,.T.);
#5031 = EDGE_LOOP('',(#5032,#5043,#5050,#5059,#5068,#5075,#5084,#5093,
    #5102,#5111,#5118,#5125,#5132,#5139));
#5032 = ORIENTED_EDGE('',*,*,#5033,.T.);
#5033 = EDGE_CURVE('',#5034,#5036,#5038,.T.);
#5034 = VERTEX_POINT('',#5035);
#5035 = CARTESIAN_POINT('',(-0.242008687326,5.0505,1.935599952677));
#5036 = VERTEX_POINT('',#5037);
#5037 = CARTESIAN_POINT('',(-0.166848244465,5.0505,1.915857228061));
#5038 = B_SPLINE_CURVE_WITH_KNOTS('',3,(#5039,#5040,#5041,#5042),
  .UNSPECIFIED.,.F.,.F.,(4,4),(0.,1.),.PIECEWISE_BEZIER_KNOTS.);
#5039 = CARTESIAN_POINT('',(-0.242008687326,5.0505,1.935599952677));
#5040 = CARTESIAN_POINT('',(-0.213624010098,5.0505,1.935801266938));
#5041 = CARTESIAN_POINT('',(-0.188544904558,5.0505,1.929272529674));
#5042 = CARTESIAN_POINT('',(-0.166848244465,5.0505,1.915857228061));
#5043 = ORIENTED_EDGE('',*,*,#5044,.T.);
#5044 = EDGE_CURVE('',#5036,#5045,#5047,.T.);
#5045 = VERTEX_POINT('',#5046);
#5046 = CARTESIAN_POINT('',(-0.166584987355,5.0505,1.878738803992));
#5047 = B_SPLINE_CURVE_WITH_KNOTS('',1,(#5048,#5049),.UNSPECIFIED.,.F.,
  .F.,(2,2),(-3.711935761389E-02,0.),.PIECEWISE_BEZIER_KNOTS.);
#5048 = CARTESIAN_POINT('',(-0.166848244465,5.0505,1.915857228061));
#5049 = CARTESIAN_POINT('',(-0.166584987355,5.0505,1.878738803992));
#5050 = ORIENTED_EDGE('',*,*,#5051,.T.);
#5051 = EDGE_CURVE('',#5045,#5052,#5054,.T.);
#5052 = VERTEX_POINT('',#5053);
#5053 = CARTESIAN_POINT('',(-0.238201494391,5.0505,1.904589400257));
#5054 = B_SPLINE_CURVE_WITH_KNOTS('',3,(#5055,#5056,#5057,#5058),
  .UNSPECIFIED.,.F.,.F.,(4,4),(12.,13.),.PIECEWISE_BEZIER_KNOTS.);
#5055 = CARTESIAN_POINT('',(-0.166584987355,5.0505,1.878738803992));
#5056 = CARTESIAN_POINT('',(-0.188231320623,5.0505,1.896053652793));
#5057 = CARTESIAN_POINT('',(-0.212078233755,5.0505,1.904774675745));
#5058 = CARTESIAN_POINT('',(-0.238201494391,5.0505,1.904589400257));
#5059 = ORIENTED_EDGE('',*,*,#5060,.T.);
#5060 = EDGE_CURVE('',#5052,#5061,#5063,.T.);
#5061 = VERTEX_POINT('',#5062);
#5062 = CARTESIAN_POINT('',(-0.281959814052,5.0505,1.850938128017));
#5063 = B_SPLINE_CURVE_WITH_KNOTS('',3,(#5064,#5065,#5066,#5067),
  .UNSPECIFIED.,.F.,.F.,(4,4),(11.,12.),.PIECEWISE_BEZIER_KNOTS.);
#5064 = CARTESIAN_POINT('',(-0.238201494391,5.0505,1.904589400257));
#5065 = CARTESIAN_POINT('',(-0.267599910092,5.0505,1.904380896202));
#5066 = CARTESIAN_POINT('',(-0.28221200994,5.0505,1.886496954434));
#5067 = CARTESIAN_POINT('',(-0.281959814052,5.0505,1.850938128017));
#5068 = ORIENTED_EDGE('',*,*,#5069,.T.);
#5069 = EDGE_CURVE('',#5061,#5070,#5072,.T.);
#5070 = VERTEX_POINT('',#5071);
#5071 = CARTESIAN_POINT('',(-0.217328316252,5.0505,1.842350396285));
#5072 = B_SPLINE_CURVE_WITH_KNOTS('',1,(#5073,#5074),.UNSPECIFIED.,.F.,
  .F.,(2,2),(-6.519953714706E-02,0.),.PIECEWISE_BEZIER_KNOTS.);
#5073 = CARTESIAN_POINT('',(-0.281959814052,5.0505,1.850938128017));
#5074 = CARTESIAN_POINT('',(-0.217328316252,5.0505,1.842350396285));
#5075 = ORIENTED_EDGE('',*,*,#5076,.T.);
#5076 = EDGE_CURVE('',#5070,#5077,#5079,.T.);
#5077 = VERTEX_POINT('',#5078);
#5078 = CARTESIAN_POINT('',(-0.144536573405,5.0505,1.771745431141));
#5079 = B_SPLINE_CURVE_WITH_KNOTS('',3,(#5080,#5081,#5082,#5083),
  .UNSPECIFIED.,.F.,.F.,(4,4),(9.,10.),.PIECEWISE_BEZIER_KNOTS.);
#5080 = CARTESIAN_POINT('',(-0.217328316252,5.0505,1.842350396285));
#5081 = CARTESIAN_POINT('',(-0.169089185612,5.0505,1.835985918184));
#5082 = CARTESIAN_POINT('',(-0.144825271329,5.0505,1.812450929803));
#5083 = CARTESIAN_POINT('',(-0.144536573405,5.0505,1.771745431141));
#5084 = ORIENTED_EDGE('',*,*,#5085,.T.);
#5085 = EDGE_CURVE('',#5077,#5086,#5088,.T.);
#5086 = VERTEX_POINT('',#5087);
#5087 = CARTESIAN_POINT('',(-0.162923226878,5.0505,1.725292646261));
#5088 = B_SPLINE_CURVE_WITH_KNOTS('',3,(#5089,#5090,#5091,#5092),
  .UNSPECIFIED.,.F.,.F.,(4,4),(8.,9.),.PIECEWISE_BEZIER_KNOTS.);
#5089 = CARTESIAN_POINT('',(-0.144536573405,5.0505,1.771745431141));
#5090 = CARTESIAN_POINT('',(-0.144398308116,5.0505,1.752250460517));
#5091 = CARTESIAN_POINT('',(-0.150527192607,5.0505,1.736766198889));
#5092 = CARTESIAN_POINT('',(-0.162923226878,5.0505,1.725292646261));
#5093 = ORIENTED_EDGE('',*,*,#5094,.T.);
#5094 = EDGE_CURVE('',#5086,#5095,#5097,.T.);
#5095 = VERTEX_POINT('',#5096);
#5096 = CARTESIAN_POINT('',(-0.213176557515,5.0505,1.707779794606));
#5097 = B_SPLINE_CURVE_WITH_KNOTS('',3,(#5098,#5099,#5100,#5101),
  .UNSPECIFIED.,.F.,.F.,(4,4),(7.,8.),.PIECEWISE_BEZIER_KNOTS.);
#5098 = CARTESIAN_POINT('',(-0.162923226878,5.0505,1.725292646261));
#5099 = CARTESIAN_POINT('',(-0.175319261147,5.0505,1.713819093632));
#5100 = CARTESIAN_POINT('',(-0.192044009359,5.0505,1.707929674179));
#5101 = CARTESIAN_POINT('',(-0.213176557515,5.0505,1.707779794606));
#5102 = ORIENTED_EDGE('',*,*,#5103,.T.);
#5103 = EDGE_CURVE('',#5095,#5104,#5106,.T.);
#5104 = VERTEX_POINT('',#5105);
#5105 = CARTESIAN_POINT('',(-0.280202761386,5.0505,1.746140355738));
#5106 = B_SPLINE_CURVE_WITH_KNOTS('',3,(#5107,#5108,#5109,#5110),
  .UNSPECIFIED.,.F.,.F.,(4,4),(6.,7.),.PIECEWISE_BEZIER_KNOTS.);
#5107 = CARTESIAN_POINT('',(-0.213176557515,5.0505,1.707779794606));
#5108 = CARTESIAN_POINT('',(-0.242574973215,5.0505,1.70757129055));
#5109 = CARTESIAN_POINT('',(-0.264969027761,5.0505,1.720357775553));
#5110 = CARTESIAN_POINT('',(-0.280202761386,5.0505,1.746140355738));
#5111 = ORIENTED_EDGE('',*,*,#5112,.T.);
#5112 = EDGE_CURVE('',#5104,#5113,#5115,.T.);
#5113 = VERTEX_POINT('',#5114);
#5114 = CARTESIAN_POINT('',(-0.281216499858,5.0505,1.746133165943));
#5115 = B_SPLINE_CURVE_WITH_KNOTS('',1,(#5116,#5117),.UNSPECIFIED.,.F.,
  .F.,(2,2),(-1.013763968291E-03,-0.),.PIECEWISE_BEZIER_KNOTS.);
#5116 = CARTESIAN_POINT('',(-0.280202761386,5.0505,1.746140355738));
#5117 = CARTESIAN_POINT('',(-0.281216499858,5.0505,1.746133165943));
#5118 = ORIENTED_EDGE('',*,*,#5119,.T.);
#5119 = EDGE_CURVE('',#5113,#5120,#5122,.T.);
#5120 = VERTEX_POINT('',#5121);
#5121 = CARTESIAN_POINT('',(-0.280977577439,5.0505,1.712445856706));
#5122 = B_SPLINE_CURVE_WITH_KNOTS('',1,(#5123,#5124),.UNSPECIFIED.,.F.,
  .F.,(2,2),(-3.368815648771E-02,0.),.PIECEWISE_BEZIER_KNOTS.);
#5123 = CARTESIAN_POINT('',(-0.281216499858,5.0505,1.746133165943));
#5124 = CARTESIAN_POINT('',(-0.280977577439,5.0505,1.712445856706));
#5125 = ORIENTED_EDGE('',*,*,#5126,.T.);
#5126 = EDGE_CURVE('',#5120,#5127,#5129,.T.);
#5127 = VERTEX_POINT('',#5128);
#5128 = CARTESIAN_POINT('',(-0.319187719861,5.0505,1.712174856739));
#5129 = B_SPLINE_CURVE_WITH_KNOTS('',1,(#5130,#5131),.UNSPECIFIED.,.F.,
  .F.,(2,2),(-3.821110342477E-02,-0.),.PIECEWISE_BEZIER_KNOTS.);
#5130 = CARTESIAN_POINT('',(-0.280977577439,5.0505,1.712445856706));
#5131 = CARTESIAN_POINT('',(-0.319187719861,5.0505,1.712174856739));
#5132 = ORIENTED_EDGE('',*,*,#5133,.T.);
#5133 = EDGE_CURVE('',#5127,#5134,#5136,.T.);
#5134 = VERTEX_POINT('',#5135);
#5135 = CARTESIAN_POINT('',(-0.32018212382,5.0505,1.852382685463));
#5136 = B_SPLINE_CURVE_WITH_KNOTS('',1,(#5137,#5138),.UNSPECIFIED.,.F.,
  .F.,(2,2),(-0.140211355014,0.),.PIECEWISE_BEZIER_KNOTS.);
#5137 = CARTESIAN_POINT('',(-0.319187719861,5.0505,1.712174856739));
#5138 = CARTESIAN_POINT('',(-0.32018212382,5.0505,1.852382685463));
#5139 = ORIENTED_EDGE('',*,*,#5140,.T.);
#5140 = EDGE_CURVE('',#5134,#5034,#5141,.T.);
#5141 = B_SPLINE_CURVE_WITH_KNOTS('',3,(#5142,#5143,#5144,#5145),
  .UNSPECIFIED.,.F.,.F.,(4,4),(1.,2.),.PIECEWISE_BEZIER_KNOTS.);
#5142 = CARTESIAN_POINT('',(-0.32018212382,5.0505,1.852382685463));
#5143 = CARTESIAN_POINT('',(-0.320573691119,5.0505,1.907592442271));
#5144 = CARTESIAN_POINT('',(-0.294489148245,5.0505,1.935227742519));
#5145 = CARTESIAN_POINT('',(-0.242008687326,5.0505,1.935599952677));
#5146 = FACE_BOUND('',#5147,.T.);
#5147 = EDGE_LOOP('',(#5148,#5159,#5168,#5175,#5182,#5191,#5200,#5209));
#5148 = ORIENTED_EDGE('',*,*,#5149,.F.);
#5149 = EDGE_CURVE('',#5150,#5152,#5154,.T.);
#5150 = VERTEX_POINT('',#5151);
#5151 = CARTESIAN_POINT('',(-0.193647865825,5.0505,1.802122735498));
#5152 = VERTEX_POINT('',#5153);
#5153 = CARTESIAN_POINT('',(-0.183314697452,5.0505,1.774589755045));
#5154 = B_SPLINE_CURVE_WITH_KNOTS('',3,(#5155,#5156,#5157,#5158),
  .UNSPECIFIED.,.F.,.F.,(4,4),(1.,2.),.PIECEWISE_BEZIER_KNOTS.);
#5155 = CARTESIAN_POINT('',(-0.193647865825,5.0505,1.802122735498));
#5156 = CARTESIAN_POINT('',(-0.186895138793,5.0505,1.795619988629));
#5157 = CARTESIAN_POINT('',(-0.183398762748,5.0505,1.786442697185));
#5158 = CARTESIAN_POINT('',(-0.183314697452,5.0505,1.774589755045));
#5159 = ORIENTED_EDGE('',*,*,#5160,.F.);
#5160 = EDGE_CURVE('',#5161,#5150,#5163,.T.);
#5161 = VERTEX_POINT('',#5162);
#5162 = CARTESIAN_POINT('',(-0.230705456646,5.0505,1.8152731243));
#5163 = B_SPLINE_CURVE_WITH_KNOTS('',3,(#5164,#5165,#5166,#5167),
  .UNSPECIFIED.,.F.,.F.,(4,4),(0.,1.),.PIECEWISE_BEZIER_KNOTS.);
#5164 = CARTESIAN_POINT('',(-0.230705456646,5.0505,1.8152731243));
#5165 = CARTESIAN_POINT('',(-0.212830365599,5.0505,1.812904419064));
#5166 = CARTESIAN_POINT('',(-0.200478572739,5.0505,1.808624929307));
#5167 = CARTESIAN_POINT('',(-0.193647865825,5.0505,1.802122735498));
#5168 = ORIENTED_EDGE('',*,*,#5169,.F.);
#5169 = EDGE_CURVE('',#5170,#5161,#5172,.T.);
#5170 = VERTEX_POINT('',#5171);
#5171 = CARTESIAN_POINT('',(-0.28175296918,5.0505,1.821773651964));
#5172 = B_SPLINE_CURVE_WITH_KNOTS('',1,(#5173,#5174),.UNSPECIFIED.,.F.,
  .F.,(2,2),(0.,5.145974539159E-02),.PIECEWISE_BEZIER_KNOTS.);
#5173 = CARTESIAN_POINT('',(-0.28175296918,5.0505,1.821773651964));
#5174 = CARTESIAN_POINT('',(-0.230705456646,5.0505,1.8152731243));
#5175 = ORIENTED_EDGE('',*,*,#5176,.F.);
#5176 = EDGE_CURVE('',#5177,#5170,#5179,.T.);
#5177 = VERTEX_POINT('',#5178);
#5178 = CARTESIAN_POINT('',(-0.28160474879,5.0505,1.800875043454));
#5179 = B_SPLINE_CURVE_WITH_KNOTS('',1,(#5180,#5181),.UNSPECIFIED.,.F.,
  .F.,(2,2),(0.,2.08991341191E-02),.PIECEWISE_BEZIER_KNOTS.);
#5180 = CARTESIAN_POINT('',(-0.28160474879,5.0505,1.800875043454));
#5181 = CARTESIAN_POINT('',(-0.28175296918,5.0505,1.821773651964));
#5182 = ORIENTED_EDGE('',*,*,#5183,.F.);
#5183 = EDGE_CURVE('',#5184,#5177,#5186,.T.);
#5184 = VERTEX_POINT('',#5185);
#5185 = CARTESIAN_POINT('',(-0.264913728607,5.0505,1.756542653276));
#5186 = B_SPLINE_CURVE_WITH_KNOTS('',3,(#5187,#5188,#5189,#5190),
  .UNSPECIFIED.,.F.,.F.,(4,4),(5.,6.),.PIECEWISE_BEZIER_KNOTS.);
#5187 = CARTESIAN_POINT('',(-0.264913728607,5.0505,1.756542653276));
#5188 = CARTESIAN_POINT('',(-0.27591387133,5.0505,1.768162207087));
#5189 = CARTESIAN_POINT('',(-0.281477544724,5.0505,1.78293967048));
#5190 = CARTESIAN_POINT('',(-0.28160474879,5.0505,1.800875043454));
#5191 = ORIENTED_EDGE('',*,*,#5192,.F.);
#5192 = EDGE_CURVE('',#5193,#5184,#5195,.T.);
#5193 = VERTEX_POINT('',#5194);
#5194 = CARTESIAN_POINT('',(-0.223302333177,5.0505,1.739057468601));
#5195 = B_SPLINE_CURVE_WITH_KNOTS('',3,(#5196,#5197,#5198,#5199),
  .UNSPECIFIED.,.F.,.F.,(4,4),(4.,5.),.PIECEWISE_BEZIER_KNOTS.);
#5196 = CARTESIAN_POINT('',(-0.223302333177,5.0505,1.739057468601));
#5197 = CARTESIAN_POINT('',(-0.240068007913,5.0505,1.738938560453));
#5198 = CARTESIAN_POINT('',(-0.253990459644,5.0505,1.744766586636));
#5199 = CARTESIAN_POINT('',(-0.264913728607,5.0505,1.756542653276));
#5200 = ORIENTED_EDGE('',*,*,#5201,.F.);
#5201 = EDGE_CURVE('',#5202,#5193,#5204,.T.);
#5202 = VERTEX_POINT('',#5203);
#5203 = CARTESIAN_POINT('',(-0.194207542829,5.0505,1.749089778667));
#5204 = B_SPLINE_CURVE_WITH_KNOTS('',3,(#5205,#5206,#5207,#5208),
  .UNSPECIFIED.,.F.,.F.,(4,4),(3.,4.),.PIECEWISE_BEZIER_KNOTS.);
#5205 = CARTESIAN_POINT('',(-0.194207542829,5.0505,1.749089778667));
#5206 = CARTESIAN_POINT('',(-0.201491194646,5.0505,1.74248748079));
#5207 = CARTESIAN_POINT('',(-0.211215451389,5.0505,1.739143193081));
#5208 = CARTESIAN_POINT('',(-0.223302333177,5.0505,1.739057468601));
#5209 = ORIENTED_EDGE('',*,*,#5210,.F.);
#5210 = EDGE_CURVE('',#5152,#5202,#5211,.T.);
#5211 = B_SPLINE_CURVE_WITH_KNOTS('',3,(#5212,#5213,#5214,#5215),
  .UNSPECIFIED.,.F.,.F.,(4,4),(2.,3.),.PIECEWISE_BEZIER_KNOTS.);
#5212 = CARTESIAN_POINT('',(-0.183314697452,5.0505,1.774589755045));
#5213 = CARTESIAN_POINT('',(-0.183240587257,5.0505,1.764140450792));
#5214 = CARTESIAN_POINT('',(-0.186845911129,5.0505,1.755692629608));
#5215 = CARTESIAN_POINT('',(-0.194207542829,5.0505,1.749089778667));
#5216 = B_SPLINE_SURFACE_WITH_KNOTS('',1,1,(
    (#5217,#5218)
    ,(#5219,#5220
    )),.UNSPECIFIED.,.F.,.F.,.F.,(2,2),(2,2),(-0.223263530772,
    4.966445616268E-03),(-0.118653231649,5.75221513538E-02),
  .PIECEWISE_BEZIER_KNOTS.);
#5217 = CARTESIAN_POINT('',(-0.320573691119,5.0505,1.70757129055));
#5218 = CARTESIAN_POINT('',(-0.144398308116,5.0505,1.70757129055));
#5219 = CARTESIAN_POINT('',(-0.320573691119,5.0505,1.935801266938));
#5220 = CARTESIAN_POINT('',(-0.144398308116,5.0505,1.935801266938));
#5221 = ADVANCED_FACE('',(#5222),#5236,.F.);
#5222 = FACE_BOUND('',#5223,.F.);
#5223 = EDGE_LOOP('',(#5224,#5229,#5230,#5235));
#5224 = ORIENTED_EDGE('',*,*,#5225,.F.);
#5225 = EDGE_CURVE('',#5034,#139,#5226,.T.);
#5226 = B_SPLINE_CURVE_WITH_KNOTS('',1,(#5227,#5228),.UNSPECIFIED.,.F.,
  .F.,(2,2),(-0.,1.E-03),.PIECEWISE_BEZIER_KNOTS.);
#5227 = CARTESIAN_POINT('',(-0.242008687326,5.0505,1.935599952677));
#5228 = CARTESIAN_POINT('',(-0.242008687326,5.0495,1.935599952677));
#5229 = ORIENTED_EDGE('',*,*,#5033,.T.);
#5230 = ORIENTED_EDGE('',*,*,#5231,.T.);
#5231 = EDGE_CURVE('',#5036,#141,#5232,.T.);
#5232 = B_SPLINE_CURVE_WITH_KNOTS('',1,(#5233,#5234),.UNSPECIFIED.,.F.,
  .F.,(2,2),(-0.,1.E-03),.PIECEWISE_BEZIER_KNOTS.);
#5233 = CARTESIAN_POINT('',(-0.166848244465,5.0505,1.915857228061));
#5234 = CARTESIAN_POINT('',(-0.166848244465,5.0495,1.915857228061));
#5235 = ORIENTED_EDGE('',*,*,#138,.F.);
#5236 = B_SPLINE_SURFACE_WITH_KNOTS('',3,1,(
    (#5237,#5238)
    ,(#5239,#5240)
    ,(#5241,#5242)
    ,(#5243,#5244
    )),.UNSPECIFIED.,.F.,.F.,.F.,(4,4),(2,2),(0.,1.),(0.,1.),
  .PIECEWISE_BEZIER_KNOTS.);
#5237 = CARTESIAN_POINT('',(-0.242008687326,5.0505,1.935599952677));
#5238 = CARTESIAN_POINT('',(-0.242008687326,5.0495,1.935599952677));
#5239 = CARTESIAN_POINT('',(-0.213624010098,5.0505,1.935801266938));
#5240 = CARTESIAN_POINT('',(-0.213624010098,5.0495,1.935801266938));
#5241 = CARTESIAN_POINT('',(-0.188544904558,5.0505,1.929272529674));
#5242 = CARTESIAN_POINT('',(-0.188544904558,5.0495,1.929272529674));
#5243 = CARTESIAN_POINT('',(-0.166848244465,5.0505,1.915857228061));
#5244 = CARTESIAN_POINT('',(-0.166848244465,5.0495,1.915857228061));
#5245 = ADVANCED_FACE('',(#5246),#5256,.F.);
#5246 = FACE_BOUND('',#5247,.T.);
#5247 = EDGE_LOOP('',(#5248,#5249,#5254,#5255));
#5248 = ORIENTED_EDGE('',*,*,#247,.T.);
#5249 = ORIENTED_EDGE('',*,*,#5250,.F.);
#5250 = EDGE_CURVE('',#5045,#239,#5251,.T.);
#5251 = B_SPLINE_CURVE_WITH_KNOTS('',1,(#5252,#5253),.UNSPECIFIED.,.F.,
  .F.,(2,2),(-0.,1.E-03),.PIECEWISE_BEZIER_KNOTS.);
#5252 = CARTESIAN_POINT('',(-0.166584987355,5.0505,1.878738803992));
#5253 = CARTESIAN_POINT('',(-0.166584987355,5.0495,1.878738803992));
#5254 = ORIENTED_EDGE('',*,*,#5044,.F.);
#5255 = ORIENTED_EDGE('',*,*,#5231,.T.);
#5256 = B_SPLINE_SURFACE_WITH_KNOTS('',1,1,(
    (#5257,#5258)
    ,(#5259,#5260
    )),.UNSPECIFIED.,.F.,.F.,.F.,(2,2),(2,2),(-2.212516305568E-16,
    3.711935761389E-02),(-1.E-03,0.),.PIECEWISE_BEZIER_KNOTS.);
#5257 = CARTESIAN_POINT('',(-0.166584987355,5.0495,1.878738803992));
#5258 = CARTESIAN_POINT('',(-0.166584987355,5.0505,1.878738803992));
#5259 = CARTESIAN_POINT('',(-0.166848244465,5.0495,1.915857228061));
#5260 = CARTESIAN_POINT('',(-0.166848244465,5.0505,1.915857228061));
#5261 = ADVANCED_FACE('',(#5262),#5272,.F.);
#5262 = FACE_BOUND('',#5263,.F.);
#5263 = EDGE_LOOP('',(#5264,#5265,#5266,#5271));
#5264 = ORIENTED_EDGE('',*,*,#5250,.F.);
#5265 = ORIENTED_EDGE('',*,*,#5051,.T.);
#5266 = ORIENTED_EDGE('',*,*,#5267,.T.);
#5267 = EDGE_CURVE('',#5052,#230,#5268,.T.);
#5268 = B_SPLINE_CURVE_WITH_KNOTS('',1,(#5269,#5270),.UNSPECIFIED.,.F.,
  .F.,(2,2),(-0.,1.E-03),.PIECEWISE_BEZIER_KNOTS.);
#5269 = CARTESIAN_POINT('',(-0.238201494391,5.0505,1.904589400257));
#5270 = CARTESIAN_POINT('',(-0.238201494391,5.0495,1.904589400257));
#5271 = ORIENTED_EDGE('',*,*,#238,.F.);
#5272 = B_SPLINE_SURFACE_WITH_KNOTS('',3,1,(
    (#5273,#5274)
    ,(#5275,#5276)
    ,(#5277,#5278)
    ,(#5279,#5280
    )),.UNSPECIFIED.,.F.,.F.,.F.,(4,4),(2,2),(12.,13.),(0.,1.),
  .PIECEWISE_BEZIER_KNOTS.);
#5273 = CARTESIAN_POINT('',(-0.166584987355,5.0505,1.878738803992));
#5274 = CARTESIAN_POINT('',(-0.166584987355,5.0495,1.878738803992));
#5275 = CARTESIAN_POINT('',(-0.188231320623,5.0505,1.896053652793));
#5276 = CARTESIAN_POINT('',(-0.188231320623,5.0495,1.896053652793));
#5277 = CARTESIAN_POINT('',(-0.212078233755,5.0505,1.904774675745));
#5278 = CARTESIAN_POINT('',(-0.212078233755,5.0495,1.904774675745));
#5279 = CARTESIAN_POINT('',(-0.238201494391,5.0505,1.904589400257));
#5280 = CARTESIAN_POINT('',(-0.238201494391,5.0495,1.904589400257));
#5281 = ADVANCED_FACE('',(#5282),#5292,.F.);
#5282 = FACE_BOUND('',#5283,.F.);
#5283 = EDGE_LOOP('',(#5284,#5285,#5286,#5291));
#5284 = ORIENTED_EDGE('',*,*,#5267,.F.);
#5285 = ORIENTED_EDGE('',*,*,#5060,.T.);
#5286 = ORIENTED_EDGE('',*,*,#5287,.T.);
#5287 = EDGE_CURVE('',#5061,#223,#5288,.T.);
#5288 = B_SPLINE_CURVE_WITH_KNOTS('',1,(#5289,#5290),.UNSPECIFIED.,.F.,
  .F.,(2,2),(-0.,1.E-03),.PIECEWISE_BEZIER_KNOTS.);
#5289 = CARTESIAN_POINT('',(-0.281959814052,5.0505,1.850938128017));
#5290 = CARTESIAN_POINT('',(-0.281959814052,5.0495,1.850938128017));
#5291 = ORIENTED_EDGE('',*,*,#229,.F.);
#5292 = B_SPLINE_SURFACE_WITH_KNOTS('',3,1,(
    (#5293,#5294)
    ,(#5295,#5296)
    ,(#5297,#5298)
    ,(#5299,#5300
    )),.UNSPECIFIED.,.F.,.F.,.F.,(4,4),(2,2),(11.,12.),(0.,1.),
  .PIECEWISE_BEZIER_KNOTS.);
#5293 = CARTESIAN_POINT('',(-0.238201494391,5.0505,1.904589400257));
#5294 = CARTESIAN_POINT('',(-0.238201494391,5.0495,1.904589400257));
#5295 = CARTESIAN_POINT('',(-0.267599910092,5.0505,1.904380896202));
#5296 = CARTESIAN_POINT('',(-0.267599910092,5.0495,1.904380896202));
#5297 = CARTESIAN_POINT('',(-0.28221200994,5.0505,1.886496954434));
#5298 = CARTESIAN_POINT('',(-0.28221200994,5.0495,1.886496954434));
#5299 = CARTESIAN_POINT('',(-0.281959814052,5.0505,1.850938128017));
#5300 = CARTESIAN_POINT('',(-0.281959814052,5.0495,1.850938128017));
#5301 = ADVANCED_FACE('',(#5302),#5312,.F.);
#5302 = FACE_BOUND('',#5303,.T.);
#5303 = EDGE_LOOP('',(#5304,#5305,#5310,#5311));
#5304 = ORIENTED_EDGE('',*,*,#222,.T.);
#5305 = ORIENTED_EDGE('',*,*,#5306,.F.);
#5306 = EDGE_CURVE('',#5070,#214,#5307,.T.);
#5307 = B_SPLINE_CURVE_WITH_KNOTS('',1,(#5308,#5309),.UNSPECIFIED.,.F.,
  .F.,(2,2),(-0.,1.E-03),.PIECEWISE_BEZIER_KNOTS.);
#5308 = CARTESIAN_POINT('',(-0.217328316252,5.0505,1.842350396285));
#5309 = CARTESIAN_POINT('',(-0.217328316252,5.0495,1.842350396285));
#5310 = ORIENTED_EDGE('',*,*,#5069,.F.);
#5311 = ORIENTED_EDGE('',*,*,#5287,.T.);
#5312 = B_SPLINE_SURFACE_WITH_KNOTS('',1,1,(
    (#5313,#5314)
    ,(#5315,#5316
    )),.UNSPECIFIED.,.F.,.F.,.F.,(2,2),(2,2),(0.,6.519953714706E-02),(
    -1.E-03,0.),.PIECEWISE_BEZIER_KNOTS.);
#5313 = CARTESIAN_POINT('',(-0.217328316252,5.0495,1.842350396285));
#5314 = CARTESIAN_POINT('',(-0.217328316252,5.0505,1.842350396285));
#5315 = CARTESIAN_POINT('',(-0.281959814052,5.0495,1.850938128017));
#5316 = CARTESIAN_POINT('',(-0.281959814052,5.0505,1.850938128017));
#5317 = ADVANCED_FACE('',(#5318),#5328,.F.);
#5318 = FACE_BOUND('',#5319,.F.);
#5319 = EDGE_LOOP('',(#5320,#5321,#5322,#5327));
#5320 = ORIENTED_EDGE('',*,*,#5306,.F.);
#5321 = ORIENTED_EDGE('',*,*,#5076,.T.);
#5322 = ORIENTED_EDGE('',*,*,#5323,.T.);
#5323 = EDGE_CURVE('',#5077,#205,#5324,.T.);
#5324 = B_SPLINE_CURVE_WITH_KNOTS('',1,(#5325,#5326),.UNSPECIFIED.,.F.,
  .F.,(2,2),(-0.,1.E-03),.PIECEWISE_BEZIER_KNOTS.);
#5325 = CARTESIAN_POINT('',(-0.144536573405,5.0505,1.771745431141));
#5326 = CARTESIAN_POINT('',(-0.144536573405,5.0495,1.771745431141));
#5327 = ORIENTED_EDGE('',*,*,#213,.F.);
#5328 = B_SPLINE_SURFACE_WITH_KNOTS('',3,1,(
    (#5329,#5330)
    ,(#5331,#5332)
    ,(#5333,#5334)
    ,(#5335,#5336
    )),.UNSPECIFIED.,.F.,.F.,.F.,(4,4),(2,2),(9.,10.),(0.,1.),
  .PIECEWISE_BEZIER_KNOTS.);
#5329 = CARTESIAN_POINT('',(-0.217328316252,5.0505,1.842350396285));
#5330 = CARTESIAN_POINT('',(-0.217328316252,5.0495,1.842350396285));
#5331 = CARTESIAN_POINT('',(-0.169089185612,5.0505,1.835985918184));
#5332 = CARTESIAN_POINT('',(-0.169089185612,5.0495,1.835985918184));
#5333 = CARTESIAN_POINT('',(-0.144825271329,5.0505,1.812450929803));
#5334 = CARTESIAN_POINT('',(-0.144825271329,5.0495,1.812450929803));
#5335 = CARTESIAN_POINT('',(-0.144536573405,5.0505,1.771745431141));
#5336 = CARTESIAN_POINT('',(-0.144536573405,5.0495,1.771745431141));
#5337 = ADVANCED_FACE('',(#5338),#5348,.F.);
#5338 = FACE_BOUND('',#5339,.F.);
#5339 = EDGE_LOOP('',(#5340,#5341,#5342,#5347));
#5340 = ORIENTED_EDGE('',*,*,#5323,.F.);
#5341 = ORIENTED_EDGE('',*,*,#5085,.T.);
#5342 = ORIENTED_EDGE('',*,*,#5343,.T.);
#5343 = EDGE_CURVE('',#5086,#196,#5344,.T.);
#5344 = B_SPLINE_CURVE_WITH_KNOTS('',1,(#5345,#5346),.UNSPECIFIED.,.F.,
  .F.,(2,2),(-0.,1.E-03),.PIECEWISE_BEZIER_KNOTS.);
#5345 = CARTESIAN_POINT('',(-0.162923226878,5.0505,1.725292646261));
#5346 = CARTESIAN_POINT('',(-0.162923226878,5.0495,1.725292646261));
#5347 = ORIENTED_EDGE('',*,*,#204,.F.);
#5348 = B_SPLINE_SURFACE_WITH_KNOTS('',3,1,(
    (#5349,#5350)
    ,(#5351,#5352)
    ,(#5353,#5354)
    ,(#5355,#5356
    )),.UNSPECIFIED.,.F.,.F.,.F.,(4,4),(2,2),(8.,9.),(0.,1.),
  .PIECEWISE_BEZIER_KNOTS.);
#5349 = CARTESIAN_POINT('',(-0.144536573405,5.0505,1.771745431141));
#5350 = CARTESIAN_POINT('',(-0.144536573405,5.0495,1.771745431141));
#5351 = CARTESIAN_POINT('',(-0.144398308116,5.0505,1.752250460517));
#5352 = CARTESIAN_POINT('',(-0.144398308116,5.0495,1.752250460517));
#5353 = CARTESIAN_POINT('',(-0.150527192607,5.0505,1.736766198889));
#5354 = CARTESIAN_POINT('',(-0.150527192607,5.0495,1.736766198889));
#5355 = CARTESIAN_POINT('',(-0.162923226878,5.0505,1.725292646261));
#5356 = CARTESIAN_POINT('',(-0.162923226878,5.0495,1.725292646261));
#5357 = ADVANCED_FACE('',(#5358),#5368,.F.);
#5358 = FACE_BOUND('',#5359,.F.);
#5359 = EDGE_LOOP('',(#5360,#5361,#5362,#5367));
#5360 = ORIENTED_EDGE('',*,*,#5343,.F.);
#5361 = ORIENTED_EDGE('',*,*,#5094,.T.);
#5362 = ORIENTED_EDGE('',*,*,#5363,.T.);
#5363 = EDGE_CURVE('',#5095,#187,#5364,.T.);
#5364 = B_SPLINE_CURVE_WITH_KNOTS('',1,(#5365,#5366),.UNSPECIFIED.,.F.,
  .F.,(2,2),(-0.,1.E-03),.PIECEWISE_BEZIER_KNOTS.);
#5365 = CARTESIAN_POINT('',(-0.213176557515,5.0505,1.707779794606));
#5366 = CARTESIAN_POINT('',(-0.213176557515,5.0495,1.707779794606));
#5367 = ORIENTED_EDGE('',*,*,#195,.F.);
#5368 = B_SPLINE_SURFACE_WITH_KNOTS('',3,1,(
    (#5369,#5370)
    ,(#5371,#5372)
    ,(#5373,#5374)
    ,(#5375,#5376
    )),.UNSPECIFIED.,.F.,.F.,.F.,(4,4),(2,2),(7.,8.),(0.,1.),
  .PIECEWISE_BEZIER_KNOTS.);
#5369 = CARTESIAN_POINT('',(-0.162923226878,5.0505,1.725292646261));
#5370 = CARTESIAN_POINT('',(-0.162923226878,5.0495,1.725292646261));
#5371 = CARTESIAN_POINT('',(-0.175319261147,5.0505,1.713819093632));
#5372 = CARTESIAN_POINT('',(-0.175319261147,5.0495,1.713819093632));
#5373 = CARTESIAN_POINT('',(-0.192044009359,5.0505,1.707929674179));
#5374 = CARTESIAN_POINT('',(-0.192044009359,5.0495,1.707929674179));
#5375 = CARTESIAN_POINT('',(-0.213176557515,5.0505,1.707779794606));
#5376 = CARTESIAN_POINT('',(-0.213176557515,5.0495,1.707779794606));
#5377 = ADVANCED_FACE('',(#5378),#5388,.F.);
#5378 = FACE_BOUND('',#5379,.F.);
#5379 = EDGE_LOOP('',(#5380,#5381,#5382,#5387));
#5380 = ORIENTED_EDGE('',*,*,#5363,.F.);
#5381 = ORIENTED_EDGE('',*,*,#5103,.T.);
#5382 = ORIENTED_EDGE('',*,*,#5383,.T.);
#5383 = EDGE_CURVE('',#5104,#180,#5384,.T.);
#5384 = B_SPLINE_CURVE_WITH_KNOTS('',1,(#5385,#5386),.UNSPECIFIED.,.F.,
  .F.,(2,2),(-0.,1.E-03),.PIECEWISE_BEZIER_KNOTS.);
#5385 = CARTESIAN_POINT('',(-0.280202761386,5.0505,1.746140355738));
#5386 = CARTESIAN_POINT('',(-0.280202761386,5.0495,1.746140355738));
#5387 = ORIENTED_EDGE('',*,*,#186,.F.);
#5388 = B_SPLINE_SURFACE_WITH_KNOTS('',3,1,(
    (#5389,#5390)
    ,(#5391,#5392)
    ,(#5393,#5394)
    ,(#5395,#5396
    )),.UNSPECIFIED.,.F.,.F.,.F.,(4,4),(2,2),(6.,7.),(0.,1.),
  .PIECEWISE_BEZIER_KNOTS.);
#5389 = CARTESIAN_POINT('',(-0.213176557515,5.0505,1.707779794606));
#5390 = CARTESIAN_POINT('',(-0.213176557515,5.0495,1.707779794606));
#5391 = CARTESIAN_POINT('',(-0.242574973215,5.0505,1.70757129055));
#5392 = CARTESIAN_POINT('',(-0.242574973215,5.0495,1.70757129055));
#5393 = CARTESIAN_POINT('',(-0.264969027761,5.0505,1.720357775553));
#5394 = CARTESIAN_POINT('',(-0.264969027761,5.0495,1.720357775553));
#5395 = CARTESIAN_POINT('',(-0.280202761386,5.0505,1.746140355738));
#5396 = CARTESIAN_POINT('',(-0.280202761386,5.0495,1.746140355738));
#5397 = ADVANCED_FACE('',(#5398),#5408,.F.);
#5398 = FACE_BOUND('',#5399,.T.);
#5399 = EDGE_LOOP('',(#5400,#5401,#5406,#5407));
#5400 = ORIENTED_EDGE('',*,*,#179,.T.);
#5401 = ORIENTED_EDGE('',*,*,#5402,.F.);
#5402 = EDGE_CURVE('',#5113,#173,#5403,.T.);
#5403 = B_SPLINE_CURVE_WITH_KNOTS('',1,(#5404,#5405),.UNSPECIFIED.,.F.,
  .F.,(2,2),(-0.,1.E-03),.PIECEWISE_BEZIER_KNOTS.);
#5404 = CARTESIAN_POINT('',(-0.281216499858,5.0505,1.746133165943));
#5405 = CARTESIAN_POINT('',(-0.281216499858,5.0495,1.746133165943));
#5406 = ORIENTED_EDGE('',*,*,#5112,.F.);
#5407 = ORIENTED_EDGE('',*,*,#5383,.T.);
#5408 = B_SPLINE_SURFACE_WITH_KNOTS('',1,1,(
    (#5409,#5410)
    ,(#5411,#5412
    )),.UNSPECIFIED.,.F.,.F.,.F.,(2,2),(2,2),(0.,1.013763968291E-03),(
    -1.E-03,0.),.PIECEWISE_BEZIER_KNOTS.);
#5409 = CARTESIAN_POINT('',(-0.281216499858,5.0495,1.746133165943));
#5410 = CARTESIAN_POINT('',(-0.281216499858,5.0505,1.746133165943));
#5411 = CARTESIAN_POINT('',(-0.280202761386,5.0495,1.746140355738));
#5412 = CARTESIAN_POINT('',(-0.280202761386,5.0505,1.746140355738));
#5413 = ADVANCED_FACE('',(#5414),#5424,.F.);
#5414 = FACE_BOUND('',#5415,.T.);
#5415 = EDGE_LOOP('',(#5416,#5417,#5422,#5423));
#5416 = ORIENTED_EDGE('',*,*,#172,.T.);
#5417 = ORIENTED_EDGE('',*,*,#5418,.F.);
#5418 = EDGE_CURVE('',#5120,#166,#5419,.T.);
#5419 = B_SPLINE_CURVE_WITH_KNOTS('',1,(#5420,#5421),.UNSPECIFIED.,.F.,
  .F.,(2,2),(-0.,1.E-03),.PIECEWISE_BEZIER_KNOTS.);
#5420 = CARTESIAN_POINT('',(-0.280977577439,5.0505,1.712445856706));
#5421 = CARTESIAN_POINT('',(-0.280977577439,5.0495,1.712445856706));
#5422 = ORIENTED_EDGE('',*,*,#5119,.F.);
#5423 = ORIENTED_EDGE('',*,*,#5402,.T.);
#5424 = B_SPLINE_SURFACE_WITH_KNOTS('',1,1,(
    (#5425,#5426)
    ,(#5427,#5428
    )),.UNSPECIFIED.,.F.,.F.,.F.,(2,2),(2,2),(-4.456528210642E-16,
    3.368815648771E-02),(-1.E-03,0.),.PIECEWISE_BEZIER_KNOTS.);
#5425 = CARTESIAN_POINT('',(-0.280977577439,5.0495,1.712445856706));
#5426 = CARTESIAN_POINT('',(-0.280977577439,5.0505,1.712445856706));
#5427 = CARTESIAN_POINT('',(-0.281216499858,5.0495,1.746133165943));
#5428 = CARTESIAN_POINT('',(-0.281216499858,5.0505,1.746133165943));
#5429 = ADVANCED_FACE('',(#5430),#5440,.F.);
#5430 = FACE_BOUND('',#5431,.T.);
#5431 = EDGE_LOOP('',(#5432,#5433,#5438,#5439));
#5432 = ORIENTED_EDGE('',*,*,#165,.T.);
#5433 = ORIENTED_EDGE('',*,*,#5434,.F.);
#5434 = EDGE_CURVE('',#5127,#159,#5435,.T.);
#5435 = B_SPLINE_CURVE_WITH_KNOTS('',1,(#5436,#5437),.UNSPECIFIED.,.F.,
  .F.,(2,2),(-0.,1.E-03),.PIECEWISE_BEZIER_KNOTS.);
#5436 = CARTESIAN_POINT('',(-0.319187719861,5.0505,1.712174856739));
#5437 = CARTESIAN_POINT('',(-0.319187719861,5.0495,1.712174856739));
#5438 = ORIENTED_EDGE('',*,*,#5126,.F.);
#5439 = ORIENTED_EDGE('',*,*,#5418,.T.);
#5440 = B_SPLINE_SURFACE_WITH_KNOTS('',1,1,(
    (#5441,#5442)
    ,(#5443,#5444
    )),.UNSPECIFIED.,.F.,.F.,.F.,(2,2),(2,2),(0.,3.821110342477E-02),(
    -1.E-03,0.),.PIECEWISE_BEZIER_KNOTS.);
#5441 = CARTESIAN_POINT('',(-0.319187719861,5.0495,1.712174856739));
#5442 = CARTESIAN_POINT('',(-0.319187719861,5.0505,1.712174856739));
#5443 = CARTESIAN_POINT('',(-0.280977577439,5.0495,1.712445856706));
#5444 = CARTESIAN_POINT('',(-0.280977577439,5.0505,1.712445856706));
#5445 = ADVANCED_FACE('',(#5446),#5456,.F.);
#5446 = FACE_BOUND('',#5447,.T.);
#5447 = EDGE_LOOP('',(#5448,#5449,#5454,#5455));
#5448 = ORIENTED_EDGE('',*,*,#158,.T.);
#5449 = ORIENTED_EDGE('',*,*,#5450,.F.);
#5450 = EDGE_CURVE('',#5134,#150,#5451,.T.);
#5451 = B_SPLINE_CURVE_WITH_KNOTS('',1,(#5452,#5453),.UNSPECIFIED.,.F.,
  .F.,(2,2),(-0.,1.E-03),.PIECEWISE_BEZIER_KNOTS.);
#5452 = CARTESIAN_POINT('',(-0.32018212382,5.0505,1.852382685463));
#5453 = CARTESIAN_POINT('',(-0.32018212382,5.0495,1.852382685463));
#5454 = ORIENTED_EDGE('',*,*,#5133,.F.);
#5455 = ORIENTED_EDGE('',*,*,#5434,.T.);
#5456 = B_SPLINE_SURFACE_WITH_KNOTS('',1,1,(
    (#5457,#5458)
    ,(#5459,#5460
    )),.UNSPECIFIED.,.F.,.F.,.F.,(2,2),(2,2),(0.,0.140211355014),(
    -1.E-03,0.),.PIECEWISE_BEZIER_KNOTS.);
#5457 = CARTESIAN_POINT('',(-0.32018212382,5.0495,1.852382685463));
#5458 = CARTESIAN_POINT('',(-0.32018212382,5.0505,1.852382685463));
#5459 = CARTESIAN_POINT('',(-0.319187719861,5.0495,1.712174856739));
#5460 = CARTESIAN_POINT('',(-0.319187719861,5.0505,1.712174856739));
#5461 = ADVANCED_FACE('',(#5462),#5468,.F.);
#5462 = FACE_BOUND('',#5463,.F.);
#5463 = EDGE_LOOP('',(#5464,#5465,#5466,#5467));
#5464 = ORIENTED_EDGE('',*,*,#5450,.F.);
#5465 = ORIENTED_EDGE('',*,*,#5140,.T.);
#5466 = ORIENTED_EDGE('',*,*,#5225,.T.);
#5467 = ORIENTED_EDGE('',*,*,#149,.F.);
#5468 = B_SPLINE_SURFACE_WITH_KNOTS('',3,1,(
    (#5469,#5470)
    ,(#5471,#5472)
    ,(#5473,#5474)
    ,(#5475,#5476
    )),.UNSPECIFIED.,.F.,.F.,.F.,(4,4),(2,2),(1.,2.),(0.,1.),
  .PIECEWISE_BEZIER_KNOTS.);
#5469 = CARTESIAN_POINT('',(-0.32018212382,5.0505,1.852382685463));
#5470 = CARTESIAN_POINT('',(-0.32018212382,5.0495,1.852382685463));
#5471 = CARTESIAN_POINT('',(-0.320573691119,5.0505,1.907592442271));
#5472 = CARTESIAN_POINT('',(-0.320573691119,5.0495,1.907592442271));
#5473 = CARTESIAN_POINT('',(-0.294489148245,5.0505,1.935227742519));
#5474 = CARTESIAN_POINT('',(-0.294489148245,5.0495,1.935227742519));
#5475 = CARTESIAN_POINT('',(-0.242008687326,5.0505,1.935599952677));
#5476 = CARTESIAN_POINT('',(-0.242008687326,5.0495,1.935599952677));
#5477 = ADVANCED_FACE('',(#5478),#5502,.T.);
#5478 = FACE_BOUND('',#5479,.T.);
#5479 = EDGE_LOOP('',(#5480,#5491,#5496,#5497));
#5480 = ORIENTED_EDGE('',*,*,#5481,.F.);
#5481 = EDGE_CURVE('',#5482,#5484,#5486,.T.);
#5482 = VERTEX_POINT('',#5483);
#5483 = CARTESIAN_POINT('',(-0.230705456646,5.0495,1.8152731243));
#5484 = VERTEX_POINT('',#5485);
#5485 = CARTESIAN_POINT('',(-0.193647865825,5.0495,1.802122735498));
#5486 = B_SPLINE_CURVE_WITH_KNOTS('',3,(#5487,#5488,#5489,#5490),
  .UNSPECIFIED.,.F.,.F.,(4,4),(0.,1.),.PIECEWISE_BEZIER_KNOTS.);
#5487 = CARTESIAN_POINT('',(-0.230705456646,5.0495,1.8152731243));
#5488 = CARTESIAN_POINT('',(-0.212830365599,5.0495,1.812904419064));
#5489 = CARTESIAN_POINT('',(-0.200478572739,5.0495,1.808624929307));
#5490 = CARTESIAN_POINT('',(-0.193647865825,5.0495,1.802122735498));
#5491 = ORIENTED_EDGE('',*,*,#5492,.F.);
#5492 = EDGE_CURVE('',#5161,#5482,#5493,.T.);
#5493 = B_SPLINE_CURVE_WITH_KNOTS('',1,(#5494,#5495),.UNSPECIFIED.,.F.,
  .F.,(2,2),(-0.,1.E-03),.PIECEWISE_BEZIER_KNOTS.);
#5494 = CARTESIAN_POINT('',(-0.230705456646,5.0505,1.8152731243));
#5495 = CARTESIAN_POINT('',(-0.230705456646,5.0495,1.8152731243));
#5496 = ORIENTED_EDGE('',*,*,#5160,.T.);
#5497 = ORIENTED_EDGE('',*,*,#5498,.T.);
#5498 = EDGE_CURVE('',#5150,#5484,#5499,.T.);
#5499 = B_SPLINE_CURVE_WITH_KNOTS('',1,(#5500,#5501),.UNSPECIFIED.,.F.,
  .F.,(2,2),(-0.,1.E-03),.PIECEWISE_BEZIER_KNOTS.);
#5500 = CARTESIAN_POINT('',(-0.193647865825,5.0505,1.802122735498));
#5501 = CARTESIAN_POINT('',(-0.193647865825,5.0495,1.802122735498));
#5502 = B_SPLINE_SURFACE_WITH_KNOTS('',3,1,(
    (#5503,#5504)
    ,(#5505,#5506)
    ,(#5507,#5508)
    ,(#5509,#5510
    )),.UNSPECIFIED.,.F.,.F.,.F.,(4,4),(2,2),(0.,1.),(0.,1.),
  .PIECEWISE_BEZIER_KNOTS.);
#5503 = CARTESIAN_POINT('',(-0.230705456646,5.0505,1.8152731243));
#5504 = CARTESIAN_POINT('',(-0.230705456646,5.0495,1.8152731243));
#5505 = CARTESIAN_POINT('',(-0.212830365599,5.0505,1.812904419064));
#5506 = CARTESIAN_POINT('',(-0.212830365599,5.0495,1.812904419064));
#5507 = CARTESIAN_POINT('',(-0.200478572739,5.0505,1.808624929307));
#5508 = CARTESIAN_POINT('',(-0.200478572739,5.0495,1.808624929307));
#5509 = CARTESIAN_POINT('',(-0.193647865825,5.0505,1.802122735498));
#5510 = CARTESIAN_POINT('',(-0.193647865825,5.0495,1.802122735498));
#5511 = ADVANCED_FACE('',(#5512),#5530,.T.);
#5512 = FACE_BOUND('',#5513,.T.);
#5513 = EDGE_LOOP('',(#5514,#5523,#5524,#5525));
#5514 = ORIENTED_EDGE('',*,*,#5515,.F.);
#5515 = EDGE_CURVE('',#5484,#5516,#5518,.T.);
#5516 = VERTEX_POINT('',#5517);
#5517 = CARTESIAN_POINT('',(-0.183314697452,5.0495,1.774589755045));
#5518 = B_SPLINE_CURVE_WITH_KNOTS('',3,(#5519,#5520,#5521,#5522),
  .UNSPECIFIED.,.F.,.F.,(4,4),(1.,2.),.PIECEWISE_BEZIER_KNOTS.);
#5519 = CARTESIAN_POINT('',(-0.193647865825,5.0495,1.802122735498));
#5520 = CARTESIAN_POINT('',(-0.186895138793,5.0495,1.795619988629));
#5521 = CARTESIAN_POINT('',(-0.183398762748,5.0495,1.786442697185));
#5522 = CARTESIAN_POINT('',(-0.183314697452,5.0495,1.774589755045));
#5523 = ORIENTED_EDGE('',*,*,#5498,.F.);
#5524 = ORIENTED_EDGE('',*,*,#5149,.T.);
#5525 = ORIENTED_EDGE('',*,*,#5526,.T.);
#5526 = EDGE_CURVE('',#5152,#5516,#5527,.T.);
#5527 = B_SPLINE_CURVE_WITH_KNOTS('',1,(#5528,#5529),.UNSPECIFIED.,.F.,
  .F.,(2,2),(-0.,1.E-03),.PIECEWISE_BEZIER_KNOTS.);
#5528 = CARTESIAN_POINT('',(-0.183314697452,5.0505,1.774589755045));
#5529 = CARTESIAN_POINT('',(-0.183314697452,5.0495,1.774589755045));
#5530 = B_SPLINE_SURFACE_WITH_KNOTS('',3,1,(
    (#5531,#5532)
    ,(#5533,#5534)
    ,(#5535,#5536)
    ,(#5537,#5538
    )),.UNSPECIFIED.,.F.,.F.,.F.,(4,4),(2,2),(1.,2.),(0.,1.),
  .PIECEWISE_BEZIER_KNOTS.);
#5531 = CARTESIAN_POINT('',(-0.193647865825,5.0505,1.802122735498));
#5532 = CARTESIAN_POINT('',(-0.193647865825,5.0495,1.802122735498));
#5533 = CARTESIAN_POINT('',(-0.186895138793,5.0505,1.795619988629));
#5534 = CARTESIAN_POINT('',(-0.186895138793,5.0495,1.795619988629));
#5535 = CARTESIAN_POINT('',(-0.183398762748,5.0505,1.786442697185));
#5536 = CARTESIAN_POINT('',(-0.183398762748,5.0495,1.786442697185));
#5537 = CARTESIAN_POINT('',(-0.183314697452,5.0505,1.774589755045));
#5538 = CARTESIAN_POINT('',(-0.183314697452,5.0495,1.774589755045));
#5539 = ADVANCED_FACE('',(#5540),#5558,.T.);
#5540 = FACE_BOUND('',#5541,.T.);
#5541 = EDGE_LOOP('',(#5542,#5551,#5552,#5553));
#5542 = ORIENTED_EDGE('',*,*,#5543,.F.);
#5543 = EDGE_CURVE('',#5516,#5544,#5546,.T.);
#5544 = VERTEX_POINT('',#5545);
#5545 = CARTESIAN_POINT('',(-0.194207542829,5.0495,1.749089778667));
#5546 = B_SPLINE_CURVE_WITH_KNOTS('',3,(#5547,#5548,#5549,#5550),
  .UNSPECIFIED.,.F.,.F.,(4,4),(2.,3.),.PIECEWISE_BEZIER_KNOTS.);
#5547 = CARTESIAN_POINT('',(-0.183314697452,5.0495,1.774589755045));
#5548 = CARTESIAN_POINT('',(-0.183240587257,5.0495,1.764140450792));
#5549 = CARTESIAN_POINT('',(-0.186845911129,5.0495,1.755692629608));
#5550 = CARTESIAN_POINT('',(-0.194207542829,5.0495,1.749089778667));
#5551 = ORIENTED_EDGE('',*,*,#5526,.F.);
#5552 = ORIENTED_EDGE('',*,*,#5210,.T.);
#5553 = ORIENTED_EDGE('',*,*,#5554,.T.);
#5554 = EDGE_CURVE('',#5202,#5544,#5555,.T.);
#5555 = B_SPLINE_CURVE_WITH_KNOTS('',1,(#5556,#5557),.UNSPECIFIED.,.F.,
  .F.,(2,2),(-0.,1.E-03),.PIECEWISE_BEZIER_KNOTS.);
#5556 = CARTESIAN_POINT('',(-0.194207542829,5.0505,1.749089778667));
#5557 = CARTESIAN_POINT('',(-0.194207542829,5.0495,1.749089778667));
#5558 = B_SPLINE_SURFACE_WITH_KNOTS('',3,1,(
    (#5559,#5560)
    ,(#5561,#5562)
    ,(#5563,#5564)
    ,(#5565,#5566
    )),.UNSPECIFIED.,.F.,.F.,.F.,(4,4),(2,2),(2.,3.),(0.,1.),
  .PIECEWISE_BEZIER_KNOTS.);
#5559 = CARTESIAN_POINT('',(-0.183314697452,5.0505,1.774589755045));
#5560 = CARTESIAN_POINT('',(-0.183314697452,5.0495,1.774589755045));
#5561 = CARTESIAN_POINT('',(-0.183240587257,5.0505,1.764140450792));
#5562 = CARTESIAN_POINT('',(-0.183240587257,5.0495,1.764140450792));
#5563 = CARTESIAN_POINT('',(-0.186845911129,5.0505,1.755692629608));
#5564 = CARTESIAN_POINT('',(-0.186845911129,5.0495,1.755692629608));
#5565 = CARTESIAN_POINT('',(-0.194207542829,5.0505,1.749089778667));
#5566 = CARTESIAN_POINT('',(-0.194207542829,5.0495,1.749089778667));
#5567 = ADVANCED_FACE('',(#5568),#5586,.T.);
#5568 = FACE_BOUND('',#5569,.T.);
#5569 = EDGE_LOOP('',(#5570,#5579,#5580,#5581));
#5570 = ORIENTED_EDGE('',*,*,#5571,.F.);
#5571 = EDGE_CURVE('',#5544,#5572,#5574,.T.);
#5572 = VERTEX_POINT('',#5573);
#5573 = CARTESIAN_POINT('',(-0.223302333177,5.0495,1.739057468601));
#5574 = B_SPLINE_CURVE_WITH_KNOTS('',3,(#5575,#5576,#5577,#5578),
  .UNSPECIFIED.,.F.,.F.,(4,4),(3.,4.),.PIECEWISE_BEZIER_KNOTS.);
#5575 = CARTESIAN_POINT('',(-0.194207542829,5.0495,1.749089778667));
#5576 = CARTESIAN_POINT('',(-0.201491194646,5.0495,1.74248748079));
#5577 = CARTESIAN_POINT('',(-0.211215451389,5.0495,1.739143193081));
#5578 = CARTESIAN_POINT('',(-0.223302333177,5.0495,1.739057468601));
#5579 = ORIENTED_EDGE('',*,*,#5554,.F.);
#5580 = ORIENTED_EDGE('',*,*,#5201,.T.);
#5581 = ORIENTED_EDGE('',*,*,#5582,.T.);
#5582 = EDGE_CURVE('',#5193,#5572,#5583,.T.);
#5583 = B_SPLINE_CURVE_WITH_KNOTS('',1,(#5584,#5585),.UNSPECIFIED.,.F.,
  .F.,(2,2),(-0.,1.E-03),.PIECEWISE_BEZIER_KNOTS.);
#5584 = CARTESIAN_POINT('',(-0.223302333177,5.0505,1.739057468601));
#5585 = CARTESIAN_POINT('',(-0.223302333177,5.0495,1.739057468601));
#5586 = B_SPLINE_SURFACE_WITH_KNOTS('',3,1,(
    (#5587,#5588)
    ,(#5589,#5590)
    ,(#5591,#5592)
    ,(#5593,#5594
    )),.UNSPECIFIED.,.F.,.F.,.F.,(4,4),(2,2),(3.,4.),(0.,1.),
  .PIECEWISE_BEZIER_KNOTS.);
#5587 = CARTESIAN_POINT('',(-0.194207542829,5.0505,1.749089778667));
#5588 = CARTESIAN_POINT('',(-0.194207542829,5.0495,1.749089778667));
#5589 = CARTESIAN_POINT('',(-0.201491194646,5.0505,1.74248748079));
#5590 = CARTESIAN_POINT('',(-0.201491194646,5.0495,1.74248748079));
#5591 = CARTESIAN_POINT('',(-0.211215451389,5.0505,1.739143193081));
#5592 = CARTESIAN_POINT('',(-0.211215451389,5.0495,1.739143193081));
#5593 = CARTESIAN_POINT('',(-0.223302333177,5.0505,1.739057468601));
#5594 = CARTESIAN_POINT('',(-0.223302333177,5.0495,1.739057468601));
#5595 = ADVANCED_FACE('',(#5596),#5614,.T.);
#5596 = FACE_BOUND('',#5597,.T.);
#5597 = EDGE_LOOP('',(#5598,#5607,#5608,#5609));
#5598 = ORIENTED_EDGE('',*,*,#5599,.F.);
#5599 = EDGE_CURVE('',#5572,#5600,#5602,.T.);
#5600 = VERTEX_POINT('',#5601);
#5601 = CARTESIAN_POINT('',(-0.264913728607,5.0495,1.756542653276));
#5602 = B_SPLINE_CURVE_WITH_KNOTS('',3,(#5603,#5604,#5605,#5606),
  .UNSPECIFIED.,.F.,.F.,(4,4),(4.,5.),.PIECEWISE_BEZIER_KNOTS.);
#5603 = CARTESIAN_POINT('',(-0.223302333177,5.0495,1.739057468601));
#5604 = CARTESIAN_POINT('',(-0.240068007913,5.0495,1.738938560453));
#5605 = CARTESIAN_POINT('',(-0.253990459644,5.0495,1.744766586636));
#5606 = CARTESIAN_POINT('',(-0.264913728607,5.0495,1.756542653276));
#5607 = ORIENTED_EDGE('',*,*,#5582,.F.);
#5608 = ORIENTED_EDGE('',*,*,#5192,.T.);
#5609 = ORIENTED_EDGE('',*,*,#5610,.T.);
#5610 = EDGE_CURVE('',#5184,#5600,#5611,.T.);
#5611 = B_SPLINE_CURVE_WITH_KNOTS('',1,(#5612,#5613),.UNSPECIFIED.,.F.,
  .F.,(2,2),(-0.,1.E-03),.PIECEWISE_BEZIER_KNOTS.);
#5612 = CARTESIAN_POINT('',(-0.264913728607,5.0505,1.756542653276));
#5613 = CARTESIAN_POINT('',(-0.264913728607,5.0495,1.756542653276));
#5614 = B_SPLINE_SURFACE_WITH_KNOTS('',3,1,(
    (#5615,#5616)
    ,(#5617,#5618)
    ,(#5619,#5620)
    ,(#5621,#5622
    )),.UNSPECIFIED.,.F.,.F.,.F.,(4,4),(2,2),(4.,5.),(0.,1.),
  .PIECEWISE_BEZIER_KNOTS.);
#5615 = CARTESIAN_POINT('',(-0.223302333177,5.0505,1.739057468601));
#5616 = CARTESIAN_POINT('',(-0.223302333177,5.0495,1.739057468601));
#5617 = CARTESIAN_POINT('',(-0.240068007913,5.0505,1.738938560453));
#5618 = CARTESIAN_POINT('',(-0.240068007913,5.0495,1.738938560453));
#5619 = CARTESIAN_POINT('',(-0.253990459644,5.0505,1.744766586636));
#5620 = CARTESIAN_POINT('',(-0.253990459644,5.0495,1.744766586636));
#5621 = CARTESIAN_POINT('',(-0.264913728607,5.0505,1.756542653276));
#5622 = CARTESIAN_POINT('',(-0.264913728607,5.0495,1.756542653276));
#5623 = ADVANCED_FACE('',(#5624),#5642,.T.);
#5624 = FACE_BOUND('',#5625,.T.);
#5625 = EDGE_LOOP('',(#5626,#5635,#5636,#5637));
#5626 = ORIENTED_EDGE('',*,*,#5627,.F.);
#5627 = EDGE_CURVE('',#5600,#5628,#5630,.T.);
#5628 = VERTEX_POINT('',#5629);
#5629 = CARTESIAN_POINT('',(-0.28160474879,5.0495,1.800875043454));
#5630 = B_SPLINE_CURVE_WITH_KNOTS('',3,(#5631,#5632,#5633,#5634),
  .UNSPECIFIED.,.F.,.F.,(4,4),(5.,6.),.PIECEWISE_BEZIER_KNOTS.);
#5631 = CARTESIAN_POINT('',(-0.264913728607,5.0495,1.756542653276));
#5632 = CARTESIAN_POINT('',(-0.27591387133,5.0495,1.768162207087));
#5633 = CARTESIAN_POINT('',(-0.281477544724,5.0495,1.78293967048));
#5634 = CARTESIAN_POINT('',(-0.28160474879,5.0495,1.800875043454));
#5635 = ORIENTED_EDGE('',*,*,#5610,.F.);
#5636 = ORIENTED_EDGE('',*,*,#5183,.T.);
#5637 = ORIENTED_EDGE('',*,*,#5638,.T.);
#5638 = EDGE_CURVE('',#5177,#5628,#5639,.T.);
#5639 = B_SPLINE_CURVE_WITH_KNOTS('',1,(#5640,#5641),.UNSPECIFIED.,.F.,
  .F.,(2,2),(-0.,1.E-03),.PIECEWISE_BEZIER_KNOTS.);
#5640 = CARTESIAN_POINT('',(-0.28160474879,5.0505,1.800875043454));
#5641 = CARTESIAN_POINT('',(-0.28160474879,5.0495,1.800875043454));
#5642 = B_SPLINE_SURFACE_WITH_KNOTS('',3,1,(
    (#5643,#5644)
    ,(#5645,#5646)
    ,(#5647,#5648)
    ,(#5649,#5650
    )),.UNSPECIFIED.,.F.,.F.,.F.,(4,4),(2,2),(5.,6.),(0.,1.),
  .PIECEWISE_BEZIER_KNOTS.);
#5643 = CARTESIAN_POINT('',(-0.264913728607,5.0505,1.756542653276));
#5644 = CARTESIAN_POINT('',(-0.264913728607,5.0495,1.756542653276));
#5645 = CARTESIAN_POINT('',(-0.27591387133,5.0505,1.768162207087));
#5646 = CARTESIAN_POINT('',(-0.27591387133,5.0495,1.768162207087));
#5647 = CARTESIAN_POINT('',(-0.281477544724,5.0505,1.78293967048));
#5648 = CARTESIAN_POINT('',(-0.281477544724,5.0495,1.78293967048));
#5649 = CARTESIAN_POINT('',(-0.28160474879,5.0505,1.800875043454));
#5650 = CARTESIAN_POINT('',(-0.28160474879,5.0495,1.800875043454));
#5651 = ADVANCED_FACE('',(#5652),#5668,.T.);
#5652 = FACE_BOUND('',#5653,.T.);
#5653 = EDGE_LOOP('',(#5654,#5661,#5662,#5663));
#5654 = ORIENTED_EDGE('',*,*,#5655,.F.);
#5655 = EDGE_CURVE('',#5628,#5656,#5658,.T.);
#5656 = VERTEX_POINT('',#5657);
#5657 = CARTESIAN_POINT('',(-0.28175296918,5.0495,1.821773651964));
#5658 = B_SPLINE_CURVE_WITH_KNOTS('',1,(#5659,#5660),.UNSPECIFIED.,.F.,
  .F.,(2,2),(0.,2.08991341191E-02),.PIECEWISE_BEZIER_KNOTS.);
#5659 = CARTESIAN_POINT('',(-0.28160474879,5.0495,1.800875043454));
#5660 = CARTESIAN_POINT('',(-0.28175296918,5.0495,1.821773651964));
#5661 = ORIENTED_EDGE('',*,*,#5638,.F.);
#5662 = ORIENTED_EDGE('',*,*,#5176,.T.);
#5663 = ORIENTED_EDGE('',*,*,#5664,.T.);
#5664 = EDGE_CURVE('',#5170,#5656,#5665,.T.);
#5665 = B_SPLINE_CURVE_WITH_KNOTS('',1,(#5666,#5667),.UNSPECIFIED.,.F.,
  .F.,(2,2),(-0.,1.E-03),.PIECEWISE_BEZIER_KNOTS.);
#5666 = CARTESIAN_POINT('',(-0.28175296918,5.0505,1.821773651964));
#5667 = CARTESIAN_POINT('',(-0.28175296918,5.0495,1.821773651964));
#5668 = B_SPLINE_SURFACE_WITH_KNOTS('',1,1,(
    (#5669,#5670)
    ,(#5671,#5672
    )),.UNSPECIFIED.,.F.,.F.,.F.,(2,2),(2,2),(-2.08991341191E-02,0.),(
    -1.E-03,0.),.PIECEWISE_BEZIER_KNOTS.);
#5669 = CARTESIAN_POINT('',(-0.28175296918,5.0495,1.821773651964));
#5670 = CARTESIAN_POINT('',(-0.28175296918,5.0505,1.821773651964));
#5671 = CARTESIAN_POINT('',(-0.28160474879,5.0495,1.800875043454));
#5672 = CARTESIAN_POINT('',(-0.28160474879,5.0505,1.800875043454));
#5673 = ADVANCED_FACE('',(#5674),#5684,.T.);
#5674 = FACE_BOUND('',#5675,.T.);
#5675 = EDGE_LOOP('',(#5676,#5681,#5682,#5683));
#5676 = ORIENTED_EDGE('',*,*,#5677,.F.);
#5677 = EDGE_CURVE('',#5656,#5482,#5678,.T.);
#5678 = B_SPLINE_CURVE_WITH_KNOTS('',1,(#5679,#5680),.UNSPECIFIED.,.F.,
  .F.,(2,2),(0.,5.145974539159E-02),.PIECEWISE_BEZIER_KNOTS.);
#5679 = CARTESIAN_POINT('',(-0.28175296918,5.0495,1.821773651964));
#5680 = CARTESIAN_POINT('',(-0.230705456646,5.0495,1.8152731243));
#5681 = ORIENTED_EDGE('',*,*,#5664,.F.);
#5682 = ORIENTED_EDGE('',*,*,#5169,.T.);
#5683 = ORIENTED_EDGE('',*,*,#5492,.T.);
#5684 = B_SPLINE_SURFACE_WITH_KNOTS('',1,1,(
    (#5685,#5686)
    ,(#5687,#5688
    )),.UNSPECIFIED.,.F.,.F.,.F.,(2,2),(2,2),(-5.145974539159E-02,0.),(
    -1.E-03,0.),.PIECEWISE_BEZIER_KNOTS.);
#5685 = CARTESIAN_POINT('',(-0.230705456646,5.0495,1.8152731243));
#5686 = CARTESIAN_POINT('',(-0.230705456646,5.0505,1.8152731243));
#5687 = CARTESIAN_POINT('',(-0.28175296918,5.0495,1.821773651964));
#5688 = CARTESIAN_POINT('',(-0.28175296918,5.0505,1.821773651964));
#5689 = ADVANCED_FACE('',(#5690),#5700,.F.);
#5690 = FACE_BOUND('',#5691,.T.);
#5691 = EDGE_LOOP('',(#5692,#5693,#5694,#5695,#5696,#5697,#5698,#5699));
#5692 = ORIENTED_EDGE('',*,*,#5677,.T.);
#5693 = ORIENTED_EDGE('',*,*,#5481,.T.);
#5694 = ORIENTED_EDGE('',*,*,#5515,.T.);
#5695 = ORIENTED_EDGE('',*,*,#5543,.T.);
#5696 = ORIENTED_EDGE('',*,*,#5571,.T.);
#5697 = ORIENTED_EDGE('',*,*,#5599,.T.);
#5698 = ORIENTED_EDGE('',*,*,#5627,.T.);
#5699 = ORIENTED_EDGE('',*,*,#5655,.T.);
#5700 = B_SPLINE_SURFACE_WITH_KNOTS('',1,1,(
    (#5701,#5702)
    ,(#5703,#5704
    )),.UNSPECIFIED.,.F.,.F.,.F.,(2,2),(2,2),(2.378226448036,
    2.461061539547),(4.76824703082,4.866759412743),
  .PIECEWISE_BEZIER_KNOTS.);
#5701 = CARTESIAN_POINT('',(-0.28175296918,5.0495,1.821773651964));
#5702 = CARTESIAN_POINT('',(-0.183240587257,5.0495,1.821773651964));
#5703 = CARTESIAN_POINT('',(-0.28175296918,5.0495,1.738938560453));
#5704 = CARTESIAN_POINT('',(-0.183240587257,5.0495,1.738938560453));
#5705 = ADVANCED_FACE('',(#5706),#5730,.F.);
#5706 = FACE_BOUND('',#5707,.F.);
#5707 = EDGE_LOOP('',(#5708,#5715,#5724,#5729));
#5708 = ORIENTED_EDGE('',*,*,#5709,.F.);
#5709 = EDGE_CURVE('',#5710,#742,#5712,.T.);
#5710 = VERTEX_POINT('',#5711);
#5711 = CARTESIAN_POINT('',(-0.434002869555,5.0505,1.737407137592));
#5712 = B_SPLINE_CURVE_WITH_KNOTS('',1,(#5713,#5714),.UNSPECIFIED.,.F.,
  .F.,(2,2),(-0.,1.E-03),.PIECEWISE_BEZIER_KNOTS.);
#5713 = CARTESIAN_POINT('',(-0.434002869555,5.0505,1.737407137592));
#5714 = CARTESIAN_POINT('',(-0.434002869555,5.0495,1.737407137592));
#5715 = ORIENTED_EDGE('',*,*,#5716,.T.);
#5716 = EDGE_CURVE('',#5710,#5717,#5719,.T.);
#5717 = VERTEX_POINT('',#5718);
#5718 = CARTESIAN_POINT('',(-0.371300410777,5.0505,1.758907473157));
#5719 = B_SPLINE_CURVE_WITH_KNOTS('',3,(#5720,#5721,#5722,#5723),
  .UNSPECIFIED.,.F.,.F.,(4,4),(0.,1.),.PIECEWISE_BEZIER_KNOTS.);
#5720 = CARTESIAN_POINT('',(-0.434002869555,5.0505,1.737407137592));
#5721 = CARTESIAN_POINT('',(-0.411544663397,5.0505,1.737566419205));
#5722 = CARTESIAN_POINT('',(-0.390695830392,5.0505,1.74473282902));
#5723 = CARTESIAN_POINT('',(-0.371300410777,5.0505,1.758907473157));
#5724 = ORIENTED_EDGE('',*,*,#5725,.T.);
#5725 = EDGE_CURVE('',#5717,#744,#5726,.T.);
#5726 = B_SPLINE_CURVE_WITH_KNOTS('',1,(#5727,#5728),.UNSPECIFIED.,.F.,
  .F.,(2,2),(-0.,1.E-03),.PIECEWISE_BEZIER_KNOTS.);
#5727 = CARTESIAN_POINT('',(-0.371300410777,5.0505,1.758907473157));
#5728 = CARTESIAN_POINT('',(-0.371300410777,5.0495,1.758907473157));
#5729 = ORIENTED_EDGE('',*,*,#741,.F.);
#5730 = B_SPLINE_SURFACE_WITH_KNOTS('',3,1,(
    (#5731,#5732)
    ,(#5733,#5734)
    ,(#5735,#5736)
    ,(#5737,#5738
    )),.UNSPECIFIED.,.F.,.F.,.F.,(4,4),(2,2),(0.,1.),(0.,1.),
  .PIECEWISE_BEZIER_KNOTS.);
#5731 = CARTESIAN_POINT('',(-0.434002869555,5.0505,1.737407137592));
#5732 = CARTESIAN_POINT('',(-0.434002869555,5.0495,1.737407137592));
#5733 = CARTESIAN_POINT('',(-0.411544663397,5.0505,1.737566419205));
#5734 = CARTESIAN_POINT('',(-0.411544663397,5.0495,1.737566419205));
#5735 = CARTESIAN_POINT('',(-0.390695830392,5.0505,1.74473282902));
#5736 = CARTESIAN_POINT('',(-0.390695830392,5.0495,1.74473282902));
#5737 = CARTESIAN_POINT('',(-0.371300410777,5.0505,1.758907473157));
#5738 = CARTESIAN_POINT('',(-0.371300410777,5.0495,1.758907473157));
#5739 = ADVANCED_FACE('',(#5740),#5756,.F.);
#5740 = FACE_BOUND('',#5741,.T.);
#5741 = EDGE_LOOP('',(#5742,#5743,#5750,#5755));
#5742 = ORIENTED_EDGE('',*,*,#921,.T.);
#5743 = ORIENTED_EDGE('',*,*,#5744,.F.);
#5744 = EDGE_CURVE('',#5745,#913,#5747,.T.);
#5745 = VERTEX_POINT('',#5746);
#5746 = CARTESIAN_POINT('',(-0.371020561832,5.0505,1.719449652616));
#5747 = B_SPLINE_CURVE_WITH_KNOTS('',1,(#5748,#5749),.UNSPECIFIED.,.F.,
  .F.,(2,2),(-0.,1.E-03),.PIECEWISE_BEZIER_KNOTS.);
#5748 = CARTESIAN_POINT('',(-0.371020561832,5.0505,1.719449652616));
#5749 = CARTESIAN_POINT('',(-0.371020561832,5.0495,1.719449652616));
#5750 = ORIENTED_EDGE('',*,*,#5751,.F.);
#5751 = EDGE_CURVE('',#5717,#5745,#5752,.T.);
#5752 = B_SPLINE_CURVE_WITH_KNOTS('',1,(#5753,#5754),.UNSPECIFIED.,.F.,
  .F.,(2,2),(-3.945881292292E-02,0.),.PIECEWISE_BEZIER_KNOTS.);
#5753 = CARTESIAN_POINT('',(-0.371300410777,5.0505,1.758907473157));
#5754 = CARTESIAN_POINT('',(-0.371020561832,5.0505,1.719449652616));
#5755 = ORIENTED_EDGE('',*,*,#5725,.T.);
#5756 = B_SPLINE_SURFACE_WITH_KNOTS('',1,1,(
    (#5757,#5758)
    ,(#5759,#5760
    )),.UNSPECIFIED.,.F.,.F.,.F.,(2,2),(2,2),(-2.220390205445E-16,
    3.945881292292E-02),(-1.E-03,0.),.PIECEWISE_BEZIER_KNOTS.);
#5757 = CARTESIAN_POINT('',(-0.371020561832,5.0495,1.719449652616));
#5758 = CARTESIAN_POINT('',(-0.371020561832,5.0505,1.719449652616));
#5759 = CARTESIAN_POINT('',(-0.371300410777,5.0495,1.758907473157));
#5760 = CARTESIAN_POINT('',(-0.371300410777,5.0505,1.758907473157));
#5761 = ADVANCED_FACE('',(#5762),#5780,.F.);
#5762 = FACE_BOUND('',#5763,.F.);
#5763 = EDGE_LOOP('',(#5764,#5765,#5774,#5779));
#5764 = ORIENTED_EDGE('',*,*,#5744,.F.);
#5765 = ORIENTED_EDGE('',*,*,#5766,.T.);
#5766 = EDGE_CURVE('',#5745,#5767,#5769,.T.);
#5767 = VERTEX_POINT('',#5768);
#5768 = CARTESIAN_POINT('',(-0.430038610733,5.0505,1.70624173153));
#5769 = B_SPLINE_CURVE_WITH_KNOTS('',3,(#5770,#5771,#5772,#5773),
  .UNSPECIFIED.,.F.,.F.,(4,4),(19.,20.),.PIECEWISE_BEZIER_KNOTS.);
#5770 = CARTESIAN_POINT('',(-0.371020561832,5.0505,1.719449652616));
#5771 = CARTESIAN_POINT('',(-0.387804485845,5.0505,1.710908364096));
#5772 = CARTESIAN_POINT('',(-0.40742444481,5.0505,1.706402119265));
#5773 = CARTESIAN_POINT('',(-0.430038610733,5.0505,1.70624173153));
#5774 = ORIENTED_EDGE('',*,*,#5775,.T.);
#5775 = EDGE_CURVE('',#5767,#904,#5776,.T.);
#5776 = B_SPLINE_CURVE_WITH_KNOTS('',1,(#5777,#5778),.UNSPECIFIED.,.F.,
  .F.,(2,2),(-0.,1.E-03),.PIECEWISE_BEZIER_KNOTS.);
#5777 = CARTESIAN_POINT('',(-0.430038610733,5.0505,1.70624173153));
#5778 = CARTESIAN_POINT('',(-0.430038610733,5.0495,1.70624173153));
#5779 = ORIENTED_EDGE('',*,*,#912,.F.);
#5780 = B_SPLINE_SURFACE_WITH_KNOTS('',3,1,(
    (#5781,#5782)
    ,(#5783,#5784)
    ,(#5785,#5786)
    ,(#5787,#5788
    )),.UNSPECIFIED.,.F.,.F.,.F.,(4,4),(2,2),(19.,20.),(0.,1.),
  .PIECEWISE_BEZIER_KNOTS.);
#5781 = CARTESIAN_POINT('',(-0.371020561832,5.0505,1.719449652616));
#5782 = CARTESIAN_POINT('',(-0.371020561832,5.0495,1.719449652616));
#5783 = CARTESIAN_POINT('',(-0.387804485845,5.0505,1.710908364096));
#5784 = CARTESIAN_POINT('',(-0.387804485845,5.0495,1.710908364096));
#5785 = CARTESIAN_POINT('',(-0.40742444481,5.0505,1.706402119265));
#5786 = CARTESIAN_POINT('',(-0.40742444481,5.0495,1.706402119265));
#5787 = CARTESIAN_POINT('',(-0.430038610733,5.0505,1.70624173153));
#5788 = CARTESIAN_POINT('',(-0.430038610733,5.0495,1.70624173153));
#5789 = ADVANCED_FACE('',(#5790),#5808,.F.);
#5790 = FACE_BOUND('',#5791,.F.);
#5791 = EDGE_LOOP('',(#5792,#5793,#5802,#5807));
#5792 = ORIENTED_EDGE('',*,*,#5775,.F.);
#5793 = ORIENTED_EDGE('',*,*,#5794,.T.);
#5794 = EDGE_CURVE('',#5767,#5795,#5797,.T.);
#5795 = VERTEX_POINT('',#5796);
#5796 = CARTESIAN_POINT('',(-0.49363701466,5.0505,1.723103073662));
#5797 = B_SPLINE_CURVE_WITH_KNOTS('',3,(#5798,#5799,#5800,#5801),
  .UNSPECIFIED.,.F.,.F.,(4,4),(18.,19.),.PIECEWISE_BEZIER_KNOTS.);
#5798 = CARTESIAN_POINT('',(-0.430038610733,5.0505,1.70624173153));
#5799 = CARTESIAN_POINT('',(-0.456005911604,5.0505,1.706057562165));
#5800 = CARTESIAN_POINT('',(-0.477257366168,5.0505,1.711677640835));
#5801 = CARTESIAN_POINT('',(-0.49363701466,5.0505,1.723103073662));
#5802 = ORIENTED_EDGE('',*,*,#5803,.T.);
#5803 = EDGE_CURVE('',#5795,#895,#5804,.T.);
#5804 = B_SPLINE_CURVE_WITH_KNOTS('',1,(#5805,#5806),.UNSPECIFIED.,.F.,
  .F.,(2,2),(-0.,1.E-03),.PIECEWISE_BEZIER_KNOTS.);
#5805 = CARTESIAN_POINT('',(-0.49363701466,5.0505,1.723103073662));
#5806 = CARTESIAN_POINT('',(-0.49363701466,5.0495,1.723103073662));
#5807 = ORIENTED_EDGE('',*,*,#903,.F.);
#5808 = B_SPLINE_SURFACE_WITH_KNOTS('',3,1,(
    (#5809,#5810)
    ,(#5811,#5812)
    ,(#5813,#5814)
    ,(#5815,#5816
    )),.UNSPECIFIED.,.F.,.F.,.F.,(4,4),(2,2),(18.,19.),(0.,1.),
  .PIECEWISE_BEZIER_KNOTS.);
#5809 = CARTESIAN_POINT('',(-0.430038610733,5.0505,1.70624173153));
#5810 = CARTESIAN_POINT('',(-0.430038610733,5.0495,1.70624173153));
#5811 = CARTESIAN_POINT('',(-0.456005911604,5.0505,1.706057562165));
#5812 = CARTESIAN_POINT('',(-0.456005911604,5.0495,1.706057562165));
#5813 = CARTESIAN_POINT('',(-0.477257366168,5.0505,1.711677640835));
#5814 = CARTESIAN_POINT('',(-0.477257366168,5.0495,1.711677640835));
#5815 = CARTESIAN_POINT('',(-0.49363701466,5.0505,1.723103073662));
#5816 = CARTESIAN_POINT('',(-0.49363701466,5.0495,1.723103073662));
#5817 = ADVANCED_FACE('',(#5818),#5836,.F.);
#5818 = FACE_BOUND('',#5819,.F.);
#5819 = EDGE_LOOP('',(#5820,#5821,#5830,#5835));
#5820 = ORIENTED_EDGE('',*,*,#5803,.F.);
#5821 = ORIENTED_EDGE('',*,*,#5822,.T.);
#5822 = EDGE_CURVE('',#5795,#5823,#5825,.T.);
#5823 = VERTEX_POINT('',#5824);
#5824 = CARTESIAN_POINT('',(-0.518534726585,5.0505,1.770028708425));
#5825 = B_SPLINE_CURVE_WITH_KNOTS('',3,(#5826,#5827,#5828,#5829),
  .UNSPECIFIED.,.F.,.F.,(4,4),(17.,18.),.PIECEWISE_BEZIER_KNOTS.);
#5826 = CARTESIAN_POINT('',(-0.49363701466,5.0505,1.723103073662));
#5827 = CARTESIAN_POINT('',(-0.510093536913,5.0505,1.734371993665));
#5828 = CARTESIAN_POINT('',(-0.518393142929,5.0505,1.750065858506));
#5829 = CARTESIAN_POINT('',(-0.518534726585,5.0505,1.770028708425));
#5830 = ORIENTED_EDGE('',*,*,#5831,.T.);
#5831 = EDGE_CURVE('',#5823,#886,#5832,.T.);
#5832 = B_SPLINE_CURVE_WITH_KNOTS('',1,(#5833,#5834),.UNSPECIFIED.,.F.,
  .F.,(2,2),(-0.,1.E-03),.PIECEWISE_BEZIER_KNOTS.);
#5833 = CARTESIAN_POINT('',(-0.518534726585,5.0505,1.770028708425));
#5834 = CARTESIAN_POINT('',(-0.518534726585,5.0495,1.770028708425));
#5835 = ORIENTED_EDGE('',*,*,#894,.F.);
#5836 = B_SPLINE_SURFACE_WITH_KNOTS('',3,1,(
    (#5837,#5838)
    ,(#5839,#5840)
    ,(#5841,#5842)
    ,(#5843,#5844
    )),.UNSPECIFIED.,.F.,.F.,.F.,(4,4),(2,2),(17.,18.),(0.,1.),
  .PIECEWISE_BEZIER_KNOTS.);
#5837 = CARTESIAN_POINT('',(-0.49363701466,5.0505,1.723103073662));
#5838 = CARTESIAN_POINT('',(-0.49363701466,5.0495,1.723103073662));
#5839 = CARTESIAN_POINT('',(-0.510093536913,5.0505,1.734371993665));
#5840 = CARTESIAN_POINT('',(-0.510093536913,5.0495,1.734371993665));
#5841 = CARTESIAN_POINT('',(-0.518393142929,5.0505,1.750065858506));
#5842 = CARTESIAN_POINT('',(-0.518393142929,5.0495,1.750065858506));
#5843 = CARTESIAN_POINT('',(-0.518534726585,5.0505,1.770028708425));
#5844 = CARTESIAN_POINT('',(-0.518534726585,5.0495,1.770028708425));
#5845 = ADVANCED_FACE('',(#5846),#5864,.F.);
#5846 = FACE_BOUND('',#5847,.F.);
#5847 = EDGE_LOOP('',(#5848,#5849,#5858,#5863));
#5848 = ORIENTED_EDGE('',*,*,#5831,.F.);
#5849 = ORIENTED_EDGE('',*,*,#5850,.T.);
#5850 = EDGE_CURVE('',#5823,#5851,#5853,.T.);
#5851 = VERTEX_POINT('',#5852);
#5852 = CARTESIAN_POINT('',(-0.50600154011,5.0505,1.806146116168));
#5853 = B_SPLINE_CURVE_WITH_KNOTS('',3,(#5854,#5855,#5856,#5857),
  .UNSPECIFIED.,.F.,.F.,(4,4),(16.,17.),.PIECEWISE_BEZIER_KNOTS.);
#5854 = CARTESIAN_POINT('',(-0.518534726585,5.0505,1.770028708425));
#5855 = CARTESIAN_POINT('',(-0.518636489837,5.0505,1.784377006804));
#5856 = CARTESIAN_POINT('',(-0.514432767718,5.0505,1.796416327073));
#5857 = CARTESIAN_POINT('',(-0.50600154011,5.0505,1.806146116168));
#5858 = ORIENTED_EDGE('',*,*,#5859,.T.);
#5859 = EDGE_CURVE('',#5851,#877,#5860,.T.);
#5860 = B_SPLINE_CURVE_WITH_KNOTS('',1,(#5861,#5862),.UNSPECIFIED.,.F.,
  .F.,(2,2),(-0.,1.E-03),.PIECEWISE_BEZIER_KNOTS.);
#5861 = CARTESIAN_POINT('',(-0.50600154011,5.0505,1.806146116168));
#5862 = CARTESIAN_POINT('',(-0.50600154011,5.0495,1.806146116168));
#5863 = ORIENTED_EDGE('',*,*,#885,.F.);
#5864 = B_SPLINE_SURFACE_WITH_KNOTS('',3,1,(
    (#5865,#5866)
    ,(#5867,#5868)
    ,(#5869,#5870)
    ,(#5871,#5872
    )),.UNSPECIFIED.,.F.,.F.,.F.,(4,4),(2,2),(16.,17.),(0.,1.),
  .PIECEWISE_BEZIER_KNOTS.);
#5865 = CARTESIAN_POINT('',(-0.518534726585,5.0505,1.770028708425));
#5866 = CARTESIAN_POINT('',(-0.518534726585,5.0495,1.770028708425));
#5867 = CARTESIAN_POINT('',(-0.518636489837,5.0505,1.784377006804));
#5868 = CARTESIAN_POINT('',(-0.518636489837,5.0495,1.784377006804));
#5869 = CARTESIAN_POINT('',(-0.514432767718,5.0505,1.796416327073));
#5870 = CARTESIAN_POINT('',(-0.514432767718,5.0495,1.796416327073));
#5871 = CARTESIAN_POINT('',(-0.50600154011,5.0505,1.806146116168));
#5872 = CARTESIAN_POINT('',(-0.50600154011,5.0495,1.806146116168));
#5873 = ADVANCED_FACE('',(#5874),#5892,.F.);
#5874 = FACE_BOUND('',#5875,.F.);
#5875 = EDGE_LOOP('',(#5876,#5877,#5886,#5891));
#5876 = ORIENTED_EDGE('',*,*,#5859,.F.);
#5877 = ORIENTED_EDGE('',*,*,#5878,.T.);
#5878 = EDGE_CURVE('',#5851,#5879,#5881,.T.);
#5879 = VERTEX_POINT('',#5880);
#5880 = CARTESIAN_POINT('',(-0.456918462511,5.0505,1.834724368281));
#5881 = B_SPLINE_CURVE_WITH_KNOTS('',3,(#5882,#5883,#5884,#5885),
  .UNSPECIFIED.,.F.,.F.,(4,4),(15.,16.),.PIECEWISE_BEZIER_KNOTS.);
#5882 = CARTESIAN_POINT('',(-0.50600154011,5.0505,1.806146116168));
#5883 = CARTESIAN_POINT('',(-0.497492332619,5.0505,1.815876458324));
#5884 = CARTESIAN_POINT('',(-0.481184030756,5.0505,1.82550614683));
#5885 = CARTESIAN_POINT('',(-0.456918462511,5.0505,1.834724368281));
#5886 = ORIENTED_EDGE('',*,*,#5887,.T.);
#5887 = EDGE_CURVE('',#5879,#868,#5888,.T.);
#5888 = B_SPLINE_CURVE_WITH_KNOTS('',1,(#5889,#5890),.UNSPECIFIED.,.F.,
  .F.,(2,2),(-0.,1.E-03),.PIECEWISE_BEZIER_KNOTS.);
#5889 = CARTESIAN_POINT('',(-0.456918462511,5.0505,1.834724368281));
#5890 = CARTESIAN_POINT('',(-0.456918462511,5.0495,1.834724368281));
#5891 = ORIENTED_EDGE('',*,*,#876,.F.);
#5892 = B_SPLINE_SURFACE_WITH_KNOTS('',3,1,(
    (#5893,#5894)
    ,(#5895,#5896)
    ,(#5897,#5898)
    ,(#5899,#5900
    )),.UNSPECIFIED.,.F.,.F.,.F.,(4,4),(2,2),(15.,16.),(0.,1.),
  .PIECEWISE_BEZIER_KNOTS.);
#5893 = CARTESIAN_POINT('',(-0.50600154011,5.0505,1.806146116168));
#5894 = CARTESIAN_POINT('',(-0.50600154011,5.0495,1.806146116168));
#5895 = CARTESIAN_POINT('',(-0.497492332619,5.0505,1.815876458324));
#5896 = CARTESIAN_POINT('',(-0.497492332619,5.0495,1.815876458324));
#5897 = CARTESIAN_POINT('',(-0.481184030756,5.0505,1.82550614683));
#5898 = CARTESIAN_POINT('',(-0.481184030756,5.0495,1.82550614683));
#5899 = CARTESIAN_POINT('',(-0.456918462511,5.0505,1.834724368281));
#5900 = CARTESIAN_POINT('',(-0.456918462511,5.0495,1.834724368281));
#5901 = ADVANCED_FACE('',(#5902),#5920,.F.);
#5902 = FACE_BOUND('',#5903,.F.);
#5903 = EDGE_LOOP('',(#5904,#5905,#5914,#5919));
#5904 = ORIENTED_EDGE('',*,*,#5887,.F.);
#5905 = ORIENTED_EDGE('',*,*,#5906,.T.);
#5906 = EDGE_CURVE('',#5879,#5907,#5909,.T.);
#5907 = VERTEX_POINT('',#5908);
#5908 = CARTESIAN_POINT('',(-0.419932773121,5.0505,1.853702797191));
#5909 = B_SPLINE_CURVE_WITH_KNOTS('',3,(#5910,#5911,#5912,#5913),
  .UNSPECIFIED.,.F.,.F.,(4,4),(14.,15.),.PIECEWISE_BEZIER_KNOTS.);
#5910 = CARTESIAN_POINT('',(-0.456918462511,5.0505,1.834724368281));
#5911 = CARTESIAN_POINT('',(-0.437788505289,5.0505,1.842346490044));
#5912 = CARTESIAN_POINT('',(-0.425511928748,5.0505,1.848672264308));
#5913 = CARTESIAN_POINT('',(-0.419932773121,5.0505,1.853702797191));
#5914 = ORIENTED_EDGE('',*,*,#5915,.T.);
#5915 = EDGE_CURVE('',#5907,#859,#5916,.T.);
#5916 = B_SPLINE_CURVE_WITH_KNOTS('',1,(#5917,#5918),.UNSPECIFIED.,.F.,
  .F.,(2,2),(-0.,1.E-03),.PIECEWISE_BEZIER_KNOTS.);
#5917 = CARTESIAN_POINT('',(-0.419932773121,5.0505,1.853702797191));
#5918 = CARTESIAN_POINT('',(-0.419932773121,5.0495,1.853702797191));
#5919 = ORIENTED_EDGE('',*,*,#867,.F.);
#5920 = B_SPLINE_SURFACE_WITH_KNOTS('',3,1,(
    (#5921,#5922)
    ,(#5923,#5924)
    ,(#5925,#5926)
    ,(#5927,#5928
    )),.UNSPECIFIED.,.F.,.F.,.F.,(4,4),(2,2),(14.,15.),(0.,1.),
  .PIECEWISE_BEZIER_KNOTS.);
#5921 = CARTESIAN_POINT('',(-0.456918462511,5.0505,1.834724368281));
#5922 = CARTESIAN_POINT('',(-0.456918462511,5.0495,1.834724368281));
#5923 = CARTESIAN_POINT('',(-0.437788505289,5.0505,1.842346490044));
#5924 = CARTESIAN_POINT('',(-0.437788505289,5.0495,1.842346490044));
#5925 = CARTESIAN_POINT('',(-0.425511928748,5.0505,1.848672264308));
#5926 = CARTESIAN_POINT('',(-0.425511928748,5.0495,1.848672264308));
#5927 = CARTESIAN_POINT('',(-0.419932773121,5.0505,1.853702797191));
#5928 = CARTESIAN_POINT('',(-0.419932773121,5.0495,1.853702797191));
#5929 = ADVANCED_FACE('',(#5930),#5948,.F.);
#5930 = FACE_BOUND('',#5931,.F.);
#5931 = EDGE_LOOP('',(#5932,#5933,#5942,#5947));
#5932 = ORIENTED_EDGE('',*,*,#5915,.F.);
#5933 = ORIENTED_EDGE('',*,*,#5934,.T.);
#5934 = EDGE_CURVE('',#5907,#5935,#5937,.T.);
#5935 = VERTEX_POINT('',#5936);
#5936 = CARTESIAN_POINT('',(-0.411732721595,5.0505,1.874036744183));
#5937 = B_SPLINE_CURVE_WITH_KNOTS('',3,(#5938,#5939,#5940,#5941),
  .UNSPECIFIED.,.F.,.F.,(4,4),(13.,14.),.PIECEWISE_BEZIER_KNOTS.);
#5938 = CARTESIAN_POINT('',(-0.419932773121,5.0505,1.853702797191));
#5939 = CARTESIAN_POINT('',(-0.414430491256,5.0505,1.858576817247));
#5940 = CARTESIAN_POINT('',(-0.411670778745,5.0505,1.865302997344));
#5941 = CARTESIAN_POINT('',(-0.411732721595,5.0505,1.874036744183));
#5942 = ORIENTED_EDGE('',*,*,#5943,.T.);
#5943 = EDGE_CURVE('',#5935,#850,#5944,.T.);
#5944 = B_SPLINE_CURVE_WITH_KNOTS('',1,(#5945,#5946),.UNSPECIFIED.,.F.,
  .F.,(2,2),(-0.,1.E-03),.PIECEWISE_BEZIER_KNOTS.);
#5945 = CARTESIAN_POINT('',(-0.411732721595,5.0505,1.874036744183));
#5946 = CARTESIAN_POINT('',(-0.411732721595,5.0495,1.874036744183));
#5947 = ORIENTED_EDGE('',*,*,#858,.F.);
#5948 = B_SPLINE_SURFACE_WITH_KNOTS('',3,1,(
    (#5949,#5950)
    ,(#5951,#5952)
    ,(#5953,#5954)
    ,(#5955,#5956
    )),.UNSPECIFIED.,.F.,.F.,.F.,(4,4),(2,2),(13.,14.),(0.,1.),
  .PIECEWISE_BEZIER_KNOTS.);
#5949 = CARTESIAN_POINT('',(-0.419932773121,5.0505,1.853702797191));
#5950 = CARTESIAN_POINT('',(-0.419932773121,5.0495,1.853702797191));
#5951 = CARTESIAN_POINT('',(-0.414430491256,5.0505,1.858576817247));
#5952 = CARTESIAN_POINT('',(-0.414430491256,5.0495,1.858576817247));
#5953 = CARTESIAN_POINT('',(-0.411670778745,5.0505,1.865302997344));
#5954 = CARTESIAN_POINT('',(-0.411670778745,5.0495,1.865302997344));
#5955 = CARTESIAN_POINT('',(-0.411732721595,5.0505,1.874036744183));
#5956 = CARTESIAN_POINT('',(-0.411732721595,5.0495,1.874036744183));
#5957 = ADVANCED_FACE('',(#5958),#5976,.F.);
#5958 = FACE_BOUND('',#5959,.F.);
#5959 = EDGE_LOOP('',(#5960,#5961,#5970,#5975));
#5960 = ORIENTED_EDGE('',*,*,#5943,.F.);
#5961 = ORIENTED_EDGE('',*,*,#5962,.T.);
#5962 = EDGE_CURVE('',#5935,#5963,#5965,.T.);
#5963 = VERTEX_POINT('',#5964);
#5964 = CARTESIAN_POINT('',(-0.423502156721,5.0505,1.895164866108));
#5965 = B_SPLINE_CURVE_WITH_KNOTS('',3,(#5966,#5967,#5968,#5969),
  .UNSPECIFIED.,.F.,.F.,(4,4),(12.,13.),.PIECEWISE_BEZIER_KNOTS.);
#5966 = CARTESIAN_POINT('',(-0.411732721595,5.0505,1.874036744183));
#5967 = CARTESIAN_POINT('',(-0.411794664444,5.0505,1.882770491021));
#5968 = CARTESIAN_POINT('',(-0.415744540196,5.0505,1.889916987153));
#5969 = CARTESIAN_POINT('',(-0.423502156721,5.0505,1.895164866108));
#5970 = ORIENTED_EDGE('',*,*,#5971,.T.);
#5971 = EDGE_CURVE('',#5963,#841,#5972,.T.);
#5972 = B_SPLINE_CURVE_WITH_KNOTS('',1,(#5973,#5974),.UNSPECIFIED.,.F.,
  .F.,(2,2),(-0.,1.E-03),.PIECEWISE_BEZIER_KNOTS.);
#5973 = CARTESIAN_POINT('',(-0.423502156721,5.0505,1.895164866108));
#5974 = CARTESIAN_POINT('',(-0.423502156721,5.0495,1.895164866108));
#5975 = ORIENTED_EDGE('',*,*,#849,.F.);
#5976 = B_SPLINE_SURFACE_WITH_KNOTS('',3,1,(
    (#5977,#5978)
    ,(#5979,#5980)
    ,(#5981,#5982)
    ,(#5983,#5984
    )),.UNSPECIFIED.,.F.,.F.,.F.,(4,4),(2,2),(12.,13.),(0.,1.),
  .PIECEWISE_BEZIER_KNOTS.);
#5977 = CARTESIAN_POINT('',(-0.411732721595,5.0505,1.874036744183));
#5978 = CARTESIAN_POINT('',(-0.411732721595,5.0495,1.874036744183));
#5979 = CARTESIAN_POINT('',(-0.411794664444,5.0505,1.882770491021));
#5980 = CARTESIAN_POINT('',(-0.411794664444,5.0495,1.882770491021));
#5981 = CARTESIAN_POINT('',(-0.415744540196,5.0505,1.889916987153));
#5982 = CARTESIAN_POINT('',(-0.415744540196,5.0495,1.889916987153));
#5983 = CARTESIAN_POINT('',(-0.423502156721,5.0505,1.895164866108));
#5984 = CARTESIAN_POINT('',(-0.423502156721,5.0495,1.895164866108));
#5985 = ADVANCED_FACE('',(#5986),#6004,.F.);
#5986 = FACE_BOUND('',#5987,.F.);
#5987 = EDGE_LOOP('',(#5988,#5989,#5998,#6003));
#5988 = ORIENTED_EDGE('',*,*,#5971,.F.);
#5989 = ORIENTED_EDGE('',*,*,#5990,.T.);
#5990 = EDGE_CURVE('',#5963,#5991,#5993,.T.);
#5991 = VERTEX_POINT('',#5992);
#5992 = CARTESIAN_POINT('',(-0.453659909725,5.0505,1.903061292283));
#5993 = B_SPLINE_CURVE_WITH_KNOTS('',3,(#5994,#5995,#5996,#5997),
  .UNSPECIFIED.,.F.,.F.,(4,4),(11.,12.),.PIECEWISE_BEZIER_KNOTS.);
#5994 = CARTESIAN_POINT('',(-0.423502156721,5.0505,1.895164866108));
#5995 = CARTESIAN_POINT('',(-0.431260879369,5.0505,1.900568704829));
#5996 = CARTESIAN_POINT('',(-0.441339088291,5.0505,1.903148675945));
#5997 = CARTESIAN_POINT('',(-0.453659909725,5.0505,1.903061292283));
#5998 = ORIENTED_EDGE('',*,*,#5999,.T.);
#5999 = EDGE_CURVE('',#5991,#832,#6000,.T.);
#6000 = B_SPLINE_CURVE_WITH_KNOTS('',1,(#6001,#6002),.UNSPECIFIED.,.F.,
  .F.,(2,2),(-0.,1.E-03),.PIECEWISE_BEZIER_KNOTS.);
#6001 = CARTESIAN_POINT('',(-0.453659909725,5.0505,1.903061292283));
#6002 = CARTESIAN_POINT('',(-0.453659909725,5.0495,1.903061292283));
#6003 = ORIENTED_EDGE('',*,*,#840,.F.);
#6004 = B_SPLINE_SURFACE_WITH_KNOTS('',3,1,(
    (#6005,#6006)
    ,(#6007,#6008)
    ,(#6009,#6010)
    ,(#6011,#6012
    )),.UNSPECIFIED.,.F.,.F.,.F.,(4,4),(2,2),(11.,12.),(0.,1.),
  .PIECEWISE_BEZIER_KNOTS.);
#6005 = CARTESIAN_POINT('',(-0.423502156721,5.0505,1.895164866108));
#6006 = CARTESIAN_POINT('',(-0.423502156721,5.0495,1.895164866108));
#6007 = CARTESIAN_POINT('',(-0.431260879369,5.0505,1.900568704829));
#6008 = CARTESIAN_POINT('',(-0.431260879369,5.0495,1.900568704829));
#6009 = CARTESIAN_POINT('',(-0.441339088291,5.0505,1.903148675945));
#6010 = CARTESIAN_POINT('',(-0.441339088291,5.0495,1.903148675945));
#6011 = CARTESIAN_POINT('',(-0.453659909725,5.0505,1.903061292283));
#6012 = CARTESIAN_POINT('',(-0.453659909725,5.0495,1.903061292283));
#6013 = ADVANCED_FACE('',(#6014),#6032,.F.);
#6014 = FACE_BOUND('',#6015,.F.);
#6015 = EDGE_LOOP('',(#6016,#6017,#6026,#6031));
#6016 = ORIENTED_EDGE('',*,*,#5999,.F.);
#6017 = ORIENTED_EDGE('',*,*,#6018,.T.);
#6018 = EDGE_CURVE('',#5991,#6019,#6021,.T.);
#6019 = VERTEX_POINT('',#6020);
#6020 = CARTESIAN_POINT('',(-0.508913907943,5.0505,1.886916682597));
#6021 = B_SPLINE_CURVE_WITH_KNOTS('',3,(#6022,#6023,#6024,#6025),
  .UNSPECIFIED.,.F.,.F.,(4,4),(10.,11.),.PIECEWISE_BEZIER_KNOTS.);
#6022 = CARTESIAN_POINT('',(-0.453659909725,5.0505,1.903061292283));
#6023 = CARTESIAN_POINT('',(-0.474324578586,5.0505,1.902914731076));
#6024 = CARTESIAN_POINT('',(-0.492690222696,5.0505,1.897481576634));
#6025 = CARTESIAN_POINT('',(-0.508913907943,5.0505,1.886916682597));
#6026 = ORIENTED_EDGE('',*,*,#6027,.T.);
#6027 = EDGE_CURVE('',#6019,#825,#6028,.T.);
#6028 = B_SPLINE_CURVE_WITH_KNOTS('',1,(#6029,#6030),.UNSPECIFIED.,.F.,
  .F.,(2,2),(-0.,1.E-03),.PIECEWISE_BEZIER_KNOTS.);
#6029 = CARTESIAN_POINT('',(-0.508913907943,5.0505,1.886916682597));
#6030 = CARTESIAN_POINT('',(-0.508913907943,5.0495,1.886916682597));
#6031 = ORIENTED_EDGE('',*,*,#831,.F.);
#6032 = B_SPLINE_SURFACE_WITH_KNOTS('',3,1,(
    (#6033,#6034)
    ,(#6035,#6036)
    ,(#6037,#6038)
    ,(#6039,#6040
    )),.UNSPECIFIED.,.F.,.F.,.F.,(4,4),(2,2),(10.,11.),(0.,1.),
  .PIECEWISE_BEZIER_KNOTS.);
#6033 = CARTESIAN_POINT('',(-0.453659909725,5.0505,1.903061292283));
#6034 = CARTESIAN_POINT('',(-0.453659909725,5.0495,1.903061292283));
#6035 = CARTESIAN_POINT('',(-0.474324578586,5.0505,1.902914731076));
#6036 = CARTESIAN_POINT('',(-0.474324578586,5.0495,1.902914731076));
#6037 = CARTESIAN_POINT('',(-0.492690222696,5.0505,1.897481576634));
#6038 = CARTESIAN_POINT('',(-0.492690222696,5.0495,1.897481576634));
#6039 = CARTESIAN_POINT('',(-0.508913907943,5.0505,1.886916682597));
#6040 = CARTESIAN_POINT('',(-0.508913907943,5.0495,1.886916682597));
#6041 = ADVANCED_FACE('',(#6042),#6058,.F.);
#6042 = FACE_BOUND('',#6043,.T.);
#6043 = EDGE_LOOP('',(#6044,#6045,#6052,#6057));
#6044 = ORIENTED_EDGE('',*,*,#824,.T.);
#6045 = ORIENTED_EDGE('',*,*,#6046,.F.);
#6046 = EDGE_CURVE('',#6047,#816,#6049,.T.);
#6047 = VERTEX_POINT('',#6048);
#6048 = CARTESIAN_POINT('',(-0.509177165053,5.0505,1.924035106664));
#6049 = B_SPLINE_CURVE_WITH_KNOTS('',1,(#6050,#6051),.UNSPECIFIED.,.F.,
  .F.,(2,2),(-0.,1.E-03),.PIECEWISE_BEZIER_KNOTS.);
#6050 = CARTESIAN_POINT('',(-0.509177165053,5.0505,1.924035106664));
#6051 = CARTESIAN_POINT('',(-0.509177165053,5.0495,1.924035106664));
#6052 = ORIENTED_EDGE('',*,*,#6053,.F.);
#6053 = EDGE_CURVE('',#6019,#6047,#6054,.T.);
#6054 = B_SPLINE_CURVE_WITH_KNOTS('',1,(#6055,#6056),.UNSPECIFIED.,.F.,
  .F.,(2,2),(-3.711935761179E-02,0.),.PIECEWISE_BEZIER_KNOTS.);
#6055 = CARTESIAN_POINT('',(-0.508913907943,5.0505,1.886916682597));
#6056 = CARTESIAN_POINT('',(-0.509177165053,5.0505,1.924035106664));
#6057 = ORIENTED_EDGE('',*,*,#6027,.T.);
#6058 = B_SPLINE_SURFACE_WITH_KNOTS('',1,1,(
    (#6059,#6060)
    ,(#6061,#6062
    )),.UNSPECIFIED.,.F.,.F.,.F.,(2,2),(2,2),(0.,3.711935761179E-02),(
    -1.E-03,0.),.PIECEWISE_BEZIER_KNOTS.);
#6059 = CARTESIAN_POINT('',(-0.509177165053,5.0495,1.924035106664));
#6060 = CARTESIAN_POINT('',(-0.509177165053,5.0505,1.924035106664));
#6061 = CARTESIAN_POINT('',(-0.508913907943,5.0495,1.886916682597));
#6062 = CARTESIAN_POINT('',(-0.508913907943,5.0505,1.886916682597));
#6063 = ADVANCED_FACE('',(#6064),#6082,.F.);
#6064 = FACE_BOUND('',#6065,.F.);
#6065 = EDGE_LOOP('',(#6066,#6067,#6076,#6081));
#6066 = ORIENTED_EDGE('',*,*,#6046,.F.);
#6067 = ORIENTED_EDGE('',*,*,#6068,.T.);
#6068 = EDGE_CURVE('',#6047,#6069,#6071,.T.);
#6069 = VERTEX_POINT('',#6070);
#6070 = CARTESIAN_POINT('',(-0.457623062424,5.0505,1.93407073858));
#6071 = B_SPLINE_CURVE_WITH_KNOTS('',3,(#6072,#6073,#6074,#6075),
  .UNSPECIFIED.,.F.,.F.,(4,4),(8.,9.),.PIECEWISE_BEZIER_KNOTS.);
#6072 = CARTESIAN_POINT('',(-0.509177165053,5.0505,1.924035106664));
#6073 = CARTESIAN_POINT('',(-0.493315726161,5.0505,1.93069824127));
#6074 = CARTESIAN_POINT('',(-0.476182274458,5.0505,1.933939110025));
#6075 = CARTESIAN_POINT('',(-0.457623062424,5.0505,1.93407073858));
#6076 = ORIENTED_EDGE('',*,*,#6077,.T.);
#6077 = EDGE_CURVE('',#6069,#807,#6078,.T.);
#6078 = B_SPLINE_CURVE_WITH_KNOTS('',1,(#6079,#6080),.UNSPECIFIED.,.F.,
  .F.,(2,2),(-0.,1.E-03),.PIECEWISE_BEZIER_KNOTS.);
#6079 = CARTESIAN_POINT('',(-0.457623062424,5.0505,1.93407073858));
#6080 = CARTESIAN_POINT('',(-0.457623062424,5.0495,1.93407073858));
#6081 = ORIENTED_EDGE('',*,*,#815,.F.);
#6082 = B_SPLINE_SURFACE_WITH_KNOTS('',3,1,(
    (#6083,#6084)
    ,(#6085,#6086)
    ,(#6087,#6088)
    ,(#6089,#6090
    )),.UNSPECIFIED.,.F.,.F.,.F.,(4,4),(2,2),(8.,9.),(0.,1.),
  .PIECEWISE_BEZIER_KNOTS.);
#6083 = CARTESIAN_POINT('',(-0.509177165053,5.0505,1.924035106664));
#6084 = CARTESIAN_POINT('',(-0.509177165053,5.0495,1.924035106664));
#6085 = CARTESIAN_POINT('',(-0.493315726161,5.0505,1.93069824127));
#6086 = CARTESIAN_POINT('',(-0.493315726161,5.0495,1.93069824127));
#6087 = CARTESIAN_POINT('',(-0.476182274458,5.0505,1.933939110025));
#6088 = CARTESIAN_POINT('',(-0.476182274458,5.0495,1.933939110025));
#6089 = CARTESIAN_POINT('',(-0.457623062424,5.0505,1.93407073858));
#6090 = CARTESIAN_POINT('',(-0.457623062424,5.0495,1.93407073858));
#6091 = ADVANCED_FACE('',(#6092),#6110,.F.);
#6092 = FACE_BOUND('',#6093,.F.);
#6093 = EDGE_LOOP('',(#6094,#6095,#6104,#6109));
#6094 = ORIENTED_EDGE('',*,*,#6077,.F.);
#6095 = ORIENTED_EDGE('',*,*,#6096,.T.);
#6096 = EDGE_CURVE('',#6069,#6097,#6099,.T.);
#6097 = VERTEX_POINT('',#6098);
#6098 = CARTESIAN_POINT('',(-0.397143853797,5.0505,1.917187274));
#6099 = B_SPLINE_CURVE_WITH_KNOTS('',3,(#6100,#6101,#6102,#6103),
  .UNSPECIFIED.,.F.,.F.,(4,4),(7.,8.),.PIECEWISE_BEZIER_KNOTS.);
#6100 = CARTESIAN_POINT('',(-0.457623062424,5.0505,1.93407073858));
#6101 = CARTESIAN_POINT('',(-0.433761218381,5.0505,1.934239975294));
#6102 = CARTESIAN_POINT('',(-0.413601482172,5.0505,1.928612153768));
#6103 = CARTESIAN_POINT('',(-0.397143853797,5.0505,1.917187274));
#6104 = ORIENTED_EDGE('',*,*,#6105,.T.);
#6105 = EDGE_CURVE('',#6097,#798,#6106,.T.);
#6106 = B_SPLINE_CURVE_WITH_KNOTS('',1,(#6107,#6108),.UNSPECIFIED.,.F.,
  .F.,(2,2),(-0.,1.E-03),.PIECEWISE_BEZIER_KNOTS.);
#6107 = CARTESIAN_POINT('',(-0.397143853797,5.0505,1.917187274));
#6108 = CARTESIAN_POINT('',(-0.397143853797,5.0495,1.917187274));
#6109 = ORIENTED_EDGE('',*,*,#806,.F.);
#6110 = B_SPLINE_SURFACE_WITH_KNOTS('',3,1,(
    (#6111,#6112)
    ,(#6113,#6114)
    ,(#6115,#6116)
    ,(#6117,#6118
    )),.UNSPECIFIED.,.F.,.F.,.F.,(4,4),(2,2),(7.,8.),(0.,1.),
  .PIECEWISE_BEZIER_KNOTS.);
#6111 = CARTESIAN_POINT('',(-0.457623062424,5.0505,1.93407073858));
#6112 = CARTESIAN_POINT('',(-0.457623062424,5.0495,1.93407073858));
#6113 = CARTESIAN_POINT('',(-0.433761218381,5.0505,1.934239975294));
#6114 = CARTESIAN_POINT('',(-0.433761218381,5.0495,1.934239975294));
#6115 = CARTESIAN_POINT('',(-0.413601482172,5.0505,1.928612153768));
#6116 = CARTESIAN_POINT('',(-0.413601482172,5.0495,1.928612153768));
#6117 = CARTESIAN_POINT('',(-0.397143853797,5.0505,1.917187274));
#6118 = CARTESIAN_POINT('',(-0.397143853797,5.0495,1.917187274));
#6119 = ADVANCED_FACE('',(#6120),#6138,.F.);
#6120 = FACE_BOUND('',#6121,.F.);
#6121 = EDGE_LOOP('',(#6122,#6123,#6132,#6137));
#6122 = ORIENTED_EDGE('',*,*,#6105,.F.);
#6123 = ORIENTED_EDGE('',*,*,#6124,.T.);
#6124 = EDGE_CURVE('',#6097,#6125,#6127,.T.);
#6125 = VERTEX_POINT('',#6126);
#6126 = CARTESIAN_POINT('',(-0.372328546244,5.0505,1.870884925237));
#6127 = B_SPLINE_CURVE_WITH_KNOTS('',3,(#6128,#6129,#6130,#6131),
  .UNSPECIFIED.,.F.,.F.,(4,4),(6.,7.),.PIECEWISE_BEZIER_KNOTS.);
#6128 = CARTESIAN_POINT('',(-0.397143853797,5.0505,1.917187274));
#6129 = CARTESIAN_POINT('',(-0.380763099182,5.0505,1.905605881408));
#6130 = CARTESIAN_POINT('',(-0.372465705411,5.0505,1.890223936095));
#6131 = CARTESIAN_POINT('',(-0.372328546244,5.0505,1.870884925237));
#6132 = ORIENTED_EDGE('',*,*,#6133,.T.);
#6133 = EDGE_CURVE('',#6125,#789,#6134,.T.);
#6134 = B_SPLINE_CURVE_WITH_KNOTS('',1,(#6135,#6136),.UNSPECIFIED.,.F.,
  .F.,(2,2),(-0.,1.E-03),.PIECEWISE_BEZIER_KNOTS.);
#6135 = CARTESIAN_POINT('',(-0.372328546244,5.0505,1.870884925237));
#6136 = CARTESIAN_POINT('',(-0.372328546244,5.0495,1.870884925237));
#6137 = ORIENTED_EDGE('',*,*,#797,.F.);
#6138 = B_SPLINE_SURFACE_WITH_KNOTS('',3,1,(
    (#6139,#6140)
    ,(#6141,#6142)
    ,(#6143,#6144)
    ,(#6145,#6146
    )),.UNSPECIFIED.,.F.,.F.,.F.,(4,4),(2,2),(6.,7.),(0.,1.),
  .PIECEWISE_BEZIER_KNOTS.);
#6139 = CARTESIAN_POINT('',(-0.397143853797,5.0505,1.917187274));
#6140 = CARTESIAN_POINT('',(-0.397143853797,5.0495,1.917187274));
#6141 = CARTESIAN_POINT('',(-0.380763099182,5.0505,1.905605881408));
#6142 = CARTESIAN_POINT('',(-0.380763099182,5.0495,1.905605881408));
#6143 = CARTESIAN_POINT('',(-0.372465705411,5.0505,1.890223936095));
#6144 = CARTESIAN_POINT('',(-0.372465705411,5.0495,1.890223936095));
#6145 = CARTESIAN_POINT('',(-0.372328546244,5.0505,1.870884925237));
#6146 = CARTESIAN_POINT('',(-0.372328546244,5.0495,1.870884925237));
#6147 = ADVANCED_FACE('',(#6148),#6166,.F.);
#6148 = FACE_BOUND('',#6149,.F.);
#6149 = EDGE_LOOP('',(#6150,#6151,#6160,#6165));
#6150 = ORIENTED_EDGE('',*,*,#6133,.F.);
#6151 = ORIENTED_EDGE('',*,*,#6152,.T.);
#6152 = EDGE_CURVE('',#6125,#6153,#6155,.T.);
#6153 = VERTEX_POINT('',#6154);
#6154 = CARTESIAN_POINT('',(-0.38292329688,5.0505,1.836340941674));
#6155 = B_SPLINE_CURVE_WITH_KNOTS('',3,(#6156,#6157,#6158,#6159),
  .UNSPECIFIED.,.F.,.F.,(4,4),(5.,6.),.PIECEWISE_BEZIER_KNOTS.);
#6156 = CARTESIAN_POINT('',(-0.372328546244,5.0505,1.870884925237));
#6157 = CARTESIAN_POINT('',(-0.372233419725,5.0505,1.857472385447));
#6158 = CARTESIAN_POINT('',(-0.375738641269,5.0505,1.845905922025));
#6159 = CARTESIAN_POINT('',(-0.38292329688,5.0505,1.836340941674));
#6160 = ORIENTED_EDGE('',*,*,#6161,.T.);
#6161 = EDGE_CURVE('',#6153,#780,#6162,.T.);
#6162 = B_SPLINE_CURVE_WITH_KNOTS('',1,(#6163,#6164),.UNSPECIFIED.,.F.,
  .F.,(2,2),(-0.,1.E-03),.PIECEWISE_BEZIER_KNOTS.);
#6163 = CARTESIAN_POINT('',(-0.38292329688,5.0505,1.836340941674));
#6164 = CARTESIAN_POINT('',(-0.38292329688,5.0495,1.836340941674));
#6165 = ORIENTED_EDGE('',*,*,#788,.F.);
#6166 = B_SPLINE_SURFACE_WITH_KNOTS('',3,1,(
    (#6167,#6168)
    ,(#6169,#6170)
    ,(#6171,#6172)
    ,(#6173,#6174
    )),.UNSPECIFIED.,.F.,.F.,.F.,(4,4),(2,2),(5.,6.),(0.,1.),
  .PIECEWISE_BEZIER_KNOTS.);
#6167 = CARTESIAN_POINT('',(-0.372328546244,5.0505,1.870884925237));
#6168 = CARTESIAN_POINT('',(-0.372328546244,5.0495,1.870884925237));
#6169 = CARTESIAN_POINT('',(-0.372233419725,5.0505,1.857472385447));
#6170 = CARTESIAN_POINT('',(-0.372233419725,5.0495,1.857472385447));
#6171 = CARTESIAN_POINT('',(-0.375738641269,5.0505,1.845905922025));
#6172 = CARTESIAN_POINT('',(-0.375738641269,5.0495,1.845905922025));
#6173 = CARTESIAN_POINT('',(-0.38292329688,5.0505,1.836340941674));
#6174 = CARTESIAN_POINT('',(-0.38292329688,5.0495,1.836340941674));
#6175 = ADVANCED_FACE('',(#6176),#6194,.F.);
#6176 = FACE_BOUND('',#6177,.F.);
#6177 = EDGE_LOOP('',(#6178,#6179,#6188,#6193));
#6178 = ORIENTED_EDGE('',*,*,#6161,.F.);
#6179 = ORIENTED_EDGE('',*,*,#6180,.T.);
#6180 = EDGE_CURVE('',#6153,#6181,#6183,.T.);
#6181 = VERTEX_POINT('',#6182);
#6182 = CARTESIAN_POINT('',(-0.429740533397,5.0505,1.807154889273));
#6183 = B_SPLINE_CURVE_WITH_KNOTS('',3,(#6184,#6185,#6186,#6187),
  .UNSPECIFIED.,.F.,.F.,(4,4),(4.,5.),.PIECEWISE_BEZIER_KNOTS.);
#6184 = CARTESIAN_POINT('',(-0.38292329688,5.0505,1.836340941674));
#6185 = CARTESIAN_POINT('',(-0.390029972609,5.0505,1.826776514383));
#6186 = CARTESIAN_POINT('',(-0.405713329289,5.0505,1.816995290599));
#6187 = CARTESIAN_POINT('',(-0.429740533397,5.0505,1.807154889273));
#6188 = ORIENTED_EDGE('',*,*,#6189,.T.);
#6189 = EDGE_CURVE('',#6181,#771,#6190,.T.);
#6190 = B_SPLINE_CURVE_WITH_KNOTS('',1,(#6191,#6192),.UNSPECIFIED.,.F.,
  .F.,(2,2),(-0.,1.E-03),.PIECEWISE_BEZIER_KNOTS.);
#6191 = CARTESIAN_POINT('',(-0.429740533397,5.0505,1.807154889273));
#6192 = CARTESIAN_POINT('',(-0.429740533397,5.0495,1.807154889273));
#6193 = ORIENTED_EDGE('',*,*,#779,.F.);
#6194 = B_SPLINE_SURFACE_WITH_KNOTS('',3,1,(
    (#6195,#6196)
    ,(#6197,#6198)
    ,(#6199,#6200)
    ,(#6201,#6202
    )),.UNSPECIFIED.,.F.,.F.,.F.,(4,4),(2,2),(4.,5.),(0.,1.),
  .PIECEWISE_BEZIER_KNOTS.);
#6195 = CARTESIAN_POINT('',(-0.38292329688,5.0505,1.836340941674));
#6196 = CARTESIAN_POINT('',(-0.38292329688,5.0495,1.836340941674));
#6197 = CARTESIAN_POINT('',(-0.390029972609,5.0505,1.826776514383));
#6198 = CARTESIAN_POINT('',(-0.390029972609,5.0495,1.826776514383));
#6199 = CARTESIAN_POINT('',(-0.405713329289,5.0505,1.816995290599));
#6200 = CARTESIAN_POINT('',(-0.405713329289,5.0495,1.816995290599));
#6201 = CARTESIAN_POINT('',(-0.429740533397,5.0505,1.807154889273));
#6202 = CARTESIAN_POINT('',(-0.429740533397,5.0495,1.807154889273));
#6203 = ADVANCED_FACE('',(#6204),#6222,.F.);
#6204 = FACE_BOUND('',#6205,.F.);
#6205 = EDGE_LOOP('',(#6206,#6207,#6216,#6221));
#6206 = ORIENTED_EDGE('',*,*,#6189,.F.);
#6207 = ORIENTED_EDGE('',*,*,#6208,.T.);
#6208 = EDGE_CURVE('',#6181,#6209,#6211,.T.);
#6209 = VERTEX_POINT('',#6210);
#6210 = CARTESIAN_POINT('',(-0.469605947827,5.0505,1.787376198275));
#6211 = B_SPLINE_CURVE_WITH_KNOTS('',3,(#6212,#6213,#6214,#6215),
  .UNSPECIFIED.,.F.,.F.,(4,4),(3.,4.),.PIECEWISE_BEZIER_KNOTS.);
#6212 = CARTESIAN_POINT('',(-0.429740533397,5.0505,1.807154889273));
#6213 = CARTESIAN_POINT('',(-0.44980624921,5.0505,1.799526130775));
#6214 = CARTESIAN_POINT('',(-0.463094351979,5.0505,1.792881247187));
#6215 = CARTESIAN_POINT('',(-0.469605947827,5.0505,1.787376198275));
#6216 = ORIENTED_EDGE('',*,*,#6217,.T.);
#6217 = EDGE_CURVE('',#6209,#762,#6218,.T.);
#6218 = B_SPLINE_CURVE_WITH_KNOTS('',1,(#6219,#6220),.UNSPECIFIED.,.F.,
  .F.,(2,2),(-0.,1.E-03),.PIECEWISE_BEZIER_KNOTS.);
#6219 = CARTESIAN_POINT('',(-0.469605947827,5.0505,1.787376198275));
#6220 = CARTESIAN_POINT('',(-0.469605947827,5.0495,1.787376198275));
#6221 = ORIENTED_EDGE('',*,*,#770,.F.);
#6222 = B_SPLINE_SURFACE_WITH_KNOTS('',3,1,(
    (#6223,#6224)
    ,(#6225,#6226)
    ,(#6227,#6228)
    ,(#6229,#6230
    )),.UNSPECIFIED.,.F.,.F.,.F.,(4,4),(2,2),(3.,4.),(0.,1.),
  .PIECEWISE_BEZIER_KNOTS.);
#6223 = CARTESIAN_POINT('',(-0.429740533397,5.0505,1.807154889273));
#6224 = CARTESIAN_POINT('',(-0.429740533397,5.0495,1.807154889273));
#6225 = CARTESIAN_POINT('',(-0.44980624921,5.0505,1.799526130775));
#6226 = CARTESIAN_POINT('',(-0.44980624921,5.0495,1.799526130775));
#6227 = CARTESIAN_POINT('',(-0.463094351979,5.0505,1.792881247187));
#6228 = CARTESIAN_POINT('',(-0.463094351979,5.0495,1.792881247187));
#6229 = CARTESIAN_POINT('',(-0.469605947827,5.0505,1.787376198275));
#6230 = CARTESIAN_POINT('',(-0.469605947827,5.0495,1.787376198275));
#6231 = ADVANCED_FACE('',(#6232),#6250,.F.);
#6232 = FACE_BOUND('',#6233,.F.);
#6233 = EDGE_LOOP('',(#6234,#6235,#6244,#6249));
#6234 = ORIENTED_EDGE('',*,*,#6217,.F.);
#6235 = ORIENTED_EDGE('',*,*,#6236,.T.);
#6236 = EDGE_CURVE('',#6209,#6237,#6239,.T.);
#6237 = VERTEX_POINT('',#6238);
#6238 = CARTESIAN_POINT('',(-0.479284298754,5.0505,1.766563863827));
#6239 = B_SPLINE_CURVE_WITH_KNOTS('',3,(#6240,#6241,#6242,#6243),
  .UNSPECIFIED.,.F.,.F.,(4,4),(2.,3.),.PIECEWISE_BEZIER_KNOTS.);
#6240 = CARTESIAN_POINT('',(-0.469605947827,5.0505,1.787376198275));
#6241 = CARTESIAN_POINT('',(-0.476117543677,5.0505,1.781871149364));
#6242 = CARTESIAN_POINT('',(-0.479344029359,5.0505,1.774985691137));
#6243 = CARTESIAN_POINT('',(-0.479284298754,5.0505,1.766563863827));
#6244 = ORIENTED_EDGE('',*,*,#6245,.T.);
#6245 = EDGE_CURVE('',#6237,#753,#6246,.T.);
#6246 = B_SPLINE_CURVE_WITH_KNOTS('',1,(#6247,#6248),.UNSPECIFIED.,.F.,
  .F.,(2,2),(-0.,1.E-03),.PIECEWISE_BEZIER_KNOTS.);
#6247 = CARTESIAN_POINT('',(-0.479284298754,5.0505,1.766563863827));
#6248 = CARTESIAN_POINT('',(-0.479284298754,5.0495,1.766563863827));
#6249 = ORIENTED_EDGE('',*,*,#761,.F.);
#6250 = B_SPLINE_SURFACE_WITH_KNOTS('',3,1,(
    (#6251,#6252)
    ,(#6253,#6254)
    ,(#6255,#6256)
    ,(#6257,#6258
    )),.UNSPECIFIED.,.F.,.F.,.F.,(4,4),(2,2),(2.,3.),(0.,1.),
  .PIECEWISE_BEZIER_KNOTS.);
#6251 = CARTESIAN_POINT('',(-0.469605947827,5.0505,1.787376198275));
#6252 = CARTESIAN_POINT('',(-0.469605947827,5.0495,1.787376198275));
#6253 = CARTESIAN_POINT('',(-0.476117543677,5.0505,1.781871149364));
#6254 = CARTESIAN_POINT('',(-0.476117543677,5.0495,1.781871149364));
#6255 = CARTESIAN_POINT('',(-0.479344029359,5.0505,1.774985691137));
#6256 = CARTESIAN_POINT('',(-0.479344029359,5.0495,1.774985691137));
#6257 = CARTESIAN_POINT('',(-0.479284298754,5.0505,1.766563863827));
#6258 = CARTESIAN_POINT('',(-0.479284298754,5.0495,1.766563863827));
#6259 = ADVANCED_FACE('',(#6260),#6272,.F.);
#6260 = FACE_BOUND('',#6261,.F.);
#6261 = EDGE_LOOP('',(#6262,#6263,#6270,#6271));
#6262 = ORIENTED_EDGE('',*,*,#6245,.F.);
#6263 = ORIENTED_EDGE('',*,*,#6264,.T.);
#6264 = EDGE_CURVE('',#6237,#5710,#6265,.T.);
#6265 = B_SPLINE_CURVE_WITH_KNOTS('',3,(#6266,#6267,#6268,#6269),
  .UNSPECIFIED.,.F.,.F.,(4,4),(1.,2.),.PIECEWISE_BEZIER_KNOTS.);
#6266 = CARTESIAN_POINT('',(-0.479284298754,5.0505,1.766563863827));
#6267 = CARTESIAN_POINT('',(-0.479144927343,5.0505,1.746912933438));
#6268 = CARTESIAN_POINT('',(-0.464025124316,5.0505,1.737194209047));
#6269 = CARTESIAN_POINT('',(-0.434002869555,5.0505,1.737407137592));
#6270 = ORIENTED_EDGE('',*,*,#5709,.T.);
#6271 = ORIENTED_EDGE('',*,*,#752,.F.);
#6272 = B_SPLINE_SURFACE_WITH_KNOTS('',3,1,(
    (#6273,#6274)
    ,(#6275,#6276)
    ,(#6277,#6278)
    ,(#6279,#6280
    )),.UNSPECIFIED.,.F.,.F.,.F.,(4,4),(2,2),(1.,2.),(0.,1.),
  .PIECEWISE_BEZIER_KNOTS.);
#6273 = CARTESIAN_POINT('',(-0.479284298754,5.0505,1.766563863827));
#6274 = CARTESIAN_POINT('',(-0.479284298754,5.0495,1.766563863827));
#6275 = CARTESIAN_POINT('',(-0.479144927343,5.0505,1.746912933438));
#6276 = CARTESIAN_POINT('',(-0.479144927343,5.0495,1.746912933438));
#6277 = CARTESIAN_POINT('',(-0.464025124316,5.0505,1.737194209047));
#6278 = CARTESIAN_POINT('',(-0.464025124316,5.0495,1.737194209047));
#6279 = CARTESIAN_POINT('',(-0.434002869555,5.0505,1.737407137592));
#6280 = CARTESIAN_POINT('',(-0.434002869555,5.0495,1.737407137592));
#6281 = ADVANCED_FACE('',(#6282),#6305,.F.);
#6282 = FACE_BOUND('',#6283,.T.);
#6283 = EDGE_LOOP('',(#6284,#6285,#6286,#6287,#6288,#6289,#6290,#6291,
    #6292,#6293,#6294,#6295,#6296,#6297,#6298,#6299,#6300,#6301,#6302,
    #6303,#6304));
#6284 = ORIENTED_EDGE('',*,*,#5716,.T.);
#6285 = ORIENTED_EDGE('',*,*,#5751,.T.);
#6286 = ORIENTED_EDGE('',*,*,#5766,.T.);
#6287 = ORIENTED_EDGE('',*,*,#5794,.T.);
#6288 = ORIENTED_EDGE('',*,*,#5822,.T.);
#6289 = ORIENTED_EDGE('',*,*,#5850,.T.);
#6290 = ORIENTED_EDGE('',*,*,#5878,.T.);
#6291 = ORIENTED_EDGE('',*,*,#5906,.T.);
#6292 = ORIENTED_EDGE('',*,*,#5934,.T.);
#6293 = ORIENTED_EDGE('',*,*,#5962,.T.);
#6294 = ORIENTED_EDGE('',*,*,#5990,.T.);
#6295 = ORIENTED_EDGE('',*,*,#6018,.T.);
#6296 = ORIENTED_EDGE('',*,*,#6053,.T.);
#6297 = ORIENTED_EDGE('',*,*,#6068,.T.);
#6298 = ORIENTED_EDGE('',*,*,#6096,.T.);
#6299 = ORIENTED_EDGE('',*,*,#6124,.T.);
#6300 = ORIENTED_EDGE('',*,*,#6152,.T.);
#6301 = ORIENTED_EDGE('',*,*,#6180,.T.);
#6302 = ORIENTED_EDGE('',*,*,#6208,.T.);
#6303 = ORIENTED_EDGE('',*,*,#6236,.T.);
#6304 = ORIENTED_EDGE('',*,*,#6264,.T.);
#6305 = B_SPLINE_SURFACE_WITH_KNOTS('',1,1,(
    (#6306,#6307)
    ,(#6308,#6309
    )),.UNSPECIFIED.,.F.,.F.,.F.,(2,2),(2,2),(-0.191338430866,
    3.684398226311E-02),(-0.117133394625,3.048253338056E-02),
  .PIECEWISE_BEZIER_KNOTS.);
#6306 = CARTESIAN_POINT('',(-0.518636489837,5.0505,1.934239975294));
#6307 = CARTESIAN_POINT('',(-0.371020561832,5.0505,1.934239975294));
#6308 = CARTESIAN_POINT('',(-0.518636489837,5.0505,1.706057562165));
#6309 = CARTESIAN_POINT('',(-0.371020561832,5.0505,1.706057562165));
#6310 = ADVANCED_FACE('',(#6311),#6333,.F.);
#6311 = FACE_BOUND('',#6312,.T.);
#6312 = EDGE_LOOP('',(#6313,#6314,#6321,#6328));
#6313 = ORIENTED_EDGE('',*,*,#21,.T.);
#6314 = ORIENTED_EDGE('',*,*,#6315,.F.);
#6315 = EDGE_CURVE('',#6316,#24,#6318,.T.);
#6316 = VERTEX_POINT('',#6317);
#6317 = CARTESIAN_POINT('',(-0.709072787558,5.0505,1.927296403871));
#6318 = B_SPLINE_CURVE_WITH_KNOTS('',1,(#6319,#6320),.UNSPECIFIED.,.F.,
  .F.,(2,2),(-0.,1.E-03),.PIECEWISE_BEZIER_KNOTS.);
#6319 = CARTESIAN_POINT('',(-0.709072787558,5.0505,1.927296403871));
#6320 = CARTESIAN_POINT('',(-0.709072787558,5.0495,1.927296403871));
#6321 = ORIENTED_EDGE('',*,*,#6322,.F.);
#6322 = EDGE_CURVE('',#6323,#6316,#6325,.T.);
#6323 = VERTEX_POINT('',#6324);
#6324 = CARTESIAN_POINT('',(-0.748686567864,5.0505,1.927015448804));
#6325 = B_SPLINE_CURVE_WITH_KNOTS('',1,(#6326,#6327),.UNSPECIFIED.,.F.,
  .F.,(2,2),(-3.961477661021E-02,0.),.PIECEWISE_BEZIER_KNOTS.);
#6326 = CARTESIAN_POINT('',(-0.748686567864,5.0505,1.927015448804));
#6327 = CARTESIAN_POINT('',(-0.709072787558,5.0505,1.927296403871));
#6328 = ORIENTED_EDGE('',*,*,#6329,.T.);
#6329 = EDGE_CURVE('',#6323,#22,#6330,.T.);
#6330 = B_SPLINE_CURVE_WITH_KNOTS('',1,(#6331,#6332),.UNSPECIFIED.,.F.,
  .F.,(2,2),(-0.,1.E-03),.PIECEWISE_BEZIER_KNOTS.);
#6331 = CARTESIAN_POINT('',(-0.748686567864,5.0505,1.927015448804));
#6332 = CARTESIAN_POINT('',(-0.748686567864,5.0495,1.927015448804));
#6333 = B_SPLINE_SURFACE_WITH_KNOTS('',1,1,(
    (#6334,#6335)
    ,(#6336,#6337
    )),.UNSPECIFIED.,.F.,.F.,.F.,(2,2),(2,2),(0.,3.961477661021E-02),(
    -1.E-03,0.),.PIECEWISE_BEZIER_KNOTS.);
#6334 = CARTESIAN_POINT('',(-0.709072787558,5.0495,1.927296403871));
#6335 = CARTESIAN_POINT('',(-0.709072787558,5.0505,1.927296403871));
#6336 = CARTESIAN_POINT('',(-0.748686567864,5.0495,1.927015448804));
#6337 = CARTESIAN_POINT('',(-0.748686567864,5.0505,1.927015448804));
#6338 = ADVANCED_FACE('',(#6339),#6355,.F.);
#6339 = FACE_BOUND('',#6340,.T.);
#6340 = EDGE_LOOP('',(#6341,#6342,#6349,#6354));
#6341 = ORIENTED_EDGE('',*,*,#131,.T.);
#6342 = ORIENTED_EDGE('',*,*,#6343,.F.);
#6343 = EDGE_CURVE('',#6344,#123,#6346,.T.);
#6344 = VERTEX_POINT('',#6345);
#6345 = CARTESIAN_POINT('',(-0.648410496541,5.0505,1.763648716764));
#6346 = B_SPLINE_CURVE_WITH_KNOTS('',1,(#6347,#6348),.UNSPECIFIED.,.F.,
  .F.,(2,2),(-0.,1.E-03),.PIECEWISE_BEZIER_KNOTS.);
#6347 = CARTESIAN_POINT('',(-0.648410496541,5.0505,1.763648716764));
#6348 = CARTESIAN_POINT('',(-0.648410496541,5.0495,1.763648716764));
#6349 = ORIENTED_EDGE('',*,*,#6350,.F.);
#6350 = EDGE_CURVE('',#6316,#6344,#6351,.T.);
#6351 = B_SPLINE_CURVE_WITH_KNOTS('',1,(#6352,#6353),.UNSPECIFIED.,.F.,
  .F.,(2,2),(-0.174529307129,4.164009658702E-16),
  .PIECEWISE_BEZIER_KNOTS.);
#6352 = CARTESIAN_POINT('',(-0.709072787558,5.0505,1.927296403871));
#6353 = CARTESIAN_POINT('',(-0.648410496541,5.0505,1.763648716764));
#6354 = ORIENTED_EDGE('',*,*,#6315,.T.);
#6355 = B_SPLINE_SURFACE_WITH_KNOTS('',1,1,(
    (#6356,#6357)
    ,(#6358,#6359
    )),.UNSPECIFIED.,.F.,.F.,.F.,(2,2),(2,2),(-4.54989712552E-16,
    0.174529307129),(-1.E-03,0.),.PIECEWISE_BEZIER_KNOTS.);
#6356 = CARTESIAN_POINT('',(-0.648410496541,5.0495,1.763648716764));
#6357 = CARTESIAN_POINT('',(-0.648410496541,5.0505,1.763648716764));
#6358 = CARTESIAN_POINT('',(-0.709072787558,5.0495,1.927296403871));
#6359 = CARTESIAN_POINT('',(-0.709072787558,5.0505,1.927296403871));
#6360 = ADVANCED_FACE('',(#6361),#6379,.F.);
#6361 = FACE_BOUND('',#6362,.F.);
#6362 = EDGE_LOOP('',(#6363,#6364,#6373,#6378));
#6363 = ORIENTED_EDGE('',*,*,#6343,.F.);
#6364 = ORIENTED_EDGE('',*,*,#6365,.T.);
#6365 = EDGE_CURVE('',#6344,#6366,#6368,.T.);
#6366 = VERTEX_POINT('',#6367);
#6367 = CARTESIAN_POINT('',(-0.643606711769,5.0505,1.746058446989));
#6368 = B_SPLINE_CURVE_WITH_KNOTS('',3,(#6369,#6370,#6371,#6372),
  .UNSPECIFIED.,.F.,.F.,(4,4),(12.,13.),.PIECEWISE_BEZIER_KNOTS.);
#6369 = CARTESIAN_POINT('',(-0.648410496541,5.0505,1.763648716764));
#6370 = CARTESIAN_POINT('',(-0.646016900073,5.0505,1.756023280115));
#6371 = CARTESIAN_POINT('',(-0.644415269773,5.0505,1.750107870269));
#6372 = CARTESIAN_POINT('',(-0.643606711769,5.0505,1.746058446989));
#6373 = ORIENTED_EDGE('',*,*,#6374,.T.);
#6374 = EDGE_CURVE('',#6366,#116,#6375,.T.);
#6375 = B_SPLINE_CURVE_WITH_KNOTS('',1,(#6376,#6377),.UNSPECIFIED.,.F.,
  .F.,(2,2),(-0.,1.E-03),.PIECEWISE_BEZIER_KNOTS.);
#6376 = CARTESIAN_POINT('',(-0.643606711769,5.0505,1.746058446989));
#6377 = CARTESIAN_POINT('',(-0.643606711769,5.0495,1.746058446989));
#6378 = ORIENTED_EDGE('',*,*,#122,.F.);
#6379 = B_SPLINE_SURFACE_WITH_KNOTS('',3,1,(
    (#6380,#6381)
    ,(#6382,#6383)
    ,(#6384,#6385)
    ,(#6386,#6387
    )),.UNSPECIFIED.,.F.,.F.,.F.,(4,4),(2,2),(12.,13.),(0.,1.),
  .PIECEWISE_BEZIER_KNOTS.);
#6380 = CARTESIAN_POINT('',(-0.648410496541,5.0505,1.763648716764));
#6381 = CARTESIAN_POINT('',(-0.648410496541,5.0495,1.763648716764));
#6382 = CARTESIAN_POINT('',(-0.646016900073,5.0505,1.756023280115));
#6383 = CARTESIAN_POINT('',(-0.646016900073,5.0495,1.756023280115));
#6384 = CARTESIAN_POINT('',(-0.644415269773,5.0505,1.750107870269));
#6385 = CARTESIAN_POINT('',(-0.644415269773,5.0495,1.750107870269));
#6386 = CARTESIAN_POINT('',(-0.643606711769,5.0505,1.746058446989));
#6387 = CARTESIAN_POINT('',(-0.643606711769,5.0495,1.746058446989));
#6388 = ADVANCED_FACE('',(#6389),#6405,.F.);
#6389 = FACE_BOUND('',#6390,.T.);
#6390 = EDGE_LOOP('',(#6391,#6392,#6399,#6404));
#6391 = ORIENTED_EDGE('',*,*,#115,.T.);
#6392 = ORIENTED_EDGE('',*,*,#6393,.F.);
#6393 = EDGE_CURVE('',#6394,#109,#6396,.T.);
#6394 = VERTEX_POINT('',#6395);
#6395 = CARTESIAN_POINT('',(-0.642592973298,5.0505,1.746065636784));
#6396 = B_SPLINE_CURVE_WITH_KNOTS('',1,(#6397,#6398),.UNSPECIFIED.,.F.,
  .F.,(2,2),(-0.,1.E-03),.PIECEWISE_BEZIER_KNOTS.);
#6397 = CARTESIAN_POINT('',(-0.642592973298,5.0505,1.746065636784));
#6398 = CARTESIAN_POINT('',(-0.642592973298,5.0495,1.746065636784));
#6399 = ORIENTED_EDGE('',*,*,#6400,.F.);
#6400 = EDGE_CURVE('',#6366,#6394,#6401,.T.);
#6401 = B_SPLINE_CURVE_WITH_KNOTS('',1,(#6402,#6403),.UNSPECIFIED.,.F.,
  .F.,(2,2),(-1.013763967252E-03,0.),.PIECEWISE_BEZIER_KNOTS.);
#6402 = CARTESIAN_POINT('',(-0.643606711769,5.0505,1.746058446989));
#6403 = CARTESIAN_POINT('',(-0.642592973298,5.0505,1.746065636784));
#6404 = ORIENTED_EDGE('',*,*,#6374,.T.);
#6405 = B_SPLINE_SURFACE_WITH_KNOTS('',1,1,(
    (#6406,#6407)
    ,(#6408,#6409
    )),.UNSPECIFIED.,.F.,.F.,.F.,(2,2),(2,2),(-6.661170616334E-16,
    1.013763967253E-03),(-1.E-03,0.),.PIECEWISE_BEZIER_KNOTS.);
#6406 = CARTESIAN_POINT('',(-0.642592973298,5.0495,1.746065636784));
#6407 = CARTESIAN_POINT('',(-0.642592973298,5.0505,1.746065636784));
#6408 = CARTESIAN_POINT('',(-0.643606711769,5.0495,1.746058446989));
#6409 = CARTESIAN_POINT('',(-0.643606711769,5.0505,1.746058446989));
#6410 = ADVANCED_FACE('',(#6411),#6427,.F.);
#6411 = FACE_BOUND('',#6412,.T.);
#6412 = EDGE_LOOP('',(#6413,#6414,#6421,#6426));
#6413 = ORIENTED_EDGE('',*,*,#108,.T.);
#6414 = ORIENTED_EDGE('',*,*,#6415,.F.);
#6415 = EDGE_CURVE('',#6416,#102,#6418,.T.);
#6416 = VERTEX_POINT('',#6417);
#6417 = CARTESIAN_POINT('',(-0.638041384413,5.0505,1.764034193427));
#6418 = B_SPLINE_CURVE_WITH_KNOTS('',1,(#6419,#6420),.UNSPECIFIED.,.F.,
  .F.,(2,2),(-0.,1.E-03),.PIECEWISE_BEZIER_KNOTS.);
#6419 = CARTESIAN_POINT('',(-0.638041384413,5.0505,1.764034193427));
#6420 = CARTESIAN_POINT('',(-0.638041384413,5.0495,1.764034193427));
#6421 = ORIENTED_EDGE('',*,*,#6422,.F.);
#6422 = EDGE_CURVE('',#6394,#6416,#6423,.T.);
#6423 = B_SPLINE_CURVE_WITH_KNOTS('',1,(#6424,#6425),.UNSPECIFIED.,.F.,
  .F.,(2,2),(-1.853607264843E-02,0.),.PIECEWISE_BEZIER_KNOTS.);
#6424 = CARTESIAN_POINT('',(-0.642592973298,5.0505,1.746065636784));
#6425 = CARTESIAN_POINT('',(-0.638041384413,5.0505,1.764034193427));
#6426 = ORIENTED_EDGE('',*,*,#6393,.T.);
#6427 = B_SPLINE_SURFACE_WITH_KNOTS('',1,1,(
    (#6428,#6429)
    ,(#6430,#6431
    )),.UNSPECIFIED.,.F.,.F.,.F.,(2,2),(2,2),(-0.,1.853607264843E-02),(
    -1.E-03,0.),.PIECEWISE_BEZIER_KNOTS.);
#6428 = CARTESIAN_POINT('',(-0.638041384413,5.0495,1.764034193427));
#6429 = CARTESIAN_POINT('',(-0.638041384413,5.0505,1.764034193427));
#6430 = CARTESIAN_POINT('',(-0.642592973298,5.0495,1.746065636784));
#6431 = CARTESIAN_POINT('',(-0.642592973298,5.0505,1.746065636784));
#6432 = ADVANCED_FACE('',(#6433),#6449,.F.);
#6433 = FACE_BOUND('',#6434,.T.);
#6434 = EDGE_LOOP('',(#6435,#6436,#6443,#6448));
#6435 = ORIENTED_EDGE('',*,*,#101,.T.);
#6436 = ORIENTED_EDGE('',*,*,#6437,.F.);
#6437 = EDGE_CURVE('',#6438,#95,#6440,.T.);
#6438 = VERTEX_POINT('',#6439);
#6439 = CARTESIAN_POINT('',(-0.58227749862,5.0505,1.928195681311));
#6440 = B_SPLINE_CURVE_WITH_KNOTS('',1,(#6441,#6442),.UNSPECIFIED.,.F.,
  .F.,(2,2),(-0.,1.E-03),.PIECEWISE_BEZIER_KNOTS.);
#6441 = CARTESIAN_POINT('',(-0.58227749862,5.0505,1.928195681311));
#6442 = CARTESIAN_POINT('',(-0.58227749862,5.0495,1.928195681311));
#6443 = ORIENTED_EDGE('',*,*,#6444,.F.);
#6444 = EDGE_CURVE('',#6416,#6438,#6445,.T.);
#6445 = B_SPLINE_CURVE_WITH_KNOTS('',1,(#6446,#6447),.UNSPECIFIED.,.F.,
  .F.,(2,2),(-0.173374176459,0.),.PIECEWISE_BEZIER_KNOTS.);
#6446 = CARTESIAN_POINT('',(-0.638041384413,5.0505,1.764034193427));
#6447 = CARTESIAN_POINT('',(-0.58227749862,5.0505,1.928195681311));
#6448 = ORIENTED_EDGE('',*,*,#6415,.T.);
#6449 = B_SPLINE_SURFACE_WITH_KNOTS('',1,1,(
    (#6450,#6451)
    ,(#6452,#6453
    )),.UNSPECIFIED.,.F.,.F.,.F.,(2,2),(2,2),(-1.388274956667E-16,
    0.173374176459),(-1.E-03,0.),.PIECEWISE_BEZIER_KNOTS.);
#6450 = CARTESIAN_POINT('',(-0.58227749862,5.0495,1.928195681311));
#6451 = CARTESIAN_POINT('',(-0.58227749862,5.0505,1.928195681311));
#6452 = CARTESIAN_POINT('',(-0.638041384413,5.0495,1.764034193427));
#6453 = CARTESIAN_POINT('',(-0.638041384413,5.0505,1.764034193427));
#6454 = ADVANCED_FACE('',(#6455),#6471,.F.);
#6455 = FACE_BOUND('',#6456,.T.);
#6456 = EDGE_LOOP('',(#6457,#6458,#6465,#6470));
#6457 = ORIENTED_EDGE('',*,*,#94,.T.);
#6458 = ORIENTED_EDGE('',*,*,#6459,.F.);
#6459 = EDGE_CURVE('',#6460,#88,#6462,.T.);
#6460 = VERTEX_POINT('',#6461);
#6461 = CARTESIAN_POINT('',(-0.539544523013,5.0505,1.928498758825));
#6462 = B_SPLINE_CURVE_WITH_KNOTS('',1,(#6463,#6464),.UNSPECIFIED.,.F.,
  .F.,(2,2),(-0.,1.E-03),.PIECEWISE_BEZIER_KNOTS.);
#6463 = CARTESIAN_POINT('',(-0.539544523013,5.0505,1.928498758825));
#6464 = CARTESIAN_POINT('',(-0.539544523013,5.0495,1.928498758825));
#6465 = ORIENTED_EDGE('',*,*,#6466,.F.);
#6466 = EDGE_CURVE('',#6438,#6460,#6467,.T.);
#6467 = B_SPLINE_CURVE_WITH_KNOTS('',1,(#6468,#6469),.UNSPECIFIED.,.F.,
  .F.,(2,2),(-4.27340503608E-02,0.),.PIECEWISE_BEZIER_KNOTS.);
#6468 = CARTESIAN_POINT('',(-0.58227749862,5.0505,1.928195681311));
#6469 = CARTESIAN_POINT('',(-0.539544523013,5.0505,1.928498758825));
#6470 = ORIENTED_EDGE('',*,*,#6437,.T.);
#6471 = B_SPLINE_SURFACE_WITH_KNOTS('',1,1,(
    (#6472,#6473)
    ,(#6474,#6475
    )),.UNSPECIFIED.,.F.,.F.,.F.,(2,2),(2,2),(-0.,4.27340503608E-02),(
    -1.E-03,0.),.PIECEWISE_BEZIER_KNOTS.);
#6472 = CARTESIAN_POINT('',(-0.539544523013,5.0495,1.928498758825));
#6473 = CARTESIAN_POINT('',(-0.539544523013,5.0505,1.928498758825));
#6474 = CARTESIAN_POINT('',(-0.58227749862,5.0495,1.928195681311));
#6475 = CARTESIAN_POINT('',(-0.58227749862,5.0505,1.928195681311));
#6476 = ADVANCED_FACE('',(#6477),#6493,.F.);
#6477 = FACE_BOUND('',#6478,.T.);
#6478 = EDGE_LOOP('',(#6479,#6480,#6487,#6492));
#6479 = ORIENTED_EDGE('',*,*,#87,.T.);
#6480 = ORIENTED_EDGE('',*,*,#6481,.F.);
#6481 = EDGE_CURVE('',#6482,#81,#6484,.T.);
#6482 = VERTEX_POINT('',#6483);
#6483 = CARTESIAN_POINT('',(-0.623468539724,5.0505,1.710484691402));
#6484 = B_SPLINE_CURVE_WITH_KNOTS('',1,(#6485,#6486),.UNSPECIFIED.,.F.,
  .F.,(2,2),(-0.,1.E-03),.PIECEWISE_BEZIER_KNOTS.);
#6485 = CARTESIAN_POINT('',(-0.623468539724,5.0505,1.710484691402));
#6486 = CARTESIAN_POINT('',(-0.623468539724,5.0495,1.710484691402));
#6487 = ORIENTED_EDGE('',*,*,#6488,.F.);
#6488 = EDGE_CURVE('',#6460,#6482,#6489,.T.);
#6489 = B_SPLINE_CURVE_WITH_KNOTS('',1,(#6490,#6491),.UNSPECIFIED.,.F.,
  .F.,(2,2),(-0.233609447958,-0.),.PIECEWISE_BEZIER_KNOTS.);
#6490 = CARTESIAN_POINT('',(-0.539544523013,5.0505,1.928498758825));
#6491 = CARTESIAN_POINT('',(-0.623468539724,5.0505,1.710484691402));
#6492 = ORIENTED_EDGE('',*,*,#6459,.T.);
#6493 = B_SPLINE_SURFACE_WITH_KNOTS('',1,1,(
    (#6494,#6495)
    ,(#6496,#6497
    )),.UNSPECIFIED.,.F.,.F.,.F.,(2,2),(2,2),(0.,0.233609447958),(
    -1.E-03,0.),.PIECEWISE_BEZIER_KNOTS.);
#6494 = CARTESIAN_POINT('',(-0.623468539724,5.0495,1.710484691402));
#6495 = CARTESIAN_POINT('',(-0.623468539724,5.0505,1.710484691402));
#6496 = CARTESIAN_POINT('',(-0.539544523013,5.0495,1.928498758825));
#6497 = CARTESIAN_POINT('',(-0.539544523013,5.0505,1.928498758825));
#6498 = ADVANCED_FACE('',(#6499),#6515,.F.);
#6499 = FACE_BOUND('',#6500,.T.);
#6500 = EDGE_LOOP('',(#6501,#6502,#6509,#6514));
#6501 = ORIENTED_EDGE('',*,*,#80,.T.);
#6502 = ORIENTED_EDGE('',*,*,#6503,.F.);
#6503 = EDGE_CURVE('',#6504,#72,#6506,.T.);
#6504 = VERTEX_POINT('',#6505);
#6505 = CARTESIAN_POINT('',(-0.606421909919,5.0505,1.670989819243));
#6506 = B_SPLINE_CURVE_WITH_KNOTS('',1,(#6507,#6508),.UNSPECIFIED.,.F.,
  .F.,(2,2),(-0.,1.E-03),.PIECEWISE_BEZIER_KNOTS.);
#6507 = CARTESIAN_POINT('',(-0.606421909919,5.0505,1.670989819243));
#6508 = CARTESIAN_POINT('',(-0.606421909919,5.0495,1.670989819243));
#6509 = ORIENTED_EDGE('',*,*,#6510,.F.);
#6510 = EDGE_CURVE('',#6482,#6504,#6511,.T.);
#6511 = B_SPLINE_CURVE_WITH_KNOTS('',1,(#6512,#6513),.UNSPECIFIED.,.F.,
  .F.,(2,2),(-4.301665392122E-02,-4.399589269723E-17),
  .PIECEWISE_BEZIER_KNOTS.);
#6512 = CARTESIAN_POINT('',(-0.623468539724,5.0505,1.710484691402));
#6513 = CARTESIAN_POINT('',(-0.606421909919,5.0505,1.670989819243));
#6514 = ORIENTED_EDGE('',*,*,#6481,.T.);
#6515 = B_SPLINE_SURFACE_WITH_KNOTS('',1,1,(
    (#6516,#6517)
    ,(#6518,#6519
    )),.UNSPECIFIED.,.F.,.F.,.F.,(2,2),(2,2),(0.,4.301665392122E-02),(
    -1.E-03,0.),.PIECEWISE_BEZIER_KNOTS.);
#6516 = CARTESIAN_POINT('',(-0.606421909919,5.0495,1.670989819243));
#6517 = CARTESIAN_POINT('',(-0.606421909919,5.0505,1.670989819243));
#6518 = CARTESIAN_POINT('',(-0.623468539724,5.0495,1.710484691402));
#6519 = CARTESIAN_POINT('',(-0.623468539724,5.0505,1.710484691402));
#6520 = ADVANCED_FACE('',(#6521),#6539,.F.);
#6521 = FACE_BOUND('',#6522,.F.);
#6522 = EDGE_LOOP('',(#6523,#6524,#6533,#6538));
#6523 = ORIENTED_EDGE('',*,*,#6503,.F.);
#6524 = ORIENTED_EDGE('',*,*,#6525,.T.);
#6525 = EDGE_CURVE('',#6504,#6526,#6528,.T.);
#6526 = VERTEX_POINT('',#6527);
#6527 = CARTESIAN_POINT('',(-0.567058102811,5.0505,1.64054338224));
#6528 = B_SPLINE_CURVE_WITH_KNOTS('',3,(#6529,#6530,#6531,#6532),
  .UNSPECIFIED.,.F.,.F.,(4,4),(5.,6.),.PIECEWISE_BEZIER_KNOTS.);
#6529 = CARTESIAN_POINT('',(-0.606421909919,5.0505,1.670989819243));
#6530 = CARTESIAN_POINT('',(-0.597620134818,5.0505,1.650464520053));
#6531 = CARTESIAN_POINT('',(-0.584525596491,5.0505,1.640419496541));
#6532 = CARTESIAN_POINT('',(-0.567058102811,5.0505,1.64054338224));
#6533 = ORIENTED_EDGE('',*,*,#6534,.T.);
#6534 = EDGE_CURVE('',#6526,#63,#6535,.T.);
#6535 = B_SPLINE_CURVE_WITH_KNOTS('',1,(#6536,#6537),.UNSPECIFIED.,.F.,
  .F.,(2,2),(-0.,1.E-03),.PIECEWISE_BEZIER_KNOTS.);
#6536 = CARTESIAN_POINT('',(-0.567058102811,5.0505,1.64054338224));
#6537 = CARTESIAN_POINT('',(-0.567058102811,5.0495,1.64054338224));
#6538 = ORIENTED_EDGE('',*,*,#71,.F.);
#6539 = B_SPLINE_SURFACE_WITH_KNOTS('',3,1,(
    (#6540,#6541)
    ,(#6542,#6543)
    ,(#6544,#6545)
    ,(#6546,#6547
    )),.UNSPECIFIED.,.F.,.F.,.F.,(4,4),(2,2),(5.,6.),(0.,1.),
  .PIECEWISE_BEZIER_KNOTS.);
#6540 = CARTESIAN_POINT('',(-0.606421909919,5.0505,1.670989819243));
#6541 = CARTESIAN_POINT('',(-0.606421909919,5.0495,1.670989819243));
#6542 = CARTESIAN_POINT('',(-0.597620134818,5.0505,1.650464520053));
#6543 = CARTESIAN_POINT('',(-0.597620134818,5.0495,1.650464520053));
#6544 = CARTESIAN_POINT('',(-0.584525596491,5.0505,1.640419496541));
#6545 = CARTESIAN_POINT('',(-0.584525596491,5.0495,1.640419496541));
#6546 = CARTESIAN_POINT('',(-0.567058102811,5.0505,1.64054338224));
#6547 = CARTESIAN_POINT('',(-0.567058102811,5.0495,1.64054338224));
#6548 = ADVANCED_FACE('',(#6549),#6567,.F.);
#6549 = FACE_BOUND('',#6550,.F.);
#6550 = EDGE_LOOP('',(#6551,#6552,#6561,#6566));
#6551 = ORIENTED_EDGE('',*,*,#6534,.F.);
#6552 = ORIENTED_EDGE('',*,*,#6553,.T.);
#6553 = EDGE_CURVE('',#6526,#6554,#6556,.T.);
#6554 = VERTEX_POINT('',#6555);
#6555 = CARTESIAN_POINT('',(-0.545410666903,5.0505,1.645064006662));
#6556 = B_SPLINE_CURVE_WITH_KNOTS('',3,(#6557,#6558,#6559,#6560),
  .UNSPECIFIED.,.F.,.F.,(4,4),(4.,5.),.PIECEWISE_BEZIER_KNOTS.);
#6557 = CARTESIAN_POINT('',(-0.567058102811,5.0505,1.64054338224));
#6558 = CARTESIAN_POINT('',(-0.560039913388,5.0505,1.640593157744));
#6559 = CARTESIAN_POINT('',(-0.552875719299,5.0505,1.642047677256));
#6560 = CARTESIAN_POINT('',(-0.545410666903,5.0505,1.645064006662));
#6561 = ORIENTED_EDGE('',*,*,#6562,.T.);
#6562 = EDGE_CURVE('',#6554,#56,#6563,.T.);
#6563 = B_SPLINE_CURVE_WITH_KNOTS('',1,(#6564,#6565),.UNSPECIFIED.,.F.,
  .F.,(2,2),(-0.,1.E-03),.PIECEWISE_BEZIER_KNOTS.);
#6564 = CARTESIAN_POINT('',(-0.545410666903,5.0505,1.645064006662));
#6565 = CARTESIAN_POINT('',(-0.545410666903,5.0495,1.645064006662));
#6566 = ORIENTED_EDGE('',*,*,#62,.F.);
#6567 = B_SPLINE_SURFACE_WITH_KNOTS('',3,1,(
    (#6568,#6569)
    ,(#6570,#6571)
    ,(#6572,#6573)
    ,(#6574,#6575
    )),.UNSPECIFIED.,.F.,.F.,.F.,(4,4),(2,2),(4.,5.),(0.,1.),
  .PIECEWISE_BEZIER_KNOTS.);
#6568 = CARTESIAN_POINT('',(-0.567058102811,5.0505,1.64054338224));
#6569 = CARTESIAN_POINT('',(-0.567058102811,5.0495,1.64054338224));
#6570 = CARTESIAN_POINT('',(-0.560039913388,5.0505,1.640593157744));
#6571 = CARTESIAN_POINT('',(-0.560039913388,5.0495,1.640593157744));
#6572 = CARTESIAN_POINT('',(-0.552875719299,5.0505,1.642047677256));
#6573 = CARTESIAN_POINT('',(-0.552875719299,5.0495,1.642047677256));
#6574 = CARTESIAN_POINT('',(-0.545410666903,5.0505,1.645064006662));
#6575 = CARTESIAN_POINT('',(-0.545410666903,5.0495,1.645064006662));
#6576 = ADVANCED_FACE('',(#6577),#6593,.F.);
#6577 = FACE_BOUND('',#6578,.T.);
#6578 = EDGE_LOOP('',(#6579,#6580,#6587,#6592));
#6579 = ORIENTED_EDGE('',*,*,#55,.T.);
#6580 = ORIENTED_EDGE('',*,*,#6581,.F.);
#6581 = EDGE_CURVE('',#6582,#47,#6584,.T.);
#6582 = VERTEX_POINT('',#6583);
#6583 = CARTESIAN_POINT('',(-0.545169532239,5.0505,1.611064777894));
#6584 = B_SPLINE_CURVE_WITH_KNOTS('',1,(#6585,#6586),.UNSPECIFIED.,.F.,
  .F.,(2,2),(-0.,1.E-03),.PIECEWISE_BEZIER_KNOTS.);
#6585 = CARTESIAN_POINT('',(-0.545169532239,5.0505,1.611064777894));
#6586 = CARTESIAN_POINT('',(-0.545169532239,5.0495,1.611064777894));
#6587 = ORIENTED_EDGE('',*,*,#6588,.F.);
#6588 = EDGE_CURVE('',#6554,#6582,#6589,.T.);
#6589 = B_SPLINE_CURVE_WITH_KNOTS('',1,(#6590,#6591),.UNSPECIFIED.,.F.,
  .F.,(2,2),(-3.400008386433E-02,2.212516305568E-16),
  .PIECEWISE_BEZIER_KNOTS.);
#6590 = CARTESIAN_POINT('',(-0.545410666903,5.0505,1.645064006662));
#6591 = CARTESIAN_POINT('',(-0.545169532239,5.0505,1.611064777894));
#6592 = ORIENTED_EDGE('',*,*,#6562,.T.);
#6593 = B_SPLINE_SURFACE_WITH_KNOTS('',1,1,(
    (#6594,#6595)
    ,(#6596,#6597
    )),.UNSPECIFIED.,.F.,.F.,.F.,(2,2),(2,2),(-2.220390205445E-16,
    3.400008386433E-02),(-1.E-03,0.),.PIECEWISE_BEZIER_KNOTS.);
#6594 = CARTESIAN_POINT('',(-0.545169532239,5.0495,1.611064777894));
#6595 = CARTESIAN_POINT('',(-0.545169532239,5.0505,1.611064777894));
#6596 = CARTESIAN_POINT('',(-0.545410666903,5.0495,1.645064006662));
#6597 = CARTESIAN_POINT('',(-0.545410666903,5.0505,1.645064006662));
#6598 = ADVANCED_FACE('',(#6599),#6617,.F.);
#6599 = FACE_BOUND('',#6600,.F.);
#6600 = EDGE_LOOP('',(#6601,#6602,#6611,#6616));
#6601 = ORIENTED_EDGE('',*,*,#6581,.F.);
#6602 = ORIENTED_EDGE('',*,*,#6603,.T.);
#6603 = EDGE_CURVE('',#6582,#6604,#6606,.T.);
#6604 = VERTEX_POINT('',#6605);
#6605 = CARTESIAN_POINT('',(-0.569789052661,5.0505,1.607770815268));
#6606 = B_SPLINE_CURVE_WITH_KNOTS('',3,(#6607,#6608,#6609,#6610),
  .UNSPECIFIED.,.F.,.F.,(4,4),(2.,3.),.PIECEWISE_BEZIER_KNOTS.);
#6607 = CARTESIAN_POINT('',(-0.545169532239,5.0505,1.611064777894));
#6608 = CARTESIAN_POINT('',(-0.551939402426,5.0505,1.608989184628));
#6609 = CARTESIAN_POINT('',(-0.560197527114,5.0505,1.60783884179));
#6610 = CARTESIAN_POINT('',(-0.569789052661,5.0505,1.607770815268));
#6611 = ORIENTED_EDGE('',*,*,#6612,.T.);
#6612 = EDGE_CURVE('',#6604,#38,#6613,.T.);
#6613 = B_SPLINE_CURVE_WITH_KNOTS('',1,(#6614,#6615),.UNSPECIFIED.,.F.,
  .F.,(2,2),(-0.,1.E-03),.PIECEWISE_BEZIER_KNOTS.);
#6614 = CARTESIAN_POINT('',(-0.569789052661,5.0505,1.607770815268));
#6615 = CARTESIAN_POINT('',(-0.569789052661,5.0495,1.607770815268));
#6616 = ORIENTED_EDGE('',*,*,#46,.F.);
#6617 = B_SPLINE_SURFACE_WITH_KNOTS('',3,1,(
    (#6618,#6619)
    ,(#6620,#6621)
    ,(#6622,#6623)
    ,(#6624,#6625
    )),.UNSPECIFIED.,.F.,.F.,.F.,(4,4),(2,2),(2.,3.),(0.,1.),
  .PIECEWISE_BEZIER_KNOTS.);
#6618 = CARTESIAN_POINT('',(-0.545169532239,5.0505,1.611064777894));
#6619 = CARTESIAN_POINT('',(-0.545169532239,5.0495,1.611064777894));
#6620 = CARTESIAN_POINT('',(-0.551939402426,5.0505,1.608989184628));
#6621 = CARTESIAN_POINT('',(-0.551939402426,5.0495,1.608989184628));
#6622 = CARTESIAN_POINT('',(-0.560197527114,5.0505,1.60783884179));
#6623 = CARTESIAN_POINT('',(-0.560197527114,5.0495,1.60783884179));
#6624 = CARTESIAN_POINT('',(-0.569789052661,5.0505,1.607770815268));
#6625 = CARTESIAN_POINT('',(-0.569789052661,5.0495,1.607770815268));
#6626 = ADVANCED_FACE('',(#6627),#6645,.F.);
#6627 = FACE_BOUND('',#6628,.F.);
#6628 = EDGE_LOOP('',(#6629,#6630,#6639,#6644));
#6629 = ORIENTED_EDGE('',*,*,#6612,.F.);
#6630 = ORIENTED_EDGE('',*,*,#6631,.T.);
#6631 = EDGE_CURVE('',#6604,#6632,#6634,.T.);
#6632 = VERTEX_POINT('',#6633);
#6633 = CARTESIAN_POINT('',(-0.648029432182,5.0505,1.676933428247));
#6634 = B_SPLINE_CURVE_WITH_KNOTS('',3,(#6635,#6636,#6637,#6638),
  .UNSPECIFIED.,.F.,.F.,(4,4),(1.,2.),.PIECEWISE_BEZIER_KNOTS.);
#6635 = CARTESIAN_POINT('',(-0.569789052661,5.0505,1.607770815268));
#6636 = CARTESIAN_POINT('',(-0.603242422251,5.0505,1.607533552032));
#6637 = CARTESIAN_POINT('',(-0.629296555465,5.0505,1.630587940712));
#6638 = CARTESIAN_POINT('',(-0.648029432182,5.0505,1.676933428247));
#6639 = ORIENTED_EDGE('',*,*,#6640,.T.);
#6640 = EDGE_CURVE('',#6632,#31,#6641,.T.);
#6641 = B_SPLINE_CURVE_WITH_KNOTS('',1,(#6642,#6643),.UNSPECIFIED.,.F.,
  .F.,(2,2),(-0.,1.E-03),.PIECEWISE_BEZIER_KNOTS.);
#6642 = CARTESIAN_POINT('',(-0.648029432182,5.0505,1.676933428247));
#6643 = CARTESIAN_POINT('',(-0.648029432182,5.0495,1.676933428247));
#6644 = ORIENTED_EDGE('',*,*,#37,.F.);
#6645 = B_SPLINE_SURFACE_WITH_KNOTS('',3,1,(
    (#6646,#6647)
    ,(#6648,#6649)
    ,(#6650,#6651)
    ,(#6652,#6653
    )),.UNSPECIFIED.,.F.,.F.,.F.,(4,4),(2,2),(1.,2.),(0.,1.),
  .PIECEWISE_BEZIER_KNOTS.);
#6646 = CARTESIAN_POINT('',(-0.569789052661,5.0505,1.607770815268));
#6647 = CARTESIAN_POINT('',(-0.569789052661,5.0495,1.607770815268));
#6648 = CARTESIAN_POINT('',(-0.603242422251,5.0505,1.607533552032));
#6649 = CARTESIAN_POINT('',(-0.603242422251,5.0495,1.607533552032));
#6650 = CARTESIAN_POINT('',(-0.629296555465,5.0505,1.630587940712));
#6651 = CARTESIAN_POINT('',(-0.629296555465,5.0495,1.630587940712));
#6652 = CARTESIAN_POINT('',(-0.648029432182,5.0505,1.676933428247));
#6653 = CARTESIAN_POINT('',(-0.648029432182,5.0495,1.676933428247));
#6654 = ADVANCED_FACE('',(#6655),#6665,.F.);
#6655 = FACE_BOUND('',#6656,.T.);
#6656 = EDGE_LOOP('',(#6657,#6658,#6659,#6664));
#6657 = ORIENTED_EDGE('',*,*,#30,.T.);
#6658 = ORIENTED_EDGE('',*,*,#6329,.F.);
#6659 = ORIENTED_EDGE('',*,*,#6660,.F.);
#6660 = EDGE_CURVE('',#6632,#6323,#6661,.T.);
#6661 = B_SPLINE_CURVE_WITH_KNOTS('',1,(#6662,#6663),.UNSPECIFIED.,.F.,
  .F.,(2,2),(-0.269579071831,0.),.PIECEWISE_BEZIER_KNOTS.);
#6662 = CARTESIAN_POINT('',(-0.648029432182,5.0505,1.676933428247));
#6663 = CARTESIAN_POINT('',(-0.748686567864,5.0505,1.927015448804));
#6664 = ORIENTED_EDGE('',*,*,#6640,.T.);
#6665 = B_SPLINE_SURFACE_WITH_KNOTS('',1,1,(
    (#6666,#6667)
    ,(#6668,#6669
    )),.UNSPECIFIED.,.F.,.F.,.F.,(2,2),(2,2),(0.,0.269579071831),(
    -1.E-03,0.),.PIECEWISE_BEZIER_KNOTS.);
#6666 = CARTESIAN_POINT('',(-0.748686567864,5.0495,1.927015448804));
#6667 = CARTESIAN_POINT('',(-0.748686567864,5.0505,1.927015448804));
#6668 = CARTESIAN_POINT('',(-0.648029432182,5.0495,1.676933428247));
#6669 = CARTESIAN_POINT('',(-0.648029432182,5.0505,1.676933428247));
#6670 = ADVANCED_FACE('',(#6671),#6688,.T.);
#6671 = FACE_BOUND('',#6672,.T.);
#6672 = EDGE_LOOP('',(#6673,#6674,#6675,#6676,#6677,#6678,#6679,#6680,
    #6681,#6682,#6683,#6684,#6685,#6686,#6687));
#6673 = ORIENTED_EDGE('',*,*,#6322,.T.);
#6674 = ORIENTED_EDGE('',*,*,#6350,.T.);
#6675 = ORIENTED_EDGE('',*,*,#6365,.T.);
#6676 = ORIENTED_EDGE('',*,*,#6400,.T.);
#6677 = ORIENTED_EDGE('',*,*,#6422,.T.);
#6678 = ORIENTED_EDGE('',*,*,#6444,.T.);
#6679 = ORIENTED_EDGE('',*,*,#6466,.T.);
#6680 = ORIENTED_EDGE('',*,*,#6488,.T.);
#6681 = ORIENTED_EDGE('',*,*,#6510,.T.);
#6682 = ORIENTED_EDGE('',*,*,#6525,.T.);
#6683 = ORIENTED_EDGE('',*,*,#6553,.T.);
#6684 = ORIENTED_EDGE('',*,*,#6588,.T.);
#6685 = ORIENTED_EDGE('',*,*,#6603,.T.);
#6686 = ORIENTED_EDGE('',*,*,#6631,.T.);
#6687 = ORIENTED_EDGE('',*,*,#6660,.T.);
#6688 = B_SPLINE_SURFACE_WITH_KNOTS('',1,1,(
    (#6689,#6690)
    ,(#6691,#6692
    )),.UNSPECIFIED.,.F.,.F.,.F.,(2,2),(2,2),(-1.735003818648E-02,
    0.303615168606),(-0.134257140615,7.488490423603E-02),
  .PIECEWISE_BEZIER_KNOTS.);
#6689 = CARTESIAN_POINT('',(-0.748686567864,5.0505,1.607533552032));
#6690 = CARTESIAN_POINT('',(-0.539544523013,5.0505,1.607533552032));
#6691 = CARTESIAN_POINT('',(-0.748686567864,5.0505,1.928498758825));
#6692 = CARTESIAN_POINT('',(-0.539544523013,5.0505,1.928498758825));
#6693 = ADVANCED_FACE('',(#6694),#6716,.F.);
#6694 = FACE_BOUND('',#6695,.T.);
#6695 = EDGE_LOOP('',(#6696,#6697,#6704,#6711));
#6696 = ORIENTED_EDGE('',*,*,#928,.T.);
#6697 = ORIENTED_EDGE('',*,*,#6698,.F.);
#6698 = EDGE_CURVE('',#6699,#931,#6701,.T.);
#6699 = VERTEX_POINT('',#6700);
#6700 = CARTESIAN_POINT('',(-0.952631030997,5.0505,1.742463027743));
#6701 = B_SPLINE_CURVE_WITH_KNOTS('',1,(#6702,#6703),.UNSPECIFIED.,.F.,
  .F.,(2,2),(-0.,1.E-03),.PIECEWISE_BEZIER_KNOTS.);
#6702 = CARTESIAN_POINT('',(-0.952631030997,5.0505,1.742463027743));
#6703 = CARTESIAN_POINT('',(-0.952631030997,5.0495,1.742463027743));
#6704 = ORIENTED_EDGE('',*,*,#6705,.F.);
#6705 = EDGE_CURVE('',#6706,#6699,#6708,.T.);
#6706 = VERTEX_POINT('',#6707);
#6707 = CARTESIAN_POINT('',(-0.952384365721,5.0505,1.707684000151));
#6708 = B_SPLINE_CURVE_WITH_KNOTS('',1,(#6709,#6710),.UNSPECIFIED.,.F.,
  .F.,(2,2),(-3.477990230068E-02,0.),.PIECEWISE_BEZIER_KNOTS.);
#6709 = CARTESIAN_POINT('',(-0.952384365721,5.0505,1.707684000151));
#6710 = CARTESIAN_POINT('',(-0.952631030997,5.0505,1.742463027743));
#6711 = ORIENTED_EDGE('',*,*,#6712,.T.);
#6712 = EDGE_CURVE('',#6706,#929,#6713,.T.);
#6713 = B_SPLINE_CURVE_WITH_KNOTS('',1,(#6714,#6715),.UNSPECIFIED.,.F.,
  .F.,(2,2),(-0.,1.E-03),.PIECEWISE_BEZIER_KNOTS.);
#6714 = CARTESIAN_POINT('',(-0.952384365721,5.0505,1.707684000151));
#6715 = CARTESIAN_POINT('',(-0.952384365721,5.0495,1.707684000151));
#6716 = B_SPLINE_SURFACE_WITH_KNOTS('',1,1,(
    (#6717,#6718)
    ,(#6719,#6720
    )),.UNSPECIFIED.,.F.,.F.,.F.,(2,2),(2,2),(0.,3.477990230068E-02),(
    -1.E-03,0.),.PIECEWISE_BEZIER_KNOTS.);
#6717 = CARTESIAN_POINT('',(-0.952631030997,5.0495,1.742463027743));
#6718 = CARTESIAN_POINT('',(-0.952631030997,5.0505,1.742463027743));
#6719 = CARTESIAN_POINT('',(-0.952384365721,5.0495,1.707684000151));
#6720 = CARTESIAN_POINT('',(-0.952384365721,5.0505,1.707684000151));
#6721 = ADVANCED_FACE('',(#6722),#6738,.F.);
#6722 = FACE_BOUND('',#6723,.T.);
#6723 = EDGE_LOOP('',(#6724,#6725,#6732,#6737));
#6724 = ORIENTED_EDGE('',*,*,#1007,.T.);
#6725 = ORIENTED_EDGE('',*,*,#6726,.F.);
#6726 = EDGE_CURVE('',#6727,#1001,#6729,.T.);
#6727 = VERTEX_POINT('',#6728);
#6728 = CARTESIAN_POINT('',(-0.827941198888,5.0505,1.743347372532));
#6729 = B_SPLINE_CURVE_WITH_KNOTS('',1,(#6730,#6731),.UNSPECIFIED.,.F.,
  .F.,(2,2),(-0.,1.E-03),.PIECEWISE_BEZIER_KNOTS.);
#6730 = CARTESIAN_POINT('',(-0.827941198888,5.0505,1.743347372532));
#6731 = CARTESIAN_POINT('',(-0.827941198888,5.0495,1.743347372532));
#6732 = ORIENTED_EDGE('',*,*,#6733,.F.);
#6733 = EDGE_CURVE('',#6699,#6727,#6734,.T.);
#6734 = B_SPLINE_CURVE_WITH_KNOTS('',1,(#6735,#6736),.UNSPECIFIED.,.F.,
  .F.,(2,2),(-0.124692968114,0.),.PIECEWISE_BEZIER_KNOTS.);
#6735 = CARTESIAN_POINT('',(-0.952631030997,5.0505,1.742463027743));
#6736 = CARTESIAN_POINT('',(-0.827941198888,5.0505,1.743347372532));
#6737 = ORIENTED_EDGE('',*,*,#6698,.T.);
#6738 = B_SPLINE_SURFACE_WITH_KNOTS('',1,1,(
    (#6739,#6740)
    ,(#6741,#6742
    )),.UNSPECIFIED.,.F.,.F.,.F.,(2,2),(2,2),(-4.472276010395E-16,
    0.124692968114),(-1.E-03,0.),.PIECEWISE_BEZIER_KNOTS.);
#6739 = CARTESIAN_POINT('',(-0.827941198888,5.0495,1.743347372532));
#6740 = CARTESIAN_POINT('',(-0.827941198888,5.0505,1.743347372532));
#6741 = CARTESIAN_POINT('',(-0.952631030997,5.0495,1.742463027743));
#6742 = CARTESIAN_POINT('',(-0.952631030997,5.0505,1.742463027743));
#6743 = ADVANCED_FACE('',(#6744),#6760,.F.);
#6744 = FACE_BOUND('',#6745,.T.);
#6745 = EDGE_LOOP('',(#6746,#6747,#6754,#6759));
#6746 = ORIENTED_EDGE('',*,*,#1000,.T.);
#6747 = ORIENTED_EDGE('',*,*,#6748,.F.);
#6748 = EDGE_CURVE('',#6749,#994,#6751,.T.);
#6749 = VERTEX_POINT('',#6750);
#6750 = CARTESIAN_POINT('',(-0.82866902737,5.0505,1.845968897895));
#6751 = B_SPLINE_CURVE_WITH_KNOTS('',1,(#6752,#6753),.UNSPECIFIED.,.F.,
  .F.,(2,2),(-0.,1.E-03),.PIECEWISE_BEZIER_KNOTS.);
#6752 = CARTESIAN_POINT('',(-0.82866902737,5.0505,1.845968897895));
#6753 = CARTESIAN_POINT('',(-0.82866902737,5.0495,1.845968897895));
#6754 = ORIENTED_EDGE('',*,*,#6755,.F.);
#6755 = EDGE_CURVE('',#6727,#6749,#6756,.T.);
#6756 = B_SPLINE_CURVE_WITH_KNOTS('',1,(#6757,#6758),.UNSPECIFIED.,.F.,
  .F.,(2,2),(-0.10262410634,0.),.PIECEWISE_BEZIER_KNOTS.);
#6757 = CARTESIAN_POINT('',(-0.827941198888,5.0505,1.743347372532));
#6758 = CARTESIAN_POINT('',(-0.82866902737,5.0505,1.845968897895));
#6759 = ORIENTED_EDGE('',*,*,#6726,.T.);
#6760 = B_SPLINE_SURFACE_WITH_KNOTS('',1,1,(
    (#6761,#6762)
    ,(#6763,#6764
    )),.UNSPECIFIED.,.F.,.F.,.F.,(2,2),(2,2),(0.,0.10262410634),(-1.E-03
    ,0.),.PIECEWISE_BEZIER_KNOTS.);
#6761 = CARTESIAN_POINT('',(-0.82866902737,5.0495,1.845968897895));
#6762 = CARTESIAN_POINT('',(-0.82866902737,5.0505,1.845968897895));
#6763 = CARTESIAN_POINT('',(-0.827941198888,5.0495,1.743347372532));
#6764 = CARTESIAN_POINT('',(-0.827941198888,5.0505,1.743347372532));
#6765 = ADVANCED_FACE('',(#6766),#6782,.F.);
#6766 = FACE_BOUND('',#6767,.T.);
#6767 = EDGE_LOOP('',(#6768,#6769,#6776,#6781));
#6768 = ORIENTED_EDGE('',*,*,#993,.T.);
#6769 = ORIENTED_EDGE('',*,*,#6770,.F.);
#6770 = EDGE_CURVE('',#6771,#987,#6773,.T.);
#6771 = VERTEX_POINT('',#6772);
#6772 = CARTESIAN_POINT('',(-0.937762882978,5.0505,1.845195165337));
#6773 = B_SPLINE_CURVE_WITH_KNOTS('',1,(#6774,#6775),.UNSPECIFIED.,.F.,
  .F.,(2,2),(-0.,1.E-03),.PIECEWISE_BEZIER_KNOTS.);
#6774 = CARTESIAN_POINT('',(-0.937762882978,5.0505,1.845195165337));
#6775 = CARTESIAN_POINT('',(-0.937762882978,5.0495,1.845195165337));
#6776 = ORIENTED_EDGE('',*,*,#6777,.F.);
#6777 = EDGE_CURVE('',#6749,#6771,#6778,.T.);
#6778 = B_SPLINE_CURVE_WITH_KNOTS('',1,(#6779,#6780),.UNSPECIFIED.,.F.,
  .F.,(2,2),(-0.109096599368,-0.),.PIECEWISE_BEZIER_KNOTS.);
#6779 = CARTESIAN_POINT('',(-0.82866902737,5.0505,1.845968897895));
#6780 = CARTESIAN_POINT('',(-0.937762882978,5.0505,1.845195165337));
#6781 = ORIENTED_EDGE('',*,*,#6748,.T.);
#6782 = B_SPLINE_SURFACE_WITH_KNOTS('',1,1,(
    (#6783,#6784)
    ,(#6785,#6786
    )),.UNSPECIFIED.,.F.,.F.,.F.,(2,2),(2,2),(0.,0.109096599368),(
    -1.E-03,0.),.PIECEWISE_BEZIER_KNOTS.);
#6783 = CARTESIAN_POINT('',(-0.937762882978,5.0495,1.845195165337));
#6784 = CARTESIAN_POINT('',(-0.937762882978,5.0505,1.845195165337));
#6785 = CARTESIAN_POINT('',(-0.82866902737,5.0495,1.845968897895));
#6786 = CARTESIAN_POINT('',(-0.82866902737,5.0505,1.845968897895));
#6787 = ADVANCED_FACE('',(#6788),#6804,.F.);
#6788 = FACE_BOUND('',#6789,.T.);
#6789 = EDGE_LOOP('',(#6790,#6791,#6798,#6803));
#6790 = ORIENTED_EDGE('',*,*,#986,.T.);
#6791 = ORIENTED_EDGE('',*,*,#6792,.F.);
#6792 = EDGE_CURVE('',#6793,#980,#6795,.T.);
#6793 = VERTEX_POINT('',#6794);
#6794 = CARTESIAN_POINT('',(-0.938010654376,5.0505,1.880130152695));
#6795 = B_SPLINE_CURVE_WITH_KNOTS('',1,(#6796,#6797),.UNSPECIFIED.,.F.,
  .F.,(2,2),(-0.,1.E-03),.PIECEWISE_BEZIER_KNOTS.);
#6796 = CARTESIAN_POINT('',(-0.938010654376,5.0505,1.880130152695));
#6797 = CARTESIAN_POINT('',(-0.938010654376,5.0495,1.880130152695));
#6798 = ORIENTED_EDGE('',*,*,#6799,.F.);
#6799 = EDGE_CURVE('',#6771,#6793,#6800,.T.);
#6800 = B_SPLINE_CURVE_WITH_KNOTS('',1,(#6801,#6802),.UNSPECIFIED.,.F.,
  .F.,(2,2),(-3.493586598795E-02,0.),.PIECEWISE_BEZIER_KNOTS.);
#6801 = CARTESIAN_POINT('',(-0.937762882978,5.0505,1.845195165337));
#6802 = CARTESIAN_POINT('',(-0.938010654376,5.0505,1.880130152695));
#6803 = ORIENTED_EDGE('',*,*,#6770,.T.);
#6804 = B_SPLINE_SURFACE_WITH_KNOTS('',1,1,(
    (#6805,#6806)
    ,(#6807,#6808
    )),.UNSPECIFIED.,.F.,.F.,.F.,(2,2),(2,2),(0.,3.493586598795E-02),(
    -1.E-03,0.),.PIECEWISE_BEZIER_KNOTS.);
#6805 = CARTESIAN_POINT('',(-0.938010654376,5.0495,1.880130152695));
#6806 = CARTESIAN_POINT('',(-0.938010654376,5.0505,1.880130152695));
#6807 = CARTESIAN_POINT('',(-0.937762882978,5.0495,1.845195165337));
#6808 = CARTESIAN_POINT('',(-0.937762882978,5.0505,1.845195165337));
#6809 = ADVANCED_FACE('',(#6810),#6826,.F.);
#6810 = FACE_BOUND('',#6811,.T.);
#6811 = EDGE_LOOP('',(#6812,#6813,#6820,#6825));
#6812 = ORIENTED_EDGE('',*,*,#979,.T.);
#6813 = ORIENTED_EDGE('',*,*,#6814,.F.);
#6814 = EDGE_CURVE('',#6815,#973,#6817,.T.);
#6815 = VERTEX_POINT('',#6816);
#6816 = CARTESIAN_POINT('',(-0.828916798768,5.0505,1.880903885252));
#6817 = B_SPLINE_CURVE_WITH_KNOTS('',1,(#6818,#6819),.UNSPECIFIED.,.F.,
  .F.,(2,2),(-0.,1.E-03),.PIECEWISE_BEZIER_KNOTS.);
#6818 = CARTESIAN_POINT('',(-0.828916798768,5.0505,1.880903885252));
#6819 = CARTESIAN_POINT('',(-0.828916798768,5.0495,1.880903885252));
#6820 = ORIENTED_EDGE('',*,*,#6821,.F.);
#6821 = EDGE_CURVE('',#6793,#6815,#6822,.T.);
#6822 = B_SPLINE_CURVE_WITH_KNOTS('',1,(#6823,#6824),.UNSPECIFIED.,.F.,
  .F.,(2,2),(-0.109096599368,0.),.PIECEWISE_BEZIER_KNOTS.);
#6823 = CARTESIAN_POINT('',(-0.938010654376,5.0505,1.880130152695));
#6824 = CARTESIAN_POINT('',(-0.828916798768,5.0505,1.880903885252));
#6825 = ORIENTED_EDGE('',*,*,#6792,.T.);
#6826 = B_SPLINE_SURFACE_WITH_KNOTS('',1,1,(
    (#6827,#6828)
    ,(#6829,#6830
    )),.UNSPECIFIED.,.F.,.F.,.F.,(2,2),(2,2),(-1.113344662673E-15,
    0.109096599368),(-1.E-03,0.),.PIECEWISE_BEZIER_KNOTS.);
#6827 = CARTESIAN_POINT('',(-0.828916798768,5.0495,1.880903885252));
#6828 = CARTESIAN_POINT('',(-0.828916798768,5.0505,1.880903885252));
#6829 = CARTESIAN_POINT('',(-0.938010654376,5.0495,1.880130152695));
#6830 = CARTESIAN_POINT('',(-0.938010654376,5.0505,1.880130152695));
#6831 = ADVANCED_FACE('',(#6832),#6848,.F.);
#6832 = FACE_BOUND('',#6833,.T.);
#6833 = EDGE_LOOP('',(#6834,#6835,#6842,#6847));
#6834 = ORIENTED_EDGE('',*,*,#972,.T.);
#6835 = ORIENTED_EDGE('',*,*,#6836,.F.);
#6836 = EDGE_CURVE('',#6837,#966,#6839,.T.);
#6837 = VERTEX_POINT('',#6838);
#6838 = CARTESIAN_POINT('',(-0.829609231335,5.0505,1.978534698137));
#6839 = B_SPLINE_CURVE_WITH_KNOTS('',1,(#6840,#6841),.UNSPECIFIED.,.F.,
  .F.,(2,2),(-0.,1.E-03),.PIECEWISE_BEZIER_KNOTS.);
#6840 = CARTESIAN_POINT('',(-0.829609231335,5.0505,1.978534698137));
#6841 = CARTESIAN_POINT('',(-0.829609231335,5.0495,1.978534698137));
#6842 = ORIENTED_EDGE('',*,*,#6843,.F.);
#6843 = EDGE_CURVE('',#6815,#6837,#6844,.T.);
#6844 = B_SPLINE_CURVE_WITH_KNOTS('',1,(#6845,#6846),.UNSPECIFIED.,.F.,
  .F.,(2,2),(-9.763326834319E-02,0.),.PIECEWISE_BEZIER_KNOTS.);
#6845 = CARTESIAN_POINT('',(-0.828916798768,5.0505,1.880903885252));
#6846 = CARTESIAN_POINT('',(-0.829609231335,5.0505,1.978534698137));
#6847 = ORIENTED_EDGE('',*,*,#6814,.T.);
#6848 = B_SPLINE_SURFACE_WITH_KNOTS('',1,1,(
    (#6849,#6850)
    ,(#6851,#6852
    )),.UNSPECIFIED.,.F.,.F.,.F.,(2,2),(2,2),(0.,9.763326834319E-02),(
    -1.E-03,0.),.PIECEWISE_BEZIER_KNOTS.);
#6849 = CARTESIAN_POINT('',(-0.829609231335,5.0495,1.978534698137));
#6850 = CARTESIAN_POINT('',(-0.829609231335,5.0505,1.978534698137));
#6851 = CARTESIAN_POINT('',(-0.828916798768,5.0495,1.880903885252));
#6852 = CARTESIAN_POINT('',(-0.828916798768,5.0505,1.880903885252));
#6853 = ADVANCED_FACE('',(#6854),#6870,.F.);
#6854 = FACE_BOUND('',#6855,.T.);
#6855 = EDGE_LOOP('',(#6856,#6857,#6864,#6869));
#6856 = ORIENTED_EDGE('',*,*,#965,.T.);
#6857 = ORIENTED_EDGE('',*,*,#6858,.F.);
#6858 = EDGE_CURVE('',#6859,#959,#6861,.T.);
#6859 = VERTEX_POINT('',#6860);
#6860 = CARTESIAN_POINT('',(-0.947358853901,5.0505,1.977699575791));
#6861 = B_SPLINE_CURVE_WITH_KNOTS('',1,(#6862,#6863),.UNSPECIFIED.,.F.,
  .F.,(2,2),(-0.,1.E-03),.PIECEWISE_BEZIER_KNOTS.);
#6862 = CARTESIAN_POINT('',(-0.947358853901,5.0505,1.977699575791));
#6863 = CARTESIAN_POINT('',(-0.947358853901,5.0495,1.977699575791));
#6864 = ORIENTED_EDGE('',*,*,#6865,.F.);
#6865 = EDGE_CURVE('',#6837,#6859,#6866,.T.);
#6866 = B_SPLINE_CURVE_WITH_KNOTS('',1,(#6867,#6868),.UNSPECIFIED.,.F.,
  .F.,(2,2),(-0.117752584022,-0.),.PIECEWISE_BEZIER_KNOTS.);
#6867 = CARTESIAN_POINT('',(-0.829609231335,5.0505,1.978534698137));
#6868 = CARTESIAN_POINT('',(-0.947358853901,5.0505,1.977699575791));
#6869 = ORIENTED_EDGE('',*,*,#6836,.T.);
#6870 = B_SPLINE_SURFACE_WITH_KNOTS('',1,1,(
    (#6871,#6872)
    ,(#6873,#6874
    )),.UNSPECIFIED.,.F.,.F.,.F.,(2,2),(2,2),(-2.220390205445E-16,
    0.117752584022),(-1.E-03,0.),.PIECEWISE_BEZIER_KNOTS.);
#6871 = CARTESIAN_POINT('',(-0.947358853901,5.0495,1.977699575791));
#6872 = CARTESIAN_POINT('',(-0.947358853901,5.0505,1.977699575791));
#6873 = CARTESIAN_POINT('',(-0.829609231335,5.0495,1.978534698137));
#6874 = CARTESIAN_POINT('',(-0.829609231335,5.0505,1.978534698137));
#6875 = ADVANCED_FACE('',(#6876),#6892,.F.);
#6876 = FACE_BOUND('',#6877,.T.);
#6877 = EDGE_LOOP('',(#6878,#6879,#6886,#6891));
#6878 = ORIENTED_EDGE('',*,*,#958,.T.);
#6879 = ORIENTED_EDGE('',*,*,#6880,.F.);
#6880 = EDGE_CURVE('',#6881,#952,#6883,.T.);
#6881 = VERTEX_POINT('',#6882);
#6882 = CARTESIAN_POINT('',(-0.947607731422,5.0505,2.012790522913));
#6883 = B_SPLINE_CURVE_WITH_KNOTS('',1,(#6884,#6885),.UNSPECIFIED.,.F.,
  .F.,(2,2),(-0.,1.E-03),.PIECEWISE_BEZIER_KNOTS.);
#6884 = CARTESIAN_POINT('',(-0.947607731422,5.0505,2.012790522913));
#6885 = CARTESIAN_POINT('',(-0.947607731422,5.0495,2.012790522913));
#6886 = ORIENTED_EDGE('',*,*,#6887,.F.);
#6887 = EDGE_CURVE('',#6859,#6881,#6888,.T.);
#6888 = B_SPLINE_CURVE_WITH_KNOTS('',1,(#6889,#6890),.UNSPECIFIED.,.F.,
  .F.,(2,2),(-3.509182967521E-02,0.),.PIECEWISE_BEZIER_KNOTS.);
#6889 = CARTESIAN_POINT('',(-0.947358853901,5.0505,1.977699575791));
#6890 = CARTESIAN_POINT('',(-0.947607731422,5.0505,2.012790522913));
#6891 = ORIENTED_EDGE('',*,*,#6858,.T.);
#6892 = B_SPLINE_SURFACE_WITH_KNOTS('',1,1,(
    (#6893,#6894)
    ,(#6895,#6896
    )),.UNSPECIFIED.,.F.,.F.,.F.,(2,2),(2,2),(0.,3.509182967521E-02),(
    -1.E-03,0.),.PIECEWISE_BEZIER_KNOTS.);
#6893 = CARTESIAN_POINT('',(-0.947607731422,5.0495,2.012790522913));
#6894 = CARTESIAN_POINT('',(-0.947607731422,5.0505,2.012790522913));
#6895 = CARTESIAN_POINT('',(-0.947358853901,5.0495,1.977699575791));
#6896 = CARTESIAN_POINT('',(-0.947358853901,5.0505,1.977699575791));
#6897 = ADVANCED_FACE('',(#6898),#6914,.F.);
#6898 = FACE_BOUND('',#6899,.T.);
#6899 = EDGE_LOOP('',(#6900,#6901,#6908,#6913));
#6900 = ORIENTED_EDGE('',*,*,#951,.T.);
#6901 = ORIENTED_EDGE('',*,*,#6902,.F.);
#6902 = EDGE_CURVE('',#6903,#945,#6905,.T.);
#6903 = VERTEX_POINT('',#6904);
#6904 = CARTESIAN_POINT('',(-0.790478268195,5.0505,2.013904941143));
#6905 = B_SPLINE_CURVE_WITH_KNOTS('',1,(#6906,#6907),.UNSPECIFIED.,.F.,
  .F.,(2,2),(-0.,1.E-03),.PIECEWISE_BEZIER_KNOTS.);
#6906 = CARTESIAN_POINT('',(-0.790478268195,5.0505,2.013904941143));
#6907 = CARTESIAN_POINT('',(-0.790478268195,5.0495,2.013904941143));
#6908 = ORIENTED_EDGE('',*,*,#6909,.F.);
#6909 = EDGE_CURVE('',#6881,#6903,#6910,.T.);
#6910 = B_SPLINE_CURVE_WITH_KNOTS('',1,(#6911,#6912),.UNSPECIFIED.,.F.,
  .F.,(2,2),(-0.157133415103,0.),.PIECEWISE_BEZIER_KNOTS.);
#6911 = CARTESIAN_POINT('',(-0.947607731422,5.0505,2.012790522913));
#6912 = CARTESIAN_POINT('',(-0.790478268195,5.0505,2.013904941143));
#6913 = ORIENTED_EDGE('',*,*,#6880,.T.);
#6914 = B_SPLINE_SURFACE_WITH_KNOTS('',1,1,(
    (#6915,#6916)
    ,(#6917,#6918
    )),.UNSPECIFIED.,.F.,.F.,.F.,(2,2),(2,2),(0.,0.157133415103),(
    -1.E-03,0.),.PIECEWISE_BEZIER_KNOTS.);
#6915 = CARTESIAN_POINT('',(-0.790478268195,5.0495,2.013904941143));
#6916 = CARTESIAN_POINT('',(-0.790478268195,5.0505,2.013904941143));
#6917 = CARTESIAN_POINT('',(-0.947607731422,5.0495,2.012790522913));
#6918 = CARTESIAN_POINT('',(-0.947607731422,5.0505,2.012790522913));
#6919 = ADVANCED_FACE('',(#6920),#6936,.F.);
#6920 = FACE_BOUND('',#6921,.T.);
#6921 = EDGE_LOOP('',(#6922,#6923,#6930,#6935));
#6922 = ORIENTED_EDGE('',*,*,#944,.T.);
#6923 = ORIENTED_EDGE('',*,*,#6924,.F.);
#6924 = EDGE_CURVE('',#6925,#938,#6927,.T.);
#6925 = VERTEX_POINT('',#6926);
#6926 = CARTESIAN_POINT('',(-0.788314692951,5.0505,1.708847640823));
#6927 = B_SPLINE_CURVE_WITH_KNOTS('',1,(#6928,#6929),.UNSPECIFIED.,.F.,
  .F.,(2,2),(-0.,1.E-03),.PIECEWISE_BEZIER_KNOTS.);
#6928 = CARTESIAN_POINT('',(-0.788314692951,5.0505,1.708847640823));
#6929 = CARTESIAN_POINT('',(-0.788314692951,5.0495,1.708847640823));
#6930 = ORIENTED_EDGE('',*,*,#6931,.F.);
#6931 = EDGE_CURVE('',#6903,#6925,#6932,.T.);
#6932 = B_SPLINE_CURVE_WITH_KNOTS('',1,(#6933,#6934),.UNSPECIFIED.,.F.,
  .F.,(2,2),(-0.305064972647,0.),.PIECEWISE_BEZIER_KNOTS.);
#6933 = CARTESIAN_POINT('',(-0.790478268195,5.0505,2.013904941143));
#6934 = CARTESIAN_POINT('',(-0.788314692951,5.0505,1.708847640823));
#6935 = ORIENTED_EDGE('',*,*,#6902,.T.);
#6936 = B_SPLINE_SURFACE_WITH_KNOTS('',1,1,(
    (#6937,#6938)
    ,(#6939,#6940
    )),.UNSPECIFIED.,.F.,.F.,.F.,(2,2),(2,2),(-2.204642405692E-16,
    0.305064972647),(-1.E-03,0.),.PIECEWISE_BEZIER_KNOTS.);
#6937 = CARTESIAN_POINT('',(-0.788314692951,5.0495,1.708847640823));
#6938 = CARTESIAN_POINT('',(-0.788314692951,5.0505,1.708847640823));
#6939 = CARTESIAN_POINT('',(-0.790478268195,5.0495,2.013904941143));
#6940 = CARTESIAN_POINT('',(-0.790478268195,5.0505,2.013904941143));
#6941 = ADVANCED_FACE('',(#6942),#6952,.F.);
#6942 = FACE_BOUND('',#6943,.T.);
#6943 = EDGE_LOOP('',(#6944,#6945,#6946,#6951));
#6944 = ORIENTED_EDGE('',*,*,#937,.T.);
#6945 = ORIENTED_EDGE('',*,*,#6712,.F.);
#6946 = ORIENTED_EDGE('',*,*,#6947,.F.);
#6947 = EDGE_CURVE('',#6925,#6706,#6948,.T.);
#6948 = B_SPLINE_CURVE_WITH_KNOTS('',1,(#6949,#6950),.UNSPECIFIED.,.F.,
  .F.,(2,2),(-0.164073799195,-0.),.PIECEWISE_BEZIER_KNOTS.);
#6949 = CARTESIAN_POINT('',(-0.788314692951,5.0505,1.708847640823));
#6950 = CARTESIAN_POINT('',(-0.952384365721,5.0505,1.707684000151));
#6951 = ORIENTED_EDGE('',*,*,#6924,.T.);
#6952 = B_SPLINE_SURFACE_WITH_KNOTS('',1,1,(
    (#6953,#6954)
    ,(#6955,#6956
    )),.UNSPECIFIED.,.F.,.F.,.F.,(2,2),(2,2),(0.,0.164073799195),(
    -1.E-03,0.),.PIECEWISE_BEZIER_KNOTS.);
#6953 = CARTESIAN_POINT('',(-0.952384365721,5.0495,1.707684000151));
#6954 = CARTESIAN_POINT('',(-0.952384365721,5.0505,1.707684000151));
#6955 = CARTESIAN_POINT('',(-0.788314692951,5.0495,1.708847640823));
#6956 = CARTESIAN_POINT('',(-0.788314692951,5.0505,1.708847640823));
#6957 = ADVANCED_FACE('',(#6958),#6972,.F.);
#6958 = FACE_BOUND('',#6959,.T.);
#6959 = EDGE_LOOP('',(#6960,#6961,#6962,#6963,#6964,#6965,#6966,#6967,
    #6968,#6969,#6970,#6971));
#6960 = ORIENTED_EDGE('',*,*,#6705,.T.);
#6961 = ORIENTED_EDGE('',*,*,#6733,.T.);
#6962 = ORIENTED_EDGE('',*,*,#6755,.T.);
#6963 = ORIENTED_EDGE('',*,*,#6777,.T.);
#6964 = ORIENTED_EDGE('',*,*,#6799,.T.);
#6965 = ORIENTED_EDGE('',*,*,#6821,.T.);
#6966 = ORIENTED_EDGE('',*,*,#6843,.T.);
#6967 = ORIENTED_EDGE('',*,*,#6865,.T.);
#6968 = ORIENTED_EDGE('',*,*,#6887,.T.);
#6969 = ORIENTED_EDGE('',*,*,#6909,.T.);
#6970 = ORIENTED_EDGE('',*,*,#6931,.T.);
#6971 = ORIENTED_EDGE('',*,*,#6947,.T.);
#6972 = B_SPLINE_SURFACE_WITH_KNOTS('',1,1,(
    (#6973,#6974)
    ,(#6975,#6976
    )),.UNSPECIFIED.,.F.,.F.,.F.,(2,2),(2,2),(-2.013904841143,
    -1.707683900151),(-0.952631030997,-0.788314692951),
  .PIECEWISE_BEZIER_KNOTS.);
#6973 = CARTESIAN_POINT('',(-0.952631030997,5.0505,2.013904941143));
#6974 = CARTESIAN_POINT('',(-0.788314692951,5.0505,2.013904941143));
#6975 = CARTESIAN_POINT('',(-0.952631030997,5.0505,1.707684000151));
#6976 = CARTESIAN_POINT('',(-0.788314692951,5.0505,1.707684000151));
#6977 = ADVANCED_FACE('',(#6978,#7037),#7096,.T.);
#6978 = FACE_BOUND('',#6979,.T.);
#6979 = EDGE_LOOP('',(#6980,#6989,#6998,#7007,#7016,#7025,#7032));
#6980 = ORIENTED_EDGE('',*,*,#6981,.T.);
#6981 = EDGE_CURVE('',#6982,#6984,#6986,.T.);
#6982 = VERTEX_POINT('',#6983);
#6983 = CARTESIAN_POINT('',(-1.010011498885,5.0505,1.707275287956));
#6984 = VERTEX_POINT('',#6985);
#6985 = CARTESIAN_POINT('',(-1.09391785245,5.0505,1.706680194152));
#6986 = B_SPLINE_CURVE_WITH_KNOTS('',1,(#6987,#6988),.UNSPECIFIED.,.F.,
  .F.,(2,2),(-8.390846384681E-02,2.236138005198E-16),
  .PIECEWISE_BEZIER_KNOTS.);
#6987 = CARTESIAN_POINT('',(-1.010011498885,5.0505,1.707275287956));
#6988 = CARTESIAN_POINT('',(-1.09391785245,5.0505,1.706680194152));
#6989 = ORIENTED_EDGE('',*,*,#6990,.T.);
#6990 = EDGE_CURVE('',#6984,#6991,#6993,.T.);
#6991 = VERTEX_POINT('',#6992);
#6992 = CARTESIAN_POINT('',(-1.212672371471,5.0505,1.748573069862));
#6993 = B_SPLINE_CURVE_WITH_KNOTS('',3,(#6994,#6995,#6996,#6997),
  .UNSPECIFIED.,.F.,.F.,(4,4),(5.,6.),.PIECEWISE_BEZIER_KNOTS.);
#6994 = CARTESIAN_POINT('',(-1.09391785245,5.0505,1.706680194152));
#6995 = CARTESIAN_POINT('',(-1.142187399713,5.0505,1.706337849296));
#6996 = CARTESIAN_POINT('',(-1.181823857269,5.0505,1.720249785903));
#6997 = CARTESIAN_POINT('',(-1.212672371471,5.0505,1.748573069862));
#6998 = ORIENTED_EDGE('',*,*,#6999,.T.);
#6999 = EDGE_CURVE('',#6991,#7000,#7002,.T.);
#7000 = VERTEX_POINT('',#7001);
#7001 = CARTESIAN_POINT('',(-1.259486865311,5.0505,1.861941432457));
#7002 = B_SPLINE_CURVE_WITH_KNOTS('',3,(#7003,#7004,#7005,#7006),
  .UNSPECIFIED.,.F.,.F.,(4,4),(4.,5.),.PIECEWISE_BEZIER_KNOTS.);
#7003 = CARTESIAN_POINT('',(-1.212672371471,5.0505,1.748573069862));
#7004 = CARTESIAN_POINT('',(-1.243520885676,5.0505,1.776896353822));
#7005 = CARTESIAN_POINT('',(-1.25915171025,5.0505,1.814685623665));
#7006 = CARTESIAN_POINT('',(-1.259486865311,5.0505,1.861941432457));
#7007 = ORIENTED_EDGE('',*,*,#7008,.T.);
#7008 = EDGE_CURVE('',#7000,#7009,#7011,.T.);
#7009 = VERTEX_POINT('',#7010);
#7010 = CARTESIAN_POINT('',(-1.214246383522,5.0505,1.970503815443));
#7011 = B_SPLINE_CURVE_WITH_KNOTS('',3,(#7012,#7013,#7014,#7015),
  .UNSPECIFIED.,.F.,.F.,(4,4),(3.,4.),.PIECEWISE_BEZIER_KNOTS.);
#7012 = CARTESIAN_POINT('',(-1.259486865311,5.0505,1.861941432457));
#7013 = CARTESIAN_POINT('',(-1.259807640781,5.0505,1.907169764304));
#7014 = CARTESIAN_POINT('',(-1.244701118183,5.0505,1.943305423065));
#7015 = CARTESIAN_POINT('',(-1.214246383522,5.0505,1.970503815443));
#7016 = ORIENTED_EDGE('',*,*,#7017,.T.);
#7017 = EDGE_CURVE('',#7009,#7018,#7020,.T.);
#7018 = VERTEX_POINT('',#7019);
#7019 = CARTESIAN_POINT('',(-1.099200622991,5.0505,2.011715372026));
#7020 = B_SPLINE_CURVE_WITH_KNOTS('',3,(#7021,#7022,#7023,#7024),
  .UNSPECIFIED.,.F.,.F.,(4,4),(2.,3.),.PIECEWISE_BEZIER_KNOTS.);
#7021 = CARTESIAN_POINT('',(-1.214246383522,5.0505,1.970503815443));
#7022 = CARTESIAN_POINT('',(-1.183791648863,5.0505,1.997702207819));
#7023 = CARTESIAN_POINT('',(-1.14544269331,5.0505,2.01138740676));
#7024 = CARTESIAN_POINT('',(-1.099200622991,5.0505,2.011715372026));
#7025 = ORIENTED_EDGE('',*,*,#7026,.T.);
#7026 = EDGE_CURVE('',#7018,#7027,#7029,.T.);
#7027 = VERTEX_POINT('',#7028);
#7028 = CARTESIAN_POINT('',(-1.012175074129,5.0505,2.012332588276));
#7029 = B_SPLINE_CURVE_WITH_KNOTS('',1,(#7030,#7031),.UNSPECIFIED.,.F.,
  .F.,(2,2),(-8.702773759428E-02,0.),.PIECEWISE_BEZIER_KNOTS.);
#7030 = CARTESIAN_POINT('',(-1.099200622991,5.0505,2.011715372026));
#7031 = CARTESIAN_POINT('',(-1.012175074129,5.0505,2.012332588276));
#7032 = ORIENTED_EDGE('',*,*,#7033,.T.);
#7033 = EDGE_CURVE('',#7027,#6982,#7034,.T.);
#7034 = B_SPLINE_CURVE_WITH_KNOTS('',1,(#7035,#7036),.UNSPECIFIED.,.F.,
  .F.,(2,2),(-0.305064972647,0.),.PIECEWISE_BEZIER_KNOTS.);
#7035 = CARTESIAN_POINT('',(-1.012175074129,5.0505,2.012332588276));
#7036 = CARTESIAN_POINT('',(-1.010011498885,5.0505,1.707275287956));
#7037 = FACE_BOUND('',#7038,.T.);
#7038 = EDGE_LOOP('',(#7039,#7048,#7055,#7064,#7073,#7082,#7091));
#7039 = ORIENTED_EDGE('',*,*,#7040,.F.);
#7040 = EDGE_CURVE('',#7041,#7043,#7045,.T.);
#7041 = VERTEX_POINT('',#7042);
#7042 = CARTESIAN_POINT('',(-1.051306037267,5.0505,1.97696234527));
#7043 = VERTEX_POINT('',#7044);
#7044 = CARTESIAN_POINT('',(-1.04963800482,5.0505,1.741775019665));
#7045 = B_SPLINE_CURVE_WITH_KNOTS('',1,(#7046,#7047),.UNSPECIFIED.,.F.,
  .F.,(2,2),(0.,0.235193240671),.PIECEWISE_BEZIER_KNOTS.);
#7046 = CARTESIAN_POINT('',(-1.051306037267,5.0505,1.97696234527));
#7047 = CARTESIAN_POINT('',(-1.04963800482,5.0505,1.741775019665));
#7048 = ORIENTED_EDGE('',*,*,#7049,.F.);
#7049 = EDGE_CURVE('',#7050,#7041,#7052,.T.);
#7050 = VERTEX_POINT('',#7051);
#7051 = CARTESIAN_POINT('',(-1.097392147821,5.0505,1.976635486126));
#7052 = B_SPLINE_CURVE_WITH_KNOTS('',1,(#7053,#7054),.UNSPECIFIED.,.F.,
  .F.,(2,2),(-2.220390205445E-16,4.608726964021E-02),
  .PIECEWISE_BEZIER_KNOTS.);
#7053 = CARTESIAN_POINT('',(-1.097392147821,5.0505,1.976635486126));
#7054 = CARTESIAN_POINT('',(-1.051306037267,5.0505,1.97696234527));
#7055 = ORIENTED_EDGE('',*,*,#7056,.F.);
#7056 = EDGE_CURVE('',#7057,#7050,#7059,.T.);
#7057 = VERTEX_POINT('',#7058);
#7058 = CARTESIAN_POINT('',(-1.185227908652,5.0505,1.947314483322));
#7059 = B_SPLINE_CURVE_WITH_KNOTS('',3,(#7060,#7061,#7062,#7063),
  .UNSPECIFIED.,.F.,.F.,(4,4),(5.,6.),.PIECEWISE_BEZIER_KNOTS.);
#7060 = CARTESIAN_POINT('',(-1.185227908652,5.0505,1.947314483322));
#7061 = CARTESIAN_POINT('',(-1.163061715303,5.0505,1.966655709906));
#7062 = CARTESIAN_POINT('',(-1.133730773064,5.0505,1.976377759628));
#7063 = CARTESIAN_POINT('',(-1.097392147821,5.0505,1.976635486126));
#7064 = ORIENTED_EDGE('',*,*,#7065,.F.);
#7065 = EDGE_CURVE('',#7066,#7057,#7068,.T.);
#7066 = VERTEX_POINT('',#7067);
#7067 = CARTESIAN_POINT('',(-1.218071804847,5.0505,1.861143389577));
#7068 = B_SPLINE_CURVE_WITH_KNOTS('',3,(#7069,#7070,#7071,#7072),
  .UNSPECIFIED.,.F.,.F.,(4,4),(4.,5.),.PIECEWISE_BEZIER_KNOTS.);
#7069 = CARTESIAN_POINT('',(-1.218071804847,5.0505,1.861143389577));
#7070 = CARTESIAN_POINT('',(-1.218341698691,5.0505,1.899197572235));
#7071 = CARTESIAN_POINT('',(-1.207394102,5.0505,1.927973256737));
#7072 = CARTESIAN_POINT('',(-1.185227908652,5.0505,1.947314483322));
#7073 = ORIENTED_EDGE('',*,*,#7074,.F.);
#7074 = EDGE_CURVE('',#7075,#7066,#7077,.T.);
#7075 = VERTEX_POINT('',#7076);
#7076 = CARTESIAN_POINT('',(-1.18484683037,5.0505,1.772633462861));
#7077 = B_SPLINE_CURVE_WITH_KNOTS('',3,(#7078,#7079,#7080,#7081),
  .UNSPECIFIED.,.F.,.F.,(4,4),(3.,4.),.PIECEWISE_BEZIER_KNOTS.);
#7078 = CARTESIAN_POINT('',(-1.18484683037,5.0505,1.772633462861));
#7079 = CARTESIAN_POINT('',(-1.206752544099,5.0505,1.793533727073));
#7080 = CARTESIAN_POINT('',(-1.217801911003,5.0505,1.823089206919));
#7081 = CARTESIAN_POINT('',(-1.218071804847,5.0505,1.861143389577));
#7082 = ORIENTED_EDGE('',*,*,#7083,.F.);
#7083 = EDGE_CURVE('',#7084,#7075,#7086,.T.);
#7084 = VERTEX_POINT('',#7085);
#7085 = CARTESIAN_POINT('',(-1.093930578076,5.0505,1.741460880928));
#7086 = B_SPLINE_CURVE_WITH_KNOTS('',3,(#7087,#7088,#7089,#7090),
  .UNSPECIFIED.,.F.,.F.,(4,4),(2.,3.),.PIECEWISE_BEZIER_KNOTS.);
#7087 = CARTESIAN_POINT('',(-1.093930578076,5.0505,1.741460880928));
#7088 = CARTESIAN_POINT('',(-1.132686579676,5.0505,1.741186009534));
#7089 = CARTESIAN_POINT('',(-1.163017990402,5.0505,1.751576685823));
#7090 = CARTESIAN_POINT('',(-1.18484683037,5.0505,1.772633462861));
#7091 = ORIENTED_EDGE('',*,*,#7092,.F.);
#7092 = EDGE_CURVE('',#7043,#7084,#7093,.T.);
#7093 = B_SPLINE_CURVE_WITH_KNOTS('',1,(#7094,#7095),.UNSPECIFIED.,.F.,
  .F.,(2,2),(0.,4.429368723454E-02),.PIECEWISE_BEZIER_KNOTS.);
#7094 = CARTESIAN_POINT('',(-1.04963800482,5.0505,1.741775019665));
#7095 = CARTESIAN_POINT('',(-1.093930578076,5.0505,1.741460880928));
#7096 = B_SPLINE_SURFACE_WITH_KNOTS('',1,1,(
    (#7097,#7098)
    ,(#7099,#7100
    )),.UNSPECIFIED.,.F.,.F.,.F.,(2,2),(2,2),(-0.294848154604,
    1.114658437502E-02),(-9.716388665219E-02,0.152632255244),
  .PIECEWISE_BEZIER_KNOTS.);
#7097 = CARTESIAN_POINT('',(-1.259807640781,5.0505,1.706337849296));
#7098 = CARTESIAN_POINT('',(-1.010011498885,5.0505,1.706337849296));
#7099 = CARTESIAN_POINT('',(-1.259807640781,5.0505,2.012332588276));
#7100 = CARTESIAN_POINT('',(-1.010011498885,5.0505,2.012332588276));
#7101 = ADVANCED_FACE('',(#7102),#7116,.F.);
#7102 = FACE_BOUND('',#7103,.T.);
#7103 = EDGE_LOOP('',(#7104,#7105,#7110,#7111));
#7104 = ORIENTED_EDGE('',*,*,#1014,.T.);
#7105 = ORIENTED_EDGE('',*,*,#7106,.F.);
#7106 = EDGE_CURVE('',#6984,#1017,#7107,.T.);
#7107 = B_SPLINE_CURVE_WITH_KNOTS('',1,(#7108,#7109),.UNSPECIFIED.,.F.,
  .F.,(2,2),(-0.,1.E-03),.PIECEWISE_BEZIER_KNOTS.);
#7108 = CARTESIAN_POINT('',(-1.09391785245,5.0505,1.706680194152));
#7109 = CARTESIAN_POINT('',(-1.09391785245,5.0495,1.706680194152));
#7110 = ORIENTED_EDGE('',*,*,#6981,.F.);
#7111 = ORIENTED_EDGE('',*,*,#7112,.T.);
#7112 = EDGE_CURVE('',#6982,#1015,#7113,.T.);
#7113 = B_SPLINE_CURVE_WITH_KNOTS('',1,(#7114,#7115),.UNSPECIFIED.,.F.,
  .F.,(2,2),(-0.,1.E-03),.PIECEWISE_BEZIER_KNOTS.);
#7114 = CARTESIAN_POINT('',(-1.010011498885,5.0505,1.707275287956));
#7115 = CARTESIAN_POINT('',(-1.010011498885,5.0495,1.707275287956));
#7116 = B_SPLINE_SURFACE_WITH_KNOTS('',1,1,(
    (#7117,#7118)
    ,(#7119,#7120
    )),.UNSPECIFIED.,.F.,.F.,.F.,(2,2),(2,2),(-2.236138005198E-16,
    8.390846384681E-02),(-1.E-03,0.),.PIECEWISE_BEZIER_KNOTS.);
#7117 = CARTESIAN_POINT('',(-1.09391785245,5.0495,1.706680194152));
#7118 = CARTESIAN_POINT('',(-1.09391785245,5.0505,1.706680194152));
#7119 = CARTESIAN_POINT('',(-1.010011498885,5.0495,1.707275287956));
#7120 = CARTESIAN_POINT('',(-1.010011498885,5.0505,1.707275287956));
#7121 = ADVANCED_FACE('',(#7122),#7132,.F.);
#7122 = FACE_BOUND('',#7123,.F.);
#7123 = EDGE_LOOP('',(#7124,#7125,#7126,#7131));
#7124 = ORIENTED_EDGE('',*,*,#7106,.F.);
#7125 = ORIENTED_EDGE('',*,*,#6990,.T.);
#7126 = ORIENTED_EDGE('',*,*,#7127,.T.);
#7127 = EDGE_CURVE('',#6991,#1056,#7128,.T.);
#7128 = B_SPLINE_CURVE_WITH_KNOTS('',1,(#7129,#7130),.UNSPECIFIED.,.F.,
  .F.,(2,2),(-0.,1.E-03),.PIECEWISE_BEZIER_KNOTS.);
#7129 = CARTESIAN_POINT('',(-1.212672371471,5.0505,1.748573069862));
#7130 = CARTESIAN_POINT('',(-1.212672371471,5.0495,1.748573069862));
#7131 = ORIENTED_EDGE('',*,*,#1064,.F.);
#7132 = B_SPLINE_SURFACE_WITH_KNOTS('',3,1,(
    (#7133,#7134)
    ,(#7135,#7136)
    ,(#7137,#7138)
    ,(#7139,#7140
    )),.UNSPECIFIED.,.F.,.F.,.F.,(4,4),(2,2),(5.,6.),(0.,1.),
  .PIECEWISE_BEZIER_KNOTS.);
#7133 = CARTESIAN_POINT('',(-1.09391785245,5.0505,1.706680194152));
#7134 = CARTESIAN_POINT('',(-1.09391785245,5.0495,1.706680194152));
#7135 = CARTESIAN_POINT('',(-1.142187399713,5.0505,1.706337849296));
#7136 = CARTESIAN_POINT('',(-1.142187399713,5.0495,1.706337849296));
#7137 = CARTESIAN_POINT('',(-1.181823857269,5.0505,1.720249785903));
#7138 = CARTESIAN_POINT('',(-1.181823857269,5.0495,1.720249785903));
#7139 = CARTESIAN_POINT('',(-1.212672371471,5.0505,1.748573069862));
#7140 = CARTESIAN_POINT('',(-1.212672371471,5.0495,1.748573069862));
#7141 = ADVANCED_FACE('',(#7142),#7152,.F.);
#7142 = FACE_BOUND('',#7143,.F.);
#7143 = EDGE_LOOP('',(#7144,#7145,#7146,#7151));
#7144 = ORIENTED_EDGE('',*,*,#7127,.F.);
#7145 = ORIENTED_EDGE('',*,*,#6999,.T.);
#7146 = ORIENTED_EDGE('',*,*,#7147,.T.);
#7147 = EDGE_CURVE('',#7000,#1047,#7148,.T.);
#7148 = B_SPLINE_CURVE_WITH_KNOTS('',1,(#7149,#7150),.UNSPECIFIED.,.F.,
  .F.,(2,2),(-0.,1.E-03),.PIECEWISE_BEZIER_KNOTS.);
#7149 = CARTESIAN_POINT('',(-1.259486865311,5.0505,1.861941432457));
#7150 = CARTESIAN_POINT('',(-1.259486865311,5.0495,1.861941432457));
#7151 = ORIENTED_EDGE('',*,*,#1055,.F.);
#7152 = B_SPLINE_SURFACE_WITH_KNOTS('',3,1,(
    (#7153,#7154)
    ,(#7155,#7156)
    ,(#7157,#7158)
    ,(#7159,#7160
    )),.UNSPECIFIED.,.F.,.F.,.F.,(4,4),(2,2),(4.,5.),(0.,1.),
  .PIECEWISE_BEZIER_KNOTS.);
#7153 = CARTESIAN_POINT('',(-1.212672371471,5.0505,1.748573069862));
#7154 = CARTESIAN_POINT('',(-1.212672371471,5.0495,1.748573069862));
#7155 = CARTESIAN_POINT('',(-1.243520885676,5.0505,1.776896353822));
#7156 = CARTESIAN_POINT('',(-1.243520885676,5.0495,1.776896353822));
#7157 = CARTESIAN_POINT('',(-1.25915171025,5.0505,1.814685623665));
#7158 = CARTESIAN_POINT('',(-1.25915171025,5.0495,1.814685623665));
#7159 = CARTESIAN_POINT('',(-1.259486865311,5.0505,1.861941432457));
#7160 = CARTESIAN_POINT('',(-1.259486865311,5.0495,1.861941432457));
#7161 = ADVANCED_FACE('',(#7162),#7172,.F.);
#7162 = FACE_BOUND('',#7163,.F.);
#7163 = EDGE_LOOP('',(#7164,#7165,#7166,#7171));
#7164 = ORIENTED_EDGE('',*,*,#7147,.F.);
#7165 = ORIENTED_EDGE('',*,*,#7008,.T.);
#7166 = ORIENTED_EDGE('',*,*,#7167,.T.);
#7167 = EDGE_CURVE('',#7009,#1038,#7168,.T.);
#7168 = B_SPLINE_CURVE_WITH_KNOTS('',1,(#7169,#7170),.UNSPECIFIED.,.F.,
  .F.,(2,2),(-0.,1.E-03),.PIECEWISE_BEZIER_KNOTS.);
#7169 = CARTESIAN_POINT('',(-1.214246383522,5.0505,1.970503815443));
#7170 = CARTESIAN_POINT('',(-1.214246383522,5.0495,1.970503815443));
#7171 = ORIENTED_EDGE('',*,*,#1046,.F.);
#7172 = B_SPLINE_SURFACE_WITH_KNOTS('',3,1,(
    (#7173,#7174)
    ,(#7175,#7176)
    ,(#7177,#7178)
    ,(#7179,#7180
    )),.UNSPECIFIED.,.F.,.F.,.F.,(4,4),(2,2),(3.,4.),(0.,1.),
  .PIECEWISE_BEZIER_KNOTS.);
#7173 = CARTESIAN_POINT('',(-1.259486865311,5.0505,1.861941432457));
#7174 = CARTESIAN_POINT('',(-1.259486865311,5.0495,1.861941432457));
#7175 = CARTESIAN_POINT('',(-1.259807640781,5.0505,1.907169764304));
#7176 = CARTESIAN_POINT('',(-1.259807640781,5.0495,1.907169764304));
#7177 = CARTESIAN_POINT('',(-1.244701118183,5.0505,1.943305423065));
#7178 = CARTESIAN_POINT('',(-1.244701118183,5.0495,1.943305423065));
#7179 = CARTESIAN_POINT('',(-1.214246383522,5.0505,1.970503815443));
#7180 = CARTESIAN_POINT('',(-1.214246383522,5.0495,1.970503815443));
#7181 = ADVANCED_FACE('',(#7182),#7192,.F.);
#7182 = FACE_BOUND('',#7183,.F.);
#7183 = EDGE_LOOP('',(#7184,#7185,#7186,#7191));
#7184 = ORIENTED_EDGE('',*,*,#7167,.F.);
#7185 = ORIENTED_EDGE('',*,*,#7017,.T.);
#7186 = ORIENTED_EDGE('',*,*,#7187,.T.);
#7187 = EDGE_CURVE('',#7018,#1031,#7188,.T.);
#7188 = B_SPLINE_CURVE_WITH_KNOTS('',1,(#7189,#7190),.UNSPECIFIED.,.F.,
  .F.,(2,2),(-0.,1.E-03),.PIECEWISE_BEZIER_KNOTS.);
#7189 = CARTESIAN_POINT('',(-1.099200622991,5.0505,2.011715372026));
#7190 = CARTESIAN_POINT('',(-1.099200622991,5.0495,2.011715372026));
#7191 = ORIENTED_EDGE('',*,*,#1037,.F.);
#7192 = B_SPLINE_SURFACE_WITH_KNOTS('',3,1,(
    (#7193,#7194)
    ,(#7195,#7196)
    ,(#7197,#7198)
    ,(#7199,#7200
    )),.UNSPECIFIED.,.F.,.F.,.F.,(4,4),(2,2),(2.,3.),(0.,1.),
  .PIECEWISE_BEZIER_KNOTS.);
#7193 = CARTESIAN_POINT('',(-1.214246383522,5.0505,1.970503815443));
#7194 = CARTESIAN_POINT('',(-1.214246383522,5.0495,1.970503815443));
#7195 = CARTESIAN_POINT('',(-1.183791648863,5.0505,1.997702207819));
#7196 = CARTESIAN_POINT('',(-1.183791648863,5.0495,1.997702207819));
#7197 = CARTESIAN_POINT('',(-1.14544269331,5.0505,2.01138740676));
#7198 = CARTESIAN_POINT('',(-1.14544269331,5.0495,2.01138740676));
#7199 = CARTESIAN_POINT('',(-1.099200622991,5.0505,2.011715372026));
#7200 = CARTESIAN_POINT('',(-1.099200622991,5.0495,2.011715372026));
#7201 = ADVANCED_FACE('',(#7202),#7212,.F.);
#7202 = FACE_BOUND('',#7203,.T.);
#7203 = EDGE_LOOP('',(#7204,#7205,#7210,#7211));
#7204 = ORIENTED_EDGE('',*,*,#1030,.T.);
#7205 = ORIENTED_EDGE('',*,*,#7206,.F.);
#7206 = EDGE_CURVE('',#7027,#1024,#7207,.T.);
#7207 = B_SPLINE_CURVE_WITH_KNOTS('',1,(#7208,#7209),.UNSPECIFIED.,.F.,
  .F.,(2,2),(-0.,1.E-03),.PIECEWISE_BEZIER_KNOTS.);
#7208 = CARTESIAN_POINT('',(-1.012175074129,5.0505,2.012332588276));
#7209 = CARTESIAN_POINT('',(-1.012175074129,5.0495,2.012332588276));
#7210 = ORIENTED_EDGE('',*,*,#7026,.F.);
#7211 = ORIENTED_EDGE('',*,*,#7187,.T.);
#7212 = B_SPLINE_SURFACE_WITH_KNOTS('',1,1,(
    (#7213,#7214)
    ,(#7215,#7216
    )),.UNSPECIFIED.,.F.,.F.,.F.,(2,2),(2,2),(-0.,8.702773759428E-02),(
    -1.E-03,0.),.PIECEWISE_BEZIER_KNOTS.);
#7213 = CARTESIAN_POINT('',(-1.012175074129,5.0495,2.012332588276));
#7214 = CARTESIAN_POINT('',(-1.012175074129,5.0505,2.012332588276));
#7215 = CARTESIAN_POINT('',(-1.099200622991,5.0495,2.011715372026));
#7216 = CARTESIAN_POINT('',(-1.099200622991,5.0505,2.011715372026));
#7217 = ADVANCED_FACE('',(#7218),#7224,.F.);
#7218 = FACE_BOUND('',#7219,.T.);
#7219 = EDGE_LOOP('',(#7220,#7221,#7222,#7223));
#7220 = ORIENTED_EDGE('',*,*,#1023,.T.);
#7221 = ORIENTED_EDGE('',*,*,#7112,.F.);
#7222 = ORIENTED_EDGE('',*,*,#7033,.F.);
#7223 = ORIENTED_EDGE('',*,*,#7206,.T.);
#7224 = B_SPLINE_SURFACE_WITH_KNOTS('',1,1,(
    (#7225,#7226)
    ,(#7227,#7228
    )),.UNSPECIFIED.,.F.,.F.,.F.,(2,2),(2,2),(0.,0.305064972647),(
    -1.E-03,0.),.PIECEWISE_BEZIER_KNOTS.);
#7225 = CARTESIAN_POINT('',(-1.010011498885,5.0495,1.707275287956));
#7226 = CARTESIAN_POINT('',(-1.010011498885,5.0505,1.707275287956));
#7227 = CARTESIAN_POINT('',(-1.012175074129,5.0495,2.012332588276));
#7228 = CARTESIAN_POINT('',(-1.012175074129,5.0505,2.012332588276));
#7229 = ADVANCED_FACE('',(#7230),#7252,.T.);
#7230 = FACE_BOUND('',#7231,.T.);
#7231 = EDGE_LOOP('',(#7232,#7241,#7246,#7247));
#7232 = ORIENTED_EDGE('',*,*,#7233,.F.);
#7233 = EDGE_CURVE('',#7234,#7236,#7238,.T.);
#7234 = VERTEX_POINT('',#7235);
#7235 = CARTESIAN_POINT('',(-1.097392147821,5.0495,1.976635486126));
#7236 = VERTEX_POINT('',#7237);
#7237 = CARTESIAN_POINT('',(-1.051306037267,5.0495,1.97696234527));
#7238 = B_SPLINE_CURVE_WITH_KNOTS('',1,(#7239,#7240),.UNSPECIFIED.,.F.,
  .F.,(2,2),(-2.220390205445E-16,4.608726964021E-02),
  .PIECEWISE_BEZIER_KNOTS.);
#7239 = CARTESIAN_POINT('',(-1.097392147821,5.0495,1.976635486126));
#7240 = CARTESIAN_POINT('',(-1.051306037267,5.0495,1.97696234527));
#7241 = ORIENTED_EDGE('',*,*,#7242,.F.);
#7242 = EDGE_CURVE('',#7050,#7234,#7243,.T.);
#7243 = B_SPLINE_CURVE_WITH_KNOTS('',1,(#7244,#7245),.UNSPECIFIED.,.F.,
  .F.,(2,2),(-0.,1.E-03),.PIECEWISE_BEZIER_KNOTS.);
#7244 = CARTESIAN_POINT('',(-1.097392147821,5.0505,1.976635486126));
#7245 = CARTESIAN_POINT('',(-1.097392147821,5.0495,1.976635486126));
#7246 = ORIENTED_EDGE('',*,*,#7049,.T.);
#7247 = ORIENTED_EDGE('',*,*,#7248,.T.);
#7248 = EDGE_CURVE('',#7041,#7236,#7249,.T.);
#7249 = B_SPLINE_CURVE_WITH_KNOTS('',1,(#7250,#7251),.UNSPECIFIED.,.F.,
  .F.,(2,2),(-0.,1.E-03),.PIECEWISE_BEZIER_KNOTS.);
#7250 = CARTESIAN_POINT('',(-1.051306037267,5.0505,1.97696234527));
#7251 = CARTESIAN_POINT('',(-1.051306037267,5.0495,1.97696234527));
#7252 = B_SPLINE_SURFACE_WITH_KNOTS('',1,1,(
    (#7253,#7254)
    ,(#7255,#7256
    )),.UNSPECIFIED.,.F.,.F.,.F.,(2,2),(2,2),(-4.608726964021E-02,
    2.220390205445E-16),(-1.E-03,0.),.PIECEWISE_BEZIER_KNOTS.);
#7253 = CARTESIAN_POINT('',(-1.051306037267,5.0495,1.97696234527));
#7254 = CARTESIAN_POINT('',(-1.051306037267,5.0505,1.97696234527));
#7255 = CARTESIAN_POINT('',(-1.097392147821,5.0495,1.976635486126));
#7256 = CARTESIAN_POINT('',(-1.097392147821,5.0505,1.976635486126));
#7257 = ADVANCED_FACE('',(#7258),#7274,.T.);
#7258 = FACE_BOUND('',#7259,.T.);
#7259 = EDGE_LOOP('',(#7260,#7267,#7268,#7269));
#7260 = ORIENTED_EDGE('',*,*,#7261,.F.);
#7261 = EDGE_CURVE('',#7236,#7262,#7264,.T.);
#7262 = VERTEX_POINT('',#7263);
#7263 = CARTESIAN_POINT('',(-1.04963800482,5.0495,1.741775019665));
#7264 = B_SPLINE_CURVE_WITH_KNOTS('',1,(#7265,#7266),.UNSPECIFIED.,.F.,
  .F.,(2,2),(0.,0.235193240671),.PIECEWISE_BEZIER_KNOTS.);
#7265 = CARTESIAN_POINT('',(-1.051306037267,5.0495,1.97696234527));
#7266 = CARTESIAN_POINT('',(-1.04963800482,5.0495,1.741775019665));
#7267 = ORIENTED_EDGE('',*,*,#7248,.F.);
#7268 = ORIENTED_EDGE('',*,*,#7040,.T.);
#7269 = ORIENTED_EDGE('',*,*,#7270,.T.);
#7270 = EDGE_CURVE('',#7043,#7262,#7271,.T.);
#7271 = B_SPLINE_CURVE_WITH_KNOTS('',1,(#7272,#7273),.UNSPECIFIED.,.F.,
  .F.,(2,2),(-0.,1.E-03),.PIECEWISE_BEZIER_KNOTS.);
#7272 = CARTESIAN_POINT('',(-1.04963800482,5.0505,1.741775019665));
#7273 = CARTESIAN_POINT('',(-1.04963800482,5.0495,1.741775019665));
#7274 = B_SPLINE_SURFACE_WITH_KNOTS('',1,1,(
    (#7275,#7276)
    ,(#7277,#7278
    )),.UNSPECIFIED.,.F.,.F.,.F.,(2,2),(2,2),(-0.235193240671,0.),(
    -1.E-03,0.),.PIECEWISE_BEZIER_KNOTS.);
#7275 = CARTESIAN_POINT('',(-1.04963800482,5.0495,1.741775019665));
#7276 = CARTESIAN_POINT('',(-1.04963800482,5.0505,1.741775019665));
#7277 = CARTESIAN_POINT('',(-1.051306037267,5.0495,1.97696234527));
#7278 = CARTESIAN_POINT('',(-1.051306037267,5.0505,1.97696234527));
#7279 = ADVANCED_FACE('',(#7280),#7296,.T.);
#7280 = FACE_BOUND('',#7281,.T.);
#7281 = EDGE_LOOP('',(#7282,#7289,#7290,#7291));
#7282 = ORIENTED_EDGE('',*,*,#7283,.F.);
#7283 = EDGE_CURVE('',#7262,#7284,#7286,.T.);
#7284 = VERTEX_POINT('',#7285);
#7285 = CARTESIAN_POINT('',(-1.093930578076,5.0495,1.741460880928));
#7286 = B_SPLINE_CURVE_WITH_KNOTS('',1,(#7287,#7288),.UNSPECIFIED.,.F.,
  .F.,(2,2),(0.,4.429368723454E-02),.PIECEWISE_BEZIER_KNOTS.);
#7287 = CARTESIAN_POINT('',(-1.04963800482,5.0495,1.741775019665));
#7288 = CARTESIAN_POINT('',(-1.093930578076,5.0495,1.741460880928));
#7289 = ORIENTED_EDGE('',*,*,#7270,.F.);
#7290 = ORIENTED_EDGE('',*,*,#7092,.T.);
#7291 = ORIENTED_EDGE('',*,*,#7292,.T.);
#7292 = EDGE_CURVE('',#7084,#7284,#7293,.T.);
#7293 = B_SPLINE_CURVE_WITH_KNOTS('',1,(#7294,#7295),.UNSPECIFIED.,.F.,
  .F.,(2,2),(-0.,1.E-03),.PIECEWISE_BEZIER_KNOTS.);
#7294 = CARTESIAN_POINT('',(-1.093930578076,5.0505,1.741460880928));
#7295 = CARTESIAN_POINT('',(-1.093930578076,5.0495,1.741460880928));
#7296 = B_SPLINE_SURFACE_WITH_KNOTS('',1,1,(
    (#7297,#7298)
    ,(#7299,#7300
    )),.UNSPECIFIED.,.F.,.F.,.F.,(2,2),(2,2),(-4.429368723454E-02,0.),(
    -1.E-03,0.),.PIECEWISE_BEZIER_KNOTS.);
#7297 = CARTESIAN_POINT('',(-1.093930578076,5.0495,1.741460880928));
#7298 = CARTESIAN_POINT('',(-1.093930578076,5.0505,1.741460880928));
#7299 = CARTESIAN_POINT('',(-1.04963800482,5.0495,1.741775019665));
#7300 = CARTESIAN_POINT('',(-1.04963800482,5.0505,1.741775019665));
#7301 = ADVANCED_FACE('',(#7302),#7320,.T.);
#7302 = FACE_BOUND('',#7303,.T.);
#7303 = EDGE_LOOP('',(#7304,#7313,#7314,#7315));
#7304 = ORIENTED_EDGE('',*,*,#7305,.F.);
#7305 = EDGE_CURVE('',#7284,#7306,#7308,.T.);
#7306 = VERTEX_POINT('',#7307);
#7307 = CARTESIAN_POINT('',(-1.18484683037,5.0495,1.772633462861));
#7308 = B_SPLINE_CURVE_WITH_KNOTS('',3,(#7309,#7310,#7311,#7312),
  .UNSPECIFIED.,.F.,.F.,(4,4),(2.,3.),.PIECEWISE_BEZIER_KNOTS.);
#7309 = CARTESIAN_POINT('',(-1.093930578076,5.0495,1.741460880928));
#7310 = CARTESIAN_POINT('',(-1.132686579676,5.0495,1.741186009534));
#7311 = CARTESIAN_POINT('',(-1.163017990402,5.0495,1.751576685823));
#7312 = CARTESIAN_POINT('',(-1.18484683037,5.0495,1.772633462861));
#7313 = ORIENTED_EDGE('',*,*,#7292,.F.);
#7314 = ORIENTED_EDGE('',*,*,#7083,.T.);
#7315 = ORIENTED_EDGE('',*,*,#7316,.T.);
#7316 = EDGE_CURVE('',#7075,#7306,#7317,.T.);
#7317 = B_SPLINE_CURVE_WITH_KNOTS('',1,(#7318,#7319),.UNSPECIFIED.,.F.,
  .F.,(2,2),(-0.,1.E-03),.PIECEWISE_BEZIER_KNOTS.);
#7318 = CARTESIAN_POINT('',(-1.18484683037,5.0505,1.772633462861));
#7319 = CARTESIAN_POINT('',(-1.18484683037,5.0495,1.772633462861));
#7320 = B_SPLINE_SURFACE_WITH_KNOTS('',3,1,(
    (#7321,#7322)
    ,(#7323,#7324)
    ,(#7325,#7326)
    ,(#7327,#7328
    )),.UNSPECIFIED.,.F.,.F.,.F.,(4,4),(2,2),(2.,3.),(0.,1.),
  .PIECEWISE_BEZIER_KNOTS.);
#7321 = CARTESIAN_POINT('',(-1.093930578076,5.0505,1.741460880928));
#7322 = CARTESIAN_POINT('',(-1.093930578076,5.0495,1.741460880928));
#7323 = CARTESIAN_POINT('',(-1.132686579676,5.0505,1.741186009534));
#7324 = CARTESIAN_POINT('',(-1.132686579676,5.0495,1.741186009534));
#7325 = CARTESIAN_POINT('',(-1.163017990402,5.0505,1.751576685823));
#7326 = CARTESIAN_POINT('',(-1.163017990402,5.0495,1.751576685823));
#7327 = CARTESIAN_POINT('',(-1.18484683037,5.0505,1.772633462861));
#7328 = CARTESIAN_POINT('',(-1.18484683037,5.0495,1.772633462861));
#7329 = ADVANCED_FACE('',(#7330),#7348,.T.);
#7330 = FACE_BOUND('',#7331,.T.);
#7331 = EDGE_LOOP('',(#7332,#7341,#7342,#7343));
#7332 = ORIENTED_EDGE('',*,*,#7333,.F.);
#7333 = EDGE_CURVE('',#7306,#7334,#7336,.T.);
#7334 = VERTEX_POINT('',#7335);
#7335 = CARTESIAN_POINT('',(-1.218071804847,5.0495,1.861143389577));
#7336 = B_SPLINE_CURVE_WITH_KNOTS('',3,(#7337,#7338,#7339,#7340),
  .UNSPECIFIED.,.F.,.F.,(4,4),(3.,4.),.PIECEWISE_BEZIER_KNOTS.);
#7337 = CARTESIAN_POINT('',(-1.18484683037,5.0495,1.772633462861));
#7338 = CARTESIAN_POINT('',(-1.206752544099,5.0495,1.793533727073));
#7339 = CARTESIAN_POINT('',(-1.217801911003,5.0495,1.823089206919));
#7340 = CARTESIAN_POINT('',(-1.218071804847,5.0495,1.861143389577));
#7341 = ORIENTED_EDGE('',*,*,#7316,.F.);
#7342 = ORIENTED_EDGE('',*,*,#7074,.T.);
#7343 = ORIENTED_EDGE('',*,*,#7344,.T.);
#7344 = EDGE_CURVE('',#7066,#7334,#7345,.T.);
#7345 = B_SPLINE_CURVE_WITH_KNOTS('',1,(#7346,#7347),.UNSPECIFIED.,.F.,
  .F.,(2,2),(-0.,1.E-03),.PIECEWISE_BEZIER_KNOTS.);
#7346 = CARTESIAN_POINT('',(-1.218071804847,5.0505,1.861143389577));
#7347 = CARTESIAN_POINT('',(-1.218071804847,5.0495,1.861143389577));
#7348 = B_SPLINE_SURFACE_WITH_KNOTS('',3,1,(
    (#7349,#7350)
    ,(#7351,#7352)
    ,(#7353,#7354)
    ,(#7355,#7356
    )),.UNSPECIFIED.,.F.,.F.,.F.,(4,4),(2,2),(3.,4.),(0.,1.),
  .PIECEWISE_BEZIER_KNOTS.);
#7349 = CARTESIAN_POINT('',(-1.18484683037,5.0505,1.772633462861));
#7350 = CARTESIAN_POINT('',(-1.18484683037,5.0495,1.772633462861));
#7351 = CARTESIAN_POINT('',(-1.206752544099,5.0505,1.793533727073));
#7352 = CARTESIAN_POINT('',(-1.206752544099,5.0495,1.793533727073));
#7353 = CARTESIAN_POINT('',(-1.217801911003,5.0505,1.823089206919));
#7354 = CARTESIAN_POINT('',(-1.217801911003,5.0495,1.823089206919));
#7355 = CARTESIAN_POINT('',(-1.218071804847,5.0505,1.861143389577));
#7356 = CARTESIAN_POINT('',(-1.218071804847,5.0495,1.861143389577));
#7357 = ADVANCED_FACE('',(#7358),#7376,.T.);
#7358 = FACE_BOUND('',#7359,.T.);
#7359 = EDGE_LOOP('',(#7360,#7369,#7370,#7371));
#7360 = ORIENTED_EDGE('',*,*,#7361,.F.);
#7361 = EDGE_CURVE('',#7334,#7362,#7364,.T.);
#7362 = VERTEX_POINT('',#7363);
#7363 = CARTESIAN_POINT('',(-1.185227908652,5.0495,1.947314483322));
#7364 = B_SPLINE_CURVE_WITH_KNOTS('',3,(#7365,#7366,#7367,#7368),
  .UNSPECIFIED.,.F.,.F.,(4,4),(4.,5.),.PIECEWISE_BEZIER_KNOTS.);
#7365 = CARTESIAN_POINT('',(-1.218071804847,5.0495,1.861143389577));
#7366 = CARTESIAN_POINT('',(-1.218341698691,5.0495,1.899197572235));
#7367 = CARTESIAN_POINT('',(-1.207394102,5.0495,1.927973256737));
#7368 = CARTESIAN_POINT('',(-1.185227908652,5.0495,1.947314483322));
#7369 = ORIENTED_EDGE('',*,*,#7344,.F.);
#7370 = ORIENTED_EDGE('',*,*,#7065,.T.);
#7371 = ORIENTED_EDGE('',*,*,#7372,.T.);
#7372 = EDGE_CURVE('',#7057,#7362,#7373,.T.);
#7373 = B_SPLINE_CURVE_WITH_KNOTS('',1,(#7374,#7375),.UNSPECIFIED.,.F.,
  .F.,(2,2),(-0.,1.E-03),.PIECEWISE_BEZIER_KNOTS.);
#7374 = CARTESIAN_POINT('',(-1.185227908652,5.0505,1.947314483322));
#7375 = CARTESIAN_POINT('',(-1.185227908652,5.0495,1.947314483322));
#7376 = B_SPLINE_SURFACE_WITH_KNOTS('',3,1,(
    (#7377,#7378)
    ,(#7379,#7380)
    ,(#7381,#7382)
    ,(#7383,#7384
    )),.UNSPECIFIED.,.F.,.F.,.F.,(4,4),(2,2),(4.,5.),(0.,1.),
  .PIECEWISE_BEZIER_KNOTS.);
#7377 = CARTESIAN_POINT('',(-1.218071804847,5.0505,1.861143389577));
#7378 = CARTESIAN_POINT('',(-1.218071804847,5.0495,1.861143389577));
#7379 = CARTESIAN_POINT('',(-1.218341698691,5.0505,1.899197572235));
#7380 = CARTESIAN_POINT('',(-1.218341698691,5.0495,1.899197572235));
#7381 = CARTESIAN_POINT('',(-1.207394102,5.0505,1.927973256737));
#7382 = CARTESIAN_POINT('',(-1.207394102,5.0495,1.927973256737));
#7383 = CARTESIAN_POINT('',(-1.185227908652,5.0505,1.947314483322));
#7384 = CARTESIAN_POINT('',(-1.185227908652,5.0495,1.947314483322));
#7385 = ADVANCED_FACE('',(#7386),#7398,.T.);
#7386 = FACE_BOUND('',#7387,.T.);
#7387 = EDGE_LOOP('',(#7388,#7395,#7396,#7397));
#7388 = ORIENTED_EDGE('',*,*,#7389,.F.);
#7389 = EDGE_CURVE('',#7362,#7234,#7390,.T.);
#7390 = B_SPLINE_CURVE_WITH_KNOTS('',3,(#7391,#7392,#7393,#7394),
  .UNSPECIFIED.,.F.,.F.,(4,4),(5.,6.),.PIECEWISE_BEZIER_KNOTS.);
#7391 = CARTESIAN_POINT('',(-1.185227908652,5.0495,1.947314483322));
#7392 = CARTESIAN_POINT('',(-1.163061715303,5.0495,1.966655709906));
#7393 = CARTESIAN_POINT('',(-1.133730773064,5.0495,1.976377759628));
#7394 = CARTESIAN_POINT('',(-1.097392147821,5.0495,1.976635486126));
#7395 = ORIENTED_EDGE('',*,*,#7372,.F.);
#7396 = ORIENTED_EDGE('',*,*,#7056,.T.);
#7397 = ORIENTED_EDGE('',*,*,#7242,.T.);
#7398 = B_SPLINE_SURFACE_WITH_KNOTS('',3,1,(
    (#7399,#7400)
    ,(#7401,#7402)
    ,(#7403,#7404)
    ,(#7405,#7406
    )),.UNSPECIFIED.,.F.,.F.,.F.,(4,4),(2,2),(5.,6.),(0.,1.),
  .PIECEWISE_BEZIER_KNOTS.);
#7399 = CARTESIAN_POINT('',(-1.185227908652,5.0505,1.947314483322));
#7400 = CARTESIAN_POINT('',(-1.185227908652,5.0495,1.947314483322));
#7401 = CARTESIAN_POINT('',(-1.163061715303,5.0505,1.966655709906));
#7402 = CARTESIAN_POINT('',(-1.163061715303,5.0495,1.966655709906));
#7403 = CARTESIAN_POINT('',(-1.133730773064,5.0505,1.976377759628));
#7404 = CARTESIAN_POINT('',(-1.133730773064,5.0495,1.976377759628));
#7405 = CARTESIAN_POINT('',(-1.097392147821,5.0505,1.976635486126));
#7406 = CARTESIAN_POINT('',(-1.097392147821,5.0495,1.976635486126));
#7407 = ADVANCED_FACE('',(#7408),#7417,.F.);
#7408 = FACE_BOUND('',#7409,.T.);
#7409 = EDGE_LOOP('',(#7410,#7411,#7412,#7413,#7414,#7415,#7416));
#7410 = ORIENTED_EDGE('',*,*,#7389,.T.);
#7411 = ORIENTED_EDGE('',*,*,#7233,.T.);
#7412 = ORIENTED_EDGE('',*,*,#7261,.T.);
#7413 = ORIENTED_EDGE('',*,*,#7283,.T.);
#7414 = ORIENTED_EDGE('',*,*,#7305,.T.);
#7415 = ORIENTED_EDGE('',*,*,#7333,.T.);
#7416 = ORIENTED_EDGE('',*,*,#7361,.T.);
#7417 = B_SPLINE_SURFACE_WITH_KNOTS('',1,1,(
    (#7418,#7419)
    ,(#7420,#7421
    )),.UNSPECIFIED.,.F.,.F.,.F.,(2,2),(2,2),(2.22303775473,
    2.458814090466),(3.831658301309,4.00036199518),
  .PIECEWISE_BEZIER_KNOTS.);
#7418 = CARTESIAN_POINT('',(-1.218341698691,5.0495,1.97696234527));
#7419 = CARTESIAN_POINT('',(-1.04963800482,5.0495,1.97696234527));
#7420 = CARTESIAN_POINT('',(-1.218341698691,5.0495,1.741186009534));
#7421 = CARTESIAN_POINT('',(-1.04963800482,5.0495,1.741186009534));
#7422 = ADVANCED_FACE('',(#7423,#7481),#7529,.F.);
#7423 = FACE_BOUND('',#7424,.T.);
#7424 = EDGE_LOOP('',(#7425,#7434,#7441,#7448,#7455,#7462,#7469,#7476));
#7425 = ORIENTED_EDGE('',*,*,#7426,.T.);
#7426 = EDGE_CURVE('',#7427,#7429,#7431,.T.);
#7427 = VERTEX_POINT('',#7428);
#7428 = CARTESIAN_POINT('',(-1.549788245513,5.0505,1.703446998633));
#7429 = VERTEX_POINT('',#7430);
#7430 = CARTESIAN_POINT('',(-1.435761795841,5.0505,2.009328360075));
#7431 = B_SPLINE_CURVE_WITH_KNOTS('',1,(#7432,#7433),.UNSPECIFIED.,.F.,
  .F.,(2,2),(-0.326443622243,0.),.PIECEWISE_BEZIER_KNOTS.);
#7432 = CARTESIAN_POINT('',(-1.549788245513,5.0505,1.703446998633));
#7433 = CARTESIAN_POINT('',(-1.435761795841,5.0505,2.009328360075));
#7434 = ORIENTED_EDGE('',*,*,#7435,.T.);
#7435 = EDGE_CURVE('',#7429,#7436,#7438,.T.);
#7436 = VERTEX_POINT('',#7437);
#7437 = CARTESIAN_POINT('',(-1.393652659291,5.0505,2.0096270131));
#7438 = B_SPLINE_CURVE_WITH_KNOTS('',1,(#7439,#7440),.UNSPECIFIED.,.F.,
  .F.,(2,2),(-4.211019561276E-02,0.),.PIECEWISE_BEZIER_KNOTS.);
#7439 = CARTESIAN_POINT('',(-1.435761795841,5.0505,2.009328360075));
#7440 = CARTESIAN_POINT('',(-1.393652659291,5.0505,2.0096270131));
#7441 = ORIENTED_EDGE('',*,*,#7442,.T.);
#7442 = EDGE_CURVE('',#7436,#7443,#7445,.T.);
#7443 = VERTEX_POINT('',#7444);
#7444 = CARTESIAN_POINT('',(-1.27529905913,5.0505,1.705393773903));
#7445 = B_SPLINE_CURVE_WITH_KNOTS('',1,(#7446,#7447),.UNSPECIFIED.,.F.,
  .F.,(2,2),(-0.326443622243,0.),.PIECEWISE_BEZIER_KNOTS.);
#7446 = CARTESIAN_POINT('',(-1.393652659291,5.0505,2.0096270131));
#7447 = CARTESIAN_POINT('',(-1.27529905913,5.0505,1.705393773903));
#7448 = ORIENTED_EDGE('',*,*,#7449,.T.);
#7449 = EDGE_CURVE('',#7443,#7450,#7452,.T.);
#7450 = VERTEX_POINT('',#7451);
#7451 = CARTESIAN_POINT('',(-1.318811833563,5.0505,1.705085165778));
#7452 = B_SPLINE_CURVE_WITH_KNOTS('',1,(#7453,#7454),.UNSPECIFIED.,.F.,
  .F.,(2,2),(-4.351386879818E-02,-0.),.PIECEWISE_BEZIER_KNOTS.);
#7453 = CARTESIAN_POINT('',(-1.27529905913,5.0505,1.705393773903));
#7454 = CARTESIAN_POINT('',(-1.318811833563,5.0505,1.705085165778));
#7455 = ORIENTED_EDGE('',*,*,#7456,.T.);
#7456 = EDGE_CURVE('',#7450,#7457,#7459,.T.);
#7457 = VERTEX_POINT('',#7458);
#7458 = CARTESIAN_POINT('',(-1.348724044818,5.0505,1.788315689051));
#7459 = B_SPLINE_CURVE_WITH_KNOTS('',1,(#7460,#7461),.UNSPECIFIED.,.F.,
  .F.,(2,2),(-8.844241282615E-02,0.),.PIECEWISE_BEZIER_KNOTS.);
#7460 = CARTESIAN_POINT('',(-1.318811833563,5.0505,1.705085165778));
#7461 = CARTESIAN_POINT('',(-1.348724044818,5.0505,1.788315689051));
#7462 = ORIENTED_EDGE('',*,*,#7463,.T.);
#7463 = EDGE_CURVE('',#7457,#7464,#7466,.T.);
#7464 = VERTEX_POINT('',#7465);
#7465 = CARTESIAN_POINT('',(-1.475753273403,5.0505,1.787414752427));
#7466 = B_SPLINE_CURVE_WITH_KNOTS('',1,(#7467,#7468),.UNSPECIFIED.,.F.,
  .F.,(2,2),(-0.127032423427,-0.),.PIECEWISE_BEZIER_KNOTS.);
#7467 = CARTESIAN_POINT('',(-1.348724044818,5.0505,1.788315689051));
#7468 = CARTESIAN_POINT('',(-1.475753273403,5.0505,1.787414752427));
#7469 = ORIENTED_EDGE('',*,*,#7470,.T.);
#7470 = EDGE_CURVE('',#7464,#7471,#7473,.T.);
#7471 = VERTEX_POINT('',#7472);
#7472 = CARTESIAN_POINT('',(-1.506275471083,5.0505,1.703755606758));
#7473 = B_SPLINE_CURVE_WITH_KNOTS('',1,(#7474,#7475),.UNSPECIFIED.,.F.,
  .F.,(2,2),(-8.905311451803E-02,-0.),.PIECEWISE_BEZIER_KNOTS.);
#7474 = CARTESIAN_POINT('',(-1.475753273403,5.0505,1.787414752427));
#7475 = CARTESIAN_POINT('',(-1.506275471083,5.0505,1.703755606758));
#7476 = ORIENTED_EDGE('',*,*,#7477,.T.);
#7477 = EDGE_CURVE('',#7471,#7427,#7478,.T.);
#7478 = B_SPLINE_CURVE_WITH_KNOTS('',1,(#7479,#7480),.UNSPECIFIED.,.F.,
  .F.,(2,2),(-4.35138687961E-02,-0.),.PIECEWISE_BEZIER_KNOTS.);
#7479 = CARTESIAN_POINT('',(-1.506275471083,5.0505,1.703755606758));
#7480 = CARTESIAN_POINT('',(-1.549788245513,5.0505,1.703446998633));
#7481 = FACE_BOUND('',#7482,.T.);
#7482 = EDGE_LOOP('',(#7483,#7492,#7499,#7508,#7515,#7524));
#7483 = ORIENTED_EDGE('',*,*,#7484,.F.);
#7484 = EDGE_CURVE('',#7485,#7487,#7489,.T.);
#7485 = VERTEX_POINT('',#7486);
#7486 = CARTESIAN_POINT('',(-1.36144527905,5.0505,1.822694307329));
#7487 = VERTEX_POINT('',#7488);
#7488 = CARTESIAN_POINT('',(-1.463832864766,5.0505,1.821968138031));
#7489 = B_SPLINE_CURVE_WITH_KNOTS('',1,(#7490,#7491),.UNSPECIFIED.,.F.,
  .F.,(2,2),(0.,0.102390160809),.PIECEWISE_BEZIER_KNOTS.);
#7490 = CARTESIAN_POINT('',(-1.36144527905,5.0505,1.822694307329));
#7491 = CARTESIAN_POINT('',(-1.463832864766,5.0505,1.821968138031));
#7492 = ORIENTED_EDGE('',*,*,#7493,.F.);
#7493 = EDGE_CURVE('',#7494,#7485,#7496,.T.);
#7494 = VERTEX_POINT('',#7495);
#7495 = CARTESIAN_POINT('',(-1.407962787748,5.0505,1.94916605549));
#7496 = B_SPLINE_CURVE_WITH_KNOTS('',1,(#7497,#7498),.UNSPECIFIED.,.F.,
  .F.,(2,2),(2.083953392017E-16,0.134755265939),
  .PIECEWISE_BEZIER_KNOTS.);
#7497 = CARTESIAN_POINT('',(-1.407962787748,5.0505,1.94916605549));
#7498 = CARTESIAN_POINT('',(-1.36144527905,5.0505,1.822694307329));
#7499 = ORIENTED_EDGE('',*,*,#7500,.F.);
#7500 = EDGE_CURVE('',#7501,#7494,#7503,.T.);
#7501 = VERTEX_POINT('',#7502);
#7502 = CARTESIAN_POINT('',(-1.413105038985,5.0505,1.970497147378));
#7503 = B_SPLINE_CURVE_WITH_KNOTS('',3,(#7504,#7505,#7506,#7507),
  .UNSPECIFIED.,.F.,.F.,(4,4),(3.,4.),.PIECEWISE_BEZIER_KNOTS.);
#7504 = CARTESIAN_POINT('',(-1.413105038985,5.0505,1.970497147378));
#7505 = CARTESIAN_POINT('',(-1.411558160001,5.0505,1.961306029406));
#7506 = CARTESIAN_POINT('',(-1.409869700844,5.0505,1.954143494501));
#7507 = CARTESIAN_POINT('',(-1.407962787748,5.0505,1.94916605549));
#7508 = ORIENTED_EDGE('',*,*,#7509,.F.);
#7509 = EDGE_CURVE('',#7510,#7501,#7512,.T.);
#7510 = VERTEX_POINT('',#7511);
#7511 = CARTESIAN_POINT('',(-1.414040797576,5.0505,1.970490510644));
#7512 = B_SPLINE_CURVE_WITH_KNOTS('',1,(#7513,#7514),.UNSPECIFIED.,.F.,
  .F.,(2,2),(0.,9.357821257002E-04),.PIECEWISE_BEZIER_KNOTS.);
#7513 = CARTESIAN_POINT('',(-1.414040797576,5.0505,1.970490510644));
#7514 = CARTESIAN_POINT('',(-1.413105038985,5.0505,1.970497147378));
#7515 = ORIENTED_EDGE('',*,*,#7516,.F.);
#7516 = EDGE_CURVE('',#7517,#7510,#7519,.T.);
#7517 = VERTEX_POINT('',#7518);
#7518 = CARTESIAN_POINT('',(-1.41864603165,5.0505,1.949090286112));
#7519 = B_SPLINE_CURVE_WITH_KNOTS('',3,(#7520,#7521,#7522,#7523),
  .UNSPECIFIED.,.F.,.F.,(4,4),(1.,2.),.PIECEWISE_BEZIER_KNOTS.);
#7520 = CARTESIAN_POINT('',(-1.41864603165,5.0505,1.949090286112));
#7521 = CARTESIAN_POINT('',(-1.417194279187,5.0505,1.953311707928));
#7522 = CARTESIAN_POINT('',(-1.415684457038,5.0505,1.960340958576));
#7523 = CARTESIAN_POINT('',(-1.414040797576,5.0505,1.970490510644));
#7524 = ORIENTED_EDGE('',*,*,#7525,.F.);
#7525 = EDGE_CURVE('',#7487,#7517,#7526,.T.);
#7526 = B_SPLINE_CURVE_WITH_KNOTS('',1,(#7527,#7528),.UNSPECIFIED.,.F.,
  .F.,(2,2),(0.,0.134914381812),.PIECEWISE_BEZIER_KNOTS.);
#7527 = CARTESIAN_POINT('',(-1.463832864766,5.0505,1.821968138031));
#7528 = CARTESIAN_POINT('',(-1.41864603165,5.0505,1.949090286112));
#7529 = B_SPLINE_SURFACE_WITH_KNOTS('',1,1,(
    (#7530,#7531)
    ,(#7532,#7533
    )),.UNSPECIFIED.,.F.,.F.,.F.,(2,2),(2,2),(-2.0096269131,
    -1.703446898633),(-1.549788245513,-1.27529905913),
  .PIECEWISE_BEZIER_KNOTS.);
#7530 = CARTESIAN_POINT('',(-1.549788245513,5.0505,2.0096270131));
#7531 = CARTESIAN_POINT('',(-1.27529905913,5.0505,2.0096270131));
#7532 = CARTESIAN_POINT('',(-1.549788245513,5.0505,1.703446998633));
#7533 = CARTESIAN_POINT('',(-1.27529905913,5.0505,1.703446998633));
#7534 = ADVANCED_FACE('',(#7535),#7549,.F.);
#7535 = FACE_BOUND('',#7536,.T.);
#7536 = EDGE_LOOP('',(#7537,#7538,#7543,#7544));
#7537 = ORIENTED_EDGE('',*,*,#1073,.T.);
#7538 = ORIENTED_EDGE('',*,*,#7539,.F.);
#7539 = EDGE_CURVE('',#7429,#1076,#7540,.T.);
#7540 = B_SPLINE_CURVE_WITH_KNOTS('',1,(#7541,#7542),.UNSPECIFIED.,.F.,
  .F.,(2,2),(-0.,1.E-03),.PIECEWISE_BEZIER_KNOTS.);
#7541 = CARTESIAN_POINT('',(-1.435761795841,5.0505,2.009328360075));
#7542 = CARTESIAN_POINT('',(-1.435761795841,5.0495,2.009328360075));
#7543 = ORIENTED_EDGE('',*,*,#7426,.F.);
#7544 = ORIENTED_EDGE('',*,*,#7545,.T.);
#7545 = EDGE_CURVE('',#7427,#1074,#7546,.T.);
#7546 = B_SPLINE_CURVE_WITH_KNOTS('',1,(#7547,#7548),.UNSPECIFIED.,.F.,
  .F.,(2,2),(-0.,1.E-03),.PIECEWISE_BEZIER_KNOTS.);
#7547 = CARTESIAN_POINT('',(-1.549788245513,5.0505,1.703446998633));
#7548 = CARTESIAN_POINT('',(-1.549788245513,5.0495,1.703446998633));
#7549 = B_SPLINE_SURFACE_WITH_KNOTS('',1,1,(
    (#7550,#7551)
    ,(#7552,#7553
    )),.UNSPECIFIED.,.F.,.F.,.F.,(2,2),(2,2),(-7.755997128899E-17,
    0.326443622243),(-1.E-03,0.),.PIECEWISE_BEZIER_KNOTS.);
#7550 = CARTESIAN_POINT('',(-1.435761795841,5.0495,2.009328360075));
#7551 = CARTESIAN_POINT('',(-1.435761795841,5.0505,2.009328360075));
#7552 = CARTESIAN_POINT('',(-1.549788245513,5.0495,1.703446998633));
#7553 = CARTESIAN_POINT('',(-1.549788245513,5.0505,1.703446998633));
#7554 = ADVANCED_FACE('',(#7555),#7565,.F.);
#7555 = FACE_BOUND('',#7556,.T.);
#7556 = EDGE_LOOP('',(#7557,#7558,#7563,#7564));
#7557 = ORIENTED_EDGE('',*,*,#1124,.T.);
#7558 = ORIENTED_EDGE('',*,*,#7559,.F.);
#7559 = EDGE_CURVE('',#7436,#1118,#7560,.T.);
#7560 = B_SPLINE_CURVE_WITH_KNOTS('',1,(#7561,#7562),.UNSPECIFIED.,.F.,
  .F.,(2,2),(-0.,1.E-03),.PIECEWISE_BEZIER_KNOTS.);
#7561 = CARTESIAN_POINT('',(-1.393652659291,5.0505,2.0096270131));
#7562 = CARTESIAN_POINT('',(-1.393652659291,5.0495,2.0096270131));
#7563 = ORIENTED_EDGE('',*,*,#7435,.F.);
#7564 = ORIENTED_EDGE('',*,*,#7539,.T.);
#7565 = B_SPLINE_SURFACE_WITH_KNOTS('',1,1,(
    (#7566,#7567)
    ,(#7568,#7569
    )),.UNSPECIFIED.,.F.,.F.,.F.,(2,2),(2,2),(0.,4.211019561276E-02),(
    -1.E-03,0.),.PIECEWISE_BEZIER_KNOTS.);
#7566 = CARTESIAN_POINT('',(-1.393652659291,5.0495,2.0096270131));
#7567 = CARTESIAN_POINT('',(-1.393652659291,5.0505,2.0096270131));
#7568 = CARTESIAN_POINT('',(-1.435761795841,5.0495,2.009328360075));
#7569 = CARTESIAN_POINT('',(-1.435761795841,5.0505,2.009328360075));
#7570 = ADVANCED_FACE('',(#7571),#7581,.F.);
#7571 = FACE_BOUND('',#7572,.T.);
#7572 = EDGE_LOOP('',(#7573,#7574,#7579,#7580));
#7573 = ORIENTED_EDGE('',*,*,#1117,.T.);
#7574 = ORIENTED_EDGE('',*,*,#7575,.F.);
#7575 = EDGE_CURVE('',#7443,#1111,#7576,.T.);
#7576 = B_SPLINE_CURVE_WITH_KNOTS('',1,(#7577,#7578),.UNSPECIFIED.,.F.,
  .F.,(2,2),(-0.,1.E-03),.PIECEWISE_BEZIER_KNOTS.);
#7577 = CARTESIAN_POINT('',(-1.27529905913,5.0505,1.705393773903));
#7578 = CARTESIAN_POINT('',(-1.27529905913,5.0495,1.705393773903));
#7579 = ORIENTED_EDGE('',*,*,#7442,.F.);
#7580 = ORIENTED_EDGE('',*,*,#7559,.T.);
#7581 = B_SPLINE_SURFACE_WITH_KNOTS('',1,1,(
    (#7582,#7583)
    ,(#7584,#7585
    )),.UNSPECIFIED.,.F.,.F.,.F.,(2,2),(2,2),(0.,0.326443622243),(
    -1.E-03,0.),.PIECEWISE_BEZIER_KNOTS.);
#7582 = CARTESIAN_POINT('',(-1.27529905913,5.0495,1.705393773903));
#7583 = CARTESIAN_POINT('',(-1.27529905913,5.0505,1.705393773903));
#7584 = CARTESIAN_POINT('',(-1.393652659291,5.0495,2.0096270131));
#7585 = CARTESIAN_POINT('',(-1.393652659291,5.0505,2.0096270131));
#7586 = ADVANCED_FACE('',(#7587),#7597,.F.);
#7587 = FACE_BOUND('',#7588,.T.);
#7588 = EDGE_LOOP('',(#7589,#7590,#7595,#7596));
#7589 = ORIENTED_EDGE('',*,*,#1110,.T.);
#7590 = ORIENTED_EDGE('',*,*,#7591,.F.);
#7591 = EDGE_CURVE('',#7450,#1104,#7592,.T.);
#7592 = B_SPLINE_CURVE_WITH_KNOTS('',1,(#7593,#7594),.UNSPECIFIED.,.F.,
  .F.,(2,2),(-0.,1.E-03),.PIECEWISE_BEZIER_KNOTS.);
#7593 = CARTESIAN_POINT('',(-1.318811833563,5.0505,1.705085165778));
#7594 = CARTESIAN_POINT('',(-1.318811833563,5.0495,1.705085165778));
#7595 = ORIENTED_EDGE('',*,*,#7449,.F.);
#7596 = ORIENTED_EDGE('',*,*,#7575,.T.);
#7597 = B_SPLINE_SURFACE_WITH_KNOTS('',1,1,(
    (#7598,#7599)
    ,(#7600,#7601
    )),.UNSPECIFIED.,.F.,.F.,.F.,(2,2),(2,2),(-4.440780410889E-16,
    4.351386879818E-02),(-1.E-03,0.),.PIECEWISE_BEZIER_KNOTS.);
#7598 = CARTESIAN_POINT('',(-1.318811833563,5.0495,1.705085165778));
#7599 = CARTESIAN_POINT('',(-1.318811833563,5.0505,1.705085165778));
#7600 = CARTESIAN_POINT('',(-1.27529905913,5.0495,1.705393773903));
#7601 = CARTESIAN_POINT('',(-1.27529905913,5.0505,1.705393773903));
#7602 = ADVANCED_FACE('',(#7603),#7613,.F.);
#7603 = FACE_BOUND('',#7604,.T.);
#7604 = EDGE_LOOP('',(#7605,#7606,#7611,#7612));
#7605 = ORIENTED_EDGE('',*,*,#1103,.T.);
#7606 = ORIENTED_EDGE('',*,*,#7607,.F.);
#7607 = EDGE_CURVE('',#7457,#1097,#7608,.T.);
#7608 = B_SPLINE_CURVE_WITH_KNOTS('',1,(#7609,#7610),.UNSPECIFIED.,.F.,
  .F.,(2,2),(-0.,1.E-03),.PIECEWISE_BEZIER_KNOTS.);
#7609 = CARTESIAN_POINT('',(-1.348724044818,5.0505,1.788315689051));
#7610 = CARTESIAN_POINT('',(-1.348724044818,5.0495,1.788315689051));
#7611 = ORIENTED_EDGE('',*,*,#7456,.F.);
#7612 = ORIENTED_EDGE('',*,*,#7591,.T.);
#7613 = B_SPLINE_SURFACE_WITH_KNOTS('',1,1,(
    (#7614,#7615)
    ,(#7616,#7617
    )),.UNSPECIFIED.,.F.,.F.,.F.,(2,2),(2,2),(-2.840575351316E-16,
    8.844241282615E-02),(-1.E-03,0.),.PIECEWISE_BEZIER_KNOTS.);
#7614 = CARTESIAN_POINT('',(-1.348724044818,5.0495,1.788315689051));
#7615 = CARTESIAN_POINT('',(-1.348724044818,5.0505,1.788315689051));
#7616 = CARTESIAN_POINT('',(-1.318811833563,5.0495,1.705085165778));
#7617 = CARTESIAN_POINT('',(-1.318811833563,5.0505,1.705085165778));
#7618 = ADVANCED_FACE('',(#7619),#7629,.F.);
#7619 = FACE_BOUND('',#7620,.T.);
#7620 = EDGE_LOOP('',(#7621,#7622,#7627,#7628));
#7621 = ORIENTED_EDGE('',*,*,#1096,.T.);
#7622 = ORIENTED_EDGE('',*,*,#7623,.F.);
#7623 = EDGE_CURVE('',#7464,#1090,#7624,.T.);
#7624 = B_SPLINE_CURVE_WITH_KNOTS('',1,(#7625,#7626),.UNSPECIFIED.,.F.,
  .F.,(2,2),(-0.,1.E-03),.PIECEWISE_BEZIER_KNOTS.);
#7625 = CARTESIAN_POINT('',(-1.475753273403,5.0505,1.787414752427));
#7626 = CARTESIAN_POINT('',(-1.475753273403,5.0495,1.787414752427));
#7627 = ORIENTED_EDGE('',*,*,#7463,.F.);
#7628 = ORIENTED_EDGE('',*,*,#7607,.T.);
#7629 = B_SPLINE_SURFACE_WITH_KNOTS('',1,1,(
    (#7630,#7631)
    ,(#7632,#7633
    )),.UNSPECIFIED.,.F.,.F.,.F.,(2,2),(2,2),(-6.676918416087E-16,
    0.127032423427),(-1.E-03,0.),.PIECEWISE_BEZIER_KNOTS.);
#7630 = CARTESIAN_POINT('',(-1.475753273403,5.0495,1.787414752427));
#7631 = CARTESIAN_POINT('',(-1.475753273403,5.0505,1.787414752427));
#7632 = CARTESIAN_POINT('',(-1.348724044818,5.0495,1.788315689051));
#7633 = CARTESIAN_POINT('',(-1.348724044818,5.0505,1.788315689051));
#7634 = ADVANCED_FACE('',(#7635),#7645,.F.);
#7635 = FACE_BOUND('',#7636,.T.);
#7636 = EDGE_LOOP('',(#7637,#7638,#7643,#7644));
#7637 = ORIENTED_EDGE('',*,*,#1089,.T.);
#7638 = ORIENTED_EDGE('',*,*,#7639,.F.);
#7639 = EDGE_CURVE('',#7471,#1083,#7640,.T.);
#7640 = B_SPLINE_CURVE_WITH_KNOTS('',1,(#7641,#7642),.UNSPECIFIED.,.F.,
  .F.,(2,2),(-0.,1.E-03),.PIECEWISE_BEZIER_KNOTS.);
#7641 = CARTESIAN_POINT('',(-1.506275471083,5.0505,1.703755606758));
#7642 = CARTESIAN_POINT('',(-1.506275471083,5.0495,1.703755606758));
#7643 = ORIENTED_EDGE('',*,*,#7470,.F.);
#7644 = ORIENTED_EDGE('',*,*,#7623,.T.);
#7645 = B_SPLINE_SURFACE_WITH_KNOTS('',1,1,(
    (#7646,#7647)
    ,(#7648,#7649
    )),.UNSPECIFIED.,.F.,.F.,.F.,(2,2),(2,2),(-7.61039000381E-17,
    8.905311451803E-02),(-1.E-03,0.),.PIECEWISE_BEZIER_KNOTS.);
#7646 = CARTESIAN_POINT('',(-1.506275471083,5.0495,1.703755606758));
#7647 = CARTESIAN_POINT('',(-1.506275471083,5.0505,1.703755606758));
#7648 = CARTESIAN_POINT('',(-1.475753273403,5.0495,1.787414752427));
#7649 = CARTESIAN_POINT('',(-1.475753273403,5.0505,1.787414752427));
#7650 = ADVANCED_FACE('',(#7651),#7657,.F.);
#7651 = FACE_BOUND('',#7652,.T.);
#7652 = EDGE_LOOP('',(#7653,#7654,#7655,#7656));
#7653 = ORIENTED_EDGE('',*,*,#1082,.T.);
#7654 = ORIENTED_EDGE('',*,*,#7545,.F.);
#7655 = ORIENTED_EDGE('',*,*,#7477,.F.);
#7656 = ORIENTED_EDGE('',*,*,#7639,.T.);
#7657 = B_SPLINE_SURFACE_WITH_KNOTS('',1,1,(
    (#7658,#7659)
    ,(#7660,#7661
    )),.UNSPECIFIED.,.F.,.F.,.F.,(2,2),(2,2),(0.,4.35138687961E-02),(
    -1.E-03,0.),.PIECEWISE_BEZIER_KNOTS.);
#7658 = CARTESIAN_POINT('',(-1.549788245513,5.0495,1.703446998633));
#7659 = CARTESIAN_POINT('',(-1.549788245513,5.0505,1.703446998633));
#7660 = CARTESIAN_POINT('',(-1.506275471083,5.0495,1.703755606758));
#7661 = CARTESIAN_POINT('',(-1.506275471083,5.0505,1.703755606758));
#7662 = ADVANCED_FACE('',(#7663),#7685,.T.);
#7663 = FACE_BOUND('',#7664,.T.);
#7664 = EDGE_LOOP('',(#7665,#7674,#7679,#7680));
#7665 = ORIENTED_EDGE('',*,*,#7666,.F.);
#7666 = EDGE_CURVE('',#7667,#7669,#7671,.T.);
#7667 = VERTEX_POINT('',#7668);
#7668 = CARTESIAN_POINT('',(-1.36144527905,5.0495,1.822694307329));
#7669 = VERTEX_POINT('',#7670);
#7670 = CARTESIAN_POINT('',(-1.463832864766,5.0495,1.821968138031));
#7671 = B_SPLINE_CURVE_WITH_KNOTS('',1,(#7672,#7673),.UNSPECIFIED.,.F.,
  .F.,(2,2),(0.,0.102390160809),.PIECEWISE_BEZIER_KNOTS.);
#7672 = CARTESIAN_POINT('',(-1.36144527905,5.0495,1.822694307329));
#7673 = CARTESIAN_POINT('',(-1.463832864766,5.0495,1.821968138031));
#7674 = ORIENTED_EDGE('',*,*,#7675,.F.);
#7675 = EDGE_CURVE('',#7485,#7667,#7676,.T.);
#7676 = B_SPLINE_CURVE_WITH_KNOTS('',1,(#7677,#7678),.UNSPECIFIED.,.F.,
  .F.,(2,2),(-0.,1.E-03),.PIECEWISE_BEZIER_KNOTS.);
#7677 = CARTESIAN_POINT('',(-1.36144527905,5.0505,1.822694307329));
#7678 = CARTESIAN_POINT('',(-1.36144527905,5.0495,1.822694307329));
#7679 = ORIENTED_EDGE('',*,*,#7484,.T.);
#7680 = ORIENTED_EDGE('',*,*,#7681,.T.);
#7681 = EDGE_CURVE('',#7487,#7669,#7682,.T.);
#7682 = B_SPLINE_CURVE_WITH_KNOTS('',1,(#7683,#7684),.UNSPECIFIED.,.F.,
  .F.,(2,2),(-0.,1.E-03),.PIECEWISE_BEZIER_KNOTS.);
#7683 = CARTESIAN_POINT('',(-1.463832864766,5.0505,1.821968138031));
#7684 = CARTESIAN_POINT('',(-1.463832864766,5.0495,1.821968138031));
#7685 = B_SPLINE_SURFACE_WITH_KNOTS('',1,1,(
    (#7686,#7687)
    ,(#7688,#7689
    )),.UNSPECIFIED.,.F.,.F.,.F.,(2,2),(2,2),(-0.102390160809,0.),(
    -1.E-03,0.),.PIECEWISE_BEZIER_KNOTS.);
#7686 = CARTESIAN_POINT('',(-1.463832864766,5.0495,1.821968138031));
#7687 = CARTESIAN_POINT('',(-1.463832864766,5.0505,1.821968138031));
#7688 = CARTESIAN_POINT('',(-1.36144527905,5.0495,1.822694307329));
#7689 = CARTESIAN_POINT('',(-1.36144527905,5.0505,1.822694307329));
#7690 = ADVANCED_FACE('',(#7691),#7707,.T.);
#7691 = FACE_BOUND('',#7692,.T.);
#7692 = EDGE_LOOP('',(#7693,#7700,#7701,#7702));
#7693 = ORIENTED_EDGE('',*,*,#7694,.F.);
#7694 = EDGE_CURVE('',#7669,#7695,#7697,.T.);
#7695 = VERTEX_POINT('',#7696);
#7696 = CARTESIAN_POINT('',(-1.41864603165,5.0495,1.949090286112));
#7697 = B_SPLINE_CURVE_WITH_KNOTS('',1,(#7698,#7699),.UNSPECIFIED.,.F.,
  .F.,(2,2),(0.,0.134914381812),.PIECEWISE_BEZIER_KNOTS.);
#7698 = CARTESIAN_POINT('',(-1.463832864766,5.0495,1.821968138031));
#7699 = CARTESIAN_POINT('',(-1.41864603165,5.0495,1.949090286112));
#7700 = ORIENTED_EDGE('',*,*,#7681,.F.);
#7701 = ORIENTED_EDGE('',*,*,#7525,.T.);
#7702 = ORIENTED_EDGE('',*,*,#7703,.T.);
#7703 = EDGE_CURVE('',#7517,#7695,#7704,.T.);
#7704 = B_SPLINE_CURVE_WITH_KNOTS('',1,(#7705,#7706),.UNSPECIFIED.,.F.,
  .F.,(2,2),(-0.,1.E-03),.PIECEWISE_BEZIER_KNOTS.);
#7705 = CARTESIAN_POINT('',(-1.41864603165,5.0505,1.949090286112));
#7706 = CARTESIAN_POINT('',(-1.41864603165,5.0495,1.949090286112));
#7707 = B_SPLINE_SURFACE_WITH_KNOTS('',1,1,(
    (#7708,#7709)
    ,(#7710,#7711
    )),.UNSPECIFIED.,.F.,.F.,.F.,(2,2),(2,2),(-0.134914381812,0.),(
    -1.E-03,0.),.PIECEWISE_BEZIER_KNOTS.);
#7708 = CARTESIAN_POINT('',(-1.41864603165,5.0495,1.949090286112));
#7709 = CARTESIAN_POINT('',(-1.41864603165,5.0505,1.949090286112));
#7710 = CARTESIAN_POINT('',(-1.463832864766,5.0495,1.821968138031));
#7711 = CARTESIAN_POINT('',(-1.463832864766,5.0505,1.821968138031));
#7712 = ADVANCED_FACE('',(#7713),#7731,.T.);
#7713 = FACE_BOUND('',#7714,.T.);
#7714 = EDGE_LOOP('',(#7715,#7724,#7725,#7726));
#7715 = ORIENTED_EDGE('',*,*,#7716,.F.);
#7716 = EDGE_CURVE('',#7695,#7717,#7719,.T.);
#7717 = VERTEX_POINT('',#7718);
#7718 = CARTESIAN_POINT('',(-1.414040797576,5.0495,1.970490510644));
#7719 = B_SPLINE_CURVE_WITH_KNOTS('',3,(#7720,#7721,#7722,#7723),
  .UNSPECIFIED.,.F.,.F.,(4,4),(1.,2.),.PIECEWISE_BEZIER_KNOTS.);
#7720 = CARTESIAN_POINT('',(-1.41864603165,5.0495,1.949090286112));
#7721 = CARTESIAN_POINT('',(-1.417194279187,5.0495,1.953311707928));
#7722 = CARTESIAN_POINT('',(-1.415684457038,5.0495,1.960340958576));
#7723 = CARTESIAN_POINT('',(-1.414040797576,5.0495,1.970490510644));
#7724 = ORIENTED_EDGE('',*,*,#7703,.F.);
#7725 = ORIENTED_EDGE('',*,*,#7516,.T.);
#7726 = ORIENTED_EDGE('',*,*,#7727,.T.);
#7727 = EDGE_CURVE('',#7510,#7717,#7728,.T.);
#7728 = B_SPLINE_CURVE_WITH_KNOTS('',1,(#7729,#7730),.UNSPECIFIED.,.F.,
  .F.,(2,2),(-0.,1.E-03),.PIECEWISE_BEZIER_KNOTS.);
#7729 = CARTESIAN_POINT('',(-1.414040797576,5.0505,1.970490510644));
#7730 = CARTESIAN_POINT('',(-1.414040797576,5.0495,1.970490510644));
#7731 = B_SPLINE_SURFACE_WITH_KNOTS('',3,1,(
    (#7732,#7733)
    ,(#7734,#7735)
    ,(#7736,#7737)
    ,(#7738,#7739
    )),.UNSPECIFIED.,.F.,.F.,.F.,(4,4),(2,2),(1.,2.),(0.,1.),
  .PIECEWISE_BEZIER_KNOTS.);
#7732 = CARTESIAN_POINT('',(-1.41864603165,5.0505,1.949090286112));
#7733 = CARTESIAN_POINT('',(-1.41864603165,5.0495,1.949090286112));
#7734 = CARTESIAN_POINT('',(-1.417194279187,5.0505,1.953311707928));
#7735 = CARTESIAN_POINT('',(-1.417194279187,5.0495,1.953311707928));
#7736 = CARTESIAN_POINT('',(-1.415684457038,5.0505,1.960340958576));
#7737 = CARTESIAN_POINT('',(-1.415684457038,5.0495,1.960340958576));
#7738 = CARTESIAN_POINT('',(-1.414040797576,5.0505,1.970490510644));
#7739 = CARTESIAN_POINT('',(-1.414040797576,5.0495,1.970490510644));
#7740 = ADVANCED_FACE('',(#7741),#7757,.T.);
#7741 = FACE_BOUND('',#7742,.T.);
#7742 = EDGE_LOOP('',(#7743,#7750,#7751,#7752));
#7743 = ORIENTED_EDGE('',*,*,#7744,.F.);
#7744 = EDGE_CURVE('',#7717,#7745,#7747,.T.);
#7745 = VERTEX_POINT('',#7746);
#7746 = CARTESIAN_POINT('',(-1.413105038985,5.0495,1.970497147378));
#7747 = B_SPLINE_CURVE_WITH_KNOTS('',1,(#7748,#7749),.UNSPECIFIED.,.F.,
  .F.,(2,2),(0.,9.357821257002E-04),.PIECEWISE_BEZIER_KNOTS.);
#7748 = CARTESIAN_POINT('',(-1.414040797576,5.0495,1.970490510644));
#7749 = CARTESIAN_POINT('',(-1.413105038985,5.0495,1.970497147378));
#7750 = ORIENTED_EDGE('',*,*,#7727,.F.);
#7751 = ORIENTED_EDGE('',*,*,#7509,.T.);
#7752 = ORIENTED_EDGE('',*,*,#7753,.T.);
#7753 = EDGE_CURVE('',#7501,#7745,#7754,.T.);
#7754 = B_SPLINE_CURVE_WITH_KNOTS('',1,(#7755,#7756),.UNSPECIFIED.,.F.,
  .F.,(2,2),(-0.,1.E-03),.PIECEWISE_BEZIER_KNOTS.);
#7755 = CARTESIAN_POINT('',(-1.413105038985,5.0505,1.970497147378));
#7756 = CARTESIAN_POINT('',(-1.413105038985,5.0495,1.970497147378));
#7757 = B_SPLINE_SURFACE_WITH_KNOTS('',1,1,(
    (#7758,#7759)
    ,(#7760,#7761
    )),.UNSPECIFIED.,.F.,.F.,.F.,(2,2),(2,2),(-9.357821257002E-04,0.),(
    -1.E-03,0.),.PIECEWISE_BEZIER_KNOTS.);
#7758 = CARTESIAN_POINT('',(-1.413105038985,5.0495,1.970497147378));
#7759 = CARTESIAN_POINT('',(-1.413105038985,5.0505,1.970497147378));
#7760 = CARTESIAN_POINT('',(-1.414040797576,5.0495,1.970490510644));
#7761 = CARTESIAN_POINT('',(-1.414040797576,5.0505,1.970490510644));
#7762 = ADVANCED_FACE('',(#7763),#7781,.T.);
#7763 = FACE_BOUND('',#7764,.T.);
#7764 = EDGE_LOOP('',(#7765,#7774,#7775,#7776));
#7765 = ORIENTED_EDGE('',*,*,#7766,.F.);
#7766 = EDGE_CURVE('',#7745,#7767,#7769,.T.);
#7767 = VERTEX_POINT('',#7768);
#7768 = CARTESIAN_POINT('',(-1.407962787748,5.0495,1.94916605549));
#7769 = B_SPLINE_CURVE_WITH_KNOTS('',3,(#7770,#7771,#7772,#7773),
  .UNSPECIFIED.,.F.,.F.,(4,4),(3.,4.),.PIECEWISE_BEZIER_KNOTS.);
#7770 = CARTESIAN_POINT('',(-1.413105038985,5.0495,1.970497147378));
#7771 = CARTESIAN_POINT('',(-1.411558160001,5.0495,1.961306029406));
#7772 = CARTESIAN_POINT('',(-1.409869700844,5.0495,1.954143494501));
#7773 = CARTESIAN_POINT('',(-1.407962787748,5.0495,1.94916605549));
#7774 = ORIENTED_EDGE('',*,*,#7753,.F.);
#7775 = ORIENTED_EDGE('',*,*,#7500,.T.);
#7776 = ORIENTED_EDGE('',*,*,#7777,.T.);
#7777 = EDGE_CURVE('',#7494,#7767,#7778,.T.);
#7778 = B_SPLINE_CURVE_WITH_KNOTS('',1,(#7779,#7780),.UNSPECIFIED.,.F.,
  .F.,(2,2),(-0.,1.E-03),.PIECEWISE_BEZIER_KNOTS.);
#7779 = CARTESIAN_POINT('',(-1.407962787748,5.0505,1.94916605549));
#7780 = CARTESIAN_POINT('',(-1.407962787748,5.0495,1.94916605549));
#7781 = B_SPLINE_SURFACE_WITH_KNOTS('',3,1,(
    (#7782,#7783)
    ,(#7784,#7785)
    ,(#7786,#7787)
    ,(#7788,#7789
    )),.UNSPECIFIED.,.F.,.F.,.F.,(4,4),(2,2),(3.,4.),(0.,1.),
  .PIECEWISE_BEZIER_KNOTS.);
#7782 = CARTESIAN_POINT('',(-1.413105038985,5.0505,1.970497147378));
#7783 = CARTESIAN_POINT('',(-1.413105038985,5.0495,1.970497147378));
#7784 = CARTESIAN_POINT('',(-1.411558160001,5.0505,1.961306029406));
#7785 = CARTESIAN_POINT('',(-1.411558160001,5.0495,1.961306029406));
#7786 = CARTESIAN_POINT('',(-1.409869700844,5.0505,1.954143494501));
#7787 = CARTESIAN_POINT('',(-1.409869700844,5.0495,1.954143494501));
#7788 = CARTESIAN_POINT('',(-1.407962787748,5.0505,1.94916605549));
#7789 = CARTESIAN_POINT('',(-1.407962787748,5.0495,1.94916605549));
#7790 = ADVANCED_FACE('',(#7791),#7801,.T.);
#7791 = FACE_BOUND('',#7792,.T.);
#7792 = EDGE_LOOP('',(#7793,#7798,#7799,#7800));
#7793 = ORIENTED_EDGE('',*,*,#7794,.F.);
#7794 = EDGE_CURVE('',#7767,#7667,#7795,.T.);
#7795 = B_SPLINE_CURVE_WITH_KNOTS('',1,(#7796,#7797),.UNSPECIFIED.,.F.,
  .F.,(2,2),(1.317455565842E-16,0.134755265939),
  .PIECEWISE_BEZIER_KNOTS.);
#7796 = CARTESIAN_POINT('',(-1.407962787748,5.0495,1.94916605549));
#7797 = CARTESIAN_POINT('',(-1.36144527905,5.0495,1.822694307329));
#7798 = ORIENTED_EDGE('',*,*,#7777,.F.);
#7799 = ORIENTED_EDGE('',*,*,#7493,.T.);
#7800 = ORIENTED_EDGE('',*,*,#7675,.T.);
#7801 = B_SPLINE_SURFACE_WITH_KNOTS('',1,1,(
    (#7802,#7803)
    ,(#7804,#7805
    )),.UNSPECIFIED.,.F.,.F.,.F.,(2,2),(2,2),(-0.134755265939,
    -1.317455565842E-16),(-1.E-03,0.),.PIECEWISE_BEZIER_KNOTS.);
#7802 = CARTESIAN_POINT('',(-1.36144527905,5.0495,1.822694307329));
#7803 = CARTESIAN_POINT('',(-1.36144527905,5.0505,1.822694307329));
#7804 = CARTESIAN_POINT('',(-1.407962787748,5.0495,1.94916605549));
#7805 = CARTESIAN_POINT('',(-1.407962787748,5.0505,1.94916605549));
#7806 = ADVANCED_FACE('',(#7807),#7815,.F.);
#7807 = FACE_BOUND('',#7808,.T.);
#7808 = EDGE_LOOP('',(#7809,#7810,#7811,#7812,#7813,#7814));
#7809 = ORIENTED_EDGE('',*,*,#7794,.T.);
#7810 = ORIENTED_EDGE('',*,*,#7666,.T.);
#7811 = ORIENTED_EDGE('',*,*,#7694,.T.);
#7812 = ORIENTED_EDGE('',*,*,#7716,.T.);
#7813 = ORIENTED_EDGE('',*,*,#7744,.T.);
#7814 = ORIENTED_EDGE('',*,*,#7766,.T.);
#7815 = B_SPLINE_SURFACE_WITH_KNOTS('',1,1,(
    (#7816,#7817)
    ,(#7818,#7819
    )),.UNSPECIFIED.,.F.,.F.,.F.,(2,2),(2,2),(2.229502952622,
    2.378031961969),(3.586167135234,3.68855472095),
  .PIECEWISE_BEZIER_KNOTS.);
#7816 = CARTESIAN_POINT('',(-1.463832864766,5.0495,1.970497147378));
#7817 = CARTESIAN_POINT('',(-1.36144527905,5.0495,1.970497147378));
#7818 = CARTESIAN_POINT('',(-1.463832864766,5.0495,1.821968138031));
#7819 = CARTESIAN_POINT('',(-1.36144527905,5.0495,1.821968138031));
#7820 = ADVANCED_FACE('',(#7821,#8110),#8135,.F.);
#7821 = FACE_BOUND('',#7822,.T.);
#7822 = EDGE_LOOP('',(#7823,#7834,#7843,#7852,#7861,#7870,#7879,#7888,
    #7897,#7906,#7915,#7924,#7933,#7942,#7949,#7956,#7963,#7972,#7981,
    #7990,#7999,#8008,#8017,#8026,#8035,#8044,#8053,#8060,#8069,#8078,
    #8087,#8094,#8103));
#7823 = ORIENTED_EDGE('',*,*,#7824,.T.);
#7824 = EDGE_CURVE('',#7825,#7827,#7829,.T.);
#7825 = VERTEX_POINT('',#7826);
#7826 = CARTESIAN_POINT('',(0.304209277768,5.0505,2.01920311189));
#7827 = VERTEX_POINT('',#7828);
#7828 = CARTESIAN_POINT('',(0.516917776456,5.0505,2.304855267185));
#7829 = B_SPLINE_CURVE_WITH_KNOTS('',3,(#7830,#7831,#7832,#7833),
  .UNSPECIFIED.,.F.,.F.,(4,4),(35.,36.),.PIECEWISE_BEZIER_KNOTS.);
#7830 = CARTESIAN_POINT('',(0.304209277768,5.0505,2.01920311189));
#7831 = CARTESIAN_POINT('',(0.305455203544,5.0505,2.1493539841));
#7832 = CARTESIAN_POINT('',(0.393565939142,5.0505,2.264937792959));
#7833 = CARTESIAN_POINT('',(0.516917776456,5.0505,2.304855267185));
#7834 = ORIENTED_EDGE('',*,*,#7835,.T.);
#7835 = EDGE_CURVE('',#7827,#7836,#7838,.T.);
#7836 = VERTEX_POINT('',#7837);
#7837 = CARTESIAN_POINT('',(0.632824583584,5.0505,2.477031110922));
#7838 = B_SPLINE_CURVE_WITH_KNOTS('',3,(#7839,#7840,#7841,#7842),
  .UNSPECIFIED.,.F.,.F.,(4,4),(0.,1.),.PIECEWISE_BEZIER_KNOTS.);
#7839 = CARTESIAN_POINT('',(0.516917776456,5.0505,2.304855267185));
#7840 = CARTESIAN_POINT('',(0.54031444767,5.0505,2.370092263926));
#7841 = CARTESIAN_POINT('',(0.581108743151,5.0505,2.428945540773));
#7842 = CARTESIAN_POINT('',(0.632824583584,5.0505,2.477031110922));
#7843 = ORIENTED_EDGE('',*,*,#7844,.T.);
#7844 = EDGE_CURVE('',#7836,#7845,#7847,.T.);
#7845 = VERTEX_POINT('',#7846);
#7846 = CARTESIAN_POINT('',(0.926998608983,5.0505,2.59190734025));
#7847 = B_SPLINE_CURVE_WITH_KNOTS('',3,(#7848,#7849,#7850,#7851),
  .UNSPECIFIED.,.F.,.F.,(4,4),(1.,2.),.PIECEWISE_BEZIER_KNOTS.);
#7848 = CARTESIAN_POINT('',(0.632824583584,5.0505,2.477031110922));
#7849 = CARTESIAN_POINT('',(0.714736130475,5.0505,2.54919022869));
#7850 = CARTESIAN_POINT('',(0.818552298663,5.0505,2.591138200314));
#7851 = CARTESIAN_POINT('',(0.926998608983,5.0505,2.59190734025));
#7852 = ORIENTED_EDGE('',*,*,#7853,.T.);
#7853 = EDGE_CURVE('',#7845,#7854,#7856,.T.);
#7854 = VERTEX_POINT('',#7855);
#7855 = CARTESIAN_POINT('',(1.187869682915,5.0505,2.509165151975));
#7856 = B_SPLINE_CURVE_WITH_KNOTS('',3,(#7857,#7858,#7859,#7860),
  .UNSPECIFIED.,.F.,.F.,(4,4),(2.,3.),.PIECEWISE_BEZIER_KNOTS.);
#7857 = CARTESIAN_POINT('',(0.926998608983,5.0505,2.59190734025));
#7858 = CARTESIAN_POINT('',(1.02243135379,5.0505,2.592584183334));
#7859 = CARTESIAN_POINT('',(1.111572695704,5.0505,2.562849911767));
#7860 = CARTESIAN_POINT('',(1.187869682915,5.0505,2.509165151975));
#7861 = ORIENTED_EDGE('',*,*,#7862,.T.);
#7862 = EDGE_CURVE('',#7854,#7863,#7865,.T.);
#7863 = VERTEX_POINT('',#7864);
#7864 = CARTESIAN_POINT('',(1.28397927088,5.0505,2.414409239911));
#7865 = B_SPLINE_CURVE_WITH_KNOTS('',3,(#7866,#7867,#7868,#7869),
  .UNSPECIFIED.,.F.,.F.,(4,4),(3.,4.),.PIECEWISE_BEZIER_KNOTS.);
#7866 = CARTESIAN_POINT('',(1.187869682915,5.0505,2.509165151975));
#7867 = CARTESIAN_POINT('',(1.2249260386,5.0505,2.483399538989));
#7868 = CARTESIAN_POINT('',(1.255521739195,5.0505,2.451081005017));
#7869 = CARTESIAN_POINT('',(1.28397927088,5.0505,2.414409239911));
#7870 = ORIENTED_EDGE('',*,*,#7871,.T.);
#7871 = EDGE_CURVE('',#7863,#7872,#7874,.T.);
#7872 = VERTEX_POINT('',#7873);
#7873 = CARTESIAN_POINT('',(1.333833791511,5.0505,2.419100892439));
#7874 = B_SPLINE_CURVE_WITH_KNOTS('',3,(#7875,#7876,#7877,#7878),
  .UNSPECIFIED.,.F.,.F.,(4,4),(4.,5.),.PIECEWISE_BEZIER_KNOTS.);
#7875 = CARTESIAN_POINT('',(1.28397927088,5.0505,2.414409239911));
#7876 = CARTESIAN_POINT('',(1.301315281126,5.0505,2.416701236663));
#7877 = CARTESIAN_POINT('',(1.316482398408,5.0505,2.418977830167));
#7878 = CARTESIAN_POINT('',(1.333833791511,5.0505,2.419100892439));
#7879 = ORIENTED_EDGE('',*,*,#7880,.T.);
#7880 = EDGE_CURVE('',#7872,#7881,#7883,.T.);
#7881 = VERTEX_POINT('',#7882);
#7882 = CARTESIAN_POINT('',(1.583998679614,5.0505,2.316761452247));
#7883 = B_SPLINE_CURVE_WITH_KNOTS('',3,(#7884,#7885,#7886,#7887),
  .UNSPECIFIED.,.F.,.F.,(4,4),(5.,6.),.PIECEWISE_BEZIER_KNOTS.);
#7884 = CARTESIAN_POINT('',(1.333833791511,5.0505,2.419100892439));
#7885 = CARTESIAN_POINT('',(1.427097622523,5.0505,2.419762352813));
#7886 = CARTESIAN_POINT('',(1.516285092123,5.0505,2.383521306102));
#7887 = CARTESIAN_POINT('',(1.583998679614,5.0505,2.316761452247));
#7888 = ORIENTED_EDGE('',*,*,#7889,.T.);
#7889 = EDGE_CURVE('',#7881,#7890,#7892,.T.);
#7890 = VERTEX_POINT('',#7891);
#7891 = CARTESIAN_POINT('',(1.687691908078,5.0505,2.070226885627));
#7892 = B_SPLINE_CURVE_WITH_KNOTS('',3,(#7893,#7894,#7895,#7896),
  .UNSPECIFIED.,.F.,.F.,(4,4),(6.,7.),.PIECEWISE_BEZIER_KNOTS.);
#7893 = CARTESIAN_POINT('',(1.583998679614,5.0505,2.316761452247));
#7894 = CARTESIAN_POINT('',(1.649528006503,5.0505,2.252155171104));
#7895 = CARTESIAN_POINT('',(1.687030447851,5.0505,2.163490695952));
#7896 = CARTESIAN_POINT('',(1.687691908078,5.0505,2.070226885627));
#7897 = ORIENTED_EDGE('',*,*,#7898,.T.);
#7898 = EDGE_CURVE('',#7890,#7899,#7901,.T.);
#7899 = VERTEX_POINT('',#7900);
#7900 = CARTESIAN_POINT('',(1.598273736253,5.0505,1.833167901255));
#7901 = B_SPLINE_CURVE_WITH_KNOTS('',3,(#7902,#7903,#7904,#7905),
  .UNSPECIFIED.,.F.,.F.,(4,4),(7.,8.),.PIECEWISE_BEZIER_KNOTS.);
#7902 = CARTESIAN_POINT('',(1.687691908078,5.0505,2.070226885627));
#7903 = CARTESIAN_POINT('',(1.688307220026,5.0505,1.983469837369));
#7904 = CARTESIAN_POINT('',(1.656373256316,5.0505,1.898650940244));
#7905 = CARTESIAN_POINT('',(1.598273736253,5.0505,1.833167901255));
#7906 = ORIENTED_EDGE('',*,*,#7907,.T.);
#7907 = EDGE_CURVE('',#7899,#7908,#7910,.T.);
#7908 = VERTEX_POINT('',#7909);
#7909 = CARTESIAN_POINT('',(1.425498013963,5.0505,1.727828835999));
#7910 = B_SPLINE_CURVE_WITH_KNOTS('',3,(#7911,#7912,#7913,#7914),
  .UNSPECIFIED.,.F.,.F.,(4,4),(8.,9.),.PIECEWISE_BEZIER_KNOTS.);
#7911 = CARTESIAN_POINT('',(1.598273736253,5.0505,1.833167901255));
#7912 = CARTESIAN_POINT('',(1.550926551254,5.0505,1.780775217663));
#7913 = CARTESIAN_POINT('',(1.492611651677,5.0505,1.745657095775));
#7914 = CARTESIAN_POINT('',(1.425498013963,5.0505,1.727828835999));
#7915 = ORIENTED_EDGE('',*,*,#7916,.T.);
#7916 = EDGE_CURVE('',#7908,#7917,#7919,.T.);
#7917 = VERTEX_POINT('',#7918);
#7918 = CARTESIAN_POINT('',(1.220496033864,5.0505,1.578880504488));
#7919 = B_SPLINE_CURVE_WITH_KNOTS('',3,(#7920,#7921,#7922,#7923),
  .UNSPECIFIED.,.F.,.F.,(4,4),(9.,10.),.PIECEWISE_BEZIER_KNOTS.);
#7920 = CARTESIAN_POINT('',(1.425498013963,5.0505,1.727828835999));
#7921 = CARTESIAN_POINT('',(1.397917281091,5.0505,1.640871811329));
#7922 = CARTESIAN_POINT('',(1.315928820041,5.0505,1.579557347865));
#7923 = CARTESIAN_POINT('',(1.220496033864,5.0505,1.578880504488));
#7924 = ORIENTED_EDGE('',*,*,#7925,.T.);
#7925 = EDGE_CURVE('',#7917,#7926,#7928,.T.);
#7926 = VERTEX_POINT('',#7927);
#7927 = CARTESIAN_POINT('',(1.002065133354,5.0505,1.794234845256));
#7928 = B_SPLINE_CURVE_WITH_KNOTS('',3,(#7929,#7930,#7931,#7932),
  .UNSPECIFIED.,.F.,.F.,(4,4),(10.,11.),.PIECEWISE_BEZIER_KNOTS.);
#7929 = CARTESIAN_POINT('',(1.220496033864,5.0505,1.578880504488));
#7930 = CARTESIAN_POINT('',(1.101205092513,5.0505,1.578034450559));
#7931 = CARTESIAN_POINT('',(1.002911187282,5.0505,1.674943903904));
#7932 = CARTESIAN_POINT('',(1.002065133354,5.0505,1.794234845256));
#7933 = ORIENTED_EDGE('',*,*,#7934,.T.);
#7934 = EDGE_CURVE('',#7926,#7935,#7937,.T.);
#7935 = VERTEX_POINT('',#7936);
#7936 = CARTESIAN_POINT('',(1.001911305366,5.0505,1.815924107322));
#7937 = B_SPLINE_CURVE_WITH_KNOTS('',3,(#7938,#7939,#7940,#7941),
  .UNSPECIFIED.,.F.,.F.,(4,4),(11.,12.),.PIECEWISE_BEZIER_KNOTS.);
#7938 = CARTESIAN_POINT('',(1.002065133354,5.0505,1.794234845256));
#7939 = CARTESIAN_POINT('',(1.002018985075,5.0505,1.800741607328));
#7940 = CARTESIAN_POINT('',(1.001972836796,5.0505,1.807248369401));
#7941 = CARTESIAN_POINT('',(1.001911305366,5.0505,1.815924107322));
#7942 = ORIENTED_EDGE('',*,*,#7943,.T.);
#7943 = EDGE_CURVE('',#7935,#7944,#7946,.T.);
#7944 = VERTEX_POINT('',#7945);
#7945 = CARTESIAN_POINT('',(0.697123309426,5.0505,1.974271046502));
#7946 = B_SPLINE_CURVE_WITH_KNOTS('',1,(#7947,#7948),.UNSPECIFIED.,.F.,
  .F.,(2,2),(-2.047364033223E-16,0.343466847916),
  .PIECEWISE_BEZIER_KNOTS.);
#7947 = CARTESIAN_POINT('',(1.001911305366,5.0505,1.815924107322));
#7948 = CARTESIAN_POINT('',(0.697123309426,5.0505,1.974271046502));
#7949 = ORIENTED_EDGE('',*,*,#7950,.T.);
#7950 = EDGE_CURVE('',#7944,#7951,#7953,.T.);
#7951 = VERTEX_POINT('',#7952);
#7952 = CARTESIAN_POINT('',(0.763544700222,5.0505,2.089701026787));
#7953 = B_SPLINE_CURVE_WITH_KNOTS('',1,(#7954,#7955),.UNSPECIFIED.,.F.,
  .F.,(2,2),(0.,0.133176129632),.PIECEWISE_BEZIER_KNOTS.);
#7954 = CARTESIAN_POINT('',(0.697123309426,5.0505,1.974271046502));
#7955 = CARTESIAN_POINT('',(0.763544700222,5.0505,2.089701026787));
#7956 = ORIENTED_EDGE('',*,*,#7957,.T.);
#7957 = EDGE_CURVE('',#7951,#7958,#7960,.T.);
#7958 = VERTEX_POINT('',#7959);
#7959 = CARTESIAN_POINT('',(1.055257599514,5.0505,1.939937487308));
#7960 = B_SPLINE_CURVE_WITH_KNOTS('',1,(#7961,#7962),.UNSPECIFIED.,.F.,
  .F.,(2,2),(0.,0.327910861929),.PIECEWISE_BEZIER_KNOTS.);
#7961 = CARTESIAN_POINT('',(0.763544700222,5.0505,2.089701026787));
#7962 = CARTESIAN_POINT('',(1.055257599514,5.0505,1.939937487308));
#7963 = ORIENTED_EDGE('',*,*,#7964,.T.);
#7964 = EDGE_CURVE('',#7958,#7965,#7967,.T.);
#7965 = VERTEX_POINT('',#7966);
#7966 = CARTESIAN_POINT('',(1.217404049897,5.0505,2.014834679954));
#7967 = B_SPLINE_CURVE_WITH_KNOTS('',3,(#7968,#7969,#7970,#7971),
  .UNSPECIFIED.,.F.,.F.,(4,4),(15.,16.),.PIECEWISE_BEZIER_KNOTS.);
#7968 = CARTESIAN_POINT('',(1.055257599514,5.0505,1.939937487308));
#7969 = CARTESIAN_POINT('',(1.093975215851,5.0505,1.985761836175));
#7970 = CARTESIAN_POINT('',(1.152336263705,5.0505,2.014373195993));
#7971 = CARTESIAN_POINT('',(1.217404049897,5.0505,2.014834679954));
#7972 = ORIENTED_EDGE('',*,*,#7973,.T.);
#7973 = EDGE_CURVE('',#7965,#7974,#7976,.T.);
#7974 = VERTEX_POINT('',#7975);
#7975 = CARTESIAN_POINT('',(1.422298369798,5.0505,1.873131525079));
#7976 = B_SPLINE_CURVE_WITH_KNOTS('',3,(#7977,#7978,#7979,#7980),
  .UNSPECIFIED.,.F.,.F.,(4,4),(16.,17.),.PIECEWISE_BEZIER_KNOTS.);
#7977 = CARTESIAN_POINT('',(1.217404049897,5.0505,2.014834679954));
#7978 = CARTESIAN_POINT('',(1.310667901593,5.0505,2.015496140475));
#7979 = CARTESIAN_POINT('',(1.391348864655,5.0505,1.95533538662));
#7980 = CARTESIAN_POINT('',(1.422298369798,5.0505,1.873131525079));
#7981 = ORIENTED_EDGE('',*,*,#7982,.T.);
#7982 = EDGE_CURVE('',#7974,#7983,#7985,.T.);
#7983 = VERTEX_POINT('',#7984);
#7984 = CARTESIAN_POINT('',(1.551018724583,5.0505,2.073595720536));
#7985 = B_SPLINE_CURVE_WITH_KNOTS('',3,(#7986,#7987,#7988,#7989),
  .UNSPECIFIED.,.F.,.F.,(4,4),(17.,18.),.PIECEWISE_BEZIER_KNOTS.);
#7986 = CARTESIAN_POINT('',(1.422298369798,5.0505,1.873131525079));
#7987 = CARTESIAN_POINT('',(1.497964662183,5.0505,1.908372750608));
#7988 = CARTESIAN_POINT('',(1.551649419389,5.0505,1.984669737799));
#7989 = CARTESIAN_POINT('',(1.551018724583,5.0505,2.073595720536));
#7990 = ORIENTED_EDGE('',*,*,#7991,.T.);
#7991 = EDGE_CURVE('',#7983,#7992,#7994,.T.);
#7992 = VERTEX_POINT('',#7993);
#7993 = CARTESIAN_POINT('',(1.332587824074,5.0505,2.288950061305));
#7994 = B_SPLINE_CURVE_WITH_KNOTS('',3,(#7995,#7996,#7997,#7998),
  .UNSPECIFIED.,.F.,.F.,(4,4),(18.,19.),.PIECEWISE_BEZIER_KNOTS.);
#7995 = CARTESIAN_POINT('',(1.551018724583,5.0505,2.073595720536));
#7996 = CARTESIAN_POINT('',(1.550172670655,5.0505,2.192886661888));
#7997 = CARTESIAN_POINT('',(1.451878765425,5.0505,2.289796115234));
#7998 = CARTESIAN_POINT('',(1.332587824074,5.0505,2.288950061305));
#7999 = ORIENTED_EDGE('',*,*,#8000,.T.);
#8000 = EDGE_CURVE('',#7992,#8001,#8003,.T.);
#8001 = VERTEX_POINT('',#8002);
#8002 = CARTESIAN_POINT('',(1.217865493663,5.0505,2.255600879994));
#8003 = B_SPLINE_CURVE_WITH_KNOTS('',3,(#8004,#8005,#8006,#8007),
  .UNSPECIFIED.,.F.,.F.,(4,4),(19.,20.),.PIECEWISE_BEZIER_KNOTS.);
#8004 = CARTESIAN_POINT('',(1.332587824074,5.0505,2.288950061305));
#8005 = CARTESIAN_POINT('',(1.291378234425,5.0505,2.288657788188));
#8006 = CARTESIAN_POINT('',(1.250260941628,5.0505,2.27535194956));
#8007 = CARTESIAN_POINT('',(1.217865493663,5.0505,2.255600879994));
#8008 = ORIENTED_EDGE('',*,*,#8009,.T.);
#8009 = EDGE_CURVE('',#8001,#8010,#8012,.T.);
#8010 = VERTEX_POINT('',#8011);
#8011 = CARTESIAN_POINT('',(0.925752683793,5.0505,2.461756385302));
#8012 = B_SPLINE_CURVE_WITH_KNOTS('',3,(#8013,#8014,#8015,#8016),
  .UNSPECIFIED.,.F.,.F.,(4,4),(20.,21.),.PIECEWISE_BEZIER_KNOTS.);
#8013 = CARTESIAN_POINT('',(1.217865493663,5.0505,2.255600879994));
#8014 = CARTESIAN_POINT('',(1.175794509478,5.0505,2.376768358898));
#8015 = CARTESIAN_POINT('',(1.062395018249,5.0505,2.462725501503));
#8016 = CARTESIAN_POINT('',(0.925752683793,5.0505,2.461756385302));
#8017 = ORIENTED_EDGE('',*,*,#8018,.T.);
#8018 = EDGE_CURVE('',#8010,#8019,#8021,.T.);
#8019 = VERTEX_POINT('',#8020);
#8020 = CARTESIAN_POINT('',(0.624025864736,5.0505,2.188487017684));
#8021 = B_SPLINE_CURVE_WITH_KNOTS('',3,(#8022,#8023,#8024,#8025),
  .UNSPECIFIED.,.F.,.F.,(4,4),(21.,22.),.PIECEWISE_BEZIER_KNOTS.);
#8022 = CARTESIAN_POINT('',(0.925752683793,5.0505,2.461756385302));
#8023 = CARTESIAN_POINT('',(0.769589980385,5.0505,2.460648823678));
#8024 = CARTESIAN_POINT('',(0.640300461931,5.0505,2.340434914403));
#8025 = CARTESIAN_POINT('',(0.624025864736,5.0505,2.188487017684));
#8026 = ORIENTED_EDGE('',*,*,#8027,.T.);
#8027 = EDGE_CURVE('',#8019,#8028,#8030,.T.);
#8028 = VERTEX_POINT('',#8029);
#8029 = CARTESIAN_POINT('',(0.606674471632,5.0505,2.188363955411));
#8030 = B_SPLINE_CURVE_WITH_KNOTS('',3,(#8031,#8032,#8033,#8034),
  .UNSPECIFIED.,.F.,.F.,(4,4),(22.,23.),.PIECEWISE_BEZIER_KNOTS.);
#8031 = CARTESIAN_POINT('',(0.624025864736,5.0505,2.188487017684));
#8032 = CARTESIAN_POINT('',(0.617519102665,5.0505,2.188440869405));
#8033 = CARTESIAN_POINT('',(0.613181233704,5.0505,2.18841010369));
#8034 = CARTESIAN_POINT('',(0.606674471632,5.0505,2.188363955411));
#8035 = ORIENTED_EDGE('',*,*,#8036,.T.);
#8036 = EDGE_CURVE('',#8028,#8037,#8039,.T.);
#8037 = VERTEX_POINT('',#8038);
#8038 = CARTESIAN_POINT('',(0.438698102263,5.0505,2.017987869679));
#8039 = B_SPLINE_CURVE_WITH_KNOTS('',3,(#8040,#8041,#8042,#8043),
  .UNSPECIFIED.,.F.,.F.,(4,4),(23.,24.),.PIECEWISE_BEZIER_KNOTS.);
#8040 = CARTESIAN_POINT('',(0.606674471632,5.0505,2.188363955411));
#8041 = CARTESIAN_POINT('',(0.513410661305,5.0505,2.187702495184));
#8042 = CARTESIAN_POINT('',(0.438036642036,5.0505,2.111251680006));
#8043 = CARTESIAN_POINT('',(0.438698102263,5.0505,2.017987869679));
#8044 = ORIENTED_EDGE('',*,*,#8045,.T.);
#8045 = EDGE_CURVE('',#8037,#8046,#8048,.T.);
#8046 = VERTEX_POINT('',#8047);
#8047 = CARTESIAN_POINT('',(0.596060663852,5.0505,1.849919203752));
#8048 = B_SPLINE_CURVE_WITH_KNOTS('',3,(#8049,#8050,#8051,#8052),
  .UNSPECIFIED.,.F.,.F.,(4,4),(24.,25.),.PIECEWISE_BEZIER_KNOTS.);
#8049 = CARTESIAN_POINT('',(0.438698102263,5.0505,2.017987869679));
#8050 = CARTESIAN_POINT('',(0.439328797068,5.0505,1.929061886942));
#8051 = CARTESIAN_POINT('',(0.507088491469,5.0505,1.855795270725));
#8052 = CARTESIAN_POINT('',(0.596060663852,5.0505,1.849919203752));
#8053 = ORIENTED_EDGE('',*,*,#8054,.T.);
#8054 = EDGE_CURVE('',#8046,#8055,#8057,.T.);
#8055 = VERTEX_POINT('',#8056);
#8056 = CARTESIAN_POINT('',(0.69366234314,5.0505,1.850611429693));
#8057 = B_SPLINE_CURVE_WITH_KNOTS('',1,(#8058,#8059),.UNSPECIFIED.,.F.,
  .F.,(2,2),(-1.574779975303E-18,9.760413401376E-02),
  .PIECEWISE_BEZIER_KNOTS.);
#8058 = CARTESIAN_POINT('',(0.596060663852,5.0505,1.849919203752));
#8059 = CARTESIAN_POINT('',(0.69366234314,5.0505,1.850611429693));
#8060 = ORIENTED_EDGE('',*,*,#8061,.T.);
#8061 = EDGE_CURVE('',#8055,#8062,#8064,.T.);
#8062 = VERTEX_POINT('',#8063);
#8063 = CARTESIAN_POINT('',(0.706660484719,5.0505,1.852872619362));
#8064 = B_SPLINE_CURVE_WITH_KNOTS('',3,(#8065,#8066,#8067,#8068),
  .UNSPECIFIED.,.F.,.F.,(4,4),(26.,27.),.PIECEWISE_BEZIER_KNOTS.);
#8065 = CARTESIAN_POINT('',(0.69366234314,5.0505,1.850611429693));
#8066 = CARTESIAN_POINT('',(0.698000212101,5.0505,1.850642195408));
#8067 = CARTESIAN_POINT('',(0.702322698497,5.0505,1.852841854234));
#8068 = CARTESIAN_POINT('',(0.706660484719,5.0505,1.852872619362));
#8069 = ORIENTED_EDGE('',*,*,#8070,.T.);
#8070 = EDGE_CURVE('',#8062,#8071,#8073,.T.);
#8071 = VERTEX_POINT('',#8072);
#8072 = CARTESIAN_POINT('',(0.774374030547,5.0505,1.786112806584));
#8073 = B_SPLINE_CURVE_WITH_KNOTS('',3,(#8074,#8075,#8076,#8077),
  .UNSPECIFIED.,.F.,.F.,(4,4),(27.,28.),.PIECEWISE_BEZIER_KNOTS.);
#8074 = CARTESIAN_POINT('',(0.706660484719,5.0505,1.852872619362));
#8075 = CARTESIAN_POINT('',(0.743532246776,5.0505,1.853134127057));
#8076 = CARTESIAN_POINT('',(0.774112523439,5.0505,1.822984485903));
#8077 = CARTESIAN_POINT('',(0.774374030547,5.0505,1.786112806584));
#8078 = ORIENTED_EDGE('',*,*,#8079,.T.);
#8079 = EDGE_CURVE('',#8071,#8080,#8082,.T.);
#8080 = VERTEX_POINT('',#8081);
#8081 = CARTESIAN_POINT('',(0.711952003992,5.0505,1.718430025882));
#8082 = B_SPLINE_CURVE_WITH_KNOTS('',3,(#8083,#8084,#8085,#8086),
  .UNSPECIFIED.,.F.,.F.,(4,4),(28.,29.),.PIECEWISE_BEZIER_KNOTS.);
#8083 = CARTESIAN_POINT('',(0.774374030547,5.0505,1.786112806584));
#8084 = CARTESIAN_POINT('',(0.774620155092,5.0505,1.751410020376));
#8085 = CARTESIAN_POINT('',(0.746639490374,5.0505,1.720845044124));
#8086 = CARTESIAN_POINT('',(0.711952003992,5.0505,1.718430025882));
#8087 = ORIENTED_EDGE('',*,*,#8088,.T.);
#8088 = EDGE_CURVE('',#8080,#8089,#8091,.T.);
#8089 = VERTEX_POINT('',#8090);
#8090 = CARTESIAN_POINT('',(0.583985407457,5.0505,1.717522441111));
#8091 = B_SPLINE_CURVE_WITH_KNOTS('',1,(#8092,#8093),.UNSPECIFIED.,.F.,
  .F.,(2,2),(3.149559950606E-18,0.127969814952),
  .PIECEWISE_BEZIER_KNOTS.);
#8092 = CARTESIAN_POINT('',(0.711952003992,5.0505,1.718430025882));
#8093 = CARTESIAN_POINT('',(0.583985407457,5.0505,1.717522441111));
#8094 = ORIENTED_EDGE('',*,*,#8095,.T.);
#8095 = EDGE_CURVE('',#8089,#8096,#8098,.T.);
#8096 = VERTEX_POINT('',#8097);
#8097 = CARTESIAN_POINT('',(0.38592092983,5.0505,1.813724285952));
#8098 = B_SPLINE_CURVE_WITH_KNOTS('',3,(#8099,#8100,#8101,#8102),
  .UNSPECIFIED.,.F.,.F.,(4,4),(33.,34.),.PIECEWISE_BEZIER_KNOTS.);
#8099 = CARTESIAN_POINT('',(0.583985407457,5.0505,1.717522441111));
#8100 = CARTESIAN_POINT('',(0.508026841956,5.0505,1.723490805228));
#8101 = CARTESIAN_POINT('',(0.438375061671,5.0505,1.757701424498));
#8102 = CARTESIAN_POINT('',(0.38592092983,5.0505,1.813724285952));
#8103 = ORIENTED_EDGE('',*,*,#8104,.T.);
#8104 = EDGE_CURVE('',#8096,#7825,#8105,.T.);
#8105 = B_SPLINE_CURVE_WITH_KNOTS('',3,(#8106,#8107,#8108,#8109),
  .UNSPECIFIED.,.F.,.F.,(4,4),(34.,35.),.PIECEWISE_BEZIER_KNOTS.);
#8106 = CARTESIAN_POINT('',(0.38592092983,5.0505,1.813724285952));
#8107 = CARTESIAN_POINT('',(0.333466715249,5.0505,1.86974714682));
#8108 = CARTESIAN_POINT('',(0.304747675722,5.0505,1.943290694667));
#8109 = CARTESIAN_POINT('',(0.304209277768,5.0505,2.01920311189));
#8110 = FACE_BOUND('',#8111,.T.);
#8111 = EDGE_LOOP('',(#8112,#8126));
#8112 = ORIENTED_EDGE('',*,*,#8113,.F.);
#8113 = EDGE_CURVE('',#8114,#8116,#8118,.T.);
#8114 = VERTEX_POINT('',#8115);
#8115 = CARTESIAN_POINT('',(1.221742001596,5.0505,1.709031294253));
#8116 = VERTEX_POINT('',#8117);
#8117 = CARTESIAN_POINT('',(1.220542142828,5.0505,1.878207604542));
#8118 = B_SPLINE_CURVE_WITH_KNOTS('',3,(#8119,#8120,#8121,#8122,#8123,
    #8124,#8125),.UNSPECIFIED.,.F.,.F.,(4,3,4),(0.,1.,2.),
  .PIECEWISE_BEZIER_KNOTS.);
#8119 = CARTESIAN_POINT('',(1.221742001596,5.0505,1.709031294253));
#8120 = CARTESIAN_POINT('',(1.174025649877,5.0505,1.708692872858));
#8121 = CARTESIAN_POINT('',(1.136876996975,5.0505,1.747472103067));
#8122 = CARTESIAN_POINT('',(1.136553958437,5.0505,1.793019520307));
#8123 = CARTESIAN_POINT('',(1.136215536748,5.0505,1.840735913395));
#8124 = CARTESIAN_POINT('',(1.174994684219,5.0505,1.877884565711));
#8125 = CARTESIAN_POINT('',(1.220542142828,5.0505,1.878207604542));
#8126 = ORIENTED_EDGE('',*,*,#8127,.F.);
#8127 = EDGE_CURVE('',#8116,#8114,#8128,.T.);
#8128 = B_SPLINE_CURVE_WITH_KNOTS('',3,(#8129,#8130,#8131,#8132,#8133,
    #8134),.UNSPECIFIED.,.F.,.F.,(4,2,4),(2.,3.,4.),.UNSPECIFIED.);
#8129 = CARTESIAN_POINT('',(1.220542142828,5.0505,1.878207604542));
#8130 = CARTESIAN_POINT('',(1.266089601435,5.0505,1.878530643373));
#8131 = CARTESIAN_POINT('',(1.305391764299,5.0505,1.841935771576));
#8132 = CARTESIAN_POINT('',(1.306068607676,5.0505,1.7465029854));
#8133 = CARTESIAN_POINT('',(1.267289460204,5.0505,1.709354333084));
#8134 = CARTESIAN_POINT('',(1.221742001596,5.0505,1.709031294253));
#8135 = B_SPLINE_SURFACE_WITH_KNOTS('',1,1,(
    (#8136,#8137)
    ,(#8138,#8139
    )),.UNSPECIFIED.,.F.,.F.,.F.,(2,2),(2,2),(-0.396717469552,
    0.617832263223),(-6.056453251729E-02,1.323533409741),
  .PIECEWISE_BEZIER_KNOTS.);
#8136 = CARTESIAN_POINT('',(0.304209277768,5.0505,2.592584183334));
#8137 = CARTESIAN_POINT('',(1.688307220026,5.0505,2.592584183334));
#8138 = CARTESIAN_POINT('',(0.304209277768,5.0505,1.578034450559));
#8139 = CARTESIAN_POINT('',(1.688307220026,5.0505,1.578034450559));
#8140 = ADVANCED_FACE('',(#8141),#8155,.F.);
#8141 = FACE_BOUND('',#8142,.F.);
#8142 = EDGE_LOOP('',(#8143,#8148,#8149,#8154));
#8143 = ORIENTED_EDGE('',*,*,#8144,.F.);
#8144 = EDGE_CURVE('',#7825,#1132,#8145,.T.);
#8145 = B_SPLINE_CURVE_WITH_KNOTS('',1,(#8146,#8147),.UNSPECIFIED.,.F.,
  .F.,(2,2),(-0.,1.E-03),.PIECEWISE_BEZIER_KNOTS.);
#8146 = CARTESIAN_POINT('',(0.304209277768,5.0505,2.01920311189));
#8147 = CARTESIAN_POINT('',(0.304209277768,5.0495,2.01920311189));
#8148 = ORIENTED_EDGE('',*,*,#7824,.T.);
#8149 = ORIENTED_EDGE('',*,*,#8150,.T.);
#8150 = EDGE_CURVE('',#7827,#1134,#8151,.T.);
#8151 = B_SPLINE_CURVE_WITH_KNOTS('',1,(#8152,#8153),.UNSPECIFIED.,.F.,
  .F.,(2,2),(-0.,1.E-03),.PIECEWISE_BEZIER_KNOTS.);
#8152 = CARTESIAN_POINT('',(0.516917776456,5.0505,2.304855267185));
#8153 = CARTESIAN_POINT('',(0.516917776456,5.0495,2.304855267185));
#8154 = ORIENTED_EDGE('',*,*,#1131,.F.);
#8155 = B_SPLINE_SURFACE_WITH_KNOTS('',3,1,(
    (#8156,#8157)
    ,(#8158,#8159)
    ,(#8160,#8161)
    ,(#8162,#8163
    )),.UNSPECIFIED.,.F.,.F.,.F.,(4,4),(2,2),(35.,36.),(0.,1.),
  .PIECEWISE_BEZIER_KNOTS.);
#8156 = CARTESIAN_POINT('',(0.304209277768,5.0505,2.01920311189));
#8157 = CARTESIAN_POINT('',(0.304209277768,5.0495,2.01920311189));
#8158 = CARTESIAN_POINT('',(0.305455203544,5.0505,2.1493539841));
#8159 = CARTESIAN_POINT('',(0.305455203544,5.0495,2.1493539841));
#8160 = CARTESIAN_POINT('',(0.393565939142,5.0505,2.264937792959));
#8161 = CARTESIAN_POINT('',(0.393565939142,5.0495,2.264937792959));
#8162 = CARTESIAN_POINT('',(0.516917776456,5.0505,2.304855267185));
#8163 = CARTESIAN_POINT('',(0.516917776456,5.0495,2.304855267185));
#8164 = ADVANCED_FACE('',(#8165),#8175,.F.);
#8165 = FACE_BOUND('',#8166,.F.);
#8166 = EDGE_LOOP('',(#8167,#8168,#8169,#8174));
#8167 = ORIENTED_EDGE('',*,*,#8150,.F.);
#8168 = ORIENTED_EDGE('',*,*,#7835,.T.);
#8169 = ORIENTED_EDGE('',*,*,#8170,.T.);
#8170 = EDGE_CURVE('',#7836,#1403,#8171,.T.);
#8171 = B_SPLINE_CURVE_WITH_KNOTS('',1,(#8172,#8173),.UNSPECIFIED.,.F.,
  .F.,(2,2),(-0.,1.E-03),.PIECEWISE_BEZIER_KNOTS.);
#8172 = CARTESIAN_POINT('',(0.632824583584,5.0505,2.477031110922));
#8173 = CARTESIAN_POINT('',(0.632824583584,5.0495,2.477031110922));
#8174 = ORIENTED_EDGE('',*,*,#1411,.F.);
#8175 = B_SPLINE_SURFACE_WITH_KNOTS('',3,1,(
    (#8176,#8177)
    ,(#8178,#8179)
    ,(#8180,#8181)
    ,(#8182,#8183
    )),.UNSPECIFIED.,.F.,.F.,.F.,(4,4),(2,2),(0.,1.),(0.,1.),
  .PIECEWISE_BEZIER_KNOTS.);
#8176 = CARTESIAN_POINT('',(0.516917776456,5.0505,2.304855267185));
#8177 = CARTESIAN_POINT('',(0.516917776456,5.0495,2.304855267185));
#8178 = CARTESIAN_POINT('',(0.54031444767,5.0505,2.370092263926));
#8179 = CARTESIAN_POINT('',(0.54031444767,5.0495,2.370092263926));
#8180 = CARTESIAN_POINT('',(0.581108743151,5.0505,2.428945540773));
#8181 = CARTESIAN_POINT('',(0.581108743151,5.0495,2.428945540773));
#8182 = CARTESIAN_POINT('',(0.632824583584,5.0505,2.477031110922));
#8183 = CARTESIAN_POINT('',(0.632824583584,5.0495,2.477031110922));
#8184 = ADVANCED_FACE('',(#8185),#8195,.F.);
#8185 = FACE_BOUND('',#8186,.F.);
#8186 = EDGE_LOOP('',(#8187,#8188,#8189,#8194));
#8187 = ORIENTED_EDGE('',*,*,#8170,.F.);
#8188 = ORIENTED_EDGE('',*,*,#7844,.T.);
#8189 = ORIENTED_EDGE('',*,*,#8190,.T.);
#8190 = EDGE_CURVE('',#7845,#1394,#8191,.T.);
#8191 = B_SPLINE_CURVE_WITH_KNOTS('',1,(#8192,#8193),.UNSPECIFIED.,.F.,
  .F.,(2,2),(-0.,1.E-03),.PIECEWISE_BEZIER_KNOTS.);
#8192 = CARTESIAN_POINT('',(0.926998608983,5.0505,2.59190734025));
#8193 = CARTESIAN_POINT('',(0.926998608983,5.0495,2.59190734025));
#8194 = ORIENTED_EDGE('',*,*,#1402,.F.);
#8195 = B_SPLINE_SURFACE_WITH_KNOTS('',3,1,(
    (#8196,#8197)
    ,(#8198,#8199)
    ,(#8200,#8201)
    ,(#8202,#8203
    )),.UNSPECIFIED.,.F.,.F.,.F.,(4,4),(2,2),(1.,2.),(0.,1.),
  .PIECEWISE_BEZIER_KNOTS.);
#8196 = CARTESIAN_POINT('',(0.632824583584,5.0505,2.477031110922));
#8197 = CARTESIAN_POINT('',(0.632824583584,5.0495,2.477031110922));
#8198 = CARTESIAN_POINT('',(0.714736130475,5.0505,2.54919022869));
#8199 = CARTESIAN_POINT('',(0.714736130475,5.0495,2.54919022869));
#8200 = CARTESIAN_POINT('',(0.818552298663,5.0505,2.591138200314));
#8201 = CARTESIAN_POINT('',(0.818552298663,5.0495,2.591138200314));
#8202 = CARTESIAN_POINT('',(0.926998608983,5.0505,2.59190734025));
#8203 = CARTESIAN_POINT('',(0.926998608983,5.0495,2.59190734025));
#8204 = ADVANCED_FACE('',(#8205),#8215,.F.);
#8205 = FACE_BOUND('',#8206,.F.);
#8206 = EDGE_LOOP('',(#8207,#8208,#8209,#8214));
#8207 = ORIENTED_EDGE('',*,*,#8190,.F.);
#8208 = ORIENTED_EDGE('',*,*,#7853,.T.);
#8209 = ORIENTED_EDGE('',*,*,#8210,.T.);
#8210 = EDGE_CURVE('',#7854,#1385,#8211,.T.);
#8211 = B_SPLINE_CURVE_WITH_KNOTS('',1,(#8212,#8213),.UNSPECIFIED.,.F.,
  .F.,(2,2),(-0.,1.E-03),.PIECEWISE_BEZIER_KNOTS.);
#8212 = CARTESIAN_POINT('',(1.187869682915,5.0505,2.509165151975));
#8213 = CARTESIAN_POINT('',(1.187869682915,5.0495,2.509165151975));
#8214 = ORIENTED_EDGE('',*,*,#1393,.F.);
#8215 = B_SPLINE_SURFACE_WITH_KNOTS('',3,1,(
    (#8216,#8217)
    ,(#8218,#8219)
    ,(#8220,#8221)
    ,(#8222,#8223
    )),.UNSPECIFIED.,.F.,.F.,.F.,(4,4),(2,2),(2.,3.),(0.,1.),
  .PIECEWISE_BEZIER_KNOTS.);
#8216 = CARTESIAN_POINT('',(0.926998608983,5.0505,2.59190734025));
#8217 = CARTESIAN_POINT('',(0.926998608983,5.0495,2.59190734025));
#8218 = CARTESIAN_POINT('',(1.02243135379,5.0505,2.592584183334));
#8219 = CARTESIAN_POINT('',(1.02243135379,5.0495,2.592584183334));
#8220 = CARTESIAN_POINT('',(1.111572695704,5.0505,2.562849911767));
#8221 = CARTESIAN_POINT('',(1.111572695704,5.0495,2.562849911767));
#8222 = CARTESIAN_POINT('',(1.187869682915,5.0505,2.509165151975));
#8223 = CARTESIAN_POINT('',(1.187869682915,5.0495,2.509165151975));
#8224 = ADVANCED_FACE('',(#8225),#8235,.F.);
#8225 = FACE_BOUND('',#8226,.F.);
#8226 = EDGE_LOOP('',(#8227,#8228,#8229,#8234));
#8227 = ORIENTED_EDGE('',*,*,#8210,.F.);
#8228 = ORIENTED_EDGE('',*,*,#7862,.T.);
#8229 = ORIENTED_EDGE('',*,*,#8230,.T.);
#8230 = EDGE_CURVE('',#7863,#1376,#8231,.T.);
#8231 = B_SPLINE_CURVE_WITH_KNOTS('',1,(#8232,#8233),.UNSPECIFIED.,.F.,
  .F.,(2,2),(-0.,1.E-03),.PIECEWISE_BEZIER_KNOTS.);
#8232 = CARTESIAN_POINT('',(1.28397927088,5.0505,2.414409239911));
#8233 = CARTESIAN_POINT('',(1.28397927088,5.0495,2.414409239911));
#8234 = ORIENTED_EDGE('',*,*,#1384,.F.);
#8235 = B_SPLINE_SURFACE_WITH_KNOTS('',3,1,(
    (#8236,#8237)
    ,(#8238,#8239)
    ,(#8240,#8241)
    ,(#8242,#8243
    )),.UNSPECIFIED.,.F.,.F.,.F.,(4,4),(2,2),(3.,4.),(0.,1.),
  .PIECEWISE_BEZIER_KNOTS.);
#8236 = CARTESIAN_POINT('',(1.187869682915,5.0505,2.509165151975));
#8237 = CARTESIAN_POINT('',(1.187869682915,5.0495,2.509165151975));
#8238 = CARTESIAN_POINT('',(1.2249260386,5.0505,2.483399538989));
#8239 = CARTESIAN_POINT('',(1.2249260386,5.0495,2.483399538989));
#8240 = CARTESIAN_POINT('',(1.255521739195,5.0505,2.451081005017));
#8241 = CARTESIAN_POINT('',(1.255521739195,5.0495,2.451081005017));
#8242 = CARTESIAN_POINT('',(1.28397927088,5.0505,2.414409239911));
#8243 = CARTESIAN_POINT('',(1.28397927088,5.0495,2.414409239911));
#8244 = ADVANCED_FACE('',(#8245),#8255,.F.);
#8245 = FACE_BOUND('',#8246,.F.);
#8246 = EDGE_LOOP('',(#8247,#8248,#8249,#8254));
#8247 = ORIENTED_EDGE('',*,*,#8230,.F.);
#8248 = ORIENTED_EDGE('',*,*,#7871,.T.);
#8249 = ORIENTED_EDGE('',*,*,#8250,.T.);
#8250 = EDGE_CURVE('',#7872,#1367,#8251,.T.);
#8251 = B_SPLINE_CURVE_WITH_KNOTS('',1,(#8252,#8253),.UNSPECIFIED.,.F.,
  .F.,(2,2),(-0.,1.E-03),.PIECEWISE_BEZIER_KNOTS.);
#8252 = CARTESIAN_POINT('',(1.333833791511,5.0505,2.419100892439));
#8253 = CARTESIAN_POINT('',(1.333833791511,5.0495,2.419100892439));
#8254 = ORIENTED_EDGE('',*,*,#1375,.F.);
#8255 = B_SPLINE_SURFACE_WITH_KNOTS('',3,1,(
    (#8256,#8257)
    ,(#8258,#8259)
    ,(#8260,#8261)
    ,(#8262,#8263
    )),.UNSPECIFIED.,.F.,.F.,.F.,(4,4),(2,2),(4.,5.),(0.,1.),
  .PIECEWISE_BEZIER_KNOTS.);
#8256 = CARTESIAN_POINT('',(1.28397927088,5.0505,2.414409239911));
#8257 = CARTESIAN_POINT('',(1.28397927088,5.0495,2.414409239911));
#8258 = CARTESIAN_POINT('',(1.301315281126,5.0505,2.416701236663));
#8259 = CARTESIAN_POINT('',(1.301315281126,5.0495,2.416701236663));
#8260 = CARTESIAN_POINT('',(1.316482398408,5.0505,2.418977830167));
#8261 = CARTESIAN_POINT('',(1.316482398408,5.0495,2.418977830167));
#8262 = CARTESIAN_POINT('',(1.333833791511,5.0505,2.419100892439));
#8263 = CARTESIAN_POINT('',(1.333833791511,5.0495,2.419100892439));
#8264 = ADVANCED_FACE('',(#8265),#8275,.F.);
#8265 = FACE_BOUND('',#8266,.F.);
#8266 = EDGE_LOOP('',(#8267,#8268,#8269,#8274));
#8267 = ORIENTED_EDGE('',*,*,#8250,.F.);
#8268 = ORIENTED_EDGE('',*,*,#7880,.T.);
#8269 = ORIENTED_EDGE('',*,*,#8270,.T.);
#8270 = EDGE_CURVE('',#7881,#1358,#8271,.T.);
#8271 = B_SPLINE_CURVE_WITH_KNOTS('',1,(#8272,#8273),.UNSPECIFIED.,.F.,
  .F.,(2,2),(-0.,1.E-03),.PIECEWISE_BEZIER_KNOTS.);
#8272 = CARTESIAN_POINT('',(1.583998679614,5.0505,2.316761452247));
#8273 = CARTESIAN_POINT('',(1.583998679614,5.0495,2.316761452247));
#8274 = ORIENTED_EDGE('',*,*,#1366,.F.);
#8275 = B_SPLINE_SURFACE_WITH_KNOTS('',3,1,(
    (#8276,#8277)
    ,(#8278,#8279)
    ,(#8280,#8281)
    ,(#8282,#8283
    )),.UNSPECIFIED.,.F.,.F.,.F.,(4,4),(2,2),(5.,6.),(0.,1.),
  .PIECEWISE_BEZIER_KNOTS.);
#8276 = CARTESIAN_POINT('',(1.333833791511,5.0505,2.419100892439));
#8277 = CARTESIAN_POINT('',(1.333833791511,5.0495,2.419100892439));
#8278 = CARTESIAN_POINT('',(1.427097622523,5.0505,2.419762352813));
#8279 = CARTESIAN_POINT('',(1.427097622523,5.0495,2.419762352813));
#8280 = CARTESIAN_POINT('',(1.516285092123,5.0505,2.383521306102));
#8281 = CARTESIAN_POINT('',(1.516285092123,5.0495,2.383521306102));
#8282 = CARTESIAN_POINT('',(1.583998679614,5.0505,2.316761452247));
#8283 = CARTESIAN_POINT('',(1.583998679614,5.0495,2.316761452247));
#8284 = ADVANCED_FACE('',(#8285),#8295,.F.);
#8285 = FACE_BOUND('',#8286,.F.);
#8286 = EDGE_LOOP('',(#8287,#8288,#8289,#8294));
#8287 = ORIENTED_EDGE('',*,*,#8270,.F.);
#8288 = ORIENTED_EDGE('',*,*,#7889,.T.);
#8289 = ORIENTED_EDGE('',*,*,#8290,.T.);
#8290 = EDGE_CURVE('',#7890,#1349,#8291,.T.);
#8291 = B_SPLINE_CURVE_WITH_KNOTS('',1,(#8292,#8293),.UNSPECIFIED.,.F.,
  .F.,(2,2),(-0.,1.E-03),.PIECEWISE_BEZIER_KNOTS.);
#8292 = CARTESIAN_POINT('',(1.687691908078,5.0505,2.070226885627));
#8293 = CARTESIAN_POINT('',(1.687691908078,5.0495,2.070226885627));
#8294 = ORIENTED_EDGE('',*,*,#1357,.F.);
#8295 = B_SPLINE_SURFACE_WITH_KNOTS('',3,1,(
    (#8296,#8297)
    ,(#8298,#8299)
    ,(#8300,#8301)
    ,(#8302,#8303
    )),.UNSPECIFIED.,.F.,.F.,.F.,(4,4),(2,2),(6.,7.),(0.,1.),
  .PIECEWISE_BEZIER_KNOTS.);
#8296 = CARTESIAN_POINT('',(1.583998679614,5.0505,2.316761452247));
#8297 = CARTESIAN_POINT('',(1.583998679614,5.0495,2.316761452247));
#8298 = CARTESIAN_POINT('',(1.649528006503,5.0505,2.252155171104));
#8299 = CARTESIAN_POINT('',(1.649528006503,5.0495,2.252155171104));
#8300 = CARTESIAN_POINT('',(1.687030447851,5.0505,2.163490695952));
#8301 = CARTESIAN_POINT('',(1.687030447851,5.0495,2.163490695952));
#8302 = CARTESIAN_POINT('',(1.687691908078,5.0505,2.070226885627));
#8303 = CARTESIAN_POINT('',(1.687691908078,5.0495,2.070226885627));
#8304 = ADVANCED_FACE('',(#8305),#8315,.F.);
#8305 = FACE_BOUND('',#8306,.F.);
#8306 = EDGE_LOOP('',(#8307,#8308,#8309,#8314));
#8307 = ORIENTED_EDGE('',*,*,#8290,.F.);
#8308 = ORIENTED_EDGE('',*,*,#7898,.T.);
#8309 = ORIENTED_EDGE('',*,*,#8310,.T.);
#8310 = EDGE_CURVE('',#7899,#1340,#8311,.T.);
#8311 = B_SPLINE_CURVE_WITH_KNOTS('',1,(#8312,#8313),.UNSPECIFIED.,.F.,
  .F.,(2,2),(-0.,1.E-03),.PIECEWISE_BEZIER_KNOTS.);
#8312 = CARTESIAN_POINT('',(1.598273736253,5.0505,1.833167901255));
#8313 = CARTESIAN_POINT('',(1.598273736253,5.0495,1.833167901255));
#8314 = ORIENTED_EDGE('',*,*,#1348,.F.);
#8315 = B_SPLINE_SURFACE_WITH_KNOTS('',3,1,(
    (#8316,#8317)
    ,(#8318,#8319)
    ,(#8320,#8321)
    ,(#8322,#8323
    )),.UNSPECIFIED.,.F.,.F.,.F.,(4,4),(2,2),(7.,8.),(0.,1.),
  .PIECEWISE_BEZIER_KNOTS.);
#8316 = CARTESIAN_POINT('',(1.687691908078,5.0505,2.070226885627));
#8317 = CARTESIAN_POINT('',(1.687691908078,5.0495,2.070226885627));
#8318 = CARTESIAN_POINT('',(1.688307220026,5.0505,1.983469837369));
#8319 = CARTESIAN_POINT('',(1.688307220026,5.0495,1.983469837369));
#8320 = CARTESIAN_POINT('',(1.656373256316,5.0505,1.898650940244));
#8321 = CARTESIAN_POINT('',(1.656373256316,5.0495,1.898650940244));
#8322 = CARTESIAN_POINT('',(1.598273736253,5.0505,1.833167901255));
#8323 = CARTESIAN_POINT('',(1.598273736253,5.0495,1.833167901255));
#8324 = ADVANCED_FACE('',(#8325),#8335,.F.);
#8325 = FACE_BOUND('',#8326,.F.);
#8326 = EDGE_LOOP('',(#8327,#8328,#8329,#8334));
#8327 = ORIENTED_EDGE('',*,*,#8310,.F.);
#8328 = ORIENTED_EDGE('',*,*,#7907,.T.);
#8329 = ORIENTED_EDGE('',*,*,#8330,.T.);
#8330 = EDGE_CURVE('',#7908,#1331,#8331,.T.);
#8331 = B_SPLINE_CURVE_WITH_KNOTS('',1,(#8332,#8333),.UNSPECIFIED.,.F.,
  .F.,(2,2),(-0.,1.E-03),.PIECEWISE_BEZIER_KNOTS.);
#8332 = CARTESIAN_POINT('',(1.425498013963,5.0505,1.727828835999));
#8333 = CARTESIAN_POINT('',(1.425498013963,5.0495,1.727828835999));
#8334 = ORIENTED_EDGE('',*,*,#1339,.F.);
#8335 = B_SPLINE_SURFACE_WITH_KNOTS('',3,1,(
    (#8336,#8337)
    ,(#8338,#8339)
    ,(#8340,#8341)
    ,(#8342,#8343
    )),.UNSPECIFIED.,.F.,.F.,.F.,(4,4),(2,2),(8.,9.),(0.,1.),
  .PIECEWISE_BEZIER_KNOTS.);
#8336 = CARTESIAN_POINT('',(1.598273736253,5.0505,1.833167901255));
#8337 = CARTESIAN_POINT('',(1.598273736253,5.0495,1.833167901255));
#8338 = CARTESIAN_POINT('',(1.550926551254,5.0505,1.780775217663));
#8339 = CARTESIAN_POINT('',(1.550926551254,5.0495,1.780775217663));
#8340 = CARTESIAN_POINT('',(1.492611651677,5.0505,1.745657095775));
#8341 = CARTESIAN_POINT('',(1.492611651677,5.0495,1.745657095775));
#8342 = CARTESIAN_POINT('',(1.425498013963,5.0505,1.727828835999));
#8343 = CARTESIAN_POINT('',(1.425498013963,5.0495,1.727828835999));
#8344 = ADVANCED_FACE('',(#8345),#8355,.F.);
#8345 = FACE_BOUND('',#8346,.F.);
#8346 = EDGE_LOOP('',(#8347,#8348,#8349,#8354));
#8347 = ORIENTED_EDGE('',*,*,#8330,.F.);
#8348 = ORIENTED_EDGE('',*,*,#7916,.T.);
#8349 = ORIENTED_EDGE('',*,*,#8350,.T.);
#8350 = EDGE_CURVE('',#7917,#1322,#8351,.T.);
#8351 = B_SPLINE_CURVE_WITH_KNOTS('',1,(#8352,#8353),.UNSPECIFIED.,.F.,
  .F.,(2,2),(-0.,1.E-03),.PIECEWISE_BEZIER_KNOTS.);
#8352 = CARTESIAN_POINT('',(1.220496033864,5.0505,1.578880504488));
#8353 = CARTESIAN_POINT('',(1.220496033864,5.0495,1.578880504488));
#8354 = ORIENTED_EDGE('',*,*,#1330,.F.);
#8355 = B_SPLINE_SURFACE_WITH_KNOTS('',3,1,(
    (#8356,#8357)
    ,(#8358,#8359)
    ,(#8360,#8361)
    ,(#8362,#8363
    )),.UNSPECIFIED.,.F.,.F.,.F.,(4,4),(2,2),(9.,10.),(0.,1.),
  .PIECEWISE_BEZIER_KNOTS.);
#8356 = CARTESIAN_POINT('',(1.425498013963,5.0505,1.727828835999));
#8357 = CARTESIAN_POINT('',(1.425498013963,5.0495,1.727828835999));
#8358 = CARTESIAN_POINT('',(1.397917281091,5.0505,1.640871811329));
#8359 = CARTESIAN_POINT('',(1.397917281091,5.0495,1.640871811329));
#8360 = CARTESIAN_POINT('',(1.315928820041,5.0505,1.579557347865));
#8361 = CARTESIAN_POINT('',(1.315928820041,5.0495,1.579557347865));
#8362 = CARTESIAN_POINT('',(1.220496033864,5.0505,1.578880504488));
#8363 = CARTESIAN_POINT('',(1.220496033864,5.0495,1.578880504488));
#8364 = ADVANCED_FACE('',(#8365),#8375,.F.);
#8365 = FACE_BOUND('',#8366,.F.);
#8366 = EDGE_LOOP('',(#8367,#8368,#8369,#8374));
#8367 = ORIENTED_EDGE('',*,*,#8350,.F.);
#8368 = ORIENTED_EDGE('',*,*,#7925,.T.);
#8369 = ORIENTED_EDGE('',*,*,#8370,.T.);
#8370 = EDGE_CURVE('',#7926,#1313,#8371,.T.);
#8371 = B_SPLINE_CURVE_WITH_KNOTS('',1,(#8372,#8373),.UNSPECIFIED.,.F.,
  .F.,(2,2),(-0.,1.E-03),.PIECEWISE_BEZIER_KNOTS.);
#8372 = CARTESIAN_POINT('',(1.002065133354,5.0505,1.794234845256));
#8373 = CARTESIAN_POINT('',(1.002065133354,5.0495,1.794234845256));
#8374 = ORIENTED_EDGE('',*,*,#1321,.F.);
#8375 = B_SPLINE_SURFACE_WITH_KNOTS('',3,1,(
    (#8376,#8377)
    ,(#8378,#8379)
    ,(#8380,#8381)
    ,(#8382,#8383
    )),.UNSPECIFIED.,.F.,.F.,.F.,(4,4),(2,2),(10.,11.),(0.,1.),
  .PIECEWISE_BEZIER_KNOTS.);
#8376 = CARTESIAN_POINT('',(1.220496033864,5.0505,1.578880504488));
#8377 = CARTESIAN_POINT('',(1.220496033864,5.0495,1.578880504488));
#8378 = CARTESIAN_POINT('',(1.101205092513,5.0505,1.578034450559));
#8379 = CARTESIAN_POINT('',(1.101205092513,5.0495,1.578034450559));
#8380 = CARTESIAN_POINT('',(1.002911187282,5.0505,1.674943903904));
#8381 = CARTESIAN_POINT('',(1.002911187282,5.0495,1.674943903904));
#8382 = CARTESIAN_POINT('',(1.002065133354,5.0505,1.794234845256));
#8383 = CARTESIAN_POINT('',(1.002065133354,5.0495,1.794234845256));
#8384 = ADVANCED_FACE('',(#8385),#8395,.F.);
#8385 = FACE_BOUND('',#8386,.T.);
#8386 = EDGE_LOOP('',(#8387,#8388,#8393,#8394));
#8387 = ORIENTED_EDGE('',*,*,#1312,.T.);
#8388 = ORIENTED_EDGE('',*,*,#8389,.F.);
#8389 = EDGE_CURVE('',#7935,#1306,#8390,.T.);
#8390 = B_SPLINE_CURVE_WITH_KNOTS('',1,(#8391,#8392),.UNSPECIFIED.,.F.,
  .F.,(2,2),(-0.,1.E-03),.PIECEWISE_BEZIER_KNOTS.);
#8391 = CARTESIAN_POINT('',(1.001911305366,5.0505,1.815924107322));
#8392 = CARTESIAN_POINT('',(1.001911305366,5.0495,1.815924107322));
#8393 = ORIENTED_EDGE('',*,*,#7934,.F.);
#8394 = ORIENTED_EDGE('',*,*,#8370,.T.);
#8395 = B_SPLINE_SURFACE_WITH_KNOTS('',1,1,(
    (#8396,#8397)
    ,(#8398,#8399
    )),.UNSPECIFIED.,.F.,.F.,.F.,(2,2),(2,2),(-2.168980756E-02,0.),(
    -1.E-03,0.),.PIECEWISE_BEZIER_KNOTS.);
#8396 = CARTESIAN_POINT('',(1.001911305366,5.0495,1.815924107322));
#8397 = CARTESIAN_POINT('',(1.001911305366,5.0505,1.815924107322));
#8398 = CARTESIAN_POINT('',(1.002065133354,5.0495,1.794234845256));
#8399 = CARTESIAN_POINT('',(1.002065133354,5.0505,1.794234845256));
#8400 = ADVANCED_FACE('',(#8401),#8411,.F.);
#8401 = FACE_BOUND('',#8402,.T.);
#8402 = EDGE_LOOP('',(#8403,#8404,#8409,#8410));
#8403 = ORIENTED_EDGE('',*,*,#1305,.T.);
#8404 = ORIENTED_EDGE('',*,*,#8405,.F.);
#8405 = EDGE_CURVE('',#7944,#1299,#8406,.T.);
#8406 = B_SPLINE_CURVE_WITH_KNOTS('',1,(#8407,#8408),.UNSPECIFIED.,.F.,
  .F.,(2,2),(-0.,1.E-03),.PIECEWISE_BEZIER_KNOTS.);
#8407 = CARTESIAN_POINT('',(0.697123309426,5.0505,1.974271046502));
#8408 = CARTESIAN_POINT('',(0.697123309426,5.0495,1.974271046502));
#8409 = ORIENTED_EDGE('',*,*,#7943,.F.);
#8410 = ORIENTED_EDGE('',*,*,#8389,.T.);
#8411 = B_SPLINE_SURFACE_WITH_KNOTS('',1,1,(
    (#8412,#8413)
    ,(#8414,#8415
    )),.UNSPECIFIED.,.F.,.F.,.F.,(2,2),(2,2),(-0.343466847916,
    2.047364033223E-16),(-1.E-03,0.),.PIECEWISE_BEZIER_KNOTS.);
#8412 = CARTESIAN_POINT('',(0.697123309426,5.0495,1.974271046502));
#8413 = CARTESIAN_POINT('',(0.697123309426,5.0505,1.974271046502));
#8414 = CARTESIAN_POINT('',(1.001911305366,5.0495,1.815924107322));
#8415 = CARTESIAN_POINT('',(1.001911305366,5.0505,1.815924107322));
#8416 = ADVANCED_FACE('',(#8417),#8427,.F.);
#8417 = FACE_BOUND('',#8418,.T.);
#8418 = EDGE_LOOP('',(#8419,#8420,#8425,#8426));
#8419 = ORIENTED_EDGE('',*,*,#1298,.T.);
#8420 = ORIENTED_EDGE('',*,*,#8421,.F.);
#8421 = EDGE_CURVE('',#7951,#1292,#8422,.T.);
#8422 = B_SPLINE_CURVE_WITH_KNOTS('',1,(#8423,#8424),.UNSPECIFIED.,.F.,
  .F.,(2,2),(-0.,1.E-03),.PIECEWISE_BEZIER_KNOTS.);
#8423 = CARTESIAN_POINT('',(0.763544700222,5.0505,2.089701026787));
#8424 = CARTESIAN_POINT('',(0.763544700222,5.0495,2.089701026787));
#8425 = ORIENTED_EDGE('',*,*,#7950,.F.);
#8426 = ORIENTED_EDGE('',*,*,#8405,.T.);
#8427 = B_SPLINE_SURFACE_WITH_KNOTS('',1,1,(
    (#8428,#8429)
    ,(#8430,#8431
    )),.UNSPECIFIED.,.F.,.F.,.F.,(2,2),(2,2),(-0.133176129632,
    5.537220340701E-16),(-1.E-03,0.),.PIECEWISE_BEZIER_KNOTS.);
#8428 = CARTESIAN_POINT('',(0.763544700222,5.0495,2.089701026787));
#8429 = CARTESIAN_POINT('',(0.763544700222,5.0505,2.089701026787));
#8430 = CARTESIAN_POINT('',(0.697123309426,5.0495,1.974271046502));
#8431 = CARTESIAN_POINT('',(0.697123309426,5.0505,1.974271046502));
#8432 = ADVANCED_FACE('',(#8433),#8443,.F.);
#8433 = FACE_BOUND('',#8434,.T.);
#8434 = EDGE_LOOP('',(#8435,#8436,#8441,#8442));
#8435 = ORIENTED_EDGE('',*,*,#1291,.T.);
#8436 = ORIENTED_EDGE('',*,*,#8437,.F.);
#8437 = EDGE_CURVE('',#7958,#1283,#8438,.T.);
#8438 = B_SPLINE_CURVE_WITH_KNOTS('',1,(#8439,#8440),.UNSPECIFIED.,.F.,
  .F.,(2,2),(-0.,1.E-03),.PIECEWISE_BEZIER_KNOTS.);
#8439 = CARTESIAN_POINT('',(1.055257599514,5.0505,1.939937487308));
#8440 = CARTESIAN_POINT('',(1.055257599514,5.0495,1.939937487308));
#8441 = ORIENTED_EDGE('',*,*,#7957,.F.);
#8442 = ORIENTED_EDGE('',*,*,#8421,.T.);
#8443 = B_SPLINE_SURFACE_WITH_KNOTS('',1,1,(
    (#8444,#8445)
    ,(#8446,#8447
    )),.UNSPECIFIED.,.F.,.F.,.F.,(2,2),(2,2),(-0.327910861929,0.),(
    -1.E-03,0.),.PIECEWISE_BEZIER_KNOTS.);
#8444 = CARTESIAN_POINT('',(1.055257599514,5.0495,1.939937487308));
#8445 = CARTESIAN_POINT('',(1.055257599514,5.0505,1.939937487308));
#8446 = CARTESIAN_POINT('',(0.763544700222,5.0495,2.089701026787));
#8447 = CARTESIAN_POINT('',(0.763544700222,5.0505,2.089701026787));
#8448 = ADVANCED_FACE('',(#8449),#8459,.F.);
#8449 = FACE_BOUND('',#8450,.F.);
#8450 = EDGE_LOOP('',(#8451,#8452,#8453,#8458));
#8451 = ORIENTED_EDGE('',*,*,#8437,.F.);
#8452 = ORIENTED_EDGE('',*,*,#7964,.T.);
#8453 = ORIENTED_EDGE('',*,*,#8454,.T.);
#8454 = EDGE_CURVE('',#7965,#1274,#8455,.T.);
#8455 = B_SPLINE_CURVE_WITH_KNOTS('',1,(#8456,#8457),.UNSPECIFIED.,.F.,
  .F.,(2,2),(-0.,1.E-03),.PIECEWISE_BEZIER_KNOTS.);
#8456 = CARTESIAN_POINT('',(1.217404049897,5.0505,2.014834679954));
#8457 = CARTESIAN_POINT('',(1.217404049897,5.0495,2.014834679954));
#8458 = ORIENTED_EDGE('',*,*,#1282,.F.);
#8459 = B_SPLINE_SURFACE_WITH_KNOTS('',3,1,(
    (#8460,#8461)
    ,(#8462,#8463)
    ,(#8464,#8465)
    ,(#8466,#8467
    )),.UNSPECIFIED.,.F.,.F.,.F.,(4,4),(2,2),(15.,16.),(0.,1.),
  .PIECEWISE_BEZIER_KNOTS.);
#8460 = CARTESIAN_POINT('',(1.055257599514,5.0505,1.939937487308));
#8461 = CARTESIAN_POINT('',(1.055257599514,5.0495,1.939937487308));
#8462 = CARTESIAN_POINT('',(1.093975215851,5.0505,1.985761836175));
#8463 = CARTESIAN_POINT('',(1.093975215851,5.0495,1.985761836175));
#8464 = CARTESIAN_POINT('',(1.152336263705,5.0505,2.014373195993));
#8465 = CARTESIAN_POINT('',(1.152336263705,5.0495,2.014373195993));
#8466 = CARTESIAN_POINT('',(1.217404049897,5.0505,2.014834679954));
#8467 = CARTESIAN_POINT('',(1.217404049897,5.0495,2.014834679954));
#8468 = ADVANCED_FACE('',(#8469),#8479,.F.);
#8469 = FACE_BOUND('',#8470,.F.);
#8470 = EDGE_LOOP('',(#8471,#8472,#8473,#8478));
#8471 = ORIENTED_EDGE('',*,*,#8454,.F.);
#8472 = ORIENTED_EDGE('',*,*,#7973,.T.);
#8473 = ORIENTED_EDGE('',*,*,#8474,.T.);
#8474 = EDGE_CURVE('',#7974,#1265,#8475,.T.);
#8475 = B_SPLINE_CURVE_WITH_KNOTS('',1,(#8476,#8477),.UNSPECIFIED.,.F.,
  .F.,(2,2),(-0.,1.E-03),.PIECEWISE_BEZIER_KNOTS.);
#8476 = CARTESIAN_POINT('',(1.422298369798,5.0505,1.873131525079));
#8477 = CARTESIAN_POINT('',(1.422298369798,5.0495,1.873131525079));
#8478 = ORIENTED_EDGE('',*,*,#1273,.F.);
#8479 = B_SPLINE_SURFACE_WITH_KNOTS('',3,1,(
    (#8480,#8481)
    ,(#8482,#8483)
    ,(#8484,#8485)
    ,(#8486,#8487
    )),.UNSPECIFIED.,.F.,.F.,.F.,(4,4),(2,2),(16.,17.),(0.,1.),
  .PIECEWISE_BEZIER_KNOTS.);
#8480 = CARTESIAN_POINT('',(1.217404049897,5.0505,2.014834679954));
#8481 = CARTESIAN_POINT('',(1.217404049897,5.0495,2.014834679954));
#8482 = CARTESIAN_POINT('',(1.310667901593,5.0505,2.015496140475));
#8483 = CARTESIAN_POINT('',(1.310667901593,5.0495,2.015496140475));
#8484 = CARTESIAN_POINT('',(1.391348864655,5.0505,1.95533538662));
#8485 = CARTESIAN_POINT('',(1.391348864655,5.0495,1.95533538662));
#8486 = CARTESIAN_POINT('',(1.422298369798,5.0505,1.873131525079));
#8487 = CARTESIAN_POINT('',(1.422298369798,5.0495,1.873131525079));
#8488 = ADVANCED_FACE('',(#8489),#8499,.F.);
#8489 = FACE_BOUND('',#8490,.F.);
#8490 = EDGE_LOOP('',(#8491,#8492,#8493,#8498));
#8491 = ORIENTED_EDGE('',*,*,#8474,.F.);
#8492 = ORIENTED_EDGE('',*,*,#7982,.T.);
#8493 = ORIENTED_EDGE('',*,*,#8494,.T.);
#8494 = EDGE_CURVE('',#7983,#1256,#8495,.T.);
#8495 = B_SPLINE_CURVE_WITH_KNOTS('',1,(#8496,#8497),.UNSPECIFIED.,.F.,
  .F.,(2,2),(-0.,1.E-03),.PIECEWISE_BEZIER_KNOTS.);
#8496 = CARTESIAN_POINT('',(1.551018724583,5.0505,2.073595720536));
#8497 = CARTESIAN_POINT('',(1.551018724583,5.0495,2.073595720536));
#8498 = ORIENTED_EDGE('',*,*,#1264,.F.);
#8499 = B_SPLINE_SURFACE_WITH_KNOTS('',3,1,(
    (#8500,#8501)
    ,(#8502,#8503)
    ,(#8504,#8505)
    ,(#8506,#8507
    )),.UNSPECIFIED.,.F.,.F.,.F.,(4,4),(2,2),(17.,18.),(0.,1.),
  .PIECEWISE_BEZIER_KNOTS.);
#8500 = CARTESIAN_POINT('',(1.422298369798,5.0505,1.873131525079));
#8501 = CARTESIAN_POINT('',(1.422298369798,5.0495,1.873131525079));
#8502 = CARTESIAN_POINT('',(1.497964662183,5.0505,1.908372750608));
#8503 = CARTESIAN_POINT('',(1.497964662183,5.0495,1.908372750608));
#8504 = CARTESIAN_POINT('',(1.551649419389,5.0505,1.984669737799));
#8505 = CARTESIAN_POINT('',(1.551649419389,5.0495,1.984669737799));
#8506 = CARTESIAN_POINT('',(1.551018724583,5.0505,2.073595720536));
#8507 = CARTESIAN_POINT('',(1.551018724583,5.0495,2.073595720536));
#8508 = ADVANCED_FACE('',(#8509),#8519,.F.);
#8509 = FACE_BOUND('',#8510,.F.);
#8510 = EDGE_LOOP('',(#8511,#8512,#8513,#8518));
#8511 = ORIENTED_EDGE('',*,*,#8494,.F.);
#8512 = ORIENTED_EDGE('',*,*,#7991,.T.);
#8513 = ORIENTED_EDGE('',*,*,#8514,.T.);
#8514 = EDGE_CURVE('',#7992,#1247,#8515,.T.);
#8515 = B_SPLINE_CURVE_WITH_KNOTS('',1,(#8516,#8517),.UNSPECIFIED.,.F.,
  .F.,(2,2),(-0.,1.E-03),.PIECEWISE_BEZIER_KNOTS.);
#8516 = CARTESIAN_POINT('',(1.332587824074,5.0505,2.288950061305));
#8517 = CARTESIAN_POINT('',(1.332587824074,5.0495,2.288950061305));
#8518 = ORIENTED_EDGE('',*,*,#1255,.F.);
#8519 = B_SPLINE_SURFACE_WITH_KNOTS('',3,1,(
    (#8520,#8521)
    ,(#8522,#8523)
    ,(#8524,#8525)
    ,(#8526,#8527
    )),.UNSPECIFIED.,.F.,.F.,.F.,(4,4),(2,2),(18.,19.),(0.,1.),
  .PIECEWISE_BEZIER_KNOTS.);
#8520 = CARTESIAN_POINT('',(1.551018724583,5.0505,2.073595720536));
#8521 = CARTESIAN_POINT('',(1.551018724583,5.0495,2.073595720536));
#8522 = CARTESIAN_POINT('',(1.550172670655,5.0505,2.192886661888));
#8523 = CARTESIAN_POINT('',(1.550172670655,5.0495,2.192886661888));
#8524 = CARTESIAN_POINT('',(1.451878765425,5.0505,2.289796115234));
#8525 = CARTESIAN_POINT('',(1.451878765425,5.0495,2.289796115234));
#8526 = CARTESIAN_POINT('',(1.332587824074,5.0505,2.288950061305));
#8527 = CARTESIAN_POINT('',(1.332587824074,5.0495,2.288950061305));
#8528 = ADVANCED_FACE('',(#8529),#8539,.F.);
#8529 = FACE_BOUND('',#8530,.F.);
#8530 = EDGE_LOOP('',(#8531,#8532,#8533,#8538));
#8531 = ORIENTED_EDGE('',*,*,#8514,.F.);
#8532 = ORIENTED_EDGE('',*,*,#8000,.T.);
#8533 = ORIENTED_EDGE('',*,*,#8534,.T.);
#8534 = EDGE_CURVE('',#8001,#1238,#8535,.T.);
#8535 = B_SPLINE_CURVE_WITH_KNOTS('',1,(#8536,#8537),.UNSPECIFIED.,.F.,
  .F.,(2,2),(-0.,1.E-03),.PIECEWISE_BEZIER_KNOTS.);
#8536 = CARTESIAN_POINT('',(1.217865493663,5.0505,2.255600879994));
#8537 = CARTESIAN_POINT('',(1.217865493663,5.0495,2.255600879994));
#8538 = ORIENTED_EDGE('',*,*,#1246,.F.);
#8539 = B_SPLINE_SURFACE_WITH_KNOTS('',3,1,(
    (#8540,#8541)
    ,(#8542,#8543)
    ,(#8544,#8545)
    ,(#8546,#8547
    )),.UNSPECIFIED.,.F.,.F.,.F.,(4,4),(2,2),(19.,20.),(0.,1.),
  .PIECEWISE_BEZIER_KNOTS.);
#8540 = CARTESIAN_POINT('',(1.332587824074,5.0505,2.288950061305));
#8541 = CARTESIAN_POINT('',(1.332587824074,5.0495,2.288950061305));
#8542 = CARTESIAN_POINT('',(1.291378234425,5.0505,2.288657788188));
#8543 = CARTESIAN_POINT('',(1.291378234425,5.0495,2.288657788188));
#8544 = CARTESIAN_POINT('',(1.250260941628,5.0505,2.27535194956));
#8545 = CARTESIAN_POINT('',(1.250260941628,5.0495,2.27535194956));
#8546 = CARTESIAN_POINT('',(1.217865493663,5.0505,2.255600879994));
#8547 = CARTESIAN_POINT('',(1.217865493663,5.0495,2.255600879994));
#8548 = ADVANCED_FACE('',(#8549),#8559,.F.);
#8549 = FACE_BOUND('',#8550,.F.);
#8550 = EDGE_LOOP('',(#8551,#8552,#8553,#8558));
#8551 = ORIENTED_EDGE('',*,*,#8534,.F.);
#8552 = ORIENTED_EDGE('',*,*,#8009,.T.);
#8553 = ORIENTED_EDGE('',*,*,#8554,.T.);
#8554 = EDGE_CURVE('',#8010,#1229,#8555,.T.);
#8555 = B_SPLINE_CURVE_WITH_KNOTS('',1,(#8556,#8557),.UNSPECIFIED.,.F.,
  .F.,(2,2),(-0.,1.E-03),.PIECEWISE_BEZIER_KNOTS.);
#8556 = CARTESIAN_POINT('',(0.925752683793,5.0505,2.461756385302));
#8557 = CARTESIAN_POINT('',(0.925752683793,5.0495,2.461756385302));
#8558 = ORIENTED_EDGE('',*,*,#1237,.F.);
#8559 = B_SPLINE_SURFACE_WITH_KNOTS('',3,1,(
    (#8560,#8561)
    ,(#8562,#8563)
    ,(#8564,#8565)
    ,(#8566,#8567
    )),.UNSPECIFIED.,.F.,.F.,.F.,(4,4),(2,2),(20.,21.),(0.,1.),
  .PIECEWISE_BEZIER_KNOTS.);
#8560 = CARTESIAN_POINT('',(1.217865493663,5.0505,2.255600879994));
#8561 = CARTESIAN_POINT('',(1.217865493663,5.0495,2.255600879994));
#8562 = CARTESIAN_POINT('',(1.175794509478,5.0505,2.376768358898));
#8563 = CARTESIAN_POINT('',(1.175794509478,5.0495,2.376768358898));
#8564 = CARTESIAN_POINT('',(1.062395018249,5.0505,2.462725501503));
#8565 = CARTESIAN_POINT('',(1.062395018249,5.0495,2.462725501503));
#8566 = CARTESIAN_POINT('',(0.925752683793,5.0505,2.461756385302));
#8567 = CARTESIAN_POINT('',(0.925752683793,5.0495,2.461756385302));
#8568 = ADVANCED_FACE('',(#8569),#8579,.F.);
#8569 = FACE_BOUND('',#8570,.F.);
#8570 = EDGE_LOOP('',(#8571,#8572,#8573,#8578));
#8571 = ORIENTED_EDGE('',*,*,#8554,.F.);
#8572 = ORIENTED_EDGE('',*,*,#8018,.T.);
#8573 = ORIENTED_EDGE('',*,*,#8574,.T.);
#8574 = EDGE_CURVE('',#8019,#1220,#8575,.T.);
#8575 = B_SPLINE_CURVE_WITH_KNOTS('',1,(#8576,#8577),.UNSPECIFIED.,.F.,
  .F.,(2,2),(-0.,1.E-03),.PIECEWISE_BEZIER_KNOTS.);
#8576 = CARTESIAN_POINT('',(0.624025864736,5.0505,2.188487017684));
#8577 = CARTESIAN_POINT('',(0.624025864736,5.0495,2.188487017684));
#8578 = ORIENTED_EDGE('',*,*,#1228,.F.);
#8579 = B_SPLINE_SURFACE_WITH_KNOTS('',3,1,(
    (#8580,#8581)
    ,(#8582,#8583)
    ,(#8584,#8585)
    ,(#8586,#8587
    )),.UNSPECIFIED.,.F.,.F.,.F.,(4,4),(2,2),(21.,22.),(0.,1.),
  .PIECEWISE_BEZIER_KNOTS.);
#8580 = CARTESIAN_POINT('',(0.925752683793,5.0505,2.461756385302));
#8581 = CARTESIAN_POINT('',(0.925752683793,5.0495,2.461756385302));
#8582 = CARTESIAN_POINT('',(0.769589980385,5.0505,2.460648823678));
#8583 = CARTESIAN_POINT('',(0.769589980385,5.0495,2.460648823678));
#8584 = CARTESIAN_POINT('',(0.640300461931,5.0505,2.340434914403));
#8585 = CARTESIAN_POINT('',(0.640300461931,5.0495,2.340434914403));
#8586 = CARTESIAN_POINT('',(0.624025864736,5.0505,2.188487017684));
#8587 = CARTESIAN_POINT('',(0.624025864736,5.0495,2.188487017684));
#8588 = ADVANCED_FACE('',(#8589),#8599,.F.);
#8589 = FACE_BOUND('',#8590,.T.);
#8590 = EDGE_LOOP('',(#8591,#8592,#8597,#8598));
#8591 = ORIENTED_EDGE('',*,*,#1219,.T.);
#8592 = ORIENTED_EDGE('',*,*,#8593,.F.);
#8593 = EDGE_CURVE('',#8028,#1211,#8594,.T.);
#8594 = B_SPLINE_CURVE_WITH_KNOTS('',1,(#8595,#8596),.UNSPECIFIED.,.F.,
  .F.,(2,2),(-0.,1.E-03),.PIECEWISE_BEZIER_KNOTS.);
#8595 = CARTESIAN_POINT('',(0.606674471632,5.0505,2.188363955411));
#8596 = CARTESIAN_POINT('',(0.606674471632,5.0495,2.188363955411));
#8597 = ORIENTED_EDGE('',*,*,#8027,.F.);
#8598 = ORIENTED_EDGE('',*,*,#8574,.T.);
#8599 = B_SPLINE_SURFACE_WITH_KNOTS('',1,1,(
    (#8600,#8601)
    ,(#8602,#8603
    )),.UNSPECIFIED.,.F.,.F.,.F.,(2,2),(2,2),(-1.735182949916E-02,0.),(
    -1.E-03,0.),.PIECEWISE_BEZIER_KNOTS.);
#8600 = CARTESIAN_POINT('',(0.606674471632,5.0495,2.188363955411));
#8601 = CARTESIAN_POINT('',(0.606674471632,5.0505,2.188363955411));
#8602 = CARTESIAN_POINT('',(0.624025864736,5.0495,2.188487017684));
#8603 = CARTESIAN_POINT('',(0.624025864736,5.0505,2.188487017684));
#8604 = ADVANCED_FACE('',(#8605),#8615,.F.);
#8605 = FACE_BOUND('',#8606,.F.);
#8606 = EDGE_LOOP('',(#8607,#8608,#8609,#8614));
#8607 = ORIENTED_EDGE('',*,*,#8593,.F.);
#8608 = ORIENTED_EDGE('',*,*,#8036,.T.);
#8609 = ORIENTED_EDGE('',*,*,#8610,.T.);
#8610 = EDGE_CURVE('',#8037,#1202,#8611,.T.);
#8611 = B_SPLINE_CURVE_WITH_KNOTS('',1,(#8612,#8613),.UNSPECIFIED.,.F.,
  .F.,(2,2),(-0.,1.E-03),.PIECEWISE_BEZIER_KNOTS.);
#8612 = CARTESIAN_POINT('',(0.438698102263,5.0505,2.017987869679));
#8613 = CARTESIAN_POINT('',(0.438698102263,5.0495,2.017987869679));
#8614 = ORIENTED_EDGE('',*,*,#1210,.F.);
#8615 = B_SPLINE_SURFACE_WITH_KNOTS('',3,1,(
    (#8616,#8617)
    ,(#8618,#8619)
    ,(#8620,#8621)
    ,(#8622,#8623
    )),.UNSPECIFIED.,.F.,.F.,.F.,(4,4),(2,2),(23.,24.),(0.,1.),
  .PIECEWISE_BEZIER_KNOTS.);
#8616 = CARTESIAN_POINT('',(0.606674471632,5.0505,2.188363955411));
#8617 = CARTESIAN_POINT('',(0.606674471632,5.0495,2.188363955411));
#8618 = CARTESIAN_POINT('',(0.513410661305,5.0505,2.187702495184));
#8619 = CARTESIAN_POINT('',(0.513410661305,5.0495,2.187702495184));
#8620 = CARTESIAN_POINT('',(0.438036642036,5.0505,2.111251680006));
#8621 = CARTESIAN_POINT('',(0.438036642036,5.0495,2.111251680006));
#8622 = CARTESIAN_POINT('',(0.438698102263,5.0505,2.017987869679));
#8623 = CARTESIAN_POINT('',(0.438698102263,5.0495,2.017987869679));
#8624 = ADVANCED_FACE('',(#8625),#8635,.F.);
#8625 = FACE_BOUND('',#8626,.F.);
#8626 = EDGE_LOOP('',(#8627,#8628,#8629,#8634));
#8627 = ORIENTED_EDGE('',*,*,#8610,.F.);
#8628 = ORIENTED_EDGE('',*,*,#8045,.T.);
#8629 = ORIENTED_EDGE('',*,*,#8630,.T.);
#8630 = EDGE_CURVE('',#8046,#1195,#8631,.T.);
#8631 = B_SPLINE_CURVE_WITH_KNOTS('',1,(#8632,#8633),.UNSPECIFIED.,.F.,
  .F.,(2,2),(-0.,1.E-03),.PIECEWISE_BEZIER_KNOTS.);
#8632 = CARTESIAN_POINT('',(0.596060663852,5.0505,1.849919203752));
#8633 = CARTESIAN_POINT('',(0.596060663852,5.0495,1.849919203752));
#8634 = ORIENTED_EDGE('',*,*,#1201,.F.);
#8635 = B_SPLINE_SURFACE_WITH_KNOTS('',3,1,(
    (#8636,#8637)
    ,(#8638,#8639)
    ,(#8640,#8641)
    ,(#8642,#8643
    )),.UNSPECIFIED.,.F.,.F.,.F.,(4,4),(2,2),(24.,25.),(0.,1.),
  .PIECEWISE_BEZIER_KNOTS.);
#8636 = CARTESIAN_POINT('',(0.438698102263,5.0505,2.017987869679));
#8637 = CARTESIAN_POINT('',(0.438698102263,5.0495,2.017987869679));
#8638 = CARTESIAN_POINT('',(0.439328797068,5.0505,1.929061886942));
#8639 = CARTESIAN_POINT('',(0.439328797068,5.0495,1.929061886942));
#8640 = CARTESIAN_POINT('',(0.507088491469,5.0505,1.855795270725));
#8641 = CARTESIAN_POINT('',(0.507088491469,5.0495,1.855795270725));
#8642 = CARTESIAN_POINT('',(0.596060663852,5.0505,1.849919203752));
#8643 = CARTESIAN_POINT('',(0.596060663852,5.0495,1.849919203752));
#8644 = ADVANCED_FACE('',(#8645),#8655,.F.);
#8645 = FACE_BOUND('',#8646,.T.);
#8646 = EDGE_LOOP('',(#8647,#8648,#8653,#8654));
#8647 = ORIENTED_EDGE('',*,*,#1194,.T.);
#8648 = ORIENTED_EDGE('',*,*,#8649,.F.);
#8649 = EDGE_CURVE('',#8055,#1186,#8650,.T.);
#8650 = B_SPLINE_CURVE_WITH_KNOTS('',1,(#8651,#8652),.UNSPECIFIED.,.F.,
  .F.,(2,2),(-0.,1.E-03),.PIECEWISE_BEZIER_KNOTS.);
#8651 = CARTESIAN_POINT('',(0.69366234314,5.0505,1.850611429693));
#8652 = CARTESIAN_POINT('',(0.69366234314,5.0495,1.850611429693));
#8653 = ORIENTED_EDGE('',*,*,#8054,.F.);
#8654 = ORIENTED_EDGE('',*,*,#8630,.T.);
#8655 = B_SPLINE_SURFACE_WITH_KNOTS('',1,1,(
    (#8656,#8657)
    ,(#8658,#8659
    )),.UNSPECIFIED.,.F.,.F.,.F.,(2,2),(2,2),(-9.760413401376E-02,
    1.574779975303E-18),(-1.E-03,0.),.PIECEWISE_BEZIER_KNOTS.);
#8656 = CARTESIAN_POINT('',(0.69366234314,5.0495,1.850611429693));
#8657 = CARTESIAN_POINT('',(0.69366234314,5.0505,1.850611429693));
#8658 = CARTESIAN_POINT('',(0.596060663852,5.0495,1.849919203752));
#8659 = CARTESIAN_POINT('',(0.596060663852,5.0505,1.849919203752));
#8660 = ADVANCED_FACE('',(#8661),#8671,.F.);
#8661 = FACE_BOUND('',#8662,.F.);
#8662 = EDGE_LOOP('',(#8663,#8664,#8665,#8670));
#8663 = ORIENTED_EDGE('',*,*,#8649,.F.);
#8664 = ORIENTED_EDGE('',*,*,#8061,.T.);
#8665 = ORIENTED_EDGE('',*,*,#8666,.T.);
#8666 = EDGE_CURVE('',#8062,#1177,#8667,.T.);
#8667 = B_SPLINE_CURVE_WITH_KNOTS('',1,(#8668,#8669),.UNSPECIFIED.,.F.,
  .F.,(2,2),(-0.,1.E-03),.PIECEWISE_BEZIER_KNOTS.);
#8668 = CARTESIAN_POINT('',(0.706660484719,5.0505,1.852872619362));
#8669 = CARTESIAN_POINT('',(0.706660484719,5.0495,1.852872619362));
#8670 = ORIENTED_EDGE('',*,*,#1185,.F.);
#8671 = B_SPLINE_SURFACE_WITH_KNOTS('',3,1,(
    (#8672,#8673)
    ,(#8674,#8675)
    ,(#8676,#8677)
    ,(#8678,#8679
    )),.UNSPECIFIED.,.F.,.F.,.F.,(4,4),(2,2),(26.,27.),(0.,1.),
  .PIECEWISE_BEZIER_KNOTS.);
#8672 = CARTESIAN_POINT('',(0.69366234314,5.0505,1.850611429693));
#8673 = CARTESIAN_POINT('',(0.69366234314,5.0495,1.850611429693));
#8674 = CARTESIAN_POINT('',(0.698000212101,5.0505,1.850642195408));
#8675 = CARTESIAN_POINT('',(0.698000212101,5.0495,1.850642195408));
#8676 = CARTESIAN_POINT('',(0.702322698497,5.0505,1.852841854234));
#8677 = CARTESIAN_POINT('',(0.702322698497,5.0495,1.852841854234));
#8678 = CARTESIAN_POINT('',(0.706660484719,5.0505,1.852872619362));
#8679 = CARTESIAN_POINT('',(0.706660484719,5.0495,1.852872619362));
#8680 = ADVANCED_FACE('',(#8681),#8691,.F.);
#8681 = FACE_BOUND('',#8682,.F.);
#8682 = EDGE_LOOP('',(#8683,#8684,#8685,#8690));
#8683 = ORIENTED_EDGE('',*,*,#8666,.F.);
#8684 = ORIENTED_EDGE('',*,*,#8070,.T.);
#8685 = ORIENTED_EDGE('',*,*,#8686,.T.);
#8686 = EDGE_CURVE('',#8071,#1168,#8687,.T.);
#8687 = B_SPLINE_CURVE_WITH_KNOTS('',1,(#8688,#8689),.UNSPECIFIED.,.F.,
  .F.,(2,2),(-0.,1.E-03),.PIECEWISE_BEZIER_KNOTS.);
#8688 = CARTESIAN_POINT('',(0.774374030547,5.0505,1.786112806584));
#8689 = CARTESIAN_POINT('',(0.774374030547,5.0495,1.786112806584));
#8690 = ORIENTED_EDGE('',*,*,#1176,.F.);
#8691 = B_SPLINE_SURFACE_WITH_KNOTS('',3,1,(
    (#8692,#8693)
    ,(#8694,#8695)
    ,(#8696,#8697)
    ,(#8698,#8699
    )),.UNSPECIFIED.,.F.,.F.,.F.,(4,4),(2,2),(27.,28.),(0.,1.),
  .PIECEWISE_BEZIER_KNOTS.);
#8692 = CARTESIAN_POINT('',(0.706660484719,5.0505,1.852872619362));
#8693 = CARTESIAN_POINT('',(0.706660484719,5.0495,1.852872619362));
#8694 = CARTESIAN_POINT('',(0.743532246776,5.0505,1.853134127057));
#8695 = CARTESIAN_POINT('',(0.743532246776,5.0495,1.853134127057));
#8696 = CARTESIAN_POINT('',(0.774112523439,5.0505,1.822984485903));
#8697 = CARTESIAN_POINT('',(0.774112523439,5.0495,1.822984485903));
#8698 = CARTESIAN_POINT('',(0.774374030547,5.0505,1.786112806584));
#8699 = CARTESIAN_POINT('',(0.774374030547,5.0495,1.786112806584));
#8700 = ADVANCED_FACE('',(#8701),#8711,.F.);
#8701 = FACE_BOUND('',#8702,.F.);
#8702 = EDGE_LOOP('',(#8703,#8704,#8705,#8710));
#8703 = ORIENTED_EDGE('',*,*,#8686,.F.);
#8704 = ORIENTED_EDGE('',*,*,#8079,.T.);
#8705 = ORIENTED_EDGE('',*,*,#8706,.T.);
#8706 = EDGE_CURVE('',#8080,#1161,#8707,.T.);
#8707 = B_SPLINE_CURVE_WITH_KNOTS('',1,(#8708,#8709),.UNSPECIFIED.,.F.,
  .F.,(2,2),(-0.,1.E-03),.PIECEWISE_BEZIER_KNOTS.);
#8708 = CARTESIAN_POINT('',(0.711952003992,5.0505,1.718430025882));
#8709 = CARTESIAN_POINT('',(0.711952003992,5.0495,1.718430025882));
#8710 = ORIENTED_EDGE('',*,*,#1167,.F.);
#8711 = B_SPLINE_SURFACE_WITH_KNOTS('',3,1,(
    (#8712,#8713)
    ,(#8714,#8715)
    ,(#8716,#8717)
    ,(#8718,#8719
    )),.UNSPECIFIED.,.F.,.F.,.F.,(4,4),(2,2),(28.,29.),(0.,1.),
  .PIECEWISE_BEZIER_KNOTS.);
#8712 = CARTESIAN_POINT('',(0.774374030547,5.0505,1.786112806584));
#8713 = CARTESIAN_POINT('',(0.774374030547,5.0495,1.786112806584));
#8714 = CARTESIAN_POINT('',(0.774620155092,5.0505,1.751410020376));
#8715 = CARTESIAN_POINT('',(0.774620155092,5.0495,1.751410020376));
#8716 = CARTESIAN_POINT('',(0.746639490374,5.0505,1.720845044124));
#8717 = CARTESIAN_POINT('',(0.746639490374,5.0495,1.720845044124));
#8718 = CARTESIAN_POINT('',(0.711952003992,5.0505,1.718430025882));
#8719 = CARTESIAN_POINT('',(0.711952003992,5.0495,1.718430025882));
#8720 = ADVANCED_FACE('',(#8721),#8731,.F.);
#8721 = FACE_BOUND('',#8722,.T.);
#8722 = EDGE_LOOP('',(#8723,#8724,#8729,#8730));
#8723 = ORIENTED_EDGE('',*,*,#1160,.T.);
#8724 = ORIENTED_EDGE('',*,*,#8725,.F.);
#8725 = EDGE_CURVE('',#8089,#1152,#8726,.T.);
#8726 = B_SPLINE_CURVE_WITH_KNOTS('',1,(#8727,#8728),.UNSPECIFIED.,.F.,
  .F.,(2,2),(-0.,1.E-03),.PIECEWISE_BEZIER_KNOTS.);
#8727 = CARTESIAN_POINT('',(0.583985407457,5.0505,1.717522441111));
#8728 = CARTESIAN_POINT('',(0.583985407457,5.0495,1.717522441111));
#8729 = ORIENTED_EDGE('',*,*,#8088,.F.);
#8730 = ORIENTED_EDGE('',*,*,#8706,.T.);
#8731 = B_SPLINE_SURFACE_WITH_KNOTS('',1,1,(
    (#8732,#8733)
    ,(#8734,#8735
    )),.UNSPECIFIED.,.F.,.F.,.F.,(2,2),(2,2),(-6.506925720194E-03,
    0.121462889232),(-1.E-03,0.),.PIECEWISE_BEZIER_KNOTS.);
#8732 = CARTESIAN_POINT('',(0.583985407457,5.0495,1.717522441111));
#8733 = CARTESIAN_POINT('',(0.583985407457,5.0505,1.717522441111));
#8734 = CARTESIAN_POINT('',(0.711952003992,5.0495,1.718430025882));
#8735 = CARTESIAN_POINT('',(0.711952003992,5.0505,1.718430025882));
#8736 = ADVANCED_FACE('',(#8737),#8747,.F.);
#8737 = FACE_BOUND('',#8738,.F.);
#8738 = EDGE_LOOP('',(#8739,#8740,#8741,#8746));
#8739 = ORIENTED_EDGE('',*,*,#8725,.F.);
#8740 = ORIENTED_EDGE('',*,*,#8095,.T.);
#8741 = ORIENTED_EDGE('',*,*,#8742,.T.);
#8742 = EDGE_CURVE('',#8096,#1143,#8743,.T.);
#8743 = B_SPLINE_CURVE_WITH_KNOTS('',1,(#8744,#8745),.UNSPECIFIED.,.F.,
  .F.,(2,2),(-0.,1.E-03),.PIECEWISE_BEZIER_KNOTS.);
#8744 = CARTESIAN_POINT('',(0.38592092983,5.0505,1.813724285952));
#8745 = CARTESIAN_POINT('',(0.38592092983,5.0495,1.813724285952));
#8746 = ORIENTED_EDGE('',*,*,#1151,.F.);
#8747 = B_SPLINE_SURFACE_WITH_KNOTS('',3,1,(
    (#8748,#8749)
    ,(#8750,#8751)
    ,(#8752,#8753)
    ,(#8754,#8755
    )),.UNSPECIFIED.,.F.,.F.,.F.,(4,4),(2,2),(33.,34.),(0.,1.),
  .PIECEWISE_BEZIER_KNOTS.);
#8748 = CARTESIAN_POINT('',(0.583985407457,5.0505,1.717522441111));
#8749 = CARTESIAN_POINT('',(0.583985407457,5.0495,1.717522441111));
#8750 = CARTESIAN_POINT('',(0.508026841956,5.0505,1.723490805228));
#8751 = CARTESIAN_POINT('',(0.508026841956,5.0495,1.723490805228));
#8752 = CARTESIAN_POINT('',(0.438375061671,5.0505,1.757701424498));
#8753 = CARTESIAN_POINT('',(0.438375061671,5.0495,1.757701424498));
#8754 = CARTESIAN_POINT('',(0.38592092983,5.0505,1.813724285952));
#8755 = CARTESIAN_POINT('',(0.38592092983,5.0495,1.813724285952));
#8756 = ADVANCED_FACE('',(#8757),#8763,.F.);
#8757 = FACE_BOUND('',#8758,.F.);
#8758 = EDGE_LOOP('',(#8759,#8760,#8761,#8762));
#8759 = ORIENTED_EDGE('',*,*,#8742,.F.);
#8760 = ORIENTED_EDGE('',*,*,#8104,.T.);
#8761 = ORIENTED_EDGE('',*,*,#8144,.T.);
#8762 = ORIENTED_EDGE('',*,*,#1142,.F.);
#8763 = B_SPLINE_SURFACE_WITH_KNOTS('',3,1,(
    (#8764,#8765)
    ,(#8766,#8767)
    ,(#8768,#8769)
    ,(#8770,#8771
    )),.UNSPECIFIED.,.F.,.F.,.F.,(4,4),(2,2),(34.,35.),(0.,1.),
  .PIECEWISE_BEZIER_KNOTS.);
#8764 = CARTESIAN_POINT('',(0.38592092983,5.0505,1.813724285952));
#8765 = CARTESIAN_POINT('',(0.38592092983,5.0495,1.813724285952));
#8766 = CARTESIAN_POINT('',(0.333466715249,5.0505,1.86974714682));
#8767 = CARTESIAN_POINT('',(0.333466715249,5.0495,1.86974714682));
#8768 = CARTESIAN_POINT('',(0.304747675722,5.0505,1.943290694667));
#8769 = CARTESIAN_POINT('',(0.304747675722,5.0495,1.943290694667));
#8770 = CARTESIAN_POINT('',(0.304209277768,5.0505,2.01920311189));
#8771 = CARTESIAN_POINT('',(0.304209277768,5.0495,2.01920311189));
#8772 = ADVANCED_FACE('',(#8773),#8800,.T.);
#8773 = FACE_BOUND('',#8774,.T.);
#8774 = EDGE_LOOP('',(#8775,#8789,#8794,#8795));
#8775 = ORIENTED_EDGE('',*,*,#8776,.F.);
#8776 = EDGE_CURVE('',#8777,#8779,#8781,.T.);
#8777 = VERTEX_POINT('',#8778);
#8778 = CARTESIAN_POINT('',(1.221742001596,5.0495,1.709031294253));
#8779 = VERTEX_POINT('',#8780);
#8780 = CARTESIAN_POINT('',(1.220542142828,5.0495,1.878207604542));
#8781 = B_SPLINE_CURVE_WITH_KNOTS('',3,(#8782,#8783,#8784,#8785,#8786,
    #8787,#8788),.UNSPECIFIED.,.F.,.F.,(4,3,4),(0.,1.,2.),
  .PIECEWISE_BEZIER_KNOTS.);
#8782 = CARTESIAN_POINT('',(1.221742001596,5.0495,1.709031294253));
#8783 = CARTESIAN_POINT('',(1.174025649877,5.0495,1.708692872858));
#8784 = CARTESIAN_POINT('',(1.136876996975,5.0495,1.747472103067));
#8785 = CARTESIAN_POINT('',(1.136553958437,5.0495,1.793019520307));
#8786 = CARTESIAN_POINT('',(1.136215536748,5.0495,1.840735913395));
#8787 = CARTESIAN_POINT('',(1.174994684219,5.0495,1.877884565711));
#8788 = CARTESIAN_POINT('',(1.220542142828,5.0495,1.878207604542));
#8789 = ORIENTED_EDGE('',*,*,#8790,.F.);
#8790 = EDGE_CURVE('',#8114,#8777,#8791,.T.);
#8791 = B_SPLINE_CURVE_WITH_KNOTS('',1,(#8792,#8793),.UNSPECIFIED.,.F.,
  .F.,(2,2),(-0.,1.E-03),.PIECEWISE_BEZIER_KNOTS.);
#8792 = CARTESIAN_POINT('',(1.221742001596,5.0505,1.709031294253));
#8793 = CARTESIAN_POINT('',(1.221742001596,5.0495,1.709031294253));
#8794 = ORIENTED_EDGE('',*,*,#8113,.T.);
#8795 = ORIENTED_EDGE('',*,*,#8796,.T.);
#8796 = EDGE_CURVE('',#8116,#8779,#8797,.T.);
#8797 = B_SPLINE_CURVE_WITH_KNOTS('',1,(#8798,#8799),.UNSPECIFIED.,.F.,
  .F.,(2,2),(-0.,1.E-03),.PIECEWISE_BEZIER_KNOTS.);
#8798 = CARTESIAN_POINT('',(1.220542142828,5.0505,1.878207604542));
#8799 = CARTESIAN_POINT('',(1.220542142828,5.0495,1.878207604542));
#8800 = B_SPLINE_SURFACE_WITH_KNOTS('',3,1,(
    (#8801,#8802)
    ,(#8803,#8804)
    ,(#8805,#8806)
    ,(#8807,#8808)
    ,(#8809,#8810)
    ,(#8811,#8812)
    ,(#8813,#8814
    )),.UNSPECIFIED.,.F.,.F.,.F.,(4,3,4),(2,2),(0.,1.,2.),(0.,1.),
  .PIECEWISE_BEZIER_KNOTS.);
#8801 = CARTESIAN_POINT('',(1.221742001596,5.0505,1.709031294253));
#8802 = CARTESIAN_POINT('',(1.221742001596,5.0495,1.709031294253));
#8803 = CARTESIAN_POINT('',(1.174025649877,5.0505,1.708692872858));
#8804 = CARTESIAN_POINT('',(1.174025649877,5.0495,1.708692872858));
#8805 = CARTESIAN_POINT('',(1.136876996975,5.0505,1.747472103067));
#8806 = CARTESIAN_POINT('',(1.136876996975,5.0495,1.747472103067));
#8807 = CARTESIAN_POINT('',(1.136553958437,5.0505,1.793019520307));
#8808 = CARTESIAN_POINT('',(1.136553958437,5.0495,1.793019520307));
#8809 = CARTESIAN_POINT('',(1.136215536748,5.0505,1.840735913395));
#8810 = CARTESIAN_POINT('',(1.136215536748,5.0495,1.840735913395));
#8811 = CARTESIAN_POINT('',(1.174994684219,5.0505,1.877884565711));
#8812 = CARTESIAN_POINT('',(1.174994684219,5.0495,1.877884565711));
#8813 = CARTESIAN_POINT('',(1.220542142828,5.0505,1.878207604542));
#8814 = CARTESIAN_POINT('',(1.220542142828,5.0495,1.878207604542));
#8815 = ADVANCED_FACE('',(#8816),#8830,.T.);
#8816 = FACE_BOUND('',#8817,.T.);
#8817 = EDGE_LOOP('',(#8818,#8827,#8828,#8829));
#8818 = ORIENTED_EDGE('',*,*,#8819,.F.);
#8819 = EDGE_CURVE('',#8779,#8777,#8820,.T.);
#8820 = B_SPLINE_CURVE_WITH_KNOTS('',3,(#8821,#8822,#8823,#8824,#8825,
    #8826),.UNSPECIFIED.,.F.,.F.,(4,2,4),(2.,3.,4.),.UNSPECIFIED.);
#8821 = CARTESIAN_POINT('',(1.220542142828,5.0495,1.878207604542));
#8822 = CARTESIAN_POINT('',(1.266089601435,5.0495,1.878530643373));
#8823 = CARTESIAN_POINT('',(1.305391764299,5.0495,1.841935771576));
#8824 = CARTESIAN_POINT('',(1.306068607676,5.0495,1.7465029854));
#8825 = CARTESIAN_POINT('',(1.267289460204,5.0495,1.709354333084));
#8826 = CARTESIAN_POINT('',(1.221742001596,5.0495,1.709031294253));
#8827 = ORIENTED_EDGE('',*,*,#8796,.F.);
#8828 = ORIENTED_EDGE('',*,*,#8127,.T.);
#8829 = ORIENTED_EDGE('',*,*,#8790,.T.);
#8830 = B_SPLINE_SURFACE_WITH_KNOTS('',3,1,(
    (#8831,#8832)
    ,(#8833,#8834)
    ,(#8835,#8836)
    ,(#8837,#8838)
    ,(#8839,#8840)
    ,(#8841,#8842
    )),.UNSPECIFIED.,.F.,.F.,.F.,(4,2,4),(2,2),(2.,3.,4.),(0.,1.),
  .UNSPECIFIED.);
#8831 = CARTESIAN_POINT('',(1.220542142828,5.0505,1.878207604542));
#8832 = CARTESIAN_POINT('',(1.220542142828,5.0495,1.878207604542));
#8833 = CARTESIAN_POINT('',(1.266089601435,5.0505,1.878530643373));
#8834 = CARTESIAN_POINT('',(1.266089601435,5.0495,1.878530643373));
#8835 = CARTESIAN_POINT('',(1.305391764299,5.0505,1.841935771576));
#8836 = CARTESIAN_POINT('',(1.305391764299,5.0495,1.841935771576));
#8837 = CARTESIAN_POINT('',(1.306068607676,5.0505,1.7465029854));
#8838 = CARTESIAN_POINT('',(1.306068607676,5.0495,1.7465029854));
#8839 = CARTESIAN_POINT('',(1.267289460204,5.0505,1.709354333084));
#8840 = CARTESIAN_POINT('',(1.267289460204,5.0495,1.709354333084));
#8841 = CARTESIAN_POINT('',(1.221742001596,5.0505,1.709031294253));
#8842 = CARTESIAN_POINT('',(1.221742001596,5.0495,1.709031294253));
#8843 = ADVANCED_FACE('',(#8844),#8848,.F.);
#8844 = FACE_BOUND('',#8845,.T.);
#8845 = EDGE_LOOP('',(#8846,#8847));
#8846 = ORIENTED_EDGE('',*,*,#8819,.T.);
#8847 = ORIENTED_EDGE('',*,*,#8776,.T.);
#8848 = B_SPLINE_SURFACE_WITH_KNOTS('',1,1,(
    (#8849,#8850)
    ,(#8851,#8852
    )),.UNSPECIFIED.,.F.,.F.,.F.,(2,2),(2,2),(2.321469456627,
    2.491307227142),(6.186215536748,6.356068607676),
  .PIECEWISE_BEZIER_KNOTS.);
#8849 = CARTESIAN_POINT('',(1.136215536748,5.0495,1.878530643373));
#8850 = CARTESIAN_POINT('',(1.306068607676,5.0495,1.878530643373));
#8851 = CARTESIAN_POINT('',(1.136215536748,5.0495,1.708692872858));
#8852 = CARTESIAN_POINT('',(1.306068607676,5.0495,1.708692872858));
#8853 = ( GEOMETRIC_REPRESENTATION_CONTEXT(3) 
GLOBAL_UNCERTAINTY_ASSIGNED_CONTEXT((#8857)) 
GLOBAL_UNIT_ASSIGNED_CONTEXT((#8854,#8855,#8856)) REPRESENTATION_CONTEXT
('Context #1','3D Context with UNIT and UNCERTAINTY') );
#8854 = ( LENGTH_UNIT() NAMED_UNIT(*) SI_UNIT(.MILLI.,.METRE.) );
#8855 = ( NAMED_UNIT(*) PLANE_ANGLE_UNIT() SI_UNIT($,.RADIAN.) );
#8856 = ( NAMED_UNIT(*) SI_UNIT($,.STERADIAN.) SOLID_ANGLE_UNIT() );
#8857 = UNCERTAINTY_MEASURE_WITH_UNIT(LENGTH_MEASURE(1.E-07),#8854,
  'distance_accuracy_value','confusion accuracy');
#8858 = PRODUCT_RELATED_PRODUCT_CATEGORY('part',$,(#7));
#8859 = MECHANICAL_DESIGN_GEOMETRIC_PRESENTATION_REPRESENTATION('',(
    #8860,#8870,#8878,#8886,#8893,#8900,#8907,#8914,#8921,#8928,#8935,
    #8942,#8949,#8956,#8963,#8970,#8977,#8984,#8991,#8998,#9005,#9012,
    #9019,#9026,#9033,#9040,#9047,#9054,#9061,#9068,#9075,#9082,#9089,
    #9096,#9103,#9110,#9117,#9124,#9131,#9138,#9145,#9152,#9159,#9166,
    #9173,#9180,#9187,#9194,#9201,#9208,#9215,#9222,#9229,#9236,#9243,
    #9250,#9257,#9264,#9272,#9279,#9286,#9293,#9300,#9307,#9314,#9321,
    #9328,#9335,#9342,#9349,#9356,#9363,#9370,#9377,#9384,#9391,#9398,
    #9405,#9412,#9419,#9426,#9433,#9440,#9447,#9454,#9461,#9468,#9475,
    #9482,#9489,#9496,#9503,#9510,#9517,#9524,#9531,#9538,#9545,#9552,
    #9559,#9566,#9573,#9580,#9587,#9594,#9601,#9608,#9615,#9622,#9629,
    #9636,#9643,#9650,#9657,#9664,#9671,#9678,#9685,#9692,#9699,#9706,
    #9713,#9720,#9727,#9734,#9741,#9748,#9755,#9762,#9769,#9776,#9783,
    #9790,#9797,#9804,#9811,#9818,#9825,#9832,#9839,#9846,#9853,#9860,
    #9867,#9874,#9881,#9888,#9895,#9902,#9909,#9916,#9923,#9930,#9937,
    #9944,#9951,#9958,#9965,#9972,#9979,#9986,#9993,#10000,#10007,#10014
    ,#10021,#10028,#10035,#10042,#10049,#10056,#10063,#10070,#10077,
    #10084,#10091,#10098,#10105,#10112,#10119,#10126,#10133,#10140,
    #10147,#10154,#10161,#10168,#10175,#10182,#10189,#10196,#10203,
    #10210,#10217,#10224,#10231,#10238,#10245,#10252,#10259,#10266,
    #10273,#10280,#10287,#10294,#10301,#10308,#10315,#10322,#10329,
    #10336,#10343,#10350,#10357,#10364,#10371,#10378,#10385,#10392,
    #10399,#10406,#10413,#10420,#10427,#10434,#10441,#10448,#10455,
    #10462,#10469,#10476,#10483,#10490,#10497,#10504,#10511,#10518,
    #10525,#10532,#10539,#10546,#10553,#10560,#10567,#10574,#10581,
    #10588,#10595,#10602,#10609,#10616,#10623,#10630,#10637,#10644,
    #10651,#10658,#10665,#10672,#10679,#10686,#10693,#10700,#10707,
    #10714,#10721,#10728,#10735,#10742,#10749,#10756,#10763,#10770,
    #10777,#10784,#10791,#10798,#10805,#10812,#10819,#10826),#8853);
#8860 = STYLED_ITEM('color',(#8861),#15);
#8861 = PRESENTATION_STYLE_ASSIGNMENT((#8862,#8868));
#8862 = SURFACE_STYLE_USAGE(.BOTH.,#8863);
#8863 = SURFACE_SIDE_STYLE('',(#8864));
#8864 = SURFACE_STYLE_FILL_AREA(#8865);
#8865 = FILL_AREA_STYLE('',(#8866));
#8866 = FILL_AREA_STYLE_COLOUR('',#8867);
#8867 = DRAUGHTING_PRE_DEFINED_COLOUR('white');
#8868 = CURVE_STYLE('',#8869,POSITIVE_LENGTH_MEASURE(0.1),#8867);
#8869 = DRAUGHTING_PRE_DEFINED_CURVE_FONT('continuous');
#8870 = OVER_RIDING_STYLED_ITEM('overriding color',(#8871),#17,#8860);
#8871 = PRESENTATION_STYLE_ASSIGNMENT((#8872));
#8872 = SURFACE_STYLE_USAGE(.BOTH.,#8873);
#8873 = SURFACE_SIDE_STYLE('',(#8874));
#8874 = SURFACE_STYLE_FILL_AREA(#8875);
#8875 = FILL_AREA_STYLE('',(#8876));
#8876 = FILL_AREA_STYLE_COLOUR('',#8877);
#8877 = COLOUR_RGB('',0.564705893417,0.564705893417,0.564705893417);
#8878 = OVER_RIDING_STYLED_ITEM('overriding color',(#8879),#1422,#8860);
#8879 = PRESENTATION_STYLE_ASSIGNMENT((#8880));
#8880 = SURFACE_STYLE_USAGE(.BOTH.,#8881);
#8881 = SURFACE_SIDE_STYLE('',(#8882));
#8882 = SURFACE_STYLE_FILL_AREA(#8883);
#8883 = FILL_AREA_STYLE('',(#8884));
#8884 = FILL_AREA_STYLE_COLOUR('',#8885);
#8885 = COLOUR_RGB('',0.850980378684,0.850980378684,0.850980378684);
#8886 = OVER_RIDING_STYLED_ITEM('overriding color',(#8887),#1486,#8860);
#8887 = PRESENTATION_STYLE_ASSIGNMENT((#8888));
#8888 = SURFACE_STYLE_USAGE(.BOTH.,#8889);
#8889 = SURFACE_SIDE_STYLE('',(#8890));
#8890 = SURFACE_STYLE_FILL_AREA(#8891);
#8891 = FILL_AREA_STYLE('',(#8892));
#8892 = FILL_AREA_STYLE_COLOUR('',#8885);
#8893 = OVER_RIDING_STYLED_ITEM('overriding color',(#8894),#1550,#8860);
#8894 = PRESENTATION_STYLE_ASSIGNMENT((#8895));
#8895 = SURFACE_STYLE_USAGE(.BOTH.,#8896);
#8896 = SURFACE_SIDE_STYLE('',(#8897));
#8897 = SURFACE_STYLE_FILL_AREA(#8898);
#8898 = FILL_AREA_STYLE('',(#8899));
#8899 = FILL_AREA_STYLE_COLOUR('',#8885);
#8900 = OVER_RIDING_STYLED_ITEM('overriding color',(#8901),#1582,#8860);
#8901 = PRESENTATION_STYLE_ASSIGNMENT((#8902));
#8902 = SURFACE_STYLE_USAGE(.BOTH.,#8903);
#8903 = SURFACE_SIDE_STYLE('',(#8904));
#8904 = SURFACE_STYLE_FILL_AREA(#8905);
#8905 = FILL_AREA_STYLE('',(#8906));
#8906 = FILL_AREA_STYLE_COLOUR('',#8885);
#8907 = OVER_RIDING_STYLED_ITEM('overriding color',(#8908),#1614,#8860);
#8908 = PRESENTATION_STYLE_ASSIGNMENT((#8909));
#8909 = SURFACE_STYLE_USAGE(.BOTH.,#8910);
#8910 = SURFACE_SIDE_STYLE('',(#8911));
#8911 = SURFACE_STYLE_FILL_AREA(#8912);
#8912 = FILL_AREA_STYLE('',(#8913));
#8913 = FILL_AREA_STYLE_COLOUR('',#8885);
#8914 = OVER_RIDING_STYLED_ITEM('overriding color',(#8915),#1646,#8860);
#8915 = PRESENTATION_STYLE_ASSIGNMENT((#8916));
#8916 = SURFACE_STYLE_USAGE(.BOTH.,#8917);
#8917 = SURFACE_SIDE_STYLE('',(#8918));
#8918 = SURFACE_STYLE_FILL_AREA(#8919);
#8919 = FILL_AREA_STYLE('',(#8920));
#8920 = FILL_AREA_STYLE_COLOUR('',#8885);
#8921 = OVER_RIDING_STYLED_ITEM('overriding color',(#8922),#1678,#8860);
#8922 = PRESENTATION_STYLE_ASSIGNMENT((#8923));
#8923 = SURFACE_STYLE_USAGE(.BOTH.,#8924);
#8924 = SURFACE_SIDE_STYLE('',(#8925));
#8925 = SURFACE_STYLE_FILL_AREA(#8926);
#8926 = FILL_AREA_STYLE('',(#8927));
#8927 = FILL_AREA_STYLE_COLOUR('',#8885);
#8928 = OVER_RIDING_STYLED_ITEM('overriding color',(#8929),#1718,#8860);
#8929 = PRESENTATION_STYLE_ASSIGNMENT((#8930));
#8930 = SURFACE_STYLE_USAGE(.BOTH.,#8931);
#8931 = SURFACE_SIDE_STYLE('',(#8932));
#8932 = SURFACE_STYLE_FILL_AREA(#8933);
#8933 = FILL_AREA_STYLE('',(#8934));
#8934 = FILL_AREA_STYLE_COLOUR('',#8885);
#8935 = OVER_RIDING_STYLED_ITEM('overriding color',(#8936),#1758,#8860);
#8936 = PRESENTATION_STYLE_ASSIGNMENT((#8937));
#8937 = SURFACE_STYLE_USAGE(.BOTH.,#8938);
#8938 = SURFACE_SIDE_STYLE('',(#8939));
#8939 = SURFACE_STYLE_FILL_AREA(#8940);
#8940 = FILL_AREA_STYLE('',(#8941));
#8941 = FILL_AREA_STYLE_COLOUR('',#8877);
#8942 = OVER_RIDING_STYLED_ITEM('overriding color',(#8943),#1836,#8860);
#8943 = PRESENTATION_STYLE_ASSIGNMENT((#8944));
#8944 = SURFACE_STYLE_USAGE(.BOTH.,#8945);
#8945 = SURFACE_SIDE_STYLE('',(#8946));
#8946 = SURFACE_STYLE_FILL_AREA(#8947);
#8947 = FILL_AREA_STYLE('',(#8948));
#8948 = FILL_AREA_STYLE_COLOUR('',#8877);
#8949 = OVER_RIDING_STYLED_ITEM('overriding color',(#8950),#1930,#8860);
#8950 = PRESENTATION_STYLE_ASSIGNMENT((#8951));
#8951 = SURFACE_STYLE_USAGE(.BOTH.,#8952);
#8952 = SURFACE_SIDE_STYLE('',(#8953));
#8953 = SURFACE_STYLE_FILL_AREA(#8954);
#8954 = FILL_AREA_STYLE('',(#8955));
#8955 = FILL_AREA_STYLE_COLOUR('',#8877);
#8956 = OVER_RIDING_STYLED_ITEM('overriding color',(#8957),#1966,#8860);
#8957 = PRESENTATION_STYLE_ASSIGNMENT((#8958));
#8958 = SURFACE_STYLE_USAGE(.BOTH.,#8959);
#8959 = SURFACE_SIDE_STYLE('',(#8960));
#8960 = SURFACE_STYLE_FILL_AREA(#8961);
#8961 = FILL_AREA_STYLE('',(#8962));
#8962 = FILL_AREA_STYLE_COLOUR('',#8877);
#8963 = OVER_RIDING_STYLED_ITEM('overriding color',(#8964),#2002,#8860);
#8964 = PRESENTATION_STYLE_ASSIGNMENT((#8965));
#8965 = SURFACE_STYLE_USAGE(.BOTH.,#8966);
#8966 = SURFACE_SIDE_STYLE('',(#8967));
#8967 = SURFACE_STYLE_FILL_AREA(#8968);
#8968 = FILL_AREA_STYLE('',(#8969));
#8969 = FILL_AREA_STYLE_COLOUR('',#8877);
#8970 = OVER_RIDING_STYLED_ITEM('overriding color',(#8971),#2078,#8860);
#8971 = PRESENTATION_STYLE_ASSIGNMENT((#8972));
#8972 = SURFACE_STYLE_USAGE(.BOTH.,#8973);
#8973 = SURFACE_SIDE_STYLE('',(#8974));
#8974 = SURFACE_STYLE_FILL_AREA(#8975);
#8975 = FILL_AREA_STYLE('',(#8976));
#8976 = FILL_AREA_STYLE_COLOUR('',#8877);
#8977 = OVER_RIDING_STYLED_ITEM('overriding color',(#8978),#2092,#8860);
#8978 = PRESENTATION_STYLE_ASSIGNMENT((#8979));
#8979 = SURFACE_STYLE_USAGE(.BOTH.,#8980);
#8980 = SURFACE_SIDE_STYLE('',(#8981));
#8981 = SURFACE_STYLE_FILL_AREA(#8982);
#8982 = FILL_AREA_STYLE('',(#8983));
#8983 = FILL_AREA_STYLE_COLOUR('',#8877);
#8984 = OVER_RIDING_STYLED_ITEM('overriding color',(#8985),#2106,#8860);
#8985 = PRESENTATION_STYLE_ASSIGNMENT((#8986));
#8986 = SURFACE_STYLE_USAGE(.BOTH.,#8987);
#8987 = SURFACE_SIDE_STYLE('',(#8988));
#8988 = SURFACE_STYLE_FILL_AREA(#8989);
#8989 = FILL_AREA_STYLE('',(#8990));
#8990 = FILL_AREA_STYLE_COLOUR('',#8877);
#8991 = OVER_RIDING_STYLED_ITEM('overriding color',(#8992),#2120,#8860);
#8992 = PRESENTATION_STYLE_ASSIGNMENT((#8993));
#8993 = SURFACE_STYLE_USAGE(.BOTH.,#8994);
#8994 = SURFACE_SIDE_STYLE('',(#8995));
#8995 = SURFACE_STYLE_FILL_AREA(#8996);
#8996 = FILL_AREA_STYLE('',(#8997));
#8997 = FILL_AREA_STYLE_COLOUR('',#8877);
#8998 = OVER_RIDING_STYLED_ITEM('overriding color',(#8999),#2134,#8860);
#8999 = PRESENTATION_STYLE_ASSIGNMENT((#9000));
#9000 = SURFACE_STYLE_USAGE(.BOTH.,#9001);
#9001 = SURFACE_SIDE_STYLE('',(#9002));
#9002 = SURFACE_STYLE_FILL_AREA(#9003);
#9003 = FILL_AREA_STYLE('',(#9004));
#9004 = FILL_AREA_STYLE_COLOUR('',#8877);
#9005 = OVER_RIDING_STYLED_ITEM('overriding color',(#9006),#2162,#8860);
#9006 = PRESENTATION_STYLE_ASSIGNMENT((#9007));
#9007 = SURFACE_STYLE_USAGE(.BOTH.,#9008);
#9008 = SURFACE_SIDE_STYLE('',(#9009));
#9009 = SURFACE_STYLE_FILL_AREA(#9010);
#9010 = FILL_AREA_STYLE('',(#9011));
#9011 = FILL_AREA_STYLE_COLOUR('',#8877);
#9012 = OVER_RIDING_STYLED_ITEM('overriding color',(#9013),#2178,#8860);
#9013 = PRESENTATION_STYLE_ASSIGNMENT((#9014));
#9014 = SURFACE_STYLE_USAGE(.BOTH.,#9015);
#9015 = SURFACE_SIDE_STYLE('',(#9016));
#9016 = SURFACE_STYLE_FILL_AREA(#9017);
#9017 = FILL_AREA_STYLE('',(#9018));
#9018 = FILL_AREA_STYLE_COLOUR('',#8877);
#9019 = OVER_RIDING_STYLED_ITEM('overriding color',(#9020),#2194,#8860);
#9020 = PRESENTATION_STYLE_ASSIGNMENT((#9021));
#9021 = SURFACE_STYLE_USAGE(.BOTH.,#9022);
#9022 = SURFACE_SIDE_STYLE('',(#9023));
#9023 = SURFACE_STYLE_FILL_AREA(#9024);
#9024 = FILL_AREA_STYLE('',(#9025));
#9025 = FILL_AREA_STYLE_COLOUR('',#8877);
#9026 = OVER_RIDING_STYLED_ITEM('overriding color',(#9027),#2206,#8860);
#9027 = PRESENTATION_STYLE_ASSIGNMENT((#9028));
#9028 = SURFACE_STYLE_USAGE(.BOTH.,#9029);
#9029 = SURFACE_SIDE_STYLE('',(#9030));
#9030 = SURFACE_STYLE_FILL_AREA(#9031);
#9031 = FILL_AREA_STYLE('',(#9032));
#9032 = FILL_AREA_STYLE_COLOUR('',#8877);
#9033 = OVER_RIDING_STYLED_ITEM('overriding color',(#9034),#2234,#8860);
#9034 = PRESENTATION_STYLE_ASSIGNMENT((#9035));
#9035 = SURFACE_STYLE_USAGE(.BOTH.,#9036);
#9036 = SURFACE_SIDE_STYLE('',(#9037));
#9037 = SURFACE_STYLE_FILL_AREA(#9038);
#9038 = FILL_AREA_STYLE('',(#9039));
#9039 = FILL_AREA_STYLE_COLOUR('',#8877);
#9040 = OVER_RIDING_STYLED_ITEM('overriding color',(#9041),#2250,#8860);
#9041 = PRESENTATION_STYLE_ASSIGNMENT((#9042));
#9042 = SURFACE_STYLE_USAGE(.BOTH.,#9043);
#9043 = SURFACE_SIDE_STYLE('',(#9044));
#9044 = SURFACE_STYLE_FILL_AREA(#9045);
#9045 = FILL_AREA_STYLE('',(#9046));
#9046 = FILL_AREA_STYLE_COLOUR('',#8877);
#9047 = OVER_RIDING_STYLED_ITEM('overriding color',(#9048),#2266,#8860);
#9048 = PRESENTATION_STYLE_ASSIGNMENT((#9049));
#9049 = SURFACE_STYLE_USAGE(.BOTH.,#9050);
#9050 = SURFACE_SIDE_STYLE('',(#9051));
#9051 = SURFACE_STYLE_FILL_AREA(#9052);
#9052 = FILL_AREA_STYLE('',(#9053));
#9053 = FILL_AREA_STYLE_COLOUR('',#8877);
#9054 = OVER_RIDING_STYLED_ITEM('overriding color',(#9055),#2278,#8860);
#9055 = PRESENTATION_STYLE_ASSIGNMENT((#9056));
#9056 = SURFACE_STYLE_USAGE(.BOTH.,#9057);
#9057 = SURFACE_SIDE_STYLE('',(#9058));
#9058 = SURFACE_STYLE_FILL_AREA(#9059);
#9059 = FILL_AREA_STYLE('',(#9060));
#9060 = FILL_AREA_STYLE_COLOUR('',#8885);
#9061 = OVER_RIDING_STYLED_ITEM('overriding color',(#9062),#2318,#8860);
#9062 = PRESENTATION_STYLE_ASSIGNMENT((#9063));
#9063 = SURFACE_STYLE_USAGE(.BOTH.,#9064);
#9064 = SURFACE_SIDE_STYLE('',(#9065));
#9065 = SURFACE_STYLE_FILL_AREA(#9066);
#9066 = FILL_AREA_STYLE('',(#9067));
#9067 = FILL_AREA_STYLE_COLOUR('',#8885);
#9068 = OVER_RIDING_STYLED_ITEM('overriding color',(#9069),#2352,#8860);
#9069 = PRESENTATION_STYLE_ASSIGNMENT((#9070));
#9070 = SURFACE_STYLE_USAGE(.BOTH.,#9071);
#9071 = SURFACE_SIDE_STYLE('',(#9072));
#9072 = SURFACE_STYLE_FILL_AREA(#9073);
#9073 = FILL_AREA_STYLE('',(#9074));
#9074 = FILL_AREA_STYLE_COLOUR('',#8885);
#9075 = OVER_RIDING_STYLED_ITEM('overriding color',(#9076),#2384,#8860);
#9076 = PRESENTATION_STYLE_ASSIGNMENT((#9077));
#9077 = SURFACE_STYLE_USAGE(.BOTH.,#9078);
#9078 = SURFACE_SIDE_STYLE('',(#9079));
#9079 = SURFACE_STYLE_FILL_AREA(#9080);
#9080 = FILL_AREA_STYLE('',(#9081));
#9081 = FILL_AREA_STYLE_COLOUR('',#8885);
#9082 = OVER_RIDING_STYLED_ITEM('overriding color',(#9083),#2412,#8860);
#9083 = PRESENTATION_STYLE_ASSIGNMENT((#9084));
#9084 = SURFACE_STYLE_USAGE(.BOTH.,#9085);
#9085 = SURFACE_SIDE_STYLE('',(#9086));
#9086 = SURFACE_STYLE_FILL_AREA(#9087);
#9087 = FILL_AREA_STYLE('',(#9088));
#9088 = FILL_AREA_STYLE_COLOUR('',#8885);
#9089 = OVER_RIDING_STYLED_ITEM('overriding color',(#9090),#2440,#8860);
#9090 = PRESENTATION_STYLE_ASSIGNMENT((#9091));
#9091 = SURFACE_STYLE_USAGE(.BOTH.,#9092);
#9092 = SURFACE_SIDE_STYLE('',(#9093));
#9093 = SURFACE_STYLE_FILL_AREA(#9094);
#9094 = FILL_AREA_STYLE('',(#9095));
#9095 = FILL_AREA_STYLE_COLOUR('',#8885);
#9096 = OVER_RIDING_STYLED_ITEM('overriding color',(#9097),#2468,#8860);
#9097 = PRESENTATION_STYLE_ASSIGNMENT((#9098));
#9098 = SURFACE_STYLE_USAGE(.BOTH.,#9099);
#9099 = SURFACE_SIDE_STYLE('',(#9100));
#9100 = SURFACE_STYLE_FILL_AREA(#9101);
#9101 = FILL_AREA_STYLE('',(#9102));
#9102 = FILL_AREA_STYLE_COLOUR('',#8885);
#9103 = OVER_RIDING_STYLED_ITEM('overriding color',(#9104),#2500,#8860);
#9104 = PRESENTATION_STYLE_ASSIGNMENT((#9105));
#9105 = SURFACE_STYLE_USAGE(.BOTH.,#9106);
#9106 = SURFACE_SIDE_STYLE('',(#9107));
#9107 = SURFACE_STYLE_FILL_AREA(#9108);
#9108 = FILL_AREA_STYLE('',(#9109));
#9109 = FILL_AREA_STYLE_COLOUR('',#8885);
#9110 = OVER_RIDING_STYLED_ITEM('overriding color',(#9111),#2534,#8860);
#9111 = PRESENTATION_STYLE_ASSIGNMENT((#9112));
#9112 = SURFACE_STYLE_USAGE(.BOTH.,#9113);
#9113 = SURFACE_SIDE_STYLE('',(#9114));
#9114 = SURFACE_STYLE_FILL_AREA(#9115);
#9115 = FILL_AREA_STYLE('',(#9116));
#9116 = FILL_AREA_STYLE_COLOUR('',#8885);
#9117 = OVER_RIDING_STYLED_ITEM('overriding color',(#9118),#2566,#8860);
#9118 = PRESENTATION_STYLE_ASSIGNMENT((#9119));
#9119 = SURFACE_STYLE_USAGE(.BOTH.,#9120);
#9120 = SURFACE_SIDE_STYLE('',(#9121));
#9121 = SURFACE_STYLE_FILL_AREA(#9122);
#9122 = FILL_AREA_STYLE('',(#9123));
#9123 = FILL_AREA_STYLE_COLOUR('',#8885);
#9124 = OVER_RIDING_STYLED_ITEM('overriding color',(#9125),#2594,#8860);
#9125 = PRESENTATION_STYLE_ASSIGNMENT((#9126));
#9126 = SURFACE_STYLE_USAGE(.BOTH.,#9127);
#9127 = SURFACE_SIDE_STYLE('',(#9128));
#9128 = SURFACE_STYLE_FILL_AREA(#9129);
#9129 = FILL_AREA_STYLE('',(#9130));
#9130 = FILL_AREA_STYLE_COLOUR('',#8885);
#9131 = OVER_RIDING_STYLED_ITEM('overriding color',(#9132),#2622,#8860);
#9132 = PRESENTATION_STYLE_ASSIGNMENT((#9133));
#9133 = SURFACE_STYLE_USAGE(.BOTH.,#9134);
#9134 = SURFACE_SIDE_STYLE('',(#9135));
#9135 = SURFACE_STYLE_FILL_AREA(#9136);
#9136 = FILL_AREA_STYLE('',(#9137));
#9137 = FILL_AREA_STYLE_COLOUR('',#8885);
#9138 = OVER_RIDING_STYLED_ITEM('overriding color',(#9139),#2654,#8860);
#9139 = PRESENTATION_STYLE_ASSIGNMENT((#9140));
#9140 = SURFACE_STYLE_USAGE(.BOTH.,#9141);
#9141 = SURFACE_SIDE_STYLE('',(#9142));
#9142 = SURFACE_STYLE_FILL_AREA(#9143);
#9143 = FILL_AREA_STYLE('',(#9144));
#9144 = FILL_AREA_STYLE_COLOUR('',#8885);
#9145 = OVER_RIDING_STYLED_ITEM('overriding color',(#9146),#2686,#8860);
#9146 = PRESENTATION_STYLE_ASSIGNMENT((#9147));
#9147 = SURFACE_STYLE_USAGE(.BOTH.,#9148);
#9148 = SURFACE_SIDE_STYLE('',(#9149));
#9149 = SURFACE_STYLE_FILL_AREA(#9150);
#9150 = FILL_AREA_STYLE('',(#9151));
#9151 = FILL_AREA_STYLE_COLOUR('',#8885);
#9152 = OVER_RIDING_STYLED_ITEM('overriding color',(#9153),#2748,#8860);
#9153 = PRESENTATION_STYLE_ASSIGNMENT((#9154));
#9154 = SURFACE_STYLE_USAGE(.BOTH.,#9155);
#9155 = SURFACE_SIDE_STYLE('',(#9156));
#9156 = SURFACE_STYLE_FILL_AREA(#9157);
#9157 = FILL_AREA_STYLE('',(#9158));
#9158 = FILL_AREA_STYLE_COLOUR('',#8885);
#9159 = OVER_RIDING_STYLED_ITEM('overriding color',(#9160),#2810,#8860);
#9160 = PRESENTATION_STYLE_ASSIGNMENT((#9161));
#9161 = SURFACE_STYLE_USAGE(.BOTH.,#9162);
#9162 = SURFACE_SIDE_STYLE('',(#9163));
#9163 = SURFACE_STYLE_FILL_AREA(#9164);
#9164 = FILL_AREA_STYLE('',(#9165));
#9165 = FILL_AREA_STYLE_COLOUR('',#8885);
#9166 = OVER_RIDING_STYLED_ITEM('overriding color',(#9167),#2832,#8860);
#9167 = PRESENTATION_STYLE_ASSIGNMENT((#9168));
#9168 = SURFACE_STYLE_USAGE(.BOTH.,#9169);
#9169 = SURFACE_SIDE_STYLE('',(#9170));
#9170 = SURFACE_STYLE_FILL_AREA(#9171);
#9171 = FILL_AREA_STYLE('',(#9172));
#9172 = FILL_AREA_STYLE_COLOUR('',#8885);
#9173 = OVER_RIDING_STYLED_ITEM('overriding color',(#9174),#2850,#8860);
#9174 = PRESENTATION_STYLE_ASSIGNMENT((#9175));
#9175 = SURFACE_STYLE_USAGE(.BOTH.,#9176);
#9176 = SURFACE_SIDE_STYLE('',(#9177));
#9177 = SURFACE_STYLE_FILL_AREA(#9178);
#9178 = FILL_AREA_STYLE('',(#9179));
#9179 = FILL_AREA_STYLE_COLOUR('',#8885);
#9180 = OVER_RIDING_STYLED_ITEM('overriding color',(#9181),#2866,#8860);
#9181 = PRESENTATION_STYLE_ASSIGNMENT((#9182));
#9182 = SURFACE_STYLE_USAGE(.BOTH.,#9183);
#9183 = SURFACE_SIDE_STYLE('',(#9184));
#9184 = SURFACE_STYLE_FILL_AREA(#9185);
#9185 = FILL_AREA_STYLE('',(#9186));
#9186 = FILL_AREA_STYLE_COLOUR('',#8885);
#9187 = OVER_RIDING_STYLED_ITEM('overriding color',(#9188),#2882,#8860);
#9188 = PRESENTATION_STYLE_ASSIGNMENT((#9189));
#9189 = SURFACE_STYLE_USAGE(.BOTH.,#9190);
#9190 = SURFACE_SIDE_STYLE('',(#9191));
#9191 = SURFACE_STYLE_FILL_AREA(#9192);
#9192 = FILL_AREA_STYLE('',(#9193));
#9193 = FILL_AREA_STYLE_COLOUR('',#8885);
#9194 = OVER_RIDING_STYLED_ITEM('overriding color',(#9195),#2898,#8860);
#9195 = PRESENTATION_STYLE_ASSIGNMENT((#9196));
#9196 = SURFACE_STYLE_USAGE(.BOTH.,#9197);
#9197 = SURFACE_SIDE_STYLE('',(#9198));
#9198 = SURFACE_STYLE_FILL_AREA(#9199);
#9199 = FILL_AREA_STYLE('',(#9200));
#9200 = FILL_AREA_STYLE_COLOUR('',#8885);
#9201 = OVER_RIDING_STYLED_ITEM('overriding color',(#9202),#2916,#8860);
#9202 = PRESENTATION_STYLE_ASSIGNMENT((#9203));
#9203 = SURFACE_STYLE_USAGE(.BOTH.,#9204);
#9204 = SURFACE_SIDE_STYLE('',(#9205));
#9205 = SURFACE_STYLE_FILL_AREA(#9206);
#9206 = FILL_AREA_STYLE('',(#9207));
#9207 = FILL_AREA_STYLE_COLOUR('',#8885);
#9208 = OVER_RIDING_STYLED_ITEM('overriding color',(#9209),#2934,#8860);
#9209 = PRESENTATION_STYLE_ASSIGNMENT((#9210));
#9210 = SURFACE_STYLE_USAGE(.BOTH.,#9211);
#9211 = SURFACE_SIDE_STYLE('',(#9212));
#9212 = SURFACE_STYLE_FILL_AREA(#9213);
#9213 = FILL_AREA_STYLE('',(#9214));
#9214 = FILL_AREA_STYLE_COLOUR('',#8885);
#9215 = OVER_RIDING_STYLED_ITEM('overriding color',(#9216),#2954,#8860);
#9216 = PRESENTATION_STYLE_ASSIGNMENT((#9217));
#9217 = SURFACE_STYLE_USAGE(.BOTH.,#9218);
#9218 = SURFACE_SIDE_STYLE('',(#9219));
#9219 = SURFACE_STYLE_FILL_AREA(#9220);
#9220 = FILL_AREA_STYLE('',(#9221));
#9221 = FILL_AREA_STYLE_COLOUR('',#8885);
#9222 = OVER_RIDING_STYLED_ITEM('overriding color',(#9223),#2972,#8860);
#9223 = PRESENTATION_STYLE_ASSIGNMENT((#9224));
#9224 = SURFACE_STYLE_USAGE(.BOTH.,#9225);
#9225 = SURFACE_SIDE_STYLE('',(#9226));
#9226 = SURFACE_STYLE_FILL_AREA(#9227);
#9227 = FILL_AREA_STYLE('',(#9228));
#9228 = FILL_AREA_STYLE_COLOUR('',#8885);
#9229 = OVER_RIDING_STYLED_ITEM('overriding color',(#9230),#2990,#8860);
#9230 = PRESENTATION_STYLE_ASSIGNMENT((#9231));
#9231 = SURFACE_STYLE_USAGE(.BOTH.,#9232);
#9232 = SURFACE_SIDE_STYLE('',(#9233));
#9233 = SURFACE_STYLE_FILL_AREA(#9234);
#9234 = FILL_AREA_STYLE('',(#9235));
#9235 = FILL_AREA_STYLE_COLOUR('',#8885);
#9236 = OVER_RIDING_STYLED_ITEM('overriding color',(#9237),#3002,#8860);
#9237 = PRESENTATION_STYLE_ASSIGNMENT((#9238));
#9238 = SURFACE_STYLE_USAGE(.BOTH.,#9239);
#9239 = SURFACE_SIDE_STYLE('',(#9240));
#9240 = SURFACE_STYLE_FILL_AREA(#9241);
#9241 = FILL_AREA_STYLE('',(#9242));
#9242 = FILL_AREA_STYLE_COLOUR('',#8885);
#9243 = OVER_RIDING_STYLED_ITEM('overriding color',(#9244),#3022,#8860);
#9244 = PRESENTATION_STYLE_ASSIGNMENT((#9245));
#9245 = SURFACE_STYLE_USAGE(.BOTH.,#9246);
#9246 = SURFACE_SIDE_STYLE('',(#9247));
#9247 = SURFACE_STYLE_FILL_AREA(#9248);
#9248 = FILL_AREA_STYLE('',(#9249));
#9249 = FILL_AREA_STYLE_COLOUR('',#8885);
#9250 = OVER_RIDING_STYLED_ITEM('overriding color',(#9251),#3042,#8860);
#9251 = PRESENTATION_STYLE_ASSIGNMENT((#9252));
#9252 = SURFACE_STYLE_USAGE(.BOTH.,#9253);
#9253 = SURFACE_SIDE_STYLE('',(#9254));
#9254 = SURFACE_STYLE_FILL_AREA(#9255);
#9255 = FILL_AREA_STYLE('',(#9256));
#9256 = FILL_AREA_STYLE_COLOUR('',#8885);
#9257 = OVER_RIDING_STYLED_ITEM('overriding color',(#9258),#3056,#8860);
#9258 = PRESENTATION_STYLE_ASSIGNMENT((#9259));
#9259 = SURFACE_STYLE_USAGE(.BOTH.,#9260);
#9260 = SURFACE_SIDE_STYLE('',(#9261));
#9261 = SURFACE_STYLE_FILL_AREA(#9262);
#9262 = FILL_AREA_STYLE('',(#9263));
#9263 = FILL_AREA_STYLE_COLOUR('',#8885);
#9264 = OVER_RIDING_STYLED_ITEM('overriding color',(#9265),#3070,#8860);
#9265 = PRESENTATION_STYLE_ASSIGNMENT((#9266));
#9266 = SURFACE_STYLE_USAGE(.BOTH.,#9267);
#9267 = SURFACE_SIDE_STYLE('',(#9268));
#9268 = SURFACE_STYLE_FILL_AREA(#9269);
#9269 = FILL_AREA_STYLE('',(#9270));
#9270 = FILL_AREA_STYLE_COLOUR('',#9271);
#9271 = DRAUGHTING_PRE_DEFINED_COLOUR('black');
#9272 = OVER_RIDING_STYLED_ITEM('overriding color',(#9273),#3098,#8860);
#9273 = PRESENTATION_STYLE_ASSIGNMENT((#9274));
#9274 = SURFACE_STYLE_USAGE(.BOTH.,#9275);
#9275 = SURFACE_SIDE_STYLE('',(#9276));
#9276 = SURFACE_STYLE_FILL_AREA(#9277);
#9277 = FILL_AREA_STYLE('',(#9278));
#9278 = FILL_AREA_STYLE_COLOUR('',#9271);
#9279 = OVER_RIDING_STYLED_ITEM('overriding color',(#9280),#3120,#8860);
#9280 = PRESENTATION_STYLE_ASSIGNMENT((#9281));
#9281 = SURFACE_STYLE_USAGE(.BOTH.,#9282);
#9282 = SURFACE_SIDE_STYLE('',(#9283));
#9283 = SURFACE_STYLE_FILL_AREA(#9284);
#9284 = FILL_AREA_STYLE('',(#9285));
#9285 = FILL_AREA_STYLE_COLOUR('',#9271);
#9286 = OVER_RIDING_STYLED_ITEM('overriding color',(#9287),#3142,#8860);
#9287 = PRESENTATION_STYLE_ASSIGNMENT((#9288));
#9288 = SURFACE_STYLE_USAGE(.BOTH.,#9289);
#9289 = SURFACE_SIDE_STYLE('',(#9290));
#9290 = SURFACE_STYLE_FILL_AREA(#9291);
#9291 = FILL_AREA_STYLE('',(#9292));
#9292 = FILL_AREA_STYLE_COLOUR('',#9271);
#9293 = OVER_RIDING_STYLED_ITEM('overriding color',(#9294),#3164,#8860);
#9294 = PRESENTATION_STYLE_ASSIGNMENT((#9295));
#9295 = SURFACE_STYLE_USAGE(.BOTH.,#9296);
#9296 = SURFACE_SIDE_STYLE('',(#9297));
#9297 = SURFACE_STYLE_FILL_AREA(#9298);
#9298 = FILL_AREA_STYLE('',(#9299));
#9299 = FILL_AREA_STYLE_COLOUR('',#9271);
#9300 = OVER_RIDING_STYLED_ITEM('overriding color',(#9301),#3186,#8860);
#9301 = PRESENTATION_STYLE_ASSIGNMENT((#9302));
#9302 = SURFACE_STYLE_USAGE(.BOTH.,#9303);
#9303 = SURFACE_SIDE_STYLE('',(#9304));
#9304 = SURFACE_STYLE_FILL_AREA(#9305);
#9305 = FILL_AREA_STYLE('',(#9306));
#9306 = FILL_AREA_STYLE_COLOUR('',#9271);
#9307 = OVER_RIDING_STYLED_ITEM('overriding color',(#9308),#3202,#8860);
#9308 = PRESENTATION_STYLE_ASSIGNMENT((#9309));
#9309 = SURFACE_STYLE_USAGE(.BOTH.,#9310);
#9310 = SURFACE_SIDE_STYLE('',(#9311));
#9311 = SURFACE_STYLE_FILL_AREA(#9312);
#9312 = FILL_AREA_STYLE('',(#9313));
#9313 = FILL_AREA_STYLE_COLOUR('',#9271);
#9314 = OVER_RIDING_STYLED_ITEM('overriding color',(#9315),#3216,#8860);
#9315 = PRESENTATION_STYLE_ASSIGNMENT((#9316));
#9316 = SURFACE_STYLE_USAGE(.BOTH.,#9317);
#9317 = SURFACE_SIDE_STYLE('',(#9318));
#9318 = SURFACE_STYLE_FILL_AREA(#9319);
#9319 = FILL_AREA_STYLE('',(#9320));
#9320 = FILL_AREA_STYLE_COLOUR('',#9271);
#9321 = OVER_RIDING_STYLED_ITEM('overriding color',(#9322),#3250,#8860);
#9322 = PRESENTATION_STYLE_ASSIGNMENT((#9323));
#9323 = SURFACE_STYLE_USAGE(.BOTH.,#9324);
#9324 = SURFACE_SIDE_STYLE('',(#9325));
#9325 = SURFACE_STYLE_FILL_AREA(#9326);
#9326 = FILL_AREA_STYLE('',(#9327));
#9327 = FILL_AREA_STYLE_COLOUR('',#9271);
#9328 = OVER_RIDING_STYLED_ITEM('overriding color',(#9329),#3272,#8860);
#9329 = PRESENTATION_STYLE_ASSIGNMENT((#9330));
#9330 = SURFACE_STYLE_USAGE(.BOTH.,#9331);
#9331 = SURFACE_SIDE_STYLE('',(#9332));
#9332 = SURFACE_STYLE_FILL_AREA(#9333);
#9333 = FILL_AREA_STYLE('',(#9334));
#9334 = FILL_AREA_STYLE_COLOUR('',#9271);
#9335 = OVER_RIDING_STYLED_ITEM('overriding color',(#9336),#3300,#8860);
#9336 = PRESENTATION_STYLE_ASSIGNMENT((#9337));
#9337 = SURFACE_STYLE_USAGE(.BOTH.,#9338);
#9338 = SURFACE_SIDE_STYLE('',(#9339));
#9339 = SURFACE_STYLE_FILL_AREA(#9340);
#9340 = FILL_AREA_STYLE('',(#9341));
#9341 = FILL_AREA_STYLE_COLOUR('',#9271);
#9342 = OVER_RIDING_STYLED_ITEM('overriding color',(#9343),#3328,#8860);
#9343 = PRESENTATION_STYLE_ASSIGNMENT((#9344));
#9344 = SURFACE_STYLE_USAGE(.BOTH.,#9345);
#9345 = SURFACE_SIDE_STYLE('',(#9346));
#9346 = SURFACE_STYLE_FILL_AREA(#9347);
#9347 = FILL_AREA_STYLE('',(#9348));
#9348 = FILL_AREA_STYLE_COLOUR('',#9271);
#9349 = OVER_RIDING_STYLED_ITEM('overriding color',(#9350),#3356,#8860);
#9350 = PRESENTATION_STYLE_ASSIGNMENT((#9351));
#9351 = SURFACE_STYLE_USAGE(.BOTH.,#9352);
#9352 = SURFACE_SIDE_STYLE('',(#9353));
#9353 = SURFACE_STYLE_FILL_AREA(#9354);
#9354 = FILL_AREA_STYLE('',(#9355));
#9355 = FILL_AREA_STYLE_COLOUR('',#9271);
#9356 = OVER_RIDING_STYLED_ITEM('overriding color',(#9357),#3384,#8860);
#9357 = PRESENTATION_STYLE_ASSIGNMENT((#9358));
#9358 = SURFACE_STYLE_USAGE(.BOTH.,#9359);
#9359 = SURFACE_SIDE_STYLE('',(#9360));
#9360 = SURFACE_STYLE_FILL_AREA(#9361);
#9361 = FILL_AREA_STYLE('',(#9362));
#9362 = FILL_AREA_STYLE_COLOUR('',#9271);
#9363 = OVER_RIDING_STYLED_ITEM('overriding color',(#9364),#3412,#8860);
#9364 = PRESENTATION_STYLE_ASSIGNMENT((#9365));
#9365 = SURFACE_STYLE_USAGE(.BOTH.,#9366);
#9366 = SURFACE_SIDE_STYLE('',(#9367));
#9367 = SURFACE_STYLE_FILL_AREA(#9368);
#9368 = FILL_AREA_STYLE('',(#9369));
#9369 = FILL_AREA_STYLE_COLOUR('',#9271);
#9370 = OVER_RIDING_STYLED_ITEM('overriding color',(#9371),#3440,#8860);
#9371 = PRESENTATION_STYLE_ASSIGNMENT((#9372));
#9372 = SURFACE_STYLE_USAGE(.BOTH.,#9373);
#9373 = SURFACE_SIDE_STYLE('',(#9374));
#9374 = SURFACE_STYLE_FILL_AREA(#9375);
#9375 = FILL_AREA_STYLE('',(#9376));
#9376 = FILL_AREA_STYLE_COLOUR('',#9271);
#9377 = OVER_RIDING_STYLED_ITEM('overriding color',(#9378),#3462,#8860);
#9378 = PRESENTATION_STYLE_ASSIGNMENT((#9379));
#9379 = SURFACE_STYLE_USAGE(.BOTH.,#9380);
#9380 = SURFACE_SIDE_STYLE('',(#9381));
#9381 = SURFACE_STYLE_FILL_AREA(#9382);
#9382 = FILL_AREA_STYLE('',(#9383));
#9383 = FILL_AREA_STYLE_COLOUR('',#9271);
#9384 = OVER_RIDING_STYLED_ITEM('overriding color',(#9385),#3490,#8860);
#9385 = PRESENTATION_STYLE_ASSIGNMENT((#9386));
#9386 = SURFACE_STYLE_USAGE(.BOTH.,#9387);
#9387 = SURFACE_SIDE_STYLE('',(#9388));
#9388 = SURFACE_STYLE_FILL_AREA(#9389);
#9389 = FILL_AREA_STYLE('',(#9390));
#9390 = FILL_AREA_STYLE_COLOUR('',#9271);
#9391 = OVER_RIDING_STYLED_ITEM('overriding color',(#9392),#3518,#8860);
#9392 = PRESENTATION_STYLE_ASSIGNMENT((#9393));
#9393 = SURFACE_STYLE_USAGE(.BOTH.,#9394);
#9394 = SURFACE_SIDE_STYLE('',(#9395));
#9395 = SURFACE_STYLE_FILL_AREA(#9396);
#9396 = FILL_AREA_STYLE('',(#9397));
#9397 = FILL_AREA_STYLE_COLOUR('',#9271);
#9398 = OVER_RIDING_STYLED_ITEM('overriding color',(#9399),#3546,#8860);
#9399 = PRESENTATION_STYLE_ASSIGNMENT((#9400));
#9400 = SURFACE_STYLE_USAGE(.BOTH.,#9401);
#9401 = SURFACE_SIDE_STYLE('',(#9402));
#9402 = SURFACE_STYLE_FILL_AREA(#9403);
#9403 = FILL_AREA_STYLE('',(#9404));
#9404 = FILL_AREA_STYLE_COLOUR('',#9271);
#9405 = OVER_RIDING_STYLED_ITEM('overriding color',(#9406),#3574,#8860);
#9406 = PRESENTATION_STYLE_ASSIGNMENT((#9407));
#9407 = SURFACE_STYLE_USAGE(.BOTH.,#9408);
#9408 = SURFACE_SIDE_STYLE('',(#9409));
#9409 = SURFACE_STYLE_FILL_AREA(#9410);
#9410 = FILL_AREA_STYLE('',(#9411));
#9411 = FILL_AREA_STYLE_COLOUR('',#9271);
#9412 = OVER_RIDING_STYLED_ITEM('overriding color',(#9413),#3596,#8860);
#9413 = PRESENTATION_STYLE_ASSIGNMENT((#9414));
#9414 = SURFACE_STYLE_USAGE(.BOTH.,#9415);
#9415 = SURFACE_SIDE_STYLE('',(#9416));
#9416 = SURFACE_STYLE_FILL_AREA(#9417);
#9417 = FILL_AREA_STYLE('',(#9418));
#9418 = FILL_AREA_STYLE_COLOUR('',#9271);
#9419 = OVER_RIDING_STYLED_ITEM('overriding color',(#9420),#3618,#8860);
#9420 = PRESENTATION_STYLE_ASSIGNMENT((#9421));
#9421 = SURFACE_STYLE_USAGE(.BOTH.,#9422);
#9422 = SURFACE_SIDE_STYLE('',(#9423));
#9423 = SURFACE_STYLE_FILL_AREA(#9424);
#9424 = FILL_AREA_STYLE('',(#9425));
#9425 = FILL_AREA_STYLE_COLOUR('',#9271);
#9426 = OVER_RIDING_STYLED_ITEM('overriding color',(#9427),#3646,#8860);
#9427 = PRESENTATION_STYLE_ASSIGNMENT((#9428));
#9428 = SURFACE_STYLE_USAGE(.BOTH.,#9429);
#9429 = SURFACE_SIDE_STYLE('',(#9430));
#9430 = SURFACE_STYLE_FILL_AREA(#9431);
#9431 = FILL_AREA_STYLE('',(#9432));
#9432 = FILL_AREA_STYLE_COLOUR('',#9271);
#9433 = OVER_RIDING_STYLED_ITEM('overriding color',(#9434),#3668,#8860);
#9434 = PRESENTATION_STYLE_ASSIGNMENT((#9435));
#9435 = SURFACE_STYLE_USAGE(.BOTH.,#9436);
#9436 = SURFACE_SIDE_STYLE('',(#9437));
#9437 = SURFACE_STYLE_FILL_AREA(#9438);
#9438 = FILL_AREA_STYLE('',(#9439));
#9439 = FILL_AREA_STYLE_COLOUR('',#9271);
#9440 = OVER_RIDING_STYLED_ITEM('overriding color',(#9441),#3690,#8860);
#9441 = PRESENTATION_STYLE_ASSIGNMENT((#9442));
#9442 = SURFACE_STYLE_USAGE(.BOTH.,#9443);
#9443 = SURFACE_SIDE_STYLE('',(#9444));
#9444 = SURFACE_STYLE_FILL_AREA(#9445);
#9445 = FILL_AREA_STYLE('',(#9446));
#9446 = FILL_AREA_STYLE_COLOUR('',#9271);
#9447 = OVER_RIDING_STYLED_ITEM('overriding color',(#9448),#3712,#8860);
#9448 = PRESENTATION_STYLE_ASSIGNMENT((#9449));
#9449 = SURFACE_STYLE_USAGE(.BOTH.,#9450);
#9450 = SURFACE_SIDE_STYLE('',(#9451));
#9451 = SURFACE_STYLE_FILL_AREA(#9452);
#9452 = FILL_AREA_STYLE('',(#9453));
#9453 = FILL_AREA_STYLE_COLOUR('',#9271);
#9454 = OVER_RIDING_STYLED_ITEM('overriding color',(#9455),#3734,#8860);
#9455 = PRESENTATION_STYLE_ASSIGNMENT((#9456));
#9456 = SURFACE_STYLE_USAGE(.BOTH.,#9457);
#9457 = SURFACE_SIDE_STYLE('',(#9458));
#9458 = SURFACE_STYLE_FILL_AREA(#9459);
#9459 = FILL_AREA_STYLE('',(#9460));
#9460 = FILL_AREA_STYLE_COLOUR('',#9271);
#9461 = OVER_RIDING_STYLED_ITEM('overriding color',(#9462),#3756,#8860);
#9462 = PRESENTATION_STYLE_ASSIGNMENT((#9463));
#9463 = SURFACE_STYLE_USAGE(.BOTH.,#9464);
#9464 = SURFACE_SIDE_STYLE('',(#9465));
#9465 = SURFACE_STYLE_FILL_AREA(#9466);
#9466 = FILL_AREA_STYLE('',(#9467));
#9467 = FILL_AREA_STYLE_COLOUR('',#9271);
#9468 = OVER_RIDING_STYLED_ITEM('overriding color',(#9469),#3778,#8860);
#9469 = PRESENTATION_STYLE_ASSIGNMENT((#9470));
#9470 = SURFACE_STYLE_USAGE(.BOTH.,#9471);
#9471 = SURFACE_SIDE_STYLE('',(#9472));
#9472 = SURFACE_STYLE_FILL_AREA(#9473);
#9473 = FILL_AREA_STYLE('',(#9474));
#9474 = FILL_AREA_STYLE_COLOUR('',#9271);
#9475 = OVER_RIDING_STYLED_ITEM('overriding color',(#9476),#3800,#8860);
#9476 = PRESENTATION_STYLE_ASSIGNMENT((#9477));
#9477 = SURFACE_STYLE_USAGE(.BOTH.,#9478);
#9478 = SURFACE_SIDE_STYLE('',(#9479));
#9479 = SURFACE_STYLE_FILL_AREA(#9480);
#9480 = FILL_AREA_STYLE('',(#9481));
#9481 = FILL_AREA_STYLE_COLOUR('',#9271);
#9482 = OVER_RIDING_STYLED_ITEM('overriding color',(#9483),#3822,#8860);
#9483 = PRESENTATION_STYLE_ASSIGNMENT((#9484));
#9484 = SURFACE_STYLE_USAGE(.BOTH.,#9485);
#9485 = SURFACE_SIDE_STYLE('',(#9486));
#9486 = SURFACE_STYLE_FILL_AREA(#9487);
#9487 = FILL_AREA_STYLE('',(#9488));
#9488 = FILL_AREA_STYLE_COLOUR('',#9271);
#9489 = OVER_RIDING_STYLED_ITEM('overriding color',(#9490),#3844,#8860);
#9490 = PRESENTATION_STYLE_ASSIGNMENT((#9491));
#9491 = SURFACE_STYLE_USAGE(.BOTH.,#9492);
#9492 = SURFACE_SIDE_STYLE('',(#9493));
#9493 = SURFACE_STYLE_FILL_AREA(#9494);
#9494 = FILL_AREA_STYLE('',(#9495));
#9495 = FILL_AREA_STYLE_COLOUR('',#9271);
#9496 = OVER_RIDING_STYLED_ITEM('overriding color',(#9497),#3866,#8860);
#9497 = PRESENTATION_STYLE_ASSIGNMENT((#9498));
#9498 = SURFACE_STYLE_USAGE(.BOTH.,#9499);
#9499 = SURFACE_SIDE_STYLE('',(#9500));
#9500 = SURFACE_STYLE_FILL_AREA(#9501);
#9501 = FILL_AREA_STYLE('',(#9502));
#9502 = FILL_AREA_STYLE_COLOUR('',#9271);
#9503 = OVER_RIDING_STYLED_ITEM('overriding color',(#9504),#3882,#8860);
#9504 = PRESENTATION_STYLE_ASSIGNMENT((#9505));
#9505 = SURFACE_STYLE_USAGE(.BOTH.,#9506);
#9506 = SURFACE_SIDE_STYLE('',(#9507));
#9507 = SURFACE_STYLE_FILL_AREA(#9508);
#9508 = FILL_AREA_STYLE('',(#9509));
#9509 = FILL_AREA_STYLE_COLOUR('',#9271);
#9510 = OVER_RIDING_STYLED_ITEM('overriding color',(#9511),#3902,#8860);
#9511 = PRESENTATION_STYLE_ASSIGNMENT((#9512));
#9512 = SURFACE_STYLE_USAGE(.BOTH.,#9513);
#9513 = SURFACE_SIDE_STYLE('',(#9514));
#9514 = SURFACE_STYLE_FILL_AREA(#9515);
#9515 = FILL_AREA_STYLE('',(#9516));
#9516 = FILL_AREA_STYLE_COLOUR('',#9271);
#9517 = OVER_RIDING_STYLED_ITEM('overriding color',(#9518),#4026,#8860);
#9518 = PRESENTATION_STYLE_ASSIGNMENT((#9519));
#9519 = SURFACE_STYLE_USAGE(.BOTH.,#9520);
#9520 = SURFACE_SIDE_STYLE('',(#9521));
#9521 = SURFACE_STYLE_FILL_AREA(#9522);
#9522 = FILL_AREA_STYLE('',(#9523));
#9523 = FILL_AREA_STYLE_COLOUR('',#9271);
#9524 = OVER_RIDING_STYLED_ITEM('overriding color',(#9525),#4046,#8860);
#9525 = PRESENTATION_STYLE_ASSIGNMENT((#9526));
#9526 = SURFACE_STYLE_USAGE(.BOTH.,#9527);
#9527 = SURFACE_SIDE_STYLE('',(#9528));
#9528 = SURFACE_STYLE_FILL_AREA(#9529);
#9529 = FILL_AREA_STYLE('',(#9530));
#9530 = FILL_AREA_STYLE_COLOUR('',#9271);
#9531 = OVER_RIDING_STYLED_ITEM('overriding color',(#9532),#4066,#8860);
#9532 = PRESENTATION_STYLE_ASSIGNMENT((#9533));
#9533 = SURFACE_STYLE_USAGE(.BOTH.,#9534);
#9534 = SURFACE_SIDE_STYLE('',(#9535));
#9535 = SURFACE_STYLE_FILL_AREA(#9536);
#9536 = FILL_AREA_STYLE('',(#9537));
#9537 = FILL_AREA_STYLE_COLOUR('',#9271);
#9538 = OVER_RIDING_STYLED_ITEM('overriding color',(#9539),#4086,#8860);
#9539 = PRESENTATION_STYLE_ASSIGNMENT((#9540));
#9540 = SURFACE_STYLE_USAGE(.BOTH.,#9541);
#9541 = SURFACE_SIDE_STYLE('',(#9542));
#9542 = SURFACE_STYLE_FILL_AREA(#9543);
#9543 = FILL_AREA_STYLE('',(#9544));
#9544 = FILL_AREA_STYLE_COLOUR('',#9271);
#9545 = OVER_RIDING_STYLED_ITEM('overriding color',(#9546),#4106,#8860);
#9546 = PRESENTATION_STYLE_ASSIGNMENT((#9547));
#9547 = SURFACE_STYLE_USAGE(.BOTH.,#9548);
#9548 = SURFACE_SIDE_STYLE('',(#9549));
#9549 = SURFACE_STYLE_FILL_AREA(#9550);
#9550 = FILL_AREA_STYLE('',(#9551));
#9551 = FILL_AREA_STYLE_COLOUR('',#9271);
#9552 = OVER_RIDING_STYLED_ITEM('overriding color',(#9553),#4126,#8860);
#9553 = PRESENTATION_STYLE_ASSIGNMENT((#9554));
#9554 = SURFACE_STYLE_USAGE(.BOTH.,#9555);
#9555 = SURFACE_SIDE_STYLE('',(#9556));
#9556 = SURFACE_STYLE_FILL_AREA(#9557);
#9557 = FILL_AREA_STYLE('',(#9558));
#9558 = FILL_AREA_STYLE_COLOUR('',#9271);
#9559 = OVER_RIDING_STYLED_ITEM('overriding color',(#9560),#4142,#8860);
#9560 = PRESENTATION_STYLE_ASSIGNMENT((#9561));
#9561 = SURFACE_STYLE_USAGE(.BOTH.,#9562);
#9562 = SURFACE_SIDE_STYLE('',(#9563));
#9563 = SURFACE_STYLE_FILL_AREA(#9564);
#9564 = FILL_AREA_STYLE('',(#9565));
#9565 = FILL_AREA_STYLE_COLOUR('',#9271);
#9566 = OVER_RIDING_STYLED_ITEM('overriding color',(#9567),#4154,#8860);
#9567 = PRESENTATION_STYLE_ASSIGNMENT((#9568));
#9568 = SURFACE_STYLE_USAGE(.BOTH.,#9569);
#9569 = SURFACE_SIDE_STYLE('',(#9570));
#9570 = SURFACE_STYLE_FILL_AREA(#9571);
#9571 = FILL_AREA_STYLE('',(#9572));
#9572 = FILL_AREA_STYLE_COLOUR('',#9271);
#9573 = OVER_RIDING_STYLED_ITEM('overriding color',(#9574),#4182,#8860);
#9574 = PRESENTATION_STYLE_ASSIGNMENT((#9575));
#9575 = SURFACE_STYLE_USAGE(.BOTH.,#9576);
#9576 = SURFACE_SIDE_STYLE('',(#9577));
#9577 = SURFACE_STYLE_FILL_AREA(#9578);
#9578 = FILL_AREA_STYLE('',(#9579));
#9579 = FILL_AREA_STYLE_COLOUR('',#9271);
#9580 = OVER_RIDING_STYLED_ITEM('overriding color',(#9581),#4204,#8860);
#9581 = PRESENTATION_STYLE_ASSIGNMENT((#9582));
#9582 = SURFACE_STYLE_USAGE(.BOTH.,#9583);
#9583 = SURFACE_SIDE_STYLE('',(#9584));
#9584 = SURFACE_STYLE_FILL_AREA(#9585);
#9585 = FILL_AREA_STYLE('',(#9586));
#9586 = FILL_AREA_STYLE_COLOUR('',#9271);
#9587 = OVER_RIDING_STYLED_ITEM('overriding color',(#9588),#4226,#8860);
#9588 = PRESENTATION_STYLE_ASSIGNMENT((#9589));
#9589 = SURFACE_STYLE_USAGE(.BOTH.,#9590);
#9590 = SURFACE_SIDE_STYLE('',(#9591));
#9591 = SURFACE_STYLE_FILL_AREA(#9592);
#9592 = FILL_AREA_STYLE('',(#9593));
#9593 = FILL_AREA_STYLE_COLOUR('',#9271);
#9594 = OVER_RIDING_STYLED_ITEM('overriding color',(#9595),#4254,#8860);
#9595 = PRESENTATION_STYLE_ASSIGNMENT((#9596));
#9596 = SURFACE_STYLE_USAGE(.BOTH.,#9597);
#9597 = SURFACE_SIDE_STYLE('',(#9598));
#9598 = SURFACE_STYLE_FILL_AREA(#9599);
#9599 = FILL_AREA_STYLE('',(#9600));
#9600 = FILL_AREA_STYLE_COLOUR('',#9271);
#9601 = OVER_RIDING_STYLED_ITEM('overriding color',(#9602),#4282,#8860);
#9602 = PRESENTATION_STYLE_ASSIGNMENT((#9603));
#9603 = SURFACE_STYLE_USAGE(.BOTH.,#9604);
#9604 = SURFACE_SIDE_STYLE('',(#9605));
#9605 = SURFACE_STYLE_FILL_AREA(#9606);
#9606 = FILL_AREA_STYLE('',(#9607));
#9607 = FILL_AREA_STYLE_COLOUR('',#9271);
#9608 = OVER_RIDING_STYLED_ITEM('overriding color',(#9609),#4310,#8860);
#9609 = PRESENTATION_STYLE_ASSIGNMENT((#9610));
#9610 = SURFACE_STYLE_USAGE(.BOTH.,#9611);
#9611 = SURFACE_SIDE_STYLE('',(#9612));
#9612 = SURFACE_STYLE_FILL_AREA(#9613);
#9613 = FILL_AREA_STYLE('',(#9614));
#9614 = FILL_AREA_STYLE_COLOUR('',#9271);
#9615 = OVER_RIDING_STYLED_ITEM('overriding color',(#9616),#4332,#8860);
#9616 = PRESENTATION_STYLE_ASSIGNMENT((#9617));
#9617 = SURFACE_STYLE_USAGE(.BOTH.,#9618);
#9618 = SURFACE_SIDE_STYLE('',(#9619));
#9619 = SURFACE_STYLE_FILL_AREA(#9620);
#9620 = FILL_AREA_STYLE('',(#9621));
#9621 = FILL_AREA_STYLE_COLOUR('',#8877);
#9622 = OVER_RIDING_STYLED_ITEM('overriding color',(#9623),#4347,#8860);
#9623 = PRESENTATION_STYLE_ASSIGNMENT((#9624));
#9624 = SURFACE_STYLE_USAGE(.BOTH.,#9625);
#9625 = SURFACE_SIDE_STYLE('',(#9626));
#9626 = SURFACE_STYLE_FILL_AREA(#9627);
#9627 = FILL_AREA_STYLE('',(#9628));
#9628 = FILL_AREA_STYLE_COLOUR('',#9271);
#9629 = OVER_RIDING_STYLED_ITEM('overriding color',(#9630),#4459,#8860);
#9630 = PRESENTATION_STYLE_ASSIGNMENT((#9631));
#9631 = SURFACE_STYLE_USAGE(.BOTH.,#9632);
#9632 = SURFACE_SIDE_STYLE('',(#9633));
#9633 = SURFACE_STYLE_FILL_AREA(#9634);
#9634 = FILL_AREA_STYLE('',(#9635));
#9635 = FILL_AREA_STYLE_COLOUR('',#9271);
#9636 = OVER_RIDING_STYLED_ITEM('overriding color',(#9637),#4479,#8860);
#9637 = PRESENTATION_STYLE_ASSIGNMENT((#9638));
#9638 = SURFACE_STYLE_USAGE(.BOTH.,#9639);
#9639 = SURFACE_SIDE_STYLE('',(#9640));
#9640 = SURFACE_STYLE_FILL_AREA(#9641);
#9641 = FILL_AREA_STYLE('',(#9642));
#9642 = FILL_AREA_STYLE_COLOUR('',#9271);
#9643 = OVER_RIDING_STYLED_ITEM('overriding color',(#9644),#4495,#8860);
#9644 = PRESENTATION_STYLE_ASSIGNMENT((#9645));
#9645 = SURFACE_STYLE_USAGE(.BOTH.,#9646);
#9646 = SURFACE_SIDE_STYLE('',(#9647));
#9647 = SURFACE_STYLE_FILL_AREA(#9648);
#9648 = FILL_AREA_STYLE('',(#9649));
#9649 = FILL_AREA_STYLE_COLOUR('',#9271);
#9650 = OVER_RIDING_STYLED_ITEM('overriding color',(#9651),#4511,#8860);
#9651 = PRESENTATION_STYLE_ASSIGNMENT((#9652));
#9652 = SURFACE_STYLE_USAGE(.BOTH.,#9653);
#9653 = SURFACE_SIDE_STYLE('',(#9654));
#9654 = SURFACE_STYLE_FILL_AREA(#9655);
#9655 = FILL_AREA_STYLE('',(#9656));
#9656 = FILL_AREA_STYLE_COLOUR('',#9271);
#9657 = OVER_RIDING_STYLED_ITEM('overriding color',(#9658),#4527,#8860);
#9658 = PRESENTATION_STYLE_ASSIGNMENT((#9659));
#9659 = SURFACE_STYLE_USAGE(.BOTH.,#9660);
#9660 = SURFACE_SIDE_STYLE('',(#9661));
#9661 = SURFACE_STYLE_FILL_AREA(#9662);
#9662 = FILL_AREA_STYLE('',(#9663));
#9663 = FILL_AREA_STYLE_COLOUR('',#9271);
#9664 = OVER_RIDING_STYLED_ITEM('overriding color',(#9665),#4543,#8860);
#9665 = PRESENTATION_STYLE_ASSIGNMENT((#9666));
#9666 = SURFACE_STYLE_USAGE(.BOTH.,#9667);
#9667 = SURFACE_SIDE_STYLE('',(#9668));
#9668 = SURFACE_STYLE_FILL_AREA(#9669);
#9669 = FILL_AREA_STYLE('',(#9670));
#9670 = FILL_AREA_STYLE_COLOUR('',#9271);
#9671 = OVER_RIDING_STYLED_ITEM('overriding color',(#9672),#4559,#8860);
#9672 = PRESENTATION_STYLE_ASSIGNMENT((#9673));
#9673 = SURFACE_STYLE_USAGE(.BOTH.,#9674);
#9674 = SURFACE_SIDE_STYLE('',(#9675));
#9675 = SURFACE_STYLE_FILL_AREA(#9676);
#9676 = FILL_AREA_STYLE('',(#9677));
#9677 = FILL_AREA_STYLE_COLOUR('',#9271);
#9678 = OVER_RIDING_STYLED_ITEM('overriding color',(#9679),#4575,#8860);
#9679 = PRESENTATION_STYLE_ASSIGNMENT((#9680));
#9680 = SURFACE_STYLE_USAGE(.BOTH.,#9681);
#9681 = SURFACE_SIDE_STYLE('',(#9682));
#9682 = SURFACE_STYLE_FILL_AREA(#9683);
#9683 = FILL_AREA_STYLE('',(#9684));
#9684 = FILL_AREA_STYLE_COLOUR('',#9271);
#9685 = OVER_RIDING_STYLED_ITEM('overriding color',(#9686),#4587,#8860);
#9686 = PRESENTATION_STYLE_ASSIGNMENT((#9687));
#9687 = SURFACE_STYLE_USAGE(.BOTH.,#9688);
#9688 = SURFACE_SIDE_STYLE('',(#9689));
#9689 = SURFACE_STYLE_FILL_AREA(#9690);
#9690 = FILL_AREA_STYLE('',(#9691));
#9691 = FILL_AREA_STYLE_COLOUR('',#9271);
#9692 = OVER_RIDING_STYLED_ITEM('overriding color',(#9693),#4615,#8860);
#9693 = PRESENTATION_STYLE_ASSIGNMENT((#9694));
#9694 = SURFACE_STYLE_USAGE(.BOTH.,#9695);
#9695 = SURFACE_SIDE_STYLE('',(#9696));
#9696 = SURFACE_STYLE_FILL_AREA(#9697);
#9697 = FILL_AREA_STYLE('',(#9698));
#9698 = FILL_AREA_STYLE_COLOUR('',#9271);
#9699 = OVER_RIDING_STYLED_ITEM('overriding color',(#9700),#4637,#8860);
#9700 = PRESENTATION_STYLE_ASSIGNMENT((#9701));
#9701 = SURFACE_STYLE_USAGE(.BOTH.,#9702);
#9702 = SURFACE_SIDE_STYLE('',(#9703));
#9703 = SURFACE_STYLE_FILL_AREA(#9704);
#9704 = FILL_AREA_STYLE('',(#9705));
#9705 = FILL_AREA_STYLE_COLOUR('',#9271);
#9706 = OVER_RIDING_STYLED_ITEM('overriding color',(#9707),#4665,#8860);
#9707 = PRESENTATION_STYLE_ASSIGNMENT((#9708));
#9708 = SURFACE_STYLE_USAGE(.BOTH.,#9709);
#9709 = SURFACE_SIDE_STYLE('',(#9710));
#9710 = SURFACE_STYLE_FILL_AREA(#9711);
#9711 = FILL_AREA_STYLE('',(#9712));
#9712 = FILL_AREA_STYLE_COLOUR('',#9271);
#9713 = OVER_RIDING_STYLED_ITEM('overriding color',(#9714),#4687,#8860);
#9714 = PRESENTATION_STYLE_ASSIGNMENT((#9715));
#9715 = SURFACE_STYLE_USAGE(.BOTH.,#9716);
#9716 = SURFACE_SIDE_STYLE('',(#9717));
#9717 = SURFACE_STYLE_FILL_AREA(#9718);
#9718 = FILL_AREA_STYLE('',(#9719));
#9719 = FILL_AREA_STYLE_COLOUR('',#9271);
#9720 = OVER_RIDING_STYLED_ITEM('overriding color',(#9721),#4715,#8860);
#9721 = PRESENTATION_STYLE_ASSIGNMENT((#9722));
#9722 = SURFACE_STYLE_USAGE(.BOTH.,#9723);
#9723 = SURFACE_SIDE_STYLE('',(#9724));
#9724 = SURFACE_STYLE_FILL_AREA(#9725);
#9725 = FILL_AREA_STYLE('',(#9726));
#9726 = FILL_AREA_STYLE_COLOUR('',#9271);
#9727 = OVER_RIDING_STYLED_ITEM('overriding color',(#9728),#4731,#8860);
#9728 = PRESENTATION_STYLE_ASSIGNMENT((#9729));
#9729 = SURFACE_STYLE_USAGE(.BOTH.,#9730);
#9730 = SURFACE_SIDE_STYLE('',(#9731));
#9731 = SURFACE_STYLE_FILL_AREA(#9732);
#9732 = FILL_AREA_STYLE('',(#9733));
#9733 = FILL_AREA_STYLE_COLOUR('',#8877);
#9734 = OVER_RIDING_STYLED_ITEM('overriding color',(#9735),#4745,#8860);
#9735 = PRESENTATION_STYLE_ASSIGNMENT((#9736));
#9736 = SURFACE_STYLE_USAGE(.BOTH.,#9737);
#9737 = SURFACE_SIDE_STYLE('',(#9738));
#9738 = SURFACE_STYLE_FILL_AREA(#9739);
#9739 = FILL_AREA_STYLE('',(#9740));
#9740 = FILL_AREA_STYLE_COLOUR('',#9271);
#9741 = OVER_RIDING_STYLED_ITEM('overriding color',(#9742),#4773,#8860);
#9742 = PRESENTATION_STYLE_ASSIGNMENT((#9743));
#9743 = SURFACE_STYLE_USAGE(.BOTH.,#9744);
#9744 = SURFACE_SIDE_STYLE('',(#9745));
#9745 = SURFACE_STYLE_FILL_AREA(#9746);
#9746 = FILL_AREA_STYLE('',(#9747));
#9747 = FILL_AREA_STYLE_COLOUR('',#9271);
#9748 = OVER_RIDING_STYLED_ITEM('overriding color',(#9749),#4795,#8860);
#9749 = PRESENTATION_STYLE_ASSIGNMENT((#9750));
#9750 = SURFACE_STYLE_USAGE(.BOTH.,#9751);
#9751 = SURFACE_SIDE_STYLE('',(#9752));
#9752 = SURFACE_STYLE_FILL_AREA(#9753);
#9753 = FILL_AREA_STYLE('',(#9754));
#9754 = FILL_AREA_STYLE_COLOUR('',#9271);
#9755 = OVER_RIDING_STYLED_ITEM('overriding color',(#9756),#4817,#8860);
#9756 = PRESENTATION_STYLE_ASSIGNMENT((#9757));
#9757 = SURFACE_STYLE_USAGE(.BOTH.,#9758);
#9758 = SURFACE_SIDE_STYLE('',(#9759));
#9759 = SURFACE_STYLE_FILL_AREA(#9760);
#9760 = FILL_AREA_STYLE('',(#9761));
#9761 = FILL_AREA_STYLE_COLOUR('',#9271);
#9762 = OVER_RIDING_STYLED_ITEM('overriding color',(#9763),#4839,#8860);
#9763 = PRESENTATION_STYLE_ASSIGNMENT((#9764));
#9764 = SURFACE_STYLE_USAGE(.BOTH.,#9765);
#9765 = SURFACE_SIDE_STYLE('',(#9766));
#9766 = SURFACE_STYLE_FILL_AREA(#9767);
#9767 = FILL_AREA_STYLE('',(#9768));
#9768 = FILL_AREA_STYLE_COLOUR('',#9271);
#9769 = OVER_RIDING_STYLED_ITEM('overriding color',(#9770),#4861,#8860);
#9770 = PRESENTATION_STYLE_ASSIGNMENT((#9771));
#9771 = SURFACE_STYLE_USAGE(.BOTH.,#9772);
#9772 = SURFACE_SIDE_STYLE('',(#9773));
#9773 = SURFACE_STYLE_FILL_AREA(#9774);
#9774 = FILL_AREA_STYLE('',(#9775));
#9775 = FILL_AREA_STYLE_COLOUR('',#9271);
#9776 = OVER_RIDING_STYLED_ITEM('overriding color',(#9777),#4883,#8860);
#9777 = PRESENTATION_STYLE_ASSIGNMENT((#9778));
#9778 = SURFACE_STYLE_USAGE(.BOTH.,#9779);
#9779 = SURFACE_SIDE_STYLE('',(#9780));
#9780 = SURFACE_STYLE_FILL_AREA(#9781);
#9781 = FILL_AREA_STYLE('',(#9782));
#9782 = FILL_AREA_STYLE_COLOUR('',#9271);
#9783 = OVER_RIDING_STYLED_ITEM('overriding color',(#9784),#4905,#8860);
#9784 = PRESENTATION_STYLE_ASSIGNMENT((#9785));
#9785 = SURFACE_STYLE_USAGE(.BOTH.,#9786);
#9786 = SURFACE_SIDE_STYLE('',(#9787));
#9787 = SURFACE_STYLE_FILL_AREA(#9788);
#9788 = FILL_AREA_STYLE('',(#9789));
#9789 = FILL_AREA_STYLE_COLOUR('',#9271);
#9790 = OVER_RIDING_STYLED_ITEM('overriding color',(#9791),#4927,#8860);
#9791 = PRESENTATION_STYLE_ASSIGNMENT((#9792));
#9792 = SURFACE_STYLE_USAGE(.BOTH.,#9793);
#9793 = SURFACE_SIDE_STYLE('',(#9794));
#9794 = SURFACE_STYLE_FILL_AREA(#9795);
#9795 = FILL_AREA_STYLE('',(#9796));
#9796 = FILL_AREA_STYLE_COLOUR('',#9271);
#9797 = OVER_RIDING_STYLED_ITEM('overriding color',(#9798),#4949,#8860);
#9798 = PRESENTATION_STYLE_ASSIGNMENT((#9799));
#9799 = SURFACE_STYLE_USAGE(.BOTH.,#9800);
#9800 = SURFACE_SIDE_STYLE('',(#9801));
#9801 = SURFACE_STYLE_FILL_AREA(#9802);
#9802 = FILL_AREA_STYLE('',(#9803));
#9803 = FILL_AREA_STYLE_COLOUR('',#9271);
#9804 = OVER_RIDING_STYLED_ITEM('overriding color',(#9805),#4971,#8860);
#9805 = PRESENTATION_STYLE_ASSIGNMENT((#9806));
#9806 = SURFACE_STYLE_USAGE(.BOTH.,#9807);
#9807 = SURFACE_SIDE_STYLE('',(#9808));
#9808 = SURFACE_STYLE_FILL_AREA(#9809);
#9809 = FILL_AREA_STYLE('',(#9810));
#9810 = FILL_AREA_STYLE_COLOUR('',#9271);
#9811 = OVER_RIDING_STYLED_ITEM('overriding color',(#9812),#4993,#8860);
#9812 = PRESENTATION_STYLE_ASSIGNMENT((#9813));
#9813 = SURFACE_STYLE_USAGE(.BOTH.,#9814);
#9814 = SURFACE_SIDE_STYLE('',(#9815));
#9815 = SURFACE_STYLE_FILL_AREA(#9816);
#9816 = FILL_AREA_STYLE('',(#9817));
#9817 = FILL_AREA_STYLE_COLOUR('',#9271);
#9818 = OVER_RIDING_STYLED_ITEM('overriding color',(#9819),#5009,#8860);
#9819 = PRESENTATION_STYLE_ASSIGNMENT((#9820));
#9820 = SURFACE_STYLE_USAGE(.BOTH.,#9821);
#9821 = SURFACE_SIDE_STYLE('',(#9822));
#9822 = SURFACE_STYLE_FILL_AREA(#9823);
#9823 = FILL_AREA_STYLE('',(#9824));
#9824 = FILL_AREA_STYLE_COLOUR('',#9271);
#9825 = OVER_RIDING_STYLED_ITEM('overriding color',(#9826),#5029,#8860);
#9826 = PRESENTATION_STYLE_ASSIGNMENT((#9827));
#9827 = SURFACE_STYLE_USAGE(.BOTH.,#9828);
#9828 = SURFACE_SIDE_STYLE('',(#9829));
#9829 = SURFACE_STYLE_FILL_AREA(#9830);
#9830 = FILL_AREA_STYLE('',(#9831));
#9831 = FILL_AREA_STYLE_COLOUR('',#9271);
#9832 = OVER_RIDING_STYLED_ITEM('overriding color',(#9833),#5221,#8860);
#9833 = PRESENTATION_STYLE_ASSIGNMENT((#9834));
#9834 = SURFACE_STYLE_USAGE(.BOTH.,#9835);
#9835 = SURFACE_SIDE_STYLE('',(#9836));
#9836 = SURFACE_STYLE_FILL_AREA(#9837);
#9837 = FILL_AREA_STYLE('',(#9838));
#9838 = FILL_AREA_STYLE_COLOUR('',#9271);
#9839 = OVER_RIDING_STYLED_ITEM('overriding color',(#9840),#5245,#8860);
#9840 = PRESENTATION_STYLE_ASSIGNMENT((#9841));
#9841 = SURFACE_STYLE_USAGE(.BOTH.,#9842);
#9842 = SURFACE_SIDE_STYLE('',(#9843));
#9843 = SURFACE_STYLE_FILL_AREA(#9844);
#9844 = FILL_AREA_STYLE('',(#9845));
#9845 = FILL_AREA_STYLE_COLOUR('',#9271);
#9846 = OVER_RIDING_STYLED_ITEM('overriding color',(#9847),#5261,#8860);
#9847 = PRESENTATION_STYLE_ASSIGNMENT((#9848));
#9848 = SURFACE_STYLE_USAGE(.BOTH.,#9849);
#9849 = SURFACE_SIDE_STYLE('',(#9850));
#9850 = SURFACE_STYLE_FILL_AREA(#9851);
#9851 = FILL_AREA_STYLE('',(#9852));
#9852 = FILL_AREA_STYLE_COLOUR('',#9271);
#9853 = OVER_RIDING_STYLED_ITEM('overriding color',(#9854),#5281,#8860);
#9854 = PRESENTATION_STYLE_ASSIGNMENT((#9855));
#9855 = SURFACE_STYLE_USAGE(.BOTH.,#9856);
#9856 = SURFACE_SIDE_STYLE('',(#9857));
#9857 = SURFACE_STYLE_FILL_AREA(#9858);
#9858 = FILL_AREA_STYLE('',(#9859));
#9859 = FILL_AREA_STYLE_COLOUR('',#9271);
#9860 = OVER_RIDING_STYLED_ITEM('overriding color',(#9861),#5301,#8860);
#9861 = PRESENTATION_STYLE_ASSIGNMENT((#9862));
#9862 = SURFACE_STYLE_USAGE(.BOTH.,#9863);
#9863 = SURFACE_SIDE_STYLE('',(#9864));
#9864 = SURFACE_STYLE_FILL_AREA(#9865);
#9865 = FILL_AREA_STYLE('',(#9866));
#9866 = FILL_AREA_STYLE_COLOUR('',#9271);
#9867 = OVER_RIDING_STYLED_ITEM('overriding color',(#9868),#5317,#8860);
#9868 = PRESENTATION_STYLE_ASSIGNMENT((#9869));
#9869 = SURFACE_STYLE_USAGE(.BOTH.,#9870);
#9870 = SURFACE_SIDE_STYLE('',(#9871));
#9871 = SURFACE_STYLE_FILL_AREA(#9872);
#9872 = FILL_AREA_STYLE('',(#9873));
#9873 = FILL_AREA_STYLE_COLOUR('',#9271);
#9874 = OVER_RIDING_STYLED_ITEM('overriding color',(#9875),#5337,#8860);
#9875 = PRESENTATION_STYLE_ASSIGNMENT((#9876));
#9876 = SURFACE_STYLE_USAGE(.BOTH.,#9877);
#9877 = SURFACE_SIDE_STYLE('',(#9878));
#9878 = SURFACE_STYLE_FILL_AREA(#9879);
#9879 = FILL_AREA_STYLE('',(#9880));
#9880 = FILL_AREA_STYLE_COLOUR('',#9271);
#9881 = OVER_RIDING_STYLED_ITEM('overriding color',(#9882),#5357,#8860);
#9882 = PRESENTATION_STYLE_ASSIGNMENT((#9883));
#9883 = SURFACE_STYLE_USAGE(.BOTH.,#9884);
#9884 = SURFACE_SIDE_STYLE('',(#9885));
#9885 = SURFACE_STYLE_FILL_AREA(#9886);
#9886 = FILL_AREA_STYLE('',(#9887));
#9887 = FILL_AREA_STYLE_COLOUR('',#9271);
#9888 = OVER_RIDING_STYLED_ITEM('overriding color',(#9889),#5377,#8860);
#9889 = PRESENTATION_STYLE_ASSIGNMENT((#9890));
#9890 = SURFACE_STYLE_USAGE(.BOTH.,#9891);
#9891 = SURFACE_SIDE_STYLE('',(#9892));
#9892 = SURFACE_STYLE_FILL_AREA(#9893);
#9893 = FILL_AREA_STYLE('',(#9894));
#9894 = FILL_AREA_STYLE_COLOUR('',#9271);
#9895 = OVER_RIDING_STYLED_ITEM('overriding color',(#9896),#5397,#8860);
#9896 = PRESENTATION_STYLE_ASSIGNMENT((#9897));
#9897 = SURFACE_STYLE_USAGE(.BOTH.,#9898);
#9898 = SURFACE_SIDE_STYLE('',(#9899));
#9899 = SURFACE_STYLE_FILL_AREA(#9900);
#9900 = FILL_AREA_STYLE('',(#9901));
#9901 = FILL_AREA_STYLE_COLOUR('',#9271);
#9902 = OVER_RIDING_STYLED_ITEM('overriding color',(#9903),#5413,#8860);
#9903 = PRESENTATION_STYLE_ASSIGNMENT((#9904));
#9904 = SURFACE_STYLE_USAGE(.BOTH.,#9905);
#9905 = SURFACE_SIDE_STYLE('',(#9906));
#9906 = SURFACE_STYLE_FILL_AREA(#9907);
#9907 = FILL_AREA_STYLE('',(#9908));
#9908 = FILL_AREA_STYLE_COLOUR('',#9271);
#9909 = OVER_RIDING_STYLED_ITEM('overriding color',(#9910),#5429,#8860);
#9910 = PRESENTATION_STYLE_ASSIGNMENT((#9911));
#9911 = SURFACE_STYLE_USAGE(.BOTH.,#9912);
#9912 = SURFACE_SIDE_STYLE('',(#9913));
#9913 = SURFACE_STYLE_FILL_AREA(#9914);
#9914 = FILL_AREA_STYLE('',(#9915));
#9915 = FILL_AREA_STYLE_COLOUR('',#9271);
#9916 = OVER_RIDING_STYLED_ITEM('overriding color',(#9917),#5445,#8860);
#9917 = PRESENTATION_STYLE_ASSIGNMENT((#9918));
#9918 = SURFACE_STYLE_USAGE(.BOTH.,#9919);
#9919 = SURFACE_SIDE_STYLE('',(#9920));
#9920 = SURFACE_STYLE_FILL_AREA(#9921);
#9921 = FILL_AREA_STYLE('',(#9922));
#9922 = FILL_AREA_STYLE_COLOUR('',#9271);
#9923 = OVER_RIDING_STYLED_ITEM('overriding color',(#9924),#5461,#8860);
#9924 = PRESENTATION_STYLE_ASSIGNMENT((#9925));
#9925 = SURFACE_STYLE_USAGE(.BOTH.,#9926);
#9926 = SURFACE_SIDE_STYLE('',(#9927));
#9927 = SURFACE_STYLE_FILL_AREA(#9928);
#9928 = FILL_AREA_STYLE('',(#9929));
#9929 = FILL_AREA_STYLE_COLOUR('',#9271);
#9930 = OVER_RIDING_STYLED_ITEM('overriding color',(#9931),#5477,#8860);
#9931 = PRESENTATION_STYLE_ASSIGNMENT((#9932));
#9932 = SURFACE_STYLE_USAGE(.BOTH.,#9933);
#9933 = SURFACE_SIDE_STYLE('',(#9934));
#9934 = SURFACE_STYLE_FILL_AREA(#9935);
#9935 = FILL_AREA_STYLE('',(#9936));
#9936 = FILL_AREA_STYLE_COLOUR('',#9271);
#9937 = OVER_RIDING_STYLED_ITEM('overriding color',(#9938),#5511,#8860);
#9938 = PRESENTATION_STYLE_ASSIGNMENT((#9939));
#9939 = SURFACE_STYLE_USAGE(.BOTH.,#9940);
#9940 = SURFACE_SIDE_STYLE('',(#9941));
#9941 = SURFACE_STYLE_FILL_AREA(#9942);
#9942 = FILL_AREA_STYLE('',(#9943));
#9943 = FILL_AREA_STYLE_COLOUR('',#9271);
#9944 = OVER_RIDING_STYLED_ITEM('overriding color',(#9945),#5539,#8860);
#9945 = PRESENTATION_STYLE_ASSIGNMENT((#9946));
#9946 = SURFACE_STYLE_USAGE(.BOTH.,#9947);
#9947 = SURFACE_SIDE_STYLE('',(#9948));
#9948 = SURFACE_STYLE_FILL_AREA(#9949);
#9949 = FILL_AREA_STYLE('',(#9950));
#9950 = FILL_AREA_STYLE_COLOUR('',#9271);
#9951 = OVER_RIDING_STYLED_ITEM('overriding color',(#9952),#5567,#8860);
#9952 = PRESENTATION_STYLE_ASSIGNMENT((#9953));
#9953 = SURFACE_STYLE_USAGE(.BOTH.,#9954);
#9954 = SURFACE_SIDE_STYLE('',(#9955));
#9955 = SURFACE_STYLE_FILL_AREA(#9956);
#9956 = FILL_AREA_STYLE('',(#9957));
#9957 = FILL_AREA_STYLE_COLOUR('',#9271);
#9958 = OVER_RIDING_STYLED_ITEM('overriding color',(#9959),#5595,#8860);
#9959 = PRESENTATION_STYLE_ASSIGNMENT((#9960));
#9960 = SURFACE_STYLE_USAGE(.BOTH.,#9961);
#9961 = SURFACE_SIDE_STYLE('',(#9962));
#9962 = SURFACE_STYLE_FILL_AREA(#9963);
#9963 = FILL_AREA_STYLE('',(#9964));
#9964 = FILL_AREA_STYLE_COLOUR('',#9271);
#9965 = OVER_RIDING_STYLED_ITEM('overriding color',(#9966),#5623,#8860);
#9966 = PRESENTATION_STYLE_ASSIGNMENT((#9967));
#9967 = SURFACE_STYLE_USAGE(.BOTH.,#9968);
#9968 = SURFACE_SIDE_STYLE('',(#9969));
#9969 = SURFACE_STYLE_FILL_AREA(#9970);
#9970 = FILL_AREA_STYLE('',(#9971));
#9971 = FILL_AREA_STYLE_COLOUR('',#9271);
#9972 = OVER_RIDING_STYLED_ITEM('overriding color',(#9973),#5651,#8860);
#9973 = PRESENTATION_STYLE_ASSIGNMENT((#9974));
#9974 = SURFACE_STYLE_USAGE(.BOTH.,#9975);
#9975 = SURFACE_SIDE_STYLE('',(#9976));
#9976 = SURFACE_STYLE_FILL_AREA(#9977);
#9977 = FILL_AREA_STYLE('',(#9978));
#9978 = FILL_AREA_STYLE_COLOUR('',#9271);
#9979 = OVER_RIDING_STYLED_ITEM('overriding color',(#9980),#5673,#8860);
#9980 = PRESENTATION_STYLE_ASSIGNMENT((#9981));
#9981 = SURFACE_STYLE_USAGE(.BOTH.,#9982);
#9982 = SURFACE_SIDE_STYLE('',(#9983));
#9983 = SURFACE_STYLE_FILL_AREA(#9984);
#9984 = FILL_AREA_STYLE('',(#9985));
#9985 = FILL_AREA_STYLE_COLOUR('',#9271);
#9986 = OVER_RIDING_STYLED_ITEM('overriding color',(#9987),#5689,#8860);
#9987 = PRESENTATION_STYLE_ASSIGNMENT((#9988));
#9988 = SURFACE_STYLE_USAGE(.BOTH.,#9989);
#9989 = SURFACE_SIDE_STYLE('',(#9990));
#9990 = SURFACE_STYLE_FILL_AREA(#9991);
#9991 = FILL_AREA_STYLE('',(#9992));
#9992 = FILL_AREA_STYLE_COLOUR('',#8877);
#9993 = OVER_RIDING_STYLED_ITEM('overriding color',(#9994),#5705,#8860);
#9994 = PRESENTATION_STYLE_ASSIGNMENT((#9995));
#9995 = SURFACE_STYLE_USAGE(.BOTH.,#9996);
#9996 = SURFACE_SIDE_STYLE('',(#9997));
#9997 = SURFACE_STYLE_FILL_AREA(#9998);
#9998 = FILL_AREA_STYLE('',(#9999));
#9999 = FILL_AREA_STYLE_COLOUR('',#9271);
#10000 = OVER_RIDING_STYLED_ITEM('overriding color',(#10001),#5739,#8860
  );
#10001 = PRESENTATION_STYLE_ASSIGNMENT((#10002));
#10002 = SURFACE_STYLE_USAGE(.BOTH.,#10003);
#10003 = SURFACE_SIDE_STYLE('',(#10004));
#10004 = SURFACE_STYLE_FILL_AREA(#10005);
#10005 = FILL_AREA_STYLE('',(#10006));
#10006 = FILL_AREA_STYLE_COLOUR('',#9271);
#10007 = OVER_RIDING_STYLED_ITEM('overriding color',(#10008),#5761,#8860
  );
#10008 = PRESENTATION_STYLE_ASSIGNMENT((#10009));
#10009 = SURFACE_STYLE_USAGE(.BOTH.,#10010);
#10010 = SURFACE_SIDE_STYLE('',(#10011));
#10011 = SURFACE_STYLE_FILL_AREA(#10012);
#10012 = FILL_AREA_STYLE('',(#10013));
#10013 = FILL_AREA_STYLE_COLOUR('',#9271);
#10014 = OVER_RIDING_STYLED_ITEM('overriding color',(#10015),#5789,#8860
  );
#10015 = PRESENTATION_STYLE_ASSIGNMENT((#10016));
#10016 = SURFACE_STYLE_USAGE(.BOTH.,#10017);
#10017 = SURFACE_SIDE_STYLE('',(#10018));
#10018 = SURFACE_STYLE_FILL_AREA(#10019);
#10019 = FILL_AREA_STYLE('',(#10020));
#10020 = FILL_AREA_STYLE_COLOUR('',#9271);
#10021 = OVER_RIDING_STYLED_ITEM('overriding color',(#10022),#5817,#8860
  );
#10022 = PRESENTATION_STYLE_ASSIGNMENT((#10023));
#10023 = SURFACE_STYLE_USAGE(.BOTH.,#10024);
#10024 = SURFACE_SIDE_STYLE('',(#10025));
#10025 = SURFACE_STYLE_FILL_AREA(#10026);
#10026 = FILL_AREA_STYLE('',(#10027));
#10027 = FILL_AREA_STYLE_COLOUR('',#9271);
#10028 = OVER_RIDING_STYLED_ITEM('overriding color',(#10029),#5845,#8860
  );
#10029 = PRESENTATION_STYLE_ASSIGNMENT((#10030));
#10030 = SURFACE_STYLE_USAGE(.BOTH.,#10031);
#10031 = SURFACE_SIDE_STYLE('',(#10032));
#10032 = SURFACE_STYLE_FILL_AREA(#10033);
#10033 = FILL_AREA_STYLE('',(#10034));
#10034 = FILL_AREA_STYLE_COLOUR('',#9271);
#10035 = OVER_RIDING_STYLED_ITEM('overriding color',(#10036),#5873,#8860
  );
#10036 = PRESENTATION_STYLE_ASSIGNMENT((#10037));
#10037 = SURFACE_STYLE_USAGE(.BOTH.,#10038);
#10038 = SURFACE_SIDE_STYLE('',(#10039));
#10039 = SURFACE_STYLE_FILL_AREA(#10040);
#10040 = FILL_AREA_STYLE('',(#10041));
#10041 = FILL_AREA_STYLE_COLOUR('',#9271);
#10042 = OVER_RIDING_STYLED_ITEM('overriding color',(#10043),#5901,#8860
  );
#10043 = PRESENTATION_STYLE_ASSIGNMENT((#10044));
#10044 = SURFACE_STYLE_USAGE(.BOTH.,#10045);
#10045 = SURFACE_SIDE_STYLE('',(#10046));
#10046 = SURFACE_STYLE_FILL_AREA(#10047);
#10047 = FILL_AREA_STYLE('',(#10048));
#10048 = FILL_AREA_STYLE_COLOUR('',#9271);
#10049 = OVER_RIDING_STYLED_ITEM('overriding color',(#10050),#5929,#8860
  );
#10050 = PRESENTATION_STYLE_ASSIGNMENT((#10051));
#10051 = SURFACE_STYLE_USAGE(.BOTH.,#10052);
#10052 = SURFACE_SIDE_STYLE('',(#10053));
#10053 = SURFACE_STYLE_FILL_AREA(#10054);
#10054 = FILL_AREA_STYLE('',(#10055));
#10055 = FILL_AREA_STYLE_COLOUR('',#9271);
#10056 = OVER_RIDING_STYLED_ITEM('overriding color',(#10057),#5957,#8860
  );
#10057 = PRESENTATION_STYLE_ASSIGNMENT((#10058));
#10058 = SURFACE_STYLE_USAGE(.BOTH.,#10059);
#10059 = SURFACE_SIDE_STYLE('',(#10060));
#10060 = SURFACE_STYLE_FILL_AREA(#10061);
#10061 = FILL_AREA_STYLE('',(#10062));
#10062 = FILL_AREA_STYLE_COLOUR('',#9271);
#10063 = OVER_RIDING_STYLED_ITEM('overriding color',(#10064),#5985,#8860
  );
#10064 = PRESENTATION_STYLE_ASSIGNMENT((#10065));
#10065 = SURFACE_STYLE_USAGE(.BOTH.,#10066);
#10066 = SURFACE_SIDE_STYLE('',(#10067));
#10067 = SURFACE_STYLE_FILL_AREA(#10068);
#10068 = FILL_AREA_STYLE('',(#10069));
#10069 = FILL_AREA_STYLE_COLOUR('',#9271);
#10070 = OVER_RIDING_STYLED_ITEM('overriding color',(#10071),#6013,#8860
  );
#10071 = PRESENTATION_STYLE_ASSIGNMENT((#10072));
#10072 = SURFACE_STYLE_USAGE(.BOTH.,#10073);
#10073 = SURFACE_SIDE_STYLE('',(#10074));
#10074 = SURFACE_STYLE_FILL_AREA(#10075);
#10075 = FILL_AREA_STYLE('',(#10076));
#10076 = FILL_AREA_STYLE_COLOUR('',#9271);
#10077 = OVER_RIDING_STYLED_ITEM('overriding color',(#10078),#6041,#8860
  );
#10078 = PRESENTATION_STYLE_ASSIGNMENT((#10079));
#10079 = SURFACE_STYLE_USAGE(.BOTH.,#10080);
#10080 = SURFACE_SIDE_STYLE('',(#10081));
#10081 = SURFACE_STYLE_FILL_AREA(#10082);
#10082 = FILL_AREA_STYLE('',(#10083));
#10083 = FILL_AREA_STYLE_COLOUR('',#9271);
#10084 = OVER_RIDING_STYLED_ITEM('overriding color',(#10085),#6063,#8860
  );
#10085 = PRESENTATION_STYLE_ASSIGNMENT((#10086));
#10086 = SURFACE_STYLE_USAGE(.BOTH.,#10087);
#10087 = SURFACE_SIDE_STYLE('',(#10088));
#10088 = SURFACE_STYLE_FILL_AREA(#10089);
#10089 = FILL_AREA_STYLE('',(#10090));
#10090 = FILL_AREA_STYLE_COLOUR('',#9271);
#10091 = OVER_RIDING_STYLED_ITEM('overriding color',(#10092),#6091,#8860
  );
#10092 = PRESENTATION_STYLE_ASSIGNMENT((#10093));
#10093 = SURFACE_STYLE_USAGE(.BOTH.,#10094);
#10094 = SURFACE_SIDE_STYLE('',(#10095));
#10095 = SURFACE_STYLE_FILL_AREA(#10096);
#10096 = FILL_AREA_STYLE('',(#10097));
#10097 = FILL_AREA_STYLE_COLOUR('',#9271);
#10098 = OVER_RIDING_STYLED_ITEM('overriding color',(#10099),#6119,#8860
  );
#10099 = PRESENTATION_STYLE_ASSIGNMENT((#10100));
#10100 = SURFACE_STYLE_USAGE(.BOTH.,#10101);
#10101 = SURFACE_SIDE_STYLE('',(#10102));
#10102 = SURFACE_STYLE_FILL_AREA(#10103);
#10103 = FILL_AREA_STYLE('',(#10104));
#10104 = FILL_AREA_STYLE_COLOUR('',#9271);
#10105 = OVER_RIDING_STYLED_ITEM('overriding color',(#10106),#6147,#8860
  );
#10106 = PRESENTATION_STYLE_ASSIGNMENT((#10107));
#10107 = SURFACE_STYLE_USAGE(.BOTH.,#10108);
#10108 = SURFACE_SIDE_STYLE('',(#10109));
#10109 = SURFACE_STYLE_FILL_AREA(#10110);
#10110 = FILL_AREA_STYLE('',(#10111));
#10111 = FILL_AREA_STYLE_COLOUR('',#9271);
#10112 = OVER_RIDING_STYLED_ITEM('overriding color',(#10113),#6175,#8860
  );
#10113 = PRESENTATION_STYLE_ASSIGNMENT((#10114));
#10114 = SURFACE_STYLE_USAGE(.BOTH.,#10115);
#10115 = SURFACE_SIDE_STYLE('',(#10116));
#10116 = SURFACE_STYLE_FILL_AREA(#10117);
#10117 = FILL_AREA_STYLE('',(#10118));
#10118 = FILL_AREA_STYLE_COLOUR('',#9271);
#10119 = OVER_RIDING_STYLED_ITEM('overriding color',(#10120),#6203,#8860
  );
#10120 = PRESENTATION_STYLE_ASSIGNMENT((#10121));
#10121 = SURFACE_STYLE_USAGE(.BOTH.,#10122);
#10122 = SURFACE_SIDE_STYLE('',(#10123));
#10123 = SURFACE_STYLE_FILL_AREA(#10124);
#10124 = FILL_AREA_STYLE('',(#10125));
#10125 = FILL_AREA_STYLE_COLOUR('',#9271);
#10126 = OVER_RIDING_STYLED_ITEM('overriding color',(#10127),#6231,#8860
  );
#10127 = PRESENTATION_STYLE_ASSIGNMENT((#10128));
#10128 = SURFACE_STYLE_USAGE(.BOTH.,#10129);
#10129 = SURFACE_SIDE_STYLE('',(#10130));
#10130 = SURFACE_STYLE_FILL_AREA(#10131);
#10131 = FILL_AREA_STYLE('',(#10132));
#10132 = FILL_AREA_STYLE_COLOUR('',#9271);
#10133 = OVER_RIDING_STYLED_ITEM('overriding color',(#10134),#6259,#8860
  );
#10134 = PRESENTATION_STYLE_ASSIGNMENT((#10135));
#10135 = SURFACE_STYLE_USAGE(.BOTH.,#10136);
#10136 = SURFACE_SIDE_STYLE('',(#10137));
#10137 = SURFACE_STYLE_FILL_AREA(#10138);
#10138 = FILL_AREA_STYLE('',(#10139));
#10139 = FILL_AREA_STYLE_COLOUR('',#9271);
#10140 = OVER_RIDING_STYLED_ITEM('overriding color',(#10141),#6281,#8860
  );
#10141 = PRESENTATION_STYLE_ASSIGNMENT((#10142));
#10142 = SURFACE_STYLE_USAGE(.BOTH.,#10143);
#10143 = SURFACE_SIDE_STYLE('',(#10144));
#10144 = SURFACE_STYLE_FILL_AREA(#10145);
#10145 = FILL_AREA_STYLE('',(#10146));
#10146 = FILL_AREA_STYLE_COLOUR('',#9271);
#10147 = OVER_RIDING_STYLED_ITEM('overriding color',(#10148),#6310,#8860
  );
#10148 = PRESENTATION_STYLE_ASSIGNMENT((#10149));
#10149 = SURFACE_STYLE_USAGE(.BOTH.,#10150);
#10150 = SURFACE_SIDE_STYLE('',(#10151));
#10151 = SURFACE_STYLE_FILL_AREA(#10152);
#10152 = FILL_AREA_STYLE('',(#10153));
#10153 = FILL_AREA_STYLE_COLOUR('',#9271);
#10154 = OVER_RIDING_STYLED_ITEM('overriding color',(#10155),#6338,#8860
  );
#10155 = PRESENTATION_STYLE_ASSIGNMENT((#10156));
#10156 = SURFACE_STYLE_USAGE(.BOTH.,#10157);
#10157 = SURFACE_SIDE_STYLE('',(#10158));
#10158 = SURFACE_STYLE_FILL_AREA(#10159);
#10159 = FILL_AREA_STYLE('',(#10160));
#10160 = FILL_AREA_STYLE_COLOUR('',#9271);
#10161 = OVER_RIDING_STYLED_ITEM('overriding color',(#10162),#6360,#8860
  );
#10162 = PRESENTATION_STYLE_ASSIGNMENT((#10163));
#10163 = SURFACE_STYLE_USAGE(.BOTH.,#10164);
#10164 = SURFACE_SIDE_STYLE('',(#10165));
#10165 = SURFACE_STYLE_FILL_AREA(#10166);
#10166 = FILL_AREA_STYLE('',(#10167));
#10167 = FILL_AREA_STYLE_COLOUR('',#9271);
#10168 = OVER_RIDING_STYLED_ITEM('overriding color',(#10169),#6388,#8860
  );
#10169 = PRESENTATION_STYLE_ASSIGNMENT((#10170));
#10170 = SURFACE_STYLE_USAGE(.BOTH.,#10171);
#10171 = SURFACE_SIDE_STYLE('',(#10172));
#10172 = SURFACE_STYLE_FILL_AREA(#10173);
#10173 = FILL_AREA_STYLE('',(#10174));
#10174 = FILL_AREA_STYLE_COLOUR('',#9271);
#10175 = OVER_RIDING_STYLED_ITEM('overriding color',(#10176),#6410,#8860
  );
#10176 = PRESENTATION_STYLE_ASSIGNMENT((#10177));
#10177 = SURFACE_STYLE_USAGE(.BOTH.,#10178);
#10178 = SURFACE_SIDE_STYLE('',(#10179));
#10179 = SURFACE_STYLE_FILL_AREA(#10180);
#10180 = FILL_AREA_STYLE('',(#10181));
#10181 = FILL_AREA_STYLE_COLOUR('',#9271);
#10182 = OVER_RIDING_STYLED_ITEM('overriding color',(#10183),#6432,#8860
  );
#10183 = PRESENTATION_STYLE_ASSIGNMENT((#10184));
#10184 = SURFACE_STYLE_USAGE(.BOTH.,#10185);
#10185 = SURFACE_SIDE_STYLE('',(#10186));
#10186 = SURFACE_STYLE_FILL_AREA(#10187);
#10187 = FILL_AREA_STYLE('',(#10188));
#10188 = FILL_AREA_STYLE_COLOUR('',#9271);
#10189 = OVER_RIDING_STYLED_ITEM('overriding color',(#10190),#6454,#8860
  );
#10190 = PRESENTATION_STYLE_ASSIGNMENT((#10191));
#10191 = SURFACE_STYLE_USAGE(.BOTH.,#10192);
#10192 = SURFACE_SIDE_STYLE('',(#10193));
#10193 = SURFACE_STYLE_FILL_AREA(#10194);
#10194 = FILL_AREA_STYLE('',(#10195));
#10195 = FILL_AREA_STYLE_COLOUR('',#9271);
#10196 = OVER_RIDING_STYLED_ITEM('overriding color',(#10197),#6476,#8860
  );
#10197 = PRESENTATION_STYLE_ASSIGNMENT((#10198));
#10198 = SURFACE_STYLE_USAGE(.BOTH.,#10199);
#10199 = SURFACE_SIDE_STYLE('',(#10200));
#10200 = SURFACE_STYLE_FILL_AREA(#10201);
#10201 = FILL_AREA_STYLE('',(#10202));
#10202 = FILL_AREA_STYLE_COLOUR('',#9271);
#10203 = OVER_RIDING_STYLED_ITEM('overriding color',(#10204),#6498,#8860
  );
#10204 = PRESENTATION_STYLE_ASSIGNMENT((#10205));
#10205 = SURFACE_STYLE_USAGE(.BOTH.,#10206);
#10206 = SURFACE_SIDE_STYLE('',(#10207));
#10207 = SURFACE_STYLE_FILL_AREA(#10208);
#10208 = FILL_AREA_STYLE('',(#10209));
#10209 = FILL_AREA_STYLE_COLOUR('',#9271);
#10210 = OVER_RIDING_STYLED_ITEM('overriding color',(#10211),#6520,#8860
  );
#10211 = PRESENTATION_STYLE_ASSIGNMENT((#10212));
#10212 = SURFACE_STYLE_USAGE(.BOTH.,#10213);
#10213 = SURFACE_SIDE_STYLE('',(#10214));
#10214 = SURFACE_STYLE_FILL_AREA(#10215);
#10215 = FILL_AREA_STYLE('',(#10216));
#10216 = FILL_AREA_STYLE_COLOUR('',#9271);
#10217 = OVER_RIDING_STYLED_ITEM('overriding color',(#10218),#6548,#8860
  );
#10218 = PRESENTATION_STYLE_ASSIGNMENT((#10219));
#10219 = SURFACE_STYLE_USAGE(.BOTH.,#10220);
#10220 = SURFACE_SIDE_STYLE('',(#10221));
#10221 = SURFACE_STYLE_FILL_AREA(#10222);
#10222 = FILL_AREA_STYLE('',(#10223));
#10223 = FILL_AREA_STYLE_COLOUR('',#9271);
#10224 = OVER_RIDING_STYLED_ITEM('overriding color',(#10225),#6576,#8860
  );
#10225 = PRESENTATION_STYLE_ASSIGNMENT((#10226));
#10226 = SURFACE_STYLE_USAGE(.BOTH.,#10227);
#10227 = SURFACE_SIDE_STYLE('',(#10228));
#10228 = SURFACE_STYLE_FILL_AREA(#10229);
#10229 = FILL_AREA_STYLE('',(#10230));
#10230 = FILL_AREA_STYLE_COLOUR('',#9271);
#10231 = OVER_RIDING_STYLED_ITEM('overriding color',(#10232),#6598,#8860
  );
#10232 = PRESENTATION_STYLE_ASSIGNMENT((#10233));
#10233 = SURFACE_STYLE_USAGE(.BOTH.,#10234);
#10234 = SURFACE_SIDE_STYLE('',(#10235));
#10235 = SURFACE_STYLE_FILL_AREA(#10236);
#10236 = FILL_AREA_STYLE('',(#10237));
#10237 = FILL_AREA_STYLE_COLOUR('',#9271);
#10238 = OVER_RIDING_STYLED_ITEM('overriding color',(#10239),#6626,#8860
  );
#10239 = PRESENTATION_STYLE_ASSIGNMENT((#10240));
#10240 = SURFACE_STYLE_USAGE(.BOTH.,#10241);
#10241 = SURFACE_SIDE_STYLE('',(#10242));
#10242 = SURFACE_STYLE_FILL_AREA(#10243);
#10243 = FILL_AREA_STYLE('',(#10244));
#10244 = FILL_AREA_STYLE_COLOUR('',#9271);
#10245 = OVER_RIDING_STYLED_ITEM('overriding color',(#10246),#6654,#8860
  );
#10246 = PRESENTATION_STYLE_ASSIGNMENT((#10247));
#10247 = SURFACE_STYLE_USAGE(.BOTH.,#10248);
#10248 = SURFACE_SIDE_STYLE('',(#10249));
#10249 = SURFACE_STYLE_FILL_AREA(#10250);
#10250 = FILL_AREA_STYLE('',(#10251));
#10251 = FILL_AREA_STYLE_COLOUR('',#9271);
#10252 = OVER_RIDING_STYLED_ITEM('overriding color',(#10253),#6670,#8860
  );
#10253 = PRESENTATION_STYLE_ASSIGNMENT((#10254));
#10254 = SURFACE_STYLE_USAGE(.BOTH.,#10255);
#10255 = SURFACE_SIDE_STYLE('',(#10256));
#10256 = SURFACE_STYLE_FILL_AREA(#10257);
#10257 = FILL_AREA_STYLE('',(#10258));
#10258 = FILL_AREA_STYLE_COLOUR('',#9271);
#10259 = OVER_RIDING_STYLED_ITEM('overriding color',(#10260),#6693,#8860
  );
#10260 = PRESENTATION_STYLE_ASSIGNMENT((#10261));
#10261 = SURFACE_STYLE_USAGE(.BOTH.,#10262);
#10262 = SURFACE_SIDE_STYLE('',(#10263));
#10263 = SURFACE_STYLE_FILL_AREA(#10264);
#10264 = FILL_AREA_STYLE('',(#10265));
#10265 = FILL_AREA_STYLE_COLOUR('',#9271);
#10266 = OVER_RIDING_STYLED_ITEM('overriding color',(#10267),#6721,#8860
  );
#10267 = PRESENTATION_STYLE_ASSIGNMENT((#10268));
#10268 = SURFACE_STYLE_USAGE(.BOTH.,#10269);
#10269 = SURFACE_SIDE_STYLE('',(#10270));
#10270 = SURFACE_STYLE_FILL_AREA(#10271);
#10271 = FILL_AREA_STYLE('',(#10272));
#10272 = FILL_AREA_STYLE_COLOUR('',#9271);
#10273 = OVER_RIDING_STYLED_ITEM('overriding color',(#10274),#6743,#8860
  );
#10274 = PRESENTATION_STYLE_ASSIGNMENT((#10275));
#10275 = SURFACE_STYLE_USAGE(.BOTH.,#10276);
#10276 = SURFACE_SIDE_STYLE('',(#10277));
#10277 = SURFACE_STYLE_FILL_AREA(#10278);
#10278 = FILL_AREA_STYLE('',(#10279));
#10279 = FILL_AREA_STYLE_COLOUR('',#9271);
#10280 = OVER_RIDING_STYLED_ITEM('overriding color',(#10281),#6765,#8860
  );
#10281 = PRESENTATION_STYLE_ASSIGNMENT((#10282));
#10282 = SURFACE_STYLE_USAGE(.BOTH.,#10283);
#10283 = SURFACE_SIDE_STYLE('',(#10284));
#10284 = SURFACE_STYLE_FILL_AREA(#10285);
#10285 = FILL_AREA_STYLE('',(#10286));
#10286 = FILL_AREA_STYLE_COLOUR('',#9271);
#10287 = OVER_RIDING_STYLED_ITEM('overriding color',(#10288),#6787,#8860
  );
#10288 = PRESENTATION_STYLE_ASSIGNMENT((#10289));
#10289 = SURFACE_STYLE_USAGE(.BOTH.,#10290);
#10290 = SURFACE_SIDE_STYLE('',(#10291));
#10291 = SURFACE_STYLE_FILL_AREA(#10292);
#10292 = FILL_AREA_STYLE('',(#10293));
#10293 = FILL_AREA_STYLE_COLOUR('',#9271);
#10294 = OVER_RIDING_STYLED_ITEM('overriding color',(#10295),#6809,#8860
  );
#10295 = PRESENTATION_STYLE_ASSIGNMENT((#10296));
#10296 = SURFACE_STYLE_USAGE(.BOTH.,#10297);
#10297 = SURFACE_SIDE_STYLE('',(#10298));
#10298 = SURFACE_STYLE_FILL_AREA(#10299);
#10299 = FILL_AREA_STYLE('',(#10300));
#10300 = FILL_AREA_STYLE_COLOUR('',#9271);
#10301 = OVER_RIDING_STYLED_ITEM('overriding color',(#10302),#6831,#8860
  );
#10302 = PRESENTATION_STYLE_ASSIGNMENT((#10303));
#10303 = SURFACE_STYLE_USAGE(.BOTH.,#10304);
#10304 = SURFACE_SIDE_STYLE('',(#10305));
#10305 = SURFACE_STYLE_FILL_AREA(#10306);
#10306 = FILL_AREA_STYLE('',(#10307));
#10307 = FILL_AREA_STYLE_COLOUR('',#9271);
#10308 = OVER_RIDING_STYLED_ITEM('overriding color',(#10309),#6853,#8860
  );
#10309 = PRESENTATION_STYLE_ASSIGNMENT((#10310));
#10310 = SURFACE_STYLE_USAGE(.BOTH.,#10311);
#10311 = SURFACE_SIDE_STYLE('',(#10312));
#10312 = SURFACE_STYLE_FILL_AREA(#10313);
#10313 = FILL_AREA_STYLE('',(#10314));
#10314 = FILL_AREA_STYLE_COLOUR('',#9271);
#10315 = OVER_RIDING_STYLED_ITEM('overriding color',(#10316),#6875,#8860
  );
#10316 = PRESENTATION_STYLE_ASSIGNMENT((#10317));
#10317 = SURFACE_STYLE_USAGE(.BOTH.,#10318);
#10318 = SURFACE_SIDE_STYLE('',(#10319));
#10319 = SURFACE_STYLE_FILL_AREA(#10320);
#10320 = FILL_AREA_STYLE('',(#10321));
#10321 = FILL_AREA_STYLE_COLOUR('',#9271);
#10322 = OVER_RIDING_STYLED_ITEM('overriding color',(#10323),#6897,#8860
  );
#10323 = PRESENTATION_STYLE_ASSIGNMENT((#10324));
#10324 = SURFACE_STYLE_USAGE(.BOTH.,#10325);
#10325 = SURFACE_SIDE_STYLE('',(#10326));
#10326 = SURFACE_STYLE_FILL_AREA(#10327);
#10327 = FILL_AREA_STYLE('',(#10328));
#10328 = FILL_AREA_STYLE_COLOUR('',#9271);
#10329 = OVER_RIDING_STYLED_ITEM('overriding color',(#10330),#6919,#8860
  );
#10330 = PRESENTATION_STYLE_ASSIGNMENT((#10331));
#10331 = SURFACE_STYLE_USAGE(.BOTH.,#10332);
#10332 = SURFACE_SIDE_STYLE('',(#10333));
#10333 = SURFACE_STYLE_FILL_AREA(#10334);
#10334 = FILL_AREA_STYLE('',(#10335));
#10335 = FILL_AREA_STYLE_COLOUR('',#9271);
#10336 = OVER_RIDING_STYLED_ITEM('overriding color',(#10337),#6941,#8860
  );
#10337 = PRESENTATION_STYLE_ASSIGNMENT((#10338));
#10338 = SURFACE_STYLE_USAGE(.BOTH.,#10339);
#10339 = SURFACE_SIDE_STYLE('',(#10340));
#10340 = SURFACE_STYLE_FILL_AREA(#10341);
#10341 = FILL_AREA_STYLE('',(#10342));
#10342 = FILL_AREA_STYLE_COLOUR('',#9271);
#10343 = OVER_RIDING_STYLED_ITEM('overriding color',(#10344),#6957,#8860
  );
#10344 = PRESENTATION_STYLE_ASSIGNMENT((#10345));
#10345 = SURFACE_STYLE_USAGE(.BOTH.,#10346);
#10346 = SURFACE_SIDE_STYLE('',(#10347));
#10347 = SURFACE_STYLE_FILL_AREA(#10348);
#10348 = FILL_AREA_STYLE('',(#10349));
#10349 = FILL_AREA_STYLE_COLOUR('',#9271);
#10350 = OVER_RIDING_STYLED_ITEM('overriding color',(#10351),#6977,#8860
  );
#10351 = PRESENTATION_STYLE_ASSIGNMENT((#10352));
#10352 = SURFACE_STYLE_USAGE(.BOTH.,#10353);
#10353 = SURFACE_SIDE_STYLE('',(#10354));
#10354 = SURFACE_STYLE_FILL_AREA(#10355);
#10355 = FILL_AREA_STYLE('',(#10356));
#10356 = FILL_AREA_STYLE_COLOUR('',#9271);
#10357 = OVER_RIDING_STYLED_ITEM('overriding color',(#10358),#7101,#8860
  );
#10358 = PRESENTATION_STYLE_ASSIGNMENT((#10359));
#10359 = SURFACE_STYLE_USAGE(.BOTH.,#10360);
#10360 = SURFACE_SIDE_STYLE('',(#10361));
#10361 = SURFACE_STYLE_FILL_AREA(#10362);
#10362 = FILL_AREA_STYLE('',(#10363));
#10363 = FILL_AREA_STYLE_COLOUR('',#9271);
#10364 = OVER_RIDING_STYLED_ITEM('overriding color',(#10365),#7121,#8860
  );
#10365 = PRESENTATION_STYLE_ASSIGNMENT((#10366));
#10366 = SURFACE_STYLE_USAGE(.BOTH.,#10367);
#10367 = SURFACE_SIDE_STYLE('',(#10368));
#10368 = SURFACE_STYLE_FILL_AREA(#10369);
#10369 = FILL_AREA_STYLE('',(#10370));
#10370 = FILL_AREA_STYLE_COLOUR('',#9271);
#10371 = OVER_RIDING_STYLED_ITEM('overriding color',(#10372),#7141,#8860
  );
#10372 = PRESENTATION_STYLE_ASSIGNMENT((#10373));
#10373 = SURFACE_STYLE_USAGE(.BOTH.,#10374);
#10374 = SURFACE_SIDE_STYLE('',(#10375));
#10375 = SURFACE_STYLE_FILL_AREA(#10376);
#10376 = FILL_AREA_STYLE('',(#10377));
#10377 = FILL_AREA_STYLE_COLOUR('',#9271);
#10378 = OVER_RIDING_STYLED_ITEM('overriding color',(#10379),#7161,#8860
  );
#10379 = PRESENTATION_STYLE_ASSIGNMENT((#10380));
#10380 = SURFACE_STYLE_USAGE(.BOTH.,#10381);
#10381 = SURFACE_SIDE_STYLE('',(#10382));
#10382 = SURFACE_STYLE_FILL_AREA(#10383);
#10383 = FILL_AREA_STYLE('',(#10384));
#10384 = FILL_AREA_STYLE_COLOUR('',#9271);
#10385 = OVER_RIDING_STYLED_ITEM('overriding color',(#10386),#7181,#8860
  );
#10386 = PRESENTATION_STYLE_ASSIGNMENT((#10387));
#10387 = SURFACE_STYLE_USAGE(.BOTH.,#10388);
#10388 = SURFACE_SIDE_STYLE('',(#10389));
#10389 = SURFACE_STYLE_FILL_AREA(#10390);
#10390 = FILL_AREA_STYLE('',(#10391));
#10391 = FILL_AREA_STYLE_COLOUR('',#9271);
#10392 = OVER_RIDING_STYLED_ITEM('overriding color',(#10393),#7201,#8860
  );
#10393 = PRESENTATION_STYLE_ASSIGNMENT((#10394));
#10394 = SURFACE_STYLE_USAGE(.BOTH.,#10395);
#10395 = SURFACE_SIDE_STYLE('',(#10396));
#10396 = SURFACE_STYLE_FILL_AREA(#10397);
#10397 = FILL_AREA_STYLE('',(#10398));
#10398 = FILL_AREA_STYLE_COLOUR('',#9271);
#10399 = OVER_RIDING_STYLED_ITEM('overriding color',(#10400),#7217,#8860
  );
#10400 = PRESENTATION_STYLE_ASSIGNMENT((#10401));
#10401 = SURFACE_STYLE_USAGE(.BOTH.,#10402);
#10402 = SURFACE_SIDE_STYLE('',(#10403));
#10403 = SURFACE_STYLE_FILL_AREA(#10404);
#10404 = FILL_AREA_STYLE('',(#10405));
#10405 = FILL_AREA_STYLE_COLOUR('',#9271);
#10406 = OVER_RIDING_STYLED_ITEM('overriding color',(#10407),#7229,#8860
  );
#10407 = PRESENTATION_STYLE_ASSIGNMENT((#10408));
#10408 = SURFACE_STYLE_USAGE(.BOTH.,#10409);
#10409 = SURFACE_SIDE_STYLE('',(#10410));
#10410 = SURFACE_STYLE_FILL_AREA(#10411);
#10411 = FILL_AREA_STYLE('',(#10412));
#10412 = FILL_AREA_STYLE_COLOUR('',#9271);
#10413 = OVER_RIDING_STYLED_ITEM('overriding color',(#10414),#7257,#8860
  );
#10414 = PRESENTATION_STYLE_ASSIGNMENT((#10415));
#10415 = SURFACE_STYLE_USAGE(.BOTH.,#10416);
#10416 = SURFACE_SIDE_STYLE('',(#10417));
#10417 = SURFACE_STYLE_FILL_AREA(#10418);
#10418 = FILL_AREA_STYLE('',(#10419));
#10419 = FILL_AREA_STYLE_COLOUR('',#9271);
#10420 = OVER_RIDING_STYLED_ITEM('overriding color',(#10421),#7279,#8860
  );
#10421 = PRESENTATION_STYLE_ASSIGNMENT((#10422));
#10422 = SURFACE_STYLE_USAGE(.BOTH.,#10423);
#10423 = SURFACE_SIDE_STYLE('',(#10424));
#10424 = SURFACE_STYLE_FILL_AREA(#10425);
#10425 = FILL_AREA_STYLE('',(#10426));
#10426 = FILL_AREA_STYLE_COLOUR('',#9271);
#10427 = OVER_RIDING_STYLED_ITEM('overriding color',(#10428),#7301,#8860
  );
#10428 = PRESENTATION_STYLE_ASSIGNMENT((#10429));
#10429 = SURFACE_STYLE_USAGE(.BOTH.,#10430);
#10430 = SURFACE_SIDE_STYLE('',(#10431));
#10431 = SURFACE_STYLE_FILL_AREA(#10432);
#10432 = FILL_AREA_STYLE('',(#10433));
#10433 = FILL_AREA_STYLE_COLOUR('',#9271);
#10434 = OVER_RIDING_STYLED_ITEM('overriding color',(#10435),#7329,#8860
  );
#10435 = PRESENTATION_STYLE_ASSIGNMENT((#10436));
#10436 = SURFACE_STYLE_USAGE(.BOTH.,#10437);
#10437 = SURFACE_SIDE_STYLE('',(#10438));
#10438 = SURFACE_STYLE_FILL_AREA(#10439);
#10439 = FILL_AREA_STYLE('',(#10440));
#10440 = FILL_AREA_STYLE_COLOUR('',#9271);
#10441 = OVER_RIDING_STYLED_ITEM('overriding color',(#10442),#7357,#8860
  );
#10442 = PRESENTATION_STYLE_ASSIGNMENT((#10443));
#10443 = SURFACE_STYLE_USAGE(.BOTH.,#10444);
#10444 = SURFACE_SIDE_STYLE('',(#10445));
#10445 = SURFACE_STYLE_FILL_AREA(#10446);
#10446 = FILL_AREA_STYLE('',(#10447));
#10447 = FILL_AREA_STYLE_COLOUR('',#9271);
#10448 = OVER_RIDING_STYLED_ITEM('overriding color',(#10449),#7385,#8860
  );
#10449 = PRESENTATION_STYLE_ASSIGNMENT((#10450));
#10450 = SURFACE_STYLE_USAGE(.BOTH.,#10451);
#10451 = SURFACE_SIDE_STYLE('',(#10452));
#10452 = SURFACE_STYLE_FILL_AREA(#10453);
#10453 = FILL_AREA_STYLE('',(#10454));
#10454 = FILL_AREA_STYLE_COLOUR('',#9271);
#10455 = OVER_RIDING_STYLED_ITEM('overriding color',(#10456),#7407,#8860
  );
#10456 = PRESENTATION_STYLE_ASSIGNMENT((#10457));
#10457 = SURFACE_STYLE_USAGE(.BOTH.,#10458);
#10458 = SURFACE_SIDE_STYLE('',(#10459));
#10459 = SURFACE_STYLE_FILL_AREA(#10460);
#10460 = FILL_AREA_STYLE('',(#10461));
#10461 = FILL_AREA_STYLE_COLOUR('',#8877);
#10462 = OVER_RIDING_STYLED_ITEM('overriding color',(#10463),#7422,#8860
  );
#10463 = PRESENTATION_STYLE_ASSIGNMENT((#10464));
#10464 = SURFACE_STYLE_USAGE(.BOTH.,#10465);
#10465 = SURFACE_SIDE_STYLE('',(#10466));
#10466 = SURFACE_STYLE_FILL_AREA(#10467);
#10467 = FILL_AREA_STYLE('',(#10468));
#10468 = FILL_AREA_STYLE_COLOUR('',#9271);
#10469 = OVER_RIDING_STYLED_ITEM('overriding color',(#10470),#7534,#8860
  );
#10470 = PRESENTATION_STYLE_ASSIGNMENT((#10471));
#10471 = SURFACE_STYLE_USAGE(.BOTH.,#10472);
#10472 = SURFACE_SIDE_STYLE('',(#10473));
#10473 = SURFACE_STYLE_FILL_AREA(#10474);
#10474 = FILL_AREA_STYLE('',(#10475));
#10475 = FILL_AREA_STYLE_COLOUR('',#9271);
#10476 = OVER_RIDING_STYLED_ITEM('overriding color',(#10477),#7554,#8860
  );
#10477 = PRESENTATION_STYLE_ASSIGNMENT((#10478));
#10478 = SURFACE_STYLE_USAGE(.BOTH.,#10479);
#10479 = SURFACE_SIDE_STYLE('',(#10480));
#10480 = SURFACE_STYLE_FILL_AREA(#10481);
#10481 = FILL_AREA_STYLE('',(#10482));
#10482 = FILL_AREA_STYLE_COLOUR('',#9271);
#10483 = OVER_RIDING_STYLED_ITEM('overriding color',(#10484),#7570,#8860
  );
#10484 = PRESENTATION_STYLE_ASSIGNMENT((#10485));
#10485 = SURFACE_STYLE_USAGE(.BOTH.,#10486);
#10486 = SURFACE_SIDE_STYLE('',(#10487));
#10487 = SURFACE_STYLE_FILL_AREA(#10488);
#10488 = FILL_AREA_STYLE('',(#10489));
#10489 = FILL_AREA_STYLE_COLOUR('',#9271);
#10490 = OVER_RIDING_STYLED_ITEM('overriding color',(#10491),#7586,#8860
  );
#10491 = PRESENTATION_STYLE_ASSIGNMENT((#10492));
#10492 = SURFACE_STYLE_USAGE(.BOTH.,#10493);
#10493 = SURFACE_SIDE_STYLE('',(#10494));
#10494 = SURFACE_STYLE_FILL_AREA(#10495);
#10495 = FILL_AREA_STYLE('',(#10496));
#10496 = FILL_AREA_STYLE_COLOUR('',#9271);
#10497 = OVER_RIDING_STYLED_ITEM('overriding color',(#10498),#7602,#8860
  );
#10498 = PRESENTATION_STYLE_ASSIGNMENT((#10499));
#10499 = SURFACE_STYLE_USAGE(.BOTH.,#10500);
#10500 = SURFACE_SIDE_STYLE('',(#10501));
#10501 = SURFACE_STYLE_FILL_AREA(#10502);
#10502 = FILL_AREA_STYLE('',(#10503));
#10503 = FILL_AREA_STYLE_COLOUR('',#9271);
#10504 = OVER_RIDING_STYLED_ITEM('overriding color',(#10505),#7618,#8860
  );
#10505 = PRESENTATION_STYLE_ASSIGNMENT((#10506));
#10506 = SURFACE_STYLE_USAGE(.BOTH.,#10507);
#10507 = SURFACE_SIDE_STYLE('',(#10508));
#10508 = SURFACE_STYLE_FILL_AREA(#10509);
#10509 = FILL_AREA_STYLE('',(#10510));
#10510 = FILL_AREA_STYLE_COLOUR('',#9271);
#10511 = OVER_RIDING_STYLED_ITEM('overriding color',(#10512),#7634,#8860
  );
#10512 = PRESENTATION_STYLE_ASSIGNMENT((#10513));
#10513 = SURFACE_STYLE_USAGE(.BOTH.,#10514);
#10514 = SURFACE_SIDE_STYLE('',(#10515));
#10515 = SURFACE_STYLE_FILL_AREA(#10516);
#10516 = FILL_AREA_STYLE('',(#10517));
#10517 = FILL_AREA_STYLE_COLOUR('',#9271);
#10518 = OVER_RIDING_STYLED_ITEM('overriding color',(#10519),#7650,#8860
  );
#10519 = PRESENTATION_STYLE_ASSIGNMENT((#10520));
#10520 = SURFACE_STYLE_USAGE(.BOTH.,#10521);
#10521 = SURFACE_SIDE_STYLE('',(#10522));
#10522 = SURFACE_STYLE_FILL_AREA(#10523);
#10523 = FILL_AREA_STYLE('',(#10524));
#10524 = FILL_AREA_STYLE_COLOUR('',#9271);
#10525 = OVER_RIDING_STYLED_ITEM('overriding color',(#10526),#7662,#8860
  );
#10526 = PRESENTATION_STYLE_ASSIGNMENT((#10527));
#10527 = SURFACE_STYLE_USAGE(.BOTH.,#10528);
#10528 = SURFACE_SIDE_STYLE('',(#10529));
#10529 = SURFACE_STYLE_FILL_AREA(#10530);
#10530 = FILL_AREA_STYLE('',(#10531));
#10531 = FILL_AREA_STYLE_COLOUR('',#9271);
#10532 = OVER_RIDING_STYLED_ITEM('overriding color',(#10533),#7690,#8860
  );
#10533 = PRESENTATION_STYLE_ASSIGNMENT((#10534));
#10534 = SURFACE_STYLE_USAGE(.BOTH.,#10535);
#10535 = SURFACE_SIDE_STYLE('',(#10536));
#10536 = SURFACE_STYLE_FILL_AREA(#10537);
#10537 = FILL_AREA_STYLE('',(#10538));
#10538 = FILL_AREA_STYLE_COLOUR('',#9271);
#10539 = OVER_RIDING_STYLED_ITEM('overriding color',(#10540),#7712,#8860
  );
#10540 = PRESENTATION_STYLE_ASSIGNMENT((#10541));
#10541 = SURFACE_STYLE_USAGE(.BOTH.,#10542);
#10542 = SURFACE_SIDE_STYLE('',(#10543));
#10543 = SURFACE_STYLE_FILL_AREA(#10544);
#10544 = FILL_AREA_STYLE('',(#10545));
#10545 = FILL_AREA_STYLE_COLOUR('',#9271);
#10546 = OVER_RIDING_STYLED_ITEM('overriding color',(#10547),#7740,#8860
  );
#10547 = PRESENTATION_STYLE_ASSIGNMENT((#10548));
#10548 = SURFACE_STYLE_USAGE(.BOTH.,#10549);
#10549 = SURFACE_SIDE_STYLE('',(#10550));
#10550 = SURFACE_STYLE_FILL_AREA(#10551);
#10551 = FILL_AREA_STYLE('',(#10552));
#10552 = FILL_AREA_STYLE_COLOUR('',#9271);
#10553 = OVER_RIDING_STYLED_ITEM('overriding color',(#10554),#7762,#8860
  );
#10554 = PRESENTATION_STYLE_ASSIGNMENT((#10555));
#10555 = SURFACE_STYLE_USAGE(.BOTH.,#10556);
#10556 = SURFACE_SIDE_STYLE('',(#10557));
#10557 = SURFACE_STYLE_FILL_AREA(#10558);
#10558 = FILL_AREA_STYLE('',(#10559));
#10559 = FILL_AREA_STYLE_COLOUR('',#9271);
#10560 = OVER_RIDING_STYLED_ITEM('overriding color',(#10561),#7790,#8860
  );
#10561 = PRESENTATION_STYLE_ASSIGNMENT((#10562));
#10562 = SURFACE_STYLE_USAGE(.BOTH.,#10563);
#10563 = SURFACE_SIDE_STYLE('',(#10564));
#10564 = SURFACE_STYLE_FILL_AREA(#10565);
#10565 = FILL_AREA_STYLE('',(#10566));
#10566 = FILL_AREA_STYLE_COLOUR('',#9271);
#10567 = OVER_RIDING_STYLED_ITEM('overriding color',(#10568),#7806,#8860
  );
#10568 = PRESENTATION_STYLE_ASSIGNMENT((#10569));
#10569 = SURFACE_STYLE_USAGE(.BOTH.,#10570);
#10570 = SURFACE_SIDE_STYLE('',(#10571));
#10571 = SURFACE_STYLE_FILL_AREA(#10572);
#10572 = FILL_AREA_STYLE('',(#10573));
#10573 = FILL_AREA_STYLE_COLOUR('',#8877);
#10574 = OVER_RIDING_STYLED_ITEM('overriding color',(#10575),#7820,#8860
  );
#10575 = PRESENTATION_STYLE_ASSIGNMENT((#10576));
#10576 = SURFACE_STYLE_USAGE(.BOTH.,#10577);
#10577 = SURFACE_SIDE_STYLE('',(#10578));
#10578 = SURFACE_STYLE_FILL_AREA(#10579);
#10579 = FILL_AREA_STYLE('',(#10580));
#10580 = FILL_AREA_STYLE_COLOUR('',#9271);
#10581 = OVER_RIDING_STYLED_ITEM('overriding color',(#10582),#8140,#8860
  );
#10582 = PRESENTATION_STYLE_ASSIGNMENT((#10583));
#10583 = SURFACE_STYLE_USAGE(.BOTH.,#10584);
#10584 = SURFACE_SIDE_STYLE('',(#10585));
#10585 = SURFACE_STYLE_FILL_AREA(#10586);
#10586 = FILL_AREA_STYLE('',(#10587));
#10587 = FILL_AREA_STYLE_COLOUR('',#9271);
#10588 = OVER_RIDING_STYLED_ITEM('overriding color',(#10589),#8164,#8860
  );
#10589 = PRESENTATION_STYLE_ASSIGNMENT((#10590));
#10590 = SURFACE_STYLE_USAGE(.BOTH.,#10591);
#10591 = SURFACE_SIDE_STYLE('',(#10592));
#10592 = SURFACE_STYLE_FILL_AREA(#10593);
#10593 = FILL_AREA_STYLE('',(#10594));
#10594 = FILL_AREA_STYLE_COLOUR('',#9271);
#10595 = OVER_RIDING_STYLED_ITEM('overriding color',(#10596),#8184,#8860
  );
#10596 = PRESENTATION_STYLE_ASSIGNMENT((#10597));
#10597 = SURFACE_STYLE_USAGE(.BOTH.,#10598);
#10598 = SURFACE_SIDE_STYLE('',(#10599));
#10599 = SURFACE_STYLE_FILL_AREA(#10600);
#10600 = FILL_AREA_STYLE('',(#10601));
#10601 = FILL_AREA_STYLE_COLOUR('',#9271);
#10602 = OVER_RIDING_STYLED_ITEM('overriding color',(#10603),#8204,#8860
  );
#10603 = PRESENTATION_STYLE_ASSIGNMENT((#10604));
#10604 = SURFACE_STYLE_USAGE(.BOTH.,#10605);
#10605 = SURFACE_SIDE_STYLE('',(#10606));
#10606 = SURFACE_STYLE_FILL_AREA(#10607);
#10607 = FILL_AREA_STYLE('',(#10608));
#10608 = FILL_AREA_STYLE_COLOUR('',#9271);
#10609 = OVER_RIDING_STYLED_ITEM('overriding color',(#10610),#8224,#8860
  );
#10610 = PRESENTATION_STYLE_ASSIGNMENT((#10611));
#10611 = SURFACE_STYLE_USAGE(.BOTH.,#10612);
#10612 = SURFACE_SIDE_STYLE('',(#10613));
#10613 = SURFACE_STYLE_FILL_AREA(#10614);
#10614 = FILL_AREA_STYLE('',(#10615));
#10615 = FILL_AREA_STYLE_COLOUR('',#9271);
#10616 = OVER_RIDING_STYLED_ITEM('overriding color',(#10617),#8244,#8860
  );
#10617 = PRESENTATION_STYLE_ASSIGNMENT((#10618));
#10618 = SURFACE_STYLE_USAGE(.BOTH.,#10619);
#10619 = SURFACE_SIDE_STYLE('',(#10620));
#10620 = SURFACE_STYLE_FILL_AREA(#10621);
#10621 = FILL_AREA_STYLE('',(#10622));
#10622 = FILL_AREA_STYLE_COLOUR('',#9271);
#10623 = OVER_RIDING_STYLED_ITEM('overriding color',(#10624),#8264,#8860
  );
#10624 = PRESENTATION_STYLE_ASSIGNMENT((#10625));
#10625 = SURFACE_STYLE_USAGE(.BOTH.,#10626);
#10626 = SURFACE_SIDE_STYLE('',(#10627));
#10627 = SURFACE_STYLE_FILL_AREA(#10628);
#10628 = FILL_AREA_STYLE('',(#10629));
#10629 = FILL_AREA_STYLE_COLOUR('',#9271);
#10630 = OVER_RIDING_STYLED_ITEM('overriding color',(#10631),#8284,#8860
  );
#10631 = PRESENTATION_STYLE_ASSIGNMENT((#10632));
#10632 = SURFACE_STYLE_USAGE(.BOTH.,#10633);
#10633 = SURFACE_SIDE_STYLE('',(#10634));
#10634 = SURFACE_STYLE_FILL_AREA(#10635);
#10635 = FILL_AREA_STYLE('',(#10636));
#10636 = FILL_AREA_STYLE_COLOUR('',#9271);
#10637 = OVER_RIDING_STYLED_ITEM('overriding color',(#10638),#8304,#8860
  );
#10638 = PRESENTATION_STYLE_ASSIGNMENT((#10639));
#10639 = SURFACE_STYLE_USAGE(.BOTH.,#10640);
#10640 = SURFACE_SIDE_STYLE('',(#10641));
#10641 = SURFACE_STYLE_FILL_AREA(#10642);
#10642 = FILL_AREA_STYLE('',(#10643));
#10643 = FILL_AREA_STYLE_COLOUR('',#9271);
#10644 = OVER_RIDING_STYLED_ITEM('overriding color',(#10645),#8324,#8860
  );
#10645 = PRESENTATION_STYLE_ASSIGNMENT((#10646));
#10646 = SURFACE_STYLE_USAGE(.BOTH.,#10647);
#10647 = SURFACE_SIDE_STYLE('',(#10648));
#10648 = SURFACE_STYLE_FILL_AREA(#10649);
#10649 = FILL_AREA_STYLE('',(#10650));
#10650 = FILL_AREA_STYLE_COLOUR('',#9271);
#10651 = OVER_RIDING_STYLED_ITEM('overriding color',(#10652),#8344,#8860
  );
#10652 = PRESENTATION_STYLE_ASSIGNMENT((#10653));
#10653 = SURFACE_STYLE_USAGE(.BOTH.,#10654);
#10654 = SURFACE_SIDE_STYLE('',(#10655));
#10655 = SURFACE_STYLE_FILL_AREA(#10656);
#10656 = FILL_AREA_STYLE('',(#10657));
#10657 = FILL_AREA_STYLE_COLOUR('',#9271);
#10658 = OVER_RIDING_STYLED_ITEM('overriding color',(#10659),#8364,#8860
  );
#10659 = PRESENTATION_STYLE_ASSIGNMENT((#10660));
#10660 = SURFACE_STYLE_USAGE(.BOTH.,#10661);
#10661 = SURFACE_SIDE_STYLE('',(#10662));
#10662 = SURFACE_STYLE_FILL_AREA(#10663);
#10663 = FILL_AREA_STYLE('',(#10664));
#10664 = FILL_AREA_STYLE_COLOUR('',#9271);
#10665 = OVER_RIDING_STYLED_ITEM('overriding color',(#10666),#8384,#8860
  );
#10666 = PRESENTATION_STYLE_ASSIGNMENT((#10667));
#10667 = SURFACE_STYLE_USAGE(.BOTH.,#10668);
#10668 = SURFACE_SIDE_STYLE('',(#10669));
#10669 = SURFACE_STYLE_FILL_AREA(#10670);
#10670 = FILL_AREA_STYLE('',(#10671));
#10671 = FILL_AREA_STYLE_COLOUR('',#9271);
#10672 = OVER_RIDING_STYLED_ITEM('overriding color',(#10673),#8400,#8860
  );
#10673 = PRESENTATION_STYLE_ASSIGNMENT((#10674));
#10674 = SURFACE_STYLE_USAGE(.BOTH.,#10675);
#10675 = SURFACE_SIDE_STYLE('',(#10676));
#10676 = SURFACE_STYLE_FILL_AREA(#10677);
#10677 = FILL_AREA_STYLE('',(#10678));
#10678 = FILL_AREA_STYLE_COLOUR('',#9271);
#10679 = OVER_RIDING_STYLED_ITEM('overriding color',(#10680),#8416,#8860
  );
#10680 = PRESENTATION_STYLE_ASSIGNMENT((#10681));
#10681 = SURFACE_STYLE_USAGE(.BOTH.,#10682);
#10682 = SURFACE_SIDE_STYLE('',(#10683));
#10683 = SURFACE_STYLE_FILL_AREA(#10684);
#10684 = FILL_AREA_STYLE('',(#10685));
#10685 = FILL_AREA_STYLE_COLOUR('',#9271);
#10686 = OVER_RIDING_STYLED_ITEM('overriding color',(#10687),#8432,#8860
  );
#10687 = PRESENTATION_STYLE_ASSIGNMENT((#10688));
#10688 = SURFACE_STYLE_USAGE(.BOTH.,#10689);
#10689 = SURFACE_SIDE_STYLE('',(#10690));
#10690 = SURFACE_STYLE_FILL_AREA(#10691);
#10691 = FILL_AREA_STYLE('',(#10692));
#10692 = FILL_AREA_STYLE_COLOUR('',#9271);
#10693 = OVER_RIDING_STYLED_ITEM('overriding color',(#10694),#8448,#8860
  );
#10694 = PRESENTATION_STYLE_ASSIGNMENT((#10695));
#10695 = SURFACE_STYLE_USAGE(.BOTH.,#10696);
#10696 = SURFACE_SIDE_STYLE('',(#10697));
#10697 = SURFACE_STYLE_FILL_AREA(#10698);
#10698 = FILL_AREA_STYLE('',(#10699));
#10699 = FILL_AREA_STYLE_COLOUR('',#9271);
#10700 = OVER_RIDING_STYLED_ITEM('overriding color',(#10701),#8468,#8860
  );
#10701 = PRESENTATION_STYLE_ASSIGNMENT((#10702));
#10702 = SURFACE_STYLE_USAGE(.BOTH.,#10703);
#10703 = SURFACE_SIDE_STYLE('',(#10704));
#10704 = SURFACE_STYLE_FILL_AREA(#10705);
#10705 = FILL_AREA_STYLE('',(#10706));
#10706 = FILL_AREA_STYLE_COLOUR('',#9271);
#10707 = OVER_RIDING_STYLED_ITEM('overriding color',(#10708),#8488,#8860
  );
#10708 = PRESENTATION_STYLE_ASSIGNMENT((#10709));
#10709 = SURFACE_STYLE_USAGE(.BOTH.,#10710);
#10710 = SURFACE_SIDE_STYLE('',(#10711));
#10711 = SURFACE_STYLE_FILL_AREA(#10712);
#10712 = FILL_AREA_STYLE('',(#10713));
#10713 = FILL_AREA_STYLE_COLOUR('',#9271);
#10714 = OVER_RIDING_STYLED_ITEM('overriding color',(#10715),#8508,#8860
  );
#10715 = PRESENTATION_STYLE_ASSIGNMENT((#10716));
#10716 = SURFACE_STYLE_USAGE(.BOTH.,#10717);
#10717 = SURFACE_SIDE_STYLE('',(#10718));
#10718 = SURFACE_STYLE_FILL_AREA(#10719);
#10719 = FILL_AREA_STYLE('',(#10720));
#10720 = FILL_AREA_STYLE_COLOUR('',#9271);
#10721 = OVER_RIDING_STYLED_ITEM('overriding color',(#10722),#8528,#8860
  );
#10722 = PRESENTATION_STYLE_ASSIGNMENT((#10723));
#10723 = SURFACE_STYLE_USAGE(.BOTH.,#10724);
#10724 = SURFACE_SIDE_STYLE('',(#10725));
#10725 = SURFACE_STYLE_FILL_AREA(#10726);
#10726 = FILL_AREA_STYLE('',(#10727));
#10727 = FILL_AREA_STYLE_COLOUR('',#9271);
#10728 = OVER_RIDING_STYLED_ITEM('overriding color',(#10729),#8548,#8860
  );
#10729 = PRESENTATION_STYLE_ASSIGNMENT((#10730));
#10730 = SURFACE_STYLE_USAGE(.BOTH.,#10731);
#10731 = SURFACE_SIDE_STYLE('',(#10732));
#10732 = SURFACE_STYLE_FILL_AREA(#10733);
#10733 = FILL_AREA_STYLE('',(#10734));
#10734 = FILL_AREA_STYLE_COLOUR('',#9271);
#10735 = OVER_RIDING_STYLED_ITEM('overriding color',(#10736),#8568,#8860
  );
#10736 = PRESENTATION_STYLE_ASSIGNMENT((#10737));
#10737 = SURFACE_STYLE_USAGE(.BOTH.,#10738);
#10738 = SURFACE_SIDE_STYLE('',(#10739));
#10739 = SURFACE_STYLE_FILL_AREA(#10740);
#10740 = FILL_AREA_STYLE('',(#10741));
#10741 = FILL_AREA_STYLE_COLOUR('',#9271);
#10742 = OVER_RIDING_STYLED_ITEM('overriding color',(#10743),#8588,#8860
  );
#10743 = PRESENTATION_STYLE_ASSIGNMENT((#10744));
#10744 = SURFACE_STYLE_USAGE(.BOTH.,#10745);
#10745 = SURFACE_SIDE_STYLE('',(#10746));
#10746 = SURFACE_STYLE_FILL_AREA(#10747);
#10747 = FILL_AREA_STYLE('',(#10748));
#10748 = FILL_AREA_STYLE_COLOUR('',#9271);
#10749 = OVER_RIDING_STYLED_ITEM('overriding color',(#10750),#8604,#8860
  );
#10750 = PRESENTATION_STYLE_ASSIGNMENT((#10751));
#10751 = SURFACE_STYLE_USAGE(.BOTH.,#10752);
#10752 = SURFACE_SIDE_STYLE('',(#10753));
#10753 = SURFACE_STYLE_FILL_AREA(#10754);
#10754 = FILL_AREA_STYLE('',(#10755));
#10755 = FILL_AREA_STYLE_COLOUR('',#9271);
#10756 = OVER_RIDING_STYLED_ITEM('overriding color',(#10757),#8624,#8860
  );
#10757 = PRESENTATION_STYLE_ASSIGNMENT((#10758));
#10758 = SURFACE_STYLE_USAGE(.BOTH.,#10759);
#10759 = SURFACE_SIDE_STYLE('',(#10760));
#10760 = SURFACE_STYLE_FILL_AREA(#10761);
#10761 = FILL_AREA_STYLE('',(#10762));
#10762 = FILL_AREA_STYLE_COLOUR('',#9271);
#10763 = OVER_RIDING_STYLED_ITEM('overriding color',(#10764),#8644,#8860
  );
#10764 = PRESENTATION_STYLE_ASSIGNMENT((#10765));
#10765 = SURFACE_STYLE_USAGE(.BOTH.,#10766);
#10766 = SURFACE_SIDE_STYLE('',(#10767));
#10767 = SURFACE_STYLE_FILL_AREA(#10768);
#10768 = FILL_AREA_STYLE('',(#10769));
#10769 = FILL_AREA_STYLE_COLOUR('',#9271);
#10770 = OVER_RIDING_STYLED_ITEM('overriding color',(#10771),#8660,#8860
  );
#10771 = PRESENTATION_STYLE_ASSIGNMENT((#10772));
#10772 = SURFACE_STYLE_USAGE(.BOTH.,#10773);
#10773 = SURFACE_SIDE_STYLE('',(#10774));
#10774 = SURFACE_STYLE_FILL_AREA(#10775);
#10775 = FILL_AREA_STYLE('',(#10776));
#10776 = FILL_AREA_STYLE_COLOUR('',#9271);
#10777 = OVER_RIDING_STYLED_ITEM('overriding color',(#10778),#8680,#8860
  );
#10778 = PRESENTATION_STYLE_ASSIGNMENT((#10779));
#10779 = SURFACE_STYLE_USAGE(.BOTH.,#10780);
#10780 = SURFACE_SIDE_STYLE('',(#10781));
#10781 = SURFACE_STYLE_FILL_AREA(#10782);
#10782 = FILL_AREA_STYLE('',(#10783));
#10783 = FILL_AREA_STYLE_COLOUR('',#9271);
#10784 = OVER_RIDING_STYLED_ITEM('overriding color',(#10785),#8700,#8860
  );
#10785 = PRESENTATION_STYLE_ASSIGNMENT((#10786));
#10786 = SURFACE_STYLE_USAGE(.BOTH.,#10787);
#10787 = SURFACE_SIDE_STYLE('',(#10788));
#10788 = SURFACE_STYLE_FILL_AREA(#10789);
#10789 = FILL_AREA_STYLE('',(#10790));
#10790 = FILL_AREA_STYLE_COLOUR('',#9271);
#10791 = OVER_RIDING_STYLED_ITEM('overriding color',(#10792),#8720,#8860
  );
#10792 = PRESENTATION_STYLE_ASSIGNMENT((#10793));
#10793 = SURFACE_STYLE_USAGE(.BOTH.,#10794);
#10794 = SURFACE_SIDE_STYLE('',(#10795));
#10795 = SURFACE_STYLE_FILL_AREA(#10796);
#10796 = FILL_AREA_STYLE('',(#10797));
#10797 = FILL_AREA_STYLE_COLOUR('',#9271);
#10798 = OVER_RIDING_STYLED_ITEM('overriding color',(#10799),#8736,#8860
  );
#10799 = PRESENTATION_STYLE_ASSIGNMENT((#10800));
#10800 = SURFACE_STYLE_USAGE(.BOTH.,#10801);
#10801 = SURFACE_SIDE_STYLE('',(#10802));
#10802 = SURFACE_STYLE_FILL_AREA(#10803);
#10803 = FILL_AREA_STYLE('',(#10804));
#10804 = FILL_AREA_STYLE_COLOUR('',#9271);
#10805 = OVER_RIDING_STYLED_ITEM('overriding color',(#10806),#8756,#8860
  );
#10806 = PRESENTATION_STYLE_ASSIGNMENT((#10807));
#10807 = SURFACE_STYLE_USAGE(.BOTH.,#10808);
#10808 = SURFACE_SIDE_STYLE('',(#10809));
#10809 = SURFACE_STYLE_FILL_AREA(#10810);
#10810 = FILL_AREA_STYLE('',(#10811));
#10811 = FILL_AREA_STYLE_COLOUR('',#9271);
#10812 = OVER_RIDING_STYLED_ITEM('overriding color',(#10813),#8772,#8860
  );
#10813 = PRESENTATION_STYLE_ASSIGNMENT((#10814));
#10814 = SURFACE_STYLE_USAGE(.BOTH.,#10815);
#10815 = SURFACE_SIDE_STYLE('',(#10816));
#10816 = SURFACE_STYLE_FILL_AREA(#10817);
#10817 = FILL_AREA_STYLE('',(#10818));
#10818 = FILL_AREA_STYLE_COLOUR('',#9271);
#10819 = OVER_RIDING_STYLED_ITEM('overriding color',(#10820),#8815,#8860
  );
#10820 = PRESENTATION_STYLE_ASSIGNMENT((#10821));
#10821 = SURFACE_STYLE_USAGE(.BOTH.,#10822);
#10822 = SURFACE_SIDE_STYLE('',(#10823));
#10823 = SURFACE_STYLE_FILL_AREA(#10824);
#10824 = FILL_AREA_STYLE('',(#10825));
#10825 = FILL_AREA_STYLE_COLOUR('',#9271);
#10826 = OVER_RIDING_STYLED_ITEM('overriding color',(#10827),#8843,#8860
  );
#10827 = PRESENTATION_STYLE_ASSIGNMENT((#10828));
#10828 = SURFACE_STYLE_USAGE(.BOTH.,#10829);
#10829 = SURFACE_SIDE_STYLE('',(#10830));
#10830 = SURFACE_STYLE_FILL_AREA(#10831);
#10831 = FILL_AREA_STYLE('',(#10832));
#10832 = FILL_AREA_STYLE_COLOUR('',#8877);
ENDSEC;
END-ISO-10303-21;
