ISO-10303-21;
HEADER;
FILE_DESCRIPTION(('Open CASCADE Model'),'2;1');
FILE_NAME('Open CASCADE Shape Model','2026-06-12T11:28:46',('Author'),(
    'Open CASCADE'),'Open CASCADE STEP processor 7.9','Open CASCADE 7.9'
  ,'Unknown');
FILE_SCHEMA(('AUTOMOTIVE_DESIGN { 1 0 10303 214 1 1 1 1 }'));
ENDSEC;
DATA;
#1 = APPLICATION_PROTOCOL_DEFINITION('international standard',
  'automotive_design',2000,#2);
#2 = APPLICATION_CONTEXT(
  'core data for automotive mechanical design processes');
#3 = SHAPE_DEFINITION_REPRESENTATION(#4,#10);
#4 = PRODUCT_DEFINITION_SHAPE('','',#5);
#5 = PRODUCT_DEFINITION('design','',#6,#9);
#6 = PRODUCT_DEFINITION_FORMATION('','',#7);
#7 = PRODUCT('SOLID','SOLID','',(#8));
#8 = PRODUCT_CONTEXT('',#2,'mechanical');
#9 = PRODUCT_DEFINITION_CONTEXT('part definition',#2,'design');
#10 = ADVANCED_BREP_SHAPE_REPRESENTATION('',(#11,#15),#10619);
#11 = AXIS2_PLACEMENT_3D('',#12,#13,#14);
#12 = CARTESIAN_POINT('',(0.,0.,0.));
#13 = DIRECTION('',(0.,0.,1.));
#14 = DIRECTION('',(1.,0.,-0.));
#15 = MANIFOLD_SOLID_BREP('',#16);
#16 = CLOSED_SHELL('',(#17,#65,#113,#139,#187,#235,#283,#320,#1492,#1955
    ,#2355,#2383,#2408,#2436,#2454,#2472,#2490,#2522,#2540,#2558,#2586,
    #2608,#2630,#2652,#2674,#2696,#2718,#2734,#2804,#2832,#2854,#2891,
    #2913,#2950,#2966,#2994,#3016,#3038,#3111,#3178,#3262,#3290,#3363,
    #3436,#3458,#3474,#3502,#3524,#3546,#3568,#3590,#3612,#3634,#3656,
    #3678,#3700,#3722,#3738,#3758,#3786,#3835,#3908,#3981,#4030,#4052,
    #4101,#4174,#4247,#4290,#4308,#4336,#4358,#4380,#4402,#4424,#4440,
    #4454,#4468,#4481,#4509,#4533,#4555,#4579,#4601,#4618,#4634,#4670,
    #4698,#4726,#4754,#4782,#4810,#4834,#4862,#4890,#4918,#4946,#4974,
    #5002,#5018,#5042,#5070,#5093,#5115,#5138,#5160,#5183,#5205,#5228,
    #5250,#5273,#5295,#5312,#5334,#5365,#5393,#5421,#5449,#5477,#5500,
    #5516,#5594,#5623,#5653,#5683,#5713,#5743,#5766,#5782,#5799,#5835,
    #5860,#5888,#5913,#5941,#5966,#5994,#6011,#6075,#6109,#6137,#6167,
    #6190,#6212,#6227,#6255,#6278,#6300,#6323,#6345,#6368,#6390,#6414,
    #6436,#6460,#6482,#6499,#6521,#6557,#6585,#6613,#6643,#6671,#6699,
    #6727,#6750,#6772,#6795,#6819,#6847,#6875,#6891,#6987,#7021,#7049,
    #7077,#7107,#7129,#7157,#7185,#7207,#7225,#7261,#7289,#7317,#7345,
    #7373,#7401,#7429,#7457,#7485,#7513,#7537,#7565,#7593,#7621,#7649,
    #7677,#7705,#7733,#7771,#7799,#7815,#7846,#7882,#7910,#7938,#7963,
    #7991,#8019,#8047,#8075,#8099,#8127,#8171,#8199,#8224,#8246,#8270,
    #8298,#8321,#8343,#8366,#8388,#8411,#8433,#8456,#8478,#8501,#8523,
    #8540,#8562,#8593,#8621,#8649,#8677,#8705,#8728,#8744,#8822,#8851,
    #8881,#8911,#8941,#8971,#8994,#9010,#9027,#9063,#9088,#9116,#9141,
    #9169,#9194,#9222,#9239,#9303,#9337,#9365,#9395,#9418,#9440,#9455,
    #9489,#9517,#9545,#9573,#9601,#9629,#9657,#9685,#9713,#9747,#9771,
    #9799,#9827,#9855,#9883,#9911,#9939,#9973,#10001,#10033,#10067,
    #10092,#10124,#10156,#10181,#10209,#10237,#10265,#10288,#10311,
    #10336,#10364,#10392,#10424,#10446,#10523,#10571,#10607));
#17 = ADVANCED_FACE('',(#18),#54,.F.);
#18 = FACE_BOUND('',#19,.F.);
#19 = EDGE_LOOP('',(#20,#29,#39,#46));
#20 = ORIENTED_EDGE('',*,*,#21,.T.);
#21 = EDGE_CURVE('',#22,#24,#26,.T.);
#22 = VERTEX_POINT('',#23);
#23 = CARTESIAN_POINT('',(1.295,0.,7.3300001));
#24 = VERTEX_POINT('',#25);
#25 = CARTESIAN_POINT('',(1.495,0.,7.5300001));
#26 = B_SPLINE_CURVE_WITH_KNOTS('',1,(#27,#28),.UNSPECIFIED.,.F.,.F.,(2,
    2),(0.,0.282842712475),.PIECEWISE_BEZIER_KNOTS.);
#27 = CARTESIAN_POINT('',(1.295,0.,7.3300001));
#28 = CARTESIAN_POINT('',(1.495,0.,7.5300001));
#29 = ORIENTED_EDGE('',*,*,#30,.T.);
#30 = EDGE_CURVE('',#24,#31,#33,.T.);
#31 = VERTEX_POINT('',#32);
#32 = CARTESIAN_POINT('',(-1.505,1.836970198721E-16,7.5300001));
#33 = ( BOUNDED_CURVE() B_SPLINE_CURVE(2,(#34,#35,#36,#37,#38),
.UNSPECIFIED.,.F.,.F.) B_SPLINE_CURVE_WITH_KNOTS((3,2,3),(0.,
1.570796326795,3.14159265359),.PIECEWISE_BEZIER_KNOTS.) CURVE() 
GEOMETRIC_REPRESENTATION_ITEM() RATIONAL_B_SPLINE_CURVE((1.,
0.707106781187,1.,0.707106781187,1.)) REPRESENTATION_ITEM('') );
#34 = CARTESIAN_POINT('',(1.495,0.,7.5300001));
#35 = CARTESIAN_POINT('',(1.495,-1.5,7.5300001));
#36 = CARTESIAN_POINT('',(-5.E-03,-1.5,7.5300001));
#37 = CARTESIAN_POINT('',(-1.505,-1.5,7.5300001));
#38 = CARTESIAN_POINT('',(-1.505,-1.836970198721E-16,7.5300001));
#39 = ORIENTED_EDGE('',*,*,#40,.F.);
#40 = EDGE_CURVE('',#41,#31,#43,.T.);
#41 = VERTEX_POINT('',#42);
#42 = CARTESIAN_POINT('',(-1.305,1.592040838892E-16,7.3300001));
#43 = B_SPLINE_CURVE_WITH_KNOTS('',1,(#44,#45),.UNSPECIFIED.,.F.,.F.,(2,
    2),(0.,0.282842712475),.PIECEWISE_BEZIER_KNOTS.);
#44 = CARTESIAN_POINT('',(-1.305,1.592040838892E-16,7.3300001));
#45 = CARTESIAN_POINT('',(-1.505,1.836970198721E-16,7.5300001));
#46 = ORIENTED_EDGE('',*,*,#47,.T.);
#47 = EDGE_CURVE('',#41,#22,#48,.T.);
#48 = ( BOUNDED_CURVE() B_SPLINE_CURVE(2,(#49,#50,#51,#52,#53),
.UNSPECIFIED.,.F.,.F.) B_SPLINE_CURVE_WITH_KNOTS((3,2,3),(3.14159265359,
4.712388980385,6.28318530718),.PIECEWISE_BEZIER_KNOTS.) CURVE() 
GEOMETRIC_REPRESENTATION_ITEM() RATIONAL_B_SPLINE_CURVE((1.,
0.707106781187,1.,0.707106781187,1.)) REPRESENTATION_ITEM('') );
#49 = CARTESIAN_POINT('',(-1.305,1.592040838892E-16,7.3300001));
#50 = CARTESIAN_POINT('',(-1.305,-1.3,7.3300001));
#51 = CARTESIAN_POINT('',(-5.E-03,-1.3,7.3300001));
#52 = CARTESIAN_POINT('',(1.295,-1.3,7.3300001));
#53 = CARTESIAN_POINT('',(1.295,-3.184081677783E-16,7.3300001));
#54 = ( BOUNDED_SURFACE() B_SPLINE_SURFACE(2,1,(
    (#55,#56)
    ,(#57,#58)
    ,(#59,#60)
    ,(#61,#62)
,(#63,#64
    )),.UNSPECIFIED.,.F.,.F.,.F.) B_SPLINE_SURFACE_WITH_KNOTS((3,2,3),(2
    ,2),(3.14159265359,4.712388980385,6.28318530718),(0.,0.282842712475)
,.PIECEWISE_BEZIER_KNOTS.) GEOMETRIC_REPRESENTATION_ITEM() 
RATIONAL_B_SPLINE_SURFACE((
    (1.,1.)
    ,(0.707106781187,0.707106781187)
    ,(1.,1.)
    ,(0.707106781187,0.707106781187)
,(1.,1.))) REPRESENTATION_ITEM('') SURFACE() );
#55 = CARTESIAN_POINT('',(-1.305,1.592040838892E-16,7.3300001));
#56 = CARTESIAN_POINT('',(-1.505,1.836970198721E-16,7.5300001));
#57 = CARTESIAN_POINT('',(-1.305,-1.3,7.3300001));
#58 = CARTESIAN_POINT('',(-1.505,-1.5,7.5300001));
#59 = CARTESIAN_POINT('',(-5.E-03,-1.3,7.3300001));
#60 = CARTESIAN_POINT('',(-5.E-03,-1.5,7.5300001));
#61 = CARTESIAN_POINT('',(1.295,-1.3,7.3300001));
#62 = CARTESIAN_POINT('',(1.495,-1.5,7.5300001));
#63 = CARTESIAN_POINT('',(1.295,-3.184081677783E-16,7.3300001));
#64 = CARTESIAN_POINT('',(1.495,-3.673940397442E-16,7.5300001));
#65 = ADVANCED_FACE('',(#66),#102,.F.);
#66 = FACE_BOUND('',#67,.F.);
#67 = EDGE_LOOP('',(#68,#77,#87,#94));
#68 = ORIENTED_EDGE('',*,*,#69,.T.);
#69 = EDGE_CURVE('',#70,#72,#74,.T.);
#70 = VERTEX_POINT('',#71);
#71 = CARTESIAN_POINT('',(-1.305,1.592040838892E-16,0.2000001));
#72 = VERTEX_POINT('',#73);
#73 = CARTESIAN_POINT('',(-1.505,0.,1.000000000584E-07));
#74 = B_SPLINE_CURVE_WITH_KNOTS('',1,(#75,#76),.UNSPECIFIED.,.F.,.F.,(2,
    2),(-0.282842712475,0.),.PIECEWISE_BEZIER_KNOTS.);
#75 = CARTESIAN_POINT('',(-1.305,0.,0.2000001));
#76 = CARTESIAN_POINT('',(-1.505,0.,1.000000000584E-07));
#77 = ORIENTED_EDGE('',*,*,#78,.T.);
#78 = EDGE_CURVE('',#72,#79,#81,.T.);
#79 = VERTEX_POINT('',#80);
#80 = CARTESIAN_POINT('',(1.495,1.836970198721E-16,1.000000000584E-07));
#81 = ( BOUNDED_CURVE() B_SPLINE_CURVE(2,(#82,#83,#84,#85,#86),
.UNSPECIFIED.,.F.,.F.) B_SPLINE_CURVE_WITH_KNOTS((3,2,3),(3.14159265359,
4.712388980385,6.28318530718),.PIECEWISE_BEZIER_KNOTS.) CURVE() 
GEOMETRIC_REPRESENTATION_ITEM() RATIONAL_B_SPLINE_CURVE((1.,
0.707106781187,1.,0.707106781187,1.)) REPRESENTATION_ITEM('') );
#82 = CARTESIAN_POINT('',(-1.505,1.836970198721E-16,1.000000000584E-07)
  );
#83 = CARTESIAN_POINT('',(-1.505,-1.5,1.000000000584E-07));
#84 = CARTESIAN_POINT('',(-5.E-03,-1.5,1.000000000584E-07));
#85 = CARTESIAN_POINT('',(1.495,-1.5,1.000000000584E-07));
#86 = CARTESIAN_POINT('',(1.495,-3.673940397442E-16,1.000000000584E-07)
  );
#87 = ORIENTED_EDGE('',*,*,#88,.F.);
#88 = EDGE_CURVE('',#89,#79,#91,.T.);
#89 = VERTEX_POINT('',#90);
#90 = CARTESIAN_POINT('',(1.295,0.,0.2000001));
#91 = B_SPLINE_CURVE_WITH_KNOTS('',1,(#92,#93),.UNSPECIFIED.,.F.,.F.,(2,
    2),(-0.282842712475,0.),.PIECEWISE_BEZIER_KNOTS.);
#92 = CARTESIAN_POINT('',(1.295,1.592040838892E-16,0.2000001));
#93 = CARTESIAN_POINT('',(1.495,1.836970198721E-16,1.000000000584E-07));
#94 = ORIENTED_EDGE('',*,*,#95,.T.);
#95 = EDGE_CURVE('',#89,#70,#96,.T.);
#96 = ( BOUNDED_CURVE() B_SPLINE_CURVE(2,(#97,#98,#99,#100,#101),
.UNSPECIFIED.,.F.,.F.) B_SPLINE_CURVE_WITH_KNOTS((3,2,3),(0.,
1.570796326795,3.14159265359),.PIECEWISE_BEZIER_KNOTS.) CURVE() 
GEOMETRIC_REPRESENTATION_ITEM() RATIONAL_B_SPLINE_CURVE((1.,
0.707106781187,1.,0.707106781187,1.)) REPRESENTATION_ITEM('') );
#97 = CARTESIAN_POINT('',(1.295,0.,0.2000001));
#98 = CARTESIAN_POINT('',(1.295,-1.3,0.2000001));
#99 = CARTESIAN_POINT('',(-5.E-03,-1.3,0.2000001));
#100 = CARTESIAN_POINT('',(-1.305,-1.3,0.2000001));
#101 = CARTESIAN_POINT('',(-1.305,-1.592040838892E-16,0.2000001));
#102 = ( BOUNDED_SURFACE() B_SPLINE_SURFACE(2,1,(
    (#103,#104)
    ,(#105,#106)
    ,(#107,#108)
    ,(#109,#110)
,(#111,#112
    )),.UNSPECIFIED.,.F.,.F.,.F.) B_SPLINE_SURFACE_WITH_KNOTS((3,2,3),(2
    ,2),(3.14159265359,4.712388980385,6.28318530718),(-0.282842712475,0.
),.PIECEWISE_BEZIER_KNOTS.) GEOMETRIC_REPRESENTATION_ITEM() 
RATIONAL_B_SPLINE_SURFACE((
    (1.,1.)
    ,(0.707106781187,0.707106781187)
    ,(1.,1.)
    ,(0.707106781187,0.707106781187)
,(1.,1.))) REPRESENTATION_ITEM('') SURFACE() );
#103 = CARTESIAN_POINT('',(1.295,1.592040838892E-16,0.2000001));
#104 = CARTESIAN_POINT('',(1.495,1.836970198721E-16,1.000000000584E-07)
  );
#105 = CARTESIAN_POINT('',(1.295,-1.3,0.2000001));
#106 = CARTESIAN_POINT('',(1.495,-1.5,1.000000000584E-07));
#107 = CARTESIAN_POINT('',(-5.E-03,-1.3,0.2000001));
#108 = CARTESIAN_POINT('',(-5.E-03,-1.5,1.000000000584E-07));
#109 = CARTESIAN_POINT('',(-1.305,-1.3,0.2000001));
#110 = CARTESIAN_POINT('',(-1.505,-1.5,1.000000000584E-07));
#111 = CARTESIAN_POINT('',(-1.305,-3.184081677783E-16,0.2000001));
#112 = CARTESIAN_POINT('',(-1.505,-3.673940397442E-16,1.000000000584E-07
    ));
#113 = ADVANCED_FACE('',(#114),#128,.F.);
#114 = FACE_BOUND('',#115,.F.);
#115 = EDGE_LOOP('',(#116,#121,#122,#127));
#116 = ORIENTED_EDGE('',*,*,#117,.T.);
#117 = EDGE_CURVE('',#89,#22,#118,.T.);
#118 = B_SPLINE_CURVE_WITH_KNOTS('',1,(#119,#120),.UNSPECIFIED.,.F.,.F.,
  (2,2),(0.2,7.33),.PIECEWISE_BEZIER_KNOTS.);
#119 = CARTESIAN_POINT('',(1.295,0.,0.2000001));
#120 = CARTESIAN_POINT('',(1.295,0.,7.3300001));
#121 = ORIENTED_EDGE('',*,*,#47,.F.);
#122 = ORIENTED_EDGE('',*,*,#123,.F.);
#123 = EDGE_CURVE('',#70,#41,#124,.T.);
#124 = B_SPLINE_CURVE_WITH_KNOTS('',1,(#125,#126),.UNSPECIFIED.,.F.,.F.,
  (2,2),(0.2,7.33),.PIECEWISE_BEZIER_KNOTS.);
#125 = CARTESIAN_POINT('',(-1.305,1.592040838892E-16,0.2000001));
#126 = CARTESIAN_POINT('',(-1.305,1.592040838892E-16,7.3300001));
#127 = ORIENTED_EDGE('',*,*,#95,.F.);
#128 = ( BOUNDED_SURFACE() B_SPLINE_SURFACE(2,1,(
    (#129,#130)
    ,(#131,#132)
    ,(#133,#134)
    ,(#135,#136)
,(#137,#138
    )),.UNSPECIFIED.,.F.,.F.,.F.) B_SPLINE_SURFACE_WITH_KNOTS((3,2,3),(2
    ,2),(3.14159265359,4.712388980385,6.28318530718),(0.2,7.33),
.PIECEWISE_BEZIER_KNOTS.) GEOMETRIC_REPRESENTATION_ITEM() 
RATIONAL_B_SPLINE_SURFACE((
    (1.,1.)
    ,(0.707106781187,0.707106781187)
    ,(1.,1.)
    ,(0.707106781187,0.707106781187)
,(1.,1.))) REPRESENTATION_ITEM('') SURFACE() );
#129 = CARTESIAN_POINT('',(-1.305,1.592040838892E-16,0.2000001));
#130 = CARTESIAN_POINT('',(-1.305,1.592040838892E-16,7.3300001));
#131 = CARTESIAN_POINT('',(-1.305,-1.3,0.2000001));
#132 = CARTESIAN_POINT('',(-1.305,-1.3,7.3300001));
#133 = CARTESIAN_POINT('',(-5.E-03,-1.3,0.2000001));
#134 = CARTESIAN_POINT('',(-5.E-03,-1.3,7.3300001));
#135 = CARTESIAN_POINT('',(1.295,-1.3,0.2000001));
#136 = CARTESIAN_POINT('',(1.295,-1.3,7.3300001));
#137 = CARTESIAN_POINT('',(1.295,-3.184081677783E-16,0.2000001));
#138 = CARTESIAN_POINT('',(1.295,-3.184081677783E-16,7.3300001));
#139 = ADVANCED_FACE('',(#140),#176,.T.);
#140 = FACE_BOUND('',#141,.T.);
#141 = EDGE_LOOP('',(#142,#154,#161,#171));
#142 = ORIENTED_EDGE('',*,*,#143,.F.);
#143 = EDGE_CURVE('',#144,#146,#148,.T.);
#144 = VERTEX_POINT('',#145);
#145 = CARTESIAN_POINT('',(-1.85,2.381938024342E-16,1.000000000584E-07)
  );
#146 = VERTEX_POINT('',#147);
#147 = CARTESIAN_POINT('',(1.84,0.,1.000000000584E-07));
#148 = ( BOUNDED_CURVE() B_SPLINE_CURVE(2,(#149,#150,#151,#152,#153),
.UNSPECIFIED.,.F.,.F.) B_SPLINE_CURVE_WITH_KNOTS((3,2,3),(3.14159265359,
4.712388980385,6.28318530718),.PIECEWISE_BEZIER_KNOTS.) CURVE() 
GEOMETRIC_REPRESENTATION_ITEM() RATIONAL_B_SPLINE_CURVE((1.,
0.707106781187,1.,0.707106781187,1.)) REPRESENTATION_ITEM('') );
#149 = CARTESIAN_POINT('',(-1.85,-2.259473344427E-16,1.000000000584E-07)
  );
#150 = CARTESIAN_POINT('',(-1.85,1.845,1.000000000584E-07));
#151 = CARTESIAN_POINT('',(-5.E-03,1.845,1.000000000584E-07));
#152 = CARTESIAN_POINT('',(1.84,1.845,1.000000000584E-07));
#153 = CARTESIAN_POINT('',(1.84,4.518946688854E-16,1.000000000584E-07));
#154 = ORIENTED_EDGE('',*,*,#155,.T.);
#155 = EDGE_CURVE('',#144,#156,#158,.T.);
#156 = VERTEX_POINT('',#157);
#157 = CARTESIAN_POINT('',(-2.05,2.504402704256E-16,0.2000001));
#158 = B_SPLINE_CURVE_WITH_KNOTS('',1,(#159,#160),.UNSPECIFIED.,.F.,.F.,
  (2,2),(-0.282842712475,0.),.PIECEWISE_BEZIER_KNOTS.);
#159 = CARTESIAN_POINT('',(-1.85,2.259473344427E-16,1.000000000584E-07)
  );
#160 = CARTESIAN_POINT('',(-2.05,2.504402704256E-16,0.2000001));
#161 = ORIENTED_EDGE('',*,*,#162,.F.);
#162 = EDGE_CURVE('',#163,#156,#165,.T.);
#163 = VERTEX_POINT('',#164);
#164 = CARTESIAN_POINT('',(2.04,0.,0.2000001));
#165 = ( BOUNDED_CURVE() B_SPLINE_CURVE(2,(#166,#167,#168,#169,#170),
.UNSPECIFIED.,.F.,.F.) B_SPLINE_CURVE_WITH_KNOTS((3,2,3),(0.,
1.570796326795,3.14159265359),.PIECEWISE_BEZIER_KNOTS.) CURVE() 
GEOMETRIC_REPRESENTATION_ITEM() RATIONAL_B_SPLINE_CURVE((1.,
0.707106781187,1.,0.707106781187,1.)) REPRESENTATION_ITEM('') );
#166 = CARTESIAN_POINT('',(2.04,0.,0.2000001));
#167 = CARTESIAN_POINT('',(2.04,2.045,0.2000001));
#168 = CARTESIAN_POINT('',(-5.E-03,2.045,0.2000001));
#169 = CARTESIAN_POINT('',(-2.05,2.045,0.2000001));
#170 = CARTESIAN_POINT('',(-2.05,2.504402704256E-16,0.2000001));
#171 = ORIENTED_EDGE('',*,*,#172,.F.);
#172 = EDGE_CURVE('',#146,#163,#173,.T.);
#173 = B_SPLINE_CURVE_WITH_KNOTS('',1,(#174,#175),.UNSPECIFIED.,.F.,.F.,
  (2,2),(-0.282842712475,0.),.PIECEWISE_BEZIER_KNOTS.);
#174 = CARTESIAN_POINT('',(1.84,0.,1.000000000584E-07));
#175 = CARTESIAN_POINT('',(2.04,0.,0.2000001));
#176 = ( BOUNDED_SURFACE() B_SPLINE_SURFACE(2,1,(
    (#177,#178)
    ,(#179,#180)
    ,(#181,#182)
    ,(#183,#184)
,(#185,#186
    )),.UNSPECIFIED.,.F.,.F.,.F.) B_SPLINE_SURFACE_WITH_KNOTS((3,2,3),(2
    ,2),(0.,1.570796326795,3.14159265359),(-0.282842712475,0.),
.PIECEWISE_BEZIER_KNOTS.) GEOMETRIC_REPRESENTATION_ITEM() 
RATIONAL_B_SPLINE_SURFACE((
    (1.,1.)
    ,(0.707106781187,0.707106781187)
    ,(1.,1.)
    ,(0.707106781187,0.707106781187)
,(1.,1.))) REPRESENTATION_ITEM('') SURFACE() );
#177 = CARTESIAN_POINT('',(1.84,0.,1.000000000584E-07));
#178 = CARTESIAN_POINT('',(2.04,0.,0.2000001));
#179 = CARTESIAN_POINT('',(1.84,1.845,1.000000000584E-07));
#180 = CARTESIAN_POINT('',(2.04,2.045,0.2000001));
#181 = CARTESIAN_POINT('',(-5.E-03,1.845,1.000000000584E-07));
#182 = CARTESIAN_POINT('',(-5.E-03,2.045,0.2000001));
#183 = CARTESIAN_POINT('',(-1.85,1.845,1.000000000584E-07));
#184 = CARTESIAN_POINT('',(-2.05,2.045,0.2000001));
#185 = CARTESIAN_POINT('',(-1.85,2.259473344427E-16,1.000000000584E-07)
  );
#186 = CARTESIAN_POINT('',(-2.05,2.504402704256E-16,0.2000001));
#187 = ADVANCED_FACE('',(#188),#224,.T.);
#188 = FACE_BOUND('',#189,.T.);
#189 = EDGE_LOOP('',(#190,#202,#209,#219));
#190 = ORIENTED_EDGE('',*,*,#191,.F.);
#191 = EDGE_CURVE('',#192,#194,#196,.T.);
#192 = VERTEX_POINT('',#193);
#193 = CARTESIAN_POINT('',(-2.585,3.282053421715E-16,1.5300001));
#194 = VERTEX_POINT('',#195);
#195 = CARTESIAN_POINT('',(2.575,0.,1.5300001));
#196 = ( BOUNDED_CURVE() B_SPLINE_CURVE(2,(#197,#198,#199,#200,#201),
.UNSPECIFIED.,.F.,.F.) B_SPLINE_CURVE_WITH_KNOTS((3,2,3),(3.14159265359,
4.712388980385,6.28318530718),.PIECEWISE_BEZIER_KNOTS.) CURVE() 
GEOMETRIC_REPRESENTATION_ITEM() RATIONAL_B_SPLINE_CURVE((1.,
0.707106781187,1.,0.707106781187,1.)) REPRESENTATION_ITEM('') );
#197 = CARTESIAN_POINT('',(-2.585,-3.1595887418E-16,1.5300001));
#198 = CARTESIAN_POINT('',(-2.585,2.58,1.5300001));
#199 = CARTESIAN_POINT('',(-5.000000000001E-03,2.58,1.5300001));
#200 = CARTESIAN_POINT('',(2.575,2.58,1.5300001));
#201 = CARTESIAN_POINT('',(2.575,6.3191774836E-16,1.5300001));
#202 = ORIENTED_EDGE('',*,*,#203,.T.);
#203 = EDGE_CURVE('',#192,#204,#206,.T.);
#204 = VERTEX_POINT('',#205);
#205 = CARTESIAN_POINT('',(-2.785,0.,1.7300001));
#206 = B_SPLINE_CURVE_WITH_KNOTS('',1,(#207,#208),.UNSPECIFIED.,.F.,.F.,
  (2,2),(-0.282842712475,-2.94816306867E-32),.PIECEWISE_BEZIER_KNOTS.);
#207 = CARTESIAN_POINT('',(-2.585,3.1595887418E-16,1.5300001));
#208 = CARTESIAN_POINT('',(-2.785,3.40451810163E-16,1.7300001));
#209 = ORIENTED_EDGE('',*,*,#210,.F.);
#210 = EDGE_CURVE('',#211,#204,#213,.T.);
#211 = VERTEX_POINT('',#212);
#212 = CARTESIAN_POINT('',(2.775,3.40451810163E-16,1.7300001));
#213 = ( BOUNDED_CURVE() B_SPLINE_CURVE(2,(#214,#215,#216,#217,#218),
.UNSPECIFIED.,.F.,.F.) B_SPLINE_CURVE_WITH_KNOTS((3,2,3),(0.,
1.570796326795,3.14159265359),.PIECEWISE_BEZIER_KNOTS.) CURVE() 
GEOMETRIC_REPRESENTATION_ITEM() RATIONAL_B_SPLINE_CURVE((1.,
0.707106781187,1.,0.707106781187,1.)) REPRESENTATION_ITEM('') );
#214 = CARTESIAN_POINT('',(2.775,0.,1.7300001));
#215 = CARTESIAN_POINT('',(2.775,2.78,1.7300001));
#216 = CARTESIAN_POINT('',(-5.E-03,2.78,1.7300001));
#217 = CARTESIAN_POINT('',(-2.785,2.78,1.7300001));
#218 = CARTESIAN_POINT('',(-2.785,3.40451810163E-16,1.7300001));
#219 = ORIENTED_EDGE('',*,*,#220,.F.);
#220 = EDGE_CURVE('',#194,#211,#221,.T.);
#221 = B_SPLINE_CURVE_WITH_KNOTS('',1,(#222,#223),.UNSPECIFIED.,.F.,.F.,
  (2,2),(-0.282842712475,0.),.PIECEWISE_BEZIER_KNOTS.);
#222 = CARTESIAN_POINT('',(2.575,0.,1.5300001));
#223 = CARTESIAN_POINT('',(2.775,0.,1.7300001));
#224 = ( BOUNDED_SURFACE() B_SPLINE_SURFACE(2,1,(
    (#225,#226)
    ,(#227,#228)
    ,(#229,#230)
    ,(#231,#232)
,(#233,#234
    )),.UNSPECIFIED.,.F.,.F.,.F.) B_SPLINE_SURFACE_WITH_KNOTS((3,2,3),(2
    ,2),(0.,1.570796326795,3.14159265359),(-0.282842712475,
    1.110223024625E-16),.PIECEWISE_BEZIER_KNOTS.) 
GEOMETRIC_REPRESENTATION_ITEM() RATIONAL_B_SPLINE_SURFACE((
    (1.,1.)
    ,(0.707106781187,0.707106781187)
    ,(1.,1.)
    ,(0.707106781187,0.707106781187)
,(1.,1.))) REPRESENTATION_ITEM('') SURFACE() );
#225 = CARTESIAN_POINT('',(2.575,0.,1.5300001));
#226 = CARTESIAN_POINT('',(2.775,0.,1.7300001));
#227 = CARTESIAN_POINT('',(2.575,2.58,1.5300001));
#228 = CARTESIAN_POINT('',(2.775,2.78,1.7300001));
#229 = CARTESIAN_POINT('',(-5.E-03,2.58,1.5300001));
#230 = CARTESIAN_POINT('',(-5.E-03,2.78,1.7300001));
#231 = CARTESIAN_POINT('',(-2.585,2.58,1.5300001));
#232 = CARTESIAN_POINT('',(-2.785,2.78,1.7300001));
#233 = CARTESIAN_POINT('',(-2.585,3.1595887418E-16,1.5300001));
#234 = CARTESIAN_POINT('',(-2.785,3.40451810163E-16,1.7300001));
#235 = ADVANCED_FACE('',(#236),#272,.T.);
#236 = FACE_BOUND('',#237,.T.);
#237 = EDGE_LOOP('',(#238,#250,#257,#267));
#238 = ORIENTED_EDGE('',*,*,#239,.F.);
#239 = EDGE_CURVE('',#240,#242,#244,.T.);
#240 = VERTEX_POINT('',#241);
#241 = CARTESIAN_POINT('',(2.575,3.282053421715E-16,7.5300001));
#242 = VERTEX_POINT('',#243);
#243 = CARTESIAN_POINT('',(-2.585,0.,7.5300001));
#244 = ( BOUNDED_CURVE() B_SPLINE_CURVE(2,(#245,#246,#247,#248,#249),
.UNSPECIFIED.,.F.,.F.) B_SPLINE_CURVE_WITH_KNOTS((3,2,3),(0.,
1.570796326795,3.14159265359),.PIECEWISE_BEZIER_KNOTS.) CURVE() 
GEOMETRIC_REPRESENTATION_ITEM() RATIONAL_B_SPLINE_CURVE((1.,
0.707106781187,1.,0.707106781187,1.)) REPRESENTATION_ITEM('') );
#245 = CARTESIAN_POINT('',(2.575,0.,7.5300001));
#246 = CARTESIAN_POINT('',(2.575,2.58,7.5300001));
#247 = CARTESIAN_POINT('',(-5.E-03,2.58,7.5300001));
#248 = CARTESIAN_POINT('',(-2.585,2.58,7.5300001));
#249 = CARTESIAN_POINT('',(-2.585,3.1595887418E-16,7.5300001));
#250 = ORIENTED_EDGE('',*,*,#251,.T.);
#251 = EDGE_CURVE('',#240,#252,#254,.T.);
#252 = VERTEX_POINT('',#253);
#253 = CARTESIAN_POINT('',(2.775,3.40451810163E-16,7.3300001));
#254 = B_SPLINE_CURVE_WITH_KNOTS('',1,(#255,#256),.UNSPECIFIED.,.F.,.F.,
  (2,2),(1.060490312471E-33,0.282842712475),.PIECEWISE_BEZIER_KNOTS.);
#255 = CARTESIAN_POINT('',(2.575,3.1595887418E-16,7.5300001));
#256 = CARTESIAN_POINT('',(2.775,3.40451810163E-16,7.3300001));
#257 = ORIENTED_EDGE('',*,*,#258,.F.);
#258 = EDGE_CURVE('',#259,#252,#261,.T.);
#259 = VERTEX_POINT('',#260);
#260 = CARTESIAN_POINT('',(-2.785,0.,7.3300001));
#261 = ( BOUNDED_CURVE() B_SPLINE_CURVE(2,(#262,#263,#264,#265,#266),
.UNSPECIFIED.,.F.,.F.) B_SPLINE_CURVE_WITH_KNOTS((3,2,3),(3.14159265359,
4.712388980385,6.28318530718),.PIECEWISE_BEZIER_KNOTS.) CURVE() 
GEOMETRIC_REPRESENTATION_ITEM() RATIONAL_B_SPLINE_CURVE((1.,
0.707106781187,1.,0.707106781187,1.)) REPRESENTATION_ITEM('') );
#262 = CARTESIAN_POINT('',(-2.785,-3.40451810163E-16,7.3300001));
#263 = CARTESIAN_POINT('',(-2.785,2.78,7.3300001));
#264 = CARTESIAN_POINT('',(-5.000000000001E-03,2.78,7.3300001));
#265 = CARTESIAN_POINT('',(2.775,2.78,7.3300001));
#266 = CARTESIAN_POINT('',(2.775,6.809036203259E-16,7.3300001));
#267 = ORIENTED_EDGE('',*,*,#268,.F.);
#268 = EDGE_CURVE('',#242,#259,#269,.T.);
#269 = B_SPLINE_CURVE_WITH_KNOTS('',1,(#270,#271),.UNSPECIFIED.,.F.,.F.,
  (2,2),(0.,0.282842712475),.PIECEWISE_BEZIER_KNOTS.);
#270 = CARTESIAN_POINT('',(-2.585,0.,7.5300001));
#271 = CARTESIAN_POINT('',(-2.785,0.,7.3300001));
#272 = ( BOUNDED_SURFACE() B_SPLINE_SURFACE(2,1,(
    (#273,#274)
    ,(#275,#276)
    ,(#277,#278)
    ,(#279,#280)
,(#281,#282
    )),.UNSPECIFIED.,.F.,.F.,.F.) B_SPLINE_SURFACE_WITH_KNOTS((3,2,3),(2
    ,2),(0.,1.570796326795,3.14159265359),(0.,0.282842712475),
.PIECEWISE_BEZIER_KNOTS.) GEOMETRIC_REPRESENTATION_ITEM() 
RATIONAL_B_SPLINE_SURFACE((
    (1.,1.)
    ,(0.707106781187,0.707106781187)
    ,(1.,1.)
    ,(0.707106781187,0.707106781187)
,(1.,1.))) REPRESENTATION_ITEM('') SURFACE() );
#273 = CARTESIAN_POINT('',(-2.585,0.,7.5300001));
#274 = CARTESIAN_POINT('',(-2.785,0.,7.3300001));
#275 = CARTESIAN_POINT('',(-2.585,2.58,7.5300001));
#276 = CARTESIAN_POINT('',(-2.785,2.78,7.3300001));
#277 = CARTESIAN_POINT('',(-5.E-03,2.58,7.5300001));
#278 = CARTESIAN_POINT('',(-5.E-03,2.78,7.3300001));
#279 = CARTESIAN_POINT('',(2.575,2.58,7.5300001));
#280 = CARTESIAN_POINT('',(2.775,2.78,7.3300001));
#281 = CARTESIAN_POINT('',(2.575,3.1595887418E-16,7.5300001));
#282 = CARTESIAN_POINT('',(2.775,3.40451810163E-16,7.3300001));
#283 = ADVANCED_FACE('',(#284),#309,.T.);
#284 = FACE_BOUND('',#285,.T.);
#285 = EDGE_LOOP('',(#286,#287,#294,#304));
#286 = ORIENTED_EDGE('',*,*,#162,.T.);
#287 = ORIENTED_EDGE('',*,*,#288,.T.);
#288 = EDGE_CURVE('',#156,#289,#291,.T.);
#289 = VERTEX_POINT('',#290);
#290 = CARTESIAN_POINT('',(-2.05,2.504402704256E-16,1.5300001));
#291 = B_SPLINE_CURVE_WITH_KNOTS('',1,(#292,#293),.UNSPECIFIED.,.F.,.F.,
  (2,2),(0.2,1.53),.PIECEWISE_BEZIER_KNOTS.);
#292 = CARTESIAN_POINT('',(-2.05,2.504402704256E-16,0.2000001));
#293 = CARTESIAN_POINT('',(-2.05,2.504402704256E-16,1.5300001));
#294 = ORIENTED_EDGE('',*,*,#295,.F.);
#295 = EDGE_CURVE('',#296,#289,#298,.T.);
#296 = VERTEX_POINT('',#297);
#297 = CARTESIAN_POINT('',(2.04,0.,1.5300001));
#298 = ( BOUNDED_CURVE() B_SPLINE_CURVE(2,(#299,#300,#301,#302,#303),
.UNSPECIFIED.,.F.,.F.) B_SPLINE_CURVE_WITH_KNOTS((3,2,3),(0.,
1.570796326795,3.14159265359),.PIECEWISE_BEZIER_KNOTS.) CURVE() 
GEOMETRIC_REPRESENTATION_ITEM() RATIONAL_B_SPLINE_CURVE((1.,
0.707106781187,1.,0.707106781187,1.)) REPRESENTATION_ITEM('') );
#299 = CARTESIAN_POINT('',(2.04,0.,1.5300001));
#300 = CARTESIAN_POINT('',(2.04,2.045,1.5300001));
#301 = CARTESIAN_POINT('',(-5.E-03,2.045,1.5300001));
#302 = CARTESIAN_POINT('',(-2.05,2.045,1.5300001));
#303 = CARTESIAN_POINT('',(-2.05,2.504402704256E-16,1.5300001));
#304 = ORIENTED_EDGE('',*,*,#305,.F.);
#305 = EDGE_CURVE('',#163,#296,#306,.T.);
#306 = B_SPLINE_CURVE_WITH_KNOTS('',1,(#307,#308),.UNSPECIFIED.,.F.,.F.,
  (2,2),(0.2,1.53),.PIECEWISE_BEZIER_KNOTS.);
#307 = CARTESIAN_POINT('',(2.04,0.,0.2000001));
#308 = CARTESIAN_POINT('',(2.04,0.,1.5300001));
#309 = ( BOUNDED_SURFACE() B_SPLINE_SURFACE(2,1,(
    (#310,#311)
    ,(#312,#313)
    ,(#314,#315)
    ,(#316,#317)
,(#318,#319
    )),.UNSPECIFIED.,.F.,.F.,.F.) B_SPLINE_SURFACE_WITH_KNOTS((3,2,3),(2
    ,2),(0.,1.570796326795,3.14159265359),(0.2,1.53),
.PIECEWISE_BEZIER_KNOTS.) GEOMETRIC_REPRESENTATION_ITEM() 
RATIONAL_B_SPLINE_SURFACE((
    (1.,1.)
    ,(0.707106781187,0.707106781187)
    ,(1.,1.)
    ,(0.707106781187,0.707106781187)
,(1.,1.))) REPRESENTATION_ITEM('') SURFACE() );
#310 = CARTESIAN_POINT('',(2.04,0.,0.2000001));
#311 = CARTESIAN_POINT('',(2.04,0.,1.5300001));
#312 = CARTESIAN_POINT('',(2.04,2.045,0.2000001));
#313 = CARTESIAN_POINT('',(2.04,2.045,1.5300001));
#314 = CARTESIAN_POINT('',(-5.E-03,2.045,0.2000001));
#315 = CARTESIAN_POINT('',(-5.E-03,2.045,1.5300001));
#316 = CARTESIAN_POINT('',(-2.05,2.045,0.2000001));
#317 = CARTESIAN_POINT('',(-2.05,2.045,1.5300001));
#318 = CARTESIAN_POINT('',(-2.05,2.504402704256E-16,0.2000001));
#319 = CARTESIAN_POINT('',(-2.05,2.504402704256E-16,1.5300001));
#320 = ADVANCED_FACE('',(#321,#445,#537,#598,#668,#788,#979,#1109,#1201,
    #1262,#1332),#1481,.T.);
#321 = FACE_BOUND('',#322,.T.);
#322 = EDGE_LOOP('',(#323,#334,#343,#350,#359,#368,#377,#386,#395,#404,
    #411,#420,#429,#438));
#323 = ORIENTED_EDGE('',*,*,#324,.F.);
#324 = EDGE_CURVE('',#325,#327,#329,.T.);
#325 = VERTEX_POINT('',#326);
#326 = CARTESIAN_POINT('',(2.767411487695,0.205267003916,2.829481343494)
  );
#327 = VERTEX_POINT('',#328);
#328 = CARTESIAN_POINT('',(2.770779463582,0.153128604637,2.850900356571)
  );
#329 = B_SPLINE_CURVE_WITH_KNOTS('',3,(#330,#331,#332,#333),
  .UNSPECIFIED.,.F.,.F.,(4,4),(0.,1.),.PIECEWISE_BEZIER_KNOTS.);
#330 = CARTESIAN_POINT('',(2.767411487695,0.205267003916,2.829481343494)
  );
#331 = CARTESIAN_POINT('',(2.769061055343,0.182987337868,2.830065900426)
  );
#332 = CARTESIAN_POINT('',(2.769917525065,0.168753061206,2.835239001277)
  );
#333 = CARTESIAN_POINT('',(2.770779463582,0.153128604637,2.850900356571)
  );
#334 = ORIENTED_EDGE('',*,*,#335,.F.);
#335 = EDGE_CURVE('',#336,#325,#338,.T.);
#336 = VERTEX_POINT('',#337);
#337 = CARTESIAN_POINT('',(2.763040191953,0.257591722952,2.843102172199)
  );
#338 = B_SPLINE_CURVE_WITH_KNOTS('',3,(#339,#340,#341,#342),
  .UNSPECIFIED.,.F.,.F.,(4,4),(0.,1.),.PIECEWISE_BEZIER_KNOTS.);
#339 = CARTESIAN_POINT('',(2.763040191953,0.257591722952,2.843102172199)
  );
#340 = CARTESIAN_POINT('',(2.764456633182,0.242370868001,2.834301862903)
  );
#341 = CARTESIAN_POINT('',(2.765955525416,0.224931764798,2.829761549471)
  );
#342 = CARTESIAN_POINT('',(2.767411487695,0.205267003916,2.829481343494)
  );
#343 = ORIENTED_EDGE('',*,*,#344,.F.);
#344 = EDGE_CURVE('',#345,#336,#347,.T.);
#345 = VERTEX_POINT('',#346);
#346 = CARTESIAN_POINT('',(2.763040191953,0.257591722952,2.817940030624)
  );
#347 = B_SPLINE_CURVE_WITH_KNOTS('',1,(#348,#349),.UNSPECIFIED.,.F.,.F.,
  (2,2),(0.,2.516214157531E-02),.PIECEWISE_BEZIER_KNOTS.);
#348 = CARTESIAN_POINT('',(2.763040191953,0.257591722952,2.817940030624)
  );
#349 = CARTESIAN_POINT('',(2.763040191953,0.257591722952,2.843102172199)
  );
#350 = ORIENTED_EDGE('',*,*,#351,.F.);
#351 = EDGE_CURVE('',#352,#345,#354,.T.);
#352 = VERTEX_POINT('',#353);
#353 = CARTESIAN_POINT('',(2.767689124434,0.201482056882,2.806086790378)
  );
#354 = B_SPLINE_CURVE_WITH_KNOTS('',3,(#355,#356,#357,#358),
  .UNSPECIFIED.,.F.,.F.,(4,4),(0.,1.),.PIECEWISE_BEZIER_KNOTS.);
#355 = CARTESIAN_POINT('',(2.767689124434,0.201482056882,2.806086790378)
  );
#356 = CARTESIAN_POINT('',(2.766092409183,0.223455204664,2.806330577805)
  );
#357 = CARTESIAN_POINT('',(2.764476790085,0.242154265089,2.810281726484)
  );
#358 = CARTESIAN_POINT('',(2.763040191953,0.257591722952,2.817940030624)
  );
#359 = ORIENTED_EDGE('',*,*,#360,.F.);
#360 = EDGE_CURVE('',#361,#352,#363,.T.);
#361 = VERTEX_POINT('',#362);
#362 = CARTESIAN_POINT('',(2.7718768713,0.131737776043,2.833848326744));
#363 = B_SPLINE_CURVE_WITH_KNOTS('',3,(#364,#365,#366,#367),
  .UNSPECIFIED.,.F.,.F.,(4,4),(0.,1.),.PIECEWISE_BEZIER_KNOTS.);
#364 = CARTESIAN_POINT('',(2.7718768713,0.131737776043,2.833848326744));
#365 = CARTESIAN_POINT('',(2.770932256318,0.151649145246,2.813590828949)
  );
#366 = CARTESIAN_POINT('',(2.769779304099,0.172718113751,2.806542317618)
  );
#367 = CARTESIAN_POINT('',(2.767689124434,0.201482056882,2.806086790378)
  );
#368 = ORIENTED_EDGE('',*,*,#369,.F.);
#369 = EDGE_CURVE('',#370,#361,#372,.T.);
#370 = VERTEX_POINT('',#371);
#371 = CARTESIAN_POINT('',(2.77299121166,0.105663749409,2.907359211427)
  );
#372 = B_SPLINE_CURVE_WITH_KNOTS('',3,(#373,#374,#375,#376),
  .UNSPECIFIED.,.F.,.F.,(4,4),(0.,1.),.PIECEWISE_BEZIER_KNOTS.);
#373 = CARTESIAN_POINT('',(2.77299121166,0.105663749409,2.907359211427)
  );
#374 = CARTESIAN_POINT('',(2.772974187663,0.106111324986,2.877567214769)
  );
#375 = CARTESIAN_POINT('',(2.772798600945,0.112308802761,2.855631879712)
  );
#376 = CARTESIAN_POINT('',(2.7718768713,0.131737776043,2.833848326744));
#377 = ORIENTED_EDGE('',*,*,#378,.F.);
#378 = EDGE_CURVE('',#379,#370,#381,.T.);
#379 = VERTEX_POINT('',#380);
#380 = CARTESIAN_POINT('',(2.771719738221,0.135009241802,2.986380813067)
  );
#381 = B_SPLINE_CURVE_WITH_KNOTS('',3,(#382,#383,#384,#385),
  .UNSPECIFIED.,.F.,.F.,(4,4),(0.,1.),.PIECEWISE_BEZIER_KNOTS.);
#382 = CARTESIAN_POINT('',(2.771719738221,0.135009241802,2.986380813067)
  );
#383 = CARTESIAN_POINT('',(2.772769626327,0.113416312407,2.963372740091)
  );
#384 = CARTESIAN_POINT('',(2.772973050954,0.106141210061,2.939511971932)
  );
#385 = CARTESIAN_POINT('',(2.77299121166,0.105663749409,2.907359211427)
  );
#386 = ORIENTED_EDGE('',*,*,#387,.F.);
#387 = EDGE_CURVE('',#388,#379,#390,.T.);
#388 = VERTEX_POINT('',#389);
#389 = CARTESIAN_POINT('',(2.767089541655,0.209569971718,3.016325841057)
  );
#390 = B_SPLINE_CURVE_WITH_KNOTS('',3,(#391,#392,#393,#394),
  .UNSPECIFIED.,.F.,.F.,(4,4),(0.,1.),.PIECEWISE_BEZIER_KNOTS.);
#391 = CARTESIAN_POINT('',(2.767089541655,0.209569971718,3.016325841057)
  );
#392 = CARTESIAN_POINT('',(2.769409096462,0.178888030178,3.015787767349)
  );
#393 = CARTESIAN_POINT('',(2.770662713532,0.156748948501,3.007707871441)
  );
#394 = CARTESIAN_POINT('',(2.771719738221,0.135009241802,2.986380813067)
  );
#395 = ORIENTED_EDGE('',*,*,#396,.F.);
#396 = EDGE_CURVE('',#397,#388,#399,.T.);
#397 = VERTEX_POINT('',#398);
#398 = CARTESIAN_POINT('',(2.763040191953,0.257591722952,3.008007777726)
  );
#399 = B_SPLINE_CURVE_WITH_KNOTS('',3,(#400,#401,#402,#403),
  .UNSPECIFIED.,.F.,.F.,(4,4),(0.,1.),.PIECEWISE_BEZIER_KNOTS.);
#400 = CARTESIAN_POINT('',(2.763040191953,0.257591722952,3.008007777726)
  );
#401 = CARTESIAN_POINT('',(2.76424987543,0.244592654323,3.013327191853)
  );
#402 = CARTESIAN_POINT('',(2.765651707232,0.228588945357,3.016099924086)
  );
#403 = CARTESIAN_POINT('',(2.767089541655,0.209569971718,3.016325841057)
  );
#404 = ORIENTED_EDGE('',*,*,#405,.F.);
#405 = EDGE_CURVE('',#406,#397,#408,.T.);
#406 = VERTEX_POINT('',#407);
#407 = CARTESIAN_POINT('',(2.763040191953,0.257591722952,2.980558168736)
  );
#408 = B_SPLINE_CURVE_WITH_KNOTS('',1,(#409,#410),.UNSPECIFIED.,.F.,.F.,
  (2,2),(0.,2.744960898998E-02),.PIECEWISE_BEZIER_KNOTS.);
#409 = CARTESIAN_POINT('',(2.763040191953,0.257591722952,2.980558168736)
  );
#410 = CARTESIAN_POINT('',(2.763040191953,0.257591722952,3.008007777726)
  );
#411 = ORIENTED_EDGE('',*,*,#412,.F.);
#412 = EDGE_CURVE('',#413,#406,#415,.T.);
#413 = VERTEX_POINT('',#414);
#414 = CARTESIAN_POINT('',(2.76706993403,0.209829170626,2.992619360564)
  );
#415 = B_SPLINE_CURVE_WITH_KNOTS('',3,(#416,#417,#418,#419),
  .UNSPECIFIED.,.F.,.F.,(4,4),(0.,1.),.PIECEWISE_BEZIER_KNOTS.);
#416 = CARTESIAN_POINT('',(2.76706993403,0.209829170626,2.992619360564)
  );
#417 = CARTESIAN_POINT('',(2.765760680496,0.227125823643,2.992304955305)
  );
#418 = CARTESIAN_POINT('',(2.764393855702,0.243045464941,2.988284541219)
  );
#419 = CARTESIAN_POINT('',(2.763040191953,0.257591722952,2.980558168736)
  );
#420 = ORIENTED_EDGE('',*,*,#421,.F.);
#421 = EDGE_CURVE('',#422,#413,#424,.T.);
#422 = VERTEX_POINT('',#423);
#423 = CARTESIAN_POINT('',(2.770701792301,0.154530127219,2.970056613781)
  );
#424 = B_SPLINE_CURVE_WITH_KNOTS('',3,(#425,#426,#427,#428),
  .UNSPECIFIED.,.F.,.F.,(4,4),(0.,1.),.PIECEWISE_BEZIER_KNOTS.);
#425 = CARTESIAN_POINT('',(2.770701792301,0.154530127219,2.970056613781)
  );
#426 = CARTESIAN_POINT('',(2.76979877803,0.170750254489,2.986341671895)
  );
#427 = CARTESIAN_POINT('',(2.768823169862,0.186667032008,2.99214308913)
  );
#428 = CARTESIAN_POINT('',(2.76706993403,0.209829170626,2.992619360564)
  );
#429 = ORIENTED_EDGE('',*,*,#430,.F.);
#430 = EDGE_CURVE('',#431,#422,#433,.T.);
#431 = VERTEX_POINT('',#432);
#432 = CARTESIAN_POINT('',(2.771807510211,0.13319178367,2.908918848302)
  );
#433 = B_SPLINE_CURVE_WITH_KNOTS('',3,(#434,#435,#436,#437),
  .UNSPECIFIED.,.F.,.F.,(4,4),(0.,1.),.PIECEWISE_BEZIER_KNOTS.);
#434 = CARTESIAN_POINT('',(2.771807510211,0.13319178367,2.908918848302)
  );
#435 = CARTESIAN_POINT('',(2.771786313914,0.133633688073,2.93415972718)
  );
#436 = CARTESIAN_POINT('',(2.771469011895,0.140749171738,2.954538936276)
  );
#437 = CARTESIAN_POINT('',(2.770701792301,0.154530127219,2.970056613781)
  );
#438 = ORIENTED_EDGE('',*,*,#439,.F.);
#439 = EDGE_CURVE('',#327,#431,#440,.T.);
#440 = B_SPLINE_CURVE_WITH_KNOTS('',3,(#441,#442,#443,#444),
  .UNSPECIFIED.,.F.,.F.,(4,4),(0.,1.),.PIECEWISE_BEZIER_KNOTS.);
#441 = CARTESIAN_POINT('',(2.770779463582,0.153128604637,2.850900356571)
  );
#442 = CARTESIAN_POINT('',(2.771616491388,0.137955707321,2.868450427209)
  );
#443 = CARTESIAN_POINT('',(2.77178828928,0.133592505266,2.885193417186)
  );
#444 = CARTESIAN_POINT('',(2.771807510211,0.13319178367,2.908918848302)
  );
#445 = FACE_BOUND('',#446,.T.);
#446 = EDGE_LOOP('',(#447,#457,#464,#472,#479,#487,#494,#502,#509,#517,
    #524,#532));
#447 = ORIENTED_EDGE('',*,*,#448,.T.);
#448 = EDGE_CURVE('',#449,#451,#453,.T.);
#449 = VERTEX_POINT('',#450);
#450 = CARTESIAN_POINT('',(2.746608154998,0.396298576012,2.901120663929)
  );
#451 = VERTEX_POINT('',#452);
#452 = CARTESIAN_POINT('',(2.756033402288,0.324182898145,2.901120663929)
  );
#453 = ( BOUNDED_CURVE() B_SPLINE_CURVE(2,(#454,#455,#456),
.UNSPECIFIED.,.F.,.F.) B_SPLINE_CURVE_WITH_KNOTS((3,3),(6.257023053134,
6.28318530718),.PIECEWISE_BEZIER_KNOTS.) CURVE() 
GEOMETRIC_REPRESENTATION_ITEM() RATIONAL_B_SPLINE_CURVE((1.,
0.999914443278,1.)) REPRESENTATION_ITEM('') );
#454 = CARTESIAN_POINT('',(2.746608154998,0.396298576012,2.901120663929)
  );
#455 = CARTESIAN_POINT('',(2.75179248272,0.360302387024,2.901120663929)
  );
#456 = CARTESIAN_POINT('',(2.756033402288,0.324182898145,2.901120663929)
  );
#457 = ORIENTED_EDGE('',*,*,#458,.F.);
#458 = EDGE_CURVE('',#459,#451,#461,.T.);
#459 = VERTEX_POINT('',#460);
#460 = CARTESIAN_POINT('',(2.756033402288,0.324182898145,2.832704593036)
  );
#461 = B_SPLINE_CURVE_WITH_KNOTS('',1,(#462,#463),.UNSPECIFIED.,.F.,.F.,
  (2,2),(0.,6.841607089332E-02),.PIECEWISE_BEZIER_KNOTS.);
#462 = CARTESIAN_POINT('',(2.756033402288,0.324182898145,2.832704593036)
  );
#463 = CARTESIAN_POINT('',(2.756033402288,0.324182898145,2.901120663929)
  );
#464 = ORIENTED_EDGE('',*,*,#465,.F.);
#465 = EDGE_CURVE('',#466,#459,#468,.T.);
#466 = VERTEX_POINT('',#467);
#467 = CARTESIAN_POINT('',(2.74510670215,0.406587169977,2.832704593036)
  );
#468 = ( BOUNDED_CURVE() B_SPLINE_CURVE(2,(#469,#470,#471),
.UNSPECIFIED.,.F.,.F.) B_SPLINE_CURVE_WITH_KNOTS((3,3),(6.253282916745,
6.28318530718),.PIECEWISE_BEZIER_KNOTS.) CURVE() 
GEOMETRIC_REPRESENTATION_ITEM() RATIONAL_B_SPLINE_CURVE((1.,
0.999888232963,1.)) REPRESENTATION_ITEM('') );
#469 = CARTESIAN_POINT('',(2.74510670215,0.406587169977,2.832704593036)
  );
#470 = CARTESIAN_POINT('',(2.751186119302,0.365466723762,2.832704593036)
  );
#471 = CARTESIAN_POINT('',(2.756033402288,0.324182898145,2.832704593036)
  );
#472 = ORIENTED_EDGE('',*,*,#473,.F.);
#473 = EDGE_CURVE('',#474,#466,#476,.T.);
#474 = VERTEX_POINT('',#475);
#475 = CARTESIAN_POINT('',(2.74510670215,0.406587169977,2.809517991502)
  );
#476 = B_SPLINE_CURVE_WITH_KNOTS('',1,(#477,#478),.UNSPECIFIED.,.F.,.F.,
  (2,2),(0.,2.318660153378E-02),.PIECEWISE_BEZIER_KNOTS.);
#477 = CARTESIAN_POINT('',(2.74510670215,0.406587169977,2.809517991502)
  );
#478 = CARTESIAN_POINT('',(2.74510670215,0.406587169977,2.832704593036)
  );
#479 = ORIENTED_EDGE('',*,*,#480,.T.);
#480 = EDGE_CURVE('',#474,#481,#483,.T.);
#481 = VERTEX_POINT('',#482);
#482 = CARTESIAN_POINT('',(2.758971767503,0.298094059726,2.809517991502)
  );
#483 = ( BOUNDED_CURVE() B_SPLINE_CURVE(2,(#484,#485,#486),
.UNSPECIFIED.,.F.,.F.) B_SPLINE_CURVE_WITH_KNOTS((3,3),(6.243839072361,
6.28318530718),.PIECEWISE_BEZIER_KNOTS.) CURVE() 
GEOMETRIC_REPRESENTATION_ITEM() RATIONAL_B_SPLINE_CURVE((1.,
0.999806490467,1.)) REPRESENTATION_ITEM('') );
#484 = CARTESIAN_POINT('',(2.74510670215,0.406587169977,2.809517991502)
  );
#485 = CARTESIAN_POINT('',(2.753106571376,0.352477016979,2.809517991502)
  );
#486 = CARTESIAN_POINT('',(2.758971767503,0.298094059726,2.809517991502)
  );
#487 = ORIENTED_EDGE('',*,*,#488,.F.);
#488 = EDGE_CURVE('',#489,#481,#491,.T.);
#489 = VERTEX_POINT('',#490);
#490 = CARTESIAN_POINT('',(2.758971767503,0.298094059726,3.012894639933)
  );
#491 = B_SPLINE_CURVE_WITH_KNOTS('',1,(#492,#493),.UNSPECIFIED.,.F.,.F.,
  (2,2),(-8.881784197001E-16,0.203376648431),.PIECEWISE_BEZIER_KNOTS.);
#492 = CARTESIAN_POINT('',(2.758971767503,0.298094059726,3.012894639933)
  );
#493 = CARTESIAN_POINT('',(2.758971767503,0.298094059726,2.809517991502)
  );
#494 = ORIENTED_EDGE('',*,*,#495,.F.);
#495 = EDGE_CURVE('',#496,#489,#498,.T.);
#496 = VERTEX_POINT('',#497);
#497 = CARTESIAN_POINT('',(2.745779600512,0.402009439451,3.012894639933)
  );
#498 = ( BOUNDED_CURVE() B_SPLINE_CURVE(2,(#499,#500,#501),
.UNSPECIFIED.,.F.,.F.) B_SPLINE_CURVE_WITH_KNOTS((3,3),(6.245503433054,
6.28318530718),.PIECEWISE_BEZIER_KNOTS.) CURVE() 
GEOMETRIC_REPRESENTATION_ITEM() RATIONAL_B_SPLINE_CURVE((1.,
0.999822514796,1.)) REPRESENTATION_ITEM('') );
#499 = CARTESIAN_POINT('',(2.745779600512,0.402009439451,3.012894639933)
  );
#500 = CARTESIAN_POINT('',(2.753354731423,0.35017604069,3.012894639933)
  );
#501 = CARTESIAN_POINT('',(2.758971767503,0.298094059726,3.012894639933)
  );
#502 = ORIENTED_EDGE('',*,*,#503,.F.);
#503 = EDGE_CURVE('',#504,#496,#506,.T.);
#504 = VERTEX_POINT('',#505);
#505 = CARTESIAN_POINT('',(2.745779600512,0.402009439451,2.989500086816)
  );
#506 = B_SPLINE_CURVE_WITH_KNOTS('',1,(#507,#508),.UNSPECIFIED.,.F.,.F.,
  (2,2),(0.,2.339455311681E-02),.PIECEWISE_BEZIER_KNOTS.);
#507 = CARTESIAN_POINT('',(2.745779600512,0.402009439451,2.989500086816)
  );
#508 = CARTESIAN_POINT('',(2.745779600512,0.402009439451,3.012894639933)
  );
#509 = ORIENTED_EDGE('',*,*,#510,.T.);
#510 = EDGE_CURVE('',#504,#511,#513,.T.);
#511 = VERTEX_POINT('',#512);
#512 = CARTESIAN_POINT('',(2.756033402288,0.324182898145,2.989500086816)
  );
#513 = ( BOUNDED_CURVE() B_SPLINE_CURVE(2,(#514,#515,#516),
.UNSPECIFIED.,.F.,.F.) B_SPLINE_CURVE_WITH_KNOTS((3,3),(6.254947277438,
6.28318530718),.PIECEWISE_BEZIER_KNOTS.) CURVE() 
GEOMETRIC_REPRESENTATION_ITEM() RATIONAL_B_SPLINE_CURVE((1.,
0.999900328365,1.)) REPRESENTATION_ITEM('') );
#514 = CARTESIAN_POINT('',(2.745779600512,0.402009439451,2.989500086816)
  );
#515 = CARTESIAN_POINT('',(2.751455954958,0.363168560398,2.989500086816)
  );
#516 = CARTESIAN_POINT('',(2.756033402288,0.324182898145,2.989500086816)
  );
#517 = ORIENTED_EDGE('',*,*,#518,.F.);
#518 = EDGE_CURVE('',#519,#511,#521,.T.);
#519 = VERTEX_POINT('',#520);
#520 = CARTESIAN_POINT('',(2.756033402288,0.324182898145,2.924411241254)
  );
#521 = B_SPLINE_CURVE_WITH_KNOTS('',1,(#522,#523),.UNSPECIFIED.,.F.,.F.,
  (2,2),(0.,6.508884556212E-02),.PIECEWISE_BEZIER_KNOTS.);
#522 = CARTESIAN_POINT('',(2.756033402288,0.324182898145,2.924411241254)
  );
#523 = CARTESIAN_POINT('',(2.756033402288,0.324182898145,2.989500086816)
  );
#524 = ORIENTED_EDGE('',*,*,#525,.F.);
#525 = EDGE_CURVE('',#526,#519,#528,.T.);
#526 = VERTEX_POINT('',#527);
#527 = CARTESIAN_POINT('',(2.746608154998,0.396298576012,2.924411241254)
  );
#528 = ( BOUNDED_CURVE() B_SPLINE_CURVE(2,(#529,#530,#531),
.UNSPECIFIED.,.F.,.F.) B_SPLINE_CURVE_WITH_KNOTS((3,3),(6.257023053134,
6.28318530718),.PIECEWISE_BEZIER_KNOTS.) CURVE() 
GEOMETRIC_REPRESENTATION_ITEM() RATIONAL_B_SPLINE_CURVE((1.,
0.999914443278,1.)) REPRESENTATION_ITEM('') );
#529 = CARTESIAN_POINT('',(2.746608154998,0.396298576012,2.924411241254)
  );
#530 = CARTESIAN_POINT('',(2.75179248272,0.360302387024,2.924411241254)
  );
#531 = CARTESIAN_POINT('',(2.756033402288,0.324182898145,2.924411241254)
  );
#532 = ORIENTED_EDGE('',*,*,#533,.F.);
#533 = EDGE_CURVE('',#449,#526,#534,.T.);
#534 = B_SPLINE_CURVE_WITH_KNOTS('',1,(#535,#536),.UNSPECIFIED.,.F.,.F.,
  (2,2),(0.,2.32905773253E-02),.PIECEWISE_BEZIER_KNOTS.);
#535 = CARTESIAN_POINT('',(2.746608154998,0.396298576012,2.901120663929)
  );
#536 = CARTESIAN_POINT('',(2.746608154998,0.396298576012,2.924411241254)
  );
#537 = FACE_BOUND('',#538,.T.);
#538 = EDGE_LOOP('',(#539,#548,#556,#565,#574,#583,#592));
#539 = ORIENTED_EDGE('',*,*,#540,.F.);
#540 = EDGE_CURVE('',#541,#543,#545,.T.);
#541 = VERTEX_POINT('',#542);
#542 = CARTESIAN_POINT('',(2.739225312915,0.444553069898,3.012894639933)
  );
#543 = VERTEX_POINT('',#544);
#544 = CARTESIAN_POINT('',(2.739225312915,0.444553069898,2.809517991502)
  );
#545 = B_SPLINE_CURVE_WITH_KNOTS('',1,(#546,#547),.UNSPECIFIED.,.F.,.F.,
  (2,2),(0.,0.203376648431),.PIECEWISE_BEZIER_KNOTS.);
#546 = CARTESIAN_POINT('',(2.739225312915,0.444553069898,3.012894639933)
  );
#547 = CARTESIAN_POINT('',(2.739225312915,0.444553069898,2.809517991502)
  );
#548 = ORIENTED_EDGE('',*,*,#549,.F.);
#549 = EDGE_CURVE('',#550,#541,#552,.T.);
#550 = VERTEX_POINT('',#551);
#551 = CARTESIAN_POINT('',(2.729350571932,0.501723977679,3.012894639933)
  );
#552 = ( BOUNDED_CURVE() B_SPLINE_CURVE(2,(#553,#554,#555),
.UNSPECIFIED.,.F.,.F.) B_SPLINE_CURVE_WITH_KNOTS((3,3),(6.262315346125,
6.28318530718),.PIECEWISE_BEZIER_KNOTS.) CURVE() 
GEOMETRIC_REPRESENTATION_ITEM() RATIONAL_B_SPLINE_CURVE((1.,
0.999945556085,1.)) REPRESENTATION_ITEM('') );
#553 = CARTESIAN_POINT('',(2.729350571932,0.501723977679,3.012894639933)
  );
#554 = CARTESIAN_POINT('',(2.734586241905,0.473190047023,3.012894639933)
  );
#555 = CARTESIAN_POINT('',(2.739225312915,0.444553069898,3.012894639933)
  );
#556 = ORIENTED_EDGE('',*,*,#557,.F.);
#557 = EDGE_CURVE('',#558,#550,#560,.T.);
#558 = VERTEX_POINT('',#559);
#559 = CARTESIAN_POINT('',(2.71442970665,0.577149955027,2.985964909901)
  );
#560 = B_SPLINE_CURVE_WITH_KNOTS('',3,(#561,#562,#563,#564),
  .UNSPECIFIED.,.F.,.F.,(4,4),(0.,1.),.PIECEWISE_BEZIER_KNOTS.);
#561 = CARTESIAN_POINT('',(2.71442970665,0.577149955027,2.985964909901)
  );
#562 = CARTESIAN_POINT('',(2.718730306131,0.556886281986,3.003475252439)
  );
#563 = CARTESIAN_POINT('',(2.723837875243,0.531767679027,3.012452026656)
  );
#564 = CARTESIAN_POINT('',(2.729350571932,0.501723977679,3.012894639933)
  );
#565 = ORIENTED_EDGE('',*,*,#566,.F.);
#566 = EDGE_CURVE('',#567,#558,#569,.T.);
#567 = VERTEX_POINT('',#568);
#568 = CARTESIAN_POINT('',(2.707896383657,0.607118778775,2.913805710509)
  );
#569 = B_SPLINE_CURVE_WITH_KNOTS('',3,(#570,#571,#572,#573),
  .UNSPECIFIED.,.F.,.F.,(4,4),(0.,1.),.PIECEWISE_BEZIER_KNOTS.);
#570 = CARTESIAN_POINT('',(2.707896383657,0.607118778775,2.913805710509)
  );
#571 = CARTESIAN_POINT('',(2.708014844957,0.606589437165,2.944086948305)
  );
#572 = CARTESIAN_POINT('',(2.709849971077,0.598728868544,2.965714631958)
  );
#573 = CARTESIAN_POINT('',(2.71442970665,0.577149955027,2.985964909901)
  );
#574 = ORIENTED_EDGE('',*,*,#575,.F.);
#575 = EDGE_CURVE('',#576,#567,#578,.T.);
#576 = VERTEX_POINT('',#577);
#577 = CARTESIAN_POINT('',(2.71442970665,0.577149955027,2.838007358408)
  );
#578 = B_SPLINE_CURVE_WITH_KNOTS('',3,(#579,#580,#581,#582),
  .UNSPECIFIED.,.F.,.F.,(4,4),(0.,1.),.PIECEWISE_BEZIER_KNOTS.);
#579 = CARTESIAN_POINT('',(2.71442970665,0.577149955027,2.838007358408)
  );
#580 = CARTESIAN_POINT('',(2.709817300354,0.59888280728,2.859629965435)
  );
#581 = CARTESIAN_POINT('',(2.70800737534,0.606622814977,2.882416545578)
  );
#582 = CARTESIAN_POINT('',(2.707896383657,0.607118778775,2.913805710509)
  );
#583 = ORIENTED_EDGE('',*,*,#584,.F.);
#584 = EDGE_CURVE('',#585,#576,#587,.T.);
#585 = VERTEX_POINT('',#586);
#586 = CARTESIAN_POINT('',(2.729725110122,0.499678468685,2.809517991502)
  );
#587 = B_SPLINE_CURVE_WITH_KNOTS('',3,(#588,#589,#590,#591),
  .UNSPECIFIED.,.F.,.F.,(4,4),(0.,1.),.PIECEWISE_BEZIER_KNOTS.);
#588 = CARTESIAN_POINT('',(2.729725110122,0.499678468685,2.809517991502)
  );
#589 = CARTESIAN_POINT('',(2.72399346879,0.531047567927,2.810013529301)
  );
#590 = CARTESIAN_POINT('',(2.719269262394,0.554346814281,2.817151792214)
  );
#591 = CARTESIAN_POINT('',(2.71442970665,0.577149955027,2.838007358408)
  );
#592 = ORIENTED_EDGE('',*,*,#593,.T.);
#593 = EDGE_CURVE('',#585,#543,#594,.T.);
#594 = ( BOUNDED_CURVE() B_SPLINE_CURVE(2,(#595,#596,#597),
.UNSPECIFIED.,.F.,.F.) B_SPLINE_CURVE_WITH_KNOTS((3,3),(6.263063373403,
6.28318530718),.PIECEWISE_BEZIER_KNOTS.) CURVE() 
GEOMETRIC_REPRESENTATION_ITEM() RATIONAL_B_SPLINE_CURVE((1.,0.9999493889
,1.)) REPRESENTATION_ITEM('') );
#595 = CARTESIAN_POINT('',(2.729725110122,0.499678468685,2.809517991502)
  );
#596 = CARTESIAN_POINT('',(2.734752528282,0.472163561517,2.809517991502)
  );
#597 = CARTESIAN_POINT('',(2.739225312915,0.444553069898,2.809517991502)
  );
#598 = FACE_BOUND('',#599,.T.);
#599 = EDGE_LOOP('',(#600,#610,#619,#627,#636,#644,#653,#661));
#600 = ORIENTED_EDGE('',*,*,#601,.T.);
#601 = EDGE_CURVE('',#602,#604,#606,.T.);
#602 = VERTEX_POINT('',#603);
#603 = CARTESIAN_POINT('',(2.698812787845,0.646371726086,2.809517991502)
  );
#604 = VERTEX_POINT('',#605);
#605 = CARTESIAN_POINT('',(2.705410335659,0.618122813323,2.809517991502)
  );
#606 = ( BOUNDED_CURVE() B_SPLINE_CURVE(2,(#607,#608,#609),
.UNSPECIFIED.,.F.,.F.) B_SPLINE_CURVE_WITH_KNOTS((3,3),(6.272750326653,
6.28318530718),.PIECEWISE_BEZIER_KNOTS.) CURVE() 
GEOMETRIC_REPRESENTATION_ITEM() RATIONAL_B_SPLINE_CURVE((1.,
0.999986388929,1.)) REPRESENTATION_ITEM('') );
#607 = CARTESIAN_POINT('',(2.698812787845,0.646371726086,2.809517991502)
  );
#608 = CARTESIAN_POINT('',(2.702185256635,0.632264481182,2.809517991502)
  );
#609 = CARTESIAN_POINT('',(2.705410335659,0.618122813323,2.809517991502)
  );
#610 = ORIENTED_EDGE('',*,*,#611,.F.);
#611 = EDGE_CURVE('',#612,#604,#614,.T.);
#612 = VERTEX_POINT('',#613);
#613 = CARTESIAN_POINT('',(2.687137062449,0.693396017431,3.012894639933)
  );
#614 = B_SPLINE_CURVE_WITH_KNOTS('',3,(#615,#616,#617,#618),
  .UNSPECIFIED.,.F.,.F.,(4,4),(0.,1.),.PIECEWISE_BEZIER_KNOTS.);
#615 = CARTESIAN_POINT('',(2.687137062449,0.693396017431,3.012894639933)
  );
#616 = CARTESIAN_POINT('',(2.693577328396,0.668391433886,2.94510242363)
  );
#617 = CARTESIAN_POINT('',(2.699669207638,0.643297119128,2.877310207805)
  );
#618 = CARTESIAN_POINT('',(2.705410335659,0.618122813323,2.809517991502)
  );
#619 = ORIENTED_EDGE('',*,*,#620,.F.);
#620 = EDGE_CURVE('',#621,#612,#623,.T.);
#621 = VERTEX_POINT('',#622);
#622 = CARTESIAN_POINT('',(2.67999774621,0.720546391877,3.012894639933)
  );
#623 = ( BOUNDED_CURVE() B_SPLINE_CURVE(2,(#624,#625,#626),
.UNSPECIFIED.,.F.,.F.) B_SPLINE_CURVE_WITH_KNOTS((3,3),(6.273086938928,
6.28318530718),.PIECEWISE_BEZIER_KNOTS.) CURVE() 
GEOMETRIC_REPRESENTATION_ITEM() RATIONAL_B_SPLINE_CURVE((1.,
0.999987252897,1.)) REPRESENTATION_ITEM('') );
#624 = CARTESIAN_POINT('',(2.67999774621,0.720546391877,3.012894639933)
  );
#625 = CARTESIAN_POINT('',(2.683635948532,0.706989228668,3.012894639933)
  );
#626 = CARTESIAN_POINT('',(2.687137062449,0.693396017431,3.012894639933)
  );
#627 = ORIENTED_EDGE('',*,*,#628,.F.);
#628 = EDGE_CURVE('',#629,#621,#631,.T.);
#629 = VERTEX_POINT('',#630);
#630 = CARTESIAN_POINT('',(2.658880774615,0.795071832375,2.809517991502)
  );
#631 = B_SPLINE_CURVE_WITH_KNOTS('',3,(#632,#633,#634,#635),
  .UNSPECIFIED.,.F.,.F.,(4,4),(0.,1.),.PIECEWISE_BEZIER_KNOTS.);
#632 = CARTESIAN_POINT('',(2.658880774615,0.795071832375,2.809517991502)
  );
#633 = CARTESIAN_POINT('',(2.666265406079,0.770329693383,2.877310207805)
  );
#634 = CARTESIAN_POINT('',(2.673305307439,0.745484665414,2.94510242363)
  );
#635 = CARTESIAN_POINT('',(2.67999774621,0.720546391877,3.012894639933)
  );
#636 = ORIENTED_EDGE('',*,*,#637,.T.);
#637 = EDGE_CURVE('',#629,#638,#640,.T.);
#638 = VERTEX_POINT('',#639);
#639 = CARTESIAN_POINT('',(2.667032151038,0.767231506012,2.809517991502)
  );
#640 = ( BOUNDED_CURVE() B_SPLINE_CURVE(2,(#641,#642,#643),
.UNSPECIFIED.,.F.,.F.) B_SPLINE_CURVE_WITH_KNOTS((3,3),(6.272750326652,
6.28318530718),.PIECEWISE_BEZIER_KNOTS.) CURVE() 
GEOMETRIC_REPRESENTATION_ITEM() RATIONAL_B_SPLINE_CURVE((1.,
0.999986388929,1.)) REPRESENTATION_ITEM('') );
#641 = CARTESIAN_POINT('',(2.658880774615,0.795071832375,2.809517991502)
  );
#642 = CARTESIAN_POINT('',(2.663029091802,0.78117293425,2.809517991502)
  );
#643 = CARTESIAN_POINT('',(2.667032151038,0.767231506012,2.809517991502)
  );
#644 = ORIENTED_EDGE('',*,*,#645,.F.);
#645 = EDGE_CURVE('',#646,#638,#648,.T.);
#646 = VERTEX_POINT('',#647);
#647 = CARTESIAN_POINT('',(2.672682468687,0.747272772745,2.865145040025)
  );
#648 = B_SPLINE_CURVE_WITH_KNOTS('',3,(#649,#650,#651,#652),
  .UNSPECIFIED.,.F.,.F.,(4,4),(0.,1.),.PIECEWISE_BEZIER_KNOTS.);
#649 = CARTESIAN_POINT('',(2.672682468687,0.747272772745,2.865145040025)
  );
#650 = CARTESIAN_POINT('',(2.670823858797,0.753932679676,2.846602690517)
  );
#651 = CARTESIAN_POINT('',(2.668940402104,0.760585652499,2.82806034101)
  );
#652 = CARTESIAN_POINT('',(2.667032151038,0.767231506012,2.809517991502)
  );
#653 = ORIENTED_EDGE('',*,*,#654,.T.);
#654 = EDGE_CURVE('',#646,#655,#657,.T.);
#655 = VERTEX_POINT('',#656);
#656 = CARTESIAN_POINT('',(2.694201050837,0.665367332502,2.865145040025)
  );
#657 = ( BOUNDED_CURVE() B_SPLINE_CURVE(2,(#658,#659,#660),
.UNSPECIFIED.,.F.,.F.) B_SPLINE_CURVE_WITH_KNOTS((3,3),(6.252721896286,
6.28318530718),.PIECEWISE_BEZIER_KNOTS.) CURVE() 
GEOMETRIC_REPRESENTATION_ITEM() RATIONAL_B_SPLINE_CURVE((1.,
0.999883999817,1.)) REPRESENTATION_ITEM('') );
#658 = CARTESIAN_POINT('',(2.672682468687,0.747272772745,2.865145040025)
  );
#659 = CARTESIAN_POINT('',(2.684065587777,0.706483947651,2.865145040025)
  );
#660 = CARTESIAN_POINT('',(2.694201050837,0.665367332502,2.865145040025)
  );
#661 = ORIENTED_EDGE('',*,*,#662,.F.);
#662 = EDGE_CURVE('',#602,#655,#663,.T.);
#663 = B_SPLINE_CURVE_WITH_KNOTS('',3,(#664,#665,#666,#667),
  .UNSPECIFIED.,.F.,.F.,(4,4),(0.,1.),.PIECEWISE_BEZIER_KNOTS.);
#664 = CARTESIAN_POINT('',(2.698812787845,0.646371726086,2.809517991502)
  );
#665 = CARTESIAN_POINT('',(2.697297809639,0.652708973342,2.82806034101)
  );
#666 = CARTESIAN_POINT('',(2.695760551303,0.659040894323,2.846602690517)
  );
#667 = CARTESIAN_POINT('',(2.694201050837,0.665367332502,2.865145040025)
  );
#668 = FACE_BOUND('',#669,.T.);
#669 = EDGE_LOOP('',(#670,#681,#690,#697,#706,#715,#722,#730,#737,#745,
    #754,#763,#772,#781));
#670 = ORIENTED_EDGE('',*,*,#671,.F.);
#671 = EDGE_CURVE('',#672,#674,#676,.T.);
#672 = VERTEX_POINT('',#673);
#673 = CARTESIAN_POINT('',(2.768800154344,0.185560512399,2.614771333776)
  );
#674 = VERTEX_POINT('',#675);
#675 = CARTESIAN_POINT('',(2.766680732055,0.21490909603,2.579211613038)
  );
#676 = B_SPLINE_CURVE_WITH_KNOTS('',3,(#677,#678,#679,#680),
  .UNSPECIFIED.,.F.,.F.,(4,4),(0.,1.),.PIECEWISE_BEZIER_KNOTS.);
#677 = CARTESIAN_POINT('',(2.768800154344,0.185560512399,2.614771333776)
  );
#678 = CARTESIAN_POINT('',(2.76729384585,0.208077149585,2.613765505652)
  );
#679 = CARTESIAN_POINT('',(2.766721703124,0.214380692512,2.60095116084)
  );
#680 = CARTESIAN_POINT('',(2.766680732055,0.21490909603,2.579211613038)
  );
#681 = ORIENTED_EDGE('',*,*,#682,.F.);
#682 = EDGE_CURVE('',#683,#672,#685,.T.);
#683 = VERTEX_POINT('',#684);
#684 = CARTESIAN_POINT('',(2.77157166856,0.138020901852,2.597199424989)
  );
#685 = B_SPLINE_CURVE_WITH_KNOTS('',3,(#686,#687,#688,#689),
  .UNSPECIFIED.,.F.,.F.,(4,4),(0.,1.),.PIECEWISE_BEZIER_KNOTS.);
#686 = CARTESIAN_POINT('',(2.77157166856,0.138020901852,2.597199424989)
  );
#687 = CARTESIAN_POINT('',(2.770851750016,0.152503530269,2.608421860785)
  );
#688 = CARTESIAN_POINT('',(2.769951350223,0.168352178227,2.614279179554)
  );
#689 = CARTESIAN_POINT('',(2.768800154344,0.185560512399,2.614771333776)
  );
#690 = ORIENTED_EDGE('',*,*,#691,.F.);
#691 = EDGE_CURVE('',#692,#683,#694,.T.);
#692 = VERTEX_POINT('',#693);
#693 = CARTESIAN_POINT('',(2.77157166856,0.138020901852,2.621945663398)
  );
#694 = B_SPLINE_CURVE_WITH_KNOTS('',1,(#695,#696),.UNSPECIFIED.,.F.,.F.,
  (2,2),(0.,2.474623840926E-02),.PIECEWISE_BEZIER_KNOTS.);
#695 = CARTESIAN_POINT('',(2.77157166856,0.138020901852,2.621945663398)
  );
#696 = CARTESIAN_POINT('',(2.77157166856,0.138020901852,2.597199424989)
  );
#697 = ORIENTED_EDGE('',*,*,#698,.F.);
#698 = EDGE_CURVE('',#699,#692,#701,.T.);
#699 = VERTEX_POINT('',#700);
#700 = CARTESIAN_POINT('',(2.768639503087,0.187946553353,2.63546251631)
  );
#701 = B_SPLINE_CURVE_WITH_KNOTS('',3,(#702,#703,#704,#705),
  .UNSPECIFIED.,.F.,.F.,(4,4),(0.,1.),.PIECEWISE_BEZIER_KNOTS.);
#702 = CARTESIAN_POINT('',(2.768639503087,0.187946553353,2.63546251631)
  );
#703 = CARTESIAN_POINT('',(2.769906985465,0.16924155913,2.635110827935)
  );
#704 = CARTESIAN_POINT('',(2.770847123147,0.15259660916,2.630605179131)
  );
#705 = CARTESIAN_POINT('',(2.77157166856,0.138020901852,2.621945663398)
  );
#706 = ORIENTED_EDGE('',*,*,#707,.F.);
#707 = EDGE_CURVE('',#708,#699,#710,.T.);
#708 = VERTEX_POINT('',#709);
#709 = CARTESIAN_POINT('',(2.764595112136,0.24029755478,2.580355346745)
  );
#710 = B_SPLINE_CURVE_WITH_KNOTS('',3,(#711,#712,#713,#714),
  .UNSPECIFIED.,.F.,.F.,(4,4),(0.,1.),.PIECEWISE_BEZIER_KNOTS.);
#711 = CARTESIAN_POINT('',(2.764595112136,0.24029755478,2.580355346745)
  );
#712 = CARTESIAN_POINT('',(2.764671431891,0.239417916943,2.617004115839)
  );
#713 = CARTESIAN_POINT('',(2.766135408061,0.224900978738,2.63453294292)
  );
#714 = CARTESIAN_POINT('',(2.768639503087,0.187946553353,2.63546251631)
  );
#715 = ORIENTED_EDGE('',*,*,#716,.F.);
#716 = EDGE_CURVE('',#717,#708,#719,.T.);
#717 = VERTEX_POINT('',#718);
#718 = CARTESIAN_POINT('',(2.764595112136,0.24029755478,2.486881110069)
  );
#719 = B_SPLINE_CURVE_WITH_KNOTS('',1,(#720,#721),.UNSPECIFIED.,.F.,.F.,
  (2,2),(0.,9.347423667573E-02),.PIECEWISE_BEZIER_KNOTS.);
#720 = CARTESIAN_POINT('',(2.764595112136,0.24029755478,2.486881110069)
  );
#721 = CARTESIAN_POINT('',(2.764595112136,0.24029755478,2.580355346745)
  );
#722 = ORIENTED_EDGE('',*,*,#723,.T.);
#723 = EDGE_CURVE('',#717,#724,#726,.T.);
#724 = VERTEX_POINT('',#725);
#725 = CARTESIAN_POINT('',(2.766680732055,0.21490909603,2.486881110069)
  );
#726 = ( BOUNDED_CURVE() B_SPLINE_CURVE(2,(#727,#728,#729),
.UNSPECIFIED.,.F.,.F.) B_SPLINE_CURVE_WITH_KNOTS((3,3),(6.274021973025,
6.28318530718),.PIECEWISE_BEZIER_KNOTS.) CURVE() 
GEOMETRIC_REPRESENTATION_ITEM() RATIONAL_B_SPLINE_CURVE((1.,
0.999989504182,1.)) REPRESENTATION_ITEM('') );
#727 = CARTESIAN_POINT('',(2.764595112136,0.24029755478,2.486881110069)
  );
#728 = CARTESIAN_POINT('',(2.765696083235,0.227608103246,2.486881110069)
  );
#729 = CARTESIAN_POINT('',(2.766680732055,0.21490909603,2.486881110069)
  );
#730 = ORIENTED_EDGE('',*,*,#731,.F.);
#731 = EDGE_CURVE('',#732,#724,#734,.T.);
#732 = VERTEX_POINT('',#733);
#733 = CARTESIAN_POINT('',(2.766680732055,0.21490909603,2.509339881061)
  );
#734 = B_SPLINE_CURVE_WITH_KNOTS('',1,(#735,#736),.UNSPECIFIED.,.F.,.F.,
  (2,2),(0.,2.24587709918E-02),.PIECEWISE_BEZIER_KNOTS.);
#735 = CARTESIAN_POINT('',(2.766680732055,0.21490909603,2.509339881061)
  );
#736 = CARTESIAN_POINT('',(2.766680732055,0.21490909603,2.486881110069)
  );
#737 = ORIENTED_EDGE('',*,*,#738,.T.);
#738 = EDGE_CURVE('',#732,#739,#741,.T.);
#739 = VERTEX_POINT('',#740);
#740 = CARTESIAN_POINT('',(2.766732896455,0.214235269528,2.509339881061)
  );
#741 = ( BOUNDED_CURVE() B_SPLINE_CURVE(2,(#742,#743,#744),
.UNSPECIFIED.,.F.,.F.) B_SPLINE_CURVE_WITH_KNOTS((3,3),(6.282942198314,
6.28318530718),.PIECEWISE_BEZIER_KNOTS.) CURVE() 
GEOMETRIC_REPRESENTATION_ITEM() RATIONAL_B_SPLINE_CURVE((1.,
0.999999992612,1.)) REPRESENTATION_ITEM('') );
#742 = CARTESIAN_POINT('',(2.766680732055,0.21490909603,2.509339881061)
  );
#743 = CARTESIAN_POINT('',(2.766706855208,0.214572185949,2.509339881061)
  );
#744 = CARTESIAN_POINT('',(2.766732896455,0.214235269528,2.509339881061)
  );
#745 = ORIENTED_EDGE('',*,*,#746,.F.);
#746 = EDGE_CURVE('',#747,#739,#749,.T.);
#747 = VERTEX_POINT('',#748);
#748 = CARTESIAN_POINT('',(2.769807062355,0.169840415408,2.483449908945)
  );
#749 = B_SPLINE_CURVE_WITH_KNOTS('',3,(#750,#751,#752,#753),
  .UNSPECIFIED.,.F.,.F.,(4,4),(0.,1.),.PIECEWISE_BEZIER_KNOTS.);
#750 = CARTESIAN_POINT('',(2.769807062355,0.169840415408,2.483449908945)
  );
#751 = CARTESIAN_POINT('',(2.76851203297,0.190998257465,2.484177730885)
  );
#752 = CARTESIAN_POINT('',(2.767604525304,0.202958310511,2.491349365677)
  );
#753 = CARTESIAN_POINT('',(2.766732896455,0.214235269528,2.509339881061)
  );
#754 = ORIENTED_EDGE('',*,*,#755,.F.);
#755 = EDGE_CURVE('',#756,#747,#758,.T.);
#756 = VERTEX_POINT('',#757);
#757 = CARTESIAN_POINT('',(2.771656315644,0.136307390818,2.494887246024)
  );
#758 = B_SPLINE_CURVE_WITH_KNOTS('',3,(#759,#760,#761,#762),
  .UNSPECIFIED.,.F.,.F.,(4,4),(0.,1.),.PIECEWISE_BEZIER_KNOTS.);
#759 = CARTESIAN_POINT('',(2.771656315644,0.136307390818,2.494887246024)
  );
#760 = CARTESIAN_POINT('',(2.771225319154,0.145087025734,2.487565287346)
  );
#761 = CARTESIAN_POINT('',(2.77063789133,0.156266554892,2.483752822625)
  );
#762 = CARTESIAN_POINT('',(2.769807062355,0.169840415408,2.483449908945)
  );
#763 = ORIENTED_EDGE('',*,*,#764,.F.);
#764 = EDGE_CURVE('',#765,#756,#767,.T.);
#765 = VERTEX_POINT('',#766);
#766 = CARTESIAN_POINT('',(2.772240117571,0.123843971804,2.525768056139)
  );
#767 = B_SPLINE_CURVE_WITH_KNOTS('',3,(#768,#769,#770,#771),
  .UNSPECIFIED.,.F.,.F.,(4,4),(0.,1.),.PIECEWISE_BEZIER_KNOTS.);
#768 = CARTESIAN_POINT('',(2.772240117571,0.123843971804,2.525768056139)
  );
#769 = CARTESIAN_POINT('',(2.772220024578,0.124294563518,2.512132496909)
  );
#770 = CARTESIAN_POINT('',(2.772121800545,0.126825208076,2.504532298081)
  );
#771 = CARTESIAN_POINT('',(2.771656315644,0.136307390818,2.494887246024)
  );
#772 = ORIENTED_EDGE('',*,*,#773,.F.);
#773 = EDGE_CURVE('',#774,#765,#776,.T.);
#774 = VERTEX_POINT('',#775);
#775 = CARTESIAN_POINT('',(2.769676025357,0.171967887435,2.573181017123)
  );
#776 = B_SPLINE_CURVE_WITH_KNOTS('',3,(#777,#778,#779,#780),
  .UNSPECIFIED.,.F.,.F.,(4,4),(0.,1.),.PIECEWISE_BEZIER_KNOTS.);
#777 = CARTESIAN_POINT('',(2.769676025357,0.171967887435,2.573181017123)
  );
#778 = CARTESIAN_POINT('',(2.771520677503,0.142204702218,2.568386598862)
  );
#779 = CARTESIAN_POINT('',(2.77219119618,0.12494104943,2.556621528383));
#780 = CARTESIAN_POINT('',(2.772240117571,0.123843971804,2.525768056139)
  );
#781 = ORIENTED_EDGE('',*,*,#782,.F.);
#782 = EDGE_CURVE('',#674,#774,#783,.T.);
#783 = B_SPLINE_CURVE_WITH_KNOTS('',3,(#784,#785,#786,#787),
  .UNSPECIFIED.,.F.,.F.,(4,4),(0.,1.),.PIECEWISE_BEZIER_KNOTS.);
#784 = CARTESIAN_POINT('',(2.766680732055,0.21490909603,2.579211613038)
  );
#785 = CARTESIAN_POINT('',(2.767789961333,0.200603375731,2.577201414396)
  );
#786 = CARTESIAN_POINT('',(2.768788432327,0.186289067605,2.575191215765)
  );
#787 = CARTESIAN_POINT('',(2.769676025357,0.171967887435,2.573181017123)
  );
#788 = FACE_BOUND('',#789,.T.);
#789 = EDGE_LOOP('',(#790,#801,#810,#817,#826,#839,#848,#857,#866,#875,
    #884,#893,#902,#909,#918,#927,#936,#945,#954,#963,#972));
#790 = ORIENTED_EDGE('',*,*,#791,.F.);
#791 = EDGE_CURVE('',#792,#794,#796,.T.);
#792 = VERTEX_POINT('',#793);
#793 = CARTESIAN_POINT('',(2.757226576214,0.313854013287,2.483449908945)
  );
#794 = VERTEX_POINT('',#795);
#795 = CARTESIAN_POINT('',(2.752129137959,0.355863620814,2.494991221815)
  );
#796 = B_SPLINE_CURVE_WITH_KNOTS('',3,(#797,#798,#799,#800),
  .UNSPECIFIED.,.F.,.F.,(4,4),(0.,1.),.PIECEWISE_BEZIER_KNOTS.);
#797 = CARTESIAN_POINT('',(2.757226576214,0.313854013287,2.483449908945)
  );
#798 = CARTESIAN_POINT('',(2.755305883297,0.330758015771,2.483746185075)
  );
#799 = CARTESIAN_POINT('',(2.753562748418,0.344756418679,2.487593327109)
  );
#800 = CARTESIAN_POINT('',(2.752129137959,0.355863620814,2.494991221815)
  );
#801 = ORIENTED_EDGE('',*,*,#802,.F.);
#802 = EDGE_CURVE('',#803,#792,#805,.T.);
#803 = VERTEX_POINT('',#804);
#804 = CARTESIAN_POINT('',(2.761397836672,0.274668908429,2.491975923859)
  );
#805 = B_SPLINE_CURVE_WITH_KNOTS('',3,(#806,#807,#808,#809),
  .UNSPECIFIED.,.F.,.F.,(4,4),(0.,1.),.PIECEWISE_BEZIER_KNOTS.);
#806 = CARTESIAN_POINT('',(2.761397836672,0.274668908429,2.491975923859)
  );
#807 = CARTESIAN_POINT('',(2.760239818687,0.286332181373,2.486524420038)
  );
#808 = CARTESIAN_POINT('',(2.75886929709,0.299396440436,2.483682402932)
  );
#809 = CARTESIAN_POINT('',(2.757226576214,0.313854013287,2.483449908945)
  );
#810 = ORIENTED_EDGE('',*,*,#811,.F.);
#811 = EDGE_CURVE('',#812,#803,#814,.T.);
#812 = VERTEX_POINT('',#813);
#813 = CARTESIAN_POINT('',(2.761397836672,0.274668908429,2.518281799141)
  );
#814 = B_SPLINE_CURVE_WITH_KNOTS('',1,(#815,#816),.UNSPECIFIED.,.F.,.F.,
  (2,2),(0.,2.630587528195E-02),.PIECEWISE_BEZIER_KNOTS.);
#815 = CARTESIAN_POINT('',(2.761397836672,0.274668908429,2.518281799141)
  );
#816 = CARTESIAN_POINT('',(2.761397836672,0.274668908429,2.491975923859)
  );
#817 = ORIENTED_EDGE('',*,*,#818,.F.);
#818 = EDGE_CURVE('',#819,#812,#821,.T.);
#819 = VERTEX_POINT('',#820);
#820 = CARTESIAN_POINT('',(2.756943737792,0.316333351503,2.504245067271)
  );
#821 = B_SPLINE_CURVE_WITH_KNOTS('',3,(#822,#823,#824,#825),
  .UNSPECIFIED.,.F.,.F.,(4,4),(0.,1.),.PIECEWISE_BEZIER_KNOTS.);
#822 = CARTESIAN_POINT('',(2.756943737792,0.316333351503,2.504245067271)
  );
#823 = CARTESIAN_POINT('',(2.758654286868,0.301398346114,2.504747481328)
  );
#824 = CARTESIAN_POINT('',(2.760123076207,0.287507982982,2.509426401209)
  );
#825 = CARTESIAN_POINT('',(2.761397836672,0.274668908429,2.518281799141)
  );
#826 = ORIENTED_EDGE('',*,*,#827,.F.);
#827 = EDGE_CURVE('',#828,#819,#830,.T.);
#828 = VERTEX_POINT('',#829);
#829 = CARTESIAN_POINT('',(2.753363215635,0.346168124808,2.523896491889)
  );
#830 = B_SPLINE_CURVE_WITH_KNOTS('',3,(#831,#832,#833,#834,#835,#836,
    #837,#838),.UNSPECIFIED.,.F.,.F.,(4,2,2,4),(0.,0.25,0.5,1.),
  .UNSPECIFIED.);
#831 = CARTESIAN_POINT('',(2.753363215635,0.346168124808,2.523896491889)
  );
#832 = CARTESIAN_POINT('',(2.753399837188,0.345876314157,2.5199467493));
#833 = CARTESIAN_POINT('',(2.753524220172,0.344886963117,2.516619712046)
  );
#834 = CARTESIAN_POINT('',(2.753944004854,0.341512618631,2.511211048298)
  );
#835 = CARTESIAN_POINT('',(2.754349082347,0.338226960917,2.508703281244)
  );
#836 = CARTESIAN_POINT('',(2.755146500868,0.331678511676,2.505604939446)
  );
#837 = CARTESIAN_POINT('',(2.755938515301,0.325110067423,2.504463128763)
  );
#838 = CARTESIAN_POINT('',(2.756943737792,0.316333351503,2.504245067271)
  );
#839 = ORIENTED_EDGE('',*,*,#840,.F.);
#840 = EDGE_CURVE('',#841,#828,#843,.T.);
#841 = VERTEX_POINT('',#842);
#842 = CARTESIAN_POINT('',(2.754171228633,0.339667677423,2.537725272176)
  );
#843 = B_SPLINE_CURVE_WITH_KNOTS('',3,(#844,#845,#846,#847),
  .UNSPECIFIED.,.F.,.F.,(4,4),(0.,1.),.PIECEWISE_BEZIER_KNOTS.);
#844 = CARTESIAN_POINT('',(2.754171228633,0.339667677423,2.537725272176)
  );
#845 = CARTESIAN_POINT('',(2.753704049518,0.343462643086,2.534131974891)
  );
#846 = CARTESIAN_POINT('',(2.753430876613,0.345628983451,2.529522382455)
  );
#847 = CARTESIAN_POINT('',(2.753363215635,0.346168124808,2.523896491889)
  );
#848 = ORIENTED_EDGE('',*,*,#849,.F.);
#849 = EDGE_CURVE('',#850,#841,#852,.T.);
#850 = VERTEX_POINT('',#851);
#851 = CARTESIAN_POINT('',(2.75730279528,0.31318248225,2.55072224613));
#852 = B_SPLINE_CURVE_WITH_KNOTS('',3,(#853,#854,#855,#856),
  .UNSPECIFIED.,.F.,.F.,(4,4),(0.,1.),.PIECEWISE_BEZIER_KNOTS.);
#853 = CARTESIAN_POINT('',(2.75730279528,0.31318248225,2.55072224613));
#854 = CARTESIAN_POINT('',(2.755894116385,0.325607179891,2.54596892999)
  );
#855 = CARTESIAN_POINT('',(2.754815806648,0.334431674024,2.541636578243)
  );
#856 = CARTESIAN_POINT('',(2.754171228633,0.339667677423,2.537725272176)
  );
#857 = ORIENTED_EDGE('',*,*,#858,.F.);
#858 = EDGE_CURVE('',#859,#850,#861,.T.);
#859 = VERTEX_POINT('',#860);
#860 = CARTESIAN_POINT('',(2.760658701264,0.282014092064,2.569957767582)
  );
#861 = B_SPLINE_CURVE_WITH_KNOTS('',3,(#862,#863,#864,#865),
  .UNSPECIFIED.,.F.,.F.,(4,4),(0.,1.),.PIECEWISE_BEZIER_KNOTS.);
#862 = CARTESIAN_POINT('',(2.760658701264,0.282014092064,2.569957767582)
  );
#863 = CARTESIAN_POINT('',(2.760087098741,0.287619689575,2.563428301664)
  );
#864 = CARTESIAN_POINT('',(2.759022422541,0.298015186953,2.557016430687)
  );
#865 = CARTESIAN_POINT('',(2.75730279528,0.31318248225,2.55072224613));
#866 = ORIENTED_EDGE('',*,*,#867,.F.);
#867 = EDGE_CURVE('',#868,#859,#870,.T.);
#868 = VERTEX_POINT('',#869);
#869 = CARTESIAN_POINT('',(2.761382422831,0.274824108575,2.592936417533)
  );
#870 = B_SPLINE_CURVE_WITH_KNOTS('',3,(#871,#872,#873,#874),
  .UNSPECIFIED.,.F.,.F.,(4,4),(0.,1.),.PIECEWISE_BEZIER_KNOTS.);
#871 = CARTESIAN_POINT('',(2.761382422831,0.274824108575,2.592936417533)
  );
#872 = CARTESIAN_POINT('',(2.761346294585,0.27518777588,2.584020588539)
  );
#873 = CARTESIAN_POINT('',(2.761110338544,0.277584970938,2.576361040248)
  );
#874 = CARTESIAN_POINT('',(2.760658701264,0.282014092064,2.569957767582)
  );
#875 = ORIENTED_EDGE('',*,*,#876,.F.);
#876 = EDGE_CURVE('',#877,#868,#879,.T.);
#877 = VERTEX_POINT('',#878);
#878 = CARTESIAN_POINT('',(2.759720967999,0.291063513875,2.623921203439)
  );
#879 = B_SPLINE_CURVE_WITH_KNOTS('',3,(#880,#881,#882,#883),
  .UNSPECIFIED.,.F.,.F.,(4,4),(0.,1.),.PIECEWISE_BEZIER_KNOTS.);
#880 = CARTESIAN_POINT('',(2.759720967999,0.291063513875,2.623921203439)
  );
#881 = CARTESIAN_POINT('',(2.760924766302,0.279629011605,2.614951263683)
  );
#882 = CARTESIAN_POINT('',(2.761307641358,0.275576859681,2.607559556697)
  );
#883 = CARTESIAN_POINT('',(2.761382422831,0.274824108575,2.592936417533)
  );
#884 = ORIENTED_EDGE('',*,*,#885,.F.);
#885 = EDGE_CURVE('',#886,#877,#888,.T.);
#886 = VERTEX_POINT('',#887);
#887 = CARTESIAN_POINT('',(2.755218558396,0.331049104946,2.63546251631)
  );
#888 = B_SPLINE_CURVE_WITH_KNOTS('',3,(#889,#890,#891,#892),
  .UNSPECIFIED.,.F.,.F.,(4,4),(0.,1.),.PIECEWISE_BEZIER_KNOTS.);
#889 = CARTESIAN_POINT('',(2.755218558396,0.331049104946,2.63546251631)
  );
#890 = CARTESIAN_POINT('',(2.757100595292,0.315357072892,2.635064591421)
  );
#891 = CARTESIAN_POINT('',(2.758567050173,0.302024217143,2.631217461145)
  );
#892 = CARTESIAN_POINT('',(2.759720967999,0.291063513875,2.623921203439)
  );
#893 = ORIENTED_EDGE('',*,*,#894,.F.);
#894 = EDGE_CURVE('',#895,#886,#897,.T.);
#895 = VERTEX_POINT('',#896);
#896 = CARTESIAN_POINT('',(2.750908810496,0.365193959739,2.629016017228)
  );
#897 = B_SPLINE_CURVE_WITH_KNOTS('',3,(#898,#899,#900,#901),
  .UNSPECIFIED.,.F.,.F.,(4,4),(0.,1.),.PIECEWISE_BEZIER_KNOTS.);
#898 = CARTESIAN_POINT('',(2.750908810496,0.365193959739,2.629016017228)
  );
#899 = CARTESIAN_POINT('',(2.752285145986,0.354807547252,2.633051523556)
  );
#900 = CARTESIAN_POINT('',(2.75373398359,0.343427180797,2.635200362203)
  );
#901 = CARTESIAN_POINT('',(2.755218558396,0.331049104946,2.63546251631)
  );
#902 = ORIENTED_EDGE('',*,*,#903,.F.);
#903 = EDGE_CURVE('',#904,#895,#906,.T.);
#904 = VERTEX_POINT('',#905);
#905 = CARTESIAN_POINT('',(2.750908810496,0.365193959739,2.60426977882)
  );
#906 = B_SPLINE_CURVE_WITH_KNOTS('',1,(#907,#908),.UNSPECIFIED.,.F.,.F.,
  (2,2),(0.,2.474623840786E-02),.PIECEWISE_BEZIER_KNOTS.);
#907 = CARTESIAN_POINT('',(2.750908810496,0.365193959739,2.60426977882)
  );
#908 = CARTESIAN_POINT('',(2.750908810496,0.365193959739,2.629016017228)
  );
#909 = ORIENTED_EDGE('',*,*,#910,.F.);
#910 = EDGE_CURVE('',#911,#904,#913,.T.);
#911 = VERTEX_POINT('',#912);
#912 = CARTESIAN_POINT('',(2.755514606854,0.328571309379,2.614771333776)
  );
#913 = B_SPLINE_CURVE_WITH_KNOTS('',3,(#914,#915,#916,#917),
  .UNSPECIFIED.,.F.,.F.,(4,4),(0.,1.),.PIECEWISE_BEZIER_KNOTS.);
#914 = CARTESIAN_POINT('',(2.755514606854,0.328571309379,2.614771333776)
  );
#915 = CARTESIAN_POINT('',(2.753894793641,0.342180282242,2.614400000469)
  );
#916 = CARTESIAN_POINT('',(2.752341025126,0.354385859518,2.610899471268)
  );
#917 = CARTESIAN_POINT('',(2.750908810496,0.365193959739,2.60426977882)
  );
#918 = ORIENTED_EDGE('',*,*,#919,.F.);
#919 = EDGE_CURVE('',#920,#911,#922,.T.);
#920 = VERTEX_POINT('',#921);
#921 = CARTESIAN_POINT('',(2.757814446506,0.308636248972,2.60936459261)
  );
#922 = B_SPLINE_CURVE_WITH_KNOTS('',3,(#923,#924,#925,#926),
  .UNSPECIFIED.,.F.,.F.,(4,4),(0.,1.),.PIECEWISE_BEZIER_KNOTS.);
#923 = CARTESIAN_POINT('',(2.757814446506,0.308636248972,2.60936459261)
  );
#924 = CARTESIAN_POINT('',(2.757199752916,0.314138792291,2.612769427212)
  );
#925 = CARTESIAN_POINT('',(2.756441396458,0.320784822347,2.614571677343)
  );
#926 = CARTESIAN_POINT('',(2.755514606854,0.328571309379,2.614771333776)
  );
#927 = ORIENTED_EDGE('',*,*,#928,.F.);
#928 = EDGE_CURVE('',#929,#920,#931,.T.);
#929 = VERTEX_POINT('',#930);
#930 = CARTESIAN_POINT('',(2.758663704648,0.300936750181,2.595223884949)
  );
#931 = B_SPLINE_CURVE_WITH_KNOTS('',3,(#932,#933,#934,#935),
  .UNSPECIFIED.,.F.,.F.,(4,4),(0.,1.),.PIECEWISE_BEZIER_KNOTS.);
#932 = CARTESIAN_POINT('',(2.758663704648,0.300936750181,2.595223884949)
  );
#933 = CARTESIAN_POINT('',(2.75860650335,0.301462060411,2.602579372667)
  );
#934 = CARTESIAN_POINT('',(2.758455760001,0.302895412643,2.604535758549)
  );
#935 = CARTESIAN_POINT('',(2.757814446506,0.308636248972,2.60936459261)
  );
#936 = ORIENTED_EDGE('',*,*,#937,.F.);
#937 = EDGE_CURVE('',#938,#929,#940,.T.);
#938 = VERTEX_POINT('',#939);
#939 = CARTESIAN_POINT('',(2.758056006043,0.306466160398,2.581707032037)
  );
#940 = B_SPLINE_CURVE_WITH_KNOTS('',3,(#941,#942,#943,#944),
  .UNSPECIFIED.,.F.,.F.,(4,4),(0.,1.),.PIECEWISE_BEZIER_KNOTS.);
#941 = CARTESIAN_POINT('',(2.758056006043,0.306466160398,2.581707032037)
  );
#942 = CARTESIAN_POINT('',(2.758567899596,0.301850999774,2.587150958751)
  );
#943 = CARTESIAN_POINT('',(2.758618782263,0.301349296556,2.588118725329)
  );
#944 = CARTESIAN_POINT('',(2.758663704648,0.300936750181,2.595223884949)
  );
#945 = ORIENTED_EDGE('',*,*,#946,.F.);
#946 = EDGE_CURVE('',#947,#938,#949,.T.);
#947 = VERTEX_POINT('',#948);
#948 = CARTESIAN_POINT('',(2.755218558396,0.331049104946,2.56922993704)
  );
#949 = B_SPLINE_CURVE_WITH_KNOTS('',3,(#950,#951,#952,#953),
  .UNSPECIFIED.,.F.,.F.,(4,4),(0.,1.),.PIECEWISE_BEZIER_KNOTS.);
#950 = CARTESIAN_POINT('',(2.755218558396,0.331049104946,2.56922993704)
  );
#951 = CARTESIAN_POINT('',(2.756634785257,0.319240900039,2.573961272679)
  );
#952 = CARTESIAN_POINT('',(2.757548393035,0.311042728225,2.578120329799)
  );
#953 = CARTESIAN_POINT('',(2.758056006043,0.306466160398,2.581707032037)
  );
#954 = ORIENTED_EDGE('',*,*,#955,.F.);
#955 = EDGE_CURVE('',#956,#947,#958,.T.);
#956 = VERTEX_POINT('',#957);
#957 = CARTESIAN_POINT('',(2.751113258065,0.363647781124,2.550410318756)
  );
#958 = B_SPLINE_CURVE_WITH_KNOTS('',3,(#959,#960,#961,#962),
  .UNSPECIFIED.,.F.,.F.,(4,4),(0.,1.),.PIECEWISE_BEZIER_KNOTS.);
#959 = CARTESIAN_POINT('',(2.751113258065,0.363647781124,2.550410318756)
  );
#960 = CARTESIAN_POINT('',(2.751975322804,0.357114129114,2.557090568518)
  );
#961 = CARTESIAN_POINT('',(2.753394936309,0.346254086483,2.563363805303)
  );
#962 = CARTESIAN_POINT('',(2.755218558396,0.331049104946,2.56922993704)
  );
#963 = ORIENTED_EDGE('',*,*,#964,.F.);
#964 = EDGE_CURVE('',#965,#956,#967,.T.);
#965 = VERTEX_POINT('',#966);
#966 = CARTESIAN_POINT('',(2.749985022209,0.37209881403,2.526391910888)
  );
#967 = B_SPLINE_CURVE_WITH_KNOTS('',3,(#968,#969,#970,#971),
  .UNSPECIFIED.,.F.,.F.,(4,4),(0.,1.),.PIECEWISE_BEZIER_KNOTS.);
#968 = CARTESIAN_POINT('',(2.749985022209,0.37209881403,2.526391910888)
  );
#969 = CARTESIAN_POINT('',(2.750042725644,0.371671583164,2.535844009859)
  );
#970 = CARTESIAN_POINT('',(2.750426133645,0.3688555476,2.543850143082));
#971 = CARTESIAN_POINT('',(2.751113258065,0.363647781124,2.550410318756)
  );
#972 = ORIENTED_EDGE('',*,*,#973,.F.);
#973 = EDGE_CURVE('',#794,#965,#974,.T.);
#974 = B_SPLINE_CURVE_WITH_KNOTS('',3,(#975,#976,#977,#978),
  .UNSPECIFIED.,.F.,.F.,(4,4),(0.,1.),.PIECEWISE_BEZIER_KNOTS.);
#975 = CARTESIAN_POINT('',(2.752129137959,0.355863620814,2.494991221815)
  );
#976 = CARTESIAN_POINT('',(2.750628050709,0.367493613748,2.50391460323)
  );
#977 = CARTESIAN_POINT('',(2.750083920865,0.371366577576,2.511555856569)
  );
#978 = CARTESIAN_POINT('',(2.749985022209,0.37209881403,2.526391910888)
  );
#979 = FACE_BOUND('',#980,.T.);
#980 = EDGE_LOOP('',(#981,#992,#1001,#1010,#1018,#1027,#1042,#1051,#1058
    ,#1067,#1076,#1085,#1094,#1102));
#981 = ORIENTED_EDGE('',*,*,#982,.F.);
#982 = EDGE_CURVE('',#983,#985,#987,.T.);
#983 = VERTEX_POINT('',#984);
#984 = CARTESIAN_POINT('',(2.737651783496,0.454159783381,2.511003493726)
  );
#985 = VERTEX_POINT('',#986);
#986 = CARTESIAN_POINT('',(2.738187068432,0.450915410676,2.522960709764)
  );
#987 = B_SPLINE_CURVE_WITH_KNOTS('',3,(#988,#989,#990,#991),
  .UNSPECIFIED.,.F.,.F.,(4,4),(0.,1.),.PIECEWISE_BEZIER_KNOTS.);
#988 = CARTESIAN_POINT('',(2.737651783496,0.454159783381,2.511003493726)
  );
#989 = CARTESIAN_POINT('',(2.737849195804,0.452967294816,2.514989232406)
  );
#990 = CARTESIAN_POINT('',(2.738018419919,0.451941400054,2.518974971085)
  );
#991 = CARTESIAN_POINT('',(2.738187068432,0.450915410676,2.522960709764)
  );
#992 = ORIENTED_EDGE('',*,*,#993,.F.);
#993 = EDGE_CURVE('',#994,#983,#996,.T.);
#994 = VERTEX_POINT('',#995);
#995 = CARTESIAN_POINT('',(2.737057072139,0.457736838297,2.522752758181)
  );
#996 = B_SPLINE_CURVE_WITH_KNOTS('',3,(#997,#998,#999,#1000),
  .UNSPECIFIED.,.F.,.F.,(4,4),(0.,1.),.PIECEWISE_BEZIER_KNOTS.);
#997 = CARTESIAN_POINT('',(2.737057072139,0.457736838297,2.522752758181)
  );
#998 = CARTESIAN_POINT('',(2.737228271959,0.456711271553,2.518836336696)
  );
#999 = CARTESIAN_POINT('',(2.737398896416,0.455685608762,2.514919915211)
  );
#1000 = CARTESIAN_POINT('',(2.737651783496,0.454159783381,2.511003493726
    ));
#1001 = ORIENTED_EDGE('',*,*,#1002,.F.);
#1002 = EDGE_CURVE('',#1003,#994,#1005,.T.);
#1003 = VERTEX_POINT('',#1004);
#1004 = CARTESIAN_POINT('',(2.730246892804,0.496814286637,2.632135290978
    ));
#1005 = B_SPLINE_CURVE_WITH_KNOTS('',3,(#1006,#1007,#1008,#1009),
  .UNSPECIFIED.,.F.,.F.,(4,4),(0.,1.),.PIECEWISE_BEZIER_KNOTS.);
#1006 = CARTESIAN_POINT('',(2.730246892804,0.496814286637,2.632135290978
    ));
#1007 = CARTESIAN_POINT('',(2.732609844281,0.483804886831,2.595674446707
    ));
#1008 = CARTESIAN_POINT('',(2.734879981087,0.470778628724,2.559213602452
    ));
#1009 = CARTESIAN_POINT('',(2.737057072139,0.457736838297,2.522752758181
    ));
#1010 = ORIENTED_EDGE('',*,*,#1011,.F.);
#1011 = EDGE_CURVE('',#1012,#1003,#1014,.T.);
#1012 = VERTEX_POINT('',#1013);
#1013 = CARTESIAN_POINT('',(2.725403828991,0.522776176419,2.632135290978
    ));
#1014 = ( BOUNDED_CURVE() B_SPLINE_CURVE(2,(#1015,#1016,#1017),
.UNSPECIFIED.,.F.,.F.) B_SPLINE_CURVE_WITH_KNOTS((3,3),(6.27368536075,
6.28318530718),.PIECEWISE_BEZIER_KNOTS.) CURVE() 
GEOMETRIC_REPRESENTATION_ITEM() RATIONAL_B_SPLINE_CURVE((1.,
0.999988718898,1.)) REPRESENTATION_ITEM('') );
#1015 = CARTESIAN_POINT('',(2.725403828991,0.522776176419,2.632135290978
    ));
#1016 = CARTESIAN_POINT('',(2.727887020502,0.509806733826,2.632135290978
    ));
#1017 = CARTESIAN_POINT('',(2.730246892804,0.496814286637,2.632135290978
    ));
#1018 = ORIENTED_EDGE('',*,*,#1019,.F.);
#1019 = EDGE_CURVE('',#1020,#1012,#1022,.T.);
#1020 = VERTEX_POINT('',#1021);
#1021 = CARTESIAN_POINT('',(2.73703138785,0.457890672588,2.464942218035)
  );
#1022 = B_SPLINE_CURVE_WITH_KNOTS('',3,(#1023,#1024,#1025,#1026),
  .UNSPECIFIED.,.F.,.F.,(4,4),(0.,1.),.PIECEWISE_BEZIER_KNOTS.);
#1023 = CARTESIAN_POINT('',(2.73703138785,0.457890672588,2.464942218035)
  );
#1024 = CARTESIAN_POINT('',(2.733412149041,0.479564113456,2.520673242422
    ));
#1025 = CARTESIAN_POINT('',(2.729535932875,0.501194641578,2.576404266591
    ));
#1026 = CARTESIAN_POINT('',(2.725403828991,0.522776176419,2.632135290978
    ));
#1027 = ORIENTED_EDGE('',*,*,#1028,.F.);
#1028 = EDGE_CURVE('',#1029,#1020,#1031,.T.);
#1029 = VERTEX_POINT('',#1030);
#1030 = CARTESIAN_POINT('',(2.745091493312,0.406690027435,2.418465039174
    ));
#1031 = B_SPLINE_CURVE_WITH_KNOTS('',3,(#1032,#1033,#1034,#1035,#1036,
    #1037,#1038,#1039,#1040,#1041),.UNSPECIFIED.,.F.,.F.,(4,2,2,2,4),(0.
    ,0.25,0.375,0.5,1.),.UNSPECIFIED.);
#1032 = CARTESIAN_POINT('',(2.745091493312,0.406690027435,2.418465039174
    ));
#1033 = CARTESIAN_POINT('',(2.744131675368,0.413180442702,2.418754726671
    ));
#1034 = CARTESIAN_POINT('',(2.74322754827,0.4191365615,2.420130929358));
#1035 = CARTESIAN_POINT('',(2.741970443614,0.427271471639,2.423825006986
    ));
#1036 = CARTESIAN_POINT('',(2.741567894082,0.429849893829,2.425327995083
    ));
#1037 = CARTESIAN_POINT('',(2.740798008889,0.434740638093,2.428877229052
    ));
#1038 = CARTESIAN_POINT('',(2.740351755421,0.437546174823,2.431448021518
    ));
#1039 = CARTESIAN_POINT('',(2.739002728472,0.445977223303,2.44041466235)
  );
#1040 = CARTESIAN_POINT('',(2.737982318597,0.452196121224,2.450981620147
    ));
#1041 = CARTESIAN_POINT('',(2.73703138785,0.457890672588,2.464942218035)
  );
#1042 = ORIENTED_EDGE('',*,*,#1043,.F.);
#1043 = EDGE_CURVE('',#1044,#1029,#1046,.T.);
#1044 = VERTEX_POINT('',#1045);
#1045 = CARTESIAN_POINT('',(2.747446761578,0.390431587707,2.420544555007
    ));
#1046 = B_SPLINE_CURVE_WITH_KNOTS('',3,(#1047,#1048,#1049,#1050),
  .UNSPECIFIED.,.F.,.F.,(4,4),(0.,1.),.PIECEWISE_BEZIER_KNOTS.);
#1047 = CARTESIAN_POINT('',(2.747446761578,0.390431587707,2.420544555007
    ));
#1048 = CARTESIAN_POINT('',(2.746801204355,0.394982607508,2.419331149485
    ));
#1049 = CARTESIAN_POINT('',(2.746021253568,0.400402866211,2.41863797647)
  );
#1050 = CARTESIAN_POINT('',(2.745091493312,0.406690027435,2.418465039174
    ));
#1051 = ORIENTED_EDGE('',*,*,#1052,.F.);
#1052 = EDGE_CURVE('',#1053,#1044,#1055,.T.);
#1053 = VERTEX_POINT('',#1054);
#1054 = CARTESIAN_POINT('',(2.747446761578,0.390431587707,2.443211277583
    ));
#1055 = B_SPLINE_CURVE_WITH_KNOTS('',1,(#1056,#1057),.UNSPECIFIED.,.F.,
  .F.,(2,2),(8.881784197001E-16,2.266672257622E-02),
  .PIECEWISE_BEZIER_KNOTS.);
#1056 = CARTESIAN_POINT('',(2.747446761578,0.390431587707,2.443211277583
    ));
#1057 = CARTESIAN_POINT('',(2.747446761578,0.390431587707,2.420544555007
    ));
#1058 = ORIENTED_EDGE('',*,*,#1059,.F.);
#1059 = EDGE_CURVE('',#1060,#1053,#1062,.T.);
#1060 = VERTEX_POINT('',#1061);
#1061 = CARTESIAN_POINT('',(2.745379803377,0.404735638631,2.440299955417
    ));
#1062 = B_SPLINE_CURVE_WITH_KNOTS('',3,(#1063,#1064,#1065,#1066),
  .UNSPECIFIED.,.F.,.F.,(4,4),(0.,1.),.PIECEWISE_BEZIER_KNOTS.);
#1063 = CARTESIAN_POINT('',(2.745379803377,0.404735638631,2.440299955417
    ));
#1064 = CARTESIAN_POINT('',(2.746121726462,0.399693902558,2.4406138461)
  );
#1065 = CARTESIAN_POINT('',(2.746809282705,0.394925657126,2.441584287034
    ));
#1066 = CARTESIAN_POINT('',(2.747446761578,0.390431587707,2.443211277583
    ));
#1067 = ORIENTED_EDGE('',*,*,#1068,.F.);
#1068 = EDGE_CURVE('',#1069,#1060,#1071,.T.);
#1069 = VERTEX_POINT('',#1070);
#1070 = CARTESIAN_POINT('',(2.741459111103,0.430537281823,2.460783186369
    ));
#1071 = B_SPLINE_CURVE_WITH_KNOTS('',3,(#1072,#1073,#1074,#1075),
  .UNSPECIFIED.,.F.,.F.,(4,4),(0.,1.),.PIECEWISE_BEZIER_KNOTS.);
#1072 = CARTESIAN_POINT('',(2.741459111103,0.430537281823,2.460783186369
    ));
#1073 = CARTESIAN_POINT('',(2.742391174283,0.42459151703,2.447784421569)
  );
#1074 = CARTESIAN_POINT('',(2.743305704544,0.41883017095,2.441313042167)
  );
#1075 = CARTESIAN_POINT('',(2.745379803377,0.404735638631,2.440299955417
    ));
#1076 = ORIENTED_EDGE('',*,*,#1077,.F.);
#1077 = EDGE_CURVE('',#1078,#1069,#1080,.T.);
#1078 = VERTEX_POINT('',#1079);
#1079 = CARTESIAN_POINT('',(2.739705878452,0.441576313669,2.487193037443
    ));
#1080 = B_SPLINE_CURVE_WITH_KNOTS('',3,(#1081,#1082,#1083,#1084),
  .UNSPECIFIED.,.F.,.F.,(4,4),(0.,1.),.PIECEWISE_BEZIER_KNOTS.);
#1081 = CARTESIAN_POINT('',(2.739705878452,0.441576313669,2.487193037443
    ));
#1082 = CARTESIAN_POINT('',(2.740297685889,0.437897816199,2.478389753752
    ));
#1083 = CARTESIAN_POINT('',(2.740882098347,0.434218129003,2.46958647006)
  );
#1084 = CARTESIAN_POINT('',(2.741459111103,0.430537281823,2.460783186369
    ));
#1085 = ORIENTED_EDGE('',*,*,#1086,.F.);
#1086 = EDGE_CURVE('',#1087,#1078,#1089,.T.);
#1087 = VERTEX_POINT('',#1088);
#1088 = CARTESIAN_POINT('',(2.748179286567,0.385232158598,2.632135290978
    ));
#1089 = B_SPLINE_CURVE_WITH_KNOTS('',3,(#1090,#1091,#1092,#1093),
  .UNSPECIFIED.,.F.,.F.,(4,4),(0.,1.),.PIECEWISE_BEZIER_KNOTS.);
#1090 = CARTESIAN_POINT('',(2.748179286567,0.385232158598,2.632135290978
    ));
#1091 = CARTESIAN_POINT('',(2.74554738721,0.404041831239,2.583821206431)
  );
#1092 = CARTESIAN_POINT('',(2.742722720089,0.422824531204,2.53550712199)
  );
#1093 = CARTESIAN_POINT('',(2.739705878452,0.441576313669,2.487193037443
    ));
#1094 = ORIENTED_EDGE('',*,*,#1095,.F.);
#1095 = EDGE_CURVE('',#1096,#1087,#1098,.T.);
#1096 = VERTEX_POINT('',#1097);
#1097 = CARTESIAN_POINT('',(2.744086937128,0.413425945139,2.632135290978
    ));
#1098 = ( BOUNDED_CURVE() B_SPLINE_CURVE(2,(#1099,#1100,#1101),
.UNSPECIFIED.,.F.,.F.) B_SPLINE_CURVE_WITH_KNOTS((3,3),(6.272937333472,
6.28318530718),.PIECEWISE_BEZIER_KNOTS.) CURVE() 
GEOMETRIC_REPRESENTATION_ITEM() RATIONAL_B_SPLINE_CURVE((1.,
0.999986872408,1.)) REPRESENTATION_ITEM('') );
#1099 = CARTESIAN_POINT('',(2.744086937128,0.413425945139,2.632135290978
    ));
#1100 = CARTESIAN_POINT('',(2.746205344775,0.399339536533,2.632135290978
    ));
#1101 = CARTESIAN_POINT('',(2.748179286567,0.385232158598,2.632135290978
    ));
#1102 = ORIENTED_EDGE('',*,*,#1103,.F.);
#1103 = EDGE_CURVE('',#985,#1096,#1104,.T.);
#1104 = B_SPLINE_CURVE_WITH_KNOTS('',3,(#1105,#1106,#1107,#1108),
  .UNSPECIFIED.,.F.,.F.,(4,4),(0.,1.),.PIECEWISE_BEZIER_KNOTS.);
#1105 = CARTESIAN_POINT('',(2.738187068432,0.450915410676,2.522960709764
    ));
#1106 = CARTESIAN_POINT('',(2.740238958682,0.438432539911,2.55935223684)
  );
#1107 = CARTESIAN_POINT('',(2.742205642664,0.425935663252,2.595743763902
    ));
#1108 = CARTESIAN_POINT('',(2.744086937128,0.413425945139,2.632135290978
    ));
#1109 = FACE_BOUND('',#1110,.T.);
#1110 = EDGE_LOOP('',(#1111,#1121,#1128,#1136,#1143,#1151,#1158,#1166,
    #1173,#1181,#1188,#1196));
#1111 = ORIENTED_EDGE('',*,*,#1112,.T.);
#1112 = EDGE_CURVE('',#1113,#1115,#1117,.T.);
#1113 = VERTEX_POINT('',#1114);
#1114 = CARTESIAN_POINT('',(2.698812787845,0.646371726086,2.578483782496
    ));
#1115 = VERTEX_POINT('',#1116);
#1116 = CARTESIAN_POINT('',(2.714796122255,0.575420762021,2.578483782496
    ));
#1117 = ( BOUNDED_CURVE() B_SPLINE_CURVE(2,(#1118,#1119,#1120),
.UNSPECIFIED.,.F.,.F.) B_SPLINE_CURVE_WITH_KNOTS((3,3),(6.257023053135,
6.28318530718),.PIECEWISE_BEZIER_KNOTS.) CURVE() 
GEOMETRIC_REPRESENTATION_ITEM() RATIONAL_B_SPLINE_CURVE((1.,
0.999914443278,1.)) REPRESENTATION_ITEM('') );
#1118 = CARTESIAN_POINT('',(2.698812787845,0.646371726086,2.578483782496
    ));
#1119 = CARTESIAN_POINT('',(2.707268540808,0.611000790031,2.578483782496
    ));
#1120 = CARTESIAN_POINT('',(2.714796122255,0.575420762021,2.578483782496
    ));
#1121 = ORIENTED_EDGE('',*,*,#1122,.F.);
#1122 = EDGE_CURVE('',#1123,#1115,#1125,.T.);
#1123 = VERTEX_POINT('',#1124);
#1124 = CARTESIAN_POINT('',(2.714796122255,0.575420762021,2.510067711603
    ));
#1125 = B_SPLINE_CURVE_WITH_KNOTS('',1,(#1126,#1127),.UNSPECIFIED.,.F.,
  .F.,(2,2),(8.881784197001E-16,6.841607089331E-02),
  .PIECEWISE_BEZIER_KNOTS.);
#1126 = CARTESIAN_POINT('',(2.714796122255,0.575420762021,2.510067711603
    ));
#1127 = CARTESIAN_POINT('',(2.714796122255,0.575420762021,2.578483782496
    ));
#1128 = ORIENTED_EDGE('',*,*,#1129,.F.);
#1129 = EDGE_CURVE('',#1130,#1123,#1132,.T.);
#1130 = VERTEX_POINT('',#1131);
#1131 = CARTESIAN_POINT('',(2.696376363784,0.65647981019,2.510067711603)
  );
#1132 = ( BOUNDED_CURVE() B_SPLINE_CURVE(2,(#1133,#1134,#1135),
.UNSPECIFIED.,.F.,.F.) B_SPLINE_CURVE_WITH_KNOTS((3,3),(6.253282916745,
6.28318530718),.PIECEWISE_BEZIER_KNOTS.) CURVE() 
GEOMETRIC_REPRESENTATION_ITEM() RATIONAL_B_SPLINE_CURVE((1.,
0.999888232963,1.)) REPRESENTATION_ITEM('') );
#1133 = CARTESIAN_POINT('',(2.696376363784,0.65647981019,2.510067711603)
  );
#1134 = CARTESIAN_POINT('',(2.706192253003,0.616087995069,2.510067711603
    ));
#1135 = CARTESIAN_POINT('',(2.714796122255,0.575420762021,2.510067711603
    ));
#1136 = ORIENTED_EDGE('',*,*,#1137,.F.);
#1137 = EDGE_CURVE('',#1138,#1130,#1140,.T.);
#1138 = VERTEX_POINT('',#1139);
#1139 = CARTESIAN_POINT('',(2.696376363784,0.65647981019,2.486881110069)
  );
#1140 = B_SPLINE_CURVE_WITH_KNOTS('',1,(#1141,#1142),.UNSPECIFIED.,.F.,
  .F.,(2,2),(0.,2.318660153379E-02),.PIECEWISE_BEZIER_KNOTS.);
#1141 = CARTESIAN_POINT('',(2.696376363784,0.65647981019,2.486881110069)
  );
#1142 = CARTESIAN_POINT('',(2.696376363784,0.65647981019,2.510067711603)
  );
#1143 = ORIENTED_EDGE('',*,*,#1144,.T.);
#1144 = EDGE_CURVE('',#1138,#1145,#1147,.T.);
#1145 = VERTEX_POINT('',#1146);
#1146 = CARTESIAN_POINT('',(2.720108942377,0.549710152877,2.486881110069
    ));
#1147 = ( BOUNDED_CURVE() B_SPLINE_CURVE(2,(#1148,#1149,#1150),
.UNSPECIFIED.,.F.,.F.) B_SPLINE_CURVE_WITH_KNOTS((3,3),(6.243839072361,
6.28318530718),.PIECEWISE_BEZIER_KNOTS.) CURVE() 
GEOMETRIC_REPRESENTATION_ITEM() RATIONAL_B_SPLINE_CURVE((1.,
0.999806490467,1.)) REPRESENTATION_ITEM('') );
#1148 = CARTESIAN_POINT('',(2.696376363784,0.65647981019,2.486881110069)
  );
#1149 = CARTESIAN_POINT('',(2.709293034597,0.603328458558,2.486881110069
    ));
#1150 = CARTESIAN_POINT('',(2.720108942377,0.549710152877,2.486881110069
    ));
#1151 = ORIENTED_EDGE('',*,*,#1152,.F.);
#1152 = EDGE_CURVE('',#1153,#1145,#1155,.T.);
#1153 = VERTEX_POINT('',#1154);
#1154 = CARTESIAN_POINT('',(2.720108942377,0.549710152877,2.6902577585)
  );
#1155 = B_SPLINE_CURVE_WITH_KNOTS('',1,(#1156,#1157),.UNSPECIFIED.,.F.,
  .F.,(2,2),(0.,0.203376648431),.PIECEWISE_BEZIER_KNOTS.);
#1156 = CARTESIAN_POINT('',(2.720108942377,0.549710152877,2.6902577585)
  );
#1157 = CARTESIAN_POINT('',(2.720108942377,0.549710152877,2.486881110069
    ));
#1158 = ORIENTED_EDGE('',*,*,#1159,.F.);
#1159 = EDGE_CURVE('',#1160,#1153,#1162,.T.);
#1160 = VERTEX_POINT('',#1161);
#1161 = CARTESIAN_POINT('',(2.697465240936,0.651982838371,2.6902577585)
  );
#1162 = ( BOUNDED_CURVE() B_SPLINE_CURVE(2,(#1163,#1164,#1165),
.UNSPECIFIED.,.F.,.F.) B_SPLINE_CURVE_WITH_KNOTS((3,3),(6.245503433054,
6.28318530718),.PIECEWISE_BEZIER_KNOTS.) CURVE() 
GEOMETRIC_REPRESENTATION_ITEM() RATIONAL_B_SPLINE_CURVE((1.,
0.999822514796,1.)) REPRESENTATION_ITEM('') );
#1163 = CARTESIAN_POINT('',(2.697465240936,0.651982838371,2.6902577585)
  );
#1164 = CARTESIAN_POINT('',(2.709750662291,0.601059835145,2.6902577585)
  );
#1165 = CARTESIAN_POINT('',(2.720108942377,0.549710152877,2.6902577585)
  );
#1166 = ORIENTED_EDGE('',*,*,#1167,.F.);
#1167 = EDGE_CURVE('',#1168,#1160,#1170,.T.);
#1168 = VERTEX_POINT('',#1169);
#1169 = CARTESIAN_POINT('',(2.697465240936,0.651982838371,2.666863205383
    ));
#1170 = B_SPLINE_CURVE_WITH_KNOTS('',1,(#1171,#1172),.UNSPECIFIED.,.F.,
  .F.,(2,2),(0.,2.339455311681E-02),.PIECEWISE_BEZIER_KNOTS.);
#1171 = CARTESIAN_POINT('',(2.697465240936,0.651982838371,2.666863205383
    ));
#1172 = CARTESIAN_POINT('',(2.697465240936,0.651982838371,2.6902577585)
  );
#1173 = ORIENTED_EDGE('',*,*,#1174,.T.);
#1174 = EDGE_CURVE('',#1168,#1175,#1177,.T.);
#1175 = VERTEX_POINT('',#1176);
#1176 = CARTESIAN_POINT('',(2.714796122255,0.575420762021,2.666863205383
    ));
#1177 = ( BOUNDED_CURVE() B_SPLINE_CURVE(2,(#1178,#1179,#1180),
.UNSPECIFIED.,.F.,.F.) B_SPLINE_CURVE_WITH_KNOTS((3,3),(6.254947277438,
6.28318530718),.PIECEWISE_BEZIER_KNOTS.) CURVE() 
GEOMETRIC_REPRESENTATION_ITEM() RATIONAL_B_SPLINE_CURVE((1.,
0.999900328365,1.)) REPRESENTATION_ITEM('') );
#1178 = CARTESIAN_POINT('',(2.697465240936,0.651982838371,2.666863205383
    ));
#1179 = CARTESIAN_POINT('',(2.706671208061,0.613824155812,2.666863205383
    ));
#1180 = CARTESIAN_POINT('',(2.714796122255,0.575420762021,2.666863205383
    ));
#1181 = ORIENTED_EDGE('',*,*,#1182,.F.);
#1182 = EDGE_CURVE('',#1183,#1175,#1185,.T.);
#1183 = VERTEX_POINT('',#1184);
#1184 = CARTESIAN_POINT('',(2.714796122255,0.575420762021,2.601774359821
    ));
#1185 = B_SPLINE_CURVE_WITH_KNOTS('',1,(#1186,#1187),.UNSPECIFIED.,.F.,
  .F.,(2,2),(0.,6.508884556213E-02),.PIECEWISE_BEZIER_KNOTS.);
#1186 = CARTESIAN_POINT('',(2.714796122255,0.575420762021,2.601774359821
    ));
#1187 = CARTESIAN_POINT('',(2.714796122255,0.575420762021,2.666863205383
    ));
#1188 = ORIENTED_EDGE('',*,*,#1189,.F.);
#1189 = EDGE_CURVE('',#1190,#1183,#1192,.T.);
#1190 = VERTEX_POINT('',#1191);
#1191 = CARTESIAN_POINT('',(2.698812787845,0.646371726086,2.601774359821
    ));
#1192 = ( BOUNDED_CURVE() B_SPLINE_CURVE(2,(#1193,#1194,#1195),
.UNSPECIFIED.,.F.,.F.) B_SPLINE_CURVE_WITH_KNOTS((3,3),(6.257023053135,
6.28318530718),.PIECEWISE_BEZIER_KNOTS.) CURVE() 
GEOMETRIC_REPRESENTATION_ITEM() RATIONAL_B_SPLINE_CURVE((1.,
0.999914443278,1.)) REPRESENTATION_ITEM('') );
#1193 = CARTESIAN_POINT('',(2.698812787845,0.646371726086,2.601774359821
    ));
#1194 = CARTESIAN_POINT('',(2.707268540808,0.611000790031,2.601774359821
    ));
#1195 = CARTESIAN_POINT('',(2.714796122255,0.575420762021,2.601774359821
    ));
#1196 = ORIENTED_EDGE('',*,*,#1197,.F.);
#1197 = EDGE_CURVE('',#1113,#1190,#1198,.T.);
#1198 = B_SPLINE_CURVE_WITH_KNOTS('',1,(#1199,#1200),.UNSPECIFIED.,.F.,
  .F.,(2,2),(-8.881784197001E-16,2.32905773253E-02),
  .PIECEWISE_BEZIER_KNOTS.);
#1199 = CARTESIAN_POINT('',(2.698812787845,0.646371726086,2.578483782496
    ));
#1200 = CARTESIAN_POINT('',(2.698812787845,0.646371726086,2.601774359821
    ));
#1201 = FACE_BOUND('',#1202,.T.);
#1202 = EDGE_LOOP('',(#1203,#1212,#1220,#1229,#1238,#1247,#1256));
#1203 = ORIENTED_EDGE('',*,*,#1204,.F.);
#1204 = EDGE_CURVE('',#1205,#1207,#1209,.T.);
#1205 = VERTEX_POINT('',#1206);
#1206 = CARTESIAN_POINT('',(2.687046270534,0.693748425083,2.6902577585)
  );
#1207 = VERTEX_POINT('',#1208);
#1208 = CARTESIAN_POINT('',(2.687046270534,0.693748425083,2.486881110069
    ));
#1209 = B_SPLINE_CURVE_WITH_KNOTS('',1,(#1210,#1211),.UNSPECIFIED.,.F.,
  .F.,(2,2),(-8.881784197001E-16,0.203376648431),
  .PIECEWISE_BEZIER_KNOTS.);
#1210 = CARTESIAN_POINT('',(2.687046270534,0.693748425083,2.6902577585)
  );
#1211 = CARTESIAN_POINT('',(2.687046270534,0.693748425083,2.486881110069
    ));
#1212 = ORIENTED_EDGE('',*,*,#1213,.F.);
#1213 = EDGE_CURVE('',#1214,#1205,#1216,.T.);
#1214 = VERTEX_POINT('',#1215);
#1215 = CARTESIAN_POINT('',(2.671982572733,0.749776170124,2.6902577585)
  );
#1216 = ( BOUNDED_CURVE() B_SPLINE_CURVE(2,(#1217,#1218,#1219),
.UNSPECIFIED.,.F.,.F.) B_SPLINE_CURVE_WITH_KNOTS((3,3),(6.262315346126,
6.28318530718),.PIECEWISE_BEZIER_KNOTS.) CURVE() 
GEOMETRIC_REPRESENTATION_ITEM() RATIONAL_B_SPLINE_CURVE((1.,
0.999945556085,1.)) REPRESENTATION_ITEM('') );
#1217 = CARTESIAN_POINT('',(2.671982572733,0.749776170124,2.6902577585)
  );
#1218 = CARTESIAN_POINT('',(2.679806756458,0.721840895153,2.6902577585)
  );
#1219 = CARTESIAN_POINT('',(2.687046270534,0.693748425083,2.6902577585)
  );
#1220 = ORIENTED_EDGE('',*,*,#1221,.F.);
#1221 = EDGE_CURVE('',#1222,#1214,#1224,.T.);
#1222 = VERTEX_POINT('',#1223);
#1223 = CARTESIAN_POINT('',(2.650223819395,0.823520776251,2.663328028468
    ));
#1224 = B_SPLINE_CURVE_WITH_KNOTS('',3,(#1225,#1226,#1227,#1228),
  .UNSPECIFIED.,.F.,.F.,(4,4),(0.,1.),.PIECEWISE_BEZIER_KNOTS.);
#1225 = CARTESIAN_POINT('',(2.650223819395,0.823520776251,2.663328028468
    ));
#1226 = CARTESIAN_POINT('',(2.656360236789,0.803735529662,2.680838371006
    ));
#1227 = CARTESIAN_POINT('',(2.663744400362,0.779189540067,2.689815145224
    ));
#1228 = CARTESIAN_POINT('',(2.671982572733,0.749776170124,2.6902577585)
  );
#1229 = ORIENTED_EDGE('',*,*,#1230,.F.);
#1230 = EDGE_CURVE('',#1231,#1222,#1233,.T.);
#1231 = VERTEX_POINT('',#1232);
#1232 = CARTESIAN_POINT('',(2.640976151199,0.852766209043,2.591168829074
    ));
#1233 = B_SPLINE_CURVE_WITH_KNOTS('',3,(#1234,#1235,#1236,#1237),
  .UNSPECIFIED.,.F.,.F.,(4,4),(0.,1.),.PIECEWISE_BEZIER_KNOTS.);
#1234 = CARTESIAN_POINT('',(2.640976151199,0.852766209043,2.591168829074
    ));
#1235 = CARTESIAN_POINT('',(2.64114254334,0.85224992494,2.621450066871)
  );
#1236 = CARTESIAN_POINT('',(2.643689109722,0.844590210415,2.643077750524
    ));
#1237 = CARTESIAN_POINT('',(2.650223819395,0.823520776251,2.663328028468
    ));
#1238 = ORIENTED_EDGE('',*,*,#1239,.F.);
#1239 = EDGE_CURVE('',#1240,#1231,#1242,.T.);
#1240 = VERTEX_POINT('',#1241);
#1241 = CARTESIAN_POINT('',(2.650223819395,0.823520776251,2.515370476975
    ));
#1242 = B_SPLINE_CURVE_WITH_KNOTS('',3,(#1243,#1244,#1245,#1246),
  .UNSPECIFIED.,.F.,.F.,(4,4),(0.,1.),.PIECEWISE_BEZIER_KNOTS.);
#1243 = CARTESIAN_POINT('',(2.650223819395,0.823520776251,2.515370476975
    ));
#1244 = CARTESIAN_POINT('',(2.643642492687,0.84474051465,2.536993084004)
  );
#1245 = CARTESIAN_POINT('',(2.641132051428,0.852282479407,2.559779664146
    ));
#1246 = CARTESIAN_POINT('',(2.640976151199,0.852766209043,2.591168829074
    ));
#1247 = ORIENTED_EDGE('',*,*,#1248,.F.);
#1248 = EDGE_CURVE('',#1249,#1240,#1251,.T.);
#1249 = VERTEX_POINT('',#1250);
#1250 = CARTESIAN_POINT('',(2.672542676762,0.747773504558,2.486881110069
    ));
#1251 = B_SPLINE_CURVE_WITH_KNOTS('',3,(#1252,#1253,#1254,#1255),
  .UNSPECIFIED.,.F.,.F.,(4,4),(0.,1.),.PIECEWISE_BEZIER_KNOTS.);
#1252 = CARTESIAN_POINT('',(2.672542676762,0.747773504558,2.486881110069
    ));
#1253 = CARTESIAN_POINT('',(2.66396522187,0.778486683605,2.487376647868)
  );
#1254 = CARTESIAN_POINT('',(2.657129259944,0.801256018933,2.49451491078)
  );
#1255 = CARTESIAN_POINT('',(2.650223819395,0.823520776251,2.515370476975
    ));
#1256 = ORIENTED_EDGE('',*,*,#1257,.T.);
#1257 = EDGE_CURVE('',#1249,#1207,#1258,.T.);
#1258 = ( BOUNDED_CURVE() B_SPLINE_CURVE(2,(#1259,#1260,#1261),
.UNSPECIFIED.,.F.,.F.) B_SPLINE_CURVE_WITH_KNOTS((3,3),(6.263063373403,
6.28318530718),.PIECEWISE_BEZIER_KNOTS.) CURVE() 
GEOMETRIC_REPRESENTATION_ITEM() RATIONAL_B_SPLINE_CURVE((1.,0.9999493889
,1.)) REPRESENTATION_ITEM('') );
#1259 = CARTESIAN_POINT('',(2.672542676762,0.747773504558,2.486881110069
    ));
#1260 = CARTESIAN_POINT('',(2.680066255086,0.72083392737,2.486881110069)
  );
#1261 = CARTESIAN_POINT('',(2.687046270534,0.693748425083,2.486881110069
    ));
#1262 = FACE_BOUND('',#1263,.T.);
#1263 = EDGE_LOOP('',(#1264,#1274,#1283,#1291,#1300,#1308,#1317,#1325));
#1264 = ORIENTED_EDGE('',*,*,#1265,.T.);
#1265 = EDGE_CURVE('',#1266,#1268,#1270,.T.);
#1266 = VERTEX_POINT('',#1267);
#1267 = CARTESIAN_POINT('',(2.628339532914,0.891023515061,2.486881110069
    ));
#1268 = VERTEX_POINT('',#1269);
#1269 = CARTESIAN_POINT('',(2.637493807892,0.863496656192,2.486881110069
    ));
#1270 = ( BOUNDED_CURVE() B_SPLINE_CURVE(2,(#1271,#1272,#1273),
.UNSPECIFIED.,.F.,.F.) B_SPLINE_CURVE_WITH_KNOTS((3,3),(6.272750326652,
6.28318530718),.PIECEWISE_BEZIER_KNOTS.) CURVE() 
GEOMETRIC_REPRESENTATION_ITEM() RATIONAL_B_SPLINE_CURVE((1.,
0.999986388929,1.)) REPRESENTATION_ITEM('') );
#1271 = CARTESIAN_POINT('',(2.628339532914,0.891023515061,2.486881110069
    ));
#1272 = CARTESIAN_POINT('',(2.632988481614,0.877283967013,2.486881110069
    ));
#1273 = CARTESIAN_POINT('',(2.637493807892,0.863496656192,2.486881110069
    ));
#1274 = ORIENTED_EDGE('',*,*,#1275,.F.);
#1275 = EDGE_CURVE('',#1276,#1268,#1278,.T.);
#1276 = VERTEX_POINT('',#1277);
#1277 = CARTESIAN_POINT('',(2.612410682268,0.93678242957,2.6902577585));
#1278 = B_SPLINE_CURVE_WITH_KNOTS('',3,(#1279,#1280,#1281,#1282),
  .UNSPECIFIED.,.F.,.F.,(4,4),(0.,1.),.PIECEWISE_BEZIER_KNOTS.);
#1279 = CARTESIAN_POINT('',(2.612410682268,0.93678242957,2.6902577585));
#1280 = CARTESIAN_POINT('',(2.621111522522,0.912471905047,2.622465542197
    ));
#1281 = CARTESIAN_POINT('',(2.629473646295,0.888040152921,2.554673326372
    ));
#1282 = CARTESIAN_POINT('',(2.637493807892,0.863496656192,2.486881110069
    ));
#1283 = ORIENTED_EDGE('',*,*,#1284,.F.);
#1284 = EDGE_CURVE('',#1285,#1276,#1287,.T.);
#1285 = VERTEX_POINT('',#1286);
#1286 = CARTESIAN_POINT('',(2.602817412339,0.96316579253,2.6902577585));
#1287 = ( BOUNDED_CURVE() B_SPLINE_CURVE(2,(#1288,#1289,#1290),
.UNSPECIFIED.,.F.,.F.) B_SPLINE_CURVE_WITH_KNOTS((3,3),(6.273086938927,
6.28318530718),.PIECEWISE_BEZIER_KNOTS.) CURVE() 
GEOMETRIC_REPRESENTATION_ITEM() RATIONAL_B_SPLINE_CURVE((1.,
0.999987252897,1.)) REPRESENTATION_ITEM('') );
#1288 = CARTESIAN_POINT('',(2.602817412339,0.96316579253,2.6902577585));
#1289 = CARTESIAN_POINT('',(2.607680655098,0.949998330349,2.6902577585)
  );
#1290 = CARTESIAN_POINT('',(2.612410682268,0.93678242957,2.6902577585));
#1291 = ORIENTED_EDGE('',*,*,#1292,.F.);
#1292 = EDGE_CURVE('',#1293,#1285,#1295,.T.);
#1293 = VERTEX_POINT('',#1294);
#1294 = CARTESIAN_POINT('',(2.574970924216,1.035446778063,2.486881110069
    ));
#1295 = B_SPLINE_CURVE_WITH_KNOTS('',3,(#1296,#1297,#1298,#1299),
  .UNSPECIFIED.,.F.,.F.,(4,4),(0.,1.),.PIECEWISE_BEZIER_KNOTS.);
#1296 = CARTESIAN_POINT('',(2.574970924216,1.035446778063,2.486881110069
    ));
#1297 = CARTESIAN_POINT('',(2.584588159471,1.011483994215,2.554673326372
    ));
#1298 = CARTESIAN_POINT('',(2.593871523268,0.98738721471,2.622465542197)
  );
#1299 = CARTESIAN_POINT('',(2.602817412339,0.96316579253,2.6902577585));
#1300 = ORIENTED_EDGE('',*,*,#1301,.T.);
#1301 = EDGE_CURVE('',#1293,#1302,#1304,.T.);
#1302 = VERTEX_POINT('',#1303);
#1303 = CARTESIAN_POINT('',(2.585635131376,1.008468946514,2.486881110069
    ));
#1304 = ( BOUNDED_CURVE() B_SPLINE_CURVE(2,(#1305,#1306,#1307),
.UNSPECIFIED.,.F.,.F.) B_SPLINE_CURVE_WITH_KNOTS((3,3),(6.272750326653,
6.28318530718),.PIECEWISE_BEZIER_KNOTS.) CURVE() 
GEOMETRIC_REPRESENTATION_ITEM() RATIONAL_B_SPLINE_CURVE((1.,
0.999986388929,1.)) REPRESENTATION_ITEM('') );
#1305 = CARTESIAN_POINT('',(2.574970924216,1.035446778063,2.486881110069
    ));
#1306 = CARTESIAN_POINT('',(2.580373406721,1.021985682739,2.486881110069
    ));
#1307 = CARTESIAN_POINT('',(2.585635131376,1.008468946514,2.486881110069
    ));
#1308 = ORIENTED_EDGE('',*,*,#1309,.F.);
#1309 = EDGE_CURVE('',#1310,#1302,#1312,.T.);
#1310 = VERTEX_POINT('',#1311);
#1311 = CARTESIAN_POINT('',(2.593087708759,0.989110841916,2.542508158591
    ));
#1312 = B_SPLINE_CURVE_WITH_KNOTS('',3,(#1313,#1314,#1315,#1316),
  .UNSPECIFIED.,.F.,.F.,(4,4),(0.,1.),.PIECEWISE_BEZIER_KNOTS.);
#1313 = CARTESIAN_POINT('',(2.593087708759,0.989110841916,2.542508158591
    ));
#1314 = CARTESIAN_POINT('',(2.590627601472,0.995572781501,2.523965809083
    ));
#1315 = CARTESIAN_POINT('',(2.58814338596,1.00202554291,2.505423459576)
  );
#1316 = CARTESIAN_POINT('',(2.585635131376,1.008468946514,2.486881110069
    ));
#1317 = ORIENTED_EDGE('',*,*,#1318,.T.);
#1318 = EDGE_CURVE('',#1310,#1319,#1321,.T.);
#1319 = VERTEX_POINT('',#1320);
#1320 = CARTESIAN_POINT('',(2.622009293831,0.909517548003,2.542508158591
    ));
#1321 = ( BOUNDED_CURVE() B_SPLINE_CURVE(2,(#1322,#1323,#1324),
.UNSPECIFIED.,.F.,.F.) B_SPLINE_CURVE_WITH_KNOTS((3,3),(6.252721896286,
6.28318530718),.PIECEWISE_BEZIER_KNOTS.) CURVE() 
GEOMETRIC_REPRESENTATION_ITEM() RATIONAL_B_SPLINE_CURVE((1.,
0.999883999817,1.)) REPRESENTATION_ITEM('') );
#1322 = CARTESIAN_POINT('',(2.593087708759,0.989110841916,2.542508158591
    ));
#1323 = CARTESIAN_POINT('',(2.608154718982,0.949534474528,2.542508158591
    ));
#1324 = CARTESIAN_POINT('',(2.622009293831,0.909517548003,2.542508158591
    ));
#1325 = ORIENTED_EDGE('',*,*,#1326,.F.);
#1326 = EDGE_CURVE('',#1266,#1319,#1327,.T.);
#1327 = B_SPLINE_CURVE_WITH_KNOTS('',3,(#1328,#1329,#1330,#1331),
  .UNSPECIFIED.,.F.,.F.,(4,4),(0.,1.),.PIECEWISE_BEZIER_KNOTS.);
#1328 = CARTESIAN_POINT('',(2.628339532914,0.891023515061,2.486881110069
    ));
#1329 = CARTESIAN_POINT('',(2.626251135245,0.897195585776,2.505423459576
    ));
#1330 = CARTESIAN_POINT('',(2.624141038163,0.903360314221,2.523965809083
    ));
#1331 = CARTESIAN_POINT('',(2.622009293831,0.909517548003,2.542508158591
    ));
#1332 = FACE_BOUND('',#1333,.T.);
#1333 = EDGE_LOOP('',(#1334,#1335,#1342,#1350,#1357,#1365,#1372,#1380,
    #1387,#1395,#1402,#1410,#1417,#1425,#1432,#1440,#1447,#1455,#1462,
    #1470,#1475,#1476));
#1334 = ORIENTED_EDGE('',*,*,#258,.T.);
#1335 = ORIENTED_EDGE('',*,*,#1336,.T.);
#1336 = EDGE_CURVE('',#252,#1337,#1339,.T.);
#1337 = VERTEX_POINT('',#1338);
#1338 = CARTESIAN_POINT('',(2.775,3.40451810163E-16,3.012894639933));
#1339 = B_SPLINE_CURVE_WITH_KNOTS('',1,(#1340,#1341),.UNSPECIFIED.,.F.,
  .F.,(2,2),(0.2,4.517105460067),.PIECEWISE_BEZIER_KNOTS.);
#1340 = CARTESIAN_POINT('',(2.775,3.40451810163E-16,7.3300001));
#1341 = CARTESIAN_POINT('',(2.775,3.40451810163E-16,3.012894639933));
#1342 = ORIENTED_EDGE('',*,*,#1343,.F.);
#1343 = EDGE_CURVE('',#1344,#1337,#1346,.T.);
#1344 = VERTEX_POINT('',#1345);
#1345 = CARTESIAN_POINT('',(2.774951779286,1.637390745564E-02,
    3.012894639933));
#1346 = ( BOUNDED_CURVE() B_SPLINE_CURVE(2,(#1347,#1348,#1349),
.UNSPECIFIED.,.F.,.F.) B_SPLINE_CURVE_WITH_KNOTS((3,3),(6.273741462796,
6.279631391619),.PIECEWISE_BEZIER_KNOTS.) CURVE() 
GEOMETRIC_REPRESENTATION_ITEM() RATIONAL_B_SPLINE_CURVE((1.,
0.999995663595,1.)) REPRESENTATION_ITEM('') );
#1347 = CARTESIAN_POINT('',(2.774951779286,1.637390745564E-02,
    3.012894639933));
#1348 = CARTESIAN_POINT('',(2.775,8.187024732168E-03,3.012894639933));
#1349 = CARTESIAN_POINT('',(2.775,1.701763729933E-15,3.012894639933));
#1350 = ORIENTED_EDGE('',*,*,#1351,.F.);
#1351 = EDGE_CURVE('',#1352,#1344,#1354,.T.);
#1352 = VERTEX_POINT('',#1353);
#1353 = CARTESIAN_POINT('',(2.774951779286,1.637390745564E-02,
    2.832704593036));
#1354 = B_SPLINE_CURVE_WITH_KNOTS('',1,(#1355,#1356),.UNSPECIFIED.,.F.,
  .F.,(2,2),(0.,0.180190046898),.PIECEWISE_BEZIER_KNOTS.);
#1355 = CARTESIAN_POINT('',(2.774951779286,1.637390745564E-02,
    2.832704593036));
#1356 = CARTESIAN_POINT('',(2.774951779286,1.637390745564E-02,
    3.012894639933));
#1357 = ORIENTED_EDGE('',*,*,#1358,.F.);
#1358 = EDGE_CURVE('',#1359,#1352,#1361,.T.);
#1359 = VERTEX_POINT('',#1360);
#1360 = CARTESIAN_POINT('',(2.773294933381,9.735123600666E-02,
    2.832704593036));
#1361 = ( BOUNDED_CURVE() B_SPLINE_CURVE(2,(#1362,#1363,#1364),
.UNSPECIFIED.,.F.,.F.) B_SPLINE_CURVE_WITH_KNOTS((3,3),(6.254049644704,
6.28318530718),.PIECEWISE_BEZIER_KNOTS.) CURVE() 
GEOMETRIC_REPRESENTATION_ITEM() RATIONAL_B_SPLINE_CURVE((1.,
0.999893891023,1.)) REPRESENTATION_ITEM('') );
#1362 = CARTESIAN_POINT('',(2.773294933381,9.735123600666E-02,
    2.832704593036));
#1363 = CARTESIAN_POINT('',(2.77471323009,5.687464091071E-02,
    2.832704593036));
#1364 = CARTESIAN_POINT('',(2.774951779286,1.637390745564E-02,
    2.832704593036));
#1365 = ORIENTED_EDGE('',*,*,#1366,.F.);
#1366 = EDGE_CURVE('',#1367,#1359,#1369,.T.);
#1367 = VERTEX_POINT('',#1368);
#1368 = CARTESIAN_POINT('',(2.773294933381,9.735123600666E-02,
    2.809517991502));
#1369 = B_SPLINE_CURVE_WITH_KNOTS('',1,(#1370,#1371),.UNSPECIFIED.,.F.,
  .F.,(2,2),(-8.881784197001E-16,2.318660153378E-02),
  .PIECEWISE_BEZIER_KNOTS.);
#1370 = CARTESIAN_POINT('',(2.773294933381,9.735123600666E-02,
    2.809517991502));
#1371 = CARTESIAN_POINT('',(2.773294933381,9.735123600666E-02,
    2.832704593036));
#1372 = ORIENTED_EDGE('',*,*,#1373,.T.);
#1373 = EDGE_CURVE('',#1367,#1374,#1376,.T.);
#1374 = VERTEX_POINT('',#1375);
#1375 = CARTESIAN_POINT('',(2.775,3.40451810163E-16,2.809517991502));
#1376 = ( BOUNDED_CURVE() B_SPLINE_CURVE(2,(#1377,#1378,#1379),
.UNSPECIFIED.,.F.,.F.) B_SPLINE_CURVE_WITH_KNOTS((3,3),(6.24460580032,
6.279631391619),.PIECEWISE_BEZIER_KNOTS.) CURVE() 
GEOMETRIC_REPRESENTATION_ITEM() RATIONAL_B_SPLINE_CURVE((1.,
0.999846654914,1.)) REPRESENTATION_ITEM('') );
#1377 = CARTESIAN_POINT('',(2.773294933381,9.735123600666E-02,
    2.809517991502));
#1378 = CARTESIAN_POINT('',(2.775,4.869054977151E-02,2.809517991502));
#1379 = CARTESIAN_POINT('',(2.775,1.701763729933E-15,2.809517991502));
#1380 = ORIENTED_EDGE('',*,*,#1381,.T.);
#1381 = EDGE_CURVE('',#1374,#1382,#1384,.T.);
#1382 = VERTEX_POINT('',#1383);
#1383 = CARTESIAN_POINT('',(2.775,3.40451810163E-16,2.6902577585));
#1384 = B_SPLINE_CURVE_WITH_KNOTS('',1,(#1385,#1386),.UNSPECIFIED.,.F.,
  .F.,(2,2),(4.720482108498,4.8397423415),.PIECEWISE_BEZIER_KNOTS.);
#1385 = CARTESIAN_POINT('',(2.775,3.40451810163E-16,2.809517991502));
#1386 = CARTESIAN_POINT('',(2.775,3.40451810163E-16,2.6902577585));
#1387 = ORIENTED_EDGE('',*,*,#1388,.F.);
#1388 = EDGE_CURVE('',#1389,#1382,#1391,.T.);
#1389 = VERTEX_POINT('',#1390);
#1390 = CARTESIAN_POINT('',(2.773381199727,9.485730864529E-02,
    2.6902577585));
#1391 = ( BOUNDED_CURVE() B_SPLINE_CURVE(2,(#1392,#1393,#1394),
.UNSPECIFIED.,.F.,.F.) B_SPLINE_CURVE_WITH_KNOTS((3,3),(6.245503433054,
6.279631391619),.PIECEWISE_BEZIER_KNOTS.) CURVE() 
GEOMETRIC_REPRESENTATION_ITEM() RATIONAL_B_SPLINE_CURVE((1.,
0.999854413838,1.)) REPRESENTATION_ITEM('') );
#1392 = CARTESIAN_POINT('',(2.773381199727,9.485730864529E-02,
    2.6902577585));
#1393 = CARTESIAN_POINT('',(2.775,4.744246725051E-02,2.6902577585));
#1394 = CARTESIAN_POINT('',(2.775,1.701763729933E-15,2.6902577585));
#1395 = ORIENTED_EDGE('',*,*,#1396,.F.);
#1396 = EDGE_CURVE('',#1397,#1389,#1399,.T.);
#1397 = VERTEX_POINT('',#1398);
#1398 = CARTESIAN_POINT('',(2.773381199727,9.485730864529E-02,
    2.666863205383));
#1399 = B_SPLINE_CURVE_WITH_KNOTS('',1,(#1400,#1401),.UNSPECIFIED.,.F.,
  .F.,(2,2),(0.,2.339455311681E-02),.PIECEWISE_BEZIER_KNOTS.);
#1400 = CARTESIAN_POINT('',(2.773381199727,9.485730864529E-02,
    2.666863205383));
#1401 = CARTESIAN_POINT('',(2.773381199727,9.485730864529E-02,
    2.6902577585));
#1402 = ORIENTED_EDGE('',*,*,#1403,.T.);
#1403 = EDGE_CURVE('',#1397,#1404,#1406,.T.);
#1404 = VERTEX_POINT('',#1405);
#1405 = CARTESIAN_POINT('',(2.774951779286,1.637390745564E-02,
    2.666863205383));
#1406 = ( BOUNDED_CURVE() B_SPLINE_CURVE(2,(#1407,#1408,#1409),
.UNSPECIFIED.,.F.,.F.) B_SPLINE_CURVE_WITH_KNOTS((3,3),(6.254947277438,
6.28318530718),.PIECEWISE_BEZIER_KNOTS.) CURVE() 
GEOMETRIC_REPRESENTATION_ITEM() RATIONAL_B_SPLINE_CURVE((1.,
0.999900328365,1.)) REPRESENTATION_ITEM('') );
#1407 = CARTESIAN_POINT('',(2.773381199727,9.485730864529E-02,
    2.666863205383));
#1408 = CARTESIAN_POINT('',(2.77472058048,5.562669630535E-02,
    2.666863205383));
#1409 = CARTESIAN_POINT('',(2.774951779286,1.637390745564E-02,
    2.666863205383));
#1410 = ORIENTED_EDGE('',*,*,#1411,.F.);
#1411 = EDGE_CURVE('',#1412,#1404,#1414,.T.);
#1412 = VERTEX_POINT('',#1413);
#1413 = CARTESIAN_POINT('',(2.774951779286,1.637390745564E-02,
    2.601774359821));
#1414 = B_SPLINE_CURVE_WITH_KNOTS('',1,(#1415,#1416),.UNSPECIFIED.,.F.,
  .F.,(2,2),(0.,6.508884556213E-02),.PIECEWISE_BEZIER_KNOTS.);
#1415 = CARTESIAN_POINT('',(2.774951779286,1.637390745564E-02,
    2.601774359821));
#1416 = CARTESIAN_POINT('',(2.774951779286,1.637390745564E-02,
    2.666863205383));
#1417 = ORIENTED_EDGE('',*,*,#1418,.F.);
#1418 = EDGE_CURVE('',#1419,#1412,#1421,.T.);
#1419 = VERTEX_POINT('',#1420);
#1420 = CARTESIAN_POINT('',(2.773572116277,8.908981225542E-02,
    2.601774359821));
#1421 = ( BOUNDED_CURVE() B_SPLINE_CURVE(2,(#1422,#1423,#1424),
.UNSPECIFIED.,.F.,.F.) B_SPLINE_CURVE_WITH_KNOTS((3,3),(6.257023053134,
6.28318530718),.PIECEWISE_BEZIER_KNOTS.) CURVE() 
GEOMETRIC_REPRESENTATION_ITEM() RATIONAL_B_SPLINE_CURVE((1.,
0.999914443278,1.)) REPRESENTATION_ITEM('') );
#1422 = CARTESIAN_POINT('',(2.773572116277,8.908981225542E-02,
    2.601774359821));
#1423 = CARTESIAN_POINT('',(2.774737577905,5.274088414381E-02,
    2.601774359821));
#1424 = CARTESIAN_POINT('',(2.774951779286,1.637390745564E-02,
    2.601774359821));
#1425 = ORIENTED_EDGE('',*,*,#1426,.F.);
#1426 = EDGE_CURVE('',#1427,#1419,#1429,.T.);
#1427 = VERTEX_POINT('',#1428);
#1428 = CARTESIAN_POINT('',(2.773572116277,8.908981225542E-02,
    2.578483782496));
#1429 = B_SPLINE_CURVE_WITH_KNOTS('',1,(#1430,#1431),.UNSPECIFIED.,.F.,
  .F.,(2,2),(-6.661338147751E-16,2.32905773253E-02),
  .PIECEWISE_BEZIER_KNOTS.);
#1430 = CARTESIAN_POINT('',(2.773572116277,8.908981225542E-02,
    2.578483782496));
#1431 = CARTESIAN_POINT('',(2.773572116277,8.908981225542E-02,
    2.601774359821));
#1432 = ORIENTED_EDGE('',*,*,#1433,.T.);
#1433 = EDGE_CURVE('',#1427,#1434,#1436,.T.);
#1434 = VERTEX_POINT('',#1435);
#1435 = CARTESIAN_POINT('',(2.774951779286,1.637390745564E-02,
    2.578483782496));
#1436 = ( BOUNDED_CURVE() B_SPLINE_CURVE(2,(#1437,#1438,#1439),
.UNSPECIFIED.,.F.,.F.) B_SPLINE_CURVE_WITH_KNOTS((3,3),(6.257023053134,
6.28318530718),.PIECEWISE_BEZIER_KNOTS.) CURVE() 
GEOMETRIC_REPRESENTATION_ITEM() RATIONAL_B_SPLINE_CURVE((1.,
0.999914443278,1.)) REPRESENTATION_ITEM('') );
#1437 = CARTESIAN_POINT('',(2.773572116277,8.908981225542E-02,
    2.578483782496));
#1438 = CARTESIAN_POINT('',(2.774737577905,5.274088414381E-02,
    2.578483782496));
#1439 = CARTESIAN_POINT('',(2.774951779286,1.637390745564E-02,
    2.578483782496));
#1440 = ORIENTED_EDGE('',*,*,#1441,.F.);
#1441 = EDGE_CURVE('',#1442,#1434,#1444,.T.);
#1442 = VERTEX_POINT('',#1443);
#1443 = CARTESIAN_POINT('',(2.774951779286,1.637390745564E-02,
    2.510067711603));
#1444 = B_SPLINE_CURVE_WITH_KNOTS('',1,(#1445,#1446),.UNSPECIFIED.,.F.,
  .F.,(2,2),(8.881784197001E-16,6.841607089331E-02),
  .PIECEWISE_BEZIER_KNOTS.);
#1445 = CARTESIAN_POINT('',(2.774951779286,1.637390745564E-02,
    2.510067711603));
#1446 = CARTESIAN_POINT('',(2.774951779286,1.637390745564E-02,
    2.578483782496));
#1447 = ORIENTED_EDGE('',*,*,#1448,.F.);
#1448 = EDGE_CURVE('',#1449,#1442,#1451,.T.);
#1449 = VERTEX_POINT('',#1450);
#1450 = CARTESIAN_POINT('',(2.773219474833,9.948140358878E-02,
    2.510067711603));
#1451 = ( BOUNDED_CURVE() B_SPLINE_CURVE(2,(#1452,#1453,#1454),
.UNSPECIFIED.,.F.,.F.) B_SPLINE_CURVE_WITH_KNOTS((3,3),(6.253282916744,
6.28318530718),.PIECEWISE_BEZIER_KNOTS.) CURVE() 
GEOMETRIC_REPRESENTATION_ITEM() RATIONAL_B_SPLINE_CURVE((1.,
0.999888232963,1.)) REPRESENTATION_ITEM('') );
#1452 = CARTESIAN_POINT('',(2.773219474833,9.948140358878E-02,
    2.510067711603));
#1453 = CARTESIAN_POINT('',(2.774706951556,5.794060649827E-02,
    2.510067711603));
#1454 = CARTESIAN_POINT('',(2.774951779286,1.637390745564E-02,
    2.510067711603));
#1455 = ORIENTED_EDGE('',*,*,#1456,.F.);
#1456 = EDGE_CURVE('',#1457,#1449,#1459,.T.);
#1457 = VERTEX_POINT('',#1458);
#1458 = CARTESIAN_POINT('',(2.773219474833,9.948140358878E-02,
    2.486881110069));
#1459 = B_SPLINE_CURVE_WITH_KNOTS('',1,(#1460,#1461),.UNSPECIFIED.,.F.,
  .F.,(2,2),(0.,2.318660153379E-02),.PIECEWISE_BEZIER_KNOTS.);
#1460 = CARTESIAN_POINT('',(2.773219474833,9.948140358878E-02,
    2.486881110069));
#1461 = CARTESIAN_POINT('',(2.773219474833,9.948140358878E-02,
    2.510067711603));
#1462 = ORIENTED_EDGE('',*,*,#1463,.T.);
#1463 = EDGE_CURVE('',#1457,#1464,#1466,.T.);
#1464 = VERTEX_POINT('',#1465);
#1465 = CARTESIAN_POINT('',(2.775,3.40451810163E-16,2.486881110069));
#1466 = ( BOUNDED_CURVE() B_SPLINE_CURVE(2,(#1467,#1468,#1469),
.UNSPECIFIED.,.F.,.F.) B_SPLINE_CURVE_WITH_KNOTS((3,3),(6.243839072361,
6.279631391619),.PIECEWISE_BEZIER_KNOTS.) CURVE() 
GEOMETRIC_REPRESENTATION_ITEM() RATIONAL_B_SPLINE_CURVE((1.,
0.999839868009,1.)) REPRESENTATION_ITEM('') );
#1467 = CARTESIAN_POINT('',(2.773219474833,9.948140358878E-02,
    2.486881110069));
#1468 = CARTESIAN_POINT('',(2.775,4.975663577681E-02,2.486881110069));
#1469 = CARTESIAN_POINT('',(2.775,1.701763729933E-15,2.486881110069));
#1470 = ORIENTED_EDGE('',*,*,#1471,.T.);
#1471 = EDGE_CURVE('',#1464,#211,#1472,.T.);
#1472 = B_SPLINE_CURVE_WITH_KNOTS('',1,(#1473,#1474),.UNSPECIFIED.,.F.,
  .F.,(2,2),(5.043118989931,5.8),.PIECEWISE_BEZIER_KNOTS.);
#1473 = CARTESIAN_POINT('',(2.775,3.40451810163E-16,2.486881110069));
#1474 = CARTESIAN_POINT('',(2.775,3.40451810163E-16,1.7300001));
#1475 = ORIENTED_EDGE('',*,*,#210,.T.);
#1476 = ORIENTED_EDGE('',*,*,#1477,.F.);
#1477 = EDGE_CURVE('',#259,#204,#1478,.T.);
#1478 = B_SPLINE_CURVE_WITH_KNOTS('',1,(#1479,#1480),.UNSPECIFIED.,.F.,
  .F.,(2,2),(0.2,5.8),.PIECEWISE_BEZIER_KNOTS.);
#1479 = CARTESIAN_POINT('',(-2.785,0.,7.3300001));
#1480 = CARTESIAN_POINT('',(-2.785,0.,1.7300001));
#1481 = ( BOUNDED_SURFACE() B_SPLINE_SURFACE(2,1,(
    (#1482,#1483)
    ,(#1484,#1485)
    ,(#1486,#1487)
    ,(#1488,#1489)
    ,(#1490,#1491
)),.UNSPECIFIED.,.F.,.F.,.F.) B_SPLINE_SURFACE_WITH_KNOTS((3,2,3),(2,2),
  (0.,1.570796326795,3.14159265359),(0.2,5.8),.PIECEWISE_BEZIER_KNOTS.) 
GEOMETRIC_REPRESENTATION_ITEM() RATIONAL_B_SPLINE_SURFACE((
    (1.,1.)
    ,(0.707106781187,0.707106781187)
    ,(1.,1.)
    ,(0.707106781187,0.707106781187)
,(1.,1.))) REPRESENTATION_ITEM('') SURFACE() );
#1482 = CARTESIAN_POINT('',(-2.785,0.,7.3300001));
#1483 = CARTESIAN_POINT('',(-2.785,0.,1.7300001));
#1484 = CARTESIAN_POINT('',(-2.785,2.78,7.3300001));
#1485 = CARTESIAN_POINT('',(-2.785,2.78,1.7300001));
#1486 = CARTESIAN_POINT('',(-5.E-03,2.78,7.3300001));
#1487 = CARTESIAN_POINT('',(-5.E-03,2.78,1.7300001));
#1488 = CARTESIAN_POINT('',(2.775,2.78,7.3300001));
#1489 = CARTESIAN_POINT('',(2.775,2.78,1.7300001));
#1490 = CARTESIAN_POINT('',(2.775,3.40451810163E-16,7.3300001));
#1491 = CARTESIAN_POINT('',(2.775,3.40451810163E-16,1.7300001));
#1492 = ADVANCED_FACE('',(#1493,#1669,#1740,#1751,#1762,#1820,#1906),
  #1950,.F.);
#1493 = FACE_BOUND('',#1494,.T.);
#1494 = EDGE_LOOP('',(#1495,#1504,#1520,#1544,#1568,#1584,#1591,#1607,
    #1631,#1655));
#1495 = ORIENTED_EDGE('',*,*,#1496,.T.);
#1496 = EDGE_CURVE('',#1497,#1499,#1501,.T.);
#1497 = VERTEX_POINT('',#1498);
#1498 = CARTESIAN_POINT('',(0.181585365854,-2.360725812146,1.5300001));
#1499 = VERTEX_POINT('',#1500);
#1500 = CARTESIAN_POINT('',(0.181585365854,-2.393652641414,1.5300001));
#1501 = B_SPLINE_CURVE_WITH_KNOTS('',1,(#1502,#1503),.UNSPECIFIED.,.F.,
  .F.,(2,2),(4.440892098501E-16,3.292682926829E-02),
  .PIECEWISE_BEZIER_KNOTS.);
#1502 = CARTESIAN_POINT('',(0.181585365854,-2.360725812146,1.5300001));
#1503 = CARTESIAN_POINT('',(0.181585365854,-2.393652641414,1.5300001));
#1504 = ORIENTED_EDGE('',*,*,#1505,.T.);
#1505 = EDGE_CURVE('',#1499,#1506,#1508,.T.);
#1506 = VERTEX_POINT('',#1507);
#1507 = CARTESIAN_POINT('',(0.264131097561,-2.412859958487,1.5300001));
#1508 = B_SPLINE_CURVE_WITH_KNOTS('',3,(#1509,#1510,#1511,#1512,#1513,
    #1514,#1515,#1516,#1517,#1518,#1519),.UNSPECIFIED.,.F.,.F.,(4,1,1,1,
    1,1,1,1,4),(0.,0.112448389909,0.226527675213,0.344401949326,
    0.465864972487,0.591659449352,0.722168487025,0.858606387555,1.),
  .UNSPECIFIED.);
#1509 = CARTESIAN_POINT('',(0.181585365854,-2.393652641414,1.5300001));
#1510 = CARTESIAN_POINT('',(0.184400383086,-2.395206416315,1.5300001));
#1511 = CARTESIAN_POINT('',(0.190071245158,-2.398336501294,1.5300001));
#1512 = CARTESIAN_POINT('',(0.199140144503,-2.402198728327,1.5300001));
#1513 = CARTESIAN_POINT('',(0.20868282438,-2.40553008091,1.5300001));
#1514 = CARTESIAN_POINT('',(0.218782808124,-2.408186535779,1.5300001));
#1515 = CARTESIAN_POINT('',(0.229372954018,-2.410321460504,1.5300001));
#1516 = CARTESIAN_POINT('',(0.240509376788,-2.41176752152,1.5300001));
#1517 = CARTESIAN_POINT('',(0.252147957468,-2.412719416423,1.5300001));
#1518 = CARTESIAN_POINT('',(0.260089499471,-2.412812557344,1.5300001));
#1519 = CARTESIAN_POINT('',(0.264131097561,-2.412859958487,1.5300001));
#1520 = ORIENTED_EDGE('',*,*,#1521,.T.);
#1521 = EDGE_CURVE('',#1506,#1522,#1524,.T.);
#1522 = VERTEX_POINT('',#1523);
#1523 = CARTESIAN_POINT('',(0.404756097561,-2.264860720682,1.5300001));
#1524 = B_SPLINE_CURVE_WITH_KNOTS('',3,(#1525,#1526,#1527,#1528,#1529,
    #1530,#1531,#1532,#1533,#1534,#1535,#1536,#1537,#1538,#1539,#1540,
    #1541,#1542,#1543),.UNSPECIFIED.,.F.,.F.,(4,1,1,1,1,1,1,1,1,1,1,1,1,
    1,1,1,4),(0.,6.783324845577E-02,0.132655536508,0.195050884051,
    0.255582933069,0.314799834147,0.373600472826,0.432545595327,
    0.492430629284,0.552671255963,0.612513044188,0.672610250357,
    0.733838369314,0.796594238568,0.861449799291,0.929198942351,1.),
  .UNSPECIFIED.);
#1525 = CARTESIAN_POINT('',(0.264131097561,-2.412859958487,1.5300001));
#1526 = CARTESIAN_POINT('',(0.269338816026,-2.412743811362,1.5300001));
#1527 = CARTESIAN_POINT('',(0.279523094426,-2.412516672612,1.5300001));
#1528 = CARTESIAN_POINT('',(0.294400832986,-2.410606106935,1.5300001));
#1529 = CARTESIAN_POINT('',(0.30847571602,-2.407416352466,1.5300001));
#1530 = CARTESIAN_POINT('',(0.321742854891,-2.402934630172,1.5300001));
#1531 = CARTESIAN_POINT('',(0.334248664268,-2.397271506862,1.5300001));
#1532 = CARTESIAN_POINT('',(0.345928362813,-2.390271327744,1.5300001));
#1533 = CARTESIAN_POINT('',(0.356704659414,-2.38187896413,1.5300001));
#1534 = CARTESIAN_POINT('',(0.366720152812,-2.37243271682,1.5300001));
#1535 = CARTESIAN_POINT('',(0.375656658302,-2.361863684701,1.5300001));
#1536 = CARTESIAN_POINT('',(0.383478882399,-2.350431679256,1.5300001));
#1537 = CARTESIAN_POINT('',(0.390096446972,-2.338172257968,1.5300001));
#1538 = CARTESIAN_POINT('',(0.395466153422,-2.325078690562,1.5300001));
#1539 = CARTESIAN_POINT('',(0.399650743448,-2.311177555884,1.5300001));
#1540 = CARTESIAN_POINT('',(0.402577104495,-2.296456340954,1.5300001));
#1541 = CARTESIAN_POINT('',(0.404478845686,-2.280935699389,1.5300001));
#1542 = CARTESIAN_POINT('',(0.404662333013,-2.270297160392,1.5300001));
#1543 = CARTESIAN_POINT('',(0.404756097561,-2.264860720682,1.5300001));
#1544 = ORIENTED_EDGE('',*,*,#1545,.T.);
#1545 = EDGE_CURVE('',#1522,#1546,#1548,.T.);
#1546 = VERTEX_POINT('',#1547);
#1547 = CARTESIAN_POINT('',(0.252183689024,-2.105542885317,1.5300001));
#1548 = B_SPLINE_CURVE_WITH_KNOTS('',3,(#1549,#1550,#1551,#1552,#1553,
    #1554,#1555,#1556,#1557,#1558,#1559,#1560,#1561,#1562,#1563,#1564,
    #1565,#1566,#1567),.UNSPECIFIED.,.F.,.F.,(4,1,1,1,1,1,1,1,1,1,1,1,1,
    1,1,1,4),(0.,7.064371857535E-02,0.138256715509,0.203364124218,
    0.266324093803,0.327904761543,0.388737715173,0.449423528109,
    0.510861011459,0.572079396048,0.631734428731,0.691117210579,
    0.75036002949,0.810032900531,0.871362450829,0.934427141231,1.),
  .UNSPECIFIED.);
#1549 = CARTESIAN_POINT('',(0.404756097561,-2.264860720682,1.5300001));
#1550 = CARTESIAN_POINT('',(0.404625440524,-2.25902406735,1.5300001));
#1551 = CARTESIAN_POINT('',(0.404369731834,-2.247601161879,1.5300001));
#1552 = CARTESIAN_POINT('',(0.402337197129,-2.230898074366,1.5300001));
#1553 = CARTESIAN_POINT('',(0.399002139608,-2.215059875729,1.5300001));
#1554 = CARTESIAN_POINT('',(0.394229234306,-2.200110607925,1.5300001));
#1555 = CARTESIAN_POINT('',(0.38815132724,-2.18603006605,1.5300001));
#1556 = CARTESIAN_POINT('',(0.380763252796,-2.172799514682,1.5300001));
#1557 = CARTESIAN_POINT('',(0.371944962444,-2.160487121746,1.5300001));
#1558 = CARTESIAN_POINT('',(0.361836890097,-2.14917657394,1.5300001));
#1559 = CARTESIAN_POINT('',(0.35077350368,-2.138924521989,1.5300001));
#1560 = CARTESIAN_POINT('',(0.338836156527,-2.129978395147,1.5300001));
#1561 = CARTESIAN_POINT('',(0.326168842554,-2.12241817048,1.5300001));
#1562 = CARTESIAN_POINT('',(0.312789491725,-2.116193993557,1.5300001));
#1563 = CARTESIAN_POINT('',(0.298648919324,-2.111442814698,1.5300001));
#1564 = CARTESIAN_POINT('',(0.28381328519,-2.108030644252,1.5300001));
#1565 = CARTESIAN_POINT('',(0.268231495753,-2.105916265734,1.5300001));
#1566 = CARTESIAN_POINT('',(0.257602042115,-2.105668952821,1.5300001));
#1567 = CARTESIAN_POINT('',(0.252183689024,-2.105542885317,1.5300001));
#1568 = ORIENTED_EDGE('',*,*,#1569,.T.);
#1569 = EDGE_CURVE('',#1546,#1570,#1572,.T.);
#1570 = VERTEX_POINT('',#1571);
#1571 = CARTESIAN_POINT('',(0.181585365854,-2.117433129219,1.5300001));
#1572 = B_SPLINE_CURVE_WITH_KNOTS('',3,(#1573,#1574,#1575,#1576,#1577,
    #1578,#1579,#1580,#1581,#1582,#1583),.UNSPECIFIED.,.F.,.F.,(4,1,1,1,
    1,1,1,1,4),(0.,0.145186866472,0.28344261092,0.416524365929,
    0.543181123535,0.665153082638,0.781360206313,0.892756655642,1.),
  .UNSPECIFIED.);
#1573 = CARTESIAN_POINT('',(0.252183689024,-2.105542885317,1.5300001));
#1574 = CARTESIAN_POINT('',(0.248695630837,-2.105567888647,1.5300001));
#1575 = CARTESIAN_POINT('',(0.241886031983,-2.105616701667,1.5300001));
#1576 = CARTESIAN_POINT('',(0.231896258492,-2.106228821446,1.5300001));
#1577 = CARTESIAN_POINT('',(0.222372075354,-2.107093934062,1.5300001));
#1578 = CARTESIAN_POINT('',(0.213299699952,-2.108442920583,1.5300001));
#1579 = CARTESIAN_POINT('',(0.204679599107,-2.1100487484,1.5300001));
#1580 = CARTESIAN_POINT('',(0.196544065019,-2.112142021958,1.5300001));
#1581 = CARTESIAN_POINT('',(0.188841956119,-2.114487519243,1.5300001));
#1582 = CARTESIAN_POINT('',(0.183973402907,-2.11646377233,1.5300001));
#1583 = CARTESIAN_POINT('',(0.181585365854,-2.117433129219,1.5300001));
#1584 = ORIENTED_EDGE('',*,*,#1585,.T.);
#1585 = EDGE_CURVE('',#1570,#1586,#1588,.T.);
#1586 = VERTEX_POINT('',#1587);
#1587 = CARTESIAN_POINT('',(0.181585365854,-2.157677031658,1.5300001));
#1588 = B_SPLINE_CURVE_WITH_KNOTS('',1,(#1589,#1590),.UNSPECIFIED.,.F.,
  .F.,(2,2),(0.,4.024390243902E-02),.PIECEWISE_BEZIER_KNOTS.);
#1589 = CARTESIAN_POINT('',(0.181585365854,-2.117433129219,1.5300001));
#1590 = CARTESIAN_POINT('',(0.181585365854,-2.157677031658,1.5300001));
#1591 = ORIENTED_EDGE('',*,*,#1592,.T.);
#1592 = EDGE_CURVE('',#1586,#1593,#1595,.T.);
#1593 = VERTEX_POINT('',#1594);
#1594 = CARTESIAN_POINT('',(0.25184070122,-2.138469714585,1.5300001));
#1595 = B_SPLINE_CURVE_WITH_KNOTS('',3,(#1596,#1597,#1598,#1599,#1600,
    #1601,#1602,#1603,#1604,#1605,#1606),.UNSPECIFIED.,.F.,.F.,(4,1,1,1,
    1,1,1,1,4),(0.,0.125279696736,0.249419970742,0.373356799493,
    0.496681278782,0.620202915744,0.745086320161,0.871269195019,1.),
  .UNSPECIFIED.);
#1596 = CARTESIAN_POINT('',(0.181585365854,-2.157677031658,1.5300001));
#1597 = CARTESIAN_POINT('',(0.184249481542,-2.156128979761,1.5300001));
#1598 = CARTESIAN_POINT('',(0.189553482704,-2.153046955546,1.5300001));
#1599 = CARTESIAN_POINT('',(0.197895712188,-2.149193818718,1.5300001));
#1600 = CARTESIAN_POINT('',(0.206398685133,-2.145851777266,1.5300001));
#1601 = CARTESIAN_POINT('',(0.2151219266,-2.143183877017,1.5300001));
#1602 = CARTESIAN_POINT('',(0.224010535098,-2.14102952709,1.5300001));
#1603 = CARTESIAN_POINT('',(0.2331111207,-2.139584543877,1.5300001));
#1604 = CARTESIAN_POINT('',(0.24240644102,-2.1386123538,1.5300001));
#1605 = CARTESIAN_POINT('',(0.248675062307,-2.138517576764,1.5300001));
#1606 = CARTESIAN_POINT('',(0.25184070122,-2.138469714585,1.5300001));
#1607 = ORIENTED_EDGE('',*,*,#1608,.T.);
#1608 = EDGE_CURVE('',#1593,#1609,#1611,.T.);
#1609 = VERTEX_POINT('',#1610);
#1610 = CARTESIAN_POINT('',(0.364512195122,-2.262402641414,1.5300001));
#1611 = B_SPLINE_CURVE_WITH_KNOTS('',3,(#1612,#1613,#1614,#1615,#1616,
    #1617,#1618,#1619,#1620,#1621,#1622,#1623,#1624,#1625,#1626,#1627,
    #1628,#1629,#1630),.UNSPECIFIED.,.F.,.F.,(4,1,1,1,1,1,1,1,1,1,1,1,1,
    1,1,1,4),(0.,6.460397028839E-02,0.126702413963,0.186756814036,
    0.245505687365,0.30365202445,0.361503073971,0.420240222928,
    0.480033340777,0.540678134776,0.601191806381,0.662333502477,
    0.724739510297,0.789467736173,0.856504860044,0.926312095839,1.),
  .UNSPECIFIED.);
#1612 = CARTESIAN_POINT('',(0.25184070122,-2.138469714585,1.5300001));
#1613 = CARTESIAN_POINT('',(0.255905509779,-2.138557115411,1.5300001));
#1614 = CARTESIAN_POINT('',(0.263877482004,-2.138728527408,1.5300001));
#1615 = CARTESIAN_POINT('',(0.275523925317,-2.140411476314,1.5300001));
#1616 = CARTESIAN_POINT('',(0.286632143272,-2.142929358084,1.5300001));
#1617 = CARTESIAN_POINT('',(0.297157592667,-2.146614473267,1.5300001));
#1618 = CARTESIAN_POINT('',(0.307088321808,-2.151370682371,1.5300001));
#1619 = CARTESIAN_POINT('',(0.316415719007,-2.157215824565,1.5300001));
#1620 = CARTESIAN_POINT('',(0.325197067324,-2.164024580277,1.5300001));
#1621 = CARTESIAN_POINT('',(0.333298410274,-2.171881891453,1.5300001));
#1622 = CARTESIAN_POINT('',(0.340680987207,-2.180570822586,1.5300001));
#1623 = CARTESIAN_POINT('',(0.347017836308,-2.190148835787,1.5300001));
#1624 = CARTESIAN_POINT('',(0.352512846374,-2.200356689814,1.5300001));
#1625 = CARTESIAN_POINT('',(0.356913239751,-2.211373478884,1.5300001));
#1626 = CARTESIAN_POINT('',(0.360321089524,-2.223114676044,1.5300001));
#1627 = CARTESIAN_POINT('',(0.362780838733,-2.235564260444,1.5300001));
#1628 = CARTESIAN_POINT('',(0.364205983538,-2.24874519347,1.5300001));
#1629 = CARTESIAN_POINT('',(0.364408300778,-2.257768814131,1.5300001));
#1630 = CARTESIAN_POINT('',(0.364512195122,-2.262402641414,1.5300001));
#1631 = ORIENTED_EDGE('',*,*,#1632,.T.);
#1632 = EDGE_CURVE('',#1609,#1633,#1635,.T.);
#1633 = VERTEX_POINT('',#1634);
#1634 = CARTESIAN_POINT('',(0.258586128049,-2.379933129219,1.5300001));
#1635 = B_SPLINE_CURVE_WITH_KNOTS('',3,(#1636,#1637,#1638,#1639,#1640,
    #1641,#1642,#1643,#1644,#1645,#1646,#1647,#1648,#1649,#1650,#1651,
    #1652,#1653,#1654),.UNSPECIFIED.,.F.,.F.,(4,1,1,1,1,1,1,1,1,1,1,1,1,
    1,1,1,4),(0.,7.377411937406E-02,0.144079114726,0.211348518309,
    0.27607688574,0.33852091582,0.399885116693,0.460254067465,
    0.520588964391,0.580207684563,0.638632908553,0.696364549491,
    0.75400177466,0.812805681374,0.872754425526,0.935181996978,1.),
  .UNSPECIFIED.);
#1636 = CARTESIAN_POINT('',(0.364512195122,-2.262402641414,1.5300001));
#1637 = CARTESIAN_POINT('',(0.364428849167,-2.266789003123,1.5300001));
#1638 = CARTESIAN_POINT('',(0.364266076483,-2.275355464061,1.5300001));
#1639 = CARTESIAN_POINT('',(0.362867600496,-2.287858767438,1.5300001));
#1640 = CARTESIAN_POINT('',(0.360602227223,-2.299680783991,1.5300001));
#1641 = CARTESIAN_POINT('',(0.357418524714,-2.310811093345,1.5300001));
#1642 = CARTESIAN_POINT('',(0.353267093157,-2.321239395168,1.5300001));
#1643 = CARTESIAN_POINT('',(0.348252309331,-2.330993397424,1.5300001));
#1644 = CARTESIAN_POINT('',(0.342256504005,-2.340029052915,1.5300001));
#1645 = CARTESIAN_POINT('',(0.335412034066,-2.348304060689,1.5300001));
#1646 = CARTESIAN_POINT('',(0.32781286956,-2.355724756322,1.5300001));
#1647 = CARTESIAN_POINT('',(0.319618142178,-2.362241794418,1.5300001));
#1648 = CARTESIAN_POINT('',(0.310809998137,-2.367681492468,1.5300001));
#1649 = CARTESIAN_POINT('',(0.301470571934,-2.372192262732,1.5300001));
#1650 = CARTESIAN_POINT('',(0.291557666218,-2.37567971029,1.5300001));
#1651 = CARTESIAN_POINT('',(0.281052725125,-2.378124533334,1.5300001));
#1652 = CARTESIAN_POINT('',(0.270006003299,-2.379638804126,1.5300001));
#1653 = CARTESIAN_POINT('',(0.262440130552,-2.379833799794,1.5300001));
#1654 = CARTESIAN_POINT('',(0.258586128049,-2.379933129219,1.5300001));
#1655 = ORIENTED_EDGE('',*,*,#1656,.T.);
#1656 = EDGE_CURVE('',#1633,#1497,#1657,.T.);
#1657 = B_SPLINE_CURVE_WITH_KNOTS('',3,(#1658,#1659,#1660,#1661,#1662,
    #1663,#1664,#1665,#1666,#1667,#1668),.UNSPECIFIED.,.F.,.F.,(4,1,1,1,
    1,1,1,1,4),(0.,0.135294604763,0.266765657925,0.394816018836,
    0.520051654434,0.642175702971,0.762651820558,0.881834004381,1.),
  .UNSPECIFIED.);
#1658 = CARTESIAN_POINT('',(0.258586128049,-2.379933129219,1.5300001));
#1659 = CARTESIAN_POINT('',(0.254963501879,-2.379885567055,1.5300001));
#1660 = CARTESIAN_POINT('',(0.247820628331,-2.379791786877,1.5300001));
#1661 = CARTESIAN_POINT('',(0.237287063779,-2.378829394393,1.5300001));
#1662 = CARTESIAN_POINT('',(0.227083995144,-2.377380928598,1.5300001));
#1663 = CARTESIAN_POINT('',(0.217255769888,-2.375248914182,1.5300001));
#1664 = CARTESIAN_POINT('',(0.207768691695,-2.372580113327,1.5300001));
#1665 = CARTESIAN_POINT('',(0.198676545799,-2.369227894994,1.5300001));
#1666 = CARTESIAN_POINT('',(0.189882178263,-2.365398968479,1.5300001));
#1667 = CARTESIAN_POINT('',(0.184343064892,-2.362279078399,1.5300001));
#1668 = CARTESIAN_POINT('',(0.181585365854,-2.360725812146,1.5300001));
#1669 = FACE_BOUND('',#1670,.T.);
#1670 = EDGE_LOOP('',(#1671,#1680,#1687,#1694,#1718));
#1671 = ORIENTED_EDGE('',*,*,#1672,.T.);
#1672 = EDGE_CURVE('',#1673,#1675,#1677,.T.);
#1673 = VERTEX_POINT('',#1674);
#1674 = CARTESIAN_POINT('',(-0.178037347561,-2.409201421902,1.5300001));
#1675 = VERTEX_POINT('',#1676);
#1676 = CARTESIAN_POINT('',(-9.646341463415E-02,-2.409201421902,
    1.5300001));
#1677 = B_SPLINE_CURVE_WITH_KNOTS('',1,(#1678,#1679),.UNSPECIFIED.,.F.,
  .F.,(2,2),(0.,8.157393292683E-02),.PIECEWISE_BEZIER_KNOTS.);
#1678 = CARTESIAN_POINT('',(-0.178037347561,-2.409201421902,1.5300001));
#1679 = CARTESIAN_POINT('',(-9.646341463415E-02,-2.409201421902,
    1.5300001));
#1680 = ORIENTED_EDGE('',*,*,#1681,.T.);
#1681 = EDGE_CURVE('',#1675,#1682,#1684,.T.);
#1682 = VERTEX_POINT('',#1683);
#1683 = CARTESIAN_POINT('',(-9.646341463415E-02,-2.109201421902,
    1.5300001));
#1684 = B_SPLINE_CURVE_WITH_KNOTS('',1,(#1685,#1686),.UNSPECIFIED.,.F.,
  .F.,(2,2),(0.,0.3),.PIECEWISE_BEZIER_KNOTS.);
#1685 = CARTESIAN_POINT('',(-9.646341463415E-02,-2.409201421902,
    1.5300001));
#1686 = CARTESIAN_POINT('',(-9.646341463415E-02,-2.109201421902,
    1.5300001));
#1687 = ORIENTED_EDGE('',*,*,#1688,.T.);
#1688 = EDGE_CURVE('',#1682,#1689,#1691,.T.);
#1689 = VERTEX_POINT('',#1690);
#1690 = CARTESIAN_POINT('',(-0.181124237805,-2.109201421902,1.5300001));
#1691 = B_SPLINE_CURVE_WITH_KNOTS('',1,(#1692,#1693),.UNSPECIFIED.,.F.,
  .F.,(2,2),(0.,8.466082317073E-02),.PIECEWISE_BEZIER_KNOTS.);
#1692 = CARTESIAN_POINT('',(-9.646341463415E-02,-2.109201421902,
    1.5300001));
#1693 = CARTESIAN_POINT('',(-0.181124237805,-2.109201421902,1.5300001));
#1694 = ORIENTED_EDGE('',*,*,#1695,.T.);
#1695 = EDGE_CURVE('',#1689,#1696,#1698,.T.);
#1696 = VERTEX_POINT('',#1697);
#1697 = CARTESIAN_POINT('',(-0.337926829268,-2.255428556048,1.5300001));
#1698 = B_SPLINE_CURVE_WITH_KNOTS('',3,(#1699,#1700,#1701,#1702,#1703,
    #1704,#1705,#1706,#1707,#1708,#1709,#1710,#1711,#1712,#1713,#1714,
    #1715,#1716,#1717),.UNSPECIFIED.,.F.,.F.,(4,1,1,1,1,1,1,1,1,1,1,1,1,
    1,1,1,4),(0.,6.86311786766E-02,0.134566466039,0.198328154011,
    0.260789766641,0.321999151484,0.382721746503,0.443537474036,
    0.505133429485,0.566213874765,0.626105864618,0.685349322161,
    0.744995870348,0.805415841815,0.867636266346,0.932307782302,1.),
  .UNSPECIFIED.);
#1699 = CARTESIAN_POINT('',(-0.181124237805,-2.109201421902,1.5300001));
#1700 = CARTESIAN_POINT('',(-0.186635797025,-2.109324269488,1.5300001));
#1701 = CARTESIAN_POINT('',(-0.197442416711,-2.109565139101,1.5300001));
#1702 = CARTESIAN_POINT('',(-0.213289659967,-2.111394825674,1.5300001));
#1703 = CARTESIAN_POINT('',(-0.22840841287,-2.114569926617,1.5300001));
#1704 = CARTESIAN_POINT('',(-0.242840250979,-2.118901476236,1.5300001));
#1705 = CARTESIAN_POINT('',(-0.256601891194,-2.124434983599,1.5300001));
#1706 = CARTESIAN_POINT('',(-0.269563687535,-2.131366991117,1.5300001));
#1707 = CARTESIAN_POINT('',(-0.281867858752,-2.139456577696,1.5300001));
#1708 = CARTESIAN_POINT('',(-0.293354292492,-2.148721288182,1.5300001));
#1709 = CARTESIAN_POINT('',(-0.303823775159,-2.159022734528,1.5300001));
#1710 = CARTESIAN_POINT('',(-0.312950411432,-2.170289136627,1.5300001));
#1711 = CARTESIAN_POINT('',(-0.320764229534,-2.182369808008,1.5300001));
#1712 = CARTESIAN_POINT('',(-0.327052296821,-2.195360269364,1.5300001));
#1713 = CARTESIAN_POINT('',(-0.331934793356,-2.20919052809,1.5300001));
#1714 = CARTESIAN_POINT('',(-0.335392237602,-2.223850555474,1.5300001));
#1715 = CARTESIAN_POINT('',(-0.337572921912,-2.2393569558,1.5300001));
#1716 = CARTESIAN_POINT('',(-0.3378070789,-2.249990466077,1.5300001));
#1717 = CARTESIAN_POINT('',(-0.337926829268,-2.255428556048,1.5300001));
#1718 = ORIENTED_EDGE('',*,*,#1719,.T.);
#1719 = EDGE_CURVE('',#1696,#1673,#1720,.T.);
#1720 = B_SPLINE_CURVE_WITH_KNOTS('',3,(#1721,#1722,#1723,#1724,#1725,
    #1726,#1727,#1728,#1729,#1730,#1731,#1732,#1733,#1734,#1735,#1736,
    #1737,#1738,#1739),.UNSPECIFIED.,.F.,.F.,(4,1,1,1,1,1,1,1,1,1,1,1,1,
    1,1,1,4),(0.,6.806869584499E-02,0.133427432819,0.196146033813,
    0.257048592449,0.316882663159,0.376187208666,0.435960335364,
    0.496535236863,0.557465343481,0.61768686341,0.677943640697,
    0.738805284806,0.800949336767,0.86481466747,0.931024781079,1.),
  .UNSPECIFIED.);
#1721 = CARTESIAN_POINT('',(-0.337926829268,-2.255428556048,1.5300001));
#1722 = CARTESIAN_POINT('',(-0.337805669107,-2.2610948314,1.5300001));
#1723 = CARTESIAN_POINT('',(-0.337568172428,-2.272201795688,1.5300001));
#1724 = CARTESIAN_POINT('',(-0.335397438839,-2.288411454211,1.5300001));
#1725 = CARTESIAN_POINT('',(-0.331932230014,-2.303770564094,1.5300001));
#1726 = CARTESIAN_POINT('',(-0.327068101456,-2.318270399546,1.5300001));
#1727 = CARTESIAN_POINT('',(-0.320770475623,-2.331900502151,1.5300001));
#1728 = CARTESIAN_POINT('',(-0.312962357724,-2.344611075258,1.5300001));
#1729 = CARTESIAN_POINT('',(-0.303854192592,-2.356499032787,1.5300001));
#1730 = CARTESIAN_POINT('',(-0.293383577721,-2.367401499967,1.5300001));
#1731 = CARTESIAN_POINT('',(-0.281803832251,-2.377159169212,1.5300001));
#1732 = CARTESIAN_POINT('',(-0.269421381367,-2.38583721289,1.5300001));
#1733 = CARTESIAN_POINT('',(-0.256129828189,-2.393047510588,1.5300001));
#1734 = CARTESIAN_POINT('',(-0.24204269565,-2.398938666872,1.5300001));
#1735 = CARTESIAN_POINT('',(-0.227184622178,-2.403615892791,1.5300001));
#1736 = CARTESIAN_POINT('',(-0.211491214858,-2.406800386328,1.5300001));
#1737 = CARTESIAN_POINT('',(-0.195033796698,-2.408893911911,1.5300001));
#1738 = CARTESIAN_POINT('',(-0.183779562655,-2.409097530289,1.5300001));
#1739 = CARTESIAN_POINT('',(-0.178037347561,-2.409201421902,1.5300001));
#1740 = FACE_BOUND('',#1741,.T.);
#1741 = EDGE_LOOP('',(#1742,#1743));
#1742 = ORIENTED_EDGE('',*,*,#295,.T.);
#1743 = ORIENTED_EDGE('',*,*,#1744,.T.);
#1744 = EDGE_CURVE('',#289,#296,#1745,.T.);
#1745 = ( BOUNDED_CURVE() B_SPLINE_CURVE(2,(#1746,#1747,#1748,#1749,
#1750),.UNSPECIFIED.,.F.,.F.) B_SPLINE_CURVE_WITH_KNOTS((3,2,3),(
    3.14159265359,4.712388980385,6.28318530718),
.PIECEWISE_BEZIER_KNOTS.) CURVE() GEOMETRIC_REPRESENTATION_ITEM() 
RATIONAL_B_SPLINE_CURVE((1.,0.707106781187,1.,0.707106781187,1.)) 
REPRESENTATION_ITEM('') );
#1746 = CARTESIAN_POINT('',(-2.05,2.504402704256E-16,1.5300001));
#1747 = CARTESIAN_POINT('',(-2.05,-2.045,1.5300001));
#1748 = CARTESIAN_POINT('',(-5.E-03,-2.045,1.5300001));
#1749 = CARTESIAN_POINT('',(2.04,-2.045,1.5300001));
#1750 = CARTESIAN_POINT('',(2.04,-5.008805408513E-16,1.5300001));
#1751 = FACE_BOUND('',#1752,.T.);
#1752 = EDGE_LOOP('',(#1753,#1761));
#1753 = ORIENTED_EDGE('',*,*,#1754,.T.);
#1754 = EDGE_CURVE('',#194,#192,#1755,.T.);
#1755 = ( BOUNDED_CURVE() B_SPLINE_CURVE(2,(#1756,#1757,#1758,#1759,
#1760),.UNSPECIFIED.,.F.,.F.) B_SPLINE_CURVE_WITH_KNOTS((3,2,3),(0.,
1.570796326795,3.14159265359),.PIECEWISE_BEZIER_KNOTS.) CURVE() 
GEOMETRIC_REPRESENTATION_ITEM() RATIONAL_B_SPLINE_CURVE((1.,
0.707106781187,1.,0.707106781187,1.)) REPRESENTATION_ITEM('') );
#1756 = CARTESIAN_POINT('',(2.575,0.,1.5300001));
#1757 = CARTESIAN_POINT('',(2.575,-2.58,1.5300001));
#1758 = CARTESIAN_POINT('',(-5.E-03,-2.58,1.5300001));
#1759 = CARTESIAN_POINT('',(-2.585,-2.58,1.5300001));
#1760 = CARTESIAN_POINT('',(-2.585,-3.1595887418E-16,1.5300001));
#1761 = ORIENTED_EDGE('',*,*,#191,.T.);
#1762 = FACE_BOUND('',#1763,.T.);
#1763 = EDGE_LOOP('',(#1764,#1773,#1780,#1787,#1794,#1801,#1808,#1815));
#1764 = ORIENTED_EDGE('',*,*,#1765,.T.);
#1765 = EDGE_CURVE('',#1766,#1768,#1770,.T.);
#1766 = VERTEX_POINT('',#1767);
#1767 = CARTESIAN_POINT('',(-0.513536585366,-2.109201421902,1.5300001));
#1768 = VERTEX_POINT('',#1769);
#1769 = CARTESIAN_POINT('',(-0.630609756098,-2.409201421902,1.5300001));
#1770 = B_SPLINE_CURVE_WITH_KNOTS('',1,(#1771,#1772),.UNSPECIFIED.,.F.,
  .F.,(2,2),(0.,0.322034357337),.PIECEWISE_BEZIER_KNOTS.);
#1771 = CARTESIAN_POINT('',(-0.513536585366,-2.109201421902,1.5300001));
#1772 = CARTESIAN_POINT('',(-0.630609756098,-2.409201421902,1.5300001));
#1773 = ORIENTED_EDGE('',*,*,#1774,.T.);
#1774 = EDGE_CURVE('',#1768,#1775,#1777,.T.);
#1775 = VERTEX_POINT('',#1776);
#1776 = CARTESIAN_POINT('',(-0.586707317073,-2.409201421902,1.5300001));
#1777 = B_SPLINE_CURVE_WITH_KNOTS('',1,(#1778,#1779),.UNSPECIFIED.,.F.,
  .F.,(2,2),(0.,4.390243902439E-02),.PIECEWISE_BEZIER_KNOTS.);
#1778 = CARTESIAN_POINT('',(-0.630609756098,-2.409201421902,1.5300001));
#1779 = CARTESIAN_POINT('',(-0.586707317073,-2.409201421902,1.5300001));
#1780 = ORIENTED_EDGE('',*,*,#1781,.T.);
#1781 = EDGE_CURVE('',#1775,#1782,#1784,.T.);
#1782 = VERTEX_POINT('',#1783);
#1783 = CARTESIAN_POINT('',(-0.556352896341,-2.325055080439,1.5300001));
#1784 = B_SPLINE_CURVE_WITH_KNOTS('',1,(#1785,#1786),.UNSPECIFIED.,.F.,
  .F.,(2,2),(0.,8.9453885548E-02),.PIECEWISE_BEZIER_KNOTS.);
#1785 = CARTESIAN_POINT('',(-0.586707317073,-2.409201421902,1.5300001));
#1786 = CARTESIAN_POINT('',(-0.556352896341,-2.325055080439,1.5300001));
#1787 = ORIENTED_EDGE('',*,*,#1788,.T.);
#1788 = EDGE_CURVE('',#1782,#1789,#1791,.T.);
#1789 = VERTEX_POINT('',#1790);
#1790 = CARTESIAN_POINT('',(-0.432419969512,-2.325055080439,1.5300001));
#1791 = B_SPLINE_CURVE_WITH_KNOTS('',1,(#1792,#1793),.UNSPECIFIED.,.F.,
  .F.,(2,2),(0.,0.123932926829),.PIECEWISE_BEZIER_KNOTS.);
#1792 = CARTESIAN_POINT('',(-0.556352896341,-2.325055080439,1.5300001));
#1793 = CARTESIAN_POINT('',(-0.432419969512,-2.325055080439,1.5300001));
#1794 = ORIENTED_EDGE('',*,*,#1795,.T.);
#1795 = EDGE_CURVE('',#1789,#1796,#1798,.T.);
#1796 = VERTEX_POINT('',#1797);
#1797 = CARTESIAN_POINT('',(-0.403780487805,-2.409201421902,1.5300001));
#1798 = B_SPLINE_CURVE_WITH_KNOTS('',1,(#1799,#1800),.UNSPECIFIED.,.F.,
  .F.,(2,2),(0.,8.888659456938E-02),.PIECEWISE_BEZIER_KNOTS.);
#1799 = CARTESIAN_POINT('',(-0.432419969512,-2.325055080439,1.5300001));
#1800 = CARTESIAN_POINT('',(-0.403780487805,-2.409201421902,1.5300001));
#1801 = ORIENTED_EDGE('',*,*,#1802,.T.);
#1802 = EDGE_CURVE('',#1796,#1803,#1805,.T.);
#1803 = VERTEX_POINT('',#1804);
#1804 = CARTESIAN_POINT('',(-0.35987804878,-2.409201421902,1.5300001));
#1805 = B_SPLINE_CURVE_WITH_KNOTS('',1,(#1806,#1807),.UNSPECIFIED.,.F.,
  .F.,(2,2),(0.,4.390243902439E-02),.PIECEWISE_BEZIER_KNOTS.);
#1806 = CARTESIAN_POINT('',(-0.403780487805,-2.409201421902,1.5300001));
#1807 = CARTESIAN_POINT('',(-0.35987804878,-2.409201421902,1.5300001));
#1808 = ORIENTED_EDGE('',*,*,#1809,.T.);
#1809 = EDGE_CURVE('',#1803,#1810,#1812,.T.);
#1810 = VERTEX_POINT('',#1811);
#1811 = CARTESIAN_POINT('',(-0.473292682927,-2.109201421902,1.5300001));
#1812 = B_SPLINE_CURVE_WITH_KNOTS('',1,(#1813,#1814),.UNSPECIFIED.,.F.,
  .F.,(2,2),(0.,0.320722433326),.PIECEWISE_BEZIER_KNOTS.);
#1813 = CARTESIAN_POINT('',(-0.35987804878,-2.409201421902,1.5300001));
#1814 = CARTESIAN_POINT('',(-0.473292682927,-2.109201421902,1.5300001));
#1815 = ORIENTED_EDGE('',*,*,#1816,.T.);
#1816 = EDGE_CURVE('',#1810,#1766,#1817,.T.);
#1817 = B_SPLINE_CURVE_WITH_KNOTS('',1,(#1818,#1819),.UNSPECIFIED.,.F.,
  .F.,(2,2),(0.,4.024390243902E-02),.PIECEWISE_BEZIER_KNOTS.);
#1818 = CARTESIAN_POINT('',(-0.473292682927,-2.109201421902,1.5300001));
#1819 = CARTESIAN_POINT('',(-0.513536585366,-2.109201421902,1.5300001));
#1820 = FACE_BOUND('',#1821,.T.);
#1821 = EDGE_LOOP('',(#1822,#1831,#1838,#1845,#1852,#1859,#1866,#1873,
    #1880,#1887,#1894,#1901));
#1822 = ORIENTED_EDGE('',*,*,#1823,.T.);
#1823 = EDGE_CURVE('',#1824,#1826,#1828,.T.);
#1824 = VERTEX_POINT('',#1825);
#1825 = CARTESIAN_POINT('',(-3.792682926829E-02,-2.376274592634,
    1.5300001));
#1826 = VERTEX_POINT('',#1827);
#1827 = CARTESIAN_POINT('',(-3.792682926829E-02,-2.409201421902,
    1.5300001));
#1828 = B_SPLINE_CURVE_WITH_KNOTS('',1,(#1829,#1830),.UNSPECIFIED.,.F.,
  .F.,(2,2),(0.,3.292682926829E-02),.PIECEWISE_BEZIER_KNOTS.);
#1829 = CARTESIAN_POINT('',(-3.792682926829E-02,-2.376274592634,
    1.5300001));
#1830 = CARTESIAN_POINT('',(-3.792682926829E-02,-2.409201421902,
    1.5300001));
#1831 = ORIENTED_EDGE('',*,*,#1832,.T.);
#1832 = EDGE_CURVE('',#1826,#1833,#1835,.T.);
#1833 = VERTEX_POINT('',#1834);
#1834 = CARTESIAN_POINT('',(0.123048780488,-2.409201421902,1.5300001));
#1835 = B_SPLINE_CURVE_WITH_KNOTS('',1,(#1836,#1837),.UNSPECIFIED.,.F.,
  .F.,(2,2),(0.,0.160975609756),.PIECEWISE_BEZIER_KNOTS.);
#1836 = CARTESIAN_POINT('',(-3.792682926829E-02,-2.409201421902,
    1.5300001));
#1837 = CARTESIAN_POINT('',(0.123048780488,-2.409201421902,1.5300001));
#1838 = ORIENTED_EDGE('',*,*,#1839,.T.);
#1839 = EDGE_CURVE('',#1833,#1840,#1842,.T.);
#1840 = VERTEX_POINT('',#1841);
#1841 = CARTESIAN_POINT('',(0.123048780488,-2.109201421902,1.5300001));
#1842 = B_SPLINE_CURVE_WITH_KNOTS('',1,(#1843,#1844),.UNSPECIFIED.,.F.,
  .F.,(2,2),(0.,0.3),.PIECEWISE_BEZIER_KNOTS.);
#1843 = CARTESIAN_POINT('',(0.123048780488,-2.409201421902,1.5300001));
#1844 = CARTESIAN_POINT('',(0.123048780488,-2.109201421902,1.5300001));
#1845 = ORIENTED_EDGE('',*,*,#1846,.T.);
#1846 = EDGE_CURVE('',#1840,#1847,#1849,.T.);
#1847 = VERTEX_POINT('',#1848);
#1848 = CARTESIAN_POINT('',(-3.060975609756E-02,-2.109201421902,
    1.5300001));
#1849 = B_SPLINE_CURVE_WITH_KNOTS('',1,(#1850,#1851),.UNSPECIFIED.,.F.,
  .F.,(2,2),(0.,0.153658536585),.PIECEWISE_BEZIER_KNOTS.);
#1850 = CARTESIAN_POINT('',(0.123048780488,-2.109201421902,1.5300001));
#1851 = CARTESIAN_POINT('',(-3.060975609756E-02,-2.109201421902,
    1.5300001));
#1852 = ORIENTED_EDGE('',*,*,#1853,.T.);
#1853 = EDGE_CURVE('',#1847,#1854,#1856,.T.);
#1854 = VERTEX_POINT('',#1855);
#1855 = CARTESIAN_POINT('',(-3.060975609756E-02,-2.14212825117,1.5300001
    ));
#1856 = B_SPLINE_CURVE_WITH_KNOTS('',1,(#1857,#1858),.UNSPECIFIED.,.F.,
  .F.,(2,2),(0.,3.292682926829E-02),.PIECEWISE_BEZIER_KNOTS.);
#1857 = CARTESIAN_POINT('',(-3.060975609756E-02,-2.109201421902,
    1.5300001));
#1858 = CARTESIAN_POINT('',(-3.060975609756E-02,-2.14212825117,1.5300001
    ));
#1859 = ORIENTED_EDGE('',*,*,#1860,.T.);
#1860 = EDGE_CURVE('',#1854,#1861,#1863,.T.);
#1861 = VERTEX_POINT('',#1862);
#1862 = CARTESIAN_POINT('',(8.280487804878E-02,-2.14212825117,1.5300001)
  );
#1863 = B_SPLINE_CURVE_WITH_KNOTS('',1,(#1864,#1865),.UNSPECIFIED.,.F.,
  .F.,(2,2),(0.,0.113414634146),.PIECEWISE_BEZIER_KNOTS.);
#1864 = CARTESIAN_POINT('',(-3.060975609756E-02,-2.14212825117,1.5300001
    ));
#1865 = CARTESIAN_POINT('',(8.280487804878E-02,-2.14212825117,1.5300001)
  );
#1866 = ORIENTED_EDGE('',*,*,#1867,.T.);
#1867 = EDGE_CURVE('',#1861,#1868,#1870,.T.);
#1868 = VERTEX_POINT('',#1869);
#1869 = CARTESIAN_POINT('',(8.280487804878E-02,-2.240908738975,1.5300001
    ));
#1870 = B_SPLINE_CURVE_WITH_KNOTS('',1,(#1871,#1872),.UNSPECIFIED.,.F.,
  .F.,(2,2),(0.,9.878048780488E-02),.PIECEWISE_BEZIER_KNOTS.);
#1871 = CARTESIAN_POINT('',(8.280487804878E-02,-2.14212825117,1.5300001)
  );
#1872 = CARTESIAN_POINT('',(8.280487804878E-02,-2.240908738975,1.5300001
    ));
#1873 = ORIENTED_EDGE('',*,*,#1874,.T.);
#1874 = EDGE_CURVE('',#1868,#1875,#1877,.T.);
#1875 = VERTEX_POINT('',#1876);
#1876 = CARTESIAN_POINT('',(-2.329268292683E-02,-2.240908738975,
    1.5300001));
#1877 = B_SPLINE_CURVE_WITH_KNOTS('',1,(#1878,#1879),.UNSPECIFIED.,.F.,
  .F.,(2,2),(0.,0.106097560976),.PIECEWISE_BEZIER_KNOTS.);
#1878 = CARTESIAN_POINT('',(8.280487804878E-02,-2.240908738975,1.5300001
    ));
#1879 = CARTESIAN_POINT('',(-2.329268292683E-02,-2.240908738975,
    1.5300001));
#1880 = ORIENTED_EDGE('',*,*,#1881,.T.);
#1881 = EDGE_CURVE('',#1875,#1882,#1884,.T.);
#1882 = VERTEX_POINT('',#1883);
#1883 = CARTESIAN_POINT('',(-2.329268292683E-02,-2.273835568243,
    1.5300001));
#1884 = B_SPLINE_CURVE_WITH_KNOTS('',1,(#1885,#1886),.UNSPECIFIED.,.F.,
  .F.,(2,2),(0.,3.292682926829E-02),.PIECEWISE_BEZIER_KNOTS.);
#1885 = CARTESIAN_POINT('',(-2.329268292683E-02,-2.240908738975,
    1.5300001));
#1886 = CARTESIAN_POINT('',(-2.329268292683E-02,-2.273835568243,
    1.5300001));
#1887 = ORIENTED_EDGE('',*,*,#1888,.T.);
#1888 = EDGE_CURVE('',#1882,#1889,#1891,.T.);
#1889 = VERTEX_POINT('',#1890);
#1890 = CARTESIAN_POINT('',(8.280487804878E-02,-2.273835568243,1.5300001
    ));
#1891 = B_SPLINE_CURVE_WITH_KNOTS('',1,(#1892,#1893),.UNSPECIFIED.,.F.,
  .F.,(2,2),(0.,0.106097560976),.PIECEWISE_BEZIER_KNOTS.);
#1892 = CARTESIAN_POINT('',(-2.329268292683E-02,-2.273835568243,
    1.5300001));
#1893 = CARTESIAN_POINT('',(8.280487804878E-02,-2.273835568243,1.5300001
    ));
#1894 = ORIENTED_EDGE('',*,*,#1895,.T.);
#1895 = EDGE_CURVE('',#1889,#1896,#1898,.T.);
#1896 = VERTEX_POINT('',#1897);
#1897 = CARTESIAN_POINT('',(8.280487804878E-02,-2.376274592634,1.5300001
    ));
#1898 = B_SPLINE_CURVE_WITH_KNOTS('',1,(#1899,#1900),.UNSPECIFIED.,.F.,
  .F.,(2,2),(0.,0.10243902439),.PIECEWISE_BEZIER_KNOTS.);
#1899 = CARTESIAN_POINT('',(8.280487804878E-02,-2.273835568243,1.5300001
    ));
#1900 = CARTESIAN_POINT('',(8.280487804878E-02,-2.376274592634,1.5300001
    ));
#1901 = ORIENTED_EDGE('',*,*,#1902,.T.);
#1902 = EDGE_CURVE('',#1896,#1824,#1903,.T.);
#1903 = B_SPLINE_CURVE_WITH_KNOTS('',1,(#1904,#1905),.UNSPECIFIED.,.F.,
  .F.,(2,2),(0.,0.120731707317),.PIECEWISE_BEZIER_KNOTS.);
#1904 = CARTESIAN_POINT('',(8.280487804878E-02,-2.376274592634,1.5300001
    ));
#1905 = CARTESIAN_POINT('',(-3.792682926829E-02,-2.376274592634,
    1.5300001));
#1906 = FACE_BOUND('',#1907,.T.);
#1907 = EDGE_LOOP('',(#1908,#1917,#1924,#1931,#1938,#1945));
#1908 = ORIENTED_EDGE('',*,*,#1909,.T.);
#1909 = EDGE_CURVE('',#1910,#1912,#1914,.T.);
#1910 = VERTEX_POINT('',#1911);
#1911 = CARTESIAN_POINT('',(0.430365853659,-2.376274592634,1.5300001));
#1912 = VERTEX_POINT('',#1913);
#1913 = CARTESIAN_POINT('',(0.430365853659,-2.409201421902,1.5300001));
#1914 = B_SPLINE_CURVE_WITH_KNOTS('',1,(#1915,#1916),.UNSPECIFIED.,.F.,
  .F.,(2,2),(0.,3.292682926829E-02),.PIECEWISE_BEZIER_KNOTS.);
#1915 = CARTESIAN_POINT('',(0.430365853659,-2.376274592634,1.5300001));
#1916 = CARTESIAN_POINT('',(0.430365853659,-2.409201421902,1.5300001));
#1917 = ORIENTED_EDGE('',*,*,#1918,.T.);
#1918 = EDGE_CURVE('',#1912,#1919,#1921,.T.);
#1919 = VERTEX_POINT('',#1920);
#1920 = CARTESIAN_POINT('',(0.584024390244,-2.409201421902,1.5300001));
#1921 = B_SPLINE_CURVE_WITH_KNOTS('',1,(#1922,#1923),.UNSPECIFIED.,.F.,
  .F.,(2,2),(0.,0.153658536585),.PIECEWISE_BEZIER_KNOTS.);
#1922 = CARTESIAN_POINT('',(0.430365853659,-2.409201421902,1.5300001));
#1923 = CARTESIAN_POINT('',(0.584024390244,-2.409201421902,1.5300001));
#1924 = ORIENTED_EDGE('',*,*,#1925,.T.);
#1925 = EDGE_CURVE('',#1919,#1926,#1928,.T.);
#1926 = VERTEX_POINT('',#1927);
#1927 = CARTESIAN_POINT('',(0.584024390244,-2.109201421902,1.5300001));
#1928 = B_SPLINE_CURVE_WITH_KNOTS('',1,(#1929,#1930),.UNSPECIFIED.,.F.,
  .F.,(2,2),(0.,0.3),.PIECEWISE_BEZIER_KNOTS.);
#1929 = CARTESIAN_POINT('',(0.584024390244,-2.409201421902,1.5300001));
#1930 = CARTESIAN_POINT('',(0.584024390244,-2.109201421902,1.5300001));
#1931 = ORIENTED_EDGE('',*,*,#1932,.T.);
#1932 = EDGE_CURVE('',#1926,#1933,#1935,.T.);
#1933 = VERTEX_POINT('',#1934);
#1934 = CARTESIAN_POINT('',(0.543780487805,-2.109201421902,1.5300001));
#1935 = B_SPLINE_CURVE_WITH_KNOTS('',1,(#1936,#1937),.UNSPECIFIED.,.F.,
  .F.,(2,2),(0.,4.024390243902E-02),.PIECEWISE_BEZIER_KNOTS.);
#1936 = CARTESIAN_POINT('',(0.584024390244,-2.109201421902,1.5300001));
#1937 = CARTESIAN_POINT('',(0.543780487805,-2.109201421902,1.5300001));
#1938 = ORIENTED_EDGE('',*,*,#1939,.T.);
#1939 = EDGE_CURVE('',#1933,#1940,#1942,.T.);
#1940 = VERTEX_POINT('',#1941);
#1941 = CARTESIAN_POINT('',(0.543780487805,-2.376274592634,1.5300001));
#1942 = B_SPLINE_CURVE_WITH_KNOTS('',1,(#1943,#1944),.UNSPECIFIED.,.F.,
  .F.,(2,2),(0.,0.267073170732),.PIECEWISE_BEZIER_KNOTS.);
#1943 = CARTESIAN_POINT('',(0.543780487805,-2.109201421902,1.5300001));
#1944 = CARTESIAN_POINT('',(0.543780487805,-2.376274592634,1.5300001));
#1945 = ORIENTED_EDGE('',*,*,#1946,.T.);
#1946 = EDGE_CURVE('',#1940,#1910,#1947,.T.);
#1947 = B_SPLINE_CURVE_WITH_KNOTS('',1,(#1948,#1949),.UNSPECIFIED.,.F.,
  .F.,(2,2),(0.,0.113414634146),.PIECEWISE_BEZIER_KNOTS.);
#1948 = CARTESIAN_POINT('',(0.543780487805,-2.376274592634,1.5300001));
#1949 = CARTESIAN_POINT('',(0.430365853659,-2.376274592634,1.5300001));
#1950 = B_SPLINE_SURFACE_WITH_KNOTS('',1,1,(
    (#1951,#1952)
    ,(#1953,#1954
    )),.UNSPECIFIED.,.F.,.F.,.F.,(2,2),(2,2),(-2.58,2.58),(-2.58,2.58),
  .PIECEWISE_BEZIER_KNOTS.);
#1951 = CARTESIAN_POINT('',(-2.585,-2.58,1.5300001));
#1952 = CARTESIAN_POINT('',(-2.585,2.58,1.5300001));
#1953 = CARTESIAN_POINT('',(2.575,-2.58,1.5300001));
#1954 = CARTESIAN_POINT('',(2.575,2.58,1.5300001));
#1955 = ADVANCED_FACE('',(#1956,#2020),#2344,.T.);
#1956 = FACE_BOUND('',#1957,.T.);
#1957 = EDGE_LOOP('',(#1958,#1959,#1967,#1968,#1976,#1977,#1985,#1992,
    #1998,#1999,#2007,#2014));
#1958 = ORIENTED_EDGE('',*,*,#1336,.F.);
#1959 = ORIENTED_EDGE('',*,*,#1960,.T.);
#1960 = EDGE_CURVE('',#252,#259,#1961,.T.);
#1961 = ( BOUNDED_CURVE() B_SPLINE_CURVE(2,(#1962,#1963,#1964,#1965,
#1966),.UNSPECIFIED.,.F.,.F.) B_SPLINE_CURVE_WITH_KNOTS((3,2,3),(0.,
1.570796326795,3.14159265359),.PIECEWISE_BEZIER_KNOTS.) CURVE() 
GEOMETRIC_REPRESENTATION_ITEM() RATIONAL_B_SPLINE_CURVE((1.,
0.707106781187,1.,0.707106781187,1.)) REPRESENTATION_ITEM('') );
#1962 = CARTESIAN_POINT('',(2.775,0.,7.3300001));
#1963 = CARTESIAN_POINT('',(2.775,-2.78,7.3300001));
#1964 = CARTESIAN_POINT('',(-5.E-03,-2.78,7.3300001));
#1965 = CARTESIAN_POINT('',(-2.785,-2.78,7.3300001));
#1966 = CARTESIAN_POINT('',(-2.785,-3.40451810163E-16,7.3300001));
#1967 = ORIENTED_EDGE('',*,*,#1477,.T.);
#1968 = ORIENTED_EDGE('',*,*,#1969,.T.);
#1969 = EDGE_CURVE('',#204,#211,#1970,.T.);
#1970 = ( BOUNDED_CURVE() B_SPLINE_CURVE(2,(#1971,#1972,#1973,#1974,
#1975),.UNSPECIFIED.,.F.,.F.) B_SPLINE_CURVE_WITH_KNOTS((3,2,3),(
    3.14159265359,4.712388980385,6.28318530718),
.PIECEWISE_BEZIER_KNOTS.) CURVE() GEOMETRIC_REPRESENTATION_ITEM() 
RATIONAL_B_SPLINE_CURVE((1.,0.707106781187,1.,0.707106781187,1.)) 
REPRESENTATION_ITEM('') );
#1971 = CARTESIAN_POINT('',(-2.785,3.40451810163E-16,1.7300001));
#1972 = CARTESIAN_POINT('',(-2.785,-2.78,1.7300001));
#1973 = CARTESIAN_POINT('',(-5.000000000001E-03,-2.78,1.7300001));
#1974 = CARTESIAN_POINT('',(2.775,-2.78,1.7300001));
#1975 = CARTESIAN_POINT('',(2.775,-6.809036203259E-16,1.7300001));
#1976 = ORIENTED_EDGE('',*,*,#1471,.F.);
#1977 = ORIENTED_EDGE('',*,*,#1978,.T.);
#1978 = EDGE_CURVE('',#1464,#1979,#1981,.T.);
#1979 = VERTEX_POINT('',#1980);
#1980 = CARTESIAN_POINT('',(2.774982443879,-9.879864461285E-03,
    2.486881110069));
#1981 = ( BOUNDED_CURVE() B_SPLINE_CURVE(2,(#1982,#1983,#1984),
.UNSPECIFIED.,.F.,.F.) B_SPLINE_CURVE_WITH_KNOTS((3,3),(6.279631391619,
6.28318530718),.PIECEWISE_BEZIER_KNOTS.) CURVE() 
GEOMETRIC_REPRESENTATION_ITEM() RATIONAL_B_SPLINE_CURVE((1.,
0.999998421211,1.)) REPRESENTATION_ITEM('') );
#1982 = CARTESIAN_POINT('',(2.775,1.701763729933E-15,2.486881110069));
#1983 = CARTESIAN_POINT('',(2.775,-4.9399478289E-03,2.486881110069));
#1984 = CARTESIAN_POINT('',(2.774982443879,-9.879864461285E-03,
    2.486881110069));
#1985 = ORIENTED_EDGE('',*,*,#1986,.F.);
#1986 = EDGE_CURVE('',#1987,#1979,#1989,.T.);
#1987 = VERTEX_POINT('',#1988);
#1988 = CARTESIAN_POINT('',(2.774982443879,-9.879864461285E-03,
    2.6902577585));
#1989 = B_SPLINE_CURVE_WITH_KNOTS('',1,(#1990,#1991),.UNSPECIFIED.,.F.,
  .F.,(2,2),(-8.881784197001E-16,0.203376648431),
  .PIECEWISE_BEZIER_KNOTS.);
#1990 = CARTESIAN_POINT('',(2.774982443879,-9.879864461285E-03,
    2.6902577585));
#1991 = CARTESIAN_POINT('',(2.774982443879,-9.879864461285E-03,
    2.486881110069));
#1992 = ORIENTED_EDGE('',*,*,#1993,.F.);
#1993 = EDGE_CURVE('',#1382,#1987,#1994,.T.);
#1994 = ( BOUNDED_CURVE() B_SPLINE_CURVE(2,(#1995,#1996,#1997),
.UNSPECIFIED.,.F.,.F.) B_SPLINE_CURVE_WITH_KNOTS((3,3),(6.279631391619,
6.28318530718),.PIECEWISE_BEZIER_KNOTS.) CURVE() 
GEOMETRIC_REPRESENTATION_ITEM() RATIONAL_B_SPLINE_CURVE((1.,
0.999998421211,1.)) REPRESENTATION_ITEM('') );
#1995 = CARTESIAN_POINT('',(2.775,1.701763729933E-15,2.6902577585));
#1996 = CARTESIAN_POINT('',(2.775,-4.9399478289E-03,2.6902577585));
#1997 = CARTESIAN_POINT('',(2.774982443879,-9.879864461285E-03,
    2.6902577585));
#1998 = ORIENTED_EDGE('',*,*,#1381,.F.);
#1999 = ORIENTED_EDGE('',*,*,#2000,.T.);
#2000 = EDGE_CURVE('',#1374,#2001,#2003,.T.);
#2001 = VERTEX_POINT('',#2002);
#2002 = CARTESIAN_POINT('',(2.774982443879,-9.879864461285E-03,
    2.809517991502));
#2003 = ( BOUNDED_CURVE() B_SPLINE_CURVE(2,(#2004,#2005,#2006),
.UNSPECIFIED.,.F.,.F.) B_SPLINE_CURVE_WITH_KNOTS((3,3),(6.279631391619,
6.28318530718),.PIECEWISE_BEZIER_KNOTS.) CURVE() 
GEOMETRIC_REPRESENTATION_ITEM() RATIONAL_B_SPLINE_CURVE((1.,
0.999998421211,1.)) REPRESENTATION_ITEM('') );
#2004 = CARTESIAN_POINT('',(2.775,1.701763729933E-15,2.809517991502));
#2005 = CARTESIAN_POINT('',(2.775,-4.9399478289E-03,2.809517991502));
#2006 = CARTESIAN_POINT('',(2.774982443879,-9.879864461285E-03,
    2.809517991502));
#2007 = ORIENTED_EDGE('',*,*,#2008,.F.);
#2008 = EDGE_CURVE('',#2009,#2001,#2011,.T.);
#2009 = VERTEX_POINT('',#2010);
#2010 = CARTESIAN_POINT('',(2.774982443879,-9.879864461285E-03,
    3.012894639933));
#2011 = B_SPLINE_CURVE_WITH_KNOTS('',1,(#2012,#2013),.UNSPECIFIED.,.F.,
  .F.,(2,2),(0.,0.203376648431),.PIECEWISE_BEZIER_KNOTS.);
#2012 = CARTESIAN_POINT('',(2.774982443879,-9.879864461285E-03,
    3.012894639933));
#2013 = CARTESIAN_POINT('',(2.774982443879,-9.879864461285E-03,
    2.809517991502));
#2014 = ORIENTED_EDGE('',*,*,#2015,.F.);
#2015 = EDGE_CURVE('',#1337,#2009,#2016,.T.);
#2016 = ( BOUNDED_CURVE() B_SPLINE_CURVE(2,(#2017,#2018,#2019),
.UNSPECIFIED.,.F.,.F.) B_SPLINE_CURVE_WITH_KNOTS((3,3),(6.279631391619,
6.28318530718),.PIECEWISE_BEZIER_KNOTS.) CURVE() 
GEOMETRIC_REPRESENTATION_ITEM() RATIONAL_B_SPLINE_CURVE((1.,
0.999998421211,1.)) REPRESENTATION_ITEM('') );
#2017 = CARTESIAN_POINT('',(2.775,1.701763729933E-15,3.012894639933));
#2018 = CARTESIAN_POINT('',(2.775,-4.9399478289E-03,3.012894639933));
#2019 = CARTESIAN_POINT('',(2.774982443879,-9.879864461285E-03,
    3.012894639933));
#2020 = FACE_BOUND('',#2021,.T.);
#2021 = EDGE_LOOP('',(#2022,#2033,#2042,#2051,#2062,#2071,#2080,#2088,
    #2096,#2104,#2113,#2122,#2131,#2139,#2150,#2161,#2169,#2180,#2191,
    #2200,#2211,#2220,#2229,#2238,#2247,#2256,#2265,#2272,#2283,#2292,
    #2301,#2310,#2319,#2328,#2337));
#2022 = ORIENTED_EDGE('',*,*,#2023,.F.);
#2023 = EDGE_CURVE('',#2024,#2026,#2028,.T.);
#2024 = VERTEX_POINT('',#2025);
#2025 = CARTESIAN_POINT('',(2.711711005652,-0.589814641876,
    3.067462565069));
#2026 = VERTEX_POINT('',#2027);
#2027 = CARTESIAN_POINT('',(2.669630387919,-0.758124190367,
    3.011069064037));
#2028 = B_SPLINE_CURVE_WITH_KNOTS('',3,(#2029,#2030,#2031,#2032),
  .UNSPECIFIED.,.F.,.F.,(4,4),(0.,1.),.PIECEWISE_BEZIER_KNOTS.);
#2029 = CARTESIAN_POINT('',(2.711711005652,-0.589814641876,
    3.067462565069));
#2030 = CARTESIAN_POINT('',(2.698352250743,-0.651345627893,
    3.067010446724));
#2031 = CARTESIAN_POINT('',(2.684006370876,-0.707406324664,
    3.048211744773));
#2032 = CARTESIAN_POINT('',(2.669630387919,-0.758124190367,
    3.011069064037));
#2033 = ORIENTED_EDGE('',*,*,#2034,.F.);
#2034 = EDGE_CURVE('',#2035,#2024,#2037,.T.);
#2035 = VERTEX_POINT('',#2036);
#2036 = CARTESIAN_POINT('',(2.74660470345,-0.396322540305,2.992271228062
    ));
#2037 = B_SPLINE_CURVE_WITH_KNOTS('',3,(#2038,#2039,#2040,#2041),
  .UNSPECIFIED.,.F.,.F.,(4,4),(0.,1.),.PIECEWISE_BEZIER_KNOTS.);
#2038 = CARTESIAN_POINT('',(2.74660470345,-0.396322540305,2.992271228062
    ));
#2039 = CARTESIAN_POINT('',(2.738346573226,-0.4536574321,3.041879715482)
  );
#2040 = CARTESIAN_POINT('',(2.727237018858,-0.518301173141,
    3.066945212162));
#2041 = CARTESIAN_POINT('',(2.711711005652,-0.589814641876,
    3.067462565069));
#2042 = ORIENTED_EDGE('',*,*,#2043,.F.);
#2043 = EDGE_CURVE('',#2044,#2035,#2046,.T.);
#2044 = VERTEX_POINT('',#2045);
#2045 = CARTESIAN_POINT('',(2.756649648648,-0.318890605258,
    2.878038240209));
#2046 = B_SPLINE_CURVE_WITH_KNOTS('',3,(#2047,#2048,#2049,#2050),
  .UNSPECIFIED.,.F.,.F.,(4,4),(0.,1.),.PIECEWISE_BEZIER_KNOTS.);
#2047 = CARTESIAN_POINT('',(2.756649648648,-0.318890605258,
    2.878038240209));
#2048 = CARTESIAN_POINT('',(2.754809394368,-0.334827536302,
    2.920722681187));
#2049 = CARTESIAN_POINT('',(2.751738843012,-0.360677021485,
    2.958799758223));
#2050 = CARTESIAN_POINT('',(2.74660470345,-0.396322540305,2.992271228062
    ));
#2051 = ORIENTED_EDGE('',*,*,#2052,.F.);
#2052 = EDGE_CURVE('',#2053,#2044,#2055,.T.);
#2053 = VERTEX_POINT('',#2054);
#2054 = CARTESIAN_POINT('',(2.76940267551,-0.176322982402,2.688613970507
    ));
#2055 = B_SPLINE_CURVE_WITH_KNOTS('',3,(#2056,#2057,#2058,#2059,#2060,
    #2061),.UNSPECIFIED.,.F.,.F.,(4,2,4),(0.,0.5,1.),.UNSPECIFIED.);
#2056 = CARTESIAN_POINT('',(2.76940267551,-0.176322982402,2.688613970507
    ));
#2057 = CARTESIAN_POINT('',(2.769325533896,-0.177536788435,
    2.732158030271));
#2058 = CARTESIAN_POINT('',(2.768513191543,-0.191570954876,
    2.772028140241));
#2059 = CARTESIAN_POINT('',(2.764448868482,-0.24336766277,2.840276889752
    ));
#2060 = CARTESIAN_POINT('',(2.761462670419,-0.277208976312,
    2.864238264863));
#2061 = CARTESIAN_POINT('',(2.756649648648,-0.318890605258,
    2.878038240209));
#2062 = ORIENTED_EDGE('',*,*,#2063,.F.);
#2063 = EDGE_CURVE('',#2064,#2053,#2066,.T.);
#2064 = VERTEX_POINT('',#2065);
#2065 = CARTESIAN_POINT('',(2.765495751187,-0.229680849555,
    2.551245189303));
#2066 = B_SPLINE_CURVE_WITH_KNOTS('',3,(#2067,#2068,#2069,#2070),
  .UNSPECIFIED.,.F.,.F.,(4,4),(0.,1.),.PIECEWISE_BEZIER_KNOTS.);
#2067 = CARTESIAN_POINT('',(2.765495751187,-0.229680849555,
    2.551245189303));
#2068 = CARTESIAN_POINT('',(2.768397534215,-0.194678464446,
    2.590183003613));
#2069 = CARTESIAN_POINT('',(2.769368069417,-0.176867501528,
    2.635971863563));
#2070 = CARTESIAN_POINT('',(2.76940267551,-0.176322982402,2.688613970507
    ));
#2071 = ORIENTED_EDGE('',*,*,#2072,.F.);
#2072 = EDGE_CURVE('',#2073,#2064,#2075,.T.);
#2073 = VERTEX_POINT('',#2074);
#2074 = CARTESIAN_POINT('',(2.751525499253,-0.360509600385,
    2.486175766626));
#2075 = B_SPLINE_CURVE_WITH_KNOTS('',3,(#2076,#2077,#2078,#2079),
  .UNSPECIFIED.,.F.,.F.,(4,4),(0.,1.),.PIECEWISE_BEZIER_KNOTS.);
#2076 = CARTESIAN_POINT('',(2.751525499253,-0.360509600385,
    2.486175766626));
#2077 = CARTESIAN_POINT('',(2.758216052506,-0.309352347906,
    2.491186622399));
#2078 = CARTESIAN_POINT('',(2.762510565108,-0.265689273265,
    2.512876964736));
#2079 = CARTESIAN_POINT('',(2.765495751187,-0.229680849555,
    2.551245189303));
#2080 = ORIENTED_EDGE('',*,*,#2081,.T.);
#2081 = EDGE_CURVE('',#2073,#2082,#2084,.T.);
#2082 = VERTEX_POINT('',#2083);
#2083 = CARTESIAN_POINT('',(2.750959599391,-0.364810480283,
    2.486175766626));
#2084 = ( BOUNDED_CURVE() B_SPLINE_CURVE(2,(#2085,#2086,#2087),
.UNSPECIFIED.,.F.,.F.) B_SPLINE_CURVE_WITH_KNOTS((3,3),(6.281624893338,
6.28318530718),.PIECEWISE_BEZIER_KNOTS.) CURVE() 
GEOMETRIC_REPRESENTATION_ITEM() RATIONAL_B_SPLINE_CURVE((1.,
0.999999695639,1.)) REPRESENTATION_ITEM('') );
#2085 = CARTESIAN_POINT('',(2.751525499253,-0.360509600385,
    2.486175766626));
#2086 = CARTESIAN_POINT('',(2.75124422711,-0.362660261093,2.486175766626
    ));
#2087 = CARTESIAN_POINT('',(2.750959599391,-0.364810480283,
    2.486175766626));
#2088 = ORIENTED_EDGE('',*,*,#2089,.T.);
#2089 = EDGE_CURVE('',#2082,#2090,#2092,.T.);
#2090 = VERTEX_POINT('',#2091);
#2091 = CARTESIAN_POINT('',(2.750386989069,-0.369110471907,
    2.486175766626));
#2092 = ( BOUNDED_CURVE() B_SPLINE_CURVE(2,(#2093,#2094,#2095),
.UNSPECIFIED.,.F.,.F.) B_SPLINE_CURVE_WITH_KNOTS((3,3),(6.281624893338,
6.28318530718),.PIECEWISE_BEZIER_KNOTS.) CURVE() 
GEOMETRIC_REPRESENTATION_ITEM() RATIONAL_B_SPLINE_CURVE((1.,
0.999999695639,1.)) REPRESENTATION_ITEM('') );
#2093 = CARTESIAN_POINT('',(2.750959599391,-0.364810480283,
    2.486175766626));
#2094 = CARTESIAN_POINT('',(2.750674971672,-0.366960699472,
    2.486175766626));
#2095 = CARTESIAN_POINT('',(2.750386989069,-0.369110471907,
    2.486175766626));
#2096 = ORIENTED_EDGE('',*,*,#2097,.T.);
#2097 = EDGE_CURVE('',#2090,#2098,#2100,.T.);
#2098 = VERTEX_POINT('',#2099);
#2099 = CARTESIAN_POINT('',(2.73916594413,-0.444919398407,2.486175766626
    ));
#2100 = ( BOUNDED_CURVE() B_SPLINE_CURVE(2,(#2101,#2102,#2103),
.UNSPECIFIED.,.F.,.F.) B_SPLINE_CURVE_WITH_KNOTS((3,3),(6.255617929839,
6.28318530718),.PIECEWISE_BEZIER_KNOTS.) CURVE() 
GEOMETRIC_REPRESENTATION_ITEM() RATIONAL_B_SPLINE_CURVE((1.,
0.999905006467,1.)) REPRESENTATION_ITEM('') );
#2101 = CARTESIAN_POINT('',(2.750386989069,-0.369110471907,
    2.486175766626));
#2102 = CARTESIAN_POINT('',(2.74529896301,-0.40709227375,2.486175766626)
  );
#2103 = CARTESIAN_POINT('',(2.73916594413,-0.444919398407,2.486175766626
    ));
#2104 = ORIENTED_EDGE('',*,*,#2105,.F.);
#2105 = EDGE_CURVE('',#2106,#2098,#2108,.T.);
#2106 = VERTEX_POINT('',#2107);
#2107 = CARTESIAN_POINT('',(2.732142831596,-0.48626034122,2.531001346851
    ));
#2108 = B_SPLINE_CURVE_WITH_KNOTS('',3,(#2109,#2110,#2111,#2112),
  .UNSPECIFIED.,.F.,.F.,(4,4),(0.,1.),.PIECEWISE_BEZIER_KNOTS.);
#2109 = CARTESIAN_POINT('',(2.732142831596,-0.48626034122,2.531001346851
    ));
#2110 = CARTESIAN_POINT('',(2.732365251145,-0.485008349185,
    2.506614606416));
#2111 = CARTESIAN_POINT('',(2.735280476435,-0.468884116879,
    2.488957468083));
#2112 = CARTESIAN_POINT('',(2.73916594413,-0.444919398407,2.486175766626
    ));
#2113 = ORIENTED_EDGE('',*,*,#2114,.F.);
#2114 = EDGE_CURVE('',#2115,#2106,#2117,.T.);
#2115 = VERTEX_POINT('',#2116);
#2116 = CARTESIAN_POINT('',(2.739627292292,-0.442064504805,
    2.575826927075));
#2117 = B_SPLINE_CURVE_WITH_KNOTS('',3,(#2118,#2119,#2120,#2121),
  .UNSPECIFIED.,.F.,.F.,(4,4),(0.,1.),.PIECEWISE_BEZIER_KNOTS.);
#2118 = CARTESIAN_POINT('',(2.739627292292,-0.442064504805,
    2.575826927075));
#2119 = CARTESIAN_POINT('',(2.735522130349,-0.467552051042,
    2.574470461115));
#2120 = CARTESIAN_POINT('',(2.73237587302,-0.484948559011,2.556816747084
    ));
#2121 = CARTESIAN_POINT('',(2.732142831596,-0.48626034122,2.531001346851
    ));
#2122 = ORIENTED_EDGE('',*,*,#2123,.F.);
#2123 = EDGE_CURVE('',#2124,#2115,#2126,.T.);
#2124 = VERTEX_POINT('',#2125);
#2125 = CARTESIAN_POINT('',(2.740993531469,-0.433496857119,
    2.574380961968));
#2126 = B_SPLINE_CURVE_WITH_KNOTS('',3,(#2127,#2128,#2129,#2130),
  .UNSPECIFIED.,.F.,.F.,(4,4),(0.,1.),.PIECEWISE_BEZIER_KNOTS.);
#2127 = CARTESIAN_POINT('',(2.740993531469,-0.433496857119,
    2.574380961968));
#2128 = CARTESIAN_POINT('',(2.740542575138,-0.436353447996,
    2.574862950337));
#2129 = CARTESIAN_POINT('',(2.74008716134,-0.439209335194,2.575344938706
    ));
#2130 = CARTESIAN_POINT('',(2.739627292292,-0.442064504805,
    2.575826927075));
#2131 = ORIENTED_EDGE('',*,*,#2132,.F.);
#2132 = EDGE_CURVE('',#2133,#2124,#2135,.T.);
#2133 = VERTEX_POINT('',#2134);
#2134 = CARTESIAN_POINT('',(2.750386981745,-0.369110526578,
    2.574380961968));
#2135 = ( BOUNDED_CURVE() B_SPLINE_CURVE(2,(#2136,#2137,#2138),
.UNSPECIFIED.,.F.,.F.) B_SPLINE_CURVE_WITH_KNOTS((3,3),(6.25977904003,
6.28318530718),.PIECEWISE_BEZIER_KNOTS.) CURVE() 
GEOMETRIC_REPRESENTATION_ITEM() RATIONAL_B_SPLINE_CURVE((1.,
0.999931519114,1.)) REPRESENTATION_ITEM('') );
#2136 = CARTESIAN_POINT('',(2.750386981745,-0.369110526578,
    2.574380961968));
#2137 = CARTESIAN_POINT('',(2.746067034722,-0.401358660759,
    2.574380961968));
#2138 = CARTESIAN_POINT('',(2.740993531469,-0.433496857119,
    2.574380961968));
#2139 = ORIENTED_EDGE('',*,*,#2140,.F.);
#2140 = EDGE_CURVE('',#2141,#2133,#2143,.T.);
#2141 = VERTEX_POINT('',#2142);
#2142 = CARTESIAN_POINT('',(2.762274955613,-0.265686507067,
    2.687167950241));
#2143 = B_SPLINE_CURVE_WITH_KNOTS('',3,(#2144,#2145,#2146,#2147,#2148,
    #2149),.UNSPECIFIED.,.F.,.F.,(4,2,4),(0.,0.5,1.),.UNSPECIFIED.);
#2144 = CARTESIAN_POINT('',(2.762274955613,-0.265686507067,
    2.687167950241));
#2145 = CARTESIAN_POINT('',(2.762218436542,-0.266275185101,
    2.656696130103));
#2146 = CARTESIAN_POINT('',(2.761332706022,-0.276009559312,
    2.631340946791));
#2147 = CARTESIAN_POINT('',(2.757202180705,-0.314669715968,
    2.589036656772));
#2148 = CARTESIAN_POINT('',(2.754383156992,-0.339279328438,
    2.577100767896));
#2149 = CARTESIAN_POINT('',(2.750386981745,-0.369110526578,
    2.574380961968));
#2150 = ORIENTED_EDGE('',*,*,#2151,.F.);
#2151 = EDGE_CURVE('',#2152,#2141,#2154,.T.);
#2152 = VERTEX_POINT('',#2153);
#2153 = CARTESIAN_POINT('',(2.74922163514,-0.377707803103,2.799954938513
    ));
#2154 = B_SPLINE_CURVE_WITH_KNOTS('',3,(#2155,#2156,#2157,#2158,#2159,
    #2160),.UNSPECIFIED.,.F.,.F.,(4,2,4),(0.,0.5,1.),.UNSPECIFIED.);
#2155 = CARTESIAN_POINT('',(2.74922163514,-0.377707803103,2.799954938513
    ));
#2156 = CARTESIAN_POINT('',(2.75354437509,-0.346186654229,2.79929053241)
  );
#2157 = CARTESIAN_POINT('',(2.756611108049,-0.319945965895,
    2.788352861763));
#2158 = CARTESIAN_POINT('',(2.761225028079,-0.27723713175,2.745401234271
    ));
#2159 = CARTESIAN_POINT('',(2.762220287813,-0.266255903064,
    2.718831528215));
#2160 = CARTESIAN_POINT('',(2.762274955613,-0.265686507067,
    2.687167950241));
#2161 = ORIENTED_EDGE('',*,*,#2162,.T.);
#2162 = EDGE_CURVE('',#2152,#2163,#2165,.T.);
#2163 = VERTEX_POINT('',#2164);
#2164 = CARTESIAN_POINT('',(2.747626111471,-0.389165119776,
    2.799954938513));
#2165 = ( BOUNDED_CURVE() B_SPLINE_CURVE(2,(#2166,#2167,#2168),
.UNSPECIFIED.,.F.,.F.) B_SPLINE_CURVE_WITH_KNOTS((3,3),(6.279024196988,
6.28318530718),.PIECEWISE_BEZIER_KNOTS.) CURVE() 
GEOMETRIC_REPRESENTATION_ITEM() RATIONAL_B_SPLINE_CURVE((1.,
0.999997835646,1.)) REPRESENTATION_ITEM('') );
#2166 = CARTESIAN_POINT('',(2.74922163514,-0.377707803103,2.799954938513
    ));
#2167 = CARTESIAN_POINT('',(2.748435792112,-0.38343812123,2.799954938513
    ));
#2168 = CARTESIAN_POINT('',(2.747626111471,-0.389165119776,
    2.799954938513));
#2169 = ORIENTED_EDGE('',*,*,#2170,.F.);
#2170 = EDGE_CURVE('',#2171,#2163,#2173,.T.);
#2171 = VERTEX_POINT('',#2172);
#2172 = CARTESIAN_POINT('',(2.712017419229,-0.588401515638,
    2.980703334835));
#2173 = B_SPLINE_CURVE_WITH_KNOTS('',3,(#2174,#2175,#2176,#2177,#2178,
    #2179),.UNSPECIFIED.,.F.,.F.,(4,2,4),(0.,0.5,1.),.UNSPECIFIED.);
#2174 = CARTESIAN_POINT('',(2.712017419229,-0.588401515638,
    2.980703334835));
#2175 = CARTESIAN_POINT('',(2.723062760148,-0.537398275707,
    2.980128463043));
#2176 = CARTESIAN_POINT('',(2.731209384815,-0.492960842886,
    2.962788395509));
#2177 = CARTESIAN_POINT('',(2.743693546752,-0.417775030622,
    2.894621059439));
#2178 = CARTESIAN_POINT('',(2.746709635247,-0.395647500275,
    2.851704189637));
#2179 = CARTESIAN_POINT('',(2.747626111471,-0.389165119776,
    2.799954938513));
#2180 = ORIENTED_EDGE('',*,*,#2181,.F.);
#2181 = EDGE_CURVE('',#2182,#2171,#2184,.T.);
#2182 = VERTEX_POINT('',#2183);
#2183 = CARTESIAN_POINT('',(2.664442993344,-0.776192054383,
    2.841888643683));
#2184 = B_SPLINE_CURVE_WITH_KNOTS('',3,(#2185,#2186,#2187,#2188,#2189,
    #2190),.UNSPECIFIED.,.F.,.F.,(4,2,4),(0.,0.5,1.),.UNSPECIFIED.);
#2185 = CARTESIAN_POINT('',(2.664442993344,-0.776192054383,
    2.841888643683));
#2186 = CARTESIAN_POINT('',(2.668566214974,-0.762011665613,
    2.883974336136));
#2187 = CARTESIAN_POINT('',(2.675477792403,-0.737997695751,
    2.917774487794));
#2188 = CARTESIAN_POINT('',(2.693047238055,-0.670926892981,
    2.967574222763));
#2189 = CARTESIAN_POINT('',(2.702514859931,-0.632280768929,
    2.980250532472));
#2190 = CARTESIAN_POINT('',(2.712017419229,-0.588401515638,
    2.980703334835));
#2191 = ORIENTED_EDGE('',*,*,#2192,.F.);
#2192 = EDGE_CURVE('',#2193,#2182,#2195,.T.);
#2193 = VERTEX_POINT('',#2194);
#2194 = CARTESIAN_POINT('',(2.642033853103,-0.849477357278,
    2.863578451242));
#2195 = B_SPLINE_CURVE_WITH_KNOTS('',3,(#2196,#2197,#2198,#2199),
  .UNSPECIFIED.,.F.,.F.,(4,4),(0.,1.),.PIECEWISE_BEZIER_KNOTS.);
#2196 = CARTESIAN_POINT('',(2.642033853103,-0.849477357278,
    2.863578451242));
#2197 = CARTESIAN_POINT('',(2.650291388836,-0.823746269283,
    2.863118683269));
#2198 = CARTESIAN_POINT('',(2.6577230714,-0.799302892025,2.85588870393)
  );
#2199 = CARTESIAN_POINT('',(2.664442993344,-0.776192054383,
    2.841888643683));
#2200 = ORIENTED_EDGE('',*,*,#2201,.F.);
#2201 = EDGE_CURVE('',#2202,#2193,#2204,.T.);
#2202 = VERTEX_POINT('',#2203);
#2203 = CARTESIAN_POINT('',(2.594289220571,-0.985949059446,
    2.718979734185));
#2204 = B_SPLINE_CURVE_WITH_KNOTS('',3,(#2205,#2206,#2207,#2208,#2209,
    #2210),.UNSPECIFIED.,.F.,.F.,(4,2,4),(0.,0.5,1.),.UNSPECIFIED.);
#2205 = CARTESIAN_POINT('',(2.594289220571,-0.985949059446,
    2.718979734185));
#2206 = CARTESIAN_POINT('',(2.594525801134,-0.985325354499,
    2.759444989423));
#2207 = CARTESIAN_POINT('',(2.599622171717,-0.972168039162,
    2.793397588485));
#2208 = CARTESIAN_POINT('',(2.618477298734,-0.920072941018,
    2.848808106041));
#2209 = CARTESIAN_POINT('',(2.629694420375,-0.887927936188,
    2.862966618442));
#2210 = CARTESIAN_POINT('',(2.642033853103,-0.849477357278,
    2.863578451242));
#2211 = ORIENTED_EDGE('',*,*,#2212,.F.);
#2212 = EDGE_CURVE('',#2213,#2202,#2215,.T.);
#2213 = VERTEX_POINT('',#2214);
#2214 = CARTESIAN_POINT('',(2.623788374405,-0.904362583587,
    2.585948903461));
#2215 = B_SPLINE_CURVE_WITH_KNOTS('',3,(#2216,#2217,#2218,#2219),
  .UNSPECIFIED.,.F.,.F.,(4,4),(0.,1.),.PIECEWISE_BEZIER_KNOTS.);
#2216 = CARTESIAN_POINT('',(2.623788374405,-0.904362583587,
    2.585948903461));
#2217 = CARTESIAN_POINT('',(2.60660679447,-0.954305757274,2.611018254859
    ));
#2218 = CARTESIAN_POINT('',(2.594570479245,-0.985207568157,
    2.660458982213));
#2219 = CARTESIAN_POINT('',(2.594289220571,-0.985949059446,
    2.718979734185));
#2220 = ORIENTED_EDGE('',*,*,#2221,.F.);
#2221 = EDGE_CURVE('',#2222,#2213,#2224,.T.);
#2222 = VERTEX_POINT('',#2223);
#2223 = CARTESIAN_POINT('',(2.66484636173,-0.77480346202,2.681384062235)
  );
#2224 = B_SPLINE_CURVE_WITH_KNOTS('',3,(#2225,#2226,#2227,#2228),
  .UNSPECIFIED.,.F.,.F.,(4,4),(0.,1.),.PIECEWISE_BEZIER_KNOTS.);
#2225 = CARTESIAN_POINT('',(2.66484636173,-0.77480346202,2.681384062235)
  );
#2226 = CARTESIAN_POINT('',(2.647716406004,-0.833830495602,
    2.680355301911));
#2227 = CARTESIAN_POINT('',(2.63093866894,-0.883578208504,2.643161506233
    ));
#2228 = CARTESIAN_POINT('',(2.623788374405,-0.904362583587,
    2.585948903461));
#2229 = ORIENTED_EDGE('',*,*,#2230,.F.);
#2230 = EDGE_CURVE('',#2231,#2222,#2233,.T.);
#2231 = VERTEX_POINT('',#2232);
#2232 = CARTESIAN_POINT('',(2.69303287581,-0.670088502402,2.632220503951
    ));
#2233 = B_SPLINE_CURVE_WITH_KNOTS('',3,(#2234,#2235,#2236,#2237),
  .UNSPECIFIED.,.F.,.F.,(4,4),(0.,1.),.PIECEWISE_BEZIER_KNOTS.);
#2234 = CARTESIAN_POINT('',(2.69303287581,-0.670088502402,2.632220503951
    ));
#2235 = CARTESIAN_POINT('',(2.686188734795,-0.697645634626,
    2.664309673174));
#2236 = CARTESIAN_POINT('',(2.677083267168,-0.732637081686,
    2.680698096956));
#2237 = CARTESIAN_POINT('',(2.66484636173,-0.77480346202,2.681384062235)
  );
#2238 = ORIENTED_EDGE('',*,*,#2239,.F.);
#2239 = EDGE_CURVE('',#2240,#2231,#2242,.T.);
#2240 = VERTEX_POINT('',#2241);
#2241 = CARTESIAN_POINT('',(2.733148602918,-0.480564489259,
    2.733439605891));
#2242 = B_SPLINE_CURVE_WITH_KNOTS('',3,(#2243,#2244,#2245,#2246),
  .UNSPECIFIED.,.F.,.F.,(4,4),(0.,1.),.PIECEWISE_BEZIER_KNOTS.);
#2243 = CARTESIAN_POINT('',(2.733148602918,-0.480564489259,
    2.733439605891));
#2244 = CARTESIAN_POINT('',(2.72198369625,-0.544179621624,2.69969988614)
  );
#2245 = CARTESIAN_POINT('',(2.708600974901,-0.607405374707,
    2.665960223702));
#2246 = CARTESIAN_POINT('',(2.69303287581,-0.670088502402,2.632220503951
    ));
#2247 = ORIENTED_EDGE('',*,*,#2248,.F.);
#2248 = EDGE_CURVE('',#2249,#2240,#2251,.T.);
#2249 = VERTEX_POINT('',#2250);
#2250 = CARTESIAN_POINT('',(2.74054109517,-0.436353176603,2.656802269303
    ));
#2251 = B_SPLINE_CURVE_WITH_KNOTS('',3,(#2252,#2253,#2254,#2255),
  .UNSPECIFIED.,.F.,.F.,(4,4),(0.,1.),.PIECEWISE_BEZIER_KNOTS.);
#2252 = CARTESIAN_POINT('',(2.74054109517,-0.436353176603,2.656802269303
    ));
#2253 = CARTESIAN_POINT('',(2.738195797288,-0.451109828005,
    2.682348048179));
#2254 = CARTESIAN_POINT('',(2.735731526429,-0.465847570802,
    2.707893827015));
#2255 = CARTESIAN_POINT('',(2.733148602918,-0.480564489259,
    2.733439605891));
#2256 = ORIENTED_EDGE('',*,*,#2257,.F.);
#2257 = EDGE_CURVE('',#2258,#2249,#2260,.T.);
#2258 = VERTEX_POINT('',#2259);
#2259 = CARTESIAN_POINT('',(2.701518004862,-0.634949044693,
    2.549799224197));
#2260 = B_SPLINE_CURVE_WITH_KNOTS('',3,(#2261,#2262,#2263,#2264),
  .UNSPECIFIED.,.F.,.F.,(4,4),(0.,1.),.PIECEWISE_BEZIER_KNOTS.);
#2261 = CARTESIAN_POINT('',(2.701518004862,-0.634949044693,
    2.549799224197));
#2262 = CARTESIAN_POINT('',(2.716930238723,-0.569253239986,
    2.585466929827));
#2263 = CARTESIAN_POINT('',(2.729949415003,-0.502996195891,
    2.621134563672));
#2264 = CARTESIAN_POINT('',(2.74054109517,-0.436353176603,2.656802269303
    ));
#2265 = ORIENTED_EDGE('',*,*,#2266,.F.);
#2266 = EDGE_CURVE('',#2267,#2258,#2269,.T.);
#2267 = VERTEX_POINT('',#2268);
#2268 = CARTESIAN_POINT('',(2.701518004862,-0.634949044693,2.53533935249
    ));
#2269 = B_SPLINE_CURVE_WITH_KNOTS('',1,(#2270,#2271),.UNSPECIFIED.,.F.,
  .F.,(2,2),(0.,1.445987170667E-02),.PIECEWISE_BEZIER_KNOTS.);
#2270 = CARTESIAN_POINT('',(2.701518004862,-0.634949044693,2.53533935249
    ));
#2271 = CARTESIAN_POINT('',(2.701518004862,-0.634949044693,
    2.549799224197));
#2272 = ORIENTED_EDGE('',*,*,#2273,.F.);
#2273 = EDGE_CURVE('',#2274,#2267,#2276,.T.);
#2274 = VERTEX_POINT('',#2275);
#2275 = CARTESIAN_POINT('',(2.664846354043,-0.774803488508,
    2.390740635433));
#2276 = B_SPLINE_CURVE_WITH_KNOTS('',3,(#2277,#2278,#2279,#2280,#2281,
    #2282),.UNSPECIFIED.,.F.,.F.,(4,2,4),(0.,0.5,1.),.UNSPECIFIED.);
#2277 = CARTESIAN_POINT('',(2.664846354043,-0.774803488508,
    2.390740635433));
#2278 = CARTESIAN_POINT('',(2.676124683756,-0.735940205221,
    2.391407726486));
#2279 = CARTESIAN_POINT('',(2.684761881017,-0.703099284722,
    2.405515647624));
#2280 = CARTESIAN_POINT('',(2.698240308218,-0.649353075586,
    2.460917945456));
#2281 = CARTESIAN_POINT('',(2.70137826806,-0.635544683309,2.494958809647
    ));
#2282 = CARTESIAN_POINT('',(2.701518004862,-0.634949044693,2.53533935249
    ));
#2283 = ORIENTED_EDGE('',*,*,#2284,.F.);
#2284 = EDGE_CURVE('',#2285,#2274,#2287,.T.);
#2285 = VERTEX_POINT('',#2286);
#2286 = CARTESIAN_POINT('',(2.623317609054,-0.905729841584,2.489067752)
  );
#2287 = B_SPLINE_CURVE_WITH_KNOTS('',3,(#2288,#2289,#2290,#2291),
  .UNSPECIFIED.,.F.,.F.,(4,4),(0.,1.),.PIECEWISE_BEZIER_KNOTS.);
#2288 = CARTESIAN_POINT('',(2.623317609054,-0.905729841584,2.489067752)
  );
#2289 = CARTESIAN_POINT('',(2.630011869047,-0.886303914988,
    2.429289509524));
#2290 = CARTESIAN_POINT('',(2.64723225336,-0.835498804398,2.391634783397
    ));
#2291 = CARTESIAN_POINT('',(2.664846354043,-0.774803488508,
    2.390740635433));
#2292 = ORIENTED_EDGE('',*,*,#2293,.F.);
#2293 = EDGE_CURVE('',#2294,#2285,#2296,.T.);
#2294 = VERTEX_POINT('',#2295);
#2295 = CARTESIAN_POINT('',(2.583364910885,-1.014281562535,
    2.558475125156));
#2296 = B_SPLINE_CURVE_WITH_KNOTS('',3,(#2297,#2298,#2299,#2300),
  .UNSPECIFIED.,.F.,.F.,(4,4),(0.,1.),.PIECEWISE_BEZIER_KNOTS.);
#2297 = CARTESIAN_POINT('',(2.583364910885,-1.014281562535,
    2.558475125156));
#2298 = CARTESIAN_POINT('',(2.594987615063,-0.984621356952,
    2.524302988765));
#2299 = CARTESIAN_POINT('',(2.608570426056,-0.948524369244,
    2.501167151657));
#2300 = CARTESIAN_POINT('',(2.623317609054,-0.905729841584,2.489067752)
  );
#2301 = ORIENTED_EDGE('',*,*,#2302,.F.);
#2302 = EDGE_CURVE('',#2303,#2294,#2305,.T.);
#2303 = VERTEX_POINT('',#2304);
#2304 = CARTESIAN_POINT('',(2.560591219602,-1.070580073559,
    2.716087693653));
#2305 = B_SPLINE_CURVE_WITH_KNOTS('',3,(#2306,#2307,#2308,#2309),
  .UNSPECIFIED.,.F.,.F.,(4,4),(0.,1.),.PIECEWISE_BEZIER_KNOTS.);
#2306 = CARTESIAN_POINT('',(2.560591219602,-1.070580073559,
    2.716087693653));
#2307 = CARTESIAN_POINT('',(2.560815056839,-1.070043658896,
    2.656096339237));
#2308 = CARTESIAN_POINT('',(2.568804878576,-1.051437593091,
    2.603559897323));
#2309 = CARTESIAN_POINT('',(2.583364910885,-1.014281562535,
    2.558475125156));
#2310 = ORIENTED_EDGE('',*,*,#2311,.F.);
#2311 = EDGE_CURVE('',#2312,#2303,#2314,.T.);
#2312 = VERTEX_POINT('',#2313);
#2313 = CARTESIAN_POINT('',(2.585994007907,-1.007546550284,
    2.880930211792));
#2314 = B_SPLINE_CURVE_WITH_KNOTS('',3,(#2315,#2316,#2317,#2318),
  .UNSPECIFIED.,.F.,.F.,(4,4),(0.,1.),.PIECEWISE_BEZIER_KNOTS.);
#2315 = CARTESIAN_POINT('',(2.585994007907,-1.007546550284,
    2.880930211792));
#2316 = CARTESIAN_POINT('',(2.569778320931,-1.049246606502,2.8352542145)
  );
#2317 = CARTESIAN_POINT('',(2.560809380309,-1.070057262412,
    2.780308178731));
#2318 = CARTESIAN_POINT('',(2.560591219602,-1.070580073559,
    2.716087693653));
#2319 = ORIENTED_EDGE('',*,*,#2320,.F.);
#2320 = EDGE_CURVE('',#2321,#2312,#2323,.T.);
#2321 = VERTEX_POINT('',#2322);
#2322 = CARTESIAN_POINT('',(2.641591646831,-0.850854073812,
    2.950337598737));
#2323 = B_SPLINE_CURVE_WITH_KNOTS('',3,(#2324,#2325,#2326,#2327),
  .UNSPECIFIED.,.F.,.F.,(4,4),(0.,1.),.PIECEWISE_BEZIER_KNOTS.);
#2324 = CARTESIAN_POINT('',(2.641591646831,-0.850854073812,
    2.950337598737));
#2325 = CARTESIAN_POINT('',(2.621864285123,-0.912216265424,
    2.949679886628));
#2326 = CARTESIAN_POINT('',(2.602812969575,-0.964295120475,
    2.926542563196));
#2327 = CARTESIAN_POINT('',(2.585994007907,-1.007546550284,
    2.880930211792));
#2328 = ORIENTED_EDGE('',*,*,#2329,.F.);
#2329 = EDGE_CURVE('',#2330,#2321,#2332,.T.);
#2330 = VERTEX_POINT('',#2331);
#2331 = CARTESIAN_POINT('',(2.651580955472,-0.819132240253,
    2.947445627154));
#2332 = B_SPLINE_CURVE_WITH_KNOTS('',3,(#2333,#2334,#2335,#2336),
  .UNSPECIFIED.,.F.,.F.,(4,4),(0.,1.),.PIECEWISE_BEZIER_KNOTS.);
#2333 = CARTESIAN_POINT('',(2.651580955472,-0.819132240253,
    2.947445627154));
#2334 = CARTESIAN_POINT('',(2.647385109309,-0.832740061386,
    2.949249529521));
#2335 = CARTESIAN_POINT('',(2.644019243043,-0.843303007122,
    2.950213520887));
#2336 = CARTESIAN_POINT('',(2.641591646831,-0.850854073812,
    2.950337598737));
#2337 = ORIENTED_EDGE('',*,*,#2338,.F.);
#2338 = EDGE_CURVE('',#2026,#2330,#2339,.T.);
#2339 = B_SPLINE_CURVE_WITH_KNOTS('',3,(#2340,#2341,#2342,#2343),
  .UNSPECIFIED.,.F.,.F.,(4,4),(0.,1.),.PIECEWISE_BEZIER_KNOTS.);
#2340 = CARTESIAN_POINT('',(2.669630387919,-0.758124190367,
    3.011069064037));
#2341 = CARTESIAN_POINT('',(2.663698483844,-0.779051699475,
    2.995410960582));
#2342 = CARTESIAN_POINT('',(2.657669548127,-0.799385930077,
    2.974203168048));
#2343 = CARTESIAN_POINT('',(2.651580955472,-0.819132240253,
    2.947445627154));
#2344 = ( BOUNDED_SURFACE() B_SPLINE_SURFACE(2,1,(
    (#2345,#2346)
    ,(#2347,#2348)
    ,(#2349,#2350)
    ,(#2351,#2352)
    ,(#2353,#2354
)),.UNSPECIFIED.,.F.,.F.,.F.) B_SPLINE_SURFACE_WITH_KNOTS((3,2,3),(2,2),
  (3.14159265359,4.712388980385,6.28318530718),(0.2,5.8),
.PIECEWISE_BEZIER_KNOTS.) GEOMETRIC_REPRESENTATION_ITEM() 
RATIONAL_B_SPLINE_SURFACE((
    (1.,1.)
    ,(0.707106781187,0.707106781187)
    ,(1.,1.)
    ,(0.707106781187,0.707106781187)
,(1.,1.))) REPRESENTATION_ITEM('') SURFACE() );
#2345 = CARTESIAN_POINT('',(2.775,1.575019813546E-15,7.3300001));
#2346 = CARTESIAN_POINT('',(2.775,1.575019813546E-15,1.7300001));
#2347 = CARTESIAN_POINT('',(2.775,-2.78,7.3300001));
#2348 = CARTESIAN_POINT('',(2.775,-2.78,1.7300001));
#2349 = CARTESIAN_POINT('',(-5.E-03,-2.78,7.3300001));
#2350 = CARTESIAN_POINT('',(-5.E-03,-2.78,1.7300001));
#2351 = CARTESIAN_POINT('',(-2.785,-2.78,7.3300001));
#2352 = CARTESIAN_POINT('',(-2.785,-2.78,1.7300001));
#2353 = CARTESIAN_POINT('',(-2.785,-6.809036203259E-16,7.3300001));
#2354 = CARTESIAN_POINT('',(-2.785,-6.809036203259E-16,1.7300001));
#2355 = ADVANCED_FACE('',(#2356,#2367),#2378,.T.);
#2356 = FACE_BOUND('',#2357,.T.);
#2357 = EDGE_LOOP('',(#2358,#2359));
#2358 = ORIENTED_EDGE('',*,*,#30,.T.);
#2359 = ORIENTED_EDGE('',*,*,#2360,.T.);
#2360 = EDGE_CURVE('',#31,#24,#2361,.T.);
#2361 = ( BOUNDED_CURVE() B_SPLINE_CURVE(2,(#2362,#2363,#2364,#2365,
#2366),.UNSPECIFIED.,.F.,.F.) B_SPLINE_CURVE_WITH_KNOTS((3,2,3),(
    3.14159265359,4.712388980385,6.28318530718),
.PIECEWISE_BEZIER_KNOTS.) CURVE() GEOMETRIC_REPRESENTATION_ITEM() 
RATIONAL_B_SPLINE_CURVE((1.,0.707106781187,1.,0.707106781187,1.)) 
REPRESENTATION_ITEM('') );
#2362 = CARTESIAN_POINT('',(-1.505,-1.836970198721E-16,7.5300001));
#2363 = CARTESIAN_POINT('',(-1.505,1.5,7.5300001));
#2364 = CARTESIAN_POINT('',(-5.E-03,1.5,7.5300001));
#2365 = CARTESIAN_POINT('',(1.495,1.5,7.5300001));
#2366 = CARTESIAN_POINT('',(1.495,3.673940397442E-16,7.5300001));
#2367 = FACE_BOUND('',#2368,.T.);
#2368 = EDGE_LOOP('',(#2369,#2377));
#2369 = ORIENTED_EDGE('',*,*,#2370,.T.);
#2370 = EDGE_CURVE('',#242,#240,#2371,.T.);
#2371 = ( BOUNDED_CURVE() B_SPLINE_CURVE(2,(#2372,#2373,#2374,#2375,
#2376),.UNSPECIFIED.,.F.,.F.) B_SPLINE_CURVE_WITH_KNOTS((3,2,3),(
    3.14159265359,4.712388980385,6.28318530718),
.PIECEWISE_BEZIER_KNOTS.) CURVE() GEOMETRIC_REPRESENTATION_ITEM() 
RATIONAL_B_SPLINE_CURVE((1.,0.707106781187,1.,0.707106781187,1.)) 
REPRESENTATION_ITEM('') );
#2372 = CARTESIAN_POINT('',(-2.585,3.1595887418E-16,7.5300001));
#2373 = CARTESIAN_POINT('',(-2.585,-2.58,7.5300001));
#2374 = CARTESIAN_POINT('',(-5.000000000001E-03,-2.58,7.5300001));
#2375 = CARTESIAN_POINT('',(2.575,-2.58,7.5300001));
#2376 = CARTESIAN_POINT('',(2.575,-6.3191774836E-16,7.5300001));
#2377 = ORIENTED_EDGE('',*,*,#239,.T.);
#2378 = B_SPLINE_SURFACE_WITH_KNOTS('',1,1,(
    (#2379,#2380)
    ,(#2381,#2382
    )),.UNSPECIFIED.,.F.,.F.,.F.,(2,2),(2,2),(-2.58,2.58),(-2.58,2.58),
  .PIECEWISE_BEZIER_KNOTS.);
#2379 = CARTESIAN_POINT('',(-2.585,-2.58,7.5300001));
#2380 = CARTESIAN_POINT('',(-2.585,2.58,7.5300001));
#2381 = CARTESIAN_POINT('',(2.575,-2.58,7.5300001));
#2382 = CARTESIAN_POINT('',(2.575,2.58,7.5300001));
#2383 = ADVANCED_FACE('',(#2384),#2397,.T.);
#2384 = FACE_BOUND('',#2385,.T.);
#2385 = EDGE_LOOP('',(#2386,#2387,#2395,#2396));
#2386 = ORIENTED_EDGE('',*,*,#288,.F.);
#2387 = ORIENTED_EDGE('',*,*,#2388,.T.);
#2388 = EDGE_CURVE('',#156,#163,#2389,.T.);
#2389 = ( BOUNDED_CURVE() B_SPLINE_CURVE(2,(#2390,#2391,#2392,#2393,
#2394),.UNSPECIFIED.,.F.,.F.) B_SPLINE_CURVE_WITH_KNOTS((3,2,3),(
    3.14159265359,4.712388980385,6.28318530718),
.PIECEWISE_BEZIER_KNOTS.) CURVE() GEOMETRIC_REPRESENTATION_ITEM() 
RATIONAL_B_SPLINE_CURVE((1.,0.707106781187,1.,0.707106781187,1.)) 
REPRESENTATION_ITEM('') );
#2390 = CARTESIAN_POINT('',(-2.05,2.504402704256E-16,0.2000001));
#2391 = CARTESIAN_POINT('',(-2.05,-2.045,0.2000001));
#2392 = CARTESIAN_POINT('',(-5.E-03,-2.045,0.2000001));
#2393 = CARTESIAN_POINT('',(2.04,-2.045,0.2000001));
#2394 = CARTESIAN_POINT('',(2.04,-5.008805408513E-16,0.2000001));
#2395 = ORIENTED_EDGE('',*,*,#305,.T.);
#2396 = ORIENTED_EDGE('',*,*,#1744,.F.);
#2397 = ( BOUNDED_SURFACE() B_SPLINE_SURFACE(2,1,(
    (#2398,#2399)
    ,(#2400,#2401)
    ,(#2402,#2403)
    ,(#2404,#2405)
    ,(#2406,#2407
)),.UNSPECIFIED.,.F.,.F.,.F.) B_SPLINE_SURFACE_WITH_KNOTS((3,2,3),(2,2),
  (3.14159265359,4.712388980385,6.28318530718),(0.2,1.53),
.PIECEWISE_BEZIER_KNOTS.) GEOMETRIC_REPRESENTATION_ITEM() 
RATIONAL_B_SPLINE_SURFACE((
    (1.,1.)
    ,(0.707106781187,0.707106781187)
    ,(1.,1.)
    ,(0.707106781187,0.707106781187)
,(1.,1.))) REPRESENTATION_ITEM('') SURFACE() );
#2398 = CARTESIAN_POINT('',(-2.05,2.504402704256E-16,0.2000001));
#2399 = CARTESIAN_POINT('',(-2.05,2.504402704256E-16,1.5300001));
#2400 = CARTESIAN_POINT('',(-2.05,-2.045,0.2000001));
#2401 = CARTESIAN_POINT('',(-2.05,-2.045,1.5300001));
#2402 = CARTESIAN_POINT('',(-5.E-03,-2.045,0.2000001));
#2403 = CARTESIAN_POINT('',(-5.E-03,-2.045,1.5300001));
#2404 = CARTESIAN_POINT('',(2.04,-2.045,0.2000001));
#2405 = CARTESIAN_POINT('',(2.04,-2.045,1.5300001));
#2406 = CARTESIAN_POINT('',(2.04,-5.008805408513E-16,0.2000001));
#2407 = CARTESIAN_POINT('',(2.04,-5.008805408513E-16,1.5300001));
#2408 = ADVANCED_FACE('',(#2409,#2420),#2431,.F.);
#2409 = FACE_BOUND('',#2410,.T.);
#2410 = EDGE_LOOP('',(#2411,#2412));
#2411 = ORIENTED_EDGE('',*,*,#78,.T.);
#2412 = ORIENTED_EDGE('',*,*,#2413,.T.);
#2413 = EDGE_CURVE('',#79,#72,#2414,.T.);
#2414 = ( BOUNDED_CURVE() B_SPLINE_CURVE(2,(#2415,#2416,#2417,#2418,
#2419),.UNSPECIFIED.,.F.,.F.) B_SPLINE_CURVE_WITH_KNOTS((3,2,3),(0.,
1.570796326795,3.14159265359),.PIECEWISE_BEZIER_KNOTS.) CURVE() 
GEOMETRIC_REPRESENTATION_ITEM() RATIONAL_B_SPLINE_CURVE((1.,
0.707106781187,1.,0.707106781187,1.)) REPRESENTATION_ITEM('') );
#2415 = CARTESIAN_POINT('',(1.495,0.,1.000000000584E-07));
#2416 = CARTESIAN_POINT('',(1.495,1.5,1.000000000584E-07));
#2417 = CARTESIAN_POINT('',(-5.E-03,1.5,1.000000000584E-07));
#2418 = CARTESIAN_POINT('',(-1.505,1.5,1.000000000584E-07));
#2419 = CARTESIAN_POINT('',(-1.505,1.836970198721E-16,1.000000000584E-07
    ));
#2420 = FACE_BOUND('',#2421,.T.);
#2421 = EDGE_LOOP('',(#2422,#2430));
#2422 = ORIENTED_EDGE('',*,*,#2423,.T.);
#2423 = EDGE_CURVE('',#146,#144,#2424,.T.);
#2424 = ( BOUNDED_CURVE() B_SPLINE_CURVE(2,(#2425,#2426,#2427,#2428,
#2429),.UNSPECIFIED.,.F.,.F.) B_SPLINE_CURVE_WITH_KNOTS((3,2,3),(0.,
1.570796326795,3.14159265359),.PIECEWISE_BEZIER_KNOTS.) CURVE() 
GEOMETRIC_REPRESENTATION_ITEM() RATIONAL_B_SPLINE_CURVE((1.,
0.707106781187,1.,0.707106781187,1.)) REPRESENTATION_ITEM('') );
#2425 = CARTESIAN_POINT('',(1.84,0.,1.000000000584E-07));
#2426 = CARTESIAN_POINT('',(1.84,-1.845,1.000000000584E-07));
#2427 = CARTESIAN_POINT('',(-5.E-03,-1.845,1.000000000584E-07));
#2428 = CARTESIAN_POINT('',(-1.85,-1.845,1.000000000584E-07));
#2429 = CARTESIAN_POINT('',(-1.85,-2.259473344427E-16,1.000000000584E-07
    ));
#2430 = ORIENTED_EDGE('',*,*,#143,.T.);
#2431 = B_SPLINE_SURFACE_WITH_KNOTS('',1,1,(
    (#2432,#2433)
    ,(#2434,#2435
  )),.UNSPECIFIED.,.F.,.F.,.F.,(2,2),(2,2),(-1.845,1.845),(-1.845,1.845)
  ,.PIECEWISE_BEZIER_KNOTS.);
#2432 = CARTESIAN_POINT('',(-1.85,-1.845,1.000000000584E-07));
#2433 = CARTESIAN_POINT('',(-1.85,1.845,1.000000000584E-07));
#2434 = CARTESIAN_POINT('',(1.84,-1.845,1.000000000584E-07));
#2435 = CARTESIAN_POINT('',(1.84,1.845,1.000000000584E-07));
#2436 = ADVANCED_FACE('',(#2437),#2443,.T.);
#2437 = FACE_BOUND('',#2438,.T.);
#2438 = EDGE_LOOP('',(#2439,#2440,#2441,#2442));
#2439 = ORIENTED_EDGE('',*,*,#251,.F.);
#2440 = ORIENTED_EDGE('',*,*,#2370,.F.);
#2441 = ORIENTED_EDGE('',*,*,#268,.T.);
#2442 = ORIENTED_EDGE('',*,*,#1960,.F.);
#2443 = ( BOUNDED_SURFACE() B_SPLINE_SURFACE(2,1,(
    (#2444,#2445)
    ,(#2446,#2447)
    ,(#2448,#2449)
    ,(#2450,#2451)
    ,(#2452,#2453
)),.UNSPECIFIED.,.F.,.F.,.F.) B_SPLINE_SURFACE_WITH_KNOTS((3,2,3),(2,2),
  (3.14159265359,4.712388980385,6.28318530718),(0.,0.282842712475),
.PIECEWISE_BEZIER_KNOTS.) GEOMETRIC_REPRESENTATION_ITEM() 
RATIONAL_B_SPLINE_SURFACE((
    (1.,1.)
    ,(0.707106781187,0.707106781187)
    ,(1.,1.)
    ,(0.707106781187,0.707106781187)
,(1.,1.))) REPRESENTATION_ITEM('') SURFACE() );
#2444 = CARTESIAN_POINT('',(2.575,3.1595887418E-16,7.5300001));
#2445 = CARTESIAN_POINT('',(2.775,3.40451810163E-16,7.3300001));
#2446 = CARTESIAN_POINT('',(2.575,-2.58,7.5300001));
#2447 = CARTESIAN_POINT('',(2.775,-2.78,7.3300001));
#2448 = CARTESIAN_POINT('',(-5.E-03,-2.58,7.5300001));
#2449 = CARTESIAN_POINT('',(-5.E-03,-2.78,7.3300001));
#2450 = CARTESIAN_POINT('',(-2.585,-2.58,7.5300001));
#2451 = CARTESIAN_POINT('',(-2.785,-2.78,7.3300001));
#2452 = CARTESIAN_POINT('',(-2.585,-6.3191774836E-16,7.5300001));
#2453 = CARTESIAN_POINT('',(-2.785,-6.809036203259E-16,7.3300001));
#2454 = ADVANCED_FACE('',(#2455),#2461,.T.);
#2455 = FACE_BOUND('',#2456,.T.);
#2456 = EDGE_LOOP('',(#2457,#2458,#2459,#2460));
#2457 = ORIENTED_EDGE('',*,*,#203,.F.);
#2458 = ORIENTED_EDGE('',*,*,#1754,.F.);
#2459 = ORIENTED_EDGE('',*,*,#220,.T.);
#2460 = ORIENTED_EDGE('',*,*,#1969,.F.);
#2461 = ( BOUNDED_SURFACE() B_SPLINE_SURFACE(2,1,(
    (#2462,#2463)
    ,(#2464,#2465)
    ,(#2466,#2467)
    ,(#2468,#2469)
    ,(#2470,#2471
)),.UNSPECIFIED.,.F.,.F.,.F.) B_SPLINE_SURFACE_WITH_KNOTS((3,2,3),(2,2),
  (3.14159265359,4.712388980385,6.28318530718),(-0.282842712475,
    1.110223024625E-16),.PIECEWISE_BEZIER_KNOTS.) 
GEOMETRIC_REPRESENTATION_ITEM() RATIONAL_B_SPLINE_SURFACE((
    (1.,1.)
    ,(0.707106781187,0.707106781187)
    ,(1.,1.)
    ,(0.707106781187,0.707106781187)
,(1.,1.))) REPRESENTATION_ITEM('') SURFACE() );
#2462 = CARTESIAN_POINT('',(-2.585,3.1595887418E-16,1.5300001));
#2463 = CARTESIAN_POINT('',(-2.785,3.40451810163E-16,1.7300001));
#2464 = CARTESIAN_POINT('',(-2.585,-2.58,1.5300001));
#2465 = CARTESIAN_POINT('',(-2.785,-2.78,1.7300001));
#2466 = CARTESIAN_POINT('',(-5.000000000001E-03,-2.58,1.5300001));
#2467 = CARTESIAN_POINT('',(-5.000000000001E-03,-2.78,1.7300001));
#2468 = CARTESIAN_POINT('',(2.575,-2.58,1.5300001));
#2469 = CARTESIAN_POINT('',(2.775,-2.78,1.7300001));
#2470 = CARTESIAN_POINT('',(2.575,-6.3191774836E-16,1.5300001));
#2471 = CARTESIAN_POINT('',(2.775,-6.809036203259E-16,1.7300001));
#2472 = ADVANCED_FACE('',(#2473),#2479,.T.);
#2473 = FACE_BOUND('',#2474,.T.);
#2474 = EDGE_LOOP('',(#2475,#2476,#2477,#2478));
#2475 = ORIENTED_EDGE('',*,*,#155,.F.);
#2476 = ORIENTED_EDGE('',*,*,#2423,.F.);
#2477 = ORIENTED_EDGE('',*,*,#172,.T.);
#2478 = ORIENTED_EDGE('',*,*,#2388,.F.);
#2479 = ( BOUNDED_SURFACE() B_SPLINE_SURFACE(2,1,(
    (#2480,#2481)
    ,(#2482,#2483)
    ,(#2484,#2485)
    ,(#2486,#2487)
    ,(#2488,#2489
)),.UNSPECIFIED.,.F.,.F.,.F.) B_SPLINE_SURFACE_WITH_KNOTS((3,2,3),(2,2),
  (3.14159265359,4.712388980385,6.28318530718),(-0.282842712475,0.),
.PIECEWISE_BEZIER_KNOTS.) GEOMETRIC_REPRESENTATION_ITEM() 
RATIONAL_B_SPLINE_SURFACE((
    (1.,1.)
    ,(0.707106781187,0.707106781187)
    ,(1.,1.)
    ,(0.707106781187,0.707106781187)
,(1.,1.))) REPRESENTATION_ITEM('') SURFACE() );
#2480 = CARTESIAN_POINT('',(-1.85,2.259473344427E-16,1.000000000584E-07)
  );
#2481 = CARTESIAN_POINT('',(-2.05,2.504402704256E-16,0.2000001));
#2482 = CARTESIAN_POINT('',(-1.85,-1.845,1.000000000584E-07));
#2483 = CARTESIAN_POINT('',(-2.05,-2.045,0.2000001));
#2484 = CARTESIAN_POINT('',(-5.E-03,-1.845,1.000000000584E-07));
#2485 = CARTESIAN_POINT('',(-5.E-03,-2.045,0.2000001));
#2486 = CARTESIAN_POINT('',(1.84,-1.845,1.000000000584E-07));
#2487 = CARTESIAN_POINT('',(2.04,-2.045,0.2000001));
#2488 = CARTESIAN_POINT('',(1.84,-4.518946688854E-16,1.000000000584E-07)
  );
#2489 = CARTESIAN_POINT('',(2.04,-5.008805408513E-16,0.2000001));
#2490 = ADVANCED_FACE('',(#2491),#2511,.F.);
#2491 = FACE_BOUND('',#2492,.F.);
#2492 = EDGE_LOOP('',(#2493,#2501,#2502,#2510));
#2493 = ORIENTED_EDGE('',*,*,#2494,.F.);
#2494 = EDGE_CURVE('',#22,#41,#2495,.T.);
#2495 = ( BOUNDED_CURVE() B_SPLINE_CURVE(2,(#2496,#2497,#2498,#2499,
#2500),.UNSPECIFIED.,.F.,.F.) B_SPLINE_CURVE_WITH_KNOTS((3,2,3),(0.,
1.570796326795,3.14159265359),.PIECEWISE_BEZIER_KNOTS.) CURVE() 
GEOMETRIC_REPRESENTATION_ITEM() RATIONAL_B_SPLINE_CURVE((1.,
0.707106781187,1.,0.707106781187,1.)) REPRESENTATION_ITEM('') );
#2496 = CARTESIAN_POINT('',(1.295,0.,7.3300001));
#2497 = CARTESIAN_POINT('',(1.295,1.3,7.3300001));
#2498 = CARTESIAN_POINT('',(-5.E-03,1.3,7.3300001));
#2499 = CARTESIAN_POINT('',(-1.305,1.3,7.3300001));
#2500 = CARTESIAN_POINT('',(-1.305,1.592040838892E-16,7.3300001));
#2501 = ORIENTED_EDGE('',*,*,#117,.F.);
#2502 = ORIENTED_EDGE('',*,*,#2503,.F.);
#2503 = EDGE_CURVE('',#70,#89,#2504,.T.);
#2504 = ( BOUNDED_CURVE() B_SPLINE_CURVE(2,(#2505,#2506,#2507,#2508,
#2509),.UNSPECIFIED.,.F.,.F.) B_SPLINE_CURVE_WITH_KNOTS((3,2,3),(
    3.14159265359,4.712388980385,6.28318530718),
.PIECEWISE_BEZIER_KNOTS.) CURVE() GEOMETRIC_REPRESENTATION_ITEM() 
RATIONAL_B_SPLINE_CURVE((1.,0.707106781187,1.,0.707106781187,1.)) 
REPRESENTATION_ITEM('') );
#2505 = CARTESIAN_POINT('',(-1.305,-1.592040838892E-16,0.2000001));
#2506 = CARTESIAN_POINT('',(-1.305,1.3,0.2000001));
#2507 = CARTESIAN_POINT('',(-5.E-03,1.3,0.2000001));
#2508 = CARTESIAN_POINT('',(1.295,1.3,0.2000001));
#2509 = CARTESIAN_POINT('',(1.295,3.184081677783E-16,0.2000001));
#2510 = ORIENTED_EDGE('',*,*,#123,.T.);
#2511 = ( BOUNDED_SURFACE() B_SPLINE_SURFACE(2,1,(
    (#2512,#2513)
    ,(#2514,#2515)
    ,(#2516,#2517)
    ,(#2518,#2519)
    ,(#2520,#2521
)),.UNSPECIFIED.,.F.,.F.,.F.) B_SPLINE_SURFACE_WITH_KNOTS((3,2,3),(2,2),
  (0.,1.570796326795,3.14159265359),(0.2,7.33),
.PIECEWISE_BEZIER_KNOTS.) GEOMETRIC_REPRESENTATION_ITEM() 
RATIONAL_B_SPLINE_SURFACE((
    (1.,1.)
    ,(0.707106781187,0.707106781187)
    ,(1.,1.)
    ,(0.707106781187,0.707106781187)
,(1.,1.))) REPRESENTATION_ITEM('') SURFACE() );
#2512 = CARTESIAN_POINT('',(1.295,0.,0.2000001));
#2513 = CARTESIAN_POINT('',(1.295,0.,7.3300001));
#2514 = CARTESIAN_POINT('',(1.295,1.3,0.2000001));
#2515 = CARTESIAN_POINT('',(1.295,1.3,7.3300001));
#2516 = CARTESIAN_POINT('',(-5.E-03,1.3,0.2000001));
#2517 = CARTESIAN_POINT('',(-5.E-03,1.3,7.3300001));
#2518 = CARTESIAN_POINT('',(-1.305,1.3,0.2000001));
#2519 = CARTESIAN_POINT('',(-1.305,1.3,7.3300001));
#2520 = CARTESIAN_POINT('',(-1.305,1.592040838892E-16,0.2000001));
#2521 = CARTESIAN_POINT('',(-1.305,1.592040838892E-16,7.3300001));
#2522 = ADVANCED_FACE('',(#2523),#2529,.F.);
#2523 = FACE_BOUND('',#2524,.F.);
#2524 = EDGE_LOOP('',(#2525,#2526,#2527,#2528));
#2525 = ORIENTED_EDGE('',*,*,#2413,.T.);
#2526 = ORIENTED_EDGE('',*,*,#69,.F.);
#2527 = ORIENTED_EDGE('',*,*,#2503,.T.);
#2528 = ORIENTED_EDGE('',*,*,#88,.T.);
#2529 = ( BOUNDED_SURFACE() B_SPLINE_SURFACE(2,1,(
    (#2530,#2531)
    ,(#2532,#2533)
    ,(#2534,#2535)
    ,(#2536,#2537)
    ,(#2538,#2539
)),.UNSPECIFIED.,.F.,.F.,.F.) B_SPLINE_SURFACE_WITH_KNOTS((3,2,3),(2,2),
  (0.,1.570796326795,3.14159265359),(-0.282842712475,0.),
.PIECEWISE_BEZIER_KNOTS.) GEOMETRIC_REPRESENTATION_ITEM() 
RATIONAL_B_SPLINE_SURFACE((
    (1.,1.)
    ,(0.707106781187,0.707106781187)
    ,(1.,1.)
    ,(0.707106781187,0.707106781187)
,(1.,1.))) REPRESENTATION_ITEM('') SURFACE() );
#2530 = CARTESIAN_POINT('',(-1.305,0.,0.2000001));
#2531 = CARTESIAN_POINT('',(-1.505,0.,1.000000000584E-07));
#2532 = CARTESIAN_POINT('',(-1.305,1.3,0.2000001));
#2533 = CARTESIAN_POINT('',(-1.505,1.5,1.000000000584E-07));
#2534 = CARTESIAN_POINT('',(-5.E-03,1.3,0.2000001));
#2535 = CARTESIAN_POINT('',(-5.E-03,1.5,1.000000000584E-07));
#2536 = CARTESIAN_POINT('',(1.295,1.3,0.2000001));
#2537 = CARTESIAN_POINT('',(1.495,1.5,1.000000000584E-07));
#2538 = CARTESIAN_POINT('',(1.295,1.592040838892E-16,0.2000001));
#2539 = CARTESIAN_POINT('',(1.495,1.836970198721E-16,1.000000000584E-07)
  );
#2540 = ADVANCED_FACE('',(#2541),#2547,.F.);
#2541 = FACE_BOUND('',#2542,.F.);
#2542 = EDGE_LOOP('',(#2543,#2544,#2545,#2546));
#2543 = ORIENTED_EDGE('',*,*,#2360,.T.);
#2544 = ORIENTED_EDGE('',*,*,#21,.F.);
#2545 = ORIENTED_EDGE('',*,*,#2494,.T.);
#2546 = ORIENTED_EDGE('',*,*,#40,.T.);
#2547 = ( BOUNDED_SURFACE() B_SPLINE_SURFACE(2,1,(
    (#2548,#2549)
    ,(#2550,#2551)
    ,(#2552,#2553)
    ,(#2554,#2555)
    ,(#2556,#2557
)),.UNSPECIFIED.,.F.,.F.,.F.) B_SPLINE_SURFACE_WITH_KNOTS((3,2,3),(2,2),
  (0.,1.570796326795,3.14159265359),(0.,0.282842712475),
.PIECEWISE_BEZIER_KNOTS.) GEOMETRIC_REPRESENTATION_ITEM() 
RATIONAL_B_SPLINE_SURFACE((
    (1.,1.)
    ,(0.707106781187,0.707106781187)
    ,(1.,1.)
    ,(0.707106781187,0.707106781187)
,(1.,1.))) REPRESENTATION_ITEM('') SURFACE() );
#2548 = CARTESIAN_POINT('',(1.295,0.,7.3300001));
#2549 = CARTESIAN_POINT('',(1.495,0.,7.5300001));
#2550 = CARTESIAN_POINT('',(1.295,1.3,7.3300001));
#2551 = CARTESIAN_POINT('',(1.495,1.5,7.5300001));
#2552 = CARTESIAN_POINT('',(-5.E-03,1.3,7.3300001));
#2553 = CARTESIAN_POINT('',(-5.E-03,1.5,7.5300001));
#2554 = CARTESIAN_POINT('',(-1.305,1.3,7.3300001));
#2555 = CARTESIAN_POINT('',(-1.505,1.5,7.5300001));
#2556 = CARTESIAN_POINT('',(-1.305,1.592040838892E-16,7.3300001));
#2557 = CARTESIAN_POINT('',(-1.505,1.836970198721E-16,7.5300001));
#2558 = ADVANCED_FACE('',(#2559),#2581,.T.);
#2559 = FACE_BOUND('',#2560,.T.);
#2560 = EDGE_LOOP('',(#2561,#2562,#2569,#2576));
#2561 = ORIENTED_EDGE('',*,*,#1765,.F.);
#2562 = ORIENTED_EDGE('',*,*,#2563,.F.);
#2563 = EDGE_CURVE('',#2564,#1766,#2566,.T.);
#2564 = VERTEX_POINT('',#2565);
#2565 = CARTESIAN_POINT('',(-0.513536585366,-2.109201421902,1.6300001));
#2566 = B_SPLINE_CURVE_WITH_KNOTS('',1,(#2567,#2568),.UNSPECIFIED.,.F.,
  .F.,(2,2),(-0.,0.1),.PIECEWISE_BEZIER_KNOTS.);
#2567 = CARTESIAN_POINT('',(-0.513536585366,-2.109201421902,1.6300001));
#2568 = CARTESIAN_POINT('',(-0.513536585366,-2.109201421902,1.5300001));
#2569 = ORIENTED_EDGE('',*,*,#2570,.T.);
#2570 = EDGE_CURVE('',#2564,#2571,#2573,.T.);
#2571 = VERTEX_POINT('',#2572);
#2572 = CARTESIAN_POINT('',(-0.630609756098,-2.409201421902,1.6300001));
#2573 = B_SPLINE_CURVE_WITH_KNOTS('',1,(#2574,#2575),.UNSPECIFIED.,.F.,
  .F.,(2,2),(0.,0.322034357337),.PIECEWISE_BEZIER_KNOTS.);
#2574 = CARTESIAN_POINT('',(-0.513536585366,-2.109201421902,1.6300001));
#2575 = CARTESIAN_POINT('',(-0.630609756098,-2.409201421902,1.6300001));
#2576 = ORIENTED_EDGE('',*,*,#2577,.T.);
#2577 = EDGE_CURVE('',#2571,#1768,#2578,.T.);
#2578 = B_SPLINE_CURVE_WITH_KNOTS('',1,(#2579,#2580),.UNSPECIFIED.,.F.,
  .F.,(2,2),(-0.,0.1),.PIECEWISE_BEZIER_KNOTS.);
#2579 = CARTESIAN_POINT('',(-0.630609756098,-2.409201421902,1.6300001));
#2580 = CARTESIAN_POINT('',(-0.630609756098,-2.409201421902,1.5300001));
#2581 = B_SPLINE_SURFACE_WITH_KNOTS('',1,1,(
    (#2582,#2583)
    ,(#2584,#2585
    )),.UNSPECIFIED.,.F.,.F.,.F.,(2,2),(2,2),(-0.322034357337,0.),(-0.1,
    0.),.PIECEWISE_BEZIER_KNOTS.);
#2582 = CARTESIAN_POINT('',(-0.630609756098,-2.409201421902,1.5300001));
#2583 = CARTESIAN_POINT('',(-0.630609756098,-2.409201421902,1.6300001));
#2584 = CARTESIAN_POINT('',(-0.513536585366,-2.109201421902,1.5300001));
#2585 = CARTESIAN_POINT('',(-0.513536585366,-2.109201421902,1.6300001));
#2586 = ADVANCED_FACE('',(#2587),#2603,.T.);
#2587 = FACE_BOUND('',#2588,.T.);
#2588 = EDGE_LOOP('',(#2589,#2590,#2591,#2598));
#2589 = ORIENTED_EDGE('',*,*,#1774,.F.);
#2590 = ORIENTED_EDGE('',*,*,#2577,.F.);
#2591 = ORIENTED_EDGE('',*,*,#2592,.T.);
#2592 = EDGE_CURVE('',#2571,#2593,#2595,.T.);
#2593 = VERTEX_POINT('',#2594);
#2594 = CARTESIAN_POINT('',(-0.586707317073,-2.409201421902,1.6300001));
#2595 = B_SPLINE_CURVE_WITH_KNOTS('',1,(#2596,#2597),.UNSPECIFIED.,.F.,
  .F.,(2,2),(0.,4.390243902439E-02),.PIECEWISE_BEZIER_KNOTS.);
#2596 = CARTESIAN_POINT('',(-0.630609756098,-2.409201421902,1.6300001));
#2597 = CARTESIAN_POINT('',(-0.586707317073,-2.409201421902,1.6300001));
#2598 = ORIENTED_EDGE('',*,*,#2599,.T.);
#2599 = EDGE_CURVE('',#2593,#1775,#2600,.T.);
#2600 = B_SPLINE_CURVE_WITH_KNOTS('',1,(#2601,#2602),.UNSPECIFIED.,.F.,
  .F.,(2,2),(-0.,0.1),.PIECEWISE_BEZIER_KNOTS.);
#2601 = CARTESIAN_POINT('',(-0.586707317073,-2.409201421902,1.6300001));
#2602 = CARTESIAN_POINT('',(-0.586707317073,-2.409201421902,1.5300001));
#2603 = B_SPLINE_SURFACE_WITH_KNOTS('',1,1,(
    (#2604,#2605)
    ,(#2606,#2607)),.UNSPECIFIED.,.F.,.F.,.F.,(2,2),(2,2),(-0.1,0.),(0.,
    4.390243902439E-02),.PIECEWISE_BEZIER_KNOTS.);
#2604 = CARTESIAN_POINT('',(-0.630609756098,-2.409201421902,1.5300001));
#2605 = CARTESIAN_POINT('',(-0.586707317073,-2.409201421902,1.5300001));
#2606 = CARTESIAN_POINT('',(-0.630609756098,-2.409201421902,1.6300001));
#2607 = CARTESIAN_POINT('',(-0.586707317073,-2.409201421902,1.6300001));
#2608 = ADVANCED_FACE('',(#2609),#2625,.T.);
#2609 = FACE_BOUND('',#2610,.T.);
#2610 = EDGE_LOOP('',(#2611,#2612,#2613,#2620));
#2611 = ORIENTED_EDGE('',*,*,#1781,.F.);
#2612 = ORIENTED_EDGE('',*,*,#2599,.F.);
#2613 = ORIENTED_EDGE('',*,*,#2614,.T.);
#2614 = EDGE_CURVE('',#2593,#2615,#2617,.T.);
#2615 = VERTEX_POINT('',#2616);
#2616 = CARTESIAN_POINT('',(-0.556352896341,-2.325055080439,1.6300001));
#2617 = B_SPLINE_CURVE_WITH_KNOTS('',1,(#2618,#2619),.UNSPECIFIED.,.F.,
  .F.,(2,2),(0.,8.9453885548E-02),.PIECEWISE_BEZIER_KNOTS.);
#2618 = CARTESIAN_POINT('',(-0.586707317073,-2.409201421902,1.6300001));
#2619 = CARTESIAN_POINT('',(-0.556352896341,-2.325055080439,1.6300001));
#2620 = ORIENTED_EDGE('',*,*,#2621,.T.);
#2621 = EDGE_CURVE('',#2615,#1782,#2622,.T.);
#2622 = B_SPLINE_CURVE_WITH_KNOTS('',1,(#2623,#2624),.UNSPECIFIED.,.F.,
  .F.,(2,2),(-0.,0.1),.PIECEWISE_BEZIER_KNOTS.);
#2623 = CARTESIAN_POINT('',(-0.556352896341,-2.325055080439,1.6300001));
#2624 = CARTESIAN_POINT('',(-0.556352896341,-2.325055080439,1.5300001));
#2625 = B_SPLINE_SURFACE_WITH_KNOTS('',1,1,(
    (#2626,#2627)
    ,(#2628,#2629
    )),.UNSPECIFIED.,.F.,.F.,.F.,(2,2),(2,2),(-8.9453885548E-02,0.),(
    -0.1,0.),.PIECEWISE_BEZIER_KNOTS.);
#2626 = CARTESIAN_POINT('',(-0.556352896341,-2.325055080439,1.5300001));
#2627 = CARTESIAN_POINT('',(-0.556352896341,-2.325055080439,1.6300001));
#2628 = CARTESIAN_POINT('',(-0.586707317073,-2.409201421902,1.5300001));
#2629 = CARTESIAN_POINT('',(-0.586707317073,-2.409201421902,1.6300001));
#2630 = ADVANCED_FACE('',(#2631),#2647,.T.);
#2631 = FACE_BOUND('',#2632,.T.);
#2632 = EDGE_LOOP('',(#2633,#2634,#2635,#2642));
#2633 = ORIENTED_EDGE('',*,*,#1788,.F.);
#2634 = ORIENTED_EDGE('',*,*,#2621,.F.);
#2635 = ORIENTED_EDGE('',*,*,#2636,.T.);
#2636 = EDGE_CURVE('',#2615,#2637,#2639,.T.);
#2637 = VERTEX_POINT('',#2638);
#2638 = CARTESIAN_POINT('',(-0.432419969512,-2.325055080439,1.6300001));
#2639 = B_SPLINE_CURVE_WITH_KNOTS('',1,(#2640,#2641),.UNSPECIFIED.,.F.,
  .F.,(2,2),(0.,0.123932926829),.PIECEWISE_BEZIER_KNOTS.);
#2640 = CARTESIAN_POINT('',(-0.556352896341,-2.325055080439,1.6300001));
#2641 = CARTESIAN_POINT('',(-0.432419969512,-2.325055080439,1.6300001));
#2642 = ORIENTED_EDGE('',*,*,#2643,.T.);
#2643 = EDGE_CURVE('',#2637,#1789,#2644,.T.);
#2644 = B_SPLINE_CURVE_WITH_KNOTS('',1,(#2645,#2646),.UNSPECIFIED.,.F.,
  .F.,(2,2),(-0.,0.1),.PIECEWISE_BEZIER_KNOTS.);
#2645 = CARTESIAN_POINT('',(-0.432419969512,-2.325055080439,1.6300001));
#2646 = CARTESIAN_POINT('',(-0.432419969512,-2.325055080439,1.5300001));
#2647 = B_SPLINE_SURFACE_WITH_KNOTS('',1,1,(
    (#2648,#2649)
    ,(#2650,#2651
    )),.UNSPECIFIED.,.F.,.F.,.F.,(2,2),(2,2),(-0.1,0.),(0.,
    0.123932926829),.PIECEWISE_BEZIER_KNOTS.);
#2648 = CARTESIAN_POINT('',(-0.556352896341,-2.325055080439,1.5300001));
#2649 = CARTESIAN_POINT('',(-0.432419969512,-2.325055080439,1.5300001));
#2650 = CARTESIAN_POINT('',(-0.556352896341,-2.325055080439,1.6300001));
#2651 = CARTESIAN_POINT('',(-0.432419969512,-2.325055080439,1.6300001));
#2652 = ADVANCED_FACE('',(#2653),#2669,.T.);
#2653 = FACE_BOUND('',#2654,.T.);
#2654 = EDGE_LOOP('',(#2655,#2656,#2657,#2664));
#2655 = ORIENTED_EDGE('',*,*,#1795,.F.);
#2656 = ORIENTED_EDGE('',*,*,#2643,.F.);
#2657 = ORIENTED_EDGE('',*,*,#2658,.T.);
#2658 = EDGE_CURVE('',#2637,#2659,#2661,.T.);
#2659 = VERTEX_POINT('',#2660);
#2660 = CARTESIAN_POINT('',(-0.403780487805,-2.409201421902,1.6300001));
#2661 = B_SPLINE_CURVE_WITH_KNOTS('',1,(#2662,#2663),.UNSPECIFIED.,.F.,
  .F.,(2,2),(0.,8.888659456938E-02),.PIECEWISE_BEZIER_KNOTS.);
#2662 = CARTESIAN_POINT('',(-0.432419969512,-2.325055080439,1.6300001));
#2663 = CARTESIAN_POINT('',(-0.403780487805,-2.409201421902,1.6300001));
#2664 = ORIENTED_EDGE('',*,*,#2665,.T.);
#2665 = EDGE_CURVE('',#2659,#1796,#2666,.T.);
#2666 = B_SPLINE_CURVE_WITH_KNOTS('',1,(#2667,#2668),.UNSPECIFIED.,.F.,
  .F.,(2,2),(-0.,0.1),.PIECEWISE_BEZIER_KNOTS.);
#2667 = CARTESIAN_POINT('',(-0.403780487805,-2.409201421902,1.6300001));
#2668 = CARTESIAN_POINT('',(-0.403780487805,-2.409201421902,1.5300001));
#2669 = B_SPLINE_SURFACE_WITH_KNOTS('',1,1,(
    (#2670,#2671)
    ,(#2672,#2673
    )),.UNSPECIFIED.,.F.,.F.,.F.,(2,2),(2,2),(-8.888659456938E-02,0.),(
    -0.1,0.),.PIECEWISE_BEZIER_KNOTS.);
#2670 = CARTESIAN_POINT('',(-0.403780487805,-2.409201421902,1.5300001));
#2671 = CARTESIAN_POINT('',(-0.403780487805,-2.409201421902,1.6300001));
#2672 = CARTESIAN_POINT('',(-0.432419969512,-2.325055080439,1.5300001));
#2673 = CARTESIAN_POINT('',(-0.432419969512,-2.325055080439,1.6300001));
#2674 = ADVANCED_FACE('',(#2675),#2691,.T.);
#2675 = FACE_BOUND('',#2676,.T.);
#2676 = EDGE_LOOP('',(#2677,#2678,#2679,#2686));
#2677 = ORIENTED_EDGE('',*,*,#1802,.F.);
#2678 = ORIENTED_EDGE('',*,*,#2665,.F.);
#2679 = ORIENTED_EDGE('',*,*,#2680,.T.);
#2680 = EDGE_CURVE('',#2659,#2681,#2683,.T.);
#2681 = VERTEX_POINT('',#2682);
#2682 = CARTESIAN_POINT('',(-0.35987804878,-2.409201421902,1.6300001));
#2683 = B_SPLINE_CURVE_WITH_KNOTS('',1,(#2684,#2685),.UNSPECIFIED.,.F.,
  .F.,(2,2),(0.,4.390243902439E-02),.PIECEWISE_BEZIER_KNOTS.);
#2684 = CARTESIAN_POINT('',(-0.403780487805,-2.409201421902,1.6300001));
#2685 = CARTESIAN_POINT('',(-0.35987804878,-2.409201421902,1.6300001));
#2686 = ORIENTED_EDGE('',*,*,#2687,.T.);
#2687 = EDGE_CURVE('',#2681,#1803,#2688,.T.);
#2688 = B_SPLINE_CURVE_WITH_KNOTS('',1,(#2689,#2690),.UNSPECIFIED.,.F.,
  .F.,(2,2),(-0.,0.1),.PIECEWISE_BEZIER_KNOTS.);
#2689 = CARTESIAN_POINT('',(-0.35987804878,-2.409201421902,1.6300001));
#2690 = CARTESIAN_POINT('',(-0.35987804878,-2.409201421902,1.5300001));
#2691 = B_SPLINE_SURFACE_WITH_KNOTS('',1,1,(
    (#2692,#2693)
    ,(#2694,#2695)),.UNSPECIFIED.,.F.,.F.,.F.,(2,2),(2,2),(-0.1,0.),(0.,
    4.390243902439E-02),.PIECEWISE_BEZIER_KNOTS.);
#2692 = CARTESIAN_POINT('',(-0.403780487805,-2.409201421902,1.5300001));
#2693 = CARTESIAN_POINT('',(-0.35987804878,-2.409201421902,1.5300001));
#2694 = CARTESIAN_POINT('',(-0.403780487805,-2.409201421902,1.6300001));
#2695 = CARTESIAN_POINT('',(-0.35987804878,-2.409201421902,1.6300001));
#2696 = ADVANCED_FACE('',(#2697),#2713,.T.);
#2697 = FACE_BOUND('',#2698,.T.);
#2698 = EDGE_LOOP('',(#2699,#2700,#2701,#2708));
#2699 = ORIENTED_EDGE('',*,*,#1809,.F.);
#2700 = ORIENTED_EDGE('',*,*,#2687,.F.);
#2701 = ORIENTED_EDGE('',*,*,#2702,.T.);
#2702 = EDGE_CURVE('',#2681,#2703,#2705,.T.);
#2703 = VERTEX_POINT('',#2704);
#2704 = CARTESIAN_POINT('',(-0.473292682927,-2.109201421902,1.6300001));
#2705 = B_SPLINE_CURVE_WITH_KNOTS('',1,(#2706,#2707),.UNSPECIFIED.,.F.,
  .F.,(2,2),(0.,0.320722433326),.PIECEWISE_BEZIER_KNOTS.);
#2706 = CARTESIAN_POINT('',(-0.35987804878,-2.409201421902,1.6300001));
#2707 = CARTESIAN_POINT('',(-0.473292682927,-2.109201421902,1.6300001));
#2708 = ORIENTED_EDGE('',*,*,#2709,.T.);
#2709 = EDGE_CURVE('',#2703,#1810,#2710,.T.);
#2710 = B_SPLINE_CURVE_WITH_KNOTS('',1,(#2711,#2712),.UNSPECIFIED.,.F.,
  .F.,(2,2),(-0.,0.1),.PIECEWISE_BEZIER_KNOTS.);
#2711 = CARTESIAN_POINT('',(-0.473292682927,-2.109201421902,1.6300001));
#2712 = CARTESIAN_POINT('',(-0.473292682927,-2.109201421902,1.5300001));
#2713 = B_SPLINE_SURFACE_WITH_KNOTS('',1,1,(
    (#2714,#2715)
    ,(#2716,#2717
    )),.UNSPECIFIED.,.F.,.F.,.F.,(2,2),(2,2),(-0.320722433326,0.),(-0.1,
    0.),.PIECEWISE_BEZIER_KNOTS.);
#2714 = CARTESIAN_POINT('',(-0.473292682927,-2.109201421902,1.5300001));
#2715 = CARTESIAN_POINT('',(-0.473292682927,-2.109201421902,1.6300001));
#2716 = CARTESIAN_POINT('',(-0.35987804878,-2.409201421902,1.5300001));
#2717 = CARTESIAN_POINT('',(-0.35987804878,-2.409201421902,1.6300001));
#2718 = ADVANCED_FACE('',(#2719),#2729,.T.);
#2719 = FACE_BOUND('',#2720,.T.);
#2720 = EDGE_LOOP('',(#2721,#2722,#2723,#2728));
#2721 = ORIENTED_EDGE('',*,*,#1816,.F.);
#2722 = ORIENTED_EDGE('',*,*,#2709,.F.);
#2723 = ORIENTED_EDGE('',*,*,#2724,.T.);
#2724 = EDGE_CURVE('',#2703,#2564,#2725,.T.);
#2725 = B_SPLINE_CURVE_WITH_KNOTS('',1,(#2726,#2727),.UNSPECIFIED.,.F.,
  .F.,(2,2),(0.,4.024390243902E-02),.PIECEWISE_BEZIER_KNOTS.);
#2726 = CARTESIAN_POINT('',(-0.473292682927,-2.109201421902,1.6300001));
#2727 = CARTESIAN_POINT('',(-0.513536585366,-2.109201421902,1.6300001));
#2728 = ORIENTED_EDGE('',*,*,#2563,.T.);
#2729 = B_SPLINE_SURFACE_WITH_KNOTS('',1,1,(
    (#2730,#2731)
    ,(#2732,#2733
    )),.UNSPECIFIED.,.F.,.F.,.F.,(2,2),(2,2),(0.,0.1),(
    -4.024390243902E-02,0.),.PIECEWISE_BEZIER_KNOTS.);
#2730 = CARTESIAN_POINT('',(-0.513536585366,-2.109201421902,1.6300001));
#2731 = CARTESIAN_POINT('',(-0.473292682927,-2.109201421902,1.6300001));
#2732 = CARTESIAN_POINT('',(-0.513536585366,-2.109201421902,1.5300001));
#2733 = CARTESIAN_POINT('',(-0.473292682927,-2.109201421902,1.5300001));
#2734 = ADVANCED_FACE('',(#2735,#2789),#2799,.F.);
#2735 = FACE_BOUND('',#2736,.T.);
#2736 = EDGE_LOOP('',(#2737,#2746,#2753,#2765,#2772,#2784));
#2737 = ORIENTED_EDGE('',*,*,#2738,.F.);
#2738 = EDGE_CURVE('',#2739,#2741,#2743,.T.);
#2739 = VERTEX_POINT('',#2740);
#2740 = CARTESIAN_POINT('',(-0.442538109756,-2.29212825117,1.6300001));
#2741 = VERTEX_POINT('',#2742);
#2742 = CARTESIAN_POINT('',(-0.542862042683,-2.29212825117,1.6300001));
#2743 = B_SPLINE_CURVE_WITH_KNOTS('',1,(#2744,#2745),.UNSPECIFIED.,.F.,
  .F.,(2,2),(0.,0.100323932927),.PIECEWISE_BEZIER_KNOTS.);
#2744 = CARTESIAN_POINT('',(-0.442538109756,-2.29212825117,1.6300001));
#2745 = CARTESIAN_POINT('',(-0.542862042683,-2.29212825117,1.6300001));
#2746 = ORIENTED_EDGE('',*,*,#2747,.F.);
#2747 = EDGE_CURVE('',#2748,#2739,#2750,.T.);
#2748 = VERTEX_POINT('',#2749);
#2749 = CARTESIAN_POINT('',(-0.487298018293,-2.166823373121,1.6300001));
#2750 = B_SPLINE_CURVE_WITH_KNOTS('',1,(#2751,#2752),.UNSPECIFIED.,.F.,
  .F.,(2,2),(0.,0.133059241975),.PIECEWISE_BEZIER_KNOTS.);
#2751 = CARTESIAN_POINT('',(-0.487298018293,-2.166823373121,1.6300001));
#2752 = CARTESIAN_POINT('',(-0.442538109756,-2.29212825117,1.6300001));
#2753 = ORIENTED_EDGE('',*,*,#2754,.F.);
#2754 = EDGE_CURVE('',#2755,#2748,#2757,.T.);
#2755 = VERTEX_POINT('',#2756);
#2756 = CARTESIAN_POINT('',(-0.492099847561,-2.145786787756,1.6300001));
#2757 = B_SPLINE_CURVE_WITH_KNOTS('',3,(#2758,#2759,#2760,#2761,#2762,
    #2763,#2764),.UNSPECIFIED.,.F.,.F.,(4,1,1,1,4),(0.,0.300541113159,
    0.567747146484,0.800033613737,1.),.UNSPECIFIED.);
#2758 = CARTESIAN_POINT('',(-0.492099847561,-2.145786787756,1.6300001));
#2759 = CARTESIAN_POINT('',(-0.491750022819,-2.147923055442,1.6300001));
#2760 = CARTESIAN_POINT('',(-0.491089174801,-2.151958642688,1.6300001));
#2761 = CARTESIAN_POINT('',(-0.489973628339,-2.157613335925,1.6300001));
#2762 = CARTESIAN_POINT('',(-0.488731586162,-2.162500279292,1.6300001));
#2763 = CARTESIAN_POINT('',(-0.487751445472,-2.165456009719,1.6300001));
#2764 = CARTESIAN_POINT('',(-0.487298018293,-2.166823373121,1.6300001));
#2765 = ORIENTED_EDGE('',*,*,#2766,.F.);
#2766 = EDGE_CURVE('',#2767,#2755,#2769,.T.);
#2767 = VERTEX_POINT('',#2768);
#2768 = CARTESIAN_POINT('',(-0.493071646341,-2.145786787756,1.6300001));
#2769 = B_SPLINE_CURVE_WITH_KNOTS('',1,(#2770,#2771),.UNSPECIFIED.,.F.,
  .F.,(2,2),(-5.551115123126E-17,9.717987804878E-04),
  .PIECEWISE_BEZIER_KNOTS.);
#2770 = CARTESIAN_POINT('',(-0.493071646341,-2.145786787756,1.6300001));
#2771 = CARTESIAN_POINT('',(-0.492099847561,-2.145786787756,1.6300001));
#2772 = ORIENTED_EDGE('',*,*,#2773,.F.);
#2773 = EDGE_CURVE('',#2774,#2767,#2776,.T.);
#2774 = VERTEX_POINT('',#2775);
#2775 = CARTESIAN_POINT('',(-0.497701981707,-2.166823373121,1.6300001));
#2776 = B_SPLINE_CURVE_WITH_KNOTS('',3,(#2777,#2778,#2779,#2780,#2781,
    #2782,#2783),.UNSPECIFIED.,.F.,.F.,(4,1,1,1,4),(0.,0.174481715317,
    0.398285759128,0.673897847399,1.),.UNSPECIFIED.);
#2777 = CARTESIAN_POINT('',(-0.497701981707,-2.166823373121,1.6300001));
#2778 = CARTESIAN_POINT('',(-0.49732761017,-2.165626422786,1.6300001));
#2779 = CARTESIAN_POINT('',(-0.496473040099,-2.162894169309,1.6300001));
#2780 = CARTESIAN_POINT('',(-0.495353197709,-2.158178451437,1.6300001));
#2781 = CARTESIAN_POINT('',(-0.494255262524,-2.152348355844,1.6300001));
#2782 = CARTESIAN_POINT('',(-0.493487655142,-2.148092999947,1.6300001));
#2783 = CARTESIAN_POINT('',(-0.493071646341,-2.145786787756,1.6300001));
#2784 = ORIENTED_EDGE('',*,*,#2785,.F.);
#2785 = EDGE_CURVE('',#2741,#2774,#2786,.T.);
#2786 = B_SPLINE_CURVE_WITH_KNOTS('',1,(#2787,#2788),.UNSPECIFIED.,.F.,
  .F.,(2,2),(0.,0.133194382652),.PIECEWISE_BEZIER_KNOTS.);
#2787 = CARTESIAN_POINT('',(-0.542862042683,-2.29212825117,1.6300001));
#2788 = CARTESIAN_POINT('',(-0.497701981707,-2.166823373121,1.6300001));
#2789 = FACE_BOUND('',#2790,.T.);
#2790 = EDGE_LOOP('',(#2791,#2792,#2793,#2794,#2795,#2796,#2797,#2798));
#2791 = ORIENTED_EDGE('',*,*,#2570,.F.);
#2792 = ORIENTED_EDGE('',*,*,#2724,.F.);
#2793 = ORIENTED_EDGE('',*,*,#2702,.F.);
#2794 = ORIENTED_EDGE('',*,*,#2680,.F.);
#2795 = ORIENTED_EDGE('',*,*,#2658,.F.);
#2796 = ORIENTED_EDGE('',*,*,#2636,.F.);
#2797 = ORIENTED_EDGE('',*,*,#2614,.F.);
#2798 = ORIENTED_EDGE('',*,*,#2592,.F.);
#2799 = B_SPLINE_SURFACE_WITH_KNOTS('',1,1,(
    (#2800,#2801)
    ,(#2802,#2803
    )),.UNSPECIFIED.,.F.,.F.,.F.,(2,2),(2,2),(-0.625609756098,
    -0.35487804878),(-2.409201421902,-2.109201421902),
  .PIECEWISE_BEZIER_KNOTS.);
#2800 = CARTESIAN_POINT('',(-0.630609756098,-2.409201421902,1.6300001));
#2801 = CARTESIAN_POINT('',(-0.630609756098,-2.109201421902,1.6300001));
#2802 = CARTESIAN_POINT('',(-0.35987804878,-2.409201421902,1.6300001));
#2803 = CARTESIAN_POINT('',(-0.35987804878,-2.109201421902,1.6300001));
#2804 = ADVANCED_FACE('',(#2805),#2827,.T.);
#2805 = FACE_BOUND('',#2806,.T.);
#2806 = EDGE_LOOP('',(#2807,#2816,#2821,#2822));
#2807 = ORIENTED_EDGE('',*,*,#2808,.F.);
#2808 = EDGE_CURVE('',#2809,#2811,#2813,.T.);
#2809 = VERTEX_POINT('',#2810);
#2810 = CARTESIAN_POINT('',(-0.442538109756,-2.29212825117,1.5300001));
#2811 = VERTEX_POINT('',#2812);
#2812 = CARTESIAN_POINT('',(-0.542862042683,-2.29212825117,1.5300001));
#2813 = B_SPLINE_CURVE_WITH_KNOTS('',1,(#2814,#2815),.UNSPECIFIED.,.F.,
  .F.,(2,2),(0.,0.100323932927),.PIECEWISE_BEZIER_KNOTS.);
#2814 = CARTESIAN_POINT('',(-0.442538109756,-2.29212825117,1.5300001));
#2815 = CARTESIAN_POINT('',(-0.542862042683,-2.29212825117,1.5300001));
#2816 = ORIENTED_EDGE('',*,*,#2817,.F.);
#2817 = EDGE_CURVE('',#2739,#2809,#2818,.T.);
#2818 = B_SPLINE_CURVE_WITH_KNOTS('',1,(#2819,#2820),.UNSPECIFIED.,.F.,
  .F.,(2,2),(-0.,0.1),.PIECEWISE_BEZIER_KNOTS.);
#2819 = CARTESIAN_POINT('',(-0.442538109756,-2.29212825117,1.6300001));
#2820 = CARTESIAN_POINT('',(-0.442538109756,-2.29212825117,1.5300001));
#2821 = ORIENTED_EDGE('',*,*,#2738,.T.);
#2822 = ORIENTED_EDGE('',*,*,#2823,.T.);
#2823 = EDGE_CURVE('',#2741,#2811,#2824,.T.);
#2824 = B_SPLINE_CURVE_WITH_KNOTS('',1,(#2825,#2826),.UNSPECIFIED.,.F.,
  .F.,(2,2),(-0.,0.1),.PIECEWISE_BEZIER_KNOTS.);
#2825 = CARTESIAN_POINT('',(-0.542862042683,-2.29212825117,1.6300001));
#2826 = CARTESIAN_POINT('',(-0.542862042683,-2.29212825117,1.5300001));
#2827 = B_SPLINE_SURFACE_WITH_KNOTS('',1,1,(
    (#2828,#2829)
    ,(#2830,#2831
    )),.UNSPECIFIED.,.F.,.F.,.F.,(2,2),(2,2),(0.,0.1),(-0.100323932927,
    0.),.PIECEWISE_BEZIER_KNOTS.);
#2828 = CARTESIAN_POINT('',(-0.542862042683,-2.29212825117,1.6300001));
#2829 = CARTESIAN_POINT('',(-0.442538109756,-2.29212825117,1.6300001));
#2830 = CARTESIAN_POINT('',(-0.542862042683,-2.29212825117,1.5300001));
#2831 = CARTESIAN_POINT('',(-0.442538109756,-2.29212825117,1.5300001));
#2832 = ADVANCED_FACE('',(#2833),#2849,.T.);
#2833 = FACE_BOUND('',#2834,.T.);
#2834 = EDGE_LOOP('',(#2835,#2842,#2847,#2848));
#2835 = ORIENTED_EDGE('',*,*,#2836,.F.);
#2836 = EDGE_CURVE('',#2837,#2809,#2839,.T.);
#2837 = VERTEX_POINT('',#2838);
#2838 = CARTESIAN_POINT('',(-0.487298018293,-2.166823373121,1.5300001));
#2839 = B_SPLINE_CURVE_WITH_KNOTS('',1,(#2840,#2841),.UNSPECIFIED.,.F.,
  .F.,(2,2),(0.,0.133059241975),.PIECEWISE_BEZIER_KNOTS.);
#2840 = CARTESIAN_POINT('',(-0.487298018293,-2.166823373121,1.5300001));
#2841 = CARTESIAN_POINT('',(-0.442538109756,-2.29212825117,1.5300001));
#2842 = ORIENTED_EDGE('',*,*,#2843,.F.);
#2843 = EDGE_CURVE('',#2748,#2837,#2844,.T.);
#2844 = B_SPLINE_CURVE_WITH_KNOTS('',1,(#2845,#2846),.UNSPECIFIED.,.F.,
  .F.,(2,2),(-0.,0.1),.PIECEWISE_BEZIER_KNOTS.);
#2845 = CARTESIAN_POINT('',(-0.487298018293,-2.166823373121,1.6300001));
#2846 = CARTESIAN_POINT('',(-0.487298018293,-2.166823373121,1.5300001));
#2847 = ORIENTED_EDGE('',*,*,#2747,.T.);
#2848 = ORIENTED_EDGE('',*,*,#2817,.T.);
#2849 = B_SPLINE_SURFACE_WITH_KNOTS('',1,1,(
    (#2850,#2851)
    ,(#2852,#2853
    )),.UNSPECIFIED.,.F.,.F.,.F.,(2,2),(2,2),(-0.133059241975,0.),(-0.1,
    0.),.PIECEWISE_BEZIER_KNOTS.);
#2850 = CARTESIAN_POINT('',(-0.442538109756,-2.29212825117,1.5300001));
#2851 = CARTESIAN_POINT('',(-0.442538109756,-2.29212825117,1.6300001));
#2852 = CARTESIAN_POINT('',(-0.487298018293,-2.166823373121,1.5300001));
#2853 = CARTESIAN_POINT('',(-0.487298018293,-2.166823373121,1.6300001));
#2854 = ADVANCED_FACE('',(#2855),#2876,.T.);
#2855 = FACE_BOUND('',#2856,.T.);
#2856 = EDGE_LOOP('',(#2857,#2869,#2874,#2875));
#2857 = ORIENTED_EDGE('',*,*,#2858,.F.);
#2858 = EDGE_CURVE('',#2859,#2837,#2861,.T.);
#2859 = VERTEX_POINT('',#2860);
#2860 = CARTESIAN_POINT('',(-0.492099847561,-2.145786787756,1.5300001));
#2861 = B_SPLINE_CURVE_WITH_KNOTS('',3,(#2862,#2863,#2864,#2865,#2866,
    #2867,#2868),.UNSPECIFIED.,.F.,.F.,(4,1,1,1,4),(0.,0.300541113159,
    0.567747146484,0.800033613737,1.),.UNSPECIFIED.);
#2862 = CARTESIAN_POINT('',(-0.492099847561,-2.145786787756,1.5300001));
#2863 = CARTESIAN_POINT('',(-0.491750022819,-2.147923055442,1.5300001));
#2864 = CARTESIAN_POINT('',(-0.491089174801,-2.151958642688,1.5300001));
#2865 = CARTESIAN_POINT('',(-0.489973628339,-2.157613335925,1.5300001));
#2866 = CARTESIAN_POINT('',(-0.488731586162,-2.162500279292,1.5300001));
#2867 = CARTESIAN_POINT('',(-0.487751445472,-2.165456009719,1.5300001));
#2868 = CARTESIAN_POINT('',(-0.487298018293,-2.166823373121,1.5300001));
#2869 = ORIENTED_EDGE('',*,*,#2870,.F.);
#2870 = EDGE_CURVE('',#2755,#2859,#2871,.T.);
#2871 = B_SPLINE_CURVE_WITH_KNOTS('',1,(#2872,#2873),.UNSPECIFIED.,.F.,
  .F.,(2,2),(-0.,0.1),.PIECEWISE_BEZIER_KNOTS.);
#2872 = CARTESIAN_POINT('',(-0.492099847561,-2.145786787756,1.6300001));
#2873 = CARTESIAN_POINT('',(-0.492099847561,-2.145786787756,1.5300001));
#2874 = ORIENTED_EDGE('',*,*,#2754,.T.);
#2875 = ORIENTED_EDGE('',*,*,#2843,.T.);
#2876 = B_SPLINE_SURFACE_WITH_KNOTS('',3,1,(
    (#2877,#2878)
    ,(#2879,#2880)
    ,(#2881,#2882)
    ,(#2883,#2884)
    ,(#2885,#2886)
    ,(#2887,#2888)
    ,(#2889,#2890
    )),.UNSPECIFIED.,.F.,.F.,.F.,(4,1,1,1,4),(2,2),(0.,0.300541113159,
    0.567747146484,0.800033613737,1.),(0.,1.),.UNSPECIFIED.);
#2877 = CARTESIAN_POINT('',(-0.492099847561,-2.145786787756,1.6300001));
#2878 = CARTESIAN_POINT('',(-0.492099847561,-2.145786787756,1.5300001));
#2879 = CARTESIAN_POINT('',(-0.491750022819,-2.147923055442,1.6300001));
#2880 = CARTESIAN_POINT('',(-0.491750022819,-2.147923055442,1.5300001));
#2881 = CARTESIAN_POINT('',(-0.491089174801,-2.151958642688,1.6300001));
#2882 = CARTESIAN_POINT('',(-0.491089174801,-2.151958642688,1.5300001));
#2883 = CARTESIAN_POINT('',(-0.489973628339,-2.157613335925,1.6300001));
#2884 = CARTESIAN_POINT('',(-0.489973628339,-2.157613335925,1.5300001));
#2885 = CARTESIAN_POINT('',(-0.488731586162,-2.162500279292,1.6300001));
#2886 = CARTESIAN_POINT('',(-0.488731586162,-2.162500279292,1.5300001));
#2887 = CARTESIAN_POINT('',(-0.487751445472,-2.165456009719,1.6300001));
#2888 = CARTESIAN_POINT('',(-0.487751445472,-2.165456009719,1.5300001));
#2889 = CARTESIAN_POINT('',(-0.487298018293,-2.166823373121,1.6300001));
#2890 = CARTESIAN_POINT('',(-0.487298018293,-2.166823373121,1.5300001));
#2891 = ADVANCED_FACE('',(#2892),#2908,.T.);
#2892 = FACE_BOUND('',#2893,.T.);
#2893 = EDGE_LOOP('',(#2894,#2901,#2906,#2907));
#2894 = ORIENTED_EDGE('',*,*,#2895,.F.);
#2895 = EDGE_CURVE('',#2896,#2859,#2898,.T.);
#2896 = VERTEX_POINT('',#2897);
#2897 = CARTESIAN_POINT('',(-0.493071646341,-2.145786787756,1.5300001));
#2898 = B_SPLINE_CURVE_WITH_KNOTS('',1,(#2899,#2900),.UNSPECIFIED.,.F.,
  .F.,(2,2),(-5.551115123126E-17,9.717987804878E-04),
  .PIECEWISE_BEZIER_KNOTS.);
#2899 = CARTESIAN_POINT('',(-0.493071646341,-2.145786787756,1.5300001));
#2900 = CARTESIAN_POINT('',(-0.492099847561,-2.145786787756,1.5300001));
#2901 = ORIENTED_EDGE('',*,*,#2902,.F.);
#2902 = EDGE_CURVE('',#2767,#2896,#2903,.T.);
#2903 = B_SPLINE_CURVE_WITH_KNOTS('',1,(#2904,#2905),.UNSPECIFIED.,.F.,
  .F.,(2,2),(-0.,0.1),.PIECEWISE_BEZIER_KNOTS.);
#2904 = CARTESIAN_POINT('',(-0.493071646341,-2.145786787756,1.6300001));
#2905 = CARTESIAN_POINT('',(-0.493071646341,-2.145786787756,1.5300001));
#2906 = ORIENTED_EDGE('',*,*,#2766,.T.);
#2907 = ORIENTED_EDGE('',*,*,#2870,.T.);
#2908 = B_SPLINE_SURFACE_WITH_KNOTS('',1,1,(
    (#2909,#2910)
    ,(#2911,#2912
    )),.UNSPECIFIED.,.F.,.F.,.F.,(2,2),(2,2),(-0.1,0.),(
    -5.551115123126E-17,9.717987804878E-04),.PIECEWISE_BEZIER_KNOTS.);
#2909 = CARTESIAN_POINT('',(-0.493071646341,-2.145786787756,1.5300001));
#2910 = CARTESIAN_POINT('',(-0.492099847561,-2.145786787756,1.5300001));
#2911 = CARTESIAN_POINT('',(-0.493071646341,-2.145786787756,1.6300001));
#2912 = CARTESIAN_POINT('',(-0.492099847561,-2.145786787756,1.6300001));
#2913 = ADVANCED_FACE('',(#2914),#2935,.T.);
#2914 = FACE_BOUND('',#2915,.T.);
#2915 = EDGE_LOOP('',(#2916,#2928,#2933,#2934));
#2916 = ORIENTED_EDGE('',*,*,#2917,.F.);
#2917 = EDGE_CURVE('',#2918,#2896,#2920,.T.);
#2918 = VERTEX_POINT('',#2919);
#2919 = CARTESIAN_POINT('',(-0.497701981707,-2.166823373121,1.5300001));
#2920 = B_SPLINE_CURVE_WITH_KNOTS('',3,(#2921,#2922,#2923,#2924,#2925,
    #2926,#2927),.UNSPECIFIED.,.F.,.F.,(4,1,1,1,4),(0.,0.174481715317,
    0.398285759128,0.673897847399,1.),.UNSPECIFIED.);
#2921 = CARTESIAN_POINT('',(-0.497701981707,-2.166823373121,1.5300001));
#2922 = CARTESIAN_POINT('',(-0.49732761017,-2.165626422786,1.5300001));
#2923 = CARTESIAN_POINT('',(-0.496473040099,-2.162894169309,1.5300001));
#2924 = CARTESIAN_POINT('',(-0.495353197709,-2.158178451437,1.5300001));
#2925 = CARTESIAN_POINT('',(-0.494255262524,-2.152348355844,1.5300001));
#2926 = CARTESIAN_POINT('',(-0.493487655142,-2.148092999947,1.5300001));
#2927 = CARTESIAN_POINT('',(-0.493071646341,-2.145786787756,1.5300001));
#2928 = ORIENTED_EDGE('',*,*,#2929,.F.);
#2929 = EDGE_CURVE('',#2774,#2918,#2930,.T.);
#2930 = B_SPLINE_CURVE_WITH_KNOTS('',1,(#2931,#2932),.UNSPECIFIED.,.F.,
  .F.,(2,2),(-0.,0.1),.PIECEWISE_BEZIER_KNOTS.);
#2931 = CARTESIAN_POINT('',(-0.497701981707,-2.166823373121,1.6300001));
#2932 = CARTESIAN_POINT('',(-0.497701981707,-2.166823373121,1.5300001));
#2933 = ORIENTED_EDGE('',*,*,#2773,.T.);
#2934 = ORIENTED_EDGE('',*,*,#2902,.T.);
#2935 = B_SPLINE_SURFACE_WITH_KNOTS('',3,1,(
    (#2936,#2937)
    ,(#2938,#2939)
    ,(#2940,#2941)
    ,(#2942,#2943)
    ,(#2944,#2945)
    ,(#2946,#2947)
    ,(#2948,#2949
    )),.UNSPECIFIED.,.F.,.F.,.F.,(4,1,1,1,4),(2,2),(0.,0.174481715317,
    0.398285759128,0.673897847399,1.),(0.,1.),.UNSPECIFIED.);
#2936 = CARTESIAN_POINT('',(-0.497701981707,-2.166823373121,1.6300001));
#2937 = CARTESIAN_POINT('',(-0.497701981707,-2.166823373121,1.5300001));
#2938 = CARTESIAN_POINT('',(-0.49732761017,-2.165626422786,1.6300001));
#2939 = CARTESIAN_POINT('',(-0.49732761017,-2.165626422786,1.5300001));
#2940 = CARTESIAN_POINT('',(-0.496473040099,-2.162894169309,1.6300001));
#2941 = CARTESIAN_POINT('',(-0.496473040099,-2.162894169309,1.5300001));
#2942 = CARTESIAN_POINT('',(-0.495353197709,-2.158178451437,1.6300001));
#2943 = CARTESIAN_POINT('',(-0.495353197709,-2.158178451437,1.5300001));
#2944 = CARTESIAN_POINT('',(-0.494255262524,-2.152348355844,1.6300001));
#2945 = CARTESIAN_POINT('',(-0.494255262524,-2.152348355844,1.5300001));
#2946 = CARTESIAN_POINT('',(-0.493487655142,-2.148092999947,1.6300001));
#2947 = CARTESIAN_POINT('',(-0.493487655142,-2.148092999947,1.5300001));
#2948 = CARTESIAN_POINT('',(-0.493071646341,-2.145786787756,1.6300001));
#2949 = CARTESIAN_POINT('',(-0.493071646341,-2.145786787756,1.5300001));
#2950 = ADVANCED_FACE('',(#2951),#2961,.T.);
#2951 = FACE_BOUND('',#2952,.T.);
#2952 = EDGE_LOOP('',(#2953,#2958,#2959,#2960));
#2953 = ORIENTED_EDGE('',*,*,#2954,.F.);
#2954 = EDGE_CURVE('',#2811,#2918,#2955,.T.);
#2955 = B_SPLINE_CURVE_WITH_KNOTS('',1,(#2956,#2957),.UNSPECIFIED.,.F.,
  .F.,(2,2),(3.764253303344E-17,0.133194382652),
  .PIECEWISE_BEZIER_KNOTS.);
#2956 = CARTESIAN_POINT('',(-0.542862042683,-2.29212825117,1.5300001));
#2957 = CARTESIAN_POINT('',(-0.497701981707,-2.166823373121,1.5300001));
#2958 = ORIENTED_EDGE('',*,*,#2823,.F.);
#2959 = ORIENTED_EDGE('',*,*,#2785,.T.);
#2960 = ORIENTED_EDGE('',*,*,#2929,.T.);
#2961 = B_SPLINE_SURFACE_WITH_KNOTS('',1,1,(
    (#2962,#2963)
    ,(#2964,#2965
    )),.UNSPECIFIED.,.F.,.F.,.F.,(2,2),(2,2),(-0.133194382652,0.),(-0.1,
    0.),.PIECEWISE_BEZIER_KNOTS.);
#2962 = CARTESIAN_POINT('',(-0.497701981707,-2.166823373121,1.5300001));
#2963 = CARTESIAN_POINT('',(-0.497701981707,-2.166823373121,1.6300001));
#2964 = CARTESIAN_POINT('',(-0.542862042683,-2.29212825117,1.5300001));
#2965 = CARTESIAN_POINT('',(-0.542862042683,-2.29212825117,1.6300001));
#2966 = ADVANCED_FACE('',(#2967),#2989,.T.);
#2967 = FACE_BOUND('',#2968,.T.);
#2968 = EDGE_LOOP('',(#2969,#2970,#2977,#2984));
#2969 = ORIENTED_EDGE('',*,*,#1672,.F.);
#2970 = ORIENTED_EDGE('',*,*,#2971,.F.);
#2971 = EDGE_CURVE('',#2972,#1673,#2974,.T.);
#2972 = VERTEX_POINT('',#2973);
#2973 = CARTESIAN_POINT('',(-0.178037347561,-2.409201421902,1.6300001));
#2974 = B_SPLINE_CURVE_WITH_KNOTS('',1,(#2975,#2976),.UNSPECIFIED.,.F.,
  .F.,(2,2),(-0.,0.1),.PIECEWISE_BEZIER_KNOTS.);
#2975 = CARTESIAN_POINT('',(-0.178037347561,-2.409201421902,1.6300001));
#2976 = CARTESIAN_POINT('',(-0.178037347561,-2.409201421902,1.5300001));
#2977 = ORIENTED_EDGE('',*,*,#2978,.T.);
#2978 = EDGE_CURVE('',#2972,#2979,#2981,.T.);
#2979 = VERTEX_POINT('',#2980);
#2980 = CARTESIAN_POINT('',(-9.646341463415E-02,-2.409201421902,
    1.6300001));
#2981 = B_SPLINE_CURVE_WITH_KNOTS('',1,(#2982,#2983),.UNSPECIFIED.,.F.,
  .F.,(2,2),(0.,8.157393292683E-02),.PIECEWISE_BEZIER_KNOTS.);
#2982 = CARTESIAN_POINT('',(-0.178037347561,-2.409201421902,1.6300001));
#2983 = CARTESIAN_POINT('',(-9.646341463415E-02,-2.409201421902,
    1.6300001));
#2984 = ORIENTED_EDGE('',*,*,#2985,.T.);
#2985 = EDGE_CURVE('',#2979,#1675,#2986,.T.);
#2986 = B_SPLINE_CURVE_WITH_KNOTS('',1,(#2987,#2988),.UNSPECIFIED.,.F.,
  .F.,(2,2),(-0.,0.1),.PIECEWISE_BEZIER_KNOTS.);
#2987 = CARTESIAN_POINT('',(-9.646341463415E-02,-2.409201421902,
    1.6300001));
#2988 = CARTESIAN_POINT('',(-9.646341463415E-02,-2.409201421902,
    1.5300001));
#2989 = B_SPLINE_SURFACE_WITH_KNOTS('',1,1,(
    (#2990,#2991)
    ,(#2992,#2993)),.UNSPECIFIED.,.F.,.F.,.F.,(2,2),(2,2),(-0.1,0.),(0.,
    8.157393292683E-02),.PIECEWISE_BEZIER_KNOTS.);
#2990 = CARTESIAN_POINT('',(-0.178037347561,-2.409201421902,1.5300001));
#2991 = CARTESIAN_POINT('',(-9.646341463415E-02,-2.409201421902,
    1.5300001));
#2992 = CARTESIAN_POINT('',(-0.178037347561,-2.409201421902,1.6300001));
#2993 = CARTESIAN_POINT('',(-9.646341463415E-02,-2.409201421902,
    1.6300001));
#2994 = ADVANCED_FACE('',(#2995),#3011,.T.);
#2995 = FACE_BOUND('',#2996,.T.);
#2996 = EDGE_LOOP('',(#2997,#2998,#2999,#3006));
#2997 = ORIENTED_EDGE('',*,*,#1681,.F.);
#2998 = ORIENTED_EDGE('',*,*,#2985,.F.);
#2999 = ORIENTED_EDGE('',*,*,#3000,.T.);
#3000 = EDGE_CURVE('',#2979,#3001,#3003,.T.);
#3001 = VERTEX_POINT('',#3002);
#3002 = CARTESIAN_POINT('',(-9.646341463415E-02,-2.109201421902,
    1.6300001));
#3003 = B_SPLINE_CURVE_WITH_KNOTS('',1,(#3004,#3005),.UNSPECIFIED.,.F.,
  .F.,(2,2),(0.,0.3),.PIECEWISE_BEZIER_KNOTS.);
#3004 = CARTESIAN_POINT('',(-9.646341463415E-02,-2.409201421902,
    1.6300001));
#3005 = CARTESIAN_POINT('',(-9.646341463415E-02,-2.109201421902,
    1.6300001));
#3006 = ORIENTED_EDGE('',*,*,#3007,.T.);
#3007 = EDGE_CURVE('',#3001,#1682,#3008,.T.);
#3008 = B_SPLINE_CURVE_WITH_KNOTS('',1,(#3009,#3010),.UNSPECIFIED.,.F.,
  .F.,(2,2),(-0.,0.1),.PIECEWISE_BEZIER_KNOTS.);
#3009 = CARTESIAN_POINT('',(-9.646341463415E-02,-2.109201421902,
    1.6300001));
#3010 = CARTESIAN_POINT('',(-9.646341463415E-02,-2.109201421902,
    1.5300001));
#3011 = B_SPLINE_SURFACE_WITH_KNOTS('',1,1,(
    (#3012,#3013)
    ,(#3014,#3015
    )),.UNSPECIFIED.,.F.,.F.,.F.,(2,2),(2,2),(-0.1,0.),(0.,0.3),
  .PIECEWISE_BEZIER_KNOTS.);
#3012 = CARTESIAN_POINT('',(-9.646341463415E-02,-2.409201421902,
    1.5300001));
#3013 = CARTESIAN_POINT('',(-9.646341463415E-02,-2.109201421902,
    1.5300001));
#3014 = CARTESIAN_POINT('',(-9.646341463415E-02,-2.409201421902,
    1.6300001));
#3015 = CARTESIAN_POINT('',(-9.646341463415E-02,-2.109201421902,
    1.6300001));
#3016 = ADVANCED_FACE('',(#3017),#3033,.T.);
#3017 = FACE_BOUND('',#3018,.T.);
#3018 = EDGE_LOOP('',(#3019,#3020,#3021,#3028));
#3019 = ORIENTED_EDGE('',*,*,#1688,.F.);
#3020 = ORIENTED_EDGE('',*,*,#3007,.F.);
#3021 = ORIENTED_EDGE('',*,*,#3022,.T.);
#3022 = EDGE_CURVE('',#3001,#3023,#3025,.T.);
#3023 = VERTEX_POINT('',#3024);
#3024 = CARTESIAN_POINT('',(-0.181124237805,-2.109201421902,1.6300001));
#3025 = B_SPLINE_CURVE_WITH_KNOTS('',1,(#3026,#3027),.UNSPECIFIED.,.F.,
  .F.,(2,2),(0.,8.466082317073E-02),.PIECEWISE_BEZIER_KNOTS.);
#3026 = CARTESIAN_POINT('',(-9.646341463415E-02,-2.109201421902,
    1.6300001));
#3027 = CARTESIAN_POINT('',(-0.181124237805,-2.109201421902,1.6300001));
#3028 = ORIENTED_EDGE('',*,*,#3029,.T.);
#3029 = EDGE_CURVE('',#3023,#1689,#3030,.T.);
#3030 = B_SPLINE_CURVE_WITH_KNOTS('',1,(#3031,#3032),.UNSPECIFIED.,.F.,
  .F.,(2,2),(-0.,0.1),.PIECEWISE_BEZIER_KNOTS.);
#3031 = CARTESIAN_POINT('',(-0.181124237805,-2.109201421902,1.6300001));
#3032 = CARTESIAN_POINT('',(-0.181124237805,-2.109201421902,1.5300001));
#3033 = B_SPLINE_SURFACE_WITH_KNOTS('',1,1,(
    (#3034,#3035)
    ,(#3036,#3037
    )),.UNSPECIFIED.,.F.,.F.,.F.,(2,2),(2,2),(0.,0.1),(
    -8.466082317073E-02,0.),.PIECEWISE_BEZIER_KNOTS.);
#3034 = CARTESIAN_POINT('',(-0.181124237805,-2.109201421902,1.6300001));
#3035 = CARTESIAN_POINT('',(-9.646341463415E-02,-2.109201421902,
    1.6300001));
#3036 = CARTESIAN_POINT('',(-0.181124237805,-2.109201421902,1.5300001));
#3037 = CARTESIAN_POINT('',(-9.646341463415E-02,-2.109201421902,
    1.5300001));
#3038 = ADVANCED_FACE('',(#3039),#3072,.T.);
#3039 = FACE_BOUND('',#3040,.T.);
#3040 = EDGE_LOOP('',(#3041,#3042,#3043,#3067));
#3041 = ORIENTED_EDGE('',*,*,#1695,.F.);
#3042 = ORIENTED_EDGE('',*,*,#3029,.F.);
#3043 = ORIENTED_EDGE('',*,*,#3044,.T.);
#3044 = EDGE_CURVE('',#3023,#3045,#3047,.T.);
#3045 = VERTEX_POINT('',#3046);
#3046 = CARTESIAN_POINT('',(-0.337926829268,-2.255428556048,1.6300001));
#3047 = B_SPLINE_CURVE_WITH_KNOTS('',3,(#3048,#3049,#3050,#3051,#3052,
    #3053,#3054,#3055,#3056,#3057,#3058,#3059,#3060,#3061,#3062,#3063,
    #3064,#3065,#3066),.UNSPECIFIED.,.F.,.F.,(4,1,1,1,1,1,1,1,1,1,1,1,1,
    1,1,1,4),(0.,6.86311786766E-02,0.134566466039,0.198328154011,
    0.260789766641,0.321999151484,0.382721746503,0.443537474036,
    0.505133429485,0.566213874765,0.626105864618,0.685349322161,
    0.744995870348,0.805415841815,0.867636266346,0.932307782302,1.),
  .UNSPECIFIED.);
#3048 = CARTESIAN_POINT('',(-0.181124237805,-2.109201421902,1.6300001));
#3049 = CARTESIAN_POINT('',(-0.186635797025,-2.109324269488,1.6300001));
#3050 = CARTESIAN_POINT('',(-0.197442416711,-2.109565139101,1.6300001));
#3051 = CARTESIAN_POINT('',(-0.213289659967,-2.111394825674,1.6300001));
#3052 = CARTESIAN_POINT('',(-0.22840841287,-2.114569926617,1.6300001));
#3053 = CARTESIAN_POINT('',(-0.242840250979,-2.118901476236,1.6300001));
#3054 = CARTESIAN_POINT('',(-0.256601891194,-2.124434983599,1.6300001));
#3055 = CARTESIAN_POINT('',(-0.269563687535,-2.131366991117,1.6300001));
#3056 = CARTESIAN_POINT('',(-0.281867858752,-2.139456577696,1.6300001));
#3057 = CARTESIAN_POINT('',(-0.293354292492,-2.148721288182,1.6300001));
#3058 = CARTESIAN_POINT('',(-0.303823775159,-2.159022734528,1.6300001));
#3059 = CARTESIAN_POINT('',(-0.312950411432,-2.170289136627,1.6300001));
#3060 = CARTESIAN_POINT('',(-0.320764229534,-2.182369808008,1.6300001));
#3061 = CARTESIAN_POINT('',(-0.327052296821,-2.195360269364,1.6300001));
#3062 = CARTESIAN_POINT('',(-0.331934793356,-2.20919052809,1.6300001));
#3063 = CARTESIAN_POINT('',(-0.335392237602,-2.223850555474,1.6300001));
#3064 = CARTESIAN_POINT('',(-0.337572921912,-2.2393569558,1.6300001));
#3065 = CARTESIAN_POINT('',(-0.3378070789,-2.249990466077,1.6300001));
#3066 = CARTESIAN_POINT('',(-0.337926829268,-2.255428556048,1.6300001));
#3067 = ORIENTED_EDGE('',*,*,#3068,.T.);
#3068 = EDGE_CURVE('',#3045,#1696,#3069,.T.);
#3069 = B_SPLINE_CURVE_WITH_KNOTS('',1,(#3070,#3071),.UNSPECIFIED.,.F.,
  .F.,(2,2),(-0.,0.1),.PIECEWISE_BEZIER_KNOTS.);
#3070 = CARTESIAN_POINT('',(-0.337926829268,-2.255428556048,1.6300001));
#3071 = CARTESIAN_POINT('',(-0.337926829268,-2.255428556048,1.5300001));
#3072 = B_SPLINE_SURFACE_WITH_KNOTS('',3,1,(
    (#3073,#3074)
    ,(#3075,#3076)
    ,(#3077,#3078)
    ,(#3079,#3080)
    ,(#3081,#3082)
    ,(#3083,#3084)
    ,(#3085,#3086)
    ,(#3087,#3088)
    ,(#3089,#3090)
    ,(#3091,#3092)
    ,(#3093,#3094)
    ,(#3095,#3096)
    ,(#3097,#3098)
    ,(#3099,#3100)
    ,(#3101,#3102)
    ,(#3103,#3104)
    ,(#3105,#3106)
    ,(#3107,#3108)
    ,(#3109,#3110
    )),.UNSPECIFIED.,.F.,.F.,.F.,(4,1,1,1,1,1,1,1,1,1,1,1,1,1,1,1,4),(2,
    2),(0.,6.86311786766E-02,0.134566466039,0.198328154011,
    0.260789766641,0.321999151484,0.382721746503,0.443537474036,
    0.505133429485,0.566213874765,0.626105864618,0.685349322161,
    0.744995870348,0.805415841815,0.867636266346,0.932307782302,1.),(0.,
    1.),.UNSPECIFIED.);
#3073 = CARTESIAN_POINT('',(-0.181124237805,-2.109201421902,1.6300001));
#3074 = CARTESIAN_POINT('',(-0.181124237805,-2.109201421902,1.5300001));
#3075 = CARTESIAN_POINT('',(-0.186635797025,-2.109324269488,1.6300001));
#3076 = CARTESIAN_POINT('',(-0.186635797025,-2.109324269488,1.5300001));
#3077 = CARTESIAN_POINT('',(-0.197442416711,-2.109565139101,1.6300001));
#3078 = CARTESIAN_POINT('',(-0.197442416711,-2.109565139101,1.5300001));
#3079 = CARTESIAN_POINT('',(-0.213289659967,-2.111394825674,1.6300001));
#3080 = CARTESIAN_POINT('',(-0.213289659967,-2.111394825674,1.5300001));
#3081 = CARTESIAN_POINT('',(-0.22840841287,-2.114569926617,1.6300001));
#3082 = CARTESIAN_POINT('',(-0.22840841287,-2.114569926617,1.5300001));
#3083 = CARTESIAN_POINT('',(-0.242840250979,-2.118901476236,1.6300001));
#3084 = CARTESIAN_POINT('',(-0.242840250979,-2.118901476236,1.5300001));
#3085 = CARTESIAN_POINT('',(-0.256601891194,-2.124434983599,1.6300001));
#3086 = CARTESIAN_POINT('',(-0.256601891194,-2.124434983599,1.5300001));
#3087 = CARTESIAN_POINT('',(-0.269563687535,-2.131366991117,1.6300001));
#3088 = CARTESIAN_POINT('',(-0.269563687535,-2.131366991117,1.5300001));
#3089 = CARTESIAN_POINT('',(-0.281867858752,-2.139456577696,1.6300001));
#3090 = CARTESIAN_POINT('',(-0.281867858752,-2.139456577696,1.5300001));
#3091 = CARTESIAN_POINT('',(-0.293354292492,-2.148721288182,1.6300001));
#3092 = CARTESIAN_POINT('',(-0.293354292492,-2.148721288182,1.5300001));
#3093 = CARTESIAN_POINT('',(-0.303823775159,-2.159022734528,1.6300001));
#3094 = CARTESIAN_POINT('',(-0.303823775159,-2.159022734528,1.5300001));
#3095 = CARTESIAN_POINT('',(-0.312950411432,-2.170289136627,1.6300001));
#3096 = CARTESIAN_POINT('',(-0.312950411432,-2.170289136627,1.5300001));
#3097 = CARTESIAN_POINT('',(-0.320764229534,-2.182369808008,1.6300001));
#3098 = CARTESIAN_POINT('',(-0.320764229534,-2.182369808008,1.5300001));
#3099 = CARTESIAN_POINT('',(-0.327052296821,-2.195360269364,1.6300001));
#3100 = CARTESIAN_POINT('',(-0.327052296821,-2.195360269364,1.5300001));
#3101 = CARTESIAN_POINT('',(-0.331934793356,-2.20919052809,1.6300001));
#3102 = CARTESIAN_POINT('',(-0.331934793356,-2.20919052809,1.5300001));
#3103 = CARTESIAN_POINT('',(-0.335392237602,-2.223850555474,1.6300001));
#3104 = CARTESIAN_POINT('',(-0.335392237602,-2.223850555474,1.5300001));
#3105 = CARTESIAN_POINT('',(-0.337572921912,-2.2393569558,1.6300001));
#3106 = CARTESIAN_POINT('',(-0.337572921912,-2.2393569558,1.5300001));
#3107 = CARTESIAN_POINT('',(-0.3378070789,-2.249990466077,1.6300001));
#3108 = CARTESIAN_POINT('',(-0.3378070789,-2.249990466077,1.5300001));
#3109 = CARTESIAN_POINT('',(-0.337926829268,-2.255428556048,1.6300001));
#3110 = CARTESIAN_POINT('',(-0.337926829268,-2.255428556048,1.5300001));
#3111 = ADVANCED_FACE('',(#3112),#3139,.T.);
#3112 = FACE_BOUND('',#3113,.T.);
#3113 = EDGE_LOOP('',(#3114,#3115,#3116,#3138));
#3114 = ORIENTED_EDGE('',*,*,#1719,.F.);
#3115 = ORIENTED_EDGE('',*,*,#3068,.F.);
#3116 = ORIENTED_EDGE('',*,*,#3117,.T.);
#3117 = EDGE_CURVE('',#3045,#2972,#3118,.T.);
#3118 = B_SPLINE_CURVE_WITH_KNOTS('',3,(#3119,#3120,#3121,#3122,#3123,
    #3124,#3125,#3126,#3127,#3128,#3129,#3130,#3131,#3132,#3133,#3134,
    #3135,#3136,#3137),.UNSPECIFIED.,.F.,.F.,(4,1,1,1,1,1,1,1,1,1,1,1,1,
    1,1,1,4),(0.,6.806869584499E-02,0.133427432819,0.196146033813,
    0.257048592449,0.316882663159,0.376187208666,0.435960335364,
    0.496535236863,0.557465343481,0.61768686341,0.677943640697,
    0.738805284806,0.800949336767,0.86481466747,0.931024781079,1.),
  .UNSPECIFIED.);
#3119 = CARTESIAN_POINT('',(-0.337926829268,-2.255428556048,1.6300001));
#3120 = CARTESIAN_POINT('',(-0.337805669107,-2.2610948314,1.6300001));
#3121 = CARTESIAN_POINT('',(-0.337568172428,-2.272201795688,1.6300001));
#3122 = CARTESIAN_POINT('',(-0.335397438839,-2.288411454211,1.6300001));
#3123 = CARTESIAN_POINT('',(-0.331932230014,-2.303770564094,1.6300001));
#3124 = CARTESIAN_POINT('',(-0.327068101456,-2.318270399546,1.6300001));
#3125 = CARTESIAN_POINT('',(-0.320770475623,-2.331900502151,1.6300001));
#3126 = CARTESIAN_POINT('',(-0.312962357724,-2.344611075258,1.6300001));
#3127 = CARTESIAN_POINT('',(-0.303854192592,-2.356499032787,1.6300001));
#3128 = CARTESIAN_POINT('',(-0.293383577721,-2.367401499967,1.6300001));
#3129 = CARTESIAN_POINT('',(-0.281803832251,-2.377159169212,1.6300001));
#3130 = CARTESIAN_POINT('',(-0.269421381367,-2.38583721289,1.6300001));
#3131 = CARTESIAN_POINT('',(-0.256129828189,-2.393047510588,1.6300001));
#3132 = CARTESIAN_POINT('',(-0.24204269565,-2.398938666872,1.6300001));
#3133 = CARTESIAN_POINT('',(-0.227184622178,-2.403615892791,1.6300001));
#3134 = CARTESIAN_POINT('',(-0.211491214858,-2.406800386328,1.6300001));
#3135 = CARTESIAN_POINT('',(-0.195033796698,-2.408893911911,1.6300001));
#3136 = CARTESIAN_POINT('',(-0.183779562655,-2.409097530289,1.6300001));
#3137 = CARTESIAN_POINT('',(-0.178037347561,-2.409201421902,1.6300001));
#3138 = ORIENTED_EDGE('',*,*,#2971,.T.);
#3139 = B_SPLINE_SURFACE_WITH_KNOTS('',3,1,(
    (#3140,#3141)
    ,(#3142,#3143)
    ,(#3144,#3145)
    ,(#3146,#3147)
    ,(#3148,#3149)
    ,(#3150,#3151)
    ,(#3152,#3153)
    ,(#3154,#3155)
    ,(#3156,#3157)
    ,(#3158,#3159)
    ,(#3160,#3161)
    ,(#3162,#3163)
    ,(#3164,#3165)
    ,(#3166,#3167)
    ,(#3168,#3169)
    ,(#3170,#3171)
    ,(#3172,#3173)
    ,(#3174,#3175)
    ,(#3176,#3177
    )),.UNSPECIFIED.,.F.,.F.,.F.,(4,1,1,1,1,1,1,1,1,1,1,1,1,1,1,1,4),(2,
    2),(0.,6.806869584499E-02,0.133427432819,0.196146033813,
    0.257048592449,0.316882663159,0.376187208666,0.435960335364,
    0.496535236863,0.557465343481,0.61768686341,0.677943640697,
    0.738805284806,0.800949336767,0.86481466747,0.931024781079,1.),(0.,
    1.),.UNSPECIFIED.);
#3140 = CARTESIAN_POINT('',(-0.337926829268,-2.255428556048,1.6300001));
#3141 = CARTESIAN_POINT('',(-0.337926829268,-2.255428556048,1.5300001));
#3142 = CARTESIAN_POINT('',(-0.337805669107,-2.2610948314,1.6300001));
#3143 = CARTESIAN_POINT('',(-0.337805669107,-2.2610948314,1.5300001));
#3144 = CARTESIAN_POINT('',(-0.337568172428,-2.272201795688,1.6300001));
#3145 = CARTESIAN_POINT('',(-0.337568172428,-2.272201795688,1.5300001));
#3146 = CARTESIAN_POINT('',(-0.335397438839,-2.288411454211,1.6300001));
#3147 = CARTESIAN_POINT('',(-0.335397438839,-2.288411454211,1.5300001));
#3148 = CARTESIAN_POINT('',(-0.331932230014,-2.303770564094,1.6300001));
#3149 = CARTESIAN_POINT('',(-0.331932230014,-2.303770564094,1.5300001));
#3150 = CARTESIAN_POINT('',(-0.327068101456,-2.318270399546,1.6300001));
#3151 = CARTESIAN_POINT('',(-0.327068101456,-2.318270399546,1.5300001));
#3152 = CARTESIAN_POINT('',(-0.320770475623,-2.331900502151,1.6300001));
#3153 = CARTESIAN_POINT('',(-0.320770475623,-2.331900502151,1.5300001));
#3154 = CARTESIAN_POINT('',(-0.312962357724,-2.344611075258,1.6300001));
#3155 = CARTESIAN_POINT('',(-0.312962357724,-2.344611075258,1.5300001));
#3156 = CARTESIAN_POINT('',(-0.303854192592,-2.356499032787,1.6300001));
#3157 = CARTESIAN_POINT('',(-0.303854192592,-2.356499032787,1.5300001));
#3158 = CARTESIAN_POINT('',(-0.293383577721,-2.367401499967,1.6300001));
#3159 = CARTESIAN_POINT('',(-0.293383577721,-2.367401499967,1.5300001));
#3160 = CARTESIAN_POINT('',(-0.281803832251,-2.377159169212,1.6300001));
#3161 = CARTESIAN_POINT('',(-0.281803832251,-2.377159169212,1.5300001));
#3162 = CARTESIAN_POINT('',(-0.269421381367,-2.38583721289,1.6300001));
#3163 = CARTESIAN_POINT('',(-0.269421381367,-2.38583721289,1.5300001));
#3164 = CARTESIAN_POINT('',(-0.256129828189,-2.393047510588,1.6300001));
#3165 = CARTESIAN_POINT('',(-0.256129828189,-2.393047510588,1.5300001));
#3166 = CARTESIAN_POINT('',(-0.24204269565,-2.398938666872,1.6300001));
#3167 = CARTESIAN_POINT('',(-0.24204269565,-2.398938666872,1.5300001));
#3168 = CARTESIAN_POINT('',(-0.227184622178,-2.403615892791,1.6300001));
#3169 = CARTESIAN_POINT('',(-0.227184622178,-2.403615892791,1.5300001));
#3170 = CARTESIAN_POINT('',(-0.211491214858,-2.406800386328,1.6300001));
#3171 = CARTESIAN_POINT('',(-0.211491214858,-2.406800386328,1.5300001));
#3172 = CARTESIAN_POINT('',(-0.195033796698,-2.408893911911,1.6300001));
#3173 = CARTESIAN_POINT('',(-0.195033796698,-2.408893911911,1.5300001));
#3174 = CARTESIAN_POINT('',(-0.183779562655,-2.409097530289,1.6300001));
#3175 = CARTESIAN_POINT('',(-0.183779562655,-2.409097530289,1.5300001));
#3176 = CARTESIAN_POINT('',(-0.178037347561,-2.409201421902,1.6300001));
#3177 = CARTESIAN_POINT('',(-0.178037347561,-2.409201421902,1.5300001));
#3178 = ADVANCED_FACE('',(#3179,#3250),#3257,.T.);
#3179 = FACE_BOUND('',#3180,.T.);
#3180 = EDGE_LOOP('',(#3181,#3207,#3231,#3238,#3245));
#3181 = ORIENTED_EDGE('',*,*,#3182,.F.);
#3182 = EDGE_CURVE('',#3183,#3185,#3187,.T.);
#3183 = VERTEX_POINT('',#3184);
#3184 = CARTESIAN_POINT('',(-0.297682926829,-2.256286025561,1.6300001));
#3185 = VERTEX_POINT('',#3186);
#3186 = CARTESIAN_POINT('',(-0.180952743902,-2.14212825117,1.6300001));
#3187 = B_SPLINE_CURVE_WITH_KNOTS('',3,(#3188,#3189,#3190,#3191,#3192,
    #3193,#3194,#3195,#3196,#3197,#3198,#3199,#3200,#3201,#3202,#3203,
    #3204,#3205,#3206),.UNSPECIFIED.,.F.,.F.,(4,1,1,1,1,1,1,1,1,1,1,1,1,
    1,1,1,4),(0.,7.430379644281E-02,0.144393610364,0.210499496103,
    0.273542606503,0.333824744579,0.392529672409,0.4500874546,
    0.507820611556,0.565464912777,0.623148722334,0.681297192791,
    0.740913498157,0.801855752196,0.865241237721,0.930941657047,1.),
  .UNSPECIFIED.);
#3188 = CARTESIAN_POINT('',(-0.297682926829,-2.256286025561,1.6300001));
#3189 = CARTESIAN_POINT('',(-0.297584592655,-2.251689760019,1.6300001));
#3190 = CARTESIAN_POINT('',(-0.29739350112,-2.242757896407,1.6300001));
#3191 = CARTESIAN_POINT('',(-0.295906636859,-2.229803594047,1.6300001));
#3192 = CARTESIAN_POINT('',(-0.293414841345,-2.217717501506,1.6300001));
#3193 = CARTESIAN_POINT('',(-0.289872198143,-2.206527877463,1.6300001));
#3194 = CARTESIAN_POINT('',(-0.285350439035,-2.196191575479,1.6300001));
#3195 = CARTESIAN_POINT('',(-0.279782489585,-2.18676781695,1.6300001));
#3196 = CARTESIAN_POINT('',(-0.273211509469,-2.178210401921,1.6300001));
#3197 = CARTESIAN_POINT('',(-0.265638444941,-2.170617530202,1.6300001));
#3198 = CARTESIAN_POINT('',(-0.257249237489,-2.163942300165,1.6300001));
#3199 = CARTESIAN_POINT('',(-0.248250139153,-2.158067769119,1.6300001));
#3200 = CARTESIAN_POINT('',(-0.238563085295,-2.153135277014,1.6300001));
#3201 = CARTESIAN_POINT('',(-0.22826395573,-2.149081999203,1.6300001));
#3202 = CARTESIAN_POINT('',(-0.217317893896,-2.145919233133,1.6300001));
#3203 = CARTESIAN_POINT('',(-0.205758481666,-2.143723952852,1.6300001));
#3204 = CARTESIAN_POINT('',(-0.193560379416,-2.142387671919,1.6300001));
#3205 = CARTESIAN_POINT('',(-0.185224526764,-2.142216149421,1.6300001));
#3206 = CARTESIAN_POINT('',(-0.180952743902,-2.14212825117,1.6300001));
#3207 = ORIENTED_EDGE('',*,*,#3208,.F.);
#3208 = EDGE_CURVE('',#3209,#3183,#3211,.T.);
#3209 = VERTEX_POINT('',#3210);
#3210 = CARTESIAN_POINT('',(-0.179294969512,-2.376274592634,1.6300001));
#3211 = B_SPLINE_CURVE_WITH_KNOTS('',3,(#3212,#3213,#3214,#3215,#3216,
    #3217,#3218,#3219,#3220,#3221,#3222,#3223,#3224,#3225,#3226,#3227,
    #3228,#3229,#3230),.UNSPECIFIED.,.F.,.F.,(4,1,1,1,1,1,1,1,1,1,1,1,1,
    1,1,1,4),(0.,7.082657255516E-02,0.13816903328,0.202475331534,
    0.263973754414,0.323380320598,0.381797622713,0.439390074519,
    0.496902724546,0.554662169609,0.612741878492,0.671538836391,
    0.73165572209,0.794297811614,0.859482204979,0.927681325453,1.),
  .UNSPECIFIED.);
#3212 = CARTESIAN_POINT('',(-0.179294969512,-2.376274592634,1.6300001));
#3213 = CARTESIAN_POINT('',(-0.183815240144,-2.376176879959,1.6300001));
#3214 = CARTESIAN_POINT('',(-0.192633419547,-2.375986261306,1.6300001));
#3215 = CARTESIAN_POINT('',(-0.20548438651,-2.374472520822,1.6300001));
#3216 = CARTESIAN_POINT('',(-0.217579446053,-2.372041742467,1.6300001));
#3217 = CARTESIAN_POINT('',(-0.228920199842,-2.368636594019,1.6300001));
#3218 = CARTESIAN_POINT('',(-0.239457515936,-2.364122907807,1.6300001));
#3219 = CARTESIAN_POINT('',(-0.249276399815,-2.358706228264,1.6300001));
#3220 = CARTESIAN_POINT('',(-0.25830940939,-2.3522604825,1.6300001));
#3221 = CARTESIAN_POINT('',(-0.266519927846,-2.344857964286,1.6300001));
#3222 = CARTESIAN_POINT('',(-0.273838351014,-2.336535535071,1.6300001));
#3223 = CARTESIAN_POINT('',(-0.280295060773,-2.327423382063,1.6300001));
#3224 = CARTESIAN_POINT('',(-0.285659513821,-2.317457593416,1.6300001));
#3225 = CARTESIAN_POINT('',(-0.290101760885,-2.306737006612,1.6300001));
#3226 = CARTESIAN_POINT('',(-0.293496266534,-2.295214378582,1.6300001));
#3227 = CARTESIAN_POINT('',(-0.295956949741,-2.282935869615,1.6300001));
#3228 = CARTESIAN_POINT('',(-0.297378220158,-2.269867438026,1.6300001));
#3229 = CARTESIAN_POINT('',(-0.297579392023,-2.260900788012,1.6300001));
#3230 = CARTESIAN_POINT('',(-0.297682926829,-2.256286025561,1.6300001));
#3231 = ORIENTED_EDGE('',*,*,#3232,.F.);
#3232 = EDGE_CURVE('',#3233,#3209,#3235,.T.);
#3233 = VERTEX_POINT('',#3234);
#3234 = CARTESIAN_POINT('',(-0.136707317073,-2.376274592634,1.6300001));
#3235 = B_SPLINE_CURVE_WITH_KNOTS('',1,(#3236,#3237),.UNSPECIFIED.,.F.,
  .F.,(2,2),(0.,4.258765243902E-02),.PIECEWISE_BEZIER_KNOTS.);
#3236 = CARTESIAN_POINT('',(-0.136707317073,-2.376274592634,1.6300001));
#3237 = CARTESIAN_POINT('',(-0.179294969512,-2.376274592634,1.6300001));
#3238 = ORIENTED_EDGE('',*,*,#3239,.F.);
#3239 = EDGE_CURVE('',#3240,#3233,#3242,.T.);
#3240 = VERTEX_POINT('',#3241);
#3241 = CARTESIAN_POINT('',(-0.136707317073,-2.14212825117,1.6300001));
#3242 = B_SPLINE_CURVE_WITH_KNOTS('',1,(#3243,#3244),.UNSPECIFIED.,.F.,
  .F.,(2,2),(0.,0.234146341463),.PIECEWISE_BEZIER_KNOTS.);
#3243 = CARTESIAN_POINT('',(-0.136707317073,-2.14212825117,1.6300001));
#3244 = CARTESIAN_POINT('',(-0.136707317073,-2.376274592634,1.6300001));
#3245 = ORIENTED_EDGE('',*,*,#3246,.F.);
#3246 = EDGE_CURVE('',#3185,#3240,#3247,.T.);
#3247 = B_SPLINE_CURVE_WITH_KNOTS('',1,(#3248,#3249),.UNSPECIFIED.,.F.,
  .F.,(2,2),(0.,4.424542682927E-02),.PIECEWISE_BEZIER_KNOTS.);
#3248 = CARTESIAN_POINT('',(-0.180952743902,-2.14212825117,1.6300001));
#3249 = CARTESIAN_POINT('',(-0.136707317073,-2.14212825117,1.6300001));
#3250 = FACE_BOUND('',#3251,.T.);
#3251 = EDGE_LOOP('',(#3252,#3253,#3254,#3255,#3256));
#3252 = ORIENTED_EDGE('',*,*,#2978,.F.);
#3253 = ORIENTED_EDGE('',*,*,#3117,.F.);
#3254 = ORIENTED_EDGE('',*,*,#3044,.F.);
#3255 = ORIENTED_EDGE('',*,*,#3022,.F.);
#3256 = ORIENTED_EDGE('',*,*,#3000,.F.);
#3257 = B_SPLINE_SURFACE_WITH_KNOTS('',1,1,(
    (#3258,#3259)
    ,(#3260,#3261
    )),.UNSPECIFIED.,.F.,.F.,.F.,(2,2),(2,2),(-0.195833876281,
    4.562953835332E-02),(-0.261090210129,3.890978987119E-02),
  .PIECEWISE_BEZIER_KNOTS.);
#3258 = CARTESIAN_POINT('',(-9.646341463415E-02,-2.409201421902,
    1.6300001));
#3259 = CARTESIAN_POINT('',(-9.646341463415E-02,-2.109201421902,
    1.6300001));
#3260 = CARTESIAN_POINT('',(-0.337926829268,-2.409201421902,1.6300001));
#3261 = CARTESIAN_POINT('',(-0.337926829268,-2.109201421902,1.6300001));
#3262 = ADVANCED_FACE('',(#3263),#3285,.T.);
#3263 = FACE_BOUND('',#3264,.T.);
#3264 = EDGE_LOOP('',(#3265,#3274,#3279,#3280));
#3265 = ORIENTED_EDGE('',*,*,#3266,.F.);
#3266 = EDGE_CURVE('',#3267,#3269,#3271,.T.);
#3267 = VERTEX_POINT('',#3268);
#3268 = CARTESIAN_POINT('',(-0.180952743902,-2.14212825117,1.5300001));
#3269 = VERTEX_POINT('',#3270);
#3270 = CARTESIAN_POINT('',(-0.136707317073,-2.14212825117,1.5300001));
#3271 = B_SPLINE_CURVE_WITH_KNOTS('',1,(#3272,#3273),.UNSPECIFIED.,.F.,
  .F.,(2,2),(0.,4.424542682927E-02),.PIECEWISE_BEZIER_KNOTS.);
#3272 = CARTESIAN_POINT('',(-0.180952743902,-2.14212825117,1.5300001));
#3273 = CARTESIAN_POINT('',(-0.136707317073,-2.14212825117,1.5300001));
#3274 = ORIENTED_EDGE('',*,*,#3275,.F.);
#3275 = EDGE_CURVE('',#3185,#3267,#3276,.T.);
#3276 = B_SPLINE_CURVE_WITH_KNOTS('',1,(#3277,#3278),.UNSPECIFIED.,.F.,
  .F.,(2,2),(-0.,0.1),.PIECEWISE_BEZIER_KNOTS.);
#3277 = CARTESIAN_POINT('',(-0.180952743902,-2.14212825117,1.6300001));
#3278 = CARTESIAN_POINT('',(-0.180952743902,-2.14212825117,1.5300001));
#3279 = ORIENTED_EDGE('',*,*,#3246,.T.);
#3280 = ORIENTED_EDGE('',*,*,#3281,.T.);
#3281 = EDGE_CURVE('',#3240,#3269,#3282,.T.);
#3282 = B_SPLINE_CURVE_WITH_KNOTS('',1,(#3283,#3284),.UNSPECIFIED.,.F.,
  .F.,(2,2),(-0.,0.1),.PIECEWISE_BEZIER_KNOTS.);
#3283 = CARTESIAN_POINT('',(-0.136707317073,-2.14212825117,1.6300001));
#3284 = CARTESIAN_POINT('',(-0.136707317073,-2.14212825117,1.5300001));
#3285 = B_SPLINE_SURFACE_WITH_KNOTS('',1,1,(
    (#3286,#3287)
    ,(#3288,#3289)),.UNSPECIFIED.,.F.,.F.,.F.,(2,2),(2,2),(-0.1,0.),(0.,
    4.424542682927E-02),.PIECEWISE_BEZIER_KNOTS.);
#3286 = CARTESIAN_POINT('',(-0.180952743902,-2.14212825117,1.5300001));
#3287 = CARTESIAN_POINT('',(-0.136707317073,-2.14212825117,1.5300001));
#3288 = CARTESIAN_POINT('',(-0.180952743902,-2.14212825117,1.6300001));
#3289 = CARTESIAN_POINT('',(-0.136707317073,-2.14212825117,1.6300001));
#3290 = ADVANCED_FACE('',(#3291),#3324,.T.);
#3291 = FACE_BOUND('',#3292,.T.);
#3292 = EDGE_LOOP('',(#3293,#3317,#3322,#3323));
#3293 = ORIENTED_EDGE('',*,*,#3294,.F.);
#3294 = EDGE_CURVE('',#3295,#3267,#3297,.T.);
#3295 = VERTEX_POINT('',#3296);
#3296 = CARTESIAN_POINT('',(-0.297682926829,-2.256286025561,1.5300001));
#3297 = B_SPLINE_CURVE_WITH_KNOTS('',3,(#3298,#3299,#3300,#3301,#3302,
    #3303,#3304,#3305,#3306,#3307,#3308,#3309,#3310,#3311,#3312,#3313,
    #3314,#3315,#3316),.UNSPECIFIED.,.F.,.F.,(4,1,1,1,1,1,1,1,1,1,1,1,1,
    1,1,1,4),(0.,7.430379644281E-02,0.144393610364,0.210499496103,
    0.273542606503,0.333824744579,0.392529672409,0.4500874546,
    0.507820611556,0.565464912777,0.623148722334,0.681297192791,
    0.740913498157,0.801855752196,0.865241237721,0.930941657047,1.),
  .UNSPECIFIED.);
#3298 = CARTESIAN_POINT('',(-0.297682926829,-2.256286025561,1.5300001));
#3299 = CARTESIAN_POINT('',(-0.297584592655,-2.251689760019,1.5300001));
#3300 = CARTESIAN_POINT('',(-0.29739350112,-2.242757896407,1.5300001));
#3301 = CARTESIAN_POINT('',(-0.295906636859,-2.229803594047,1.5300001));
#3302 = CARTESIAN_POINT('',(-0.293414841345,-2.217717501506,1.5300001));
#3303 = CARTESIAN_POINT('',(-0.289872198143,-2.206527877463,1.5300001));
#3304 = CARTESIAN_POINT('',(-0.285350439035,-2.196191575479,1.5300001));
#3305 = CARTESIAN_POINT('',(-0.279782489585,-2.18676781695,1.5300001));
#3306 = CARTESIAN_POINT('',(-0.273211509469,-2.178210401921,1.5300001));
#3307 = CARTESIAN_POINT('',(-0.265638444941,-2.170617530202,1.5300001));
#3308 = CARTESIAN_POINT('',(-0.257249237489,-2.163942300165,1.5300001));
#3309 = CARTESIAN_POINT('',(-0.248250139153,-2.158067769119,1.5300001));
#3310 = CARTESIAN_POINT('',(-0.238563085295,-2.153135277014,1.5300001));
#3311 = CARTESIAN_POINT('',(-0.22826395573,-2.149081999203,1.5300001));
#3312 = CARTESIAN_POINT('',(-0.217317893896,-2.145919233133,1.5300001));
#3313 = CARTESIAN_POINT('',(-0.205758481666,-2.143723952852,1.5300001));
#3314 = CARTESIAN_POINT('',(-0.193560379416,-2.142387671919,1.5300001));
#3315 = CARTESIAN_POINT('',(-0.185224526764,-2.142216149421,1.5300001));
#3316 = CARTESIAN_POINT('',(-0.180952743902,-2.14212825117,1.5300001));
#3317 = ORIENTED_EDGE('',*,*,#3318,.F.);
#3318 = EDGE_CURVE('',#3183,#3295,#3319,.T.);
#3319 = B_SPLINE_CURVE_WITH_KNOTS('',1,(#3320,#3321),.UNSPECIFIED.,.F.,
  .F.,(2,2),(-0.,0.1),.PIECEWISE_BEZIER_KNOTS.);
#3320 = CARTESIAN_POINT('',(-0.297682926829,-2.256286025561,1.6300001));
#3321 = CARTESIAN_POINT('',(-0.297682926829,-2.256286025561,1.5300001));
#3322 = ORIENTED_EDGE('',*,*,#3182,.T.);
#3323 = ORIENTED_EDGE('',*,*,#3275,.T.);
#3324 = B_SPLINE_SURFACE_WITH_KNOTS('',3,1,(
    (#3325,#3326)
    ,(#3327,#3328)
    ,(#3329,#3330)
    ,(#3331,#3332)
    ,(#3333,#3334)
    ,(#3335,#3336)
    ,(#3337,#3338)
    ,(#3339,#3340)
    ,(#3341,#3342)
    ,(#3343,#3344)
    ,(#3345,#3346)
    ,(#3347,#3348)
    ,(#3349,#3350)
    ,(#3351,#3352)
    ,(#3353,#3354)
    ,(#3355,#3356)
    ,(#3357,#3358)
    ,(#3359,#3360)
    ,(#3361,#3362
    )),.UNSPECIFIED.,.F.,.F.,.F.,(4,1,1,1,1,1,1,1,1,1,1,1,1,1,1,1,4),(2,
    2),(0.,7.430379644281E-02,0.144393610364,0.210499496103,
    0.273542606503,0.333824744579,0.392529672409,0.4500874546,
    0.507820611556,0.565464912777,0.623148722334,0.681297192791,
    0.740913498157,0.801855752196,0.865241237721,0.930941657047,1.),(0.,
    1.),.UNSPECIFIED.);
#3325 = CARTESIAN_POINT('',(-0.297682926829,-2.256286025561,1.6300001));
#3326 = CARTESIAN_POINT('',(-0.297682926829,-2.256286025561,1.5300001));
#3327 = CARTESIAN_POINT('',(-0.297584592655,-2.251689760019,1.6300001));
#3328 = CARTESIAN_POINT('',(-0.297584592655,-2.251689760019,1.5300001));
#3329 = CARTESIAN_POINT('',(-0.29739350112,-2.242757896407,1.6300001));
#3330 = CARTESIAN_POINT('',(-0.29739350112,-2.242757896407,1.5300001));
#3331 = CARTESIAN_POINT('',(-0.295906636859,-2.229803594047,1.6300001));
#3332 = CARTESIAN_POINT('',(-0.295906636859,-2.229803594047,1.5300001));
#3333 = CARTESIAN_POINT('',(-0.293414841345,-2.217717501506,1.6300001));
#3334 = CARTESIAN_POINT('',(-0.293414841345,-2.217717501506,1.5300001));
#3335 = CARTESIAN_POINT('',(-0.289872198143,-2.206527877463,1.6300001));
#3336 = CARTESIAN_POINT('',(-0.289872198143,-2.206527877463,1.5300001));
#3337 = CARTESIAN_POINT('',(-0.285350439035,-2.196191575479,1.6300001));
#3338 = CARTESIAN_POINT('',(-0.285350439035,-2.196191575479,1.5300001));
#3339 = CARTESIAN_POINT('',(-0.279782489585,-2.18676781695,1.6300001));
#3340 = CARTESIAN_POINT('',(-0.279782489585,-2.18676781695,1.5300001));
#3341 = CARTESIAN_POINT('',(-0.273211509469,-2.178210401921,1.6300001));
#3342 = CARTESIAN_POINT('',(-0.273211509469,-2.178210401921,1.5300001));
#3343 = CARTESIAN_POINT('',(-0.265638444941,-2.170617530202,1.6300001));
#3344 = CARTESIAN_POINT('',(-0.265638444941,-2.170617530202,1.5300001));
#3345 = CARTESIAN_POINT('',(-0.257249237489,-2.163942300165,1.6300001));
#3346 = CARTESIAN_POINT('',(-0.257249237489,-2.163942300165,1.5300001));
#3347 = CARTESIAN_POINT('',(-0.248250139153,-2.158067769119,1.6300001));
#3348 = CARTESIAN_POINT('',(-0.248250139153,-2.158067769119,1.5300001));
#3349 = CARTESIAN_POINT('',(-0.238563085295,-2.153135277014,1.6300001));
#3350 = CARTESIAN_POINT('',(-0.238563085295,-2.153135277014,1.5300001));
#3351 = CARTESIAN_POINT('',(-0.22826395573,-2.149081999203,1.6300001));
#3352 = CARTESIAN_POINT('',(-0.22826395573,-2.149081999203,1.5300001));
#3353 = CARTESIAN_POINT('',(-0.217317893896,-2.145919233133,1.6300001));
#3354 = CARTESIAN_POINT('',(-0.217317893896,-2.145919233133,1.5300001));
#3355 = CARTESIAN_POINT('',(-0.205758481666,-2.143723952852,1.6300001));
#3356 = CARTESIAN_POINT('',(-0.205758481666,-2.143723952852,1.5300001));
#3357 = CARTESIAN_POINT('',(-0.193560379416,-2.142387671919,1.6300001));
#3358 = CARTESIAN_POINT('',(-0.193560379416,-2.142387671919,1.5300001));
#3359 = CARTESIAN_POINT('',(-0.185224526764,-2.142216149421,1.6300001));
#3360 = CARTESIAN_POINT('',(-0.185224526764,-2.142216149421,1.5300001));
#3361 = CARTESIAN_POINT('',(-0.180952743902,-2.14212825117,1.6300001));
#3362 = CARTESIAN_POINT('',(-0.180952743902,-2.14212825117,1.5300001));
#3363 = ADVANCED_FACE('',(#3364),#3397,.T.);
#3364 = FACE_BOUND('',#3365,.T.);
#3365 = EDGE_LOOP('',(#3366,#3390,#3395,#3396));
#3366 = ORIENTED_EDGE('',*,*,#3367,.F.);
#3367 = EDGE_CURVE('',#3368,#3295,#3370,.T.);
#3368 = VERTEX_POINT('',#3369);
#3369 = CARTESIAN_POINT('',(-0.179294969512,-2.376274592634,1.5300001));
#3370 = B_SPLINE_CURVE_WITH_KNOTS('',3,(#3371,#3372,#3373,#3374,#3375,
    #3376,#3377,#3378,#3379,#3380,#3381,#3382,#3383,#3384,#3385,#3386,
    #3387,#3388,#3389),.UNSPECIFIED.,.F.,.F.,(4,1,1,1,1,1,1,1,1,1,1,1,1,
    1,1,1,4),(0.,7.082657255516E-02,0.13816903328,0.202475331534,
    0.263973754414,0.323380320598,0.381797622713,0.439390074519,
    0.496902724546,0.554662169609,0.612741878492,0.671538836391,
    0.73165572209,0.794297811614,0.859482204979,0.927681325453,1.),
  .UNSPECIFIED.);
#3371 = CARTESIAN_POINT('',(-0.179294969512,-2.376274592634,1.5300001));
#3372 = CARTESIAN_POINT('',(-0.183815240144,-2.376176879959,1.5300001));
#3373 = CARTESIAN_POINT('',(-0.192633419547,-2.375986261306,1.5300001));
#3374 = CARTESIAN_POINT('',(-0.20548438651,-2.374472520822,1.5300001));
#3375 = CARTESIAN_POINT('',(-0.217579446053,-2.372041742467,1.5300001));
#3376 = CARTESIAN_POINT('',(-0.228920199842,-2.368636594019,1.5300001));
#3377 = CARTESIAN_POINT('',(-0.239457515936,-2.364122907807,1.5300001));
#3378 = CARTESIAN_POINT('',(-0.249276399815,-2.358706228264,1.5300001));
#3379 = CARTESIAN_POINT('',(-0.25830940939,-2.3522604825,1.5300001));
#3380 = CARTESIAN_POINT('',(-0.266519927846,-2.344857964286,1.5300001));
#3381 = CARTESIAN_POINT('',(-0.273838351014,-2.336535535071,1.5300001));
#3382 = CARTESIAN_POINT('',(-0.280295060773,-2.327423382063,1.5300001));
#3383 = CARTESIAN_POINT('',(-0.285659513821,-2.317457593416,1.5300001));
#3384 = CARTESIAN_POINT('',(-0.290101760885,-2.306737006612,1.5300001));
#3385 = CARTESIAN_POINT('',(-0.293496266534,-2.295214378582,1.5300001));
#3386 = CARTESIAN_POINT('',(-0.295956949741,-2.282935869615,1.5300001));
#3387 = CARTESIAN_POINT('',(-0.297378220158,-2.269867438026,1.5300001));
#3388 = CARTESIAN_POINT('',(-0.297579392023,-2.260900788012,1.5300001));
#3389 = CARTESIAN_POINT('',(-0.297682926829,-2.256286025561,1.5300001));
#3390 = ORIENTED_EDGE('',*,*,#3391,.F.);
#3391 = EDGE_CURVE('',#3209,#3368,#3392,.T.);
#3392 = B_SPLINE_CURVE_WITH_KNOTS('',1,(#3393,#3394),.UNSPECIFIED.,.F.,
  .F.,(2,2),(-0.,0.1),.PIECEWISE_BEZIER_KNOTS.);
#3393 = CARTESIAN_POINT('',(-0.179294969512,-2.376274592634,1.6300001));
#3394 = CARTESIAN_POINT('',(-0.179294969512,-2.376274592634,1.5300001));
#3395 = ORIENTED_EDGE('',*,*,#3208,.T.);
#3396 = ORIENTED_EDGE('',*,*,#3318,.T.);
#3397 = B_SPLINE_SURFACE_WITH_KNOTS('',3,1,(
    (#3398,#3399)
    ,(#3400,#3401)
    ,(#3402,#3403)
    ,(#3404,#3405)
    ,(#3406,#3407)
    ,(#3408,#3409)
    ,(#3410,#3411)
    ,(#3412,#3413)
    ,(#3414,#3415)
    ,(#3416,#3417)
    ,(#3418,#3419)
    ,(#3420,#3421)
    ,(#3422,#3423)
    ,(#3424,#3425)
    ,(#3426,#3427)
    ,(#3428,#3429)
    ,(#3430,#3431)
    ,(#3432,#3433)
    ,(#3434,#3435
    )),.UNSPECIFIED.,.F.,.F.,.F.,(4,1,1,1,1,1,1,1,1,1,1,1,1,1,1,1,4),(2,
    2),(0.,7.082657255516E-02,0.13816903328,0.202475331534,
    0.263973754414,0.323380320598,0.381797622713,0.439390074519,
    0.496902724546,0.554662169609,0.612741878492,0.671538836391,
    0.73165572209,0.794297811614,0.859482204979,0.927681325453,1.),(0.,
    1.),.UNSPECIFIED.);
#3398 = CARTESIAN_POINT('',(-0.179294969512,-2.376274592634,1.6300001));
#3399 = CARTESIAN_POINT('',(-0.179294969512,-2.376274592634,1.5300001));
#3400 = CARTESIAN_POINT('',(-0.183815240144,-2.376176879959,1.6300001));
#3401 = CARTESIAN_POINT('',(-0.183815240144,-2.376176879959,1.5300001));
#3402 = CARTESIAN_POINT('',(-0.192633419547,-2.375986261306,1.6300001));
#3403 = CARTESIAN_POINT('',(-0.192633419547,-2.375986261306,1.5300001));
#3404 = CARTESIAN_POINT('',(-0.20548438651,-2.374472520822,1.6300001));
#3405 = CARTESIAN_POINT('',(-0.20548438651,-2.374472520822,1.5300001));
#3406 = CARTESIAN_POINT('',(-0.217579446053,-2.372041742467,1.6300001));
#3407 = CARTESIAN_POINT('',(-0.217579446053,-2.372041742467,1.5300001));
#3408 = CARTESIAN_POINT('',(-0.228920199842,-2.368636594019,1.6300001));
#3409 = CARTESIAN_POINT('',(-0.228920199842,-2.368636594019,1.5300001));
#3410 = CARTESIAN_POINT('',(-0.239457515936,-2.364122907807,1.6300001));
#3411 = CARTESIAN_POINT('',(-0.239457515936,-2.364122907807,1.5300001));
#3412 = CARTESIAN_POINT('',(-0.249276399815,-2.358706228264,1.6300001));
#3413 = CARTESIAN_POINT('',(-0.249276399815,-2.358706228264,1.5300001));
#3414 = CARTESIAN_POINT('',(-0.25830940939,-2.3522604825,1.6300001));
#3415 = CARTESIAN_POINT('',(-0.25830940939,-2.3522604825,1.5300001));
#3416 = CARTESIAN_POINT('',(-0.266519927846,-2.344857964286,1.6300001));
#3417 = CARTESIAN_POINT('',(-0.266519927846,-2.344857964286,1.5300001));
#3418 = CARTESIAN_POINT('',(-0.273838351014,-2.336535535071,1.6300001));
#3419 = CARTESIAN_POINT('',(-0.273838351014,-2.336535535071,1.5300001));
#3420 = CARTESIAN_POINT('',(-0.280295060773,-2.327423382063,1.6300001));
#3421 = CARTESIAN_POINT('',(-0.280295060773,-2.327423382063,1.5300001));
#3422 = CARTESIAN_POINT('',(-0.285659513821,-2.317457593416,1.6300001));
#3423 = CARTESIAN_POINT('',(-0.285659513821,-2.317457593416,1.5300001));
#3424 = CARTESIAN_POINT('',(-0.290101760885,-2.306737006612,1.6300001));
#3425 = CARTESIAN_POINT('',(-0.290101760885,-2.306737006612,1.5300001));
#3426 = CARTESIAN_POINT('',(-0.293496266534,-2.295214378582,1.6300001));
#3427 = CARTESIAN_POINT('',(-0.293496266534,-2.295214378582,1.5300001));
#3428 = CARTESIAN_POINT('',(-0.295956949741,-2.282935869615,1.6300001));
#3429 = CARTESIAN_POINT('',(-0.295956949741,-2.282935869615,1.5300001));
#3430 = CARTESIAN_POINT('',(-0.297378220158,-2.269867438026,1.6300001));
#3431 = CARTESIAN_POINT('',(-0.297378220158,-2.269867438026,1.5300001));
#3432 = CARTESIAN_POINT('',(-0.297579392023,-2.260900788012,1.6300001));
#3433 = CARTESIAN_POINT('',(-0.297579392023,-2.260900788012,1.5300001));
#3434 = CARTESIAN_POINT('',(-0.297682926829,-2.256286025561,1.6300001));
#3435 = CARTESIAN_POINT('',(-0.297682926829,-2.256286025561,1.5300001));
#3436 = ADVANCED_FACE('',(#3437),#3453,.T.);
#3437 = FACE_BOUND('',#3438,.T.);
#3438 = EDGE_LOOP('',(#3439,#3446,#3451,#3452));
#3439 = ORIENTED_EDGE('',*,*,#3440,.F.);
#3440 = EDGE_CURVE('',#3441,#3368,#3443,.T.);
#3441 = VERTEX_POINT('',#3442);
#3442 = CARTESIAN_POINT('',(-0.136707317073,-2.376274592634,1.5300001));
#3443 = B_SPLINE_CURVE_WITH_KNOTS('',1,(#3444,#3445),.UNSPECIFIED.,.F.,
  .F.,(2,2),(0.,4.258765243902E-02),.PIECEWISE_BEZIER_KNOTS.);
#3444 = CARTESIAN_POINT('',(-0.136707317073,-2.376274592634,1.5300001));
#3445 = CARTESIAN_POINT('',(-0.179294969512,-2.376274592634,1.5300001));
#3446 = ORIENTED_EDGE('',*,*,#3447,.F.);
#3447 = EDGE_CURVE('',#3233,#3441,#3448,.T.);
#3448 = B_SPLINE_CURVE_WITH_KNOTS('',1,(#3449,#3450),.UNSPECIFIED.,.F.,
  .F.,(2,2),(-0.,0.1),.PIECEWISE_BEZIER_KNOTS.);
#3449 = CARTESIAN_POINT('',(-0.136707317073,-2.376274592634,1.6300001));
#3450 = CARTESIAN_POINT('',(-0.136707317073,-2.376274592634,1.5300001));
#3451 = ORIENTED_EDGE('',*,*,#3232,.T.);
#3452 = ORIENTED_EDGE('',*,*,#3391,.T.);
#3453 = B_SPLINE_SURFACE_WITH_KNOTS('',1,1,(
    (#3454,#3455)
    ,(#3456,#3457
    )),.UNSPECIFIED.,.F.,.F.,.F.,(2,2),(2,2),(0.,0.1),(
    -4.258765243902E-02,0.),.PIECEWISE_BEZIER_KNOTS.);
#3454 = CARTESIAN_POINT('',(-0.179294969512,-2.376274592634,1.6300001));
#3455 = CARTESIAN_POINT('',(-0.136707317073,-2.376274592634,1.6300001));
#3456 = CARTESIAN_POINT('',(-0.179294969512,-2.376274592634,1.5300001));
#3457 = CARTESIAN_POINT('',(-0.136707317073,-2.376274592634,1.5300001));
#3458 = ADVANCED_FACE('',(#3459),#3469,.T.);
#3459 = FACE_BOUND('',#3460,.T.);
#3460 = EDGE_LOOP('',(#3461,#3466,#3467,#3468));
#3461 = ORIENTED_EDGE('',*,*,#3462,.F.);
#3462 = EDGE_CURVE('',#3269,#3441,#3463,.T.);
#3463 = B_SPLINE_CURVE_WITH_KNOTS('',1,(#3464,#3465),.UNSPECIFIED.,.F.,
  .F.,(2,2),(0.,0.234146341463),.PIECEWISE_BEZIER_KNOTS.);
#3464 = CARTESIAN_POINT('',(-0.136707317073,-2.14212825117,1.5300001));
#3465 = CARTESIAN_POINT('',(-0.136707317073,-2.376274592634,1.5300001));
#3466 = ORIENTED_EDGE('',*,*,#3281,.F.);
#3467 = ORIENTED_EDGE('',*,*,#3239,.T.);
#3468 = ORIENTED_EDGE('',*,*,#3447,.T.);
#3469 = B_SPLINE_SURFACE_WITH_KNOTS('',1,1,(
    (#3470,#3471)
    ,(#3472,#3473
    )),.UNSPECIFIED.,.F.,.F.,.F.,(2,2),(2,2),(0.,0.1),(-0.234146341463,
    0.),.PIECEWISE_BEZIER_KNOTS.);
#3470 = CARTESIAN_POINT('',(-0.136707317073,-2.376274592634,1.6300001));
#3471 = CARTESIAN_POINT('',(-0.136707317073,-2.14212825117,1.6300001));
#3472 = CARTESIAN_POINT('',(-0.136707317073,-2.376274592634,1.5300001));
#3473 = CARTESIAN_POINT('',(-0.136707317073,-2.14212825117,1.5300001));
#3474 = ADVANCED_FACE('',(#3475),#3497,.T.);
#3475 = FACE_BOUND('',#3476,.T.);
#3476 = EDGE_LOOP('',(#3477,#3478,#3485,#3492));
#3477 = ORIENTED_EDGE('',*,*,#1823,.F.);
#3478 = ORIENTED_EDGE('',*,*,#3479,.F.);
#3479 = EDGE_CURVE('',#3480,#1824,#3482,.T.);
#3480 = VERTEX_POINT('',#3481);
#3481 = CARTESIAN_POINT('',(-3.792682926829E-02,-2.376274592634,
    1.6300001));
#3482 = B_SPLINE_CURVE_WITH_KNOTS('',1,(#3483,#3484),.UNSPECIFIED.,.F.,
  .F.,(2,2),(-0.,0.1),.PIECEWISE_BEZIER_KNOTS.);
#3483 = CARTESIAN_POINT('',(-3.792682926829E-02,-2.376274592634,
    1.6300001));
#3484 = CARTESIAN_POINT('',(-3.792682926829E-02,-2.376274592634,
    1.5300001));
#3485 = ORIENTED_EDGE('',*,*,#3486,.T.);
#3486 = EDGE_CURVE('',#3480,#3487,#3489,.T.);
#3487 = VERTEX_POINT('',#3488);
#3488 = CARTESIAN_POINT('',(-3.792682926829E-02,-2.409201421902,
    1.6300001));
#3489 = B_SPLINE_CURVE_WITH_KNOTS('',1,(#3490,#3491),.UNSPECIFIED.,.F.,
  .F.,(2,2),(0.,3.292682926829E-02),.PIECEWISE_BEZIER_KNOTS.);
#3490 = CARTESIAN_POINT('',(-3.792682926829E-02,-2.376274592634,
    1.6300001));
#3491 = CARTESIAN_POINT('',(-3.792682926829E-02,-2.409201421902,
    1.6300001));
#3492 = ORIENTED_EDGE('',*,*,#3493,.T.);
#3493 = EDGE_CURVE('',#3487,#1826,#3494,.T.);
#3494 = B_SPLINE_CURVE_WITH_KNOTS('',1,(#3495,#3496),.UNSPECIFIED.,.F.,
  .F.,(2,2),(-0.,0.1),.PIECEWISE_BEZIER_KNOTS.);
#3495 = CARTESIAN_POINT('',(-3.792682926829E-02,-2.409201421902,
    1.6300001));
#3496 = CARTESIAN_POINT('',(-3.792682926829E-02,-2.409201421902,
    1.5300001));
#3497 = B_SPLINE_SURFACE_WITH_KNOTS('',1,1,(
    (#3498,#3499)
    ,(#3500,#3501
    )),.UNSPECIFIED.,.F.,.F.,.F.,(2,2),(2,2),(0.,0.1),(
    -3.292682926829E-02,0.),.PIECEWISE_BEZIER_KNOTS.);
#3498 = CARTESIAN_POINT('',(-3.792682926829E-02,-2.409201421902,
    1.6300001));
#3499 = CARTESIAN_POINT('',(-3.792682926829E-02,-2.376274592634,
    1.6300001));
#3500 = CARTESIAN_POINT('',(-3.792682926829E-02,-2.409201421902,
    1.5300001));
#3501 = CARTESIAN_POINT('',(-3.792682926829E-02,-2.376274592634,
    1.5300001));
#3502 = ADVANCED_FACE('',(#3503),#3519,.T.);
#3503 = FACE_BOUND('',#3504,.T.);
#3504 = EDGE_LOOP('',(#3505,#3506,#3507,#3514));
#3505 = ORIENTED_EDGE('',*,*,#1832,.F.);
#3506 = ORIENTED_EDGE('',*,*,#3493,.F.);
#3507 = ORIENTED_EDGE('',*,*,#3508,.T.);
#3508 = EDGE_CURVE('',#3487,#3509,#3511,.T.);
#3509 = VERTEX_POINT('',#3510);
#3510 = CARTESIAN_POINT('',(0.123048780488,-2.409201421902,1.6300001));
#3511 = B_SPLINE_CURVE_WITH_KNOTS('',1,(#3512,#3513),.UNSPECIFIED.,.F.,
  .F.,(2,2),(0.,0.160975609756),.PIECEWISE_BEZIER_KNOTS.);
#3512 = CARTESIAN_POINT('',(-3.792682926829E-02,-2.409201421902,
    1.6300001));
#3513 = CARTESIAN_POINT('',(0.123048780488,-2.409201421902,1.6300001));
#3514 = ORIENTED_EDGE('',*,*,#3515,.T.);
#3515 = EDGE_CURVE('',#3509,#1833,#3516,.T.);
#3516 = B_SPLINE_CURVE_WITH_KNOTS('',1,(#3517,#3518),.UNSPECIFIED.,.F.,
  .F.,(2,2),(-0.,0.1),.PIECEWISE_BEZIER_KNOTS.);
#3517 = CARTESIAN_POINT('',(0.123048780488,-2.409201421902,1.6300001));
#3518 = CARTESIAN_POINT('',(0.123048780488,-2.409201421902,1.5300001));
#3519 = B_SPLINE_SURFACE_WITH_KNOTS('',1,1,(
    (#3520,#3521)
    ,(#3522,#3523
    )),.UNSPECIFIED.,.F.,.F.,.F.,(2,2),(2,2),(-0.1,0.),(0.,
    0.160975609756),.PIECEWISE_BEZIER_KNOTS.);
#3520 = CARTESIAN_POINT('',(-3.792682926829E-02,-2.409201421902,
    1.5300001));
#3521 = CARTESIAN_POINT('',(0.123048780488,-2.409201421902,1.5300001));
#3522 = CARTESIAN_POINT('',(-3.792682926829E-02,-2.409201421902,
    1.6300001));
#3523 = CARTESIAN_POINT('',(0.123048780488,-2.409201421902,1.6300001));
#3524 = ADVANCED_FACE('',(#3525),#3541,.T.);
#3525 = FACE_BOUND('',#3526,.T.);
#3526 = EDGE_LOOP('',(#3527,#3528,#3529,#3536));
#3527 = ORIENTED_EDGE('',*,*,#1839,.F.);
#3528 = ORIENTED_EDGE('',*,*,#3515,.F.);
#3529 = ORIENTED_EDGE('',*,*,#3530,.T.);
#3530 = EDGE_CURVE('',#3509,#3531,#3533,.T.);
#3531 = VERTEX_POINT('',#3532);
#3532 = CARTESIAN_POINT('',(0.123048780488,-2.109201421902,1.6300001));
#3533 = B_SPLINE_CURVE_WITH_KNOTS('',1,(#3534,#3535),.UNSPECIFIED.,.F.,
  .F.,(2,2),(0.,0.3),.PIECEWISE_BEZIER_KNOTS.);
#3534 = CARTESIAN_POINT('',(0.123048780488,-2.409201421902,1.6300001));
#3535 = CARTESIAN_POINT('',(0.123048780488,-2.109201421902,1.6300001));
#3536 = ORIENTED_EDGE('',*,*,#3537,.T.);
#3537 = EDGE_CURVE('',#3531,#1840,#3538,.T.);
#3538 = B_SPLINE_CURVE_WITH_KNOTS('',1,(#3539,#3540),.UNSPECIFIED.,.F.,
  .F.,(2,2),(-0.,0.1),.PIECEWISE_BEZIER_KNOTS.);
#3539 = CARTESIAN_POINT('',(0.123048780488,-2.109201421902,1.6300001));
#3540 = CARTESIAN_POINT('',(0.123048780488,-2.109201421902,1.5300001));
#3541 = B_SPLINE_SURFACE_WITH_KNOTS('',1,1,(
    (#3542,#3543)
    ,(#3544,#3545
    )),.UNSPECIFIED.,.F.,.F.,.F.,(2,2),(2,2),(-0.1,0.),(0.,0.3),
  .PIECEWISE_BEZIER_KNOTS.);
#3542 = CARTESIAN_POINT('',(0.123048780488,-2.409201421902,1.5300001));
#3543 = CARTESIAN_POINT('',(0.123048780488,-2.109201421902,1.5300001));
#3544 = CARTESIAN_POINT('',(0.123048780488,-2.409201421902,1.6300001));
#3545 = CARTESIAN_POINT('',(0.123048780488,-2.109201421902,1.6300001));
#3546 = ADVANCED_FACE('',(#3547),#3563,.T.);
#3547 = FACE_BOUND('',#3548,.T.);
#3548 = EDGE_LOOP('',(#3549,#3550,#3551,#3558));
#3549 = ORIENTED_EDGE('',*,*,#1846,.F.);
#3550 = ORIENTED_EDGE('',*,*,#3537,.F.);
#3551 = ORIENTED_EDGE('',*,*,#3552,.T.);
#3552 = EDGE_CURVE('',#3531,#3553,#3555,.T.);
#3553 = VERTEX_POINT('',#3554);
#3554 = CARTESIAN_POINT('',(-3.060975609756E-02,-2.109201421902,
    1.6300001));
#3555 = B_SPLINE_CURVE_WITH_KNOTS('',1,(#3556,#3557),.UNSPECIFIED.,.F.,
  .F.,(2,2),(0.,0.153658536585),.PIECEWISE_BEZIER_KNOTS.);
#3556 = CARTESIAN_POINT('',(0.123048780488,-2.109201421902,1.6300001));
#3557 = CARTESIAN_POINT('',(-3.060975609756E-02,-2.109201421902,
    1.6300001));
#3558 = ORIENTED_EDGE('',*,*,#3559,.T.);
#3559 = EDGE_CURVE('',#3553,#1847,#3560,.T.);
#3560 = B_SPLINE_CURVE_WITH_KNOTS('',1,(#3561,#3562),.UNSPECIFIED.,.F.,
  .F.,(2,2),(-0.,0.1),.PIECEWISE_BEZIER_KNOTS.);
#3561 = CARTESIAN_POINT('',(-3.060975609756E-02,-2.109201421902,
    1.6300001));
#3562 = CARTESIAN_POINT('',(-3.060975609756E-02,-2.109201421902,
    1.5300001));
#3563 = B_SPLINE_SURFACE_WITH_KNOTS('',1,1,(
    (#3564,#3565)
    ,(#3566,#3567
    )),.UNSPECIFIED.,.F.,.F.,.F.,(2,2),(2,2),(0.,0.1),(-0.153658536585,
    0.),.PIECEWISE_BEZIER_KNOTS.);
#3564 = CARTESIAN_POINT('',(-3.060975609756E-02,-2.109201421902,
    1.6300001));
#3565 = CARTESIAN_POINT('',(0.123048780488,-2.109201421902,1.6300001));
#3566 = CARTESIAN_POINT('',(-3.060975609756E-02,-2.109201421902,
    1.5300001));
#3567 = CARTESIAN_POINT('',(0.123048780488,-2.109201421902,1.5300001));
#3568 = ADVANCED_FACE('',(#3569),#3585,.T.);
#3569 = FACE_BOUND('',#3570,.T.);
#3570 = EDGE_LOOP('',(#3571,#3572,#3573,#3580));
#3571 = ORIENTED_EDGE('',*,*,#1853,.F.);
#3572 = ORIENTED_EDGE('',*,*,#3559,.F.);
#3573 = ORIENTED_EDGE('',*,*,#3574,.T.);
#3574 = EDGE_CURVE('',#3553,#3575,#3577,.T.);
#3575 = VERTEX_POINT('',#3576);
#3576 = CARTESIAN_POINT('',(-3.060975609756E-02,-2.14212825117,1.6300001
    ));
#3577 = B_SPLINE_CURVE_WITH_KNOTS('',1,(#3578,#3579),.UNSPECIFIED.,.F.,
  .F.,(2,2),(0.,3.292682926829E-02),.PIECEWISE_BEZIER_KNOTS.);
#3578 = CARTESIAN_POINT('',(-3.060975609756E-02,-2.109201421902,
    1.6300001));
#3579 = CARTESIAN_POINT('',(-3.060975609756E-02,-2.14212825117,1.6300001
    ));
#3580 = ORIENTED_EDGE('',*,*,#3581,.T.);
#3581 = EDGE_CURVE('',#3575,#1854,#3582,.T.);
#3582 = B_SPLINE_CURVE_WITH_KNOTS('',1,(#3583,#3584),.UNSPECIFIED.,.F.,
  .F.,(2,2),(-0.,0.1),.PIECEWISE_BEZIER_KNOTS.);
#3583 = CARTESIAN_POINT('',(-3.060975609756E-02,-2.14212825117,1.6300001
    ));
#3584 = CARTESIAN_POINT('',(-3.060975609756E-02,-2.14212825117,1.5300001
    ));
#3585 = B_SPLINE_SURFACE_WITH_KNOTS('',1,1,(
    (#3586,#3587)
    ,(#3588,#3589
    )),.UNSPECIFIED.,.F.,.F.,.F.,(2,2),(2,2),(0.,0.1),(
    -3.292682926829E-02,0.),.PIECEWISE_BEZIER_KNOTS.);
#3586 = CARTESIAN_POINT('',(-3.060975609756E-02,-2.14212825117,1.6300001
    ));
#3587 = CARTESIAN_POINT('',(-3.060975609756E-02,-2.109201421902,
    1.6300001));
#3588 = CARTESIAN_POINT('',(-3.060975609756E-02,-2.14212825117,1.5300001
    ));
#3589 = CARTESIAN_POINT('',(-3.060975609756E-02,-2.109201421902,
    1.5300001));
#3590 = ADVANCED_FACE('',(#3591),#3607,.T.);
#3591 = FACE_BOUND('',#3592,.T.);
#3592 = EDGE_LOOP('',(#3593,#3594,#3595,#3602));
#3593 = ORIENTED_EDGE('',*,*,#1860,.F.);
#3594 = ORIENTED_EDGE('',*,*,#3581,.F.);
#3595 = ORIENTED_EDGE('',*,*,#3596,.T.);
#3596 = EDGE_CURVE('',#3575,#3597,#3599,.T.);
#3597 = VERTEX_POINT('',#3598);
#3598 = CARTESIAN_POINT('',(8.280487804878E-02,-2.14212825117,1.6300001)
  );
#3599 = B_SPLINE_CURVE_WITH_KNOTS('',1,(#3600,#3601),.UNSPECIFIED.,.F.,
  .F.,(2,2),(0.,0.113414634146),.PIECEWISE_BEZIER_KNOTS.);
#3600 = CARTESIAN_POINT('',(-3.060975609756E-02,-2.14212825117,1.6300001
    ));
#3601 = CARTESIAN_POINT('',(8.280487804878E-02,-2.14212825117,1.6300001)
  );
#3602 = ORIENTED_EDGE('',*,*,#3603,.T.);
#3603 = EDGE_CURVE('',#3597,#1861,#3604,.T.);
#3604 = B_SPLINE_CURVE_WITH_KNOTS('',1,(#3605,#3606),.UNSPECIFIED.,.F.,
  .F.,(2,2),(-0.,0.1),.PIECEWISE_BEZIER_KNOTS.);
#3605 = CARTESIAN_POINT('',(8.280487804878E-02,-2.14212825117,1.6300001)
  );
#3606 = CARTESIAN_POINT('',(8.280487804878E-02,-2.14212825117,1.5300001)
  );
#3607 = B_SPLINE_SURFACE_WITH_KNOTS('',1,1,(
    (#3608,#3609)
    ,(#3610,#3611
    )),.UNSPECIFIED.,.F.,.F.,.F.,(2,2),(2,2),(-0.1,0.),(0.,
    0.113414634146),.PIECEWISE_BEZIER_KNOTS.);
#3608 = CARTESIAN_POINT('',(-3.060975609756E-02,-2.14212825117,1.5300001
    ));
#3609 = CARTESIAN_POINT('',(8.280487804878E-02,-2.14212825117,1.5300001)
  );
#3610 = CARTESIAN_POINT('',(-3.060975609756E-02,-2.14212825117,1.6300001
    ));
#3611 = CARTESIAN_POINT('',(8.280487804878E-02,-2.14212825117,1.6300001)
  );
#3612 = ADVANCED_FACE('',(#3613),#3629,.T.);
#3613 = FACE_BOUND('',#3614,.T.);
#3614 = EDGE_LOOP('',(#3615,#3616,#3617,#3624));
#3615 = ORIENTED_EDGE('',*,*,#1867,.F.);
#3616 = ORIENTED_EDGE('',*,*,#3603,.F.);
#3617 = ORIENTED_EDGE('',*,*,#3618,.T.);
#3618 = EDGE_CURVE('',#3597,#3619,#3621,.T.);
#3619 = VERTEX_POINT('',#3620);
#3620 = CARTESIAN_POINT('',(8.280487804878E-02,-2.240908738975,1.6300001
    ));
#3621 = B_SPLINE_CURVE_WITH_KNOTS('',1,(#3622,#3623),.UNSPECIFIED.,.F.,
  .F.,(2,2),(0.,9.878048780488E-02),.PIECEWISE_BEZIER_KNOTS.);
#3622 = CARTESIAN_POINT('',(8.280487804878E-02,-2.14212825117,1.6300001)
  );
#3623 = CARTESIAN_POINT('',(8.280487804878E-02,-2.240908738975,1.6300001
    ));
#3624 = ORIENTED_EDGE('',*,*,#3625,.T.);
#3625 = EDGE_CURVE('',#3619,#1868,#3626,.T.);
#3626 = B_SPLINE_CURVE_WITH_KNOTS('',1,(#3627,#3628),.UNSPECIFIED.,.F.,
  .F.,(2,2),(-0.,0.1),.PIECEWISE_BEZIER_KNOTS.);
#3627 = CARTESIAN_POINT('',(8.280487804878E-02,-2.240908738975,1.6300001
    ));
#3628 = CARTESIAN_POINT('',(8.280487804878E-02,-2.240908738975,1.5300001
    ));
#3629 = B_SPLINE_SURFACE_WITH_KNOTS('',1,1,(
    (#3630,#3631)
    ,(#3632,#3633
    )),.UNSPECIFIED.,.F.,.F.,.F.,(2,2),(2,2),(0.,0.1),(
    -9.878048780488E-02,0.),.PIECEWISE_BEZIER_KNOTS.);
#3630 = CARTESIAN_POINT('',(8.280487804878E-02,-2.240908738975,1.6300001
    ));
#3631 = CARTESIAN_POINT('',(8.280487804878E-02,-2.14212825117,1.6300001)
  );
#3632 = CARTESIAN_POINT('',(8.280487804878E-02,-2.240908738975,1.5300001
    ));
#3633 = CARTESIAN_POINT('',(8.280487804878E-02,-2.14212825117,1.5300001)
  );
#3634 = ADVANCED_FACE('',(#3635),#3651,.T.);
#3635 = FACE_BOUND('',#3636,.T.);
#3636 = EDGE_LOOP('',(#3637,#3638,#3639,#3646));
#3637 = ORIENTED_EDGE('',*,*,#1874,.F.);
#3638 = ORIENTED_EDGE('',*,*,#3625,.F.);
#3639 = ORIENTED_EDGE('',*,*,#3640,.T.);
#3640 = EDGE_CURVE('',#3619,#3641,#3643,.T.);
#3641 = VERTEX_POINT('',#3642);
#3642 = CARTESIAN_POINT('',(-2.329268292683E-02,-2.240908738975,
    1.6300001));
#3643 = B_SPLINE_CURVE_WITH_KNOTS('',1,(#3644,#3645),.UNSPECIFIED.,.F.,
  .F.,(2,2),(0.,0.106097560976),.PIECEWISE_BEZIER_KNOTS.);
#3644 = CARTESIAN_POINT('',(8.280487804878E-02,-2.240908738975,1.6300001
    ));
#3645 = CARTESIAN_POINT('',(-2.329268292683E-02,-2.240908738975,
    1.6300001));
#3646 = ORIENTED_EDGE('',*,*,#3647,.T.);
#3647 = EDGE_CURVE('',#3641,#1875,#3648,.T.);
#3648 = B_SPLINE_CURVE_WITH_KNOTS('',1,(#3649,#3650),.UNSPECIFIED.,.F.,
  .F.,(2,2),(-0.,0.1),.PIECEWISE_BEZIER_KNOTS.);
#3649 = CARTESIAN_POINT('',(-2.329268292683E-02,-2.240908738975,
    1.6300001));
#3650 = CARTESIAN_POINT('',(-2.329268292683E-02,-2.240908738975,
    1.5300001));
#3651 = B_SPLINE_SURFACE_WITH_KNOTS('',1,1,(
    (#3652,#3653)
    ,(#3654,#3655
    )),.UNSPECIFIED.,.F.,.F.,.F.,(2,2),(2,2),(0.,0.1),(-0.106097560976,
    0.),.PIECEWISE_BEZIER_KNOTS.);
#3652 = CARTESIAN_POINT('',(-2.329268292683E-02,-2.240908738975,
    1.6300001));
#3653 = CARTESIAN_POINT('',(8.280487804878E-02,-2.240908738975,1.6300001
    ));
#3654 = CARTESIAN_POINT('',(-2.329268292683E-02,-2.240908738975,
    1.5300001));
#3655 = CARTESIAN_POINT('',(8.280487804878E-02,-2.240908738975,1.5300001
    ));
#3656 = ADVANCED_FACE('',(#3657),#3673,.T.);
#3657 = FACE_BOUND('',#3658,.T.);
#3658 = EDGE_LOOP('',(#3659,#3660,#3661,#3668));
#3659 = ORIENTED_EDGE('',*,*,#1881,.F.);
#3660 = ORIENTED_EDGE('',*,*,#3647,.F.);
#3661 = ORIENTED_EDGE('',*,*,#3662,.T.);
#3662 = EDGE_CURVE('',#3641,#3663,#3665,.T.);
#3663 = VERTEX_POINT('',#3664);
#3664 = CARTESIAN_POINT('',(-2.329268292683E-02,-2.273835568243,
    1.6300001));
#3665 = B_SPLINE_CURVE_WITH_KNOTS('',1,(#3666,#3667),.UNSPECIFIED.,.F.,
  .F.,(2,2),(0.,3.292682926829E-02),.PIECEWISE_BEZIER_KNOTS.);
#3666 = CARTESIAN_POINT('',(-2.329268292683E-02,-2.240908738975,
    1.6300001));
#3667 = CARTESIAN_POINT('',(-2.329268292683E-02,-2.273835568243,
    1.6300001));
#3668 = ORIENTED_EDGE('',*,*,#3669,.T.);
#3669 = EDGE_CURVE('',#3663,#1882,#3670,.T.);
#3670 = B_SPLINE_CURVE_WITH_KNOTS('',1,(#3671,#3672),.UNSPECIFIED.,.F.,
  .F.,(2,2),(-0.,0.1),.PIECEWISE_BEZIER_KNOTS.);
#3671 = CARTESIAN_POINT('',(-2.329268292683E-02,-2.273835568243,
    1.6300001));
#3672 = CARTESIAN_POINT('',(-2.329268292683E-02,-2.273835568243,
    1.5300001));
#3673 = B_SPLINE_SURFACE_WITH_KNOTS('',1,1,(
    (#3674,#3675)
    ,(#3676,#3677
    )),.UNSPECIFIED.,.F.,.F.,.F.,(2,2),(2,2),(0.,0.1),(
    -3.292682926829E-02,0.),.PIECEWISE_BEZIER_KNOTS.);
#3674 = CARTESIAN_POINT('',(-2.329268292683E-02,-2.273835568243,
    1.6300001));
#3675 = CARTESIAN_POINT('',(-2.329268292683E-02,-2.240908738975,
    1.6300001));
#3676 = CARTESIAN_POINT('',(-2.329268292683E-02,-2.273835568243,
    1.5300001));
#3677 = CARTESIAN_POINT('',(-2.329268292683E-02,-2.240908738975,
    1.5300001));
#3678 = ADVANCED_FACE('',(#3679),#3695,.T.);
#3679 = FACE_BOUND('',#3680,.T.);
#3680 = EDGE_LOOP('',(#3681,#3682,#3683,#3690));
#3681 = ORIENTED_EDGE('',*,*,#1888,.F.);
#3682 = ORIENTED_EDGE('',*,*,#3669,.F.);
#3683 = ORIENTED_EDGE('',*,*,#3684,.T.);
#3684 = EDGE_CURVE('',#3663,#3685,#3687,.T.);
#3685 = VERTEX_POINT('',#3686);
#3686 = CARTESIAN_POINT('',(8.280487804878E-02,-2.273835568243,1.6300001
    ));
#3687 = B_SPLINE_CURVE_WITH_KNOTS('',1,(#3688,#3689),.UNSPECIFIED.,.F.,
  .F.,(2,2),(0.,0.106097560976),.PIECEWISE_BEZIER_KNOTS.);
#3688 = CARTESIAN_POINT('',(-2.329268292683E-02,-2.273835568243,
    1.6300001));
#3689 = CARTESIAN_POINT('',(8.280487804878E-02,-2.273835568243,1.6300001
    ));
#3690 = ORIENTED_EDGE('',*,*,#3691,.T.);
#3691 = EDGE_CURVE('',#3685,#1889,#3692,.T.);
#3692 = B_SPLINE_CURVE_WITH_KNOTS('',1,(#3693,#3694),.UNSPECIFIED.,.F.,
  .F.,(2,2),(-0.,0.1),.PIECEWISE_BEZIER_KNOTS.);
#3693 = CARTESIAN_POINT('',(8.280487804878E-02,-2.273835568243,1.6300001
    ));
#3694 = CARTESIAN_POINT('',(8.280487804878E-02,-2.273835568243,1.5300001
    ));
#3695 = B_SPLINE_SURFACE_WITH_KNOTS('',1,1,(
    (#3696,#3697)
    ,(#3698,#3699
    )),.UNSPECIFIED.,.F.,.F.,.F.,(2,2),(2,2),(-0.1,0.),(0.,
    0.106097560976),.PIECEWISE_BEZIER_KNOTS.);
#3696 = CARTESIAN_POINT('',(-2.329268292683E-02,-2.273835568243,
    1.5300001));
#3697 = CARTESIAN_POINT('',(8.280487804878E-02,-2.273835568243,1.5300001
    ));
#3698 = CARTESIAN_POINT('',(-2.329268292683E-02,-2.273835568243,
    1.6300001));
#3699 = CARTESIAN_POINT('',(8.280487804878E-02,-2.273835568243,1.6300001
    ));
#3700 = ADVANCED_FACE('',(#3701),#3717,.T.);
#3701 = FACE_BOUND('',#3702,.T.);
#3702 = EDGE_LOOP('',(#3703,#3704,#3705,#3712));
#3703 = ORIENTED_EDGE('',*,*,#1895,.F.);
#3704 = ORIENTED_EDGE('',*,*,#3691,.F.);
#3705 = ORIENTED_EDGE('',*,*,#3706,.T.);
#3706 = EDGE_CURVE('',#3685,#3707,#3709,.T.);
#3707 = VERTEX_POINT('',#3708);
#3708 = CARTESIAN_POINT('',(8.280487804878E-02,-2.376274592634,1.6300001
    ));
#3709 = B_SPLINE_CURVE_WITH_KNOTS('',1,(#3710,#3711),.UNSPECIFIED.,.F.,
  .F.,(2,2),(0.,0.10243902439),.PIECEWISE_BEZIER_KNOTS.);
#3710 = CARTESIAN_POINT('',(8.280487804878E-02,-2.273835568243,1.6300001
    ));
#3711 = CARTESIAN_POINT('',(8.280487804878E-02,-2.376274592634,1.6300001
    ));
#3712 = ORIENTED_EDGE('',*,*,#3713,.T.);
#3713 = EDGE_CURVE('',#3707,#1896,#3714,.T.);
#3714 = B_SPLINE_CURVE_WITH_KNOTS('',1,(#3715,#3716),.UNSPECIFIED.,.F.,
  .F.,(2,2),(-0.,0.1),.PIECEWISE_BEZIER_KNOTS.);
#3715 = CARTESIAN_POINT('',(8.280487804878E-02,-2.376274592634,1.6300001
    ));
#3716 = CARTESIAN_POINT('',(8.280487804878E-02,-2.376274592634,1.5300001
    ));
#3717 = B_SPLINE_SURFACE_WITH_KNOTS('',1,1,(
    (#3718,#3719)
    ,(#3720,#3721
    )),.UNSPECIFIED.,.F.,.F.,.F.,(2,2),(2,2),(0.,0.1),(-0.10243902439,0.
    ),.PIECEWISE_BEZIER_KNOTS.);
#3718 = CARTESIAN_POINT('',(8.280487804878E-02,-2.376274592634,1.6300001
    ));
#3719 = CARTESIAN_POINT('',(8.280487804878E-02,-2.273835568243,1.6300001
    ));
#3720 = CARTESIAN_POINT('',(8.280487804878E-02,-2.376274592634,1.5300001
    ));
#3721 = CARTESIAN_POINT('',(8.280487804878E-02,-2.273835568243,1.5300001
    ));
#3722 = ADVANCED_FACE('',(#3723),#3733,.T.);
#3723 = FACE_BOUND('',#3724,.T.);
#3724 = EDGE_LOOP('',(#3725,#3726,#3727,#3732));
#3725 = ORIENTED_EDGE('',*,*,#1902,.F.);
#3726 = ORIENTED_EDGE('',*,*,#3713,.F.);
#3727 = ORIENTED_EDGE('',*,*,#3728,.T.);
#3728 = EDGE_CURVE('',#3707,#3480,#3729,.T.);
#3729 = B_SPLINE_CURVE_WITH_KNOTS('',1,(#3730,#3731),.UNSPECIFIED.,.F.,
  .F.,(2,2),(0.,0.120731707317),.PIECEWISE_BEZIER_KNOTS.);
#3730 = CARTESIAN_POINT('',(8.280487804878E-02,-2.376274592634,1.6300001
    ));
#3731 = CARTESIAN_POINT('',(-3.792682926829E-02,-2.376274592634,
    1.6300001));
#3732 = ORIENTED_EDGE('',*,*,#3479,.T.);
#3733 = B_SPLINE_SURFACE_WITH_KNOTS('',1,1,(
    (#3734,#3735)
    ,(#3736,#3737
    )),.UNSPECIFIED.,.F.,.F.,.F.,(2,2),(2,2),(0.,0.1),(-0.120731707317,
    0.),.PIECEWISE_BEZIER_KNOTS.);
#3734 = CARTESIAN_POINT('',(-3.792682926829E-02,-2.376274592634,
    1.6300001));
#3735 = CARTESIAN_POINT('',(8.280487804878E-02,-2.376274592634,1.6300001
    ));
#3736 = CARTESIAN_POINT('',(-3.792682926829E-02,-2.376274592634,
    1.5300001));
#3737 = CARTESIAN_POINT('',(8.280487804878E-02,-2.376274592634,1.5300001
    ));
#3738 = ADVANCED_FACE('',(#3739),#3753,.F.);
#3739 = FACE_BOUND('',#3740,.T.);
#3740 = EDGE_LOOP('',(#3741,#3742,#3743,#3744,#3745,#3746,#3747,#3748,
    #3749,#3750,#3751,#3752));
#3741 = ORIENTED_EDGE('',*,*,#3486,.F.);
#3742 = ORIENTED_EDGE('',*,*,#3728,.F.);
#3743 = ORIENTED_EDGE('',*,*,#3706,.F.);
#3744 = ORIENTED_EDGE('',*,*,#3684,.F.);
#3745 = ORIENTED_EDGE('',*,*,#3662,.F.);
#3746 = ORIENTED_EDGE('',*,*,#3640,.F.);
#3747 = ORIENTED_EDGE('',*,*,#3618,.F.);
#3748 = ORIENTED_EDGE('',*,*,#3596,.F.);
#3749 = ORIENTED_EDGE('',*,*,#3574,.F.);
#3750 = ORIENTED_EDGE('',*,*,#3552,.F.);
#3751 = ORIENTED_EDGE('',*,*,#3530,.F.);
#3752 = ORIENTED_EDGE('',*,*,#3508,.F.);
#3753 = B_SPLINE_SURFACE_WITH_KNOTS('',1,1,(
    (#3754,#3755)
    ,(#3756,#3757
    )),.UNSPECIFIED.,.F.,.F.,.F.,(2,2),(2,2),(-3.292682926829E-02,
    0.128048780488),(-2.409201421902,-2.109201421902),
  .PIECEWISE_BEZIER_KNOTS.);
#3754 = CARTESIAN_POINT('',(-3.792682926829E-02,-2.409201421902,
    1.6300001));
#3755 = CARTESIAN_POINT('',(-3.792682926829E-02,-2.109201421902,
    1.6300001));
#3756 = CARTESIAN_POINT('',(0.123048780488,-2.409201421902,1.6300001));
#3757 = CARTESIAN_POINT('',(0.123048780488,-2.109201421902,1.6300001));
#3758 = ADVANCED_FACE('',(#3759),#3781,.T.);
#3759 = FACE_BOUND('',#3760,.T.);
#3760 = EDGE_LOOP('',(#3761,#3762,#3769,#3776));
#3761 = ORIENTED_EDGE('',*,*,#1496,.F.);
#3762 = ORIENTED_EDGE('',*,*,#3763,.F.);
#3763 = EDGE_CURVE('',#3764,#1497,#3766,.T.);
#3764 = VERTEX_POINT('',#3765);
#3765 = CARTESIAN_POINT('',(0.181585365854,-2.360725812146,1.6300001));
#3766 = B_SPLINE_CURVE_WITH_KNOTS('',1,(#3767,#3768),.UNSPECIFIED.,.F.,
  .F.,(2,2),(-0.,1.E-01),.PIECEWISE_BEZIER_KNOTS.);
#3767 = CARTESIAN_POINT('',(0.181585365854,-2.360725812146,1.6300001));
#3768 = CARTESIAN_POINT('',(0.181585365854,-2.360725812146,1.5300001));
#3769 = ORIENTED_EDGE('',*,*,#3770,.T.);
#3770 = EDGE_CURVE('',#3764,#3771,#3773,.T.);
#3771 = VERTEX_POINT('',#3772);
#3772 = CARTESIAN_POINT('',(0.181585365854,-2.393652641414,1.6300001));
#3773 = B_SPLINE_CURVE_WITH_KNOTS('',1,(#3774,#3775),.UNSPECIFIED.,.F.,
  .F.,(2,2),(4.440892098501E-16,3.292682926829E-02),
  .PIECEWISE_BEZIER_KNOTS.);
#3774 = CARTESIAN_POINT('',(0.181585365854,-2.360725812146,1.6300001));
#3775 = CARTESIAN_POINT('',(0.181585365854,-2.393652641414,1.6300001));
#3776 = ORIENTED_EDGE('',*,*,#3777,.T.);
#3777 = EDGE_CURVE('',#3771,#1499,#3778,.T.);
#3778 = B_SPLINE_CURVE_WITH_KNOTS('',1,(#3779,#3780),.UNSPECIFIED.,.F.,
  .F.,(2,2),(-0.,0.1),.PIECEWISE_BEZIER_KNOTS.);
#3779 = CARTESIAN_POINT('',(0.181585365854,-2.393652641414,1.6300001));
#3780 = CARTESIAN_POINT('',(0.181585365854,-2.393652641414,1.5300001));
#3781 = B_SPLINE_SURFACE_WITH_KNOTS('',1,1,(
    (#3782,#3783)
    ,(#3784,#3785
    )),.UNSPECIFIED.,.F.,.F.,.F.,(2,2),(2,2),(-0.,0.1),(
    -3.292682926829E-02,-4.440892098501E-16),.PIECEWISE_BEZIER_KNOTS.);
#3782 = CARTESIAN_POINT('',(0.181585365854,-2.393652641414,1.6300001));
#3783 = CARTESIAN_POINT('',(0.181585365854,-2.360725812146,1.6300001));
#3784 = CARTESIAN_POINT('',(0.181585365854,-2.393652641414,1.5300001));
#3785 = CARTESIAN_POINT('',(0.181585365854,-2.360725812146,1.5300001));
#3786 = ADVANCED_FACE('',(#3787),#3812,.T.);
#3787 = FACE_BOUND('',#3788,.T.);
#3788 = EDGE_LOOP('',(#3789,#3790,#3791,#3807));
#3789 = ORIENTED_EDGE('',*,*,#1505,.F.);
#3790 = ORIENTED_EDGE('',*,*,#3777,.F.);
#3791 = ORIENTED_EDGE('',*,*,#3792,.T.);
#3792 = EDGE_CURVE('',#3771,#3793,#3795,.T.);
#3793 = VERTEX_POINT('',#3794);
#3794 = CARTESIAN_POINT('',(0.264131097561,-2.412859958487,1.6300001));
#3795 = B_SPLINE_CURVE_WITH_KNOTS('',3,(#3796,#3797,#3798,#3799,#3800,
    #3801,#3802,#3803,#3804,#3805,#3806),.UNSPECIFIED.,.F.,.F.,(4,1,1,1,
    1,1,1,1,4),(0.,0.112448389909,0.226527675213,0.344401949326,
    0.465864972487,0.591659449352,0.722168487025,0.858606387555,1.),
  .UNSPECIFIED.);
#3796 = CARTESIAN_POINT('',(0.181585365854,-2.393652641414,1.6300001));
#3797 = CARTESIAN_POINT('',(0.184400383086,-2.395206416315,1.6300001));
#3798 = CARTESIAN_POINT('',(0.190071245158,-2.398336501294,1.6300001));
#3799 = CARTESIAN_POINT('',(0.199140144503,-2.402198728327,1.6300001));
#3800 = CARTESIAN_POINT('',(0.20868282438,-2.40553008091,1.6300001));
#3801 = CARTESIAN_POINT('',(0.218782808124,-2.408186535779,1.6300001));
#3802 = CARTESIAN_POINT('',(0.229372954018,-2.410321460504,1.6300001));
#3803 = CARTESIAN_POINT('',(0.240509376788,-2.41176752152,1.6300001));
#3804 = CARTESIAN_POINT('',(0.252147957468,-2.412719416423,1.6300001));
#3805 = CARTESIAN_POINT('',(0.260089499471,-2.412812557344,1.6300001));
#3806 = CARTESIAN_POINT('',(0.264131097561,-2.412859958487,1.6300001));
#3807 = ORIENTED_EDGE('',*,*,#3808,.T.);
#3808 = EDGE_CURVE('',#3793,#1506,#3809,.T.);
#3809 = B_SPLINE_CURVE_WITH_KNOTS('',1,(#3810,#3811),.UNSPECIFIED.,.F.,
  .F.,(2,2),(-0.,0.1),.PIECEWISE_BEZIER_KNOTS.);
#3810 = CARTESIAN_POINT('',(0.264131097561,-2.412859958487,1.6300001));
#3811 = CARTESIAN_POINT('',(0.264131097561,-2.412859958487,1.5300001));
#3812 = B_SPLINE_SURFACE_WITH_KNOTS('',3,1,(
    (#3813,#3814)
    ,(#3815,#3816)
    ,(#3817,#3818)
    ,(#3819,#3820)
    ,(#3821,#3822)
    ,(#3823,#3824)
    ,(#3825,#3826)
    ,(#3827,#3828)
    ,(#3829,#3830)
    ,(#3831,#3832)
    ,(#3833,#3834
  )),.UNSPECIFIED.,.F.,.F.,.F.,(4,1,1,1,1,1,1,1,4),(2,2),(0.,
    0.112448389909,0.226527675213,0.344401949326,0.465864972487,
    0.591659449352,0.722168487025,0.858606387555,1.),(0.,1.),
  .UNSPECIFIED.);
#3813 = CARTESIAN_POINT('',(0.181585365854,-2.393652641414,1.6300001));
#3814 = CARTESIAN_POINT('',(0.181585365854,-2.393652641414,1.5300001));
#3815 = CARTESIAN_POINT('',(0.184400383086,-2.395206416315,1.6300001));
#3816 = CARTESIAN_POINT('',(0.184400383086,-2.395206416315,1.5300001));
#3817 = CARTESIAN_POINT('',(0.190071245158,-2.398336501294,1.6300001));
#3818 = CARTESIAN_POINT('',(0.190071245158,-2.398336501294,1.5300001));
#3819 = CARTESIAN_POINT('',(0.199140144503,-2.402198728327,1.6300001));
#3820 = CARTESIAN_POINT('',(0.199140144503,-2.402198728327,1.5300001));
#3821 = CARTESIAN_POINT('',(0.20868282438,-2.40553008091,1.6300001));
#3822 = CARTESIAN_POINT('',(0.20868282438,-2.40553008091,1.5300001));
#3823 = CARTESIAN_POINT('',(0.218782808124,-2.408186535779,1.6300001));
#3824 = CARTESIAN_POINT('',(0.218782808124,-2.408186535779,1.5300001));
#3825 = CARTESIAN_POINT('',(0.229372954018,-2.410321460504,1.6300001));
#3826 = CARTESIAN_POINT('',(0.229372954018,-2.410321460504,1.5300001));
#3827 = CARTESIAN_POINT('',(0.240509376788,-2.41176752152,1.6300001));
#3828 = CARTESIAN_POINT('',(0.240509376788,-2.41176752152,1.5300001));
#3829 = CARTESIAN_POINT('',(0.252147957468,-2.412719416423,1.6300001));
#3830 = CARTESIAN_POINT('',(0.252147957468,-2.412719416423,1.5300001));
#3831 = CARTESIAN_POINT('',(0.260089499471,-2.412812557344,1.6300001));
#3832 = CARTESIAN_POINT('',(0.260089499471,-2.412812557344,1.5300001));
#3833 = CARTESIAN_POINT('',(0.264131097561,-2.412859958487,1.6300001));
#3834 = CARTESIAN_POINT('',(0.264131097561,-2.412859958487,1.5300001));
#3835 = ADVANCED_FACE('',(#3836),#3869,.T.);
#3836 = FACE_BOUND('',#3837,.T.);
#3837 = EDGE_LOOP('',(#3838,#3839,#3840,#3864));
#3838 = ORIENTED_EDGE('',*,*,#1521,.F.);
#3839 = ORIENTED_EDGE('',*,*,#3808,.F.);
#3840 = ORIENTED_EDGE('',*,*,#3841,.T.);
#3841 = EDGE_CURVE('',#3793,#3842,#3844,.T.);
#3842 = VERTEX_POINT('',#3843);
#3843 = CARTESIAN_POINT('',(0.404756097561,-2.264860720682,1.6300001));
#3844 = B_SPLINE_CURVE_WITH_KNOTS('',3,(#3845,#3846,#3847,#3848,#3849,
    #3850,#3851,#3852,#3853,#3854,#3855,#3856,#3857,#3858,#3859,#3860,
    #3861,#3862,#3863),.UNSPECIFIED.,.F.,.F.,(4,1,1,1,1,1,1,1,1,1,1,1,1,
    1,1,1,4),(0.,6.783324845577E-02,0.132655536508,0.195050884051,
    0.255582933069,0.314799834147,0.373600472826,0.432545595327,
    0.492430629284,0.552671255963,0.612513044188,0.672610250357,
    0.733838369314,0.796594238568,0.861449799291,0.929198942351,1.),
  .UNSPECIFIED.);
#3845 = CARTESIAN_POINT('',(0.264131097561,-2.412859958487,1.6300001));
#3846 = CARTESIAN_POINT('',(0.269338816026,-2.412743811362,1.6300001));
#3847 = CARTESIAN_POINT('',(0.279523094426,-2.412516672612,1.6300001));
#3848 = CARTESIAN_POINT('',(0.294400832986,-2.410606106935,1.6300001));
#3849 = CARTESIAN_POINT('',(0.30847571602,-2.407416352466,1.6300001));
#3850 = CARTESIAN_POINT('',(0.321742854891,-2.402934630172,1.6300001));
#3851 = CARTESIAN_POINT('',(0.334248664268,-2.397271506862,1.6300001));
#3852 = CARTESIAN_POINT('',(0.345928362813,-2.390271327744,1.6300001));
#3853 = CARTESIAN_POINT('',(0.356704659414,-2.38187896413,1.6300001));
#3854 = CARTESIAN_POINT('',(0.366720152812,-2.37243271682,1.6300001));
#3855 = CARTESIAN_POINT('',(0.375656658302,-2.361863684701,1.6300001));
#3856 = CARTESIAN_POINT('',(0.383478882399,-2.350431679256,1.6300001));
#3857 = CARTESIAN_POINT('',(0.390096446972,-2.338172257968,1.6300001));
#3858 = CARTESIAN_POINT('',(0.395466153422,-2.325078690562,1.6300001));
#3859 = CARTESIAN_POINT('',(0.399650743448,-2.311177555884,1.6300001));
#3860 = CARTESIAN_POINT('',(0.402577104495,-2.296456340954,1.6300001));
#3861 = CARTESIAN_POINT('',(0.404478845686,-2.280935699389,1.6300001));
#3862 = CARTESIAN_POINT('',(0.404662333013,-2.270297160392,1.6300001));
#3863 = CARTESIAN_POINT('',(0.404756097561,-2.264860720682,1.6300001));
#3864 = ORIENTED_EDGE('',*,*,#3865,.T.);
#3865 = EDGE_CURVE('',#3842,#1522,#3866,.T.);
#3866 = B_SPLINE_CURVE_WITH_KNOTS('',1,(#3867,#3868),.UNSPECIFIED.,.F.,
  .F.,(2,2),(-0.,0.1),.PIECEWISE_BEZIER_KNOTS.);
#3867 = CARTESIAN_POINT('',(0.404756097561,-2.264860720682,1.6300001));
#3868 = CARTESIAN_POINT('',(0.404756097561,-2.264860720682,1.5300001));
#3869 = B_SPLINE_SURFACE_WITH_KNOTS('',3,1,(
    (#3870,#3871)
    ,(#3872,#3873)
    ,(#3874,#3875)
    ,(#3876,#3877)
    ,(#3878,#3879)
    ,(#3880,#3881)
    ,(#3882,#3883)
    ,(#3884,#3885)
    ,(#3886,#3887)
    ,(#3888,#3889)
    ,(#3890,#3891)
    ,(#3892,#3893)
    ,(#3894,#3895)
    ,(#3896,#3897)
    ,(#3898,#3899)
    ,(#3900,#3901)
    ,(#3902,#3903)
    ,(#3904,#3905)
    ,(#3906,#3907
    )),.UNSPECIFIED.,.F.,.F.,.F.,(4,1,1,1,1,1,1,1,1,1,1,1,1,1,1,1,4),(2,
    2),(0.,6.783324845577E-02,0.132655536508,0.195050884051,
    0.255582933069,0.314799834147,0.373600472826,0.432545595327,
    0.492430629284,0.552671255963,0.612513044188,0.672610250357,
    0.733838369314,0.796594238568,0.861449799291,0.929198942351,1.),(0.,
    1.),.UNSPECIFIED.);
#3870 = CARTESIAN_POINT('',(0.264131097561,-2.412859958487,1.6300001));
#3871 = CARTESIAN_POINT('',(0.264131097561,-2.412859958487,1.5300001));
#3872 = CARTESIAN_POINT('',(0.269338816026,-2.412743811362,1.6300001));
#3873 = CARTESIAN_POINT('',(0.269338816026,-2.412743811362,1.5300001));
#3874 = CARTESIAN_POINT('',(0.279523094426,-2.412516672612,1.6300001));
#3875 = CARTESIAN_POINT('',(0.279523094426,-2.412516672612,1.5300001));
#3876 = CARTESIAN_POINT('',(0.294400832986,-2.410606106935,1.6300001));
#3877 = CARTESIAN_POINT('',(0.294400832986,-2.410606106935,1.5300001));
#3878 = CARTESIAN_POINT('',(0.30847571602,-2.407416352466,1.6300001));
#3879 = CARTESIAN_POINT('',(0.30847571602,-2.407416352466,1.5300001));
#3880 = CARTESIAN_POINT('',(0.321742854891,-2.402934630172,1.6300001));
#3881 = CARTESIAN_POINT('',(0.321742854891,-2.402934630172,1.5300001));
#3882 = CARTESIAN_POINT('',(0.334248664268,-2.397271506862,1.6300001));
#3883 = CARTESIAN_POINT('',(0.334248664268,-2.397271506862,1.5300001));
#3884 = CARTESIAN_POINT('',(0.345928362813,-2.390271327744,1.6300001));
#3885 = CARTESIAN_POINT('',(0.345928362813,-2.390271327744,1.5300001));
#3886 = CARTESIAN_POINT('',(0.356704659414,-2.38187896413,1.6300001));
#3887 = CARTESIAN_POINT('',(0.356704659414,-2.38187896413,1.5300001));
#3888 = CARTESIAN_POINT('',(0.366720152812,-2.37243271682,1.6300001));
#3889 = CARTESIAN_POINT('',(0.366720152812,-2.37243271682,1.5300001));
#3890 = CARTESIAN_POINT('',(0.375656658302,-2.361863684701,1.6300001));
#3891 = CARTESIAN_POINT('',(0.375656658302,-2.361863684701,1.5300001));
#3892 = CARTESIAN_POINT('',(0.383478882399,-2.350431679256,1.6300001));
#3893 = CARTESIAN_POINT('',(0.383478882399,-2.350431679256,1.5300001));
#3894 = CARTESIAN_POINT('',(0.390096446972,-2.338172257968,1.6300001));
#3895 = CARTESIAN_POINT('',(0.390096446972,-2.338172257968,1.5300001));
#3896 = CARTESIAN_POINT('',(0.395466153422,-2.325078690562,1.6300001));
#3897 = CARTESIAN_POINT('',(0.395466153422,-2.325078690562,1.5300001));
#3898 = CARTESIAN_POINT('',(0.399650743448,-2.311177555884,1.6300001));
#3899 = CARTESIAN_POINT('',(0.399650743448,-2.311177555884,1.5300001));
#3900 = CARTESIAN_POINT('',(0.402577104495,-2.296456340954,1.6300001));
#3901 = CARTESIAN_POINT('',(0.402577104495,-2.296456340954,1.5300001));
#3902 = CARTESIAN_POINT('',(0.404478845686,-2.280935699389,1.6300001));
#3903 = CARTESIAN_POINT('',(0.404478845686,-2.280935699389,1.5300001));
#3904 = CARTESIAN_POINT('',(0.404662333013,-2.270297160392,1.6300001));
#3905 = CARTESIAN_POINT('',(0.404662333013,-2.270297160392,1.5300001));
#3906 = CARTESIAN_POINT('',(0.404756097561,-2.264860720682,1.6300001));
#3907 = CARTESIAN_POINT('',(0.404756097561,-2.264860720682,1.5300001));
#3908 = ADVANCED_FACE('',(#3909),#3942,.T.);
#3909 = FACE_BOUND('',#3910,.T.);
#3910 = EDGE_LOOP('',(#3911,#3912,#3913,#3937));
#3911 = ORIENTED_EDGE('',*,*,#1545,.F.);
#3912 = ORIENTED_EDGE('',*,*,#3865,.F.);
#3913 = ORIENTED_EDGE('',*,*,#3914,.T.);
#3914 = EDGE_CURVE('',#3842,#3915,#3917,.T.);
#3915 = VERTEX_POINT('',#3916);
#3916 = CARTESIAN_POINT('',(0.252183689024,-2.105542885317,1.6300001));
#3917 = B_SPLINE_CURVE_WITH_KNOTS('',3,(#3918,#3919,#3920,#3921,#3922,
    #3923,#3924,#3925,#3926,#3927,#3928,#3929,#3930,#3931,#3932,#3933,
    #3934,#3935,#3936),.UNSPECIFIED.,.F.,.F.,(4,1,1,1,1,1,1,1,1,1,1,1,1,
    1,1,1,4),(0.,7.064371857535E-02,0.138256715509,0.203364124218,
    0.266324093803,0.327904761543,0.388737715173,0.449423528109,
    0.510861011459,0.572079396048,0.631734428731,0.691117210579,
    0.75036002949,0.810032900531,0.871362450829,0.934427141231,1.),
  .UNSPECIFIED.);
#3918 = CARTESIAN_POINT('',(0.404756097561,-2.264860720682,1.6300001));
#3919 = CARTESIAN_POINT('',(0.404625440524,-2.25902406735,1.6300001));
#3920 = CARTESIAN_POINT('',(0.404369731834,-2.247601161879,1.6300001));
#3921 = CARTESIAN_POINT('',(0.402337197129,-2.230898074366,1.6300001));
#3922 = CARTESIAN_POINT('',(0.399002139608,-2.215059875729,1.6300001));
#3923 = CARTESIAN_POINT('',(0.394229234306,-2.200110607925,1.6300001));
#3924 = CARTESIAN_POINT('',(0.38815132724,-2.18603006605,1.6300001));
#3925 = CARTESIAN_POINT('',(0.380763252796,-2.172799514682,1.6300001));
#3926 = CARTESIAN_POINT('',(0.371944962444,-2.160487121746,1.6300001));
#3927 = CARTESIAN_POINT('',(0.361836890097,-2.14917657394,1.6300001));
#3928 = CARTESIAN_POINT('',(0.35077350368,-2.138924521989,1.6300001));
#3929 = CARTESIAN_POINT('',(0.338836156527,-2.129978395147,1.6300001));
#3930 = CARTESIAN_POINT('',(0.326168842554,-2.12241817048,1.6300001));
#3931 = CARTESIAN_POINT('',(0.312789491725,-2.116193993557,1.6300001));
#3932 = CARTESIAN_POINT('',(0.298648919324,-2.111442814698,1.6300001));
#3933 = CARTESIAN_POINT('',(0.28381328519,-2.108030644252,1.6300001));
#3934 = CARTESIAN_POINT('',(0.268231495753,-2.105916265734,1.6300001));
#3935 = CARTESIAN_POINT('',(0.257602042115,-2.105668952821,1.6300001));
#3936 = CARTESIAN_POINT('',(0.252183689024,-2.105542885317,1.6300001));
#3937 = ORIENTED_EDGE('',*,*,#3938,.T.);
#3938 = EDGE_CURVE('',#3915,#1546,#3939,.T.);
#3939 = B_SPLINE_CURVE_WITH_KNOTS('',1,(#3940,#3941),.UNSPECIFIED.,.F.,
  .F.,(2,2),(-0.,0.1),.PIECEWISE_BEZIER_KNOTS.);
#3940 = CARTESIAN_POINT('',(0.252183689024,-2.105542885317,1.6300001));
#3941 = CARTESIAN_POINT('',(0.252183689024,-2.105542885317,1.5300001));
#3942 = B_SPLINE_SURFACE_WITH_KNOTS('',3,1,(
    (#3943,#3944)
    ,(#3945,#3946)
    ,(#3947,#3948)
    ,(#3949,#3950)
    ,(#3951,#3952)
    ,(#3953,#3954)
    ,(#3955,#3956)
    ,(#3957,#3958)
    ,(#3959,#3960)
    ,(#3961,#3962)
    ,(#3963,#3964)
    ,(#3965,#3966)
    ,(#3967,#3968)
    ,(#3969,#3970)
    ,(#3971,#3972)
    ,(#3973,#3974)
    ,(#3975,#3976)
    ,(#3977,#3978)
    ,(#3979,#3980
    )),.UNSPECIFIED.,.F.,.F.,.F.,(4,1,1,1,1,1,1,1,1,1,1,1,1,1,1,1,4),(2,
    2),(0.,7.064371857535E-02,0.138256715509,0.203364124218,
    0.266324093803,0.327904761543,0.388737715173,0.449423528109,
    0.510861011459,0.572079396048,0.631734428731,0.691117210579,
    0.75036002949,0.810032900531,0.871362450829,0.934427141231,1.),(0.,
    1.),.UNSPECIFIED.);
#3943 = CARTESIAN_POINT('',(0.404756097561,-2.264860720682,1.6300001));
#3944 = CARTESIAN_POINT('',(0.404756097561,-2.264860720682,1.5300001));
#3945 = CARTESIAN_POINT('',(0.404625440524,-2.25902406735,1.6300001));
#3946 = CARTESIAN_POINT('',(0.404625440524,-2.25902406735,1.5300001));
#3947 = CARTESIAN_POINT('',(0.404369731834,-2.247601161879,1.6300001));
#3948 = CARTESIAN_POINT('',(0.404369731834,-2.247601161879,1.5300001));
#3949 = CARTESIAN_POINT('',(0.402337197129,-2.230898074366,1.6300001));
#3950 = CARTESIAN_POINT('',(0.402337197129,-2.230898074366,1.5300001));
#3951 = CARTESIAN_POINT('',(0.399002139608,-2.215059875729,1.6300001));
#3952 = CARTESIAN_POINT('',(0.399002139608,-2.215059875729,1.5300001));
#3953 = CARTESIAN_POINT('',(0.394229234306,-2.200110607925,1.6300001));
#3954 = CARTESIAN_POINT('',(0.394229234306,-2.200110607925,1.5300001));
#3955 = CARTESIAN_POINT('',(0.38815132724,-2.18603006605,1.6300001));
#3956 = CARTESIAN_POINT('',(0.38815132724,-2.18603006605,1.5300001));
#3957 = CARTESIAN_POINT('',(0.380763252796,-2.172799514682,1.6300001));
#3958 = CARTESIAN_POINT('',(0.380763252796,-2.172799514682,1.5300001));
#3959 = CARTESIAN_POINT('',(0.371944962444,-2.160487121746,1.6300001));
#3960 = CARTESIAN_POINT('',(0.371944962444,-2.160487121746,1.5300001));
#3961 = CARTESIAN_POINT('',(0.361836890097,-2.14917657394,1.6300001));
#3962 = CARTESIAN_POINT('',(0.361836890097,-2.14917657394,1.5300001));
#3963 = CARTESIAN_POINT('',(0.35077350368,-2.138924521989,1.6300001));
#3964 = CARTESIAN_POINT('',(0.35077350368,-2.138924521989,1.5300001));
#3965 = CARTESIAN_POINT('',(0.338836156527,-2.129978395147,1.6300001));
#3966 = CARTESIAN_POINT('',(0.338836156527,-2.129978395147,1.5300001));
#3967 = CARTESIAN_POINT('',(0.326168842554,-2.12241817048,1.6300001));
#3968 = CARTESIAN_POINT('',(0.326168842554,-2.12241817048,1.5300001));
#3969 = CARTESIAN_POINT('',(0.312789491725,-2.116193993557,1.6300001));
#3970 = CARTESIAN_POINT('',(0.312789491725,-2.116193993557,1.5300001));
#3971 = CARTESIAN_POINT('',(0.298648919324,-2.111442814698,1.6300001));
#3972 = CARTESIAN_POINT('',(0.298648919324,-2.111442814698,1.5300001));
#3973 = CARTESIAN_POINT('',(0.28381328519,-2.108030644252,1.6300001));
#3974 = CARTESIAN_POINT('',(0.28381328519,-2.108030644252,1.5300001));
#3975 = CARTESIAN_POINT('',(0.268231495753,-2.105916265734,1.6300001));
#3976 = CARTESIAN_POINT('',(0.268231495753,-2.105916265734,1.5300001));
#3977 = CARTESIAN_POINT('',(0.257602042115,-2.105668952821,1.6300001));
#3978 = CARTESIAN_POINT('',(0.257602042115,-2.105668952821,1.5300001));
#3979 = CARTESIAN_POINT('',(0.252183689024,-2.105542885317,1.6300001));
#3980 = CARTESIAN_POINT('',(0.252183689024,-2.105542885317,1.5300001));
#3981 = ADVANCED_FACE('',(#3982),#4007,.T.);
#3982 = FACE_BOUND('',#3983,.T.);
#3983 = EDGE_LOOP('',(#3984,#3985,#3986,#4002));
#3984 = ORIENTED_EDGE('',*,*,#1569,.F.);
#3985 = ORIENTED_EDGE('',*,*,#3938,.F.);
#3986 = ORIENTED_EDGE('',*,*,#3987,.T.);
#3987 = EDGE_CURVE('',#3915,#3988,#3990,.T.);
#3988 = VERTEX_POINT('',#3989);
#3989 = CARTESIAN_POINT('',(0.181585365854,-2.117433129219,1.6300001));
#3990 = B_SPLINE_CURVE_WITH_KNOTS('',3,(#3991,#3992,#3993,#3994,#3995,
    #3996,#3997,#3998,#3999,#4000,#4001),.UNSPECIFIED.,.F.,.F.,(4,1,1,1,
    1,1,1,1,4),(0.,0.145186866472,0.28344261092,0.416524365929,
    0.543181123535,0.665153082638,0.781360206313,0.892756655642,1.),
  .UNSPECIFIED.);
#3991 = CARTESIAN_POINT('',(0.252183689024,-2.105542885317,1.6300001));
#3992 = CARTESIAN_POINT('',(0.248695630837,-2.105567888647,1.6300001));
#3993 = CARTESIAN_POINT('',(0.241886031983,-2.105616701667,1.6300001));
#3994 = CARTESIAN_POINT('',(0.231896258492,-2.106228821446,1.6300001));
#3995 = CARTESIAN_POINT('',(0.222372075354,-2.107093934062,1.6300001));
#3996 = CARTESIAN_POINT('',(0.213299699952,-2.108442920583,1.6300001));
#3997 = CARTESIAN_POINT('',(0.204679599107,-2.1100487484,1.6300001));
#3998 = CARTESIAN_POINT('',(0.196544065019,-2.112142021958,1.6300001));
#3999 = CARTESIAN_POINT('',(0.188841956119,-2.114487519243,1.6300001));
#4000 = CARTESIAN_POINT('',(0.183973402907,-2.11646377233,1.6300001));
#4001 = CARTESIAN_POINT('',(0.181585365854,-2.117433129219,1.6300001));
#4002 = ORIENTED_EDGE('',*,*,#4003,.T.);
#4003 = EDGE_CURVE('',#3988,#1570,#4004,.T.);
#4004 = B_SPLINE_CURVE_WITH_KNOTS('',1,(#4005,#4006),.UNSPECIFIED.,.F.,
  .F.,(2,2),(-0.,0.1),.PIECEWISE_BEZIER_KNOTS.);
#4005 = CARTESIAN_POINT('',(0.181585365854,-2.117433129219,1.6300001));
#4006 = CARTESIAN_POINT('',(0.181585365854,-2.117433129219,1.5300001));
#4007 = B_SPLINE_SURFACE_WITH_KNOTS('',3,1,(
    (#4008,#4009)
    ,(#4010,#4011)
    ,(#4012,#4013)
    ,(#4014,#4015)
    ,(#4016,#4017)
    ,(#4018,#4019)
    ,(#4020,#4021)
    ,(#4022,#4023)
    ,(#4024,#4025)
    ,(#4026,#4027)
    ,(#4028,#4029
  )),.UNSPECIFIED.,.F.,.F.,.F.,(4,1,1,1,1,1,1,1,4),(2,2),(0.,
    0.145186866472,0.28344261092,0.416524365929,0.543181123535,
    0.665153082638,0.781360206313,0.892756655642,1.),(0.,1.),
  .UNSPECIFIED.);
#4008 = CARTESIAN_POINT('',(0.252183689024,-2.105542885317,1.6300001));
#4009 = CARTESIAN_POINT('',(0.252183689024,-2.105542885317,1.5300001));
#4010 = CARTESIAN_POINT('',(0.248695630837,-2.105567888647,1.6300001));
#4011 = CARTESIAN_POINT('',(0.248695630837,-2.105567888647,1.5300001));
#4012 = CARTESIAN_POINT('',(0.241886031983,-2.105616701667,1.6300001));
#4013 = CARTESIAN_POINT('',(0.241886031983,-2.105616701667,1.5300001));
#4014 = CARTESIAN_POINT('',(0.231896258492,-2.106228821446,1.6300001));
#4015 = CARTESIAN_POINT('',(0.231896258492,-2.106228821446,1.5300001));
#4016 = CARTESIAN_POINT('',(0.222372075354,-2.107093934062,1.6300001));
#4017 = CARTESIAN_POINT('',(0.222372075354,-2.107093934062,1.5300001));
#4018 = CARTESIAN_POINT('',(0.213299699952,-2.108442920583,1.6300001));
#4019 = CARTESIAN_POINT('',(0.213299699952,-2.108442920583,1.5300001));
#4020 = CARTESIAN_POINT('',(0.204679599107,-2.1100487484,1.6300001));
#4021 = CARTESIAN_POINT('',(0.204679599107,-2.1100487484,1.5300001));
#4022 = CARTESIAN_POINT('',(0.196544065019,-2.112142021958,1.6300001));
#4023 = CARTESIAN_POINT('',(0.196544065019,-2.112142021958,1.5300001));
#4024 = CARTESIAN_POINT('',(0.188841956119,-2.114487519243,1.6300001));
#4025 = CARTESIAN_POINT('',(0.188841956119,-2.114487519243,1.5300001));
#4026 = CARTESIAN_POINT('',(0.183973402907,-2.11646377233,1.6300001));
#4027 = CARTESIAN_POINT('',(0.183973402907,-2.11646377233,1.5300001));
#4028 = CARTESIAN_POINT('',(0.181585365854,-2.117433129219,1.6300001));
#4029 = CARTESIAN_POINT('',(0.181585365854,-2.117433129219,1.5300001));
#4030 = ADVANCED_FACE('',(#4031),#4047,.T.);
#4031 = FACE_BOUND('',#4032,.T.);
#4032 = EDGE_LOOP('',(#4033,#4034,#4035,#4042));
#4033 = ORIENTED_EDGE('',*,*,#1585,.F.);
#4034 = ORIENTED_EDGE('',*,*,#4003,.F.);
#4035 = ORIENTED_EDGE('',*,*,#4036,.T.);
#4036 = EDGE_CURVE('',#3988,#4037,#4039,.T.);
#4037 = VERTEX_POINT('',#4038);
#4038 = CARTESIAN_POINT('',(0.181585365854,-2.157677031658,1.6300001));
#4039 = B_SPLINE_CURVE_WITH_KNOTS('',1,(#4040,#4041),.UNSPECIFIED.,.F.,
  .F.,(2,2),(0.,4.024390243902E-02),.PIECEWISE_BEZIER_KNOTS.);
#4040 = CARTESIAN_POINT('',(0.181585365854,-2.117433129219,1.6300001));
#4041 = CARTESIAN_POINT('',(0.181585365854,-2.157677031658,1.6300001));
#4042 = ORIENTED_EDGE('',*,*,#4043,.T.);
#4043 = EDGE_CURVE('',#4037,#1586,#4044,.T.);
#4044 = B_SPLINE_CURVE_WITH_KNOTS('',1,(#4045,#4046),.UNSPECIFIED.,.F.,
  .F.,(2,2),(-0.,0.1),.PIECEWISE_BEZIER_KNOTS.);
#4045 = CARTESIAN_POINT('',(0.181585365854,-2.157677031658,1.6300001));
#4046 = CARTESIAN_POINT('',(0.181585365854,-2.157677031658,1.5300001));
#4047 = B_SPLINE_SURFACE_WITH_KNOTS('',1,1,(
    (#4048,#4049)
    ,(#4050,#4051
    )),.UNSPECIFIED.,.F.,.F.,.F.,(2,2),(2,2),(0.,0.1),(
    -4.024390243902E-02,0.),.PIECEWISE_BEZIER_KNOTS.);
#4048 = CARTESIAN_POINT('',(0.181585365854,-2.157677031658,1.6300001));
#4049 = CARTESIAN_POINT('',(0.181585365854,-2.117433129219,1.6300001));
#4050 = CARTESIAN_POINT('',(0.181585365854,-2.157677031658,1.5300001));
#4051 = CARTESIAN_POINT('',(0.181585365854,-2.117433129219,1.5300001));
#4052 = ADVANCED_FACE('',(#4053),#4078,.T.);
#4053 = FACE_BOUND('',#4054,.T.);
#4054 = EDGE_LOOP('',(#4055,#4056,#4057,#4073));
#4055 = ORIENTED_EDGE('',*,*,#1592,.F.);
#4056 = ORIENTED_EDGE('',*,*,#4043,.F.);
#4057 = ORIENTED_EDGE('',*,*,#4058,.T.);
#4058 = EDGE_CURVE('',#4037,#4059,#4061,.T.);
#4059 = VERTEX_POINT('',#4060);
#4060 = CARTESIAN_POINT('',(0.25184070122,-2.138469714585,1.6300001));
#4061 = B_SPLINE_CURVE_WITH_KNOTS('',3,(#4062,#4063,#4064,#4065,#4066,
    #4067,#4068,#4069,#4070,#4071,#4072),.UNSPECIFIED.,.F.,.F.,(4,1,1,1,
    1,1,1,1,4),(0.,0.125279696736,0.249419970742,0.373356799493,
    0.496681278782,0.620202915744,0.745086320161,0.871269195019,1.),
  .UNSPECIFIED.);
#4062 = CARTESIAN_POINT('',(0.181585365854,-2.157677031658,1.6300001));
#4063 = CARTESIAN_POINT('',(0.184249481542,-2.156128979761,1.6300001));
#4064 = CARTESIAN_POINT('',(0.189553482704,-2.153046955546,1.6300001));
#4065 = CARTESIAN_POINT('',(0.197895712188,-2.149193818718,1.6300001));
#4066 = CARTESIAN_POINT('',(0.206398685133,-2.145851777266,1.6300001));
#4067 = CARTESIAN_POINT('',(0.2151219266,-2.143183877017,1.6300001));
#4068 = CARTESIAN_POINT('',(0.224010535098,-2.14102952709,1.6300001));
#4069 = CARTESIAN_POINT('',(0.2331111207,-2.139584543877,1.6300001));
#4070 = CARTESIAN_POINT('',(0.24240644102,-2.1386123538,1.6300001));
#4071 = CARTESIAN_POINT('',(0.248675062307,-2.138517576764,1.6300001));
#4072 = CARTESIAN_POINT('',(0.25184070122,-2.138469714585,1.6300001));
#4073 = ORIENTED_EDGE('',*,*,#4074,.T.);
#4074 = EDGE_CURVE('',#4059,#1593,#4075,.T.);
#4075 = B_SPLINE_CURVE_WITH_KNOTS('',1,(#4076,#4077),.UNSPECIFIED.,.F.,
  .F.,(2,2),(-0.,0.1),.PIECEWISE_BEZIER_KNOTS.);
#4076 = CARTESIAN_POINT('',(0.25184070122,-2.138469714585,1.6300001));
#4077 = CARTESIAN_POINT('',(0.25184070122,-2.138469714585,1.5300001));
#4078 = B_SPLINE_SURFACE_WITH_KNOTS('',3,1,(
    (#4079,#4080)
    ,(#4081,#4082)
    ,(#4083,#4084)
    ,(#4085,#4086)
    ,(#4087,#4088)
    ,(#4089,#4090)
    ,(#4091,#4092)
    ,(#4093,#4094)
    ,(#4095,#4096)
    ,(#4097,#4098)
    ,(#4099,#4100
  )),.UNSPECIFIED.,.F.,.F.,.F.,(4,1,1,1,1,1,1,1,4),(2,2),(0.,
    0.125279696736,0.249419970742,0.373356799493,0.496681278782,
    0.620202915744,0.745086320161,0.871269195019,1.),(0.,1.),
  .UNSPECIFIED.);
#4079 = CARTESIAN_POINT('',(0.181585365854,-2.157677031658,1.6300001));
#4080 = CARTESIAN_POINT('',(0.181585365854,-2.157677031658,1.5300001));
#4081 = CARTESIAN_POINT('',(0.184249481542,-2.156128979761,1.6300001));
#4082 = CARTESIAN_POINT('',(0.184249481542,-2.156128979761,1.5300001));
#4083 = CARTESIAN_POINT('',(0.189553482704,-2.153046955546,1.6300001));
#4084 = CARTESIAN_POINT('',(0.189553482704,-2.153046955546,1.5300001));
#4085 = CARTESIAN_POINT('',(0.197895712188,-2.149193818718,1.6300001));
#4086 = CARTESIAN_POINT('',(0.197895712188,-2.149193818718,1.5300001));
#4087 = CARTESIAN_POINT('',(0.206398685133,-2.145851777266,1.6300001));
#4088 = CARTESIAN_POINT('',(0.206398685133,-2.145851777266,1.5300001));
#4089 = CARTESIAN_POINT('',(0.2151219266,-2.143183877017,1.6300001));
#4090 = CARTESIAN_POINT('',(0.2151219266,-2.143183877017,1.5300001));
#4091 = CARTESIAN_POINT('',(0.224010535098,-2.14102952709,1.6300001));
#4092 = CARTESIAN_POINT('',(0.224010535098,-2.14102952709,1.5300001));
#4093 = CARTESIAN_POINT('',(0.2331111207,-2.139584543877,1.6300001));
#4094 = CARTESIAN_POINT('',(0.2331111207,-2.139584543877,1.5300001));
#4095 = CARTESIAN_POINT('',(0.24240644102,-2.1386123538,1.6300001));
#4096 = CARTESIAN_POINT('',(0.24240644102,-2.1386123538,1.5300001));
#4097 = CARTESIAN_POINT('',(0.248675062307,-2.138517576764,1.6300001));
#4098 = CARTESIAN_POINT('',(0.248675062307,-2.138517576764,1.5300001));
#4099 = CARTESIAN_POINT('',(0.25184070122,-2.138469714585,1.6300001));
#4100 = CARTESIAN_POINT('',(0.25184070122,-2.138469714585,1.5300001));
#4101 = ADVANCED_FACE('',(#4102),#4135,.T.);
#4102 = FACE_BOUND('',#4103,.T.);
#4103 = EDGE_LOOP('',(#4104,#4105,#4106,#4130));
#4104 = ORIENTED_EDGE('',*,*,#1608,.F.);
#4105 = ORIENTED_EDGE('',*,*,#4074,.F.);
#4106 = ORIENTED_EDGE('',*,*,#4107,.T.);
#4107 = EDGE_CURVE('',#4059,#4108,#4110,.T.);
#4108 = VERTEX_POINT('',#4109);
#4109 = CARTESIAN_POINT('',(0.364512195122,-2.262402641414,1.6300001));
#4110 = B_SPLINE_CURVE_WITH_KNOTS('',3,(#4111,#4112,#4113,#4114,#4115,
    #4116,#4117,#4118,#4119,#4120,#4121,#4122,#4123,#4124,#4125,#4126,
    #4127,#4128,#4129),.UNSPECIFIED.,.F.,.F.,(4,1,1,1,1,1,1,1,1,1,1,1,1,
    1,1,1,4),(0.,6.460397028839E-02,0.126702413963,0.186756814036,
    0.245505687365,0.30365202445,0.361503073971,0.420240222928,
    0.480033340777,0.540678134776,0.601191806381,0.662333502477,
    0.724739510297,0.789467736173,0.856504860044,0.926312095839,1.),
  .UNSPECIFIED.);
#4111 = CARTESIAN_POINT('',(0.25184070122,-2.138469714585,1.6300001));
#4112 = CARTESIAN_POINT('',(0.255905509779,-2.138557115411,1.6300001));
#4113 = CARTESIAN_POINT('',(0.263877482004,-2.138728527408,1.6300001));
#4114 = CARTESIAN_POINT('',(0.275523925317,-2.140411476314,1.6300001));
#4115 = CARTESIAN_POINT('',(0.286632143272,-2.142929358084,1.6300001));
#4116 = CARTESIAN_POINT('',(0.297157592667,-2.146614473267,1.6300001));
#4117 = CARTESIAN_POINT('',(0.307088321808,-2.151370682371,1.6300001));
#4118 = CARTESIAN_POINT('',(0.316415719007,-2.157215824565,1.6300001));
#4119 = CARTESIAN_POINT('',(0.325197067324,-2.164024580277,1.6300001));
#4120 = CARTESIAN_POINT('',(0.333298410274,-2.171881891453,1.6300001));
#4121 = CARTESIAN_POINT('',(0.340680987207,-2.180570822586,1.6300001));
#4122 = CARTESIAN_POINT('',(0.347017836308,-2.190148835787,1.6300001));
#4123 = CARTESIAN_POINT('',(0.352512846374,-2.200356689814,1.6300001));
#4124 = CARTESIAN_POINT('',(0.356913239751,-2.211373478884,1.6300001));
#4125 = CARTESIAN_POINT('',(0.360321089524,-2.223114676044,1.6300001));
#4126 = CARTESIAN_POINT('',(0.362780838733,-2.235564260444,1.6300001));
#4127 = CARTESIAN_POINT('',(0.364205983538,-2.24874519347,1.6300001));
#4128 = CARTESIAN_POINT('',(0.364408300778,-2.257768814131,1.6300001));
#4129 = CARTESIAN_POINT('',(0.364512195122,-2.262402641414,1.6300001));
#4130 = ORIENTED_EDGE('',*,*,#4131,.T.);
#4131 = EDGE_CURVE('',#4108,#1609,#4132,.T.);
#4132 = B_SPLINE_CURVE_WITH_KNOTS('',1,(#4133,#4134),.UNSPECIFIED.,.F.,
  .F.,(2,2),(-0.,0.1),.PIECEWISE_BEZIER_KNOTS.);
#4133 = CARTESIAN_POINT('',(0.364512195122,-2.262402641414,1.6300001));
#4134 = CARTESIAN_POINT('',(0.364512195122,-2.262402641414,1.5300001));
#4135 = B_SPLINE_SURFACE_WITH_KNOTS('',3,1,(
    (#4136,#4137)
    ,(#4138,#4139)
    ,(#4140,#4141)
    ,(#4142,#4143)
    ,(#4144,#4145)
    ,(#4146,#4147)
    ,(#4148,#4149)
    ,(#4150,#4151)
    ,(#4152,#4153)
    ,(#4154,#4155)
    ,(#4156,#4157)
    ,(#4158,#4159)
    ,(#4160,#4161)
    ,(#4162,#4163)
    ,(#4164,#4165)
    ,(#4166,#4167)
    ,(#4168,#4169)
    ,(#4170,#4171)
    ,(#4172,#4173
    )),.UNSPECIFIED.,.F.,.F.,.F.,(4,1,1,1,1,1,1,1,1,1,1,1,1,1,1,1,4),(2,
    2),(0.,6.460397028839E-02,0.126702413963,0.186756814036,
    0.245505687365,0.30365202445,0.361503073971,0.420240222928,
    0.480033340777,0.540678134776,0.601191806381,0.662333502477,
    0.724739510297,0.789467736173,0.856504860044,0.926312095839,1.),(0.,
    1.),.UNSPECIFIED.);
#4136 = CARTESIAN_POINT('',(0.25184070122,-2.138469714585,1.6300001));
#4137 = CARTESIAN_POINT('',(0.25184070122,-2.138469714585,1.5300001));
#4138 = CARTESIAN_POINT('',(0.255905509779,-2.138557115411,1.6300001));
#4139 = CARTESIAN_POINT('',(0.255905509779,-2.138557115411,1.5300001));
#4140 = CARTESIAN_POINT('',(0.263877482004,-2.138728527408,1.6300001));
#4141 = CARTESIAN_POINT('',(0.263877482004,-2.138728527408,1.5300001));
#4142 = CARTESIAN_POINT('',(0.275523925317,-2.140411476314,1.6300001));
#4143 = CARTESIAN_POINT('',(0.275523925317,-2.140411476314,1.5300001));
#4144 = CARTESIAN_POINT('',(0.286632143272,-2.142929358084,1.6300001));
#4145 = CARTESIAN_POINT('',(0.286632143272,-2.142929358084,1.5300001));
#4146 = CARTESIAN_POINT('',(0.297157592667,-2.146614473267,1.6300001));
#4147 = CARTESIAN_POINT('',(0.297157592667,-2.146614473267,1.5300001));
#4148 = CARTESIAN_POINT('',(0.307088321808,-2.151370682371,1.6300001));
#4149 = CARTESIAN_POINT('',(0.307088321808,-2.151370682371,1.5300001));
#4150 = CARTESIAN_POINT('',(0.316415719007,-2.157215824565,1.6300001));
#4151 = CARTESIAN_POINT('',(0.316415719007,-2.157215824565,1.5300001));
#4152 = CARTESIAN_POINT('',(0.325197067324,-2.164024580277,1.6300001));
#4153 = CARTESIAN_POINT('',(0.325197067324,-2.164024580277,1.5300001));
#4154 = CARTESIAN_POINT('',(0.333298410274,-2.171881891453,1.6300001));
#4155 = CARTESIAN_POINT('',(0.333298410274,-2.171881891453,1.5300001));
#4156 = CARTESIAN_POINT('',(0.340680987207,-2.180570822586,1.6300001));
#4157 = CARTESIAN_POINT('',(0.340680987207,-2.180570822586,1.5300001));
#4158 = CARTESIAN_POINT('',(0.347017836308,-2.190148835787,1.6300001));
#4159 = CARTESIAN_POINT('',(0.347017836308,-2.190148835787,1.5300001));
#4160 = CARTESIAN_POINT('',(0.352512846374,-2.200356689814,1.6300001));
#4161 = CARTESIAN_POINT('',(0.352512846374,-2.200356689814,1.5300001));
#4162 = CARTESIAN_POINT('',(0.356913239751,-2.211373478884,1.6300001));
#4163 = CARTESIAN_POINT('',(0.356913239751,-2.211373478884,1.5300001));
#4164 = CARTESIAN_POINT('',(0.360321089524,-2.223114676044,1.6300001));
#4165 = CARTESIAN_POINT('',(0.360321089524,-2.223114676044,1.5300001));
#4166 = CARTESIAN_POINT('',(0.362780838733,-2.235564260444,1.6300001));
#4167 = CARTESIAN_POINT('',(0.362780838733,-2.235564260444,1.5300001));
#4168 = CARTESIAN_POINT('',(0.364205983538,-2.24874519347,1.6300001));
#4169 = CARTESIAN_POINT('',(0.364205983538,-2.24874519347,1.5300001));
#4170 = CARTESIAN_POINT('',(0.364408300778,-2.257768814131,1.6300001));
#4171 = CARTESIAN_POINT('',(0.364408300778,-2.257768814131,1.5300001));
#4172 = CARTESIAN_POINT('',(0.364512195122,-2.262402641414,1.6300001));
#4173 = CARTESIAN_POINT('',(0.364512195122,-2.262402641414,1.5300001));
#4174 = ADVANCED_FACE('',(#4175),#4208,.T.);
#4175 = FACE_BOUND('',#4176,.T.);
#4176 = EDGE_LOOP('',(#4177,#4178,#4179,#4203));
#4177 = ORIENTED_EDGE('',*,*,#1632,.F.);
#4178 = ORIENTED_EDGE('',*,*,#4131,.F.);
#4179 = ORIENTED_EDGE('',*,*,#4180,.T.);
#4180 = EDGE_CURVE('',#4108,#4181,#4183,.T.);
#4181 = VERTEX_POINT('',#4182);
#4182 = CARTESIAN_POINT('',(0.258586128049,-2.379933129219,1.6300001));
#4183 = B_SPLINE_CURVE_WITH_KNOTS('',3,(#4184,#4185,#4186,#4187,#4188,
    #4189,#4190,#4191,#4192,#4193,#4194,#4195,#4196,#4197,#4198,#4199,
    #4200,#4201,#4202),.UNSPECIFIED.,.F.,.F.,(4,1,1,1,1,1,1,1,1,1,1,1,1,
    1,1,1,4),(0.,7.377411937406E-02,0.144079114726,0.211348518309,
    0.27607688574,0.33852091582,0.399885116693,0.460254067465,
    0.520588964391,0.580207684563,0.638632908553,0.696364549491,
    0.75400177466,0.812805681374,0.872754425526,0.935181996978,1.),
  .UNSPECIFIED.);
#4184 = CARTESIAN_POINT('',(0.364512195122,-2.262402641414,1.6300001));
#4185 = CARTESIAN_POINT('',(0.364428849167,-2.266789003123,1.6300001));
#4186 = CARTESIAN_POINT('',(0.364266076483,-2.275355464061,1.6300001));
#4187 = CARTESIAN_POINT('',(0.362867600496,-2.287858767438,1.6300001));
#4188 = CARTESIAN_POINT('',(0.360602227223,-2.299680783991,1.6300001));
#4189 = CARTESIAN_POINT('',(0.357418524714,-2.310811093345,1.6300001));
#4190 = CARTESIAN_POINT('',(0.353267093157,-2.321239395168,1.6300001));
#4191 = CARTESIAN_POINT('',(0.348252309331,-2.330993397424,1.6300001));
#4192 = CARTESIAN_POINT('',(0.342256504005,-2.340029052915,1.6300001));
#4193 = CARTESIAN_POINT('',(0.335412034066,-2.348304060689,1.6300001));
#4194 = CARTESIAN_POINT('',(0.32781286956,-2.355724756322,1.6300001));
#4195 = CARTESIAN_POINT('',(0.319618142178,-2.362241794418,1.6300001));
#4196 = CARTESIAN_POINT('',(0.310809998137,-2.367681492468,1.6300001));
#4197 = CARTESIAN_POINT('',(0.301470571934,-2.372192262732,1.6300001));
#4198 = CARTESIAN_POINT('',(0.291557666218,-2.37567971029,1.6300001));
#4199 = CARTESIAN_POINT('',(0.281052725125,-2.378124533334,1.6300001));
#4200 = CARTESIAN_POINT('',(0.270006003299,-2.379638804126,1.6300001));
#4201 = CARTESIAN_POINT('',(0.262440130552,-2.379833799794,1.6300001));
#4202 = CARTESIAN_POINT('',(0.258586128049,-2.379933129219,1.6300001));
#4203 = ORIENTED_EDGE('',*,*,#4204,.T.);
#4204 = EDGE_CURVE('',#4181,#1633,#4205,.T.);
#4205 = B_SPLINE_CURVE_WITH_KNOTS('',1,(#4206,#4207),.UNSPECIFIED.,.F.,
  .F.,(2,2),(-0.,0.1),.PIECEWISE_BEZIER_KNOTS.);
#4206 = CARTESIAN_POINT('',(0.258586128049,-2.379933129219,1.6300001));
#4207 = CARTESIAN_POINT('',(0.258586128049,-2.379933129219,1.5300001));
#4208 = B_SPLINE_SURFACE_WITH_KNOTS('',3,1,(
    (#4209,#4210)
    ,(#4211,#4212)
    ,(#4213,#4214)
    ,(#4215,#4216)
    ,(#4217,#4218)
    ,(#4219,#4220)
    ,(#4221,#4222)
    ,(#4223,#4224)
    ,(#4225,#4226)
    ,(#4227,#4228)
    ,(#4229,#4230)
    ,(#4231,#4232)
    ,(#4233,#4234)
    ,(#4235,#4236)
    ,(#4237,#4238)
    ,(#4239,#4240)
    ,(#4241,#4242)
    ,(#4243,#4244)
    ,(#4245,#4246
    )),.UNSPECIFIED.,.F.,.F.,.F.,(4,1,1,1,1,1,1,1,1,1,1,1,1,1,1,1,4),(2,
    2),(0.,7.377411937406E-02,0.144079114726,0.211348518309,
    0.27607688574,0.33852091582,0.399885116693,0.460254067465,
    0.520588964391,0.580207684563,0.638632908553,0.696364549491,
    0.75400177466,0.812805681374,0.872754425526,0.935181996978,1.),(0.,
    1.),.UNSPECIFIED.);
#4209 = CARTESIAN_POINT('',(0.364512195122,-2.262402641414,1.6300001));
#4210 = CARTESIAN_POINT('',(0.364512195122,-2.262402641414,1.5300001));
#4211 = CARTESIAN_POINT('',(0.364428849167,-2.266789003123,1.6300001));
#4212 = CARTESIAN_POINT('',(0.364428849167,-2.266789003123,1.5300001));
#4213 = CARTESIAN_POINT('',(0.364266076483,-2.275355464061,1.6300001));
#4214 = CARTESIAN_POINT('',(0.364266076483,-2.275355464061,1.5300001));
#4215 = CARTESIAN_POINT('',(0.362867600496,-2.287858767438,1.6300001));
#4216 = CARTESIAN_POINT('',(0.362867600496,-2.287858767438,1.5300001));
#4217 = CARTESIAN_POINT('',(0.360602227223,-2.299680783991,1.6300001));
#4218 = CARTESIAN_POINT('',(0.360602227223,-2.299680783991,1.5300001));
#4219 = CARTESIAN_POINT('',(0.357418524714,-2.310811093345,1.6300001));
#4220 = CARTESIAN_POINT('',(0.357418524714,-2.310811093345,1.5300001));
#4221 = CARTESIAN_POINT('',(0.353267093157,-2.321239395168,1.6300001));
#4222 = CARTESIAN_POINT('',(0.353267093157,-2.321239395168,1.5300001));
#4223 = CARTESIAN_POINT('',(0.348252309331,-2.330993397424,1.6300001));
#4224 = CARTESIAN_POINT('',(0.348252309331,-2.330993397424,1.5300001));
#4225 = CARTESIAN_POINT('',(0.342256504005,-2.340029052915,1.6300001));
#4226 = CARTESIAN_POINT('',(0.342256504005,-2.340029052915,1.5300001));
#4227 = CARTESIAN_POINT('',(0.335412034066,-2.348304060689,1.6300001));
#4228 = CARTESIAN_POINT('',(0.335412034066,-2.348304060689,1.5300001));
#4229 = CARTESIAN_POINT('',(0.32781286956,-2.355724756322,1.6300001));
#4230 = CARTESIAN_POINT('',(0.32781286956,-2.355724756322,1.5300001));
#4231 = CARTESIAN_POINT('',(0.319618142178,-2.362241794418,1.6300001));
#4232 = CARTESIAN_POINT('',(0.319618142178,-2.362241794418,1.5300001));
#4233 = CARTESIAN_POINT('',(0.310809998137,-2.367681492468,1.6300001));
#4234 = CARTESIAN_POINT('',(0.310809998137,-2.367681492468,1.5300001));
#4235 = CARTESIAN_POINT('',(0.301470571934,-2.372192262732,1.6300001));
#4236 = CARTESIAN_POINT('',(0.301470571934,-2.372192262732,1.5300001));
#4237 = CARTESIAN_POINT('',(0.291557666218,-2.37567971029,1.6300001));
#4238 = CARTESIAN_POINT('',(0.291557666218,-2.37567971029,1.5300001));
#4239 = CARTESIAN_POINT('',(0.281052725125,-2.378124533334,1.6300001));
#4240 = CARTESIAN_POINT('',(0.281052725125,-2.378124533334,1.5300001));
#4241 = CARTESIAN_POINT('',(0.270006003299,-2.379638804126,1.6300001));
#4242 = CARTESIAN_POINT('',(0.270006003299,-2.379638804126,1.5300001));
#4243 = CARTESIAN_POINT('',(0.262440130552,-2.379833799794,1.6300001));
#4244 = CARTESIAN_POINT('',(0.262440130552,-2.379833799794,1.5300001));
#4245 = CARTESIAN_POINT('',(0.258586128049,-2.379933129219,1.6300001));
#4246 = CARTESIAN_POINT('',(0.258586128049,-2.379933129219,1.5300001));
#4247 = ADVANCED_FACE('',(#4248),#4267,.T.);
#4248 = FACE_BOUND('',#4249,.T.);
#4249 = EDGE_LOOP('',(#4250,#4251,#4252,#4266));
#4250 = ORIENTED_EDGE('',*,*,#1656,.F.);
#4251 = ORIENTED_EDGE('',*,*,#4204,.F.);
#4252 = ORIENTED_EDGE('',*,*,#4253,.T.);
#4253 = EDGE_CURVE('',#4181,#3764,#4254,.T.);
#4254 = B_SPLINE_CURVE_WITH_KNOTS('',3,(#4255,#4256,#4257,#4258,#4259,
    #4260,#4261,#4262,#4263,#4264,#4265),.UNSPECIFIED.,.F.,.F.,(4,1,1,1,
    1,1,1,1,4),(0.,0.135294604763,0.266765657925,0.394816018836,
    0.520051654434,0.642175702971,0.762651820558,0.881834004381,1.),
  .UNSPECIFIED.);
#4255 = CARTESIAN_POINT('',(0.258586128049,-2.379933129219,1.6300001));
#4256 = CARTESIAN_POINT('',(0.254963501879,-2.379885567055,1.6300001));
#4257 = CARTESIAN_POINT('',(0.247820628331,-2.379791786877,1.6300001));
#4258 = CARTESIAN_POINT('',(0.237287063779,-2.378829394393,1.6300001));
#4259 = CARTESIAN_POINT('',(0.227083995144,-2.377380928598,1.6300001));
#4260 = CARTESIAN_POINT('',(0.217255769888,-2.375248914182,1.6300001));
#4261 = CARTESIAN_POINT('',(0.207768691695,-2.372580113327,1.6300001));
#4262 = CARTESIAN_POINT('',(0.198676545799,-2.369227894994,1.6300001));
#4263 = CARTESIAN_POINT('',(0.189882178263,-2.365398968479,1.6300001));
#4264 = CARTESIAN_POINT('',(0.184343064892,-2.362279078399,1.6300001));
#4265 = CARTESIAN_POINT('',(0.181585365854,-2.360725812146,1.6300001));
#4266 = ORIENTED_EDGE('',*,*,#3763,.T.);
#4267 = B_SPLINE_SURFACE_WITH_KNOTS('',3,1,(
    (#4268,#4269)
    ,(#4270,#4271)
    ,(#4272,#4273)
    ,(#4274,#4275)
    ,(#4276,#4277)
    ,(#4278,#4279)
    ,(#4280,#4281)
    ,(#4282,#4283)
    ,(#4284,#4285)
    ,(#4286,#4287)
    ,(#4288,#4289
  )),.UNSPECIFIED.,.F.,.F.,.F.,(4,1,1,1,1,1,1,1,4),(2,2),(0.,
    0.135294604763,0.266765657925,0.394816018836,0.520051654434,
    0.642175702971,0.762651820558,0.881834004381,1.),(0.,1.),
  .UNSPECIFIED.);
#4268 = CARTESIAN_POINT('',(0.258586128049,-2.379933129219,1.6300001));
#4269 = CARTESIAN_POINT('',(0.258586128049,-2.379933129219,1.5300001));
#4270 = CARTESIAN_POINT('',(0.254963501879,-2.379885567055,1.6300001));
#4271 = CARTESIAN_POINT('',(0.254963501879,-2.379885567055,1.5300001));
#4272 = CARTESIAN_POINT('',(0.247820628331,-2.379791786877,1.6300001));
#4273 = CARTESIAN_POINT('',(0.247820628331,-2.379791786877,1.5300001));
#4274 = CARTESIAN_POINT('',(0.237287063779,-2.378829394393,1.6300001));
#4275 = CARTESIAN_POINT('',(0.237287063779,-2.378829394393,1.5300001));
#4276 = CARTESIAN_POINT('',(0.227083995144,-2.377380928598,1.6300001));
#4277 = CARTESIAN_POINT('',(0.227083995144,-2.377380928598,1.5300001));
#4278 = CARTESIAN_POINT('',(0.217255769888,-2.375248914182,1.6300001));
#4279 = CARTESIAN_POINT('',(0.217255769888,-2.375248914182,1.5300001));
#4280 = CARTESIAN_POINT('',(0.207768691695,-2.372580113327,1.6300001));
#4281 = CARTESIAN_POINT('',(0.207768691695,-2.372580113327,1.5300001));
#4282 = CARTESIAN_POINT('',(0.198676545799,-2.369227894994,1.6300001));
#4283 = CARTESIAN_POINT('',(0.198676545799,-2.369227894994,1.5300001));
#4284 = CARTESIAN_POINT('',(0.189882178263,-2.365398968479,1.6300001));
#4285 = CARTESIAN_POINT('',(0.189882178263,-2.365398968479,1.5300001));
#4286 = CARTESIAN_POINT('',(0.184343064892,-2.362279078399,1.6300001));
#4287 = CARTESIAN_POINT('',(0.184343064892,-2.362279078399,1.5300001));
#4288 = CARTESIAN_POINT('',(0.181585365854,-2.360725812146,1.6300001));
#4289 = CARTESIAN_POINT('',(0.181585365854,-2.360725812146,1.5300001));
#4290 = ADVANCED_FACE('',(#4291),#4303,.T.);
#4291 = FACE_BOUND('',#4292,.T.);
#4292 = EDGE_LOOP('',(#4293,#4294,#4295,#4296,#4297,#4298,#4299,#4300,
    #4301,#4302));
#4293 = ORIENTED_EDGE('',*,*,#3770,.F.);
#4294 = ORIENTED_EDGE('',*,*,#4253,.F.);
#4295 = ORIENTED_EDGE('',*,*,#4180,.F.);
#4296 = ORIENTED_EDGE('',*,*,#4107,.F.);
#4297 = ORIENTED_EDGE('',*,*,#4058,.F.);
#4298 = ORIENTED_EDGE('',*,*,#4036,.F.);
#4299 = ORIENTED_EDGE('',*,*,#3987,.F.);
#4300 = ORIENTED_EDGE('',*,*,#3914,.F.);
#4301 = ORIENTED_EDGE('',*,*,#3841,.F.);
#4302 = ORIENTED_EDGE('',*,*,#3792,.F.);
#4303 = B_SPLINE_SURFACE_WITH_KNOTS('',1,1,(
    (#4304,#4305)
    ,(#4306,#4307
    )),.UNSPECIFIED.,.F.,.F.,.F.,(2,2),(2,2),(-0.183214318631,
    3.995641307672E-02),(-4.161799933891E-03,0.303155273237),
  .PIECEWISE_BEZIER_KNOTS.);
#4304 = CARTESIAN_POINT('',(0.404756097561,-2.412859958487,1.6300001));
#4305 = CARTESIAN_POINT('',(0.404756097561,-2.105542885317,1.6300001));
#4306 = CARTESIAN_POINT('',(0.181585365854,-2.412859958487,1.6300001));
#4307 = CARTESIAN_POINT('',(0.181585365854,-2.105542885317,1.6300001));
#4308 = ADVANCED_FACE('',(#4309),#4331,.T.);
#4309 = FACE_BOUND('',#4310,.T.);
#4310 = EDGE_LOOP('',(#4311,#4312,#4319,#4326));
#4311 = ORIENTED_EDGE('',*,*,#1909,.F.);
#4312 = ORIENTED_EDGE('',*,*,#4313,.F.);
#4313 = EDGE_CURVE('',#4314,#1910,#4316,.T.);
#4314 = VERTEX_POINT('',#4315);
#4315 = CARTESIAN_POINT('',(0.430365853659,-2.376274592634,1.6300001));
#4316 = B_SPLINE_CURVE_WITH_KNOTS('',1,(#4317,#4318),.UNSPECIFIED.,.F.,
  .F.,(2,2),(-0.,0.1),.PIECEWISE_BEZIER_KNOTS.);
#4317 = CARTESIAN_POINT('',(0.430365853659,-2.376274592634,1.6300001));
#4318 = CARTESIAN_POINT('',(0.430365853659,-2.376274592634,1.5300001));
#4319 = ORIENTED_EDGE('',*,*,#4320,.T.);
#4320 = EDGE_CURVE('',#4314,#4321,#4323,.T.);
#4321 = VERTEX_POINT('',#4322);
#4322 = CARTESIAN_POINT('',(0.430365853659,-2.409201421902,1.6300001));
#4323 = B_SPLINE_CURVE_WITH_KNOTS('',1,(#4324,#4325),.UNSPECIFIED.,.F.,
  .F.,(2,2),(0.,3.292682926829E-02),.PIECEWISE_BEZIER_KNOTS.);
#4324 = CARTESIAN_POINT('',(0.430365853659,-2.376274592634,1.6300001));
#4325 = CARTESIAN_POINT('',(0.430365853659,-2.409201421902,1.6300001));
#4326 = ORIENTED_EDGE('',*,*,#4327,.T.);
#4327 = EDGE_CURVE('',#4321,#1912,#4328,.T.);
#4328 = B_SPLINE_CURVE_WITH_KNOTS('',1,(#4329,#4330),.UNSPECIFIED.,.F.,
  .F.,(2,2),(-0.,0.1),.PIECEWISE_BEZIER_KNOTS.);
#4329 = CARTESIAN_POINT('',(0.430365853659,-2.409201421902,1.6300001));
#4330 = CARTESIAN_POINT('',(0.430365853659,-2.409201421902,1.5300001));
#4331 = B_SPLINE_SURFACE_WITH_KNOTS('',1,1,(
    (#4332,#4333)
    ,(#4334,#4335
    )),.UNSPECIFIED.,.F.,.F.,.F.,(2,2),(2,2),(0.,0.1),(
    -3.292682926829E-02,0.),.PIECEWISE_BEZIER_KNOTS.);
#4332 = CARTESIAN_POINT('',(0.430365853659,-2.409201421902,1.6300001));
#4333 = CARTESIAN_POINT('',(0.430365853659,-2.376274592634,1.6300001));
#4334 = CARTESIAN_POINT('',(0.430365853659,-2.409201421902,1.5300001));
#4335 = CARTESIAN_POINT('',(0.430365853659,-2.376274592634,1.5300001));
#4336 = ADVANCED_FACE('',(#4337),#4353,.T.);
#4337 = FACE_BOUND('',#4338,.T.);
#4338 = EDGE_LOOP('',(#4339,#4340,#4341,#4348));
#4339 = ORIENTED_EDGE('',*,*,#1918,.F.);
#4340 = ORIENTED_EDGE('',*,*,#4327,.F.);
#4341 = ORIENTED_EDGE('',*,*,#4342,.T.);
#4342 = EDGE_CURVE('',#4321,#4343,#4345,.T.);
#4343 = VERTEX_POINT('',#4344);
#4344 = CARTESIAN_POINT('',(0.584024390244,-2.409201421902,1.6300001));
#4345 = B_SPLINE_CURVE_WITH_KNOTS('',1,(#4346,#4347),.UNSPECIFIED.,.F.,
  .F.,(2,2),(0.,0.153658536585),.PIECEWISE_BEZIER_KNOTS.);
#4346 = CARTESIAN_POINT('',(0.430365853659,-2.409201421902,1.6300001));
#4347 = CARTESIAN_POINT('',(0.584024390244,-2.409201421902,1.6300001));
#4348 = ORIENTED_EDGE('',*,*,#4349,.T.);
#4349 = EDGE_CURVE('',#4343,#1919,#4350,.T.);
#4350 = B_SPLINE_CURVE_WITH_KNOTS('',1,(#4351,#4352),.UNSPECIFIED.,.F.,
  .F.,(2,2),(-0.,0.1),.PIECEWISE_BEZIER_KNOTS.);
#4351 = CARTESIAN_POINT('',(0.584024390244,-2.409201421902,1.6300001));
#4352 = CARTESIAN_POINT('',(0.584024390244,-2.409201421902,1.5300001));
#4353 = B_SPLINE_SURFACE_WITH_KNOTS('',1,1,(
    (#4354,#4355)
    ,(#4356,#4357
    )),.UNSPECIFIED.,.F.,.F.,.F.,(2,2),(2,2),(-0.1,0.),(0.,
    0.153658536585),.PIECEWISE_BEZIER_KNOTS.);
#4354 = CARTESIAN_POINT('',(0.430365853659,-2.409201421902,1.5300001));
#4355 = CARTESIAN_POINT('',(0.584024390244,-2.409201421902,1.5300001));
#4356 = CARTESIAN_POINT('',(0.430365853659,-2.409201421902,1.6300001));
#4357 = CARTESIAN_POINT('',(0.584024390244,-2.409201421902,1.6300001));
#4358 = ADVANCED_FACE('',(#4359),#4375,.T.);
#4359 = FACE_BOUND('',#4360,.T.);
#4360 = EDGE_LOOP('',(#4361,#4362,#4363,#4370));
#4361 = ORIENTED_EDGE('',*,*,#1925,.F.);
#4362 = ORIENTED_EDGE('',*,*,#4349,.F.);
#4363 = ORIENTED_EDGE('',*,*,#4364,.T.);
#4364 = EDGE_CURVE('',#4343,#4365,#4367,.T.);
#4365 = VERTEX_POINT('',#4366);
#4366 = CARTESIAN_POINT('',(0.584024390244,-2.109201421902,1.6300001));
#4367 = B_SPLINE_CURVE_WITH_KNOTS('',1,(#4368,#4369),.UNSPECIFIED.,.F.,
  .F.,(2,2),(0.,0.3),.PIECEWISE_BEZIER_KNOTS.);
#4368 = CARTESIAN_POINT('',(0.584024390244,-2.409201421902,1.6300001));
#4369 = CARTESIAN_POINT('',(0.584024390244,-2.109201421902,1.6300001));
#4370 = ORIENTED_EDGE('',*,*,#4371,.T.);
#4371 = EDGE_CURVE('',#4365,#1926,#4372,.T.);
#4372 = B_SPLINE_CURVE_WITH_KNOTS('',1,(#4373,#4374),.UNSPECIFIED.,.F.,
  .F.,(2,2),(-0.,0.1),.PIECEWISE_BEZIER_KNOTS.);
#4373 = CARTESIAN_POINT('',(0.584024390244,-2.109201421902,1.6300001));
#4374 = CARTESIAN_POINT('',(0.584024390244,-2.109201421902,1.5300001));
#4375 = B_SPLINE_SURFACE_WITH_KNOTS('',1,1,(
    (#4376,#4377)
    ,(#4378,#4379
    )),.UNSPECIFIED.,.F.,.F.,.F.,(2,2),(2,2),(-0.1,0.),(0.,0.3),
  .PIECEWISE_BEZIER_KNOTS.);
#4376 = CARTESIAN_POINT('',(0.584024390244,-2.409201421902,1.5300001));
#4377 = CARTESIAN_POINT('',(0.584024390244,-2.109201421902,1.5300001));
#4378 = CARTESIAN_POINT('',(0.584024390244,-2.409201421902,1.6300001));
#4379 = CARTESIAN_POINT('',(0.584024390244,-2.109201421902,1.6300001));
#4380 = ADVANCED_FACE('',(#4381),#4397,.T.);
#4381 = FACE_BOUND('',#4382,.T.);
#4382 = EDGE_LOOP('',(#4383,#4384,#4385,#4392));
#4383 = ORIENTED_EDGE('',*,*,#1932,.F.);
#4384 = ORIENTED_EDGE('',*,*,#4371,.F.);
#4385 = ORIENTED_EDGE('',*,*,#4386,.T.);
#4386 = EDGE_CURVE('',#4365,#4387,#4389,.T.);
#4387 = VERTEX_POINT('',#4388);
#4388 = CARTESIAN_POINT('',(0.543780487805,-2.109201421902,1.6300001));
#4389 = B_SPLINE_CURVE_WITH_KNOTS('',1,(#4390,#4391),.UNSPECIFIED.,.F.,
  .F.,(2,2),(0.,4.024390243902E-02),.PIECEWISE_BEZIER_KNOTS.);
#4390 = CARTESIAN_POINT('',(0.584024390244,-2.109201421902,1.6300001));
#4391 = CARTESIAN_POINT('',(0.543780487805,-2.109201421902,1.6300001));
#4392 = ORIENTED_EDGE('',*,*,#4393,.T.);
#4393 = EDGE_CURVE('',#4387,#1933,#4394,.T.);
#4394 = B_SPLINE_CURVE_WITH_KNOTS('',1,(#4395,#4396),.UNSPECIFIED.,.F.,
  .F.,(2,2),(-0.,0.1),.PIECEWISE_BEZIER_KNOTS.);
#4395 = CARTESIAN_POINT('',(0.543780487805,-2.109201421902,1.6300001));
#4396 = CARTESIAN_POINT('',(0.543780487805,-2.109201421902,1.5300001));
#4397 = B_SPLINE_SURFACE_WITH_KNOTS('',1,1,(
    (#4398,#4399)
    ,(#4400,#4401
    )),.UNSPECIFIED.,.F.,.F.,.F.,(2,2),(2,2),(0.,0.1),(
    -4.024390243902E-02,0.),.PIECEWISE_BEZIER_KNOTS.);
#4398 = CARTESIAN_POINT('',(0.543780487805,-2.109201421902,1.6300001));
#4399 = CARTESIAN_POINT('',(0.584024390244,-2.109201421902,1.6300001));
#4400 = CARTESIAN_POINT('',(0.543780487805,-2.109201421902,1.5300001));
#4401 = CARTESIAN_POINT('',(0.584024390244,-2.109201421902,1.5300001));
#4402 = ADVANCED_FACE('',(#4403),#4419,.T.);
#4403 = FACE_BOUND('',#4404,.T.);
#4404 = EDGE_LOOP('',(#4405,#4406,#4407,#4414));
#4405 = ORIENTED_EDGE('',*,*,#1939,.F.);
#4406 = ORIENTED_EDGE('',*,*,#4393,.F.);
#4407 = ORIENTED_EDGE('',*,*,#4408,.T.);
#4408 = EDGE_CURVE('',#4387,#4409,#4411,.T.);
#4409 = VERTEX_POINT('',#4410);
#4410 = CARTESIAN_POINT('',(0.543780487805,-2.376274592634,1.6300001));
#4411 = B_SPLINE_CURVE_WITH_KNOTS('',1,(#4412,#4413),.UNSPECIFIED.,.F.,
  .F.,(2,2),(0.,0.267073170732),.PIECEWISE_BEZIER_KNOTS.);
#4412 = CARTESIAN_POINT('',(0.543780487805,-2.109201421902,1.6300001));
#4413 = CARTESIAN_POINT('',(0.543780487805,-2.376274592634,1.6300001));
#4414 = ORIENTED_EDGE('',*,*,#4415,.T.);
#4415 = EDGE_CURVE('',#4409,#1940,#4416,.T.);
#4416 = B_SPLINE_CURVE_WITH_KNOTS('',1,(#4417,#4418),.UNSPECIFIED.,.F.,
  .F.,(2,2),(-0.,0.1),.PIECEWISE_BEZIER_KNOTS.);
#4417 = CARTESIAN_POINT('',(0.543780487805,-2.376274592634,1.6300001));
#4418 = CARTESIAN_POINT('',(0.543780487805,-2.376274592634,1.5300001));
#4419 = B_SPLINE_SURFACE_WITH_KNOTS('',1,1,(
    (#4420,#4421)
    ,(#4422,#4423
    )),.UNSPECIFIED.,.F.,.F.,.F.,(2,2),(2,2),(0.,0.1),(-0.267073170732,
    0.),.PIECEWISE_BEZIER_KNOTS.);
#4420 = CARTESIAN_POINT('',(0.543780487805,-2.376274592634,1.6300001));
#4421 = CARTESIAN_POINT('',(0.543780487805,-2.109201421902,1.6300001));
#4422 = CARTESIAN_POINT('',(0.543780487805,-2.376274592634,1.5300001));
#4423 = CARTESIAN_POINT('',(0.543780487805,-2.109201421902,1.5300001));
#4424 = ADVANCED_FACE('',(#4425),#4435,.T.);
#4425 = FACE_BOUND('',#4426,.T.);
#4426 = EDGE_LOOP('',(#4427,#4428,#4429,#4434));
#4427 = ORIENTED_EDGE('',*,*,#1946,.F.);
#4428 = ORIENTED_EDGE('',*,*,#4415,.F.);
#4429 = ORIENTED_EDGE('',*,*,#4430,.T.);
#4430 = EDGE_CURVE('',#4409,#4314,#4431,.T.);
#4431 = B_SPLINE_CURVE_WITH_KNOTS('',1,(#4432,#4433),.UNSPECIFIED.,.F.,
  .F.,(2,2),(0.,0.113414634146),.PIECEWISE_BEZIER_KNOTS.);
#4432 = CARTESIAN_POINT('',(0.543780487805,-2.376274592634,1.6300001));
#4433 = CARTESIAN_POINT('',(0.430365853659,-2.376274592634,1.6300001));
#4434 = ORIENTED_EDGE('',*,*,#4313,.T.);
#4435 = B_SPLINE_SURFACE_WITH_KNOTS('',1,1,(
    (#4436,#4437)
    ,(#4438,#4439
    )),.UNSPECIFIED.,.F.,.F.,.F.,(2,2),(2,2),(0.,0.1),(-0.113414634146,
    0.),.PIECEWISE_BEZIER_KNOTS.);
#4436 = CARTESIAN_POINT('',(0.430365853659,-2.376274592634,1.6300001));
#4437 = CARTESIAN_POINT('',(0.543780487805,-2.376274592634,1.6300001));
#4438 = CARTESIAN_POINT('',(0.430365853659,-2.376274592634,1.5300001));
#4439 = CARTESIAN_POINT('',(0.543780487805,-2.376274592634,1.5300001));
#4440 = ADVANCED_FACE('',(#4441),#4449,.F.);
#4441 = FACE_BOUND('',#4442,.T.);
#4442 = EDGE_LOOP('',(#4443,#4444,#4445,#4446,#4447,#4448));
#4443 = ORIENTED_EDGE('',*,*,#4320,.F.);
#4444 = ORIENTED_EDGE('',*,*,#4430,.F.);
#4445 = ORIENTED_EDGE('',*,*,#4408,.F.);
#4446 = ORIENTED_EDGE('',*,*,#4386,.F.);
#4447 = ORIENTED_EDGE('',*,*,#4364,.F.);
#4448 = ORIENTED_EDGE('',*,*,#4342,.F.);
#4449 = B_SPLINE_SURFACE_WITH_KNOTS('',1,1,(
    (#4450,#4451)
    ,(#4452,#4453
    )),.UNSPECIFIED.,.F.,.F.,.F.,(2,2),(2,2),(0.435365853659,
    0.589024390244),(-2.409201421902,-2.109201421902),
  .PIECEWISE_BEZIER_KNOTS.);
#4450 = CARTESIAN_POINT('',(0.430365853659,-2.409201421902,1.6300001));
#4451 = CARTESIAN_POINT('',(0.430365853659,-2.109201421902,1.6300001));
#4452 = CARTESIAN_POINT('',(0.584024390244,-2.409201421902,1.6300001));
#4453 = CARTESIAN_POINT('',(0.584024390244,-2.109201421902,1.6300001));
#4454 = ADVANCED_FACE('',(#4455),#4463,.F.);
#4455 = FACE_BOUND('',#4456,.T.);
#4456 = EDGE_LOOP('',(#4457,#4458,#4459,#4460,#4461,#4462));
#4457 = ORIENTED_EDGE('',*,*,#2808,.T.);
#4458 = ORIENTED_EDGE('',*,*,#2954,.T.);
#4459 = ORIENTED_EDGE('',*,*,#2917,.T.);
#4460 = ORIENTED_EDGE('',*,*,#2895,.T.);
#4461 = ORIENTED_EDGE('',*,*,#2858,.T.);
#4462 = ORIENTED_EDGE('',*,*,#2836,.T.);
#4463 = B_SPLINE_SURFACE_WITH_KNOTS('',1,1,(
    (#4464,#4465)
    ,(#4466,#4467
    )),.UNSPECIFIED.,.F.,.F.,.F.,(2,2),(2,2),(-0.537862042683,
    -0.437538109756),(-2.29212825117,-2.145786787756),
  .PIECEWISE_BEZIER_KNOTS.);
#4464 = CARTESIAN_POINT('',(-0.542862042683,-2.29212825117,1.5300001));
#4465 = CARTESIAN_POINT('',(-0.542862042683,-2.145786787756,1.5300001));
#4466 = CARTESIAN_POINT('',(-0.442538109756,-2.29212825117,1.5300001));
#4467 = CARTESIAN_POINT('',(-0.442538109756,-2.145786787756,1.5300001));
#4468 = ADVANCED_FACE('',(#4469),#4476,.F.);
#4469 = FACE_BOUND('',#4470,.T.);
#4470 = EDGE_LOOP('',(#4471,#4472,#4473,#4474,#4475));
#4471 = ORIENTED_EDGE('',*,*,#3266,.T.);
#4472 = ORIENTED_EDGE('',*,*,#3462,.T.);
#4473 = ORIENTED_EDGE('',*,*,#3440,.T.);
#4474 = ORIENTED_EDGE('',*,*,#3367,.T.);
#4475 = ORIENTED_EDGE('',*,*,#3294,.T.);
#4476 = B_SPLINE_SURFACE_WITH_KNOTS('',1,1,(
    (#4477,#4478)
    ,(#4479,#4480
    )),.UNSPECIFIED.,.F.,.F.,.F.,(2,2),(2,2),(-0.292682926829,
    -0.131707317073),(-2.376274592634,-2.14212825117),
  .PIECEWISE_BEZIER_KNOTS.);
#4477 = CARTESIAN_POINT('',(-0.297682926829,-2.376274592634,1.5300001));
#4478 = CARTESIAN_POINT('',(-0.297682926829,-2.14212825117,1.5300001));
#4479 = CARTESIAN_POINT('',(-0.136707317073,-2.376274592634,1.5300001));
#4480 = CARTESIAN_POINT('',(-0.136707317073,-2.14212825117,1.5300001));
#4481 = ADVANCED_FACE('',(#4482),#4504,.T.);
#4482 = FACE_BOUND('',#4483,.T.);
#4483 = EDGE_LOOP('',(#4484,#4491,#4492,#4499));
#4484 = ORIENTED_EDGE('',*,*,#4485,.F.);
#4485 = EDGE_CURVE('',#1352,#4486,#4488,.T.);
#4486 = VERTEX_POINT('',#4487);
#4487 = CARTESIAN_POINT('',(2.78495160583,1.643280640332E-02,
    2.832704593036));
#4488 = B_SPLINE_CURVE_WITH_KNOTS('',1,(#4489,#4490),.UNSPECIFIED.,.F.,
  .F.,(2,2),(0.,1.E-02),.PIECEWISE_BEZIER_KNOTS.);
#4489 = CARTESIAN_POINT('',(2.774951779286,1.637390745564E-02,
    2.832704593036));
#4490 = CARTESIAN_POINT('',(2.78495160583,1.643280640332E-02,
    2.832704593036));
#4491 = ORIENTED_EDGE('',*,*,#1351,.T.);
#4492 = ORIENTED_EDGE('',*,*,#4493,.T.);
#4493 = EDGE_CURVE('',#1344,#4494,#4496,.T.);
#4494 = VERTEX_POINT('',#4495);
#4495 = CARTESIAN_POINT('',(2.78495160583,1.643280640332E-02,
    3.012894639933));
#4496 = B_SPLINE_CURVE_WITH_KNOTS('',1,(#4497,#4498),.UNSPECIFIED.,.F.,
  .F.,(2,2),(0.,1.E-02),.PIECEWISE_BEZIER_KNOTS.);
#4497 = CARTESIAN_POINT('',(2.774951779286,1.637390745564E-02,
    3.012894639933));
#4498 = CARTESIAN_POINT('',(2.78495160583,1.643280640332E-02,
    3.012894639933));
#4499 = ORIENTED_EDGE('',*,*,#4500,.F.);
#4500 = EDGE_CURVE('',#4486,#4494,#4501,.T.);
#4501 = B_SPLINE_CURVE_WITH_KNOTS('',1,(#4502,#4503),.UNSPECIFIED.,.F.,
  .F.,(2,2),(-4.697295506964,-4.517105460067),.PIECEWISE_BEZIER_KNOTS.);
#4502 = CARTESIAN_POINT('',(2.78495160583,1.643280640332E-02,
    2.832704593036));
#4503 = CARTESIAN_POINT('',(2.78495160583,1.643280640332E-02,
    3.012894639933));
#4504 = B_SPLINE_SURFACE_WITH_KNOTS('',1,1,(
    (#4505,#4506)
    ,(#4507,#4508
    )),.UNSPECIFIED.,.F.,.F.,.F.,(2,2),(2,2),(-9.009502344878E-02,
    9.009502344878E-02),(-4.441019415423E-16,1.E-02),
  .PIECEWISE_BEZIER_KNOTS.);
#4505 = CARTESIAN_POINT('',(2.774951779286,1.637390745564E-02,
    2.832704593036));
#4506 = CARTESIAN_POINT('',(2.78495160583,1.643280640332E-02,
    2.832704593036));
#4507 = CARTESIAN_POINT('',(2.774951779286,1.637390745564E-02,
    3.012894639933));
#4508 = CARTESIAN_POINT('',(2.78495160583,1.643280640332E-02,
    3.012894639933));
#4509 = ADVANCED_FACE('',(#4510),#4528,.T.);
#4510 = FACE_BOUND('',#4511,.T.);
#4511 = EDGE_LOOP('',(#4512,#4513,#4514,#4515,#4522));
#4512 = ORIENTED_EDGE('',*,*,#4493,.F.);
#4513 = ORIENTED_EDGE('',*,*,#1343,.T.);
#4514 = ORIENTED_EDGE('',*,*,#2015,.T.);
#4515 = ORIENTED_EDGE('',*,*,#4516,.T.);
#4516 = EDGE_CURVE('',#2009,#4517,#4519,.T.);
#4517 = VERTEX_POINT('',#4518);
#4518 = CARTESIAN_POINT('',(2.784982380728,-9.915403542081E-03,
    3.012894639933));
#4519 = B_SPLINE_CURVE_WITH_KNOTS('',1,(#4520,#4521),.UNSPECIFIED.,.F.,
  .F.,(2,2),(0.,1.E-02),.PIECEWISE_BEZIER_KNOTS.);
#4520 = CARTESIAN_POINT('',(2.774982443879,-9.879864461285E-03,
    3.012894639933));
#4521 = CARTESIAN_POINT('',(2.784982380728,-9.915403542081E-03,
    3.012894639933));
#4522 = ORIENTED_EDGE('',*,*,#4523,.F.);
#4523 = EDGE_CURVE('',#4494,#4517,#4524,.T.);
#4524 = ( BOUNDED_CURVE() B_SPLINE_CURVE(2,(#4525,#4526,#4527),
.UNSPECIFIED.,.F.,.F.) B_SPLINE_CURVE_WITH_KNOTS((3,3),(3.135702724767,
3.145146569151),.PIECEWISE_BEZIER_KNOTS.) CURVE() 
GEOMETRIC_REPRESENTATION_ITEM() RATIONAL_B_SPLINE_CURVE((1.,
0.999988851746,1.)) REPRESENTATION_ITEM('') );
#4525 = CARTESIAN_POINT('',(2.78495160583,1.643280640332E-02,
    3.012894639933));
#4526 = CARTESIAN_POINT('',(2.78502920084,3.258774089496E-03,
    3.012894639933));
#4527 = CARTESIAN_POINT('',(2.784982380728,-9.915403542081E-03,
    3.012894639933));
#4528 = B_SPLINE_SURFACE_WITH_KNOTS('',1,1,(
    (#4529,#4530)
    ,(#4531,#4532
    )),.UNSPECIFIED.,.F.,.F.,.F.,(2,2),(2,2),(2.779951779286,2.79),(
    -9.915403542081E-03,1.643280640332E-02),.PIECEWISE_BEZIER_KNOTS.);
#4529 = CARTESIAN_POINT('',(2.774951779286,-9.915403542081E-03,
    3.012894639933));
#4530 = CARTESIAN_POINT('',(2.774951779286,1.643280640332E-02,
    3.012894639933));
#4531 = CARTESIAN_POINT('',(2.785,-9.915403542081E-03,3.012894639933));
#4532 = CARTESIAN_POINT('',(2.785,1.643280640332E-02,3.012894639933));
#4533 = ADVANCED_FACE('',(#4534),#4550,.T.);
#4534 = FACE_BOUND('',#4535,.T.);
#4535 = EDGE_LOOP('',(#4536,#4537,#4538,#4545));
#4536 = ORIENTED_EDGE('',*,*,#4516,.F.);
#4537 = ORIENTED_EDGE('',*,*,#2008,.T.);
#4538 = ORIENTED_EDGE('',*,*,#4539,.T.);
#4539 = EDGE_CURVE('',#2001,#4540,#4542,.T.);
#4540 = VERTEX_POINT('',#4541);
#4541 = CARTESIAN_POINT('',(2.784982380728,-9.915403542081E-03,
    2.809517991502));
#4542 = B_SPLINE_CURVE_WITH_KNOTS('',1,(#4543,#4544),.UNSPECIFIED.,.F.,
  .F.,(2,2),(0.,1.E-02),.PIECEWISE_BEZIER_KNOTS.);
#4543 = CARTESIAN_POINT('',(2.774982443879,-9.879864461285E-03,
    2.809517991502));
#4544 = CARTESIAN_POINT('',(2.784982380728,-9.915403542081E-03,
    2.809517991502));
#4545 = ORIENTED_EDGE('',*,*,#4546,.F.);
#4546 = EDGE_CURVE('',#4517,#4540,#4547,.T.);
#4547 = B_SPLINE_CURVE_WITH_KNOTS('',1,(#4548,#4549),.UNSPECIFIED.,.F.,
  .F.,(2,2),(4.517105460067,4.720482108498),.PIECEWISE_BEZIER_KNOTS.);
#4548 = CARTESIAN_POINT('',(2.784982380728,-9.915403542081E-03,
    3.012894639933));
#4549 = CARTESIAN_POINT('',(2.784982380728,-9.915403542081E-03,
    2.809517991502));
#4550 = B_SPLINE_SURFACE_WITH_KNOTS('',1,1,(
    (#4551,#4552)
    ,(#4553,#4554
    )),.UNSPECIFIED.,.F.,.F.,.F.,(2,2),(2,2),(-0.101688324216,
    0.101688324216),(0.,1.E-02),.PIECEWISE_BEZIER_KNOTS.);
#4551 = CARTESIAN_POINT('',(2.774982443879,-9.879864461285E-03,
    3.012894639933));
#4552 = CARTESIAN_POINT('',(2.784982380728,-9.915403542081E-03,
    3.012894639933));
#4553 = CARTESIAN_POINT('',(2.774982443879,-9.879864461285E-03,
    2.809517991502));
#4554 = CARTESIAN_POINT('',(2.784982380728,-9.915403542081E-03,
    2.809517991502));
#4555 = ADVANCED_FACE('',(#4556),#4574,.F.);
#4556 = FACE_BOUND('',#4557,.T.);
#4557 = EDGE_LOOP('',(#4558,#4559,#4560,#4561,#4568));
#4558 = ORIENTED_EDGE('',*,*,#4539,.F.);
#4559 = ORIENTED_EDGE('',*,*,#2000,.F.);
#4560 = ORIENTED_EDGE('',*,*,#1373,.F.);
#4561 = ORIENTED_EDGE('',*,*,#4562,.T.);
#4562 = EDGE_CURVE('',#1367,#4563,#4565,.T.);
#4563 = VERTEX_POINT('',#4564);
#4564 = CARTESIAN_POINT('',(2.783288800047,9.770142030884E-02,
    2.809517991502));
#4565 = B_SPLINE_CURVE_WITH_KNOTS('',1,(#4566,#4567),.UNSPECIFIED.,.F.,
  .F.,(2,2),(0.,1.E-02),.PIECEWISE_BEZIER_KNOTS.);
#4566 = CARTESIAN_POINT('',(2.773294933381,9.735123600666E-02,
    2.809517991502));
#4567 = CARTESIAN_POINT('',(2.783288800047,9.770142030884E-02,
    2.809517991502));
#4568 = ORIENTED_EDGE('',*,*,#4569,.T.);
#4569 = EDGE_CURVE('',#4563,#4540,#4570,.T.);
#4570 = ( BOUNDED_CURVE() B_SPLINE_CURVE(2,(#4571,#4572,#4573),
.UNSPECIFIED.,.F.,.F.) B_SPLINE_CURVE_WITH_KNOTS((3,3),(3.106567062291,
3.145146569151),.PIECEWISE_BEZIER_KNOTS.) CURVE() 
GEOMETRIC_REPRESENTATION_ITEM() RATIONAL_B_SPLINE_CURVE((1.,
0.999813958475,1.)) REPRESENTATION_ITEM('') );
#4571 = CARTESIAN_POINT('',(2.783288800047,9.770142030884E-02,
    2.809517991502));
#4572 = CARTESIAN_POINT('',(2.785173670144,4.390934478653E-02,
    2.809517991502));
#4573 = CARTESIAN_POINT('',(2.784982380728,-9.915403542081E-03,
    2.809517991502));
#4574 = B_SPLINE_SURFACE_WITH_KNOTS('',1,1,(
    (#4575,#4576)
    ,(#4577,#4578
    )),.UNSPECIFIED.,.F.,.F.,.F.,(2,2),(2,2),(2.778294933381,2.79),(
    -9.915403542081E-03,9.770142030884E-02),.PIECEWISE_BEZIER_KNOTS.);
#4575 = CARTESIAN_POINT('',(2.773294933381,-9.915403542081E-03,
    2.809517991502));
#4576 = CARTESIAN_POINT('',(2.773294933381,9.770142030884E-02,
    2.809517991502));
#4577 = CARTESIAN_POINT('',(2.785,-9.915403542081E-03,2.809517991502));
#4578 = CARTESIAN_POINT('',(2.785,9.770142030884E-02,2.809517991502));
#4579 = ADVANCED_FACE('',(#4580),#4596,.T.);
#4580 = FACE_BOUND('',#4581,.T.);
#4581 = EDGE_LOOP('',(#4582,#4583,#4584,#4591));
#4582 = ORIENTED_EDGE('',*,*,#4562,.F.);
#4583 = ORIENTED_EDGE('',*,*,#1366,.T.);
#4584 = ORIENTED_EDGE('',*,*,#4585,.T.);
#4585 = EDGE_CURVE('',#1359,#4586,#4588,.T.);
#4586 = VERTEX_POINT('',#4587);
#4587 = CARTESIAN_POINT('',(2.783288800047,9.770142030884E-02,
    2.832704593036));
#4588 = B_SPLINE_CURVE_WITH_KNOTS('',1,(#4589,#4590),.UNSPECIFIED.,.F.,
  .F.,(2,2),(4.447887918301E-16,1.E-02),.PIECEWISE_BEZIER_KNOTS.);
#4589 = CARTESIAN_POINT('',(2.773294933381,9.735123600666E-02,
    2.832704593036));
#4590 = CARTESIAN_POINT('',(2.783288800047,9.770142030884E-02,
    2.832704593036));
#4591 = ORIENTED_EDGE('',*,*,#4592,.F.);
#4592 = EDGE_CURVE('',#4563,#4586,#4593,.T.);
#4593 = B_SPLINE_CURVE_WITH_KNOTS('',1,(#4594,#4595),.UNSPECIFIED.,.F.,
  .F.,(2,2),(-4.720482108498,-4.697295506964),.PIECEWISE_BEZIER_KNOTS.);
#4594 = CARTESIAN_POINT('',(2.783288800047,9.770142030884E-02,
    2.809517991502));
#4595 = CARTESIAN_POINT('',(2.783288800047,9.770142030884E-02,
    2.832704593036));
#4596 = B_SPLINE_SURFACE_WITH_KNOTS('',1,1,(
    (#4597,#4598)
    ,(#4599,#4600
    )),.UNSPECIFIED.,.F.,.F.,.F.,(2,2),(2,2),(-1.159330076689E-02,
    1.159330076689E-02),(0.,1.E-02),.PIECEWISE_BEZIER_KNOTS.);
#4597 = CARTESIAN_POINT('',(2.773294933381,9.735123600666E-02,
    2.809517991502));
#4598 = CARTESIAN_POINT('',(2.783288800047,9.770142030884E-02,
    2.809517991502));
#4599 = CARTESIAN_POINT('',(2.773294933381,9.735123600666E-02,
    2.832704593036));
#4600 = CARTESIAN_POINT('',(2.783288800047,9.770142030884E-02,
    2.832704593036));
#4601 = ADVANCED_FACE('',(#4602),#4613,.T.);
#4602 = FACE_BOUND('',#4603,.T.);
#4603 = EDGE_LOOP('',(#4604,#4605,#4606,#4612));
#4604 = ORIENTED_EDGE('',*,*,#1358,.T.);
#4605 = ORIENTED_EDGE('',*,*,#4485,.T.);
#4606 = ORIENTED_EDGE('',*,*,#4607,.F.);
#4607 = EDGE_CURVE('',#4586,#4486,#4608,.T.);
#4608 = ( BOUNDED_CURVE() B_SPLINE_CURVE(2,(#4609,#4610,#4611),
.UNSPECIFIED.,.F.,.F.) B_SPLINE_CURVE_WITH_KNOTS((3,3),(3.106567062291,
3.135702724767),.PIECEWISE_BEZIER_KNOTS.) CURVE() 
GEOMETRIC_REPRESENTATION_ITEM() RATIONAL_B_SPLINE_CURVE((1.,
0.999893891023,1.)) REPRESENTATION_ITEM('') );
#4609 = CARTESIAN_POINT('',(2.783288800047,9.770142030884E-02,
    2.832704593036));
#4610 = CARTESIAN_POINT('',(2.784712198544,5.707922594996E-02,
    2.832704593036));
#4611 = CARTESIAN_POINT('',(2.78495160583,1.643280640332E-02,
    2.832704593036));
#4612 = ORIENTED_EDGE('',*,*,#4585,.F.);
#4613 = B_SPLINE_SURFACE_WITH_KNOTS('',1,1,(
    (#4614,#4615)
    ,(#4616,#4617
    )),.UNSPECIFIED.,.F.,.F.,.F.,(2,2),(2,2),(2.778294933381,
    2.78995160583),(1.637390745564E-02,9.770142030884E-02),
  .PIECEWISE_BEZIER_KNOTS.);
#4614 = CARTESIAN_POINT('',(2.773294933381,1.637390745564E-02,
    2.832704593036));
#4615 = CARTESIAN_POINT('',(2.773294933381,9.770142030884E-02,
    2.832704593036));
#4616 = CARTESIAN_POINT('',(2.78495160583,1.637390745564E-02,
    2.832704593036));
#4617 = CARTESIAN_POINT('',(2.78495160583,9.770142030884E-02,
    2.832704593036));
#4618 = ADVANCED_FACE('',(#4619),#4627,.T.);
#4619 = FACE_BOUND('',#4620,.T.);
#4620 = EDGE_LOOP('',(#4621,#4622,#4623,#4624,#4625,#4626));
#4621 = ORIENTED_EDGE('',*,*,#4592,.T.);
#4622 = ORIENTED_EDGE('',*,*,#4607,.T.);
#4623 = ORIENTED_EDGE('',*,*,#4500,.T.);
#4624 = ORIENTED_EDGE('',*,*,#4523,.T.);
#4625 = ORIENTED_EDGE('',*,*,#4546,.T.);
#4626 = ORIENTED_EDGE('',*,*,#4569,.F.);
#4627 = ( BOUNDED_SURFACE() B_SPLINE_SURFACE(2,1,(
    (#4628,#4629)
    ,(#4630,#4631)
    ,(#4632,#4633
)),.UNSPECIFIED.,.F.,.F.,.F.) B_SPLINE_SURFACE_WITH_KNOTS((3,3),(2,2),(
    3.106567062291,3.145146569151),(4.517105460067,4.720482108498),
.PIECEWISE_BEZIER_KNOTS.) GEOMETRIC_REPRESENTATION_ITEM() 
RATIONAL_B_SPLINE_SURFACE((
    (1.,1.)
    ,(0.999813958475,0.999813958475)
,(1.,1.))) REPRESENTATION_ITEM('') SURFACE() );
#4628 = CARTESIAN_POINT('',(2.783288800047,9.770142030884E-02,
    3.012894639933));
#4629 = CARTESIAN_POINT('',(2.783288800047,9.770142030884E-02,
    2.809517991502));
#4630 = CARTESIAN_POINT('',(2.785173670144,4.390934478653E-02,
    3.012894639933));
#4631 = CARTESIAN_POINT('',(2.785173670144,4.390934478653E-02,
    2.809517991502));
#4632 = CARTESIAN_POINT('',(2.784982380728,-9.915403542081E-03,
    3.012894639933));
#4633 = CARTESIAN_POINT('',(2.784982380728,-9.915403542081E-03,
    2.809517991502));
#4634 = ADVANCED_FACE('',(#4635),#4661,.T.);
#4635 = FACE_BOUND('',#4636,.T.);
#4636 = EDGE_LOOP('',(#4637,#4646,#4647,#4654));
#4637 = ORIENTED_EDGE('',*,*,#4638,.F.);
#4638 = EDGE_CURVE('',#336,#4639,#4641,.T.);
#4639 = VERTEX_POINT('',#4640);
#4640 = CARTESIAN_POINT('',(2.772997171061,0.258518311883,2.843102172199
    ));
#4641 = B_SPLINE_CURVE_WITH_KNOTS('',3,(#4642,#4643,#4644,#4645),
  .UNSPECIFIED.,.F.,.F.,(4,4),(0.,1.),.PIECEWISE_BEZIER_KNOTS.);
#4642 = CARTESIAN_POINT('',(2.763040191953,0.257591722952,2.843102172199
    ));
#4643 = CARTESIAN_POINT('',(2.766359184989,0.257900585929,2.843102172199
    ));
#4644 = CARTESIAN_POINT('',(2.769678178025,0.258209448906,2.843102172199
    ));
#4645 = CARTESIAN_POINT('',(2.772997171061,0.258518311883,2.843102172199
    ));
#4646 = ORIENTED_EDGE('',*,*,#335,.T.);
#4647 = ORIENTED_EDGE('',*,*,#4648,.T.);
#4648 = EDGE_CURVE('',#325,#4649,#4651,.T.);
#4649 = VERTEX_POINT('',#4650);
#4650 = CARTESIAN_POINT('',(2.777384190888,0.206005374434,2.829481343494
    ));
#4651 = B_SPLINE_CURVE_WITH_KNOTS('',1,(#4652,#4653),.UNSPECIFIED.,.F.,
  .F.,(2,2),(0.,1.),.PIECEWISE_BEZIER_KNOTS.);
#4652 = CARTESIAN_POINT('',(2.767411487695,0.205267003916,2.829481343494
    ));
#4653 = CARTESIAN_POINT('',(2.777384190888,0.206005374434,2.829481343494
    ));
#4654 = ORIENTED_EDGE('',*,*,#4655,.F.);
#4655 = EDGE_CURVE('',#4639,#4649,#4656,.T.);
#4656 = B_SPLINE_CURVE_WITH_KNOTS('',3,(#4657,#4658,#4659,#4660),
  .UNSPECIFIED.,.F.,.F.,(4,4),(0.,1.),.PIECEWISE_BEZIER_KNOTS.);
#4657 = CARTESIAN_POINT('',(2.772997171061,0.258518311883,2.843102172199
    ));
#4658 = CARTESIAN_POINT('',(2.774418713616,0.243242638887,2.834301824437
    ));
#4659 = CARTESIAN_POINT('',(2.775922997953,0.225740782477,2.829761548202
    ));
#4660 = CARTESIAN_POINT('',(2.777384190888,0.206005374434,2.829481343494
    ));
#4661 = B_SPLINE_SURFACE_WITH_KNOTS('',1,3,(
    (#4662,#4663,#4664,#4665)
    ,(#4666,#4667,#4668,#4669
    )),.UNSPECIFIED.,.F.,.F.,.F.,(2,2),(4,4),(0.,1.),(0.,1.),
  .PIECEWISE_BEZIER_KNOTS.);
#4662 = CARTESIAN_POINT('',(2.772997171061,0.258518311883,2.843102172199
    ));
#4663 = CARTESIAN_POINT('',(2.774418707382,0.243242705867,2.834301863025
    ));
#4664 = CARTESIAN_POINT('',(2.775922991346,0.225740871709,2.829761549469
    ));
#4665 = CARTESIAN_POINT('',(2.777384190888,0.206005374434,2.829481343494
    ));
#4666 = CARTESIAN_POINT('',(2.763040191953,0.257591722952,2.843102172199
    ));
#4667 = CARTESIAN_POINT('',(2.764456633182,0.242370868001,2.834301862903
    ));
#4668 = CARTESIAN_POINT('',(2.765955525416,0.224931764798,2.829761549471
    ));
#4669 = CARTESIAN_POINT('',(2.767411487695,0.205267003916,2.829481343494
    ));
#4670 = ADVANCED_FACE('',(#4671),#4689,.T.);
#4671 = FACE_BOUND('',#4672,.T.);
#4672 = EDGE_LOOP('',(#4673,#4674,#4675,#4682));
#4673 = ORIENTED_EDGE('',*,*,#4648,.F.);
#4674 = ORIENTED_EDGE('',*,*,#324,.T.);
#4675 = ORIENTED_EDGE('',*,*,#4676,.T.);
#4676 = EDGE_CURVE('',#327,#4677,#4679,.T.);
#4677 = VERTEX_POINT('',#4678);
#4678 = CARTESIAN_POINT('',(2.780764461171,0.15367617537,2.850904104307)
  );
#4679 = B_SPLINE_CURVE_WITH_KNOTS('',1,(#4680,#4681),.UNSPECIFIED.,.F.,
  .F.,(2,2),(0.,1.),.PIECEWISE_BEZIER_KNOTS.);
#4680 = CARTESIAN_POINT('',(2.770779463582,0.153128604637,2.850900356571
    ));
#4681 = CARTESIAN_POINT('',(2.780764461171,0.15367617537,2.850904104307)
  );
#4682 = ORIENTED_EDGE('',*,*,#4683,.F.);
#4683 = EDGE_CURVE('',#4649,#4677,#4684,.T.);
#4684 = B_SPLINE_CURVE_WITH_KNOTS('',3,(#4685,#4686,#4687,#4688),
  .UNSPECIFIED.,.F.,.F.,(4,4),(0.,1.),.PIECEWISE_BEZIER_KNOTS.);
#4685 = CARTESIAN_POINT('',(2.777384190888,0.206005374434,2.829481343494
    ));
#4686 = CARTESIAN_POINT('',(2.779042346445,0.183609716939,2.830066837628
    ));
#4687 = CARTESIAN_POINT('',(2.779919832927,0.168986846726,2.835611781664
    ));
#4688 = CARTESIAN_POINT('',(2.780764461171,0.15367617537,2.850904104307)
  );
#4689 = B_SPLINE_SURFACE_WITH_KNOTS('',1,3,(
    (#4690,#4691,#4692,#4693)
    ,(#4694,#4695,#4696,#4697
    )),.UNSPECIFIED.,.F.,.F.,.F.,(2,2),(4,4),(0.,1.),(0.,1.),
  .PIECEWISE_BEZIER_KNOTS.);
#4690 = CARTESIAN_POINT('',(2.777384190888,0.206005374434,2.829481343494
    ));
#4691 = CARTESIAN_POINT('',(2.779039729831,0.183645057897,2.830065913702
    ));
#4692 = CARTESIAN_POINT('',(2.779899204032,0.169360789022,2.835238299725
    ));
#4693 = CARTESIAN_POINT('',(2.780764281796,0.153679426956,2.850900356571
    ));
#4694 = CARTESIAN_POINT('',(2.767411487695,0.205267003916,2.829481343494
    ));
#4695 = CARTESIAN_POINT('',(2.769061055343,0.182987337868,2.830065900426
    ));
#4696 = CARTESIAN_POINT('',(2.769917525065,0.168753061206,2.835239001277
    ));
#4697 = CARTESIAN_POINT('',(2.770779463582,0.153128604637,2.850900356571
    ));
#4698 = ADVANCED_FACE('',(#4699),#4717,.T.);
#4699 = FACE_BOUND('',#4700,.T.);
#4700 = EDGE_LOOP('',(#4701,#4702,#4703,#4710));
#4701 = ORIENTED_EDGE('',*,*,#4676,.F.);
#4702 = ORIENTED_EDGE('',*,*,#439,.T.);
#4703 = ORIENTED_EDGE('',*,*,#4704,.T.);
#4704 = EDGE_CURVE('',#431,#4705,#4707,.T.);
#4705 = VERTEX_POINT('',#4706);
#4706 = CARTESIAN_POINT('',(2.781796026435,0.133670890805,2.908918848302
    ));
#4707 = B_SPLINE_CURVE_WITH_KNOTS('',1,(#4708,#4709),.UNSPECIFIED.,.F.,
  .F.,(2,2),(0.,1.),.PIECEWISE_BEZIER_KNOTS.);
#4708 = CARTESIAN_POINT('',(2.771807510211,0.13319178367,2.908918848302)
  );
#4709 = CARTESIAN_POINT('',(2.781796026435,0.133670890805,2.908918848302
    ));
#4710 = ORIENTED_EDGE('',*,*,#4711,.F.);
#4711 = EDGE_CURVE('',#4677,#4705,#4712,.T.);
#4712 = B_SPLINE_CURVE_WITH_KNOTS('',3,(#4713,#4714,#4715,#4716),
  .UNSPECIFIED.,.F.,.F.,(4,4),(7.379010104481E-05,1.),
  .PIECEWISE_BEZIER_KNOTS.);
#4713 = CARTESIAN_POINT('',(2.780764461171,0.15367617537,2.850904104307)
  );
#4714 = CARTESIAN_POINT('',(2.781574651815,0.138989446631,2.867832730874
    ));
#4715 = CARTESIAN_POINT('',(2.781776397273,0.134080123284,2.884776358843
    ));
#4716 = CARTESIAN_POINT('',(2.781796026435,0.133670890805,2.908918848302
    ));
#4717 = B_SPLINE_SURFACE_WITH_KNOTS('',1,3,(
    (#4718,#4719,#4720,#4721)
    ,(#4722,#4723,#4724,#4725
    )),.UNSPECIFIED.,.F.,.F.,.F.,(2,2),(4,4),(0.,1.),(0.,1.),
  .PIECEWISE_BEZIER_KNOTS.);
#4718 = CARTESIAN_POINT('',(2.780764281796,0.153679426956,2.850900356571
    ));
#4719 = CARTESIAN_POINT('',(2.781604280054,0.138452683916,2.868449582357
    ));
#4720 = CARTESIAN_POINT('',(2.781776736871,0.13407304328,2.885194040563)
  );
#4721 = CARTESIAN_POINT('',(2.781796026435,0.133670890805,2.908918848302
    ));
#4722 = CARTESIAN_POINT('',(2.770779463582,0.153128604637,2.850900356571
    ));
#4723 = CARTESIAN_POINT('',(2.771616491388,0.137955707321,2.868450427209
    ));
#4724 = CARTESIAN_POINT('',(2.77178828928,0.133592505266,2.885193417186)
  );
#4725 = CARTESIAN_POINT('',(2.771807510211,0.13319178367,2.908918848302)
  );
#4726 = ADVANCED_FACE('',(#4727),#4745,.T.);
#4727 = FACE_BOUND('',#4728,.T.);
#4728 = EDGE_LOOP('',(#4729,#4730,#4731,#4738));
#4729 = ORIENTED_EDGE('',*,*,#4704,.F.);
#4730 = ORIENTED_EDGE('',*,*,#430,.T.);
#4731 = ORIENTED_EDGE('',*,*,#4732,.T.);
#4732 = EDGE_CURVE('',#422,#4733,#4735,.T.);
#4733 = VERTEX_POINT('',#4734);
#4734 = CARTESIAN_POINT('',(2.780686102224,0.155090102451,2.970060726668
    ));
#4735 = B_SPLINE_CURVE_WITH_KNOTS('',1,(#4736,#4737),.UNSPECIFIED.,.F.,
  .F.,(2,2),(0.,1.),.PIECEWISE_BEZIER_KNOTS.);
#4736 = CARTESIAN_POINT('',(2.770701792301,0.154530127219,2.970056613781
    ));
#4737 = CARTESIAN_POINT('',(2.780686102224,0.155090102451,2.970060726668
    ));
#4738 = ORIENTED_EDGE('',*,*,#4739,.F.);
#4739 = EDGE_CURVE('',#4705,#4733,#4740,.T.);
#4740 = B_SPLINE_CURVE_WITH_KNOTS('',3,(#4741,#4742,#4743,#4744),
  .UNSPECIFIED.,.F.,.F.,(4,4),(0.,1.),.PIECEWISE_BEZIER_KNOTS.);
#4741 = CARTESIAN_POINT('',(2.781796026435,0.133670890805,2.908918848302
    ));
#4742 = CARTESIAN_POINT('',(2.781774753908,0.13411438446,2.934159708247)
  );
#4743 = CARTESIAN_POINT('',(2.781456309153,0.141255487903,2.954538963406
    ));
#4744 = CARTESIAN_POINT('',(2.780686102224,0.155090102451,2.970060726668
    ));
#4745 = B_SPLINE_SURFACE_WITH_KNOTS('',1,3,(
    (#4746,#4747,#4748,#4749)
    ,(#4750,#4751,#4752,#4753
    )),.UNSPECIFIED.,.F.,.F.,.F.,(2,2),(4,4),(0.,1.),(0.,1.),
  .PIECEWISE_BEZIER_KNOTS.);
#4746 = CARTESIAN_POINT('',(2.781796026435,0.133670890805,2.908918848302
    ));
#4747 = CARTESIAN_POINT('',(2.781774753892,0.134114384793,2.934159727223
    ));
#4748 = CARTESIAN_POINT('',(2.781456310503,0.14125546366,2.954538936206)
  );
#4749 = CARTESIAN_POINT('',(2.780686331122,0.155085990986,2.970056613781
    ));
#4750 = CARTESIAN_POINT('',(2.771807510211,0.13319178367,2.908918848302)
  );
#4751 = CARTESIAN_POINT('',(2.771786313914,0.133633688073,2.93415972718)
  );
#4752 = CARTESIAN_POINT('',(2.771469011895,0.140749171738,2.954538936276
    ));
#4753 = CARTESIAN_POINT('',(2.770701792301,0.154530127219,2.970056613781
    ));
#4754 = ADVANCED_FACE('',(#4755),#4773,.T.);
#4755 = FACE_BOUND('',#4756,.T.);
#4756 = EDGE_LOOP('',(#4757,#4758,#4759,#4766));
#4757 = ORIENTED_EDGE('',*,*,#4732,.F.);
#4758 = ORIENTED_EDGE('',*,*,#421,.T.);
#4759 = ORIENTED_EDGE('',*,*,#4760,.T.);
#4760 = EDGE_CURVE('',#413,#4761,#4763,.T.);
#4761 = VERTEX_POINT('',#4762);
#4762 = CARTESIAN_POINT('',(2.777041408613,0.210583951815,2.992619360564
    ));
#4763 = B_SPLINE_CURVE_WITH_KNOTS('',1,(#4764,#4765),.UNSPECIFIED.,.F.,
  .F.,(2,2),(0.,1.),.PIECEWISE_BEZIER_KNOTS.);
#4764 = CARTESIAN_POINT('',(2.76706993403,0.209829170626,2.992619360564)
  );
#4765 = CARTESIAN_POINT('',(2.777041408613,0.210583951815,2.992619360564
    ));
#4766 = ORIENTED_EDGE('',*,*,#4767,.F.);
#4767 = EDGE_CURVE('',#4733,#4761,#4768,.T.);
#4768 = B_SPLINE_CURVE_WITH_KNOTS('',3,(#4769,#4770,#4771,#4772),
  .UNSPECIFIED.,.F.,.F.,(4,4),(8.606498206889E-05,1.),
  .PIECEWISE_BEZIER_KNOTS.);
#4769 = CARTESIAN_POINT('',(2.780686102224,0.155090102451,2.970060726668
    ));
#4770 = CARTESIAN_POINT('',(2.779799624626,0.171012771179,2.985987976408
    ));
#4771 = CARTESIAN_POINT('',(2.778808986584,0.187232338055,2.992140914078
    ));
#4772 = CARTESIAN_POINT('',(2.777041408613,0.210583951815,2.992619360564
    ));
#4773 = B_SPLINE_SURFACE_WITH_KNOTS('',1,3,(
    (#4774,#4775,#4776,#4777)
    ,(#4778,#4779,#4780,#4781
    )),.UNSPECIFIED.,.F.,.F.,.F.,(2,2),(4,4),(0.,1.),(0.,1.),
  .PIECEWISE_BEZIER_KNOTS.);
#4774 = CARTESIAN_POINT('',(2.780686331122,0.155085990986,2.970056613781
    ));
#4775 = CARTESIAN_POINT('',(2.779780035381,0.171365060694,2.986342268794
    ));
#4776 = CARTESIAN_POINT('',(2.778800984058,0.187338060066,2.992143080195
    ));
#4777 = CARTESIAN_POINT('',(2.777041408613,0.210583951815,2.992619360564
    ));
#4778 = CARTESIAN_POINT('',(2.770701792301,0.154530127219,2.970056613781
    ));
#4779 = CARTESIAN_POINT('',(2.76979877803,0.170750254489,2.986341671895)
  );
#4780 = CARTESIAN_POINT('',(2.768823169862,0.186667032008,2.99214308913)
  );
#4781 = CARTESIAN_POINT('',(2.76706993403,0.209829170626,2.992619360564)
  );
#4782 = ADVANCED_FACE('',(#4783),#4801,.T.);
#4783 = FACE_BOUND('',#4784,.T.);
#4784 = EDGE_LOOP('',(#4785,#4786,#4787,#4794));
#4785 = ORIENTED_EDGE('',*,*,#4760,.F.);
#4786 = ORIENTED_EDGE('',*,*,#412,.T.);
#4787 = ORIENTED_EDGE('',*,*,#4788,.T.);
#4788 = EDGE_CURVE('',#406,#4789,#4791,.T.);
#4789 = VERTEX_POINT('',#4790);
#4790 = CARTESIAN_POINT('',(2.772997171061,0.258518311883,2.980558168736
    ));
#4791 = B_SPLINE_CURVE_WITH_KNOTS('',1,(#4792,#4793),.UNSPECIFIED.,.F.,
  .F.,(2,2),(0.,1.),.PIECEWISE_BEZIER_KNOTS.);
#4792 = CARTESIAN_POINT('',(2.763040191953,0.257591722952,2.980558168736
    ));
#4793 = CARTESIAN_POINT('',(2.772997171061,0.258518311883,2.980558168736
    ));
#4794 = ORIENTED_EDGE('',*,*,#4795,.F.);
#4795 = EDGE_CURVE('',#4761,#4789,#4796,.T.);
#4796 = B_SPLINE_CURVE_WITH_KNOTS('',3,(#4797,#4798,#4799,#4800),
  .UNSPECIFIED.,.F.,.F.,(4,4),(0.,1.),.PIECEWISE_BEZIER_KNOTS.);
#4797 = CARTESIAN_POINT('',(2.777041408613,0.210583951815,2.992619360564
    ));
#4798 = CARTESIAN_POINT('',(2.775727449177,0.227942774888,2.992304956176
    ));
#4799 = CARTESIAN_POINT('',(2.774355707213,0.243919695796,2.9882845589)
  );
#4800 = CARTESIAN_POINT('',(2.772997171061,0.258518311883,2.980558168736
    ));
#4801 = B_SPLINE_SURFACE_WITH_KNOTS('',1,3,(
    (#4802,#4803,#4804,#4805)
    ,(#4806,#4807,#4808,#4809
    )),.UNSPECIFIED.,.F.,.F.,.F.,(2,2),(4,4),(0.,1.),(0.,1.),
  .PIECEWISE_BEZIER_KNOTS.);
#4802 = CARTESIAN_POINT('',(2.777041408613,0.210583951815,2.992619360564
    ));
#4803 = CARTESIAN_POINT('',(2.77572744554,0.227942822937,2.992304955306)
  );
#4804 = CARTESIAN_POINT('',(2.774355704095,0.2439197293,2.988284541168)
  );
#4805 = CARTESIAN_POINT('',(2.772997171061,0.258518311883,2.980558168736
    ));
#4806 = CARTESIAN_POINT('',(2.76706993403,0.209829170626,2.992619360564)
  );
#4807 = CARTESIAN_POINT('',(2.765760680496,0.227125823643,2.992304955305
    ));
#4808 = CARTESIAN_POINT('',(2.764393855702,0.243045464941,2.988284541219
    ));
#4809 = CARTESIAN_POINT('',(2.763040191953,0.257591722952,2.980558168736
    ));
#4810 = ADVANCED_FACE('',(#4811),#4829,.T.);
#4811 = FACE_BOUND('',#4812,.T.);
#4812 = EDGE_LOOP('',(#4813,#4814,#4815,#4824));
#4813 = ORIENTED_EDGE('',*,*,#4788,.F.);
#4814 = ORIENTED_EDGE('',*,*,#405,.T.);
#4815 = ORIENTED_EDGE('',*,*,#4816,.T.);
#4816 = EDGE_CURVE('',#397,#4817,#4819,.T.);
#4817 = VERTEX_POINT('',#4818);
#4818 = CARTESIAN_POINT('',(2.772997171061,0.258518311883,3.008007777726
    ));
#4819 = B_SPLINE_CURVE_WITH_KNOTS('',3,(#4820,#4821,#4822,#4823),
  .UNSPECIFIED.,.F.,.F.,(4,4),(0.,1.),.PIECEWISE_BEZIER_KNOTS.);
#4820 = CARTESIAN_POINT('',(2.763040191953,0.257591722952,3.008007777726
    ));
#4821 = CARTESIAN_POINT('',(2.766359184989,0.257900585929,3.008007777726
    ));
#4822 = CARTESIAN_POINT('',(2.769678178025,0.258209448906,3.008007777726
    ));
#4823 = CARTESIAN_POINT('',(2.772997171061,0.258518311883,3.008007777726
    ));
#4824 = ORIENTED_EDGE('',*,*,#4825,.F.);
#4825 = EDGE_CURVE('',#4789,#4817,#4826,.T.);
#4826 = B_SPLINE_CURVE_WITH_KNOTS('',1,(#4827,#4828),.UNSPECIFIED.,.F.,
  .F.,(2,2),(-4.549441931264,-4.521992322274),.PIECEWISE_BEZIER_KNOTS.);
#4827 = CARTESIAN_POINT('',(2.772997171061,0.258518311883,2.980558168736
    ));
#4828 = CARTESIAN_POINT('',(2.772997171061,0.258518311883,3.008007777726
    ));
#4829 = B_SPLINE_SURFACE_WITH_KNOTS('',1,1,(
    (#4830,#4831)
    ,(#4832,#4833
    )),.UNSPECIFIED.,.F.,.F.,.F.,(2,2),(2,2),(-1.372480449499E-02,
    1.372480449499E-02),(0.,1.E-02),.PIECEWISE_BEZIER_KNOTS.);
#4830 = CARTESIAN_POINT('',(2.763040191953,0.257591722952,2.980558168736
    ));
#4831 = CARTESIAN_POINT('',(2.772997171061,0.258518311883,2.980558168736
    ));
#4832 = CARTESIAN_POINT('',(2.763040191953,0.257591722952,3.008007777726
    ));
#4833 = CARTESIAN_POINT('',(2.772997171061,0.258518311883,3.008007777726
    ));
#4834 = ADVANCED_FACE('',(#4835),#4853,.T.);
#4835 = FACE_BOUND('',#4836,.T.);
#4836 = EDGE_LOOP('',(#4837,#4838,#4839,#4846));
#4837 = ORIENTED_EDGE('',*,*,#4816,.F.);
#4838 = ORIENTED_EDGE('',*,*,#396,.T.);
#4839 = ORIENTED_EDGE('',*,*,#4840,.T.);
#4840 = EDGE_CURVE('',#388,#4841,#4843,.T.);
#4841 = VERTEX_POINT('',#4842);
#4842 = CARTESIAN_POINT('',(2.777061086769,0.210323820537,3.016325841057
    ));
#4843 = B_SPLINE_CURVE_WITH_KNOTS('',1,(#4844,#4845),.UNSPECIFIED.,.F.,
  .F.,(2,2),(0.,1.),.PIECEWISE_BEZIER_KNOTS.);
#4844 = CARTESIAN_POINT('',(2.767089541655,0.209569971718,3.016325841057
    ));
#4845 = CARTESIAN_POINT('',(2.777061086769,0.210323820537,3.016325841057
    ));
#4846 = ORIENTED_EDGE('',*,*,#4847,.F.);
#4847 = EDGE_CURVE('',#4817,#4841,#4848,.T.);
#4848 = B_SPLINE_CURVE_WITH_KNOTS('',3,(#4849,#4850,#4851,#4852),
  .UNSPECIFIED.,.F.,.F.,(4,4),(0.,1.),.PIECEWISE_BEZIER_KNOTS.);
#4849 = CARTESIAN_POINT('',(2.772997171061,0.258518311883,3.008007777726
    ));
#4850 = CARTESIAN_POINT('',(2.774211216256,0.245472372915,3.013327237154
    ));
#4851 = CARTESIAN_POINT('',(2.775618085675,0.22941113638,3.016099924931)
  );
#4852 = CARTESIAN_POINT('',(2.777061086769,0.210323820537,3.016325841057
    ));
#4853 = B_SPLINE_SURFACE_WITH_KNOTS('',1,3,(
    (#4854,#4855,#4856,#4857)
    ,(#4858,#4859,#4860,#4861
    )),.UNSPECIFIED.,.F.,.F.,.F.,(2,2),(4,4),(0.,1.),(0.,1.),
  .PIECEWISE_BEZIER_KNOTS.);
#4854 = CARTESIAN_POINT('',(2.772997171061,0.258518311883,3.008007777726
    ));
#4855 = CARTESIAN_POINT('',(2.774211205897,0.245472484235,3.013327191763
    ));
#4856 = CARTESIAN_POINT('',(2.775618080292,0.229411207586,3.016099924088
    ));
#4857 = CARTESIAN_POINT('',(2.777061086769,0.210323820537,3.016325841057
    ));
#4858 = CARTESIAN_POINT('',(2.763040191953,0.257591722952,3.008007777726
    ));
#4859 = CARTESIAN_POINT('',(2.76424987543,0.244592654323,3.013327191853)
  );
#4860 = CARTESIAN_POINT('',(2.765651707232,0.228588945357,3.016099924086
    ));
#4861 = CARTESIAN_POINT('',(2.767089541655,0.209569971718,3.016325841057
    ));
#4862 = ADVANCED_FACE('',(#4863),#4881,.T.);
#4863 = FACE_BOUND('',#4864,.T.);
#4864 = EDGE_LOOP('',(#4865,#4866,#4867,#4874));
#4865 = ORIENTED_EDGE('',*,*,#4840,.F.);
#4866 = ORIENTED_EDGE('',*,*,#387,.T.);
#4867 = ORIENTED_EDGE('',*,*,#4868,.T.);
#4868 = EDGE_CURVE('',#379,#4869,#4871,.T.);
#4869 = VERTEX_POINT('',#4870);
#4870 = CARTESIAN_POINT('',(2.781708227351,0.135488950145,2.986374509834
    ));
#4871 = B_SPLINE_CURVE_WITH_KNOTS('',1,(#4872,#4873),.UNSPECIFIED.,.F.,
  .F.,(2,2),(0.,1.),.PIECEWISE_BEZIER_KNOTS.);
#4872 = CARTESIAN_POINT('',(2.771719738221,0.135009241802,2.986380813067
    ));
#4873 = CARTESIAN_POINT('',(2.781708227351,0.135488950145,2.986374509834
    ));
#4874 = ORIENTED_EDGE('',*,*,#4875,.F.);
#4875 = EDGE_CURVE('',#4841,#4869,#4876,.T.);
#4876 = B_SPLINE_CURVE_WITH_KNOTS('',3,(#4877,#4878,#4879,#4880),
  .UNSPECIFIED.,.F.,.F.,(4,4),(0.,1.),.PIECEWISE_BEZIER_KNOTS.);
#4877 = CARTESIAN_POINT('',(2.777061086769,0.210323820537,3.016325841057
    ));
#4878 = CARTESIAN_POINT('',(2.779401534091,0.179365522979,3.015784866804
    ));
#4879 = CARTESIAN_POINT('',(2.780667862318,0.156886019728,3.007290698882
    ));
#4880 = CARTESIAN_POINT('',(2.781708227351,0.135488950145,2.986374509834
    ));
#4881 = B_SPLINE_SURFACE_WITH_KNOTS('',1,3,(
    (#4882,#4883,#4884,#4885)
    ,(#4886,#4887,#4888,#4889
    )),.UNSPECIFIED.,.F.,.F.,.F.,(2,2),(4,4),(0.,1.),(0.,1.),
  .PIECEWISE_BEZIER_KNOTS.);
#4882 = CARTESIAN_POINT('',(2.777061086769,0.210323820537,3.016325841057
    ));
#4883 = CARTESIAN_POINT('',(2.77938902259,0.179531019021,3.01578775873)
  );
#4884 = CARTESIAN_POINT('',(2.780647079143,0.157313464932,3.007708527631
    ));
#4885 = CARTESIAN_POINT('',(2.781707938719,0.135494886557,2.986380813067
    ));
#4886 = CARTESIAN_POINT('',(2.767089541655,0.209569971718,3.016325841057
    ));
#4887 = CARTESIAN_POINT('',(2.769409096462,0.178888030178,3.015787767349
    ));
#4888 = CARTESIAN_POINT('',(2.770662713532,0.156748948501,3.007707871441
    ));
#4889 = CARTESIAN_POINT('',(2.771719738221,0.135009241802,2.986380813067
    ));
#4890 = ADVANCED_FACE('',(#4891),#4909,.T.);
#4891 = FACE_BOUND('',#4892,.T.);
#4892 = EDGE_LOOP('',(#4893,#4894,#4895,#4902));
#4893 = ORIENTED_EDGE('',*,*,#4868,.F.);
#4894 = ORIENTED_EDGE('',*,*,#378,.T.);
#4895 = ORIENTED_EDGE('',*,*,#4896,.T.);
#4896 = EDGE_CURVE('',#370,#4897,#4899,.T.);
#4897 = VERTEX_POINT('',#4898);
#4898 = CARTESIAN_POINT('',(2.782983985803,0.106043834838,2.907359211427
    ));
#4899 = B_SPLINE_CURVE_WITH_KNOTS('',1,(#4900,#4901),.UNSPECIFIED.,.F.,
  .F.,(2,2),(0.,1.),.PIECEWISE_BEZIER_KNOTS.);
#4900 = CARTESIAN_POINT('',(2.77299121166,0.105663749409,2.907359211427)
  );
#4901 = CARTESIAN_POINT('',(2.782983985803,0.106043834838,2.907359211427
    ));
#4902 = ORIENTED_EDGE('',*,*,#4903,.F.);
#4903 = EDGE_CURVE('',#4869,#4897,#4904,.T.);
#4904 = B_SPLINE_CURVE_WITH_KNOTS('',3,(#4905,#4906,#4907,#4908),
  .UNSPECIFIED.,.F.,.F.,(4,4),(9.407376195574E-05,1.),
  .PIECEWISE_BEZIER_KNOTS.);
#4905 = CARTESIAN_POINT('',(2.781708227351,0.135488950145,2.986374509834
    ));
#4906 = CARTESIAN_POINT('',(2.782730773504,0.114457435975,2.964041874921
    ));
#4907 = CARTESIAN_POINT('',(2.782965453313,0.106531070004,2.940052597089
    ));
#4908 = CARTESIAN_POINT('',(2.782983985803,0.106043834838,2.907359211427
    ));
#4909 = B_SPLINE_SURFACE_WITH_KNOTS('',1,3,(
    (#4910,#4911,#4912,#4913)
    ,(#4914,#4915,#4916,#4917
    )),.UNSPECIFIED.,.F.,.F.,.F.,(2,2),(4,4),(0.,1.),(0.,1.),
  .PIECEWISE_BEZIER_KNOTS.);
#4910 = CARTESIAN_POINT('',(2.781707938719,0.135494886557,2.986380813067
    ));
#4911 = CARTESIAN_POINT('',(2.782761565146,0.113825071518,2.963373575412
    ));
#4912 = CARTESIAN_POINT('',(2.782965760121,0.106523003743,2.939511352484
    ));
#4913 = CARTESIAN_POINT('',(2.782983985803,0.106043834838,2.907359211427
    ));
#4914 = CARTESIAN_POINT('',(2.771719738221,0.135009241802,2.986380813067
    ));
#4915 = CARTESIAN_POINT('',(2.772769626327,0.113416312407,2.963372740091
    ));
#4916 = CARTESIAN_POINT('',(2.772973050954,0.106141210061,2.939511971932
    ));
#4917 = CARTESIAN_POINT('',(2.77299121166,0.105663749409,2.907359211427)
  );
#4918 = ADVANCED_FACE('',(#4919),#4937,.T.);
#4919 = FACE_BOUND('',#4920,.T.);
#4920 = EDGE_LOOP('',(#4921,#4922,#4923,#4930));
#4921 = ORIENTED_EDGE('',*,*,#4896,.F.);
#4922 = ORIENTED_EDGE('',*,*,#369,.T.);
#4923 = ORIENTED_EDGE('',*,*,#4924,.T.);
#4924 = EDGE_CURVE('',#361,#4925,#4927,.T.);
#4925 = VERTEX_POINT('',#4926);
#4926 = CARTESIAN_POINT('',(2.781865407729,0.132216486127,2.833843427461
    ));
#4927 = B_SPLINE_CURVE_WITH_KNOTS('',1,(#4928,#4929),.UNSPECIFIED.,.F.,
  .F.,(2,2),(0.,1.),.PIECEWISE_BEZIER_KNOTS.);
#4928 = CARTESIAN_POINT('',(2.7718768713,0.131737776043,2.833848326744)
  );
#4929 = CARTESIAN_POINT('',(2.781865407729,0.132216486127,2.833843427461
    ));
#4930 = ORIENTED_EDGE('',*,*,#4931,.F.);
#4931 = EDGE_CURVE('',#4897,#4925,#4932,.T.);
#4932 = B_SPLINE_CURVE_WITH_KNOTS('',3,(#4933,#4934,#4935,#4936),
  .UNSPECIFIED.,.F.,.F.,(4,4),(0.,1.),.PIECEWISE_BEZIER_KNOTS.);
#4933 = CARTESIAN_POINT('',(2.782983985803,0.106043834838,2.907359211427
    ));
#4934 = CARTESIAN_POINT('',(2.782966600233,0.106500916475,2.877043511727
    ));
#4935 = CARTESIAN_POINT('',(2.782761487632,0.113328179211,2.854944386449
    ));
#4936 = CARTESIAN_POINT('',(2.781865407729,0.132216486127,2.833843427461
    ));
#4937 = B_SPLINE_SURFACE_WITH_KNOTS('',1,3,(
    (#4938,#4939,#4940,#4941)
    ,(#4942,#4943,#4944,#4945
    )),.UNSPECIFIED.,.F.,.F.,.F.,(2,2),(4,4),(0.,1.),(0.,1.),
  .PIECEWISE_BEZIER_KNOTS.);
#4938 = CARTESIAN_POINT('',(2.782983985803,0.106043834838,2.907359211427
    ));
#4939 = CARTESIAN_POINT('',(2.782966900938,0.106493010682,2.877567859308
    ));
#4940 = CARTESIAN_POINT('',(2.782790645283,0.11271357033,2.855631009358)
  );
#4941 = CARTESIAN_POINT('',(2.781865637025,0.132211652935,2.833848326744
    ));
#4942 = CARTESIAN_POINT('',(2.77299121166,0.105663749409,2.907359211427)
  );
#4943 = CARTESIAN_POINT('',(2.772974187663,0.106111324986,2.877567214769
    ));
#4944 = CARTESIAN_POINT('',(2.772798600945,0.112308802761,2.855631879712
    ));
#4945 = CARTESIAN_POINT('',(2.7718768713,0.131737776043,2.833848326744)
  );
#4946 = ADVANCED_FACE('',(#4947),#4965,.T.);
#4947 = FACE_BOUND('',#4948,.T.);
#4948 = EDGE_LOOP('',(#4949,#4950,#4951,#4958));
#4949 = ORIENTED_EDGE('',*,*,#4924,.F.);
#4950 = ORIENTED_EDGE('',*,*,#360,.T.);
#4951 = ORIENTED_EDGE('',*,*,#4952,.T.);
#4952 = EDGE_CURVE('',#352,#4953,#4955,.T.);
#4953 = VERTEX_POINT('',#4954);
#4954 = CARTESIAN_POINT('',(2.77766282632,0.202206812482,2.806086790378)
  );
#4955 = B_SPLINE_CURVE_WITH_KNOTS('',1,(#4956,#4957),.UNSPECIFIED.,.F.,
  .F.,(2,2),(0.,1.),.PIECEWISE_BEZIER_KNOTS.);
#4956 = CARTESIAN_POINT('',(2.767689124434,0.201482056882,2.806086790378
    ));
#4957 = CARTESIAN_POINT('',(2.77766282632,0.202206812482,2.806086790378)
  );
#4958 = ORIENTED_EDGE('',*,*,#4959,.F.);
#4959 = EDGE_CURVE('',#4925,#4953,#4960,.T.);
#4960 = B_SPLINE_CURVE_WITH_KNOTS('',3,(#4961,#4962,#4963,#4964),
  .UNSPECIFIED.,.F.,.F.,(4,4),(8.279352732817E-05,1.),
  .PIECEWISE_BEZIER_KNOTS.);
#4961 = CARTESIAN_POINT('',(2.781865407729,0.132216486127,2.833843427461
    ));
#4962 = CARTESIAN_POINT('',(2.780942290333,0.15167399868,2.814121069626)
  );
#4963 = CARTESIAN_POINT('',(2.779790362877,0.172928783638,2.806548797167
    ));
#4964 = CARTESIAN_POINT('',(2.77766282632,0.202206812482,2.806086790378)
  );
#4965 = B_SPLINE_SURFACE_WITH_KNOTS('',1,3,(
    (#4966,#4967,#4968,#4969)
    ,(#4970,#4971,#4972,#4973
    )),.UNSPECIFIED.,.F.,.F.,.F.,(2,2),(4,4),(0.,1.),(0.,1.),
  .PIECEWISE_BEZIER_KNOTS.);
#4966 = CARTESIAN_POINT('',(2.781865637025,0.132211652935,2.833848326744
    ));
#4967 = CARTESIAN_POINT('',(2.780917592286,0.152195317356,2.813590148136
    ));
#4968 = CARTESIAN_POINT('',(2.779760560666,0.173338905845,2.806542325446
    ));
#4969 = CARTESIAN_POINT('',(2.77766282632,0.202206812482,2.806086790378)
  );
#4970 = CARTESIAN_POINT('',(2.7718768713,0.131737776043,2.833848326744)
  );
#4971 = CARTESIAN_POINT('',(2.770932256318,0.151649145246,2.813590828949
    ));
#4972 = CARTESIAN_POINT('',(2.769779304099,0.172718113751,2.806542317618
    ));
#4973 = CARTESIAN_POINT('',(2.767689124434,0.201482056882,2.806086790378
    ));
#4974 = ADVANCED_FACE('',(#4975),#4993,.T.);
#4975 = FACE_BOUND('',#4976,.T.);
#4976 = EDGE_LOOP('',(#4977,#4978,#4979,#4986));
#4977 = ORIENTED_EDGE('',*,*,#4952,.F.);
#4978 = ORIENTED_EDGE('',*,*,#351,.T.);
#4979 = ORIENTED_EDGE('',*,*,#4980,.T.);
#4980 = EDGE_CURVE('',#345,#4981,#4983,.T.);
#4981 = VERTEX_POINT('',#4982);
#4982 = CARTESIAN_POINT('',(2.772997171061,0.258518311883,2.817940030624
    ));
#4983 = B_SPLINE_CURVE_WITH_KNOTS('',1,(#4984,#4985),.UNSPECIFIED.,.F.,
  .F.,(2,2),(0.,1.),.PIECEWISE_BEZIER_KNOTS.);
#4984 = CARTESIAN_POINT('',(2.763040191953,0.257591722952,2.817940030624
    ));
#4985 = CARTESIAN_POINT('',(2.772997171061,0.258518311883,2.817940030624
    ));
#4986 = ORIENTED_EDGE('',*,*,#4987,.F.);
#4987 = EDGE_CURVE('',#4953,#4981,#4988,.T.);
#4988 = B_SPLINE_CURVE_WITH_KNOTS('',3,(#4989,#4990,#4991,#4992),
  .UNSPECIFIED.,.F.,.F.,(4,4),(0.,1.),.PIECEWISE_BEZIER_KNOTS.);
#4989 = CARTESIAN_POINT('',(2.77766282632,0.202206812482,2.806086790378)
  );
#4990 = CARTESIAN_POINT('',(2.776060376537,0.22425887585,2.806330576428)
  );
#4991 = CARTESIAN_POINT('',(2.774438949985,0.243025182039,2.810281656511
    ));
#4992 = CARTESIAN_POINT('',(2.772997171061,0.258518311883,2.817940030624
    ));
#4993 = B_SPLINE_SURFACE_WITH_KNOTS('',1,3,(
    (#4994,#4995,#4996,#4997)
    ,(#4998,#4999,#5000,#5001
    )),.UNSPECIFIED.,.F.,.F.,.F.,(2,2),(4,4),(0.,1.),(0.,1.),
  .PIECEWISE_BEZIER_KNOTS.);
#4994 = CARTESIAN_POINT('',(2.77766282632,0.202206812482,2.806086790378)
  );
#4995 = CARTESIAN_POINT('',(2.776060367509,0.22425900009,2.806330577802)
  );
#4996 = CARTESIAN_POINT('',(2.774438936777,0.243025323965,2.810281726666
    ));
#4997 = CARTESIAN_POINT('',(2.772997171061,0.258518311883,2.817940030624
    ));
#4998 = CARTESIAN_POINT('',(2.767689124434,0.201482056882,2.806086790378
    ));
#4999 = CARTESIAN_POINT('',(2.766092409183,0.223455204664,2.806330577805
    ));
#5000 = CARTESIAN_POINT('',(2.764476790085,0.242154265089,2.810281726484
    ));
#5001 = CARTESIAN_POINT('',(2.763040191953,0.257591722952,2.817940030624
    ));
#5002 = ADVANCED_FACE('',(#5003),#5013,.T.);
#5003 = FACE_BOUND('',#5004,.T.);
#5004 = EDGE_LOOP('',(#5005,#5006,#5007,#5012));
#5005 = ORIENTED_EDGE('',*,*,#344,.T.);
#5006 = ORIENTED_EDGE('',*,*,#4638,.T.);
#5007 = ORIENTED_EDGE('',*,*,#5008,.F.);
#5008 = EDGE_CURVE('',#4981,#4639,#5009,.T.);
#5009 = B_SPLINE_CURVE_WITH_KNOTS('',1,(#5010,#5011),.UNSPECIFIED.,.F.,
  .F.,(2,2),(-4.712060069376,-4.686897927801),.PIECEWISE_BEZIER_KNOTS.);
#5010 = CARTESIAN_POINT('',(2.772997171061,0.258518311883,2.817940030624
    ));
#5011 = CARTESIAN_POINT('',(2.772997171061,0.258518311883,2.843102172199
    ));
#5012 = ORIENTED_EDGE('',*,*,#4980,.F.);
#5013 = B_SPLINE_SURFACE_WITH_KNOTS('',1,1,(
    (#5014,#5015)
    ,(#5016,#5017
    )),.UNSPECIFIED.,.F.,.F.,.F.,(2,2),(2,2),(-1.258107078765E-02,
    1.258107078765E-02),(0.,1.E-02),.PIECEWISE_BEZIER_KNOTS.);
#5014 = CARTESIAN_POINT('',(2.763040191953,0.257591722952,2.817940030624
    ));
#5015 = CARTESIAN_POINT('',(2.772997171061,0.258518311883,2.817940030624
    ));
#5016 = CARTESIAN_POINT('',(2.763040191953,0.257591722952,2.843102172199
    ));
#5017 = CARTESIAN_POINT('',(2.772997171061,0.258518311883,2.843102172199
    ));
#5018 = ADVANCED_FACE('',(#5019),#5035,.T.);
#5019 = FACE_BOUND('',#5020,.T.);
#5020 = EDGE_LOOP('',(#5021,#5022,#5023,#5024,#5025,#5026,#5027,#5028,
    #5029,#5030,#5031,#5032,#5033,#5034));
#5021 = ORIENTED_EDGE('',*,*,#4987,.T.);
#5022 = ORIENTED_EDGE('',*,*,#5008,.T.);
#5023 = ORIENTED_EDGE('',*,*,#4655,.T.);
#5024 = ORIENTED_EDGE('',*,*,#4683,.T.);
#5025 = ORIENTED_EDGE('',*,*,#4711,.T.);
#5026 = ORIENTED_EDGE('',*,*,#4739,.T.);
#5027 = ORIENTED_EDGE('',*,*,#4767,.T.);
#5028 = ORIENTED_EDGE('',*,*,#4795,.T.);
#5029 = ORIENTED_EDGE('',*,*,#4825,.T.);
#5030 = ORIENTED_EDGE('',*,*,#4847,.T.);
#5031 = ORIENTED_EDGE('',*,*,#4875,.T.);
#5032 = ORIENTED_EDGE('',*,*,#4903,.T.);
#5033 = ORIENTED_EDGE('',*,*,#4931,.T.);
#5034 = ORIENTED_EDGE('',*,*,#4959,.T.);
#5035 = ( BOUNDED_SURFACE() B_SPLINE_SURFACE(2,1,(
    (#5036,#5037)
    ,(#5038,#5039)
    ,(#5040,#5041
)),.UNSPECIFIED.,.F.,.F.,.F.) B_SPLINE_SURFACE_WITH_KNOTS((3,3),(2,2),(
    3.048800655754,3.10357495318),(4.513674258943,4.723913309622),
.PIECEWISE_BEZIER_KNOTS.) GEOMETRIC_REPRESENTATION_ITEM() 
RATIONAL_B_SPLINE_SURFACE((
    (1.,1.)
    ,(0.999624995483,0.999624995483)
,(1.,1.))) REPRESENTATION_ITEM('') SURFACE() );
#5036 = CARTESIAN_POINT('',(2.772997171061,0.258518311883,3.016325841057
    ));
#5037 = CARTESIAN_POINT('',(2.772997171061,0.258518311883,2.806086790378
    ));
#5038 = CARTESIAN_POINT('',(2.780079021196,0.182417862753,3.016325841057
    ));
#5039 = CARTESIAN_POINT('',(2.780079021196,0.182417862753,2.806086790378
    ));
#5040 = CARTESIAN_POINT('',(2.782983985803,0.106043834838,3.016325841057
    ));
#5041 = CARTESIAN_POINT('',(2.782983985803,0.106043834838,2.806086790378
    ));
#5042 = ADVANCED_FACE('',(#5043),#5065,.T.);
#5043 = FACE_BOUND('',#5044,.T.);
#5044 = EDGE_LOOP('',(#5045,#5052,#5053,#5060));
#5045 = ORIENTED_EDGE('',*,*,#5046,.F.);
#5046 = EDGE_CURVE('',#459,#5047,#5049,.T.);
#5047 = VERTEX_POINT('',#5048);
#5048 = CARTESIAN_POINT('',(2.765965177116,0.325349023678,2.832704593036
    ));
#5049 = B_SPLINE_CURVE_WITH_KNOTS('',1,(#5050,#5051),.UNSPECIFIED.,.F.,
  .F.,(2,2),(0.,1.E-02),.PIECEWISE_BEZIER_KNOTS.);
#5050 = CARTESIAN_POINT('',(2.756033402288,0.324182898145,2.832704593036
    ));
#5051 = CARTESIAN_POINT('',(2.765965177116,0.325349023678,2.832704593036
    ));
#5052 = ORIENTED_EDGE('',*,*,#458,.T.);
#5053 = ORIENTED_EDGE('',*,*,#5054,.T.);
#5054 = EDGE_CURVE('',#451,#5055,#5057,.T.);
#5055 = VERTEX_POINT('',#5056);
#5056 = CARTESIAN_POINT('',(2.765965177116,0.325349023678,2.901120663929
    ));
#5057 = B_SPLINE_CURVE_WITH_KNOTS('',1,(#5058,#5059),.UNSPECIFIED.,.F.,
  .F.,(2,2),(0.,1.E-02),.PIECEWISE_BEZIER_KNOTS.);
#5058 = CARTESIAN_POINT('',(2.756033402288,0.324182898145,2.901120663929
    ));
#5059 = CARTESIAN_POINT('',(2.765965177116,0.325349023678,2.901120663929
    ));
#5060 = ORIENTED_EDGE('',*,*,#5061,.F.);
#5061 = EDGE_CURVE('',#5047,#5055,#5062,.T.);
#5062 = B_SPLINE_CURVE_WITH_KNOTS('',1,(#5063,#5064),.UNSPECIFIED.,.F.,
  .F.,(2,2),(-4.697295506964,-4.628879436071),.PIECEWISE_BEZIER_KNOTS.);
#5063 = CARTESIAN_POINT('',(2.765965177116,0.325349023678,2.832704593036
    ));
#5064 = CARTESIAN_POINT('',(2.765965177116,0.325349023678,2.901120663929
    ));
#5065 = B_SPLINE_SURFACE_WITH_KNOTS('',1,1,(
    (#5066,#5067)
    ,(#5068,#5069
    )),.UNSPECIFIED.,.F.,.F.,.F.,(2,2),(2,2),(-3.420803544666E-02,
    3.420803544666E-02),(0.,1.E-02),.PIECEWISE_BEZIER_KNOTS.);
#5066 = CARTESIAN_POINT('',(2.756033402288,0.324182898145,2.832704593036
    ));
#5067 = CARTESIAN_POINT('',(2.765965177116,0.325349023678,2.832704593036
    ));
#5068 = CARTESIAN_POINT('',(2.756033402288,0.324182898145,2.901120663929
    ));
#5069 = CARTESIAN_POINT('',(2.765965177116,0.325349023678,2.901120663929
    ));
#5070 = ADVANCED_FACE('',(#5071),#5088,.F.);
#5071 = FACE_BOUND('',#5072,.T.);
#5072 = EDGE_LOOP('',(#5073,#5074,#5075,#5082));
#5073 = ORIENTED_EDGE('',*,*,#5054,.F.);
#5074 = ORIENTED_EDGE('',*,*,#448,.F.);
#5075 = ORIENTED_EDGE('',*,*,#5076,.T.);
#5076 = EDGE_CURVE('',#449,#5077,#5079,.T.);
#5077 = VERTEX_POINT('',#5078);
#5078 = CARTESIAN_POINT('',(2.756506026059,0.397724110459,2.901120663929
    ));
#5079 = B_SPLINE_CURVE_WITH_KNOTS('',1,(#5080,#5081),.UNSPECIFIED.,.F.,
  .F.,(2,2),(0.,1.E-02),.PIECEWISE_BEZIER_KNOTS.);
#5080 = CARTESIAN_POINT('',(2.746608154998,0.396298576012,2.901120663929
    ));
#5081 = CARTESIAN_POINT('',(2.756506026059,0.397724110459,2.901120663929
    ));
#5082 = ORIENTED_EDGE('',*,*,#5083,.T.);
#5083 = EDGE_CURVE('',#5077,#5055,#5084,.T.);
#5084 = ( BOUNDED_CURVE() B_SPLINE_CURVE(2,(#5085,#5086,#5087),
.UNSPECIFIED.,.F.,.F.) B_SPLINE_CURVE_WITH_KNOTS((3,3),(2.998551923359,
3.024714177404),.PIECEWISE_BEZIER_KNOTS.) CURVE() 
GEOMETRIC_REPRESENTATION_ITEM() RATIONAL_B_SPLINE_CURVE((1.,
0.999914443278,1.)) REPRESENTATION_ITEM('') );
#5085 = CARTESIAN_POINT('',(2.756506026059,0.397724110459,2.901120663929
    ));
#5086 = CARTESIAN_POINT('',(2.761709002442,0.361598438776,2.901120663929
    ));
#5087 = CARTESIAN_POINT('',(2.765965177116,0.325349023678,2.901120663929
    ));
#5088 = B_SPLINE_SURFACE_WITH_KNOTS('',1,1,(
    (#5089,#5090)
    ,(#5091,#5092
    )),.UNSPECIFIED.,.F.,.F.,.F.,(2,2),(2,2),(2.751608154998,
    2.770965177116),(0.324182898145,0.397724110459),
  .PIECEWISE_BEZIER_KNOTS.);
#5089 = CARTESIAN_POINT('',(2.746608154998,0.324182898145,2.901120663929
    ));
#5090 = CARTESIAN_POINT('',(2.746608154998,0.397724110459,2.901120663929
    ));
#5091 = CARTESIAN_POINT('',(2.765965177116,0.324182898145,2.901120663929
    ));
#5092 = CARTESIAN_POINT('',(2.765965177116,0.397724110459,2.901120663929
    ));
#5093 = ADVANCED_FACE('',(#5094),#5110,.T.);
#5094 = FACE_BOUND('',#5095,.T.);
#5095 = EDGE_LOOP('',(#5096,#5097,#5098,#5105));
#5096 = ORIENTED_EDGE('',*,*,#5076,.F.);
#5097 = ORIENTED_EDGE('',*,*,#533,.T.);
#5098 = ORIENTED_EDGE('',*,*,#5099,.T.);
#5099 = EDGE_CURVE('',#526,#5100,#5102,.T.);
#5100 = VERTEX_POINT('',#5101);
#5101 = CARTESIAN_POINT('',(2.756506026059,0.397724110459,2.924411241254
    ));
#5102 = B_SPLINE_CURVE_WITH_KNOTS('',1,(#5103,#5104),.UNSPECIFIED.,.F.,
  .F.,(2,2),(0.,1.E-02),.PIECEWISE_BEZIER_KNOTS.);
#5103 = CARTESIAN_POINT('',(2.746608154998,0.396298576012,2.924411241254
    ));
#5104 = CARTESIAN_POINT('',(2.756506026059,0.397724110459,2.924411241254
    ));
#5105 = ORIENTED_EDGE('',*,*,#5106,.F.);
#5106 = EDGE_CURVE('',#5077,#5100,#5107,.T.);
#5107 = B_SPLINE_CURVE_WITH_KNOTS('',1,(#5108,#5109),.UNSPECIFIED.,.F.,
  .F.,(2,2),(-4.628879436071,-4.605588858746),.PIECEWISE_BEZIER_KNOTS.);
#5108 = CARTESIAN_POINT('',(2.756506026059,0.397724110459,2.901120663929
    ));
#5109 = CARTESIAN_POINT('',(2.756506026059,0.397724110459,2.924411241254
    ));
#5110 = B_SPLINE_SURFACE_WITH_KNOTS('',1,1,(
    (#5111,#5112)
    ,(#5113,#5114
    )),.UNSPECIFIED.,.F.,.F.,.F.,(2,2),(2,2),(-1.164528866265E-02,
    1.164528866265E-02),(0.,1.E-02),.PIECEWISE_BEZIER_KNOTS.);
#5111 = CARTESIAN_POINT('',(2.746608154998,0.396298576012,2.901120663929
    ));
#5112 = CARTESIAN_POINT('',(2.756506026059,0.397724110459,2.901120663929
    ));
#5113 = CARTESIAN_POINT('',(2.746608154998,0.396298576012,2.924411241254
    ));
#5114 = CARTESIAN_POINT('',(2.756506026059,0.397724110459,2.924411241254
    ));
#5115 = ADVANCED_FACE('',(#5116),#5133,.T.);
#5116 = FACE_BOUND('',#5117,.T.);
#5117 = EDGE_LOOP('',(#5118,#5119,#5120,#5127));
#5118 = ORIENTED_EDGE('',*,*,#5099,.F.);
#5119 = ORIENTED_EDGE('',*,*,#525,.T.);
#5120 = ORIENTED_EDGE('',*,*,#5121,.T.);
#5121 = EDGE_CURVE('',#519,#5122,#5124,.T.);
#5122 = VERTEX_POINT('',#5123);
#5123 = CARTESIAN_POINT('',(2.765965177116,0.325349023678,2.924411241254
    ));
#5124 = B_SPLINE_CURVE_WITH_KNOTS('',1,(#5125,#5126),.UNSPECIFIED.,.F.,
  .F.,(2,2),(0.,1.E-02),.PIECEWISE_BEZIER_KNOTS.);
#5125 = CARTESIAN_POINT('',(2.756033402288,0.324182898145,2.924411241254
    ));
#5126 = CARTESIAN_POINT('',(2.765965177116,0.325349023678,2.924411241254
    ));
#5127 = ORIENTED_EDGE('',*,*,#5128,.F.);
#5128 = EDGE_CURVE('',#5100,#5122,#5129,.T.);
#5129 = ( BOUNDED_CURVE() B_SPLINE_CURVE(2,(#5130,#5131,#5132),
.UNSPECIFIED.,.F.,.F.) B_SPLINE_CURVE_WITH_KNOTS((3,3),(2.998551923359,
3.024714177404),.PIECEWISE_BEZIER_KNOTS.) CURVE() 
GEOMETRIC_REPRESENTATION_ITEM() RATIONAL_B_SPLINE_CURVE((1.,
0.999914443278,1.)) REPRESENTATION_ITEM('') );
#5130 = CARTESIAN_POINT('',(2.756506026059,0.397724110459,2.924411241254
    ));
#5131 = CARTESIAN_POINT('',(2.761709002442,0.361598438776,2.924411241254
    ));
#5132 = CARTESIAN_POINT('',(2.765965177116,0.325349023678,2.924411241254
    ));
#5133 = B_SPLINE_SURFACE_WITH_KNOTS('',1,1,(
    (#5134,#5135)
    ,(#5136,#5137
    )),.UNSPECIFIED.,.F.,.F.,.F.,(2,2),(2,2),(2.751608154998,
    2.770965177116),(0.324182898145,0.397724110459),
  .PIECEWISE_BEZIER_KNOTS.);
#5134 = CARTESIAN_POINT('',(2.746608154998,0.324182898145,2.924411241254
    ));
#5135 = CARTESIAN_POINT('',(2.746608154998,0.397724110459,2.924411241254
    ));
#5136 = CARTESIAN_POINT('',(2.765965177116,0.324182898145,2.924411241254
    ));
#5137 = CARTESIAN_POINT('',(2.765965177116,0.397724110459,2.924411241254
    ));
#5138 = ADVANCED_FACE('',(#5139),#5155,.T.);
#5139 = FACE_BOUND('',#5140,.T.);
#5140 = EDGE_LOOP('',(#5141,#5142,#5143,#5150));
#5141 = ORIENTED_EDGE('',*,*,#5121,.F.);
#5142 = ORIENTED_EDGE('',*,*,#518,.T.);
#5143 = ORIENTED_EDGE('',*,*,#5144,.T.);
#5144 = EDGE_CURVE('',#511,#5145,#5147,.T.);
#5145 = VERTEX_POINT('',#5146);
#5146 = CARTESIAN_POINT('',(2.765965177116,0.325349023678,2.989500086816
    ));
#5147 = B_SPLINE_CURVE_WITH_KNOTS('',1,(#5148,#5149),.UNSPECIFIED.,.F.,
  .F.,(2,2),(0.,1.E-02),.PIECEWISE_BEZIER_KNOTS.);
#5148 = CARTESIAN_POINT('',(2.756033402288,0.324182898145,2.989500086816
    ));
#5149 = CARTESIAN_POINT('',(2.765965177116,0.325349023678,2.989500086816
    ));
#5150 = ORIENTED_EDGE('',*,*,#5151,.F.);
#5151 = EDGE_CURVE('',#5122,#5145,#5152,.T.);
#5152 = B_SPLINE_CURVE_WITH_KNOTS('',1,(#5153,#5154),.UNSPECIFIED.,.F.,
  .F.,(2,2),(-4.605588858746,-4.540500013184),.PIECEWISE_BEZIER_KNOTS.);
#5153 = CARTESIAN_POINT('',(2.765965177116,0.325349023678,2.924411241254
    ));
#5154 = CARTESIAN_POINT('',(2.765965177116,0.325349023678,2.989500086816
    ));
#5155 = B_SPLINE_SURFACE_WITH_KNOTS('',1,1,(
    (#5156,#5157)
    ,(#5158,#5159
    )),.UNSPECIFIED.,.F.,.F.,.F.,(2,2),(2,2),(-3.254442278106E-02,
    3.254442278106E-02),(0.,1.E-02),.PIECEWISE_BEZIER_KNOTS.);
#5156 = CARTESIAN_POINT('',(2.756033402288,0.324182898145,2.924411241254
    ));
#5157 = CARTESIAN_POINT('',(2.765965177116,0.325349023678,2.924411241254
    ));
#5158 = CARTESIAN_POINT('',(2.756033402288,0.324182898145,2.989500086816
    ));
#5159 = CARTESIAN_POINT('',(2.765965177116,0.325349023678,2.989500086816
    ));
#5160 = ADVANCED_FACE('',(#5161),#5178,.F.);
#5161 = FACE_BOUND('',#5162,.T.);
#5162 = EDGE_LOOP('',(#5163,#5164,#5165,#5172));
#5163 = ORIENTED_EDGE('',*,*,#5144,.F.);
#5164 = ORIENTED_EDGE('',*,*,#510,.F.);
#5165 = ORIENTED_EDGE('',*,*,#5166,.T.);
#5166 = EDGE_CURVE('',#504,#5167,#5169,.T.);
#5167 = VERTEX_POINT('',#5168);
#5168 = CARTESIAN_POINT('',(2.755674491161,0.403455516571,2.989500086816
    ));
#5169 = B_SPLINE_CURVE_WITH_KNOTS('',1,(#5170,#5171),.UNSPECIFIED.,.F.,
  .F.,(2,2),(0.,1.E-02),.PIECEWISE_BEZIER_KNOTS.);
#5170 = CARTESIAN_POINT('',(2.745779600512,0.402009439451,2.989500086816
    ));
#5171 = CARTESIAN_POINT('',(2.755674491161,0.403455516571,2.989500086816
    ));
#5172 = ORIENTED_EDGE('',*,*,#5173,.T.);
#5173 = EDGE_CURVE('',#5167,#5145,#5174,.T.);
#5174 = ( BOUNDED_CURVE() B_SPLINE_CURVE(2,(#5175,#5176,#5177),
.UNSPECIFIED.,.F.,.F.) B_SPLINE_CURVE_WITH_KNOTS((3,3),(2.996476147663,
3.024714177404),.PIECEWISE_BEZIER_KNOTS.) CURVE() 
GEOMETRIC_REPRESENTATION_ITEM() RATIONAL_B_SPLINE_CURVE((1.,
0.999900328365,1.)) REPRESENTATION_ITEM('') );
#5175 = CARTESIAN_POINT('',(2.755674491161,0.403455516571,2.989500086816
    ));
#5176 = CARTESIAN_POINT('',(2.761371264149,0.364474922126,2.989500086816
    ));
#5177 = CARTESIAN_POINT('',(2.765965177116,0.325349023678,2.989500086816
    ));
#5178 = B_SPLINE_SURFACE_WITH_KNOTS('',1,1,(
    (#5179,#5180)
    ,(#5181,#5182
    )),.UNSPECIFIED.,.F.,.F.,.F.,(2,2),(2,2),(2.750779600512,
    2.770965177116),(0.324182898145,0.403455516571),
  .PIECEWISE_BEZIER_KNOTS.);
#5179 = CARTESIAN_POINT('',(2.745779600512,0.324182898145,2.989500086816
    ));
#5180 = CARTESIAN_POINT('',(2.745779600512,0.403455516571,2.989500086816
    ));
#5181 = CARTESIAN_POINT('',(2.765965177116,0.324182898145,2.989500086816
    ));
#5182 = CARTESIAN_POINT('',(2.765965177116,0.403455516571,2.989500086816
    ));
#5183 = ADVANCED_FACE('',(#5184),#5200,.T.);
#5184 = FACE_BOUND('',#5185,.T.);
#5185 = EDGE_LOOP('',(#5186,#5187,#5188,#5195));
#5186 = ORIENTED_EDGE('',*,*,#5166,.F.);
#5187 = ORIENTED_EDGE('',*,*,#503,.T.);
#5188 = ORIENTED_EDGE('',*,*,#5189,.T.);
#5189 = EDGE_CURVE('',#496,#5190,#5192,.T.);
#5190 = VERTEX_POINT('',#5191);
#5191 = CARTESIAN_POINT('',(2.755674491161,0.403455516571,3.012894639933
    ));
#5192 = B_SPLINE_CURVE_WITH_KNOTS('',1,(#5193,#5194),.UNSPECIFIED.,.F.,
  .F.,(2,2),(0.,1.E-02),.PIECEWISE_BEZIER_KNOTS.);
#5193 = CARTESIAN_POINT('',(2.745779600512,0.402009439451,3.012894639933
    ));
#5194 = CARTESIAN_POINT('',(2.755674491161,0.403455516571,3.012894639933
    ));
#5195 = ORIENTED_EDGE('',*,*,#5196,.F.);
#5196 = EDGE_CURVE('',#5167,#5190,#5197,.T.);
#5197 = B_SPLINE_CURVE_WITH_KNOTS('',1,(#5198,#5199),.UNSPECIFIED.,.F.,
  .F.,(2,2),(-4.540500013184,-4.517105460067),.PIECEWISE_BEZIER_KNOTS.);
#5198 = CARTESIAN_POINT('',(2.755674491161,0.403455516571,2.989500086816
    ));
#5199 = CARTESIAN_POINT('',(2.755674491161,0.403455516571,3.012894639933
    ));
#5200 = B_SPLINE_SURFACE_WITH_KNOTS('',1,1,(
    (#5201,#5202)
    ,(#5203,#5204
    )),.UNSPECIFIED.,.F.,.F.,.F.,(2,2),(2,2),(-1.169727655841E-02,
    1.169727655841E-02),(-4.474487575729E-16,1.E-02),
  .PIECEWISE_BEZIER_KNOTS.);
#5201 = CARTESIAN_POINT('',(2.745779600512,0.402009439451,2.989500086816
    ));
#5202 = CARTESIAN_POINT('',(2.755674491161,0.403455516571,2.989500086816
    ));
#5203 = CARTESIAN_POINT('',(2.745779600512,0.402009439451,3.012894639933
    ));
#5204 = CARTESIAN_POINT('',(2.755674491161,0.403455516571,3.012894639933
    ));
#5205 = ADVANCED_FACE('',(#5206),#5223,.T.);
#5206 = FACE_BOUND('',#5207,.T.);
#5207 = EDGE_LOOP('',(#5208,#5209,#5210,#5217));
#5208 = ORIENTED_EDGE('',*,*,#5189,.F.);
#5209 = ORIENTED_EDGE('',*,*,#495,.T.);
#5210 = ORIENTED_EDGE('',*,*,#5211,.T.);
#5211 = EDGE_CURVE('',#489,#5212,#5214,.T.);
#5212 = VERTEX_POINT('',#5213);
#5213 = CARTESIAN_POINT('',(2.768914111991,0.299166340517,3.012894639933
    ));
#5214 = B_SPLINE_CURVE_WITH_KNOTS('',1,(#5215,#5216),.UNSPECIFIED.,.F.,
  .F.,(2,2),(0.,1.E-02),.PIECEWISE_BEZIER_KNOTS.);
#5215 = CARTESIAN_POINT('',(2.758971767503,0.298094059726,3.012894639933
    ));
#5216 = CARTESIAN_POINT('',(2.768914111991,0.299166340517,3.012894639933
    ));
#5217 = ORIENTED_EDGE('',*,*,#5218,.F.);
#5218 = EDGE_CURVE('',#5190,#5212,#5219,.T.);
#5219 = ( BOUNDED_CURVE() B_SPLINE_CURVE(2,(#5220,#5221,#5222),
.UNSPECIFIED.,.F.,.F.) B_SPLINE_CURVE_WITH_KNOTS((3,3),(2.996476147663,
3.034158021788),.PIECEWISE_BEZIER_KNOTS.) CURVE() 
GEOMETRIC_REPRESENTATION_ITEM() RATIONAL_B_SPLINE_CURVE((1.,
0.999822514796,1.)) REPRESENTATION_ITEM('') );
#5220 = CARTESIAN_POINT('',(2.755674491161,0.403455516571,3.012894639933
    ));
#5221 = CARTESIAN_POINT('',(2.763276870744,0.351435666735,3.012894639933
    ));
#5222 = CARTESIAN_POINT('',(2.768914111991,0.299166340517,3.012894639933
    ));
#5223 = B_SPLINE_SURFACE_WITH_KNOTS('',1,1,(
    (#5224,#5225)
    ,(#5226,#5227
    )),.UNSPECIFIED.,.F.,.F.,.F.,(2,2),(2,2),(2.750779600512,
    2.773914111991),(0.298094059726,0.403455516571),
  .PIECEWISE_BEZIER_KNOTS.);
#5224 = CARTESIAN_POINT('',(2.745779600512,0.298094059726,3.012894639933
    ));
#5225 = CARTESIAN_POINT('',(2.745779600512,0.403455516571,3.012894639933
    ));
#5226 = CARTESIAN_POINT('',(2.768914111991,0.298094059726,3.012894639933
    ));
#5227 = CARTESIAN_POINT('',(2.768914111991,0.403455516571,3.012894639933
    ));
#5228 = ADVANCED_FACE('',(#5229),#5245,.T.);
#5229 = FACE_BOUND('',#5230,.T.);
#5230 = EDGE_LOOP('',(#5231,#5232,#5233,#5240));
#5231 = ORIENTED_EDGE('',*,*,#5211,.F.);
#5232 = ORIENTED_EDGE('',*,*,#488,.T.);
#5233 = ORIENTED_EDGE('',*,*,#5234,.T.);
#5234 = EDGE_CURVE('',#481,#5235,#5237,.T.);
#5235 = VERTEX_POINT('',#5236);
#5236 = CARTESIAN_POINT('',(2.768914111991,0.299166340517,2.809517991502
    ));
#5237 = B_SPLINE_CURVE_WITH_KNOTS('',1,(#5238,#5239),.UNSPECIFIED.,.F.,
  .F.,(2,2),(0.,1.E-02),.PIECEWISE_BEZIER_KNOTS.);
#5238 = CARTESIAN_POINT('',(2.758971767503,0.298094059726,2.809517991502
    ));
#5239 = CARTESIAN_POINT('',(2.768914111991,0.299166340517,2.809517991502
    ));
#5240 = ORIENTED_EDGE('',*,*,#5241,.F.);
#5241 = EDGE_CURVE('',#5212,#5235,#5242,.T.);
#5242 = B_SPLINE_CURVE_WITH_KNOTS('',1,(#5243,#5244),.UNSPECIFIED.,.F.,
  .F.,(2,2),(4.517105460067,4.720482108498),.PIECEWISE_BEZIER_KNOTS.);
#5243 = CARTESIAN_POINT('',(2.768914111991,0.299166340517,3.012894639933
    ));
#5244 = CARTESIAN_POINT('',(2.768914111991,0.299166340517,2.809517991502
    ));
#5245 = B_SPLINE_SURFACE_WITH_KNOTS('',1,1,(
    (#5246,#5247)
    ,(#5248,#5249
    )),.UNSPECIFIED.,.F.,.F.,.F.,(2,2),(2,2),(-0.101688324216,
    0.101688324216),(0.,1.E-02),.PIECEWISE_BEZIER_KNOTS.);
#5246 = CARTESIAN_POINT('',(2.758971767503,0.298094059726,3.012894639933
    ));
#5247 = CARTESIAN_POINT('',(2.768914111991,0.299166340517,3.012894639933
    ));
#5248 = CARTESIAN_POINT('',(2.758971767503,0.298094059726,2.809517991502
    ));
#5249 = CARTESIAN_POINT('',(2.768914111991,0.299166340517,2.809517991502
    ));
#5250 = ADVANCED_FACE('',(#5251),#5268,.F.);
#5251 = FACE_BOUND('',#5252,.T.);
#5252 = EDGE_LOOP('',(#5253,#5254,#5255,#5262));
#5253 = ORIENTED_EDGE('',*,*,#5234,.F.);
#5254 = ORIENTED_EDGE('',*,*,#480,.F.);
#5255 = ORIENTED_EDGE('',*,*,#5256,.T.);
#5256 = EDGE_CURVE('',#474,#5257,#5259,.T.);
#5257 = VERTEX_POINT('',#5258);
#5258 = CARTESIAN_POINT('',(2.754999172302,0.408049713754,2.809517991502
    ));
#5259 = B_SPLINE_CURVE_WITH_KNOTS('',1,(#5260,#5261),.UNSPECIFIED.,.F.,
  .F.,(2,2),(0.,1.E-02),.PIECEWISE_BEZIER_KNOTS.);
#5260 = CARTESIAN_POINT('',(2.74510670215,0.406587169977,2.809517991502)
  );
#5261 = CARTESIAN_POINT('',(2.754999172302,0.408049713754,2.809517991502
    ));
#5262 = ORIENTED_EDGE('',*,*,#5263,.T.);
#5263 = EDGE_CURVE('',#5257,#5235,#5264,.T.);
#5264 = ( BOUNDED_CURVE() B_SPLINE_CURVE(2,(#5265,#5266,#5267),
.UNSPECIFIED.,.F.,.F.) B_SPLINE_CURVE_WITH_KNOTS((3,3),(2.994811786969,
3.034158021788),.PIECEWISE_BEZIER_KNOTS.) CURVE() 
GEOMETRIC_REPRESENTATION_ITEM() RATIONAL_B_SPLINE_CURVE((1.,
0.999806490467,1.)) REPRESENTATION_ITEM('') );
#5265 = CARTESIAN_POINT('',(2.754999172302,0.408049713754,2.809517991502
    ));
#5266 = CARTESIAN_POINT('',(2.763027818036,0.353744919918,2.809517991502
    ));
#5267 = CARTESIAN_POINT('',(2.768914111991,0.299166340517,2.809517991502
    ));
#5268 = B_SPLINE_SURFACE_WITH_KNOTS('',1,1,(
    (#5269,#5270)
    ,(#5271,#5272
    )),.UNSPECIFIED.,.F.,.F.,.F.,(2,2),(2,2),(2.75010670215,
    2.773914111991),(0.298094059726,0.408049713754),
  .PIECEWISE_BEZIER_KNOTS.);
#5269 = CARTESIAN_POINT('',(2.74510670215,0.298094059726,2.809517991502)
  );
#5270 = CARTESIAN_POINT('',(2.74510670215,0.408049713754,2.809517991502)
  );
#5271 = CARTESIAN_POINT('',(2.768914111991,0.298094059726,2.809517991502
    ));
#5272 = CARTESIAN_POINT('',(2.768914111991,0.408049713754,2.809517991502
    ));
#5273 = ADVANCED_FACE('',(#5274),#5290,.T.);
#5274 = FACE_BOUND('',#5275,.T.);
#5275 = EDGE_LOOP('',(#5276,#5277,#5278,#5285));
#5276 = ORIENTED_EDGE('',*,*,#5256,.F.);
#5277 = ORIENTED_EDGE('',*,*,#473,.T.);
#5278 = ORIENTED_EDGE('',*,*,#5279,.T.);
#5279 = EDGE_CURVE('',#466,#5280,#5282,.T.);
#5280 = VERTEX_POINT('',#5281);
#5281 = CARTESIAN_POINT('',(2.754999172302,0.408049713754,2.832704593036
    ));
#5282 = B_SPLINE_CURVE_WITH_KNOTS('',1,(#5283,#5284),.UNSPECIFIED.,.F.,
  .F.,(2,2),(0.,1.E-02),.PIECEWISE_BEZIER_KNOTS.);
#5283 = CARTESIAN_POINT('',(2.74510670215,0.406587169977,2.832704593036)
  );
#5284 = CARTESIAN_POINT('',(2.754999172302,0.408049713754,2.832704593036
    ));
#5285 = ORIENTED_EDGE('',*,*,#5286,.F.);
#5286 = EDGE_CURVE('',#5257,#5280,#5287,.T.);
#5287 = B_SPLINE_CURVE_WITH_KNOTS('',1,(#5288,#5289),.UNSPECIFIED.,.F.,
  .F.,(2,2),(-4.720482108498,-4.697295506964),.PIECEWISE_BEZIER_KNOTS.);
#5288 = CARTESIAN_POINT('',(2.754999172302,0.408049713754,2.809517991502
    ));
#5289 = CARTESIAN_POINT('',(2.754999172302,0.408049713754,2.832704593036
    ));
#5290 = B_SPLINE_SURFACE_WITH_KNOTS('',1,1,(
    (#5291,#5292)
    ,(#5293,#5294
    )),.UNSPECIFIED.,.F.,.F.,.F.,(2,2),(2,2),(-1.159330076689E-02,
    1.159330076689E-02),(0.,1.E-02),.PIECEWISE_BEZIER_KNOTS.);
#5291 = CARTESIAN_POINT('',(2.74510670215,0.406587169977,2.809517991502)
  );
#5292 = CARTESIAN_POINT('',(2.754999172302,0.408049713754,2.809517991502
    ));
#5293 = CARTESIAN_POINT('',(2.74510670215,0.406587169977,2.832704593036)
  );
#5294 = CARTESIAN_POINT('',(2.754999172302,0.408049713754,2.832704593036
    ));
#5295 = ADVANCED_FACE('',(#5296),#5307,.T.);
#5296 = FACE_BOUND('',#5297,.T.);
#5297 = EDGE_LOOP('',(#5298,#5299,#5300,#5306));
#5298 = ORIENTED_EDGE('',*,*,#465,.T.);
#5299 = ORIENTED_EDGE('',*,*,#5046,.T.);
#5300 = ORIENTED_EDGE('',*,*,#5301,.F.);
#5301 = EDGE_CURVE('',#5280,#5047,#5302,.T.);
#5302 = ( BOUNDED_CURVE() B_SPLINE_CURVE(2,(#5303,#5304,#5305),
.UNSPECIFIED.,.F.,.F.) B_SPLINE_CURVE_WITH_KNOTS((3,3),(2.994811786969,
3.024714177404),.PIECEWISE_BEZIER_KNOTS.) CURVE() 
GEOMETRIC_REPRESENTATION_ITEM() RATIONAL_B_SPLINE_CURVE((1.,
0.999888232963,1.)) REPRESENTATION_ITEM('') );
#5303 = CARTESIAN_POINT('',(2.754999172302,0.408049713754,2.832704593036
    ));
#5304 = CARTESIAN_POINT('',(2.761100457861,0.366781352264,2.832704593036
    ));
#5305 = CARTESIAN_POINT('',(2.765965177116,0.325349023678,2.832704593036
    ));
#5306 = ORIENTED_EDGE('',*,*,#5279,.F.);
#5307 = B_SPLINE_SURFACE_WITH_KNOTS('',1,1,(
    (#5308,#5309)
    ,(#5310,#5311
    )),.UNSPECIFIED.,.F.,.F.,.F.,(2,2),(2,2),(2.75010670215,
    2.770965177116),(0.324182898145,0.408049713754),
  .PIECEWISE_BEZIER_KNOTS.);
#5308 = CARTESIAN_POINT('',(2.74510670215,0.324182898145,2.832704593036)
  );
#5309 = CARTESIAN_POINT('',(2.74510670215,0.408049713754,2.832704593036)
  );
#5310 = CARTESIAN_POINT('',(2.765965177116,0.324182898145,2.832704593036
    ));
#5311 = CARTESIAN_POINT('',(2.765965177116,0.408049713754,2.832704593036
    ));
#5312 = ADVANCED_FACE('',(#5313),#5327,.T.);
#5313 = FACE_BOUND('',#5314,.T.);
#5314 = EDGE_LOOP('',(#5315,#5316,#5317,#5318,#5319,#5320,#5321,#5322,
    #5323,#5324,#5325,#5326));
#5315 = ORIENTED_EDGE('',*,*,#5286,.T.);
#5316 = ORIENTED_EDGE('',*,*,#5301,.T.);
#5317 = ORIENTED_EDGE('',*,*,#5061,.T.);
#5318 = ORIENTED_EDGE('',*,*,#5083,.F.);
#5319 = ORIENTED_EDGE('',*,*,#5106,.T.);
#5320 = ORIENTED_EDGE('',*,*,#5128,.T.);
#5321 = ORIENTED_EDGE('',*,*,#5151,.T.);
#5322 = ORIENTED_EDGE('',*,*,#5173,.F.);
#5323 = ORIENTED_EDGE('',*,*,#5196,.T.);
#5324 = ORIENTED_EDGE('',*,*,#5218,.T.);
#5325 = ORIENTED_EDGE('',*,*,#5241,.T.);
#5326 = ORIENTED_EDGE('',*,*,#5263,.F.);
#5327 = ( BOUNDED_SURFACE() B_SPLINE_SURFACE(2,1,(
    (#5328,#5329)
    ,(#5330,#5331)
    ,(#5332,#5333
)),.UNSPECIFIED.,.F.,.F.,.F.) B_SPLINE_SURFACE_WITH_KNOTS((3,3),(2,2),(
    2.994811786969,3.034158021788),(4.517105460067,4.720482108498),
.PIECEWISE_BEZIER_KNOTS.) GEOMETRIC_REPRESENTATION_ITEM() 
RATIONAL_B_SPLINE_SURFACE((
    (1.,1.)
    ,(0.999806490467,0.999806490467)
,(1.,1.))) REPRESENTATION_ITEM('') SURFACE() );
#5328 = CARTESIAN_POINT('',(2.754999172302,0.408049713754,3.012894639933
    ));
#5329 = CARTESIAN_POINT('',(2.754999172302,0.408049713754,2.809517991502
    ));
#5330 = CARTESIAN_POINT('',(2.763027818036,0.353744919918,3.012894639933
    ));
#5331 = CARTESIAN_POINT('',(2.763027818036,0.353744919918,2.809517991502
    ));
#5332 = CARTESIAN_POINT('',(2.768914111991,0.299166340517,3.012894639933
    ));
#5333 = CARTESIAN_POINT('',(2.768914111991,0.299166340517,2.809517991502
    ));
#5334 = ADVANCED_FACE('',(#5335),#5360,.T.);
#5335 = FACE_BOUND('',#5336,.T.);
#5336 = EDGE_LOOP('',(#5337,#5344,#5352,#5359));
#5337 = ORIENTED_EDGE('',*,*,#5338,.F.);
#5338 = EDGE_CURVE('',#5339,#541,#5341,.T.);
#5339 = VERTEX_POINT('',#5340);
#5340 = CARTESIAN_POINT('',(2.74909662699,0.44615218166,3.012894639933)
  );
#5341 = B_SPLINE_CURVE_WITH_KNOTS('',1,(#5342,#5343),.UNSPECIFIED.,.F.,
  .F.,(2,2),(-1.E-02,-0.),.PIECEWISE_BEZIER_KNOTS.);
#5342 = CARTESIAN_POINT('',(2.74909662699,0.44615218166,3.012894639933)
  );
#5343 = CARTESIAN_POINT('',(2.739225312915,0.444553069898,3.012894639933
    ));
#5344 = ORIENTED_EDGE('',*,*,#5345,.F.);
#5345 = EDGE_CURVE('',#5346,#5339,#5348,.T.);
#5346 = VERTEX_POINT('',#5347);
#5347 = CARTESIAN_POINT('',(2.739186365356,0.503528740188,3.012894639933
    ));
#5348 = ( BOUNDED_CURVE() B_SPLINE_CURVE(2,(#5349,#5350,#5351),
.UNSPECIFIED.,.F.,.F.) B_SPLINE_CURVE_WITH_KNOTS((3,3),(2.960122021955,
2.98099198301),.PIECEWISE_BEZIER_KNOTS.) CURVE() 
GEOMETRIC_REPRESENTATION_ITEM() RATIONAL_B_SPLINE_CURVE((1.,
0.999945556085,1.)) REPRESENTATION_ITEM('') );
#5349 = CARTESIAN_POINT('',(2.739186365356,0.503528740188,3.012894639933
    ));
#5350 = CARTESIAN_POINT('',(2.744440868675,0.474892169495,3.012894639933
    ));
#5351 = CARTESIAN_POINT('',(2.74909662699,0.44615218166,3.012894639933)
  );
#5352 = ORIENTED_EDGE('',*,*,#5353,.T.);
#5353 = EDGE_CURVE('',#5346,#550,#5354,.T.);
#5354 = B_SPLINE_CURVE_WITH_KNOTS('',3,(#5355,#5356,#5357,#5358),
  .UNSPECIFIED.,.F.,.F.,(4,4),(0.,1.),.PIECEWISE_BEZIER_KNOTS.);
#5355 = CARTESIAN_POINT('',(2.739186365356,0.503528740188,3.012894639933
    ));
#5356 = CARTESIAN_POINT('',(2.735907767548,0.502927152685,3.012894639933
    ));
#5357 = CARTESIAN_POINT('',(2.73262916974,0.502325565182,3.012894639933)
  );
#5358 = CARTESIAN_POINT('',(2.729350571932,0.501723977679,3.012894639933
    ));
#5359 = ORIENTED_EDGE('',*,*,#549,.T.);
#5360 = B_SPLINE_SURFACE_WITH_KNOTS('',1,1,(
    (#5361,#5362)
    ,(#5363,#5364
    )),.UNSPECIFIED.,.F.,.F.,.F.,(2,2),(2,2),(2.734350571932,
    2.75409662699),(0.444553069898,0.503528740188),
  .PIECEWISE_BEZIER_KNOTS.);
#5361 = CARTESIAN_POINT('',(2.729350571932,0.444553069898,3.012894639933
    ));
#5362 = CARTESIAN_POINT('',(2.729350571932,0.503528740188,3.012894639933
    ));
#5363 = CARTESIAN_POINT('',(2.74909662699,0.444553069898,3.012894639933)
  );
#5364 = CARTESIAN_POINT('',(2.74909662699,0.503528740188,3.012894639933)
  );
#5365 = ADVANCED_FACE('',(#5366),#5384,.T.);
#5366 = FACE_BOUND('',#5367,.T.);
#5367 = EDGE_LOOP('',(#5368,#5369,#5378,#5383));
#5368 = ORIENTED_EDGE('',*,*,#5353,.F.);
#5369 = ORIENTED_EDGE('',*,*,#5370,.F.);
#5370 = EDGE_CURVE('',#5371,#5346,#5373,.T.);
#5371 = VERTEX_POINT('',#5372);
#5372 = CARTESIAN_POINT('',(2.724213260831,0.579219282229,2.985970722896
    ));
#5373 = B_SPLINE_CURVE_WITH_KNOTS('',3,(#5374,#5375,#5376,#5377),
  .UNSPECIFIED.,.F.,.F.,(4,4),(1.106630041777E-04,1.),
  .PIECEWISE_BEZIER_KNOTS.);
#5374 = CARTESIAN_POINT('',(2.724213260831,0.579219282229,2.985970722896
    ));
#5375 = CARTESIAN_POINT('',(2.728529079103,0.558883653184,3.003477443293
    ));
#5376 = CARTESIAN_POINT('',(2.733654534419,0.533676721467,3.012452082306
    ));
#5377 = CARTESIAN_POINT('',(2.739186365356,0.503528740188,3.012894639933
    ));
#5378 = ORIENTED_EDGE('',*,*,#5379,.T.);
#5379 = EDGE_CURVE('',#5371,#558,#5380,.T.);
#5380 = B_SPLINE_CURVE_WITH_KNOTS('',1,(#5381,#5382),.UNSPECIFIED.,.F.,
  .F.,(2,2),(0.,1.),.PIECEWISE_BEZIER_KNOTS.);
#5381 = CARTESIAN_POINT('',(2.724213260831,0.579219282229,2.985970722896
    ));
#5382 = CARTESIAN_POINT('',(2.71442970665,0.577149955027,2.985964909901)
  );
#5383 = ORIENTED_EDGE('',*,*,#557,.T.);
#5384 = B_SPLINE_SURFACE_WITH_KNOTS('',1,3,(
    (#5385,#5386,#5387,#5388)
    ,(#5389,#5390,#5391,#5392
    )),.UNSPECIFIED.,.F.,.F.,.F.,(2,2),(4,4),(0.,1.),(0.,1.),
  .PIECEWISE_BEZIER_KNOTS.);
#5385 = CARTESIAN_POINT('',(2.724211827897,0.579226034002,2.985964909901
    ));
#5386 = CARTESIAN_POINT('',(2.72852789693,0.558889471137,3.003475251504)
  );
#5387 = CARTESIAN_POINT('',(2.733653838972,0.533680511591,3.012452026668
    ));
#5388 = CARTESIAN_POINT('',(2.739186365356,0.503528740188,3.012894639933
    ));
#5389 = CARTESIAN_POINT('',(2.71442970665,0.577149955027,2.985964909901)
  );
#5390 = CARTESIAN_POINT('',(2.718730306131,0.556886281986,3.003475252439
    ));
#5391 = CARTESIAN_POINT('',(2.723837875243,0.531767679027,3.012452026656
    ));
#5392 = CARTESIAN_POINT('',(2.729350571932,0.501723977679,3.012894639933
    ));
#5393 = ADVANCED_FACE('',(#5394),#5412,.T.);
#5394 = FACE_BOUND('',#5395,.T.);
#5395 = EDGE_LOOP('',(#5396,#5397,#5406,#5411));
#5396 = ORIENTED_EDGE('',*,*,#5379,.F.);
#5397 = ORIENTED_EDGE('',*,*,#5398,.F.);
#5398 = EDGE_CURVE('',#5399,#5371,#5401,.T.);
#5399 = VERTEX_POINT('',#5400);
#5400 = CARTESIAN_POINT('',(2.717655003742,0.609302659274,2.913805710509
    ));
#5401 = B_SPLINE_CURVE_WITH_KNOTS('',3,(#5402,#5403,#5404,#5405),
  .UNSPECIFIED.,.F.,.F.,(4,4),(0.,1.),.PIECEWISE_BEZIER_KNOTS.);
#5402 = CARTESIAN_POINT('',(2.717655003742,0.609302659274,2.913805710509
    ));
#5403 = CARTESIAN_POINT('',(2.717775093312,0.608766041776,2.94439314223)
  );
#5404 = CARTESIAN_POINT('',(2.719718896685,0.600395940543,2.966169661888
    ));
#5405 = CARTESIAN_POINT('',(2.724213260831,0.579219282229,2.985970722896
    ));
#5406 = ORIENTED_EDGE('',*,*,#5407,.T.);
#5407 = EDGE_CURVE('',#5399,#567,#5408,.T.);
#5408 = B_SPLINE_CURVE_WITH_KNOTS('',1,(#5409,#5410),.UNSPECIFIED.,.F.,
  .F.,(2,2),(0.,1.),.PIECEWISE_BEZIER_KNOTS.);
#5409 = CARTESIAN_POINT('',(2.717655003742,0.609302659274,2.913805710509
    ));
#5410 = CARTESIAN_POINT('',(2.707896383657,0.607118778775,2.913805710509
    ));
#5411 = ORIENTED_EDGE('',*,*,#566,.T.);
#5412 = B_SPLINE_SURFACE_WITH_KNOTS('',1,3,(
    (#5413,#5414,#5415,#5416)
    ,(#5417,#5418,#5419,#5420
    )),.UNSPECIFIED.,.F.,.F.,.F.,(2,2),(4,4),(0.,1.),(0.,1.),
  .PIECEWISE_BEZIER_KNOTS.);
#5413 = CARTESIAN_POINT('',(2.717655003742,0.609302659274,2.913805710509
    ));
#5414 = CARTESIAN_POINT('',(2.717773889327,0.608771421755,2.944086481055
    ));
#5415 = CARTESIAN_POINT('',(2.719615762313,0.600881891677,2.965715265776
    ));
#5416 = CARTESIAN_POINT('',(2.724211827897,0.579226034002,2.985964909901
    ));
#5417 = CARTESIAN_POINT('',(2.707896383657,0.607118778775,2.913805710509
    ));
#5418 = CARTESIAN_POINT('',(2.708014844957,0.606589437165,2.944086948305
    ));
#5419 = CARTESIAN_POINT('',(2.709849971077,0.598728868544,2.965714631958
    ));
#5420 = CARTESIAN_POINT('',(2.71442970665,0.577149955027,2.985964909901)
  );
#5421 = ADVANCED_FACE('',(#5422),#5440,.T.);
#5422 = FACE_BOUND('',#5423,.T.);
#5423 = EDGE_LOOP('',(#5424,#5425,#5434,#5439));
#5424 = ORIENTED_EDGE('',*,*,#5407,.F.);
#5425 = ORIENTED_EDGE('',*,*,#5426,.F.);
#5426 = EDGE_CURVE('',#5427,#5399,#5429,.T.);
#5427 = VERTEX_POINT('',#5428);
#5428 = CARTESIAN_POINT('',(2.724210502396,0.579232279499,2.838013550398
    ));
#5429 = B_SPLINE_CURVE_WITH_KNOTS('',3,(#5430,#5431,#5432,#5433),
  .UNSPECIFIED.,.F.,.F.,(4,4),(9.777730165962E-05,1.),
  .PIECEWISE_BEZIER_KNOTS.);
#5430 = CARTESIAN_POINT('',(2.724210502396,0.579232279499,2.838013550398
    ));
#5431 = CARTESIAN_POINT('',(2.719692387491,0.600520607319,2.859121017298
    ));
#5432 = CARTESIAN_POINT('',(2.717767642664,0.608799334826,2.882064871387
    ));
#5433 = CARTESIAN_POINT('',(2.717655003742,0.609302659274,2.913805710509
    ));
#5434 = ORIENTED_EDGE('',*,*,#5435,.T.);
#5435 = EDGE_CURVE('',#5427,#576,#5436,.T.);
#5436 = B_SPLINE_CURVE_WITH_KNOTS('',1,(#5437,#5438),.UNSPECIFIED.,.F.,
  .F.,(2,2),(0.,1.),.PIECEWISE_BEZIER_KNOTS.);
#5437 = CARTESIAN_POINT('',(2.724210502396,0.579232279499,2.838013550398
    ));
#5438 = CARTESIAN_POINT('',(2.71442970665,0.577149955027,2.838007358408)
  );
#5439 = ORIENTED_EDGE('',*,*,#575,.T.);
#5440 = B_SPLINE_SURFACE_WITH_KNOTS('',1,3,(
    (#5441,#5442,#5443,#5444)
    ,(#5445,#5446,#5447,#5448
    )),.UNSPECIFIED.,.F.,.F.,.F.,(2,2),(4,4),(0.,1.),(0.,1.),
  .PIECEWISE_BEZIER_KNOTS.);
#5441 = CARTESIAN_POINT('',(2.724211827897,0.579226034002,2.838007358408
    ));
#5442 = CARTESIAN_POINT('',(2.719582978597,0.601036362816,2.859629272309
    ));
#5443 = CARTESIAN_POINT('',(2.717766392859,0.608804919553,2.882417057569
    ));
#5444 = CARTESIAN_POINT('',(2.717655003742,0.609302659274,2.913805710509
    ));
#5445 = CARTESIAN_POINT('',(2.71442970665,0.577149955027,2.838007358408)
  );
#5446 = CARTESIAN_POINT('',(2.709817300354,0.59888280728,2.859629965435)
  );
#5447 = CARTESIAN_POINT('',(2.70800737534,0.606622814977,2.882416545578)
  );
#5448 = CARTESIAN_POINT('',(2.707896383657,0.607118778775,2.913805710509
    ));
#5449 = ADVANCED_FACE('',(#5450),#5468,.T.);
#5450 = FACE_BOUND('',#5451,.T.);
#5451 = EDGE_LOOP('',(#5452,#5453,#5462,#5467));
#5452 = ORIENTED_EDGE('',*,*,#5435,.F.);
#5453 = ORIENTED_EDGE('',*,*,#5454,.F.);
#5454 = EDGE_CURVE('',#5455,#5427,#5457,.T.);
#5455 = VERTEX_POINT('',#5456);
#5456 = CARTESIAN_POINT('',(2.739562250806,0.501475873249,2.809517991502
    ));
#5457 = B_SPLINE_CURVE_WITH_KNOTS('',3,(#5458,#5459,#5460,#5461),
  .UNSPECIFIED.,.F.,.F.,(4,4),(0.,1.),.PIECEWISE_BEZIER_KNOTS.);
#5458 = CARTESIAN_POINT('',(2.739562250806,0.501475873249,2.809517991502
    ));
#5459 = CARTESIAN_POINT('',(2.733717016791,0.533466661802,2.810021538809
    ));
#5460 = CARTESIAN_POINT('',(2.728926364205,0.557011962983,2.817763370673
    ));
#5461 = CARTESIAN_POINT('',(2.724210502396,0.579232279499,2.838013550398
    ));
#5462 = ORIENTED_EDGE('',*,*,#5463,.T.);
#5463 = EDGE_CURVE('',#5455,#585,#5464,.T.);
#5464 = B_SPLINE_CURVE_WITH_KNOTS('',1,(#5465,#5466),.UNSPECIFIED.,.F.,
  .F.,(2,2),(0.,1.),.PIECEWISE_BEZIER_KNOTS.);
#5465 = CARTESIAN_POINT('',(2.739562250806,0.501475873249,2.809517991502
    ));
#5466 = CARTESIAN_POINT('',(2.729725110122,0.499678468685,2.809517991502
    ));
#5467 = ORIENTED_EDGE('',*,*,#584,.T.);
#5468 = B_SPLINE_SURFACE_WITH_KNOTS('',1,3,(
    (#5469,#5470,#5471,#5472)
    ,(#5473,#5474,#5475,#5476
    )),.UNSPECIFIED.,.F.,.F.,.F.,(2,2),(4,4),(0.,1.),(0.,1.),
  .PIECEWISE_BEZIER_KNOTS.);
#5469 = CARTESIAN_POINT('',(2.739562250806,0.501475873249,2.809517991502
    ));
#5470 = CARTESIAN_POINT('',(2.733809878457,0.532958432715,2.810013539087
    ));
#5471 = CARTESIAN_POINT('',(2.729068969126,0.556340033525,2.817151032138
    ));
#5472 = CARTESIAN_POINT('',(2.724211827897,0.579226034002,2.838007358408
    ));
#5473 = CARTESIAN_POINT('',(2.729725110122,0.499678468685,2.809517991502
    ));
#5474 = CARTESIAN_POINT('',(2.72399346879,0.531047567927,2.810013529301)
  );
#5475 = CARTESIAN_POINT('',(2.719269262394,0.554346814281,2.817151792214
    ));
#5476 = CARTESIAN_POINT('',(2.71442970665,0.577149955027,2.838007358408)
  );
#5477 = ADVANCED_FACE('',(#5478),#5495,.F.);
#5478 = FACE_BOUND('',#5479,.T.);
#5479 = EDGE_LOOP('',(#5480,#5481,#5489,#5494));
#5480 = ORIENTED_EDGE('',*,*,#5463,.F.);
#5481 = ORIENTED_EDGE('',*,*,#5482,.T.);
#5482 = EDGE_CURVE('',#5455,#5483,#5485,.T.);
#5483 = VERTEX_POINT('',#5484);
#5484 = CARTESIAN_POINT('',(2.74909662699,0.44615218166,2.809517991502)
  );
#5485 = ( BOUNDED_CURVE() B_SPLINE_CURVE(2,(#5486,#5487,#5488),
.UNSPECIFIED.,.F.,.F.) B_SPLINE_CURVE_WITH_KNOTS((3,3),(2.960870049233,
2.98099198301),.PIECEWISE_BEZIER_KNOTS.) CURVE() 
GEOMETRIC_REPRESENTATION_ITEM() RATIONAL_B_SPLINE_CURVE((1.,0.9999493889
,1.)) REPRESENTATION_ITEM('') );
#5486 = CARTESIAN_POINT('',(2.739562250806,0.501475873249,2.809517991502
    ));
#5487 = CARTESIAN_POINT('',(2.744607753203,0.473861991595,2.809517991502
    ));
#5488 = CARTESIAN_POINT('',(2.74909662699,0.44615218166,2.809517991502)
  );
#5489 = ORIENTED_EDGE('',*,*,#5490,.T.);
#5490 = EDGE_CURVE('',#5483,#543,#5491,.T.);
#5491 = B_SPLINE_CURVE_WITH_KNOTS('',1,(#5492,#5493),.UNSPECIFIED.,.F.,
  .F.,(2,2),(-1.E-02,-0.),.PIECEWISE_BEZIER_KNOTS.);
#5492 = CARTESIAN_POINT('',(2.74909662699,0.44615218166,2.809517991502)
  );
#5493 = CARTESIAN_POINT('',(2.739225312915,0.444553069898,2.809517991502
    ));
#5494 = ORIENTED_EDGE('',*,*,#593,.F.);
#5495 = B_SPLINE_SURFACE_WITH_KNOTS('',1,1,(
    (#5496,#5497)
    ,(#5498,#5499
    )),.UNSPECIFIED.,.F.,.F.,.F.,(2,2),(2,2),(2.734725110122,
    2.75409662699),(0.444553069898,0.501475873249),
  .PIECEWISE_BEZIER_KNOTS.);
#5496 = CARTESIAN_POINT('',(2.729725110122,0.444553069898,2.809517991502
    ));
#5497 = CARTESIAN_POINT('',(2.729725110122,0.501475873249,2.809517991502
    ));
#5498 = CARTESIAN_POINT('',(2.74909662699,0.444553069898,2.809517991502)
  );
#5499 = CARTESIAN_POINT('',(2.74909662699,0.501475873249,2.809517991502)
  );
#5500 = ADVANCED_FACE('',(#5501),#5511,.T.);
#5501 = FACE_BOUND('',#5502,.T.);
#5502 = EDGE_LOOP('',(#5503,#5508,#5509,#5510));
#5503 = ORIENTED_EDGE('',*,*,#5504,.F.);
#5504 = EDGE_CURVE('',#5339,#5483,#5505,.T.);
#5505 = B_SPLINE_CURVE_WITH_KNOTS('',1,(#5506,#5507),.UNSPECIFIED.,.F.,
  .F.,(2,2),(4.517105460067,4.720482108498),.PIECEWISE_BEZIER_KNOTS.);
#5506 = CARTESIAN_POINT('',(2.74909662699,0.44615218166,3.012894639933)
  );
#5507 = CARTESIAN_POINT('',(2.74909662699,0.44615218166,2.809517991502)
  );
#5508 = ORIENTED_EDGE('',*,*,#5338,.T.);
#5509 = ORIENTED_EDGE('',*,*,#540,.T.);
#5510 = ORIENTED_EDGE('',*,*,#5490,.F.);
#5511 = B_SPLINE_SURFACE_WITH_KNOTS('',1,1,(
    (#5512,#5513)
    ,(#5514,#5515
    )),.UNSPECIFIED.,.F.,.F.,.F.,(2,2),(2,2),(-0.101688324216,
    0.101688324216),(0.,1.E-02),.PIECEWISE_BEZIER_KNOTS.);
#5512 = CARTESIAN_POINT('',(2.739225312915,0.444553069898,3.012894639933
    ));
#5513 = CARTESIAN_POINT('',(2.74909662699,0.44615218166,3.012894639933)
  );
#5514 = CARTESIAN_POINT('',(2.739225312915,0.444553069898,2.809517991502
    ));
#5515 = CARTESIAN_POINT('',(2.74909662699,0.44615218166,2.809517991502)
  );
#5516 = ADVANCED_FACE('',(#5517,#5578),#5587,.T.);
#5517 = FACE_BOUND('',#5518,.T.);
#5518 = EDGE_LOOP('',(#5519,#5530,#5538,#5545,#5553,#5562,#5571));
#5519 = ORIENTED_EDGE('',*,*,#5520,.F.);
#5520 = EDGE_CURVE('',#5521,#5523,#5525,.T.);
#5521 = VERTEX_POINT('',#5522);
#5522 = CARTESIAN_POINT('',(2.739590380309,0.501321896903,2.832704593036
    ));
#5523 = VERTEX_POINT('',#5524);
#5524 = CARTESIAN_POINT('',(2.728039943276,0.560885610848,2.853911121915
    ));
#5525 = B_SPLINE_CURVE_WITH_KNOTS('',3,(#5526,#5527,#5528,#5529),
  .UNSPECIFIED.,.F.,.F.,(4,4),(0.,0.99990553083),
  .PIECEWISE_BEZIER_KNOTS.);
#5526 = CARTESIAN_POINT('',(2.739590380309,0.501321896903,2.832704593036
    ));
#5527 = CARTESIAN_POINT('',(2.73489116444,0.527048725811,2.83315223093)
  );
#5528 = CARTESIAN_POINT('',(2.731530428583,0.543877596901,2.837921298112
    ));
#5529 = CARTESIAN_POINT('',(2.728039943276,0.560885610848,2.853911121915
    ));
#5530 = ORIENTED_EDGE('',*,*,#5531,.T.);
#5531 = EDGE_CURVE('',#5521,#5532,#5534,.T.);
#5532 = VERTEX_POINT('',#5533);
#5533 = CARTESIAN_POINT('',(2.744760485055,0.472141159854,2.832704593036
    ));
#5534 = ( BOUNDED_CURVE() B_SPLINE_CURVE(2,(#5535,#5536,#5537),
.UNSPECIFIED.,.F.,.F.) B_SPLINE_CURVE_WITH_KNOTS((3,3),(2.960926151279,
2.971548138626),.PIECEWISE_BEZIER_KNOTS.) CURVE() 
GEOMETRIC_REPRESENTATION_ITEM() RATIONAL_B_SPLINE_CURVE((1.,
0.999985896706,1.)) REPRESENTATION_ITEM('') );
#5535 = CARTESIAN_POINT('',(2.739590380309,0.501321896903,2.832704593036
    ));
#5536 = CARTESIAN_POINT('',(2.742252922766,0.486745257705,2.832704593036
    ));
#5537 = CARTESIAN_POINT('',(2.744760485055,0.472141159854,2.832704593036
    ));
#5538 = ORIENTED_EDGE('',*,*,#5539,.F.);
#5539 = EDGE_CURVE('',#5540,#5532,#5542,.T.);
#5540 = VERTEX_POINT('',#5541);
#5541 = CARTESIAN_POINT('',(2.744760485055,0.472141159854,2.989500086816
    ));
#5542 = B_SPLINE_CURVE_WITH_KNOTS('',1,(#5543,#5544),.UNSPECIFIED.,.F.,
  .F.,(2,2),(4.540500013184,4.697295506964),.PIECEWISE_BEZIER_KNOTS.);
#5543 = CARTESIAN_POINT('',(2.744760485055,0.472141159854,2.989500086816
    ));
#5544 = CARTESIAN_POINT('',(2.744760485055,0.472141159854,2.832704593036
    ));
#5545 = ORIENTED_EDGE('',*,*,#5546,.F.);
#5546 = EDGE_CURVE('',#5547,#5540,#5549,.T.);
#5547 = VERTEX_POINT('',#5548);
#5548 = CARTESIAN_POINT('',(2.739374500031,0.502502341864,2.989500086816
    ));
#5549 = ( BOUNDED_CURVE() B_SPLINE_CURVE(2,(#5550,#5551,#5552),
.UNSPECIFIED.,.F.,.F.) B_SPLINE_CURVE_WITH_KNOTS((3,3),(2.960496035595,
2.971548138626),.PIECEWISE_BEZIER_KNOTS.) CURVE() 
GEOMETRIC_REPRESENTATION_ITEM() RATIONAL_B_SPLINE_CURVE((1.,
0.999984731416,1.)) REPRESENTATION_ITEM('') );
#5550 = CARTESIAN_POINT('',(2.739374500031,0.502502341864,2.989500086816
    ));
#5551 = CARTESIAN_POINT('',(2.742151382125,0.487336632626,2.989500086816
    ));
#5552 = CARTESIAN_POINT('',(2.744760485055,0.472141159854,2.989500086816
    ));
#5553 = ORIENTED_EDGE('',*,*,#5554,.F.);
#5554 = EDGE_CURVE('',#5555,#5547,#5557,.T.);
#5555 = VERTEX_POINT('',#5556);
#5556 = CARTESIAN_POINT('',(2.728153272577,0.560333105037,2.970363984335
    ));
#5557 = B_SPLINE_CURVE_WITH_KNOTS('',3,(#5558,#5559,#5560,#5561),
  .UNSPECIFIED.,.F.,.F.,(4,4),(0.,1.),.PIECEWISE_BEZIER_KNOTS.);
#5558 = CARTESIAN_POINT('',(2.728153272577,0.560333105037,2.970363984335
    ));
#5559 = CARTESIAN_POINT('',(2.731210962164,0.545418386938,2.982734144497
    ));
#5560 = CARTESIAN_POINT('',(2.735042810648,0.526159501036,2.98911143777)
  );
#5561 = CARTESIAN_POINT('',(2.739374500031,0.502502341864,2.989500086816
    ));
#5562 = ORIENTED_EDGE('',*,*,#5563,.F.);
#5563 = EDGE_CURVE('',#5564,#5555,#5566,.T.);
#5564 = VERTEX_POINT('',#5565);
#5565 = CARTESIAN_POINT('',(2.723571083422,0.582236930048,2.913077879967
    ));
#5566 = B_SPLINE_CURVE_WITH_KNOTS('',3,(#5567,#5568,#5569,#5570),
  .UNSPECIFIED.,.F.,.F.,(4,4),(0.,0.999903343175),
  .PIECEWISE_BEZIER_KNOTS.);
#5567 = CARTESIAN_POINT('',(2.723571083422,0.582236930048,2.913077879967
    ));
#5568 = CARTESIAN_POINT('',(2.723662903192,0.581806629675,2.93700756612)
  );
#5569 = CARTESIAN_POINT('',(2.724695971861,0.577197035872,2.954654018704
    ));
#5570 = CARTESIAN_POINT('',(2.728153272577,0.560333105037,2.970363984335
    ));
#5571 = ORIENTED_EDGE('',*,*,#5572,.F.);
#5572 = EDGE_CURVE('',#5523,#5564,#5573,.T.);
#5573 = B_SPLINE_CURVE_WITH_KNOTS('',3,(#5574,#5575,#5576,#5577),
  .UNSPECIFIED.,.F.,.F.,(4,4),(0.,1.),.PIECEWISE_BEZIER_KNOTS.);
#5574 = CARTESIAN_POINT('',(2.728039943276,0.560885610848,2.853911121915
    ));
#5575 = CARTESIAN_POINT('',(2.724700746361,0.577156445092,2.870894284954
    ));
#5576 = CARTESIAN_POINT('',(2.723660732018,0.581816804576,2.888713048344
    ));
#5577 = CARTESIAN_POINT('',(2.723571083422,0.582236930048,2.913077879967
    ));
#5578 = FACE_BOUND('',#5579,.T.);
#5579 = EDGE_LOOP('',(#5580,#5581,#5582,#5583,#5584,#5585,#5586));
#5580 = ORIENTED_EDGE('',*,*,#5482,.F.);
#5581 = ORIENTED_EDGE('',*,*,#5454,.T.);
#5582 = ORIENTED_EDGE('',*,*,#5426,.T.);
#5583 = ORIENTED_EDGE('',*,*,#5398,.T.);
#5584 = ORIENTED_EDGE('',*,*,#5370,.T.);
#5585 = ORIENTED_EDGE('',*,*,#5345,.T.);
#5586 = ORIENTED_EDGE('',*,*,#5504,.T.);
#5587 = ( BOUNDED_SURFACE() B_SPLINE_SURFACE(2,1,(
    (#5588,#5589)
    ,(#5590,#5591)
    ,(#5592,#5593
)),.UNSPECIFIED.,.F.,.F.,.F.) B_SPLINE_SURFACE_WITH_KNOTS((3,3),(2,2),(
    2.921430311005,2.98099198301),(4.517105460067,4.720482108498),
.PIECEWISE_BEZIER_KNOTS.) GEOMETRIC_REPRESENTATION_ITEM() 
RATIONAL_B_SPLINE_SURFACE((
    (1.,1.)
    ,(0.999556583677,0.999556583677)
,(1.,1.))) REPRESENTATION_ITEM('') SURFACE() );
#5588 = CARTESIAN_POINT('',(2.717655003742,0.609302659274,3.012894639933
    ));
#5589 = CARTESIAN_POINT('',(2.717655003742,0.609302659274,2.809517991502
    ));
#5590 = CARTESIAN_POINT('',(2.735805912634,0.528195737838,3.012894639933
    ));
#5591 = CARTESIAN_POINT('',(2.735805912634,0.528195737838,2.809517991502
    ));
#5592 = CARTESIAN_POINT('',(2.74909662699,0.44615218166,3.012894639933)
  );
#5593 = CARTESIAN_POINT('',(2.74909662699,0.44615218166,2.809517991502)
  );
#5594 = ADVANCED_FACE('',(#5595),#5618,.T.);
#5595 = FACE_BOUND('',#5596,.T.);
#5596 = EDGE_LOOP('',(#5597,#5604,#5605,#5612));
#5597 = ORIENTED_EDGE('',*,*,#5598,.T.);
#5598 = EDGE_CURVE('',#5599,#5532,#5601,.T.);
#5599 = VERTEX_POINT('',#5600);
#5600 = CARTESIAN_POINT('',(2.734904712707,0.470448897633,2.832704593036
    ));
#5601 = B_SPLINE_CURVE_WITH_KNOTS('',1,(#5602,#5603),.UNSPECIFIED.,.F.,
  .F.,(2,2),(-8.941563157077E-16,1.E-02),.PIECEWISE_BEZIER_KNOTS.);
#5602 = CARTESIAN_POINT('',(2.734904712707,0.470448897633,2.832704593036
    ));
#5603 = CARTESIAN_POINT('',(2.744760485055,0.472141159854,2.832704593036
    ));
#5604 = ORIENTED_EDGE('',*,*,#5531,.F.);
#5605 = ORIENTED_EDGE('',*,*,#5606,.F.);
#5606 = EDGE_CURVE('',#5607,#5521,#5609,.T.);
#5607 = VERTEX_POINT('',#5608);
#5608 = CARTESIAN_POINT('',(2.729753138803,0.499525044226,2.832704593036
    ));
#5609 = B_SPLINE_CURVE_WITH_KNOTS('',1,(#5610,#5611),.UNSPECIFIED.,.F.,
  .F.,(2,2),(0.,1.),.PIECEWISE_BEZIER_KNOTS.);
#5610 = CARTESIAN_POINT('',(2.729753138803,0.499525044226,2.832704593036
    ));
#5611 = CARTESIAN_POINT('',(2.739590380309,0.501321896903,2.832704593036
    ));
#5612 = ORIENTED_EDGE('',*,*,#5613,.T.);
#5613 = EDGE_CURVE('',#5607,#5599,#5614,.T.);
#5614 = ( BOUNDED_CURVE() B_SPLINE_CURVE(2,(#5615,#5616,#5617),
.UNSPECIFIED.,.F.,.F.) B_SPLINE_CURVE_WITH_KNOTS((3,3),(6.272563319833,
6.28318530718),.PIECEWISE_BEZIER_KNOTS.) CURVE() 
GEOMETRIC_REPRESENTATION_ITEM() RATIONAL_B_SPLINE_CURVE((1.,
0.999985896706,1.)) REPRESENTATION_ITEM('') );
#5615 = CARTESIAN_POINT('',(2.729753138803,0.499525044226,2.832704593036
    ));
#5616 = CARTESIAN_POINT('',(2.732406138096,0.485000651046,2.832704593036
    ));
#5617 = CARTESIAN_POINT('',(2.734904712707,0.470448897633,2.832704593036
    ));
#5618 = B_SPLINE_SURFACE_WITH_KNOTS('',1,1,(
    (#5619,#5620)
    ,(#5621,#5622
    )),.UNSPECIFIED.,.F.,.F.,.F.,(2,2),(2,2),(2.734753138803,
    2.749760485055),(0.470448897633,0.501321896903),
  .PIECEWISE_BEZIER_KNOTS.);
#5619 = CARTESIAN_POINT('',(2.729753138803,0.470448897633,2.832704593036
    ));
#5620 = CARTESIAN_POINT('',(2.729753138803,0.501321896903,2.832704593036
    ));
#5621 = CARTESIAN_POINT('',(2.744760485055,0.470448897633,2.832704593036
    ));
#5622 = CARTESIAN_POINT('',(2.744760485055,0.501321896903,2.832704593036
    ));
#5623 = ADVANCED_FACE('',(#5624),#5644,.F.);
#5624 = FACE_BOUND('',#5625,.F.);
#5625 = EDGE_LOOP('',(#5626,#5637,#5642,#5643));
#5626 = ORIENTED_EDGE('',*,*,#5627,.T.);
#5627 = EDGE_CURVE('',#5607,#5628,#5630,.T.);
#5628 = VERTEX_POINT('',#5629);
#5629 = CARTESIAN_POINT('',(2.718243115226,0.558880072443,2.853915654528
    ));
#5630 = B_SPLINE_CURVE_WITH_KNOTS('',3,(#5631,#5632,#5633,#5634,#5635,
    #5636),.UNSPECIFIED.,.F.,.F.,(4,2,4),(0.,0.5,1.),.UNSPECIFIED.);
#5631 = CARTESIAN_POINT('',(2.729753138803,0.499525044226,2.832704593036
    ));
#5632 = CARTESIAN_POINT('',(2.727405140341,0.512379647285,2.83292906322)
  );
#5633 = CARTESIAN_POINT('',(2.725639446802,0.521639856183,2.833962709473
    ));
#5634 = CARTESIAN_POINT('',(2.721817428733,0.541263926704,2.840329965688
    ));
#5635 = CARTESIAN_POINT('',(2.719982321078,0.550405480853,2.845919738004
    ));
#5636 = CARTESIAN_POINT('',(2.718243115226,0.558880072443,2.853915654528
    ));
#5637 = ORIENTED_EDGE('',*,*,#5638,.T.);
#5638 = EDGE_CURVE('',#5628,#5523,#5639,.T.);
#5639 = B_SPLINE_CURVE_WITH_KNOTS('',1,(#5640,#5641),.UNSPECIFIED.,.F.,
  .F.,(2,2),(0.,1.),.PIECEWISE_BEZIER_KNOTS.);
#5640 = CARTESIAN_POINT('',(2.718243115226,0.558880072443,2.853915654528
    ));
#5641 = CARTESIAN_POINT('',(2.728039943276,0.560885610848,2.853911121915
    ));
#5642 = ORIENTED_EDGE('',*,*,#5520,.F.);
#5643 = ORIENTED_EDGE('',*,*,#5606,.F.);
#5644 = B_SPLINE_SURFACE_WITH_KNOTS('',1,3,(
    (#5645,#5646,#5647,#5648)
    ,(#5649,#5650,#5651,#5652
    )),.UNSPECIFIED.,.F.,.F.,.F.,(2,2),(4,4),(0.,1.),(0.,1.),
  .PIECEWISE_BEZIER_KNOTS.);
#5645 = CARTESIAN_POINT('',(2.739590380309,0.501321896903,2.832704593036
    ));
#5646 = CARTESIAN_POINT('',(2.73489116444,0.527048725811,2.83315223093)
  );
#5647 = CARTESIAN_POINT('',(2.731530428583,0.543877596901,2.837921298112
    ));
#5648 = CARTESIAN_POINT('',(2.72803895377,0.560890432416,2.853915654528)
  );
#5649 = CARTESIAN_POINT('',(2.729753138803,0.499525044226,2.832704593036
    ));
#5650 = CARTESIAN_POINT('',(2.72507092474,0.525158793228,2.833152215755)
  );
#5651 = CARTESIAN_POINT('',(2.721721828191,0.541929421314,2.837922436447
    ));
#5652 = CARTESIAN_POINT('',(2.718243115226,0.558880072443,2.853915654528
    ));
#5653 = ADVANCED_FACE('',(#5654),#5674,.F.);
#5654 = FACE_BOUND('',#5655,.F.);
#5655 = EDGE_LOOP('',(#5656,#5667,#5672,#5673));
#5656 = ORIENTED_EDGE('',*,*,#5657,.T.);
#5657 = EDGE_CURVE('',#5628,#5658,#5660,.T.);
#5658 = VERTEX_POINT('',#5659);
#5659 = CARTESIAN_POINT('',(2.71379125875,0.580150059331,2.913077879967)
  );
#5660 = B_SPLINE_CURVE_WITH_KNOTS('',3,(#5661,#5662,#5663,#5664,#5665,
    #5666),.UNSPECIFIED.,.F.,.F.,(4,2,4),(0.,0.5,1.),.UNSPECIFIED.);
#5661 = CARTESIAN_POINT('',(2.718243115226,0.558880072443,2.853915654528
    ));
#5662 = CARTESIAN_POINT('',(2.716630189431,0.566739341869,2.862148749654
    ));
#5663 = CARTESIAN_POINT('',(2.71536409533,0.572736923655,2.872546883759)
  );
#5664 = CARTESIAN_POINT('',(2.714164342527,0.57840614901,2.889731635292)
  );
#5665 = CARTESIAN_POINT('',(2.713837820113,0.579931856085,2.900377842106
    ));
#5666 = CARTESIAN_POINT('',(2.71379125875,0.580150059331,2.913077879967)
  );
#5667 = ORIENTED_EDGE('',*,*,#5668,.T.);
#5668 = EDGE_CURVE('',#5658,#5564,#5669,.T.);
#5669 = B_SPLINE_CURVE_WITH_KNOTS('',1,(#5670,#5671),.UNSPECIFIED.,.F.,
  .F.,(2,2),(0.,1.),.PIECEWISE_BEZIER_KNOTS.);
#5670 = CARTESIAN_POINT('',(2.71379125875,0.580150059331,2.913077879967)
  );
#5671 = CARTESIAN_POINT('',(2.723571083422,0.582236930048,2.913077879967
    ));
#5672 = ORIENTED_EDGE('',*,*,#5572,.F.);
#5673 = ORIENTED_EDGE('',*,*,#5638,.F.);
#5674 = B_SPLINE_SURFACE_WITH_KNOTS('',1,3,(
    (#5675,#5676,#5677,#5678)
    ,(#5679,#5680,#5681,#5682
    )),.UNSPECIFIED.,.F.,.F.,.F.,(2,2),(4,4),(0.,1.),(0.,1.),
  .PIECEWISE_BEZIER_KNOTS.);
#5675 = CARTESIAN_POINT('',(2.72803895377,0.560890432416,2.853915654528)
  );
#5676 = CARTESIAN_POINT('',(2.724700746361,0.577156445092,2.870894284954
    ));
#5677 = CARTESIAN_POINT('',(2.723660732018,0.581816804576,2.888713048344
    ));
#5678 = CARTESIAN_POINT('',(2.723571083422,0.582236930048,2.913077879967
    ));
#5679 = CARTESIAN_POINT('',(2.718243115226,0.558880072443,2.853915654528
    ));
#5680 = CARTESIAN_POINT('',(2.714916709852,0.575088577596,2.8708951163)
  );
#5681 = CARTESIAN_POINT('',(2.713880588285,0.579731429091,2.888712431738
    ));
#5682 = CARTESIAN_POINT('',(2.71379125875,0.580150059331,2.913077879967)
  );
#5683 = ADVANCED_FACE('',(#5684),#5704,.F.);
#5684 = FACE_BOUND('',#5685,.F.);
#5685 = EDGE_LOOP('',(#5686,#5697,#5702,#5703));
#5686 = ORIENTED_EDGE('',*,*,#5687,.T.);
#5687 = EDGE_CURVE('',#5658,#5688,#5690,.T.);
#5688 = VERTEX_POINT('',#5689);
#5689 = CARTESIAN_POINT('',(2.718358023431,0.558319869085,2.970368541156
    ));
#5690 = B_SPLINE_CURVE_WITH_KNOTS('',3,(#5691,#5692,#5693,#5694,#5695,
    #5696),.UNSPECIFIED.,.F.,.F.,(4,2,4),(0.,0.5,1.),.UNSPECIFIED.);
#5691 = CARTESIAN_POINT('',(2.71379125875,0.580150059331,2.913077879967)
  );
#5692 = CARTESIAN_POINT('',(2.713839310706,0.579924870635,2.925646027613
    ));
#5693 = CARTESIAN_POINT('',(2.714062128629,0.57888939595,2.934610522726)
  );
#5694 = CARTESIAN_POINT('',(2.715483960827,0.572170263966,2.954110602805
    ));
#5695 = CARTESIAN_POINT('',(2.716693979207,0.566436700383,2.962779928935
    ));
#5696 = CARTESIAN_POINT('',(2.718358023431,0.558319869085,2.970368541156
    ));
#5697 = ORIENTED_EDGE('',*,*,#5698,.T.);
#5698 = EDGE_CURVE('',#5688,#5555,#5699,.T.);
#5699 = B_SPLINE_CURVE_WITH_KNOTS('',1,(#5700,#5701),.UNSPECIFIED.,.F.,
  .F.,(2,2),(0.,1.),.PIECEWISE_BEZIER_KNOTS.);
#5700 = CARTESIAN_POINT('',(2.718358023431,0.558319869085,2.970368541156
    ));
#5701 = CARTESIAN_POINT('',(2.728153272577,0.560333105037,2.970363984335
    ));
#5702 = ORIENTED_EDGE('',*,*,#5563,.F.);
#5703 = ORIENTED_EDGE('',*,*,#5668,.F.);
#5704 = B_SPLINE_SURFACE_WITH_KNOTS('',1,3,(
    (#5705,#5706,#5707,#5708)
    ,(#5709,#5710,#5711,#5712
    )),.UNSPECIFIED.,.F.,.F.,.F.,(2,2),(4,4),(0.,1.),(0.,1.),
  .PIECEWISE_BEZIER_KNOTS.);
#5705 = CARTESIAN_POINT('',(2.723571083422,0.582236930048,2.913077879967
    ));
#5706 = CARTESIAN_POINT('',(2.723662903192,0.581806629675,2.93700756612)
  );
#5707 = CARTESIAN_POINT('',(2.724695971861,0.577197035872,2.954654018704
    ));
#5708 = CARTESIAN_POINT('',(2.728154275314,0.560328213937,2.970368541156
    ));
#5709 = CARTESIAN_POINT('',(2.71379125875,0.580150059331,2.913077879967)
  );
#5710 = CARTESIAN_POINT('',(2.713882751682,0.579721290638,2.937008158556
    ));
#5711 = CARTESIAN_POINT('',(2.714911940431,0.575129082416,2.954653221099
    ));
#5712 = CARTESIAN_POINT('',(2.718358023431,0.558319869085,2.970368541156
    ));
#5713 = ADVANCED_FACE('',(#5714),#5734,.F.);
#5714 = FACE_BOUND('',#5715,.F.);
#5715 = EDGE_LOOP('',(#5716,#5725,#5732,#5733));
#5716 = ORIENTED_EDGE('',*,*,#5717,.T.);
#5717 = EDGE_CURVE('',#5688,#5718,#5720,.T.);
#5718 = VERTEX_POINT('',#5719);
#5719 = CARTESIAN_POINT('',(2.729538032289,0.500701258201,2.989500086816
    ));
#5720 = B_SPLINE_CURVE_WITH_KNOTS('',3,(#5721,#5722,#5723,#5724),
  .UNSPECIFIED.,.F.,.F.,(4,4),(0.,1.),.PIECEWISE_BEZIER_KNOTS.);
#5721 = CARTESIAN_POINT('',(2.718358023431,0.558319869085,2.970368541156
    ));
#5722 = CARTESIAN_POINT('',(2.721403782739,0.543463344163,2.982734259495
    ));
#5723 = CARTESIAN_POINT('',(2.725221908786,0.524273405623,2.989111441382
    ));
#5724 = CARTESIAN_POINT('',(2.729538032289,0.500701258201,2.989500086816
    ));
#5725 = ORIENTED_EDGE('',*,*,#5726,.T.);
#5726 = EDGE_CURVE('',#5718,#5547,#5727,.T.);
#5727 = B_SPLINE_CURVE_WITH_KNOTS('',3,(#5728,#5729,#5730,#5731),
  .UNSPECIFIED.,.F.,.F.,(4,4),(0.,1.),.PIECEWISE_BEZIER_KNOTS.);
#5728 = CARTESIAN_POINT('',(2.729538032289,0.500701258201,2.989500086816
    ));
#5729 = CARTESIAN_POINT('',(2.73281685487,0.501301619422,2.989500086816)
  );
#5730 = CARTESIAN_POINT('',(2.73609567745,0.501901980643,2.989500086816)
  );
#5731 = CARTESIAN_POINT('',(2.739374500031,0.502502341864,2.989500086816
    ));
#5732 = ORIENTED_EDGE('',*,*,#5554,.F.);
#5733 = ORIENTED_EDGE('',*,*,#5698,.F.);
#5734 = B_SPLINE_SURFACE_WITH_KNOTS('',1,3,(
    (#5735,#5736,#5737,#5738)
    ,(#5739,#5740,#5741,#5742
    )),.UNSPECIFIED.,.F.,.F.,.F.,(2,2),(4,4),(0.,1.),(0.,1.),
  .PIECEWISE_BEZIER_KNOTS.);
#5735 = CARTESIAN_POINT('',(2.728154275314,0.560328213937,2.970368541156
    ));
#5736 = CARTESIAN_POINT('',(2.731210962164,0.545418386938,2.982734144497
    ));
#5737 = CARTESIAN_POINT('',(2.735042810648,0.526159501036,2.98911143777)
  );
#5738 = CARTESIAN_POINT('',(2.739374500031,0.502502341864,2.989500086816
    ));
#5739 = CARTESIAN_POINT('',(2.718358023431,0.558319869085,2.970368541156
    ));
#5740 = CARTESIAN_POINT('',(2.72140375454,0.543463481713,2.982734145007)
  );
#5741 = CARTESIAN_POINT('',(2.72522186859,0.524273625146,2.989111437762)
  );
#5742 = CARTESIAN_POINT('',(2.729538032289,0.500701258201,2.989500086816
    ));
#5743 = ADVANCED_FACE('',(#5744),#5761,.F.);
#5744 = FACE_BOUND('',#5745,.T.);
#5745 = EDGE_LOOP('',(#5746,#5747,#5748,#5755));
#5746 = ORIENTED_EDGE('',*,*,#5726,.T.);
#5747 = ORIENTED_EDGE('',*,*,#5546,.T.);
#5748 = ORIENTED_EDGE('',*,*,#5749,.F.);
#5749 = EDGE_CURVE('',#5750,#5540,#5752,.T.);
#5750 = VERTEX_POINT('',#5751);
#5751 = CARTESIAN_POINT('',(2.734904712707,0.470448897633,2.989500086816
    ));
#5752 = B_SPLINE_CURVE_WITH_KNOTS('',1,(#5753,#5754),.UNSPECIFIED.,.F.,
  .F.,(2,2),(0.,9.999999999999E-03),.PIECEWISE_BEZIER_KNOTS.);
#5753 = CARTESIAN_POINT('',(2.734904712707,0.470448897633,2.989500086816
    ));
#5754 = CARTESIAN_POINT('',(2.744760485055,0.472141159854,2.989500086816
    ));
#5755 = ORIENTED_EDGE('',*,*,#5756,.F.);
#5756 = EDGE_CURVE('',#5718,#5750,#5757,.T.);
#5757 = ( BOUNDED_CURVE() B_SPLINE_CURVE(2,(#5758,#5759,#5760),
.UNSPECIFIED.,.F.,.F.) B_SPLINE_CURVE_WITH_KNOTS((3,3),(6.272133204149,
6.28318530718),.PIECEWISE_BEZIER_KNOTS.) CURVE() 
GEOMETRIC_REPRESENTATION_ITEM() RATIONAL_B_SPLINE_CURVE((1.,
0.999984731416,1.)) REPRESENTATION_ITEM('') );
#5758 = CARTESIAN_POINT('',(2.729538032289,0.500701258201,2.989500086816
    ));
#5759 = CARTESIAN_POINT('',(2.732304961401,0.485589906344,2.989500086816
    ));
#5760 = CARTESIAN_POINT('',(2.734904712707,0.470448897633,2.989500086816
    ));
#5761 = B_SPLINE_SURFACE_WITH_KNOTS('',1,1,(
    (#5762,#5763)
    ,(#5764,#5765
    )),.UNSPECIFIED.,.F.,.F.,.F.,(2,2),(2,2),(2.734538032289,
    2.749760485055),(0.470448897633,0.502502341864),
  .PIECEWISE_BEZIER_KNOTS.);
#5762 = CARTESIAN_POINT('',(2.729538032289,0.470448897633,2.989500086816
    ));
#5763 = CARTESIAN_POINT('',(2.729538032289,0.502502341864,2.989500086816
    ));
#5764 = CARTESIAN_POINT('',(2.744760485055,0.470448897633,2.989500086816
    ));
#5765 = CARTESIAN_POINT('',(2.744760485055,0.502502341864,2.989500086816
    ));
#5766 = ADVANCED_FACE('',(#5767),#5777,.F.);
#5767 = FACE_BOUND('',#5768,.T.);
#5768 = EDGE_LOOP('',(#5769,#5774,#5775,#5776));
#5769 = ORIENTED_EDGE('',*,*,#5770,.F.);
#5770 = EDGE_CURVE('',#5750,#5599,#5771,.T.);
#5771 = B_SPLINE_CURVE_WITH_KNOTS('',1,(#5772,#5773),.UNSPECIFIED.,.F.,
  .F.,(2,2),(0.,0.156795493781),.PIECEWISE_BEZIER_KNOTS.);
#5772 = CARTESIAN_POINT('',(2.734904712707,0.470448897633,2.989500086816
    ));
#5773 = CARTESIAN_POINT('',(2.734904712707,0.470448897633,2.832704593036
    ));
#5774 = ORIENTED_EDGE('',*,*,#5749,.T.);
#5775 = ORIENTED_EDGE('',*,*,#5539,.T.);
#5776 = ORIENTED_EDGE('',*,*,#5598,.F.);
#5777 = B_SPLINE_SURFACE_WITH_KNOTS('',1,1,(
    (#5778,#5779)
    ,(#5780,#5781
    )),.UNSPECIFIED.,.F.,.F.,.F.,(2,2),(2,2),(-7.839774689037E-02,
    7.839774689037E-02),(-8.941563157077E-16,1.E-02),
  .PIECEWISE_BEZIER_KNOTS.);
#5778 = CARTESIAN_POINT('',(2.734904712707,0.470448897633,2.989500086816
    ));
#5779 = CARTESIAN_POINT('',(2.744760485055,0.472141159854,2.989500086816
    ));
#5780 = CARTESIAN_POINT('',(2.734904712707,0.470448897633,2.832704593036
    ));
#5781 = CARTESIAN_POINT('',(2.744760485055,0.472141159854,2.832704593036
    ));
#5782 = ADVANCED_FACE('',(#5783),#5792,.T.);
#5783 = FACE_BOUND('',#5784,.T.);
#5784 = EDGE_LOOP('',(#5785,#5786,#5787,#5788,#5789,#5790,#5791));
#5785 = ORIENTED_EDGE('',*,*,#5613,.F.);
#5786 = ORIENTED_EDGE('',*,*,#5627,.T.);
#5787 = ORIENTED_EDGE('',*,*,#5657,.T.);
#5788 = ORIENTED_EDGE('',*,*,#5687,.T.);
#5789 = ORIENTED_EDGE('',*,*,#5717,.T.);
#5790 = ORIENTED_EDGE('',*,*,#5756,.T.);
#5791 = ORIENTED_EDGE('',*,*,#5770,.T.);
#5792 = ( BOUNDED_SURFACE() B_SPLINE_SURFACE(2,1,(
    (#5793,#5794)
    ,(#5795,#5796)
    ,(#5797,#5798
)),.UNSPECIFIED.,.F.,.F.,.F.) B_SPLINE_SURFACE_WITH_KNOTS((3,3),(2,2),(
    2.931360373119,2.971548138626),(4.540500013184,4.697295506964),
.PIECEWISE_BEZIER_KNOTS.) GEOMETRIC_REPRESENTATION_ITEM() 
RATIONAL_B_SPLINE_SURFACE((
    (1.,1.)
    ,(0.999798124731,0.999798124731)
,(1.,1.))) REPRESENTATION_ITEM('') SURFACE() );
#5793 = CARTESIAN_POINT('',(2.71379125875,0.580150059331,2.989500086816)
  );
#5794 = CARTESIAN_POINT('',(2.71379125875,0.580150059331,2.832704593036)
  );
#5795 = CARTESIAN_POINT('',(2.725450295231,0.52551163267,2.989500086816)
  );
#5796 = CARTESIAN_POINT('',(2.725450295231,0.52551163267,2.832704593036)
  );
#5797 = CARTESIAN_POINT('',(2.734904712707,0.470448897633,2.989500086816
    ));
#5798 = CARTESIAN_POINT('',(2.734904712707,0.470448897633,2.832704593036
    ));
#5799 = ADVANCED_FACE('',(#5800),#5826,.T.);
#5800 = FACE_BOUND('',#5801,.T.);
#5801 = EDGE_LOOP('',(#5802,#5811,#5812,#5819));
#5802 = ORIENTED_EDGE('',*,*,#5803,.F.);
#5803 = EDGE_CURVE('',#612,#5804,#5806,.T.);
#5804 = VERTEX_POINT('',#5805);
#5805 = CARTESIAN_POINT('',(2.696821008717,0.69589024771,3.012894639933)
  );
#5806 = B_SPLINE_CURVE_WITH_KNOTS('',3,(#5807,#5808,#5809,#5810),
  .UNSPECIFIED.,.F.,.F.,(4,4),(0.,1.),.PIECEWISE_BEZIER_KNOTS.);
#5807 = CARTESIAN_POINT('',(2.687137062449,0.693396017431,3.012894639933
    ));
#5808 = CARTESIAN_POINT('',(2.690365044538,0.694227427524,3.012894639933
    ));
#5809 = CARTESIAN_POINT('',(2.693593026627,0.695058837617,3.012894639933
    ));
#5810 = CARTESIAN_POINT('',(2.696821008717,0.69589024771,3.012894639933)
  );
#5811 = ORIENTED_EDGE('',*,*,#611,.T.);
#5812 = ORIENTED_EDGE('',*,*,#5813,.T.);
#5813 = EDGE_CURVE('',#604,#5814,#5816,.T.);
#5814 = VERTEX_POINT('',#5815);
#5815 = CARTESIAN_POINT('',(2.715160013126,0.62034627668,2.809517991502)
  );
#5816 = B_SPLINE_CURVE_WITH_KNOTS('',1,(#5817,#5818),.UNSPECIFIED.,.F.,
  .F.,(2,2),(0.,1.),.PIECEWISE_BEZIER_KNOTS.);
#5817 = CARTESIAN_POINT('',(2.705410335659,0.618122813323,2.809517991502
    ));
#5818 = CARTESIAN_POINT('',(2.715160013126,0.62034627668,2.809517991502)
  );
#5819 = ORIENTED_EDGE('',*,*,#5820,.F.);
#5820 = EDGE_CURVE('',#5804,#5814,#5821,.T.);
#5821 = B_SPLINE_CURVE_WITH_KNOTS('',3,(#5822,#5823,#5824,#5825),
  .UNSPECIFIED.,.F.,.F.,(4,4),(0.,1.),.PIECEWISE_BEZIER_KNOTS.);
#5822 = CARTESIAN_POINT('',(2.696821008717,0.69589024771,3.012894639933)
  );
#5823 = CARTESIAN_POINT('',(2.703284441073,0.670795719679,2.945102423789
    ));
#5824 = CARTESIAN_POINT('',(2.709398233578,0.645611137483,2.877310207646
    ));
#5825 = CARTESIAN_POINT('',(2.715160013126,0.62034627668,2.809517991502)
  );
#5826 = B_SPLINE_SURFACE_WITH_KNOTS('',1,3,(
    (#5827,#5828,#5829,#5830)
    ,(#5831,#5832,#5833,#5834
    )),.UNSPECIFIED.,.F.,.F.,.F.,(2,2),(4,4),(0.,1.),(0.,1.),
  .PIECEWISE_BEZIER_KNOTS.);
#5827 = CARTESIAN_POINT('',(2.696821008717,0.69589024771,3.012894639933)
  );
#5828 = CARTESIAN_POINT('',(2.703284441088,0.67079571962,2.945102423629)
  );
#5829 = CARTESIAN_POINT('',(2.709398233565,0.645611137542,2.877310207806
    ));
#5830 = CARTESIAN_POINT('',(2.715160013126,0.62034627668,2.809517991502)
  );
#5831 = CARTESIAN_POINT('',(2.687137062449,0.693396017431,3.012894639933
    ));
#5832 = CARTESIAN_POINT('',(2.693577328396,0.668391433886,2.94510242363)
  );
#5833 = CARTESIAN_POINT('',(2.699669207638,0.643297119128,2.877310207805
    ));
#5834 = CARTESIAN_POINT('',(2.705410335659,0.618122813323,2.809517991502
    ));
#5835 = ADVANCED_FACE('',(#5836),#5855,.F.);
#5836 = FACE_BOUND('',#5837,.T.);
#5837 = EDGE_LOOP('',(#5838,#5839,#5840,#5849));
#5838 = ORIENTED_EDGE('',*,*,#5813,.F.);
#5839 = ORIENTED_EDGE('',*,*,#601,.F.);
#5840 = ORIENTED_EDGE('',*,*,#5841,.T.);
#5841 = EDGE_CURVE('',#602,#5842,#5844,.T.);
#5842 = VERTEX_POINT('',#5843);
#5843 = CARTESIAN_POINT('',(2.708538733125,0.648696804238,2.809517991502
    ));
#5844 = B_SPLINE_CURVE_WITH_KNOTS('',3,(#5845,#5846,#5847,#5848),
  .UNSPECIFIED.,.F.,.F.,(4,4),(0.,1.),.PIECEWISE_BEZIER_KNOTS.);
#5845 = CARTESIAN_POINT('',(2.698812787845,0.646371726086,2.809517991502
    ));
#5846 = CARTESIAN_POINT('',(2.702054769605,0.647146752137,2.809517991502
    ));
#5847 = CARTESIAN_POINT('',(2.705296751365,0.647921778187,2.809517991502
    ));
#5848 = CARTESIAN_POINT('',(2.708538733125,0.648696804238,2.809517991502
    ));
#5849 = ORIENTED_EDGE('',*,*,#5850,.T.);
#5850 = EDGE_CURVE('',#5842,#5814,#5851,.T.);
#5851 = ( BOUNDED_CURVE() B_SPLINE_CURVE(2,(#5852,#5853,#5854),
.UNSPECIFIED.,.F.,.F.) B_SPLINE_CURVE_WITH_KNOTS((3,3),(2.906937282495,
2.917372263022),.PIECEWISE_BEZIER_KNOTS.) CURVE() 
GEOMETRIC_REPRESENTATION_ITEM() RATIONAL_B_SPLINE_CURVE((1.,
0.999986388929,1.)) REPRESENTATION_ITEM('') );
#5852 = CARTESIAN_POINT('',(2.708538733125,0.648696804238,2.809517991502
    ));
#5853 = CARTESIAN_POINT('',(2.711923333097,0.634538813848,2.809517991502
    ));
#5854 = CARTESIAN_POINT('',(2.715160013126,0.62034627668,2.809517991502)
  );
#5855 = B_SPLINE_SURFACE_WITH_KNOTS('',1,1,(
    (#5856,#5857)
    ,(#5858,#5859
    )),.UNSPECIFIED.,.F.,.F.,.F.,(2,2),(2,2),(2.703812787845,
    2.720160013126),(0.618122813323,0.648696804238),
  .PIECEWISE_BEZIER_KNOTS.);
#5856 = CARTESIAN_POINT('',(2.698812787845,0.618122813323,2.809517991502
    ));
#5857 = CARTESIAN_POINT('',(2.698812787845,0.648696804238,2.809517991502
    ));
#5858 = CARTESIAN_POINT('',(2.715160013126,0.618122813323,2.809517991502
    ));
#5859 = CARTESIAN_POINT('',(2.715160013126,0.648696804238,2.809517991502
    ));
#5860 = ADVANCED_FACE('',(#5861),#5879,.T.);
#5861 = FACE_BOUND('',#5862,.T.);
#5862 = EDGE_LOOP('',(#5863,#5864,#5865,#5872));
#5863 = ORIENTED_EDGE('',*,*,#5841,.F.);
#5864 = ORIENTED_EDGE('',*,*,#662,.T.);
#5865 = ORIENTED_EDGE('',*,*,#5866,.T.);
#5866 = EDGE_CURVE('',#655,#5867,#5869,.T.);
#5867 = VERTEX_POINT('',#5868);
#5868 = CARTESIAN_POINT('',(2.703910407135,0.667760740173,2.865145040025
    ));
#5869 = B_SPLINE_CURVE_WITH_KNOTS('',1,(#5870,#5871),.UNSPECIFIED.,.F.,
  .F.,(2,2),(0.,1.),.PIECEWISE_BEZIER_KNOTS.);
#5870 = CARTESIAN_POINT('',(2.694201050837,0.665367332502,2.865145040025
    ));
#5871 = CARTESIAN_POINT('',(2.703910407135,0.667760740173,2.865145040025
    ));
#5872 = ORIENTED_EDGE('',*,*,#5873,.F.);
#5873 = EDGE_CURVE('',#5842,#5867,#5874,.T.);
#5874 = B_SPLINE_CURVE_WITH_KNOTS('',3,(#5875,#5876,#5877,#5878),
  .UNSPECIFIED.,.F.,.F.,(4,4),(0.,1.),.PIECEWISE_BEZIER_KNOTS.);
#5875 = CARTESIAN_POINT('',(2.708538733125,0.648696804238,2.809517991502
    ));
#5876 = CARTESIAN_POINT('',(2.707018305357,0.655056847346,2.82806034101)
  );
#5877 = CARTESIAN_POINT('',(2.705475517314,0.661411545022,2.846602690517
    ));
#5878 = CARTESIAN_POINT('',(2.703910407135,0.667760740173,2.865145040025
    ));
#5879 = B_SPLINE_SURFACE_WITH_KNOTS('',1,3,(
    (#5880,#5881,#5882,#5883)
    ,(#5884,#5885,#5886,#5887
    )),.UNSPECIFIED.,.F.,.F.,.F.,(2,2),(4,4),(0.,1.),(0.,1.),
  .PIECEWISE_BEZIER_KNOTS.);
#5880 = CARTESIAN_POINT('',(2.708538733125,0.648696804238,2.809517991502
    ));
#5881 = CARTESIAN_POINT('',(2.707018305357,0.655056847346,2.82806034101)
  );
#5882 = CARTESIAN_POINT('',(2.705475517314,0.661411545022,2.846602690517
    ));
#5883 = CARTESIAN_POINT('',(2.703910407135,0.667760740173,2.865145040025
    ));
#5884 = CARTESIAN_POINT('',(2.698812787845,0.646371726086,2.809517991502
    ));
#5885 = CARTESIAN_POINT('',(2.697297809639,0.652708973342,2.82806034101)
  );
#5886 = CARTESIAN_POINT('',(2.695760551303,0.659040894323,2.846602690517
    ));
#5887 = CARTESIAN_POINT('',(2.694201050837,0.665367332502,2.865145040025
    ));
#5888 = ADVANCED_FACE('',(#5889),#5908,.F.);
#5889 = FACE_BOUND('',#5890,.T.);
#5890 = EDGE_LOOP('',(#5891,#5892,#5893,#5902));
#5891 = ORIENTED_EDGE('',*,*,#5866,.F.);
#5892 = ORIENTED_EDGE('',*,*,#654,.F.);
#5893 = ORIENTED_EDGE('',*,*,#5894,.T.);
#5894 = EDGE_CURVE('',#646,#5895,#5897,.T.);
#5895 = VERTEX_POINT('',#5896);
#5896 = CARTESIAN_POINT('',(2.682314420013,0.749960804301,2.865145040025
    ));
#5897 = B_SPLINE_CURVE_WITH_KNOTS('',3,(#5898,#5899,#5900,#5901),
  .UNSPECIFIED.,.F.,.F.,(4,4),(0.,1.),.PIECEWISE_BEZIER_KNOTS.);
#5898 = CARTESIAN_POINT('',(2.672682468687,0.747272772745,2.865145040025
    ));
#5899 = CARTESIAN_POINT('',(2.675893119129,0.748168783263,2.865145040025
    ));
#5900 = CARTESIAN_POINT('',(2.679103769571,0.749064793782,2.865145040025
    ));
#5901 = CARTESIAN_POINT('',(2.682314420013,0.749960804301,2.865145040025
    ));
#5902 = ORIENTED_EDGE('',*,*,#5903,.T.);
#5903 = EDGE_CURVE('',#5895,#5867,#5904,.T.);
#5904 = ( BOUNDED_CURVE() B_SPLINE_CURVE(2,(#5905,#5906,#5907),
.UNSPECIFIED.,.F.,.F.) B_SPLINE_CURVE_WITH_KNOTS((3,3),(2.869442415189,
2.899905826083),.PIECEWISE_BEZIER_KNOTS.) CURVE() 
GEOMETRIC_REPRESENTATION_ITEM() RATIONAL_B_SPLINE_CURVE((1.,
0.999883999817,1.)) REPRESENTATION_ITEM('') );
#5905 = CARTESIAN_POINT('',(2.682314420013,0.749960804301,2.865145040025
    ));
#5906 = CARTESIAN_POINT('',(2.693738485574,0.709025256815,2.865145040025
    ));
#5907 = CARTESIAN_POINT('',(2.703910407135,0.667760740173,2.865145040025
    ));
#5908 = B_SPLINE_SURFACE_WITH_KNOTS('',1,1,(
    (#5909,#5910)
    ,(#5911,#5912
    )),.UNSPECIFIED.,.F.,.F.,.F.,(2,2),(2,2),(2.677682468687,
    2.708910407135),(0.665367332502,0.749960804301),
  .PIECEWISE_BEZIER_KNOTS.);
#5909 = CARTESIAN_POINT('',(2.672682468687,0.665367332502,2.865145040025
    ));
#5910 = CARTESIAN_POINT('',(2.672682468687,0.749960804301,2.865145040025
    ));
#5911 = CARTESIAN_POINT('',(2.703910407135,0.665367332502,2.865145040025
    ));
#5912 = CARTESIAN_POINT('',(2.703910407135,0.749960804301,2.865145040025
    ));
#5913 = ADVANCED_FACE('',(#5914),#5932,.T.);
#5914 = FACE_BOUND('',#5915,.T.);
#5915 = EDGE_LOOP('',(#5916,#5917,#5918,#5925));
#5916 = ORIENTED_EDGE('',*,*,#5894,.F.);
#5917 = ORIENTED_EDGE('',*,*,#645,.T.);
#5918 = ORIENTED_EDGE('',*,*,#5919,.T.);
#5919 = EDGE_CURVE('',#638,#5920,#5922,.T.);
#5920 = VERTEX_POINT('',#5921);
#5921 = CARTESIAN_POINT('',(2.676643777481,0.769991331574,2.809517991502
    ));
#5922 = B_SPLINE_CURVE_WITH_KNOTS('',1,(#5923,#5924),.UNSPECIFIED.,.F.,
  .F.,(2,2),(0.,1.),.PIECEWISE_BEZIER_KNOTS.);
#5923 = CARTESIAN_POINT('',(2.667032151038,0.767231506012,2.809517991502
    ));
#5924 = CARTESIAN_POINT('',(2.676643777481,0.769991331574,2.809517991502
    ));
#5925 = ORIENTED_EDGE('',*,*,#5926,.F.);
#5926 = EDGE_CURVE('',#5895,#5920,#5927,.T.);
#5927 = B_SPLINE_CURVE_WITH_KNOTS('',3,(#5928,#5929,#5930,#5931),
  .UNSPECIFIED.,.F.,.F.,(4,4),(0.,1.),.PIECEWISE_BEZIER_KNOTS.);
#5928 = CARTESIAN_POINT('',(2.682314420013,0.749960804301,2.865145040025
    ));
#5929 = CARTESIAN_POINT('',(2.680449124476,0.756644667732,2.846602690517
    ));
#5930 = CARTESIAN_POINT('',(2.678558892759,0.763321572112,2.82806034101)
  );
#5931 = CARTESIAN_POINT('',(2.676643777481,0.769991331574,2.809517991502
    ));
#5932 = B_SPLINE_SURFACE_WITH_KNOTS('',1,3,(
    (#5933,#5934,#5935,#5936)
    ,(#5937,#5938,#5939,#5940
    )),.UNSPECIFIED.,.F.,.F.,.F.,(2,2),(4,4),(0.,1.),(0.,1.),
  .PIECEWISE_BEZIER_KNOTS.);
#5933 = CARTESIAN_POINT('',(2.682314420013,0.749960804301,2.865145040025
    ));
#5934 = CARTESIAN_POINT('',(2.680449124476,0.756644667732,2.846602690517
    ));
#5935 = CARTESIAN_POINT('',(2.678558892759,0.763321572112,2.82806034101)
  );
#5936 = CARTESIAN_POINT('',(2.676643777481,0.769991331574,2.809517991502
    ));
#5937 = CARTESIAN_POINT('',(2.672682468687,0.747272772745,2.865145040025
    ));
#5938 = CARTESIAN_POINT('',(2.670823858797,0.753932679676,2.846602690517
    ));
#5939 = CARTESIAN_POINT('',(2.668940402104,0.760585652499,2.82806034101)
  );
#5940 = CARTESIAN_POINT('',(2.667032151038,0.767231506012,2.809517991502
    ));
#5941 = ADVANCED_FACE('',(#5942),#5961,.F.);
#5942 = FACE_BOUND('',#5943,.T.);
#5943 = EDGE_LOOP('',(#5944,#5945,#5946,#5955));
#5944 = ORIENTED_EDGE('',*,*,#5919,.F.);
#5945 = ORIENTED_EDGE('',*,*,#637,.F.);
#5946 = ORIENTED_EDGE('',*,*,#5947,.T.);
#5947 = EDGE_CURVE('',#629,#5948,#5950,.T.);
#5948 = VERTEX_POINT('',#5949);
#5949 = CARTESIAN_POINT('',(2.66846307956,0.797931802995,2.809517991502)
  );
#5950 = B_SPLINE_CURVE_WITH_KNOTS('',3,(#5951,#5952,#5953,#5954),
  .UNSPECIFIED.,.F.,.F.,(4,4),(0.,1.),.PIECEWISE_BEZIER_KNOTS.);
#5951 = CARTESIAN_POINT('',(2.658880774615,0.795071832375,2.809517991502
    ));
#5952 = CARTESIAN_POINT('',(2.662074876263,0.796025155915,2.809517991502
    ));
#5953 = CARTESIAN_POINT('',(2.665268977912,0.796978479455,2.809517991502
    ));
#5954 = CARTESIAN_POINT('',(2.66846307956,0.797931802995,2.809517991502)
  );
#5955 = ORIENTED_EDGE('',*,*,#5956,.T.);
#5956 = EDGE_CURVE('',#5948,#5920,#5957,.T.);
#5957 = ( BOUNDED_CURVE() B_SPLINE_CURVE(2,(#5958,#5959,#5960),
.UNSPECIFIED.,.F.,.F.) B_SPLINE_CURVE_WITH_KNOTS((3,3),(2.851545862564,
2.861980843092),.PIECEWISE_BEZIER_KNOTS.) CURVE() 
GEOMETRIC_REPRESENTATION_ITEM() RATIONAL_B_SPLINE_CURVE((1.,
0.999986388929,1.)) REPRESENTATION_ITEM('') );
#5958 = CARTESIAN_POINT('',(2.66846307956,0.797931802995,2.809517991502)
  );
#5959 = CARTESIAN_POINT('',(2.672626318751,0.783982908834,2.809517991502
    ));
#5960 = CARTESIAN_POINT('',(2.676643777481,0.769991331574,2.809517991502
    ));
#5961 = B_SPLINE_SURFACE_WITH_KNOTS('',1,1,(
    (#5962,#5963)
    ,(#5964,#5965
    )),.UNSPECIFIED.,.F.,.F.,.F.,(2,2),(2,2),(2.663880774615,
    2.681643777481),(0.767231506012,0.797931802995),
  .PIECEWISE_BEZIER_KNOTS.);
#5962 = CARTESIAN_POINT('',(2.658880774615,0.767231506012,2.809517991502
    ));
#5963 = CARTESIAN_POINT('',(2.658880774615,0.797931802995,2.809517991502
    ));
#5964 = CARTESIAN_POINT('',(2.676643777481,0.767231506012,2.809517991502
    ));
#5965 = CARTESIAN_POINT('',(2.676643777481,0.797931802995,2.809517991502
    ));
#5966 = ADVANCED_FACE('',(#5967),#5985,.T.);
#5967 = FACE_BOUND('',#5968,.T.);
#5968 = EDGE_LOOP('',(#5969,#5970,#5971,#5978));
#5969 = ORIENTED_EDGE('',*,*,#5947,.F.);
#5970 = ORIENTED_EDGE('',*,*,#628,.T.);
#5971 = ORIENTED_EDGE('',*,*,#5972,.T.);
#5972 = EDGE_CURVE('',#621,#5973,#5975,.T.);
#5973 = VERTEX_POINT('',#5974);
#5974 = CARTESIAN_POINT('',(2.689656011484,0.723138285373,3.012894639933
    ));
#5975 = B_SPLINE_CURVE_WITH_KNOTS('',1,(#5976,#5977),.UNSPECIFIED.,.F.,
  .F.,(2,2),(0.,1.),.PIECEWISE_BEZIER_KNOTS.);
#5976 = CARTESIAN_POINT('',(2.67999774621,0.720546391877,3.012894639933)
  );
#5977 = CARTESIAN_POINT('',(2.689656011484,0.723138285373,3.012894639933
    ));
#5978 = ORIENTED_EDGE('',*,*,#5979,.F.);
#5979 = EDGE_CURVE('',#5948,#5973,#5980,.T.);
#5980 = B_SPLINE_CURVE_WITH_KNOTS('',3,(#5981,#5982,#5983,#5984),
  .UNSPECIFIED.,.F.,.F.,(4,4),(0.,1.),.PIECEWISE_BEZIER_KNOTS.);
#5981 = CARTESIAN_POINT('',(2.66846307956,0.797931802995,2.809517991502)
  );
#5982 = CARTESIAN_POINT('',(2.675874274429,0.773100663562,2.877310207646
    ));
#5983 = CARTESIAN_POINT('',(2.682939499208,0.748166264871,2.945102423789
    ));
#5984 = CARTESIAN_POINT('',(2.689656011484,0.723138285373,3.012894639933
    ));
#5985 = B_SPLINE_SURFACE_WITH_KNOTS('',1,3,(
    (#5986,#5987,#5988,#5989)
    ,(#5990,#5991,#5992,#5993
    )),.UNSPECIFIED.,.F.,.F.,.F.,(2,2),(4,4),(0.,1.),(0.,1.),
  .PIECEWISE_BEZIER_KNOTS.);
#5986 = CARTESIAN_POINT('',(2.66846307956,0.797931802995,2.809517991502)
  );
#5987 = CARTESIAN_POINT('',(2.675874274447,0.773100663503,2.877310207806
    ));
#5988 = CARTESIAN_POINT('',(2.682939499192,0.748166264931,2.945102423629
    ));
#5989 = CARTESIAN_POINT('',(2.689656011484,0.723138285373,3.012894639933
    ));
#5990 = CARTESIAN_POINT('',(2.658880774615,0.795071832375,2.809517991502
    ));
#5991 = CARTESIAN_POINT('',(2.666265406079,0.770329693383,2.877310207805
    ));
#5992 = CARTESIAN_POINT('',(2.673305307439,0.745484665414,2.94510242363)
  );
#5993 = CARTESIAN_POINT('',(2.67999774621,0.720546391877,3.012894639933)
  );
#5994 = ADVANCED_FACE('',(#5995),#6006,.T.);
#5995 = FACE_BOUND('',#5996,.T.);
#5996 = EDGE_LOOP('',(#5997,#5998,#5999,#6005));
#5997 = ORIENTED_EDGE('',*,*,#620,.T.);
#5998 = ORIENTED_EDGE('',*,*,#5803,.T.);
#5999 = ORIENTED_EDGE('',*,*,#6000,.F.);
#6000 = EDGE_CURVE('',#5973,#5804,#6001,.T.);
#6001 = ( BOUNDED_CURVE() B_SPLINE_CURVE(2,(#6002,#6003,#6004),
.UNSPECIFIED.,.F.,.F.) B_SPLINE_CURVE_WITH_KNOTS((3,3),(2.879409878667,
2.889508246919),.PIECEWISE_BEZIER_KNOTS.) CURVE() 
GEOMETRIC_REPRESENTATION_ITEM() RATIONAL_B_SPLINE_CURVE((1.,
0.999987252897,1.)) REPRESENTATION_ITEM('') );
#6002 = CARTESIAN_POINT('',(2.689656011484,0.723138285373,3.012894639933
    ));
#6003 = CARTESIAN_POINT('',(2.693307300865,0.70953235539,3.012894639933)
  );
#6004 = CARTESIAN_POINT('',(2.696821008717,0.69589024771,3.012894639933)
  );
#6005 = ORIENTED_EDGE('',*,*,#5972,.F.);
#6006 = B_SPLINE_SURFACE_WITH_KNOTS('',1,1,(
    (#6007,#6008)
    ,(#6009,#6010
    )),.UNSPECIFIED.,.F.,.F.,.F.,(2,2),(2,2),(2.68499774621,
    2.701821008717),(0.693396017431,0.723138285373),
  .PIECEWISE_BEZIER_KNOTS.);
#6007 = CARTESIAN_POINT('',(2.67999774621,0.693396017431,3.012894639933)
  );
#6008 = CARTESIAN_POINT('',(2.67999774621,0.723138285373,3.012894639933)
  );
#6009 = CARTESIAN_POINT('',(2.696821008717,0.693396017431,3.012894639933
    ));
#6010 = CARTESIAN_POINT('',(2.696821008717,0.723138285373,3.012894639933
    ));
#6011 = ADVANCED_FACE('',(#6012,#6058),#6068,.T.);
#6012 = FACE_BOUND('',#6013,.T.);
#6013 = EDGE_LOOP('',(#6014,#6025,#6034,#6043,#6052));
#6014 = ORIENTED_EDGE('',*,*,#6015,.F.);
#6015 = EDGE_CURVE('',#6016,#6018,#6020,.T.);
#6016 = VERTEX_POINT('',#6017);
#6017 = CARTESIAN_POINT('',(2.694344563433,0.70543527546,2.972656008572)
  );
#6018 = VERTEX_POINT('',#6019);
#6019 = CARTESIAN_POINT('',(2.701900271076,0.675863094457,2.888123689976
    ));
#6020 = B_SPLINE_CURVE_WITH_KNOTS('',3,(#6021,#6022,#6023,#6024),
  .UNSPECIFIED.,.F.,.F.,(4,4),(0.,1.),.PIECEWISE_BEZIER_KNOTS.);
#6021 = CARTESIAN_POINT('',(2.694344563433,0.70543527546,2.972656008572)
  );
#6022 = CARTESIAN_POINT('',(2.696917026974,0.695591756551,2.944478569038
    ));
#6023 = CARTESIAN_POINT('',(2.699435646426,0.685734166259,2.916301129509
    ));
#6024 = CARTESIAN_POINT('',(2.701900271076,0.675863094457,2.888123689976
    ));
#6025 = ORIENTED_EDGE('',*,*,#6026,.F.);
#6026 = EDGE_CURVE('',#6027,#6016,#6029,.T.);
#6027 = VERTEX_POINT('',#6028);
#6028 = CARTESIAN_POINT('',(2.693379010885,0.709119623274,2.986900692026
    ));
#6029 = B_SPLINE_CURVE_WITH_KNOTS('',3,(#6030,#6031,#6032,#6033),
  .UNSPECIFIED.,.F.,.F.,(4,4),(0.,1.),.PIECEWISE_BEZIER_KNOTS.);
#6030 = CARTESIAN_POINT('',(2.693379010885,0.709119623274,2.986900692026
    ));
#6031 = CARTESIAN_POINT('',(2.693781055176,0.707588902636,2.982152464208
    ));
#6032 = CARTESIAN_POINT('',(2.694063131524,0.706512173255,2.97740423639)
  );
#6033 = CARTESIAN_POINT('',(2.694344563433,0.70543527546,2.972656008572)
  );
#6034 = ORIENTED_EDGE('',*,*,#6035,.F.);
#6035 = EDGE_CURVE('',#6036,#6027,#6038,.T.);
#6036 = VERTEX_POINT('',#6037);
#6037 = CARTESIAN_POINT('',(2.692528385883,0.712348655753,2.972656008572
    ));
#6038 = B_SPLINE_CURVE_WITH_KNOTS('',3,(#6039,#6040,#6041,#6042),
  .UNSPECIFIED.,.F.,.F.,(4,4),(0.,1.),.PIECEWISE_BEZIER_KNOTS.);
#6039 = CARTESIAN_POINT('',(2.692528385883,0.712348655753,2.972656008572
    ));
#6040 = CARTESIAN_POINT('',(2.692799254465,0.711322928138,2.97740423639)
  );
#6041 = CARTESIAN_POINT('',(2.693069538001,0.710297046028,2.982152464208
    ));
#6042 = CARTESIAN_POINT('',(2.693379010885,0.709119623274,2.986900692026
    ));
#6043 = ORIENTED_EDGE('',*,*,#6044,.F.);
#6044 = EDGE_CURVE('',#6045,#6036,#6047,.T.);
#6045 = VERTEX_POINT('',#6046);
#6046 = CARTESIAN_POINT('',(2.684490846928,0.742117904573,2.888123689976
    ));
#6047 = B_SPLINE_CURVE_WITH_KNOTS('',3,(#6048,#6049,#6050,#6051),
  .UNSPECIFIED.,.F.,.F.,(4,4),(0.,1.),.PIECEWISE_BEZIER_KNOTS.);
#6048 = CARTESIAN_POINT('',(2.684490846928,0.742117904573,2.888123689976
    ));
#6049 = CARTESIAN_POINT('',(2.687224834776,0.732209727925,2.916301129509
    ));
#6050 = CARTESIAN_POINT('',(2.689904068971,0.72228644297,2.944478569038)
  );
#6051 = CARTESIAN_POINT('',(2.692528385883,0.712348655753,2.972656008572
    ));
#6052 = ORIENTED_EDGE('',*,*,#6053,.T.);
#6053 = EDGE_CURVE('',#6045,#6018,#6054,.T.);
#6054 = ( BOUNDED_CURVE() B_SPLINE_CURVE(2,(#6055,#6056,#6057),
.UNSPECIFIED.,.F.,.F.) B_SPLINE_CURVE_WITH_KNOTS((3,3),(2.872359721573,
2.896913716971),.PIECEWISE_BEZIER_KNOTS.) CURVE() 
GEOMETRIC_REPRESENTATION_ITEM() RATIONAL_B_SPLINE_CURVE((1.,
0.99992463861,1.)) REPRESENTATION_ITEM('') );
#6055 = CARTESIAN_POINT('',(2.684490846928,0.742117904573,2.888123689976
    ));
#6056 = CARTESIAN_POINT('',(2.693602284513,0.709097372615,2.888123689976
    ));
#6057 = CARTESIAN_POINT('',(2.701900271076,0.675863094457,2.888123689976
    ));
#6058 = FACE_BOUND('',#6059,.T.);
#6059 = EDGE_LOOP('',(#6060,#6061,#6062,#6063,#6064,#6065,#6066,#6067));
#6060 = ORIENTED_EDGE('',*,*,#5979,.T.);
#6061 = ORIENTED_EDGE('',*,*,#6000,.T.);
#6062 = ORIENTED_EDGE('',*,*,#5820,.T.);
#6063 = ORIENTED_EDGE('',*,*,#5850,.F.);
#6064 = ORIENTED_EDGE('',*,*,#5873,.T.);
#6065 = ORIENTED_EDGE('',*,*,#5903,.F.);
#6066 = ORIENTED_EDGE('',*,*,#5926,.T.);
#6067 = ORIENTED_EDGE('',*,*,#5956,.F.);
#6068 = ( BOUNDED_SURFACE() B_SPLINE_SURFACE(2,1,(
    (#6069,#6070)
    ,(#6071,#6072)
    ,(#6073,#6074
)),.UNSPECIFIED.,.F.,.F.,.F.) B_SPLINE_SURFACE_WITH_KNOTS((3,3),(2,2),(
    2.851545862564,2.917372263022),(4.517105460067,4.720482108498),
.PIECEWISE_BEZIER_KNOTS.) GEOMETRIC_REPRESENTATION_ITEM() 
RATIONAL_B_SPLINE_SURFACE((
    (1.,1.)
    ,(0.999458409519,0.999458409519)
,(1.,1.))) REPRESENTATION_ITEM('') SURFACE() );
#6069 = CARTESIAN_POINT('',(2.66846307956,0.797931802995,3.012894639933)
  );
#6070 = CARTESIAN_POINT('',(2.66846307956,0.797931802995,2.809517991502)
  );
#6071 = CARTESIAN_POINT('',(2.69473505607,0.70990779021,3.012894639933)
  );
#6072 = CARTESIAN_POINT('',(2.69473505607,0.70990779021,2.809517991502)
  );
#6073 = CARTESIAN_POINT('',(2.715160013126,0.62034627668,3.012894639933)
  );
#6074 = CARTESIAN_POINT('',(2.715160013126,0.62034627668,2.809517991502)
  );
#6075 = ADVANCED_FACE('',(#6076),#6100,.F.);
#6076 = FACE_BOUND('',#6077,.F.);
#6077 = EDGE_LOOP('',(#6078,#6079,#6086,#6095));
#6078 = ORIENTED_EDGE('',*,*,#6026,.F.);
#6079 = ORIENTED_EDGE('',*,*,#6080,.T.);
#6080 = EDGE_CURVE('',#6027,#6081,#6083,.T.);
#6081 = VERTEX_POINT('',#6082);
#6082 = CARTESIAN_POINT('',(2.683687585524,0.706653397984,2.986900692026
    ));
#6083 = B_SPLINE_CURVE_WITH_KNOTS('',1,(#6084,#6085),.UNSPECIFIED.,.F.,
  .F.,(2,2),(0.,1.),.PIECEWISE_BEZIER_KNOTS.);
#6084 = CARTESIAN_POINT('',(2.693379010885,0.709119623274,2.986900692026
    ));
#6085 = CARTESIAN_POINT('',(2.683687585524,0.706653397984,2.986900692026
    ));
#6086 = ORIENTED_EDGE('',*,*,#6087,.T.);
#6087 = EDGE_CURVE('',#6081,#6088,#6090,.T.);
#6088 = VERTEX_POINT('',#6089);
#6089 = CARTESIAN_POINT('',(2.684669493313,0.702906833613,2.972656008572
    ));
#6090 = B_SPLINE_CURVE_WITH_KNOTS('',3,(#6091,#6092,#6093,#6094),
  .UNSPECIFIED.,.F.,.F.,(4,4),(0.,1.),.PIECEWISE_BEZIER_KNOTS.);
#6091 = CARTESIAN_POINT('',(2.683687585524,0.706653397984,2.986900692026
    ));
#6092 = CARTESIAN_POINT('',(2.68409910877,0.70508669857,2.982302748178)
  );
#6093 = CARTESIAN_POINT('',(2.684384632349,0.703996852674,2.977479378375
    ));
#6094 = CARTESIAN_POINT('',(2.684669493313,0.702906833613,2.972656008572
    ));
#6095 = ORIENTED_EDGE('',*,*,#6096,.F.);
#6096 = EDGE_CURVE('',#6016,#6088,#6097,.T.);
#6097 = B_SPLINE_CURVE_WITH_KNOTS('',1,(#6098,#6099),.UNSPECIFIED.,.F.,
  .F.,(2,2),(0.,1.),.PIECEWISE_BEZIER_KNOTS.);
#6098 = CARTESIAN_POINT('',(2.694344563433,0.70543527546,2.972656008572)
  );
#6099 = CARTESIAN_POINT('',(2.684669493313,0.702906833613,2.972656008572
    ));
#6100 = B_SPLINE_SURFACE_WITH_KNOTS('',1,3,(
    (#6101,#6102,#6103,#6104)
    ,(#6105,#6106,#6107,#6108
    )),.UNSPECIFIED.,.F.,.F.,.F.,(2,2),(4,4),(0.,1.),(0.,1.),
  .PIECEWISE_BEZIER_KNOTS.);
#6101 = CARTESIAN_POINT('',(2.693498334591,0.70866546283,2.986900692026)
  );
#6102 = CARTESIAN_POINT('',(2.693781055176,0.707588902636,2.982152464208
    ));
#6103 = CARTESIAN_POINT('',(2.694063131524,0.706512173255,2.97740423639)
  );
#6104 = CARTESIAN_POINT('',(2.694344563433,0.70543527546,2.972656008572)
  );
#6105 = CARTESIAN_POINT('',(2.68382629755,0.70612544325,2.986900692026)
  );
#6106 = CARTESIAN_POINT('',(2.6841080048,0.705052741694,2.982152464208)
  );
#6107 = CARTESIAN_POINT('',(2.684389070121,0.703979871559,2.97740423639)
  );
#6108 = CARTESIAN_POINT('',(2.684669493313,0.702906833613,2.972656008572
    ));
#6109 = ADVANCED_FACE('',(#6110),#6128,.F.);
#6110 = FACE_BOUND('',#6111,.F.);
#6111 = EDGE_LOOP('',(#6112,#6113,#6120,#6127));
#6112 = ORIENTED_EDGE('',*,*,#6035,.F.);
#6113 = ORIENTED_EDGE('',*,*,#6114,.T.);
#6114 = EDGE_CURVE('',#6036,#6115,#6117,.T.);
#6115 = VERTEX_POINT('',#6116);
#6116 = CARTESIAN_POINT('',(2.682859825361,0.709795434764,2.972656008572
    ));
#6117 = B_SPLINE_CURVE_WITH_KNOTS('',1,(#6118,#6119),.UNSPECIFIED.,.F.,
  .F.,(2,2),(0.,1.),.PIECEWISE_BEZIER_KNOTS.);
#6118 = CARTESIAN_POINT('',(2.692528385883,0.712348655753,2.972656008572
    ));
#6119 = CARTESIAN_POINT('',(2.682859825361,0.709795434764,2.972656008572
    ));
#6120 = ORIENTED_EDGE('',*,*,#6121,.T.);
#6121 = EDGE_CURVE('',#6115,#6081,#6122,.T.);
#6122 = B_SPLINE_CURVE_WITH_KNOTS('',3,(#6123,#6124,#6125,#6126),
  .UNSPECIFIED.,.F.,.F.,(4,4),(0.,1.),.PIECEWISE_BEZIER_KNOTS.);
#6123 = CARTESIAN_POINT('',(2.682859825361,0.709795434764,2.972656008572
    ));
#6124 = CARTESIAN_POINT('',(2.68312972299,0.70877338396,2.977404236359)
  );
#6125 = CARTESIAN_POINT('',(2.683399037693,0.707751179134,2.982152464129
    ));
#6126 = CARTESIAN_POINT('',(2.683687585524,0.706653397984,2.986900692026
    ));
#6127 = ORIENTED_EDGE('',*,*,#6080,.F.);
#6128 = B_SPLINE_SURFACE_WITH_KNOTS('',1,3,(
    (#6129,#6130,#6131,#6132)
    ,(#6133,#6134,#6135,#6136
    )),.UNSPECIFIED.,.F.,.F.,.F.,(2,2),(4,4),(0.,1.),(0.,1.),
  .PIECEWISE_BEZIER_KNOTS.);
#6129 = CARTESIAN_POINT('',(2.692528385883,0.712348655753,2.972656008572
    ));
#6130 = CARTESIAN_POINT('',(2.692799254465,0.711322928138,2.97740423639)
  );
#6131 = CARTESIAN_POINT('',(2.693069538001,0.710297046028,2.982152464208
    ));
#6132 = CARTESIAN_POINT('',(2.693339236317,0.709271010089,2.986900692026
    ));
#6133 = CARTESIAN_POINT('',(2.682859825361,0.709795434764,2.972656008572
    ));
#6134 = CARTESIAN_POINT('',(2.683129723087,0.708773383593,2.97740423639)
  );
#6135 = CARTESIAN_POINT('',(2.683399037865,0.707751178479,2.982152464208
    ));
#6136 = CARTESIAN_POINT('',(2.68366776952,0.706728820089,2.986900692026)
  );
#6137 = ADVANCED_FACE('',(#6138),#6158,.F.);
#6138 = FACE_BOUND('',#6139,.F.);
#6139 = EDGE_LOOP('',(#6140,#6141,#6150,#6157));
#6140 = ORIENTED_EDGE('',*,*,#6044,.F.);
#6141 = ORIENTED_EDGE('',*,*,#6142,.T.);
#6142 = EDGE_CURVE('',#6045,#6143,#6145,.T.);
#6143 = VERTEX_POINT('',#6144);
#6144 = CARTESIAN_POINT('',(2.674851094789,0.739457983768,2.888123689976
    ));
#6145 = B_SPLINE_CURVE_WITH_KNOTS('',3,(#6146,#6147,#6148,#6149),
  .UNSPECIFIED.,.F.,.F.,(4,4),(0.,1.),.PIECEWISE_BEZIER_KNOTS.);
#6146 = CARTESIAN_POINT('',(2.684490846928,0.742117904573,2.888123689976
    ));
#6147 = CARTESIAN_POINT('',(2.681277596215,0.741231264305,2.888123689976
    ));
#6148 = CARTESIAN_POINT('',(2.678064345502,0.740344624037,2.888123689976
    ));
#6149 = CARTESIAN_POINT('',(2.674851094789,0.739457983768,2.888123689976
    ));
#6150 = ORIENTED_EDGE('',*,*,#6151,.T.);
#6151 = EDGE_CURVE('',#6143,#6115,#6152,.T.);
#6152 = B_SPLINE_CURVE_WITH_KNOTS('',3,(#6153,#6154,#6155,#6156),
  .UNSPECIFIED.,.F.,.F.,(4,4),(0.,1.),.PIECEWISE_BEZIER_KNOTS.);
#6153 = CARTESIAN_POINT('',(2.674851094789,0.739457983768,2.888123689976
    ));
#6154 = CARTESIAN_POINT('',(2.677575283397,0.729585320299,2.916301129508
    ));
#6155 = CARTESIAN_POINT('',(2.680244914602,0.719697602672,2.94447856904)
  );
#6156 = CARTESIAN_POINT('',(2.682859825361,0.709795434764,2.972656008572
    ));
#6157 = ORIENTED_EDGE('',*,*,#6114,.F.);
#6158 = B_SPLINE_SURFACE_WITH_KNOTS('',1,3,(
    (#6159,#6160,#6161,#6162)
    ,(#6163,#6164,#6165,#6166
    )),.UNSPECIFIED.,.F.,.F.,.F.,(2,2),(4,4),(0.,1.),(0.,1.),
  .PIECEWISE_BEZIER_KNOTS.);
#6159 = CARTESIAN_POINT('',(2.684490846928,0.742117904573,2.888123689976
    ));
#6160 = CARTESIAN_POINT('',(2.687224834776,0.732209727925,2.916301129509
    ));
#6161 = CARTESIAN_POINT('',(2.689904068971,0.72228644297,2.944478569038)
  );
#6162 = CARTESIAN_POINT('',(2.692528385883,0.712348655753,2.972656008572
    ));
#6163 = CARTESIAN_POINT('',(2.674851094789,0.739457983768,2.888123689976
    ));
#6164 = CARTESIAN_POINT('',(2.677575283397,0.729585320298,2.916301129509
    ));
#6165 = CARTESIAN_POINT('',(2.680244914602,0.719697602673,2.944478569038
    ));
#6166 = CARTESIAN_POINT('',(2.682859825361,0.709795434764,2.972656008572
    ));
#6167 = ADVANCED_FACE('',(#6168),#6185,.T.);
#6168 = FACE_BOUND('',#6169,.T.);
#6169 = EDGE_LOOP('',(#6170,#6171,#6179,#6184));
#6170 = ORIENTED_EDGE('',*,*,#6142,.T.);
#6171 = ORIENTED_EDGE('',*,*,#6172,.T.);
#6172 = EDGE_CURVE('',#6143,#6173,#6175,.T.);
#6173 = VERTEX_POINT('',#6174);
#6174 = CARTESIAN_POINT('',(2.692198119567,0.673440646089,2.888123689976
    ));
#6175 = ( BOUNDED_CURVE() B_SPLINE_CURVE(2,(#6176,#6177,#6178),
.UNSPECIFIED.,.F.,.F.) B_SPLINE_CURVE_WITH_KNOTS((3,3),(6.258631311782,
6.28318530718),.PIECEWISE_BEZIER_KNOTS.) CURVE() 
GEOMETRIC_REPRESENTATION_ITEM() RATIONAL_B_SPLINE_CURVE((1.,
0.99992463861,1.)) REPRESENTATION_ITEM('') );
#6176 = CARTESIAN_POINT('',(2.674851094789,0.739457983768,2.888123689976
    ));
#6177 = CARTESIAN_POINT('',(2.683929874891,0.706555804971,2.888123689976
    ));
#6178 = CARTESIAN_POINT('',(2.692198119567,0.673440646089,2.888123689976
    ));
#6179 = ORIENTED_EDGE('',*,*,#6180,.F.);
#6180 = EDGE_CURVE('',#6018,#6173,#6181,.T.);
#6181 = B_SPLINE_CURVE_WITH_KNOTS('',1,(#6182,#6183),.UNSPECIFIED.,.F.,
  .F.,(2,2),(0.,1.),.PIECEWISE_BEZIER_KNOTS.);
#6182 = CARTESIAN_POINT('',(2.701900271076,0.675863094457,2.888123689976
    ));
#6183 = CARTESIAN_POINT('',(2.692198119567,0.673440646089,2.888123689976
    ));
#6184 = ORIENTED_EDGE('',*,*,#6053,.F.);
#6185 = B_SPLINE_SURFACE_WITH_KNOTS('',1,1,(
    (#6186,#6187)
    ,(#6188,#6189
    )),.UNSPECIFIED.,.F.,.F.,.F.,(2,2),(2,2),(2.679851094789,
    2.706900271076),(0.673440646089,0.742117904573),
  .PIECEWISE_BEZIER_KNOTS.);
#6186 = CARTESIAN_POINT('',(2.674851094789,0.673440646089,2.888123689976
    ));
#6187 = CARTESIAN_POINT('',(2.674851094789,0.742117904573,2.888123689976
    ));
#6188 = CARTESIAN_POINT('',(2.701900271076,0.673440646089,2.888123689976
    ));
#6189 = CARTESIAN_POINT('',(2.701900271076,0.742117904573,2.888123689976
    ));
#6190 = ADVANCED_FACE('',(#6191),#6203,.F.);
#6191 = FACE_BOUND('',#6192,.F.);
#6192 = EDGE_LOOP('',(#6193,#6194,#6201,#6202));
#6193 = ORIENTED_EDGE('',*,*,#6096,.T.);
#6194 = ORIENTED_EDGE('',*,*,#6195,.T.);
#6195 = EDGE_CURVE('',#6088,#6173,#6196,.T.);
#6196 = B_SPLINE_CURVE_WITH_KNOTS('',3,(#6197,#6198,#6199,#6200),
  .UNSPECIFIED.,.F.,.F.,(4,4),(0.,1.),.PIECEWISE_BEZIER_KNOTS.);
#6197 = CARTESIAN_POINT('',(2.684669493313,0.702906833613,2.972656008572
    ));
#6198 = CARTESIAN_POINT('',(2.687232736555,0.693098596133,2.94447856904)
  );
#6199 = CARTESIAN_POINT('',(2.689742328697,0.683276337705,2.916301129508
    ));
#6200 = CARTESIAN_POINT('',(2.692198119567,0.673440646089,2.888123689976
    ));
#6201 = ORIENTED_EDGE('',*,*,#6180,.F.);
#6202 = ORIENTED_EDGE('',*,*,#6015,.F.);
#6203 = B_SPLINE_SURFACE_WITH_KNOTS('',1,3,(
    (#6204,#6205,#6206,#6207)
    ,(#6208,#6209,#6210,#6211
    )),.UNSPECIFIED.,.F.,.F.,.F.,(2,2),(4,4),(0.,1.),(0.,1.),
  .PIECEWISE_BEZIER_KNOTS.);
#6204 = CARTESIAN_POINT('',(2.694344563433,0.70543527546,2.972656008572)
  );
#6205 = CARTESIAN_POINT('',(2.696917026974,0.695591756551,2.944478569038
    ));
#6206 = CARTESIAN_POINT('',(2.699435646426,0.685734166259,2.916301129509
    ));
#6207 = CARTESIAN_POINT('',(2.701900271076,0.675863094457,2.888123689976
    ));
#6208 = CARTESIAN_POINT('',(2.684669493313,0.702906833613,2.972656008572
    ));
#6209 = CARTESIAN_POINT('',(2.687232736555,0.693098596133,2.944478569038
    ));
#6210 = CARTESIAN_POINT('',(2.689742328697,0.683276337706,2.916301129509
    ));
#6211 = CARTESIAN_POINT('',(2.692198119567,0.673440646089,2.888123689976
    ));
#6212 = ADVANCED_FACE('',(#6213),#6220,.T.);
#6213 = FACE_BOUND('',#6214,.T.);
#6214 = EDGE_LOOP('',(#6215,#6216,#6217,#6218,#6219));
#6215 = ORIENTED_EDGE('',*,*,#6087,.T.);
#6216 = ORIENTED_EDGE('',*,*,#6195,.T.);
#6217 = ORIENTED_EDGE('',*,*,#6172,.F.);
#6218 = ORIENTED_EDGE('',*,*,#6151,.T.);
#6219 = ORIENTED_EDGE('',*,*,#6121,.T.);
#6220 = ( BOUNDED_SURFACE() B_SPLINE_SURFACE(2,1,(
    (#6221,#6222)
    ,(#6223,#6224)
    ,(#6225,#6226
)),.UNSPECIFIED.,.F.,.F.,.F.) B_SPLINE_SURFACE_WITH_KNOTS((3,3),(2,2),(
    2.872359721573,2.896913716971),(4.543099407974,4.641876410024),
.PIECEWISE_BEZIER_KNOTS.) GEOMETRIC_REPRESENTATION_ITEM() 
RATIONAL_B_SPLINE_SURFACE((
    (1.,1.)
    ,(0.99992463861,0.99992463861)
,(1.,1.))) REPRESENTATION_ITEM('') SURFACE() );
#6221 = CARTESIAN_POINT('',(2.674851094789,0.739457983768,2.986900692026
    ));
#6222 = CARTESIAN_POINT('',(2.674851094789,0.739457983768,2.888123689976
    ));
#6223 = CARTESIAN_POINT('',(2.683929874891,0.706555804971,2.986900692026
    ));
#6224 = CARTESIAN_POINT('',(2.683929874891,0.706555804971,2.888123689976
    ));
#6225 = CARTESIAN_POINT('',(2.692198119567,0.673440646089,2.986900692026
    ));
#6226 = CARTESIAN_POINT('',(2.692198119567,0.673440646089,2.888123689976
    ));
#6227 = ADVANCED_FACE('',(#6228),#6250,.T.);
#6228 = FACE_BOUND('',#6229,.T.);
#6229 = EDGE_LOOP('',(#6230,#6237,#6238,#6245));
#6230 = ORIENTED_EDGE('',*,*,#6231,.F.);
#6231 = EDGE_CURVE('',#1442,#6232,#6234,.T.);
#6232 = VERTEX_POINT('',#6233);
#6233 = CARTESIAN_POINT('',(2.78495160583,1.643280640332E-02,
    2.510067711603));
#6234 = B_SPLINE_CURVE_WITH_KNOTS('',1,(#6235,#6236),.UNSPECIFIED.,.F.,
  .F.,(2,2),(0.,1.E-02),.PIECEWISE_BEZIER_KNOTS.);
#6235 = CARTESIAN_POINT('',(2.774951779286,1.637390745564E-02,
    2.510067711603));
#6236 = CARTESIAN_POINT('',(2.78495160583,1.643280640332E-02,
    2.510067711603));
#6237 = ORIENTED_EDGE('',*,*,#1441,.T.);
#6238 = ORIENTED_EDGE('',*,*,#6239,.T.);
#6239 = EDGE_CURVE('',#1434,#6240,#6242,.T.);
#6240 = VERTEX_POINT('',#6241);
#6241 = CARTESIAN_POINT('',(2.78495160583,1.643280640332E-02,
    2.578483782496));
#6242 = B_SPLINE_CURVE_WITH_KNOTS('',1,(#6243,#6244),.UNSPECIFIED.,.F.,
  .F.,(2,2),(0.,1.E-02),.PIECEWISE_BEZIER_KNOTS.);
#6243 = CARTESIAN_POINT('',(2.774951779286,1.637390745564E-02,
    2.578483782496));
#6244 = CARTESIAN_POINT('',(2.78495160583,1.643280640332E-02,
    2.578483782496));
#6245 = ORIENTED_EDGE('',*,*,#6246,.F.);
#6246 = EDGE_CURVE('',#6232,#6240,#6247,.T.);
#6247 = B_SPLINE_CURVE_WITH_KNOTS('',1,(#6248,#6249),.UNSPECIFIED.,.F.,
  .F.,(2,2),(-5.019932388397,-4.951516317504),.PIECEWISE_BEZIER_KNOTS.);
#6248 = CARTESIAN_POINT('',(2.78495160583,1.643280640332E-02,
    2.510067711603));
#6249 = CARTESIAN_POINT('',(2.78495160583,1.643280640332E-02,
    2.578483782496));
#6250 = B_SPLINE_SURFACE_WITH_KNOTS('',1,1,(
    (#6251,#6252)
    ,(#6253,#6254
    )),.UNSPECIFIED.,.F.,.F.,.F.,(2,2),(2,2),(-3.420803544666E-02,
    3.420803544666E-02),(-4.441019415423E-16,1.E-02),
  .PIECEWISE_BEZIER_KNOTS.);
#6251 = CARTESIAN_POINT('',(2.774951779286,1.637390745564E-02,
    2.510067711603));
#6252 = CARTESIAN_POINT('',(2.78495160583,1.643280640332E-02,
    2.510067711603));
#6253 = CARTESIAN_POINT('',(2.774951779286,1.637390745564E-02,
    2.578483782496));
#6254 = CARTESIAN_POINT('',(2.78495160583,1.643280640332E-02,
    2.578483782496));
#6255 = ADVANCED_FACE('',(#6256),#6273,.F.);
#6256 = FACE_BOUND('',#6257,.T.);
#6257 = EDGE_LOOP('',(#6258,#6259,#6260,#6267));
#6258 = ORIENTED_EDGE('',*,*,#6239,.F.);
#6259 = ORIENTED_EDGE('',*,*,#1433,.F.);
#6260 = ORIENTED_EDGE('',*,*,#6261,.T.);
#6261 = EDGE_CURVE('',#1427,#6262,#6264,.T.);
#6262 = VERTEX_POINT('',#6263);
#6263 = CARTESIAN_POINT('',(2.783566980005,8.941027920598E-02,
    2.578483782496));
#6264 = B_SPLINE_CURVE_WITH_KNOTS('',1,(#6265,#6266),.UNSPECIFIED.,.F.,
  .F.,(2,2),(0.,1.E-02),.PIECEWISE_BEZIER_KNOTS.);
#6265 = CARTESIAN_POINT('',(2.773572116277,8.908981225542E-02,
    2.578483782496));
#6266 = CARTESIAN_POINT('',(2.783566980005,8.941027920598E-02,
    2.578483782496));
#6267 = ORIENTED_EDGE('',*,*,#6268,.T.);
#6268 = EDGE_CURVE('',#6262,#6240,#6269,.T.);
#6269 = ( BOUNDED_CURVE() B_SPLINE_CURVE(2,(#6270,#6271,#6272),
.UNSPECIFIED.,.F.,.F.) B_SPLINE_CURVE_WITH_KNOTS((3,3),(3.109540470721,
3.135702724767),.PIECEWISE_BEZIER_KNOTS.) CURVE() 
GEOMETRIC_REPRESENTATION_ITEM() RATIONAL_B_SPLINE_CURVE((1.,
0.999914443278,1.)) REPRESENTATION_ITEM('') );
#6270 = CARTESIAN_POINT('',(2.783566980005,8.941027920598E-02,
    2.578483782496));
#6271 = CARTESIAN_POINT('',(2.78473663394,5.29305995544E-02,
    2.578483782496));
#6272 = CARTESIAN_POINT('',(2.78495160583,1.643280640332E-02,
    2.578483782496));
#6273 = B_SPLINE_SURFACE_WITH_KNOTS('',1,1,(
    (#6274,#6275)
    ,(#6276,#6277
    )),.UNSPECIFIED.,.F.,.F.,.F.,(2,2),(2,2),(2.778572116277,
    2.78995160583),(1.637390745564E-02,8.941027920598E-02),
  .PIECEWISE_BEZIER_KNOTS.);
#6274 = CARTESIAN_POINT('',(2.773572116277,1.637390745564E-02,
    2.578483782496));
#6275 = CARTESIAN_POINT('',(2.773572116277,8.941027920598E-02,
    2.578483782496));
#6276 = CARTESIAN_POINT('',(2.78495160583,1.637390745564E-02,
    2.578483782496));
#6277 = CARTESIAN_POINT('',(2.78495160583,8.941027920598E-02,
    2.578483782496));
#6278 = ADVANCED_FACE('',(#6279),#6295,.T.);
#6279 = FACE_BOUND('',#6280,.T.);
#6280 = EDGE_LOOP('',(#6281,#6282,#6283,#6290));
#6281 = ORIENTED_EDGE('',*,*,#6261,.F.);
#6282 = ORIENTED_EDGE('',*,*,#1426,.T.);
#6283 = ORIENTED_EDGE('',*,*,#6284,.T.);
#6284 = EDGE_CURVE('',#1419,#6285,#6287,.T.);
#6285 = VERTEX_POINT('',#6286);
#6286 = CARTESIAN_POINT('',(2.783566980005,8.941027920598E-02,
    2.601774359821));
#6287 = B_SPLINE_CURVE_WITH_KNOTS('',1,(#6288,#6289),.UNSPECIFIED.,.F.,
  .F.,(2,2),(0.,1.E-02),.PIECEWISE_BEZIER_KNOTS.);
#6288 = CARTESIAN_POINT('',(2.773572116277,8.908981225542E-02,
    2.601774359821));
#6289 = CARTESIAN_POINT('',(2.783566980005,8.941027920598E-02,
    2.601774359821));
#6290 = ORIENTED_EDGE('',*,*,#6291,.F.);
#6291 = EDGE_CURVE('',#6262,#6285,#6292,.T.);
#6292 = B_SPLINE_CURVE_WITH_KNOTS('',1,(#6293,#6294),.UNSPECIFIED.,.F.,
  .F.,(2,2),(-4.951516317504,-4.928225740179),.PIECEWISE_BEZIER_KNOTS.);
#6293 = CARTESIAN_POINT('',(2.783566980005,8.941027920598E-02,
    2.578483782496));
#6294 = CARTESIAN_POINT('',(2.783566980005,8.941027920598E-02,
    2.601774359821));
#6295 = B_SPLINE_SURFACE_WITH_KNOTS('',1,1,(
    (#6296,#6297)
    ,(#6298,#6299
    )),.UNSPECIFIED.,.F.,.F.,.F.,(2,2),(2,2),(-1.164528866265E-02,
    1.164528866265E-02),(0.,1.E-02),.PIECEWISE_BEZIER_KNOTS.);
#6296 = CARTESIAN_POINT('',(2.773572116277,8.908981225542E-02,
    2.578483782496));
#6297 = CARTESIAN_POINT('',(2.783566980005,8.941027920598E-02,
    2.578483782496));
#6298 = CARTESIAN_POINT('',(2.773572116277,8.908981225542E-02,
    2.601774359821));
#6299 = CARTESIAN_POINT('',(2.783566980005,8.941027920598E-02,
    2.601774359821));
#6300 = ADVANCED_FACE('',(#6301),#6318,.T.);
#6301 = FACE_BOUND('',#6302,.T.);
#6302 = EDGE_LOOP('',(#6303,#6304,#6305,#6312));
#6303 = ORIENTED_EDGE('',*,*,#6284,.F.);
#6304 = ORIENTED_EDGE('',*,*,#1418,.T.);
#6305 = ORIENTED_EDGE('',*,*,#6306,.T.);
#6306 = EDGE_CURVE('',#1412,#6307,#6309,.T.);
#6307 = VERTEX_POINT('',#6308);
#6308 = CARTESIAN_POINT('',(2.78495160583,1.643280640332E-02,
    2.601774359821));
#6309 = B_SPLINE_CURVE_WITH_KNOTS('',1,(#6310,#6311),.UNSPECIFIED.,.F.,
  .F.,(2,2),(0.,1.E-02),.PIECEWISE_BEZIER_KNOTS.);
#6310 = CARTESIAN_POINT('',(2.774951779286,1.637390745564E-02,
    2.601774359821));
#6311 = CARTESIAN_POINT('',(2.78495160583,1.643280640332E-02,
    2.601774359821));
#6312 = ORIENTED_EDGE('',*,*,#6313,.F.);
#6313 = EDGE_CURVE('',#6285,#6307,#6314,.T.);
#6314 = ( BOUNDED_CURVE() B_SPLINE_CURVE(2,(#6315,#6316,#6317),
.UNSPECIFIED.,.F.,.F.) B_SPLINE_CURVE_WITH_KNOTS((3,3),(3.109540470721,
3.135702724767),.PIECEWISE_BEZIER_KNOTS.) CURVE() 
GEOMETRIC_REPRESENTATION_ITEM() RATIONAL_B_SPLINE_CURVE((1.,
0.999914443278,1.)) REPRESENTATION_ITEM('') );
#6315 = CARTESIAN_POINT('',(2.783566980005,8.941027920598E-02,
    2.601774359821));
#6316 = CARTESIAN_POINT('',(2.78473663394,5.29305995544E-02,
    2.601774359821));
#6317 = CARTESIAN_POINT('',(2.78495160583,1.643280640332E-02,
    2.601774359821));
#6318 = B_SPLINE_SURFACE_WITH_KNOTS('',1,1,(
    (#6319,#6320)
    ,(#6321,#6322
    )),.UNSPECIFIED.,.F.,.F.,.F.,(2,2),(2,2),(2.778572116277,
    2.78995160583),(1.637390745564E-02,8.941027920598E-02),
  .PIECEWISE_BEZIER_KNOTS.);
#6319 = CARTESIAN_POINT('',(2.773572116277,1.637390745564E-02,
    2.601774359821));
#6320 = CARTESIAN_POINT('',(2.773572116277,8.941027920598E-02,
    2.601774359821));
#6321 = CARTESIAN_POINT('',(2.78495160583,1.637390745564E-02,
    2.601774359821));
#6322 = CARTESIAN_POINT('',(2.78495160583,8.941027920598E-02,
    2.601774359821));
#6323 = ADVANCED_FACE('',(#6324),#6340,.T.);
#6324 = FACE_BOUND('',#6325,.T.);
#6325 = EDGE_LOOP('',(#6326,#6327,#6328,#6335));
#6326 = ORIENTED_EDGE('',*,*,#6306,.F.);
#6327 = ORIENTED_EDGE('',*,*,#1411,.T.);
#6328 = ORIENTED_EDGE('',*,*,#6329,.T.);
#6329 = EDGE_CURVE('',#1404,#6330,#6332,.T.);
#6330 = VERTEX_POINT('',#6331);
#6331 = CARTESIAN_POINT('',(2.78495160583,1.643280640332E-02,
    2.666863205383));
#6332 = B_SPLINE_CURVE_WITH_KNOTS('',1,(#6333,#6334),.UNSPECIFIED.,.F.,
  .F.,(2,2),(0.,1.E-02),.PIECEWISE_BEZIER_KNOTS.);
#6333 = CARTESIAN_POINT('',(2.774951779286,1.637390745564E-02,
    2.666863205383));
#6334 = CARTESIAN_POINT('',(2.78495160583,1.643280640332E-02,
    2.666863205383));
#6335 = ORIENTED_EDGE('',*,*,#6336,.F.);
#6336 = EDGE_CURVE('',#6307,#6330,#6337,.T.);
#6337 = B_SPLINE_CURVE_WITH_KNOTS('',1,(#6338,#6339),.UNSPECIFIED.,.F.,
  .F.,(2,2),(-4.928225740179,-4.863136894617),.PIECEWISE_BEZIER_KNOTS.);
#6338 = CARTESIAN_POINT('',(2.78495160583,1.643280640332E-02,
    2.601774359821));
#6339 = CARTESIAN_POINT('',(2.78495160583,1.643280640332E-02,
    2.666863205383));
#6340 = B_SPLINE_SURFACE_WITH_KNOTS('',1,1,(
    (#6341,#6342)
    ,(#6343,#6344
    )),.UNSPECIFIED.,.F.,.F.,.F.,(2,2),(2,2),(-3.254442278106E-02,
    3.254442278106E-02),(-4.441019415423E-16,1.E-02),
  .PIECEWISE_BEZIER_KNOTS.);
#6341 = CARTESIAN_POINT('',(2.774951779286,1.637390745564E-02,
    2.601774359821));
#6342 = CARTESIAN_POINT('',(2.78495160583,1.643280640332E-02,
    2.601774359821));
#6343 = CARTESIAN_POINT('',(2.774951779286,1.637390745564E-02,
    2.666863205383));
#6344 = CARTESIAN_POINT('',(2.78495160583,1.643280640332E-02,
    2.666863205383));
#6345 = ADVANCED_FACE('',(#6346),#6363,.F.);
#6346 = FACE_BOUND('',#6347,.T.);
#6347 = EDGE_LOOP('',(#6348,#6349,#6350,#6357));
#6348 = ORIENTED_EDGE('',*,*,#6329,.F.);
#6349 = ORIENTED_EDGE('',*,*,#1403,.F.);
#6350 = ORIENTED_EDGE('',*,*,#6351,.T.);
#6351 = EDGE_CURVE('',#1397,#6352,#6354,.T.);
#6352 = VERTEX_POINT('',#6353);
#6353 = CARTESIAN_POINT('',(2.783375376704,9.519852198574E-02,
    2.666863205383));
#6354 = B_SPLINE_CURVE_WITH_KNOTS('',1,(#6355,#6356),.UNSPECIFIED.,.F.,
  .F.,(2,2),(0.,1.E-02),.PIECEWISE_BEZIER_KNOTS.);
#6355 = CARTESIAN_POINT('',(2.773381199727,9.485730864529E-02,
    2.666863205383));
#6356 = CARTESIAN_POINT('',(2.783375376704,9.519852198574E-02,
    2.666863205383));
#6357 = ORIENTED_EDGE('',*,*,#6358,.T.);
#6358 = EDGE_CURVE('',#6352,#6330,#6359,.T.);
#6359 = ( BOUNDED_CURVE() B_SPLINE_CURVE(2,(#6360,#6361,#6362),
.UNSPECIFIED.,.F.,.F.) B_SPLINE_CURVE_WITH_KNOTS((3,3),(3.107464695025,
3.135702724767),.PIECEWISE_BEZIER_KNOTS.) CURVE() 
GEOMETRIC_REPRESENTATION_ITEM() RATIONAL_B_SPLINE_CURVE((1.,
0.999900328365,1.)) REPRESENTATION_ITEM('') );
#6360 = CARTESIAN_POINT('',(2.783375376704,9.519852198574E-02,
    2.666863205383));
#6361 = CARTESIAN_POINT('',(2.784719575374,5.582679233523E-02,
    2.666863205383));
#6362 = CARTESIAN_POINT('',(2.78495160583,1.643280640332E-02,
    2.666863205383));
#6363 = B_SPLINE_SURFACE_WITH_KNOTS('',1,1,(
    (#6364,#6365)
    ,(#6366,#6367
    )),.UNSPECIFIED.,.F.,.F.,.F.,(2,2),(2,2),(2.778381199727,
    2.78995160583),(1.637390745564E-02,9.519852198574E-02),
  .PIECEWISE_BEZIER_KNOTS.);
#6364 = CARTESIAN_POINT('',(2.773381199727,1.637390745564E-02,
    2.666863205383));
#6365 = CARTESIAN_POINT('',(2.773381199727,9.519852198574E-02,
    2.666863205383));
#6366 = CARTESIAN_POINT('',(2.78495160583,1.637390745564E-02,
    2.666863205383));
#6367 = CARTESIAN_POINT('',(2.78495160583,9.519852198574E-02,
    2.666863205383));
#6368 = ADVANCED_FACE('',(#6369),#6385,.T.);
#6369 = FACE_BOUND('',#6370,.T.);
#6370 = EDGE_LOOP('',(#6371,#6372,#6373,#6380));
#6371 = ORIENTED_EDGE('',*,*,#6351,.F.);
#6372 = ORIENTED_EDGE('',*,*,#1396,.T.);
#6373 = ORIENTED_EDGE('',*,*,#6374,.T.);
#6374 = EDGE_CURVE('',#1389,#6375,#6377,.T.);
#6375 = VERTEX_POINT('',#6376);
#6376 = CARTESIAN_POINT('',(2.783375376704,9.519852198574E-02,
    2.6902577585));
#6377 = B_SPLINE_CURVE_WITH_KNOTS('',1,(#6378,#6379),.UNSPECIFIED.,.F.,
  .F.,(2,2),(0.,1.E-02),.PIECEWISE_BEZIER_KNOTS.);
#6378 = CARTESIAN_POINT('',(2.773381199727,9.485730864529E-02,
    2.6902577585));
#6379 = CARTESIAN_POINT('',(2.783375376704,9.519852198574E-02,
    2.6902577585));
#6380 = ORIENTED_EDGE('',*,*,#6381,.F.);
#6381 = EDGE_CURVE('',#6352,#6375,#6382,.T.);
#6382 = B_SPLINE_CURVE_WITH_KNOTS('',1,(#6383,#6384),.UNSPECIFIED.,.F.,
  .F.,(2,2),(-4.863136894617,-4.8397423415),.PIECEWISE_BEZIER_KNOTS.);
#6383 = CARTESIAN_POINT('',(2.783375376704,9.519852198574E-02,
    2.666863205383));
#6384 = CARTESIAN_POINT('',(2.783375376704,9.519852198574E-02,
    2.6902577585));
#6385 = B_SPLINE_SURFACE_WITH_KNOTS('',1,1,(
    (#6386,#6387)
    ,(#6388,#6389
    )),.UNSPECIFIED.,.F.,.F.,.F.,(2,2),(2,2),(-1.16972765584E-02,
    1.16972765584E-02),(-4.443041443347E-16,1.E-02),
  .PIECEWISE_BEZIER_KNOTS.);
#6386 = CARTESIAN_POINT('',(2.773381199727,9.485730864529E-02,
    2.666863205383));
#6387 = CARTESIAN_POINT('',(2.783375376704,9.519852198574E-02,
    2.666863205383));
#6388 = CARTESIAN_POINT('',(2.773381199727,9.485730864529E-02,
    2.6902577585));
#6389 = CARTESIAN_POINT('',(2.783375376704,9.519852198574E-02,
    2.6902577585));
#6390 = ADVANCED_FACE('',(#6391),#6409,.T.);
#6391 = FACE_BOUND('',#6392,.T.);
#6392 = EDGE_LOOP('',(#6393,#6394,#6395,#6396,#6403));
#6393 = ORIENTED_EDGE('',*,*,#6374,.F.);
#6394 = ORIENTED_EDGE('',*,*,#1388,.T.);
#6395 = ORIENTED_EDGE('',*,*,#1993,.T.);
#6396 = ORIENTED_EDGE('',*,*,#6397,.T.);
#6397 = EDGE_CURVE('',#1987,#6398,#6400,.T.);
#6398 = VERTEX_POINT('',#6399);
#6399 = CARTESIAN_POINT('',(2.784982380728,-9.915403542081E-03,
    2.6902577585));
#6400 = B_SPLINE_CURVE_WITH_KNOTS('',1,(#6401,#6402),.UNSPECIFIED.,.F.,
  .F.,(2,2),(0.,1.E-02),.PIECEWISE_BEZIER_KNOTS.);
#6401 = CARTESIAN_POINT('',(2.774982443879,-9.879864461285E-03,
    2.6902577585));
#6402 = CARTESIAN_POINT('',(2.784982380728,-9.915403542081E-03,
    2.6902577585));
#6403 = ORIENTED_EDGE('',*,*,#6404,.F.);
#6404 = EDGE_CURVE('',#6375,#6398,#6405,.T.);
#6405 = ( BOUNDED_CURVE() B_SPLINE_CURVE(2,(#6406,#6407,#6408),
.UNSPECIFIED.,.F.,.F.) B_SPLINE_CURVE_WITH_KNOTS((3,3),(3.107464695025,
3.145146569151),.PIECEWISE_BEZIER_KNOTS.) CURVE() 
GEOMETRIC_REPRESENTATION_ITEM() RATIONAL_B_SPLINE_CURVE((1.,
0.999822514796,1.)) REPRESENTATION_ITEM('') );
#6406 = CARTESIAN_POINT('',(2.783375376704,9.519852198574E-02,
    2.6902577585));
#6407 = CARTESIAN_POINT('',(2.785169218331,4.265669974424E-02,
    2.6902577585));
#6408 = CARTESIAN_POINT('',(2.784982380728,-9.915403542081E-03,
    2.6902577585));
#6409 = B_SPLINE_SURFACE_WITH_KNOTS('',1,1,(
    (#6410,#6411)
    ,(#6412,#6413
    )),.UNSPECIFIED.,.F.,.F.,.F.,(2,2),(2,2),(2.778381199727,2.79),(
    -9.915403542081E-03,9.519852198574E-02),.PIECEWISE_BEZIER_KNOTS.);
#6410 = CARTESIAN_POINT('',(2.773381199727,-9.915403542081E-03,
    2.6902577585));
#6411 = CARTESIAN_POINT('',(2.773381199727,9.519852198574E-02,
    2.6902577585));
#6412 = CARTESIAN_POINT('',(2.785,-9.915403542081E-03,2.6902577585));
#6413 = CARTESIAN_POINT('',(2.785,9.519852198574E-02,2.6902577585));
#6414 = ADVANCED_FACE('',(#6415),#6431,.T.);
#6415 = FACE_BOUND('',#6416,.T.);
#6416 = EDGE_LOOP('',(#6417,#6418,#6419,#6426));
#6417 = ORIENTED_EDGE('',*,*,#6397,.F.);
#6418 = ORIENTED_EDGE('',*,*,#1986,.T.);
#6419 = ORIENTED_EDGE('',*,*,#6420,.T.);
#6420 = EDGE_CURVE('',#1979,#6421,#6423,.T.);
#6421 = VERTEX_POINT('',#6422);
#6422 = CARTESIAN_POINT('',(2.784982380728,-9.915403542081E-03,
    2.486881110069));
#6423 = B_SPLINE_CURVE_WITH_KNOTS('',1,(#6424,#6425),.UNSPECIFIED.,.F.,
  .F.,(2,2),(0.,1.E-02),.PIECEWISE_BEZIER_KNOTS.);
#6424 = CARTESIAN_POINT('',(2.774982443879,-9.879864461285E-03,
    2.486881110069));
#6425 = CARTESIAN_POINT('',(2.784982380728,-9.915403542081E-03,
    2.486881110069));
#6426 = ORIENTED_EDGE('',*,*,#6427,.F.);
#6427 = EDGE_CURVE('',#6398,#6421,#6428,.T.);
#6428 = B_SPLINE_CURVE_WITH_KNOTS('',1,(#6429,#6430),.UNSPECIFIED.,.F.,
  .F.,(2,2),(4.8397423415,5.043118989931),.PIECEWISE_BEZIER_KNOTS.);
#6429 = CARTESIAN_POINT('',(2.784982380728,-9.915403542081E-03,
    2.6902577585));
#6430 = CARTESIAN_POINT('',(2.784982380728,-9.915403542081E-03,
    2.486881110069));
#6431 = B_SPLINE_SURFACE_WITH_KNOTS('',1,1,(
    (#6432,#6433)
    ,(#6434,#6435
    )),.UNSPECIFIED.,.F.,.F.,.F.,(2,2),(2,2),(-0.101688324216,
    0.101688324216),(0.,1.E-02),.PIECEWISE_BEZIER_KNOTS.);
#6432 = CARTESIAN_POINT('',(2.774982443879,-9.879864461285E-03,
    2.6902577585));
#6433 = CARTESIAN_POINT('',(2.784982380728,-9.915403542081E-03,
    2.6902577585));
#6434 = CARTESIAN_POINT('',(2.774982443879,-9.879864461285E-03,
    2.486881110069));
#6435 = CARTESIAN_POINT('',(2.784982380728,-9.915403542081E-03,
    2.486881110069));
#6436 = ADVANCED_FACE('',(#6437),#6455,.F.);
#6437 = FACE_BOUND('',#6438,.T.);
#6438 = EDGE_LOOP('',(#6439,#6440,#6441,#6442,#6449));
#6439 = ORIENTED_EDGE('',*,*,#6420,.F.);
#6440 = ORIENTED_EDGE('',*,*,#1978,.F.);
#6441 = ORIENTED_EDGE('',*,*,#1463,.F.);
#6442 = ORIENTED_EDGE('',*,*,#6443,.T.);
#6443 = EDGE_CURVE('',#1457,#6444,#6446,.T.);
#6444 = VERTEX_POINT('',#6445);
#6445 = CARTESIAN_POINT('',(2.783213070066,9.983925036428E-02,
    2.486881110069));
#6446 = B_SPLINE_CURVE_WITH_KNOTS('',1,(#6447,#6448),.UNSPECIFIED.,.F.,
  .F.,(2,2),(0.,9.999999999999E-03),.PIECEWISE_BEZIER_KNOTS.);
#6447 = CARTESIAN_POINT('',(2.773219474833,9.948140358878E-02,
    2.486881110069));
#6448 = CARTESIAN_POINT('',(2.783213070066,9.983925036428E-02,
    2.486881110069));
#6449 = ORIENTED_EDGE('',*,*,#6450,.T.);
#6450 = EDGE_CURVE('',#6444,#6421,#6451,.T.);
#6451 = ( BOUNDED_CURVE() B_SPLINE_CURVE(2,(#6452,#6453,#6454),
.UNSPECIFIED.,.F.,.F.) B_SPLINE_CURVE_WITH_KNOTS((3,3),(3.105800334332,
3.145146569151),.PIECEWISE_BEZIER_KNOTS.) CURVE() 
GEOMETRIC_REPRESENTATION_ITEM() RATIONAL_B_SPLINE_CURVE((1.,
0.999806490467,1.)) REPRESENTATION_ITEM('') );
#6452 = CARTESIAN_POINT('',(2.783213070066,9.983925036428E-02,
    2.486881110069));
#6453 = CARTESIAN_POINT('',(2.785177472796,4.497932958493E-02,
    2.486881110069));
#6454 = CARTESIAN_POINT('',(2.784982380728,-9.915403542081E-03,
    2.486881110069));
#6455 = B_SPLINE_SURFACE_WITH_KNOTS('',1,1,(
    (#6456,#6457)
    ,(#6458,#6459
    )),.UNSPECIFIED.,.F.,.F.,.F.,(2,2),(2,2),(2.778219474833,2.79),(
    -9.915403542081E-03,9.983925036428E-02),.PIECEWISE_BEZIER_KNOTS.);
#6456 = CARTESIAN_POINT('',(2.773219474833,-9.915403542081E-03,
    2.486881110069));
#6457 = CARTESIAN_POINT('',(2.773219474833,9.983925036428E-02,
    2.486881110069));
#6458 = CARTESIAN_POINT('',(2.785,-9.915403542081E-03,2.486881110069));
#6459 = CARTESIAN_POINT('',(2.785,9.983925036428E-02,2.486881110069));
#6460 = ADVANCED_FACE('',(#6461),#6477,.T.);
#6461 = FACE_BOUND('',#6462,.T.);
#6462 = EDGE_LOOP('',(#6463,#6464,#6465,#6472));
#6463 = ORIENTED_EDGE('',*,*,#6443,.F.);
#6464 = ORIENTED_EDGE('',*,*,#1456,.T.);
#6465 = ORIENTED_EDGE('',*,*,#6466,.T.);
#6466 = EDGE_CURVE('',#1449,#6467,#6469,.T.);
#6467 = VERTEX_POINT('',#6468);
#6468 = CARTESIAN_POINT('',(2.783213070066,9.983925036428E-02,
    2.510067711603));
#6469 = B_SPLINE_CURVE_WITH_KNOTS('',1,(#6470,#6471),.UNSPECIFIED.,.F.,
  .F.,(2,2),(4.447980053914E-16,1.E-02),.PIECEWISE_BEZIER_KNOTS.);
#6470 = CARTESIAN_POINT('',(2.773219474833,9.948140358878E-02,
    2.510067711603));
#6471 = CARTESIAN_POINT('',(2.783213070066,9.983925036428E-02,
    2.510067711603));
#6472 = ORIENTED_EDGE('',*,*,#6473,.F.);
#6473 = EDGE_CURVE('',#6444,#6467,#6474,.T.);
#6474 = B_SPLINE_CURVE_WITH_KNOTS('',1,(#6475,#6476),.UNSPECIFIED.,.F.,
  .F.,(2,2),(-5.043118989931,-5.019932388397),.PIECEWISE_BEZIER_KNOTS.);
#6475 = CARTESIAN_POINT('',(2.783213070066,9.983925036428E-02,
    2.486881110069));
#6476 = CARTESIAN_POINT('',(2.783213070066,9.983925036428E-02,
    2.510067711603));
#6477 = B_SPLINE_SURFACE_WITH_KNOTS('',1,1,(
    (#6478,#6479)
    ,(#6480,#6481
    )),.UNSPECIFIED.,.F.,.F.,.F.,(2,2),(2,2),(-1.159330076689E-02,
    1.159330076689E-02),(0.,1.E-02),.PIECEWISE_BEZIER_KNOTS.);
#6478 = CARTESIAN_POINT('',(2.773219474833,9.948140358878E-02,
    2.486881110069));
#6479 = CARTESIAN_POINT('',(2.783213070066,9.983925036428E-02,
    2.486881110069));
#6480 = CARTESIAN_POINT('',(2.773219474833,9.948140358878E-02,
    2.510067711603));
#6481 = CARTESIAN_POINT('',(2.783213070066,9.983925036428E-02,
    2.510067711603));
#6482 = ADVANCED_FACE('',(#6483),#6494,.T.);
#6483 = FACE_BOUND('',#6484,.T.);
#6484 = EDGE_LOOP('',(#6485,#6486,#6487,#6493));
#6485 = ORIENTED_EDGE('',*,*,#1448,.T.);
#6486 = ORIENTED_EDGE('',*,*,#6231,.T.);
#6487 = ORIENTED_EDGE('',*,*,#6488,.F.);
#6488 = EDGE_CURVE('',#6467,#6232,#6489,.T.);
#6489 = ( BOUNDED_CURVE() B_SPLINE_CURVE(2,(#6490,#6491,#6492),
.UNSPECIFIED.,.F.,.F.) B_SPLINE_CURVE_WITH_KNOTS((3,3),(3.105800334332,
3.135702724767),.PIECEWISE_BEZIER_KNOTS.) CURVE() 
GEOMETRIC_REPRESENTATION_ITEM() RATIONAL_B_SPLINE_CURVE((1.,
0.999888232963,1.)) REPRESENTATION_ITEM('') );
#6490 = CARTESIAN_POINT('',(2.783213070066,9.983925036428E-02,
    2.510067711603));
#6491 = CARTESIAN_POINT('',(2.784705897425,5.81490259461E-02,
    2.510067711603));
#6492 = CARTESIAN_POINT('',(2.78495160583,1.643280640332E-02,
    2.510067711603));
#6493 = ORIENTED_EDGE('',*,*,#6466,.F.);
#6494 = B_SPLINE_SURFACE_WITH_KNOTS('',1,1,(
    (#6495,#6496)
    ,(#6497,#6498
    )),.UNSPECIFIED.,.F.,.F.,.F.,(2,2),(2,2),(2.778219474833,
    2.78995160583),(1.637390745564E-02,9.983925036428E-02),
  .PIECEWISE_BEZIER_KNOTS.);
#6495 = CARTESIAN_POINT('',(2.773219474833,1.637390745564E-02,
    2.510067711603));
#6496 = CARTESIAN_POINT('',(2.773219474833,9.983925036428E-02,
    2.510067711603));
#6497 = CARTESIAN_POINT('',(2.78495160583,1.637390745564E-02,
    2.510067711603));
#6498 = CARTESIAN_POINT('',(2.78495160583,9.983925036428E-02,
    2.510067711603));
#6499 = ADVANCED_FACE('',(#6500),#6514,.T.);
#6500 = FACE_BOUND('',#6501,.T.);
#6501 = EDGE_LOOP('',(#6502,#6503,#6504,#6505,#6506,#6507,#6508,#6509,
    #6510,#6511,#6512,#6513));
#6502 = ORIENTED_EDGE('',*,*,#6473,.T.);
#6503 = ORIENTED_EDGE('',*,*,#6488,.T.);
#6504 = ORIENTED_EDGE('',*,*,#6246,.T.);
#6505 = ORIENTED_EDGE('',*,*,#6268,.F.);
#6506 = ORIENTED_EDGE('',*,*,#6291,.T.);
#6507 = ORIENTED_EDGE('',*,*,#6313,.T.);
#6508 = ORIENTED_EDGE('',*,*,#6336,.T.);
#6509 = ORIENTED_EDGE('',*,*,#6358,.F.);
#6510 = ORIENTED_EDGE('',*,*,#6381,.T.);
#6511 = ORIENTED_EDGE('',*,*,#6404,.T.);
#6512 = ORIENTED_EDGE('',*,*,#6427,.T.);
#6513 = ORIENTED_EDGE('',*,*,#6450,.F.);
#6514 = ( BOUNDED_SURFACE() B_SPLINE_SURFACE(2,1,(
    (#6515,#6516)
    ,(#6517,#6518)
    ,(#6519,#6520
)),.UNSPECIFIED.,.F.,.F.,.F.) B_SPLINE_SURFACE_WITH_KNOTS((3,3),(2,2),(
    3.105800334332,3.145146569151),(4.8397423415,5.043118989931),
.PIECEWISE_BEZIER_KNOTS.) GEOMETRIC_REPRESENTATION_ITEM() 
RATIONAL_B_SPLINE_SURFACE((
    (1.,1.)
    ,(0.999806490467,0.999806490467)
,(1.,1.))) REPRESENTATION_ITEM('') SURFACE() );
#6515 = CARTESIAN_POINT('',(2.783213070066,9.983925036428E-02,
    2.6902577585));
#6516 = CARTESIAN_POINT('',(2.783213070066,9.983925036428E-02,
    2.486881110069));
#6517 = CARTESIAN_POINT('',(2.785177472796,4.497932958493E-02,
    2.6902577585));
#6518 = CARTESIAN_POINT('',(2.785177472796,4.497932958493E-02,
    2.486881110069));
#6519 = CARTESIAN_POINT('',(2.784982380728,-9.915403542081E-03,
    2.6902577585));
#6520 = CARTESIAN_POINT('',(2.784982380728,-9.915403542081E-03,
    2.486881110069));
#6521 = ADVANCED_FACE('',(#6522),#6548,.T.);
#6522 = FACE_BOUND('',#6523,.T.);
#6523 = EDGE_LOOP('',(#6524,#6533,#6534,#6541));
#6524 = ORIENTED_EDGE('',*,*,#6525,.F.);
#6525 = EDGE_CURVE('',#683,#6526,#6528,.T.);
#6526 = VERTEX_POINT('',#6527);
#6527 = CARTESIAN_POINT('',(2.781559336433,0.138517379916,2.597199424989
    ));
#6528 = B_SPLINE_CURVE_WITH_KNOTS('',3,(#6529,#6530,#6531,#6532),
  .UNSPECIFIED.,.F.,.F.,(4,4),(0.,1.),.PIECEWISE_BEZIER_KNOTS.);
#6529 = CARTESIAN_POINT('',(2.77157166856,0.138020901852,2.597199424989)
  );
#6530 = CARTESIAN_POINT('',(2.774900891185,0.13818639454,2.597199424989)
  );
#6531 = CARTESIAN_POINT('',(2.778230113809,0.138351887228,2.597199424989
    ));
#6532 = CARTESIAN_POINT('',(2.781559336433,0.138517379916,2.597199424989
    ));
#6533 = ORIENTED_EDGE('',*,*,#682,.T.);
#6534 = ORIENTED_EDGE('',*,*,#6535,.T.);
#6535 = EDGE_CURVE('',#672,#6536,#6538,.T.);
#6536 = VERTEX_POINT('',#6537);
#6537 = CARTESIAN_POINT('',(2.778777394636,0.186234843983,2.614771028574
    ));
#6538 = B_SPLINE_CURVE_WITH_KNOTS('',1,(#6539,#6540),.UNSPECIFIED.,.F.,
  .F.,(2,2),(0.,1.),.PIECEWISE_BEZIER_KNOTS.);
#6539 = CARTESIAN_POINT('',(2.768800154344,0.185560512399,2.614771333776
    ));
#6540 = CARTESIAN_POINT('',(2.778777394636,0.186234843983,2.614771028574
    ));
#6541 = ORIENTED_EDGE('',*,*,#6542,.F.);
#6542 = EDGE_CURVE('',#6526,#6536,#6543,.T.);
#6543 = B_SPLINE_CURVE_WITH_KNOTS('',3,(#6544,#6545,#6546,#6547),
  .UNSPECIFIED.,.F.,.F.,(4,4),(0.,1.),.PIECEWISE_BEZIER_KNOTS.);
#6544 = CARTESIAN_POINT('',(2.781559336433,0.138517379916,2.597199424989
    ));
#6545 = CARTESIAN_POINT('',(2.780836827131,0.15305212668,2.608421878205)
  );
#6546 = CARTESIAN_POINT('',(2.779933185902,0.168957817066,2.614279181134
    ));
#6547 = CARTESIAN_POINT('',(2.778777394636,0.186234843983,2.614771028574
    ));
#6548 = B_SPLINE_SURFACE_WITH_KNOTS('',1,3,(
    (#6549,#6550,#6551,#6552)
    ,(#6553,#6554,#6555,#6556
    )),.UNSPECIFIED.,.F.,.F.,.F.,(2,2),(4,4),(0.,1.),(0.,1.),
  .PIECEWISE_BEZIER_KNOTS.);
#6549 = CARTESIAN_POINT('',(2.781559336433,0.138517379916,2.597199424989
    ));
#6550 = CARTESIAN_POINT('',(2.780836828258,0.153052104018,2.608421860708
    ));
#6551 = CARTESIAN_POINT('',(2.779933189607,0.168957761676,2.614279179556
    ));
#6552 = CARTESIAN_POINT('',(2.778777852741,0.186227996256,2.614771333776
    ));
#6553 = CARTESIAN_POINT('',(2.77157166856,0.138020901852,2.597199424989)
  );
#6554 = CARTESIAN_POINT('',(2.770851750016,0.152503530269,2.608421860785
    ));
#6555 = CARTESIAN_POINT('',(2.769951350223,0.168352178227,2.614279179554
    ));
#6556 = CARTESIAN_POINT('',(2.768800154344,0.185560512399,2.614771333776
    ));
#6557 = ADVANCED_FACE('',(#6558),#6576,.T.);
#6558 = FACE_BOUND('',#6559,.T.);
#6559 = EDGE_LOOP('',(#6560,#6561,#6562,#6569));
#6560 = ORIENTED_EDGE('',*,*,#6535,.F.);
#6561 = ORIENTED_EDGE('',*,*,#671,.T.);
#6562 = ORIENTED_EDGE('',*,*,#6563,.T.);
#6563 = EDGE_CURVE('',#674,#6564,#6566,.T.);
#6564 = VERTEX_POINT('',#6565);
#6565 = CARTESIAN_POINT('',(2.776650806631,0.215682150332,2.579211613038
    ));
#6566 = B_SPLINE_CURVE_WITH_KNOTS('',1,(#6567,#6568),.UNSPECIFIED.,.F.,
  .F.,(2,2),(0.,1.),.PIECEWISE_BEZIER_KNOTS.);
#6567 = CARTESIAN_POINT('',(2.766680732055,0.21490909603,2.579211613038)
  );
#6568 = CARTESIAN_POINT('',(2.776650806631,0.215682150332,2.579211613038
    ));
#6569 = ORIENTED_EDGE('',*,*,#6570,.F.);
#6570 = EDGE_CURVE('',#6536,#6564,#6571,.T.);
#6571 = B_SPLINE_CURVE_WITH_KNOTS('',3,(#6572,#6573,#6574,#6575),
  .UNSPECIFIED.,.F.,.F.,(4,4),(1.045321423536E-04,1.),
  .PIECEWISE_BEZIER_KNOTS.);
#6572 = CARTESIAN_POINT('',(2.778777394636,0.186234843983,2.614771028574
    ));
#6573 = CARTESIAN_POINT('',(2.777316799598,0.20806733978,2.613796663814)
  );
#6574 = CARTESIAN_POINT('',(2.776693635187,0.215129790814,2.601855305135
    ));
#6575 = CARTESIAN_POINT('',(2.776650806631,0.215682150332,2.579211613038
    ));
#6576 = B_SPLINE_SURFACE_WITH_KNOTS('',1,3,(
    (#6577,#6578,#6579,#6580)
    ,(#6581,#6582,#6583,#6584
    )),.UNSPECIFIED.,.F.,.F.,.F.,(2,2),(4,4),(0.,1.),(0.,1.),
  .PIECEWISE_BEZIER_KNOTS.);
#6577 = CARTESIAN_POINT('',(2.778777852741,0.186227996256,2.614771333776
    ));
#6578 = CARTESIAN_POINT('',(2.777266130364,0.20882556137,2.613765508642)
  );
#6579 = CARTESIAN_POINT('',(2.776691925084,0.215151845996,2.600951164382
    ));
#6580 = CARTESIAN_POINT('',(2.776650806631,0.215682150332,2.579211613038
    ));
#6581 = CARTESIAN_POINT('',(2.768800154344,0.185560512399,2.614771333776
    ));
#6582 = CARTESIAN_POINT('',(2.76729384585,0.208077149585,2.613765505652)
  );
#6583 = CARTESIAN_POINT('',(2.766721703124,0.214380692512,2.60095116084)
  );
#6584 = CARTESIAN_POINT('',(2.766680732055,0.21490909603,2.579211613038)
  );
#6585 = ADVANCED_FACE('',(#6586),#6604,.T.);
#6586 = FACE_BOUND('',#6587,.T.);
#6587 = EDGE_LOOP('',(#6588,#6589,#6590,#6597));
#6588 = ORIENTED_EDGE('',*,*,#6563,.F.);
#6589 = ORIENTED_EDGE('',*,*,#782,.T.);
#6590 = ORIENTED_EDGE('',*,*,#6591,.T.);
#6591 = EDGE_CURVE('',#774,#6592,#6594,.T.);
#6592 = VERTEX_POINT('',#6593);
#6593 = CARTESIAN_POINT('',(2.779656874369,0.172586476958,2.573181017123
    ));
#6594 = B_SPLINE_CURVE_WITH_KNOTS('',1,(#6595,#6596),.UNSPECIFIED.,.F.,
  .F.,(2,2),(0.,1.),.PIECEWISE_BEZIER_KNOTS.);
#6595 = CARTESIAN_POINT('',(2.769676025357,0.171967887435,2.573181017123
    ));
#6596 = CARTESIAN_POINT('',(2.779656874369,0.172586476958,2.573181017123
    ));
#6597 = ORIENTED_EDGE('',*,*,#6598,.F.);
#6598 = EDGE_CURVE('',#6564,#6592,#6599,.T.);
#6599 = B_SPLINE_CURVE_WITH_KNOTS('',3,(#6600,#6601,#6602,#6603),
  .UNSPECIFIED.,.F.,.F.,(4,4),(0.,1.),.PIECEWISE_BEZIER_KNOTS.);
#6600 = CARTESIAN_POINT('',(2.776650806631,0.215682150332,2.579211613038
    ));
#6601 = CARTESIAN_POINT('',(2.77776402594,0.201324970633,2.5772014144));
#6602 = CARTESIAN_POINT('',(2.77876608856,0.18695917214,2.575191215762)
  );
#6603 = CARTESIAN_POINT('',(2.779656874369,0.172586476958,2.573181017123
    ));
#6604 = B_SPLINE_SURFACE_WITH_KNOTS('',1,3,(
    (#6605,#6606,#6607,#6608)
    ,(#6609,#6610,#6611,#6612
    )),.UNSPECIFIED.,.F.,.F.,.F.,(2,2),(4,4),(0.,1.),(0.,1.),
  .PIECEWISE_BEZIER_KNOTS.);
#6605 = CARTESIAN_POINT('',(2.776650806631,0.215682150332,2.579211613038
    ));
#6606 = CARTESIAN_POINT('',(2.777764025942,0.201324970608,2.577201414396
    ));
#6607 = CARTESIAN_POINT('',(2.778766088559,0.186959172165,2.575191215765
    ));
#6608 = CARTESIAN_POINT('',(2.779656874369,0.172586476958,2.573181017123
    ));
#6609 = CARTESIAN_POINT('',(2.766680732055,0.21490909603,2.579211613038)
  );
#6610 = CARTESIAN_POINT('',(2.767789961333,0.200603375731,2.577201414396
    ));
#6611 = CARTESIAN_POINT('',(2.768788432327,0.186289067605,2.575191215765
    ));
#6612 = CARTESIAN_POINT('',(2.769676025357,0.171967887435,2.573181017123
    ));
#6613 = ADVANCED_FACE('',(#6614),#6634,.T.);
#6614 = FACE_BOUND('',#6615,.T.);
#6615 = EDGE_LOOP('',(#6616,#6617,#6618,#6625));
#6616 = ORIENTED_EDGE('',*,*,#6591,.F.);
#6617 = ORIENTED_EDGE('',*,*,#773,.T.);
#6618 = ORIENTED_EDGE('',*,*,#6619,.T.);
#6619 = EDGE_CURVE('',#765,#6620,#6622,.T.);
#6620 = VERTEX_POINT('',#6621);
#6621 = CARTESIAN_POINT('',(2.782230189937,0.124289453717,2.525768056139
    ));
#6622 = B_SPLINE_CURVE_WITH_KNOTS('',1,(#6623,#6624),.UNSPECIFIED.,.F.,
  .F.,(2,2),(0.,1.),.PIECEWISE_BEZIER_KNOTS.);
#6623 = CARTESIAN_POINT('',(2.772240117571,0.123843971804,2.525768056139
    ));
#6624 = CARTESIAN_POINT('',(2.782230189937,0.124289453717,2.525768056139
    ));
#6625 = ORIENTED_EDGE('',*,*,#6626,.F.);
#6626 = EDGE_CURVE('',#6592,#6620,#6627,.T.);
#6627 = B_SPLINE_CURVE_WITH_KNOTS('',3,(#6628,#6629,#6630,#6631,#6632,
    #6633),.UNSPECIFIED.,.F.,.F.,(4,2,4),(0.,0.5,1.),.UNSPECIFIED.);
#6628 = CARTESIAN_POINT('',(2.779656874369,0.172586476958,2.573181017123
    ));
#6629 = CARTESIAN_POINT('',(2.780615356603,0.157121510136,2.570698763821
    ));
#6630 = CARTESIAN_POINT('',(2.781155445105,0.146671518206,2.567082182042
    ));
#6631 = CARTESIAN_POINT('',(2.782010678232,0.129407024393,2.551965493079
    ));
#6632 = CARTESIAN_POINT('',(2.782206407032,0.124822792852,2.540713565939
    ));
#6633 = CARTESIAN_POINT('',(2.782230189937,0.124289453717,2.525768056139
    ));
#6634 = B_SPLINE_SURFACE_WITH_KNOTS('',1,3,(
    (#6635,#6636,#6637,#6638)
    ,(#6639,#6640,#6641,#6642
    )),.UNSPECIFIED.,.F.,.F.,.F.,(2,2),(4,4),(0.,1.),(0.,1.),
  .PIECEWISE_BEZIER_KNOTS.);
#6635 = CARTESIAN_POINT('',(2.779656874369,0.172586476958,2.573181017123
    ));
#6636 = CARTESIAN_POINT('',(2.781508157879,0.142716295684,2.568386609417
    ));
#6637 = CARTESIAN_POINT('',(2.782181092483,0.125390479608,2.556621582826
    ));
#6638 = CARTESIAN_POINT('',(2.782230189937,0.124289453717,2.525768056139
    ));
#6639 = CARTESIAN_POINT('',(2.769676025357,0.171967887435,2.573181017123
    ));
#6640 = CARTESIAN_POINT('',(2.771520677503,0.142204702218,2.568386598862
    ));
#6641 = CARTESIAN_POINT('',(2.77219119618,0.12494104943,2.556621528383)
  );
#6642 = CARTESIAN_POINT('',(2.772240117571,0.123843971804,2.525768056139
    ));
#6643 = ADVANCED_FACE('',(#6644),#6662,.T.);
#6644 = FACE_BOUND('',#6645,.T.);
#6645 = EDGE_LOOP('',(#6646,#6647,#6648,#6655));
#6646 = ORIENTED_EDGE('',*,*,#6619,.F.);
#6647 = ORIENTED_EDGE('',*,*,#764,.T.);
#6648 = ORIENTED_EDGE('',*,*,#6649,.T.);
#6649 = EDGE_CURVE('',#756,#6650,#6652,.T.);
#6650 = VERTEX_POINT('',#6651);
#6651 = CARTESIAN_POINT('',(2.781644153563,0.136800443755,2.49488497049)
  );
#6652 = B_SPLINE_CURVE_WITH_KNOTS('',1,(#6653,#6654),.UNSPECIFIED.,.F.,
  .F.,(2,2),(0.,1.),.PIECEWISE_BEZIER_KNOTS.);
#6653 = CARTESIAN_POINT('',(2.771656315644,0.136307390818,2.494887246024
    ));
#6654 = CARTESIAN_POINT('',(2.781644153563,0.136800443755,2.49488497049)
  );
#6655 = ORIENTED_EDGE('',*,*,#6656,.F.);
#6656 = EDGE_CURVE('',#6620,#6650,#6657,.T.);
#6657 = B_SPLINE_CURVE_WITH_KNOTS('',3,(#6658,#6659,#6660,#6661),
  .UNSPECIFIED.,.F.,.F.,(4,4),(0.,1.),.PIECEWISE_BEZIER_KNOTS.);
#6658 = CARTESIAN_POINT('',(2.782230189937,0.124289453717,2.525768056139
    ));
#6659 = CARTESIAN_POINT('',(2.782210072238,0.12474059945,2.512164664551)
  );
#6660 = CARTESIAN_POINT('',(2.782097931539,0.12755673752,2.504253249137)
  );
#6661 = CARTESIAN_POINT('',(2.781644153563,0.136800443755,2.49488497049)
  );
#6662 = B_SPLINE_SURFACE_WITH_KNOTS('',1,3,(
    (#6663,#6664,#6665,#6666)
    ,(#6667,#6668,#6669,#6670
    )),.UNSPECIFIED.,.F.,.F.,.F.,(2,2),(4,4),(0.,1.),(0.,1.),
  .PIECEWISE_BEZIER_KNOTS.);
#6663 = CARTESIAN_POINT('',(2.782230189937,0.124289453717,2.525768056139
    ));
#6664 = CARTESIAN_POINT('',(2.782210025273,0.124741652668,2.512132906906
    ));
#6665 = CARTESIAN_POINT('',(2.78211141941,0.127281982197,2.504531722054)
  );
#6666 = CARTESIAN_POINT('',(2.781644288003,0.136797705174,2.494887246024
    ));
#6667 = CARTESIAN_POINT('',(2.772240117571,0.123843971804,2.525768056139
    ));
#6668 = CARTESIAN_POINT('',(2.772220024578,0.124294563518,2.512132496909
    ));
#6669 = CARTESIAN_POINT('',(2.772121800545,0.126825208076,2.504532298081
    ));
#6670 = CARTESIAN_POINT('',(2.771656315644,0.136307390818,2.494887246024
    ));
#6671 = ADVANCED_FACE('',(#6672),#6690,.T.);
#6672 = FACE_BOUND('',#6673,.T.);
#6673 = EDGE_LOOP('',(#6674,#6675,#6676,#6683));
#6674 = ORIENTED_EDGE('',*,*,#6649,.F.);
#6675 = ORIENTED_EDGE('',*,*,#755,.T.);
#6676 = ORIENTED_EDGE('',*,*,#6677,.T.);
#6677 = EDGE_CURVE('',#747,#6678,#6680,.T.);
#6678 = VERTEX_POINT('',#6679);
#6679 = CARTESIAN_POINT('',(2.779787841291,0.17046019769,2.483450212584)
  );
#6680 = B_SPLINE_CURVE_WITH_KNOTS('',1,(#6681,#6682),.UNSPECIFIED.,.F.,
  .F.,(2,2),(0.,1.),.PIECEWISE_BEZIER_KNOTS.);
#6681 = CARTESIAN_POINT('',(2.769807062355,0.169840415408,2.483449908945
    ));
#6682 = CARTESIAN_POINT('',(2.779787841291,0.17046019769,2.483450212584)
  );
#6683 = ORIENTED_EDGE('',*,*,#6684,.F.);
#6684 = EDGE_CURVE('',#6650,#6678,#6685,.T.);
#6685 = B_SPLINE_CURVE_WITH_KNOTS('',3,(#6686,#6687,#6688,#6689),
  .UNSPECIFIED.,.F.,.F.,(4,4),(1.035981782259E-04,1.),
  .PIECEWISE_BEZIER_KNOTS.);
#6686 = CARTESIAN_POINT('',(2.781644153563,0.136800443755,2.49488497049)
  );
#6687 = CARTESIAN_POINT('',(2.781211617188,0.145611270159,2.487564477517
    ));
#6688 = CARTESIAN_POINT('',(2.780622111394,0.156830117198,2.48375279033)
  );
#6689 = CARTESIAN_POINT('',(2.779787841291,0.17046019769,2.483450212584)
  );
#6690 = B_SPLINE_SURFACE_WITH_KNOTS('',1,3,(
    (#6691,#6692,#6693,#6694)
    ,(#6695,#6696,#6697,#6698
    )),.UNSPECIFIED.,.F.,.F.,.F.,(2,2),(4,4),(0.,1.),(0.,1.),
  .PIECEWISE_BEZIER_KNOTS.);
#6691 = CARTESIAN_POINT('',(2.781644288003,0.136797705174,2.494887246024
    ));
#6692 = CARTESIAN_POINT('',(2.781211741171,0.1456089214,2.487565287437)
  );
#6693 = CARTESIAN_POINT('',(2.780622200287,0.156828664883,2.483752822623
    ));
#6694 = CARTESIAN_POINT('',(2.779788382723,0.170451352154,2.483449908945
    ));
#6695 = CARTESIAN_POINT('',(2.771656315644,0.136307390818,2.494887246024
    ));
#6696 = CARTESIAN_POINT('',(2.771225319154,0.145087025734,2.487565287346
    ));
#6697 = CARTESIAN_POINT('',(2.77063789133,0.156266554892,2.483752822625)
  );
#6698 = CARTESIAN_POINT('',(2.769807062355,0.169840415408,2.483449908945
    ));
#6699 = ADVANCED_FACE('',(#6700),#6718,.T.);
#6700 = FACE_BOUND('',#6701,.T.);
#6701 = EDGE_LOOP('',(#6702,#6703,#6704,#6711));
#6702 = ORIENTED_EDGE('',*,*,#6677,.F.);
#6703 = ORIENTED_EDGE('',*,*,#746,.T.);
#6704 = ORIENTED_EDGE('',*,*,#6705,.T.);
#6705 = EDGE_CURVE('',#739,#6706,#6708,.T.);
#6706 = VERTEX_POINT('',#6707);
#6707 = CARTESIAN_POINT('',(2.776703158672,0.215005899994,2.509339881061
    ));
#6708 = B_SPLINE_CURVE_WITH_KNOTS('',1,(#6709,#6710),.UNSPECIFIED.,.F.,
  .F.,(2,2),(0.,1.),.PIECEWISE_BEZIER_KNOTS.);
#6709 = CARTESIAN_POINT('',(2.766732896455,0.214235269528,2.509339881061
    ));
#6710 = CARTESIAN_POINT('',(2.776703158672,0.215005899994,2.509339881061
    ));
#6711 = ORIENTED_EDGE('',*,*,#6712,.F.);
#6712 = EDGE_CURVE('',#6678,#6706,#6713,.T.);
#6713 = B_SPLINE_CURVE_WITH_KNOTS('',3,(#6714,#6715,#6716,#6717),
  .UNSPECIFIED.,.F.,.F.,(4,4),(1.405210323099E-04,1.),
  .PIECEWISE_BEZIER_KNOTS.);
#6714 = CARTESIAN_POINT('',(2.779787841291,0.17046019769,2.483450212584)
  );
#6715 = CARTESIAN_POINT('',(2.778503707767,0.191438933332,2.484171404736
    ));
#6716 = CARTESIAN_POINT('',(2.777573983835,0.203739338913,2.491430376534
    ));
#6717 = CARTESIAN_POINT('',(2.776703158672,0.215005899994,2.509339881061
    ));
#6718 = B_SPLINE_SURFACE_WITH_KNOTS('',1,3,(
    (#6719,#6720,#6721,#6722)
    ,(#6723,#6724,#6725,#6726
    )),.UNSPECIFIED.,.F.,.F.,.F.,(2,2),(4,4),(0.,1.),(0.,1.),
  .PIECEWISE_BEZIER_KNOTS.);
#6719 = CARTESIAN_POINT('',(2.779788382723,0.170451352154,2.483449908945
    ));
#6720 = CARTESIAN_POINT('',(2.778488682438,0.191685506121,2.484177737896
    ));
#6721 = CARTESIAN_POINT('',(2.777577946858,0.203688066113,2.491348872476
    ));
#6722 = CARTESIAN_POINT('',(2.776703158672,0.215005899994,2.509339881061
    ));
#6723 = CARTESIAN_POINT('',(2.769807062355,0.169840415408,2.483449908945
    ));
#6724 = CARTESIAN_POINT('',(2.76851203297,0.190998257465,2.484177730885)
  );
#6725 = CARTESIAN_POINT('',(2.767604525304,0.202958310511,2.491349365677
    ));
#6726 = CARTESIAN_POINT('',(2.766732896455,0.214235269528,2.509339881061
    ));
#6727 = ADVANCED_FACE('',(#6728),#6745,.F.);
#6728 = FACE_BOUND('',#6729,.T.);
#6729 = EDGE_LOOP('',(#6730,#6731,#6732,#6739));
#6730 = ORIENTED_EDGE('',*,*,#6705,.F.);
#6731 = ORIENTED_EDGE('',*,*,#738,.F.);
#6732 = ORIENTED_EDGE('',*,*,#6733,.T.);
#6733 = EDGE_CURVE('',#732,#6734,#6736,.T.);
#6734 = VERTEX_POINT('',#6735);
#6735 = CARTESIAN_POINT('',(2.776650806631,0.215682150332,2.509339881061
    ));
#6736 = B_SPLINE_CURVE_WITH_KNOTS('',1,(#6737,#6738),.UNSPECIFIED.,.F.,
  .F.,(2,2),(0.,1.E-02),.PIECEWISE_BEZIER_KNOTS.);
#6737 = CARTESIAN_POINT('',(2.766680732055,0.21490909603,2.509339881061)
  );
#6738 = CARTESIAN_POINT('',(2.776650806631,0.215682150332,2.509339881061
    ));
#6739 = ORIENTED_EDGE('',*,*,#6740,.T.);
#6740 = EDGE_CURVE('',#6734,#6706,#6741,.T.);
#6741 = ( BOUNDED_CURVE() B_SPLINE_CURVE(2,(#6742,#6743,#6744),
.UNSPECIFIED.,.F.,.F.) B_SPLINE_CURVE_WITH_KNOTS((3,3),(3.064210017679,
3.064453126544),.PIECEWISE_BEZIER_KNOTS.) CURVE() 
GEOMETRIC_REPRESENTATION_ITEM() RATIONAL_B_SPLINE_CURVE((1.,
0.999999992612,1.)) REPRESENTATION_ITEM('') );
#6742 = CARTESIAN_POINT('',(2.776650806631,0.215682150332,2.509339881061
    ));
#6743 = CARTESIAN_POINT('',(2.776677023752,0.215344028345,2.509339881061
    ));
#6744 = CARTESIAN_POINT('',(2.776703158672,0.215005899994,2.509339881061
    ));
#6745 = B_SPLINE_SURFACE_WITH_KNOTS('',1,1,(
    (#6746,#6747)
    ,(#6748,#6749
    )),.UNSPECIFIED.,.F.,.F.,.F.,(2,2),(2,2),(2.771680732055,
    2.781703158672),(0.214235269528,0.215682150332),
  .PIECEWISE_BEZIER_KNOTS.);
#6746 = CARTESIAN_POINT('',(2.766680732055,0.214235269528,2.509339881061
    ));
#6747 = CARTESIAN_POINT('',(2.766680732055,0.215682150332,2.509339881061
    ));
#6748 = CARTESIAN_POINT('',(2.776703158672,0.214235269528,2.509339881061
    ));
#6749 = CARTESIAN_POINT('',(2.776703158672,0.215682150332,2.509339881061
    ));
#6750 = ADVANCED_FACE('',(#6751),#6767,.T.);
#6751 = FACE_BOUND('',#6752,.T.);
#6752 = EDGE_LOOP('',(#6753,#6754,#6755,#6762));
#6753 = ORIENTED_EDGE('',*,*,#6733,.F.);
#6754 = ORIENTED_EDGE('',*,*,#731,.T.);
#6755 = ORIENTED_EDGE('',*,*,#6756,.T.);
#6756 = EDGE_CURVE('',#724,#6757,#6759,.T.);
#6757 = VERTEX_POINT('',#6758);
#6758 = CARTESIAN_POINT('',(2.776650806631,0.215682150332,2.486881110069
    ));
#6759 = B_SPLINE_CURVE_WITH_KNOTS('',1,(#6760,#6761),.UNSPECIFIED.,.F.,
  .F.,(2,2),(0.,1.E-02),.PIECEWISE_BEZIER_KNOTS.);
#6760 = CARTESIAN_POINT('',(2.766680732055,0.21490909603,2.486881110069)
  );
#6761 = CARTESIAN_POINT('',(2.776650806631,0.215682150332,2.486881110069
    ));
#6762 = ORIENTED_EDGE('',*,*,#6763,.F.);
#6763 = EDGE_CURVE('',#6734,#6757,#6764,.T.);
#6764 = B_SPLINE_CURVE_WITH_KNOTS('',1,(#6765,#6766),.UNSPECIFIED.,.F.,
  .F.,(2,2),(5.020660218939,5.043118989931),.PIECEWISE_BEZIER_KNOTS.);
#6765 = CARTESIAN_POINT('',(2.776650806631,0.215682150332,2.509339881061
    ));
#6766 = CARTESIAN_POINT('',(2.776650806631,0.215682150332,2.486881110069
    ));
#6767 = B_SPLINE_SURFACE_WITH_KNOTS('',1,1,(
    (#6768,#6769)
    ,(#6770,#6771
    )),.UNSPECIFIED.,.F.,.F.,.F.,(2,2),(2,2),(-1.12293854959E-02,
    1.12293854959E-02),(0.,1.E-02),.PIECEWISE_BEZIER_KNOTS.);
#6768 = CARTESIAN_POINT('',(2.766680732055,0.21490909603,2.509339881061)
  );
#6769 = CARTESIAN_POINT('',(2.776650806631,0.215682150332,2.509339881061
    ));
#6770 = CARTESIAN_POINT('',(2.766680732055,0.21490909603,2.486881110069)
  );
#6771 = CARTESIAN_POINT('',(2.776650806631,0.215682150332,2.486881110069
    ));
#6772 = ADVANCED_FACE('',(#6773),#6790,.F.);
#6773 = FACE_BOUND('',#6774,.T.);
#6774 = EDGE_LOOP('',(#6775,#6776,#6777,#6784));
#6775 = ORIENTED_EDGE('',*,*,#6756,.F.);
#6776 = ORIENTED_EDGE('',*,*,#723,.F.);
#6777 = ORIENTED_EDGE('',*,*,#6778,.T.);
#6778 = EDGE_CURVE('',#717,#6779,#6781,.T.);
#6779 = VERTEX_POINT('',#6780);
#6780 = CARTESIAN_POINT('',(2.774557684482,0.241161934474,2.486881110069
    ));
#6781 = B_SPLINE_CURVE_WITH_KNOTS('',1,(#6782,#6783),.UNSPECIFIED.,.F.,
  .F.,(2,2),(0.,1.E-02),.PIECEWISE_BEZIER_KNOTS.);
#6782 = CARTESIAN_POINT('',(2.764595112136,0.24029755478,2.486881110069)
  );
#6783 = CARTESIAN_POINT('',(2.774557684482,0.241161934474,2.486881110069
    ));
#6784 = ORIENTED_EDGE('',*,*,#6785,.T.);
#6785 = EDGE_CURVE('',#6779,#6757,#6786,.T.);
#6786 = ( BOUNDED_CURVE() B_SPLINE_CURVE(2,(#6787,#6788,#6789),
.UNSPECIFIED.,.F.,.F.) B_SPLINE_CURVE_WITH_KNOTS((3,3),(3.055046683524,
3.064210017679),.PIECEWISE_BEZIER_KNOTS.) CURVE() 
GEOMETRIC_REPRESENTATION_ITEM() RATIONAL_B_SPLINE_CURVE((1.,
0.999989504182,1.)) REPRESENTATION_ITEM('') );
#6787 = CARTESIAN_POINT('',(2.774557684482,0.241161934474,2.486881110069
    ));
#6788 = CARTESIAN_POINT('',(2.775662615909,0.228426837431,2.486881110069
    ));
#6789 = CARTESIAN_POINT('',(2.776650806631,0.215682150332,2.486881110069
    ));
#6790 = B_SPLINE_SURFACE_WITH_KNOTS('',1,1,(
    (#6791,#6792)
    ,(#6793,#6794
    )),.UNSPECIFIED.,.F.,.F.,.F.,(2,2),(2,2),(2.769595112136,
    2.781650806631),(0.21490909603,0.241161934474),
  .PIECEWISE_BEZIER_KNOTS.);
#6791 = CARTESIAN_POINT('',(2.764595112136,0.21490909603,2.486881110069)
  );
#6792 = CARTESIAN_POINT('',(2.764595112136,0.241161934474,2.486881110069
    ));
#6793 = CARTESIAN_POINT('',(2.776650806631,0.21490909603,2.486881110069)
  );
#6794 = CARTESIAN_POINT('',(2.776650806631,0.241161934474,2.486881110069
    ));
#6795 = ADVANCED_FACE('',(#6796),#6814,.T.);
#6796 = FACE_BOUND('',#6797,.T.);
#6797 = EDGE_LOOP('',(#6798,#6799,#6800,#6809));
#6798 = ORIENTED_EDGE('',*,*,#6778,.F.);
#6799 = ORIENTED_EDGE('',*,*,#716,.T.);
#6800 = ORIENTED_EDGE('',*,*,#6801,.T.);
#6801 = EDGE_CURVE('',#708,#6802,#6804,.T.);
#6802 = VERTEX_POINT('',#6803);
#6803 = CARTESIAN_POINT('',(2.774557684482,0.241161934474,2.580355346745
    ));
#6804 = B_SPLINE_CURVE_WITH_KNOTS('',3,(#6805,#6806,#6807,#6808),
  .UNSPECIFIED.,.F.,.F.,(4,4),(0.,1.),.PIECEWISE_BEZIER_KNOTS.);
#6805 = CARTESIAN_POINT('',(2.764595112136,0.24029755478,2.580355346745)
  );
#6806 = CARTESIAN_POINT('',(2.767915969584,0.240585681345,2.580355346745
    ));
#6807 = CARTESIAN_POINT('',(2.771236827033,0.240873807909,2.580355346745
    ));
#6808 = CARTESIAN_POINT('',(2.774557684482,0.241161934474,2.580355346745
    ));
#6809 = ORIENTED_EDGE('',*,*,#6810,.F.);
#6810 = EDGE_CURVE('',#6779,#6802,#6811,.T.);
#6811 = B_SPLINE_CURVE_WITH_KNOTS('',1,(#6812,#6813),.UNSPECIFIED.,.F.,
  .F.,(2,2),(-5.043118989931,-4.949644753255),.PIECEWISE_BEZIER_KNOTS.);
#6812 = CARTESIAN_POINT('',(2.774557684482,0.241161934474,2.486881110069
    ));
#6813 = CARTESIAN_POINT('',(2.774557684482,0.241161934474,2.580355346745
    ));
#6814 = B_SPLINE_SURFACE_WITH_KNOTS('',1,1,(
    (#6815,#6816)
    ,(#6817,#6818
    )),.UNSPECIFIED.,.F.,.F.,.F.,(2,2),(2,2),(-4.673711833786E-02,
    4.673711833786E-02),(0.,1.E-02),.PIECEWISE_BEZIER_KNOTS.);
#6815 = CARTESIAN_POINT('',(2.764595112136,0.24029755478,2.486881110069)
  );
#6816 = CARTESIAN_POINT('',(2.774557684482,0.241161934474,2.486881110069
    ));
#6817 = CARTESIAN_POINT('',(2.764595112136,0.24029755478,2.580355346745)
  );
#6818 = CARTESIAN_POINT('',(2.774557684482,0.241161934474,2.580355346745
    ));
#6819 = ADVANCED_FACE('',(#6820),#6838,.T.);
#6820 = FACE_BOUND('',#6821,.T.);
#6821 = EDGE_LOOP('',(#6822,#6823,#6824,#6831));
#6822 = ORIENTED_EDGE('',*,*,#6801,.F.);
#6823 = ORIENTED_EDGE('',*,*,#707,.T.);
#6824 = ORIENTED_EDGE('',*,*,#6825,.T.);
#6825 = EDGE_CURVE('',#699,#6826,#6828,.T.);
#6826 = VERTEX_POINT('',#6827);
#6827 = CARTESIAN_POINT('',(2.778616623601,0.188622620092,2.63546251631)
  );
#6828 = B_SPLINE_CURVE_WITH_KNOTS('',1,(#6829,#6830),.UNSPECIFIED.,.F.,
  .F.,(2,2),(0.,1.),.PIECEWISE_BEZIER_KNOTS.);
#6829 = CARTESIAN_POINT('',(2.768639503087,0.187946553353,2.63546251631)
  );
#6830 = CARTESIAN_POINT('',(2.778616623601,0.188622620092,2.63546251631)
  );
#6831 = ORIENTED_EDGE('',*,*,#6832,.F.);
#6832 = EDGE_CURVE('',#6802,#6826,#6833,.T.);
#6833 = B_SPLINE_CURVE_WITH_KNOTS('',3,(#6834,#6835,#6836,#6837),
  .UNSPECIFIED.,.F.,.F.,(4,4),(0.,1.),.PIECEWISE_BEZIER_KNOTS.);
#6834 = CARTESIAN_POINT('',(2.774557684482,0.241161934474,2.580355346745
    ));
#6835 = CARTESIAN_POINT('',(2.774635023141,0.24027055307,2.617360282356)
  );
#6836 = CARTESIAN_POINT('',(2.776135594997,0.225236640527,2.63454480678)
  );
#6837 = CARTESIAN_POINT('',(2.778616623601,0.188622620092,2.63546251631)
  );
#6838 = B_SPLINE_SURFACE_WITH_KNOTS('',1,3,(
    (#6839,#6840,#6841,#6842)
    ,(#6843,#6844,#6845,#6846
    )),.UNSPECIFIED.,.F.,.F.,.F.,(2,2),(4,4),(0.,1.),(0.,1.),
  .PIECEWISE_BEZIER_KNOTS.);
#6839 = CARTESIAN_POINT('',(2.774557684482,0.241161934474,2.580355346745
    ));
#6840 = CARTESIAN_POINT('',(2.774634278795,0.240279132169,2.617004128407
    ));
#6841 = CARTESIAN_POINT('',(2.776103523203,0.225709943141,2.63453294372)
  );
#6842 = CARTESIAN_POINT('',(2.778616623601,0.188622620092,2.63546251631)
  );
#6843 = CARTESIAN_POINT('',(2.764595112136,0.24029755478,2.580355346745)
  );
#6844 = CARTESIAN_POINT('',(2.764671431891,0.239417916943,2.617004115839
    ));
#6845 = CARTESIAN_POINT('',(2.766135408061,0.224900978738,2.63453294292)
  );
#6846 = CARTESIAN_POINT('',(2.768639503087,0.187946553353,2.63546251631)
  );
#6847 = ADVANCED_FACE('',(#6848),#6866,.T.);
#6848 = FACE_BOUND('',#6849,.T.);
#6849 = EDGE_LOOP('',(#6850,#6851,#6852,#6859));
#6850 = ORIENTED_EDGE('',*,*,#6825,.F.);
#6851 = ORIENTED_EDGE('',*,*,#698,.T.);
#6852 = ORIENTED_EDGE('',*,*,#6853,.T.);
#6853 = EDGE_CURVE('',#692,#6854,#6856,.T.);
#6854 = VERTEX_POINT('',#6855);
#6855 = CARTESIAN_POINT('',(2.781559336433,0.138517379916,2.621945663398
    ));
#6856 = B_SPLINE_CURVE_WITH_KNOTS('',1,(#6857,#6858),.UNSPECIFIED.,.F.,
  .F.,(2,2),(0.,1.),.PIECEWISE_BEZIER_KNOTS.);
#6857 = CARTESIAN_POINT('',(2.77157166856,0.138020901852,2.621945663398)
  );
#6858 = CARTESIAN_POINT('',(2.781559336433,0.138517379916,2.621945663398
    ));
#6859 = ORIENTED_EDGE('',*,*,#6860,.F.);
#6860 = EDGE_CURVE('',#6826,#6854,#6861,.T.);
#6861 = B_SPLINE_CURVE_WITH_KNOTS('',3,(#6862,#6863,#6864,#6865),
  .UNSPECIFIED.,.F.,.F.,(4,4),(0.,1.),.PIECEWISE_BEZIER_KNOTS.);
#6862 = CARTESIAN_POINT('',(2.778616623601,0.188622620092,2.63546251631)
  );
#6863 = CARTESIAN_POINT('',(2.779888660022,0.169850419147,2.635110829386
    ));
#6864 = CARTESIAN_POINT('',(2.780832182002,0.153145572925,2.630605211748
    ));
#6865 = CARTESIAN_POINT('',(2.781559336433,0.138517379916,2.621945663398
    ));
#6866 = B_SPLINE_SURFACE_WITH_KNOTS('',1,3,(
    (#6867,#6868,#6869,#6870)
    ,(#6871,#6872,#6873,#6874
    )),.UNSPECIFIED.,.F.,.F.,.F.,(2,2),(4,4),(0.,1.),(0.,1.),
  .PIECEWISE_BEZIER_KNOTS.);
#6867 = CARTESIAN_POINT('',(2.778616623601,0.188622620092,2.63546251631)
  );
#6868 = CARTESIAN_POINT('',(2.77988866526,0.169850341852,2.635110827937)
  );
#6869 = CARTESIAN_POINT('',(2.78083218475,0.153145517644,2.630605179023)
  );
#6870 = CARTESIAN_POINT('',(2.781559336433,0.138517379916,2.621945663398
    ));
#6871 = CARTESIAN_POINT('',(2.768639503087,0.187946553353,2.63546251631)
  );
#6872 = CARTESIAN_POINT('',(2.769906985465,0.16924155913,2.635110827935)
  );
#6873 = CARTESIAN_POINT('',(2.770847123147,0.15259660916,2.630605179131)
  );
#6874 = CARTESIAN_POINT('',(2.77157166856,0.138020901852,2.621945663398)
  );
#6875 = ADVANCED_FACE('',(#6876),#6886,.T.);
#6876 = FACE_BOUND('',#6877,.T.);
#6877 = EDGE_LOOP('',(#6878,#6879,#6880,#6885));
#6878 = ORIENTED_EDGE('',*,*,#691,.T.);
#6879 = ORIENTED_EDGE('',*,*,#6525,.T.);
#6880 = ORIENTED_EDGE('',*,*,#6881,.F.);
#6881 = EDGE_CURVE('',#6854,#6526,#6882,.T.);
#6882 = B_SPLINE_CURVE_WITH_KNOTS('',1,(#6883,#6884),.UNSPECIFIED.,.F.,
  .F.,(2,2),(4.908054436602,4.932800675011),.PIECEWISE_BEZIER_KNOTS.);
#6883 = CARTESIAN_POINT('',(2.781559336433,0.138517379916,2.621945663398
    ));
#6884 = CARTESIAN_POINT('',(2.781559336433,0.138517379916,2.597199424989
    ));
#6885 = ORIENTED_EDGE('',*,*,#6853,.F.);
#6886 = B_SPLINE_SURFACE_WITH_KNOTS('',1,1,(
    (#6887,#6888)
    ,(#6889,#6890
    )),.UNSPECIFIED.,.F.,.F.,.F.,(2,2),(2,2),(-1.237311920463E-02,
    1.237311920463E-02),(0.,1.E-02),.PIECEWISE_BEZIER_KNOTS.);
#6887 = CARTESIAN_POINT('',(2.77157166856,0.138020901852,2.621945663398)
  );
#6888 = CARTESIAN_POINT('',(2.781559336433,0.138517379916,2.621945663398
    ));
#6889 = CARTESIAN_POINT('',(2.77157166856,0.138020901852,2.597199424989)
  );
#6890 = CARTESIAN_POINT('',(2.781559336433,0.138517379916,2.597199424989
    ));
#6891 = ADVANCED_FACE('',(#6892,#6964),#6980,.T.);
#6892 = FACE_BOUND('',#6893,.T.);
#6893 = EDGE_LOOP('',(#6894,#6905,#6914,#6923,#6932,#6941,#6948,#6957));
#6894 = ORIENTED_EDGE('',*,*,#6895,.F.);
#6895 = EDGE_CURVE('',#6896,#6898,#6900,.T.);
#6896 = VERTEX_POINT('',#6897);
#6897 = CARTESIAN_POINT('',(2.780546093394,0.157584775846,2.510901320543
    ));
#6898 = VERTEX_POINT('',#6899);
#6899 = CARTESIAN_POINT('',(2.779376169286,0.177057470648,2.504349276567
    ));
#6900 = B_SPLINE_CURVE_WITH_KNOTS('',3,(#6901,#6902,#6903,#6904),
  .UNSPECIFIED.,.F.,.F.,(4,4),(0.,0.999686450528),
  .PIECEWISE_BEZIER_KNOTS.);
#6901 = CARTESIAN_POINT('',(2.780546093394,0.157584775846,2.510901320543
    ));
#6902 = CARTESIAN_POINT('',(2.78024623435,0.162885175424,2.506780168138)
  );
#6903 = CARTESIAN_POINT('',(2.779864493712,0.169378477372,2.504596673568
    ));
#6904 = CARTESIAN_POINT('',(2.779376169286,0.177057470648,2.504349276567
    ));
#6905 = ORIENTED_EDGE('',*,*,#6906,.F.);
#6906 = EDGE_CURVE('',#6907,#6896,#6909,.T.);
#6907 = VERTEX_POINT('',#6908);
#6908 = CARTESIAN_POINT('',(2.780954647074,0.15018889589,2.527847571971)
  );
#6909 = B_SPLINE_CURVE_WITH_KNOTS('',3,(#6910,#6911,#6912,#6913),
  .UNSPECIFIED.,.F.,.F.,(4,4),(0.,0.999905212285),
  .PIECEWISE_BEZIER_KNOTS.);
#6910 = CARTESIAN_POINT('',(2.780954647074,0.15018889589,2.527847571971)
  );
#6911 = CARTESIAN_POINT('',(2.780928811133,0.150668144097,2.519344548847
    ));
#6912 = CARTESIAN_POINT('',(2.780879303761,0.151694848157,2.517237637421
    ));
#6913 = CARTESIAN_POINT('',(2.780546093394,0.157584775846,2.510901320543
    ));
#6914 = ORIENTED_EDGE('',*,*,#6915,.F.);
#6915 = EDGE_CURVE('',#6916,#6907,#6918,.T.);
#6916 = VERTEX_POINT('',#6917);
#6917 = CARTESIAN_POINT('',(2.780581292153,0.156961348127,2.546251287089
    ));
#6918 = B_SPLINE_CURVE_WITH_KNOTS('',3,(#6919,#6920,#6921,#6922),
  .UNSPECIFIED.,.F.,.F.,(4,4),(0.,1.),.PIECEWISE_BEZIER_KNOTS.);
#6919 = CARTESIAN_POINT('',(2.780581292153,0.156961348127,2.546251287089
    ));
#6920 = CARTESIAN_POINT('',(2.780821282089,0.152702264704,2.541443625295
    ));
#6921 = CARTESIAN_POINT('',(2.780940867046,0.15044451087,2.535309054982)
  );
#6922 = CARTESIAN_POINT('',(2.780954647074,0.15018889589,2.527847571971)
  );
#6923 = ORIENTED_EDGE('',*,*,#6924,.F.);
#6924 = EDGE_CURVE('',#6925,#6916,#6927,.T.);
#6925 = VERTEX_POINT('',#6926);
#6926 = CARTESIAN_POINT('',(2.779080551061,0.18164659426,2.555193205171)
  );
#6927 = B_SPLINE_CURVE_WITH_KNOTS('',3,(#6928,#6929,#6930,#6931),
  .UNSPECIFIED.,.F.,.F.,(4,4),(0.,1.),.PIECEWISE_BEZIER_KNOTS.);
#6928 = CARTESIAN_POINT('',(2.779080551061,0.18164659426,2.555193205171)
  );
#6929 = CARTESIAN_POINT('',(2.779820304828,0.17030845668,2.553441494021)
  );
#6930 = CARTESIAN_POINT('',(2.780292965946,0.162078251729,2.550460838931
    ));
#6931 = CARTESIAN_POINT('',(2.780581292153,0.156961348127,2.546251287089
    ));
#6932 = ORIENTED_EDGE('',*,*,#6933,.F.);
#6933 = EDGE_CURVE('',#6934,#6925,#6936,.T.);
#6934 = VERTEX_POINT('',#6935);
#6935 = CARTESIAN_POINT('',(2.776650806631,0.215682150332,2.559768140003
    ));
#6936 = B_SPLINE_CURVE_WITH_KNOTS('',3,(#6937,#6938,#6939,#6940),
  .UNSPECIFIED.,.F.,.F.,(4,4),(0.,1.),.PIECEWISE_BEZIER_KNOTS.);
#6937 = CARTESIAN_POINT('',(2.776650806631,0.215682150332,2.559768140003
    ));
#6938 = CARTESIAN_POINT('',(2.777530088549,0.204342059113,2.558243161724
    ));
#6939 = CARTESIAN_POINT('',(2.778340023549,0.192996590936,2.556718183449
    ));
#6940 = CARTESIAN_POINT('',(2.779080551061,0.18164659426,2.555193205171)
  );
#6941 = ORIENTED_EDGE('',*,*,#6942,.F.);
#6942 = EDGE_CURVE('',#6943,#6934,#6945,.T.);
#6943 = VERTEX_POINT('',#6944);
#6944 = CARTESIAN_POINT('',(2.776650806631,0.215682150332,2.545835383923
    ));
#6945 = B_SPLINE_CURVE_WITH_KNOTS('',1,(#6946,#6947),.UNSPECIFIED.,.F.,
  .F.,(2,2),(-4.984164716077,-4.970231959997),.PIECEWISE_BEZIER_KNOTS.);
#6946 = CARTESIAN_POINT('',(2.776650806631,0.215682150332,2.545835383923
    ));
#6947 = CARTESIAN_POINT('',(2.776650806631,0.215682150332,2.559768140003
    ));
#6948 = ORIENTED_EDGE('',*,*,#6949,.F.);
#6949 = EDGE_CURVE('',#6950,#6943,#6952,.T.);
#6950 = VERTEX_POINT('',#6951);
#6951 = CARTESIAN_POINT('',(2.777476585164,0.204753639805,2.516199372602
    ));
#6952 = B_SPLINE_CURVE_WITH_KNOTS('',3,(#6953,#6954,#6955,#6956),
  .UNSPECIFIED.,.F.,.F.,(4,4),(0.,1.),.PIECEWISE_BEZIER_KNOTS.);
#6953 = CARTESIAN_POINT('',(2.777476585164,0.204753639805,2.516199372602
    ));
#6954 = CARTESIAN_POINT('',(2.776972573835,0.211602746467,2.524160101623
    ));
#6955 = CARTESIAN_POINT('',(2.776684805994,0.215243660842,2.534037795976
    ));
#6956 = CARTESIAN_POINT('',(2.776650806631,0.215682150332,2.545835383923
    ));
#6957 = ORIENTED_EDGE('',*,*,#6958,.F.);
#6958 = EDGE_CURVE('',#6898,#6950,#6959,.T.);
#6959 = B_SPLINE_CURVE_WITH_KNOTS('',3,(#6960,#6961,#6962,#6963),
  .UNSPECIFIED.,.F.,.F.,(4,4),(0.,0.999870628922),
  .PIECEWISE_BEZIER_KNOTS.);
#6960 = CARTESIAN_POINT('',(2.779376169286,0.177057470648,2.504349276567
    ));
#6961 = CARTESIAN_POINT('',(2.778682410947,0.187966951143,2.504751460399
    ));
#6962 = CARTESIAN_POINT('',(2.778032693565,0.197196576072,2.508702547831
    ));
#6963 = CARTESIAN_POINT('',(2.777476585164,0.204753639805,2.516199372602
    ));
#6964 = FACE_BOUND('',#6965,.T.);
#6965 = EDGE_LOOP('',(#6966,#6967,#6968,#6969,#6970,#6971,#6972,#6973,
    #6974,#6975,#6976,#6977,#6978,#6979));
#6966 = ORIENTED_EDGE('',*,*,#6860,.T.);
#6967 = ORIENTED_EDGE('',*,*,#6881,.T.);
#6968 = ORIENTED_EDGE('',*,*,#6542,.T.);
#6969 = ORIENTED_EDGE('',*,*,#6570,.T.);
#6970 = ORIENTED_EDGE('',*,*,#6598,.T.);
#6971 = ORIENTED_EDGE('',*,*,#6626,.T.);
#6972 = ORIENTED_EDGE('',*,*,#6656,.T.);
#6973 = ORIENTED_EDGE('',*,*,#6684,.T.);
#6974 = ORIENTED_EDGE('',*,*,#6712,.T.);
#6975 = ORIENTED_EDGE('',*,*,#6740,.F.);
#6976 = ORIENTED_EDGE('',*,*,#6763,.T.);
#6977 = ORIENTED_EDGE('',*,*,#6785,.F.);
#6978 = ORIENTED_EDGE('',*,*,#6810,.T.);
#6979 = ORIENTED_EDGE('',*,*,#6832,.T.);
#6980 = ( BOUNDED_SURFACE() B_SPLINE_SURFACE(2,1,(
    (#6981,#6982)
    ,(#6983,#6984)
    ,(#6985,#6986
)),.UNSPECIFIED.,.F.,.F.,.F.) B_SPLINE_SURFACE_WITH_KNOTS((3,3),(2,2),(
    3.055046683524,3.097029714498),(4.89453758369,5.046549887416),
.PIECEWISE_BEZIER_KNOTS.) GEOMETRIC_REPRESENTATION_ITEM() 
RATIONAL_B_SPLINE_SURFACE((
    (1.,1.)
    ,(0.999779686229,0.999779686229)
,(1.,1.))) REPRESENTATION_ITEM('') SURFACE() );
#6981 = CARTESIAN_POINT('',(2.774557684482,0.241161934474,2.63546251631)
  );
#6982 = CARTESIAN_POINT('',(2.774557684482,0.241161934474,2.483450212584
    ));
#6983 = CARTESIAN_POINT('',(2.77962078266,0.182806234684,2.63546251631)
  );
#6984 = CARTESIAN_POINT('',(2.77962078266,0.182806234684,2.483450212584)
  );
#6985 = CARTESIAN_POINT('',(2.782230189937,0.124289453717,2.63546251631)
  );
#6986 = CARTESIAN_POINT('',(2.782230189937,0.124289453717,2.483450212584
    ));
#6987 = ADVANCED_FACE('',(#6988),#7012,.F.);
#6988 = FACE_BOUND('',#6989,.F.);
#6989 = EDGE_LOOP('',(#6990,#7001,#7006,#7007));
#6990 = ORIENTED_EDGE('',*,*,#6991,.T.);
#6991 = EDGE_CURVE('',#6992,#6994,#6996,.T.);
#6992 = VERTEX_POINT('',#6993);
#6993 = CARTESIAN_POINT('',(2.770969146547,0.149650584435,2.527847571971
    ));
#6994 = VERTEX_POINT('',#6995);
#6995 = CARTESIAN_POINT('',(2.770561962766,0.157021625416,2.510899517935
    ));
#6996 = B_SPLINE_CURVE_WITH_KNOTS('',3,(#6997,#6998,#6999,#7000),
  .UNSPECIFIED.,.F.,.F.,(4,4),(0.,1.),.PIECEWISE_BEZIER_KNOTS.);
#6997 = CARTESIAN_POINT('',(2.770969146547,0.149650584435,2.527847571971
    ));
#6998 = CARTESIAN_POINT('',(2.770943639488,0.15012373198,2.519422592294)
  );
#6999 = CARTESIAN_POINT('',(2.770897362903,0.15109299067,2.517300417776)
  );
#7000 = CARTESIAN_POINT('',(2.770561962766,0.157021625416,2.510899517935
    ));
#7001 = ORIENTED_EDGE('',*,*,#7002,.T.);
#7002 = EDGE_CURVE('',#6994,#6896,#7003,.T.);
#7003 = B_SPLINE_CURVE_WITH_KNOTS('',1,(#7004,#7005),.UNSPECIFIED.,.F.,
  .F.,(2,2),(0.,1.),.PIECEWISE_BEZIER_KNOTS.);
#7004 = CARTESIAN_POINT('',(2.770561962766,0.157021625416,2.510899517935
    ));
#7005 = CARTESIAN_POINT('',(2.780546093394,0.157584775846,2.510901320543
    ));
#7006 = ORIENTED_EDGE('',*,*,#6906,.F.);
#7007 = ORIENTED_EDGE('',*,*,#7008,.F.);
#7008 = EDGE_CURVE('',#6992,#6907,#7009,.T.);
#7009 = B_SPLINE_CURVE_WITH_KNOTS('',1,(#7010,#7011),.UNSPECIFIED.,.F.,
  .F.,(2,2),(0.,1.),.PIECEWISE_BEZIER_KNOTS.);
#7010 = CARTESIAN_POINT('',(2.770969146547,0.149650584435,2.527847571971
    ));
#7011 = CARTESIAN_POINT('',(2.780954647074,0.15018889589,2.527847571971)
  );
#7012 = B_SPLINE_SURFACE_WITH_KNOTS('',1,3,(
    (#7013,#7014,#7015,#7016)
    ,(#7017,#7018,#7019,#7020
    )),.UNSPECIFIED.,.F.,.F.,.F.,(2,2),(4,4),(0.,1.),(0.,1.),
  .PIECEWISE_BEZIER_KNOTS.);
#7013 = CARTESIAN_POINT('',(2.780954647074,0.15018889589,2.527847571971)
  );
#7014 = CARTESIAN_POINT('',(2.780928811133,0.150668144097,2.519344548847
    ));
#7015 = CARTESIAN_POINT('',(2.780879303761,0.151694848157,2.517237637421
    ));
#7016 = CARTESIAN_POINT('',(2.780545998603,0.157586451407,2.510899517935
    ));
#7017 = CARTESIAN_POINT('',(2.770969146547,0.149650584435,2.527847571971
    ));
#7018 = CARTESIAN_POINT('',(2.770943401949,0.150128138259,2.519344133039
    ));
#7019 = CARTESIAN_POINT('',(2.770894106096,0.151150558981,2.51723826367)
  );
#7020 = CARTESIAN_POINT('',(2.770561962766,0.157021625416,2.510899517935
    ));
#7021 = ADVANCED_FACE('',(#7022),#7040,.F.);
#7022 = FACE_BOUND('',#7023,.F.);
#7023 = EDGE_LOOP('',(#7024,#7033,#7038,#7039));
#7024 = ORIENTED_EDGE('',*,*,#7025,.T.);
#7025 = EDGE_CURVE('',#6994,#7026,#7028,.T.);
#7026 = VERTEX_POINT('',#7027);
#7027 = CARTESIAN_POINT('',(2.769395868291,0.176430059826,2.504349043063
    ));
#7028 = B_SPLINE_CURVE_WITH_KNOTS('',3,(#7029,#7030,#7031,#7032),
  .UNSPECIFIED.,.F.,.F.,(4,4),(0.,1.),.PIECEWISE_BEZIER_KNOTS.);
#7029 = CARTESIAN_POINT('',(2.770561962766,0.157021625416,2.510899517935
    ));
#7030 = CARTESIAN_POINT('',(2.770263272707,0.162301361651,2.50678016497)
  );
#7031 = CARTESIAN_POINT('',(2.769882900107,0.168771392938,2.504596673346
    ));
#7032 = CARTESIAN_POINT('',(2.769395868291,0.176430059826,2.504349043063
    ));
#7033 = ORIENTED_EDGE('',*,*,#7034,.T.);
#7034 = EDGE_CURVE('',#7026,#6898,#7035,.T.);
#7035 = B_SPLINE_CURVE_WITH_KNOTS('',1,(#7036,#7037),.UNSPECIFIED.,.F.,
  .F.,(2,2),(0.,1.),.PIECEWISE_BEZIER_KNOTS.);
#7036 = CARTESIAN_POINT('',(2.769395868291,0.176430059826,2.504349043063
    ));
#7037 = CARTESIAN_POINT('',(2.779376169286,0.177057470648,2.504349276567
    ));
#7038 = ORIENTED_EDGE('',*,*,#6895,.F.);
#7039 = ORIENTED_EDGE('',*,*,#7002,.F.);
#7040 = B_SPLINE_SURFACE_WITH_KNOTS('',1,3,(
    (#7041,#7042,#7043,#7044)
    ,(#7045,#7046,#7047,#7048
    )),.UNSPECIFIED.,.F.,.F.,.F.,(2,2),(4,4),(0.,1.),(0.,1.),
  .PIECEWISE_BEZIER_KNOTS.);
#7041 = CARTESIAN_POINT('',(2.780545998603,0.157586451407,2.510899517935
    ));
#7042 = CARTESIAN_POINT('',(2.78024623435,0.162885175424,2.506780168138)
  );
#7043 = CARTESIAN_POINT('',(2.779864493712,0.169378477372,2.504596673568
    ));
#7044 = CARTESIAN_POINT('',(2.779375709544,0.177064700329,2.504349043063
    ));
#7045 = CARTESIAN_POINT('',(2.770561962766,0.157021625416,2.510899517935
    ));
#7046 = CARTESIAN_POINT('',(2.770263272936,0.162301357608,2.506780168124
    ));
#7047 = CARTESIAN_POINT('',(2.769882900545,0.168771386042,2.504596673569
    ));
#7048 = CARTESIAN_POINT('',(2.769395868291,0.176430059826,2.504349043063
    ));
#7049 = ADVANCED_FACE('',(#7050),#7068,.F.);
#7050 = FACE_BOUND('',#7051,.F.);
#7051 = EDGE_LOOP('',(#7052,#7061,#7066,#7067));
#7052 = ORIENTED_EDGE('',*,*,#7053,.T.);
#7053 = EDGE_CURVE('',#7026,#7054,#7056,.T.);
#7054 = VERTEX_POINT('',#7055);
#7055 = CARTESIAN_POINT('',(2.767503335651,0.204022679633,2.516202283309
    ));
#7056 = B_SPLINE_CURVE_WITH_KNOTS('',3,(#7057,#7058,#7059,#7060),
  .UNSPECIFIED.,.F.,.F.,(4,4),(0.,1.),.PIECEWISE_BEZIER_KNOTS.);
#7057 = CARTESIAN_POINT('',(2.769395868291,0.176430059826,2.504349043063
    ));
#7058 = CARTESIAN_POINT('',(2.768705056029,0.187293212545,2.504751459586
    ));
#7059 = CARTESIAN_POINT('',(2.768057666593,0.19648977011,2.508702539668)
  );
#7060 = CARTESIAN_POINT('',(2.767503335651,0.204022679633,2.516202283309
    ));
#7061 = ORIENTED_EDGE('',*,*,#7062,.T.);
#7062 = EDGE_CURVE('',#7054,#6950,#7063,.T.);
#7063 = B_SPLINE_CURVE_WITH_KNOTS('',1,(#7064,#7065),.UNSPECIFIED.,.F.,
  .F.,(2,2),(0.,1.),.PIECEWISE_BEZIER_KNOTS.);
#7064 = CARTESIAN_POINT('',(2.767503335651,0.204022679633,2.516202283309
    ));
#7065 = CARTESIAN_POINT('',(2.777476585164,0.204753639805,2.516199372602
    ));
#7066 = ORIENTED_EDGE('',*,*,#6958,.F.);
#7067 = ORIENTED_EDGE('',*,*,#7034,.F.);
#7068 = B_SPLINE_SURFACE_WITH_KNOTS('',1,3,(
    (#7069,#7070,#7071,#7072)
    ,(#7073,#7074,#7075,#7076
    )),.UNSPECIFIED.,.F.,.F.,.F.,(2,2),(4,4),(0.,1.),(0.,1.),
  .PIECEWISE_BEZIER_KNOTS.);
#7069 = CARTESIAN_POINT('',(2.779375709544,0.177064700329,2.504349043063
    ));
#7070 = CARTESIAN_POINT('',(2.778682410947,0.187966951143,2.504751460399
    ));
#7071 = CARTESIAN_POINT('',(2.778032693565,0.197196576072,2.508702547831
    ));
#7072 = CARTESIAN_POINT('',(2.777476369232,0.204756574164,2.516202283309
    ));
#7073 = CARTESIAN_POINT('',(2.769395868291,0.176430059826,2.504349043063
    ));
#7074 = CARTESIAN_POINT('',(2.768705054633,0.187293234505,2.5047514604)
  );
#7075 = CARTESIAN_POINT('',(2.768057665993,0.196489778264,2.508702547787
    ));
#7076 = CARTESIAN_POINT('',(2.767503335651,0.204022679633,2.516202283309
    ));
#7077 = ADVANCED_FACE('',(#7078),#7098,.F.);
#7078 = FACE_BOUND('',#7079,.F.);
#7079 = EDGE_LOOP('',(#7080,#7089,#7096,#7097));
#7080 = ORIENTED_EDGE('',*,*,#7081,.T.);
#7081 = EDGE_CURVE('',#7054,#7082,#7084,.T.);
#7082 = VERTEX_POINT('',#7083);
#7083 = CARTESIAN_POINT('',(2.766680732055,0.21490909603,2.545835383923)
  );
#7084 = B_SPLINE_CURVE_WITH_KNOTS('',3,(#7085,#7086,#7087,#7088),
  .UNSPECIFIED.,.F.,.F.,(4,4),(0.,1.),.PIECEWISE_BEZIER_KNOTS.);
#7085 = CARTESIAN_POINT('',(2.767503335651,0.204022679633,2.516202283309
    ));
#7086 = CARTESIAN_POINT('',(2.767001346197,0.210844310633,2.524160098064
    ));
#7087 = CARTESIAN_POINT('',(2.76671460955,0.214472178271,2.534037798269)
  );
#7088 = CARTESIAN_POINT('',(2.766680732055,0.21490909603,2.545835383923)
  );
#7089 = ORIENTED_EDGE('',*,*,#7090,.T.);
#7090 = EDGE_CURVE('',#7082,#6943,#7091,.T.);
#7091 = B_SPLINE_CURVE_WITH_KNOTS('',3,(#7092,#7093,#7094,#7095),
  .UNSPECIFIED.,.F.,.F.,(4,4),(0.,1.),.PIECEWISE_BEZIER_KNOTS.);
#7092 = CARTESIAN_POINT('',(2.766680732055,0.21490909603,2.545835383923)
  );
#7093 = CARTESIAN_POINT('',(2.770004090247,0.215166780797,2.545835383923
    ));
#7094 = CARTESIAN_POINT('',(2.773327448439,0.215424465564,2.545835383923
    ));
#7095 = CARTESIAN_POINT('',(2.776650806631,0.215682150332,2.545835383923
    ));
#7096 = ORIENTED_EDGE('',*,*,#6949,.F.);
#7097 = ORIENTED_EDGE('',*,*,#7062,.F.);
#7098 = B_SPLINE_SURFACE_WITH_KNOTS('',1,3,(
    (#7099,#7100,#7101,#7102)
    ,(#7103,#7104,#7105,#7106
    )),.UNSPECIFIED.,.F.,.F.,.F.,(2,2),(4,4),(0.,1.),(0.,1.),
  .PIECEWISE_BEZIER_KNOTS.);
#7099 = CARTESIAN_POINT('',(2.777476369232,0.204756574164,2.516202283309
    ));
#7100 = CARTESIAN_POINT('',(2.776972573835,0.211602746467,2.524160101623
    ));
#7101 = CARTESIAN_POINT('',(2.776684805994,0.215243660842,2.534037795976
    ));
#7102 = CARTESIAN_POINT('',(2.776650806631,0.215682150332,2.545835383923
    ));
#7103 = CARTESIAN_POINT('',(2.767503335651,0.204022679633,2.516202283309
    ));
#7104 = CARTESIAN_POINT('',(2.767001345973,0.210844313676,2.524160101614
    ));
#7105 = CARTESIAN_POINT('',(2.766714609556,0.214472178187,2.534037795981
    ));
#7106 = CARTESIAN_POINT('',(2.766680732055,0.21490909603,2.545835383923)
  );
#7107 = ADVANCED_FACE('',(#7108),#7124,.F.);
#7108 = FACE_BOUND('',#7109,.T.);
#7109 = EDGE_LOOP('',(#7110,#7111,#7112,#7119));
#7110 = ORIENTED_EDGE('',*,*,#7090,.T.);
#7111 = ORIENTED_EDGE('',*,*,#6942,.T.);
#7112 = ORIENTED_EDGE('',*,*,#7113,.F.);
#7113 = EDGE_CURVE('',#7114,#6934,#7116,.T.);
#7114 = VERTEX_POINT('',#7115);
#7115 = CARTESIAN_POINT('',(2.766680732055,0.21490909603,2.559768140003)
  );
#7116 = B_SPLINE_CURVE_WITH_KNOTS('',1,(#7117,#7118),.UNSPECIFIED.,.F.,
  .F.,(2,2),(0.,1.),.PIECEWISE_BEZIER_KNOTS.);
#7117 = CARTESIAN_POINT('',(2.766680732055,0.21490909603,2.559768140003)
  );
#7118 = CARTESIAN_POINT('',(2.776650806631,0.215682150332,2.559768140003
    ));
#7119 = ORIENTED_EDGE('',*,*,#7120,.F.);
#7120 = EDGE_CURVE('',#7082,#7114,#7121,.T.);
#7121 = B_SPLINE_CURVE_WITH_KNOTS('',1,(#7122,#7123),.UNSPECIFIED.,.F.,
  .F.,(2,2),(0.,1.39327560794E-02),.PIECEWISE_BEZIER_KNOTS.);
#7122 = CARTESIAN_POINT('',(2.766680732055,0.21490909603,2.545835383923)
  );
#7123 = CARTESIAN_POINT('',(2.766680732055,0.21490909603,2.559768140003)
  );
#7124 = B_SPLINE_SURFACE_WITH_KNOTS('',1,1,(
    (#7125,#7126)
    ,(#7127,#7128
    )),.UNSPECIFIED.,.F.,.F.,.F.,(2,2),(2,2),(-6.966378039699E-03,
    6.966378039699E-03),(-4.440892098501E-16,1.E-02),
  .PIECEWISE_BEZIER_KNOTS.);
#7125 = CARTESIAN_POINT('',(2.766680732055,0.21490909603,2.545835383923)
  );
#7126 = CARTESIAN_POINT('',(2.776650806631,0.215682150332,2.545835383923
    ));
#7127 = CARTESIAN_POINT('',(2.766680732055,0.21490909603,2.559768140003)
  );
#7128 = CARTESIAN_POINT('',(2.776650806631,0.215682150332,2.559768140003
    ));
#7129 = ADVANCED_FACE('',(#7130),#7148,.F.);
#7130 = FACE_BOUND('',#7131,.F.);
#7131 = EDGE_LOOP('',(#7132,#7141,#7146,#7147));
#7132 = ORIENTED_EDGE('',*,*,#7133,.T.);
#7133 = EDGE_CURVE('',#7114,#7134,#7136,.T.);
#7134 = VERTEX_POINT('',#7135);
#7135 = CARTESIAN_POINT('',(2.769101767723,0.180995531198,2.555193205171
    ));
#7136 = B_SPLINE_CURVE_WITH_KNOTS('',3,(#7137,#7138,#7139,#7140),
  .UNSPECIFIED.,.F.,.F.,(4,4),(0.,1.),.PIECEWISE_BEZIER_KNOTS.);
#7137 = CARTESIAN_POINT('',(2.766680732055,0.21490909603,2.559768140003)
  );
#7138 = CARTESIAN_POINT('',(2.767556862425,0.203609650306,2.558243161725
    ));
#7139 = CARTESIAN_POINT('',(2.768363894433,0.192304846875,2.556718183448
    ));
#7140 = CARTESIAN_POINT('',(2.769101767723,0.180995531198,2.555193205171
    ));
#7141 = ORIENTED_EDGE('',*,*,#7142,.T.);
#7142 = EDGE_CURVE('',#7134,#6925,#7143,.T.);
#7143 = B_SPLINE_CURVE_WITH_KNOTS('',1,(#7144,#7145),.UNSPECIFIED.,.F.,
  .F.,(2,2),(0.,1.),.PIECEWISE_BEZIER_KNOTS.);
#7144 = CARTESIAN_POINT('',(2.769101767723,0.180995531198,2.555193205171
    ));
#7145 = CARTESIAN_POINT('',(2.779080551061,0.18164659426,2.555193205171)
  );
#7146 = ORIENTED_EDGE('',*,*,#6933,.F.);
#7147 = ORIENTED_EDGE('',*,*,#7113,.F.);
#7148 = B_SPLINE_SURFACE_WITH_KNOTS('',1,3,(
    (#7149,#7150,#7151,#7152)
    ,(#7153,#7154,#7155,#7156
    )),.UNSPECIFIED.,.F.,.F.,.F.,(2,2),(4,4),(0.,1.),(0.,1.),
  .PIECEWISE_BEZIER_KNOTS.);
#7149 = CARTESIAN_POINT('',(2.776650806631,0.215682150332,2.559768140003
    ));
#7150 = CARTESIAN_POINT('',(2.777530088549,0.204342059113,2.558243161724
    ));
#7151 = CARTESIAN_POINT('',(2.778340023549,0.192996590936,2.556718183449
    ));
#7152 = CARTESIAN_POINT('',(2.779080551061,0.18164659426,2.555193205171)
  );
#7153 = CARTESIAN_POINT('',(2.766680732055,0.21490909603,2.559768140003)
  );
#7154 = CARTESIAN_POINT('',(2.767556862426,0.203609650299,2.558243161724
    ));
#7155 = CARTESIAN_POINT('',(2.768363894433,0.192304846883,2.556718183449
    ));
#7156 = CARTESIAN_POINT('',(2.769101767723,0.180995531198,2.555193205171
    ));
#7157 = ADVANCED_FACE('',(#7158),#7176,.F.);
#7158 = FACE_BOUND('',#7159,.F.);
#7159 = EDGE_LOOP('',(#7160,#7169,#7174,#7175));
#7160 = ORIENTED_EDGE('',*,*,#7161,.T.);
#7161 = EDGE_CURVE('',#7134,#7162,#7164,.T.);
#7162 = VERTEX_POINT('',#7163);
#7163 = CARTESIAN_POINT('',(2.770597129816,0.156398762649,2.546251287089
    ));
#7164 = B_SPLINE_CURVE_WITH_KNOTS('',3,(#7165,#7166,#7167,#7168),
  .UNSPECIFIED.,.F.,.F.,(4,4),(0.,1.),.PIECEWISE_BEZIER_KNOTS.);
#7165 = CARTESIAN_POINT('',(2.769101767723,0.180995531198,2.555193205171
    ));
#7166 = CARTESIAN_POINT('',(2.76983886886,0.169698050252,2.553441496835)
  );
#7167 = CARTESIAN_POINT('',(2.770309835771,0.161497348556,2.550460857475
    ));
#7168 = CARTESIAN_POINT('',(2.770597129816,0.156398762649,2.546251287089
    ));
#7169 = ORIENTED_EDGE('',*,*,#7170,.T.);
#7170 = EDGE_CURVE('',#7162,#6916,#7171,.T.);
#7171 = B_SPLINE_CURVE_WITH_KNOTS('',1,(#7172,#7173),.UNSPECIFIED.,.F.,
  .F.,(2,2),(0.,1.),.PIECEWISE_BEZIER_KNOTS.);
#7172 = CARTESIAN_POINT('',(2.770597129816,0.156398762649,2.546251287089
    ));
#7173 = CARTESIAN_POINT('',(2.780581292153,0.156961348127,2.546251287089
    ));
#7174 = ORIENTED_EDGE('',*,*,#6924,.F.);
#7175 = ORIENTED_EDGE('',*,*,#7142,.F.);
#7176 = B_SPLINE_SURFACE_WITH_KNOTS('',1,3,(
    (#7177,#7178,#7179,#7180)
    ,(#7181,#7182,#7183,#7184
    )),.UNSPECIFIED.,.F.,.F.,.F.,(2,2),(4,4),(0.,1.),(0.,1.),
  .PIECEWISE_BEZIER_KNOTS.);
#7177 = CARTESIAN_POINT('',(2.779080551061,0.18164659426,2.555193205171)
  );
#7178 = CARTESIAN_POINT('',(2.779820304828,0.17030845668,2.553441494021)
  );
#7179 = CARTESIAN_POINT('',(2.780292965946,0.162078251729,2.550460838931
    ));
#7180 = CARTESIAN_POINT('',(2.780581292153,0.156961348127,2.546251287089
    ));
#7181 = CARTESIAN_POINT('',(2.769101767723,0.180995531198,2.555193205171
    ));
#7182 = CARTESIAN_POINT('',(2.769838870048,0.169698032032,2.55344149401)
  );
#7183 = CARTESIAN_POINT('',(2.77030983703,0.161497326204,2.55046083902)
  );
#7184 = CARTESIAN_POINT('',(2.770597129816,0.156398762649,2.546251287089
    ));
#7185 = ADVANCED_FACE('',(#7186),#7198,.F.);
#7186 = FACE_BOUND('',#7187,.F.);
#7187 = EDGE_LOOP('',(#7188,#7189,#7190,#7191));
#7188 = ORIENTED_EDGE('',*,*,#7008,.T.);
#7189 = ORIENTED_EDGE('',*,*,#6915,.F.);
#7190 = ORIENTED_EDGE('',*,*,#7170,.F.);
#7191 = ORIENTED_EDGE('',*,*,#7192,.T.);
#7192 = EDGE_CURVE('',#7162,#6992,#7193,.T.);
#7193 = B_SPLINE_CURVE_WITH_KNOTS('',3,(#7194,#7195,#7196,#7197),
  .UNSPECIFIED.,.F.,.F.,(4,4),(0.,1.),.PIECEWISE_BEZIER_KNOTS.);
#7194 = CARTESIAN_POINT('',(2.770597129816,0.156398762649,2.546251287089
    ));
#7195 = CARTESIAN_POINT('',(2.770836259531,0.152154945504,2.541443626139
    ));
#7196 = CARTESIAN_POINT('',(2.770955415911,0.149905283214,2.535309054432
    ));
#7197 = CARTESIAN_POINT('',(2.770969146547,0.149650584435,2.527847571971
    ));
#7198 = B_SPLINE_SURFACE_WITH_KNOTS('',1,3,(
    (#7199,#7200,#7201,#7202)
    ,(#7203,#7204,#7205,#7206
    )),.UNSPECIFIED.,.F.,.F.,.F.,(2,2),(4,4),(0.,1.),(0.,1.),
  .PIECEWISE_BEZIER_KNOTS.);
#7199 = CARTESIAN_POINT('',(2.780581292153,0.156961348127,2.546251287089
    ));
#7200 = CARTESIAN_POINT('',(2.780821282089,0.152702264704,2.541443625295
    ));
#7201 = CARTESIAN_POINT('',(2.780940867046,0.15044451087,2.535309054982)
  );
#7202 = CARTESIAN_POINT('',(2.780954647074,0.15018889589,2.527847571971)
  );
#7203 = CARTESIAN_POINT('',(2.770597129816,0.156398762649,2.546251287089
    ));
#7204 = CARTESIAN_POINT('',(2.770836259573,0.152154944761,2.541443625298
    ));
#7205 = CARTESIAN_POINT('',(2.77095541591,0.149905283233,2.535309054981)
  );
#7206 = CARTESIAN_POINT('',(2.770969146547,0.149650584435,2.527847571971
    ));
#7207 = ADVANCED_FACE('',(#7208),#7218,.T.);
#7208 = FACE_BOUND('',#7209,.T.);
#7209 = EDGE_LOOP('',(#7210,#7211,#7212,#7213,#7214,#7215,#7216,#7217));
#7210 = ORIENTED_EDGE('',*,*,#6991,.T.);
#7211 = ORIENTED_EDGE('',*,*,#7025,.T.);
#7212 = ORIENTED_EDGE('',*,*,#7053,.T.);
#7213 = ORIENTED_EDGE('',*,*,#7081,.T.);
#7214 = ORIENTED_EDGE('',*,*,#7120,.T.);
#7215 = ORIENTED_EDGE('',*,*,#7133,.T.);
#7216 = ORIENTED_EDGE('',*,*,#7161,.T.);
#7217 = ORIENTED_EDGE('',*,*,#7192,.T.);
#7218 = ( BOUNDED_SURFACE() B_SPLINE_SURFACE(2,1,(
    (#7219,#7220)
    ,(#7221,#7222)
    ,(#7223,#7224
)),.UNSPECIFIED.,.F.,.F.,.F.) B_SPLINE_SURFACE_WITH_KNOTS((3,3),(2,2),(
    3.064210017679,3.08773547557),(4.970231959997,5.025651056937),
.PIECEWISE_BEZIER_KNOTS.) GEOMETRIC_REPRESENTATION_ITEM() 
RATIONAL_B_SPLINE_SURFACE((
    (1.,1.)
    ,(0.999930819902,0.999930819902)
,(1.,1.))) REPRESENTATION_ITEM('') SURFACE() );
#7219 = CARTESIAN_POINT('',(2.766680732055,0.21490909603,2.559768140003)
  );
#7220 = CARTESIAN_POINT('',(2.766680732055,0.21490909603,2.504349043063)
  );
#7221 = CARTESIAN_POINT('',(2.769208766095,0.182305063124,2.559768140003
    ));
#7222 = CARTESIAN_POINT('',(2.769208766095,0.182305063124,2.504349043063
    ));
#7223 = CARTESIAN_POINT('',(2.770969146547,0.149650584435,2.559768140003
    ));
#7224 = CARTESIAN_POINT('',(2.770969146547,0.149650584435,2.504349043063
    ));
#7225 = ADVANCED_FACE('',(#7226),#7252,.T.);
#7226 = FACE_BOUND('',#7227,.T.);
#7227 = EDGE_LOOP('',(#7228,#7237,#7238,#7245));
#7228 = ORIENTED_EDGE('',*,*,#7229,.F.);
#7229 = EDGE_CURVE('',#803,#7230,#7232,.T.);
#7230 = VERTEX_POINT('',#7231);
#7231 = CARTESIAN_POINT('',(2.771348908027,0.275656926086,2.491975923859
    ));
#7232 = B_SPLINE_CURVE_WITH_KNOTS('',3,(#7233,#7234,#7235,#7236),
  .UNSPECIFIED.,.F.,.F.,(4,4),(0.,1.),.PIECEWISE_BEZIER_KNOTS.);
#7233 = CARTESIAN_POINT('',(2.761397836672,0.274668908429,2.491975923859
    ));
#7234 = CARTESIAN_POINT('',(2.764714860457,0.274998247648,2.491975923859
    ));
#7235 = CARTESIAN_POINT('',(2.768031884242,0.275327586867,2.491975923859
    ));
#7236 = CARTESIAN_POINT('',(2.771348908027,0.275656926086,2.491975923859
    ));
#7237 = ORIENTED_EDGE('',*,*,#802,.T.);
#7238 = ORIENTED_EDGE('',*,*,#7239,.T.);
#7239 = EDGE_CURVE('',#792,#7240,#7242,.T.);
#7240 = VERTEX_POINT('',#7241);
#7241 = CARTESIAN_POINT('',(2.767162643035,0.314982984558,2.483449908945
    ));
#7242 = B_SPLINE_CURVE_WITH_KNOTS('',1,(#7243,#7244),.UNSPECIFIED.,.F.,
  .F.,(2,2),(0.,1.),.PIECEWISE_BEZIER_KNOTS.);
#7243 = CARTESIAN_POINT('',(2.757226576214,0.313854013287,2.483449908945
    ));
#7244 = CARTESIAN_POINT('',(2.767162643035,0.314982984558,2.483449908945
    ));
#7245 = ORIENTED_EDGE('',*,*,#7246,.F.);
#7246 = EDGE_CURVE('',#7230,#7240,#7247,.T.);
#7247 = B_SPLINE_CURVE_WITH_KNOTS('',3,(#7248,#7249,#7250,#7251),
  .UNSPECIFIED.,.F.,.F.,(4,4),(0.,1.),.PIECEWISE_BEZIER_KNOTS.);
#7248 = CARTESIAN_POINT('',(2.771348908027,0.275656926086,2.491975923859
    ));
#7249 = CARTESIAN_POINT('',(2.770186721819,0.287362180342,2.48652440742)
  );
#7250 = CARTESIAN_POINT('',(2.768811269551,0.300473436217,2.483682402449
    ));
#7251 = CARTESIAN_POINT('',(2.767162643035,0.314982984558,2.483449908945
    ));
#7252 = B_SPLINE_SURFACE_WITH_KNOTS('',1,3,(
    (#7253,#7254,#7255,#7256)
    ,(#7257,#7258,#7259,#7260
    )),.UNSPECIFIED.,.F.,.F.,.F.,(2,2),(4,4),(0.,1.),(0.,1.),
  .PIECEWISE_BEZIER_KNOTS.);
#7253 = CARTESIAN_POINT('',(2.771348908027,0.275656926086,2.491975923859
    ));
#7254 = CARTESIAN_POINT('',(2.770186724516,0.287362153183,2.486524420069
    ));
#7255 = CARTESIAN_POINT('',(2.768811272974,0.300473406098,2.483682402931
    ));
#7256 = CARTESIAN_POINT('',(2.767162643035,0.314982984558,2.483449908945
    ));
#7257 = CARTESIAN_POINT('',(2.761397836672,0.274668908429,2.491975923859
    ));
#7258 = CARTESIAN_POINT('',(2.760239818687,0.286332181373,2.486524420038
    ));
#7259 = CARTESIAN_POINT('',(2.75886929709,0.299396440436,2.483682402932)
  );
#7260 = CARTESIAN_POINT('',(2.757226576214,0.313854013287,2.483449908945
    ));
#7261 = ADVANCED_FACE('',(#7262),#7280,.T.);
#7262 = FACE_BOUND('',#7263,.T.);
#7263 = EDGE_LOOP('',(#7264,#7265,#7266,#7273));
#7264 = ORIENTED_EDGE('',*,*,#7239,.F.);
#7265 = ORIENTED_EDGE('',*,*,#791,.T.);
#7266 = ORIENTED_EDGE('',*,*,#7267,.T.);
#7267 = EDGE_CURVE('',#794,#7268,#7270,.T.);
#7268 = VERTEX_POINT('',#7269);
#7269 = CARTESIAN_POINT('',(2.762046868671,0.357143705781,2.494991221815
    ));
#7270 = B_SPLINE_CURVE_WITH_KNOTS('',1,(#7271,#7272),.UNSPECIFIED.,.F.,
  .F.,(2,2),(0.,1.),.PIECEWISE_BEZIER_KNOTS.);
#7271 = CARTESIAN_POINT('',(2.752129137959,0.355863620814,2.494991221815
    ));
#7272 = CARTESIAN_POINT('',(2.762046868671,0.357143705781,2.494991221815
    ));
#7273 = ORIENTED_EDGE('',*,*,#7274,.F.);
#7274 = EDGE_CURVE('',#7240,#7268,#7275,.T.);
#7275 = B_SPLINE_CURVE_WITH_KNOTS('',3,(#7276,#7277,#7278,#7279),
  .UNSPECIFIED.,.F.,.F.,(4,4),(0.,1.),.PIECEWISE_BEZIER_KNOTS.);
#7276 = CARTESIAN_POINT('',(2.767162643035,0.314982984558,2.483449908945
    ));
#7277 = CARTESIAN_POINT('',(2.765235049045,0.331947723329,2.483746183862
    ));
#7278 = CARTESIAN_POINT('',(2.763485643578,0.345996490982,2.487593288152
    ));
#7279 = CARTESIAN_POINT('',(2.762046868671,0.357143705781,2.494991221815
    ));
#7280 = B_SPLINE_SURFACE_WITH_KNOTS('',1,3,(
    (#7281,#7282,#7283,#7284)
    ,(#7285,#7286,#7287,#7288
    )),.UNSPECIFIED.,.F.,.F.,.F.,(2,2),(4,4),(0.,1.),(0.,1.),
  .PIECEWISE_BEZIER_KNOTS.);
#7281 = CARTESIAN_POINT('',(2.767162643035,0.314982984558,2.483449908945
    ));
#7282 = CARTESIAN_POINT('',(2.765235041169,0.331947792646,2.483746185073
    ));
#7283 = CARTESIAN_POINT('',(2.763485635974,0.345996549897,2.487593327252
    ));
#7284 = CARTESIAN_POINT('',(2.762046868671,0.357143705781,2.494991221815
    ));
#7285 = CARTESIAN_POINT('',(2.757226576214,0.313854013287,2.483449908945
    ));
#7286 = CARTESIAN_POINT('',(2.755305883297,0.330758015771,2.483746185075
    ));
#7287 = CARTESIAN_POINT('',(2.753562748418,0.344756418679,2.487593327109
    ));
#7288 = CARTESIAN_POINT('',(2.752129137959,0.355863620814,2.494991221815
    ));
#7289 = ADVANCED_FACE('',(#7290),#7308,.T.);
#7290 = FACE_BOUND('',#7291,.T.);
#7291 = EDGE_LOOP('',(#7292,#7293,#7294,#7301));
#7292 = ORIENTED_EDGE('',*,*,#7267,.F.);
#7293 = ORIENTED_EDGE('',*,*,#973,.T.);
#7294 = ORIENTED_EDGE('',*,*,#7295,.T.);
#7295 = EDGE_CURVE('',#965,#7296,#7298,.T.);
#7296 = VERTEX_POINT('',#7297);
#7297 = CARTESIAN_POINT('',(2.759895040275,0.373437298973,2.526391910888
    ));
#7298 = B_SPLINE_CURVE_WITH_KNOTS('',1,(#7299,#7300),.UNSPECIFIED.,.F.,
  .F.,(2,2),(0.,1.),.PIECEWISE_BEZIER_KNOTS.);
#7299 = CARTESIAN_POINT('',(2.749985022209,0.37209881403,2.526391910888)
  );
#7300 = CARTESIAN_POINT('',(2.759895040275,0.373437298973,2.526391910888
    ));
#7301 = ORIENTED_EDGE('',*,*,#7302,.F.);
#7302 = EDGE_CURVE('',#7268,#7296,#7303,.T.);
#7303 = B_SPLINE_CURVE_WITH_KNOTS('',3,(#7304,#7305,#7306,#7307),
  .UNSPECIFIED.,.F.,.F.,(4,4),(0.,1.),.PIECEWISE_BEZIER_KNOTS.);
#7304 = CARTESIAN_POINT('',(2.762046868671,0.357143705781,2.494991221815
    ));
#7305 = CARTESIAN_POINT('',(2.760570990893,0.368578382964,2.503733296386
    ));
#7306 = CARTESIAN_POINT('',(2.759993671223,0.372707044606,2.511649048085
    ));
#7307 = CARTESIAN_POINT('',(2.759895040275,0.373437298973,2.526391910888
    ));
#7308 = B_SPLINE_SURFACE_WITH_KNOTS('',1,3,(
    (#7309,#7310,#7311,#7312)
    ,(#7313,#7314,#7315,#7316
    )),.UNSPECIFIED.,.F.,.F.,.F.,(2,2),(4,4),(0.,1.),(0.,1.),
  .PIECEWISE_BEZIER_KNOTS.);
#7309 = CARTESIAN_POINT('',(2.762046868671,0.357143705781,2.494991221815
    ));
#7310 = CARTESIAN_POINT('',(2.760540458633,0.368814938151,2.503914148285
    ));
#7311 = CARTESIAN_POINT('',(2.759994292602,0.372702443966,2.511556167307
    ));
#7312 = CARTESIAN_POINT('',(2.759895040275,0.373437298973,2.526391910888
    ));
#7313 = CARTESIAN_POINT('',(2.752129137959,0.355863620814,2.494991221815
    ));
#7314 = CARTESIAN_POINT('',(2.750628050709,0.367493613748,2.50391460323)
  );
#7315 = CARTESIAN_POINT('',(2.750083920865,0.371366577576,2.511555856569
    ));
#7316 = CARTESIAN_POINT('',(2.749985022209,0.37209881403,2.526391910888)
  );
#7317 = ADVANCED_FACE('',(#7318),#7336,.T.);
#7318 = FACE_BOUND('',#7319,.T.);
#7319 = EDGE_LOOP('',(#7320,#7321,#7322,#7329));
#7320 = ORIENTED_EDGE('',*,*,#7295,.F.);
#7321 = ORIENTED_EDGE('',*,*,#964,.T.);
#7322 = ORIENTED_EDGE('',*,*,#7323,.T.);
#7323 = EDGE_CURVE('',#956,#7324,#7326,.T.);
#7324 = VERTEX_POINT('',#7325);
#7325 = CARTESIAN_POINT('',(2.761027334533,0.364955866668,2.550410318756
    ));
#7326 = B_SPLINE_CURVE_WITH_KNOTS('',1,(#7327,#7328),.UNSPECIFIED.,.F.,
  .F.,(2,2),(0.,1.),.PIECEWISE_BEZIER_KNOTS.);
#7327 = CARTESIAN_POINT('',(2.751113258065,0.363647781124,2.550410318756
    ));
#7328 = CARTESIAN_POINT('',(2.761027334533,0.364955866668,2.550410318756
    ));
#7329 = ORIENTED_EDGE('',*,*,#7330,.F.);
#7330 = EDGE_CURVE('',#7296,#7324,#7331,.T.);
#7331 = B_SPLINE_CURVE_WITH_KNOTS('',3,(#7332,#7333,#7334,#7335),
  .UNSPECIFIED.,.F.,.F.,(4,4),(0.,1.),.PIECEWISE_BEZIER_KNOTS.);
#7332 = CARTESIAN_POINT('',(2.759895040275,0.373437298973,2.526391910888
    ));
#7333 = CARTESIAN_POINT('',(2.759952951269,0.373008531353,2.535844008809
    ));
#7334 = CARTESIAN_POINT('',(2.76033773862,0.370182364776,2.543850144764)
  );
#7335 = CARTESIAN_POINT('',(2.761027334533,0.364955866668,2.550410318756
    ));
#7336 = B_SPLINE_SURFACE_WITH_KNOTS('',1,3,(
    (#7337,#7338,#7339,#7340)
    ,(#7341,#7342,#7343,#7344
    )),.UNSPECIFIED.,.F.,.F.,.F.,(2,2),(4,4),(0.,1.),(0.,1.),
  .PIECEWISE_BEZIER_KNOTS.);
#7337 = CARTESIAN_POINT('',(2.759895040275,0.373437298973,2.526391910888
    ));
#7338 = CARTESIAN_POINT('',(2.759952951276,0.373008531305,2.535844009861
    ));
#7339 = CARTESIAN_POINT('',(2.760337738442,0.370182366121,2.543850143077
    ));
#7340 = CARTESIAN_POINT('',(2.761027334533,0.364955866668,2.550410318756
    ));
#7341 = CARTESIAN_POINT('',(2.749985022209,0.37209881403,2.526391910888)
  );
#7342 = CARTESIAN_POINT('',(2.750042725644,0.371671583164,2.535844009859
    ));
#7343 = CARTESIAN_POINT('',(2.750426133645,0.3688555476,2.543850143082)
  );
#7344 = CARTESIAN_POINT('',(2.751113258065,0.363647781124,2.550410318756
    ));
#7345 = ADVANCED_FACE('',(#7346),#7364,.T.);
#7346 = FACE_BOUND('',#7347,.T.);
#7347 = EDGE_LOOP('',(#7348,#7349,#7350,#7357));
#7348 = ORIENTED_EDGE('',*,*,#7323,.F.);
#7349 = ORIENTED_EDGE('',*,*,#955,.T.);
#7350 = ORIENTED_EDGE('',*,*,#7351,.T.);
#7351 = EDGE_CURVE('',#947,#7352,#7354,.T.);
#7352 = VERTEX_POINT('',#7353);
#7353 = CARTESIAN_POINT('',(2.765148304484,0.332232405348,2.569232940971
    ));
#7354 = B_SPLINE_CURVE_WITH_KNOTS('',1,(#7355,#7356),.UNSPECIFIED.,.F.,
  .F.,(2,2),(0.,1.),.PIECEWISE_BEZIER_KNOTS.);
#7355 = CARTESIAN_POINT('',(2.755218558396,0.331049104946,2.56922993704)
  );
#7356 = CARTESIAN_POINT('',(2.765148304484,0.332232405348,2.569232940971
    ));
#7357 = ORIENTED_EDGE('',*,*,#7358,.F.);
#7358 = EDGE_CURVE('',#7324,#7352,#7359,.T.);
#7359 = B_SPLINE_CURVE_WITH_KNOTS('',3,(#7360,#7361,#7362,#7363),
  .UNSPECIFIED.,.F.,.F.,(4,4),(0.,1.),.PIECEWISE_BEZIER_KNOTS.);
#7360 = CARTESIAN_POINT('',(2.761027334533,0.364955866668,2.550410318756
    ));
#7361 = CARTESIAN_POINT('',(2.761892506171,0.35839866724,2.557090614436)
  );
#7362 = CARTESIAN_POINT('',(2.763317225003,0.347499565168,2.563363820531
    ));
#7363 = CARTESIAN_POINT('',(2.765148304484,0.332232405348,2.569232940971
    ));
#7364 = B_SPLINE_SURFACE_WITH_KNOTS('',1,3,(
    (#7365,#7366,#7367,#7368)
    ,(#7369,#7370,#7371,#7372
    )),.UNSPECIFIED.,.F.,.F.,.F.,(2,2),(4,4),(0.,1.),(0.,1.),
  .PIECEWISE_BEZIER_KNOTS.);
#7365 = CARTESIAN_POINT('',(2.761027334533,0.364955866668,2.550410318756
    ));
#7366 = CARTESIAN_POINT('',(2.761892500189,0.358398712583,2.557090568242
    ));
#7367 = CARTESIAN_POINT('',(2.763317220268,0.347499604652,2.563363805352
    ));
#7368 = CARTESIAN_POINT('',(2.765147402131,0.332239929065,2.56922993704)
  );
#7369 = CARTESIAN_POINT('',(2.751113258065,0.363647781124,2.550410318756
    ));
#7370 = CARTESIAN_POINT('',(2.751975322804,0.357114129114,2.557090568518
    ));
#7371 = CARTESIAN_POINT('',(2.753394936309,0.346254086483,2.563363805303
    ));
#7372 = CARTESIAN_POINT('',(2.755218558396,0.331049104946,2.56922993704)
  );
#7373 = ADVANCED_FACE('',(#7374),#7392,.T.);
#7374 = FACE_BOUND('',#7375,.T.);
#7375 = EDGE_LOOP('',(#7376,#7377,#7378,#7385));
#7376 = ORIENTED_EDGE('',*,*,#7351,.F.);
#7377 = ORIENTED_EDGE('',*,*,#946,.T.);
#7378 = ORIENTED_EDGE('',*,*,#7379,.T.);
#7379 = EDGE_CURVE('',#938,#7380,#7382,.T.);
#7380 = VERTEX_POINT('',#7381);
#7381 = CARTESIAN_POINT('',(2.767995056425,0.307568556659,2.581707032037
    ));
#7382 = B_SPLINE_CURVE_WITH_KNOTS('',1,(#7383,#7384),.UNSPECIFIED.,.F.,
  .F.,(2,2),(0.,1.),.PIECEWISE_BEZIER_KNOTS.);
#7383 = CARTESIAN_POINT('',(2.758056006043,0.306466160398,2.581707032037
    ));
#7384 = CARTESIAN_POINT('',(2.767995056425,0.307568556659,2.581707032037
    ));
#7385 = ORIENTED_EDGE('',*,*,#7386,.F.);
#7386 = EDGE_CURVE('',#7352,#7380,#7387,.T.);
#7387 = B_SPLINE_CURVE_WITH_KNOTS('',3,(#7388,#7389,#7390,#7391),
  .UNSPECIFIED.,.F.,.F.,(4,4),(2.11639250372E-04,1.),
  .PIECEWISE_BEZIER_KNOTS.);
#7388 = CARTESIAN_POINT('',(2.765148304484,0.332232405348,2.569232940971
    ));
#7389 = CARTESIAN_POINT('',(2.766569107637,0.320385772148,2.573963030532
    ));
#7390 = CARTESIAN_POINT('',(2.767485721311,0.312160650748,2.578121060888
    ));
#7391 = CARTESIAN_POINT('',(2.767995056425,0.307568556659,2.581707032037
    ));
#7392 = B_SPLINE_SURFACE_WITH_KNOTS('',1,3,(
    (#7393,#7394,#7395,#7396)
    ,(#7397,#7398,#7399,#7400
    )),.UNSPECIFIED.,.F.,.F.,.F.,(2,2),(4,4),(0.,1.),(0.,1.),
  .PIECEWISE_BEZIER_KNOTS.);
#7393 = CARTESIAN_POINT('',(2.765147402131,0.332239929065,2.56922993704)
  );
#7394 = CARTESIAN_POINT('',(2.766568723326,0.320389248664,2.573961272654
    ));
#7395 = CARTESIAN_POINT('',(2.767485617487,0.312161586817,2.57812032991)
  );
#7396 = CARTESIAN_POINT('',(2.767995056425,0.307568556659,2.581707032037
    ));
#7397 = CARTESIAN_POINT('',(2.755218558396,0.331049104946,2.56922993704)
  );
#7398 = CARTESIAN_POINT('',(2.756634785257,0.319240900039,2.573961272679
    ));
#7399 = CARTESIAN_POINT('',(2.757548393035,0.311042728225,2.578120329799
    ));
#7400 = CARTESIAN_POINT('',(2.758056006043,0.306466160398,2.581707032037
    ));
#7401 = ADVANCED_FACE('',(#7402),#7420,.T.);
#7402 = FACE_BOUND('',#7403,.T.);
#7403 = EDGE_LOOP('',(#7404,#7405,#7406,#7413));
#7404 = ORIENTED_EDGE('',*,*,#7379,.F.);
#7405 = ORIENTED_EDGE('',*,*,#937,.T.);
#7406 = ORIENTED_EDGE('',*,*,#7407,.T.);
#7407 = EDGE_CURVE('',#929,#7408,#7410,.T.);
#7408 = VERTEX_POINT('',#7409);
#7409 = CARTESIAN_POINT('',(2.768604940996,0.302019256476,2.595223884949
    ));
#7410 = B_SPLINE_CURVE_WITH_KNOTS('',1,(#7411,#7412),.UNSPECIFIED.,.F.,
  .F.,(2,2),(0.,1.),.PIECEWISE_BEZIER_KNOTS.);
#7411 = CARTESIAN_POINT('',(2.758663704648,0.300936750181,2.595223884949
    ));
#7412 = CARTESIAN_POINT('',(2.768604940996,0.302019256476,2.595223884949
    ));
#7413 = ORIENTED_EDGE('',*,*,#7414,.F.);
#7414 = EDGE_CURVE('',#7380,#7408,#7415,.T.);
#7415 = B_SPLINE_CURVE_WITH_KNOTS('',3,(#7416,#7417,#7418,#7419),
  .UNSPECIFIED.,.F.,.F.,(4,4),(0.,1.),.PIECEWISE_BEZIER_KNOTS.);
#7416 = CARTESIAN_POINT('',(2.767995056425,0.307568556659,2.581707032037
    ));
#7417 = CARTESIAN_POINT('',(2.76848787953,0.303125332524,2.586929361461)
  );
#7418 = CARTESIAN_POINT('',(2.768561780554,0.302415621983,2.588421871136
    ));
#7419 = CARTESIAN_POINT('',(2.768604940996,0.302019256476,2.595223884949
    ));
#7420 = B_SPLINE_SURFACE_WITH_KNOTS('',1,3,(
    (#7421,#7422,#7423,#7424)
    ,(#7425,#7426,#7427,#7428
    )),.UNSPECIFIED.,.F.,.F.,.F.,(2,2),(4,4),(0.,1.),(0.,1.),
  .PIECEWISE_BEZIER_KNOTS.);
#7421 = CARTESIAN_POINT('',(2.767995056425,0.307568556659,2.581707032037
    ));
#7422 = CARTESIAN_POINT('',(2.768508725885,0.302937384705,2.587150265334
    ));
#7423 = CARTESIAN_POINT('',(2.768559860018,0.302433259292,2.588119197922
    ));
#7424 = CARTESIAN_POINT('',(2.768604940996,0.302019256476,2.595223884949
    ));
#7425 = CARTESIAN_POINT('',(2.758056006043,0.306466160398,2.581707032037
    ));
#7426 = CARTESIAN_POINT('',(2.758567899596,0.301850999774,2.587150958751
    ));
#7427 = CARTESIAN_POINT('',(2.758618782263,0.301349296556,2.588118725329
    ));
#7428 = CARTESIAN_POINT('',(2.758663704648,0.300936750181,2.595223884949
    ));
#7429 = ADVANCED_FACE('',(#7430),#7448,.T.);
#7430 = FACE_BOUND('',#7431,.T.);
#7431 = EDGE_LOOP('',(#7432,#7433,#7434,#7441));
#7432 = ORIENTED_EDGE('',*,*,#7407,.F.);
#7433 = ORIENTED_EDGE('',*,*,#928,.T.);
#7434 = ORIENTED_EDGE('',*,*,#7435,.T.);
#7435 = EDGE_CURVE('',#920,#7436,#7438,.T.);
#7436 = VERTEX_POINT('',#7437);
#7437 = CARTESIAN_POINT('',(2.767752627968,0.309746451307,2.60936459261)
  );
#7438 = B_SPLINE_CURVE_WITH_KNOTS('',1,(#7439,#7440),.UNSPECIFIED.,.F.,
  .F.,(2,2),(0.,1.),.PIECEWISE_BEZIER_KNOTS.);
#7439 = CARTESIAN_POINT('',(2.757814446506,0.308636248972,2.60936459261)
  );
#7440 = CARTESIAN_POINT('',(2.767752627968,0.309746451307,2.60936459261)
  );
#7441 = ORIENTED_EDGE('',*,*,#7442,.F.);
#7442 = EDGE_CURVE('',#7408,#7436,#7443,.T.);
#7443 = B_SPLINE_CURVE_WITH_KNOTS('',3,(#7444,#7445,#7446,#7447),
  .UNSPECIFIED.,.F.,.F.,(4,4),(0.,1.),.PIECEWISE_BEZIER_KNOTS.);
#7444 = CARTESIAN_POINT('',(2.768604940996,0.302019256476,2.595223884949
    ));
#7445 = CARTESIAN_POINT('',(2.768550362457,0.302520480492,2.602216958244
    ));
#7446 = CARTESIAN_POINT('',(2.768395486435,0.303991784882,2.604541474878
    ));
#7447 = CARTESIAN_POINT('',(2.767752627968,0.309746451307,2.60936459261)
  );
#7448 = B_SPLINE_SURFACE_WITH_KNOTS('',1,3,(
    (#7449,#7450,#7451,#7452)
    ,(#7453,#7454,#7455,#7456
    )),.UNSPECIFIED.,.F.,.F.,.F.,(2,2),(4,4),(0.,1.),(0.,1.),
  .PIECEWISE_BEZIER_KNOTS.);
#7449 = CARTESIAN_POINT('',(2.768604940996,0.302019256476,2.595223884949
    ));
#7450 = CARTESIAN_POINT('',(2.768547535762,0.302546439556,2.602579138892
    ));
#7451 = CARTESIAN_POINT('',(2.768396195757,0.303985435251,2.604536153107
    ));
#7452 = CARTESIAN_POINT('',(2.767752627968,0.309746451307,2.60936459261)
  );
#7453 = CARTESIAN_POINT('',(2.758663704648,0.300936750181,2.595223884949
    ));
#7454 = CARTESIAN_POINT('',(2.75860650335,0.301462060411,2.602579372667)
  );
#7455 = CARTESIAN_POINT('',(2.758455760001,0.302895412643,2.604535758549
    ));
#7456 = CARTESIAN_POINT('',(2.757814446506,0.308636248972,2.60936459261)
  );
#7457 = ADVANCED_FACE('',(#7458),#7476,.T.);
#7458 = FACE_BOUND('',#7459,.T.);
#7459 = EDGE_LOOP('',(#7460,#7461,#7462,#7469));
#7460 = ORIENTED_EDGE('',*,*,#7435,.F.);
#7461 = ORIENTED_EDGE('',*,*,#919,.T.);
#7462 = ORIENTED_EDGE('',*,*,#7463,.T.);
#7463 = EDGE_CURVE('',#911,#7464,#7466,.T.);
#7464 = VERTEX_POINT('',#7465);
#7465 = CARTESIAN_POINT('',(2.765443387667,0.329762696091,2.614771075646
    ));
#7466 = B_SPLINE_CURVE_WITH_KNOTS('',1,(#7467,#7468),.UNSPECIFIED.,.F.,
  .F.,(2,2),(0.,1.),.PIECEWISE_BEZIER_KNOTS.);
#7467 = CARTESIAN_POINT('',(2.755514606854,0.328571309379,2.614771333776
    ));
#7468 = CARTESIAN_POINT('',(2.765443387667,0.329762696091,2.614771075646
    ));
#7469 = ORIENTED_EDGE('',*,*,#7470,.F.);
#7470 = EDGE_CURVE('',#7436,#7464,#7471,.T.);
#7471 = B_SPLINE_CURVE_WITH_KNOTS('',3,(#7472,#7473,#7474,#7475),
  .UNSPECIFIED.,.F.,.F.,(4,4),(0.,1.),.PIECEWISE_BEZIER_KNOTS.);
#7472 = CARTESIAN_POINT('',(2.767752627968,0.309746451307,2.60936459261)
  );
#7473 = CARTESIAN_POINT('',(2.767135722664,0.315268793197,2.61276943045)
  );
#7474 = CARTESIAN_POINT('',(2.766374638136,0.32193873093,2.614571677505)
  );
#7475 = CARTESIAN_POINT('',(2.765443387667,0.329762696091,2.614771075646
    ));
#7476 = B_SPLINE_SURFACE_WITH_KNOTS('',1,3,(
    (#7477,#7478,#7479,#7480)
    ,(#7481,#7482,#7483,#7484
    )),.UNSPECIFIED.,.F.,.F.,.F.,(2,2),(4,4),(0.,1.),(0.,1.),
  .PIECEWISE_BEZIER_KNOTS.);
#7477 = CARTESIAN_POINT('',(2.767752627968,0.309746451307,2.60936459261)
  );
#7478 = CARTESIAN_POINT('',(2.767135723252,0.315268787928,2.612769427201
    ));
#7479 = CARTESIAN_POINT('',(2.76637463889,0.321938724599,2.614571677343)
  );
#7480 = CARTESIAN_POINT('',(2.765444515512,0.329753220564,2.614771333776
    ));
#7481 = CARTESIAN_POINT('',(2.757814446506,0.308636248972,2.60936459261)
  );
#7482 = CARTESIAN_POINT('',(2.757199752916,0.314138792291,2.612769427212
    ));
#7483 = CARTESIAN_POINT('',(2.756441396458,0.320784822347,2.614571677343
    ));
#7484 = CARTESIAN_POINT('',(2.755514606854,0.328571309379,2.614771333776
    ));
#7485 = ADVANCED_FACE('',(#7486),#7504,.T.);
#7486 = FACE_BOUND('',#7487,.T.);
#7487 = EDGE_LOOP('',(#7488,#7489,#7490,#7497));
#7488 = ORIENTED_EDGE('',*,*,#7463,.F.);
#7489 = ORIENTED_EDGE('',*,*,#910,.T.);
#7490 = ORIENTED_EDGE('',*,*,#7491,.T.);
#7491 = EDGE_CURVE('',#904,#7492,#7494,.T.);
#7492 = VERTEX_POINT('',#7493);
#7493 = CARTESIAN_POINT('',(2.760822151541,0.366507607076,2.60426977882)
  );
#7494 = B_SPLINE_CURVE_WITH_KNOTS('',1,(#7495,#7496),.UNSPECIFIED.,.F.,
  .F.,(2,2),(0.,1.),.PIECEWISE_BEZIER_KNOTS.);
#7495 = CARTESIAN_POINT('',(2.750908810496,0.365193959739,2.60426977882)
  );
#7496 = CARTESIAN_POINT('',(2.760822151541,0.366507607076,2.60426977882)
  );
#7497 = ORIENTED_EDGE('',*,*,#7498,.F.);
#7498 = EDGE_CURVE('',#7464,#7492,#7499,.T.);
#7499 = B_SPLINE_CURVE_WITH_KNOTS('',3,(#7500,#7501,#7502,#7503),
  .UNSPECIFIED.,.F.,.F.,(4,4),(2.312643332255E-04,1.),
  .PIECEWISE_BEZIER_KNOTS.);
#7500 = CARTESIAN_POINT('',(2.765443387667,0.329762696091,2.614771075646
    ));
#7501 = CARTESIAN_POINT('',(2.763818157374,0.343416783021,2.614398382006
    ));
#7502 = CARTESIAN_POINT('',(2.762259188142,0.355663118215,2.610897949731
    ));
#7503 = CARTESIAN_POINT('',(2.760822151541,0.366507607076,2.60426977882)
  );
#7504 = B_SPLINE_SURFACE_WITH_KNOTS('',1,3,(
    (#7505,#7506,#7507,#7508)
    ,(#7509,#7510,#7511,#7512
    )),.UNSPECIFIED.,.F.,.F.,.F.,(2,2),(4,4),(0.,1.),(0.,1.),
  .PIECEWISE_BEZIER_KNOTS.);
#7505 = CARTESIAN_POINT('',(2.765444515512,0.329753220564,2.614771333776
    ));
#7506 = CARTESIAN_POINT('',(2.763818875639,0.343411146518,2.614400000471
    ));
#7507 = CARTESIAN_POINT('',(2.762259518013,0.355660628863,2.610899471228
    ));
#7508 = CARTESIAN_POINT('',(2.760822151541,0.366507607076,2.60426977882)
  );
#7509 = CARTESIAN_POINT('',(2.755514606854,0.328571309379,2.614771333776
    ));
#7510 = CARTESIAN_POINT('',(2.753894793641,0.342180282242,2.614400000469
    ));
#7511 = CARTESIAN_POINT('',(2.752341025126,0.354385859518,2.610899471268
    ));
#7512 = CARTESIAN_POINT('',(2.750908810496,0.365193959739,2.60426977882)
  );
#7513 = ADVANCED_FACE('',(#7514),#7532,.T.);
#7514 = FACE_BOUND('',#7515,.T.);
#7515 = EDGE_LOOP('',(#7516,#7517,#7518,#7527));
#7516 = ORIENTED_EDGE('',*,*,#7491,.F.);
#7517 = ORIENTED_EDGE('',*,*,#903,.T.);
#7518 = ORIENTED_EDGE('',*,*,#7519,.T.);
#7519 = EDGE_CURVE('',#895,#7520,#7522,.T.);
#7520 = VERTEX_POINT('',#7521);
#7521 = CARTESIAN_POINT('',(2.760822151541,0.366507607076,2.629016017228
    ));
#7522 = B_SPLINE_CURVE_WITH_KNOTS('',3,(#7523,#7524,#7525,#7526),
  .UNSPECIFIED.,.F.,.F.,(4,4),(0.,1.),.PIECEWISE_BEZIER_KNOTS.);
#7523 = CARTESIAN_POINT('',(2.750908810496,0.365193959739,2.629016017228
    ));
#7524 = CARTESIAN_POINT('',(2.754213257511,0.365631842184,2.629016017228
    ));
#7525 = CARTESIAN_POINT('',(2.757517704526,0.36606972463,2.629016017228)
  );
#7526 = CARTESIAN_POINT('',(2.760822151541,0.366507607076,2.629016017228
    ));
#7527 = ORIENTED_EDGE('',*,*,#7528,.F.);
#7528 = EDGE_CURVE('',#7492,#7520,#7529,.T.);
#7529 = B_SPLINE_CURVE_WITH_KNOTS('',1,(#7530,#7531),.UNSPECIFIED.,.F.,
  .F.,(2,2),(-4.92573032118,-4.900984082772),.PIECEWISE_BEZIER_KNOTS.);
#7530 = CARTESIAN_POINT('',(2.760822151541,0.366507607076,2.60426977882)
  );
#7531 = CARTESIAN_POINT('',(2.760822151541,0.366507607076,2.629016017228
    ));
#7532 = B_SPLINE_SURFACE_WITH_KNOTS('',1,1,(
    (#7533,#7534)
    ,(#7535,#7536
    )),.UNSPECIFIED.,.F.,.F.,.F.,(2,2),(2,2),(-1.237311920393E-02,
    1.237311920393E-02),(0.,1.E-02),.PIECEWISE_BEZIER_KNOTS.);
#7533 = CARTESIAN_POINT('',(2.750908810496,0.365193959739,2.60426977882)
  );
#7534 = CARTESIAN_POINT('',(2.760822151541,0.366507607076,2.60426977882)
  );
#7535 = CARTESIAN_POINT('',(2.750908810496,0.365193959739,2.629016017228
    ));
#7536 = CARTESIAN_POINT('',(2.760822151541,0.366507607076,2.629016017228
    ));
#7537 = ADVANCED_FACE('',(#7538),#7556,.T.);
#7538 = FACE_BOUND('',#7539,.T.);
#7539 = EDGE_LOOP('',(#7540,#7541,#7542,#7549));
#7540 = ORIENTED_EDGE('',*,*,#7519,.F.);
#7541 = ORIENTED_EDGE('',*,*,#894,.T.);
#7542 = ORIENTED_EDGE('',*,*,#7543,.T.);
#7543 = EDGE_CURVE('',#886,#7544,#7546,.T.);
#7544 = VERTEX_POINT('',#7545);
#7545 = CARTESIAN_POINT('',(2.765147402131,0.332239929065,2.63546251631)
  );
#7546 = B_SPLINE_CURVE_WITH_KNOTS('',1,(#7547,#7548),.UNSPECIFIED.,.F.,
  .F.,(2,2),(0.,1.),.PIECEWISE_BEZIER_KNOTS.);
#7547 = CARTESIAN_POINT('',(2.755218558396,0.331049104946,2.63546251631)
  );
#7548 = CARTESIAN_POINT('',(2.765147402131,0.332239929065,2.63546251631)
  );
#7549 = ORIENTED_EDGE('',*,*,#7550,.F.);
#7550 = EDGE_CURVE('',#7520,#7544,#7551,.T.);
#7551 = B_SPLINE_CURVE_WITH_KNOTS('',3,(#7552,#7553,#7554,#7555),
  .UNSPECIFIED.,.F.,.F.,(4,4),(0.,1.),.PIECEWISE_BEZIER_KNOTS.);
#7552 = CARTESIAN_POINT('',(2.760822151541,0.366507607076,2.629016017228
    ));
#7553 = CARTESIAN_POINT('',(2.762203439916,0.356083818017,2.633051529508
    ));
#7554 = CARTESIAN_POINT('',(2.763657489017,0.344662514622,2.635200362536
    ));
#7555 = CARTESIAN_POINT('',(2.765147402131,0.332239929065,2.63546251631)
  );
#7556 = B_SPLINE_SURFACE_WITH_KNOTS('',1,3,(
    (#7557,#7558,#7559,#7560)
    ,(#7561,#7562,#7563,#7564
    )),.UNSPECIFIED.,.F.,.F.,.F.,(2,2),(4,4),(0.,1.),(0.,1.),
  .PIECEWISE_BEZIER_KNOTS.);
#7557 = CARTESIAN_POINT('',(2.760822151541,0.366507607076,2.629016017228
    ));
#7558 = CARTESIAN_POINT('',(2.762203437875,0.356083833422,2.633051523545
    ));
#7559 = CARTESIAN_POINT('',(2.763657487131,0.344662530347,2.635200362204
    ));
#7560 = CARTESIAN_POINT('',(2.765147402131,0.332239929065,2.63546251631)
  );
#7561 = CARTESIAN_POINT('',(2.750908810496,0.365193959739,2.629016017228
    ));
#7562 = CARTESIAN_POINT('',(2.752285145986,0.354807547252,2.633051523556
    ));
#7563 = CARTESIAN_POINT('',(2.75373398359,0.343427180797,2.635200362203)
  );
#7564 = CARTESIAN_POINT('',(2.755218558396,0.331049104946,2.63546251631)
  );
#7565 = ADVANCED_FACE('',(#7566),#7584,.T.);
#7566 = FACE_BOUND('',#7567,.T.);
#7567 = EDGE_LOOP('',(#7568,#7569,#7570,#7577));
#7568 = ORIENTED_EDGE('',*,*,#7543,.F.);
#7569 = ORIENTED_EDGE('',*,*,#885,.T.);
#7570 = ORIENTED_EDGE('',*,*,#7571,.T.);
#7571 = EDGE_CURVE('',#877,#7572,#7574,.T.);
#7572 = VERTEX_POINT('',#7573);
#7573 = CARTESIAN_POINT('',(2.769666007452,0.292110504932,2.623921203439
    ));
#7574 = B_SPLINE_CURVE_WITH_KNOTS('',1,(#7575,#7576),.UNSPECIFIED.,.F.,
  .F.,(2,2),(0.,1.),.PIECEWISE_BEZIER_KNOTS.);
#7575 = CARTESIAN_POINT('',(2.759720967999,0.291063513875,2.623921203439
    ));
#7576 = CARTESIAN_POINT('',(2.769666007452,0.292110504932,2.623921203439
    ));
#7577 = ORIENTED_EDGE('',*,*,#7578,.F.);
#7578 = EDGE_CURVE('',#7544,#7572,#7579,.T.);
#7579 = B_SPLINE_CURVE_WITH_KNOTS('',3,(#7580,#7581,#7582,#7583),
  .UNSPECIFIED.,.F.,.F.,(4,4),(0.,1.),.PIECEWISE_BEZIER_KNOTS.);
#7580 = CARTESIAN_POINT('',(2.765147402131,0.332239929065,2.63546251631)
  );
#7581 = CARTESIAN_POINT('',(2.767036202393,0.31649150547,2.635064592801)
  );
#7582 = CARTESIAN_POINT('',(2.768507934499,0.303110676447,2.63121748851)
  );
#7583 = CARTESIAN_POINT('',(2.769666007452,0.292110504932,2.623921203439
    ));
#7584 = B_SPLINE_SURFACE_WITH_KNOTS('',1,3,(
    (#7585,#7586,#7587,#7588)
    ,(#7589,#7590,#7591,#7592
    )),.UNSPECIFIED.,.F.,.F.,.F.,(2,2),(4,4),(0.,1.),(0.,1.),
  .PIECEWISE_BEZIER_KNOTS.);
#7585 = CARTESIAN_POINT('',(2.765147402131,0.332239929065,2.63546251631)
  );
#7586 = CARTESIAN_POINT('',(2.76703620893,0.316491450965,2.635064591424)
  );
#7587 = CARTESIAN_POINT('',(2.768507938859,0.303110635036,2.631217461043
    ));
#7588 = CARTESIAN_POINT('',(2.769666007452,0.292110504932,2.623921203439
    ));
#7589 = CARTESIAN_POINT('',(2.755218558396,0.331049104946,2.63546251631)
  );
#7590 = CARTESIAN_POINT('',(2.757100595292,0.315357072892,2.635064591421
    ));
#7591 = CARTESIAN_POINT('',(2.758567050173,0.302024217143,2.631217461145
    ));
#7592 = CARTESIAN_POINT('',(2.759720967999,0.291063513875,2.623921203439
    ));
#7593 = ADVANCED_FACE('',(#7594),#7612,.T.);
#7594 = FACE_BOUND('',#7595,.T.);
#7595 = EDGE_LOOP('',(#7596,#7597,#7598,#7605));
#7596 = ORIENTED_EDGE('',*,*,#7571,.F.);
#7597 = ORIENTED_EDGE('',*,*,#876,.T.);
#7598 = ORIENTED_EDGE('',*,*,#7599,.T.);
#7599 = EDGE_CURVE('',#868,#7600,#7602,.T.);
#7600 = VERTEX_POINT('',#7601);
#7601 = CARTESIAN_POINT('',(2.77133343874,0.275812684505,2.592936417533)
  );
#7602 = B_SPLINE_CURVE_WITH_KNOTS('',1,(#7603,#7604),.UNSPECIFIED.,.F.,
  .F.,(2,2),(0.,1.),.PIECEWISE_BEZIER_KNOTS.);
#7603 = CARTESIAN_POINT('',(2.761382422831,0.274824108575,2.592936417533
    ));
#7604 = CARTESIAN_POINT('',(2.77133343874,0.275812684505,2.592936417533)
  );
#7605 = ORIENTED_EDGE('',*,*,#7606,.F.);
#7606 = EDGE_CURVE('',#7572,#7600,#7607,.T.);
#7607 = B_SPLINE_CURVE_WITH_KNOTS('',3,(#7608,#7609,#7610,#7611),
  .UNSPECIFIED.,.F.,.F.,(4,4),(0.,1.),.PIECEWISE_BEZIER_KNOTS.);
#7608 = CARTESIAN_POINT('',(2.769666007452,0.292110504932,2.623921203439
    ));
#7609 = CARTESIAN_POINT('',(2.770856870948,0.280798866334,2.615079450509
    ));
#7610 = CARTESIAN_POINT('',(2.771259382119,0.27655813925,2.607365911026)
  );
#7611 = CARTESIAN_POINT('',(2.77133343874,0.275812684505,2.592936417533)
  );
#7612 = B_SPLINE_SURFACE_WITH_KNOTS('',1,3,(
    (#7613,#7614,#7615,#7616)
    ,(#7617,#7618,#7619,#7620
    )),.UNSPECIFIED.,.F.,.F.,.F.,(2,2),(4,4),(0.,1.),(0.,1.),
  .PIECEWISE_BEZIER_KNOTS.);
#7613 = CARTESIAN_POINT('',(2.769666007452,0.292110504932,2.623921203439
    ));
#7614 = CARTESIAN_POINT('',(2.770874075316,0.280635447438,2.614951713976
    ));
#7615 = CARTESIAN_POINT('',(2.771258389823,0.276568127705,2.607559253877
    ));
#7616 = CARTESIAN_POINT('',(2.77133343874,0.275812684505,2.592936417533)
  );
#7617 = CARTESIAN_POINT('',(2.759720967999,0.291063513875,2.623921203439
    ));
#7618 = CARTESIAN_POINT('',(2.760924766302,0.279629011605,2.614951263683
    ));
#7619 = CARTESIAN_POINT('',(2.761307641358,0.275576859681,2.607559556697
    ));
#7620 = CARTESIAN_POINT('',(2.761382422831,0.274824108575,2.592936417533
    ));
#7621 = ADVANCED_FACE('',(#7622),#7640,.T.);
#7622 = FACE_BOUND('',#7623,.T.);
#7623 = EDGE_LOOP('',(#7624,#7625,#7626,#7633));
#7624 = ORIENTED_EDGE('',*,*,#7599,.F.);
#7625 = ORIENTED_EDGE('',*,*,#867,.T.);
#7626 = ORIENTED_EDGE('',*,*,#7627,.T.);
#7627 = EDGE_CURVE('',#859,#7628,#7630,.T.);
#7628 = VERTEX_POINT('',#7629);
#7629 = CARTESIAN_POINT('',(2.770607113859,0.283028531244,2.569957767582
    ));
#7630 = B_SPLINE_CURVE_WITH_KNOTS('',1,(#7631,#7632),.UNSPECIFIED.,.F.,
  .F.,(2,2),(0.,1.),.PIECEWISE_BEZIER_KNOTS.);
#7631 = CARTESIAN_POINT('',(2.760658701264,0.282014092064,2.569957767582
    ));
#7632 = CARTESIAN_POINT('',(2.770607113859,0.283028531244,2.569957767582
    ));
#7633 = ORIENTED_EDGE('',*,*,#7634,.F.);
#7634 = EDGE_CURVE('',#7600,#7628,#7635,.T.);
#7635 = B_SPLINE_CURVE_WITH_KNOTS('',3,(#7636,#7637,#7638,#7639),
  .UNSPECIFIED.,.F.,.F.,(4,4),(0.,1.),.PIECEWISE_BEZIER_KNOTS.);
#7636 = CARTESIAN_POINT('',(2.77133343874,0.275812684505,2.592936417533)
  );
#7637 = CARTESIAN_POINT('',(2.77129718054,0.276177659939,2.584020589197)
  );
#7638 = CARTESIAN_POINT('',(2.77106037566,0.278583478747,2.576361039213)
  );
#7639 = CARTESIAN_POINT('',(2.770607113859,0.283028531244,2.569957767582
    ));
#7640 = B_SPLINE_SURFACE_WITH_KNOTS('',1,3,(
    (#7641,#7642,#7643,#7644)
    ,(#7645,#7646,#7647,#7648
    )),.UNSPECIFIED.,.F.,.F.,.F.,(2,2),(4,4),(0.,1.),(0.,1.),
  .PIECEWISE_BEZIER_KNOTS.);
#7641 = CARTESIAN_POINT('',(2.77133343874,0.275812684505,2.592936417533)
  );
#7642 = CARTESIAN_POINT('',(2.771297180537,0.276177659966,2.584020588537
    ));
#7643 = CARTESIAN_POINT('',(2.771060375733,0.278583478026,2.576361040252
    ));
#7644 = CARTESIAN_POINT('',(2.770607113859,0.283028531244,2.569957767582
    ));
#7645 = CARTESIAN_POINT('',(2.761382422831,0.274824108575,2.592936417533
    ));
#7646 = CARTESIAN_POINT('',(2.761346294585,0.27518777588,2.584020588539)
  );
#7647 = CARTESIAN_POINT('',(2.761110338544,0.277584970938,2.576361040248
    ));
#7648 = CARTESIAN_POINT('',(2.760658701264,0.282014092064,2.569957767582
    ));
#7649 = ADVANCED_FACE('',(#7650),#7668,.T.);
#7650 = FACE_BOUND('',#7651,.T.);
#7651 = EDGE_LOOP('',(#7652,#7653,#7654,#7661));
#7652 = ORIENTED_EDGE('',*,*,#7627,.F.);
#7653 = ORIENTED_EDGE('',*,*,#858,.T.);
#7654 = ORIENTED_EDGE('',*,*,#7655,.T.);
#7655 = EDGE_CURVE('',#850,#7656,#7658,.T.);
#7656 = VERTEX_POINT('',#7657);
#7657 = CARTESIAN_POINT('',(2.767238136643,0.314317854638,2.550718885057
    ));
#7658 = B_SPLINE_CURVE_WITH_KNOTS('',1,(#7659,#7660),.UNSPECIFIED.,.F.,
  .F.,(2,2),(0.,1.),.PIECEWISE_BEZIER_KNOTS.);
#7659 = CARTESIAN_POINT('',(2.75730279528,0.31318248225,2.55072224613));
#7660 = CARTESIAN_POINT('',(2.767238136643,0.314317854638,2.550718885057
    ));
#7661 = ORIENTED_EDGE('',*,*,#7662,.F.);
#7662 = EDGE_CURVE('',#7628,#7656,#7663,.T.);
#7663 = B_SPLINE_CURVE_WITH_KNOTS('',3,(#7664,#7665,#7666,#7667),
  .UNSPECIFIED.,.F.,.F.,(4,4),(0.,1.),.PIECEWISE_BEZIER_KNOTS.);
#7664 = CARTESIAN_POINT('',(2.770607113859,0.283028531244,2.569957767582
    ));
#7665 = CARTESIAN_POINT('',(2.770033451133,0.288654332762,2.563428255253
    ));
#7666 = CARTESIAN_POINT('',(2.768964944876,0.299087222526,2.557016414769
    ));
#7667 = CARTESIAN_POINT('',(2.767238136643,0.314317854638,2.550718885057
    ));
#7668 = B_SPLINE_SURFACE_WITH_KNOTS('',1,3,(
    (#7669,#7670,#7671,#7672)
    ,(#7673,#7674,#7675,#7676
    )),.UNSPECIFIED.,.F.,.F.,.F.,(2,2),(4,4),(0.,1.),(0.,1.),
  .PIECEWISE_BEZIER_KNOTS.);
#7669 = CARTESIAN_POINT('',(2.770607113859,0.283028531244,2.569957767582
    ));
#7670 = CARTESIAN_POINT('',(2.770033455238,0.288654292509,2.563428301973
    ));
#7671 = CARTESIAN_POINT('',(2.768964949227,0.299087184152,2.557016430636
    ));
#7672 = CARTESIAN_POINT('',(2.76723913627,0.314309037942,2.55072224613)
  );
#7673 = CARTESIAN_POINT('',(2.760658701264,0.282014092064,2.569957767582
    ));
#7674 = CARTESIAN_POINT('',(2.760087098741,0.287619689575,2.563428301664
    ));
#7675 = CARTESIAN_POINT('',(2.759022422541,0.298015186953,2.557016430687
    ));
#7676 = CARTESIAN_POINT('',(2.75730279528,0.31318248225,2.55072224613));
#7677 = ADVANCED_FACE('',(#7678),#7696,.T.);
#7678 = FACE_BOUND('',#7679,.T.);
#7679 = EDGE_LOOP('',(#7680,#7681,#7682,#7689));
#7680 = ORIENTED_EDGE('',*,*,#7655,.F.);
#7681 = ORIENTED_EDGE('',*,*,#849,.T.);
#7682 = ORIENTED_EDGE('',*,*,#7683,.T.);
#7683 = EDGE_CURVE('',#841,#7684,#7686,.T.);
#7684 = VERTEX_POINT('',#7685);
#7685 = CARTESIAN_POINT('',(2.764096304995,0.340889503601,2.537725272176
    ));
#7686 = B_SPLINE_CURVE_WITH_KNOTS('',1,(#7687,#7688),.UNSPECIFIED.,.F.,
  .F.,(2,2),(0.,1.),.PIECEWISE_BEZIER_KNOTS.);
#7687 = CARTESIAN_POINT('',(2.754171228633,0.339667677423,2.537725272176
    ));
#7688 = CARTESIAN_POINT('',(2.764096304995,0.340889503601,2.537725272176
    ));
#7689 = ORIENTED_EDGE('',*,*,#7690,.F.);
#7690 = EDGE_CURVE('',#7656,#7684,#7691,.T.);
#7691 = B_SPLINE_CURVE_WITH_KNOTS('',3,(#7692,#7693,#7694,#7695),
  .UNSPECIFIED.,.F.,.F.,(4,4),(2.357053216963E-04,1.),
  .PIECEWISE_BEZIER_KNOTS.);
#7692 = CARTESIAN_POINT('',(2.767238136643,0.314317854638,2.550718885057
    ));
#7693 = CARTESIAN_POINT('',(2.765824877787,0.326782593879,2.545966891243
    ));
#7694 = CARTESIAN_POINT('',(2.764743054223,0.335635863109,2.54163568695)
  );
#7695 = CARTESIAN_POINT('',(2.764096304995,0.340889503601,2.537725272176
    ));
#7696 = B_SPLINE_SURFACE_WITH_KNOTS('',1,3,(
    (#7697,#7698,#7699,#7700)
    ,(#7701,#7702,#7703,#7704
    )),.UNSPECIFIED.,.F.,.F.,.F.,(2,2),(4,4),(0.,1.),(0.,1.),
  .PIECEWISE_BEZIER_KNOTS.);
#7697 = CARTESIAN_POINT('',(2.76723913627,0.314309037942,2.55072224613)
  );
#7698 = CARTESIAN_POINT('',(2.765825390193,0.32677842867,2.545968930016)
  );
#7699 = CARTESIAN_POINT('',(2.764743201616,0.335634665814,2.541636578126
    ));
#7700 = CARTESIAN_POINT('',(2.764096304995,0.340889503601,2.537725272176
    ));
#7701 = CARTESIAN_POINT('',(2.75730279528,0.31318248225,2.55072224613));
#7702 = CARTESIAN_POINT('',(2.755894116385,0.325607179891,2.54596892999)
  );
#7703 = CARTESIAN_POINT('',(2.754815806648,0.334431674024,2.541636578243
    ));
#7704 = CARTESIAN_POINT('',(2.754171228633,0.339667677423,2.537725272176
    ));
#7705 = ADVANCED_FACE('',(#7706),#7724,.T.);
#7706 = FACE_BOUND('',#7707,.T.);
#7707 = EDGE_LOOP('',(#7708,#7709,#7710,#7717));
#7708 = ORIENTED_EDGE('',*,*,#7683,.F.);
#7709 = ORIENTED_EDGE('',*,*,#840,.T.);
#7710 = ORIENTED_EDGE('',*,*,#7711,.T.);
#7711 = EDGE_CURVE('',#828,#7712,#7714,.T.);
#7712 = VERTEX_POINT('',#7713);
#7713 = CARTESIAN_POINT('',(2.763285385475,0.34741333389,2.523896491889)
  );
#7714 = B_SPLINE_CURVE_WITH_KNOTS('',1,(#7715,#7716),.UNSPECIFIED.,.F.,
  .F.,(2,2),(0.,1.),.PIECEWISE_BEZIER_KNOTS.);
#7715 = CARTESIAN_POINT('',(2.753363215635,0.346168124808,2.523896491889
    ));
#7716 = CARTESIAN_POINT('',(2.763285385475,0.34741333389,2.523896491889)
  );
#7717 = ORIENTED_EDGE('',*,*,#7718,.F.);
#7718 = EDGE_CURVE('',#7684,#7712,#7719,.T.);
#7719 = B_SPLINE_CURVE_WITH_KNOTS('',3,(#7720,#7721,#7722,#7723),
  .UNSPECIFIED.,.F.,.F.,(4,4),(0.,1.),.PIECEWISE_BEZIER_KNOTS.);
#7720 = CARTESIAN_POINT('',(2.764096304995,0.340889503601,2.537725272176
    ));
#7721 = CARTESIAN_POINT('',(2.763627445466,0.344698119518,2.534131975552
    ));
#7722 = CARTESIAN_POINT('',(2.763353289834,0.346872253207,2.529522382124
    ));
#7723 = CARTESIAN_POINT('',(2.763285385475,0.34741333389,2.523896491889)
  );
#7724 = B_SPLINE_SURFACE_WITH_KNOTS('',1,3,(
    (#7725,#7726,#7727,#7728)
    ,(#7729,#7730,#7731,#7732
    )),.UNSPECIFIED.,.F.,.F.,.F.,(2,2),(4,4),(0.,1.),(0.,1.),
  .PIECEWISE_BEZIER_KNOTS.);
#7725 = CARTESIAN_POINT('',(2.764096304995,0.340889503601,2.537725272176
    ));
#7726 = CARTESIAN_POINT('',(2.763627445379,0.344698120221,2.534131974889
    ));
#7727 = CARTESIAN_POINT('',(2.763353289838,0.346872253175,2.529522382455
    ));
#7728 = CARTESIAN_POINT('',(2.763285385475,0.34741333389,2.523896491889)
  );
#7729 = CARTESIAN_POINT('',(2.754171228633,0.339667677423,2.537725272176
    ));
#7730 = CARTESIAN_POINT('',(2.753704049518,0.343462643086,2.534131974891
    ));
#7731 = CARTESIAN_POINT('',(2.753430876613,0.345628983451,2.529522382455
    ));
#7732 = CARTESIAN_POINT('',(2.753363215635,0.346168124808,2.523896491889
    ));
#7733 = ADVANCED_FACE('',(#7734),#7754,.T.);
#7734 = FACE_BOUND('',#7735,.T.);
#7735 = EDGE_LOOP('',(#7736,#7737,#7738,#7745));
#7736 = ORIENTED_EDGE('',*,*,#7711,.F.);
#7737 = ORIENTED_EDGE('',*,*,#827,.T.);
#7738 = ORIENTED_EDGE('',*,*,#7739,.T.);
#7739 = EDGE_CURVE('',#819,#7740,#7742,.T.);
#7740 = VERTEX_POINT('',#7741);
#7741 = CARTESIAN_POINT('',(2.766879769664,0.317462663205,2.504245355262
    ));
#7742 = B_SPLINE_CURVE_WITH_KNOTS('',1,(#7743,#7744),.UNSPECIFIED.,.F.,
  .F.,(2,2),(0.,1.),.PIECEWISE_BEZIER_KNOTS.);
#7743 = CARTESIAN_POINT('',(2.756943737792,0.316333351503,2.504245067271
    ));
#7744 = CARTESIAN_POINT('',(2.766879769664,0.317462663205,2.504245355262
    ));
#7745 = ORIENTED_EDGE('',*,*,#7746,.F.);
#7746 = EDGE_CURVE('',#7712,#7740,#7747,.T.);
#7747 = B_SPLINE_CURVE_WITH_KNOTS('',3,(#7748,#7749,#7750,#7751,#7752,
    #7753),.UNSPECIFIED.,.F.,.F.,(4,2,4),(0.,0.5,1.),.UNSPECIFIED.);
#7748 = CARTESIAN_POINT('',(2.763285385475,0.34741333389,2.523896491889)
  );
#7749 = CARTESIAN_POINT('',(2.763358892047,0.346827613229,2.515997006681
    ));
#7750 = CARTESIAN_POINT('',(2.76400803616,0.341634272932,2.509736061844)
  );
#7751 = CARTESIAN_POINT('',(2.765075085404,0.332871599847,2.505604939446
    ));
#7752 = CARTESIAN_POINT('',(2.765869950852,0.326279510269,2.504463128322
    ));
#7753 = CARTESIAN_POINT('',(2.766879769664,0.317462663205,2.504245355262
    ));
#7754 = B_SPLINE_SURFACE_WITH_KNOTS('',1,3,(
    (#7755,#7756,#7757,#7758,#7759,#7760,#7761,#7762)
    ,(#7763,#7764,#7765,#7766,#7767,#7768,#7769,#7770
  )),.UNSPECIFIED.,.F.,.F.,.F.,(2,2),(4,2,2,4),(0.,1.),(0.,0.25,0.5,1.),
  .UNSPECIFIED.);
#7755 = CARTESIAN_POINT('',(2.763285385475,0.34741333389,2.523896491889)
  );
#7756 = CARTESIAN_POINT('',(2.763322138761,0.34712047356,2.5199467493));
#7757 = CARTESIAN_POINT('',(2.763446969166,0.346127563704,2.516619712046
    ));
#7758 = CARTESIAN_POINT('',(2.763868263864,0.342741081288,2.511211048298
    ));
#7759 = CARTESIAN_POINT('',(2.764274798471,0.339443604661,2.508703281244
    ));
#7760 = CARTESIAN_POINT('',(2.765075085404,0.332871599847,2.505604939446
    ));
#7761 = CARTESIAN_POINT('',(2.76586994881,0.326279528097,2.504463128763)
  );
#7762 = CARTESIAN_POINT('',(2.766878787208,0.317471241257,2.504245067271
    ));
#7763 = CARTESIAN_POINT('',(2.753363215635,0.346168124808,2.523896491889
    ));
#7764 = CARTESIAN_POINT('',(2.753399837188,0.345876314157,2.5199467493)
  );
#7765 = CARTESIAN_POINT('',(2.753524220172,0.344886963117,2.516619712046
    ));
#7766 = CARTESIAN_POINT('',(2.753944004854,0.341512618631,2.511211048298
    ));
#7767 = CARTESIAN_POINT('',(2.754349082347,0.338226960917,2.508703281244
    ));
#7768 = CARTESIAN_POINT('',(2.755146500868,0.331678511676,2.505604939446
    ));
#7769 = CARTESIAN_POINT('',(2.755938515301,0.325110067423,2.504463128763
    ));
#7770 = CARTESIAN_POINT('',(2.756943737792,0.316333351503,2.504245067271
    ));
#7771 = ADVANCED_FACE('',(#7772),#7790,.T.);
#7772 = FACE_BOUND('',#7773,.T.);
#7773 = EDGE_LOOP('',(#7774,#7775,#7776,#7783));
#7774 = ORIENTED_EDGE('',*,*,#7739,.F.);
#7775 = ORIENTED_EDGE('',*,*,#818,.T.);
#7776 = ORIENTED_EDGE('',*,*,#7777,.T.);
#7777 = EDGE_CURVE('',#812,#7778,#7780,.T.);
#7778 = VERTEX_POINT('',#7779);
#7779 = CARTESIAN_POINT('',(2.771348908027,0.275656926086,2.518281799141
    ));
#7780 = B_SPLINE_CURVE_WITH_KNOTS('',1,(#7781,#7782),.UNSPECIFIED.,.F.,
  .F.,(2,2),(0.,1.),.PIECEWISE_BEZIER_KNOTS.);
#7781 = CARTESIAN_POINT('',(2.761397836672,0.274668908429,2.518281799141
    ));
#7782 = CARTESIAN_POINT('',(2.771348908027,0.275656926086,2.518281799141
    ));
#7783 = ORIENTED_EDGE('',*,*,#7784,.F.);
#7784 = EDGE_CURVE('',#7740,#7778,#7785,.T.);
#7785 = B_SPLINE_CURVE_WITH_KNOTS('',3,(#7786,#7787,#7788,#7789),
  .UNSPECIFIED.,.F.,.F.,(4,4),(1.90769679434E-04,1.),
  .PIECEWISE_BEZIER_KNOTS.);
#7786 = CARTESIAN_POINT('',(2.766879769664,0.317462663205,2.504245355262
    ));
#7787 = CARTESIAN_POINT('',(2.768596047836,0.302477226186,2.50474926559)
  );
#7788 = CARTESIAN_POINT('',(2.77006980466,0.288539741281,2.509428080216)
  );
#7789 = CARTESIAN_POINT('',(2.771348908027,0.275656926086,2.518281799141
    ));
#7790 = B_SPLINE_SURFACE_WITH_KNOTS('',1,3,(
    (#7791,#7792,#7793,#7794)
    ,(#7795,#7796,#7797,#7798
    )),.UNSPECIFIED.,.F.,.F.,.F.,(2,2),(4,4),(0.,1.),(0.,1.),
  .PIECEWISE_BEZIER_KNOTS.);
#7791 = CARTESIAN_POINT('',(2.766878787208,0.317471241257,2.504245067271
    ));
#7792 = CARTESIAN_POINT('',(2.768595489334,0.302482512871,2.504747481326
    ));
#7793 = CARTESIAN_POINT('',(2.770069562098,0.288542184299,2.509426401251
    ));
#7794 = CARTESIAN_POINT('',(2.771348908027,0.275656926086,2.518281799141
    ));
#7795 = CARTESIAN_POINT('',(2.756943737792,0.316333351503,2.504245067271
    ));
#7796 = CARTESIAN_POINT('',(2.758654286868,0.301398346114,2.504747481328
    ));
#7797 = CARTESIAN_POINT('',(2.760123076207,0.287507982982,2.509426401209
    ));
#7798 = CARTESIAN_POINT('',(2.761397836672,0.274668908429,2.518281799141
    ));
#7799 = ADVANCED_FACE('',(#7800),#7810,.T.);
#7800 = FACE_BOUND('',#7801,.T.);
#7801 = EDGE_LOOP('',(#7802,#7803,#7804,#7809));
#7802 = ORIENTED_EDGE('',*,*,#811,.T.);
#7803 = ORIENTED_EDGE('',*,*,#7229,.T.);
#7804 = ORIENTED_EDGE('',*,*,#7805,.F.);
#7805 = EDGE_CURVE('',#7778,#7230,#7806,.T.);
#7806 = B_SPLINE_CURVE_WITH_KNOTS('',1,(#7807,#7808),.UNSPECIFIED.,.F.,
  .F.,(2,2),(5.011718300859,5.038024176141),.PIECEWISE_BEZIER_KNOTS.);
#7807 = CARTESIAN_POINT('',(2.771348908027,0.275656926086,2.518281799141
    ));
#7808 = CARTESIAN_POINT('',(2.771348908027,0.275656926086,2.491975923859
    ));
#7809 = ORIENTED_EDGE('',*,*,#7777,.F.);
#7810 = B_SPLINE_SURFACE_WITH_KNOTS('',1,1,(
    (#7811,#7812)
    ,(#7813,#7814
    )),.UNSPECIFIED.,.F.,.F.,.F.,(2,2),(2,2),(-1.315293764097E-02,
    1.315293764097E-02),(-4.440892098501E-16,1.E-02),
  .PIECEWISE_BEZIER_KNOTS.);
#7811 = CARTESIAN_POINT('',(2.761397836672,0.274668908429,2.518281799141
    ));
#7812 = CARTESIAN_POINT('',(2.771348908027,0.275656926086,2.518281799141
    ));
#7813 = CARTESIAN_POINT('',(2.761397836672,0.274668908429,2.491975923859
    ));
#7814 = CARTESIAN_POINT('',(2.771348908027,0.275656926086,2.491975923859
    ));
#7815 = ADVANCED_FACE('',(#7816),#7839,.T.);
#7816 = FACE_BOUND('',#7817,.T.);
#7817 = EDGE_LOOP('',(#7818,#7819,#7820,#7821,#7822,#7823,#7824,#7825,
    #7826,#7827,#7828,#7829,#7830,#7831,#7832,#7833,#7834,#7835,#7836,
    #7837,#7838));
#7818 = ORIENTED_EDGE('',*,*,#7784,.T.);
#7819 = ORIENTED_EDGE('',*,*,#7805,.T.);
#7820 = ORIENTED_EDGE('',*,*,#7246,.T.);
#7821 = ORIENTED_EDGE('',*,*,#7274,.T.);
#7822 = ORIENTED_EDGE('',*,*,#7302,.T.);
#7823 = ORIENTED_EDGE('',*,*,#7330,.T.);
#7824 = ORIENTED_EDGE('',*,*,#7358,.T.);
#7825 = ORIENTED_EDGE('',*,*,#7386,.T.);
#7826 = ORIENTED_EDGE('',*,*,#7414,.T.);
#7827 = ORIENTED_EDGE('',*,*,#7442,.T.);
#7828 = ORIENTED_EDGE('',*,*,#7470,.T.);
#7829 = ORIENTED_EDGE('',*,*,#7498,.T.);
#7830 = ORIENTED_EDGE('',*,*,#7528,.T.);
#7831 = ORIENTED_EDGE('',*,*,#7550,.T.);
#7832 = ORIENTED_EDGE('',*,*,#7578,.T.);
#7833 = ORIENTED_EDGE('',*,*,#7606,.T.);
#7834 = ORIENTED_EDGE('',*,*,#7634,.T.);
#7835 = ORIENTED_EDGE('',*,*,#7662,.T.);
#7836 = ORIENTED_EDGE('',*,*,#7690,.T.);
#7837 = ORIENTED_EDGE('',*,*,#7718,.T.);
#7838 = ORIENTED_EDGE('',*,*,#7746,.T.);
#7839 = ( BOUNDED_SURFACE() B_SPLINE_SURFACE(2,1,(
    (#7840,#7841)
    ,(#7842,#7843)
    ,(#7844,#7845
)),.UNSPECIFIED.,.F.,.F.,.F.) B_SPLINE_SURFACE_WITH_KNOTS((3,3),(2,2),(
    3.007341243875,3.042629430711),(4.89453758369,5.046550191055),
.PIECEWISE_BEZIER_KNOTS.) GEOMETRIC_REPRESENTATION_ITEM() 
RATIONAL_B_SPLINE_SURFACE((
    (1.,1.)
    ,(0.999844347022,0.999844347022)
,(1.,1.))) REPRESENTATION_ITEM('') SURFACE() );
#7840 = CARTESIAN_POINT('',(2.759895040275,0.373437298973,2.63546251631)
  );
#7841 = CARTESIAN_POINT('',(2.759895040275,0.373437298973,2.483449908945
    ));
#7842 = CARTESIAN_POINT('',(2.766484686694,0.324648169573,2.63546251631)
  );
#7843 = CARTESIAN_POINT('',(2.766484686694,0.324648169573,2.483449908945
    ));
#7844 = CARTESIAN_POINT('',(2.771348908027,0.275656926086,2.63546251631)
  );
#7845 = CARTESIAN_POINT('',(2.771348908027,0.275656926086,2.483449908945
    ));
#7846 = ADVANCED_FACE('',(#7847),#7873,.T.);
#7847 = FACE_BOUND('',#7848,.T.);
#7848 = EDGE_LOOP('',(#7849,#7856,#7857,#7866));
#7849 = ORIENTED_EDGE('',*,*,#7850,.F.);
#7850 = EDGE_CURVE('',#994,#7851,#7853,.T.);
#7851 = VERTEX_POINT('',#7852);
#7852 = CARTESIAN_POINT('',(2.746920586787,0.459383373686,2.522752758181
    ));
#7853 = B_SPLINE_CURVE_WITH_KNOTS('',1,(#7854,#7855),.UNSPECIFIED.,.F.,
  .F.,(2,2),(0.,1.),.PIECEWISE_BEZIER_KNOTS.);
#7854 = CARTESIAN_POINT('',(2.737057072139,0.457736838297,2.522752758181
    ));
#7855 = CARTESIAN_POINT('',(2.746920586787,0.459383373686,2.522752758181
    ));
#7856 = ORIENTED_EDGE('',*,*,#993,.T.);
#7857 = ORIENTED_EDGE('',*,*,#7858,.T.);
#7858 = EDGE_CURVE('',#983,#7859,#7861,.T.);
#7859 = VERTEX_POINT('',#7860);
#7860 = CARTESIAN_POINT('',(2.747489725369,0.455960740331,2.511003493726
    ));
#7861 = B_SPLINE_CURVE_WITH_KNOTS('',3,(#7862,#7863,#7864,#7865),
  .UNSPECIFIED.,.F.,.F.,(4,4),(0.,1.),.PIECEWISE_BEZIER_KNOTS.);
#7862 = CARTESIAN_POINT('',(2.737651783496,0.454159783381,2.511003493726
    ));
#7863 = CARTESIAN_POINT('',(2.740864588397,0.455160936681,2.510835504427
    ));
#7864 = CARTESIAN_POINT('',(2.744153065366,0.455705940892,2.510835128446
    ));
#7865 = CARTESIAN_POINT('',(2.747489725369,0.455960740331,2.511003493726
    ));
#7866 = ORIENTED_EDGE('',*,*,#7867,.F.);
#7867 = EDGE_CURVE('',#7851,#7859,#7868,.T.);
#7868 = B_SPLINE_CURVE_WITH_KNOTS('',3,(#7869,#7870,#7871,#7872),
  .UNSPECIFIED.,.F.,.F.,(4,4),(0.,1.),.PIECEWISE_BEZIER_KNOTS.);
#7869 = CARTESIAN_POINT('',(2.746920586787,0.459383373686,2.522752758181
    ));
#7870 = CARTESIAN_POINT('',(2.747092402434,0.458354117853,2.518836336696
    ));
#7871 = CARTESIAN_POINT('',(2.747263640648,0.457324765628,2.514919915211
    ));
#7872 = CARTESIAN_POINT('',(2.747489725369,0.455960740331,2.511003493726
    ));
#7873 = B_SPLINE_SURFACE_WITH_KNOTS('',1,3,(
    (#7874,#7875,#7876,#7877)
    ,(#7878,#7879,#7880,#7881
    )),.UNSPECIFIED.,.F.,.F.,.F.,(2,2),(4,4),(0.,1.),(0.,1.),
  .PIECEWISE_BEZIER_KNOTS.);
#7874 = CARTESIAN_POINT('',(2.746920586787,0.459383373686,2.522752758181
    ));
#7875 = CARTESIAN_POINT('',(2.747092402434,0.458354117853,2.518836336696
    ));
#7876 = CARTESIAN_POINT('',(2.747263640648,0.457324765628,2.514919915211
    ));
#7877 = CARTESIAN_POINT('',(2.74743430132,0.456295317659,2.511003493726)
  );
#7878 = CARTESIAN_POINT('',(2.737057072139,0.457736838297,2.522752758181
    ));
#7879 = CARTESIAN_POINT('',(2.737228271959,0.456711271553,2.518836336696
    ));
#7880 = CARTESIAN_POINT('',(2.737398896416,0.455685608762,2.514919915211
    ));
#7881 = CARTESIAN_POINT('',(2.737568945401,0.454659850571,2.511003493726
    ));
#7882 = ADVANCED_FACE('',(#7883),#7901,.T.);
#7883 = FACE_BOUND('',#7884,.T.);
#7884 = EDGE_LOOP('',(#7885,#7886,#7887,#7894));
#7885 = ORIENTED_EDGE('',*,*,#7858,.F.);
#7886 = ORIENTED_EDGE('',*,*,#982,.T.);
#7887 = ORIENTED_EDGE('',*,*,#7888,.T.);
#7888 = EDGE_CURVE('',#985,#7889,#7891,.T.);
#7889 = VERTEX_POINT('',#7890);
#7890 = CARTESIAN_POINT('',(2.748054647815,0.452537408556,2.522960709764
    ));
#7891 = B_SPLINE_CURVE_WITH_KNOTS('',1,(#7892,#7893),.UNSPECIFIED.,.F.,
  .F.,(2,2),(0.,1.),.PIECEWISE_BEZIER_KNOTS.);
#7892 = CARTESIAN_POINT('',(2.738187068432,0.450915410676,2.522960709764
    ));
#7893 = CARTESIAN_POINT('',(2.748054647815,0.452537408556,2.522960709764
    ));
#7894 = ORIENTED_EDGE('',*,*,#7895,.F.);
#7895 = EDGE_CURVE('',#7859,#7889,#7896,.T.);
#7896 = B_SPLINE_CURVE_WITH_KNOTS('',3,(#7897,#7898,#7899,#7900),
  .UNSPECIFIED.,.F.,.F.,(4,4),(0.,1.),.PIECEWISE_BEZIER_KNOTS.);
#7897 = CARTESIAN_POINT('',(2.747489725369,0.455960740331,2.511003493726
    ));
#7898 = CARTESIAN_POINT('',(2.747715559818,0.454596673575,2.514989232406
    ));
#7899 = CARTESIAN_POINT('',(2.747885392652,0.453567088543,2.518974971085
    ));
#7900 = CARTESIAN_POINT('',(2.748054647815,0.452537408556,2.522960709764
    ));
#7901 = B_SPLINE_SURFACE_WITH_KNOTS('',1,3,(
    (#7902,#7903,#7904,#7905)
    ,(#7906,#7907,#7908,#7909
    )),.UNSPECIFIED.,.F.,.F.,.F.,(2,2),(4,4),(0.,1.),(0.,1.),
  .PIECEWISE_BEZIER_KNOTS.);
#7902 = CARTESIAN_POINT('',(2.747545149419,0.455626163003,2.511003493726
    ));
#7903 = CARTESIAN_POINT('',(2.747715559818,0.454596673575,2.514989232406
    ));
#7904 = CARTESIAN_POINT('',(2.747885392652,0.453567088543,2.518974971085
    ));
#7905 = CARTESIAN_POINT('',(2.748054647815,0.452537408556,2.522960709764
    ));
#7906 = CARTESIAN_POINT('',(2.737679396195,0.453993094318,2.511003493726
    ));
#7907 = CARTESIAN_POINT('',(2.737849195804,0.452967294816,2.514989232406
    ));
#7908 = CARTESIAN_POINT('',(2.738018419919,0.451941400054,2.518974971085
    ));
#7909 = CARTESIAN_POINT('',(2.738187068432,0.450915410676,2.522960709764
    ));
#7910 = ADVANCED_FACE('',(#7911),#7929,.T.);
#7911 = FACE_BOUND('',#7912,.T.);
#7912 = EDGE_LOOP('',(#7913,#7914,#7915,#7922));
#7913 = ORIENTED_EDGE('',*,*,#7888,.F.);
#7914 = ORIENTED_EDGE('',*,*,#1103,.T.);
#7915 = ORIENTED_EDGE('',*,*,#7916,.T.);
#7916 = EDGE_CURVE('',#1096,#7917,#7919,.T.);
#7917 = VERTEX_POINT('',#7918);
#7918 = CARTESIAN_POINT('',(2.75397573906,0.414913088827,2.632135290978)
  );
#7919 = B_SPLINE_CURVE_WITH_KNOTS('',1,(#7920,#7921),.UNSPECIFIED.,.F.,
  .F.,(2,2),(0.,1.),.PIECEWISE_BEZIER_KNOTS.);
#7920 = CARTESIAN_POINT('',(2.744086937128,0.413425945139,2.632135290978
    ));
#7921 = CARTESIAN_POINT('',(2.75397573906,0.414913088827,2.632135290978)
  );
#7922 = ORIENTED_EDGE('',*,*,#7923,.F.);
#7923 = EDGE_CURVE('',#7889,#7917,#7924,.T.);
#7924 = B_SPLINE_CURVE_WITH_KNOTS('',3,(#7925,#7926,#7927,#7928),
  .UNSPECIFIED.,.F.,.F.,(4,4),(0.,1.),.PIECEWISE_BEZIER_KNOTS.);
#7925 = CARTESIAN_POINT('',(2.748054647815,0.452537408556,2.522960709764
    ));
#7926 = CARTESIAN_POINT('',(2.750113918964,0.44000963538,2.559352236835)
  );
#7927 = CARTESIAN_POINT('',(2.75208767735,0.427467805924,2.595743763907)
  );
#7928 = CARTESIAN_POINT('',(2.75397573906,0.414913088827,2.632135290978)
  );
#7929 = B_SPLINE_SURFACE_WITH_KNOTS('',1,3,(
    (#7930,#7931,#7932,#7933)
    ,(#7934,#7935,#7936,#7937
    )),.UNSPECIFIED.,.F.,.F.,.F.,(2,2),(4,4),(0.,1.),(0.,1.),
  .PIECEWISE_BEZIER_KNOTS.);
#7930 = CARTESIAN_POINT('',(2.748054647815,0.452537408556,2.522960709764
    ));
#7931 = CARTESIAN_POINT('',(2.750113918965,0.440009635378,2.55935223684)
  );
#7932 = CARTESIAN_POINT('',(2.75208767735,0.427467805926,2.595743763902)
  );
#7933 = CARTESIAN_POINT('',(2.75397573906,0.414913088827,2.632135290978)
  );
#7934 = CARTESIAN_POINT('',(2.738187068432,0.450915410676,2.522960709764
    ));
#7935 = CARTESIAN_POINT('',(2.740238958682,0.438432539911,2.55935223684)
  );
#7936 = CARTESIAN_POINT('',(2.742205642664,0.425935663252,2.595743763902
    ));
#7937 = CARTESIAN_POINT('',(2.744086937128,0.413425945139,2.632135290978
    ));
#7938 = ADVANCED_FACE('',(#7939),#7958,.T.);
#7939 = FACE_BOUND('',#7940,.T.);
#7940 = EDGE_LOOP('',(#7941,#7942,#7943,#7952));
#7941 = ORIENTED_EDGE('',*,*,#7916,.F.);
#7942 = ORIENTED_EDGE('',*,*,#1095,.T.);
#7943 = ORIENTED_EDGE('',*,*,#7944,.T.);
#7944 = EDGE_CURVE('',#1087,#7945,#7947,.T.);
#7945 = VERTEX_POINT('',#7946);
#7946 = CARTESIAN_POINT('',(2.758082809181,0.386617885787,2.632135290978
    ));
#7947 = B_SPLINE_CURVE_WITH_KNOTS('',3,(#7948,#7949,#7950,#7951),
  .UNSPECIFIED.,.F.,.F.,(4,4),(0.,1.),.PIECEWISE_BEZIER_KNOTS.);
#7948 = CARTESIAN_POINT('',(2.748179286567,0.385232158598,2.632135290978
    ));
#7949 = CARTESIAN_POINT('',(2.751480460772,0.385694067661,2.632135290978
    ));
#7950 = CARTESIAN_POINT('',(2.754781634976,0.386155976724,2.632135290978
    ));
#7951 = CARTESIAN_POINT('',(2.758082809181,0.386617885787,2.632135290978
    ));
#7952 = ORIENTED_EDGE('',*,*,#7953,.F.);
#7953 = EDGE_CURVE('',#7917,#7945,#7954,.T.);
#7954 = ( BOUNDED_CURVE() B_SPLINE_CURVE(2,(#7955,#7956,#7957),
.UNSPECIFIED.,.F.,.F.) B_SPLINE_CURVE_WITH_KNOTS((3,3),(2.99232459627,
3.002572569978),.PIECEWISE_BEZIER_KNOTS.) CURVE() 
GEOMETRIC_REPRESENTATION_ITEM() RATIONAL_B_SPLINE_CURVE((1.,
0.999986872408,1.)) REPRESENTATION_ITEM('') );
#7955 = CARTESIAN_POINT('',(2.75397573906,0.414913088827,2.632135290978)
  );
#7956 = CARTESIAN_POINT('',(2.756101766879,0.400776009686,2.632135290978
    ));
#7957 = CARTESIAN_POINT('',(2.758082809181,0.386617885787,2.632135290978
    ));
#7958 = B_SPLINE_SURFACE_WITH_KNOTS('',1,1,(
    (#7959,#7960)
    ,(#7961,#7962
    )),.UNSPECIFIED.,.F.,.F.,.F.,(2,2),(2,2),(2.749086937128,
    2.763082809181),(0.385232158598,0.414913088827),
  .PIECEWISE_BEZIER_KNOTS.);
#7959 = CARTESIAN_POINT('',(2.744086937128,0.385232158598,2.632135290978
    ));
#7960 = CARTESIAN_POINT('',(2.744086937128,0.414913088827,2.632135290978
    ));
#7961 = CARTESIAN_POINT('',(2.758082809181,0.385232158598,2.632135290978
    ));
#7962 = CARTESIAN_POINT('',(2.758082809181,0.414913088827,2.632135290978
    ));
#7963 = ADVANCED_FACE('',(#7964),#7982,.T.);
#7964 = FACE_BOUND('',#7965,.T.);
#7965 = EDGE_LOOP('',(#7966,#7967,#7968,#7975));
#7966 = ORIENTED_EDGE('',*,*,#7944,.F.);
#7967 = ORIENTED_EDGE('',*,*,#1086,.T.);
#7968 = ORIENTED_EDGE('',*,*,#7969,.T.);
#7969 = EDGE_CURVE('',#1078,#7970,#7972,.T.);
#7970 = VERTEX_POINT('',#7971);
#7971 = CARTESIAN_POINT('',(2.74957892118,0.443164717675,2.487193037443)
  );
#7972 = B_SPLINE_CURVE_WITH_KNOTS('',1,(#7973,#7974),.UNSPECIFIED.,.F.,
  .F.,(2,2),(0.,1.),.PIECEWISE_BEZIER_KNOTS.);
#7973 = CARTESIAN_POINT('',(2.739705878452,0.441576313669,2.487193037443
    ));
#7974 = CARTESIAN_POINT('',(2.74957892118,0.443164717675,2.487193037443)
  );
#7975 = ORIENTED_EDGE('',*,*,#7976,.F.);
#7976 = EDGE_CURVE('',#7945,#7970,#7977,.T.);
#7977 = B_SPLINE_CURVE_WITH_KNOTS('',3,(#7978,#7979,#7980,#7981),
  .UNSPECIFIED.,.F.,.F.,(4,4),(0.,1.),.PIECEWISE_BEZIER_KNOTS.);
#7978 = CARTESIAN_POINT('',(2.758082809181,0.386617885787,2.632135290978
    ));
#7979 = CARTESIAN_POINT('',(2.755441442562,0.405495219107,2.583821206466
    ));
#7980 = CARTESIAN_POINT('',(2.752606614763,0.424345482769,2.535507121955
    ));
#7981 = CARTESIAN_POINT('',(2.74957892118,0.443164717675,2.487193037443)
  );
#7982 = B_SPLINE_SURFACE_WITH_KNOTS('',1,3,(
    (#7983,#7984,#7985,#7986)
    ,(#7987,#7988,#7989,#7990
    )),.UNSPECIFIED.,.F.,.F.,.F.,(2,2),(4,4),(0.,1.),(0.,1.),
  .PIECEWISE_BEZIER_KNOTS.);
#7983 = CARTESIAN_POINT('',(2.758082809181,0.386617885787,2.632135290978
    ));
#7984 = CARTESIAN_POINT('',(2.75544144256,0.405495219121,2.583821206431)
  );
#7985 = CARTESIAN_POINT('',(2.752606614765,0.424345482755,2.53550712199)
  );
#7986 = CARTESIAN_POINT('',(2.74957892118,0.443164717675,2.487193037443)
  );
#7987 = CARTESIAN_POINT('',(2.748179286567,0.385232158598,2.632135290978
    ));
#7988 = CARTESIAN_POINT('',(2.74554738721,0.404041831239,2.583821206431)
  );
#7989 = CARTESIAN_POINT('',(2.742722720089,0.422824531204,2.53550712199)
  );
#7990 = CARTESIAN_POINT('',(2.739705878452,0.441576313669,2.487193037443
    ));
#7991 = ADVANCED_FACE('',(#7992),#8010,.T.);
#7992 = FACE_BOUND('',#7993,.T.);
#7993 = EDGE_LOOP('',(#7994,#7995,#7996,#8003));
#7994 = ORIENTED_EDGE('',*,*,#7969,.F.);
#7995 = ORIENTED_EDGE('',*,*,#1077,.T.);
#7996 = ORIENTED_EDGE('',*,*,#7997,.T.);
#7997 = EDGE_CURVE('',#1069,#7998,#8000,.T.);
#7998 = VERTEX_POINT('',#7999);
#7999 = CARTESIAN_POINT('',(2.751338460423,0.432085977082,2.460783186369
    ));
#8000 = B_SPLINE_CURVE_WITH_KNOTS('',1,(#8001,#8002),.UNSPECIFIED.,.F.,
  .F.,(2,2),(0.,1.),.PIECEWISE_BEZIER_KNOTS.);
#8001 = CARTESIAN_POINT('',(2.741459111103,0.430537281823,2.460783186369
    ));
#8002 = CARTESIAN_POINT('',(2.751338460423,0.432085977082,2.460783186369
    ));
#8003 = ORIENTED_EDGE('',*,*,#8004,.F.);
#8004 = EDGE_CURVE('',#7970,#7998,#8005,.T.);
#8005 = B_SPLINE_CURVE_WITH_KNOTS('',3,(#8006,#8007,#8008,#8009),
  .UNSPECIFIED.,.F.,.F.,(4,4),(0.,1.),.PIECEWISE_BEZIER_KNOTS.);
#8006 = CARTESIAN_POINT('',(2.74957892118,0.443164717675,2.487193037443)
  );
#8007 = CARTESIAN_POINT('',(2.750172857421,0.4394729882,2.478389753752)
  );
#8008 = CARTESIAN_POINT('',(2.750759372082,0.435780064719,2.46958647006)
  );
#8009 = CARTESIAN_POINT('',(2.751338460423,0.432085977082,2.460783186369
    ));
#8010 = B_SPLINE_SURFACE_WITH_KNOTS('',1,3,(
    (#8011,#8012,#8013,#8014)
    ,(#8015,#8016,#8017,#8018
    )),.UNSPECIFIED.,.F.,.F.,.F.,(2,2),(4,4),(0.,1.),(0.,1.),
  .PIECEWISE_BEZIER_KNOTS.);
#8011 = CARTESIAN_POINT('',(2.74957892118,0.443164717675,2.487193037443)
  );
#8012 = CARTESIAN_POINT('',(2.750172857421,0.4394729882,2.478389753752)
  );
#8013 = CARTESIAN_POINT('',(2.750759372082,0.435780064719,2.46958647006)
  );
#8014 = CARTESIAN_POINT('',(2.751338460423,0.432085977082,2.460783186369
    ));
#8015 = CARTESIAN_POINT('',(2.739705878452,0.441576313669,2.487193037443
    ));
#8016 = CARTESIAN_POINT('',(2.740297685889,0.437897816199,2.478389753752
    ));
#8017 = CARTESIAN_POINT('',(2.740882098347,0.434218129003,2.46958647006)
  );
#8018 = CARTESIAN_POINT('',(2.741459111103,0.430537281823,2.460783186369
    ));
#8019 = ADVANCED_FACE('',(#8020),#8038,.T.);
#8020 = FACE_BOUND('',#8021,.T.);
#8021 = EDGE_LOOP('',(#8022,#8023,#8024,#8031));
#8022 = ORIENTED_EDGE('',*,*,#7997,.F.);
#8023 = ORIENTED_EDGE('',*,*,#1068,.T.);
#8024 = ORIENTED_EDGE('',*,*,#8025,.T.);
#8025 = EDGE_CURVE('',#1060,#8026,#8028,.T.);
#8026 = VERTEX_POINT('',#8027);
#8027 = CARTESIAN_POINT('',(2.755273806229,0.40618778249,2.440300187535)
  );
#8028 = B_SPLINE_CURVE_WITH_KNOTS('',1,(#8029,#8030),.UNSPECIFIED.,.F.,
  .F.,(2,2),(0.,1.),.PIECEWISE_BEZIER_KNOTS.);
#8029 = CARTESIAN_POINT('',(2.745379803377,0.404735638631,2.440299955417
    ));
#8030 = CARTESIAN_POINT('',(2.755273806229,0.40618778249,2.440300187535)
  );
#8031 = ORIENTED_EDGE('',*,*,#8032,.F.);
#8032 = EDGE_CURVE('',#7998,#8026,#8033,.T.);
#8033 = B_SPLINE_CURVE_WITH_KNOTS('',3,(#8034,#8035,#8036,#8037),
  .UNSPECIFIED.,.F.,.F.,(4,4),(0.,1.),.PIECEWISE_BEZIER_KNOTS.);
#8034 = CARTESIAN_POINT('',(2.751338460423,0.432085977082,2.460783186369
    ));
#8035 = CARTESIAN_POINT('',(2.752301096827,0.425945181304,2.447406159243
    ));
#8036 = CARTESIAN_POINT('',(2.75327088969,0.419798595767,2.441274499054)
  );
#8037 = CARTESIAN_POINT('',(2.755273806229,0.40618778249,2.440300187535)
  );
#8038 = B_SPLINE_SURFACE_WITH_KNOTS('',1,3,(
    (#8039,#8040,#8041,#8042)
    ,(#8043,#8044,#8045,#8046
    )),.UNSPECIFIED.,.F.,.F.,.F.,(2,2),(4,4),(0.,1.),(0.,1.),
  .PIECEWISE_BEZIER_KNOTS.);
#8039 = CARTESIAN_POINT('',(2.751338460423,0.432085977082,2.460783186369
    ));
#8040 = CARTESIAN_POINT('',(2.752273900437,0.426118670981,2.447784086829
    ));
#8041 = CARTESIAN_POINT('',(2.753191691097,0.420336789566,2.441313044693
    ));
#8042 = CARTESIAN_POINT('',(2.755273255907,0.406191522223,2.440299955417
    ));
#8043 = CARTESIAN_POINT('',(2.741459111103,0.430537281823,2.460783186369
    ));
#8044 = CARTESIAN_POINT('',(2.742391174283,0.42459151703,2.447784421569)
  );
#8045 = CARTESIAN_POINT('',(2.743305704544,0.41883017095,2.441313042167)
  );
#8046 = CARTESIAN_POINT('',(2.745379803377,0.404735638631,2.440299955417
    ));
#8047 = ADVANCED_FACE('',(#8048),#8066,.T.);
#8048 = FACE_BOUND('',#8049,.T.);
#8049 = EDGE_LOOP('',(#8050,#8051,#8052,#8059));
#8050 = ORIENTED_EDGE('',*,*,#8025,.F.);
#8051 = ORIENTED_EDGE('',*,*,#1059,.T.);
#8052 = ORIENTED_EDGE('',*,*,#8053,.T.);
#8053 = EDGE_CURVE('',#1053,#8054,#8056,.T.);
#8054 = VERTEX_POINT('',#8055);
#8055 = CARTESIAN_POINT('',(2.757347649209,0.391836017879,2.443211277583
    ));
#8056 = B_SPLINE_CURVE_WITH_KNOTS('',1,(#8057,#8058),.UNSPECIFIED.,.F.,
  .F.,(2,2),(0.,1.),.PIECEWISE_BEZIER_KNOTS.);
#8057 = CARTESIAN_POINT('',(2.747446761578,0.390431587707,2.443211277583
    ));
#8058 = CARTESIAN_POINT('',(2.757347649209,0.391836017879,2.443211277583
    ));
#8059 = ORIENTED_EDGE('',*,*,#8060,.F.);
#8060 = EDGE_CURVE('',#8026,#8054,#8061,.T.);
#8061 = B_SPLINE_CURVE_WITH_KNOTS('',3,(#8062,#8063,#8064,#8065),
  .UNSPECIFIED.,.F.,.F.,(4,4),(2.463631693447E-04,1.),
  .PIECEWISE_BEZIER_KNOTS.);
#8062 = CARTESIAN_POINT('',(2.755273806229,0.40618778249,2.440300187535)
  );
#8063 = CARTESIAN_POINT('',(2.756018187634,0.401129293336,2.440614324251
    ));
#8064 = CARTESIAN_POINT('',(2.75670803476,0.396345142586,2.441584687602)
  );
#8065 = CARTESIAN_POINT('',(2.757347649209,0.391836017879,2.443211277583
    ));
#8066 = B_SPLINE_SURFACE_WITH_KNOTS('',1,3,(
    (#8067,#8068,#8069,#8070)
    ,(#8071,#8072,#8073,#8074
    )),.UNSPECIFIED.,.F.,.F.,.F.,(2,2),(4,4),(0.,1.),(0.,1.),
  .PIECEWISE_BEZIER_KNOTS.);
#8067 = CARTESIAN_POINT('',(2.755273255907,0.406191522223,2.440299955417
    ));
#8068 = CARTESIAN_POINT('',(2.75601784778,0.40113165041,2.4406138461));
#8069 = CARTESIAN_POINT('',(2.756707877248,0.396346253014,2.441584287035
    ));
#8070 = CARTESIAN_POINT('',(2.757347649209,0.391836017879,2.443211277583
    ));
#8071 = CARTESIAN_POINT('',(2.745379803377,0.404735638631,2.440299955417
    ));
#8072 = CARTESIAN_POINT('',(2.746121726462,0.399693902558,2.4406138461)
  );
#8073 = CARTESIAN_POINT('',(2.746809282705,0.394925657126,2.441584287034
    ));
#8074 = CARTESIAN_POINT('',(2.747446761578,0.390431587707,2.443211277583
    ));
#8075 = ADVANCED_FACE('',(#8076),#8094,.T.);
#8076 = FACE_BOUND('',#8077,.T.);
#8077 = EDGE_LOOP('',(#8078,#8079,#8080,#8089));
#8078 = ORIENTED_EDGE('',*,*,#8053,.F.);
#8079 = ORIENTED_EDGE('',*,*,#1052,.T.);
#8080 = ORIENTED_EDGE('',*,*,#8081,.T.);
#8081 = EDGE_CURVE('',#1044,#8082,#8084,.T.);
#8082 = VERTEX_POINT('',#8083);
#8083 = CARTESIAN_POINT('',(2.757347649209,0.391836017879,2.420544555007
    ));
#8084 = B_SPLINE_CURVE_WITH_KNOTS('',3,(#8085,#8086,#8087,#8088),
  .UNSPECIFIED.,.F.,.F.,(4,4),(0.,1.),.PIECEWISE_BEZIER_KNOTS.);
#8085 = CARTESIAN_POINT('',(2.747446761578,0.390431587707,2.420544555007
    ));
#8086 = CARTESIAN_POINT('',(2.750747057455,0.390899731098,2.420544555007
    ));
#8087 = CARTESIAN_POINT('',(2.754047353332,0.391367874488,2.420544555007
    ));
#8088 = CARTESIAN_POINT('',(2.757347649209,0.391836017879,2.420544555007
    ));
#8089 = ORIENTED_EDGE('',*,*,#8090,.F.);
#8090 = EDGE_CURVE('',#8054,#8082,#8091,.T.);
#8091 = B_SPLINE_CURVE_WITH_KNOTS('',1,(#8092,#8093),.UNSPECIFIED.,.F.,
  .F.,(2,2),(5.086788822417,5.109455544993),.PIECEWISE_BEZIER_KNOTS.);
#8092 = CARTESIAN_POINT('',(2.757347649209,0.391836017879,2.443211277583
    ));
#8093 = CARTESIAN_POINT('',(2.757347649209,0.391836017879,2.420544555007
    ));
#8094 = B_SPLINE_SURFACE_WITH_KNOTS('',1,1,(
    (#8095,#8096)
    ,(#8097,#8098
    )),.UNSPECIFIED.,.F.,.F.,.F.,(2,2),(2,2),(-1.133336128811E-02,
    1.133336128811E-02),(-4.440892098501E-16,1.E-02),
  .PIECEWISE_BEZIER_KNOTS.);
#8095 = CARTESIAN_POINT('',(2.747446761578,0.390431587707,2.443211277583
    ));
#8096 = CARTESIAN_POINT('',(2.757347649209,0.391836017879,2.443211277583
    ));
#8097 = CARTESIAN_POINT('',(2.747446761578,0.390431587707,2.420544555007
    ));
#8098 = CARTESIAN_POINT('',(2.757347649209,0.391836017879,2.420544555007
    ));
#8099 = ADVANCED_FACE('',(#8100),#8118,.T.);
#8100 = FACE_BOUND('',#8101,.T.);
#8101 = EDGE_LOOP('',(#8102,#8103,#8104,#8111));
#8102 = ORIENTED_EDGE('',*,*,#8081,.F.);
#8103 = ORIENTED_EDGE('',*,*,#1043,.T.);
#8104 = ORIENTED_EDGE('',*,*,#8105,.T.);
#8105 = EDGE_CURVE('',#1029,#8106,#8108,.T.);
#8106 = VERTEX_POINT('',#8107);
#8107 = CARTESIAN_POINT('',(2.754982880188,0.408159896446,2.418465348918
    ));
#8108 = B_SPLINE_CURVE_WITH_KNOTS('',1,(#8109,#8110),.UNSPECIFIED.,.F.,
  .F.,(2,2),(0.,1.),.PIECEWISE_BEZIER_KNOTS.);
#8109 = CARTESIAN_POINT('',(2.745091493312,0.406690027435,2.418465039174
    ));
#8110 = CARTESIAN_POINT('',(2.754982880188,0.408159896446,2.418465348918
    ));
#8111 = ORIENTED_EDGE('',*,*,#8112,.F.);
#8112 = EDGE_CURVE('',#8082,#8106,#8113,.T.);
#8113 = B_SPLINE_CURVE_WITH_KNOTS('',3,(#8114,#8115,#8116,#8117),
  .UNSPECIFIED.,.F.,.F.,(4,4),(0.,1.),.PIECEWISE_BEZIER_KNOTS.);
#8114 = CARTESIAN_POINT('',(2.757347649209,0.391836017879,2.420544555007
    ));
#8115 = CARTESIAN_POINT('',(2.756699769236,0.3964034125,2.419331148357)
  );
#8116 = CARTESIAN_POINT('',(2.755917013163,0.401843166387,2.418637976413
    ));
#8117 = CARTESIAN_POINT('',(2.754982880188,0.408159896446,2.418465348918
    ));
#8118 = B_SPLINE_SURFACE_WITH_KNOTS('',1,3,(
    (#8119,#8120,#8121,#8122)
    ,(#8123,#8124,#8125,#8126
    )),.UNSPECIFIED.,.F.,.F.,.F.,(2,2),(4,4),(0.,1.),(0.,1.),
  .PIECEWISE_BEZIER_KNOTS.);
#8119 = CARTESIAN_POINT('',(2.757347649209,0.391836017879,2.420544555007
    ));
#8120 = CARTESIAN_POINT('',(2.756699769839,0.39640340825,2.419331149486)
  );
#8121 = CARTESIAN_POINT('',(2.755917013472,0.401843164294,2.41863797647)
  );
#8122 = CARTESIAN_POINT('',(2.754983908755,0.408152941203,2.418465039174
    ));
#8123 = CARTESIAN_POINT('',(2.747446761578,0.390431587707,2.420544555007
    ));
#8124 = CARTESIAN_POINT('',(2.746801204355,0.394982607508,2.419331149485
    ));
#8125 = CARTESIAN_POINT('',(2.746021253568,0.400402866211,2.41863797647)
  );
#8126 = CARTESIAN_POINT('',(2.745091493312,0.406690027435,2.418465039174
    ));
#8127 = ADVANCED_FACE('',(#8128),#8150,.T.);
#8128 = FACE_BOUND('',#8129,.T.);
#8129 = EDGE_LOOP('',(#8130,#8131,#8132,#8139));
#8130 = ORIENTED_EDGE('',*,*,#8105,.F.);
#8131 = ORIENTED_EDGE('',*,*,#1028,.T.);
#8132 = ORIENTED_EDGE('',*,*,#8133,.T.);
#8133 = EDGE_CURVE('',#1020,#8134,#8136,.T.);
#8134 = VERTEX_POINT('',#8135);
#8135 = CARTESIAN_POINT('',(2.746894810109,0.459537761338,2.464942218035
    ));
#8136 = B_SPLINE_CURVE_WITH_KNOTS('',1,(#8137,#8138),.UNSPECIFIED.,.F.,
  .F.,(2,2),(0.,1.),.PIECEWISE_BEZIER_KNOTS.);
#8137 = CARTESIAN_POINT('',(2.73703138785,0.457890672588,2.464942218035)
  );
#8138 = CARTESIAN_POINT('',(2.746894810109,0.459537761338,2.464942218035
    ));
#8139 = ORIENTED_EDGE('',*,*,#8140,.F.);
#8140 = EDGE_CURVE('',#8106,#8134,#8141,.T.);
#8141 = B_SPLINE_CURVE_WITH_KNOTS('',3,(#8142,#8143,#8144,#8145,#8146,
    #8147,#8148,#8149),.UNSPECIFIED.,.F.,.F.,(4,2,2,4),(
    8.898405140307E-05,0.250066738039,0.500044492026,1.),.UNSPECIFIED.);
#8142 = CARTESIAN_POINT('',(2.754982880188,0.408159896446,2.418465348918
    ));
#8143 = CARTESIAN_POINT('',(2.75401973565,0.414672693172,2.418755783849)
  );
#8144 = CARTESIAN_POINT('',(2.753112475149,0.420649375561,2.420132540974
    ));
#8145 = CARTESIAN_POINT('',(2.751430526634,0.431533399137,2.425058699612
    ));
#8146 = CARTESIAN_POINT('',(2.750497554798,0.437429961878,2.429656625565
    ));
#8147 = CARTESIAN_POINT('',(2.748873059604,0.447582568659,2.440416542958
    ));
#8148 = CARTESIAN_POINT('',(2.747849076662,0.453823233835,2.450982860737
    ));
#8149 = CARTESIAN_POINT('',(2.746894810109,0.459537761338,2.464942218035
    ));
#8150 = B_SPLINE_SURFACE_WITH_KNOTS('',1,3,(
    (#8151,#8152,#8153,#8154,#8155,#8156,#8157,#8158,#8159,#8160)
    ,(#8161,#8162,#8163,#8164,#8165,#8166,#8167,#8168,#8169,#8170
  )),.UNSPECIFIED.,.F.,.F.,.F.,(2,2),(4,2,2,2,4),(0.,1.),(0.,0.25,0.375,
    0.5,1.),.UNSPECIFIED.);
#8151 = CARTESIAN_POINT('',(2.754983908755,0.408152941203,2.418465039174
    ));
#8152 = CARTESIAN_POINT('',(2.754020638229,0.414666703287,2.418754726671
    ));
#8153 = CARTESIAN_POINT('',(2.753113258875,0.420644246973,2.420130929358
    ));
#8154 = CARTESIAN_POINT('',(2.75185163226,0.428808419379,2.423825006986)
  );
#8155 = CARTESIAN_POINT('',(2.751447634708,0.431396116469,2.425327995083
    ));
#8156 = CARTESIAN_POINT('',(2.750674980144,0.436304453338,2.428877229052
    ));
#8157 = CARTESIAN_POINT('',(2.750227121448,0.439120081927,2.431448021518
    ));
#8158 = CARTESIAN_POINT('',(2.748873241884,0.447581457919,2.44041466235)
  );
#8159 = CARTESIAN_POINT('',(2.747849161469,0.453822725981,2.450981620158
    ));
#8160 = CARTESIAN_POINT('',(2.746894810109,0.459537761338,2.464942218035
    ));
#8161 = CARTESIAN_POINT('',(2.745091493312,0.406690027435,2.418465039174
    ));
#8162 = CARTESIAN_POINT('',(2.744131675368,0.413180442702,2.418754726671
    ));
#8163 = CARTESIAN_POINT('',(2.74322754827,0.4191365615,2.420130929358));
#8164 = CARTESIAN_POINT('',(2.741970443614,0.427271471639,2.423825006986
    ));
#8165 = CARTESIAN_POINT('',(2.741567894082,0.429849893829,2.425327995083
    ));
#8166 = CARTESIAN_POINT('',(2.740798008889,0.434740638093,2.428877229052
    ));
#8167 = CARTESIAN_POINT('',(2.740351755421,0.437546174823,2.431448021518
    ));
#8168 = CARTESIAN_POINT('',(2.739002728472,0.445977223303,2.44041466235)
  );
#8169 = CARTESIAN_POINT('',(2.737982318597,0.452196121224,2.450981620147
    ));
#8170 = CARTESIAN_POINT('',(2.73703138785,0.457890672588,2.464942218035)
  );
#8171 = ADVANCED_FACE('',(#8172),#8190,.T.);
#8172 = FACE_BOUND('',#8173,.T.);
#8173 = EDGE_LOOP('',(#8174,#8175,#8176,#8183));
#8174 = ORIENTED_EDGE('',*,*,#8133,.F.);
#8175 = ORIENTED_EDGE('',*,*,#1019,.T.);
#8176 = ORIENTED_EDGE('',*,*,#8177,.T.);
#8177 = EDGE_CURVE('',#1012,#8178,#8180,.T.);
#8178 = VERTEX_POINT('',#8179);
#8179 = CARTESIAN_POINT('',(2.735225425498,0.524656666262,2.632135290978
    ));
#8180 = B_SPLINE_CURVE_WITH_KNOTS('',1,(#8181,#8182),.UNSPECIFIED.,.F.,
  .F.,(2,2),(0.,1.),.PIECEWISE_BEZIER_KNOTS.);
#8181 = CARTESIAN_POINT('',(2.725403828991,0.522776176419,2.632135290978
    ));
#8182 = CARTESIAN_POINT('',(2.735225425498,0.524656666262,2.632135290978
    ));
#8183 = ORIENTED_EDGE('',*,*,#8184,.F.);
#8184 = EDGE_CURVE('',#8134,#8178,#8185,.T.);
#8185 = B_SPLINE_CURVE_WITH_KNOTS('',3,(#8186,#8187,#8188,#8189),
  .UNSPECIFIED.,.F.,.F.,(4,4),(0.,1.),.PIECEWISE_BEZIER_KNOTS.);
#8186 = CARTESIAN_POINT('',(2.746894810109,0.459537761338,2.464942218035
    ));
#8187 = CARTESIAN_POINT('',(2.743262552459,0.481289164195,2.520673242349
    ));
#8188 = CARTESIAN_POINT('',(2.739372393059,0.502997500029,2.576404266663
    ));
#8189 = CARTESIAN_POINT('',(2.735225425498,0.524656666262,2.632135290978
    ));
#8190 = B_SPLINE_SURFACE_WITH_KNOTS('',1,3,(
    (#8191,#8192,#8193,#8194)
    ,(#8195,#8196,#8197,#8198
    )),.UNSPECIFIED.,.F.,.F.,.F.,(2,2),(4,4),(0.,1.),(0.,1.),
  .PIECEWISE_BEZIER_KNOTS.);
#8191 = CARTESIAN_POINT('',(2.746894810109,0.459537761338,2.464942218035
    ));
#8192 = CARTESIAN_POINT('',(2.743262552455,0.481289164224,2.520673242422
    ));
#8193 = CARTESIAN_POINT('',(2.739372393065,0.502997500001,2.57640426659)
  );
#8194 = CARTESIAN_POINT('',(2.735225425498,0.524656666262,2.632135290978
    ));
#8195 = CARTESIAN_POINT('',(2.73703138785,0.457890672588,2.464942218035)
  );
#8196 = CARTESIAN_POINT('',(2.733412149041,0.479564113456,2.520673242422
    ));
#8197 = CARTESIAN_POINT('',(2.729535932875,0.501194641578,2.576404266591
    ));
#8198 = CARTESIAN_POINT('',(2.725403828991,0.522776176419,2.632135290978
    ));
#8199 = ADVANCED_FACE('',(#8200),#8219,.T.);
#8200 = FACE_BOUND('',#8201,.T.);
#8201 = EDGE_LOOP('',(#8202,#8203,#8204,#8213));
#8202 = ORIENTED_EDGE('',*,*,#8177,.F.);
#8203 = ORIENTED_EDGE('',*,*,#1011,.T.);
#8204 = ORIENTED_EDGE('',*,*,#8205,.T.);
#8205 = EDGE_CURVE('',#1003,#8206,#8208,.T.);
#8206 = VERTEX_POINT('',#8207);
#8207 = CARTESIAN_POINT('',(2.740085910404,0.498601388387,2.632135290978
    ));
#8208 = B_SPLINE_CURVE_WITH_KNOTS('',3,(#8209,#8210,#8211,#8212),
  .UNSPECIFIED.,.F.,.F.,(4,4),(0.,1.),.PIECEWISE_BEZIER_KNOTS.);
#8209 = CARTESIAN_POINT('',(2.730246892804,0.496814286637,2.632135290978
    ));
#8210 = CARTESIAN_POINT('',(2.733526565337,0.49740998722,2.632135290978)
  );
#8211 = CARTESIAN_POINT('',(2.736806237871,0.498005687804,2.632135290978
    ));
#8212 = CARTESIAN_POINT('',(2.740085910404,0.498601388387,2.632135290978
    ));
#8213 = ORIENTED_EDGE('',*,*,#8214,.F.);
#8214 = EDGE_CURVE('',#8178,#8206,#8215,.T.);
#8215 = ( BOUNDED_CURVE() B_SPLINE_CURVE(2,(#8216,#8217,#8218),
.UNSPECIFIED.,.F.,.F.) B_SPLINE_CURVE_WITH_KNOTS((3,3),(2.952417340993,
2.961917287422),.PIECEWISE_BEZIER_KNOTS.) CURVE() 
GEOMETRIC_REPRESENTATION_ITEM() RATIONAL_B_SPLINE_CURVE((1.,
0.999988718898,1.)) REPRESENTATION_ITEM('') );
#8216 = CARTESIAN_POINT('',(2.735225425498,0.524656666262,2.632135290978
    ));
#8217 = CARTESIAN_POINT('',(2.737717549352,0.511640570998,2.632135290978
    ));
#8218 = CARTESIAN_POINT('',(2.740085910404,0.498601388387,2.632135290978
    ));
#8219 = B_SPLINE_SURFACE_WITH_KNOTS('',1,1,(
    (#8220,#8221)
    ,(#8222,#8223
    )),.UNSPECIFIED.,.F.,.F.,.F.,(2,2),(2,2),(2.730403828991,
    2.745085910404),(0.496814286637,0.524656666262),
  .PIECEWISE_BEZIER_KNOTS.);
#8220 = CARTESIAN_POINT('',(2.725403828991,0.496814286637,2.632135290978
    ));
#8221 = CARTESIAN_POINT('',(2.725403828991,0.524656666262,2.632135290978
    ));
#8222 = CARTESIAN_POINT('',(2.740085910404,0.496814286637,2.632135290978
    ));
#8223 = CARTESIAN_POINT('',(2.740085910404,0.524656666262,2.632135290978
    ));
#8224 = ADVANCED_FACE('',(#8225),#8237,.T.);
#8225 = FACE_BOUND('',#8226,.T.);
#8226 = EDGE_LOOP('',(#8227,#8228,#8229,#8236));
#8227 = ORIENTED_EDGE('',*,*,#1002,.T.);
#8228 = ORIENTED_EDGE('',*,*,#7850,.T.);
#8229 = ORIENTED_EDGE('',*,*,#8230,.F.);
#8230 = EDGE_CURVE('',#8206,#7851,#8231,.T.);
#8231 = B_SPLINE_CURVE_WITH_KNOTS('',3,(#8232,#8233,#8234,#8235),
  .UNSPECIFIED.,.F.,.F.,(4,4),(0.,1.),.PIECEWISE_BEZIER_KNOTS.);
#8232 = CARTESIAN_POINT('',(2.740085910404,0.498601388387,2.632135290978
    ));
#8233 = CARTESIAN_POINT('',(2.742457361706,0.485545192181,2.595674446712
    ));
#8234 = CARTESIAN_POINT('',(2.744735664472,0.472472077027,2.559213602447
    ));
#8235 = CARTESIAN_POINT('',(2.746920586787,0.459383373686,2.522752758181
    ));
#8236 = ORIENTED_EDGE('',*,*,#8205,.F.);
#8237 = B_SPLINE_SURFACE_WITH_KNOTS('',1,3,(
    (#8238,#8239,#8240,#8241)
    ,(#8242,#8243,#8244,#8245
    )),.UNSPECIFIED.,.F.,.F.,.F.,(2,2),(4,4),(0.,1.),(0.,1.),
  .PIECEWISE_BEZIER_KNOTS.);
#8238 = CARTESIAN_POINT('',(2.740085910404,0.498601388387,2.632135290978
    ));
#8239 = CARTESIAN_POINT('',(2.742457361706,0.485545192179,2.595674446707
    ));
#8240 = CARTESIAN_POINT('',(2.744735664472,0.472472077029,2.559213602452
    ));
#8241 = CARTESIAN_POINT('',(2.746920586787,0.459383373686,2.522752758181
    ));
#8242 = CARTESIAN_POINT('',(2.730246892804,0.496814286637,2.632135290978
    ));
#8243 = CARTESIAN_POINT('',(2.732609844281,0.483804886831,2.595674446707
    ));
#8244 = CARTESIAN_POINT('',(2.734879981087,0.470778628724,2.559213602452
    ));
#8245 = CARTESIAN_POINT('',(2.737057072139,0.457736838297,2.522752758181
    ));
#8246 = ADVANCED_FACE('',(#8247),#8263,.T.);
#8247 = FACE_BOUND('',#8248,.T.);
#8248 = EDGE_LOOP('',(#8249,#8250,#8251,#8252,#8253,#8254,#8255,#8256,
    #8257,#8258,#8259,#8260,#8261,#8262));
#8249 = ORIENTED_EDGE('',*,*,#8214,.T.);
#8250 = ORIENTED_EDGE('',*,*,#8230,.T.);
#8251 = ORIENTED_EDGE('',*,*,#7867,.T.);
#8252 = ORIENTED_EDGE('',*,*,#7895,.T.);
#8253 = ORIENTED_EDGE('',*,*,#7923,.T.);
#8254 = ORIENTED_EDGE('',*,*,#7953,.T.);
#8255 = ORIENTED_EDGE('',*,*,#7976,.T.);
#8256 = ORIENTED_EDGE('',*,*,#8004,.T.);
#8257 = ORIENTED_EDGE('',*,*,#8032,.T.);
#8258 = ORIENTED_EDGE('',*,*,#8060,.T.);
#8259 = ORIENTED_EDGE('',*,*,#8090,.T.);
#8260 = ORIENTED_EDGE('',*,*,#8112,.T.);
#8261 = ORIENTED_EDGE('',*,*,#8140,.T.);
#8262 = ORIENTED_EDGE('',*,*,#8184,.T.);
#8263 = ( BOUNDED_SURFACE() B_SPLINE_SURFACE(2,1,(
    (#8264,#8265)
    ,(#8266,#8267)
    ,(#8268,#8269
)),.UNSPECIFIED.,.F.,.F.,.F.) B_SPLINE_SURFACE_WITH_KNOTS((3,3),(2,2),(
    2.952417340993,3.002572569978),(4.897864809022,5.111534751082),
.PIECEWISE_BEZIER_KNOTS.) GEOMETRIC_REPRESENTATION_ITEM() 
RATIONAL_B_SPLINE_SURFACE((
    (1.,1.)
    ,(0.999685573104,0.999685573104)
,(1.,1.))) REPRESENTATION_ITEM('') SURFACE() );
#8264 = CARTESIAN_POINT('',(2.735225425498,0.524656666262,2.632135290978
    ));
#8265 = CARTESIAN_POINT('',(2.735225425498,0.524656666262,2.418465348918
    ));
#8266 = CARTESIAN_POINT('',(2.748385321926,0.455923940448,2.632135290978
    ));
#8267 = CARTESIAN_POINT('',(2.748385321926,0.455923940448,2.418465348918
    ));
#8268 = CARTESIAN_POINT('',(2.758082809181,0.386617885787,2.632135290978
    ));
#8269 = CARTESIAN_POINT('',(2.758082809181,0.386617885787,2.418465348918
    ));
#8270 = ADVANCED_FACE('',(#8271),#8293,.T.);
#8271 = FACE_BOUND('',#8272,.T.);
#8272 = EDGE_LOOP('',(#8273,#8280,#8281,#8288));
#8273 = ORIENTED_EDGE('',*,*,#8274,.F.);
#8274 = EDGE_CURVE('',#1123,#8275,#8277,.T.);
#8275 = VERTEX_POINT('',#8276);
#8276 = CARTESIAN_POINT('',(2.724579561544,0.577490620877,2.510067711603
    ));
#8277 = B_SPLINE_CURVE_WITH_KNOTS('',1,(#8278,#8279),.UNSPECIFIED.,.F.,
  .F.,(2,2),(0.,1.E-02),.PIECEWISE_BEZIER_KNOTS.);
#8278 = CARTESIAN_POINT('',(2.714796122255,0.575420762021,2.510067711603
    ));
#8279 = CARTESIAN_POINT('',(2.724579561544,0.577490620877,2.510067711603
    ));
#8280 = ORIENTED_EDGE('',*,*,#1122,.T.);
#8281 = ORIENTED_EDGE('',*,*,#8282,.T.);
#8282 = EDGE_CURVE('',#1115,#8283,#8285,.T.);
#8283 = VERTEX_POINT('',#8284);
#8284 = CARTESIAN_POINT('',(2.724579561544,0.577490620877,2.578483782496
    ));
#8285 = B_SPLINE_CURVE_WITH_KNOTS('',1,(#8286,#8287),.UNSPECIFIED.,.F.,
  .F.,(2,2),(0.,1.E-02),.PIECEWISE_BEZIER_KNOTS.);
#8286 = CARTESIAN_POINT('',(2.714796122255,0.575420762021,2.578483782496
    ));
#8287 = CARTESIAN_POINT('',(2.724579561544,0.577490620877,2.578483782496
    ));
#8288 = ORIENTED_EDGE('',*,*,#8289,.F.);
#8289 = EDGE_CURVE('',#8275,#8283,#8290,.T.);
#8290 = B_SPLINE_CURVE_WITH_KNOTS('',1,(#8291,#8292),.UNSPECIFIED.,.F.,
  .F.,(2,2),(-5.019932388397,-4.951516317504),.PIECEWISE_BEZIER_KNOTS.);
#8291 = CARTESIAN_POINT('',(2.724579561544,0.577490620877,2.510067711603
    ));
#8292 = CARTESIAN_POINT('',(2.724579561544,0.577490620877,2.578483782496
    ));
#8293 = B_SPLINE_SURFACE_WITH_KNOTS('',1,1,(
    (#8294,#8295)
    ,(#8296,#8297
    )),.UNSPECIFIED.,.F.,.F.,.F.,(2,2),(2,2),(-3.420803544666E-02,
    3.420803544666E-02),(-4.574520319316E-16,1.E-02),
  .PIECEWISE_BEZIER_KNOTS.);
#8294 = CARTESIAN_POINT('',(2.714796122255,0.575420762021,2.510067711603
    ));
#8295 = CARTESIAN_POINT('',(2.724579561544,0.577490620877,2.510067711603
    ));
#8296 = CARTESIAN_POINT('',(2.714796122255,0.575420762021,2.578483782496
    ));
#8297 = CARTESIAN_POINT('',(2.724579561544,0.577490620877,2.578483782496
    ));
#8298 = ADVANCED_FACE('',(#8299),#8316,.F.);
#8299 = FACE_BOUND('',#8300,.T.);
#8300 = EDGE_LOOP('',(#8301,#8302,#8303,#8310));
#8301 = ORIENTED_EDGE('',*,*,#8282,.F.);
#8302 = ORIENTED_EDGE('',*,*,#1112,.F.);
#8303 = ORIENTED_EDGE('',*,*,#8304,.T.);
#8304 = EDGE_CURVE('',#1113,#8305,#8307,.T.);
#8305 = VERTEX_POINT('',#8306);
#8306 = CARTESIAN_POINT('',(2.708538733125,0.648696804238,2.578483782496
    ));
#8307 = B_SPLINE_CURVE_WITH_KNOTS('',1,(#8308,#8309),.UNSPECIFIED.,.F.,
  .F.,(2,2),(0.,1.E-02),.PIECEWISE_BEZIER_KNOTS.);
#8308 = CARTESIAN_POINT('',(2.698812787845,0.646371726086,2.578483782496
    ));
#8309 = CARTESIAN_POINT('',(2.708538733125,0.648696804238,2.578483782496
    ));
#8310 = ORIENTED_EDGE('',*,*,#8311,.T.);
#8311 = EDGE_CURVE('',#8305,#8283,#8312,.T.);
#8312 = ( BOUNDED_CURVE() B_SPLINE_CURVE(2,(#8313,#8314,#8315),
.UNSPECIFIED.,.F.,.F.) B_SPLINE_CURVE_WITH_KNOTS((3,3),(2.906937282495,
2.93309953654),.PIECEWISE_BEZIER_KNOTS.) CURVE() 
GEOMETRIC_REPRESENTATION_ITEM() RATIONAL_B_SPLINE_CURVE((1.,
0.999914443278,1.)) REPRESENTATION_ITEM('') );
#8313 = CARTESIAN_POINT('',(2.708538733125,0.648696804238,2.578483782496
    ));
#8314 = CARTESIAN_POINT('',(2.717024902466,0.613198634599,2.578483782496
    ));
#8315 = CARTESIAN_POINT('',(2.724579561544,0.577490620877,2.578483782496
    ));
#8316 = B_SPLINE_SURFACE_WITH_KNOTS('',1,1,(
    (#8317,#8318)
    ,(#8319,#8320
    )),.UNSPECIFIED.,.F.,.F.,.F.,(2,2),(2,2),(2.703812787845,
    2.729579561544),(0.575420762021,0.648696804238),
  .PIECEWISE_BEZIER_KNOTS.);
#8317 = CARTESIAN_POINT('',(2.698812787845,0.575420762021,2.578483782496
    ));
#8318 = CARTESIAN_POINT('',(2.698812787845,0.648696804238,2.578483782496
    ));
#8319 = CARTESIAN_POINT('',(2.724579561544,0.575420762021,2.578483782496
    ));
#8320 = CARTESIAN_POINT('',(2.724579561544,0.648696804238,2.578483782496
    ));
#8321 = ADVANCED_FACE('',(#8322),#8338,.T.);
#8322 = FACE_BOUND('',#8323,.T.);
#8323 = EDGE_LOOP('',(#8324,#8325,#8326,#8333));
#8324 = ORIENTED_EDGE('',*,*,#8304,.F.);
#8325 = ORIENTED_EDGE('',*,*,#1197,.T.);
#8326 = ORIENTED_EDGE('',*,*,#8327,.T.);
#8327 = EDGE_CURVE('',#1190,#8328,#8330,.T.);
#8328 = VERTEX_POINT('',#8329);
#8329 = CARTESIAN_POINT('',(2.708538733125,0.648696804238,2.601774359821
    ));
#8330 = B_SPLINE_CURVE_WITH_KNOTS('',1,(#8331,#8332),.UNSPECIFIED.,.F.,
  .F.,(2,2),(0.,1.E-02),.PIECEWISE_BEZIER_KNOTS.);
#8331 = CARTESIAN_POINT('',(2.698812787845,0.646371726086,2.601774359821
    ));
#8332 = CARTESIAN_POINT('',(2.708538733125,0.648696804238,2.601774359821
    ));
#8333 = ORIENTED_EDGE('',*,*,#8334,.F.);
#8334 = EDGE_CURVE('',#8305,#8328,#8335,.T.);
#8335 = B_SPLINE_CURVE_WITH_KNOTS('',1,(#8336,#8337),.UNSPECIFIED.,.F.,
  .F.,(2,2),(-4.951516317504,-4.928225740179),.PIECEWISE_BEZIER_KNOTS.);
#8336 = CARTESIAN_POINT('',(2.708538733125,0.648696804238,2.578483782496
    ));
#8337 = CARTESIAN_POINT('',(2.708538733125,0.648696804238,2.601774359821
    ));
#8338 = B_SPLINE_SURFACE_WITH_KNOTS('',1,1,(
    (#8339,#8340)
    ,(#8341,#8342
    )),.UNSPECIFIED.,.F.,.F.,.F.,(2,2),(2,2),(-1.164528866265E-02,
    1.164528866265E-02),(-4.577322884221E-16,1.E-02),
  .PIECEWISE_BEZIER_KNOTS.);
#8339 = CARTESIAN_POINT('',(2.698812787845,0.646371726086,2.578483782496
    ));
#8340 = CARTESIAN_POINT('',(2.708538733125,0.648696804238,2.578483782496
    ));
#8341 = CARTESIAN_POINT('',(2.698812787845,0.646371726086,2.601774359821
    ));
#8342 = CARTESIAN_POINT('',(2.708538733125,0.648696804238,2.601774359821
    ));
#8343 = ADVANCED_FACE('',(#8344),#8361,.T.);
#8344 = FACE_BOUND('',#8345,.T.);
#8345 = EDGE_LOOP('',(#8346,#8347,#8348,#8355));
#8346 = ORIENTED_EDGE('',*,*,#8327,.F.);
#8347 = ORIENTED_EDGE('',*,*,#1189,.T.);
#8348 = ORIENTED_EDGE('',*,*,#8349,.T.);
#8349 = EDGE_CURVE('',#1183,#8350,#8352,.T.);
#8350 = VERTEX_POINT('',#8351);
#8351 = CARTESIAN_POINT('',(2.724579561544,0.577490620877,2.601774359821
    ));
#8352 = B_SPLINE_CURVE_WITH_KNOTS('',1,(#8353,#8354),.UNSPECIFIED.,.F.,
  .F.,(2,2),(0.,1.E-02),.PIECEWISE_BEZIER_KNOTS.);
#8353 = CARTESIAN_POINT('',(2.714796122255,0.575420762021,2.601774359821
    ));
#8354 = CARTESIAN_POINT('',(2.724579561544,0.577490620877,2.601774359821
    ));
#8355 = ORIENTED_EDGE('',*,*,#8356,.F.);
#8356 = EDGE_CURVE('',#8328,#8350,#8357,.T.);
#8357 = ( BOUNDED_CURVE() B_SPLINE_CURVE(2,(#8358,#8359,#8360),
.UNSPECIFIED.,.F.,.F.) B_SPLINE_CURVE_WITH_KNOTS((3,3),(2.906937282495,
2.93309953654),.PIECEWISE_BEZIER_KNOTS.) CURVE() 
GEOMETRIC_REPRESENTATION_ITEM() RATIONAL_B_SPLINE_CURVE((1.,
0.999914443278,1.)) REPRESENTATION_ITEM('') );
#8358 = CARTESIAN_POINT('',(2.708538733125,0.648696804238,2.601774359821
    ));
#8359 = CARTESIAN_POINT('',(2.717024902466,0.613198634599,2.601774359821
    ));
#8360 = CARTESIAN_POINT('',(2.724579561544,0.577490620877,2.601774359821
    ));
#8361 = B_SPLINE_SURFACE_WITH_KNOTS('',1,1,(
    (#8362,#8363)
    ,(#8364,#8365
    )),.UNSPECIFIED.,.F.,.F.,.F.,(2,2),(2,2),(2.703812787845,
    2.729579561544),(0.575420762021,0.648696804238),
  .PIECEWISE_BEZIER_KNOTS.);
#8362 = CARTESIAN_POINT('',(2.698812787845,0.575420762021,2.601774359821
    ));
#8363 = CARTESIAN_POINT('',(2.698812787845,0.648696804238,2.601774359821
    ));
#8364 = CARTESIAN_POINT('',(2.724579561544,0.575420762021,2.601774359821
    ));
#8365 = CARTESIAN_POINT('',(2.724579561544,0.648696804238,2.601774359821
    ));
#8366 = ADVANCED_FACE('',(#8367),#8383,.T.);
#8367 = FACE_BOUND('',#8368,.T.);
#8368 = EDGE_LOOP('',(#8369,#8370,#8371,#8378));
#8369 = ORIENTED_EDGE('',*,*,#8349,.F.);
#8370 = ORIENTED_EDGE('',*,*,#1182,.T.);
#8371 = ORIENTED_EDGE('',*,*,#8372,.T.);
#8372 = EDGE_CURVE('',#1175,#8373,#8375,.T.);
#8373 = VERTEX_POINT('',#8374);
#8374 = CARTESIAN_POINT('',(2.724579561544,0.577490620877,2.666863205383
    ));
#8375 = B_SPLINE_CURVE_WITH_KNOTS('',1,(#8376,#8377),.UNSPECIFIED.,.F.,
  .F.,(2,2),(0.,1.E-02),.PIECEWISE_BEZIER_KNOTS.);
#8376 = CARTESIAN_POINT('',(2.714796122255,0.575420762021,2.666863205383
    ));
#8377 = CARTESIAN_POINT('',(2.724579561544,0.577490620877,2.666863205383
    ));
#8378 = ORIENTED_EDGE('',*,*,#8379,.F.);
#8379 = EDGE_CURVE('',#8350,#8373,#8380,.T.);
#8380 = B_SPLINE_CURVE_WITH_KNOTS('',1,(#8381,#8382),.UNSPECIFIED.,.F.,
  .F.,(2,2),(-4.928225740179,-4.863136894617),.PIECEWISE_BEZIER_KNOTS.);
#8381 = CARTESIAN_POINT('',(2.724579561544,0.577490620877,2.601774359821
    ));
#8382 = CARTESIAN_POINT('',(2.724579561544,0.577490620877,2.666863205383
    ));
#8383 = B_SPLINE_SURFACE_WITH_KNOTS('',1,1,(
    (#8384,#8385)
    ,(#8386,#8387
    )),.UNSPECIFIED.,.F.,.F.,.F.,(2,2),(2,2),(-3.254442278106E-02,
    3.254442278106E-02),(-4.574520319316E-16,1.E-02),
  .PIECEWISE_BEZIER_KNOTS.);
#8384 = CARTESIAN_POINT('',(2.714796122255,0.575420762021,2.601774359821
    ));
#8385 = CARTESIAN_POINT('',(2.724579561544,0.577490620877,2.601774359821
    ));
#8386 = CARTESIAN_POINT('',(2.714796122255,0.575420762021,2.666863205383
    ));
#8387 = CARTESIAN_POINT('',(2.724579561544,0.577490620877,2.666863205383
    ));
#8388 = ADVANCED_FACE('',(#8389),#8406,.F.);
#8389 = FACE_BOUND('',#8390,.T.);
#8390 = EDGE_LOOP('',(#8391,#8392,#8393,#8400));
#8391 = ORIENTED_EDGE('',*,*,#8372,.F.);
#8392 = ORIENTED_EDGE('',*,*,#1174,.F.);
#8393 = ORIENTED_EDGE('',*,*,#8394,.T.);
#8394 = EDGE_CURVE('',#1168,#8395,#8397,.T.);
#8395 = VERTEX_POINT('',#8396);
#8396 = CARTESIAN_POINT('',(2.707186338925,0.65432810038,2.666863205383)
  );
#8397 = B_SPLINE_CURVE_WITH_KNOTS('',1,(#8398,#8399),.UNSPECIFIED.,.F.,
  .F.,(2,2),(0.,1.E-02),.PIECEWISE_BEZIER_KNOTS.);
#8398 = CARTESIAN_POINT('',(2.697465240936,0.651982838371,2.666863205383
    ));
#8399 = CARTESIAN_POINT('',(2.707186338925,0.65432810038,2.666863205383)
  );
#8400 = ORIENTED_EDGE('',*,*,#8401,.T.);
#8401 = EDGE_CURVE('',#8395,#8373,#8402,.T.);
#8402 = ( BOUNDED_CURVE() B_SPLINE_CURVE(2,(#8403,#8404,#8405),
.UNSPECIFIED.,.F.,.F.) B_SPLINE_CURVE_WITH_KNOTS((3,3),(2.904861506799,
2.93309953654),.PIECEWISE_BEZIER_KNOTS.) CURVE() 
GEOMETRIC_REPRESENTATION_ITEM() RATIONAL_B_SPLINE_CURVE((1.,
0.999900328365,1.)) REPRESENTATION_ITEM('') );
#8403 = CARTESIAN_POINT('',(2.707186338925,0.65432810038,2.666863205383)
  );
#8404 = CARTESIAN_POINT('',(2.71642542104,0.616032156373,2.666863205383)
  );
#8405 = CARTESIAN_POINT('',(2.724579561544,0.577490620877,2.666863205383
    ));
#8406 = B_SPLINE_SURFACE_WITH_KNOTS('',1,1,(
    (#8407,#8408)
    ,(#8409,#8410
    )),.UNSPECIFIED.,.F.,.F.,.F.,(2,2),(2,2),(2.702465240936,
    2.729579561544),(0.575420762021,0.65432810038),
  .PIECEWISE_BEZIER_KNOTS.);
#8407 = CARTESIAN_POINT('',(2.697465240936,0.575420762021,2.666863205383
    ));
#8408 = CARTESIAN_POINT('',(2.697465240936,0.65432810038,2.666863205383)
  );
#8409 = CARTESIAN_POINT('',(2.724579561544,0.575420762021,2.666863205383
    ));
#8410 = CARTESIAN_POINT('',(2.724579561544,0.65432810038,2.666863205383)
  );
#8411 = ADVANCED_FACE('',(#8412),#8428,.T.);
#8412 = FACE_BOUND('',#8413,.T.);
#8413 = EDGE_LOOP('',(#8414,#8415,#8416,#8423));
#8414 = ORIENTED_EDGE('',*,*,#8394,.F.);
#8415 = ORIENTED_EDGE('',*,*,#1167,.T.);
#8416 = ORIENTED_EDGE('',*,*,#8417,.T.);
#8417 = EDGE_CURVE('',#1160,#8418,#8420,.T.);
#8418 = VERTEX_POINT('',#8419);
#8419 = CARTESIAN_POINT('',(2.707186338925,0.65432810038,2.6902577585));
#8420 = B_SPLINE_CURVE_WITH_KNOTS('',1,(#8421,#8422),.UNSPECIFIED.,.F.,
  .F.,(2,2),(0.,1.E-02),.PIECEWISE_BEZIER_KNOTS.);
#8421 = CARTESIAN_POINT('',(2.697465240936,0.651982838371,2.6902577585)
  );
#8422 = CARTESIAN_POINT('',(2.707186338925,0.65432810038,2.6902577585));
#8423 = ORIENTED_EDGE('',*,*,#8424,.F.);
#8424 = EDGE_CURVE('',#8395,#8418,#8425,.T.);
#8425 = B_SPLINE_CURVE_WITH_KNOTS('',1,(#8426,#8427),.UNSPECIFIED.,.F.,
  .F.,(2,2),(-4.863136894617,-4.8397423415),.PIECEWISE_BEZIER_KNOTS.);
#8426 = CARTESIAN_POINT('',(2.707186338925,0.65432810038,2.666863205383)
  );
#8427 = CARTESIAN_POINT('',(2.707186338925,0.65432810038,2.6902577585));
#8428 = B_SPLINE_SURFACE_WITH_KNOTS('',1,1,(
    (#8429,#8430)
    ,(#8431,#8432
    )),.UNSPECIFIED.,.F.,.F.,.F.,(2,2),(2,2),(-1.16972765584E-02,
    1.16972765584E-02),(-4.577411112866E-16,1.E-02),
  .PIECEWISE_BEZIER_KNOTS.);
#8429 = CARTESIAN_POINT('',(2.697465240936,0.651982838371,2.666863205383
    ));
#8430 = CARTESIAN_POINT('',(2.707186338925,0.65432810038,2.666863205383)
  );
#8431 = CARTESIAN_POINT('',(2.697465240936,0.651982838371,2.6902577585)
  );
#8432 = CARTESIAN_POINT('',(2.707186338925,0.65432810038,2.6902577585));
#8433 = ADVANCED_FACE('',(#8434),#8451,.T.);
#8434 = FACE_BOUND('',#8435,.T.);
#8435 = EDGE_LOOP('',(#8436,#8437,#8438,#8445));
#8436 = ORIENTED_EDGE('',*,*,#8417,.F.);
#8437 = ORIENTED_EDGE('',*,*,#1159,.T.);
#8438 = ORIENTED_EDGE('',*,*,#8439,.T.);
#8439 = EDGE_CURVE('',#1153,#8440,#8442,.T.);
#8440 = VERTEX_POINT('',#8441);
#8441 = CARTESIAN_POINT('',(2.72991149253,0.551687527527,2.6902577585));
#8442 = B_SPLINE_CURVE_WITH_KNOTS('',1,(#8443,#8444),.UNSPECIFIED.,.F.,
  .F.,(2,2),(0.,1.E-02),.PIECEWISE_BEZIER_KNOTS.);
#8443 = CARTESIAN_POINT('',(2.720108942377,0.549710152877,2.6902577585)
  );
#8444 = CARTESIAN_POINT('',(2.72991149253,0.551687527527,2.6902577585));
#8445 = ORIENTED_EDGE('',*,*,#8446,.F.);
#8446 = EDGE_CURVE('',#8418,#8440,#8447,.T.);
#8447 = ( BOUNDED_CURVE() B_SPLINE_CURVE(2,(#8448,#8449,#8450),
.UNSPECIFIED.,.F.,.F.) B_SPLINE_CURVE_WITH_KNOTS((3,3),(2.904861506799,
2.942543380924),.PIECEWISE_BEZIER_KNOTS.) CURVE() 
GEOMETRIC_REPRESENTATION_ITEM() RATIONAL_B_SPLINE_CURVE((1.,
0.999822514796,1.)) REPRESENTATION_ITEM('') );
#8448 = CARTESIAN_POINT('',(2.707186338925,0.65432810038,2.6902577585));
#8449 = CARTESIAN_POINT('',(2.719515952443,0.603221920883,2.6902577585)
  );
#8450 = CARTESIAN_POINT('',(2.72991149253,0.551687527527,2.6902577585));
#8451 = B_SPLINE_SURFACE_WITH_KNOTS('',1,1,(
    (#8452,#8453)
    ,(#8454,#8455
    )),.UNSPECIFIED.,.F.,.F.,.F.,(2,2),(2,2),(2.702465240936,
    2.73491149253),(0.549710152877,0.65432810038),
  .PIECEWISE_BEZIER_KNOTS.);
#8452 = CARTESIAN_POINT('',(2.697465240936,0.549710152877,2.6902577585)
  );
#8453 = CARTESIAN_POINT('',(2.697465240936,0.65432810038,2.6902577585));
#8454 = CARTESIAN_POINT('',(2.72991149253,0.549710152877,2.6902577585));
#8455 = CARTESIAN_POINT('',(2.72991149253,0.65432810038,2.6902577585));
#8456 = ADVANCED_FACE('',(#8457),#8473,.T.);
#8457 = FACE_BOUND('',#8458,.T.);
#8458 = EDGE_LOOP('',(#8459,#8460,#8461,#8468));
#8459 = ORIENTED_EDGE('',*,*,#8439,.F.);
#8460 = ORIENTED_EDGE('',*,*,#1152,.T.);
#8461 = ORIENTED_EDGE('',*,*,#8462,.T.);
#8462 = EDGE_CURVE('',#1145,#8463,#8465,.T.);
#8463 = VERTEX_POINT('',#8464);
#8464 = CARTESIAN_POINT('',(2.72991149253,0.551687527527,2.486881110069)
  );
#8465 = B_SPLINE_CURVE_WITH_KNOTS('',1,(#8466,#8467),.UNSPECIFIED.,.F.,
  .F.,(2,2),(0.,1.E-02),.PIECEWISE_BEZIER_KNOTS.);
#8466 = CARTESIAN_POINT('',(2.720108942377,0.549710152877,2.486881110069
    ));
#8467 = CARTESIAN_POINT('',(2.72991149253,0.551687527527,2.486881110069)
  );
#8468 = ORIENTED_EDGE('',*,*,#8469,.F.);
#8469 = EDGE_CURVE('',#8440,#8463,#8470,.T.);
#8470 = B_SPLINE_CURVE_WITH_KNOTS('',1,(#8471,#8472),.UNSPECIFIED.,.F.,
  .F.,(2,2),(4.8397423415,5.043118989931),.PIECEWISE_BEZIER_KNOTS.);
#8471 = CARTESIAN_POINT('',(2.72991149253,0.551687527527,2.6902577585));
#8472 = CARTESIAN_POINT('',(2.72991149253,0.551687527527,2.486881110069)
  );
#8473 = B_SPLINE_SURFACE_WITH_KNOTS('',1,1,(
    (#8474,#8475)
    ,(#8476,#8477
    )),.UNSPECIFIED.,.F.,.F.,.F.,(2,2),(2,2),(-0.101688324216,
    0.101688324216),(0.,1.E-02),.PIECEWISE_BEZIER_KNOTS.);
#8474 = CARTESIAN_POINT('',(2.720108942377,0.549710152877,2.6902577585)
  );
#8475 = CARTESIAN_POINT('',(2.72991149253,0.551687527527,2.6902577585));
#8476 = CARTESIAN_POINT('',(2.720108942377,0.549710152877,2.486881110069
    ));
#8477 = CARTESIAN_POINT('',(2.72991149253,0.551687527527,2.486881110069)
  );
#8478 = ADVANCED_FACE('',(#8479),#8496,.F.);
#8479 = FACE_BOUND('',#8480,.T.);
#8480 = EDGE_LOOP('',(#8481,#8482,#8483,#8490));
#8481 = ORIENTED_EDGE('',*,*,#8462,.F.);
#8482 = ORIENTED_EDGE('',*,*,#1144,.F.);
#8483 = ORIENTED_EDGE('',*,*,#8484,.T.);
#8484 = EDGE_CURVE('',#1138,#8485,#8487,.T.);
#8485 = VERTEX_POINT('',#8486);
#8486 = CARTESIAN_POINT('',(2.706093544949,0.658841248356,2.486881110069
    ));
#8487 = B_SPLINE_CURVE_WITH_KNOTS('',1,(#8488,#8489),.UNSPECIFIED.,.F.,
  .F.,(2,2),(0.,1.E-02),.PIECEWISE_BEZIER_KNOTS.);
#8488 = CARTESIAN_POINT('',(2.696376363784,0.65647981019,2.486881110069)
  );
#8489 = CARTESIAN_POINT('',(2.706093544949,0.658841248356,2.486881110069
    ));
#8490 = ORIENTED_EDGE('',*,*,#8491,.T.);
#8491 = EDGE_CURVE('',#8485,#8463,#8492,.T.);
#8492 = ( BOUNDED_CURVE() B_SPLINE_CURVE(2,(#8493,#8494,#8495),
.UNSPECIFIED.,.F.,.F.) B_SPLINE_CURVE_WITH_KNOTS((3,3),(2.903197146105,
2.942543380924),.PIECEWISE_BEZIER_KNOTS.) CURVE() 
GEOMETRIC_REPRESENTATION_ITEM() RATIONAL_B_SPLINE_CURVE((1.,
0.999806490467,1.)) REPRESENTATION_ITEM('') );
#8493 = CARTESIAN_POINT('',(2.706093544949,0.658841248356,2.486881110069
    ));
#8494 = CARTESIAN_POINT('',(2.719056678606,0.605498704811,2.486881110069
    ));
#8495 = CARTESIAN_POINT('',(2.72991149253,0.551687527527,2.486881110069)
  );
#8496 = B_SPLINE_SURFACE_WITH_KNOTS('',1,1,(
    (#8497,#8498)
    ,(#8499,#8500
    )),.UNSPECIFIED.,.F.,.F.,.F.,(2,2),(2,2),(2.701376363784,
    2.73491149253),(0.549710152877,0.658841248356),
  .PIECEWISE_BEZIER_KNOTS.);
#8497 = CARTESIAN_POINT('',(2.696376363784,0.549710152877,2.486881110069
    ));
#8498 = CARTESIAN_POINT('',(2.696376363784,0.658841248356,2.486881110069
    ));
#8499 = CARTESIAN_POINT('',(2.72991149253,0.549710152877,2.486881110069)
  );
#8500 = CARTESIAN_POINT('',(2.72991149253,0.658841248356,2.486881110069)
  );
#8501 = ADVANCED_FACE('',(#8502),#8518,.T.);
#8502 = FACE_BOUND('',#8503,.T.);
#8503 = EDGE_LOOP('',(#8504,#8505,#8506,#8513));
#8504 = ORIENTED_EDGE('',*,*,#8484,.F.);
#8505 = ORIENTED_EDGE('',*,*,#1137,.T.);
#8506 = ORIENTED_EDGE('',*,*,#8507,.T.);
#8507 = EDGE_CURVE('',#1130,#8508,#8510,.T.);
#8508 = VERTEX_POINT('',#8509);
#8509 = CARTESIAN_POINT('',(2.706093544949,0.658841248356,2.510067711603
    ));
#8510 = B_SPLINE_CURVE_WITH_KNOTS('',1,(#8511,#8512),.UNSPECIFIED.,.F.,
  .F.,(2,2),(4.577467607727E-16,1.E-02),.PIECEWISE_BEZIER_KNOTS.);
#8511 = CARTESIAN_POINT('',(2.696376363784,0.65647981019,2.510067711603)
  );
#8512 = CARTESIAN_POINT('',(2.706093544949,0.658841248356,2.510067711603
    ));
#8513 = ORIENTED_EDGE('',*,*,#8514,.F.);
#8514 = EDGE_CURVE('',#8485,#8508,#8515,.T.);
#8515 = B_SPLINE_CURVE_WITH_KNOTS('',1,(#8516,#8517),.UNSPECIFIED.,.F.,
  .F.,(2,2),(-5.043118989931,-5.019932388397),.PIECEWISE_BEZIER_KNOTS.);
#8516 = CARTESIAN_POINT('',(2.706093544949,0.658841248356,2.486881110069
    ));
#8517 = CARTESIAN_POINT('',(2.706093544949,0.658841248356,2.510067711603
    ));
#8518 = B_SPLINE_SURFACE_WITH_KNOTS('',1,1,(
    (#8519,#8520)
    ,(#8521,#8522
    )),.UNSPECIFIED.,.F.,.F.,.F.,(2,2),(2,2),(-1.159330076689E-02,
    1.159330076689E-02),(-4.577467607727E-16,1.E-02),
  .PIECEWISE_BEZIER_KNOTS.);
#8519 = CARTESIAN_POINT('',(2.696376363784,0.65647981019,2.486881110069)
  );
#8520 = CARTESIAN_POINT('',(2.706093544949,0.658841248356,2.486881110069
    ));
#8521 = CARTESIAN_POINT('',(2.696376363784,0.65647981019,2.510067711603)
  );
#8522 = CARTESIAN_POINT('',(2.706093544949,0.658841248356,2.510067711603
    ));
#8523 = ADVANCED_FACE('',(#8524),#8535,.T.);
#8524 = FACE_BOUND('',#8525,.T.);
#8525 = EDGE_LOOP('',(#8526,#8527,#8528,#8534));
#8526 = ORIENTED_EDGE('',*,*,#1129,.T.);
#8527 = ORIENTED_EDGE('',*,*,#8274,.T.);
#8528 = ORIENTED_EDGE('',*,*,#8529,.F.);
#8529 = EDGE_CURVE('',#8508,#8275,#8530,.T.);
#8530 = ( BOUNDED_CURVE() B_SPLINE_CURVE(2,(#8531,#8532,#8533),
.UNSPECIFIED.,.F.,.F.) B_SPLINE_CURVE_WITH_KNOTS((3,3),(2.903197146105,
2.93309953654),.PIECEWISE_BEZIER_KNOTS.) CURVE() 
GEOMETRIC_REPRESENTATION_ITEM() RATIONAL_B_SPLINE_CURVE((1.,
0.999888232963,1.)) REPRESENTATION_ITEM('') );
#8531 = CARTESIAN_POINT('',(2.706093544949,0.658841248356,2.510067711603
    ));
#8532 = CARTESIAN_POINT('',(2.715944743121,0.618304138936,2.510067711603
    ));
#8533 = CARTESIAN_POINT('',(2.724579561544,0.577490620877,2.510067711603
    ));
#8534 = ORIENTED_EDGE('',*,*,#8507,.F.);
#8535 = B_SPLINE_SURFACE_WITH_KNOTS('',1,1,(
    (#8536,#8537)
    ,(#8538,#8539
    )),.UNSPECIFIED.,.F.,.F.,.F.,(2,2),(2,2),(2.701376363784,
    2.729579561544),(0.575420762021,0.658841248356),
  .PIECEWISE_BEZIER_KNOTS.);
#8536 = CARTESIAN_POINT('',(2.696376363784,0.575420762021,2.510067711603
    ));
#8537 = CARTESIAN_POINT('',(2.696376363784,0.658841248356,2.510067711603
    ));
#8538 = CARTESIAN_POINT('',(2.724579561544,0.575420762021,2.510067711603
    ));
#8539 = CARTESIAN_POINT('',(2.724579561544,0.658841248356,2.510067711603
    ));
#8540 = ADVANCED_FACE('',(#8541),#8555,.T.);
#8541 = FACE_BOUND('',#8542,.T.);
#8542 = EDGE_LOOP('',(#8543,#8544,#8545,#8546,#8547,#8548,#8549,#8550,
    #8551,#8552,#8553,#8554));
#8543 = ORIENTED_EDGE('',*,*,#8514,.T.);
#8544 = ORIENTED_EDGE('',*,*,#8529,.T.);
#8545 = ORIENTED_EDGE('',*,*,#8289,.T.);
#8546 = ORIENTED_EDGE('',*,*,#8311,.F.);
#8547 = ORIENTED_EDGE('',*,*,#8334,.T.);
#8548 = ORIENTED_EDGE('',*,*,#8356,.T.);
#8549 = ORIENTED_EDGE('',*,*,#8379,.T.);
#8550 = ORIENTED_EDGE('',*,*,#8401,.F.);
#8551 = ORIENTED_EDGE('',*,*,#8424,.T.);
#8552 = ORIENTED_EDGE('',*,*,#8446,.T.);
#8553 = ORIENTED_EDGE('',*,*,#8469,.T.);
#8554 = ORIENTED_EDGE('',*,*,#8491,.F.);
#8555 = ( BOUNDED_SURFACE() B_SPLINE_SURFACE(2,1,(
    (#8556,#8557)
    ,(#8558,#8559)
    ,(#8560,#8561
)),.UNSPECIFIED.,.F.,.F.,.F.) B_SPLINE_SURFACE_WITH_KNOTS((3,3),(2,2),(
    2.903197146105,2.942543380924),(4.8397423415,5.043118989931),
.PIECEWISE_BEZIER_KNOTS.) GEOMETRIC_REPRESENTATION_ITEM() 
RATIONAL_B_SPLINE_SURFACE((
    (1.,1.)
    ,(0.999806490467,0.999806490467)
,(1.,1.))) REPRESENTATION_ITEM('') SURFACE() );
#8556 = CARTESIAN_POINT('',(2.706093544949,0.658841248356,2.6902577585)
  );
#8557 = CARTESIAN_POINT('',(2.706093544949,0.658841248356,2.486881110069
    ));
#8558 = CARTESIAN_POINT('',(2.719056678606,0.605498704811,2.6902577585)
  );
#8559 = CARTESIAN_POINT('',(2.719056678606,0.605498704811,2.486881110069
    ));
#8560 = CARTESIAN_POINT('',(2.72991149253,0.551687527527,2.6902577585));
#8561 = CARTESIAN_POINT('',(2.72991149253,0.551687527527,2.486881110069)
  );
#8562 = ADVANCED_FACE('',(#8563),#8588,.T.);
#8563 = FACE_BOUND('',#8564,.T.);
#8564 = EDGE_LOOP('',(#8565,#8572,#8580,#8587));
#8565 = ORIENTED_EDGE('',*,*,#8566,.F.);
#8566 = EDGE_CURVE('',#8567,#1205,#8569,.T.);
#8567 = VERTEX_POINT('',#8568);
#8568 = CARTESIAN_POINT('',(2.696729890212,0.696243923015,2.6902577585)
  );
#8569 = B_SPLINE_CURVE_WITH_KNOTS('',1,(#8570,#8571),.UNSPECIFIED.,.F.,
  .F.,(2,2),(-1.E-02,-0.),.PIECEWISE_BEZIER_KNOTS.);
#8570 = CARTESIAN_POINT('',(2.696729890212,0.696243923015,2.6902577585)
  );
#8571 = CARTESIAN_POINT('',(2.687046270534,0.693748425083,2.6902577585)
  );
#8572 = ORIENTED_EDGE('',*,*,#8573,.F.);
#8573 = EDGE_CURVE('',#8574,#8567,#8576,.T.);
#8574 = VERTEX_POINT('',#8575);
#8575 = CARTESIAN_POINT('',(2.681612006448,0.752473206707,2.6902577585)
  );
#8576 = ( BOUNDED_CURVE() B_SPLINE_CURVE(2,(#8577,#8578,#8579),
.UNSPECIFIED.,.F.,.F.) B_SPLINE_CURVE_WITH_KNOTS((3,3),(2.868507381091,
2.889377342145),.PIECEWISE_BEZIER_KNOTS.) CURVE() 
GEOMETRIC_REPRESENTATION_ITEM() RATIONAL_B_SPLINE_CURVE((1.,
0.999945556085,1.)) REPRESENTATION_ITEM('') );
#8577 = CARTESIAN_POINT('',(2.681612006448,0.752473206707,2.6902577585)
  );
#8578 = CARTESIAN_POINT('',(2.689464334719,0.724437445135,2.6902577585)
  );
#8579 = CARTESIAN_POINT('',(2.696729890212,0.696243923015,2.6902577585)
  );
#8580 = ORIENTED_EDGE('',*,*,#8581,.T.);
#8581 = EDGE_CURVE('',#8574,#1214,#8582,.T.);
#8582 = B_SPLINE_CURVE_WITH_KNOTS('',3,(#8583,#8584,#8585,#8586),
  .UNSPECIFIED.,.F.,.F.,(4,4),(0.,1.),.PIECEWISE_BEZIER_KNOTS.);
#8583 = CARTESIAN_POINT('',(2.681612006448,0.752473206707,2.6902577585)
  );
#8584 = CARTESIAN_POINT('',(2.678402195209,0.751574194512,2.6902577585)
  );
#8585 = CARTESIAN_POINT('',(2.675192383971,0.750675182318,2.6902577585)
  );
#8586 = CARTESIAN_POINT('',(2.671982572733,0.749776170124,2.6902577585)
  );
#8587 = ORIENTED_EDGE('',*,*,#1213,.T.);
#8588 = B_SPLINE_SURFACE_WITH_KNOTS('',1,1,(
    (#8589,#8590)
    ,(#8591,#8592
    )),.UNSPECIFIED.,.F.,.F.,.F.,(2,2),(2,2),(2.676982572733,
    2.701729890212),(0.693748425083,0.752473206707),
  .PIECEWISE_BEZIER_KNOTS.);
#8589 = CARTESIAN_POINT('',(2.671982572733,0.693748425083,2.6902577585)
  );
#8590 = CARTESIAN_POINT('',(2.671982572733,0.752473206707,2.6902577585)
  );
#8591 = CARTESIAN_POINT('',(2.696729890212,0.693748425083,2.6902577585)
  );
#8592 = CARTESIAN_POINT('',(2.696729890212,0.752473206707,2.6902577585)
  );
#8593 = ADVANCED_FACE('',(#8594),#8612,.T.);
#8594 = FACE_BOUND('',#8595,.T.);
#8595 = EDGE_LOOP('',(#8596,#8597,#8606,#8611));
#8596 = ORIENTED_EDGE('',*,*,#8581,.F.);
#8597 = ORIENTED_EDGE('',*,*,#8598,.F.);
#8598 = EDGE_CURVE('',#8599,#8574,#8601,.T.);
#8599 = VERTEX_POINT('',#8600);
#8600 = CARTESIAN_POINT('',(2.659777028834,0.826476488837,2.663333841463
    ));
#8601 = B_SPLINE_CURVE_WITH_KNOTS('',3,(#8602,#8603,#8604,#8605),
  .UNSPECIFIED.,.F.,.F.,(4,4),(1.106630048968E-04,1.),
  .PIECEWISE_BEZIER_KNOTS.);
#8602 = CARTESIAN_POINT('',(2.659777028834,0.826476488837,2.663333841463
    ));
#8603 = CARTESIAN_POINT('',(2.665935184201,0.80662098032,2.68084056186)
  );
#8604 = CARTESIAN_POINT('',(2.673345239863,0.781988668738,2.689815200873
    ));
#8605 = CARTESIAN_POINT('',(2.681612006448,0.752473206707,2.6902577585)
  );
#8606 = ORIENTED_EDGE('',*,*,#8607,.T.);
#8607 = EDGE_CURVE('',#8599,#1222,#8608,.T.);
#8608 = B_SPLINE_CURVE_WITH_KNOTS('',1,(#8609,#8610),.UNSPECIFIED.,.F.,
  .F.,(2,2),(0.,1.),.PIECEWISE_BEZIER_KNOTS.);
#8609 = CARTESIAN_POINT('',(2.659777028834,0.826476488837,2.663333841463
    ));
#8610 = CARTESIAN_POINT('',(2.650223819395,0.823520776251,2.663328028468
    ));
#8611 = ORIENTED_EDGE('',*,*,#1221,.T.);
#8612 = B_SPLINE_SURFACE_WITH_KNOTS('',1,3,(
    (#8613,#8614,#8615,#8616)
    ,(#8617,#8618,#8619,#8620
    )),.UNSPECIFIED.,.F.,.F.,.F.,(2,2),(4,4),(0.,1.),(0.,1.),
  .PIECEWISE_BEZIER_KNOTS.);
#8613 = CARTESIAN_POINT('',(2.659774984213,0.826483081202,2.663328028468
    ));
#8614 = CARTESIAN_POINT('',(2.665933474722,0.806626665721,2.680838370071
    ));
#8615 = CARTESIAN_POINT('',(2.673344200587,0.781992379343,2.689815145235
    ));
#8616 = CARTESIAN_POINT('',(2.681612006448,0.752473206707,2.6902577585)
  );
#8617 = CARTESIAN_POINT('',(2.650223819395,0.823520776251,2.663328028468
    ));
#8618 = CARTESIAN_POINT('',(2.656360236789,0.803735529662,2.680838371006
    ));
#8619 = CARTESIAN_POINT('',(2.663744400362,0.779189540067,2.689815145224
    ));
#8620 = CARTESIAN_POINT('',(2.671982572733,0.749776170124,2.6902577585)
  );
#8621 = ADVANCED_FACE('',(#8622),#8640,.T.);
#8622 = FACE_BOUND('',#8623,.T.);
#8623 = EDGE_LOOP('',(#8624,#8625,#8634,#8639));
#8624 = ORIENTED_EDGE('',*,*,#8607,.F.);
#8625 = ORIENTED_EDGE('',*,*,#8626,.F.);
#8626 = EDGE_CURVE('',#8627,#8599,#8629,.T.);
#8627 = VERTEX_POINT('',#8628);
#8628 = CARTESIAN_POINT('',(2.650494051024,0.855833713392,2.591168829074
    ));
#8629 = B_SPLINE_CURVE_WITH_KNOTS('',3,(#8630,#8631,#8632,#8633),
  .UNSPECIFIED.,.F.,.F.,(4,4),(0.,1.),.PIECEWISE_BEZIER_KNOTS.);
#8630 = CARTESIAN_POINT('',(2.650494051024,0.855833713392,2.591168829074
    ));
#8631 = CARTESIAN_POINT('',(2.650662730252,0.855310332878,2.621756260795
    ));
#8632 = CARTESIAN_POINT('',(2.653364133502,0.847153165068,2.643532780454
    ));
#8633 = CARTESIAN_POINT('',(2.659777028834,0.826476488837,2.663333841463
    ));
#8634 = ORIENTED_EDGE('',*,*,#8635,.T.);
#8635 = EDGE_CURVE('',#8627,#1231,#8636,.T.);
#8636 = B_SPLINE_CURVE_WITH_KNOTS('',1,(#8637,#8638),.UNSPECIFIED.,.F.,
  .F.,(2,2),(0.,1.),.PIECEWISE_BEZIER_KNOTS.);
#8637 = CARTESIAN_POINT('',(2.650494051024,0.855833713392,2.591168829074
    ));
#8638 = CARTESIAN_POINT('',(2.640976151199,0.852766209043,2.591168829074
    ));
#8639 = ORIENTED_EDGE('',*,*,#1230,.T.);
#8640 = B_SPLINE_SURFACE_WITH_KNOTS('',1,3,(
    (#8641,#8642,#8643,#8644)
    ,(#8645,#8646,#8647,#8648
    )),.UNSPECIFIED.,.F.,.F.,.F.,(2,2),(4,4),(0.,1.),(0.,1.),
  .PIECEWISE_BEZIER_KNOTS.);
#8641 = CARTESIAN_POINT('',(2.650494051024,0.855833713392,2.591168829074
    ));
#8642 = CARTESIAN_POINT('',(2.650661039121,0.855315580147,2.621449599621
    ));
#8643 = CARTESIAN_POINT('',(2.653216973657,0.847627642868,2.643078384343
    ));
#8644 = CARTESIAN_POINT('',(2.659774984213,0.826483081202,2.663328028468
    ));
#8645 = CARTESIAN_POINT('',(2.640976151199,0.852766209043,2.591168829074
    ));
#8646 = CARTESIAN_POINT('',(2.64114254334,0.85224992494,2.621450066871)
  );
#8647 = CARTESIAN_POINT('',(2.643689109722,0.844590210415,2.643077750524
    ));
#8648 = CARTESIAN_POINT('',(2.650223819395,0.823520776251,2.663328028468
    ));
#8649 = ADVANCED_FACE('',(#8650),#8668,.T.);
#8650 = FACE_BOUND('',#8651,.T.);
#8651 = EDGE_LOOP('',(#8652,#8653,#8662,#8667));
#8652 = ORIENTED_EDGE('',*,*,#8635,.F.);
#8653 = ORIENTED_EDGE('',*,*,#8654,.F.);
#8654 = EDGE_CURVE('',#8655,#8627,#8657,.T.);
#8655 = VERTEX_POINT('',#8656);
#8656 = CARTESIAN_POINT('',(2.659773092891,0.826489179241,2.515376668965
    ));
#8657 = B_SPLINE_CURVE_WITH_KNOTS('',3,(#8658,#8659,#8660,#8661),
  .UNSPECIFIED.,.F.,.F.,(4,4),(9.777730337923E-05,1.),
  .PIECEWISE_BEZIER_KNOTS.);
#8658 = CARTESIAN_POINT('',(2.659773092891,0.826489179241,2.515376668965
    ));
#8659 = CARTESIAN_POINT('',(2.653326330146,0.847274883799,2.536484135869
    ));
#8660 = CARTESIAN_POINT('',(2.650652264984,0.855342804674,2.559427989959
    ));
#8661 = CARTESIAN_POINT('',(2.650494051024,0.855833713392,2.591168829074
    ));
#8662 = ORIENTED_EDGE('',*,*,#8663,.T.);
#8663 = EDGE_CURVE('',#8655,#1240,#8664,.T.);
#8664 = B_SPLINE_CURVE_WITH_KNOTS('',1,(#8665,#8666),.UNSPECIFIED.,.F.,
  .F.,(2,2),(0.,1.),.PIECEWISE_BEZIER_KNOTS.);
#8665 = CARTESIAN_POINT('',(2.659773092891,0.826489179241,2.515376668965
    ));
#8666 = CARTESIAN_POINT('',(2.650223819395,0.823520776251,2.515370476975
    ));
#8667 = ORIENTED_EDGE('',*,*,#1239,.T.);
#8668 = B_SPLINE_SURFACE_WITH_KNOTS('',1,3,(
    (#8669,#8670,#8671,#8672)
    ,(#8673,#8674,#8675,#8676
    )),.UNSPECIFIED.,.F.,.F.,.F.,(2,2),(4,4),(0.,1.),(0.,1.),
  .PIECEWISE_BEZIER_KNOTS.);
#8669 = CARTESIAN_POINT('',(2.659774984213,0.826483081202,2.515370476975
    ));
#8670 = CARTESIAN_POINT('',(2.653170195395,0.847778466936,2.536992390877
    ));
#8671 = CARTESIAN_POINT('',(2.650650509493,0.855348251639,2.559780176137
    ));
#8672 = CARTESIAN_POINT('',(2.650494051024,0.855833713392,2.591168829074
    ));
#8673 = CARTESIAN_POINT('',(2.650223819395,0.823520776251,2.515370476975
    ));
#8674 = CARTESIAN_POINT('',(2.643642492687,0.84474051465,2.536993084004)
  );
#8675 = CARTESIAN_POINT('',(2.641132051428,0.852282479407,2.559779664146
    ));
#8676 = CARTESIAN_POINT('',(2.640976151199,0.852766209043,2.591168829074
    ));
#8677 = ADVANCED_FACE('',(#8678),#8696,.T.);
#8678 = FACE_BOUND('',#8679,.T.);
#8679 = EDGE_LOOP('',(#8680,#8681,#8690,#8695));
#8680 = ORIENTED_EDGE('',*,*,#8663,.F.);
#8681 = ORIENTED_EDGE('',*,*,#8682,.F.);
#8682 = EDGE_CURVE('',#8683,#8655,#8685,.T.);
#8683 = VERTEX_POINT('',#8684);
#8684 = CARTESIAN_POINT('',(2.682174125239,0.750463337308,2.486881110069
    ));
#8685 = B_SPLINE_CURVE_WITH_KNOTS('',3,(#8686,#8687,#8688,#8689),
  .UNSPECIFIED.,.F.,.F.,(4,4),(0.,1.),.PIECEWISE_BEZIER_KNOTS.);
#8686 = CARTESIAN_POINT('',(2.682174125239,0.750463337308,2.486881110069
    ));
#8687 = CARTESIAN_POINT('',(2.673426677833,0.781785206296,2.487384657376
    ));
#8688 = CARTESIAN_POINT('',(2.666502037669,0.804793485643,2.49512648924)
  );
#8689 = CARTESIAN_POINT('',(2.659773092891,0.826489179241,2.515376668965
    ));
#8690 = ORIENTED_EDGE('',*,*,#8691,.T.);
#8691 = EDGE_CURVE('',#8683,#1249,#8692,.T.);
#8692 = B_SPLINE_CURVE_WITH_KNOTS('',1,(#8693,#8694),.UNSPECIFIED.,.F.,
  .F.,(2,2),(0.,1.),.PIECEWISE_BEZIER_KNOTS.);
#8693 = CARTESIAN_POINT('',(2.682174125239,0.750463337308,2.486881110069
    ));
#8694 = CARTESIAN_POINT('',(2.672542676762,0.747773504558,2.486881110069
    ));
#8695 = ORIENTED_EDGE('',*,*,#1248,.T.);
#8696 = B_SPLINE_SURFACE_WITH_KNOTS('',1,3,(
    (#8697,#8698,#8699,#8700)
    ,(#8701,#8702,#8703,#8704
    )),.UNSPECIFIED.,.F.,.F.,.F.,(2,2),(4,4),(0.,1.),(0.,1.),
  .PIECEWISE_BEZIER_KNOTS.);
#8697 = CARTESIAN_POINT('',(2.682174125239,0.750463337308,2.486881110069
    ));
#8698 = CARTESIAN_POINT('',(2.673565646187,0.781287604154,2.487376657654
    ));
#8699 = CARTESIAN_POINT('',(2.666705517049,0.804137420475,2.494514150704
    ));
#8700 = CARTESIAN_POINT('',(2.659774984213,0.826483081202,2.515370476975
    ));
#8701 = CARTESIAN_POINT('',(2.672542676762,0.747773504558,2.486881110069
    ));
#8702 = CARTESIAN_POINT('',(2.66396522187,0.778486683605,2.487376647868)
  );
#8703 = CARTESIAN_POINT('',(2.657129259944,0.801256018933,2.49451491078)
  );
#8704 = CARTESIAN_POINT('',(2.650223819395,0.823520776251,2.515370476975
    ));
#8705 = ADVANCED_FACE('',(#8706),#8723,.F.);
#8706 = FACE_BOUND('',#8707,.T.);
#8707 = EDGE_LOOP('',(#8708,#8709,#8717,#8722));
#8708 = ORIENTED_EDGE('',*,*,#8691,.F.);
#8709 = ORIENTED_EDGE('',*,*,#8710,.T.);
#8710 = EDGE_CURVE('',#8683,#8711,#8713,.T.);
#8711 = VERTEX_POINT('',#8712);
#8712 = CARTESIAN_POINT('',(2.696729890212,0.696243923015,2.486881110069
    ));
#8713 = ( BOUNDED_CURVE() B_SPLINE_CURVE(2,(#8714,#8715,#8716),
.UNSPECIFIED.,.F.,.F.) B_SPLINE_CURVE_WITH_KNOTS((3,3),(2.869255408369,
2.889377342145),.PIECEWISE_BEZIER_KNOTS.) CURVE() 
GEOMETRIC_REPRESENTATION_ITEM() RATIONAL_B_SPLINE_CURVE((1.,0.9999493889
,1.)) REPRESENTATION_ITEM('') );
#8714 = CARTESIAN_POINT('',(2.682174125239,0.750463337308,2.486881110069
    ));
#8715 = CARTESIAN_POINT('',(2.689724766795,0.723426855167,2.486881110069
    ));
#8716 = CARTESIAN_POINT('',(2.696729890212,0.696243923015,2.486881110069
    ));
#8717 = ORIENTED_EDGE('',*,*,#8718,.T.);
#8718 = EDGE_CURVE('',#8711,#1207,#8719,.T.);
#8719 = B_SPLINE_CURVE_WITH_KNOTS('',1,(#8720,#8721),.UNSPECIFIED.,.F.,
  .F.,(2,2),(-1.E-02,-0.),.PIECEWISE_BEZIER_KNOTS.);
#8720 = CARTESIAN_POINT('',(2.696729890212,0.696243923015,2.486881110069
    ));
#8721 = CARTESIAN_POINT('',(2.687046270534,0.693748425083,2.486881110069
    ));
#8722 = ORIENTED_EDGE('',*,*,#1257,.F.);
#8723 = B_SPLINE_SURFACE_WITH_KNOTS('',1,1,(
    (#8724,#8725)
    ,(#8726,#8727
    )),.UNSPECIFIED.,.F.,.F.,.F.,(2,2),(2,2),(2.677542676762,
    2.701729890212),(0.693748425083,0.750463337308),
  .PIECEWISE_BEZIER_KNOTS.);
#8724 = CARTESIAN_POINT('',(2.672542676762,0.693748425083,2.486881110069
    ));
#8725 = CARTESIAN_POINT('',(2.672542676762,0.750463337308,2.486881110069
    ));
#8726 = CARTESIAN_POINT('',(2.696729890212,0.693748425083,2.486881110069
    ));
#8727 = CARTESIAN_POINT('',(2.696729890212,0.750463337308,2.486881110069
    ));
#8728 = ADVANCED_FACE('',(#8729),#8739,.T.);
#8729 = FACE_BOUND('',#8730,.T.);
#8730 = EDGE_LOOP('',(#8731,#8736,#8737,#8738));
#8731 = ORIENTED_EDGE('',*,*,#8732,.F.);
#8732 = EDGE_CURVE('',#8567,#8711,#8733,.T.);
#8733 = B_SPLINE_CURVE_WITH_KNOTS('',1,(#8734,#8735),.UNSPECIFIED.,.F.,
  .F.,(2,2),(4.8397423415,5.043118989931),.PIECEWISE_BEZIER_KNOTS.);
#8734 = CARTESIAN_POINT('',(2.696729890212,0.696243923015,2.6902577585)
  );
#8735 = CARTESIAN_POINT('',(2.696729890212,0.696243923015,2.486881110069
    ));
#8736 = ORIENTED_EDGE('',*,*,#8566,.T.);
#8737 = ORIENTED_EDGE('',*,*,#1204,.T.);
#8738 = ORIENTED_EDGE('',*,*,#8718,.F.);
#8739 = B_SPLINE_SURFACE_WITH_KNOTS('',1,1,(
    (#8740,#8741)
    ,(#8742,#8743
    )),.UNSPECIFIED.,.F.,.F.,.F.,(2,2),(2,2),(-0.101688324216,
    0.101688324216),(-4.577446937567E-16,1.E-02),
  .PIECEWISE_BEZIER_KNOTS.);
#8740 = CARTESIAN_POINT('',(2.687046270534,0.693748425083,2.6902577585)
  );
#8741 = CARTESIAN_POINT('',(2.696729890212,0.696243923015,2.6902577585)
  );
#8742 = CARTESIAN_POINT('',(2.687046270534,0.693748425083,2.486881110069
    ));
#8743 = CARTESIAN_POINT('',(2.696729890212,0.696243923015,2.486881110069
    ));
#8744 = ADVANCED_FACE('',(#8745,#8806),#8815,.T.);
#8745 = FACE_BOUND('',#8746,.T.);
#8746 = EDGE_LOOP('',(#8747,#8758,#8766,#8773,#8781,#8790,#8799));
#8747 = ORIENTED_EDGE('',*,*,#8748,.F.);
#8748 = EDGE_CURVE('',#8749,#8751,#8753,.T.);
#8749 = VERTEX_POINT('',#8750);
#8750 = CARTESIAN_POINT('',(2.682216223539,0.75031258016,2.510067711603)
  );
#8751 = VERTEX_POINT('',#8752);
#8752 = CARTESIAN_POINT('',(2.665264947483,0.808569793058,2.531274240482
    ));
#8753 = B_SPLINE_CURVE_WITH_KNOTS('',3,(#8754,#8755,#8756,#8757),
  .UNSPECIFIED.,.F.,.F.,(4,4),(0.,0.999905530831),
  .PIECEWISE_BEZIER_KNOTS.);
#8754 = CARTESIAN_POINT('',(2.682216223539,0.75031258016,2.510067711603)
  );
#8755 = CARTESIAN_POINT('',(2.675183056216,0.775501603819,2.510515349497
    ));
#8756 = CARTESIAN_POINT('',(2.670296799089,0.791952437808,2.515284416678
    ));
#8757 = CARTESIAN_POINT('',(2.665264947483,0.808569793058,2.531274240482
    ));
#8758 = ORIENTED_EDGE('',*,*,#8759,.T.);
#8759 = EDGE_CURVE('',#8749,#8760,#8762,.T.);
#8760 = VERTEX_POINT('',#8761);
#8761 = CARTESIAN_POINT('',(2.690034291075,0.721727212963,2.510067711603
    ));
#8762 = ( BOUNDED_CURVE() B_SPLINE_CURVE(2,(#8763,#8764,#8765),
.UNSPECIFIED.,.F.,.F.) B_SPLINE_CURVE_WITH_KNOTS((3,3),(2.869311510415,
2.879933497762),.PIECEWISE_BEZIER_KNOTS.) CURVE() 
GEOMETRIC_REPRESENTATION_ITEM() RATIONAL_B_SPLINE_CURVE((1.,
0.999985896706,1.)) REPRESENTATION_ITEM('') );
#8763 = CARTESIAN_POINT('',(2.682216223539,0.75031258016,2.510067711603)
  );
#8764 = CARTESIAN_POINT('',(2.686201166373,0.73604065761,2.510067711603)
  );
#8765 = CARTESIAN_POINT('',(2.690034291075,0.721727212963,2.510067711603
    ));
#8766 = ORIENTED_EDGE('',*,*,#8767,.F.);
#8767 = EDGE_CURVE('',#8768,#8760,#8770,.T.);
#8768 = VERTEX_POINT('',#8769);
#8769 = CARTESIAN_POINT('',(2.690034291075,0.721727212963,2.666863205383
    ));
#8770 = B_SPLINE_CURVE_WITH_KNOTS('',1,(#8771,#8772),.UNSPECIFIED.,.F.,
  .F.,(2,2),(4.863136894617,5.019932388397),.PIECEWISE_BEZIER_KNOTS.);
#8771 = CARTESIAN_POINT('',(2.690034291075,0.721727212963,2.666863205383
    ));
#8772 = CARTESIAN_POINT('',(2.690034291075,0.721727212963,2.510067711603
    ));
#8773 = ORIENTED_EDGE('',*,*,#8774,.F.);
#8774 = EDGE_CURVE('',#8775,#8768,#8777,.T.);
#8775 = VERTEX_POINT('',#8776);
#8776 = CARTESIAN_POINT('',(2.681893253773,0.751468324567,2.666863205383
    ));
#8777 = ( BOUNDED_CURVE() B_SPLINE_CURVE(2,(#8778,#8779,#8780),
.UNSPECIFIED.,.F.,.F.) B_SPLINE_CURVE_WITH_KNOTS((3,3),(2.868881394731,
2.879933497762),.PIECEWISE_BEZIER_KNOTS.) CURVE() 
GEOMETRIC_REPRESENTATION_ITEM() RATIONAL_B_SPLINE_CURVE((1.,
0.999984731416,1.)) REPRESENTATION_ITEM('') );
#8778 = CARTESIAN_POINT('',(2.681893253773,0.751468324567,2.666863205383
    ));
#8779 = CARTESIAN_POINT('',(2.686045948718,0.73662026289,2.666863205383)
  );
#8780 = CARTESIAN_POINT('',(2.690034291075,0.721727212963,2.666863205383
    ));
#8781 = ORIENTED_EDGE('',*,*,#8782,.F.);
#8782 = EDGE_CURVE('',#8783,#8775,#8785,.T.);
#8783 = VERTEX_POINT('',#8784);
#8784 = CARTESIAN_POINT('',(2.66542834836,0.808029972388,2.647727102902)
  );
#8785 = B_SPLINE_CURVE_WITH_KNOTS('',3,(#8786,#8787,#8788,#8789),
  .UNSPECIFIED.,.F.,.F.,(4,4),(0.,1.),.PIECEWISE_BEZIER_KNOTS.);
#8786 = CARTESIAN_POINT('',(2.66542834836,0.808029972388,2.647727102902)
  );
#8787 = CARTESIAN_POINT('',(2.669837710868,0.793457539377,2.660097263064
    ));
#8788 = CARTESIAN_POINT('',(2.675415418563,0.77462998176,2.666474556337)
  );
#8789 = CARTESIAN_POINT('',(2.681893253773,0.751468324567,2.666863205383
    ));
#8790 = ORIENTED_EDGE('',*,*,#8791,.F.);
#8791 = EDGE_CURVE('',#8792,#8783,#8794,.T.);
#8792 = VERTEX_POINT('',#8793);
#8793 = CARTESIAN_POINT('',(2.658861470367,0.829422730998,2.590440998534
    ));
#8794 = B_SPLINE_CURVE_WITH_KNOTS('',3,(#8795,#8796,#8797,#8798),
  .UNSPECIFIED.,.F.,.F.,(4,4),(0.,0.999903343173),
  .PIECEWISE_BEZIER_KNOTS.);
#8795 = CARTESIAN_POINT('',(2.658861470367,0.829422730998,2.590440998534
    ));
#8796 = CARTESIAN_POINT('',(2.658992271764,0.829002635443,2.614370684691
    ));
#8797 = CARTESIAN_POINT('',(2.660442723843,0.824506884707,2.632017137271
    ));
#8798 = CARTESIAN_POINT('',(2.66542834836,0.808029972388,2.647727102902)
  );
#8799 = ORIENTED_EDGE('',*,*,#8800,.F.);
#8800 = EDGE_CURVE('',#8751,#8792,#8801,.T.);
#8801 = B_SPLINE_CURVE_WITH_KNOTS('',3,(#8802,#8803,#8804,#8805),
  .UNSPECIFIED.,.F.,.F.,(4,4),(0.,1.),.PIECEWISE_BEZIER_KNOTS.);
#8802 = CARTESIAN_POINT('',(2.665264947483,0.808569793058,2.531274240482
    ));
#8803 = CARTESIAN_POINT('',(2.66045119183,0.824466900956,2.548257403521)
  );
#8804 = CARTESIAN_POINT('',(2.658989178828,0.82901256904,2.56607616691)
  );
#8805 = CARTESIAN_POINT('',(2.658861470367,0.829422730998,2.590440998534
    ));
#8806 = FACE_BOUND('',#8807,.T.);
#8807 = EDGE_LOOP('',(#8808,#8809,#8810,#8811,#8812,#8813,#8814));
#8808 = ORIENTED_EDGE('',*,*,#8710,.F.);
#8809 = ORIENTED_EDGE('',*,*,#8682,.T.);
#8810 = ORIENTED_EDGE('',*,*,#8654,.T.);
#8811 = ORIENTED_EDGE('',*,*,#8626,.T.);
#8812 = ORIENTED_EDGE('',*,*,#8598,.T.);
#8813 = ORIENTED_EDGE('',*,*,#8573,.T.);
#8814 = ORIENTED_EDGE('',*,*,#8732,.T.);
#8815 = ( BOUNDED_SURFACE() B_SPLINE_SURFACE(2,1,(
    (#8816,#8817)
    ,(#8818,#8819)
    ,(#8820,#8821
)),.UNSPECIFIED.,.F.,.F.,.F.) B_SPLINE_SURFACE_WITH_KNOTS((3,3),(2,2),(
    2.82981567014,2.889377342145),(4.8397423415,5.043118989931),
.PIECEWISE_BEZIER_KNOTS.) GEOMETRIC_REPRESENTATION_ITEM() 
RATIONAL_B_SPLINE_SURFACE((
    (1.,1.)
    ,(0.999556583677,0.999556583677)
,(1.,1.))) REPRESENTATION_ITEM('') SURFACE() );
#8816 = CARTESIAN_POINT('',(2.650494051024,0.855833713392,2.6902577585)
  );
#8817 = CARTESIAN_POINT('',(2.650494051024,0.855833713392,2.486881110069
    ));
#8818 = CARTESIAN_POINT('',(2.675989032084,0.776727492782,2.6902577585)
  );
#8819 = CARTESIAN_POINT('',(2.675989032084,0.776727492782,2.486881110069
    ));
#8820 = CARTESIAN_POINT('',(2.696729890212,0.696243923015,2.6902577585)
  );
#8821 = CARTESIAN_POINT('',(2.696729890212,0.696243923015,2.486881110069
    ));
#8822 = ADVANCED_FACE('',(#8823),#8846,.T.);
#8823 = FACE_BOUND('',#8824,.T.);
#8824 = EDGE_LOOP('',(#8825,#8832,#8833,#8840));
#8825 = ORIENTED_EDGE('',*,*,#8826,.T.);
#8826 = EDGE_CURVE('',#8827,#8760,#8829,.T.);
#8827 = VERTEX_POINT('',#8828);
#8828 = CARTESIAN_POINT('',(2.68037466996,0.719140377074,2.510067711603)
  );
#8829 = B_SPLINE_CURVE_WITH_KNOTS('',1,(#8830,#8831),.UNSPECIFIED.,.F.,
  .F.,(2,2),(0.,1.E-02),.PIECEWISE_BEZIER_KNOTS.);
#8830 = CARTESIAN_POINT('',(2.68037466996,0.719140377074,2.510067711603)
  );
#8831 = CARTESIAN_POINT('',(2.690034291075,0.721727212963,2.510067711603
    ));
#8832 = ORIENTED_EDGE('',*,*,#8759,.F.);
#8833 = ORIENTED_EDGE('',*,*,#8834,.F.);
#8834 = EDGE_CURVE('',#8835,#8749,#8837,.T.);
#8835 = VERTEX_POINT('',#8836);
#8836 = CARTESIAN_POINT('',(2.672584624172,0.747623287758,2.510067711603
    ));
#8837 = B_SPLINE_CURVE_WITH_KNOTS('',1,(#8838,#8839),.UNSPECIFIED.,.F.,
  .F.,(2,2),(0.,1.),.PIECEWISE_BEZIER_KNOTS.);
#8838 = CARTESIAN_POINT('',(2.672584624172,0.747623287758,2.510067711603
    ));
#8839 = CARTESIAN_POINT('',(2.682216223539,0.75031258016,2.510067711603)
  );
#8840 = ORIENTED_EDGE('',*,*,#8841,.T.);
#8841 = EDGE_CURVE('',#8835,#8827,#8842,.T.);
#8842 = ( BOUNDED_CURVE() B_SPLINE_CURVE(2,(#8843,#8844,#8845),
.UNSPECIFIED.,.F.,.F.) B_SPLINE_CURVE_WITH_KNOTS((3,3),(6.272563319833,
6.28318530718),.PIECEWISE_BEZIER_KNOTS.) CURVE() 
GEOMETRIC_REPRESENTATION_ITEM() RATIONAL_B_SPLINE_CURVE((1.,
0.999985896706,1.)) REPRESENTATION_ITEM('') );
#8843 = CARTESIAN_POINT('',(2.672584624172,0.747623287758,2.510067711603
    ));
#8844 = CARTESIAN_POINT('',(2.676555284056,0.733402519052,2.510067711603
    ));
#8845 = CARTESIAN_POINT('',(2.68037466996,0.719140377074,2.510067711603)
  );
#8846 = B_SPLINE_SURFACE_WITH_KNOTS('',1,1,(
    (#8847,#8848)
    ,(#8849,#8850
    )),.UNSPECIFIED.,.F.,.F.,.F.,(2,2),(2,2),(2.677584624172,
    2.695034291075),(0.719140377074,0.75031258016),
  .PIECEWISE_BEZIER_KNOTS.);
#8847 = CARTESIAN_POINT('',(2.672584624172,0.719140377074,2.510067711603
    ));
#8848 = CARTESIAN_POINT('',(2.672584624172,0.75031258016,2.510067711603)
  );
#8849 = CARTESIAN_POINT('',(2.690034291075,0.719140377074,2.510067711603
    ));
#8850 = CARTESIAN_POINT('',(2.690034291075,0.75031258016,2.510067711603)
  );
#8851 = ADVANCED_FACE('',(#8852),#8872,.F.);
#8852 = FACE_BOUND('',#8853,.F.);
#8853 = EDGE_LOOP('',(#8854,#8865,#8870,#8871));
#8854 = ORIENTED_EDGE('',*,*,#8855,.T.);
#8855 = EDGE_CURVE('',#8835,#8856,#8858,.T.);
#8856 = VERTEX_POINT('',#8857);
#8857 = CARTESIAN_POINT('',(2.655692684025,0.805676387378,2.531278773095
    ));
#8858 = B_SPLINE_CURVE_WITH_KNOTS('',3,(#8859,#8860,#8861,#8862,#8863,
    #8864),.UNSPECIFIED.,.F.,.F.,(4,2,4),(0.,0.5,1.),.UNSPECIFIED.);
#8859 = CARTESIAN_POINT('',(2.672584624172,0.747623287758,2.510067711603
    ));
#8860 = CARTESIAN_POINT('',(2.669070449358,0.760209172391,2.510292181787
    ));
#8861 = CARTESIAN_POINT('',(2.666464976138,0.769269009684,2.51132582804)
  );
#8862 = CARTESIAN_POINT('',(2.660863648154,0.788461119803,2.517693084255
    ));
#8863 = CARTESIAN_POINT('',(2.658199907232,0.797396449491,2.523282856571
    ));
#8864 = CARTESIAN_POINT('',(2.655692684025,0.805676387378,2.531278773095
    ));
#8865 = ORIENTED_EDGE('',*,*,#8866,.T.);
#8866 = EDGE_CURVE('',#8856,#8751,#8867,.T.);
#8867 = B_SPLINE_CURVE_WITH_KNOTS('',1,(#8868,#8869),.UNSPECIFIED.,.F.,
  .F.,(2,2),(0.,1.),.PIECEWISE_BEZIER_KNOTS.);
#8868 = CARTESIAN_POINT('',(2.655692684025,0.805676387378,2.531278773095
    ));
#8869 = CARTESIAN_POINT('',(2.665264947483,0.808569793058,2.531274240482
    ));
#8870 = ORIENTED_EDGE('',*,*,#8748,.F.);
#8871 = ORIENTED_EDGE('',*,*,#8834,.F.);
#8872 = B_SPLINE_SURFACE_WITH_KNOTS('',1,3,(
    (#8873,#8874,#8875,#8876)
    ,(#8877,#8878,#8879,#8880
    )),.UNSPECIFIED.,.F.,.F.,.F.,(2,2),(4,4),(0.,1.),(0.,1.),
  .PIECEWISE_BEZIER_KNOTS.);
#8873 = CARTESIAN_POINT('',(2.682216223539,0.75031258016,2.510067711603)
  );
#8874 = CARTESIAN_POINT('',(2.675183056216,0.775501603819,2.510515349497
    ));
#8875 = CARTESIAN_POINT('',(2.670296799089,0.791952437808,2.515284416678
    ));
#8876 = CARTESIAN_POINT('',(2.665263521017,0.808574503879,2.531278773095
    ));
#8877 = CARTESIAN_POINT('',(2.672584624172,0.747623287758,2.510067711603
    ));
#8878 = CARTESIAN_POINT('',(2.665576902914,0.772721177295,2.510515334322
    ));
#8879 = CARTESIAN_POINT('',(2.660707564734,0.789115077374,2.515285555013
    ));
#8880 = CARTESIAN_POINT('',(2.655692684025,0.805676387378,2.531278773095
    ));
#8881 = ADVANCED_FACE('',(#8882),#8902,.F.);
#8882 = FACE_BOUND('',#8883,.F.);
#8883 = EDGE_LOOP('',(#8884,#8895,#8900,#8901));
#8884 = ORIENTED_EDGE('',*,*,#8885,.T.);
#8885 = EDGE_CURVE('',#8856,#8886,#8888,.T.);
#8886 = VERTEX_POINT('',#8887);
#8887 = CARTESIAN_POINT('',(2.649313579792,0.826449889668,2.590440998534
    ));
#8888 = B_SPLINE_CURVE_WITH_KNOTS('',3,(#8889,#8890,#8891,#8892,#8893,
    #8894),.UNSPECIFIED.,.F.,.F.,(4,2,4),(0.,0.5,1.),.UNSPECIFIED.);
#8889 = CARTESIAN_POINT('',(2.655692684025,0.805676387378,2.531278773095
    ));
#8890 = CARTESIAN_POINT('',(2.65336750499,0.813355136494,2.539511868221)
  );
#8891 = CARTESIAN_POINT('',(2.651558022501,0.819211735735,2.549910002327
    ));
#8892 = CARTESIAN_POINT('',(2.649844643288,0.824747424904,2.567094753859
    ));
#8893 = CARTESIAN_POINT('',(2.64937990855,0.826236861236,2.577740960672)
  );
#8894 = CARTESIAN_POINT('',(2.649313579792,0.826449889668,2.590440998534
    ));
#8895 = ORIENTED_EDGE('',*,*,#8896,.T.);
#8896 = EDGE_CURVE('',#8886,#8792,#8897,.T.);
#8897 = B_SPLINE_CURVE_WITH_KNOTS('',1,(#8898,#8899),.UNSPECIFIED.,.F.,
  .F.,(2,2),(0.,1.),.PIECEWISE_BEZIER_KNOTS.);
#8898 = CARTESIAN_POINT('',(2.649313579792,0.826449889668,2.590440998534
    ));
#8899 = CARTESIAN_POINT('',(2.658861470367,0.829422730998,2.590440998534
    ));
#8900 = ORIENTED_EDGE('',*,*,#8800,.F.);
#8901 = ORIENTED_EDGE('',*,*,#8866,.F.);
#8902 = B_SPLINE_SURFACE_WITH_KNOTS('',1,3,(
    (#8903,#8904,#8905,#8906)
    ,(#8907,#8908,#8909,#8910
    )),.UNSPECIFIED.,.F.,.F.,.F.,(2,2),(4,4),(0.,1.),(0.,1.),
  .PIECEWISE_BEZIER_KNOTS.);
#8903 = CARTESIAN_POINT('',(2.665263521017,0.808574503879,2.531278773095
    ));
#8904 = CARTESIAN_POINT('',(2.66045119183,0.824466900956,2.548257403521)
  );
#8905 = CARTESIAN_POINT('',(2.658989178828,0.82901256904,2.56607616691)
  );
#8906 = CARTESIAN_POINT('',(2.658861470367,0.829422730998,2.590440998534
    ));
#8907 = CARTESIAN_POINT('',(2.655692684025,0.805676387378,2.531278773095
    ));
#8908 = CARTESIAN_POINT('',(2.650897368541,0.821512597828,2.548258234867
    ));
#8909 = CARTESIAN_POINT('',(2.649440833738,0.826041187482,2.566075550304
    ));
#8910 = CARTESIAN_POINT('',(2.649313579792,0.826449889668,2.590440998534
    ));
#8911 = ADVANCED_FACE('',(#8912),#8932,.F.);
#8912 = FACE_BOUND('',#8913,.F.);
#8913 = EDGE_LOOP('',(#8914,#8925,#8930,#8931));
#8914 = ORIENTED_EDGE('',*,*,#8915,.T.);
#8915 = EDGE_CURVE('',#8886,#8916,#8918,.T.);
#8916 = VERTEX_POINT('',#8917);
#8917 = CARTESIAN_POINT('',(2.655858361406,0.80512904589,2.647731659723)
  );
#8918 = B_SPLINE_CURVE_WITH_KNOTS('',3,(#8919,#8920,#8921,#8922,#8923,
    #8924),.UNSPECIFIED.,.F.,.F.,(4,2,4),(0.,0.5,1.),.UNSPECIFIED.);
#8919 = CARTESIAN_POINT('',(2.649313579792,0.826449889668,2.590440998534
    ));
#8920 = CARTESIAN_POINT('',(2.649382031966,0.82623004145,2.60300914618)
  );
#8921 = CARTESIAN_POINT('',(2.649698647454,0.825219294062,2.611973641293
    ));
#8922 = CARTESIAN_POINT('',(2.651729227053,0.818658418518,2.631473721372
    ));
#8923 = CARTESIAN_POINT('',(2.653458714873,0.813059600097,2.640143047502
    ));
#8924 = CARTESIAN_POINT('',(2.655858361406,0.80512904589,2.647731659723)
  );
#8925 = ORIENTED_EDGE('',*,*,#8926,.T.);
#8926 = EDGE_CURVE('',#8916,#8783,#8927,.T.);
#8927 = B_SPLINE_CURVE_WITH_KNOTS('',1,(#8928,#8929),.UNSPECIFIED.,.F.,
  .F.,(2,2),(0.,1.),.PIECEWISE_BEZIER_KNOTS.);
#8928 = CARTESIAN_POINT('',(2.655858361406,0.80512904589,2.647731659723)
  );
#8929 = CARTESIAN_POINT('',(2.66542834836,0.808029972388,2.647727102902)
  );
#8930 = ORIENTED_EDGE('',*,*,#8791,.F.);
#8931 = ORIENTED_EDGE('',*,*,#8896,.F.);
#8932 = B_SPLINE_SURFACE_WITH_KNOTS('',1,3,(
    (#8933,#8934,#8935,#8936)
    ,(#8937,#8938,#8939,#8940
    )),.UNSPECIFIED.,.F.,.F.,.F.,(2,2),(4,4),(0.,1.),(0.,1.),
  .PIECEWISE_BEZIER_KNOTS.);
#8933 = CARTESIAN_POINT('',(2.658861470367,0.829422730998,2.590440998534
    ));
#8934 = CARTESIAN_POINT('',(2.658992271764,0.829002635443,2.614370684691
    ));
#8935 = CARTESIAN_POINT('',(2.660442723843,0.824506884707,2.632017137271
    ));
#8936 = CARTESIAN_POINT('',(2.665429794361,0.808025193538,2.647731659723
    ));
#8937 = CARTESIAN_POINT('',(2.649313579792,0.826449889668,2.590440998534
    ));
#8938 = CARTESIAN_POINT('',(2.649443915594,0.826031289469,2.614371277127
    ));
#8939 = CARTESIAN_POINT('',(2.650888913477,0.821552496444,2.632016339666
    ));
#8940 = CARTESIAN_POINT('',(2.655858361406,0.80512904589,2.647731659723)
  );
#8941 = ADVANCED_FACE('',(#8942),#8962,.F.);
#8942 = FACE_BOUND('',#8943,.F.);
#8943 = EDGE_LOOP('',(#8944,#8953,#8960,#8961));
#8944 = ORIENTED_EDGE('',*,*,#8945,.T.);
#8945 = EDGE_CURVE('',#8916,#8946,#8948,.T.);
#8946 = VERTEX_POINT('',#8947);
#8947 = CARTESIAN_POINT('',(2.672262812004,0.748774889712,2.666863205383
    ));
#8948 = B_SPLINE_CURVE_WITH_KNOTS('',3,(#8949,#8950,#8951,#8952),
  .UNSPECIFIED.,.F.,.F.,(4,4),(0.,1.),.PIECEWISE_BEZIER_KNOTS.);
#8949 = CARTESIAN_POINT('',(2.655858361406,0.80512904589,2.647731659723)
  );
#8950 = CARTESIAN_POINT('',(2.660250519775,0.790613470553,2.660097378062
    ));
#8951 = CARTESIAN_POINT('',(2.665808254825,0.771853315736,2.666474559949
    ));
#8952 = CARTESIAN_POINT('',(2.672262812004,0.748774889712,2.666863205383
    ));
#8953 = ORIENTED_EDGE('',*,*,#8954,.T.);
#8954 = EDGE_CURVE('',#8946,#8775,#8955,.T.);
#8955 = B_SPLINE_CURVE_WITH_KNOTS('',3,(#8956,#8957,#8958,#8959),
  .UNSPECIFIED.,.F.,.F.,(4,4),(0.,1.),.PIECEWISE_BEZIER_KNOTS.);
#8956 = CARTESIAN_POINT('',(2.672262812004,0.748774889712,2.666863205383
    ));
#8957 = CARTESIAN_POINT('',(2.67547295926,0.74967270133,2.666863205383)
  );
#8958 = CARTESIAN_POINT('',(2.678683106517,0.750570512948,2.666863205383
    ));
#8959 = CARTESIAN_POINT('',(2.681893253773,0.751468324567,2.666863205383
    ));
#8960 = ORIENTED_EDGE('',*,*,#8782,.F.);
#8961 = ORIENTED_EDGE('',*,*,#8926,.F.);
#8962 = B_SPLINE_SURFACE_WITH_KNOTS('',1,3,(
    (#8963,#8964,#8965,#8966)
    ,(#8967,#8968,#8969,#8970
    )),.UNSPECIFIED.,.F.,.F.,.F.,(2,2),(4,4),(0.,1.),(0.,1.),
  .PIECEWISE_BEZIER_KNOTS.);
#8963 = CARTESIAN_POINT('',(2.665429794361,0.808025193538,2.647731659723
    ));
#8964 = CARTESIAN_POINT('',(2.669837710868,0.793457539377,2.660097263064
    ));
#8965 = CARTESIAN_POINT('',(2.675415418563,0.77462998176,2.666474556337)
  );
#8966 = CARTESIAN_POINT('',(2.681893253773,0.751468324567,2.666863205383
    ));
#8967 = CARTESIAN_POINT('',(2.655858361406,0.80512904589,2.647731659723)
  );
#8968 = CARTESIAN_POINT('',(2.66025047911,0.790613604946,2.660097263574)
  );
#8969 = CARTESIAN_POINT('',(2.665808194715,0.77185353066,2.666474556329)
  );
#8970 = CARTESIAN_POINT('',(2.672262812004,0.748774889712,2.666863205383
    ));
#8971 = ADVANCED_FACE('',(#8972),#8989,.F.);
#8972 = FACE_BOUND('',#8973,.T.);
#8973 = EDGE_LOOP('',(#8974,#8975,#8976,#8983));
#8974 = ORIENTED_EDGE('',*,*,#8954,.T.);
#8975 = ORIENTED_EDGE('',*,*,#8774,.T.);
#8976 = ORIENTED_EDGE('',*,*,#8977,.F.);
#8977 = EDGE_CURVE('',#8978,#8768,#8980,.T.);
#8978 = VERTEX_POINT('',#8979);
#8979 = CARTESIAN_POINT('',(2.68037466996,0.719140377074,2.666863205383)
  );
#8980 = B_SPLINE_CURVE_WITH_KNOTS('',1,(#8981,#8982),.UNSPECIFIED.,.F.,
  .F.,(2,2),(0.,1.E-02),.PIECEWISE_BEZIER_KNOTS.);
#8981 = CARTESIAN_POINT('',(2.68037466996,0.719140377074,2.666863205383)
  );
#8982 = CARTESIAN_POINT('',(2.690034291075,0.721727212963,2.666863205383
    ));
#8983 = ORIENTED_EDGE('',*,*,#8984,.F.);
#8984 = EDGE_CURVE('',#8946,#8978,#8985,.T.);
#8985 = ( BOUNDED_CURVE() B_SPLINE_CURVE(2,(#8986,#8987,#8988),
.UNSPECIFIED.,.F.,.F.) B_SPLINE_CURVE_WITH_KNOTS((3,3),(6.272133204148,
6.28318530718),.PIECEWISE_BEZIER_KNOTS.) CURVE() 
GEOMETRIC_REPRESENTATION_ITEM() RATIONAL_B_SPLINE_CURVE((1.,
0.999984731416,1.)) REPRESENTATION_ITEM('') );
#8986 = CARTESIAN_POINT('',(2.672262812004,0.748774889712,2.666863205383
    ));
#8987 = CARTESIAN_POINT('',(2.676400622737,0.733980046893,2.666863205383
    ));
#8988 = CARTESIAN_POINT('',(2.68037466996,0.719140377074,2.666863205383)
  );
#8989 = B_SPLINE_SURFACE_WITH_KNOTS('',1,1,(
    (#8990,#8991)
    ,(#8992,#8993
    )),.UNSPECIFIED.,.F.,.F.,.F.,(2,2),(2,2),(2.677262812004,
    2.695034291075),(0.719140377074,0.751468324567),
  .PIECEWISE_BEZIER_KNOTS.);
#8990 = CARTESIAN_POINT('',(2.672262812004,0.719140377074,2.666863205383
    ));
#8991 = CARTESIAN_POINT('',(2.672262812004,0.751468324567,2.666863205383
    ));
#8992 = CARTESIAN_POINT('',(2.690034291075,0.719140377074,2.666863205383
    ));
#8993 = CARTESIAN_POINT('',(2.690034291075,0.751468324567,2.666863205383
    ));
#8994 = ADVANCED_FACE('',(#8995),#9005,.F.);
#8995 = FACE_BOUND('',#8996,.T.);
#8996 = EDGE_LOOP('',(#8997,#9002,#9003,#9004));
#8997 = ORIENTED_EDGE('',*,*,#8998,.F.);
#8998 = EDGE_CURVE('',#8978,#8827,#8999,.T.);
#8999 = B_SPLINE_CURVE_WITH_KNOTS('',1,(#9000,#9001),.UNSPECIFIED.,.F.,
  .F.,(2,2),(0.,0.156795493781),.PIECEWISE_BEZIER_KNOTS.);
#9000 = CARTESIAN_POINT('',(2.68037466996,0.719140377074,2.666863205383)
  );
#9001 = CARTESIAN_POINT('',(2.68037466996,0.719140377074,2.510067711603)
  );
#9002 = ORIENTED_EDGE('',*,*,#8977,.T.);
#9003 = ORIENTED_EDGE('',*,*,#8767,.T.);
#9004 = ORIENTED_EDGE('',*,*,#8826,.F.);
#9005 = B_SPLINE_SURFACE_WITH_KNOTS('',1,1,(
    (#9006,#9007)
    ,(#9008,#9009
    )),.UNSPECIFIED.,.F.,.F.,.F.,(2,2),(2,2),(-7.839774689037E-02,
    7.839774689037E-02),(0.,1.E-02),.PIECEWISE_BEZIER_KNOTS.);
#9006 = CARTESIAN_POINT('',(2.68037466996,0.719140377074,2.666863205383)
  );
#9007 = CARTESIAN_POINT('',(2.690034291075,0.721727212963,2.666863205383
    ));
#9008 = CARTESIAN_POINT('',(2.68037466996,0.719140377074,2.510067711603)
  );
#9009 = CARTESIAN_POINT('',(2.690034291075,0.721727212963,2.510067711603
    ));
#9010 = ADVANCED_FACE('',(#9011),#9020,.T.);
#9011 = FACE_BOUND('',#9012,.T.);
#9012 = EDGE_LOOP('',(#9013,#9014,#9015,#9016,#9017,#9018,#9019));
#9013 = ORIENTED_EDGE('',*,*,#8841,.F.);
#9014 = ORIENTED_EDGE('',*,*,#8855,.T.);
#9015 = ORIENTED_EDGE('',*,*,#8885,.T.);
#9016 = ORIENTED_EDGE('',*,*,#8915,.T.);
#9017 = ORIENTED_EDGE('',*,*,#8945,.T.);
#9018 = ORIENTED_EDGE('',*,*,#8984,.T.);
#9019 = ORIENTED_EDGE('',*,*,#8998,.T.);
#9020 = ( BOUNDED_SURFACE() B_SPLINE_SURFACE(2,1,(
    (#9021,#9022)
    ,(#9023,#9024)
    ,(#9025,#9026
)),.UNSPECIFIED.,.F.,.F.,.F.) B_SPLINE_SURFACE_WITH_KNOTS((3,3),(2,2),(
    2.839745732256,2.879933497762),(4.863136894617,5.019932388397),
.PIECEWISE_BEZIER_KNOTS.) GEOMETRIC_REPRESENTATION_ITEM() 
RATIONAL_B_SPLINE_SURFACE((
    (1.,1.)
    ,(0.999798124731,0.999798124731)
,(1.,1.))) REPRESENTATION_ITEM('') SURFACE() );
#9021 = CARTESIAN_POINT('',(2.649313579792,0.826449889668,2.666863205383
    ));
#9022 = CARTESIAN_POINT('',(2.649313579792,0.826449889668,2.510067711603
    ));
#9023 = CARTESIAN_POINT('',(2.665922402385,0.773107244331,2.666863205383
    ));
#9024 = CARTESIAN_POINT('',(2.665922402385,0.773107244331,2.510067711603
    ));
#9025 = CARTESIAN_POINT('',(2.68037466996,0.719140377074,2.666863205383)
  );
#9026 = CARTESIAN_POINT('',(2.68037466996,0.719140377074,2.510067711603)
  );
#9027 = ADVANCED_FACE('',(#9028),#9054,.T.);
#9028 = FACE_BOUND('',#9029,.T.);
#9029 = EDGE_LOOP('',(#9030,#9039,#9040,#9047));
#9030 = ORIENTED_EDGE('',*,*,#9031,.F.);
#9031 = EDGE_CURVE('',#1276,#9032,#9034,.T.);
#9032 = VERTEX_POINT('',#9033);
#9033 = CARTESIAN_POINT('',(2.621825828607,0.94015215054,2.6902577585));
#9034 = B_SPLINE_CURVE_WITH_KNOTS('',3,(#9035,#9036,#9037,#9038),
  .UNSPECIFIED.,.F.,.F.,(4,4),(0.,1.),.PIECEWISE_BEZIER_KNOTS.);
#9035 = CARTESIAN_POINT('',(2.612410682268,0.93678242957,2.6902577585));
#9036 = CARTESIAN_POINT('',(2.615549064381,0.937905669893,2.6902577585)
  );
#9037 = CARTESIAN_POINT('',(2.618687446494,0.939028910216,2.6902577585)
  );
#9038 = CARTESIAN_POINT('',(2.621825828607,0.94015215054,2.6902577585));
#9039 = ORIENTED_EDGE('',*,*,#1275,.T.);
#9040 = ORIENTED_EDGE('',*,*,#9041,.T.);
#9041 = EDGE_CURVE('',#1268,#9042,#9044,.T.);
#9042 = VERTEX_POINT('',#9043);
#9043 = CARTESIAN_POINT('',(2.646999181301,0.866602759271,2.486881110069
    ));
#9044 = B_SPLINE_CURVE_WITH_KNOTS('',1,(#9045,#9046),.UNSPECIFIED.,.F.,
  .F.,(2,2),(0.,1.),.PIECEWISE_BEZIER_KNOTS.);
#9045 = CARTESIAN_POINT('',(2.637493807892,0.863496656192,2.486881110069
    ));
#9046 = CARTESIAN_POINT('',(2.646999181301,0.866602759271,2.486881110069
    ));
#9047 = ORIENTED_EDGE('',*,*,#9048,.F.);
#9048 = EDGE_CURVE('',#9032,#9042,#9049,.T.);
#9049 = B_SPLINE_CURVE_WITH_KNOTS('',3,(#9050,#9051,#9052,#9053),
  .UNSPECIFIED.,.F.,.F.,(4,4),(0.,1.),.PIECEWISE_BEZIER_KNOTS.);
#9050 = CARTESIAN_POINT('',(2.621825828607,0.94015215054,2.6902577585));
#9051 = CARTESIAN_POINT('',(2.630557966827,0.915754178144,2.622465542356
    ));
#9052 = CARTESIAN_POINT('',(2.638950170222,0.891234541902,2.554673326213
    ));
#9053 = CARTESIAN_POINT('',(2.646999181301,0.866602759271,2.486881110069
    ));
#9054 = B_SPLINE_SURFACE_WITH_KNOTS('',1,3,(
    (#9055,#9056,#9057,#9058)
    ,(#9059,#9060,#9061,#9062
    )),.UNSPECIFIED.,.F.,.F.,.F.,(2,2),(4,4),(0.,1.),(0.,1.),
  .PIECEWISE_BEZIER_KNOTS.);
#9055 = CARTESIAN_POINT('',(2.621825828607,0.94015215054,2.6902577585));
#9056 = CARTESIAN_POINT('',(2.630557966848,0.915754178086,2.622465542196
    ));
#9057 = CARTESIAN_POINT('',(2.638950170203,0.89123454196,2.554673326373)
  );
#9058 = CARTESIAN_POINT('',(2.646999181301,0.866602759271,2.486881110069
    ));
#9059 = CARTESIAN_POINT('',(2.612410682268,0.93678242957,2.6902577585));
#9060 = CARTESIAN_POINT('',(2.621111522522,0.912471905047,2.622465542197
    ));
#9061 = CARTESIAN_POINT('',(2.629473646295,0.888040152921,2.554673326372
    ));
#9062 = CARTESIAN_POINT('',(2.637493807892,0.863496656192,2.486881110069
    ));
#9063 = ADVANCED_FACE('',(#9064),#9083,.F.);
#9064 = FACE_BOUND('',#9065,.T.);
#9065 = EDGE_LOOP('',(#9066,#9067,#9068,#9077));
#9066 = ORIENTED_EDGE('',*,*,#9041,.F.);
#9067 = ORIENTED_EDGE('',*,*,#1265,.F.);
#9068 = ORIENTED_EDGE('',*,*,#9069,.T.);
#9069 = EDGE_CURVE('',#1266,#9070,#9072,.T.);
#9070 = VERTEX_POINT('',#9071);
#9071 = CARTESIAN_POINT('',(2.637811977277,0.894228635618,2.486881110069
    ));
#9072 = B_SPLINE_CURVE_WITH_KNOTS('',3,(#9073,#9074,#9075,#9076),
  .UNSPECIFIED.,.F.,.F.,(4,4),(0.,1.),.PIECEWISE_BEZIER_KNOTS.);
#9073 = CARTESIAN_POINT('',(2.628339532914,0.891023515061,2.486881110069
    ));
#9074 = CARTESIAN_POINT('',(2.631497014369,0.89209188858,2.486881110069)
  );
#9075 = CARTESIAN_POINT('',(2.634654495823,0.893160262099,2.486881110069
    ));
#9076 = CARTESIAN_POINT('',(2.637811977277,0.894228635618,2.486881110069
    ));
#9077 = ORIENTED_EDGE('',*,*,#9078,.T.);
#9078 = EDGE_CURVE('',#9070,#9042,#9079,.T.);
#9079 = ( BOUNDED_CURVE() B_SPLINE_CURVE(2,(#9080,#9081,#9082),
.UNSPECIFIED.,.F.,.F.) B_SPLINE_CURVE_WITH_KNOTS((3,3),(2.815322641631,
2.825757622158),.PIECEWISE_BEZIER_KNOTS.) CURVE() 
GEOMETRIC_REPRESENTATION_ITEM() RATIONAL_B_SPLINE_CURVE((1.,
0.999986388929,1.)) REPRESENTATION_ITEM('') );
#9080 = CARTESIAN_POINT('',(2.637811977277,0.894228635618,2.486881110069
    ));
#9081 = CARTESIAN_POINT('',(2.642477648814,0.880439664736,2.486881110069
    ));
#9082 = CARTESIAN_POINT('',(2.646999181301,0.866602759271,2.486881110069
    ));
#9083 = B_SPLINE_SURFACE_WITH_KNOTS('',1,1,(
    (#9084,#9085)
    ,(#9086,#9087
    )),.UNSPECIFIED.,.F.,.F.,.F.,(2,2),(2,2),(2.633339532914,
    2.651999181301),(0.863496656192,0.894228635618),
  .PIECEWISE_BEZIER_KNOTS.);
#9084 = CARTESIAN_POINT('',(2.628339532914,0.863496656192,2.486881110069
    ));
#9085 = CARTESIAN_POINT('',(2.628339532914,0.894228635618,2.486881110069
    ));
#9086 = CARTESIAN_POINT('',(2.646999181301,0.863496656192,2.486881110069
    ));
#9087 = CARTESIAN_POINT('',(2.646999181301,0.894228635618,2.486881110069
    ));
#9088 = ADVANCED_FACE('',(#9089),#9107,.T.);
#9089 = FACE_BOUND('',#9090,.T.);
#9090 = EDGE_LOOP('',(#9091,#9092,#9093,#9100));
#9091 = ORIENTED_EDGE('',*,*,#9069,.F.);
#9092 = ORIENTED_EDGE('',*,*,#1326,.T.);
#9093 = ORIENTED_EDGE('',*,*,#9094,.T.);
#9094 = EDGE_CURVE('',#1319,#9095,#9097,.T.);
#9095 = VERTEX_POINT('',#9096);
#9096 = CARTESIAN_POINT('',(2.63145896755,0.912789193859,2.542508158591)
  );
#9097 = B_SPLINE_CURVE_WITH_KNOTS('',1,(#9098,#9099),.UNSPECIFIED.,.F.,
  .F.,(2,2),(0.,1.),.PIECEWISE_BEZIER_KNOTS.);
#9098 = CARTESIAN_POINT('',(2.622009293831,0.909517548003,2.542508158591
    ));
#9099 = CARTESIAN_POINT('',(2.63145896755,0.912789193859,2.542508158591)
  );
#9100 = ORIENTED_EDGE('',*,*,#9101,.F.);
#9101 = EDGE_CURVE('',#9070,#9095,#9102,.T.);
#9102 = B_SPLINE_CURVE_WITH_KNOTS('',3,(#9103,#9104,#9105,#9106),
  .UNSPECIFIED.,.F.,.F.,(4,4),(0.,1.),.PIECEWISE_BEZIER_KNOTS.);
#9103 = CARTESIAN_POINT('',(2.637811977277,0.894228635618,2.486881110069
    ));
#9104 = CARTESIAN_POINT('',(2.635716067386,0.900422908026,2.505423459576
    ));
#9105 = CARTESIAN_POINT('',(2.633598380027,0.906609811755,2.523965809084
    ));
#9106 = CARTESIAN_POINT('',(2.63145896755,0.912789193859,2.542508158591)
  );
#9107 = B_SPLINE_SURFACE_WITH_KNOTS('',1,3,(
    (#9108,#9109,#9110,#9111)
    ,(#9112,#9113,#9114,#9115
    )),.UNSPECIFIED.,.F.,.F.,.F.,(2,2),(4,4),(0.,1.),(0.,1.),
  .PIECEWISE_BEZIER_KNOTS.);
#9108 = CARTESIAN_POINT('',(2.637811977277,0.894228635618,2.486881110069
    ));
#9109 = CARTESIAN_POINT('',(2.635716067386,0.900422908027,2.505423459576
    ));
#9110 = CARTESIAN_POINT('',(2.633598380027,0.906609811754,2.523965809083
    ));
#9111 = CARTESIAN_POINT('',(2.63145896755,0.912789193859,2.542508158591)
  );
#9112 = CARTESIAN_POINT('',(2.628339532914,0.891023515061,2.486881110069
    ));
#9113 = CARTESIAN_POINT('',(2.626251135245,0.897195585776,2.505423459576
    ));
#9114 = CARTESIAN_POINT('',(2.624141038163,0.903360314221,2.523965809083
    ));
#9115 = CARTESIAN_POINT('',(2.622009293831,0.909517548003,2.542508158591
    ));
#9116 = ADVANCED_FACE('',(#9117),#9136,.F.);
#9117 = FACE_BOUND('',#9118,.T.);
#9118 = EDGE_LOOP('',(#9119,#9120,#9121,#9130));
#9119 = ORIENTED_EDGE('',*,*,#9094,.F.);
#9120 = ORIENTED_EDGE('',*,*,#1318,.F.);
#9121 = ORIENTED_EDGE('',*,*,#9122,.T.);
#9122 = EDGE_CURVE('',#1310,#9123,#9125,.T.);
#9123 = VERTEX_POINT('',#9124);
#9124 = CARTESIAN_POINT('',(2.602433347999,0.992668794585,2.542508158591
    ));
#9125 = B_SPLINE_CURVE_WITH_KNOTS('',3,(#9126,#9127,#9128,#9129),
  .UNSPECIFIED.,.F.,.F.,(4,4),(0.,1.),.PIECEWISE_BEZIER_KNOTS.);
#9126 = CARTESIAN_POINT('',(2.593087708759,0.989110841916,2.542508158591
    ));
#9127 = CARTESIAN_POINT('',(2.596202921839,0.990296826139,2.542508158591
    ));
#9128 = CARTESIAN_POINT('',(2.599318134919,0.991482810362,2.542508158591
    ));
#9129 = CARTESIAN_POINT('',(2.602433347999,0.992668794585,2.542508158591
    ));
#9130 = ORIENTED_EDGE('',*,*,#9131,.T.);
#9131 = EDGE_CURVE('',#9123,#9095,#9132,.T.);
#9132 = ( BOUNDED_CURVE() B_SPLINE_CURVE(2,(#9133,#9134,#9135),
.UNSPECIFIED.,.F.,.F.) B_SPLINE_CURVE_WITH_KNOTS((3,3),(2.777827774325,
2.808291185219),.PIECEWISE_BEZIER_KNOTS.) CURVE() 
GEOMETRIC_REPRESENTATION_ITEM() RATIONAL_B_SPLINE_CURVE((1.,
0.999883999817,1.)) REPRESENTATION_ITEM('') );
#9133 = CARTESIAN_POINT('',(2.602433347999,0.992668794585,2.542508158591
    ));
#9134 = CARTESIAN_POINT('',(2.6175545561,0.952950066163,2.542508158591)
  );
#9135 = CARTESIAN_POINT('',(2.63145896755,0.912789193859,2.542508158591)
  );
#9136 = B_SPLINE_SURFACE_WITH_KNOTS('',1,1,(
    (#9137,#9138)
    ,(#9139,#9140
    )),.UNSPECIFIED.,.F.,.F.,.F.,(2,2),(2,2),(2.598087708759,
    2.63645896755),(0.909517548003,0.992668794585),
  .PIECEWISE_BEZIER_KNOTS.);
#9137 = CARTESIAN_POINT('',(2.593087708759,0.909517548003,2.542508158591
    ));
#9138 = CARTESIAN_POINT('',(2.593087708759,0.992668794585,2.542508158591
    ));
#9139 = CARTESIAN_POINT('',(2.63145896755,0.909517548003,2.542508158591)
  );
#9140 = CARTESIAN_POINT('',(2.63145896755,0.992668794585,2.542508158591)
  );
#9141 = ADVANCED_FACE('',(#9142),#9160,.T.);
#9142 = FACE_BOUND('',#9143,.T.);
#9143 = EDGE_LOOP('',(#9144,#9145,#9146,#9153));
#9144 = ORIENTED_EDGE('',*,*,#9122,.F.);
#9145 = ORIENTED_EDGE('',*,*,#1309,.T.);
#9146 = ORIENTED_EDGE('',*,*,#9147,.T.);
#9147 = EDGE_CURVE('',#1302,#9148,#9150,.T.);
#9148 = VERTEX_POINT('',#9149);
#9149 = CARTESIAN_POINT('',(2.594953962783,1.012096532652,2.486881110069
    ));
#9150 = B_SPLINE_CURVE_WITH_KNOTS('',1,(#9151,#9152),.UNSPECIFIED.,.F.,
  .F.,(2,2),(0.,1.),.PIECEWISE_BEZIER_KNOTS.);
#9151 = CARTESIAN_POINT('',(2.585635131376,1.008468946514,2.486881110069
    ));
#9152 = CARTESIAN_POINT('',(2.594953962783,1.012096532652,2.486881110069
    ));
#9153 = ORIENTED_EDGE('',*,*,#9154,.F.);
#9154 = EDGE_CURVE('',#9123,#9148,#9155,.T.);
#9155 = B_SPLINE_CURVE_WITH_KNOTS('',3,(#9156,#9157,#9158,#9159),
  .UNSPECIFIED.,.F.,.F.,(4,4),(0.,1.),.PIECEWISE_BEZIER_KNOTS.);
#9156 = CARTESIAN_POINT('',(2.602433347999,0.992668794585,2.542508158591
    ));
#9157 = CARTESIAN_POINT('',(2.599964391406,0.999153978557,2.523965809084
    ));
#9158 = CARTESIAN_POINT('',(2.597471239866,1.005629951337,2.505423459576
    ));
#9159 = CARTESIAN_POINT('',(2.594953962783,1.012096532652,2.486881110069
    ));
#9160 = B_SPLINE_SURFACE_WITH_KNOTS('',1,3,(
    (#9161,#9162,#9163,#9164)
    ,(#9165,#9166,#9167,#9168
    )),.UNSPECIFIED.,.F.,.F.,.F.,(2,2),(4,4),(0.,1.),(0.,1.),
  .PIECEWISE_BEZIER_KNOTS.);
#9161 = CARTESIAN_POINT('',(2.602433347999,0.992668794585,2.542508158591
    ));
#9162 = CARTESIAN_POINT('',(2.599964391406,0.999153978557,2.523965809083
    ));
#9163 = CARTESIAN_POINT('',(2.597471239866,1.005629951337,2.505423459576
    ));
#9164 = CARTESIAN_POINT('',(2.594953962783,1.012096532652,2.486881110069
    ));
#9165 = CARTESIAN_POINT('',(2.593087708759,0.989110841916,2.542508158591
    ));
#9166 = CARTESIAN_POINT('',(2.590627601472,0.995572781501,2.523965809083
    ));
#9167 = CARTESIAN_POINT('',(2.58814338596,1.00202554291,2.505423459576)
  );
#9168 = CARTESIAN_POINT('',(2.585635131376,1.008468946514,2.486881110069
    ));
#9169 = ADVANCED_FACE('',(#9170),#9189,.F.);
#9170 = FACE_BOUND('',#9171,.T.);
#9171 = EDGE_LOOP('',(#9172,#9173,#9174,#9183));
#9172 = ORIENTED_EDGE('',*,*,#9147,.F.);
#9173 = ORIENTED_EDGE('',*,*,#1301,.F.);
#9174 = ORIENTED_EDGE('',*,*,#9175,.T.);
#9175 = EDGE_CURVE('',#1293,#9176,#9178,.T.);
#9176 = VERTEX_POINT('',#9177);
#9177 = CARTESIAN_POINT('',(2.584251395166,1.039171406761,2.486881110069
    ));
#9178 = B_SPLINE_CURVE_WITH_KNOTS('',3,(#9179,#9180,#9181,#9182),
  .UNSPECIFIED.,.F.,.F.,(4,4),(0.,1.),.PIECEWISE_BEZIER_KNOTS.);
#9179 = CARTESIAN_POINT('',(2.574970924216,1.035446778063,2.486881110069
    ));
#9180 = CARTESIAN_POINT('',(2.578064414533,1.036688320963,2.486881110069
    ));
#9181 = CARTESIAN_POINT('',(2.581157904849,1.037929863862,2.486881110069
    ));
#9182 = CARTESIAN_POINT('',(2.584251395166,1.039171406761,2.486881110069
    ));
#9183 = ORIENTED_EDGE('',*,*,#9184,.T.);
#9184 = EDGE_CURVE('',#9176,#9148,#9185,.T.);
#9185 = ( BOUNDED_CURVE() B_SPLINE_CURVE(2,(#9186,#9187,#9188),
.UNSPECIFIED.,.F.,.F.) B_SPLINE_CURVE_WITH_KNOTS((3,3),(2.759931221701,
2.770366202227),.PIECEWISE_BEZIER_KNOTS.) CURVE() 
GEOMETRIC_REPRESENTATION_ITEM() RATIONAL_B_SPLINE_CURVE((1.,
0.999986388929,1.)) REPRESENTATION_ITEM('') );
#9186 = CARTESIAN_POINT('',(2.584251395166,1.039171406761,2.486881110069
    ));
#9187 = CARTESIAN_POINT('',(2.589673311062,1.025661890231,2.486881110069
    ));
#9188 = CARTESIAN_POINT('',(2.594953962783,1.012096532652,2.486881110069
    ));
#9189 = B_SPLINE_SURFACE_WITH_KNOTS('',1,1,(
    (#9190,#9191)
    ,(#9192,#9193
    )),.UNSPECIFIED.,.F.,.F.,.F.,(2,2),(2,2),(2.579970924216,
    2.599953962783),(1.008468946514,1.039171406761),
  .PIECEWISE_BEZIER_KNOTS.);
#9190 = CARTESIAN_POINT('',(2.574970924216,1.008468946514,2.486881110069
    ));
#9191 = CARTESIAN_POINT('',(2.574970924216,1.039171406761,2.486881110069
    ));
#9192 = CARTESIAN_POINT('',(2.594953962783,1.008468946514,2.486881110069
    ));
#9193 = CARTESIAN_POINT('',(2.594953962783,1.039171406761,2.486881110069
    ));
#9194 = ADVANCED_FACE('',(#9195),#9213,.T.);
#9195 = FACE_BOUND('',#9196,.T.);
#9196 = EDGE_LOOP('',(#9197,#9198,#9199,#9206));
#9197 = ORIENTED_EDGE('',*,*,#9175,.F.);
#9198 = ORIENTED_EDGE('',*,*,#1292,.T.);
#9199 = ORIENTED_EDGE('',*,*,#9200,.T.);
#9200 = EDGE_CURVE('',#1285,#9201,#9203,.T.);
#9201 = VERTEX_POINT('',#9202);
#9202 = CARTESIAN_POINT('',(2.612198050513,0.966630417683,2.6902577585)
  );
#9203 = B_SPLINE_CURVE_WITH_KNOTS('',1,(#9204,#9205),.UNSPECIFIED.,.F.,
  .F.,(2,2),(0.,1.),.PIECEWISE_BEZIER_KNOTS.);
#9204 = CARTESIAN_POINT('',(2.602817412339,0.96316579253,2.6902577585));
#9205 = CARTESIAN_POINT('',(2.612198050513,0.966630417683,2.6902577585)
  );
#9206 = ORIENTED_EDGE('',*,*,#9207,.F.);
#9207 = EDGE_CURVE('',#9176,#9201,#9208,.T.);
#9208 = B_SPLINE_CURVE_WITH_KNOTS('',3,(#9209,#9210,#9211,#9212),
  .UNSPECIFIED.,.F.,.F.,(4,4),(0.,1.),.PIECEWISE_BEZIER_KNOTS.);
#9209 = CARTESIAN_POINT('',(2.584251395166,1.039171406761,2.486881110069
    ));
#9210 = CARTESIAN_POINT('',(2.59390322477,1.015122425905,2.554673326213)
  );
#9211 = CARTESIAN_POINT('',(2.603219982006,0.990938967224,2.622465542356
    ));
#9212 = CARTESIAN_POINT('',(2.612198050513,0.966630417683,2.6902577585)
  );
#9213 = B_SPLINE_SURFACE_WITH_KNOTS('',1,3,(
    (#9214,#9215,#9216,#9217)
    ,(#9218,#9219,#9220,#9221
    )),.UNSPECIFIED.,.F.,.F.,.F.,(2,2),(4,4),(0.,1.),(0.,1.),
  .PIECEWISE_BEZIER_KNOTS.);
#9214 = CARTESIAN_POINT('',(2.584251395166,1.039171406761,2.486881110069
    ));
#9215 = CARTESIAN_POINT('',(2.593903224793,1.015122425848,2.554673326373
    ));
#9216 = CARTESIAN_POINT('',(2.603219981984,0.990938967281,2.622465542196
    ));
#9217 = CARTESIAN_POINT('',(2.612198050513,0.966630417683,2.6902577585)
  );
#9218 = CARTESIAN_POINT('',(2.574970924216,1.035446778063,2.486881110069
    ));
#9219 = CARTESIAN_POINT('',(2.584588159471,1.011483994215,2.554673326372
    ));
#9220 = CARTESIAN_POINT('',(2.593871523268,0.98738721471,2.622465542197)
  );
#9221 = CARTESIAN_POINT('',(2.602817412339,0.96316579253,2.6902577585));
#9222 = ADVANCED_FACE('',(#9223),#9234,.T.);
#9223 = FACE_BOUND('',#9224,.T.);
#9224 = EDGE_LOOP('',(#9225,#9226,#9227,#9233));
#9225 = ORIENTED_EDGE('',*,*,#1284,.T.);
#9226 = ORIENTED_EDGE('',*,*,#9031,.T.);
#9227 = ORIENTED_EDGE('',*,*,#9228,.F.);
#9228 = EDGE_CURVE('',#9201,#9032,#9229,.T.);
#9229 = ( BOUNDED_CURVE() B_SPLINE_CURVE(2,(#9230,#9231,#9232),
.UNSPECIFIED.,.F.,.F.) B_SPLINE_CURVE_WITH_KNOTS((3,3),(2.787795237803,
2.797893606055),.PIECEWISE_BEZIER_KNOTS.) CURVE() 
GEOMETRIC_REPRESENTATION_ITEM() RATIONAL_B_SPLINE_CURVE((1.,
0.999987252897,1.)) REPRESENTATION_ITEM('') );
#9230 = CARTESIAN_POINT('',(2.612198050513,0.966630417683,2.6902577585)
  );
#9231 = CARTESIAN_POINT('',(2.617078786951,0.95341559053,2.6902577585));
#9232 = CARTESIAN_POINT('',(2.621825828607,0.94015215054,2.6902577585));
#9233 = ORIENTED_EDGE('',*,*,#9200,.F.);
#9234 = B_SPLINE_SURFACE_WITH_KNOTS('',1,1,(
    (#9235,#9236)
    ,(#9237,#9238
    )),.UNSPECIFIED.,.F.,.F.,.F.,(2,2),(2,2),(2.607817412339,
    2.626825828607),(0.93678242957,0.966630417683),
  .PIECEWISE_BEZIER_KNOTS.);
#9235 = CARTESIAN_POINT('',(2.602817412339,0.93678242957,2.6902577585));
#9236 = CARTESIAN_POINT('',(2.602817412339,0.966630417683,2.6902577585)
  );
#9237 = CARTESIAN_POINT('',(2.621825828607,0.93678242957,2.6902577585));
#9238 = CARTESIAN_POINT('',(2.621825828607,0.966630417683,2.6902577585)
  );
#9239 = ADVANCED_FACE('',(#9240,#9286),#9296,.T.);
#9240 = FACE_BOUND('',#9241,.T.);
#9241 = EDGE_LOOP('',(#9242,#9253,#9262,#9271,#9280));
#9242 = ORIENTED_EDGE('',*,*,#9243,.F.);
#9243 = EDGE_CURVE('',#9244,#9246,#9248,.T.);
#9244 = VERTEX_POINT('',#9245);
#9245 = CARTESIAN_POINT('',(2.618486527222,0.94943058803,2.650019127139)
  );
#9246 = VERTEX_POINT('',#9247);
#9247 = CARTESIAN_POINT('',(2.628716005034,0.920673669021,2.565486808542
    ));
#9248 = B_SPLINE_CURVE_WITH_KNOTS('',3,(#9249,#9250,#9251,#9252),
  .UNSPECIFIED.,.F.,.F.,(4,4),(0.,1.),.PIECEWISE_BEZIER_KNOTS.);
#9249 = CARTESIAN_POINT('',(2.618486527222,0.94943058803,2.650019127139)
  );
#9250 = CARTESIAN_POINT('',(2.621948752116,0.939863695537,2.621841687605
    ));
#9251 = CARTESIAN_POINT('',(2.625358646069,0.930277864664,2.593664248075
    ));
#9252 = CARTESIAN_POINT('',(2.628716005034,0.920673669021,2.565486808542
    ));
#9253 = ORIENTED_EDGE('',*,*,#9254,.F.);
#9254 = EDGE_CURVE('',#9255,#9244,#9257,.T.);
#9255 = VERTEX_POINT('',#9256);
#9256 = CARTESIAN_POINT('',(2.617187955675,0.953011149785,2.664263810591
    ));
#9257 = B_SPLINE_CURVE_WITH_KNOTS('',3,(#9258,#9259,#9260,#9261),
  .UNSPECIFIED.,.F.,.F.,(4,4),(0.,1.),.PIECEWISE_BEZIER_KNOTS.);
#9258 = CARTESIAN_POINT('',(2.617187955675,0.953011149785,2.664263810591
    ));
#9259 = CARTESIAN_POINT('',(2.617728354249,0.951523630148,2.659515582774
    ));
#9260 = CARTESIAN_POINT('',(2.6181077539,0.950477222422,2.654767354956)
  );
#9261 = CARTESIAN_POINT('',(2.618486527222,0.94943058803,2.650019127139)
  );
#9262 = ORIENTED_EDGE('',*,*,#9263,.F.);
#9263 = EDGE_CURVE('',#9264,#9255,#9266,.T.);
#9264 = VERTEX_POINT('',#9265);
#9265 = CARTESIAN_POINT('',(2.616045484927,0.956148819976,2.650019127139
    ));
#9266 = B_SPLINE_CURVE_WITH_KNOTS('',3,(#9267,#9268,#9269,#9270),
  .UNSPECIFIED.,.F.,.F.,(4,4),(0.,1.),.PIECEWISE_BEZIER_KNOTS.);
#9267 = CARTESIAN_POINT('',(2.616045484927,0.956148819976,2.650019127139
    ));
#9268 = CARTESIAN_POINT('',(2.616409057839,0.95515217477,2.654767354956)
  );
#9269 = CARTESIAN_POINT('',(2.616772062292,0.954155322194,2.659515582774
    ));
#9270 = CARTESIAN_POINT('',(2.617187955675,0.953011149785,2.664263810591
    ));
#9271 = ORIENTED_EDGE('',*,*,#9272,.F.);
#9272 = EDGE_CURVE('',#9273,#9264,#9275,.T.);
#9273 = VERTEX_POINT('',#9274);
#9274 = CARTESIAN_POINT('',(2.605318167399,0.985057899285,2.565486808542
    ));
#9275 = B_SPLINE_CURVE_WITH_KNOTS('',3,(#9276,#9277,#9278,#9279),
  .UNSPECIFIED.,.F.,.F.,(4,4),(0.,1.),.PIECEWISE_BEZIER_KNOTS.);
#9276 = CARTESIAN_POINT('',(2.605318167399,0.985057899285,2.565486808542
    ));
#9277 = CARTESIAN_POINT('',(2.608947154531,0.975441397508,2.593664248076
    ));
#9278 = CARTESIAN_POINT('',(2.612522999837,0.96580484156,2.621841687605)
  );
#9279 = CARTESIAN_POINT('',(2.616045484927,0.956148819976,2.650019127139
    ));
#9280 = ORIENTED_EDGE('',*,*,#9281,.T.);
#9281 = EDGE_CURVE('',#9273,#9246,#9282,.T.);
#9282 = ( BOUNDED_CURVE() B_SPLINE_CURVE(2,(#9283,#9284,#9285),
.UNSPECIFIED.,.F.,.F.) B_SPLINE_CURVE_WITH_KNOTS((3,3),(2.780745080709,
2.805299076106),.PIECEWISE_BEZIER_KNOTS.) CURVE() 
GEOMETRIC_REPRESENTATION_ITEM() RATIONAL_B_SPLINE_CURVE((1.,
0.99992463861,1.)) REPRESENTATION_ITEM('') );
#9283 = CARTESIAN_POINT('',(2.605318167399,0.985057899285,2.565486808542
    ));
#9284 = CARTESIAN_POINT('',(2.617412328598,0.953009418969,2.565486808542
    ));
#9285 = CARTESIAN_POINT('',(2.628716005034,0.920673669021,2.565486808542
    ));
#9286 = FACE_BOUND('',#9287,.T.);
#9287 = EDGE_LOOP('',(#9288,#9289,#9290,#9291,#9292,#9293,#9294,#9295));
#9288 = ORIENTED_EDGE('',*,*,#9207,.T.);
#9289 = ORIENTED_EDGE('',*,*,#9228,.T.);
#9290 = ORIENTED_EDGE('',*,*,#9048,.T.);
#9291 = ORIENTED_EDGE('',*,*,#9078,.F.);
#9292 = ORIENTED_EDGE('',*,*,#9101,.T.);
#9293 = ORIENTED_EDGE('',*,*,#9131,.F.);
#9294 = ORIENTED_EDGE('',*,*,#9154,.T.);
#9295 = ORIENTED_EDGE('',*,*,#9184,.F.);
#9296 = ( BOUNDED_SURFACE() B_SPLINE_SURFACE(2,1,(
    (#9297,#9298)
    ,(#9299,#9300)
    ,(#9301,#9302
)),.UNSPECIFIED.,.F.,.F.,.F.) B_SPLINE_SURFACE_WITH_KNOTS((3,3),(2,2),(
    2.759931221701,2.825757622158),(4.8397423415,5.043118989931),
.PIECEWISE_BEZIER_KNOTS.) GEOMETRIC_REPRESENTATION_ITEM() 
RATIONAL_B_SPLINE_SURFACE((
    (1.,1.)
    ,(0.999458409519,0.999458409519)
,(1.,1.))) REPRESENTATION_ITEM('') SURFACE() );
#9297 = CARTESIAN_POINT('',(2.584251395166,1.039171406761,2.6902577585)
  );
#9298 = CARTESIAN_POINT('',(2.584251395166,1.039171406761,2.486881110069
    ));
#9299 = CARTESIAN_POINT('',(2.618466207368,0.953920071273,2.6902577585)
  );
#9300 = CARTESIAN_POINT('',(2.618466207368,0.953920071273,2.486881110069
    ));
#9301 = CARTESIAN_POINT('',(2.646999181301,0.866602759271,2.6902577585)
  );
#9302 = CARTESIAN_POINT('',(2.646999181301,0.866602759271,2.486881110069
    ));
#9303 = ADVANCED_FACE('',(#9304),#9328,.F.);
#9304 = FACE_BOUND('',#9305,.F.);
#9305 = EDGE_LOOP('',(#9306,#9307,#9314,#9323));
#9306 = ORIENTED_EDGE('',*,*,#9254,.F.);
#9307 = ORIENTED_EDGE('',*,*,#9308,.T.);
#9308 = EDGE_CURVE('',#9255,#9309,#9311,.T.);
#9309 = VERTEX_POINT('',#9310);
#9310 = CARTESIAN_POINT('',(2.607762799527,0.949668632123,2.664263810591
    ));
#9311 = B_SPLINE_CURVE_WITH_KNOTS('',1,(#9312,#9313),.UNSPECIFIED.,.F.,
  .F.,(2,2),(0.,1.),.PIECEWISE_BEZIER_KNOTS.);
#9312 = CARTESIAN_POINT('',(2.617187955675,0.953011149785,2.664263810591
    ));
#9313 = CARTESIAN_POINT('',(2.607762799527,0.949668632123,2.664263810591
    ));
#9314 = ORIENTED_EDGE('',*,*,#9315,.T.);
#9315 = EDGE_CURVE('',#9309,#9316,#9318,.T.);
#9316 = VERTEX_POINT('',#9317);
#9317 = CARTESIAN_POINT('',(2.609083349705,0.946027611012,2.650019127139
    ));
#9318 = B_SPLINE_CURVE_WITH_KNOTS('',3,(#9319,#9320,#9321,#9322),
  .UNSPECIFIED.,.F.,.F.,(4,4),(0.,1.),.PIECEWISE_BEZIER_KNOTS.);
#9319 = CARTESIAN_POINT('',(2.607762799527,0.949668632123,2.664263810591
    ));
#9320 = CARTESIAN_POINT('',(2.608315928878,0.948146151792,2.659665866744
    ));
#9321 = CARTESIAN_POINT('',(2.608699961288,0.947086997931,2.654842496941
    ));
#9322 = CARTESIAN_POINT('',(2.609083349705,0.946027611012,2.650019127139
    ));
#9323 = ORIENTED_EDGE('',*,*,#9324,.F.);
#9324 = EDGE_CURVE('',#9244,#9316,#9325,.T.);
#9325 = B_SPLINE_CURVE_WITH_KNOTS('',1,(#9326,#9327),.UNSPECIFIED.,.F.,
  .F.,(2,2),(0.,1.),.PIECEWISE_BEZIER_KNOTS.);
#9326 = CARTESIAN_POINT('',(2.618486527222,0.94943058803,2.650019127139)
  );
#9327 = CARTESIAN_POINT('',(2.609083349705,0.946027611012,2.650019127139
    ));
#9328 = B_SPLINE_SURFACE_WITH_KNOTS('',1,3,(
    (#9329,#9330,#9331,#9332)
    ,(#9333,#9334,#9335,#9336
    )),.UNSPECIFIED.,.F.,.F.,.F.,(2,2),(4,4),(0.,1.),(0.,1.),
  .PIECEWISE_BEZIER_KNOTS.);
#9329 = CARTESIAN_POINT('',(2.617348328541,0.952569810459,2.664263810591
    ));
#9330 = CARTESIAN_POINT('',(2.617728354249,0.951523630148,2.659515582774
    ));
#9331 = CARTESIAN_POINT('',(2.6181077539,0.950477222422,2.654767354956)
  );
#9332 = CARTESIAN_POINT('',(2.618486527222,0.94943058803,2.650019127139)
  );
#9333 = CARTESIAN_POINT('',(2.607949230589,0.949155581748,2.664263810591
    ));
#9334 = CARTESIAN_POINT('',(2.608327894198,0.948113151187,2.659515582774
    ));
#9335 = CARTESIAN_POINT('',(2.608705933993,0.947070494026,2.654767354956
    ));
#9336 = CARTESIAN_POINT('',(2.609083349705,0.946027611012,2.650019127139
    ));
#9337 = ADVANCED_FACE('',(#9338),#9356,.F.);
#9338 = FACE_BOUND('',#9339,.F.);
#9339 = EDGE_LOOP('',(#9340,#9341,#9348,#9355));
#9340 = ORIENTED_EDGE('',*,*,#9263,.F.);
#9341 = ORIENTED_EDGE('',*,*,#9342,.T.);
#9342 = EDGE_CURVE('',#9264,#9343,#9345,.T.);
#9343 = VERTEX_POINT('',#9344);
#9344 = CARTESIAN_POINT('',(2.606651056666,0.952721763273,2.650019127139
    ));
#9345 = B_SPLINE_CURVE_WITH_KNOTS('',1,(#9346,#9347),.UNSPECIFIED.,.F.,
  .F.,(2,2),(0.,1.),.PIECEWISE_BEZIER_KNOTS.);
#9346 = CARTESIAN_POINT('',(2.616045484927,0.956148819976,2.650019127139
    ));
#9347 = CARTESIAN_POINT('',(2.606651056666,0.952721763273,2.650019127139
    ));
#9348 = ORIENTED_EDGE('',*,*,#9349,.T.);
#9349 = EDGE_CURVE('',#9343,#9309,#9350,.T.);
#9350 = B_SPLINE_CURVE_WITH_KNOTS('',3,(#9351,#9352,#9353,#9354),
  .UNSPECIFIED.,.F.,.F.,(4,4),(0.,1.),.PIECEWISE_BEZIER_KNOTS.);
#9351 = CARTESIAN_POINT('',(2.606651056666,0.952721763273,2.650019127139
    ));
#9352 = CARTESIAN_POINT('',(2.607013326319,0.951728690629,2.654767354926
    ));
#9353 = CARTESIAN_POINT('',(2.607375029579,0.95073541128,2.659515582695)
  );
#9354 = CARTESIAN_POINT('',(2.607762799527,0.949668632123,2.664263810591
    ));
#9355 = ORIENTED_EDGE('',*,*,#9308,.F.);
#9356 = B_SPLINE_SURFACE_WITH_KNOTS('',1,3,(
    (#9357,#9358,#9359,#9360)
    ,(#9361,#9362,#9363,#9364
    )),.UNSPECIFIED.,.F.,.F.,.F.,(2,2),(4,4),(0.,1.),(0.,1.),
  .PIECEWISE_BEZIER_KNOTS.);
#9357 = CARTESIAN_POINT('',(2.616045484927,0.956148819976,2.650019127139
    ));
#9358 = CARTESIAN_POINT('',(2.616409057839,0.95515217477,2.654767354956)
  );
#9359 = CARTESIAN_POINT('',(2.616772062292,0.954155322194,2.659515582774
    ));
#9360 = CARTESIAN_POINT('',(2.617134498052,0.953158262894,2.664263810591
    ));
#9361 = CARTESIAN_POINT('',(2.606651056666,0.952721763273,2.650019127139
    ));
#9362 = CARTESIAN_POINT('',(2.607013326448,0.951728690273,2.654767354956
    ));
#9363 = CARTESIAN_POINT('',(2.607375029811,0.950735410645,2.659515582774
    ));
#9364 = CARTESIAN_POINT('',(2.607736166518,0.949741925034,2.664263810591
    ));
#9365 = ADVANCED_FACE('',(#9366),#9386,.F.);
#9366 = FACE_BOUND('',#9367,.F.);
#9367 = EDGE_LOOP('',(#9368,#9369,#9378,#9385));
#9368 = ORIENTED_EDGE('',*,*,#9272,.F.);
#9369 = ORIENTED_EDGE('',*,*,#9370,.T.);
#9370 = EDGE_CURVE('',#9273,#9371,#9373,.T.);
#9371 = VERTEX_POINT('',#9372);
#9372 = CARTESIAN_POINT('',(2.595962188305,0.981527225811,2.565486808542
    ));
#9373 = B_SPLINE_CURVE_WITH_KNOTS('',3,(#9374,#9375,#9376,#9377),
  .UNSPECIFIED.,.F.,.F.,(4,4),(0.,1.),.PIECEWISE_BEZIER_KNOTS.);
#9374 = CARTESIAN_POINT('',(2.605318167399,0.985057899285,2.565486808542
    ));
#9375 = CARTESIAN_POINT('',(2.602199507701,0.983881008127,2.565486808542
    ));
#9376 = CARTESIAN_POINT('',(2.599080848003,0.982704116969,2.565486808542
    ));
#9377 = CARTESIAN_POINT('',(2.595962188305,0.981527225811,2.565486808542
    ));
#9378 = ORIENTED_EDGE('',*,*,#9379,.T.);
#9379 = EDGE_CURVE('',#9371,#9343,#9380,.T.);
#9380 = B_SPLINE_CURVE_WITH_KNOTS('',3,(#9381,#9382,#9383,#9384),
  .UNSPECIFIED.,.F.,.F.,(4,4),(0.,1.),.PIECEWISE_BEZIER_KNOTS.);
#9381 = CARTESIAN_POINT('',(2.595962188305,0.981527225811,2.565486808542
    ));
#9382 = CARTESIAN_POINT('',(2.599578168314,0.971945191782,2.593664248074
    ));
#9383 = CARTESIAN_POINT('',(2.60314119697,0.962343175461,2.621841687606)
  );
#9384 = CARTESIAN_POINT('',(2.606651056666,0.952721763273,2.650019127139
    ));
#9385 = ORIENTED_EDGE('',*,*,#9342,.F.);
#9386 = B_SPLINE_SURFACE_WITH_KNOTS('',1,3,(
    (#9387,#9388,#9389,#9390)
    ,(#9391,#9392,#9393,#9394
    )),.UNSPECIFIED.,.F.,.F.,.F.,(2,2),(4,4),(0.,1.),(0.,1.),
  .PIECEWISE_BEZIER_KNOTS.);
#9387 = CARTESIAN_POINT('',(2.605318167399,0.985057899285,2.565486808542
    ));
#9388 = CARTESIAN_POINT('',(2.608947154531,0.975441397508,2.593664248076
    ));
#9389 = CARTESIAN_POINT('',(2.612522999837,0.96580484156,2.621841687605)
  );
#9390 = CARTESIAN_POINT('',(2.616045484927,0.956148819976,2.650019127139
    ));
#9391 = CARTESIAN_POINT('',(2.595962188305,0.981527225811,2.565486808542
    ));
#9392 = CARTESIAN_POINT('',(2.599578168314,0.971945191782,2.593664248076
    ));
#9393 = CARTESIAN_POINT('',(2.60314119697,0.962343175461,2.621841687605)
  );
#9394 = CARTESIAN_POINT('',(2.606651056666,0.952721763273,2.650019127139
    ));
#9395 = ADVANCED_FACE('',(#9396),#9413,.T.);
#9396 = FACE_BOUND('',#9397,.T.);
#9397 = EDGE_LOOP('',(#9398,#9399,#9407,#9412));
#9398 = ORIENTED_EDGE('',*,*,#9370,.T.);
#9399 = ORIENTED_EDGE('',*,*,#9400,.T.);
#9400 = EDGE_CURVE('',#9371,#9401,#9403,.T.);
#9401 = VERTEX_POINT('',#9402);
#9402 = CARTESIAN_POINT('',(2.619276162722,0.917373763397,2.565486808542
    ));
#9403 = ( BOUNDED_CURVE() B_SPLINE_CURVE(2,(#9404,#9405,#9406),
.UNSPECIFIED.,.F.,.F.) B_SPLINE_CURVE_WITH_KNOTS((3,3),(6.258631311782,
6.28318530718),.PIECEWISE_BEZIER_KNOTS.) CURVE() 
GEOMETRIC_REPRESENTATION_ITEM() RATIONAL_B_SPLINE_CURVE((1.,
0.99992463861,1.)) REPRESENTATION_ITEM('') );
#9404 = CARTESIAN_POINT('',(2.595962188305,0.981527225811,2.565486808542
    ));
#9405 = CARTESIAN_POINT('',(2.608013001255,0.9495936146,2.565486808542)
  );
#9406 = CARTESIAN_POINT('',(2.619276162722,0.917373763397,2.565486808542
    ));
#9407 = ORIENTED_EDGE('',*,*,#9408,.F.);
#9408 = EDGE_CURVE('',#9246,#9401,#9409,.T.);
#9409 = B_SPLINE_CURVE_WITH_KNOTS('',1,(#9410,#9411),.UNSPECIFIED.,.F.,
  .F.,(2,2),(0.,1.),.PIECEWISE_BEZIER_KNOTS.);
#9410 = CARTESIAN_POINT('',(2.628716005034,0.920673669021,2.565486808542
    ));
#9411 = CARTESIAN_POINT('',(2.619276162722,0.917373763397,2.565486808542
    ));
#9412 = ORIENTED_EDGE('',*,*,#9281,.F.);
#9413 = B_SPLINE_SURFACE_WITH_KNOTS('',1,1,(
    (#9414,#9415)
    ,(#9416,#9417
    )),.UNSPECIFIED.,.F.,.F.,.F.,(2,2),(2,2),(2.600962188305,
    2.633716005034),(0.917373763397,0.985057899285),
  .PIECEWISE_BEZIER_KNOTS.);
#9414 = CARTESIAN_POINT('',(2.595962188305,0.917373763397,2.565486808542
    ));
#9415 = CARTESIAN_POINT('',(2.595962188305,0.985057899285,2.565486808542
    ));
#9416 = CARTESIAN_POINT('',(2.628716005034,0.917373763397,2.565486808542
    ));
#9417 = CARTESIAN_POINT('',(2.628716005034,0.985057899285,2.565486808542
    ));
#9418 = ADVANCED_FACE('',(#9419),#9431,.F.);
#9419 = FACE_BOUND('',#9420,.F.);
#9420 = EDGE_LOOP('',(#9421,#9422,#9429,#9430));
#9421 = ORIENTED_EDGE('',*,*,#9324,.T.);
#9422 = ORIENTED_EDGE('',*,*,#9423,.T.);
#9423 = EDGE_CURVE('',#9316,#9401,#9424,.T.);
#9424 = B_SPLINE_CURVE_WITH_KNOTS('',3,(#9425,#9426,#9427,#9428),
  .UNSPECIFIED.,.F.,.F.,(4,4),(0.,1.),.PIECEWISE_BEZIER_KNOTS.);
#9425 = CARTESIAN_POINT('',(2.609083349705,0.946027611012,2.650019127139
    ));
#9426 = CARTESIAN_POINT('',(2.612533165191,0.936495008457,2.621841687606
    ));
#9427 = CARTESIAN_POINT('',(2.615930837302,0.9269435354,2.593664248074)
  );
#9428 = CARTESIAN_POINT('',(2.619276162722,0.917373763397,2.565486808542
    ));
#9429 = ORIENTED_EDGE('',*,*,#9408,.F.);
#9430 = ORIENTED_EDGE('',*,*,#9243,.F.);
#9431 = B_SPLINE_SURFACE_WITH_KNOTS('',1,3,(
    (#9432,#9433,#9434,#9435)
    ,(#9436,#9437,#9438,#9439
    )),.UNSPECIFIED.,.F.,.F.,.F.,(2,2),(4,4),(0.,1.),(0.,1.),
  .PIECEWISE_BEZIER_KNOTS.);
#9432 = CARTESIAN_POINT('',(2.618486527222,0.94943058803,2.650019127139)
  );
#9433 = CARTESIAN_POINT('',(2.621948752116,0.939863695537,2.621841687605
    ));
#9434 = CARTESIAN_POINT('',(2.625358646069,0.930277864664,2.593664248075
    ));
#9435 = CARTESIAN_POINT('',(2.628716005034,0.920673669021,2.565486808542
    ));
#9436 = CARTESIAN_POINT('',(2.609083349705,0.946027611012,2.650019127139
    ));
#9437 = CARTESIAN_POINT('',(2.612533165191,0.936495008457,2.621841687605
    ));
#9438 = CARTESIAN_POINT('',(2.615930837301,0.9269435354,2.593664248075)
  );
#9439 = CARTESIAN_POINT('',(2.619276162722,0.917373763397,2.565486808542
    ));
#9440 = ADVANCED_FACE('',(#9441),#9448,.T.);
#9441 = FACE_BOUND('',#9442,.T.);
#9442 = EDGE_LOOP('',(#9443,#9444,#9445,#9446,#9447));
#9443 = ORIENTED_EDGE('',*,*,#9315,.T.);
#9444 = ORIENTED_EDGE('',*,*,#9423,.T.);
#9445 = ORIENTED_EDGE('',*,*,#9400,.F.);
#9446 = ORIENTED_EDGE('',*,*,#9379,.T.);
#9447 = ORIENTED_EDGE('',*,*,#9349,.T.);
#9448 = ( BOUNDED_SURFACE() B_SPLINE_SURFACE(2,1,(
    (#9449,#9450)
    ,(#9451,#9452)
    ,(#9453,#9454
)),.UNSPECIFIED.,.F.,.F.,.F.) B_SPLINE_SURFACE_WITH_KNOTS((3,3),(2,2),(
    2.780745080709,2.805299076106),(4.865736289409,4.964513291458),
.PIECEWISE_BEZIER_KNOTS.) GEOMETRIC_REPRESENTATION_ITEM() 
RATIONAL_B_SPLINE_SURFACE((
    (1.,1.)
    ,(0.99992463861,0.99992463861)
,(1.,1.))) REPRESENTATION_ITEM('') SURFACE() );
#9449 = CARTESIAN_POINT('',(2.595962188305,0.981527225811,2.664263810591
    ));
#9450 = CARTESIAN_POINT('',(2.595962188305,0.981527225811,2.565486808542
    ));
#9451 = CARTESIAN_POINT('',(2.608013001255,0.9495936146,2.664263810591)
  );
#9452 = CARTESIAN_POINT('',(2.608013001255,0.9495936146,2.565486808542)
  );
#9453 = CARTESIAN_POINT('',(2.619276162722,0.917373763397,2.664263810591
    ));
#9454 = CARTESIAN_POINT('',(2.619276162722,0.917373763397,2.565486808542
    ));
#9455 = ADVANCED_FACE('',(#9456),#9480,.T.);
#9456 = FACE_BOUND('',#9457,.T.);
#9457 = EDGE_LOOP('',(#9458,#9465,#9466,#9473));
#9458 = ORIENTED_EDGE('',*,*,#9459,.F.);
#9459 = EDGE_CURVE('',#2035,#9460,#9462,.T.);
#9460 = VERTEX_POINT('',#9461);
#9461 = CARTESIAN_POINT('',(2.756503541769,-0.397741359175,
    2.992264863856));
#9462 = B_SPLINE_CURVE_WITH_KNOTS('',1,(#9463,#9464),.UNSPECIFIED.,.F.,
  .F.,(2,2),(0.,1.),.PIECEWISE_BEZIER_KNOTS.);
#9463 = CARTESIAN_POINT('',(2.74660470345,-0.396322540305,2.992271228062
    ));
#9464 = CARTESIAN_POINT('',(2.756503541769,-0.397741359175,
    2.992264863856));
#9465 = ORIENTED_EDGE('',*,*,#2034,.T.);
#9466 = ORIENTED_EDGE('',*,*,#9467,.T.);
#9467 = EDGE_CURVE('',#2024,#9468,#9470,.T.);
#9468 = VERTEX_POINT('',#9469);
#9469 = CARTESIAN_POINT('',(2.721483347399,-0.591936277278,
    3.067462565069));
#9470 = B_SPLINE_CURVE_WITH_KNOTS('',1,(#9471,#9472),.UNSPECIFIED.,.F.,
  .F.,(2,2),(0.,1.),.PIECEWISE_BEZIER_KNOTS.);
#9471 = CARTESIAN_POINT('',(2.711711005652,-0.589814641876,
    3.067462565069));
#9472 = CARTESIAN_POINT('',(2.721483347399,-0.591936277278,
    3.067462565069));
#9473 = ORIENTED_EDGE('',*,*,#9474,.F.);
#9474 = EDGE_CURVE('',#9460,#9468,#9475,.T.);
#9475 = B_SPLINE_CURVE_WITH_KNOTS('',3,(#9476,#9477,#9478,#9479),
  .UNSPECIFIED.,.F.,.F.,(4,4),(0.,1.),.PIECEWISE_BEZIER_KNOTS.);
#9476 = CARTESIAN_POINT('',(2.756503541769,-0.397741359175,
    2.992264863856));
#9477 = CARTESIAN_POINT('',(2.748214433205,-0.455291328743,
    3.041881470261));
#9478 = CARTESIAN_POINT('',(2.737064092136,-0.520170712811,
    3.066945249264));
#9479 = CARTESIAN_POINT('',(2.721483347399,-0.591936277278,
    3.067462565069));
#9480 = B_SPLINE_SURFACE_WITH_KNOTS('',1,3,(
    (#9481,#9482,#9483,#9484)
    ,(#9485,#9486,#9487,#9488
    )),.UNSPECIFIED.,.F.,.F.,.F.,(2,2),(4,4),(0.,1.),(0.,1.),
  .PIECEWISE_BEZIER_KNOTS.);
#9481 = CARTESIAN_POINT('',(2.756502562095,-0.397748160954,
    2.992271228062));
#9482 = CARTESIAN_POINT('',(2.748214727708,-0.455289284057,
    3.041879707456));
#9483 = CARTESIAN_POINT('',(2.737065208084,-0.52016557271,3.066945212212
    ));
#9484 = CARTESIAN_POINT('',(2.721483347399,-0.591936277278,
    3.067462565069));
#9485 = CARTESIAN_POINT('',(2.74660470345,-0.396322540305,2.992271228062
    ));
#9486 = CARTESIAN_POINT('',(2.738346573226,-0.4536574321,3.041879715482)
  );
#9487 = CARTESIAN_POINT('',(2.727237018858,-0.518301173141,
    3.066945212162));
#9488 = CARTESIAN_POINT('',(2.711711005652,-0.589814641876,
    3.067462565069));
#9489 = ADVANCED_FACE('',(#9490),#9508,.T.);
#9490 = FACE_BOUND('',#9491,.T.);
#9491 = EDGE_LOOP('',(#9492,#9493,#9494,#9501));
#9492 = ORIENTED_EDGE('',*,*,#9467,.F.);
#9493 = ORIENTED_EDGE('',*,*,#2023,.T.);
#9494 = ORIENTED_EDGE('',*,*,#9495,.T.);
#9495 = EDGE_CURVE('',#2026,#9496,#9498,.T.);
#9496 = VERTEX_POINT('',#9497);
#9497 = CARTESIAN_POINT('',(2.679251360537,-0.7608512558,3.011069064037)
  );
#9498 = B_SPLINE_CURVE_WITH_KNOTS('',1,(#9499,#9500),.UNSPECIFIED.,.F.,
  .F.,(2,2),(0.,1.),.PIECEWISE_BEZIER_KNOTS.);
#9499 = CARTESIAN_POINT('',(2.669630387919,-0.758124190367,
    3.011069064037));
#9500 = CARTESIAN_POINT('',(2.679251360537,-0.7608512558,3.011069064037)
  );
#9501 = ORIENTED_EDGE('',*,*,#9502,.F.);
#9502 = EDGE_CURVE('',#9468,#9496,#9503,.T.);
#9503 = B_SPLINE_CURVE_WITH_KNOTS('',3,(#9504,#9505,#9506,#9507),
  .UNSPECIFIED.,.F.,.F.,(4,4),(0.,1.),.PIECEWISE_BEZIER_KNOTS.);
#9504 = CARTESIAN_POINT('',(2.721483347399,-0.591936277278,
    3.067462565069));
#9505 = CARTESIAN_POINT('',(2.708077104337,-0.653685995722,
    3.067010465775));
#9506 = CARTESIAN_POINT('',(2.693679400336,-0.709949735742,
    3.048212632098));
#9507 = CARTESIAN_POINT('',(2.679251360537,-0.7608512558,3.011069064037)
  );
#9508 = B_SPLINE_SURFACE_WITH_KNOTS('',1,3,(
    (#9509,#9510,#9511,#9512)
    ,(#9513,#9514,#9515,#9516
    )),.UNSPECIFIED.,.F.,.F.,.F.,(2,2),(4,4),(0.,1.),(0.,1.),
  .PIECEWISE_BEZIER_KNOTS.);
#9509 = CARTESIAN_POINT('',(2.721483347399,-0.591936277278,
    3.067462565069));
#9510 = CARTESIAN_POINT('',(2.708076540191,-0.653688594204,3.06701044675
    ));
#9511 = CARTESIAN_POINT('',(2.693679054327,-0.709950956447,
    3.048211741332));
#9512 = CARTESIAN_POINT('',(2.679251360537,-0.7608512558,3.011069064037)
  );
#9513 = CARTESIAN_POINT('',(2.711711005652,-0.589814641876,
    3.067462565069));
#9514 = CARTESIAN_POINT('',(2.698352250743,-0.651345627893,
    3.067010446724));
#9515 = CARTESIAN_POINT('',(2.684006370876,-0.707406324664,
    3.048211744773));
#9516 = CARTESIAN_POINT('',(2.669630387919,-0.758124190367,
    3.011069064037));
#9517 = ADVANCED_FACE('',(#9518),#9536,.T.);
#9518 = FACE_BOUND('',#9519,.T.);
#9519 = EDGE_LOOP('',(#9520,#9521,#9522,#9529));
#9520 = ORIENTED_EDGE('',*,*,#9495,.F.);
#9521 = ORIENTED_EDGE('',*,*,#2338,.T.);
#9522 = ORIENTED_EDGE('',*,*,#9523,.T.);
#9523 = EDGE_CURVE('',#2330,#9524,#9526,.T.);
#9524 = VERTEX_POINT('',#9525);
#9525 = CARTESIAN_POINT('',(2.661137106095,-0.822078421748,
    2.947446082653));
#9526 = B_SPLINE_CURVE_WITH_KNOTS('',1,(#9527,#9528),.UNSPECIFIED.,.F.,
  .F.,(2,2),(0.,1.),.PIECEWISE_BEZIER_KNOTS.);
#9527 = CARTESIAN_POINT('',(2.651580955472,-0.819132240253,
    2.947445627154));
#9528 = CARTESIAN_POINT('',(2.661137106095,-0.822078421748,
    2.947446082653));
#9529 = ORIENTED_EDGE('',*,*,#9530,.F.);
#9530 = EDGE_CURVE('',#9496,#9524,#9531,.T.);
#9531 = B_SPLINE_CURVE_WITH_KNOTS('',3,(#9532,#9533,#9534,#9535),
  .UNSPECIFIED.,.F.,.F.,(4,4),(0.,0.999994325601),
  .PIECEWISE_BEZIER_KNOTS.);
#9532 = CARTESIAN_POINT('',(2.679251360537,-0.7608512558,3.011069064037)
  );
#9533 = CARTESIAN_POINT('',(2.673298161298,-0.781853893355,
    2.995411072681));
#9534 = CARTESIAN_POINT('',(2.667247565604,-0.802261184852,
    2.974203412219));
#9535 = CARTESIAN_POINT('',(2.661137106095,-0.822078421748,
    2.947446082653));
#9536 = B_SPLINE_SURFACE_WITH_KNOTS('',1,3,(
    (#9537,#9538,#9539,#9540)
    ,(#9541,#9542,#9543,#9544
    )),.UNSPECIFIED.,.F.,.F.,.F.,(2,2),(4,4),(0.,1.),(0.,1.),
  .PIECEWISE_BEZIER_KNOTS.);
#9537 = CARTESIAN_POINT('',(2.679251360537,-0.7608512558,3.011069064037)
  );
#9538 = CARTESIAN_POINT('',(2.673298118667,-0.781854043754,
    2.995410960555));
#9539 = CARTESIAN_POINT('',(2.667247496126,-0.802261419084,2.97420316798
    ));
#9540 = CARTESIAN_POINT('',(2.661137002075,-0.822078759103,
    2.947445627154));
#9541 = CARTESIAN_POINT('',(2.669630387919,-0.758124190367,
    3.011069064037));
#9542 = CARTESIAN_POINT('',(2.663698483844,-0.779051699475,
    2.995410960582));
#9543 = CARTESIAN_POINT('',(2.657669548127,-0.799385930077,
    2.974203168048));
#9544 = CARTESIAN_POINT('',(2.651580955472,-0.819132240253,
    2.947445627154));
#9545 = ADVANCED_FACE('',(#9546),#9564,.T.);
#9546 = FACE_BOUND('',#9547,.T.);
#9547 = EDGE_LOOP('',(#9548,#9549,#9550,#9557));
#9548 = ORIENTED_EDGE('',*,*,#9523,.F.);
#9549 = ORIENTED_EDGE('',*,*,#2329,.T.);
#9550 = ORIENTED_EDGE('',*,*,#9551,.T.);
#9551 = EDGE_CURVE('',#2321,#9552,#9554,.T.);
#9552 = VERTEX_POINT('',#9553);
#9553 = CARTESIAN_POINT('',(2.651111760669,-0.853914699976,
    2.950337598737));
#9554 = B_SPLINE_CURVE_WITH_KNOTS('',1,(#9555,#9556),.UNSPECIFIED.,.F.,
  .F.,(2,2),(0.,1.),.PIECEWISE_BEZIER_KNOTS.);
#9555 = CARTESIAN_POINT('',(2.641591646831,-0.850854073812,
    2.950337598737));
#9556 = CARTESIAN_POINT('',(2.651111760669,-0.853914699976,
    2.950337598737));
#9557 = ORIENTED_EDGE('',*,*,#9558,.F.);
#9558 = EDGE_CURVE('',#9524,#9552,#9559,.T.);
#9559 = B_SPLINE_CURVE_WITH_KNOTS('',3,(#9560,#9561,#9562,#9563),
  .UNSPECIFIED.,.F.,.F.,(4,4),(0.,1.),.PIECEWISE_BEZIER_KNOTS.);
#9560 = CARTESIAN_POINT('',(2.661137106095,-0.822078421748,
    2.947446082653));
#9561 = CARTESIAN_POINT('',(2.656926064319,-0.835735524758,
    2.949249528929));
#9562 = CARTESIAN_POINT('',(2.653548117324,-0.846336383824,
    2.950213519457));
#9563 = CARTESIAN_POINT('',(2.651111760669,-0.853914699976,
    2.950337598737));
#9564 = B_SPLINE_SURFACE_WITH_KNOTS('',1,3,(
    (#9565,#9566,#9567,#9568)
    ,(#9569,#9570,#9571,#9572
    )),.UNSPECIFIED.,.F.,.F.,.F.,(2,2),(4,4),(0.,1.),(0.,1.),
  .PIECEWISE_BEZIER_KNOTS.);
#9565 = CARTESIAN_POINT('',(2.661137002075,-0.822078759103,
    2.947445627154));
#9566 = CARTESIAN_POINT('',(2.656926062939,-0.835735529236,
    2.949249529521));
#9567 = CARTESIAN_POINT('',(2.653548089241,-0.846336471174,
    2.950213520887));
#9568 = CARTESIAN_POINT('',(2.651111760669,-0.853914699976,
    2.950337598737));
#9569 = CARTESIAN_POINT('',(2.651580955472,-0.819132240253,
    2.947445627154));
#9570 = CARTESIAN_POINT('',(2.647385109309,-0.832740061386,
    2.949249529521));
#9571 = CARTESIAN_POINT('',(2.644019243043,-0.843303007122,
    2.950213520887));
#9572 = CARTESIAN_POINT('',(2.641591646831,-0.850854073812,
    2.950337598737));
#9573 = ADVANCED_FACE('',(#9574),#9592,.T.);
#9574 = FACE_BOUND('',#9575,.T.);
#9575 = EDGE_LOOP('',(#9576,#9577,#9578,#9585));
#9576 = ORIENTED_EDGE('',*,*,#9551,.F.);
#9577 = ORIENTED_EDGE('',*,*,#2320,.T.);
#9578 = ORIENTED_EDGE('',*,*,#9579,.T.);
#9579 = EDGE_CURVE('',#2312,#9580,#9582,.T.);
#9580 = VERTEX_POINT('',#9581);
#9581 = CARTESIAN_POINT('',(2.595314130238,-1.011170818451,
    2.880930211792));
#9582 = B_SPLINE_CURVE_WITH_KNOTS('',1,(#9583,#9584),.UNSPECIFIED.,.F.,
  .F.,(2,2),(0.,1.),.PIECEWISE_BEZIER_KNOTS.);
#9583 = CARTESIAN_POINT('',(2.585994007907,-1.007546550284,
    2.880930211792));
#9584 = CARTESIAN_POINT('',(2.595314130238,-1.011170818451,
    2.880930211792));
#9585 = ORIENTED_EDGE('',*,*,#9586,.F.);
#9586 = EDGE_CURVE('',#9552,#9580,#9587,.T.);
#9587 = B_SPLINE_CURVE_WITH_KNOTS('',3,(#9588,#9589,#9590,#9591),
  .UNSPECIFIED.,.F.,.F.,(4,4),(0.,1.),.PIECEWISE_BEZIER_KNOTS.);
#9588 = CARTESIAN_POINT('',(2.651111760669,-0.853914699976,
    2.950337598737));
#9589 = CARTESIAN_POINT('',(2.631314789045,-0.915493414054,
    2.949679931537));
#9590 = CARTESIAN_POINT('',(2.612194173763,-0.967762311305,
    2.926544135888));
#9591 = CARTESIAN_POINT('',(2.595314130238,-1.011170818451,
    2.880930211792));
#9592 = B_SPLINE_SURFACE_WITH_KNOTS('',1,3,(
    (#9593,#9594,#9595,#9596)
    ,(#9597,#9598,#9599,#9600
    )),.UNSPECIFIED.,.F.,.F.,.F.,(2,2),(4,4),(0.,1.),(0.,1.),
  .PIECEWISE_BEZIER_KNOTS.);
#9593 = CARTESIAN_POINT('',(2.651111760669,-0.853914699976,
    2.950337598737));
#9594 = CARTESIAN_POINT('',(2.631313439085,-0.915497613121,2.94967988669
    ));
#9595 = CARTESIAN_POINT('',(2.61219358882,-0.967763815538,2.926542555231
    ));
#9596 = CARTESIAN_POINT('',(2.595314130238,-1.011170818451,
    2.880930211792));
#9597 = CARTESIAN_POINT('',(2.641591646831,-0.850854073812,
    2.950337598737));
#9598 = CARTESIAN_POINT('',(2.621864285123,-0.912216265424,
    2.949679886628));
#9599 = CARTESIAN_POINT('',(2.602812969575,-0.964295120475,
    2.926542563196));
#9600 = CARTESIAN_POINT('',(2.585994007907,-1.007546550284,
    2.880930211792));
#9601 = ADVANCED_FACE('',(#9602),#9620,.T.);
#9602 = FACE_BOUND('',#9603,.T.);
#9603 = EDGE_LOOP('',(#9604,#9605,#9606,#9613));
#9604 = ORIENTED_EDGE('',*,*,#9579,.F.);
#9605 = ORIENTED_EDGE('',*,*,#2311,.T.);
#9606 = ORIENTED_EDGE('',*,*,#9607,.T.);
#9607 = EDGE_CURVE('',#2303,#9608,#9610,.T.);
#9608 = VERTEX_POINT('',#9609);
#9609 = CARTESIAN_POINT('',(2.569819964996,-1.074431081017,
    2.716087693653));
#9610 = B_SPLINE_CURVE_WITH_KNOTS('',1,(#9611,#9612),.UNSPECIFIED.,.F.,
  .F.,(2,2),(0.,1.),.PIECEWISE_BEZIER_KNOTS.);
#9611 = CARTESIAN_POINT('',(2.560591219602,-1.070580073559,
    2.716087693653));
#9612 = CARTESIAN_POINT('',(2.569819964996,-1.074431081017,
    2.716087693653));
#9613 = ORIENTED_EDGE('',*,*,#9614,.F.);
#9614 = EDGE_CURVE('',#9580,#9608,#9615,.T.);
#9615 = B_SPLINE_CURVE_WITH_KNOTS('',3,(#9616,#9617,#9618,#9619),
  .UNSPECIFIED.,.F.,.F.,(4,4),(0.,1.),.PIECEWISE_BEZIER_KNOTS.);
#9616 = CARTESIAN_POINT('',(2.595314130238,-1.011170818451,
    2.880930211792));
#9617 = CARTESIAN_POINT('',(2.57904041756,-1.053020092832,2.835255068032
    ));
#9618 = CARTESIAN_POINT('',(2.570038908352,-1.073906394295,
    2.780307561986));
#9619 = CARTESIAN_POINT('',(2.569819964996,-1.074431081017,
    2.716087693653));
#9620 = B_SPLINE_SURFACE_WITH_KNOTS('',1,3,(
    (#9621,#9622,#9623,#9624)
    ,(#9625,#9626,#9627,#9628
    )),.UNSPECIFIED.,.F.,.F.,.F.,(2,2),(4,4),(0.,1.),(0.,1.),
  .PIECEWISE_BEZIER_KNOTS.);
#9621 = CARTESIAN_POINT('',(2.595314130238,-1.011170818451,
    2.880930211792));
#9622 = CARTESIAN_POINT('',(2.579040112767,-1.053020876634,
    2.835254212575));
#9623 = CARTESIAN_POINT('',(2.570038910459,-1.073906389245,
    2.780308180014));
#9624 = CARTESIAN_POINT('',(2.569819964996,-1.074431081017,
    2.716087693653));
#9625 = CARTESIAN_POINT('',(2.585994007907,-1.007546550284,
    2.880930211792));
#9626 = CARTESIAN_POINT('',(2.569778320931,-1.049246606502,2.8352542145)
  );
#9627 = CARTESIAN_POINT('',(2.560809380309,-1.070057262412,
    2.780308178731));
#9628 = CARTESIAN_POINT('',(2.560591219602,-1.070580073559,
    2.716087693653));
#9629 = ADVANCED_FACE('',(#9630),#9648,.T.);
#9630 = FACE_BOUND('',#9631,.T.);
#9631 = EDGE_LOOP('',(#9632,#9633,#9634,#9641));
#9632 = ORIENTED_EDGE('',*,*,#9607,.F.);
#9633 = ORIENTED_EDGE('',*,*,#2302,.T.);
#9634 = ORIENTED_EDGE('',*,*,#9635,.T.);
#9635 = EDGE_CURVE('',#2294,#9636,#9638,.T.);
#9636 = VERTEX_POINT('',#9637);
#9637 = CARTESIAN_POINT('',(2.592675576032,-1.017930057365,
    2.558475125156));
#9638 = B_SPLINE_CURVE_WITH_KNOTS('',1,(#9639,#9640),.UNSPECIFIED.,.F.,
  .F.,(2,2),(0.,1.),.PIECEWISE_BEZIER_KNOTS.);
#9639 = CARTESIAN_POINT('',(2.583364910885,-1.014281562535,
    2.558475125156));
#9640 = CARTESIAN_POINT('',(2.592675576032,-1.017930057365,
    2.558475125156));
#9641 = ORIENTED_EDGE('',*,*,#9642,.F.);
#9642 = EDGE_CURVE('',#9608,#9636,#9643,.T.);
#9643 = B_SPLINE_CURVE_WITH_KNOTS('',3,(#9644,#9645,#9646,#9647),
  .UNSPECIFIED.,.F.,.F.,(4,4),(0.,1.),.PIECEWISE_BEZIER_KNOTS.);
#9644 = CARTESIAN_POINT('',(2.569819964996,-1.074431081017,
    2.716087693653));
#9645 = CARTESIAN_POINT('',(2.570044605708,-1.073892740868,
    2.656096791872));
#9646 = CARTESIAN_POINT('',(2.578063373139,-1.055219223052,
    2.603559269039));
#9647 = CARTESIAN_POINT('',(2.592675576032,-1.017930057365,
    2.558475125156));
#9648 = B_SPLINE_SURFACE_WITH_KNOTS('',1,3,(
    (#9649,#9650,#9651,#9652)
    ,(#9653,#9654,#9655,#9656
    )),.UNSPECIFIED.,.F.,.F.,.F.,(2,2),(4,4),(0.,1.),(0.,1.),
  .PIECEWISE_BEZIER_KNOTS.);
#9649 = CARTESIAN_POINT('',(2.569819964996,-1.074431081017,
    2.716087693653));
#9650 = CARTESIAN_POINT('',(2.570044607407,-1.073892736796,
    2.656096338146));
#9651 = CARTESIAN_POINT('',(2.57806316898,-1.055219744049,2.603559898946
    ));
#9652 = CARTESIAN_POINT('',(2.592675576032,-1.017930057365,
    2.558475125156));
#9653 = CARTESIAN_POINT('',(2.560591219602,-1.070580073559,
    2.716087693653));
#9654 = CARTESIAN_POINT('',(2.560815056839,-1.070043658896,
    2.656096339237));
#9655 = CARTESIAN_POINT('',(2.568804878576,-1.051437593091,
    2.603559897323));
#9656 = CARTESIAN_POINT('',(2.583364910885,-1.014281562535,
    2.558475125156));
#9657 = ADVANCED_FACE('',(#9658),#9676,.T.);
#9658 = FACE_BOUND('',#9659,.T.);
#9659 = EDGE_LOOP('',(#9660,#9661,#9662,#9669));
#9660 = ORIENTED_EDGE('',*,*,#9635,.F.);
#9661 = ORIENTED_EDGE('',*,*,#2293,.T.);
#9662 = ORIENTED_EDGE('',*,*,#9663,.T.);
#9663 = EDGE_CURVE('',#2285,#9664,#9666,.T.);
#9664 = VERTEX_POINT('',#9665);
#9665 = CARTESIAN_POINT('',(2.632771988943,-0.908987862597,2.489067752)
  );
#9666 = B_SPLINE_CURVE_WITH_KNOTS('',1,(#9667,#9668),.UNSPECIFIED.,.F.,
  .F.,(2,2),(0.,1.),.PIECEWISE_BEZIER_KNOTS.);
#9667 = CARTESIAN_POINT('',(2.623317609054,-0.905729841584,2.489067752)
  );
#9668 = CARTESIAN_POINT('',(2.632771988943,-0.908987862597,2.489067752)
  );
#9669 = ORIENTED_EDGE('',*,*,#9670,.F.);
#9670 = EDGE_CURVE('',#9636,#9664,#9671,.T.);
#9671 = B_SPLINE_CURVE_WITH_KNOTS('',3,(#9672,#9673,#9674,#9675),
  .UNSPECIFIED.,.F.,.F.,(4,4),(0.,1.),.PIECEWISE_BEZIER_KNOTS.);
#9672 = CARTESIAN_POINT('',(2.592675576032,-1.017930057365,
    2.558475125156));
#9673 = CARTESIAN_POINT('',(2.604340240864,-0.98816277157,2.524302542399
    ));
#9674 = CARTESIAN_POINT('',(2.617972248191,-0.951934906451,
    2.501166751347));
#9675 = CARTESIAN_POINT('',(2.632771988943,-0.908987862597,2.489067752)
  );
#9676 = B_SPLINE_SURFACE_WITH_KNOTS('',1,3,(
    (#9677,#9678,#9679,#9680)
    ,(#9681,#9682,#9683,#9684
    )),.UNSPECIFIED.,.F.,.F.,.F.,(2,2),(4,4),(0.,1.),(0.,1.),
  .PIECEWISE_BEZIER_KNOTS.);
#9677 = CARTESIAN_POINT('',(2.592675576032,-1.017930057365,
    2.558475125156));
#9678 = CARTESIAN_POINT('',(2.604340087215,-0.98816316367,2.524302992525
    ));
#9679 = CARTESIAN_POINT('',(2.617971759126,-0.951936325659,
    2.501167151165));
#9680 = CARTESIAN_POINT('',(2.632771988943,-0.908987862597,2.489067752)
  );
#9681 = CARTESIAN_POINT('',(2.583364910885,-1.014281562535,
    2.558475125156));
#9682 = CARTESIAN_POINT('',(2.594987615063,-0.984621356952,
    2.524302988765));
#9683 = CARTESIAN_POINT('',(2.608570426056,-0.948524369244,
    2.501167151657));
#9684 = CARTESIAN_POINT('',(2.623317609054,-0.905729841584,2.489067752)
  );
#9685 = ADVANCED_FACE('',(#9686),#9704,.T.);
#9686 = FACE_BOUND('',#9687,.T.);
#9687 = EDGE_LOOP('',(#9688,#9689,#9690,#9697));
#9688 = ORIENTED_EDGE('',*,*,#9663,.F.);
#9689 = ORIENTED_EDGE('',*,*,#2284,.T.);
#9690 = ORIENTED_EDGE('',*,*,#9691,.T.);
#9691 = EDGE_CURVE('',#2274,#9692,#9694,.T.);
#9692 = VERTEX_POINT('',#9693);
#9693 = CARTESIAN_POINT('',(2.674450117906,-0.777590551416,
    2.390740635433));
#9694 = B_SPLINE_CURVE_WITH_KNOTS('',1,(#9695,#9696),.UNSPECIFIED.,.F.,
  .F.,(2,2),(0.,1.),.PIECEWISE_BEZIER_KNOTS.);
#9695 = CARTESIAN_POINT('',(2.664846354043,-0.774803488508,
    2.390740635433));
#9696 = CARTESIAN_POINT('',(2.674450117906,-0.777590551416,
    2.390740635433));
#9697 = ORIENTED_EDGE('',*,*,#9698,.F.);
#9698 = EDGE_CURVE('',#9664,#9692,#9699,.T.);
#9699 = B_SPLINE_CURVE_WITH_KNOTS('',3,(#9700,#9701,#9702,#9703),
  .UNSPECIFIED.,.F.,.F.,(4,4),(0.,1.),.PIECEWISE_BEZIER_KNOTS.);
#9700 = CARTESIAN_POINT('',(2.632771988943,-0.908987862597,2.489067752)
  );
#9701 = CARTESIAN_POINT('',(2.639506532936,-0.889445036741,
    2.429145330699));
#9702 = CARTESIAN_POINT('',(2.656610765437,-0.839062048195,
    2.391642972081));
#9703 = CARTESIAN_POINT('',(2.674450117906,-0.777590551416,
    2.390740635433));
#9704 = B_SPLINE_SURFACE_WITH_KNOTS('',1,3,(
    (#9705,#9706,#9707,#9708)
    ,(#9709,#9710,#9711,#9712
    )),.UNSPECIFIED.,.F.,.F.,.F.,(2,2),(4,4),(0.,1.),(0.,1.),
  .PIECEWISE_BEZIER_KNOTS.);
#9705 = CARTESIAN_POINT('',(2.632771988943,-0.908987862597,2.489067752)
  );
#9706 = CARTESIAN_POINT('',(2.639490221092,-0.889492371723,
    2.429290469728));
#9707 = CARTESIAN_POINT('',(2.656772715832,-0.838503993568,
    2.391634780428));
#9708 = CARTESIAN_POINT('',(2.674450117906,-0.777590551416,
    2.390740635433));
#9709 = CARTESIAN_POINT('',(2.623317609054,-0.905729841584,2.489067752)
  );
#9710 = CARTESIAN_POINT('',(2.630011869047,-0.886303914988,
    2.429289509524));
#9711 = CARTESIAN_POINT('',(2.64723225336,-0.835498804398,2.391634783397
    ));
#9712 = CARTESIAN_POINT('',(2.664846354043,-0.774803488508,
    2.390740635433));
#9713 = ADVANCED_FACE('',(#9714),#9734,.T.);
#9714 = FACE_BOUND('',#9715,.T.);
#9715 = EDGE_LOOP('',(#9716,#9717,#9718,#9725));
#9716 = ORIENTED_EDGE('',*,*,#9691,.F.);
#9717 = ORIENTED_EDGE('',*,*,#2273,.T.);
#9718 = ORIENTED_EDGE('',*,*,#9719,.T.);
#9719 = EDGE_CURVE('',#2267,#9720,#9722,.T.);
#9720 = VERTEX_POINT('',#9721);
#9721 = CARTESIAN_POINT('',(2.711253681139,-0.637233034062,2.53533935249
    ));
#9722 = B_SPLINE_CURVE_WITH_KNOTS('',1,(#9723,#9724),.UNSPECIFIED.,.F.,
  .F.,(2,2),(0.,1.),.PIECEWISE_BEZIER_KNOTS.);
#9723 = CARTESIAN_POINT('',(2.701518004862,-0.634949044693,2.53533935249
    ));
#9724 = CARTESIAN_POINT('',(2.711253681139,-0.637233034062,2.53533935249
    ));
#9725 = ORIENTED_EDGE('',*,*,#9726,.F.);
#9726 = EDGE_CURVE('',#9692,#9720,#9727,.T.);
#9727 = B_SPLINE_CURVE_WITH_KNOTS('',3,(#9728,#9729,#9730,#9731,#9732,
    #9733),.UNSPECIFIED.,.F.,.F.,(4,2,4),(0.,0.5,1.),.UNSPECIFIED.);
#9728 = CARTESIAN_POINT('',(2.674450117906,-0.777590551416,
    2.390740635433));
#9729 = CARTESIAN_POINT('',(2.685757904219,-0.738625765498,
    2.391407071534));
#9730 = CARTESIAN_POINT('',(2.694437283467,-0.705628418839,
    2.405515647624));
#9731 = CARTESIAN_POINT('',(2.707964194219,-0.651688878017,
    2.460917945456));
#9732 = CARTESIAN_POINT('',(2.711113441644,-0.637830815444,2.49495879744
    ));
#9733 = CARTESIAN_POINT('',(2.711253681139,-0.637233034062,2.53533935249
    ));
#9734 = B_SPLINE_SURFACE_WITH_KNOTS('',1,3,(
    (#9735,#9736,#9737,#9738,#9739,#9740)
    ,(#9741,#9742,#9743,#9744,#9745,#9746
    )),.UNSPECIFIED.,.F.,.F.,.F.,(2,2),(4,2,4),(0.,1.),(0.,0.5,1.),
  .UNSPECIFIED.);
#9735 = CARTESIAN_POINT('',(2.674450117906,-0.777590551416,
    2.390740635433));
#9736 = CARTESIAN_POINT('',(2.685769015931,-0.738587476353,
    2.391407726414));
#9737 = CARTESIAN_POINT('',(2.694437283467,-0.705628418839,
    2.405515647624));
#9738 = CARTESIAN_POINT('',(2.707964194219,-0.651688878017,
    2.460917945456));
#9739 = CARTESIAN_POINT('',(2.711113441687,-0.637830815262,
    2.494958809735));
#9740 = CARTESIAN_POINT('',(2.711253681139,-0.637233034062,2.53533935249
    ));
#9741 = CARTESIAN_POINT('',(2.664846354043,-0.774803488508,
    2.390740635433));
#9742 = CARTESIAN_POINT('',(2.676124683756,-0.735940205221,
    2.391407726486));
#9743 = CARTESIAN_POINT('',(2.684761881017,-0.703099284722,
    2.405515647624));
#9744 = CARTESIAN_POINT('',(2.698240308218,-0.649353075586,
    2.460917945456));
#9745 = CARTESIAN_POINT('',(2.70137826806,-0.635544683309,2.494958809647
    ));
#9746 = CARTESIAN_POINT('',(2.701518004862,-0.634949044693,2.53533935249
    ));
#9747 = ADVANCED_FACE('',(#9748),#9766,.T.);
#9748 = FACE_BOUND('',#9749,.T.);
#9749 = EDGE_LOOP('',(#9750,#9751,#9752,#9761));
#9750 = ORIENTED_EDGE('',*,*,#9719,.F.);
#9751 = ORIENTED_EDGE('',*,*,#2266,.T.);
#9752 = ORIENTED_EDGE('',*,*,#9753,.T.);
#9753 = EDGE_CURVE('',#2258,#9754,#9756,.T.);
#9754 = VERTEX_POINT('',#9755);
#9755 = CARTESIAN_POINT('',(2.711253681139,-0.637233034062,
    2.549799224197));
#9756 = B_SPLINE_CURVE_WITH_KNOTS('',3,(#9757,#9758,#9759,#9760),
  .UNSPECIFIED.,.F.,.F.,(4,4),(0.,1.),.PIECEWISE_BEZIER_KNOTS.);
#9757 = CARTESIAN_POINT('',(2.701518004862,-0.634949044693,
    2.549799224197));
#9758 = CARTESIAN_POINT('',(2.704763230288,-0.635710374482,
    2.549799224197));
#9759 = CARTESIAN_POINT('',(2.708008455713,-0.636471704272,
    2.549799224197));
#9760 = CARTESIAN_POINT('',(2.711253681139,-0.637233034062,
    2.549799224197));
#9761 = ORIENTED_EDGE('',*,*,#9762,.F.);
#9762 = EDGE_CURVE('',#9720,#9754,#9763,.T.);
#9763 = B_SPLINE_CURVE_WITH_KNOTS('',1,(#9764,#9765),.UNSPECIFIED.,.F.,
  .F.,(2,2),(-4.99466074751,-4.980200875803),.PIECEWISE_BEZIER_KNOTS.);
#9764 = CARTESIAN_POINT('',(2.711253681139,-0.637233034062,2.53533935249
    ));
#9765 = CARTESIAN_POINT('',(2.711253681139,-0.637233034062,
    2.549799224197));
#9766 = B_SPLINE_SURFACE_WITH_KNOTS('',1,1,(
    (#9767,#9768)
    ,(#9769,#9770
    )),.UNSPECIFIED.,.F.,.F.,.F.,(2,2),(2,2),(-7.229935853333E-03,
    7.229935853333E-03),(0.,1.E-02),.PIECEWISE_BEZIER_KNOTS.);
#9767 = CARTESIAN_POINT('',(2.701518004862,-0.634949044693,2.53533935249
    ));
#9768 = CARTESIAN_POINT('',(2.711253681139,-0.637233034062,2.53533935249
    ));
#9769 = CARTESIAN_POINT('',(2.701518004862,-0.634949044693,
    2.549799224197));
#9770 = CARTESIAN_POINT('',(2.711253681139,-0.637233034062,
    2.549799224197));
#9771 = ADVANCED_FACE('',(#9772),#9790,.T.);
#9772 = FACE_BOUND('',#9773,.T.);
#9773 = EDGE_LOOP('',(#9774,#9775,#9776,#9783));
#9774 = ORIENTED_EDGE('',*,*,#9753,.F.);
#9775 = ORIENTED_EDGE('',*,*,#2257,.T.);
#9776 = ORIENTED_EDGE('',*,*,#9777,.T.);
#9777 = EDGE_CURVE('',#2249,#9778,#9780,.T.);
#9778 = VERTEX_POINT('',#9779);
#9779 = CARTESIAN_POINT('',(2.750417142275,-0.437922792347,
    2.656802269303));
#9780 = B_SPLINE_CURVE_WITH_KNOTS('',1,(#9781,#9782),.UNSPECIFIED.,.F.,
  .F.,(2,2),(0.,1.),.PIECEWISE_BEZIER_KNOTS.);
#9781 = CARTESIAN_POINT('',(2.74054109517,-0.436353176603,2.656802269303
    ));
#9782 = CARTESIAN_POINT('',(2.750417142275,-0.437922792347,
    2.656802269303));
#9783 = ORIENTED_EDGE('',*,*,#9784,.F.);
#9784 = EDGE_CURVE('',#9754,#9778,#9785,.T.);
#9785 = B_SPLINE_CURVE_WITH_KNOTS('',3,(#9786,#9787,#9788,#9789),
  .UNSPECIFIED.,.F.,.F.,(4,4),(0.,1.),.PIECEWISE_BEZIER_KNOTS.);
#9786 = CARTESIAN_POINT('',(2.711253681139,-0.637233034062,
    2.549799224197));
#9787 = CARTESIAN_POINT('',(2.726721344313,-0.571300957744,
    2.585466905899));
#9788 = CARTESIAN_POINT('',(2.739787369671,-0.504805489855,
    2.621134587601));
#9789 = CARTESIAN_POINT('',(2.750417142275,-0.437922792347,
    2.656802269303));
#9790 = B_SPLINE_SURFACE_WITH_KNOTS('',1,3,(
    (#9791,#9792,#9793,#9794)
    ,(#9795,#9796,#9797,#9798
    )),.UNSPECIFIED.,.F.,.F.,.F.,(2,2),(4,4),(0.,1.),(0.,1.),
  .PIECEWISE_BEZIER_KNOTS.);
#9791 = CARTESIAN_POINT('',(2.711253681139,-0.637233034062,
    2.549799224197));
#9792 = CARTESIAN_POINT('',(2.726721354706,-0.571300913443,
    2.585466929865));
#9793 = CARTESIAN_POINT('',(2.739787362528,-0.504805534795,
    2.621134563635));
#9794 = CARTESIAN_POINT('',(2.750417142275,-0.437922792347,
    2.656802269303));
#9795 = CARTESIAN_POINT('',(2.701518004862,-0.634949044693,
    2.549799224197));
#9796 = CARTESIAN_POINT('',(2.716930238723,-0.569253239986,
    2.585466929827));
#9797 = CARTESIAN_POINT('',(2.729949415003,-0.502996195891,
    2.621134563672));
#9798 = CARTESIAN_POINT('',(2.74054109517,-0.436353176603,2.656802269303
    ));
#9799 = ADVANCED_FACE('',(#9800),#9818,.T.);
#9800 = FACE_BOUND('',#9801,.T.);
#9801 = EDGE_LOOP('',(#9802,#9803,#9804,#9811));
#9802 = ORIENTED_EDGE('',*,*,#9777,.F.);
#9803 = ORIENTED_EDGE('',*,*,#2248,.T.);
#9804 = ORIENTED_EDGE('',*,*,#9805,.T.);
#9805 = EDGE_CURVE('',#2240,#9806,#9808,.T.);
#9806 = VERTEX_POINT('',#9807);
#9807 = CARTESIAN_POINT('',(2.742998058325,-0.482293138501,
    2.733439605891));
#9808 = B_SPLINE_CURVE_WITH_KNOTS('',1,(#9809,#9810),.UNSPECIFIED.,.F.,
  .F.,(2,2),(0.,1.),.PIECEWISE_BEZIER_KNOTS.);
#9809 = CARTESIAN_POINT('',(2.733148602918,-0.480564489259,
    2.733439605891));
#9810 = CARTESIAN_POINT('',(2.742998058325,-0.482293138501,
    2.733439605891));
#9811 = ORIENTED_EDGE('',*,*,#9812,.F.);
#9812 = EDGE_CURVE('',#9778,#9806,#9813,.T.);
#9813 = B_SPLINE_CURVE_WITH_KNOTS('',3,(#9814,#9815,#9816,#9817),
  .UNSPECIFIED.,.F.,.F.,(4,4),(0.,1.),.PIECEWISE_BEZIER_KNOTS.);
#9814 = CARTESIAN_POINT('',(2.750417142275,-0.437922792347,
    2.656802269303));
#9815 = CARTESIAN_POINT('',(2.748063408071,-0.45273252522,2.682348048165
    ));
#9816 = CARTESIAN_POINT('',(2.745590272925,-0.467523281496,
    2.707893827028));
#9817 = CARTESIAN_POINT('',(2.742998058325,-0.482293138501,
    2.733439605891));
#9818 = B_SPLINE_SURFACE_WITH_KNOTS('',1,3,(
    (#9819,#9820,#9821,#9822)
    ,(#9823,#9824,#9825,#9826
    )),.UNSPECIFIED.,.F.,.F.,.F.,(2,2),(4,4),(0.,1.),(0.,1.),
  .PIECEWISE_BEZIER_KNOTS.);
#9819 = CARTESIAN_POINT('',(2.750417142275,-0.437922792347,
    2.656802269303));
#9820 = CARTESIAN_POINT('',(2.74806340807,-0.452732525228,2.682348048179
    ));
#9821 = CARTESIAN_POINT('',(2.745590272927,-0.467523281488,
    2.707893827014));
#9822 = CARTESIAN_POINT('',(2.742998058325,-0.482293138501,
    2.733439605891));
#9823 = CARTESIAN_POINT('',(2.74054109517,-0.436353176603,2.656802269303
    ));
#9824 = CARTESIAN_POINT('',(2.738195797288,-0.451109828005,
    2.682348048179));
#9825 = CARTESIAN_POINT('',(2.735731526429,-0.465847570802,
    2.707893827015));
#9826 = CARTESIAN_POINT('',(2.733148602918,-0.480564489259,
    2.733439605891));
#9827 = ADVANCED_FACE('',(#9828),#9846,.T.);
#9828 = FACE_BOUND('',#9829,.T.);
#9829 = EDGE_LOOP('',(#9830,#9831,#9832,#9839));
#9830 = ORIENTED_EDGE('',*,*,#9805,.F.);
#9831 = ORIENTED_EDGE('',*,*,#2239,.T.);
#9832 = ORIENTED_EDGE('',*,*,#9833,.T.);
#9833 = EDGE_CURVE('',#2231,#9834,#9836,.T.);
#9834 = VERTEX_POINT('',#9835);
#9835 = CARTESIAN_POINT('',(2.702738103233,-0.67249859799,2.632220662012
    ));
#9836 = B_SPLINE_CURVE_WITH_KNOTS('',1,(#9837,#9838),.UNSPECIFIED.,.F.,
  .F.,(2,2),(0.,1.),.PIECEWISE_BEZIER_KNOTS.);
#9837 = CARTESIAN_POINT('',(2.69303287581,-0.670088502402,2.632220503951
    ));
#9838 = CARTESIAN_POINT('',(2.702738103233,-0.67249859799,2.632220662012
    ));
#9839 = ORIENTED_EDGE('',*,*,#9840,.F.);
#9840 = EDGE_CURVE('',#9806,#9834,#9841,.T.);
#9841 = B_SPLINE_CURVE_WITH_KNOTS('',3,(#9842,#9843,#9844,#9845),
  .UNSPECIFIED.,.F.,.F.,(4,4),(0.,0.999998438431),
  .PIECEWISE_BEZIER_KNOTS.);
#9842 = CARTESIAN_POINT('',(2.742998058325,-0.482293138501,
    2.733439605891));
#9843 = CARTESIAN_POINT('',(2.731793013964,-0.546136966431,
    2.699699957931));
#9844 = CARTESIAN_POINT('',(2.718362162589,-0.609590123575,
    2.665960309971));
#9845 = CARTESIAN_POINT('',(2.702738103233,-0.67249859799,2.632220662012
    ));
#9846 = B_SPLINE_SURFACE_WITH_KNOTS('',1,3,(
    (#9847,#9848,#9849,#9850)
    ,(#9851,#9852,#9853,#9854
    )),.UNSPECIFIED.,.F.,.F.,.F.,(2,2),(4,4),(0.,1.),(0.,1.),
  .PIECEWISE_BEZIER_KNOTS.);
#9847 = CARTESIAN_POINT('',(2.742998058325,-0.482293138501,
    2.733439605891));
#9848 = CARTESIAN_POINT('',(2.731792990112,-0.546137102333,
    2.699699886111));
#9849 = CARTESIAN_POINT('',(2.7183621295,-0.609590286073,2.665960223731)
  );
#9850 = CARTESIAN_POINT('',(2.702738030039,-0.672498892698,
    2.632220503951));
#9851 = CARTESIAN_POINT('',(2.733148602918,-0.480564489259,
    2.733439605891));
#9852 = CARTESIAN_POINT('',(2.72198369625,-0.544179621624,2.69969988614)
  );
#9853 = CARTESIAN_POINT('',(2.708600974901,-0.607405374707,
    2.665960223702));
#9854 = CARTESIAN_POINT('',(2.69303287581,-0.670088502402,2.632220503951
    ));
#9855 = ADVANCED_FACE('',(#9856),#9874,.T.);
#9856 = FACE_BOUND('',#9857,.T.);
#9857 = EDGE_LOOP('',(#9858,#9859,#9860,#9867));
#9858 = ORIENTED_EDGE('',*,*,#9833,.F.);
#9859 = ORIENTED_EDGE('',*,*,#2230,.T.);
#9860 = ORIENTED_EDGE('',*,*,#9861,.T.);
#9861 = EDGE_CURVE('',#2222,#9862,#9864,.T.);
#9862 = VERTEX_POINT('',#9863);
#9863 = CARTESIAN_POINT('',(2.674450125621,-0.777590524833,
    2.681384062235));
#9864 = B_SPLINE_CURVE_WITH_KNOTS('',1,(#9865,#9866),.UNSPECIFIED.,.F.,
  .F.,(2,2),(0.,1.),.PIECEWISE_BEZIER_KNOTS.);
#9865 = CARTESIAN_POINT('',(2.66484636173,-0.77480346202,2.681384062235)
  );
#9866 = CARTESIAN_POINT('',(2.674450125621,-0.777590524833,
    2.681384062235));
#9867 = ORIENTED_EDGE('',*,*,#9868,.F.);
#9868 = EDGE_CURVE('',#9834,#9862,#9869,.T.);
#9869 = B_SPLINE_CURVE_WITH_KNOTS('',3,(#9870,#9871,#9872,#9873),
  .UNSPECIFIED.,.F.,.F.,(4,4),(0.,1.),.PIECEWISE_BEZIER_KNOTS.);
#9870 = CARTESIAN_POINT('',(2.702738103233,-0.67249859799,2.632220662012
    ));
#9871 = CARTESIAN_POINT('',(2.695869142253,-0.700155664902,
    2.664310269102));
#9872 = CARTESIAN_POINT('',(2.686730602786,-0.735274003435,
    2.680698121863));
#9873 = CARTESIAN_POINT('',(2.674450125621,-0.777590524833,
    2.681384062235));
#9874 = B_SPLINE_SURFACE_WITH_KNOTS('',1,3,(
    (#9875,#9876,#9877,#9878)
    ,(#9879,#9880,#9881,#9882
    )),.UNSPECIFIED.,.F.,.F.,.F.,(2,2),(4,4),(0.,1.),(0.,1.),
  .PIECEWISE_BEZIER_KNOTS.);
#9875 = CARTESIAN_POINT('',(2.702738030039,-0.672498892698,
    2.632220503951));
#9876 = CARTESIAN_POINT('',(2.69586927052,-0.700155148447,2.664309669867
    ));
#9877 = CARTESIAN_POINT('',(2.686731048095,-0.735272468974,2.68069809699
    ));
#9878 = CARTESIAN_POINT('',(2.674450125621,-0.777590524833,
    2.681384062235));
#9879 = CARTESIAN_POINT('',(2.69303287581,-0.670088502402,2.632220503951
    ));
#9880 = CARTESIAN_POINT('',(2.686188734795,-0.697645634626,
    2.664309673174));
#9881 = CARTESIAN_POINT('',(2.677083267168,-0.732637081686,
    2.680698096956));
#9882 = CARTESIAN_POINT('',(2.66484636173,-0.77480346202,2.681384062235)
  );
#9883 = ADVANCED_FACE('',(#9884),#9902,.T.);
#9884 = FACE_BOUND('',#9885,.T.);
#9885 = EDGE_LOOP('',(#9886,#9887,#9888,#9895));
#9886 = ORIENTED_EDGE('',*,*,#9861,.F.);
#9887 = ORIENTED_EDGE('',*,*,#2221,.T.);
#9888 = ORIENTED_EDGE('',*,*,#9889,.T.);
#9889 = EDGE_CURVE('',#2213,#9890,#9892,.T.);
#9890 = VERTEX_POINT('',#9891);
#9891 = CARTESIAN_POINT('',(2.633244500736,-0.907615532225,
    2.585949326347));
#9892 = B_SPLINE_CURVE_WITH_KNOTS('',1,(#9893,#9894),.UNSPECIFIED.,.F.,
  .F.,(2,2),(0.,1.),.PIECEWISE_BEZIER_KNOTS.);
#9893 = CARTESIAN_POINT('',(2.623788374405,-0.904362583587,
    2.585948903461));
#9894 = CARTESIAN_POINT('',(2.633244500736,-0.907615532225,
    2.585949326347));
#9895 = ORIENTED_EDGE('',*,*,#9896,.F.);
#9896 = EDGE_CURVE('',#9862,#9890,#9897,.T.);
#9897 = B_SPLINE_CURVE_WITH_KNOTS('',3,(#9898,#9899,#9900,#9901),
  .UNSPECIFIED.,.F.,.F.,(4,4),(0.,0.999997548462),
  .PIECEWISE_BEZIER_KNOTS.);
#9898 = CARTESIAN_POINT('',(2.674450125621,-0.777590524833,
    2.681384062235));
#9899 = CARTESIAN_POINT('',(2.657137168886,-0.837248150042,
    2.680348038268));
#9900 = CARTESIAN_POINT('',(2.640456510565,-0.886651760017,
    2.643448463705));
#9901 = CARTESIAN_POINT('',(2.633244500736,-0.907615532225,
    2.585949326347));
#9902 = B_SPLINE_SURFACE_WITH_KNOTS('',1,3,(
    (#9903,#9904,#9905,#9906)
    ,(#9907,#9908,#9909,#9910
    )),.UNSPECIFIED.,.F.,.F.,.F.,(2,2),(4,4),(0.,1.),(0.,1.),
  .PIECEWISE_BEZIER_KNOTS.);
#9903 = CARTESIAN_POINT('',(2.674450125621,-0.777590524833,
    2.681384062235));
#9904 = CARTESIAN_POINT('',(2.657258619542,-0.836829650892,
    2.680355305992));
#9905 = CARTESIAN_POINT('',(2.64042033732,-0.886756911875,2.643160506503
    ));
#9906 = CARTESIAN_POINT('',(2.633244447694,-0.907615686406,
    2.585948903461));
#9907 = CARTESIAN_POINT('',(2.66484636173,-0.77480346202,2.681384062235)
  );
#9908 = CARTESIAN_POINT('',(2.647716406004,-0.833830495602,
    2.680355301911));
#9909 = CARTESIAN_POINT('',(2.63093866894,-0.883578208504,2.643161506233
    ));
#9910 = CARTESIAN_POINT('',(2.623788374405,-0.904362583587,
    2.585948903461));
#9911 = ADVANCED_FACE('',(#9912),#9930,.T.);
#9912 = FACE_BOUND('',#9913,.T.);
#9913 = EDGE_LOOP('',(#9914,#9915,#9916,#9923));
#9914 = ORIENTED_EDGE('',*,*,#9889,.F.);
#9915 = ORIENTED_EDGE('',*,*,#2212,.T.);
#9916 = ORIENTED_EDGE('',*,*,#9917,.T.);
#9917 = EDGE_CURVE('',#2202,#9918,#9920,.T.);
#9918 = VERTEX_POINT('',#9919);
#9919 = CARTESIAN_POINT('',(2.603639181796,-0.989495638797,
    2.718979734185));
#9920 = B_SPLINE_CURVE_WITH_KNOTS('',1,(#9921,#9922),.UNSPECIFIED.,.F.,
  .F.,(2,2),(0.,1.),.PIECEWISE_BEZIER_KNOTS.);
#9921 = CARTESIAN_POINT('',(2.594289220571,-0.985949059446,
    2.718979734185));
#9922 = CARTESIAN_POINT('',(2.603639181796,-0.989495638797,
    2.718979734185));
#9923 = ORIENTED_EDGE('',*,*,#9924,.F.);
#9924 = EDGE_CURVE('',#9890,#9918,#9925,.T.);
#9925 = B_SPLINE_CURVE_WITH_KNOTS('',3,(#9926,#9927,#9928,#9929),
  .UNSPECIFIED.,.F.,.F.,(4,4),(0.,1.),.PIECEWISE_BEZIER_KNOTS.);
#9926 = CARTESIAN_POINT('',(2.633244500736,-0.907615532225,
    2.585949326347));
#9927 = CARTESIAN_POINT('',(2.615852147335,-0.958171379243,
    2.611234757141));
#9928 = CARTESIAN_POINT('',(2.60392192603,-0.988750231079,2.660360745411
    ));
#9929 = CARTESIAN_POINT('',(2.603639181796,-0.989495638797,
    2.718979734185));
#9930 = B_SPLINE_SURFACE_WITH_KNOTS('',1,3,(
    (#9931,#9932,#9933,#9934)
    ,(#9935,#9936,#9937,#9938
    )),.UNSPECIFIED.,.F.,.F.,.F.,(2,2),(4,4),(0.,1.),(0.,1.),
  .PIECEWISE_BEZIER_KNOTS.);
#9931 = CARTESIAN_POINT('',(2.633244447694,-0.907615686406,
    2.585948903461));
#9932 = CARTESIAN_POINT('',(2.616000761931,-0.957739388436,
    2.611018693317));
#9933 = CARTESIAN_POINT('',(2.603921453672,-0.98875147637,2.660458675319
    ));
#9934 = CARTESIAN_POINT('',(2.603639181796,-0.989495638797,
    2.718979734185));
#9935 = CARTESIAN_POINT('',(2.623788374405,-0.904362583587,
    2.585948903461));
#9936 = CARTESIAN_POINT('',(2.60660679447,-0.954305757274,2.611018254859
    ));
#9937 = CARTESIAN_POINT('',(2.594570479245,-0.985207568157,
    2.660458982213));
#9938 = CARTESIAN_POINT('',(2.594289220571,-0.985949059446,
    2.718979734185));
#9939 = ADVANCED_FACE('',(#9940),#9960,.T.);
#9940 = FACE_BOUND('',#9941,.T.);
#9941 = EDGE_LOOP('',(#9942,#9943,#9944,#9951));
#9942 = ORIENTED_EDGE('',*,*,#9917,.F.);
#9943 = ORIENTED_EDGE('',*,*,#2201,.T.);
#9944 = ORIENTED_EDGE('',*,*,#9945,.T.);
#9945 = EDGE_CURVE('',#2193,#9946,#9948,.T.);
#9946 = VERTEX_POINT('',#9947);
#9947 = CARTESIAN_POINT('',(2.65155555761,-0.852533031225,2.863578451242
    ));
#9948 = B_SPLINE_CURVE_WITH_KNOTS('',1,(#9949,#9950),.UNSPECIFIED.,.F.,
  .F.,(2,2),(0.,1.),.PIECEWISE_BEZIER_KNOTS.);
#9949 = CARTESIAN_POINT('',(2.642033853103,-0.849477357278,
    2.863578451242));
#9950 = CARTESIAN_POINT('',(2.65155555761,-0.852533031225,2.863578451242
    ));
#9951 = ORIENTED_EDGE('',*,*,#9952,.F.);
#9952 = EDGE_CURVE('',#9918,#9946,#9953,.T.);
#9953 = B_SPLINE_CURVE_WITH_KNOTS('',3,(#9954,#9955,#9956,#9957,#9958,
    #9959),.UNSPECIFIED.,.F.,.F.,(4,2,4),(0.,0.5,1.),.UNSPECIFIED.);
#9954 = CARTESIAN_POINT('',(2.603639181796,-0.989495638797,
    2.718979734185));
#9955 = CARTESIAN_POINT('',(2.603876388795,-0.988870282356,
    2.759406715669));
#9956 = CARTESIAN_POINT('',(2.608991316219,-0.975665046497,
    2.793397588485));
#9957 = CARTESIAN_POINT('',(2.627914267435,-0.923382555913,
    2.848808106041));
#9958 = CARTESIAN_POINT('',(2.639172188973,-0.891120517658,
    2.862966640701));
#9959 = CARTESIAN_POINT('',(2.65155555761,-0.852533031225,2.863578451242
    ));
#9960 = B_SPLINE_SURFACE_WITH_KNOTS('',1,3,(
    (#9961,#9962,#9963,#9964,#9965,#9966)
    ,(#9967,#9968,#9969,#9970,#9971,#9972
    )),.UNSPECIFIED.,.F.,.F.,.F.,(2,2),(4,2,4),(0.,1.),(0.,0.5,1.),
  .UNSPECIFIED.);
#9961 = CARTESIAN_POINT('',(2.603639181796,-0.989495638797,
    2.718979734185));
#9962 = CARTESIAN_POINT('',(2.603876613393,-0.98886969024,2.759444993727
    ));
#9963 = CARTESIAN_POINT('',(2.608991316219,-0.975665046497,
    2.793397588485));
#9964 = CARTESIAN_POINT('',(2.627914267435,-0.923382555913,
    2.848808106041));
#9965 = CARTESIAN_POINT('',(2.639171738433,-0.891121921572,
    2.862966618442));
#9966 = CARTESIAN_POINT('',(2.65155555761,-0.852533031225,2.863578451242
    ));
#9967 = CARTESIAN_POINT('',(2.594289220571,-0.985949059446,
    2.718979734185));
#9968 = CARTESIAN_POINT('',(2.594525801134,-0.985325354499,
    2.759444989423));
#9969 = CARTESIAN_POINT('',(2.599622171717,-0.972168039162,
    2.793397588485));
#9970 = CARTESIAN_POINT('',(2.618477298734,-0.920072941018,
    2.848808106041));
#9971 = CARTESIAN_POINT('',(2.629694420375,-0.887927936188,
    2.862966618442));
#9972 = CARTESIAN_POINT('',(2.642033853103,-0.849477357278,
    2.863578451242));
#9973 = ADVANCED_FACE('',(#9974),#9992,.T.);
#9974 = FACE_BOUND('',#9975,.T.);
#9975 = EDGE_LOOP('',(#9976,#9977,#9978,#9985));
#9976 = ORIENTED_EDGE('',*,*,#9945,.F.);
#9977 = ORIENTED_EDGE('',*,*,#2192,.T.);
#9978 = ORIENTED_EDGE('',*,*,#9979,.T.);
#9979 = EDGE_CURVE('',#2182,#9980,#9982,.T.);
#9980 = VERTEX_POINT('',#9981);
#9981 = CARTESIAN_POINT('',(2.674045265437,-0.778984252562,
    2.841888728447));
#9982 = B_SPLINE_CURVE_WITH_KNOTS('',1,(#9983,#9984),.UNSPECIFIED.,.F.,
  .F.,(2,2),(0.,1.),.PIECEWISE_BEZIER_KNOTS.);
#9983 = CARTESIAN_POINT('',(2.664442993344,-0.776192054383,
    2.841888643683));
#9984 = CARTESIAN_POINT('',(2.674045265437,-0.778984252562,
    2.841888728447));
#9985 = ORIENTED_EDGE('',*,*,#9986,.F.);
#9986 = EDGE_CURVE('',#9946,#9980,#9987,.T.);
#9987 = B_SPLINE_CURVE_WITH_KNOTS('',3,(#9988,#9989,#9990,#9991),
  .UNSPECIFIED.,.F.,.F.,(4,4),(0.,0.999997981819),
  .PIECEWISE_BEZIER_KNOTS.);
#9988 = CARTESIAN_POINT('',(2.65155555761,-0.852533031225,2.863578451242
    ));
#9989 = CARTESIAN_POINT('',(2.659842735357,-0.82670957654,2.863118686673
    ));
#9990 = CARTESIAN_POINT('',(2.667301159695,-0.802178257443,
    2.855888779075));
#9991 = CARTESIAN_POINT('',(2.674045265437,-0.778984252562,
    2.841888728447));
#9992 = B_SPLINE_SURFACE_WITH_KNOTS('',1,3,(
    (#9993,#9994,#9995,#9996)
    ,(#9997,#9998,#9999,#10000
    )),.UNSPECIFIED.,.F.,.F.,.F.,(2,2),(4,4),(0.,1.),(0.,1.),
  .PIECEWISE_BEZIER_KNOTS.);
#9993 = CARTESIAN_POINT('',(2.65155555761,-0.852533031225,2.863578451242
    ));
#9994 = CARTESIAN_POINT('',(2.659842796652,-0.826709385541,
    2.863118683272));
#9995 = CARTESIAN_POINT('',(2.667301212017,-0.802178082037,
    2.855888703781));
#9996 = CARTESIAN_POINT('',(2.67404530627,-0.778984112132,2.841888643683
    ));
#9997 = CARTESIAN_POINT('',(2.642033853103,-0.849477357278,
    2.863578451242));
#9998 = CARTESIAN_POINT('',(2.650291388836,-0.823746269283,
    2.863118683269));
#9999 = CARTESIAN_POINT('',(2.6577230714,-0.799302892025,2.85588870393)
  );
#10000 = CARTESIAN_POINT('',(2.664442993344,-0.776192054383,
    2.841888643683));
#10001 = ADVANCED_FACE('',(#10002),#10020,.T.);
#10002 = FACE_BOUND('',#10003,.T.);
#10003 = EDGE_LOOP('',(#10004,#10005,#10006,#10013));
#10004 = ORIENTED_EDGE('',*,*,#9979,.F.);
#10005 = ORIENTED_EDGE('',*,*,#2181,.T.);
#10006 = ORIENTED_EDGE('',*,*,#10007,.T.);
#10007 = EDGE_CURVE('',#2171,#10008,#10010,.T.);
#10008 = VERTEX_POINT('',#10009);
#10009 = CARTESIAN_POINT('',(2.721790863183,-0.590518067853,
    2.980703334835));
#10010 = B_SPLINE_CURVE_WITH_KNOTS('',1,(#10011,#10012),.UNSPECIFIED.,
  .F.,.F.,(2,2),(0.,1.),.PIECEWISE_BEZIER_KNOTS.);
#10011 = CARTESIAN_POINT('',(2.712017419229,-0.588401515638,
    2.980703334835));
#10012 = CARTESIAN_POINT('',(2.721790863183,-0.590518067853,
    2.980703334835));
#10013 = ORIENTED_EDGE('',*,*,#10014,.F.);
#10014 = EDGE_CURVE('',#9980,#10008,#10015,.T.);
#10015 = B_SPLINE_CURVE_WITH_KNOTS('',3,(#10016,#10017,#10018,#10019),
  .UNSPECIFIED.,.F.,.F.,(4,4),(0.,1.),.PIECEWISE_BEZIER_KNOTS.);
#10016 = CARTESIAN_POINT('',(2.674045265437,-0.778984252562,
    2.841888728447));
#10017 = CARTESIAN_POINT('',(2.682341561889,-0.750452022285,
    2.926264951066));
#10018 = CARTESIAN_POINT('',(2.702718088944,-0.678588982804,
    2.97979776373));
#10019 = CARTESIAN_POINT('',(2.721790863183,-0.590518067853,
    2.980703334835));
#10020 = B_SPLINE_SURFACE_WITH_KNOTS('',1,3,(
    (#10021,#10022,#10023,#10024,#10025,#10026)
    ,(#10027,#10028,#10029,#10030,#10031,#10032
  )),.UNSPECIFIED.,.F.,.F.,.F.,(2,2),(4,2,4),(0.,1.),(0.,0.5,1.),
  .UNSPECIFIED.);
#10021 = CARTESIAN_POINT('',(2.67404530627,-0.778984112132,
    2.841888643683));
#10022 = CARTESIAN_POINT('',(2.678183343547,-0.764752770089,
    2.883974172543));
#10023 = CARTESIAN_POINT('',(2.685119798851,-0.740652363721,
    2.917774487794));
#10024 = CARTESIAN_POINT('',(2.702752443947,-0.673340299071,
    2.967574222763));
#10025 = CARTESIAN_POINT('',(2.712254122016,-0.634555160185,
    2.980250532472));
#10026 = CARTESIAN_POINT('',(2.721790863183,-0.590518067853,
    2.980703334835));
#10027 = CARTESIAN_POINT('',(2.664442993344,-0.776192054383,
    2.841888643683));
#10028 = CARTESIAN_POINT('',(2.668566214974,-0.762011665613,
    2.883974336136));
#10029 = CARTESIAN_POINT('',(2.675477792403,-0.737997695751,
    2.917774487794));
#10030 = CARTESIAN_POINT('',(2.693047238055,-0.670926892981,
    2.967574222763));
#10031 = CARTESIAN_POINT('',(2.702514859931,-0.632280768929,
    2.980250532472));
#10032 = CARTESIAN_POINT('',(2.712017419229,-0.588401515638,
    2.980703334835));
#10033 = ADVANCED_FACE('',(#10034),#10054,.T.);
#10034 = FACE_BOUND('',#10035,.T.);
#10035 = EDGE_LOOP('',(#10036,#10037,#10038,#10045));
#10036 = ORIENTED_EDGE('',*,*,#10007,.F.);
#10037 = ORIENTED_EDGE('',*,*,#2170,.T.);
#10038 = ORIENTED_EDGE('',*,*,#10039,.T.);
#10039 = EDGE_CURVE('',#2163,#10040,#10042,.T.);
#10040 = VERTEX_POINT('',#10041);
#10041 = CARTESIAN_POINT('',(2.757527644246,-0.390564994308,
    2.799954938513));
#10042 = B_SPLINE_CURVE_WITH_KNOTS('',1,(#10043,#10044),.UNSPECIFIED.,
  .F.,.F.,(2,2),(0.,1.),.PIECEWISE_BEZIER_KNOTS.);
#10043 = CARTESIAN_POINT('',(2.747626111471,-0.389165119776,
    2.799954938513));
#10044 = CARTESIAN_POINT('',(2.757527644246,-0.390564994308,
    2.799954938513));
#10045 = ORIENTED_EDGE('',*,*,#10046,.F.);
#10046 = EDGE_CURVE('',#10008,#10040,#10047,.T.);
#10047 = B_SPLINE_CURVE_WITH_KNOTS('',3,(#10048,#10049,#10050,#10051,
    #10052,#10053),.UNSPECIFIED.,.F.,.F.,(4,2,4),(0.,0.5,1.),
  .UNSPECIFIED.);
#10048 = CARTESIAN_POINT('',(2.721790863183,-0.590518067853,
    2.980703334835));
#10049 = CARTESIAN_POINT('',(2.73287660516,-0.539328270997,
    2.980128428316));
#10050 = CARTESIAN_POINT('',(2.741051864616,-0.494734083328,
    2.962788395509));
#10051 = CARTESIAN_POINT('',(2.753580933611,-0.419277818502,
    2.894621059439));
#10052 = CARTESIAN_POINT('',(2.756607866484,-0.397070727103,
    2.851704463119));
#10053 = CARTESIAN_POINT('',(2.757527644246,-0.390564994308,
    2.799954938513));
#10054 = B_SPLINE_SURFACE_WITH_KNOTS('',1,3,(
    (#10055,#10056,#10057,#10058,#10059,#10060)
    ,(#10061,#10062,#10063,#10064,#10065,#10066
  )),.UNSPECIFIED.,.F.,.F.,.F.,(2,2),(4,2,4),(0.,1.),(0.,0.5,1.),
  .UNSPECIFIED.);
#10055 = CARTESIAN_POINT('',(2.721790863183,-0.590518067853,
    2.980703334835));
#10056 = CARTESIAN_POINT('',(2.732875935634,-0.539331362616,
    2.980128463038));
#10057 = CARTESIAN_POINT('',(2.741051864616,-0.494734083328,
    2.962788395509));
#10058 = CARTESIAN_POINT('',(2.753580933611,-0.419277818502,
    2.894621059439));
#10059 = CARTESIAN_POINT('',(2.75660787138,-0.397070692478,
    2.851704187697));
#10060 = CARTESIAN_POINT('',(2.757527644246,-0.390564994308,
    2.799954938513));
#10061 = CARTESIAN_POINT('',(2.712017419229,-0.588401515638,
    2.980703334835));
#10062 = CARTESIAN_POINT('',(2.723062760148,-0.537398275707,
    2.980128463043));
#10063 = CARTESIAN_POINT('',(2.731209384815,-0.492960842886,
    2.962788395509));
#10064 = CARTESIAN_POINT('',(2.743693546752,-0.417775030622,
    2.894621059439));
#10065 = CARTESIAN_POINT('',(2.746709635247,-0.395647500275,
    2.851704189637));
#10066 = CARTESIAN_POINT('',(2.747626111471,-0.389165119776,
    2.799954938513));
#10067 = ADVANCED_FACE('',(#10068),#10087,.F.);
#10068 = FACE_BOUND('',#10069,.T.);
#10069 = EDGE_LOOP('',(#10070,#10071,#10072,#10081));
#10070 = ORIENTED_EDGE('',*,*,#10039,.F.);
#10071 = ORIENTED_EDGE('',*,*,#2162,.F.);
#10072 = ORIENTED_EDGE('',*,*,#10073,.T.);
#10073 = EDGE_CURVE('',#2152,#10074,#10076,.T.);
#10074 = VERTEX_POINT('',#10075);
#10075 = CARTESIAN_POINT('',(2.759128907209,-0.379066464266,
    2.799954938513));
#10076 = B_SPLINE_CURVE_WITH_KNOTS('',3,(#10077,#10078,#10079,#10080),
  .UNSPECIFIED.,.F.,.F.,(4,4),(0.,1.),.PIECEWISE_BEZIER_KNOTS.);
#10077 = CARTESIAN_POINT('',(2.74922163514,-0.377707803103,
    2.799954938513));
#10078 = CARTESIAN_POINT('',(2.752524059163,-0.378160690157,
    2.799954938513));
#10079 = CARTESIAN_POINT('',(2.755826483186,-0.378613577212,
    2.799954938513));
#10080 = CARTESIAN_POINT('',(2.759128907209,-0.379066464266,
    2.799954938513));
#10081 = ORIENTED_EDGE('',*,*,#10082,.T.);
#10082 = EDGE_CURVE('',#10074,#10040,#10083,.T.);
#10083 = ( BOUNDED_CURVE() B_SPLINE_CURVE(2,(#10084,#10085,#10086),
.UNSPECIFIED.,.F.,.F.) B_SPLINE_CURVE_WITH_KNOTS((3,3),(3.27788028648,
3.282041396671),.PIECEWISE_BEZIER_KNOTS.) CURVE() 
GEOMETRIC_REPRESENTATION_ITEM() RATIONAL_B_SPLINE_CURVE((1.,
0.999997835646,1.)) REPRESENTATION_ITEM('') );
#10084 = CARTESIAN_POINT('',(2.759128907209,-0.379066464266,
    2.799954938513));
#10085 = CARTESIAN_POINT('',(2.758340237407,-0.384817395047,
    2.799954938513));
#10086 = CARTESIAN_POINT('',(2.757527644246,-0.390564994308,
    2.799954938513));
#10087 = B_SPLINE_SURFACE_WITH_KNOTS('',1,1,(
    (#10088,#10089)
    ,(#10090,#10091
    )),.UNSPECIFIED.,.F.,.F.,.F.,(2,2),(2,2),(2.752626111471,
    2.764128907209),(-0.390564994308,-0.377707803103),
  .PIECEWISE_BEZIER_KNOTS.);
#10088 = CARTESIAN_POINT('',(2.747626111471,-0.390564994308,
    2.799954938513));
#10089 = CARTESIAN_POINT('',(2.747626111471,-0.377707803103,
    2.799954938513));
#10090 = CARTESIAN_POINT('',(2.759128907209,-0.390564994308,
    2.799954938513));
#10091 = CARTESIAN_POINT('',(2.759128907209,-0.377707803103,
    2.799954938513));
#10092 = ADVANCED_FACE('',(#10093),#10111,.T.);
#10093 = FACE_BOUND('',#10094,.T.);
#10094 = EDGE_LOOP('',(#10095,#10096,#10097,#10104));
#10095 = ORIENTED_EDGE('',*,*,#10073,.F.);
#10096 = ORIENTED_EDGE('',*,*,#2151,.T.);
#10097 = ORIENTED_EDGE('',*,*,#10098,.T.);
#10098 = EDGE_CURVE('',#2141,#10099,#10101,.T.);
#10099 = VERTEX_POINT('',#10100);
#10100 = CARTESIAN_POINT('',(2.772229182072,-0.266642213927,
    2.687167950241));
#10101 = B_SPLINE_CURVE_WITH_KNOTS('',1,(#10102,#10103),.UNSPECIFIED.,
  .F.,.F.,(2,2),(0.,1.),.PIECEWISE_BEZIER_KNOTS.);
#10102 = CARTESIAN_POINT('',(2.762274955613,-0.265686507067,
    2.687167950241));
#10103 = CARTESIAN_POINT('',(2.772229182072,-0.266642213927,
    2.687167950241));
#10104 = ORIENTED_EDGE('',*,*,#10105,.F.);
#10105 = EDGE_CURVE('',#10074,#10099,#10106,.T.);
#10106 = B_SPLINE_CURVE_WITH_KNOTS('',3,(#10107,#10108,#10109,#10110),
  .UNSPECIFIED.,.F.,.F.,(4,4),(0.,1.),.PIECEWISE_BEZIER_KNOTS.);
#10107 = CARTESIAN_POINT('',(2.759128907209,-0.379066464266,
    2.799954938513));
#10108 = CARTESIAN_POINT('',(2.767787132529,-0.315931227711,
    2.798628937122));
#10109 = CARTESIAN_POINT('',(2.772119453155,-0.267785102541,
    2.750495119783));
#10110 = CARTESIAN_POINT('',(2.772229182072,-0.266642213927,
    2.687167950241));
#10111 = B_SPLINE_SURFACE_WITH_KNOTS('',1,3,(
    (#10112,#10113,#10114,#10115,#10116,#10117)
    ,(#10118,#10119,#10120,#10121,#10122,#10123
  )),.UNSPECIFIED.,.F.,.F.,.F.,(2,2),(4,2,4),(0.,1.),(0.,0.5,1.),
  .UNSPECIFIED.);
#10112 = CARTESIAN_POINT('',(2.759128907209,-0.379066464266,
    2.799954938513));
#10113 = CARTESIAN_POINT('',(2.763467195283,-0.347431939446,
    2.799290532609));
#10114 = CARTESIAN_POINT('',(2.766544960956,-0.321096850664,
    2.788352861763));
#10115 = CARTESIAN_POINT('',(2.771175477821,-0.27823438762,
    2.745401234271));
#10116 = CARTESIAN_POINT('',(2.772174317625,-0.26721365811,
    2.718831528166));
#10117 = CARTESIAN_POINT('',(2.772229182072,-0.266642213927,
    2.687167950241));
#10118 = CARTESIAN_POINT('',(2.74922163514,-0.377707803103,
    2.799954938513));
#10119 = CARTESIAN_POINT('',(2.75354437509,-0.346186654229,2.79929053241
    ));
#10120 = CARTESIAN_POINT('',(2.756611108049,-0.319945965895,
    2.788352861763));
#10121 = CARTESIAN_POINT('',(2.761225028079,-0.27723713175,
    2.745401234271));
#10122 = CARTESIAN_POINT('',(2.762220287813,-0.266255903064,
    2.718831528215));
#10123 = CARTESIAN_POINT('',(2.762274955613,-0.265686507067,
    2.687167950241));
#10124 = ADVANCED_FACE('',(#10125),#10143,.T.);
#10125 = FACE_BOUND('',#10126,.T.);
#10126 = EDGE_LOOP('',(#10127,#10128,#10129,#10136));
#10127 = ORIENTED_EDGE('',*,*,#10098,.F.);
#10128 = ORIENTED_EDGE('',*,*,#2140,.T.);
#10129 = ORIENTED_EDGE('',*,*,#10130,.T.);
#10130 = EDGE_CURVE('',#2133,#10131,#10133,.T.);
#10131 = VERTEX_POINT('',#10132);
#10132 = CARTESIAN_POINT('',(2.760298445708,-0.370438262285,
    2.574380961968));
#10133 = B_SPLINE_CURVE_WITH_KNOTS('',1,(#10134,#10135),.UNSPECIFIED.,
  .F.,.F.,(2,2),(0.,1.),.PIECEWISE_BEZIER_KNOTS.);
#10134 = CARTESIAN_POINT('',(2.750386981745,-0.369110526578,
    2.574380961968));
#10135 = CARTESIAN_POINT('',(2.760298445708,-0.370438262285,
    2.574380961968));
#10136 = ORIENTED_EDGE('',*,*,#10137,.F.);
#10137 = EDGE_CURVE('',#10099,#10131,#10138,.T.);
#10138 = B_SPLINE_CURVE_WITH_KNOTS('',3,(#10139,#10140,#10141,#10142),
  .UNSPECIFIED.,.F.,.F.,(4,4),(0.,1.),.PIECEWISE_BEZIER_KNOTS.);
#10139 = CARTESIAN_POINT('',(2.772229182072,-0.266642213927,
    2.687167950241));
#10140 = CARTESIAN_POINT('',(2.772116228402,-0.267818690161,
    2.626488125643));
#10141 = CARTESIAN_POINT('',(2.768319375417,-0.310562523963,
    2.579820458367));
#10142 = CARTESIAN_POINT('',(2.760298445708,-0.370438262285,
    2.574380961968));
#10143 = B_SPLINE_SURFACE_WITH_KNOTS('',1,3,(
    (#10144,#10145,#10146,#10147,#10148,#10149)
    ,(#10150,#10151,#10152,#10153,#10154,#10155
  )),.UNSPECIFIED.,.F.,.F.,.F.,(2,2),(4,2,4),(0.,1.),(0.,0.5,1.),
  .UNSPECIFIED.);
#10144 = CARTESIAN_POINT('',(2.772229182072,-0.266642213927,
    2.687167950241));
#10145 = CARTESIAN_POINT('',(2.772172459664,-0.267233009823,
    2.656696113839));
#10146 = CARTESIAN_POINT('',(2.771283543094,-0.277002399453,
    2.631340946791));
#10147 = CARTESIAN_POINT('',(2.767138159772,-0.315801621421,
    2.589036656772));
#10148 = CARTESIAN_POINT('',(2.764308995692,-0.340499757641,
    2.577100767899));
#10149 = CARTESIAN_POINT('',(2.760298445708,-0.370438262285,
    2.574380961968));
#10150 = CARTESIAN_POINT('',(2.762274955613,-0.265686507067,
    2.687167950241));
#10151 = CARTESIAN_POINT('',(2.762218436542,-0.266275185101,
    2.656696130103));
#10152 = CARTESIAN_POINT('',(2.761332706022,-0.276009559312,
    2.631340946791));
#10153 = CARTESIAN_POINT('',(2.757202180705,-0.314669715968,
    2.589036656772));
#10154 = CARTESIAN_POINT('',(2.754383156992,-0.339279328438,
    2.577100767896));
#10155 = CARTESIAN_POINT('',(2.750386981745,-0.369110526578,
    2.574380961968));
#10156 = ADVANCED_FACE('',(#10157),#10176,.T.);
#10157 = FACE_BOUND('',#10158,.T.);
#10158 = EDGE_LOOP('',(#10159,#10160,#10161,#10170));
#10159 = ORIENTED_EDGE('',*,*,#10130,.F.);
#10160 = ORIENTED_EDGE('',*,*,#2132,.T.);
#10161 = ORIENTED_EDGE('',*,*,#10162,.T.);
#10162 = EDGE_CURVE('',#2124,#10163,#10165,.T.);
#10163 = VERTEX_POINT('',#10164);
#10164 = CARTESIAN_POINT('',(2.750871206042,-0.435056198331,
    2.574380961968));
#10165 = B_SPLINE_CURVE_WITH_KNOTS('',3,(#10166,#10167,#10168,#10169),
  .UNSPECIFIED.,.F.,.F.,(4,4),(0.,1.),.PIECEWISE_BEZIER_KNOTS.);
#10166 = CARTESIAN_POINT('',(2.740993531469,-0.433496857119,
    2.574380961968));
#10167 = CARTESIAN_POINT('',(2.74428608966,-0.434016637523,
    2.574380961968));
#10168 = CARTESIAN_POINT('',(2.747578647851,-0.434536417927,
    2.574380961968));
#10169 = CARTESIAN_POINT('',(2.750871206042,-0.435056198331,
    2.574380961968));
#10170 = ORIENTED_EDGE('',*,*,#10171,.F.);
#10171 = EDGE_CURVE('',#10131,#10163,#10172,.T.);
#10172 = ( BOUNDED_CURVE() B_SPLINE_CURVE(2,(#10173,#10174,#10175),
.UNSPECIFIED.,.F.,.F.) B_SPLINE_CURVE_WITH_KNOTS((3,3),(3.274759458796,
3.298165725946),.PIECEWISE_BEZIER_KNOTS.) CURVE() 
GEOMETRIC_REPRESENTATION_ITEM() RATIONAL_B_SPLINE_CURVE((1.,
0.999931519114,1.)) REPRESENTATION_ITEM('') );
#10173 = CARTESIAN_POINT('',(2.760298445708,-0.370438262285,
    2.574380961968));
#10174 = CARTESIAN_POINT('',(2.755962959307,-0.402802396949,
    2.574380961968));
#10175 = CARTESIAN_POINT('',(2.750871206042,-0.435056198331,
    2.574380961968));
#10176 = B_SPLINE_SURFACE_WITH_KNOTS('',1,1,(
    (#10177,#10178)
    ,(#10179,#10180
    )),.UNSPECIFIED.,.F.,.F.,.F.,(2,2),(2,2),(2.745993531469,
    2.765298445708),(-0.435056198331,-0.369110526578),
  .PIECEWISE_BEZIER_KNOTS.);
#10177 = CARTESIAN_POINT('',(2.740993531469,-0.435056198331,
    2.574380961968));
#10178 = CARTESIAN_POINT('',(2.740993531469,-0.369110526578,
    2.574380961968));
#10179 = CARTESIAN_POINT('',(2.760298445708,-0.435056198331,
    2.574380961968));
#10180 = CARTESIAN_POINT('',(2.760298445708,-0.369110526578,
    2.574380961968));
#10181 = ADVANCED_FACE('',(#10182),#10200,.T.);
#10182 = FACE_BOUND('',#10183,.T.);
#10183 = EDGE_LOOP('',(#10184,#10185,#10186,#10193));
#10184 = ORIENTED_EDGE('',*,*,#10162,.F.);
#10185 = ORIENTED_EDGE('',*,*,#2123,.T.);
#10186 = ORIENTED_EDGE('',*,*,#10187,.T.);
#10187 = EDGE_CURVE('',#2115,#10188,#10190,.T.);
#10188 = VERTEX_POINT('',#10189);
#10189 = CARTESIAN_POINT('',(2.749500416287,-0.443652405237,
    2.575826546984));
#10190 = B_SPLINE_CURVE_WITH_KNOTS('',1,(#10191,#10192),.UNSPECIFIED.,
  .F.,.F.,(2,2),(0.,1.),.PIECEWISE_BEZIER_KNOTS.);
#10191 = CARTESIAN_POINT('',(2.739627292292,-0.442064504805,
    2.575826927075));
#10192 = CARTESIAN_POINT('',(2.749500416287,-0.443652405237,
    2.575826546984));
#10193 = ORIENTED_EDGE('',*,*,#10194,.F.);
#10194 = EDGE_CURVE('',#10163,#10188,#10195,.T.);
#10195 = B_SPLINE_CURVE_WITH_KNOTS('',3,(#10196,#10197,#10198,#10199),
  .UNSPECIFIED.,.F.,.F.,(4,4),(0.,0.999737136681),
  .PIECEWISE_BEZIER_KNOTS.);
#10196 = CARTESIAN_POINT('',(2.750871206042,-0.435056198331,
    2.574380961968));
#10197 = CARTESIAN_POINT('',(2.750418746533,-0.437922311121,
    2.57486282364));
#10198 = CARTESIAN_POINT('',(2.749961815873,-0.440787718072,
    2.575344685312));
#10199 = CARTESIAN_POINT('',(2.749500416287,-0.443652405237,
    2.575826546984));
#10200 = B_SPLINE_SURFACE_WITH_KNOTS('',1,3,(
    (#10201,#10202,#10203,#10204)
    ,(#10205,#10206,#10207,#10208
    )),.UNSPECIFIED.,.F.,.F.,.F.,(2,2),(4,4),(0.,1.),(0.,1.),
  .PIECEWISE_BEZIER_KNOTS.);
#10201 = CARTESIAN_POINT('',(2.750871206042,-0.435056198331,
    2.574380961968));
#10202 = CARTESIAN_POINT('',(2.750418627567,-0.437923064715,
    2.574862950337));
#10203 = CARTESIAN_POINT('',(2.749961575589,-0.440789224889,
    2.575344938706));
#10204 = CARTESIAN_POINT('',(2.749500052336,-0.443654664894,
    2.575826927075));
#10205 = CARTESIAN_POINT('',(2.740993531469,-0.433496857119,
    2.574380961968));
#10206 = CARTESIAN_POINT('',(2.740542575138,-0.436353447996,
    2.574862950337));
#10207 = CARTESIAN_POINT('',(2.74008716134,-0.439209335194,
    2.575344938706));
#10208 = CARTESIAN_POINT('',(2.739627292292,-0.442064504805,
    2.575826927075));
#10209 = ADVANCED_FACE('',(#10210),#10228,.T.);
#10210 = FACE_BOUND('',#10211,.T.);
#10211 = EDGE_LOOP('',(#10212,#10213,#10214,#10221));
#10212 = ORIENTED_EDGE('',*,*,#10187,.F.);
#10213 = ORIENTED_EDGE('',*,*,#2114,.T.);
#10214 = ORIENTED_EDGE('',*,*,#10215,.T.);
#10215 = EDGE_CURVE('',#2106,#10216,#10218,.T.);
#10216 = VERTEX_POINT('',#10217);
#10217 = CARTESIAN_POINT('',(2.74198866912,-0.488009479138,
    2.531001346851));
#10218 = B_SPLINE_CURVE_WITH_KNOTS('',1,(#10219,#10220),.UNSPECIFIED.,
  .F.,.F.,(2,2),(0.,1.),.PIECEWISE_BEZIER_KNOTS.);
#10219 = CARTESIAN_POINT('',(2.732142831596,-0.48626034122,
    2.531001346851));
#10220 = CARTESIAN_POINT('',(2.74198866912,-0.488009479138,
    2.531001346851));
#10221 = ORIENTED_EDGE('',*,*,#10222,.F.);
#10222 = EDGE_CURVE('',#10188,#10216,#10223,.T.);
#10223 = B_SPLINE_CURVE_WITH_KNOTS('',3,(#10224,#10225,#10226,#10227),
  .UNSPECIFIED.,.F.,.F.,(4,4),(0.,1.),.PIECEWISE_BEZIER_KNOTS.);
#10224 = CARTESIAN_POINT('',(2.749500416287,-0.443652405237,
    2.575826546984));
#10225 = CARTESIAN_POINT('',(2.74535991734,-0.46935934686,2.574463808297
    ));
#10226 = CARTESIAN_POINT('',(2.742223494717,-0.486687653879,
    2.556921153959));
#10227 = CARTESIAN_POINT('',(2.74198866912,-0.488009479138,
    2.531001346851));
#10228 = B_SPLINE_SURFACE_WITH_KNOTS('',1,3,(
    (#10229,#10230,#10231,#10232)
    ,(#10233,#10234,#10235,#10236
    )),.UNSPECIFIED.,.F.,.F.,.F.,(2,2),(4,4),(0.,1.),(0.,1.),
  .PIECEWISE_BEZIER_KNOTS.);
#10229 = CARTESIAN_POINT('',(2.749500052336,-0.443654664894,
    2.575826927075));
#10230 = CARTESIAN_POINT('',(2.745380113323,-0.469233956906,
    2.574470457723));
#10231 = CARTESIAN_POINT('',(2.742222548262,-0.486692981446,
    2.556816685157));
#10232 = CARTESIAN_POINT('',(2.74198866912,-0.488009479138,
    2.531001346851));
#10233 = CARTESIAN_POINT('',(2.739627292292,-0.442064504805,
    2.575826927075));
#10234 = CARTESIAN_POINT('',(2.735522130349,-0.467552051042,
    2.574470461115));
#10235 = CARTESIAN_POINT('',(2.73237587302,-0.484948559011,
    2.556816747084));
#10236 = CARTESIAN_POINT('',(2.732142831596,-0.48626034122,
    2.531001346851));
#10237 = ADVANCED_FACE('',(#10238),#10256,.T.);
#10238 = FACE_BOUND('',#10239,.T.);
#10239 = EDGE_LOOP('',(#10240,#10241,#10242,#10249));
#10240 = ORIENTED_EDGE('',*,*,#10215,.F.);
#10241 = ORIENTED_EDGE('',*,*,#2105,.T.);
#10242 = ORIENTED_EDGE('',*,*,#10243,.T.);
#10243 = EDGE_CURVE('',#2098,#10244,#10246,.T.);
#10244 = VERTEX_POINT('',#10245);
#10245 = CARTESIAN_POINT('',(2.749037044648,-0.446519827897,
    2.486175766626));
#10246 = B_SPLINE_CURVE_WITH_KNOTS('',1,(#10247,#10248),.UNSPECIFIED.,
  .F.,.F.,(2,2),(0.,1.),.PIECEWISE_BEZIER_KNOTS.);
#10247 = CARTESIAN_POINT('',(2.73916594413,-0.444919398407,
    2.486175766626));
#10248 = CARTESIAN_POINT('',(2.749037044648,-0.446519827897,
    2.486175766626));
#10249 = ORIENTED_EDGE('',*,*,#10250,.F.);
#10250 = EDGE_CURVE('',#10216,#10244,#10251,.T.);
#10251 = B_SPLINE_CURVE_WITH_KNOTS('',3,(#10252,#10253,#10254,#10255),
  .UNSPECIFIED.,.F.,.F.,(4,4),(0.,1.),.PIECEWISE_BEZIER_KNOTS.);
#10252 = CARTESIAN_POINT('',(2.74198866912,-0.488009479138,
    2.531001346851));
#10253 = CARTESIAN_POINT('',(2.742213249568,-0.486745323471,
    2.506465935799));
#10254 = CARTESIAN_POINT('',(2.745123897794,-0.470655265397,
    2.488967242989));
#10255 = CARTESIAN_POINT('',(2.749037044648,-0.446519827897,
    2.486175766626));
#10256 = B_SPLINE_SURFACE_WITH_KNOTS('',1,3,(
    (#10257,#10258,#10259,#10260)
    ,(#10261,#10262,#10263,#10264
    )),.UNSPECIFIED.,.F.,.F.,.F.,(2,2),(4,4),(0.,1.),(0.,1.),
  .PIECEWISE_BEZIER_KNOTS.);
#10257 = CARTESIAN_POINT('',(2.74198866912,-0.488009479138,
    2.531001346851));
#10258 = CARTESIAN_POINT('',(2.742211888281,-0.486752986112,
    2.506614656445));
#10259 = CARTESIAN_POINT('',(2.745137579383,-0.470570880336,
    2.488957483112));
#10260 = CARTESIAN_POINT('',(2.749037044648,-0.446519827897,
    2.486175766626));
#10261 = CARTESIAN_POINT('',(2.732142831596,-0.48626034122,
    2.531001346851));
#10262 = CARTESIAN_POINT('',(2.732365251145,-0.485008349185,
    2.506614606416));
#10263 = CARTESIAN_POINT('',(2.735280476435,-0.468884116879,
    2.488957468083));
#10264 = CARTESIAN_POINT('',(2.73916594413,-0.444919398407,
    2.486175766626));
#10265 = ADVANCED_FACE('',(#10266),#10283,.F.);
#10266 = FACE_BOUND('',#10267,.T.);
#10267 = EDGE_LOOP('',(#10268,#10269,#10270,#10277));
#10268 = ORIENTED_EDGE('',*,*,#10243,.F.);
#10269 = ORIENTED_EDGE('',*,*,#2097,.F.);
#10270 = ORIENTED_EDGE('',*,*,#10271,.T.);
#10271 = EDGE_CURVE('',#2090,#10272,#10274,.T.);
#10272 = VERTEX_POINT('',#10273);
#10273 = CARTESIAN_POINT('',(2.760298453058,-0.370438207417,
    2.486175766626));
#10274 = B_SPLINE_CURVE_WITH_KNOTS('',1,(#10275,#10276),.UNSPECIFIED.,
  .F.,.F.,(2,2),(0.,1.E-02),.PIECEWISE_BEZIER_KNOTS.);
#10275 = CARTESIAN_POINT('',(2.750386989069,-0.369110471907,
    2.486175766626));
#10276 = CARTESIAN_POINT('',(2.760298453058,-0.370438207417,
    2.486175766626));
#10277 = ORIENTED_EDGE('',*,*,#10278,.T.);
#10278 = EDGE_CURVE('',#10272,#10244,#10279,.T.);
#10279 = ( BOUNDED_CURVE() B_SPLINE_CURVE(2,(#10280,#10281,#10282),
.UNSPECIFIED.,.F.,.F.) B_SPLINE_CURVE_WITH_KNOTS((3,3),(3.274759438955,
3.302326816296),.PIECEWISE_BEZIER_KNOTS.) CURVE() 
GEOMETRIC_REPRESENTATION_ITEM() RATIONAL_B_SPLINE_CURVE((1.,
0.999905006467,1.)) REPRESENTATION_ITEM('') );
#10280 = CARTESIAN_POINT('',(2.760298453058,-0.370438207417,
    2.486175766626));
#10281 = CARTESIAN_POINT('',(2.755192124747,-0.408556634447,
    2.486175766626));
#10282 = CARTESIAN_POINT('',(2.749037044648,-0.446519827897,
    2.486175766626));
#10283 = B_SPLINE_SURFACE_WITH_KNOTS('',1,1,(
    (#10284,#10285)
    ,(#10286,#10287
    )),.UNSPECIFIED.,.F.,.F.,.F.,(2,2),(2,2),(2.74416594413,
    2.765298453058),(-0.446519827897,-0.369110471907),
  .PIECEWISE_BEZIER_KNOTS.);
#10284 = CARTESIAN_POINT('',(2.73916594413,-0.446519827897,
    2.486175766626));
#10285 = CARTESIAN_POINT('',(2.73916594413,-0.369110471907,
    2.486175766626));
#10286 = CARTESIAN_POINT('',(2.760298453058,-0.446519827897,
    2.486175766626));
#10287 = CARTESIAN_POINT('',(2.760298453058,-0.369110471907,
    2.486175766626));
#10288 = ADVANCED_FACE('',(#10289),#10306,.F.);
#10289 = FACE_BOUND('',#10290,.T.);
#10290 = EDGE_LOOP('',(#10291,#10292,#10293,#10300));
#10291 = ORIENTED_EDGE('',*,*,#10271,.F.);
#10292 = ORIENTED_EDGE('',*,*,#2089,.F.);
#10293 = ORIENTED_EDGE('',*,*,#10294,.T.);
#10294 = EDGE_CURVE('',#2082,#10295,#10297,.T.);
#10295 = VERTEX_POINT('',#10296);
#10296 = CARTESIAN_POINT('',(2.76087312313,-0.366122748197,
    2.486175766626));
#10297 = B_SPLINE_CURVE_WITH_KNOTS('',1,(#10298,#10299),.UNSPECIFIED.,
  .F.,.F.,(2,2),(0.,1.E-02),.PIECEWISE_BEZIER_KNOTS.);
#10298 = CARTESIAN_POINT('',(2.750959599391,-0.364810480283,
    2.486175766626));
#10299 = CARTESIAN_POINT('',(2.76087312313,-0.366122748197,
    2.486175766626));
#10300 = ORIENTED_EDGE('',*,*,#10301,.T.);
#10301 = EDGE_CURVE('',#10295,#10272,#10302,.T.);
#10302 = ( BOUNDED_CURVE() B_SPLINE_CURVE(2,(#10303,#10304,#10305),
.UNSPECIFIED.,.F.,.F.) B_SPLINE_CURVE_WITH_KNOTS((3,3),(3.273199025113,
3.274759438955),.PIECEWISE_BEZIER_KNOTS.) CURVE() 
GEOMETRIC_REPRESENTATION_ITEM() RATIONAL_B_SPLINE_CURVE((1.,
0.999999695639,1.)) REPRESENTATION_ITEM('') );
#10303 = CARTESIAN_POINT('',(2.76087312313,-0.366122748197,
    2.486175766626));
#10304 = CARTESIAN_POINT('',(2.76058747157,-0.368280701988,
    2.486175766626));
#10305 = CARTESIAN_POINT('',(2.760298453058,-0.370438207417,
    2.486175766626));
#10306 = B_SPLINE_SURFACE_WITH_KNOTS('',1,1,(
    (#10307,#10308)
    ,(#10309,#10310
    )),.UNSPECIFIED.,.F.,.F.,.F.,(2,2),(2,2),(2.755386989069,
    2.76587312313),(-0.370438207417,-0.364810480283),
  .PIECEWISE_BEZIER_KNOTS.);
#10307 = CARTESIAN_POINT('',(2.750386989069,-0.370438207417,
    2.486175766626));
#10308 = CARTESIAN_POINT('',(2.750386989069,-0.364810480283,
    2.486175766626));
#10309 = CARTESIAN_POINT('',(2.76087312313,-0.370438207417,
    2.486175766626));
#10310 = CARTESIAN_POINT('',(2.76087312313,-0.364810480283,
    2.486175766626));
#10311 = ADVANCED_FACE('',(#10312),#10331,.F.);
#10312 = FACE_BOUND('',#10313,.T.);
#10313 = EDGE_LOOP('',(#10314,#10315,#10316,#10325));
#10314 = ORIENTED_EDGE('',*,*,#10294,.F.);
#10315 = ORIENTED_EDGE('',*,*,#2081,.F.);
#10316 = ORIENTED_EDGE('',*,*,#10317,.T.);
#10317 = EDGE_CURVE('',#2073,#10318,#10320,.T.);
#10318 = VERTEX_POINT('',#10319);
#10319 = CARTESIAN_POINT('',(2.761441058603,-0.361806397508,
    2.486175766626));
#10320 = B_SPLINE_CURVE_WITH_KNOTS('',3,(#10321,#10322,#10323,#10324),
  .UNSPECIFIED.,.F.,.F.,(4,4),(0.,1.),.PIECEWISE_BEZIER_KNOTS.);
#10321 = CARTESIAN_POINT('',(2.751525499253,-0.360509600385,
    2.486175766626));
#10322 = CARTESIAN_POINT('',(2.754830685703,-0.360941866092,
    2.486175766626));
#10323 = CARTESIAN_POINT('',(2.758135872153,-0.3613741318,2.486175766626
    ));
#10324 = CARTESIAN_POINT('',(2.761441058603,-0.361806397508,
    2.486175766626));
#10325 = ORIENTED_EDGE('',*,*,#10326,.T.);
#10326 = EDGE_CURVE('',#10318,#10295,#10327,.T.);
#10327 = ( BOUNDED_CURVE() B_SPLINE_CURVE(2,(#10328,#10329,#10330),
.UNSPECIFIED.,.F.,.F.) B_SPLINE_CURVE_WITH_KNOTS((3,3),(3.271638611271,
3.273199025113),.PIECEWISE_BEZIER_KNOTS.) CURVE() 
GEOMETRIC_REPRESENTATION_ITEM() RATIONAL_B_SPLINE_CURVE((1.,
0.999999695639,1.)) REPRESENTATION_ITEM('') );
#10328 = CARTESIAN_POINT('',(2.761441058603,-0.361806397508,
    2.486175766626));
#10329 = CARTESIAN_POINT('',(2.76115877469,-0.363964794406,
    2.486175766626));
#10330 = CARTESIAN_POINT('',(2.76087312313,-0.366122748197,
    2.486175766626));
#10331 = B_SPLINE_SURFACE_WITH_KNOTS('',1,1,(
    (#10332,#10333)
    ,(#10334,#10335
    )),.UNSPECIFIED.,.F.,.F.,.F.,(2,2),(2,2),(2.755959599391,
    2.766441058603),(-0.366122748197,-0.360509600385),
  .PIECEWISE_BEZIER_KNOTS.);
#10332 = CARTESIAN_POINT('',(2.750959599391,-0.366122748197,
    2.486175766626));
#10333 = CARTESIAN_POINT('',(2.750959599391,-0.360509600385,
    2.486175766626));
#10334 = CARTESIAN_POINT('',(2.761441058603,-0.366122748197,
    2.486175766626));
#10335 = CARTESIAN_POINT('',(2.761441058603,-0.360509600385,
    2.486175766626));
#10336 = ADVANCED_FACE('',(#10337),#10355,.T.);
#10337 = FACE_BOUND('',#10338,.T.);
#10338 = EDGE_LOOP('',(#10339,#10340,#10341,#10348));
#10339 = ORIENTED_EDGE('',*,*,#10317,.F.);
#10340 = ORIENTED_EDGE('',*,*,#2072,.T.);
#10341 = ORIENTED_EDGE('',*,*,#10342,.T.);
#10342 = EDGE_CURVE('',#2064,#10343,#10345,.T.);
#10343 = VERTEX_POINT('',#10344);
#10344 = CARTESIAN_POINT('',(2.775461563242,-0.230507039661,
    2.551245189303));
#10345 = B_SPLINE_CURVE_WITH_KNOTS('',1,(#10346,#10347),.UNSPECIFIED.,
  .F.,.F.,(2,2),(0.,1.),.PIECEWISE_BEZIER_KNOTS.);
#10346 = CARTESIAN_POINT('',(2.765495751187,-0.229680849555,
    2.551245189303));
#10347 = CARTESIAN_POINT('',(2.775461563242,-0.230507039661,
    2.551245189303));
#10348 = ORIENTED_EDGE('',*,*,#10349,.F.);
#10349 = EDGE_CURVE('',#10318,#10343,#10350,.T.);
#10350 = B_SPLINE_CURVE_WITH_KNOTS('',3,(#10351,#10352,#10353,#10354),
  .UNSPECIFIED.,.F.,.F.,(4,4),(0.,1.),.PIECEWISE_BEZIER_KNOTS.);
#10351 = CARTESIAN_POINT('',(2.761441058603,-0.361806397508,
    2.486175766626));
#10352 = CARTESIAN_POINT('',(2.768155369981,-0.310467485853,
    2.491186392093));
#10353 = CARTESIAN_POINT('',(2.772465579343,-0.266645710687,
    2.512876199651));
#10354 = CARTESIAN_POINT('',(2.775461563242,-0.230507039661,
    2.551245189303));
#10355 = B_SPLINE_SURFACE_WITH_KNOTS('',1,3,(
    (#10356,#10357,#10358,#10359)
    ,(#10360,#10361,#10362,#10363
    )),.UNSPECIFIED.,.F.,.F.,.F.,(2,2),(4,4),(0.,1.),(0.,1.),
  .PIECEWISE_BEZIER_KNOTS.);
#10356 = CARTESIAN_POINT('',(2.761441058603,-0.361806397508,
    2.486175766626));
#10357 = CARTESIAN_POINT('',(2.768155678173,-0.310465129357,
    2.491186622084));
#10358 = CARTESIAN_POINT('',(2.772465639467,-0.266644985449,
    2.512876969648));
#10359 = CARTESIAN_POINT('',(2.775461563242,-0.230507039661,
    2.551245189303));
#10360 = CARTESIAN_POINT('',(2.751525499253,-0.360509600385,
    2.486175766626));
#10361 = CARTESIAN_POINT('',(2.758216052506,-0.309352347906,
    2.491186622399));
#10362 = CARTESIAN_POINT('',(2.762510565108,-0.265689273265,
    2.512876964736));
#10363 = CARTESIAN_POINT('',(2.765495751187,-0.229680849555,
    2.551245189303));
#10364 = ADVANCED_FACE('',(#10365),#10383,.T.);
#10365 = FACE_BOUND('',#10366,.T.);
#10366 = EDGE_LOOP('',(#10367,#10368,#10369,#10376));
#10367 = ORIENTED_EDGE('',*,*,#10342,.F.);
#10368 = ORIENTED_EDGE('',*,*,#2063,.T.);
#10369 = ORIENTED_EDGE('',*,*,#10370,.T.);
#10370 = EDGE_CURVE('',#2053,#10371,#10373,.T.);
#10371 = VERTEX_POINT('',#10372);
#10372 = CARTESIAN_POINT('',(2.779382541249,-0.176957237735,
    2.688613970507));
#10373 = B_SPLINE_CURVE_WITH_KNOTS('',1,(#10374,#10375),.UNSPECIFIED.,
  .F.,.F.,(2,2),(0.,1.),.PIECEWISE_BEZIER_KNOTS.);
#10374 = CARTESIAN_POINT('',(2.76940267551,-0.176322982402,
    2.688613970507));
#10375 = CARTESIAN_POINT('',(2.779382541249,-0.176957237735,
    2.688613970507));
#10376 = ORIENTED_EDGE('',*,*,#10377,.F.);
#10377 = EDGE_CURVE('',#10343,#10371,#10378,.T.);
#10378 = B_SPLINE_CURVE_WITH_KNOTS('',3,(#10379,#10380,#10381,#10382),
  .UNSPECIFIED.,.F.,.F.,(4,4),(0.,1.),.PIECEWISE_BEZIER_KNOTS.);
#10379 = CARTESIAN_POINT('',(2.775461563242,-0.230507039661,
    2.551245189303));
#10380 = CARTESIAN_POINT('',(2.778373752399,-0.195379131957,
    2.590182576568));
#10381 = CARTESIAN_POINT('',(2.779347810876,-0.177503712378,
    2.635972170302));
#10382 = CARTESIAN_POINT('',(2.779382541249,-0.176957237735,
    2.688613970507));
#10383 = B_SPLINE_SURFACE_WITH_KNOTS('',1,3,(
    (#10384,#10385,#10386,#10387)
    ,(#10388,#10389,#10390,#10391
    )),.UNSPECIFIED.,.F.,.F.,.F.,(2,2),(4,4),(0.,1.),(0.,1.),
  .PIECEWISE_BEZIER_KNOTS.);
#10384 = CARTESIAN_POINT('',(2.775461563242,-0.230507039661,
    2.551245189303));
#10385 = CARTESIAN_POINT('',(2.778373784419,-0.19537874572,
    2.590183004691));
#10386 = CARTESIAN_POINT('',(2.779347810674,-0.17750371557,
    2.635971862848));
#10387 = CARTESIAN_POINT('',(2.779382541249,-0.176957237735,
    2.688613970507));
#10388 = CARTESIAN_POINT('',(2.765495751187,-0.229680849555,
    2.551245189303));
#10389 = CARTESIAN_POINT('',(2.768397534215,-0.194678464446,
    2.590183003613));
#10390 = CARTESIAN_POINT('',(2.769368069417,-0.176867501528,
    2.635971863563));
#10391 = CARTESIAN_POINT('',(2.76940267551,-0.176322982402,
    2.688613970507));
#10392 = ADVANCED_FACE('',(#10393),#10411,.T.);
#10393 = FACE_BOUND('',#10394,.T.);
#10394 = EDGE_LOOP('',(#10395,#10396,#10397,#10404));
#10395 = ORIENTED_EDGE('',*,*,#10370,.F.);
#10396 = ORIENTED_EDGE('',*,*,#2052,.T.);
#10397 = ORIENTED_EDGE('',*,*,#10398,.T.);
#10398 = EDGE_CURVE('',#2044,#10399,#10401,.T.);
#10399 = VERTEX_POINT('',#10400);
#10400 = CARTESIAN_POINT('',(2.76658364019,-0.320037693766,
    2.878038240209));
#10401 = B_SPLINE_CURVE_WITH_KNOTS('',1,(#10402,#10403),.UNSPECIFIED.,
  .F.,.F.,(2,2),(0.,1.),.PIECEWISE_BEZIER_KNOTS.);
#10402 = CARTESIAN_POINT('',(2.756649648648,-0.318890605258,
    2.878038240209));
#10403 = CARTESIAN_POINT('',(2.76658364019,-0.320037693766,
    2.878038240209));
#10404 = ORIENTED_EDGE('',*,*,#10405,.F.);
#10405 = EDGE_CURVE('',#10371,#10399,#10406,.T.);
#10406 = B_SPLINE_CURVE_WITH_KNOTS('',3,(#10407,#10408,#10409,#10410),
  .UNSPECIFIED.,.F.,.F.,(4,4),(0.,1.),.PIECEWISE_BEZIER_KNOTS.);
#10407 = CARTESIAN_POINT('',(2.779382541249,-0.176957237735,
    2.688613970507));
#10408 = CARTESIAN_POINT('',(2.779226637524,-0.179410347966,
    2.77630138848));
#10409 = CARTESIAN_POINT('',(2.776243936456,-0.236377801158,
    2.850439356104));
#10410 = CARTESIAN_POINT('',(2.76658364019,-0.320037693766,
    2.878038240209));
#10411 = B_SPLINE_SURFACE_WITH_KNOTS('',1,3,(
    (#10412,#10413,#10414,#10415,#10416,#10417)
    ,(#10418,#10419,#10420,#10421,#10422,#10423
  )),.UNSPECIFIED.,.F.,.F.,.F.,(2,2),(4,2,4),(0.,1.),(0.,0.5,1.),
  .UNSPECIFIED.);
#10412 = CARTESIAN_POINT('',(2.779382541249,-0.176957237735,
    2.688613970507));
#10413 = CARTESIAN_POINT('',(2.779305122225,-0.178175408762,
    2.732157986858));
#10414 = CARTESIAN_POINT('',(2.7784898577,-0.19226005903,2.772028140241)
  );
#10415 = CARTESIAN_POINT('',(2.774410914771,-0.244243086018,
    2.840276889752));
#10416 = CARTESIAN_POINT('',(2.771413975119,-0.278206129773,
    2.864238264491));
#10417 = CARTESIAN_POINT('',(2.76658364019,-0.320037693766,
    2.878038240209));
#10418 = CARTESIAN_POINT('',(2.76940267551,-0.176322982402,
    2.688613970507));
#10419 = CARTESIAN_POINT('',(2.769325533896,-0.177536788435,
    2.732158030271));
#10420 = CARTESIAN_POINT('',(2.768513191543,-0.191570954876,
    2.772028140241));
#10421 = CARTESIAN_POINT('',(2.764448868482,-0.24336766277,
    2.840276889752));
#10422 = CARTESIAN_POINT('',(2.761462670419,-0.277208976312,
    2.864238264863));
#10423 = CARTESIAN_POINT('',(2.756649648648,-0.318890605258,
    2.878038240209));
#10424 = ADVANCED_FACE('',(#10425),#10437,.T.);
#10425 = FACE_BOUND('',#10426,.T.);
#10426 = EDGE_LOOP('',(#10427,#10428,#10429,#10436));
#10427 = ORIENTED_EDGE('',*,*,#2043,.T.);
#10428 = ORIENTED_EDGE('',*,*,#9459,.T.);
#10429 = ORIENTED_EDGE('',*,*,#10430,.F.);
#10430 = EDGE_CURVE('',#10399,#9460,#10431,.T.);
#10431 = B_SPLINE_CURVE_WITH_KNOTS('',3,(#10432,#10433,#10434,#10435),
  .UNSPECIFIED.,.F.,.F.,(4,4),(0.,0.999936620007),
  .PIECEWISE_BEZIER_KNOTS.);
#10432 = CARTESIAN_POINT('',(2.76658364019,-0.320037693766,
    2.878038240209));
#10433 = CARTESIAN_POINT('',(2.764736882815,-0.33603094277,
    2.920719988088));
#10434 = CARTESIAN_POINT('',(2.761655461684,-0.361971769807,
    2.958795529303));
#10435 = CARTESIAN_POINT('',(2.756503541769,-0.397741359175,
    2.992264863856));
#10436 = ORIENTED_EDGE('',*,*,#10398,.F.);
#10437 = B_SPLINE_SURFACE_WITH_KNOTS('',1,3,(
    (#10438,#10439,#10440,#10441)
    ,(#10442,#10443,#10444,#10445
    )),.UNSPECIFIED.,.F.,.F.,.F.,(2,2),(4,4),(0.,1.),(0.,1.),
  .PIECEWISE_BEZIER_KNOTS.);
#10438 = CARTESIAN_POINT('',(2.76658364019,-0.320037693766,
    2.878038240209));
#10439 = CARTESIAN_POINT('',(2.764736766372,-0.336031951188,
    2.920722679289));
#10440 = CARTESIAN_POINT('',(2.761655169954,-0.361974419675,
    2.958799757129));
#10441 = CARTESIAN_POINT('',(2.756502562095,-0.397748160954,
    2.992271228062));
#10442 = CARTESIAN_POINT('',(2.756649648648,-0.318890605258,
    2.878038240209));
#10443 = CARTESIAN_POINT('',(2.754809394368,-0.334827536302,
    2.920722681187));
#10444 = CARTESIAN_POINT('',(2.751738843012,-0.360677021485,
    2.958799758223));
#10445 = CARTESIAN_POINT('',(2.74660470345,-0.396322540305,
    2.992271228062));
#10446 = ADVANCED_FACE('',(#10447,#10479),#10516,.T.);
#10447 = FACE_BOUND('',#10448,.T.);
#10448 = EDGE_LOOP('',(#10449,#10466));
#10449 = ORIENTED_EDGE('',*,*,#10450,.F.);
#10450 = EDGE_CURVE('',#10451,#10453,#10455,.T.);
#10451 = VERTEX_POINT('',#10452);
#10452 = CARTESIAN_POINT('',(2.674045298541,-0.778984138711,
    2.59028679878));
#10453 = VERTEX_POINT('',#10454);
#10454 = CARTESIAN_POINT('',(2.674047110519,-0.778977907015,
    2.477500006059));
#10455 = B_SPLINE_CURVE_WITH_KNOTS('',3,(#10456,#10457,#10458,#10459,
    #10460,#10461,#10462,#10463,#10464,#10465),.UNSPECIFIED.,.F.,.F.,(4,
    2,2,2,4),(0.,0.25,0.5,0.75,1.),.UNSPECIFIED.);
#10456 = CARTESIAN_POINT('',(2.674045298541,-0.778984138711,
    2.59028679878));
#10457 = CARTESIAN_POINT('',(2.669432415405,-0.794848547579,
    2.589651529966));
#10458 = CARTESIAN_POINT('',(2.665799377841,-0.806876676033,
    2.584580003982));
#10459 = CARTESIAN_POINT('',(2.659400347803,-0.827762087574,
    2.562904044197));
#10460 = CARTESIAN_POINT('',(2.657733422897,-0.833037056056,
    2.549344237744));
#10461 = CARTESIAN_POINT('',(2.657652900195,-0.833294396515,
    2.518442316384));
#10462 = CARTESIAN_POINT('',(2.659529400909,-0.827340878859,
    2.504451837081));
#10463 = CARTESIAN_POINT('',(2.665670324735,-0.807297884748,
    2.483637222996));
#10464 = CARTESIAN_POINT('',(2.669524795578,-0.794530838073,
    2.478122301914));
#10465 = CARTESIAN_POINT('',(2.674047110519,-0.778977907015,
    2.477500006059));
#10466 = ORIENTED_EDGE('',*,*,#10467,.F.);
#10467 = EDGE_CURVE('',#10453,#10451,#10468,.T.);
#10468 = B_SPLINE_CURVE_WITH_KNOTS('',3,(#10469,#10470,#10471,#10472,
    #10473,#10474,#10475,#10476,#10477,#10478),.UNSPECIFIED.,.F.,.F.,(4,
    2,2,2,4),(3.242369118309E-05,0.2500159516,0.499999479509,
    0.749983007417,0.999966535326),.UNSPECIFIED.);
#10469 = CARTESIAN_POINT('',(2.674047110519,-0.778977907015,
    2.477500006059));
#10470 = CARTESIAN_POINT('',(2.678702505206,-0.762967294467,
    2.478143458564));
#10471 = CARTESIAN_POINT('',(2.682037449919,-0.751031946696,
    2.483109753928));
#10472 = CARTESIAN_POINT('',(2.687833980163,-0.729975614322,
    2.504948192926));
#10473 = CARTESIAN_POINT('',(2.689256719364,-0.724624559306,
    2.518455028791));
#10474 = CARTESIAN_POINT('',(2.689333380261,-0.724339463096,
    2.549331537484));
#10475 = CARTESIAN_POINT('',(2.687721688123,-0.730383302356,
    2.563334720739));
#10476 = CARTESIAN_POINT('',(2.682158033314,-0.750594139359,
    2.584149331735));
#10477 = CARTESIAN_POINT('',(2.67856580232,-0.763437436547,
    2.589664252101));
#10478 = CARTESIAN_POINT('',(2.674045298541,-0.778984138711,
    2.59028679878));
#10479 = FACE_BOUND('',#10480,.T.);
#10480 = EDGE_LOOP('',(#10481,#10482,#10483,#10484,#10485,#10486,#10487,
    #10488,#10489,#10490,#10491,#10492,#10493,#10494,#10495,#10496,
    #10497,#10498,#10499,#10500,#10501,#10502,#10503,#10504,#10505,
    #10506,#10507,#10508,#10509,#10510,#10511,#10512,#10513,#10514,
    #10515));
#10481 = ORIENTED_EDGE('',*,*,#10405,.T.);
#10482 = ORIENTED_EDGE('',*,*,#10430,.T.);
#10483 = ORIENTED_EDGE('',*,*,#9474,.T.);
#10484 = ORIENTED_EDGE('',*,*,#9502,.T.);
#10485 = ORIENTED_EDGE('',*,*,#9530,.T.);
#10486 = ORIENTED_EDGE('',*,*,#9558,.T.);
#10487 = ORIENTED_EDGE('',*,*,#9586,.T.);
#10488 = ORIENTED_EDGE('',*,*,#9614,.T.);
#10489 = ORIENTED_EDGE('',*,*,#9642,.T.);
#10490 = ORIENTED_EDGE('',*,*,#9670,.T.);
#10491 = ORIENTED_EDGE('',*,*,#9698,.T.);
#10492 = ORIENTED_EDGE('',*,*,#9726,.T.);
#10493 = ORIENTED_EDGE('',*,*,#9762,.T.);
#10494 = ORIENTED_EDGE('',*,*,#9784,.T.);
#10495 = ORIENTED_EDGE('',*,*,#9812,.T.);
#10496 = ORIENTED_EDGE('',*,*,#9840,.T.);
#10497 = ORIENTED_EDGE('',*,*,#9868,.T.);
#10498 = ORIENTED_EDGE('',*,*,#9896,.T.);
#10499 = ORIENTED_EDGE('',*,*,#9924,.T.);
#10500 = ORIENTED_EDGE('',*,*,#9952,.T.);
#10501 = ORIENTED_EDGE('',*,*,#9986,.T.);
#10502 = ORIENTED_EDGE('',*,*,#10014,.T.);
#10503 = ORIENTED_EDGE('',*,*,#10046,.T.);
#10504 = ORIENTED_EDGE('',*,*,#10082,.F.);
#10505 = ORIENTED_EDGE('',*,*,#10105,.T.);
#10506 = ORIENTED_EDGE('',*,*,#10137,.T.);
#10507 = ORIENTED_EDGE('',*,*,#10171,.T.);
#10508 = ORIENTED_EDGE('',*,*,#10194,.T.);
#10509 = ORIENTED_EDGE('',*,*,#10222,.T.);
#10510 = ORIENTED_EDGE('',*,*,#10250,.T.);
#10511 = ORIENTED_EDGE('',*,*,#10278,.F.);
#10512 = ORIENTED_EDGE('',*,*,#10301,.F.);
#10513 = ORIENTED_EDGE('',*,*,#10326,.F.);
#10514 = ORIENTED_EDGE('',*,*,#10349,.T.);
#10515 = ORIENTED_EDGE('',*,*,#10377,.T.);
#10516 = ( BOUNDED_SURFACE() B_SPLINE_SURFACE(2,1,(
    (#10517,#10518)
    ,(#10519,#10520)
    ,(#10521,#10522
)),.UNSPECIFIED.,.F.,.F.,.F.) B_SPLINE_SURFACE_WITH_KNOTS((3,3),(2,2),(
    3.205060788681,3.536909638967),(4.462537534931,5.139259464567),
.PIECEWISE_BEZIER_KNOTS.) GEOMETRIC_REPRESENTATION_ITEM() 
RATIONAL_B_SPLINE_SURFACE((
    (1.,1.)
    ,(0.986266094906,0.986266094906)
,(1.,1.))) REPRESENTATION_ITEM('') SURFACE() );
#10517 = CARTESIAN_POINT('',(2.779382541249,-0.176957237735,
    3.067462565069));
#10518 = CARTESIAN_POINT('',(2.779382541249,-0.176957237735,
    2.390740635433));
#10519 = CARTESIAN_POINT('',(2.749748562675,-0.643241259947,
    3.067462565069));
#10520 = CARTESIAN_POINT('',(2.749748562675,-0.643241259947,
    2.390740635433));
#10521 = CARTESIAN_POINT('',(2.569819964996,-1.074431081017,
    3.067462565069));
#10522 = CARTESIAN_POINT('',(2.569819964996,-1.074431081017,
    2.390740635433));
#10523 = ADVANCED_FACE('',(#10524),#10550,.F.);
#10524 = FACE_BOUND('',#10525,.F.);
#10525 = EDGE_LOOP('',(#10526,#10539,#10544,#10545));
#10526 = ORIENTED_EDGE('',*,*,#10527,.T.);
#10527 = EDGE_CURVE('',#10528,#10530,#10532,.T.);
#10528 = VERTEX_POINT('',#10529);
#10529 = CARTESIAN_POINT('',(2.664442985643,-0.776192080866,
    2.477499755347));
#10530 = VERTEX_POINT('',#10531);
#10531 = CARTESIAN_POINT('',(2.664442985643,-0.776192080866,
    2.59028679878));
#10532 = B_SPLINE_CURVE_WITH_KNOTS('',3,(#10533,#10534,#10535,#10536,
    #10537,#10538),.UNSPECIFIED.,.F.,.F.,(4,2,4),(0.,0.5,1.),
  .UNSPECIFIED.);
#10533 = CARTESIAN_POINT('',(2.664442985643,-0.776192080866,
    2.477499755347));
#10534 = CARTESIAN_POINT('',(2.673497082957,-0.745053658868,
    2.478755683324));
#10535 = CARTESIAN_POINT('',(2.679637026706,-0.721889212313,
    2.50272114871));
#10536 = CARTESIAN_POINT('',(2.67963912991,-0.721881390655,
    2.565065417564));
#10537 = CARTESIAN_POINT('',(2.673449730836,-0.745216510035,
    2.589041962126));
#10538 = CARTESIAN_POINT('',(2.664442985643,-0.776192080866,
    2.59028679878));
#10539 = ORIENTED_EDGE('',*,*,#10540,.T.);
#10540 = EDGE_CURVE('',#10530,#10451,#10541,.T.);
#10541 = B_SPLINE_CURVE_WITH_KNOTS('',1,(#10542,#10543),.UNSPECIFIED.,
  .F.,.F.,(2,2),(0.,1.),.PIECEWISE_BEZIER_KNOTS.);
#10542 = CARTESIAN_POINT('',(2.664442985643,-0.776192080866,
    2.59028679878));
#10543 = CARTESIAN_POINT('',(2.674045298541,-0.778984138711,
    2.59028679878));
#10544 = ORIENTED_EDGE('',*,*,#10467,.F.);
#10545 = ORIENTED_EDGE('',*,*,#10546,.F.);
#10546 = EDGE_CURVE('',#10528,#10453,#10547,.T.);
#10547 = B_SPLINE_CURVE_WITH_KNOTS('',1,(#10548,#10549),.UNSPECIFIED.,
  .F.,.F.,(2,2),(0.,1.),.PIECEWISE_BEZIER_KNOTS.);
#10548 = CARTESIAN_POINT('',(2.664442985643,-0.776192080866,
    2.477499755347));
#10549 = CARTESIAN_POINT('',(2.674047110519,-0.778977907015,
    2.477500006059));
#10550 = B_SPLINE_SURFACE_WITH_KNOTS('',1,3,(
    (#10551,#10552,#10553,#10554,#10555,#10556,#10557,#10558,#10559
      ,#10560)
    ,(#10561,#10562,#10563,#10564,#10565,#10566,#10567,#10568,#10569
      ,#10570
    )),.UNSPECIFIED.,.F.,.F.,.F.,(2,2),(4,2,2,2,4),(0.,1.),(0.,0.25,0.5,
    0.75,1.),.UNSPECIFIED.);
#10551 = CARTESIAN_POINT('',(2.674045298541,-0.778984138711,
    2.477499755347));
#10552 = CARTESIAN_POINT('',(2.678702505206,-0.762967294467,
    2.478143458564));
#10553 = CARTESIAN_POINT('',(2.682037449919,-0.751031946696,
    2.483109753928));
#10554 = CARTESIAN_POINT('',(2.687833980163,-0.729975614322,
    2.504948192926));
#10555 = CARTESIAN_POINT('',(2.689256719364,-0.724624559306,
    2.518455028791));
#10556 = CARTESIAN_POINT('',(2.689333380261,-0.724339463096,
    2.549331537484));
#10557 = CARTESIAN_POINT('',(2.687721688123,-0.730383302356,
    2.563334720739));
#10558 = CARTESIAN_POINT('',(2.682158033314,-0.750594139359,
    2.584149331735));
#10559 = CARTESIAN_POINT('',(2.67856580232,-0.763437436547,
    2.589664252101));
#10560 = CARTESIAN_POINT('',(2.674045298541,-0.778984138711,
    2.59028679878));
#10561 = CARTESIAN_POINT('',(2.664442985643,-0.776192080866,
    2.477499755347));
#10562 = CARTESIAN_POINT('',(2.6690835292,-0.760232543593,2.478143462641
    ));
#10563 = CARTESIAN_POINT('',(2.672406491317,-0.748340075919,
    2.483109753928));
#10564 = CARTESIAN_POINT('',(2.678182245467,-0.727359214271,
    2.504948192926));
#10565 = CARTESIAN_POINT('',(2.679599885245,-0.722027338664,
    2.518455028791));
#10566 = CARTESIAN_POINT('',(2.679676271371,-0.721743264304,
    2.549331537484));
#10567 = CARTESIAN_POINT('',(2.678070355907,-0.727765441057,
    2.563334720739));
#10568 = CARTESIAN_POINT('',(2.672526642514,-0.747903837784,
    2.584149331735));
#10569 = CARTESIAN_POINT('',(2.668947286899,-0.76070110165,
    2.589664252101));
#10570 = CARTESIAN_POINT('',(2.664442985643,-0.776192080866,
    2.59028679878));
#10571 = ADVANCED_FACE('',(#10572),#10586,.F.);
#10572 = FACE_BOUND('',#10573,.F.);
#10573 = EDGE_LOOP('',(#10574,#10575,#10576,#10577));
#10574 = ORIENTED_EDGE('',*,*,#10546,.T.);
#10575 = ORIENTED_EDGE('',*,*,#10450,.F.);
#10576 = ORIENTED_EDGE('',*,*,#10540,.F.);
#10577 = ORIENTED_EDGE('',*,*,#10578,.T.);
#10578 = EDGE_CURVE('',#10530,#10528,#10579,.T.);
#10579 = B_SPLINE_CURVE_WITH_KNOTS('',3,(#10580,#10581,#10582,#10583,
    #10584,#10585),.UNSPECIFIED.,.F.,.F.,(4,2,4),(0.,0.5,1.),
  .UNSPECIFIED.);
#10580 = CARTESIAN_POINT('',(2.664442985643,-0.776192080866,
    2.59028679878));
#10581 = CARTESIAN_POINT('',(2.655436411433,-0.807167063662,
    2.589041985757));
#10582 = CARTESIAN_POINT('',(2.648143314511,-0.830199104485,
    2.56508995633));
#10583 = CARTESIAN_POINT('',(2.648155602405,-0.830159833919,
    2.502696597798));
#10584 = CARTESIAN_POINT('',(2.655436242073,-0.807167646116,
    2.478744591777));
#10585 = CARTESIAN_POINT('',(2.664442985643,-0.776192080866,
    2.477499755347));
#10586 = B_SPLINE_SURFACE_WITH_KNOTS('',1,3,(
    (#10587,#10588,#10589,#10590,#10591,#10592,#10593,#10594,#10595
      ,#10596)
    ,(#10597,#10598,#10599,#10600,#10601,#10602,#10603,#10604,#10605
      ,#10606
    )),.UNSPECIFIED.,.F.,.F.,.F.,(2,2),(4,2,2,2,4),(0.,1.),(0.,0.25,0.5,
    0.75,1.),.UNSPECIFIED.);
#10587 = CARTESIAN_POINT('',(2.674045298541,-0.778984138711,
    2.59028679878));
#10588 = CARTESIAN_POINT('',(2.669432415405,-0.794848547579,
    2.589651529966));
#10589 = CARTESIAN_POINT('',(2.665799377841,-0.806876676033,
    2.584580003982));
#10590 = CARTESIAN_POINT('',(2.659400347803,-0.827762087574,
    2.562904044197));
#10591 = CARTESIAN_POINT('',(2.657733422897,-0.833037056056,
    2.549344237744));
#10592 = CARTESIAN_POINT('',(2.657652900195,-0.833294396515,
    2.518442316384));
#10593 = CARTESIAN_POINT('',(2.659529400909,-0.827340878859,
    2.504451837081));
#10594 = CARTESIAN_POINT('',(2.665670324735,-0.807297884748,
    2.483637222996));
#10595 = CARTESIAN_POINT('',(2.669524795578,-0.794530838073,
    2.478122301914));
#10596 = CARTESIAN_POINT('',(2.674045298541,-0.778984138711,
    2.477499755347));
#10597 = CARTESIAN_POINT('',(2.664442985643,-0.776192080866,
    2.59028679878));
#10598 = CARTESIAN_POINT('',(2.659846612253,-0.791999710201,
    2.589651526664));
#10599 = CARTESIAN_POINT('',(2.656226620214,-0.803984644936,
    2.584580003982));
#10600 = CARTESIAN_POINT('',(2.649850525768,-0.824795198372,
    2.562904044197));
#10601 = CARTESIAN_POINT('',(2.648189575503,-0.830051260157,
    2.549344237744));
#10602 = CARTESIAN_POINT('',(2.648109341412,-0.830307678248,
    2.518442316384));
#10603 = CARTESIAN_POINT('',(2.649979116318,-0.824375499365,
    2.504451837081));
#10604 = CARTESIAN_POINT('',(2.656098029664,-0.804404343943,
    2.483637222996));
#10605 = CARTESIAN_POINT('',(2.659938685199,-0.79168305729,
    2.478122301914));
#10606 = CARTESIAN_POINT('',(2.664442985643,-0.776192080866,
    2.477499755347));
#10607 = ADVANCED_FACE('',(#10608),#10612,.T.);
#10608 = FACE_BOUND('',#10609,.T.);
#10609 = EDGE_LOOP('',(#10610,#10611));
#10610 = ORIENTED_EDGE('',*,*,#10527,.T.);
#10611 = ORIENTED_EDGE('',*,*,#10578,.T.);
#10612 = ( BOUNDED_SURFACE() B_SPLINE_SURFACE(2,1,(
    (#10613,#10614)
    ,(#10615,#10616)
    ,(#10617,#10618
)),.UNSPECIFIED.,.F.,.F.,.F.) B_SPLINE_SURFACE_WITH_KNOTS((3,3),(2,2),(
    3.404202619539,3.424559554665),(4.93971330122,5.052500344653),
.PIECEWISE_BEZIER_KNOTS.) GEOMETRIC_REPRESENTATION_ITEM() 
RATIONAL_B_SPLINE_SURFACE((
    (1.,1.)
    ,(0.999948199846,0.999948199846)
,(1.,1.))) REPRESENTATION_ITEM('') SURFACE() );
#10613 = CARTESIAN_POINT('',(2.679689690271,-0.72169333304,2.59028679878
    ));
#10614 = CARTESIAN_POINT('',(2.679689690271,-0.72169333304,
    2.477499755347));
#10615 = CARTESIAN_POINT('',(2.672343704404,-0.749020303677,
    2.59028679878));
#10616 = CARTESIAN_POINT('',(2.672343704404,-0.749020303677,
    2.477499755347));
#10617 = CARTESIAN_POINT('',(2.664442985643,-0.776192080866,
    2.59028679878));
#10618 = CARTESIAN_POINT('',(2.664442985643,-0.776192080866,
    2.477499755347));
#10619 = ( GEOMETRIC_REPRESENTATION_CONTEXT(3) 
GLOBAL_UNCERTAINTY_ASSIGNED_CONTEXT((#10623)) 
GLOBAL_UNIT_ASSIGNED_CONTEXT((#10620,#10621,#10622)) 
REPRESENTATION_CONTEXT('Context #1',
  '3D Context with UNIT and UNCERTAINTY') );
#10620 = ( LENGTH_UNIT() NAMED_UNIT(*) SI_UNIT(.MILLI.,.METRE.) );
#10621 = ( NAMED_UNIT(*) PLANE_ANGLE_UNIT() SI_UNIT($,.RADIAN.) );
#10622 = ( NAMED_UNIT(*) SI_UNIT($,.STERADIAN.) SOLID_ANGLE_UNIT() );
#10623 = UNCERTAINTY_MEASURE_WITH_UNIT(LENGTH_MEASURE(1.E-03),#10620,
  'distance_accuracy_value','confusion accuracy');
#10624 = PRODUCT_RELATED_PRODUCT_CATEGORY('part',$,(#7));
#10625 = MECHANICAL_DESIGN_GEOMETRIC_PRESENTATION_REPRESENTATION('',(
    #10626,#10636,#10644,#10651,#10658,#10665,#10672,#10679,#10686,
    #10693,#10700,#10707,#10714,#10721,#10728,#10735,#10742,#10749,
    #10756,#10763,#10770,#10777,#10784,#10792,#10799,#10806,#10813,
    #10820,#10827,#10834,#10841,#10848,#10855,#10862,#10869,#10876,
    #10883,#10890,#10897,#10904,#10911,#10918,#10925,#10932,#10939,
    #10946,#10953,#10960,#10967,#10974,#10981,#10988,#10995,#11002,
    #11009,#11016,#11023,#11030,#11037,#11044,#11051,#11058,#11065,
    #11072,#11079,#11086,#11093,#11100,#11107,#11114,#11121,#11128,
    #11135,#11142,#11149,#11156,#11163,#11170,#11177,#11184,#11191,
    #11198,#11205,#11212,#11219,#11226,#11233,#11240,#11247,#11254,
    #11261,#11268,#11275,#11282,#11289,#11296,#11303,#11310,#11317,
    #11324,#11331,#11338,#11345,#11352,#11359,#11366,#11373,#11380,
    #11387,#11394,#11401,#11408,#11415,#11422,#11429,#11436,#11443,
    #11450,#11457,#11464,#11471,#11478,#11485,#11492,#11499,#11506,
    #11513,#11520,#11527,#11534,#11541,#11548,#11555,#11562,#11569,
    #11576,#11583,#11590,#11597,#11604,#11611,#11618,#11625,#11632,
    #11639,#11646,#11653,#11660,#11667,#11674,#11681,#11688,#11695,
    #11702,#11709,#11716,#11723,#11730,#11737,#11744,#11751,#11758,
    #11765,#11772,#11779,#11786,#11793,#11800,#11807,#11814,#11821,
    #11828,#11835,#11842,#11849,#11856,#11863,#11870,#11877,#11884,
    #11891,#11898,#11905,#11912,#11919,#11926,#11933,#11940,#11947,
    #11954,#11961,#11968,#11975,#11982,#11989,#11996,#12003,#12010,
    #12017,#12024,#12031,#12038,#12045,#12052,#12059,#12066,#12073,
    #12080,#12087,#12094,#12101,#12108,#12115,#12122,#12129,#12136,
    #12143,#12150,#12157,#12164,#12171,#12178,#12185,#12192,#12199,
    #12206,#12213,#12220,#12227,#12234,#12241,#12248,#12255,#12262,
    #12269,#12276,#12283,#12290,#12297,#12304,#12311,#12318,#12325,
    #12332,#12339),#10619);
#10626 = STYLED_ITEM('color',(#10627),#15);
#10627 = PRESENTATION_STYLE_ASSIGNMENT((#10628,#10634));
#10628 = SURFACE_STYLE_USAGE(.BOTH.,#10629);
#10629 = SURFACE_SIDE_STYLE('',(#10630));
#10630 = SURFACE_STYLE_FILL_AREA(#10631);
#10631 = FILL_AREA_STYLE('',(#10632));
#10632 = FILL_AREA_STYLE_COLOUR('',#10633);
#10633 = DRAUGHTING_PRE_DEFINED_COLOUR('white');
#10634 = CURVE_STYLE('',#10635,POSITIVE_LENGTH_MEASURE(0.1),#10633);
#10635 = DRAUGHTING_PRE_DEFINED_CURVE_FONT('continuous');
#10636 = OVER_RIDING_STYLED_ITEM('overriding color',(#10637),#17,#10626
  );
#10637 = PRESENTATION_STYLE_ASSIGNMENT((#10638));
#10638 = SURFACE_STYLE_USAGE(.BOTH.,#10639);
#10639 = SURFACE_SIDE_STYLE('',(#10640));
#10640 = SURFACE_STYLE_FILL_AREA(#10641);
#10641 = FILL_AREA_STYLE('',(#10642));
#10642 = FILL_AREA_STYLE_COLOUR('',#10643);
#10643 = COLOUR_RGB('',0.666666664908,0.666666664908,0.666666664908);
#10644 = OVER_RIDING_STYLED_ITEM('overriding color',(#10645),#65,#10626
  );
#10645 = PRESENTATION_STYLE_ASSIGNMENT((#10646));
#10646 = SURFACE_STYLE_USAGE(.BOTH.,#10647);
#10647 = SURFACE_SIDE_STYLE('',(#10648));
#10648 = SURFACE_STYLE_FILL_AREA(#10649);
#10649 = FILL_AREA_STYLE('',(#10650));
#10650 = FILL_AREA_STYLE_COLOUR('',#10643);
#10651 = OVER_RIDING_STYLED_ITEM('overriding color',(#10652),#113,#10626
  );
#10652 = PRESENTATION_STYLE_ASSIGNMENT((#10653));
#10653 = SURFACE_STYLE_USAGE(.BOTH.,#10654);
#10654 = SURFACE_SIDE_STYLE('',(#10655));
#10655 = SURFACE_STYLE_FILL_AREA(#10656);
#10656 = FILL_AREA_STYLE('',(#10657));
#10657 = FILL_AREA_STYLE_COLOUR('',#10643);
#10658 = OVER_RIDING_STYLED_ITEM('overriding color',(#10659),#139,#10626
  );
#10659 = PRESENTATION_STYLE_ASSIGNMENT((#10660));
#10660 = SURFACE_STYLE_USAGE(.BOTH.,#10661);
#10661 = SURFACE_SIDE_STYLE('',(#10662));
#10662 = SURFACE_STYLE_FILL_AREA(#10663);
#10663 = FILL_AREA_STYLE('',(#10664));
#10664 = FILL_AREA_STYLE_COLOUR('',#10643);
#10665 = OVER_RIDING_STYLED_ITEM('overriding color',(#10666),#187,#10626
  );
#10666 = PRESENTATION_STYLE_ASSIGNMENT((#10667));
#10667 = SURFACE_STYLE_USAGE(.BOTH.,#10668);
#10668 = SURFACE_SIDE_STYLE('',(#10669));
#10669 = SURFACE_STYLE_FILL_AREA(#10670);
#10670 = FILL_AREA_STYLE('',(#10671));
#10671 = FILL_AREA_STYLE_COLOUR('',#10643);
#10672 = OVER_RIDING_STYLED_ITEM('overriding color',(#10673),#235,#10626
  );
#10673 = PRESENTATION_STYLE_ASSIGNMENT((#10674));
#10674 = SURFACE_STYLE_USAGE(.BOTH.,#10675);
#10675 = SURFACE_SIDE_STYLE('',(#10676));
#10676 = SURFACE_STYLE_FILL_AREA(#10677);
#10677 = FILL_AREA_STYLE('',(#10678));
#10678 = FILL_AREA_STYLE_COLOUR('',#10643);
#10679 = OVER_RIDING_STYLED_ITEM('overriding color',(#10680),#283,#10626
  );
#10680 = PRESENTATION_STYLE_ASSIGNMENT((#10681));
#10681 = SURFACE_STYLE_USAGE(.BOTH.,#10682);
#10682 = SURFACE_SIDE_STYLE('',(#10683));
#10683 = SURFACE_STYLE_FILL_AREA(#10684);
#10684 = FILL_AREA_STYLE('',(#10685));
#10685 = FILL_AREA_STYLE_COLOUR('',#10643);
#10686 = OVER_RIDING_STYLED_ITEM('overriding color',(#10687),#320,#10626
  );
#10687 = PRESENTATION_STYLE_ASSIGNMENT((#10688));
#10688 = SURFACE_STYLE_USAGE(.BOTH.,#10689);
#10689 = SURFACE_SIDE_STYLE('',(#10690));
#10690 = SURFACE_STYLE_FILL_AREA(#10691);
#10691 = FILL_AREA_STYLE('',(#10692));
#10692 = FILL_AREA_STYLE_COLOUR('',#10643);
#10693 = OVER_RIDING_STYLED_ITEM('overriding color',(#10694),#1492,
  #10626);
#10694 = PRESENTATION_STYLE_ASSIGNMENT((#10695));
#10695 = SURFACE_STYLE_USAGE(.BOTH.,#10696);
#10696 = SURFACE_SIDE_STYLE('',(#10697));
#10697 = SURFACE_STYLE_FILL_AREA(#10698);
#10698 = FILL_AREA_STYLE('',(#10699));
#10699 = FILL_AREA_STYLE_COLOUR('',#10643);
#10700 = OVER_RIDING_STYLED_ITEM('overriding color',(#10701),#1955,
  #10626);
#10701 = PRESENTATION_STYLE_ASSIGNMENT((#10702));
#10702 = SURFACE_STYLE_USAGE(.BOTH.,#10703);
#10703 = SURFACE_SIDE_STYLE('',(#10704));
#10704 = SURFACE_STYLE_FILL_AREA(#10705);
#10705 = FILL_AREA_STYLE('',(#10706));
#10706 = FILL_AREA_STYLE_COLOUR('',#10643);
#10707 = OVER_RIDING_STYLED_ITEM('overriding color',(#10708),#2355,
  #10626);
#10708 = PRESENTATION_STYLE_ASSIGNMENT((#10709));
#10709 = SURFACE_STYLE_USAGE(.BOTH.,#10710);
#10710 = SURFACE_SIDE_STYLE('',(#10711));
#10711 = SURFACE_STYLE_FILL_AREA(#10712);
#10712 = FILL_AREA_STYLE('',(#10713));
#10713 = FILL_AREA_STYLE_COLOUR('',#10643);
#10714 = OVER_RIDING_STYLED_ITEM('overriding color',(#10715),#2383,
  #10626);
#10715 = PRESENTATION_STYLE_ASSIGNMENT((#10716));
#10716 = SURFACE_STYLE_USAGE(.BOTH.,#10717);
#10717 = SURFACE_SIDE_STYLE('',(#10718));
#10718 = SURFACE_STYLE_FILL_AREA(#10719);
#10719 = FILL_AREA_STYLE('',(#10720));
#10720 = FILL_AREA_STYLE_COLOUR('',#10643);
#10721 = OVER_RIDING_STYLED_ITEM('overriding color',(#10722),#2408,
  #10626);
#10722 = PRESENTATION_STYLE_ASSIGNMENT((#10723));
#10723 = SURFACE_STYLE_USAGE(.BOTH.,#10724);
#10724 = SURFACE_SIDE_STYLE('',(#10725));
#10725 = SURFACE_STYLE_FILL_AREA(#10726);
#10726 = FILL_AREA_STYLE('',(#10727));
#10727 = FILL_AREA_STYLE_COLOUR('',#10643);
#10728 = OVER_RIDING_STYLED_ITEM('overriding color',(#10729),#2436,
  #10626);
#10729 = PRESENTATION_STYLE_ASSIGNMENT((#10730));
#10730 = SURFACE_STYLE_USAGE(.BOTH.,#10731);
#10731 = SURFACE_SIDE_STYLE('',(#10732));
#10732 = SURFACE_STYLE_FILL_AREA(#10733);
#10733 = FILL_AREA_STYLE('',(#10734));
#10734 = FILL_AREA_STYLE_COLOUR('',#10643);
#10735 = OVER_RIDING_STYLED_ITEM('overriding color',(#10736),#2454,
  #10626);
#10736 = PRESENTATION_STYLE_ASSIGNMENT((#10737));
#10737 = SURFACE_STYLE_USAGE(.BOTH.,#10738);
#10738 = SURFACE_SIDE_STYLE('',(#10739));
#10739 = SURFACE_STYLE_FILL_AREA(#10740);
#10740 = FILL_AREA_STYLE('',(#10741));
#10741 = FILL_AREA_STYLE_COLOUR('',#10643);
#10742 = OVER_RIDING_STYLED_ITEM('overriding color',(#10743),#2472,
  #10626);
#10743 = PRESENTATION_STYLE_ASSIGNMENT((#10744));
#10744 = SURFACE_STYLE_USAGE(.BOTH.,#10745);
#10745 = SURFACE_SIDE_STYLE('',(#10746));
#10746 = SURFACE_STYLE_FILL_AREA(#10747);
#10747 = FILL_AREA_STYLE('',(#10748));
#10748 = FILL_AREA_STYLE_COLOUR('',#10643);
#10749 = OVER_RIDING_STYLED_ITEM('overriding color',(#10750),#2490,
  #10626);
#10750 = PRESENTATION_STYLE_ASSIGNMENT((#10751));
#10751 = SURFACE_STYLE_USAGE(.BOTH.,#10752);
#10752 = SURFACE_SIDE_STYLE('',(#10753));
#10753 = SURFACE_STYLE_FILL_AREA(#10754);
#10754 = FILL_AREA_STYLE('',(#10755));
#10755 = FILL_AREA_STYLE_COLOUR('',#10643);
#10756 = OVER_RIDING_STYLED_ITEM('overriding color',(#10757),#2522,
  #10626);
#10757 = PRESENTATION_STYLE_ASSIGNMENT((#10758));
#10758 = SURFACE_STYLE_USAGE(.BOTH.,#10759);
#10759 = SURFACE_SIDE_STYLE('',(#10760));
#10760 = SURFACE_STYLE_FILL_AREA(#10761);
#10761 = FILL_AREA_STYLE('',(#10762));
#10762 = FILL_AREA_STYLE_COLOUR('',#10643);
#10763 = OVER_RIDING_STYLED_ITEM('overriding color',(#10764),#2540,
  #10626);
#10764 = PRESENTATION_STYLE_ASSIGNMENT((#10765));
#10765 = SURFACE_STYLE_USAGE(.BOTH.,#10766);
#10766 = SURFACE_SIDE_STYLE('',(#10767));
#10767 = SURFACE_STYLE_FILL_AREA(#10768);
#10768 = FILL_AREA_STYLE('',(#10769));
#10769 = FILL_AREA_STYLE_COLOUR('',#10643);
#10770 = OVER_RIDING_STYLED_ITEM('overriding color',(#10771),#4454,
  #10626);
#10771 = PRESENTATION_STYLE_ASSIGNMENT((#10772));
#10772 = SURFACE_STYLE_USAGE(.BOTH.,#10773);
#10773 = SURFACE_SIDE_STYLE('',(#10774));
#10774 = SURFACE_STYLE_FILL_AREA(#10775);
#10775 = FILL_AREA_STYLE('',(#10776));
#10776 = FILL_AREA_STYLE_COLOUR('',#10643);
#10777 = OVER_RIDING_STYLED_ITEM('overriding color',(#10778),#4468,
  #10626);
#10778 = PRESENTATION_STYLE_ASSIGNMENT((#10779));
#10779 = SURFACE_STYLE_USAGE(.BOTH.,#10780);
#10780 = SURFACE_SIDE_STYLE('',(#10781));
#10781 = SURFACE_STYLE_FILL_AREA(#10782);
#10782 = FILL_AREA_STYLE('',(#10783));
#10783 = FILL_AREA_STYLE_COLOUR('',#10643);
#10784 = OVER_RIDING_STYLED_ITEM('overriding color',(#10785),#4481,
  #10626);
#10785 = PRESENTATION_STYLE_ASSIGNMENT((#10786));
#10786 = SURFACE_STYLE_USAGE(.BOTH.,#10787);
#10787 = SURFACE_SIDE_STYLE('',(#10788));
#10788 = SURFACE_STYLE_FILL_AREA(#10789);
#10789 = FILL_AREA_STYLE('',(#10790));
#10790 = FILL_AREA_STYLE_COLOUR('',#10791);
#10791 = DRAUGHTING_PRE_DEFINED_COLOUR('black');
#10792 = OVER_RIDING_STYLED_ITEM('overriding color',(#10793),#4509,
  #10626);
#10793 = PRESENTATION_STYLE_ASSIGNMENT((#10794));
#10794 = SURFACE_STYLE_USAGE(.BOTH.,#10795);
#10795 = SURFACE_SIDE_STYLE('',(#10796));
#10796 = SURFACE_STYLE_FILL_AREA(#10797);
#10797 = FILL_AREA_STYLE('',(#10798));
#10798 = FILL_AREA_STYLE_COLOUR('',#10791);
#10799 = OVER_RIDING_STYLED_ITEM('overriding color',(#10800),#4533,
  #10626);
#10800 = PRESENTATION_STYLE_ASSIGNMENT((#10801));
#10801 = SURFACE_STYLE_USAGE(.BOTH.,#10802);
#10802 = SURFACE_SIDE_STYLE('',(#10803));
#10803 = SURFACE_STYLE_FILL_AREA(#10804);
#10804 = FILL_AREA_STYLE('',(#10805));
#10805 = FILL_AREA_STYLE_COLOUR('',#10791);
#10806 = OVER_RIDING_STYLED_ITEM('overriding color',(#10807),#4555,
  #10626);
#10807 = PRESENTATION_STYLE_ASSIGNMENT((#10808));
#10808 = SURFACE_STYLE_USAGE(.BOTH.,#10809);
#10809 = SURFACE_SIDE_STYLE('',(#10810));
#10810 = SURFACE_STYLE_FILL_AREA(#10811);
#10811 = FILL_AREA_STYLE('',(#10812));
#10812 = FILL_AREA_STYLE_COLOUR('',#10791);
#10813 = OVER_RIDING_STYLED_ITEM('overriding color',(#10814),#4579,
  #10626);
#10814 = PRESENTATION_STYLE_ASSIGNMENT((#10815));
#10815 = SURFACE_STYLE_USAGE(.BOTH.,#10816);
#10816 = SURFACE_SIDE_STYLE('',(#10817));
#10817 = SURFACE_STYLE_FILL_AREA(#10818);
#10818 = FILL_AREA_STYLE('',(#10819));
#10819 = FILL_AREA_STYLE_COLOUR('',#10791);
#10820 = OVER_RIDING_STYLED_ITEM('overriding color',(#10821),#4601,
  #10626);
#10821 = PRESENTATION_STYLE_ASSIGNMENT((#10822));
#10822 = SURFACE_STYLE_USAGE(.BOTH.,#10823);
#10823 = SURFACE_SIDE_STYLE('',(#10824));
#10824 = SURFACE_STYLE_FILL_AREA(#10825);
#10825 = FILL_AREA_STYLE('',(#10826));
#10826 = FILL_AREA_STYLE_COLOUR('',#10791);
#10827 = OVER_RIDING_STYLED_ITEM('overriding color',(#10828),#4618,
  #10626);
#10828 = PRESENTATION_STYLE_ASSIGNMENT((#10829));
#10829 = SURFACE_STYLE_USAGE(.BOTH.,#10830);
#10830 = SURFACE_SIDE_STYLE('',(#10831));
#10831 = SURFACE_STYLE_FILL_AREA(#10832);
#10832 = FILL_AREA_STYLE('',(#10833));
#10833 = FILL_AREA_STYLE_COLOUR('',#10791);
#10834 = OVER_RIDING_STYLED_ITEM('overriding color',(#10835),#4634,
  #10626);
#10835 = PRESENTATION_STYLE_ASSIGNMENT((#10836));
#10836 = SURFACE_STYLE_USAGE(.BOTH.,#10837);
#10837 = SURFACE_SIDE_STYLE('',(#10838));
#10838 = SURFACE_STYLE_FILL_AREA(#10839);
#10839 = FILL_AREA_STYLE('',(#10840));
#10840 = FILL_AREA_STYLE_COLOUR('',#10791);
#10841 = OVER_RIDING_STYLED_ITEM('overriding color',(#10842),#4670,
  #10626);
#10842 = PRESENTATION_STYLE_ASSIGNMENT((#10843));
#10843 = SURFACE_STYLE_USAGE(.BOTH.,#10844);
#10844 = SURFACE_SIDE_STYLE('',(#10845));
#10845 = SURFACE_STYLE_FILL_AREA(#10846);
#10846 = FILL_AREA_STYLE('',(#10847));
#10847 = FILL_AREA_STYLE_COLOUR('',#10791);
#10848 = OVER_RIDING_STYLED_ITEM('overriding color',(#10849),#4698,
  #10626);
#10849 = PRESENTATION_STYLE_ASSIGNMENT((#10850));
#10850 = SURFACE_STYLE_USAGE(.BOTH.,#10851);
#10851 = SURFACE_SIDE_STYLE('',(#10852));
#10852 = SURFACE_STYLE_FILL_AREA(#10853);
#10853 = FILL_AREA_STYLE('',(#10854));
#10854 = FILL_AREA_STYLE_COLOUR('',#10791);
#10855 = OVER_RIDING_STYLED_ITEM('overriding color',(#10856),#4726,
  #10626);
#10856 = PRESENTATION_STYLE_ASSIGNMENT((#10857));
#10857 = SURFACE_STYLE_USAGE(.BOTH.,#10858);
#10858 = SURFACE_SIDE_STYLE('',(#10859));
#10859 = SURFACE_STYLE_FILL_AREA(#10860);
#10860 = FILL_AREA_STYLE('',(#10861));
#10861 = FILL_AREA_STYLE_COLOUR('',#10791);
#10862 = OVER_RIDING_STYLED_ITEM('overriding color',(#10863),#4754,
  #10626);
#10863 = PRESENTATION_STYLE_ASSIGNMENT((#10864));
#10864 = SURFACE_STYLE_USAGE(.BOTH.,#10865);
#10865 = SURFACE_SIDE_STYLE('',(#10866));
#10866 = SURFACE_STYLE_FILL_AREA(#10867);
#10867 = FILL_AREA_STYLE('',(#10868));
#10868 = FILL_AREA_STYLE_COLOUR('',#10791);
#10869 = OVER_RIDING_STYLED_ITEM('overriding color',(#10870),#4782,
  #10626);
#10870 = PRESENTATION_STYLE_ASSIGNMENT((#10871));
#10871 = SURFACE_STYLE_USAGE(.BOTH.,#10872);
#10872 = SURFACE_SIDE_STYLE('',(#10873));
#10873 = SURFACE_STYLE_FILL_AREA(#10874);
#10874 = FILL_AREA_STYLE('',(#10875));
#10875 = FILL_AREA_STYLE_COLOUR('',#10791);
#10876 = OVER_RIDING_STYLED_ITEM('overriding color',(#10877),#4810,
  #10626);
#10877 = PRESENTATION_STYLE_ASSIGNMENT((#10878));
#10878 = SURFACE_STYLE_USAGE(.BOTH.,#10879);
#10879 = SURFACE_SIDE_STYLE('',(#10880));
#10880 = SURFACE_STYLE_FILL_AREA(#10881);
#10881 = FILL_AREA_STYLE('',(#10882));
#10882 = FILL_AREA_STYLE_COLOUR('',#10791);
#10883 = OVER_RIDING_STYLED_ITEM('overriding color',(#10884),#4834,
  #10626);
#10884 = PRESENTATION_STYLE_ASSIGNMENT((#10885));
#10885 = SURFACE_STYLE_USAGE(.BOTH.,#10886);
#10886 = SURFACE_SIDE_STYLE('',(#10887));
#10887 = SURFACE_STYLE_FILL_AREA(#10888);
#10888 = FILL_AREA_STYLE('',(#10889));
#10889 = FILL_AREA_STYLE_COLOUR('',#10791);
#10890 = OVER_RIDING_STYLED_ITEM('overriding color',(#10891),#4862,
  #10626);
#10891 = PRESENTATION_STYLE_ASSIGNMENT((#10892));
#10892 = SURFACE_STYLE_USAGE(.BOTH.,#10893);
#10893 = SURFACE_SIDE_STYLE('',(#10894));
#10894 = SURFACE_STYLE_FILL_AREA(#10895);
#10895 = FILL_AREA_STYLE('',(#10896));
#10896 = FILL_AREA_STYLE_COLOUR('',#10791);
#10897 = OVER_RIDING_STYLED_ITEM('overriding color',(#10898),#4890,
  #10626);
#10898 = PRESENTATION_STYLE_ASSIGNMENT((#10899));
#10899 = SURFACE_STYLE_USAGE(.BOTH.,#10900);
#10900 = SURFACE_SIDE_STYLE('',(#10901));
#10901 = SURFACE_STYLE_FILL_AREA(#10902);
#10902 = FILL_AREA_STYLE('',(#10903));
#10903 = FILL_AREA_STYLE_COLOUR('',#10791);
#10904 = OVER_RIDING_STYLED_ITEM('overriding color',(#10905),#4918,
  #10626);
#10905 = PRESENTATION_STYLE_ASSIGNMENT((#10906));
#10906 = SURFACE_STYLE_USAGE(.BOTH.,#10907);
#10907 = SURFACE_SIDE_STYLE('',(#10908));
#10908 = SURFACE_STYLE_FILL_AREA(#10909);
#10909 = FILL_AREA_STYLE('',(#10910));
#10910 = FILL_AREA_STYLE_COLOUR('',#10791);
#10911 = OVER_RIDING_STYLED_ITEM('overriding color',(#10912),#4946,
  #10626);
#10912 = PRESENTATION_STYLE_ASSIGNMENT((#10913));
#10913 = SURFACE_STYLE_USAGE(.BOTH.,#10914);
#10914 = SURFACE_SIDE_STYLE('',(#10915));
#10915 = SURFACE_STYLE_FILL_AREA(#10916);
#10916 = FILL_AREA_STYLE('',(#10917));
#10917 = FILL_AREA_STYLE_COLOUR('',#10791);
#10918 = OVER_RIDING_STYLED_ITEM('overriding color',(#10919),#4974,
  #10626);
#10919 = PRESENTATION_STYLE_ASSIGNMENT((#10920));
#10920 = SURFACE_STYLE_USAGE(.BOTH.,#10921);
#10921 = SURFACE_SIDE_STYLE('',(#10922));
#10922 = SURFACE_STYLE_FILL_AREA(#10923);
#10923 = FILL_AREA_STYLE('',(#10924));
#10924 = FILL_AREA_STYLE_COLOUR('',#10791);
#10925 = OVER_RIDING_STYLED_ITEM('overriding color',(#10926),#5002,
  #10626);
#10926 = PRESENTATION_STYLE_ASSIGNMENT((#10927));
#10927 = SURFACE_STYLE_USAGE(.BOTH.,#10928);
#10928 = SURFACE_SIDE_STYLE('',(#10929));
#10929 = SURFACE_STYLE_FILL_AREA(#10930);
#10930 = FILL_AREA_STYLE('',(#10931));
#10931 = FILL_AREA_STYLE_COLOUR('',#10791);
#10932 = OVER_RIDING_STYLED_ITEM('overriding color',(#10933),#5018,
  #10626);
#10933 = PRESENTATION_STYLE_ASSIGNMENT((#10934));
#10934 = SURFACE_STYLE_USAGE(.BOTH.,#10935);
#10935 = SURFACE_SIDE_STYLE('',(#10936));
#10936 = SURFACE_STYLE_FILL_AREA(#10937);
#10937 = FILL_AREA_STYLE('',(#10938));
#10938 = FILL_AREA_STYLE_COLOUR('',#10791);
#10939 = OVER_RIDING_STYLED_ITEM('overriding color',(#10940),#5042,
  #10626);
#10940 = PRESENTATION_STYLE_ASSIGNMENT((#10941));
#10941 = SURFACE_STYLE_USAGE(.BOTH.,#10942);
#10942 = SURFACE_SIDE_STYLE('',(#10943));
#10943 = SURFACE_STYLE_FILL_AREA(#10944);
#10944 = FILL_AREA_STYLE('',(#10945));
#10945 = FILL_AREA_STYLE_COLOUR('',#10791);
#10946 = OVER_RIDING_STYLED_ITEM('overriding color',(#10947),#5070,
  #10626);
#10947 = PRESENTATION_STYLE_ASSIGNMENT((#10948));
#10948 = SURFACE_STYLE_USAGE(.BOTH.,#10949);
#10949 = SURFACE_SIDE_STYLE('',(#10950));
#10950 = SURFACE_STYLE_FILL_AREA(#10951);
#10951 = FILL_AREA_STYLE('',(#10952));
#10952 = FILL_AREA_STYLE_COLOUR('',#10791);
#10953 = OVER_RIDING_STYLED_ITEM('overriding color',(#10954),#5093,
  #10626);
#10954 = PRESENTATION_STYLE_ASSIGNMENT((#10955));
#10955 = SURFACE_STYLE_USAGE(.BOTH.,#10956);
#10956 = SURFACE_SIDE_STYLE('',(#10957));
#10957 = SURFACE_STYLE_FILL_AREA(#10958);
#10958 = FILL_AREA_STYLE('',(#10959));
#10959 = FILL_AREA_STYLE_COLOUR('',#10791);
#10960 = OVER_RIDING_STYLED_ITEM('overriding color',(#10961),#5115,
  #10626);
#10961 = PRESENTATION_STYLE_ASSIGNMENT((#10962));
#10962 = SURFACE_STYLE_USAGE(.BOTH.,#10963);
#10963 = SURFACE_SIDE_STYLE('',(#10964));
#10964 = SURFACE_STYLE_FILL_AREA(#10965);
#10965 = FILL_AREA_STYLE('',(#10966));
#10966 = FILL_AREA_STYLE_COLOUR('',#10791);
#10967 = OVER_RIDING_STYLED_ITEM('overriding color',(#10968),#5138,
  #10626);
#10968 = PRESENTATION_STYLE_ASSIGNMENT((#10969));
#10969 = SURFACE_STYLE_USAGE(.BOTH.,#10970);
#10970 = SURFACE_SIDE_STYLE('',(#10971));
#10971 = SURFACE_STYLE_FILL_AREA(#10972);
#10972 = FILL_AREA_STYLE('',(#10973));
#10973 = FILL_AREA_STYLE_COLOUR('',#10791);
#10974 = OVER_RIDING_STYLED_ITEM('overriding color',(#10975),#5160,
  #10626);
#10975 = PRESENTATION_STYLE_ASSIGNMENT((#10976));
#10976 = SURFACE_STYLE_USAGE(.BOTH.,#10977);
#10977 = SURFACE_SIDE_STYLE('',(#10978));
#10978 = SURFACE_STYLE_FILL_AREA(#10979);
#10979 = FILL_AREA_STYLE('',(#10980));
#10980 = FILL_AREA_STYLE_COLOUR('',#10791);
#10981 = OVER_RIDING_STYLED_ITEM('overriding color',(#10982),#5183,
  #10626);
#10982 = PRESENTATION_STYLE_ASSIGNMENT((#10983));
#10983 = SURFACE_STYLE_USAGE(.BOTH.,#10984);
#10984 = SURFACE_SIDE_STYLE('',(#10985));
#10985 = SURFACE_STYLE_FILL_AREA(#10986);
#10986 = FILL_AREA_STYLE('',(#10987));
#10987 = FILL_AREA_STYLE_COLOUR('',#10791);
#10988 = OVER_RIDING_STYLED_ITEM('overriding color',(#10989),#5205,
  #10626);
#10989 = PRESENTATION_STYLE_ASSIGNMENT((#10990));
#10990 = SURFACE_STYLE_USAGE(.BOTH.,#10991);
#10991 = SURFACE_SIDE_STYLE('',(#10992));
#10992 = SURFACE_STYLE_FILL_AREA(#10993);
#10993 = FILL_AREA_STYLE('',(#10994));
#10994 = FILL_AREA_STYLE_COLOUR('',#10791);
#10995 = OVER_RIDING_STYLED_ITEM('overriding color',(#10996),#5228,
  #10626);
#10996 = PRESENTATION_STYLE_ASSIGNMENT((#10997));
#10997 = SURFACE_STYLE_USAGE(.BOTH.,#10998);
#10998 = SURFACE_SIDE_STYLE('',(#10999));
#10999 = SURFACE_STYLE_FILL_AREA(#11000);
#11000 = FILL_AREA_STYLE('',(#11001));
#11001 = FILL_AREA_STYLE_COLOUR('',#10791);
#11002 = OVER_RIDING_STYLED_ITEM('overriding color',(#11003),#5250,
  #10626);
#11003 = PRESENTATION_STYLE_ASSIGNMENT((#11004));
#11004 = SURFACE_STYLE_USAGE(.BOTH.,#11005);
#11005 = SURFACE_SIDE_STYLE('',(#11006));
#11006 = SURFACE_STYLE_FILL_AREA(#11007);
#11007 = FILL_AREA_STYLE('',(#11008));
#11008 = FILL_AREA_STYLE_COLOUR('',#10791);
#11009 = OVER_RIDING_STYLED_ITEM('overriding color',(#11010),#5273,
  #10626);
#11010 = PRESENTATION_STYLE_ASSIGNMENT((#11011));
#11011 = SURFACE_STYLE_USAGE(.BOTH.,#11012);
#11012 = SURFACE_SIDE_STYLE('',(#11013));
#11013 = SURFACE_STYLE_FILL_AREA(#11014);
#11014 = FILL_AREA_STYLE('',(#11015));
#11015 = FILL_AREA_STYLE_COLOUR('',#10791);
#11016 = OVER_RIDING_STYLED_ITEM('overriding color',(#11017),#5295,
  #10626);
#11017 = PRESENTATION_STYLE_ASSIGNMENT((#11018));
#11018 = SURFACE_STYLE_USAGE(.BOTH.,#11019);
#11019 = SURFACE_SIDE_STYLE('',(#11020));
#11020 = SURFACE_STYLE_FILL_AREA(#11021);
#11021 = FILL_AREA_STYLE('',(#11022));
#11022 = FILL_AREA_STYLE_COLOUR('',#10791);
#11023 = OVER_RIDING_STYLED_ITEM('overriding color',(#11024),#5312,
  #10626);
#11024 = PRESENTATION_STYLE_ASSIGNMENT((#11025));
#11025 = SURFACE_STYLE_USAGE(.BOTH.,#11026);
#11026 = SURFACE_SIDE_STYLE('',(#11027));
#11027 = SURFACE_STYLE_FILL_AREA(#11028);
#11028 = FILL_AREA_STYLE('',(#11029));
#11029 = FILL_AREA_STYLE_COLOUR('',#10791);
#11030 = OVER_RIDING_STYLED_ITEM('overriding color',(#11031),#5334,
  #10626);
#11031 = PRESENTATION_STYLE_ASSIGNMENT((#11032));
#11032 = SURFACE_STYLE_USAGE(.BOTH.,#11033);
#11033 = SURFACE_SIDE_STYLE('',(#11034));
#11034 = SURFACE_STYLE_FILL_AREA(#11035);
#11035 = FILL_AREA_STYLE('',(#11036));
#11036 = FILL_AREA_STYLE_COLOUR('',#10791);
#11037 = OVER_RIDING_STYLED_ITEM('overriding color',(#11038),#5365,
  #10626);
#11038 = PRESENTATION_STYLE_ASSIGNMENT((#11039));
#11039 = SURFACE_STYLE_USAGE(.BOTH.,#11040);
#11040 = SURFACE_SIDE_STYLE('',(#11041));
#11041 = SURFACE_STYLE_FILL_AREA(#11042);
#11042 = FILL_AREA_STYLE('',(#11043));
#11043 = FILL_AREA_STYLE_COLOUR('',#10791);
#11044 = OVER_RIDING_STYLED_ITEM('overriding color',(#11045),#5393,
  #10626);
#11045 = PRESENTATION_STYLE_ASSIGNMENT((#11046));
#11046 = SURFACE_STYLE_USAGE(.BOTH.,#11047);
#11047 = SURFACE_SIDE_STYLE('',(#11048));
#11048 = SURFACE_STYLE_FILL_AREA(#11049);
#11049 = FILL_AREA_STYLE('',(#11050));
#11050 = FILL_AREA_STYLE_COLOUR('',#10791);
#11051 = OVER_RIDING_STYLED_ITEM('overriding color',(#11052),#5421,
  #10626);
#11052 = PRESENTATION_STYLE_ASSIGNMENT((#11053));
#11053 = SURFACE_STYLE_USAGE(.BOTH.,#11054);
#11054 = SURFACE_SIDE_STYLE('',(#11055));
#11055 = SURFACE_STYLE_FILL_AREA(#11056);
#11056 = FILL_AREA_STYLE('',(#11057));
#11057 = FILL_AREA_STYLE_COLOUR('',#10791);
#11058 = OVER_RIDING_STYLED_ITEM('overriding color',(#11059),#5449,
  #10626);
#11059 = PRESENTATION_STYLE_ASSIGNMENT((#11060));
#11060 = SURFACE_STYLE_USAGE(.BOTH.,#11061);
#11061 = SURFACE_SIDE_STYLE('',(#11062));
#11062 = SURFACE_STYLE_FILL_AREA(#11063);
#11063 = FILL_AREA_STYLE('',(#11064));
#11064 = FILL_AREA_STYLE_COLOUR('',#10791);
#11065 = OVER_RIDING_STYLED_ITEM('overriding color',(#11066),#5477,
  #10626);
#11066 = PRESENTATION_STYLE_ASSIGNMENT((#11067));
#11067 = SURFACE_STYLE_USAGE(.BOTH.,#11068);
#11068 = SURFACE_SIDE_STYLE('',(#11069));
#11069 = SURFACE_STYLE_FILL_AREA(#11070);
#11070 = FILL_AREA_STYLE('',(#11071));
#11071 = FILL_AREA_STYLE_COLOUR('',#10791);
#11072 = OVER_RIDING_STYLED_ITEM('overriding color',(#11073),#5500,
  #10626);
#11073 = PRESENTATION_STYLE_ASSIGNMENT((#11074));
#11074 = SURFACE_STYLE_USAGE(.BOTH.,#11075);
#11075 = SURFACE_SIDE_STYLE('',(#11076));
#11076 = SURFACE_STYLE_FILL_AREA(#11077);
#11077 = FILL_AREA_STYLE('',(#11078));
#11078 = FILL_AREA_STYLE_COLOUR('',#10791);
#11079 = OVER_RIDING_STYLED_ITEM('overriding color',(#11080),#5516,
  #10626);
#11080 = PRESENTATION_STYLE_ASSIGNMENT((#11081));
#11081 = SURFACE_STYLE_USAGE(.BOTH.,#11082);
#11082 = SURFACE_SIDE_STYLE('',(#11083));
#11083 = SURFACE_STYLE_FILL_AREA(#11084);
#11084 = FILL_AREA_STYLE('',(#11085));
#11085 = FILL_AREA_STYLE_COLOUR('',#10791);
#11086 = OVER_RIDING_STYLED_ITEM('overriding color',(#11087),#5594,
  #10626);
#11087 = PRESENTATION_STYLE_ASSIGNMENT((#11088));
#11088 = SURFACE_STYLE_USAGE(.BOTH.,#11089);
#11089 = SURFACE_SIDE_STYLE('',(#11090));
#11090 = SURFACE_STYLE_FILL_AREA(#11091);
#11091 = FILL_AREA_STYLE('',(#11092));
#11092 = FILL_AREA_STYLE_COLOUR('',#10791);
#11093 = OVER_RIDING_STYLED_ITEM('overriding color',(#11094),#5623,
  #10626);
#11094 = PRESENTATION_STYLE_ASSIGNMENT((#11095));
#11095 = SURFACE_STYLE_USAGE(.BOTH.,#11096);
#11096 = SURFACE_SIDE_STYLE('',(#11097));
#11097 = SURFACE_STYLE_FILL_AREA(#11098);
#11098 = FILL_AREA_STYLE('',(#11099));
#11099 = FILL_AREA_STYLE_COLOUR('',#10791);
#11100 = OVER_RIDING_STYLED_ITEM('overriding color',(#11101),#5653,
  #10626);
#11101 = PRESENTATION_STYLE_ASSIGNMENT((#11102));
#11102 = SURFACE_STYLE_USAGE(.BOTH.,#11103);
#11103 = SURFACE_SIDE_STYLE('',(#11104));
#11104 = SURFACE_STYLE_FILL_AREA(#11105);
#11105 = FILL_AREA_STYLE('',(#11106));
#11106 = FILL_AREA_STYLE_COLOUR('',#10791);
#11107 = OVER_RIDING_STYLED_ITEM('overriding color',(#11108),#5683,
  #10626);
#11108 = PRESENTATION_STYLE_ASSIGNMENT((#11109));
#11109 = SURFACE_STYLE_USAGE(.BOTH.,#11110);
#11110 = SURFACE_SIDE_STYLE('',(#11111));
#11111 = SURFACE_STYLE_FILL_AREA(#11112);
#11112 = FILL_AREA_STYLE('',(#11113));
#11113 = FILL_AREA_STYLE_COLOUR('',#10791);
#11114 = OVER_RIDING_STYLED_ITEM('overriding color',(#11115),#5713,
  #10626);
#11115 = PRESENTATION_STYLE_ASSIGNMENT((#11116));
#11116 = SURFACE_STYLE_USAGE(.BOTH.,#11117);
#11117 = SURFACE_SIDE_STYLE('',(#11118));
#11118 = SURFACE_STYLE_FILL_AREA(#11119);
#11119 = FILL_AREA_STYLE('',(#11120));
#11120 = FILL_AREA_STYLE_COLOUR('',#10791);
#11121 = OVER_RIDING_STYLED_ITEM('overriding color',(#11122),#5743,
  #10626);
#11122 = PRESENTATION_STYLE_ASSIGNMENT((#11123));
#11123 = SURFACE_STYLE_USAGE(.BOTH.,#11124);
#11124 = SURFACE_SIDE_STYLE('',(#11125));
#11125 = SURFACE_STYLE_FILL_AREA(#11126);
#11126 = FILL_AREA_STYLE('',(#11127));
#11127 = FILL_AREA_STYLE_COLOUR('',#10791);
#11128 = OVER_RIDING_STYLED_ITEM('overriding color',(#11129),#5766,
  #10626);
#11129 = PRESENTATION_STYLE_ASSIGNMENT((#11130));
#11130 = SURFACE_STYLE_USAGE(.BOTH.,#11131);
#11131 = SURFACE_SIDE_STYLE('',(#11132));
#11132 = SURFACE_STYLE_FILL_AREA(#11133);
#11133 = FILL_AREA_STYLE('',(#11134));
#11134 = FILL_AREA_STYLE_COLOUR('',#10791);
#11135 = OVER_RIDING_STYLED_ITEM('overriding color',(#11136),#5782,
  #10626);
#11136 = PRESENTATION_STYLE_ASSIGNMENT((#11137));
#11137 = SURFACE_STYLE_USAGE(.BOTH.,#11138);
#11138 = SURFACE_SIDE_STYLE('',(#11139));
#11139 = SURFACE_STYLE_FILL_AREA(#11140);
#11140 = FILL_AREA_STYLE('',(#11141));
#11141 = FILL_AREA_STYLE_COLOUR('',#10643);
#11142 = OVER_RIDING_STYLED_ITEM('overriding color',(#11143),#5799,
  #10626);
#11143 = PRESENTATION_STYLE_ASSIGNMENT((#11144));
#11144 = SURFACE_STYLE_USAGE(.BOTH.,#11145);
#11145 = SURFACE_SIDE_STYLE('',(#11146));
#11146 = SURFACE_STYLE_FILL_AREA(#11147);
#11147 = FILL_AREA_STYLE('',(#11148));
#11148 = FILL_AREA_STYLE_COLOUR('',#10791);
#11149 = OVER_RIDING_STYLED_ITEM('overriding color',(#11150),#5835,
  #10626);
#11150 = PRESENTATION_STYLE_ASSIGNMENT((#11151));
#11151 = SURFACE_STYLE_USAGE(.BOTH.,#11152);
#11152 = SURFACE_SIDE_STYLE('',(#11153));
#11153 = SURFACE_STYLE_FILL_AREA(#11154);
#11154 = FILL_AREA_STYLE('',(#11155));
#11155 = FILL_AREA_STYLE_COLOUR('',#10791);
#11156 = OVER_RIDING_STYLED_ITEM('overriding color',(#11157),#5860,
  #10626);
#11157 = PRESENTATION_STYLE_ASSIGNMENT((#11158));
#11158 = SURFACE_STYLE_USAGE(.BOTH.,#11159);
#11159 = SURFACE_SIDE_STYLE('',(#11160));
#11160 = SURFACE_STYLE_FILL_AREA(#11161);
#11161 = FILL_AREA_STYLE('',(#11162));
#11162 = FILL_AREA_STYLE_COLOUR('',#10791);
#11163 = OVER_RIDING_STYLED_ITEM('overriding color',(#11164),#5888,
  #10626);
#11164 = PRESENTATION_STYLE_ASSIGNMENT((#11165));
#11165 = SURFACE_STYLE_USAGE(.BOTH.,#11166);
#11166 = SURFACE_SIDE_STYLE('',(#11167));
#11167 = SURFACE_STYLE_FILL_AREA(#11168);
#11168 = FILL_AREA_STYLE('',(#11169));
#11169 = FILL_AREA_STYLE_COLOUR('',#10791);
#11170 = OVER_RIDING_STYLED_ITEM('overriding color',(#11171),#5913,
  #10626);
#11171 = PRESENTATION_STYLE_ASSIGNMENT((#11172));
#11172 = SURFACE_STYLE_USAGE(.BOTH.,#11173);
#11173 = SURFACE_SIDE_STYLE('',(#11174));
#11174 = SURFACE_STYLE_FILL_AREA(#11175);
#11175 = FILL_AREA_STYLE('',(#11176));
#11176 = FILL_AREA_STYLE_COLOUR('',#10791);
#11177 = OVER_RIDING_STYLED_ITEM('overriding color',(#11178),#5941,
  #10626);
#11178 = PRESENTATION_STYLE_ASSIGNMENT((#11179));
#11179 = SURFACE_STYLE_USAGE(.BOTH.,#11180);
#11180 = SURFACE_SIDE_STYLE('',(#11181));
#11181 = SURFACE_STYLE_FILL_AREA(#11182);
#11182 = FILL_AREA_STYLE('',(#11183));
#11183 = FILL_AREA_STYLE_COLOUR('',#10791);
#11184 = OVER_RIDING_STYLED_ITEM('overriding color',(#11185),#5966,
  #10626);
#11185 = PRESENTATION_STYLE_ASSIGNMENT((#11186));
#11186 = SURFACE_STYLE_USAGE(.BOTH.,#11187);
#11187 = SURFACE_SIDE_STYLE('',(#11188));
#11188 = SURFACE_STYLE_FILL_AREA(#11189);
#11189 = FILL_AREA_STYLE('',(#11190));
#11190 = FILL_AREA_STYLE_COLOUR('',#10791);
#11191 = OVER_RIDING_STYLED_ITEM('overriding color',(#11192),#5994,
  #10626);
#11192 = PRESENTATION_STYLE_ASSIGNMENT((#11193));
#11193 = SURFACE_STYLE_USAGE(.BOTH.,#11194);
#11194 = SURFACE_SIDE_STYLE('',(#11195));
#11195 = SURFACE_STYLE_FILL_AREA(#11196);
#11196 = FILL_AREA_STYLE('',(#11197));
#11197 = FILL_AREA_STYLE_COLOUR('',#10791);
#11198 = OVER_RIDING_STYLED_ITEM('overriding color',(#11199),#6011,
  #10626);
#11199 = PRESENTATION_STYLE_ASSIGNMENT((#11200));
#11200 = SURFACE_STYLE_USAGE(.BOTH.,#11201);
#11201 = SURFACE_SIDE_STYLE('',(#11202));
#11202 = SURFACE_STYLE_FILL_AREA(#11203);
#11203 = FILL_AREA_STYLE('',(#11204));
#11204 = FILL_AREA_STYLE_COLOUR('',#10791);
#11205 = OVER_RIDING_STYLED_ITEM('overriding color',(#11206),#6075,
  #10626);
#11206 = PRESENTATION_STYLE_ASSIGNMENT((#11207));
#11207 = SURFACE_STYLE_USAGE(.BOTH.,#11208);
#11208 = SURFACE_SIDE_STYLE('',(#11209));
#11209 = SURFACE_STYLE_FILL_AREA(#11210);
#11210 = FILL_AREA_STYLE('',(#11211));
#11211 = FILL_AREA_STYLE_COLOUR('',#10791);
#11212 = OVER_RIDING_STYLED_ITEM('overriding color',(#11213),#6109,
  #10626);
#11213 = PRESENTATION_STYLE_ASSIGNMENT((#11214));
#11214 = SURFACE_STYLE_USAGE(.BOTH.,#11215);
#11215 = SURFACE_SIDE_STYLE('',(#11216));
#11216 = SURFACE_STYLE_FILL_AREA(#11217);
#11217 = FILL_AREA_STYLE('',(#11218));
#11218 = FILL_AREA_STYLE_COLOUR('',#10791);
#11219 = OVER_RIDING_STYLED_ITEM('overriding color',(#11220),#6137,
  #10626);
#11220 = PRESENTATION_STYLE_ASSIGNMENT((#11221));
#11221 = SURFACE_STYLE_USAGE(.BOTH.,#11222);
#11222 = SURFACE_SIDE_STYLE('',(#11223));
#11223 = SURFACE_STYLE_FILL_AREA(#11224);
#11224 = FILL_AREA_STYLE('',(#11225));
#11225 = FILL_AREA_STYLE_COLOUR('',#10791);
#11226 = OVER_RIDING_STYLED_ITEM('overriding color',(#11227),#6167,
  #10626);
#11227 = PRESENTATION_STYLE_ASSIGNMENT((#11228));
#11228 = SURFACE_STYLE_USAGE(.BOTH.,#11229);
#11229 = SURFACE_SIDE_STYLE('',(#11230));
#11230 = SURFACE_STYLE_FILL_AREA(#11231);
#11231 = FILL_AREA_STYLE('',(#11232));
#11232 = FILL_AREA_STYLE_COLOUR('',#10791);
#11233 = OVER_RIDING_STYLED_ITEM('overriding color',(#11234),#6190,
  #10626);
#11234 = PRESENTATION_STYLE_ASSIGNMENT((#11235));
#11235 = SURFACE_STYLE_USAGE(.BOTH.,#11236);
#11236 = SURFACE_SIDE_STYLE('',(#11237));
#11237 = SURFACE_STYLE_FILL_AREA(#11238);
#11238 = FILL_AREA_STYLE('',(#11239));
#11239 = FILL_AREA_STYLE_COLOUR('',#10791);
#11240 = OVER_RIDING_STYLED_ITEM('overriding color',(#11241),#6212,
  #10626);
#11241 = PRESENTATION_STYLE_ASSIGNMENT((#11242));
#11242 = SURFACE_STYLE_USAGE(.BOTH.,#11243);
#11243 = SURFACE_SIDE_STYLE('',(#11244));
#11244 = SURFACE_STYLE_FILL_AREA(#11245);
#11245 = FILL_AREA_STYLE('',(#11246));
#11246 = FILL_AREA_STYLE_COLOUR('',#10643);
#11247 = OVER_RIDING_STYLED_ITEM('overriding color',(#11248),#6227,
  #10626);
#11248 = PRESENTATION_STYLE_ASSIGNMENT((#11249));
#11249 = SURFACE_STYLE_USAGE(.BOTH.,#11250);
#11250 = SURFACE_SIDE_STYLE('',(#11251));
#11251 = SURFACE_STYLE_FILL_AREA(#11252);
#11252 = FILL_AREA_STYLE('',(#11253));
#11253 = FILL_AREA_STYLE_COLOUR('',#10791);
#11254 = OVER_RIDING_STYLED_ITEM('overriding color',(#11255),#6255,
  #10626);
#11255 = PRESENTATION_STYLE_ASSIGNMENT((#11256));
#11256 = SURFACE_STYLE_USAGE(.BOTH.,#11257);
#11257 = SURFACE_SIDE_STYLE('',(#11258));
#11258 = SURFACE_STYLE_FILL_AREA(#11259);
#11259 = FILL_AREA_STYLE('',(#11260));
#11260 = FILL_AREA_STYLE_COLOUR('',#10791);
#11261 = OVER_RIDING_STYLED_ITEM('overriding color',(#11262),#6278,
  #10626);
#11262 = PRESENTATION_STYLE_ASSIGNMENT((#11263));
#11263 = SURFACE_STYLE_USAGE(.BOTH.,#11264);
#11264 = SURFACE_SIDE_STYLE('',(#11265));
#11265 = SURFACE_STYLE_FILL_AREA(#11266);
#11266 = FILL_AREA_STYLE('',(#11267));
#11267 = FILL_AREA_STYLE_COLOUR('',#10791);
#11268 = OVER_RIDING_STYLED_ITEM('overriding color',(#11269),#6300,
  #10626);
#11269 = PRESENTATION_STYLE_ASSIGNMENT((#11270));
#11270 = SURFACE_STYLE_USAGE(.BOTH.,#11271);
#11271 = SURFACE_SIDE_STYLE('',(#11272));
#11272 = SURFACE_STYLE_FILL_AREA(#11273);
#11273 = FILL_AREA_STYLE('',(#11274));
#11274 = FILL_AREA_STYLE_COLOUR('',#10791);
#11275 = OVER_RIDING_STYLED_ITEM('overriding color',(#11276),#6323,
  #10626);
#11276 = PRESENTATION_STYLE_ASSIGNMENT((#11277));
#11277 = SURFACE_STYLE_USAGE(.BOTH.,#11278);
#11278 = SURFACE_SIDE_STYLE('',(#11279));
#11279 = SURFACE_STYLE_FILL_AREA(#11280);
#11280 = FILL_AREA_STYLE('',(#11281));
#11281 = FILL_AREA_STYLE_COLOUR('',#10791);
#11282 = OVER_RIDING_STYLED_ITEM('overriding color',(#11283),#6345,
  #10626);
#11283 = PRESENTATION_STYLE_ASSIGNMENT((#11284));
#11284 = SURFACE_STYLE_USAGE(.BOTH.,#11285);
#11285 = SURFACE_SIDE_STYLE('',(#11286));
#11286 = SURFACE_STYLE_FILL_AREA(#11287);
#11287 = FILL_AREA_STYLE('',(#11288));
#11288 = FILL_AREA_STYLE_COLOUR('',#10791);
#11289 = OVER_RIDING_STYLED_ITEM('overriding color',(#11290),#6368,
  #10626);
#11290 = PRESENTATION_STYLE_ASSIGNMENT((#11291));
#11291 = SURFACE_STYLE_USAGE(.BOTH.,#11292);
#11292 = SURFACE_SIDE_STYLE('',(#11293));
#11293 = SURFACE_STYLE_FILL_AREA(#11294);
#11294 = FILL_AREA_STYLE('',(#11295));
#11295 = FILL_AREA_STYLE_COLOUR('',#10791);
#11296 = OVER_RIDING_STYLED_ITEM('overriding color',(#11297),#6390,
  #10626);
#11297 = PRESENTATION_STYLE_ASSIGNMENT((#11298));
#11298 = SURFACE_STYLE_USAGE(.BOTH.,#11299);
#11299 = SURFACE_SIDE_STYLE('',(#11300));
#11300 = SURFACE_STYLE_FILL_AREA(#11301);
#11301 = FILL_AREA_STYLE('',(#11302));
#11302 = FILL_AREA_STYLE_COLOUR('',#10791);
#11303 = OVER_RIDING_STYLED_ITEM('overriding color',(#11304),#6414,
  #10626);
#11304 = PRESENTATION_STYLE_ASSIGNMENT((#11305));
#11305 = SURFACE_STYLE_USAGE(.BOTH.,#11306);
#11306 = SURFACE_SIDE_STYLE('',(#11307));
#11307 = SURFACE_STYLE_FILL_AREA(#11308);
#11308 = FILL_AREA_STYLE('',(#11309));
#11309 = FILL_AREA_STYLE_COLOUR('',#10791);
#11310 = OVER_RIDING_STYLED_ITEM('overriding color',(#11311),#6436,
  #10626);
#11311 = PRESENTATION_STYLE_ASSIGNMENT((#11312));
#11312 = SURFACE_STYLE_USAGE(.BOTH.,#11313);
#11313 = SURFACE_SIDE_STYLE('',(#11314));
#11314 = SURFACE_STYLE_FILL_AREA(#11315);
#11315 = FILL_AREA_STYLE('',(#11316));
#11316 = FILL_AREA_STYLE_COLOUR('',#10791);
#11317 = OVER_RIDING_STYLED_ITEM('overriding color',(#11318),#6460,
  #10626);
#11318 = PRESENTATION_STYLE_ASSIGNMENT((#11319));
#11319 = SURFACE_STYLE_USAGE(.BOTH.,#11320);
#11320 = SURFACE_SIDE_STYLE('',(#11321));
#11321 = SURFACE_STYLE_FILL_AREA(#11322);
#11322 = FILL_AREA_STYLE('',(#11323));
#11323 = FILL_AREA_STYLE_COLOUR('',#10791);
#11324 = OVER_RIDING_STYLED_ITEM('overriding color',(#11325),#6482,
  #10626);
#11325 = PRESENTATION_STYLE_ASSIGNMENT((#11326));
#11326 = SURFACE_STYLE_USAGE(.BOTH.,#11327);
#11327 = SURFACE_SIDE_STYLE('',(#11328));
#11328 = SURFACE_STYLE_FILL_AREA(#11329);
#11329 = FILL_AREA_STYLE('',(#11330));
#11330 = FILL_AREA_STYLE_COLOUR('',#10791);
#11331 = OVER_RIDING_STYLED_ITEM('overriding color',(#11332),#6499,
  #10626);
#11332 = PRESENTATION_STYLE_ASSIGNMENT((#11333));
#11333 = SURFACE_STYLE_USAGE(.BOTH.,#11334);
#11334 = SURFACE_SIDE_STYLE('',(#11335));
#11335 = SURFACE_STYLE_FILL_AREA(#11336);
#11336 = FILL_AREA_STYLE('',(#11337));
#11337 = FILL_AREA_STYLE_COLOUR('',#10791);
#11338 = OVER_RIDING_STYLED_ITEM('overriding color',(#11339),#6521,
  #10626);
#11339 = PRESENTATION_STYLE_ASSIGNMENT((#11340));
#11340 = SURFACE_STYLE_USAGE(.BOTH.,#11341);
#11341 = SURFACE_SIDE_STYLE('',(#11342));
#11342 = SURFACE_STYLE_FILL_AREA(#11343);
#11343 = FILL_AREA_STYLE('',(#11344));
#11344 = FILL_AREA_STYLE_COLOUR('',#10791);
#11345 = OVER_RIDING_STYLED_ITEM('overriding color',(#11346),#6557,
  #10626);
#11346 = PRESENTATION_STYLE_ASSIGNMENT((#11347));
#11347 = SURFACE_STYLE_USAGE(.BOTH.,#11348);
#11348 = SURFACE_SIDE_STYLE('',(#11349));
#11349 = SURFACE_STYLE_FILL_AREA(#11350);
#11350 = FILL_AREA_STYLE('',(#11351));
#11351 = FILL_AREA_STYLE_COLOUR('',#10791);
#11352 = OVER_RIDING_STYLED_ITEM('overriding color',(#11353),#6585,
  #10626);
#11353 = PRESENTATION_STYLE_ASSIGNMENT((#11354));
#11354 = SURFACE_STYLE_USAGE(.BOTH.,#11355);
#11355 = SURFACE_SIDE_STYLE('',(#11356));
#11356 = SURFACE_STYLE_FILL_AREA(#11357);
#11357 = FILL_AREA_STYLE('',(#11358));
#11358 = FILL_AREA_STYLE_COLOUR('',#10791);
#11359 = OVER_RIDING_STYLED_ITEM('overriding color',(#11360),#6613,
  #10626);
#11360 = PRESENTATION_STYLE_ASSIGNMENT((#11361));
#11361 = SURFACE_STYLE_USAGE(.BOTH.,#11362);
#11362 = SURFACE_SIDE_STYLE('',(#11363));
#11363 = SURFACE_STYLE_FILL_AREA(#11364);
#11364 = FILL_AREA_STYLE('',(#11365));
#11365 = FILL_AREA_STYLE_COLOUR('',#10791);
#11366 = OVER_RIDING_STYLED_ITEM('overriding color',(#11367),#6643,
  #10626);
#11367 = PRESENTATION_STYLE_ASSIGNMENT((#11368));
#11368 = SURFACE_STYLE_USAGE(.BOTH.,#11369);
#11369 = SURFACE_SIDE_STYLE('',(#11370));
#11370 = SURFACE_STYLE_FILL_AREA(#11371);
#11371 = FILL_AREA_STYLE('',(#11372));
#11372 = FILL_AREA_STYLE_COLOUR('',#10791);
#11373 = OVER_RIDING_STYLED_ITEM('overriding color',(#11374),#6671,
  #10626);
#11374 = PRESENTATION_STYLE_ASSIGNMENT((#11375));
#11375 = SURFACE_STYLE_USAGE(.BOTH.,#11376);
#11376 = SURFACE_SIDE_STYLE('',(#11377));
#11377 = SURFACE_STYLE_FILL_AREA(#11378);
#11378 = FILL_AREA_STYLE('',(#11379));
#11379 = FILL_AREA_STYLE_COLOUR('',#10791);
#11380 = OVER_RIDING_STYLED_ITEM('overriding color',(#11381),#6699,
  #10626);
#11381 = PRESENTATION_STYLE_ASSIGNMENT((#11382));
#11382 = SURFACE_STYLE_USAGE(.BOTH.,#11383);
#11383 = SURFACE_SIDE_STYLE('',(#11384));
#11384 = SURFACE_STYLE_FILL_AREA(#11385);
#11385 = FILL_AREA_STYLE('',(#11386));
#11386 = FILL_AREA_STYLE_COLOUR('',#10791);
#11387 = OVER_RIDING_STYLED_ITEM('overriding color',(#11388),#6727,
  #10626);
#11388 = PRESENTATION_STYLE_ASSIGNMENT((#11389));
#11389 = SURFACE_STYLE_USAGE(.BOTH.,#11390);
#11390 = SURFACE_SIDE_STYLE('',(#11391));
#11391 = SURFACE_STYLE_FILL_AREA(#11392);
#11392 = FILL_AREA_STYLE('',(#11393));
#11393 = FILL_AREA_STYLE_COLOUR('',#10791);
#11394 = OVER_RIDING_STYLED_ITEM('overriding color',(#11395),#6750,
  #10626);
#11395 = PRESENTATION_STYLE_ASSIGNMENT((#11396));
#11396 = SURFACE_STYLE_USAGE(.BOTH.,#11397);
#11397 = SURFACE_SIDE_STYLE('',(#11398));
#11398 = SURFACE_STYLE_FILL_AREA(#11399);
#11399 = FILL_AREA_STYLE('',(#11400));
#11400 = FILL_AREA_STYLE_COLOUR('',#10791);
#11401 = OVER_RIDING_STYLED_ITEM('overriding color',(#11402),#6772,
  #10626);
#11402 = PRESENTATION_STYLE_ASSIGNMENT((#11403));
#11403 = SURFACE_STYLE_USAGE(.BOTH.,#11404);
#11404 = SURFACE_SIDE_STYLE('',(#11405));
#11405 = SURFACE_STYLE_FILL_AREA(#11406);
#11406 = FILL_AREA_STYLE('',(#11407));
#11407 = FILL_AREA_STYLE_COLOUR('',#10791);
#11408 = OVER_RIDING_STYLED_ITEM('overriding color',(#11409),#6795,
  #10626);
#11409 = PRESENTATION_STYLE_ASSIGNMENT((#11410));
#11410 = SURFACE_STYLE_USAGE(.BOTH.,#11411);
#11411 = SURFACE_SIDE_STYLE('',(#11412));
#11412 = SURFACE_STYLE_FILL_AREA(#11413);
#11413 = FILL_AREA_STYLE('',(#11414));
#11414 = FILL_AREA_STYLE_COLOUR('',#10791);
#11415 = OVER_RIDING_STYLED_ITEM('overriding color',(#11416),#6819,
  #10626);
#11416 = PRESENTATION_STYLE_ASSIGNMENT((#11417));
#11417 = SURFACE_STYLE_USAGE(.BOTH.,#11418);
#11418 = SURFACE_SIDE_STYLE('',(#11419));
#11419 = SURFACE_STYLE_FILL_AREA(#11420);
#11420 = FILL_AREA_STYLE('',(#11421));
#11421 = FILL_AREA_STYLE_COLOUR('',#10791);
#11422 = OVER_RIDING_STYLED_ITEM('overriding color',(#11423),#6847,
  #10626);
#11423 = PRESENTATION_STYLE_ASSIGNMENT((#11424));
#11424 = SURFACE_STYLE_USAGE(.BOTH.,#11425);
#11425 = SURFACE_SIDE_STYLE('',(#11426));
#11426 = SURFACE_STYLE_FILL_AREA(#11427);
#11427 = FILL_AREA_STYLE('',(#11428));
#11428 = FILL_AREA_STYLE_COLOUR('',#10791);
#11429 = OVER_RIDING_STYLED_ITEM('overriding color',(#11430),#6875,
  #10626);
#11430 = PRESENTATION_STYLE_ASSIGNMENT((#11431));
#11431 = SURFACE_STYLE_USAGE(.BOTH.,#11432);
#11432 = SURFACE_SIDE_STYLE('',(#11433));
#11433 = SURFACE_STYLE_FILL_AREA(#11434);
#11434 = FILL_AREA_STYLE('',(#11435));
#11435 = FILL_AREA_STYLE_COLOUR('',#10791);
#11436 = OVER_RIDING_STYLED_ITEM('overriding color',(#11437),#6891,
  #10626);
#11437 = PRESENTATION_STYLE_ASSIGNMENT((#11438));
#11438 = SURFACE_STYLE_USAGE(.BOTH.,#11439);
#11439 = SURFACE_SIDE_STYLE('',(#11440));
#11440 = SURFACE_STYLE_FILL_AREA(#11441);
#11441 = FILL_AREA_STYLE('',(#11442));
#11442 = FILL_AREA_STYLE_COLOUR('',#10791);
#11443 = OVER_RIDING_STYLED_ITEM('overriding color',(#11444),#6987,
  #10626);
#11444 = PRESENTATION_STYLE_ASSIGNMENT((#11445));
#11445 = SURFACE_STYLE_USAGE(.BOTH.,#11446);
#11446 = SURFACE_SIDE_STYLE('',(#11447));
#11447 = SURFACE_STYLE_FILL_AREA(#11448);
#11448 = FILL_AREA_STYLE('',(#11449));
#11449 = FILL_AREA_STYLE_COLOUR('',#10791);
#11450 = OVER_RIDING_STYLED_ITEM('overriding color',(#11451),#7021,
  #10626);
#11451 = PRESENTATION_STYLE_ASSIGNMENT((#11452));
#11452 = SURFACE_STYLE_USAGE(.BOTH.,#11453);
#11453 = SURFACE_SIDE_STYLE('',(#11454));
#11454 = SURFACE_STYLE_FILL_AREA(#11455);
#11455 = FILL_AREA_STYLE('',(#11456));
#11456 = FILL_AREA_STYLE_COLOUR('',#10791);
#11457 = OVER_RIDING_STYLED_ITEM('overriding color',(#11458),#7049,
  #10626);
#11458 = PRESENTATION_STYLE_ASSIGNMENT((#11459));
#11459 = SURFACE_STYLE_USAGE(.BOTH.,#11460);
#11460 = SURFACE_SIDE_STYLE('',(#11461));
#11461 = SURFACE_STYLE_FILL_AREA(#11462);
#11462 = FILL_AREA_STYLE('',(#11463));
#11463 = FILL_AREA_STYLE_COLOUR('',#10791);
#11464 = OVER_RIDING_STYLED_ITEM('overriding color',(#11465),#7077,
  #10626);
#11465 = PRESENTATION_STYLE_ASSIGNMENT((#11466));
#11466 = SURFACE_STYLE_USAGE(.BOTH.,#11467);
#11467 = SURFACE_SIDE_STYLE('',(#11468));
#11468 = SURFACE_STYLE_FILL_AREA(#11469);
#11469 = FILL_AREA_STYLE('',(#11470));
#11470 = FILL_AREA_STYLE_COLOUR('',#10791);
#11471 = OVER_RIDING_STYLED_ITEM('overriding color',(#11472),#7107,
  #10626);
#11472 = PRESENTATION_STYLE_ASSIGNMENT((#11473));
#11473 = SURFACE_STYLE_USAGE(.BOTH.,#11474);
#11474 = SURFACE_SIDE_STYLE('',(#11475));
#11475 = SURFACE_STYLE_FILL_AREA(#11476);
#11476 = FILL_AREA_STYLE('',(#11477));
#11477 = FILL_AREA_STYLE_COLOUR('',#10791);
#11478 = OVER_RIDING_STYLED_ITEM('overriding color',(#11479),#7129,
  #10626);
#11479 = PRESENTATION_STYLE_ASSIGNMENT((#11480));
#11480 = SURFACE_STYLE_USAGE(.BOTH.,#11481);
#11481 = SURFACE_SIDE_STYLE('',(#11482));
#11482 = SURFACE_STYLE_FILL_AREA(#11483);
#11483 = FILL_AREA_STYLE('',(#11484));
#11484 = FILL_AREA_STYLE_COLOUR('',#10791);
#11485 = OVER_RIDING_STYLED_ITEM('overriding color',(#11486),#7157,
  #10626);
#11486 = PRESENTATION_STYLE_ASSIGNMENT((#11487));
#11487 = SURFACE_STYLE_USAGE(.BOTH.,#11488);
#11488 = SURFACE_SIDE_STYLE('',(#11489));
#11489 = SURFACE_STYLE_FILL_AREA(#11490);
#11490 = FILL_AREA_STYLE('',(#11491));
#11491 = FILL_AREA_STYLE_COLOUR('',#10791);
#11492 = OVER_RIDING_STYLED_ITEM('overriding color',(#11493),#7185,
  #10626);
#11493 = PRESENTATION_STYLE_ASSIGNMENT((#11494));
#11494 = SURFACE_STYLE_USAGE(.BOTH.,#11495);
#11495 = SURFACE_SIDE_STYLE('',(#11496));
#11496 = SURFACE_STYLE_FILL_AREA(#11497);
#11497 = FILL_AREA_STYLE('',(#11498));
#11498 = FILL_AREA_STYLE_COLOUR('',#10791);
#11499 = OVER_RIDING_STYLED_ITEM('overriding color',(#11500),#7207,
  #10626);
#11500 = PRESENTATION_STYLE_ASSIGNMENT((#11501));
#11501 = SURFACE_STYLE_USAGE(.BOTH.,#11502);
#11502 = SURFACE_SIDE_STYLE('',(#11503));
#11503 = SURFACE_STYLE_FILL_AREA(#11504);
#11504 = FILL_AREA_STYLE('',(#11505));
#11505 = FILL_AREA_STYLE_COLOUR('',#10643);
#11506 = OVER_RIDING_STYLED_ITEM('overriding color',(#11507),#7225,
  #10626);
#11507 = PRESENTATION_STYLE_ASSIGNMENT((#11508));
#11508 = SURFACE_STYLE_USAGE(.BOTH.,#11509);
#11509 = SURFACE_SIDE_STYLE('',(#11510));
#11510 = SURFACE_STYLE_FILL_AREA(#11511);
#11511 = FILL_AREA_STYLE('',(#11512));
#11512 = FILL_AREA_STYLE_COLOUR('',#10791);
#11513 = OVER_RIDING_STYLED_ITEM('overriding color',(#11514),#7261,
  #10626);
#11514 = PRESENTATION_STYLE_ASSIGNMENT((#11515));
#11515 = SURFACE_STYLE_USAGE(.BOTH.,#11516);
#11516 = SURFACE_SIDE_STYLE('',(#11517));
#11517 = SURFACE_STYLE_FILL_AREA(#11518);
#11518 = FILL_AREA_STYLE('',(#11519));
#11519 = FILL_AREA_STYLE_COLOUR('',#10791);
#11520 = OVER_RIDING_STYLED_ITEM('overriding color',(#11521),#7289,
  #10626);
#11521 = PRESENTATION_STYLE_ASSIGNMENT((#11522));
#11522 = SURFACE_STYLE_USAGE(.BOTH.,#11523);
#11523 = SURFACE_SIDE_STYLE('',(#11524));
#11524 = SURFACE_STYLE_FILL_AREA(#11525);
#11525 = FILL_AREA_STYLE('',(#11526));
#11526 = FILL_AREA_STYLE_COLOUR('',#10791);
#11527 = OVER_RIDING_STYLED_ITEM('overriding color',(#11528),#7317,
  #10626);
#11528 = PRESENTATION_STYLE_ASSIGNMENT((#11529));
#11529 = SURFACE_STYLE_USAGE(.BOTH.,#11530);
#11530 = SURFACE_SIDE_STYLE('',(#11531));
#11531 = SURFACE_STYLE_FILL_AREA(#11532);
#11532 = FILL_AREA_STYLE('',(#11533));
#11533 = FILL_AREA_STYLE_COLOUR('',#10791);
#11534 = OVER_RIDING_STYLED_ITEM('overriding color',(#11535),#7345,
  #10626);
#11535 = PRESENTATION_STYLE_ASSIGNMENT((#11536));
#11536 = SURFACE_STYLE_USAGE(.BOTH.,#11537);
#11537 = SURFACE_SIDE_STYLE('',(#11538));
#11538 = SURFACE_STYLE_FILL_AREA(#11539);
#11539 = FILL_AREA_STYLE('',(#11540));
#11540 = FILL_AREA_STYLE_COLOUR('',#10791);
#11541 = OVER_RIDING_STYLED_ITEM('overriding color',(#11542),#7373,
  #10626);
#11542 = PRESENTATION_STYLE_ASSIGNMENT((#11543));
#11543 = SURFACE_STYLE_USAGE(.BOTH.,#11544);
#11544 = SURFACE_SIDE_STYLE('',(#11545));
#11545 = SURFACE_STYLE_FILL_AREA(#11546);
#11546 = FILL_AREA_STYLE('',(#11547));
#11547 = FILL_AREA_STYLE_COLOUR('',#10791);
#11548 = OVER_RIDING_STYLED_ITEM('overriding color',(#11549),#7401,
  #10626);
#11549 = PRESENTATION_STYLE_ASSIGNMENT((#11550));
#11550 = SURFACE_STYLE_USAGE(.BOTH.,#11551);
#11551 = SURFACE_SIDE_STYLE('',(#11552));
#11552 = SURFACE_STYLE_FILL_AREA(#11553);
#11553 = FILL_AREA_STYLE('',(#11554));
#11554 = FILL_AREA_STYLE_COLOUR('',#10791);
#11555 = OVER_RIDING_STYLED_ITEM('overriding color',(#11556),#7429,
  #10626);
#11556 = PRESENTATION_STYLE_ASSIGNMENT((#11557));
#11557 = SURFACE_STYLE_USAGE(.BOTH.,#11558);
#11558 = SURFACE_SIDE_STYLE('',(#11559));
#11559 = SURFACE_STYLE_FILL_AREA(#11560);
#11560 = FILL_AREA_STYLE('',(#11561));
#11561 = FILL_AREA_STYLE_COLOUR('',#10791);
#11562 = OVER_RIDING_STYLED_ITEM('overriding color',(#11563),#7457,
  #10626);
#11563 = PRESENTATION_STYLE_ASSIGNMENT((#11564));
#11564 = SURFACE_STYLE_USAGE(.BOTH.,#11565);
#11565 = SURFACE_SIDE_STYLE('',(#11566));
#11566 = SURFACE_STYLE_FILL_AREA(#11567);
#11567 = FILL_AREA_STYLE('',(#11568));
#11568 = FILL_AREA_STYLE_COLOUR('',#10791);
#11569 = OVER_RIDING_STYLED_ITEM('overriding color',(#11570),#7485,
  #10626);
#11570 = PRESENTATION_STYLE_ASSIGNMENT((#11571));
#11571 = SURFACE_STYLE_USAGE(.BOTH.,#11572);
#11572 = SURFACE_SIDE_STYLE('',(#11573));
#11573 = SURFACE_STYLE_FILL_AREA(#11574);
#11574 = FILL_AREA_STYLE('',(#11575));
#11575 = FILL_AREA_STYLE_COLOUR('',#10791);
#11576 = OVER_RIDING_STYLED_ITEM('overriding color',(#11577),#7513,
  #10626);
#11577 = PRESENTATION_STYLE_ASSIGNMENT((#11578));
#11578 = SURFACE_STYLE_USAGE(.BOTH.,#11579);
#11579 = SURFACE_SIDE_STYLE('',(#11580));
#11580 = SURFACE_STYLE_FILL_AREA(#11581);
#11581 = FILL_AREA_STYLE('',(#11582));
#11582 = FILL_AREA_STYLE_COLOUR('',#10791);
#11583 = OVER_RIDING_STYLED_ITEM('overriding color',(#11584),#7537,
  #10626);
#11584 = PRESENTATION_STYLE_ASSIGNMENT((#11585));
#11585 = SURFACE_STYLE_USAGE(.BOTH.,#11586);
#11586 = SURFACE_SIDE_STYLE('',(#11587));
#11587 = SURFACE_STYLE_FILL_AREA(#11588);
#11588 = FILL_AREA_STYLE('',(#11589));
#11589 = FILL_AREA_STYLE_COLOUR('',#10791);
#11590 = OVER_RIDING_STYLED_ITEM('overriding color',(#11591),#7565,
  #10626);
#11591 = PRESENTATION_STYLE_ASSIGNMENT((#11592));
#11592 = SURFACE_STYLE_USAGE(.BOTH.,#11593);
#11593 = SURFACE_SIDE_STYLE('',(#11594));
#11594 = SURFACE_STYLE_FILL_AREA(#11595);
#11595 = FILL_AREA_STYLE('',(#11596));
#11596 = FILL_AREA_STYLE_COLOUR('',#10791);
#11597 = OVER_RIDING_STYLED_ITEM('overriding color',(#11598),#7593,
  #10626);
#11598 = PRESENTATION_STYLE_ASSIGNMENT((#11599));
#11599 = SURFACE_STYLE_USAGE(.BOTH.,#11600);
#11600 = SURFACE_SIDE_STYLE('',(#11601));
#11601 = SURFACE_STYLE_FILL_AREA(#11602);
#11602 = FILL_AREA_STYLE('',(#11603));
#11603 = FILL_AREA_STYLE_COLOUR('',#10791);
#11604 = OVER_RIDING_STYLED_ITEM('overriding color',(#11605),#7621,
  #10626);
#11605 = PRESENTATION_STYLE_ASSIGNMENT((#11606));
#11606 = SURFACE_STYLE_USAGE(.BOTH.,#11607);
#11607 = SURFACE_SIDE_STYLE('',(#11608));
#11608 = SURFACE_STYLE_FILL_AREA(#11609);
#11609 = FILL_AREA_STYLE('',(#11610));
#11610 = FILL_AREA_STYLE_COLOUR('',#10791);
#11611 = OVER_RIDING_STYLED_ITEM('overriding color',(#11612),#7649,
  #10626);
#11612 = PRESENTATION_STYLE_ASSIGNMENT((#11613));
#11613 = SURFACE_STYLE_USAGE(.BOTH.,#11614);
#11614 = SURFACE_SIDE_STYLE('',(#11615));
#11615 = SURFACE_STYLE_FILL_AREA(#11616);
#11616 = FILL_AREA_STYLE('',(#11617));
#11617 = FILL_AREA_STYLE_COLOUR('',#10791);
#11618 = OVER_RIDING_STYLED_ITEM('overriding color',(#11619),#7677,
  #10626);
#11619 = PRESENTATION_STYLE_ASSIGNMENT((#11620));
#11620 = SURFACE_STYLE_USAGE(.BOTH.,#11621);
#11621 = SURFACE_SIDE_STYLE('',(#11622));
#11622 = SURFACE_STYLE_FILL_AREA(#11623);
#11623 = FILL_AREA_STYLE('',(#11624));
#11624 = FILL_AREA_STYLE_COLOUR('',#10791);
#11625 = OVER_RIDING_STYLED_ITEM('overriding color',(#11626),#7705,
  #10626);
#11626 = PRESENTATION_STYLE_ASSIGNMENT((#11627));
#11627 = SURFACE_STYLE_USAGE(.BOTH.,#11628);
#11628 = SURFACE_SIDE_STYLE('',(#11629));
#11629 = SURFACE_STYLE_FILL_AREA(#11630);
#11630 = FILL_AREA_STYLE('',(#11631));
#11631 = FILL_AREA_STYLE_COLOUR('',#10791);
#11632 = OVER_RIDING_STYLED_ITEM('overriding color',(#11633),#7733,
  #10626);
#11633 = PRESENTATION_STYLE_ASSIGNMENT((#11634));
#11634 = SURFACE_STYLE_USAGE(.BOTH.,#11635);
#11635 = SURFACE_SIDE_STYLE('',(#11636));
#11636 = SURFACE_STYLE_FILL_AREA(#11637);
#11637 = FILL_AREA_STYLE('',(#11638));
#11638 = FILL_AREA_STYLE_COLOUR('',#10791);
#11639 = OVER_RIDING_STYLED_ITEM('overriding color',(#11640),#7771,
  #10626);
#11640 = PRESENTATION_STYLE_ASSIGNMENT((#11641));
#11641 = SURFACE_STYLE_USAGE(.BOTH.,#11642);
#11642 = SURFACE_SIDE_STYLE('',(#11643));
#11643 = SURFACE_STYLE_FILL_AREA(#11644);
#11644 = FILL_AREA_STYLE('',(#11645));
#11645 = FILL_AREA_STYLE_COLOUR('',#10791);
#11646 = OVER_RIDING_STYLED_ITEM('overriding color',(#11647),#7799,
  #10626);
#11647 = PRESENTATION_STYLE_ASSIGNMENT((#11648));
#11648 = SURFACE_STYLE_USAGE(.BOTH.,#11649);
#11649 = SURFACE_SIDE_STYLE('',(#11650));
#11650 = SURFACE_STYLE_FILL_AREA(#11651);
#11651 = FILL_AREA_STYLE('',(#11652));
#11652 = FILL_AREA_STYLE_COLOUR('',#10791);
#11653 = OVER_RIDING_STYLED_ITEM('overriding color',(#11654),#7815,
  #10626);
#11654 = PRESENTATION_STYLE_ASSIGNMENT((#11655));
#11655 = SURFACE_STYLE_USAGE(.BOTH.,#11656);
#11656 = SURFACE_SIDE_STYLE('',(#11657));
#11657 = SURFACE_STYLE_FILL_AREA(#11658);
#11658 = FILL_AREA_STYLE('',(#11659));
#11659 = FILL_AREA_STYLE_COLOUR('',#10791);
#11660 = OVER_RIDING_STYLED_ITEM('overriding color',(#11661),#7846,
  #10626);
#11661 = PRESENTATION_STYLE_ASSIGNMENT((#11662));
#11662 = SURFACE_STYLE_USAGE(.BOTH.,#11663);
#11663 = SURFACE_SIDE_STYLE('',(#11664));
#11664 = SURFACE_STYLE_FILL_AREA(#11665);
#11665 = FILL_AREA_STYLE('',(#11666));
#11666 = FILL_AREA_STYLE_COLOUR('',#10791);
#11667 = OVER_RIDING_STYLED_ITEM('overriding color',(#11668),#7882,
  #10626);
#11668 = PRESENTATION_STYLE_ASSIGNMENT((#11669));
#11669 = SURFACE_STYLE_USAGE(.BOTH.,#11670);
#11670 = SURFACE_SIDE_STYLE('',(#11671));
#11671 = SURFACE_STYLE_FILL_AREA(#11672);
#11672 = FILL_AREA_STYLE('',(#11673));
#11673 = FILL_AREA_STYLE_COLOUR('',#10791);
#11674 = OVER_RIDING_STYLED_ITEM('overriding color',(#11675),#7910,
  #10626);
#11675 = PRESENTATION_STYLE_ASSIGNMENT((#11676));
#11676 = SURFACE_STYLE_USAGE(.BOTH.,#11677);
#11677 = SURFACE_SIDE_STYLE('',(#11678));
#11678 = SURFACE_STYLE_FILL_AREA(#11679);
#11679 = FILL_AREA_STYLE('',(#11680));
#11680 = FILL_AREA_STYLE_COLOUR('',#10791);
#11681 = OVER_RIDING_STYLED_ITEM('overriding color',(#11682),#7938,
  #10626);
#11682 = PRESENTATION_STYLE_ASSIGNMENT((#11683));
#11683 = SURFACE_STYLE_USAGE(.BOTH.,#11684);
#11684 = SURFACE_SIDE_STYLE('',(#11685));
#11685 = SURFACE_STYLE_FILL_AREA(#11686);
#11686 = FILL_AREA_STYLE('',(#11687));
#11687 = FILL_AREA_STYLE_COLOUR('',#10791);
#11688 = OVER_RIDING_STYLED_ITEM('overriding color',(#11689),#7963,
  #10626);
#11689 = PRESENTATION_STYLE_ASSIGNMENT((#11690));
#11690 = SURFACE_STYLE_USAGE(.BOTH.,#11691);
#11691 = SURFACE_SIDE_STYLE('',(#11692));
#11692 = SURFACE_STYLE_FILL_AREA(#11693);
#11693 = FILL_AREA_STYLE('',(#11694));
#11694 = FILL_AREA_STYLE_COLOUR('',#10791);
#11695 = OVER_RIDING_STYLED_ITEM('overriding color',(#11696),#7991,
  #10626);
#11696 = PRESENTATION_STYLE_ASSIGNMENT((#11697));
#11697 = SURFACE_STYLE_USAGE(.BOTH.,#11698);
#11698 = SURFACE_SIDE_STYLE('',(#11699));
#11699 = SURFACE_STYLE_FILL_AREA(#11700);
#11700 = FILL_AREA_STYLE('',(#11701));
#11701 = FILL_AREA_STYLE_COLOUR('',#10791);
#11702 = OVER_RIDING_STYLED_ITEM('overriding color',(#11703),#8019,
  #10626);
#11703 = PRESENTATION_STYLE_ASSIGNMENT((#11704));
#11704 = SURFACE_STYLE_USAGE(.BOTH.,#11705);
#11705 = SURFACE_SIDE_STYLE('',(#11706));
#11706 = SURFACE_STYLE_FILL_AREA(#11707);
#11707 = FILL_AREA_STYLE('',(#11708));
#11708 = FILL_AREA_STYLE_COLOUR('',#10791);
#11709 = OVER_RIDING_STYLED_ITEM('overriding color',(#11710),#8047,
  #10626);
#11710 = PRESENTATION_STYLE_ASSIGNMENT((#11711));
#11711 = SURFACE_STYLE_USAGE(.BOTH.,#11712);
#11712 = SURFACE_SIDE_STYLE('',(#11713));
#11713 = SURFACE_STYLE_FILL_AREA(#11714);
#11714 = FILL_AREA_STYLE('',(#11715));
#11715 = FILL_AREA_STYLE_COLOUR('',#10791);
#11716 = OVER_RIDING_STYLED_ITEM('overriding color',(#11717),#8075,
  #10626);
#11717 = PRESENTATION_STYLE_ASSIGNMENT((#11718));
#11718 = SURFACE_STYLE_USAGE(.BOTH.,#11719);
#11719 = SURFACE_SIDE_STYLE('',(#11720));
#11720 = SURFACE_STYLE_FILL_AREA(#11721);
#11721 = FILL_AREA_STYLE('',(#11722));
#11722 = FILL_AREA_STYLE_COLOUR('',#10791);
#11723 = OVER_RIDING_STYLED_ITEM('overriding color',(#11724),#8099,
  #10626);
#11724 = PRESENTATION_STYLE_ASSIGNMENT((#11725));
#11725 = SURFACE_STYLE_USAGE(.BOTH.,#11726);
#11726 = SURFACE_SIDE_STYLE('',(#11727));
#11727 = SURFACE_STYLE_FILL_AREA(#11728);
#11728 = FILL_AREA_STYLE('',(#11729));
#11729 = FILL_AREA_STYLE_COLOUR('',#10791);
#11730 = OVER_RIDING_STYLED_ITEM('overriding color',(#11731),#8127,
  #10626);
#11731 = PRESENTATION_STYLE_ASSIGNMENT((#11732));
#11732 = SURFACE_STYLE_USAGE(.BOTH.,#11733);
#11733 = SURFACE_SIDE_STYLE('',(#11734));
#11734 = SURFACE_STYLE_FILL_AREA(#11735);
#11735 = FILL_AREA_STYLE('',(#11736));
#11736 = FILL_AREA_STYLE_COLOUR('',#10791);
#11737 = OVER_RIDING_STYLED_ITEM('overriding color',(#11738),#8171,
  #10626);
#11738 = PRESENTATION_STYLE_ASSIGNMENT((#11739));
#11739 = SURFACE_STYLE_USAGE(.BOTH.,#11740);
#11740 = SURFACE_SIDE_STYLE('',(#11741));
#11741 = SURFACE_STYLE_FILL_AREA(#11742);
#11742 = FILL_AREA_STYLE('',(#11743));
#11743 = FILL_AREA_STYLE_COLOUR('',#10791);
#11744 = OVER_RIDING_STYLED_ITEM('overriding color',(#11745),#8199,
  #10626);
#11745 = PRESENTATION_STYLE_ASSIGNMENT((#11746));
#11746 = SURFACE_STYLE_USAGE(.BOTH.,#11747);
#11747 = SURFACE_SIDE_STYLE('',(#11748));
#11748 = SURFACE_STYLE_FILL_AREA(#11749);
#11749 = FILL_AREA_STYLE('',(#11750));
#11750 = FILL_AREA_STYLE_COLOUR('',#10791);
#11751 = OVER_RIDING_STYLED_ITEM('overriding color',(#11752),#8224,
  #10626);
#11752 = PRESENTATION_STYLE_ASSIGNMENT((#11753));
#11753 = SURFACE_STYLE_USAGE(.BOTH.,#11754);
#11754 = SURFACE_SIDE_STYLE('',(#11755));
#11755 = SURFACE_STYLE_FILL_AREA(#11756);
#11756 = FILL_AREA_STYLE('',(#11757));
#11757 = FILL_AREA_STYLE_COLOUR('',#10791);
#11758 = OVER_RIDING_STYLED_ITEM('overriding color',(#11759),#8246,
  #10626);
#11759 = PRESENTATION_STYLE_ASSIGNMENT((#11760));
#11760 = SURFACE_STYLE_USAGE(.BOTH.,#11761);
#11761 = SURFACE_SIDE_STYLE('',(#11762));
#11762 = SURFACE_STYLE_FILL_AREA(#11763);
#11763 = FILL_AREA_STYLE('',(#11764));
#11764 = FILL_AREA_STYLE_COLOUR('',#10791);
#11765 = OVER_RIDING_STYLED_ITEM('overriding color',(#11766),#8270,
  #10626);
#11766 = PRESENTATION_STYLE_ASSIGNMENT((#11767));
#11767 = SURFACE_STYLE_USAGE(.BOTH.,#11768);
#11768 = SURFACE_SIDE_STYLE('',(#11769));
#11769 = SURFACE_STYLE_FILL_AREA(#11770);
#11770 = FILL_AREA_STYLE('',(#11771));
#11771 = FILL_AREA_STYLE_COLOUR('',#10791);
#11772 = OVER_RIDING_STYLED_ITEM('overriding color',(#11773),#8298,
  #10626);
#11773 = PRESENTATION_STYLE_ASSIGNMENT((#11774));
#11774 = SURFACE_STYLE_USAGE(.BOTH.,#11775);
#11775 = SURFACE_SIDE_STYLE('',(#11776));
#11776 = SURFACE_STYLE_FILL_AREA(#11777);
#11777 = FILL_AREA_STYLE('',(#11778));
#11778 = FILL_AREA_STYLE_COLOUR('',#10791);
#11779 = OVER_RIDING_STYLED_ITEM('overriding color',(#11780),#8321,
  #10626);
#11780 = PRESENTATION_STYLE_ASSIGNMENT((#11781));
#11781 = SURFACE_STYLE_USAGE(.BOTH.,#11782);
#11782 = SURFACE_SIDE_STYLE('',(#11783));
#11783 = SURFACE_STYLE_FILL_AREA(#11784);
#11784 = FILL_AREA_STYLE('',(#11785));
#11785 = FILL_AREA_STYLE_COLOUR('',#10791);
#11786 = OVER_RIDING_STYLED_ITEM('overriding color',(#11787),#8343,
  #10626);
#11787 = PRESENTATION_STYLE_ASSIGNMENT((#11788));
#11788 = SURFACE_STYLE_USAGE(.BOTH.,#11789);
#11789 = SURFACE_SIDE_STYLE('',(#11790));
#11790 = SURFACE_STYLE_FILL_AREA(#11791);
#11791 = FILL_AREA_STYLE('',(#11792));
#11792 = FILL_AREA_STYLE_COLOUR('',#10791);
#11793 = OVER_RIDING_STYLED_ITEM('overriding color',(#11794),#8366,
  #10626);
#11794 = PRESENTATION_STYLE_ASSIGNMENT((#11795));
#11795 = SURFACE_STYLE_USAGE(.BOTH.,#11796);
#11796 = SURFACE_SIDE_STYLE('',(#11797));
#11797 = SURFACE_STYLE_FILL_AREA(#11798);
#11798 = FILL_AREA_STYLE('',(#11799));
#11799 = FILL_AREA_STYLE_COLOUR('',#10791);
#11800 = OVER_RIDING_STYLED_ITEM('overriding color',(#11801),#8388,
  #10626);
#11801 = PRESENTATION_STYLE_ASSIGNMENT((#11802));
#11802 = SURFACE_STYLE_USAGE(.BOTH.,#11803);
#11803 = SURFACE_SIDE_STYLE('',(#11804));
#11804 = SURFACE_STYLE_FILL_AREA(#11805);
#11805 = FILL_AREA_STYLE('',(#11806));
#11806 = FILL_AREA_STYLE_COLOUR('',#10791);
#11807 = OVER_RIDING_STYLED_ITEM('overriding color',(#11808),#8411,
  #10626);
#11808 = PRESENTATION_STYLE_ASSIGNMENT((#11809));
#11809 = SURFACE_STYLE_USAGE(.BOTH.,#11810);
#11810 = SURFACE_SIDE_STYLE('',(#11811));
#11811 = SURFACE_STYLE_FILL_AREA(#11812);
#11812 = FILL_AREA_STYLE('',(#11813));
#11813 = FILL_AREA_STYLE_COLOUR('',#10791);
#11814 = OVER_RIDING_STYLED_ITEM('overriding color',(#11815),#8433,
  #10626);
#11815 = PRESENTATION_STYLE_ASSIGNMENT((#11816));
#11816 = SURFACE_STYLE_USAGE(.BOTH.,#11817);
#11817 = SURFACE_SIDE_STYLE('',(#11818));
#11818 = SURFACE_STYLE_FILL_AREA(#11819);
#11819 = FILL_AREA_STYLE('',(#11820));
#11820 = FILL_AREA_STYLE_COLOUR('',#10791);
#11821 = OVER_RIDING_STYLED_ITEM('overriding color',(#11822),#8456,
  #10626);
#11822 = PRESENTATION_STYLE_ASSIGNMENT((#11823));
#11823 = SURFACE_STYLE_USAGE(.BOTH.,#11824);
#11824 = SURFACE_SIDE_STYLE('',(#11825));
#11825 = SURFACE_STYLE_FILL_AREA(#11826);
#11826 = FILL_AREA_STYLE('',(#11827));
#11827 = FILL_AREA_STYLE_COLOUR('',#10791);
#11828 = OVER_RIDING_STYLED_ITEM('overriding color',(#11829),#8478,
  #10626);
#11829 = PRESENTATION_STYLE_ASSIGNMENT((#11830));
#11830 = SURFACE_STYLE_USAGE(.BOTH.,#11831);
#11831 = SURFACE_SIDE_STYLE('',(#11832));
#11832 = SURFACE_STYLE_FILL_AREA(#11833);
#11833 = FILL_AREA_STYLE('',(#11834));
#11834 = FILL_AREA_STYLE_COLOUR('',#10791);
#11835 = OVER_RIDING_STYLED_ITEM('overriding color',(#11836),#8501,
  #10626);
#11836 = PRESENTATION_STYLE_ASSIGNMENT((#11837));
#11837 = SURFACE_STYLE_USAGE(.BOTH.,#11838);
#11838 = SURFACE_SIDE_STYLE('',(#11839));
#11839 = SURFACE_STYLE_FILL_AREA(#11840);
#11840 = FILL_AREA_STYLE('',(#11841));
#11841 = FILL_AREA_STYLE_COLOUR('',#10791);
#11842 = OVER_RIDING_STYLED_ITEM('overriding color',(#11843),#8523,
  #10626);
#11843 = PRESENTATION_STYLE_ASSIGNMENT((#11844));
#11844 = SURFACE_STYLE_USAGE(.BOTH.,#11845);
#11845 = SURFACE_SIDE_STYLE('',(#11846));
#11846 = SURFACE_STYLE_FILL_AREA(#11847);
#11847 = FILL_AREA_STYLE('',(#11848));
#11848 = FILL_AREA_STYLE_COLOUR('',#10791);
#11849 = OVER_RIDING_STYLED_ITEM('overriding color',(#11850),#8540,
  #10626);
#11850 = PRESENTATION_STYLE_ASSIGNMENT((#11851));
#11851 = SURFACE_STYLE_USAGE(.BOTH.,#11852);
#11852 = SURFACE_SIDE_STYLE('',(#11853));
#11853 = SURFACE_STYLE_FILL_AREA(#11854);
#11854 = FILL_AREA_STYLE('',(#11855));
#11855 = FILL_AREA_STYLE_COLOUR('',#10791);
#11856 = OVER_RIDING_STYLED_ITEM('overriding color',(#11857),#8562,
  #10626);
#11857 = PRESENTATION_STYLE_ASSIGNMENT((#11858));
#11858 = SURFACE_STYLE_USAGE(.BOTH.,#11859);
#11859 = SURFACE_SIDE_STYLE('',(#11860));
#11860 = SURFACE_STYLE_FILL_AREA(#11861);
#11861 = FILL_AREA_STYLE('',(#11862));
#11862 = FILL_AREA_STYLE_COLOUR('',#10791);
#11863 = OVER_RIDING_STYLED_ITEM('overriding color',(#11864),#8593,
  #10626);
#11864 = PRESENTATION_STYLE_ASSIGNMENT((#11865));
#11865 = SURFACE_STYLE_USAGE(.BOTH.,#11866);
#11866 = SURFACE_SIDE_STYLE('',(#11867));
#11867 = SURFACE_STYLE_FILL_AREA(#11868);
#11868 = FILL_AREA_STYLE('',(#11869));
#11869 = FILL_AREA_STYLE_COLOUR('',#10791);
#11870 = OVER_RIDING_STYLED_ITEM('overriding color',(#11871),#8621,
  #10626);
#11871 = PRESENTATION_STYLE_ASSIGNMENT((#11872));
#11872 = SURFACE_STYLE_USAGE(.BOTH.,#11873);
#11873 = SURFACE_SIDE_STYLE('',(#11874));
#11874 = SURFACE_STYLE_FILL_AREA(#11875);
#11875 = FILL_AREA_STYLE('',(#11876));
#11876 = FILL_AREA_STYLE_COLOUR('',#10791);
#11877 = OVER_RIDING_STYLED_ITEM('overriding color',(#11878),#8649,
  #10626);
#11878 = PRESENTATION_STYLE_ASSIGNMENT((#11879));
#11879 = SURFACE_STYLE_USAGE(.BOTH.,#11880);
#11880 = SURFACE_SIDE_STYLE('',(#11881));
#11881 = SURFACE_STYLE_FILL_AREA(#11882);
#11882 = FILL_AREA_STYLE('',(#11883));
#11883 = FILL_AREA_STYLE_COLOUR('',#10791);
#11884 = OVER_RIDING_STYLED_ITEM('overriding color',(#11885),#8677,
  #10626);
#11885 = PRESENTATION_STYLE_ASSIGNMENT((#11886));
#11886 = SURFACE_STYLE_USAGE(.BOTH.,#11887);
#11887 = SURFACE_SIDE_STYLE('',(#11888));
#11888 = SURFACE_STYLE_FILL_AREA(#11889);
#11889 = FILL_AREA_STYLE('',(#11890));
#11890 = FILL_AREA_STYLE_COLOUR('',#10791);
#11891 = OVER_RIDING_STYLED_ITEM('overriding color',(#11892),#8705,
  #10626);
#11892 = PRESENTATION_STYLE_ASSIGNMENT((#11893));
#11893 = SURFACE_STYLE_USAGE(.BOTH.,#11894);
#11894 = SURFACE_SIDE_STYLE('',(#11895));
#11895 = SURFACE_STYLE_FILL_AREA(#11896);
#11896 = FILL_AREA_STYLE('',(#11897));
#11897 = FILL_AREA_STYLE_COLOUR('',#10791);
#11898 = OVER_RIDING_STYLED_ITEM('overriding color',(#11899),#8728,
  #10626);
#11899 = PRESENTATION_STYLE_ASSIGNMENT((#11900));
#11900 = SURFACE_STYLE_USAGE(.BOTH.,#11901);
#11901 = SURFACE_SIDE_STYLE('',(#11902));
#11902 = SURFACE_STYLE_FILL_AREA(#11903);
#11903 = FILL_AREA_STYLE('',(#11904));
#11904 = FILL_AREA_STYLE_COLOUR('',#10791);
#11905 = OVER_RIDING_STYLED_ITEM('overriding color',(#11906),#8744,
  #10626);
#11906 = PRESENTATION_STYLE_ASSIGNMENT((#11907));
#11907 = SURFACE_STYLE_USAGE(.BOTH.,#11908);
#11908 = SURFACE_SIDE_STYLE('',(#11909));
#11909 = SURFACE_STYLE_FILL_AREA(#11910);
#11910 = FILL_AREA_STYLE('',(#11911));
#11911 = FILL_AREA_STYLE_COLOUR('',#10791);
#11912 = OVER_RIDING_STYLED_ITEM('overriding color',(#11913),#8822,
  #10626);
#11913 = PRESENTATION_STYLE_ASSIGNMENT((#11914));
#11914 = SURFACE_STYLE_USAGE(.BOTH.,#11915);
#11915 = SURFACE_SIDE_STYLE('',(#11916));
#11916 = SURFACE_STYLE_FILL_AREA(#11917);
#11917 = FILL_AREA_STYLE('',(#11918));
#11918 = FILL_AREA_STYLE_COLOUR('',#10791);
#11919 = OVER_RIDING_STYLED_ITEM('overriding color',(#11920),#8851,
  #10626);
#11920 = PRESENTATION_STYLE_ASSIGNMENT((#11921));
#11921 = SURFACE_STYLE_USAGE(.BOTH.,#11922);
#11922 = SURFACE_SIDE_STYLE('',(#11923));
#11923 = SURFACE_STYLE_FILL_AREA(#11924);
#11924 = FILL_AREA_STYLE('',(#11925));
#11925 = FILL_AREA_STYLE_COLOUR('',#10791);
#11926 = OVER_RIDING_STYLED_ITEM('overriding color',(#11927),#8881,
  #10626);
#11927 = PRESENTATION_STYLE_ASSIGNMENT((#11928));
#11928 = SURFACE_STYLE_USAGE(.BOTH.,#11929);
#11929 = SURFACE_SIDE_STYLE('',(#11930));
#11930 = SURFACE_STYLE_FILL_AREA(#11931);
#11931 = FILL_AREA_STYLE('',(#11932));
#11932 = FILL_AREA_STYLE_COLOUR('',#10791);
#11933 = OVER_RIDING_STYLED_ITEM('overriding color',(#11934),#8911,
  #10626);
#11934 = PRESENTATION_STYLE_ASSIGNMENT((#11935));
#11935 = SURFACE_STYLE_USAGE(.BOTH.,#11936);
#11936 = SURFACE_SIDE_STYLE('',(#11937));
#11937 = SURFACE_STYLE_FILL_AREA(#11938);
#11938 = FILL_AREA_STYLE('',(#11939));
#11939 = FILL_AREA_STYLE_COLOUR('',#10791);
#11940 = OVER_RIDING_STYLED_ITEM('overriding color',(#11941),#8941,
  #10626);
#11941 = PRESENTATION_STYLE_ASSIGNMENT((#11942));
#11942 = SURFACE_STYLE_USAGE(.BOTH.,#11943);
#11943 = SURFACE_SIDE_STYLE('',(#11944));
#11944 = SURFACE_STYLE_FILL_AREA(#11945);
#11945 = FILL_AREA_STYLE('',(#11946));
#11946 = FILL_AREA_STYLE_COLOUR('',#10791);
#11947 = OVER_RIDING_STYLED_ITEM('overriding color',(#11948),#8971,
  #10626);
#11948 = PRESENTATION_STYLE_ASSIGNMENT((#11949));
#11949 = SURFACE_STYLE_USAGE(.BOTH.,#11950);
#11950 = SURFACE_SIDE_STYLE('',(#11951));
#11951 = SURFACE_STYLE_FILL_AREA(#11952);
#11952 = FILL_AREA_STYLE('',(#11953));
#11953 = FILL_AREA_STYLE_COLOUR('',#10791);
#11954 = OVER_RIDING_STYLED_ITEM('overriding color',(#11955),#8994,
  #10626);
#11955 = PRESENTATION_STYLE_ASSIGNMENT((#11956));
#11956 = SURFACE_STYLE_USAGE(.BOTH.,#11957);
#11957 = SURFACE_SIDE_STYLE('',(#11958));
#11958 = SURFACE_STYLE_FILL_AREA(#11959);
#11959 = FILL_AREA_STYLE('',(#11960));
#11960 = FILL_AREA_STYLE_COLOUR('',#10791);
#11961 = OVER_RIDING_STYLED_ITEM('overriding color',(#11962),#9010,
  #10626);
#11962 = PRESENTATION_STYLE_ASSIGNMENT((#11963));
#11963 = SURFACE_STYLE_USAGE(.BOTH.,#11964);
#11964 = SURFACE_SIDE_STYLE('',(#11965));
#11965 = SURFACE_STYLE_FILL_AREA(#11966);
#11966 = FILL_AREA_STYLE('',(#11967));
#11967 = FILL_AREA_STYLE_COLOUR('',#10643);
#11968 = OVER_RIDING_STYLED_ITEM('overriding color',(#11969),#9027,
  #10626);
#11969 = PRESENTATION_STYLE_ASSIGNMENT((#11970));
#11970 = SURFACE_STYLE_USAGE(.BOTH.,#11971);
#11971 = SURFACE_SIDE_STYLE('',(#11972));
#11972 = SURFACE_STYLE_FILL_AREA(#11973);
#11973 = FILL_AREA_STYLE('',(#11974));
#11974 = FILL_AREA_STYLE_COLOUR('',#10791);
#11975 = OVER_RIDING_STYLED_ITEM('overriding color',(#11976),#9063,
  #10626);
#11976 = PRESENTATION_STYLE_ASSIGNMENT((#11977));
#11977 = SURFACE_STYLE_USAGE(.BOTH.,#11978);
#11978 = SURFACE_SIDE_STYLE('',(#11979));
#11979 = SURFACE_STYLE_FILL_AREA(#11980);
#11980 = FILL_AREA_STYLE('',(#11981));
#11981 = FILL_AREA_STYLE_COLOUR('',#10791);
#11982 = OVER_RIDING_STYLED_ITEM('overriding color',(#11983),#9088,
  #10626);
#11983 = PRESENTATION_STYLE_ASSIGNMENT((#11984));
#11984 = SURFACE_STYLE_USAGE(.BOTH.,#11985);
#11985 = SURFACE_SIDE_STYLE('',(#11986));
#11986 = SURFACE_STYLE_FILL_AREA(#11987);
#11987 = FILL_AREA_STYLE('',(#11988));
#11988 = FILL_AREA_STYLE_COLOUR('',#10791);
#11989 = OVER_RIDING_STYLED_ITEM('overriding color',(#11990),#9116,
  #10626);
#11990 = PRESENTATION_STYLE_ASSIGNMENT((#11991));
#11991 = SURFACE_STYLE_USAGE(.BOTH.,#11992);
#11992 = SURFACE_SIDE_STYLE('',(#11993));
#11993 = SURFACE_STYLE_FILL_AREA(#11994);
#11994 = FILL_AREA_STYLE('',(#11995));
#11995 = FILL_AREA_STYLE_COLOUR('',#10791);
#11996 = OVER_RIDING_STYLED_ITEM('overriding color',(#11997),#9141,
  #10626);
#11997 = PRESENTATION_STYLE_ASSIGNMENT((#11998));
#11998 = SURFACE_STYLE_USAGE(.BOTH.,#11999);
#11999 = SURFACE_SIDE_STYLE('',(#12000));
#12000 = SURFACE_STYLE_FILL_AREA(#12001);
#12001 = FILL_AREA_STYLE('',(#12002));
#12002 = FILL_AREA_STYLE_COLOUR('',#10791);
#12003 = OVER_RIDING_STYLED_ITEM('overriding color',(#12004),#9169,
  #10626);
#12004 = PRESENTATION_STYLE_ASSIGNMENT((#12005));
#12005 = SURFACE_STYLE_USAGE(.BOTH.,#12006);
#12006 = SURFACE_SIDE_STYLE('',(#12007));
#12007 = SURFACE_STYLE_FILL_AREA(#12008);
#12008 = FILL_AREA_STYLE('',(#12009));
#12009 = FILL_AREA_STYLE_COLOUR('',#10791);
#12010 = OVER_RIDING_STYLED_ITEM('overriding color',(#12011),#9194,
  #10626);
#12011 = PRESENTATION_STYLE_ASSIGNMENT((#12012));
#12012 = SURFACE_STYLE_USAGE(.BOTH.,#12013);
#12013 = SURFACE_SIDE_STYLE('',(#12014));
#12014 = SURFACE_STYLE_FILL_AREA(#12015);
#12015 = FILL_AREA_STYLE('',(#12016));
#12016 = FILL_AREA_STYLE_COLOUR('',#10791);
#12017 = OVER_RIDING_STYLED_ITEM('overriding color',(#12018),#9222,
  #10626);
#12018 = PRESENTATION_STYLE_ASSIGNMENT((#12019));
#12019 = SURFACE_STYLE_USAGE(.BOTH.,#12020);
#12020 = SURFACE_SIDE_STYLE('',(#12021));
#12021 = SURFACE_STYLE_FILL_AREA(#12022);
#12022 = FILL_AREA_STYLE('',(#12023));
#12023 = FILL_AREA_STYLE_COLOUR('',#10791);
#12024 = OVER_RIDING_STYLED_ITEM('overriding color',(#12025),#9239,
  #10626);
#12025 = PRESENTATION_STYLE_ASSIGNMENT((#12026));
#12026 = SURFACE_STYLE_USAGE(.BOTH.,#12027);
#12027 = SURFACE_SIDE_STYLE('',(#12028));
#12028 = SURFACE_STYLE_FILL_AREA(#12029);
#12029 = FILL_AREA_STYLE('',(#12030));
#12030 = FILL_AREA_STYLE_COLOUR('',#10791);
#12031 = OVER_RIDING_STYLED_ITEM('overriding color',(#12032),#9303,
  #10626);
#12032 = PRESENTATION_STYLE_ASSIGNMENT((#12033));
#12033 = SURFACE_STYLE_USAGE(.BOTH.,#12034);
#12034 = SURFACE_SIDE_STYLE('',(#12035));
#12035 = SURFACE_STYLE_FILL_AREA(#12036);
#12036 = FILL_AREA_STYLE('',(#12037));
#12037 = FILL_AREA_STYLE_COLOUR('',#10791);
#12038 = OVER_RIDING_STYLED_ITEM('overriding color',(#12039),#9337,
  #10626);
#12039 = PRESENTATION_STYLE_ASSIGNMENT((#12040));
#12040 = SURFACE_STYLE_USAGE(.BOTH.,#12041);
#12041 = SURFACE_SIDE_STYLE('',(#12042));
#12042 = SURFACE_STYLE_FILL_AREA(#12043);
#12043 = FILL_AREA_STYLE('',(#12044));
#12044 = FILL_AREA_STYLE_COLOUR('',#10791);
#12045 = OVER_RIDING_STYLED_ITEM('overriding color',(#12046),#9365,
  #10626);
#12046 = PRESENTATION_STYLE_ASSIGNMENT((#12047));
#12047 = SURFACE_STYLE_USAGE(.BOTH.,#12048);
#12048 = SURFACE_SIDE_STYLE('',(#12049));
#12049 = SURFACE_STYLE_FILL_AREA(#12050);
#12050 = FILL_AREA_STYLE('',(#12051));
#12051 = FILL_AREA_STYLE_COLOUR('',#10791);
#12052 = OVER_RIDING_STYLED_ITEM('overriding color',(#12053),#9395,
  #10626);
#12053 = PRESENTATION_STYLE_ASSIGNMENT((#12054));
#12054 = SURFACE_STYLE_USAGE(.BOTH.,#12055);
#12055 = SURFACE_SIDE_STYLE('',(#12056));
#12056 = SURFACE_STYLE_FILL_AREA(#12057);
#12057 = FILL_AREA_STYLE('',(#12058));
#12058 = FILL_AREA_STYLE_COLOUR('',#10791);
#12059 = OVER_RIDING_STYLED_ITEM('overriding color',(#12060),#9418,
  #10626);
#12060 = PRESENTATION_STYLE_ASSIGNMENT((#12061));
#12061 = SURFACE_STYLE_USAGE(.BOTH.,#12062);
#12062 = SURFACE_SIDE_STYLE('',(#12063));
#12063 = SURFACE_STYLE_FILL_AREA(#12064);
#12064 = FILL_AREA_STYLE('',(#12065));
#12065 = FILL_AREA_STYLE_COLOUR('',#10791);
#12066 = OVER_RIDING_STYLED_ITEM('overriding color',(#12067),#9440,
  #10626);
#12067 = PRESENTATION_STYLE_ASSIGNMENT((#12068));
#12068 = SURFACE_STYLE_USAGE(.BOTH.,#12069);
#12069 = SURFACE_SIDE_STYLE('',(#12070));
#12070 = SURFACE_STYLE_FILL_AREA(#12071);
#12071 = FILL_AREA_STYLE('',(#12072));
#12072 = FILL_AREA_STYLE_COLOUR('',#10643);
#12073 = OVER_RIDING_STYLED_ITEM('overriding color',(#12074),#9455,
  #10626);
#12074 = PRESENTATION_STYLE_ASSIGNMENT((#12075));
#12075 = SURFACE_STYLE_USAGE(.BOTH.,#12076);
#12076 = SURFACE_SIDE_STYLE('',(#12077));
#12077 = SURFACE_STYLE_FILL_AREA(#12078);
#12078 = FILL_AREA_STYLE('',(#12079));
#12079 = FILL_AREA_STYLE_COLOUR('',#10791);
#12080 = OVER_RIDING_STYLED_ITEM('overriding color',(#12081),#9489,
  #10626);
#12081 = PRESENTATION_STYLE_ASSIGNMENT((#12082));
#12082 = SURFACE_STYLE_USAGE(.BOTH.,#12083);
#12083 = SURFACE_SIDE_STYLE('',(#12084));
#12084 = SURFACE_STYLE_FILL_AREA(#12085);
#12085 = FILL_AREA_STYLE('',(#12086));
#12086 = FILL_AREA_STYLE_COLOUR('',#10791);
#12087 = OVER_RIDING_STYLED_ITEM('overriding color',(#12088),#9517,
  #10626);
#12088 = PRESENTATION_STYLE_ASSIGNMENT((#12089));
#12089 = SURFACE_STYLE_USAGE(.BOTH.,#12090);
#12090 = SURFACE_SIDE_STYLE('',(#12091));
#12091 = SURFACE_STYLE_FILL_AREA(#12092);
#12092 = FILL_AREA_STYLE('',(#12093));
#12093 = FILL_AREA_STYLE_COLOUR('',#10791);
#12094 = OVER_RIDING_STYLED_ITEM('overriding color',(#12095),#9545,
  #10626);
#12095 = PRESENTATION_STYLE_ASSIGNMENT((#12096));
#12096 = SURFACE_STYLE_USAGE(.BOTH.,#12097);
#12097 = SURFACE_SIDE_STYLE('',(#12098));
#12098 = SURFACE_STYLE_FILL_AREA(#12099);
#12099 = FILL_AREA_STYLE('',(#12100));
#12100 = FILL_AREA_STYLE_COLOUR('',#10791);
#12101 = OVER_RIDING_STYLED_ITEM('overriding color',(#12102),#9573,
  #10626);
#12102 = PRESENTATION_STYLE_ASSIGNMENT((#12103));
#12103 = SURFACE_STYLE_USAGE(.BOTH.,#12104);
#12104 = SURFACE_SIDE_STYLE('',(#12105));
#12105 = SURFACE_STYLE_FILL_AREA(#12106);
#12106 = FILL_AREA_STYLE('',(#12107));
#12107 = FILL_AREA_STYLE_COLOUR('',#10791);
#12108 = OVER_RIDING_STYLED_ITEM('overriding color',(#12109),#9601,
  #10626);
#12109 = PRESENTATION_STYLE_ASSIGNMENT((#12110));
#12110 = SURFACE_STYLE_USAGE(.BOTH.,#12111);
#12111 = SURFACE_SIDE_STYLE('',(#12112));
#12112 = SURFACE_STYLE_FILL_AREA(#12113);
#12113 = FILL_AREA_STYLE('',(#12114));
#12114 = FILL_AREA_STYLE_COLOUR('',#10791);
#12115 = OVER_RIDING_STYLED_ITEM('overriding color',(#12116),#9629,
  #10626);
#12116 = PRESENTATION_STYLE_ASSIGNMENT((#12117));
#12117 = SURFACE_STYLE_USAGE(.BOTH.,#12118);
#12118 = SURFACE_SIDE_STYLE('',(#12119));
#12119 = SURFACE_STYLE_FILL_AREA(#12120);
#12120 = FILL_AREA_STYLE('',(#12121));
#12121 = FILL_AREA_STYLE_COLOUR('',#10791);
#12122 = OVER_RIDING_STYLED_ITEM('overriding color',(#12123),#9657,
  #10626);
#12123 = PRESENTATION_STYLE_ASSIGNMENT((#12124));
#12124 = SURFACE_STYLE_USAGE(.BOTH.,#12125);
#12125 = SURFACE_SIDE_STYLE('',(#12126));
#12126 = SURFACE_STYLE_FILL_AREA(#12127);
#12127 = FILL_AREA_STYLE('',(#12128));
#12128 = FILL_AREA_STYLE_COLOUR('',#10791);
#12129 = OVER_RIDING_STYLED_ITEM('overriding color',(#12130),#9685,
  #10626);
#12130 = PRESENTATION_STYLE_ASSIGNMENT((#12131));
#12131 = SURFACE_STYLE_USAGE(.BOTH.,#12132);
#12132 = SURFACE_SIDE_STYLE('',(#12133));
#12133 = SURFACE_STYLE_FILL_AREA(#12134);
#12134 = FILL_AREA_STYLE('',(#12135));
#12135 = FILL_AREA_STYLE_COLOUR('',#10791);
#12136 = OVER_RIDING_STYLED_ITEM('overriding color',(#12137),#9713,
  #10626);
#12137 = PRESENTATION_STYLE_ASSIGNMENT((#12138));
#12138 = SURFACE_STYLE_USAGE(.BOTH.,#12139);
#12139 = SURFACE_SIDE_STYLE('',(#12140));
#12140 = SURFACE_STYLE_FILL_AREA(#12141);
#12141 = FILL_AREA_STYLE('',(#12142));
#12142 = FILL_AREA_STYLE_COLOUR('',#10791);
#12143 = OVER_RIDING_STYLED_ITEM('overriding color',(#12144),#9747,
  #10626);
#12144 = PRESENTATION_STYLE_ASSIGNMENT((#12145));
#12145 = SURFACE_STYLE_USAGE(.BOTH.,#12146);
#12146 = SURFACE_SIDE_STYLE('',(#12147));
#12147 = SURFACE_STYLE_FILL_AREA(#12148);
#12148 = FILL_AREA_STYLE('',(#12149));
#12149 = FILL_AREA_STYLE_COLOUR('',#10791);
#12150 = OVER_RIDING_STYLED_ITEM('overriding color',(#12151),#9771,
  #10626);
#12151 = PRESENTATION_STYLE_ASSIGNMENT((#12152));
#12152 = SURFACE_STYLE_USAGE(.BOTH.,#12153);
#12153 = SURFACE_SIDE_STYLE('',(#12154));
#12154 = SURFACE_STYLE_FILL_AREA(#12155);
#12155 = FILL_AREA_STYLE('',(#12156));
#12156 = FILL_AREA_STYLE_COLOUR('',#10791);
#12157 = OVER_RIDING_STYLED_ITEM('overriding color',(#12158),#9799,
  #10626);
#12158 = PRESENTATION_STYLE_ASSIGNMENT((#12159));
#12159 = SURFACE_STYLE_USAGE(.BOTH.,#12160);
#12160 = SURFACE_SIDE_STYLE('',(#12161));
#12161 = SURFACE_STYLE_FILL_AREA(#12162);
#12162 = FILL_AREA_STYLE('',(#12163));
#12163 = FILL_AREA_STYLE_COLOUR('',#10791);
#12164 = OVER_RIDING_STYLED_ITEM('overriding color',(#12165),#9827,
  #10626);
#12165 = PRESENTATION_STYLE_ASSIGNMENT((#12166));
#12166 = SURFACE_STYLE_USAGE(.BOTH.,#12167);
#12167 = SURFACE_SIDE_STYLE('',(#12168));
#12168 = SURFACE_STYLE_FILL_AREA(#12169);
#12169 = FILL_AREA_STYLE('',(#12170));
#12170 = FILL_AREA_STYLE_COLOUR('',#10791);
#12171 = OVER_RIDING_STYLED_ITEM('overriding color',(#12172),#9855,
  #10626);
#12172 = PRESENTATION_STYLE_ASSIGNMENT((#12173));
#12173 = SURFACE_STYLE_USAGE(.BOTH.,#12174);
#12174 = SURFACE_SIDE_STYLE('',(#12175));
#12175 = SURFACE_STYLE_FILL_AREA(#12176);
#12176 = FILL_AREA_STYLE('',(#12177));
#12177 = FILL_AREA_STYLE_COLOUR('',#10791);
#12178 = OVER_RIDING_STYLED_ITEM('overriding color',(#12179),#9883,
  #10626);
#12179 = PRESENTATION_STYLE_ASSIGNMENT((#12180));
#12180 = SURFACE_STYLE_USAGE(.BOTH.,#12181);
#12181 = SURFACE_SIDE_STYLE('',(#12182));
#12182 = SURFACE_STYLE_FILL_AREA(#12183);
#12183 = FILL_AREA_STYLE('',(#12184));
#12184 = FILL_AREA_STYLE_COLOUR('',#10791);
#12185 = OVER_RIDING_STYLED_ITEM('overriding color',(#12186),#9911,
  #10626);
#12186 = PRESENTATION_STYLE_ASSIGNMENT((#12187));
#12187 = SURFACE_STYLE_USAGE(.BOTH.,#12188);
#12188 = SURFACE_SIDE_STYLE('',(#12189));
#12189 = SURFACE_STYLE_FILL_AREA(#12190);
#12190 = FILL_AREA_STYLE('',(#12191));
#12191 = FILL_AREA_STYLE_COLOUR('',#10791);
#12192 = OVER_RIDING_STYLED_ITEM('overriding color',(#12193),#9939,
  #10626);
#12193 = PRESENTATION_STYLE_ASSIGNMENT((#12194));
#12194 = SURFACE_STYLE_USAGE(.BOTH.,#12195);
#12195 = SURFACE_SIDE_STYLE('',(#12196));
#12196 = SURFACE_STYLE_FILL_AREA(#12197);
#12197 = FILL_AREA_STYLE('',(#12198));
#12198 = FILL_AREA_STYLE_COLOUR('',#10791);
#12199 = OVER_RIDING_STYLED_ITEM('overriding color',(#12200),#9973,
  #10626);
#12200 = PRESENTATION_STYLE_ASSIGNMENT((#12201));
#12201 = SURFACE_STYLE_USAGE(.BOTH.,#12202);
#12202 = SURFACE_SIDE_STYLE('',(#12203));
#12203 = SURFACE_STYLE_FILL_AREA(#12204);
#12204 = FILL_AREA_STYLE('',(#12205));
#12205 = FILL_AREA_STYLE_COLOUR('',#10791);
#12206 = OVER_RIDING_STYLED_ITEM('overriding color',(#12207),#10001,
  #10626);
#12207 = PRESENTATION_STYLE_ASSIGNMENT((#12208));
#12208 = SURFACE_STYLE_USAGE(.BOTH.,#12209);
#12209 = SURFACE_SIDE_STYLE('',(#12210));
#12210 = SURFACE_STYLE_FILL_AREA(#12211);
#12211 = FILL_AREA_STYLE('',(#12212));
#12212 = FILL_AREA_STYLE_COLOUR('',#10791);
#12213 = OVER_RIDING_STYLED_ITEM('overriding color',(#12214),#10033,
  #10626);
#12214 = PRESENTATION_STYLE_ASSIGNMENT((#12215));
#12215 = SURFACE_STYLE_USAGE(.BOTH.,#12216);
#12216 = SURFACE_SIDE_STYLE('',(#12217));
#12217 = SURFACE_STYLE_FILL_AREA(#12218);
#12218 = FILL_AREA_STYLE('',(#12219));
#12219 = FILL_AREA_STYLE_COLOUR('',#10791);
#12220 = OVER_RIDING_STYLED_ITEM('overriding color',(#12221),#10067,
  #10626);
#12221 = PRESENTATION_STYLE_ASSIGNMENT((#12222));
#12222 = SURFACE_STYLE_USAGE(.BOTH.,#12223);
#12223 = SURFACE_SIDE_STYLE('',(#12224));
#12224 = SURFACE_STYLE_FILL_AREA(#12225);
#12225 = FILL_AREA_STYLE('',(#12226));
#12226 = FILL_AREA_STYLE_COLOUR('',#10791);
#12227 = OVER_RIDING_STYLED_ITEM('overriding color',(#12228),#10092,
  #10626);
#12228 = PRESENTATION_STYLE_ASSIGNMENT((#12229));
#12229 = SURFACE_STYLE_USAGE(.BOTH.,#12230);
#12230 = SURFACE_SIDE_STYLE('',(#12231));
#12231 = SURFACE_STYLE_FILL_AREA(#12232);
#12232 = FILL_AREA_STYLE('',(#12233));
#12233 = FILL_AREA_STYLE_COLOUR('',#10791);
#12234 = OVER_RIDING_STYLED_ITEM('overriding color',(#12235),#10124,
  #10626);
#12235 = PRESENTATION_STYLE_ASSIGNMENT((#12236));
#12236 = SURFACE_STYLE_USAGE(.BOTH.,#12237);
#12237 = SURFACE_SIDE_STYLE('',(#12238));
#12238 = SURFACE_STYLE_FILL_AREA(#12239);
#12239 = FILL_AREA_STYLE('',(#12240));
#12240 = FILL_AREA_STYLE_COLOUR('',#10791);
#12241 = OVER_RIDING_STYLED_ITEM('overriding color',(#12242),#10156,
  #10626);
#12242 = PRESENTATION_STYLE_ASSIGNMENT((#12243));
#12243 = SURFACE_STYLE_USAGE(.BOTH.,#12244);
#12244 = SURFACE_SIDE_STYLE('',(#12245));
#12245 = SURFACE_STYLE_FILL_AREA(#12246);
#12246 = FILL_AREA_STYLE('',(#12247));
#12247 = FILL_AREA_STYLE_COLOUR('',#10791);
#12248 = OVER_RIDING_STYLED_ITEM('overriding color',(#12249),#10181,
  #10626);
#12249 = PRESENTATION_STYLE_ASSIGNMENT((#12250));
#12250 = SURFACE_STYLE_USAGE(.BOTH.,#12251);
#12251 = SURFACE_SIDE_STYLE('',(#12252));
#12252 = SURFACE_STYLE_FILL_AREA(#12253);
#12253 = FILL_AREA_STYLE('',(#12254));
#12254 = FILL_AREA_STYLE_COLOUR('',#10791);
#12255 = OVER_RIDING_STYLED_ITEM('overriding color',(#12256),#10209,
  #10626);
#12256 = PRESENTATION_STYLE_ASSIGNMENT((#12257));
#12257 = SURFACE_STYLE_USAGE(.BOTH.,#12258);
#12258 = SURFACE_SIDE_STYLE('',(#12259));
#12259 = SURFACE_STYLE_FILL_AREA(#12260);
#12260 = FILL_AREA_STYLE('',(#12261));
#12261 = FILL_AREA_STYLE_COLOUR('',#10791);
#12262 = OVER_RIDING_STYLED_ITEM('overriding color',(#12263),#10237,
  #10626);
#12263 = PRESENTATION_STYLE_ASSIGNMENT((#12264));
#12264 = SURFACE_STYLE_USAGE(.BOTH.,#12265);
#12265 = SURFACE_SIDE_STYLE('',(#12266));
#12266 = SURFACE_STYLE_FILL_AREA(#12267);
#12267 = FILL_AREA_STYLE('',(#12268));
#12268 = FILL_AREA_STYLE_COLOUR('',#10791);
#12269 = OVER_RIDING_STYLED_ITEM('overriding color',(#12270),#10265,
  #10626);
#12270 = PRESENTATION_STYLE_ASSIGNMENT((#12271));
#12271 = SURFACE_STYLE_USAGE(.BOTH.,#12272);
#12272 = SURFACE_SIDE_STYLE('',(#12273));
#12273 = SURFACE_STYLE_FILL_AREA(#12274);
#12274 = FILL_AREA_STYLE('',(#12275));
#12275 = FILL_AREA_STYLE_COLOUR('',#10791);
#12276 = OVER_RIDING_STYLED_ITEM('overriding color',(#12277),#10288,
  #10626);
#12277 = PRESENTATION_STYLE_ASSIGNMENT((#12278));
#12278 = SURFACE_STYLE_USAGE(.BOTH.,#12279);
#12279 = SURFACE_SIDE_STYLE('',(#12280));
#12280 = SURFACE_STYLE_FILL_AREA(#12281);
#12281 = FILL_AREA_STYLE('',(#12282));
#12282 = FILL_AREA_STYLE_COLOUR('',#10791);
#12283 = OVER_RIDING_STYLED_ITEM('overriding color',(#12284),#10311,
  #10626);
#12284 = PRESENTATION_STYLE_ASSIGNMENT((#12285));
#12285 = SURFACE_STYLE_USAGE(.BOTH.,#12286);
#12286 = SURFACE_SIDE_STYLE('',(#12287));
#12287 = SURFACE_STYLE_FILL_AREA(#12288);
#12288 = FILL_AREA_STYLE('',(#12289));
#12289 = FILL_AREA_STYLE_COLOUR('',#10791);
#12290 = OVER_RIDING_STYLED_ITEM('overriding color',(#12291),#10336,
  #10626);
#12291 = PRESENTATION_STYLE_ASSIGNMENT((#12292));
#12292 = SURFACE_STYLE_USAGE(.BOTH.,#12293);
#12293 = SURFACE_SIDE_STYLE('',(#12294));
#12294 = SURFACE_STYLE_FILL_AREA(#12295);
#12295 = FILL_AREA_STYLE('',(#12296));
#12296 = FILL_AREA_STYLE_COLOUR('',#10791);
#12297 = OVER_RIDING_STYLED_ITEM('overriding color',(#12298),#10364,
  #10626);
#12298 = PRESENTATION_STYLE_ASSIGNMENT((#12299));
#12299 = SURFACE_STYLE_USAGE(.BOTH.,#12300);
#12300 = SURFACE_SIDE_STYLE('',(#12301));
#12301 = SURFACE_STYLE_FILL_AREA(#12302);
#12302 = FILL_AREA_STYLE('',(#12303));
#12303 = FILL_AREA_STYLE_COLOUR('',#10791);
#12304 = OVER_RIDING_STYLED_ITEM('overriding color',(#12305),#10392,
  #10626);
#12305 = PRESENTATION_STYLE_ASSIGNMENT((#12306));
#12306 = SURFACE_STYLE_USAGE(.BOTH.,#12307);
#12307 = SURFACE_SIDE_STYLE('',(#12308));
#12308 = SURFACE_STYLE_FILL_AREA(#12309);
#12309 = FILL_AREA_STYLE('',(#12310));
#12310 = FILL_AREA_STYLE_COLOUR('',#10791);
#12311 = OVER_RIDING_STYLED_ITEM('overriding color',(#12312),#10424,
  #10626);
#12312 = PRESENTATION_STYLE_ASSIGNMENT((#12313));
#12313 = SURFACE_STYLE_USAGE(.BOTH.,#12314);
#12314 = SURFACE_SIDE_STYLE('',(#12315));
#12315 = SURFACE_STYLE_FILL_AREA(#12316);
#12316 = FILL_AREA_STYLE('',(#12317));
#12317 = FILL_AREA_STYLE_COLOUR('',#10791);
#12318 = OVER_RIDING_STYLED_ITEM('overriding color',(#12319),#10446,
  #10626);
#12319 = PRESENTATION_STYLE_ASSIGNMENT((#12320));
#12320 = SURFACE_STYLE_USAGE(.BOTH.,#12321);
#12321 = SURFACE_SIDE_STYLE('',(#12322));
#12322 = SURFACE_STYLE_FILL_AREA(#12323);
#12323 = FILL_AREA_STYLE('',(#12324));
#12324 = FILL_AREA_STYLE_COLOUR('',#10791);
#12325 = OVER_RIDING_STYLED_ITEM('overriding color',(#12326),#10523,
  #10626);
#12326 = PRESENTATION_STYLE_ASSIGNMENT((#12327));
#12327 = SURFACE_STYLE_USAGE(.BOTH.,#12328);
#12328 = SURFACE_SIDE_STYLE('',(#12329));
#12329 = SURFACE_STYLE_FILL_AREA(#12330);
#12330 = FILL_AREA_STYLE('',(#12331));
#12331 = FILL_AREA_STYLE_COLOUR('',#10791);
#12332 = OVER_RIDING_STYLED_ITEM('overriding color',(#12333),#10571,
  #10626);
#12333 = PRESENTATION_STYLE_ASSIGNMENT((#12334));
#12334 = SURFACE_STYLE_USAGE(.BOTH.,#12335);
#12335 = SURFACE_SIDE_STYLE('',(#12336));
#12336 = SURFACE_STYLE_FILL_AREA(#12337);
#12337 = FILL_AREA_STYLE('',(#12338));
#12338 = FILL_AREA_STYLE_COLOUR('',#10791);
#12339 = OVER_RIDING_STYLED_ITEM('overriding color',(#12340),#10607,
  #10626);
#12340 = PRESENTATION_STYLE_ASSIGNMENT((#12341));
#12341 = SURFACE_STYLE_USAGE(.BOTH.,#12342);
#12342 = SURFACE_SIDE_STYLE('',(#12343));
#12343 = SURFACE_STYLE_FILL_AREA(#12344);
#12344 = FILL_AREA_STYLE('',(#12345));
#12345 = FILL_AREA_STYLE_COLOUR('',#10643);
ENDSEC;
END-ISO-10303-21;
