ISO-10303-21;
HEADER;
FILE_DESCRIPTION (( 'STEP AP214' ),
    '1' );
FILE_NAME ('B06B-JWPF-SK-R(LF)(SN).STEP',
    '2025-09-15T19:18:45',
    ( '' ),
    ( '' ),
    'SwSTEP 2.0',
    'SolidWorks 2021',
    '' );
FILE_SCHEMA (( 'AUTOMOTIVE_DESIGN' ));
ENDSEC;

DATA;
#1 = DIRECTION ( 'NONE',  ( -6.847592668329503038E-16, 0.000000000000000000, -1.000000000000000000 ) ) ;
#2 = CARTESIAN_POINT ( 'NONE',  ( 2.600000000000000533, 11.00000000000000000, -5.699999999999999289 ) ) ;
#3 = DIRECTION ( 'NONE',  ( 5.500731610404397960E-16, 0.000000000000000000, 1.000000000000000000 ) ) ;
#4 = ORIENTED_EDGE ( 'NONE', *, *, #788, .T. ) ;
#5 = DIRECTION ( 'NONE',  ( -0.000000000000000000, 1.000000000000000000, -0.000000000000000000 ) ) ;
#6 = FACE_OUTER_BOUND ( 'NONE', #16, .T. ) ;
#7 = FACE_OUTER_BOUND ( 'NONE', #4246, .T. ) ;
#8 = DIRECTION ( 'NONE',  ( 0.000000000000000000, -1.000000000000000000, -0.000000000000000000 ) ) ;
#9 = DIRECTION ( 'NONE',  ( -1.000000000000000000, 0.000000000000000000, -3.614007241618390679E-16 ) ) ;
#10 = ORIENTED_EDGE ( 'NONE', *, *, #1658, .F. ) ;
#11 = CARTESIAN_POINT ( 'NONE',  ( 1.681253862587378967, -2.659841777251799044, 2.779999999999999361 ) ) ;
#12 = DIRECTION ( 'NONE',  ( 6.938893903907234294E-16, 0.000000000000000000, 1.000000000000000000 ) ) ;
#13 =( LENGTH_UNIT ( ) NAMED_UNIT ( * ) SI_UNIT ( .MILLI., .METRE. ) );
#14 = ORIENTED_EDGE ( 'NONE', *, *, #884, .F. ) ;
#15 = ORIENTED_EDGE ( 'NONE', *, *, #36, .T. ) ;
#16 = EDGE_LOOP ( 'NONE', ( #2805, #197, #7542, #7747 ) ) ;
#17 = LINE ( 'NONE', #3392, #1192 ) ;
#18 = LINE ( 'NONE', #1393, #5433 ) ;
#19 = CARTESIAN_POINT ( 'NONE',  ( -4.269046054161675287E-15, 10.30000000000000249, -5.900000000000001243 ) ) ;
#20 = CARTESIAN_POINT ( 'NONE',  ( -0.8499999999999999778, 16.60000000000000142, 6.100000000000000533 ) ) ;
#21 = EDGE_CURVE ( 'NONE', #5022, #7522, #1137, .T. ) ;
#22 = CARTESIAN_POINT ( 'NONE',  ( 0.7500000000000217604, 16.40000000000000213, 5.699999999999996625 ) ) ;
#23 = EDGE_CURVE ( 'NONE', #8236, #6440, #4549, .T. ) ;
#24 = AXIS2_PLACEMENT_3D ( 'NONE', #6493, #3936, #5113 ) ;
#25 = DIRECTION ( 'NONE',  ( 1.000000000000000000, 0.000000000000000000, 0.000000000000000000 ) ) ;
#26 = ORIENTED_EDGE ( 'NONE', *, *, #4528, .F. ) ;
#27 = EDGE_CURVE ( 'NONE', #7522, #1091, #2830, .T. ) ;
#28 = ORIENTED_EDGE ( 'NONE', *, *, #3769, .F. ) ;
#29 = CARTESIAN_POINT ( 'NONE',  ( -0.1000000000000008660, -3.299999999999999378, 2.999999999999999112 ) ) ;
#30 = CARTESIAN_POINT ( 'NONE',  ( 2.319999999999999396, -0.4992691472256616803, 3.419999999999999485 ) ) ;
#31 = ADVANCED_FACE ( 'NONE', ( #8606 ), #391, .F. ) ;
#32 = EDGE_CURVE ( 'NONE', #8217, #6128, #5246, .T. ) ;
#33 = ORIENTED_EDGE ( 'NONE', *, *, #7869, .T. ) ;
#34 = VECTOR ( 'NONE', #5004, 1000.000000000000000 ) ;
#35 = LINE ( 'NONE', #1498, #8694 ) ;
#36 = EDGE_CURVE ( 'NONE', #4826, #4945, #4413, .T. ) ;
#37 = EDGE_LOOP ( 'NONE', ( #6970, #3617, #2412, #943 ) ) ;
#38 = VECTOR ( 'NONE', #3777, 1000.000000000000000 ) ;
#39 = ORIENTED_EDGE ( 'NONE', *, *, #8360, .F. ) ;
#40 = LINE ( 'NONE', #1410, #6908 ) ;
#41 = CARTESIAN_POINT ( 'NONE',  ( -2.399999999999995914, 0.2500000000000000000, -5.699999999999998401 ) ) ;
#42 = CARTESIAN_POINT ( 'NONE',  ( 2.320000000000004281, 16.60000000000000142, -0.5800000000000006262 ) ) ;
#43 = ORIENTED_EDGE ( 'NONE', *, *, #1272, .T. ) ;
#44 = LINE ( 'NONE', #2084, #8301 ) ;
#45 = LINE ( 'NONE', #3414, #7840 ) ;
#46 = ORIENTED_EDGE ( 'NONE', *, *, #6074, .T. ) ;
#47 = AXIS2_PLACEMENT_3D ( 'NONE', #3919, #8677, #3829 ) ;
#48 = DIRECTION ( 'NONE',  ( -0.000000000000000000, -1.000000000000000000, 0.000000000000000000 ) ) ;
#49 = CARTESIAN_POINT ( 'NONE',  ( 4.899999999999996803, 0.2500000000000002220, 2.599999999999995204 ) ) ;
#50 = DIRECTION ( 'NONE',  ( -1.000000000000000000, 0.000000000000000000, 5.500731610404397960E-16 ) ) ;
#51 = VECTOR ( 'NONE', #2377, 1000.000000000000000 ) ;
#52 = PLANE ( 'NONE',  #190 ) ;
#53 = CARTESIAN_POINT ( 'NONE',  ( 2.320000000000004281, 4.500000000000000888, -1.220000000000000639 ) ) ;
#54 = ORIENTED_EDGE ( 'NONE', *, *, #8329, .F. ) ;
#55 = AXIS2_PLACEMENT_3D ( 'NONE', #2271, #3727, #6376 ) ;
#56 = DIRECTION ( 'NONE',  ( 0.9914448613738103822, -0.1305261922200516289, -0.000000000000000000 ) ) ;
#57 = CARTESIAN_POINT ( 'NONE',  ( 2.399999999999994138, 9.800000000000000711, -3.200000000000001066 ) ) ;
#58 = VECTOR ( 'NONE', #347, 1000.000000000000000 ) ;
#59 = ORIENTED_EDGE ( 'NONE', *, *, #2098, .F. ) ;
#60 = ORIENTED_EDGE ( 'NONE', *, *, #4054, .F. ) ;
#61 = ORIENTED_EDGE ( 'NONE', *, *, #4996, .F. ) ;
#62 = CARTESIAN_POINT ( 'NONE',  ( 1.555182915624704343, -2.001483064957898961, 2.569074551634706438 ) ) ;
#63 = DIRECTION ( 'NONE',  ( 0.000000000000000000, 0.000000000000000000, 1.000000000000000000 ) ) ;
#64 = PLANE ( 'NONE',  #2998 ) ;
#65 = DIRECTION ( 'NONE',  ( 1.000000000000000000, 0.000000000000000000, 2.480144778354862662E-16 ) ) ;
#66 = VECTOR ( 'NONE', #2595, 1000.000000000000114 ) ;
#67 = DIRECTION ( 'NONE',  ( -5.500731610404397960E-16, 0.000000000000000000, -1.000000000000000000 ) ) ;
#68 = ORIENTED_EDGE ( 'NONE', *, *, #8601, .F. ) ;
#69 = AXIS2_PLACEMENT_3D ( 'NONE', #6949, #359, #3060 ) ;
#70 = VECTOR ( 'NONE', #2230, 1000.000000000000114 ) ;
#71 = ORIENTED_EDGE ( 'NONE', *, *, #7869, .F. ) ;
#72 = FACE_OUTER_BOUND ( 'NONE', #6089, .T. ) ;
#73 = ADVANCED_FACE ( 'NONE', ( #5814 ), #4594, .F. ) ;
#74 = DIRECTION ( 'NONE',  ( 1.084202172485503448E-16, 0.000000000000000000, -1.000000000000000000 ) ) ;
#75 = DIRECTION ( 'NONE',  ( 1.275531967630005492E-16, 0.000000000000000000, 1.000000000000000000 ) ) ;
#76 = VECTOR ( 'NONE', #2269, 1000.000000000000000 ) ;
#77 = ADVANCED_FACE ( 'NONE', ( #3091 ), #2468, .F. ) ;
#78 = ADVANCED_FACE ( 'NONE', ( #6578 ), #1717, .F. ) ;
#79 = DIRECTION ( 'NONE',  ( 0.000000000000000000, -0.000000000000000000, 1.000000000000000000 ) ) ;
#80 = ORIENTED_EDGE ( 'NONE', *, *, #781, .T. ) ;
#81 = VERTEX_POINT ( 'NONE', #7202 ) ;
#82 = VECTOR ( 'NONE', #4026, 1000.000000000000000 ) ;
#83 = EDGE_CURVE ( 'NONE', #3964, #7663, #6531, .T. ) ;
#84 = AXIS2_PLACEMENT_3D ( 'NONE', #2872, #5699, #8267 ) ;
#85 = DIRECTION ( 'NONE',  ( 0.9914448613738103822, -0.1305261922200516844, 0.000000000000000000 ) ) ;
#86 = VECTOR ( 'NONE', #2490, 1000.000000000000000 ) ;
#87 = DIRECTION ( 'NONE',  ( 0.9914448613738103822, -0.1305261922200516844, -0.000000000000000000 ) ) ;
#88 = CARTESIAN_POINT ( 'NONE',  ( -0.7499999999999998890, 4.500000000000000888, 5.699999999999999289 ) ) ;
#89 = EDGE_LOOP ( 'NONE', ( #2067, #6327, #4000, #5281 ) ) ;
#90 = DIRECTION ( 'NONE',  ( 0.000000000000000000, 1.000000000000000000, -0.000000000000000000 ) ) ;
#91 = CARTESIAN_POINT ( 'NONE',  ( 1.905000000000001359, 9.700000000000001066, 3.004999999999999893 ) ) ;
#92 = VERTEX_POINT ( 'NONE', #1852 ) ;
#93 = CARTESIAN_POINT ( 'NONE',  ( -0.9499999999999999556, 4.500000000000000888, -1.220000000000000639 ) ) ;
#94 = DIRECTION ( 'NONE',  ( -1.301042606982604138E-15, 0.000000000000000000, 1.000000000000000000 ) ) ;
#95 = LINE ( 'NONE', #2801, #3860 ) ;
#96 = PLANE ( 'NONE',  #8531 ) ;
#97 = MANIFOLD_SOLID_BREP ( 'Chamfer1', #3935 ) ;
#98 = CARTESIAN_POINT ( 'NONE',  ( -1.831048351012630970, -3.245831630228683817, -1.220000000000000639 ) ) ;
#99 = ORIENTED_EDGE ( 'NONE', *, *, #5763, .T. ) ;
#100 = DIRECTION ( 'NONE',  ( -1.000000000000000000, 0.000000000000000000, 2.040851148207998532E-15 ) ) ;
#101 = CARTESIAN_POINT ( 'NONE',  ( -2.399999999999996358, 4.500000000000000888, -5.099999999999998757 ) ) ;
#102 = ORIENTED_EDGE ( 'NONE', *, *, #7271, .F. ) ;
#103 = ORIENTED_EDGE ( 'NONE', *, *, #4682, .T. ) ;
#104 = VERTEX_POINT ( 'NONE', #767 ) ;
#105 = CARTESIAN_POINT ( 'NONE',  ( -3.115577750744416008, 9.996487434028482610, -5.597397261455640205 ) ) ;
#106 = CARTESIAN_POINT ( 'NONE',  ( 1.680000000000000160, 9.700000000000001066, 2.779999999999999361 ) ) ;
#107 = AXIS2_PLACEMENT_3D ( 'NONE', #2191, #1530, #291 ) ;
#108 = DIRECTION ( 'NONE',  ( 3.963711178138497761E-15, 0.000000000000000000, 1.000000000000000000 ) ) ;
#109 = DIRECTION ( 'NONE',  ( 1.000000000000000000, 0.000000000000000000, 0.000000000000000000 ) ) ;
#110 = ADVANCED_FACE ( 'NONE', ( #2013 ), #647, .F. ) ;
#111 = EDGE_CURVE ( 'NONE', #3646, #2749, #8038, .T. ) ;
#112 = AXIS2_PLACEMENT_3D ( 'NONE', #5575, #6952, #8276 ) ;
#113 = DIRECTION ( 'NONE',  ( -0.7071067811865436870, 0.7071067811865513475, 0.000000000000000000 ) ) ;
#114 = DIRECTION ( 'NONE',  ( 0.000000000000000000, -0.3420201433256667145, 0.9396926207859090940 ) ) ;
#115 = EDGE_LOOP ( 'NONE', ( #3918, #1041, #6888, #6663 ) ) ;
#116 = AXIS2_PLACEMENT_3D ( 'NONE', #7509, #3451, #85 ) ;
#117 = ORIENTED_EDGE ( 'NONE', *, *, #3018, .F. ) ;
#118 = LINE ( 'NONE', #6179, #6485 ) ;
#119 = DIRECTION ( 'NONE',  ( 0.000000000000000000, 1.000000000000000000, -0.000000000000000000 ) ) ;
#120 = LINE ( 'NONE', #5517, #1648 ) ;
#121 = VECTOR ( 'NONE', #1841, 1000.000000000000000 ) ;
#122 = DIRECTION ( 'NONE',  ( 0.3236155771181851160, -0.8891264907159885933, -0.3236155771181835616 ) ) ;
#123 = EDGE_CURVE ( 'NONE', #3270, #1850, #3977, .T. ) ;
#124 = ORIENTED_EDGE ( 'NONE', *, *, #4249, .F. ) ;
#125 = ORIENTED_EDGE ( 'NONE', *, *, #4807, .F. ) ;
#126 = ORIENTED_EDGE ( 'NONE', *, *, #5660, .T. ) ;
#127 = DIRECTION ( 'NONE',  ( 0.000000000000000000, 0.000000000000000000, 1.000000000000000000 ) ) ;
#128 = EDGE_CURVE ( 'NONE', #4648, #5801, #3354, .T. ) ;
#129 = ADVANCED_FACE ( 'NONE', ( #1977 ), #2648, .F. ) ;
#130 = CARTESIAN_POINT ( 'NONE',  ( 2.399999999999994138, 16.60000000000000142, -3.200000000000001066 ) ) ;
#131 = CARTESIAN_POINT ( 'NONE',  ( -4.299999999999996270, 16.60000000000000142, 3.600000000000000977 ) ) ;
#132 = ORIENTED_EDGE ( 'NONE', *, *, #8077, .T. ) ;
#133 = EDGE_CURVE ( 'NONE', #4239, #6676, #18, .T. ) ;
#134 = CARTESIAN_POINT ( 'NONE',  ( 4.899999999999997691, 16.60000000000000142, 3.599999999999996980 ) ) ;
#135 = DIRECTION ( 'NONE',  ( -0.000000000000000000, 1.000000000000000000, -0.000000000000000000 ) ) ;
#136 = ADVANCED_FACE ( 'NONE', ( #1352 ), #603, .T. ) ;
#137 = EDGE_LOOP ( 'NONE', ( #6801, #4182, #8396, #206 ) ) ;
#138 = EDGE_CURVE ( 'NONE', #814, #835, #4636, .T. ) ;
#139 = CARTESIAN_POINT ( 'NONE',  ( -1.679999999999994609, 16.60000000000000142, -1.220000000000000639 ) ) ;
#140 = FACE_OUTER_BOUND ( 'NONE', #3965, .T. ) ;
#141 = CARTESIAN_POINT ( 'NONE',  ( 1.681253862587385406, -2.659841777251804817, -1.220000000000000639 ) ) ;
#142 = MANIFOLD_SOLID_BREP ( 'Mirror1', #2081 ) ;
#143 = DIRECTION ( 'NONE',  ( 1.000000000000000000, 0.000000000000000000, -5.500731610404397960E-16 ) ) ;
#144 = ORIENTED_EDGE ( 'NONE', *, *, #8205, .T. ) ;
#145 = EDGE_CURVE ( 'NONE', #249, #2521, #3307, .T. ) ;
#146 = FACE_OUTER_BOUND ( 'NONE', #2008, .T. ) ;
#147 = DIRECTION ( 'NONE',  ( -0.000000000000000000, -1.000000000000000000, -0.000000000000000000 ) ) ;
#148 = ADVANCED_FACE ( 'NONE', ( #7628 ), #2850, .F. ) ;
#149 = VERTEX_POINT ( 'NONE', #5018 ) ;
#150 = ORIENTED_EDGE ( 'NONE', *, *, #6082, .F. ) ;
#151 = ORIENTED_EDGE ( 'NONE', *, *, #3235, .F. ) ;
#152 = CARTESIAN_POINT ( 'NONE',  ( -3.399999999999996803, 4.500000000000000888, 3.600000000000001421 ) ) ;
#153 = DIRECTION ( 'NONE',  ( 5.500731610404397960E-16, 0.000000000000000000, 1.000000000000000000 ) ) ;
#154 = CYLINDRICAL_SURFACE ( 'NONE', #1303, 1.899999999999999245 ) ;
#155 = CARTESIAN_POINT ( 'NONE',  ( -2.399999999999996358, 16.40000000000000213, 4.800000000000001599 ) ) ;
#156 = DIRECTION ( 'NONE',  ( 0.000000000000000000, 0.000000000000000000, 1.000000000000000000 ) ) ;
#157 = ORIENTED_EDGE ( 'NONE', *, *, #7676, .T. ) ;
#158 = ORIENTED_EDGE ( 'NONE', *, *, #2956, .T. ) ;
#159 = FACE_OUTER_BOUND ( 'NONE', #216, .T. ) ;
#160 = DIRECTION ( 'NONE',  ( -0.000000000000000000, -1.000000000000000000, -0.000000000000000000 ) ) ;
#161 = CARTESIAN_POINT ( 'NONE',  ( -2.399999999999996358, 28.50378091196238373, -5.099999999999998757 ) ) ;
#162 = CARTESIAN_POINT ( 'NONE',  ( -0.3199999999999934563, 16.60000000000000142, -0.5800000000000006262 ) ) ;
#163 = LINE ( 'NONE', #302, #1620 ) ;
#164 = EDGE_LOOP ( 'NONE', ( #2555, #215, #4635, #600 ) ) ;
#165 = ORIENTED_EDGE ( 'NONE', *, *, #5221, .T. ) ;
#166 = EDGE_LOOP ( 'NONE', ( #99, #2960, #2858, #8112 ) ) ;
#167 = CIRCLE ( 'NONE', #5534, 0.4999999999999991673 ) ;
#168 = CARTESIAN_POINT ( 'NONE',  ( 1.688662254502232285, -2.603569453895926422, -1.220000000000000639 ) ) ;
#169 = PLANE ( 'NONE',  #84 ) ;
#170 = CARTESIAN_POINT ( 'NONE',  ( -4.899999999999996803, 0.2500000000000002220, -2.400000000000000355 ) ) ;
#171 = ORIENTED_EDGE ( 'NONE', *, *, #4034, .F. ) ;
#172 = AXIS2_PLACEMENT_3D ( 'NONE', #5753, #5090, #7924 ) ;
#173 = LINE ( 'NONE', #2875, #2197 ) ;
#174 = ORIENTED_EDGE ( 'NONE', *, *, #2131, .F. ) ;
#175 = LINE ( 'NONE', #2878, #2234 ) ;
#176 = PLANE ( 'NONE',  #8129 ) ;
#177 = CARTESIAN_POINT ( 'NONE',  ( -2.499999999999994671, 4.500000000000000888, 4.200000000000000178 ) ) ;
#178 = EDGE_CURVE ( 'NONE', #4183, #4535, #7720, .T. ) ;
#179 = CARTESIAN_POINT ( 'NONE',  ( -2.399999999999996358, 4.500000000000000888, 4.600000000000000533 ) ) ;
#180 = AXIS2_PLACEMENT_3D ( 'NONE', #4744, #2964, #5659 ) ;
#181 = MANIFOLD_SOLID_BREP ( 'LPattern1[3]', #4639 ) ;
#182 = CARTESIAN_POINT ( 'NONE',  ( 1.688662254502232285, -2.603569453895926422, -0.5800000000000006262 ) ) ;
#183 = ORIENTED_EDGE ( 'NONE', *, *, #4478, .F. ) ;
#184 = DIRECTION ( 'NONE',  ( 1.000000000000000000, 0.000000000000000000, 0.000000000000000000 ) ) ;
#185 = DIRECTION ( 'NONE',  ( 1.000000000000000000, 0.000000000000000000, 0.000000000000000000 ) ) ;
#186 = EDGE_CURVE ( 'NONE', #3426, #6219, #3651, .T. ) ;
#187 = ORIENTED_EDGE ( 'NONE', *, *, #525, .F. ) ;
#188 = VERTEX_POINT ( 'NONE', #4882 ) ;
#189 = VERTEX_POINT ( 'NONE', #6882 ) ;
#190 = AXIS2_PLACEMENT_3D ( 'NONE', #141, #6870, #5533 ) ;
#191 = EDGE_CURVE ( 'NONE', #5856, #2548, #2985, .T. ) ;
#192 = SURFACE_STYLE_USAGE ( .BOTH. , #8421 ) ;
#193 = DIRECTION ( 'NONE',  ( 0.000000000000000000, 1.000000000000000000, 0.000000000000000000 ) ) ;
#194 = PLANE ( 'NONE',  #6988 ) ;
#195 = VECTOR ( 'NONE', #4668, 1000.000000000000000 ) ;
#196 = EDGE_CURVE ( 'NONE', #2540, #1340, #2375, .T. ) ;
#197 = ORIENTED_EDGE ( 'NONE', *, *, #4256, .F. ) ;
#198 = VECTOR ( 'NONE', #6939, 1000.000000000000000 ) ;
#199 = DIRECTION ( 'NONE',  ( 0.000000000000000000, 0.000000000000000000, -1.000000000000000000 ) ) ;
#200 = CIRCLE ( 'NONE', #5143, 0.2500000000000002220 ) ;
#201 = CARTESIAN_POINT ( 'NONE',  ( 1.680000000000006155, 1.000000000000000000, -0.3999999999999998002 ) ) ;
#202 = ORIENTED_EDGE ( 'NONE', *, *, #7810, .F. ) ;
#203 = VERTEX_POINT ( 'NONE', #288 ) ;
#204 = PRODUCT_DEFINITION_SHAPE ( 'NONE', 'NONE',  #2337 ) ;
#205 = PRESENTATION_LAYER_ASSIGNMENT (  '', '', ( #3460 ) ) ;
#206 = ORIENTED_EDGE ( 'NONE', *, *, #3006, .F. ) ;
#207 = CARTESIAN_POINT ( 'NONE',  ( 2.099999999999996092, 9.800000000000000711, -5.900000000000002132 ) ) ;
#208 = CARTESIAN_POINT ( 'NONE',  ( -1.679999999999994609, 9.081817580622695729, -1.220000000000000639 ) ) ;
#209 = DIRECTION ( 'NONE',  ( -1.000000000000000000, 0.000000000000000000, 0.000000000000000000 ) ) ;
#210 = DIRECTION ( 'NONE',  ( 0.2047927057592100475, 0.9237601993560261571, -0.3236155771181854490 ) ) ;
#211 = VECTOR ( 'NONE', #1688, 1000.000000000000000 ) ;
#212 = CIRCLE ( 'NONE', #640, 0.5000000000000000000 ) ;
#213 = DIRECTION ( 'NONE',  ( 0.8870108331782212696, 0.4617486132350347994, 0.000000000000000000 ) ) ;
#214 = ORIENTED_EDGE ( 'NONE', *, *, #6037, .F. ) ;
#215 = ORIENTED_EDGE ( 'NONE', *, *, #8205, .F. ) ;
#216 = EDGE_LOOP ( 'NONE', ( #6941, #3895, #4265, #4139, #2451, #3885, #6499, #8613, #4894, #1169, #7080, #2542, #3828, #4892 ) ) ;
#217 = FACE_OUTER_BOUND ( 'NONE', #609, .T. ) ;
#218 = DIRECTION ( 'NONE',  ( -1.000000000000000000, 0.000000000000000000, 2.077294918711725632E-15 ) ) ;
#219 = AXIS2_PLACEMENT_3D ( 'NONE', #797, #1411, #621 ) ;
#220 = EDGE_CURVE ( 'NONE', #2432, #250, #8374, .T. ) ;
#221 = VERTEX_POINT ( 'NONE', #818 ) ;
#222 = DIRECTION ( 'NONE',  ( 0.7071067811865414665, 0.000000000000000000, -0.7071067811865536790 ) ) ;
#223 = CONICAL_SURFACE ( 'NONE', #5450, 1.000000000000000000, 0.7853981633974439491 ) ;
#224 = DIRECTION ( 'NONE',  ( 1.000000000000000000, 0.000000000000000000, 0.000000000000000000 ) ) ;
#225 = VERTEX_POINT ( 'NONE', #152 ) ;
#226 = VECTOR ( 'NONE', #1248, 1000.000000000000000 ) ;
#227 = CARTESIAN_POINT ( 'NONE',  ( -0.3199999999999919020, 9.095554967719975181, -0.5800000000000006262 ) ) ;
#228 = LINE ( 'NONE', #3020, #3476 ) ;
#229 = CARTESIAN_POINT ( 'NONE',  ( 2.399999999999976819, 28.50378091196238373, -5.100000000000008527 ) ) ;
#230 = CARTESIAN_POINT ( 'NONE',  ( 4.299999999999995381, 14.49999999999999822, -0.8000000000000024869 ) ) ;
#231 = VECTOR ( 'NONE', #4511, 1000.000000000000000 ) ;
#232 = DIRECTION ( 'NONE',  ( 0.000000000000000000, -1.000000000000000000, -0.000000000000000000 ) ) ;
#233 = VECTOR ( 'NONE', #8343, 1000.000000000000000 ) ;
#234 = VERTEX_POINT ( 'NONE', #8202 ) ;
#235 = CARTESIAN_POINT ( 'NONE',  ( -2.399999999999995914, 0.2500000000000000000, -5.450000000000000178 ) ) ;
#236 = CARTESIAN_POINT ( 'NONE',  ( 0.7500000000000217604, 16.40000000000000213, 5.699999999999996625 ) ) ;
#237 = ORIENTED_EDGE ( 'NONE', *, *, #21, .T. ) ;
#238 = ORIENTED_EDGE ( 'NONE', *, *, #1436, .T. ) ;
#239 = EDGE_CURVE ( 'NONE', #8370, #457, #5907, .T. ) ;
#240 = ORIENTED_EDGE ( 'NONE', *, *, #537, .T. ) ;
#241 =( NAMED_UNIT ( * ) PLANE_ANGLE_UNIT ( ) SI_UNIT ( $, .RADIAN. ) );
#242 = ADVANCED_FACE ( 'NONE', ( #4364 ), #2895, .T. ) ;
#243 = DIRECTION ( 'NONE',  ( -0.000000000000000000, 0.000000000000000000, -1.000000000000000000 ) ) ;
#244 = ADVANCED_FACE ( 'NONE', ( #3696 ), #4981, .T. ) ;
#245 = ORIENTED_EDGE ( 'NONE', *, *, #8036, .F. ) ;
#246 = LINE ( 'NONE', #2947, #1672 ) ;
#247 = EDGE_CURVE ( 'NONE', #2020, #6608, #1525, .T. ) ;
#248 = DIRECTION ( 'NONE',  ( -1.275531967630005245E-16, 0.000000000000000000, 1.000000000000000000 ) ) ;
#249 = VERTEX_POINT ( 'NONE', #8551 ) ;
#250 = VERTEX_POINT ( 'NONE', #6481 ) ;
#251 = AXIS2_PLACEMENT_3D ( 'NONE', #8293, #7631, #906 ) ;
#252 = EDGE_LOOP ( 'NONE', ( #1641, #5580, #3568, #261 ) ) ;
#253 = LINE ( 'NONE', #961, #1113 ) ;
#254 = PLANE ( 'NONE',  #6159 ) ;
#255 = VECTOR ( 'NONE', #4779, 1000.000000000000000 ) ;
#256 = DIRECTION ( 'NONE',  ( 1.000000000000000000, -0.000000000000000000, -6.776263578034403699E-16 ) ) ;
#257 = VECTOR ( 'NONE', #5758, 1000.000000000000000 ) ;
#258 = DIRECTION ( 'NONE',  ( -2.892615177179568581E-16, 1.000000000000000000, -0.000000000000000000 ) ) ;
#259 = EDGE_CURVE ( 'NONE', #8338, #7899, #5766, .T. ) ;
#260 = DIRECTION ( 'NONE',  ( 0.000000000000000000, -0.000000000000000000, 1.000000000000000000 ) ) ;
#261 = ORIENTED_EDGE ( 'NONE', *, *, #303, .F. ) ;
#262 = VECTOR ( 'NONE', #8352, 1000.000000000000000 ) ;
#263 = ORIENTED_EDGE ( 'NONE', *, *, #8517, .T. ) ;
#264 = ORIENTED_EDGE ( 'NONE', *, *, #7879, .F. ) ;
#265 = SHAPE_REPRESENTATION ( 'Part3^BxxB-JWPF-SK-R(LF)(SN)', ( #7976 ), #7551 ) ;
#266 = DIRECTION ( 'NONE',  ( -0.000000000000000000, 1.000000000000000000, -0.000000000000000000 ) ) ;
#267 = DIRECTION ( 'NONE',  ( 0.000000000000000000, 0.000000000000000000, 1.000000000000000000 ) ) ;
#268 = DIRECTION ( 'NONE',  ( -0.000000000000000000, 1.000000000000000000, 0.000000000000000000 ) ) ;
#269 = MECHANICAL_DESIGN_GEOMETRIC_PRESENTATION_REPRESENTATION (  '', ( #419 ), #7193 ) ;
#270 = ORIENTED_EDGE ( 'NONE', *, *, #5647, .F. ) ;
#271 = DIRECTION ( 'NONE',  ( 0.000000000000000000, 0.000000000000000000, 1.000000000000000000 ) ) ;
#272 = PRODUCT_CONTEXT ( 'NONE', #2011, 'mechanical' ) ;
#273 = EDGE_LOOP ( 'NONE', ( #4726, #7613, #1469, #5335 ) ) ;
#274 = ADVANCED_FACE ( 'NONE', ( #3831 ), #1128, .F. ) ;
#275 = CARTESIAN_POINT ( 'NONE',  ( 3.199999999999996625, 10.30000000000000249, -5.568543856465403508 ) ) ;
#276 = ADVANCED_FACE ( 'NONE', ( #1032 ), #425, .F. ) ;
#277 = DIRECTION ( 'NONE',  ( -0.4369012962294799296, 0.8392795813073637978, -0.3236155771181855600 ) ) ;
#278 = LINE ( 'NONE', #3592, #34 ) ;
#279 = DIRECTION ( 'NONE',  ( 0.1305261922200517677, 0.9914448613738104932, 0.000000000000000000 ) ) ;
#280 = DIRECTION ( 'NONE',  ( 0.000000000000000000, 0.000000000000000000, -1.000000000000000000 ) ) ;
#281 = ORIENTED_EDGE ( 'NONE', *, *, #6629, .F. ) ;
#282 = DIRECTION ( 'NONE',  ( -1.000000000000000000, 6.776263578034402713E-16, 0.000000000000000000 ) ) ;
#283 = DIRECTION ( 'NONE',  ( 0.000000000000000000, -1.000000000000000000, -0.000000000000000000 ) ) ;
#284 = ORIENTED_EDGE ( 'NONE', *, *, #4731, .T. ) ;
#285 = EDGE_LOOP ( 'NONE', ( #846, #1476, #8297, #1667 ) ) ;
#286 = ORIENTED_EDGE ( 'NONE', *, *, #1540, .T. ) ;
#287 = PRESENTATION_STYLE_ASSIGNMENT (( #192 ) ) ;
#288 = CARTESIAN_POINT ( 'NONE',  ( 2.599999999999982769, 11.00000000000000000, -4.179795897113279146 ) ) ;
#289 = DIRECTION ( 'NONE',  ( -0.000000000000000000, -1.000000000000000000, -0.000000000000000000 ) ) ;
#290 = ORIENTED_EDGE ( 'NONE', *, *, #7865, .F. ) ;
#291 = DIRECTION ( 'NONE',  ( 1.000000000000000000, 0.000000000000000000, 0.000000000000000000 ) ) ;
#292 = PLANE ( 'NONE',  #3455 ) ;
#293 = ORIENTED_EDGE ( 'NONE', *, *, #2378, .F. ) ;
#294 = EDGE_LOOP ( 'NONE', ( #8058, #4343, #3530, #1874 ) ) ;
#295 = ORIENTED_EDGE ( 'NONE', *, *, #1405, .T. ) ;
#296 = DIRECTION ( 'NONE',  ( 0.000000000000000000, -1.000000000000000000, -0.000000000000000000 ) ) ;
#297 = CARTESIAN_POINT ( 'NONE',  ( 0.7500000000000229816, 4.500000000000000888, 5.999999999999992895 ) ) ;
#298 = EDGE_CURVE ( 'NONE', #3825, #8131, #3894, .T. ) ;
#299 = DIRECTION ( 'NONE',  ( 0.000000000000000000, 0.000000000000000000, -1.000000000000000000 ) ) ;
#300 = DIRECTION ( 'NONE',  ( 0.000000000000000000, 0.000000000000000000, -1.000000000000000000 ) ) ;
#301 = PRODUCT_DEFINITION_CONTEXT ( 'detailed design', #3834, 'design' ) ;
#302 = CARTESIAN_POINT ( 'NONE',  ( 0.3199999999999816325, 4.500000000000000888, 5.700000000000004619 ) ) ;
#303 = EDGE_CURVE ( 'NONE', #6516, #4826, #8423, .T. ) ;
#304 = ORIENTED_EDGE ( 'NONE', *, *, #1982, .F. ) ;
#305 = EDGE_LOOP ( 'NONE', ( #7426, #2868, #6051, #7588 ) ) ;
#306 = ORIENTED_EDGE ( 'NONE', *, *, #4646, .T. ) ;
#307 = CARTESIAN_POINT ( 'NONE',  ( 0.3200000000000064460, 0.9999999999999945599, -1.220000000000000639 ) ) ;
#308 = LINE ( 'NONE', #7168, #1030 ) ;
#309 = ADVANCED_FACE ( 'NONE', ( #2454 ), #1704, .F. ) ;
#310 = CARTESIAN_POINT ( 'NONE',  ( 0.7500000000000039968, 16.60000000000000142, 5.999999999999994671 ) ) ;
#311 = ORIENTED_EDGE ( 'NONE', *, *, #4296, .T. ) ;
#312 = ADVANCED_FACE ( 'NONE', ( #5894 ), #461, .T. ) ;
#313 = PLANE ( 'NONE',  #7138 ) ;
#314 =( BOUNDED_CURVE ( )  B_SPLINE_CURVE ( 3, ( #7684, #4245, #3672, #2865 ),
 .UNSPECIFIED., .F., .T. ) 
 B_SPLINE_CURVE_WITH_KNOTS ( ( 4, 4 ),
 ( 1.570796326794896558, 3.141592653589821094 ),
 .UNSPECIFIED. ) 
 CURVE ( )  GEOMETRIC_REPRESENTATION_ITEM ( )  RATIONAL_B_SPLINE_CURVE ( ( 1.000000000000000000, 0.8047378541243583872, 0.8047378541243583872, 1.000000000000000000 ) ) 
 REPRESENTATION_ITEM ( '' )  );
#315 = AXIS2_PLACEMENT_3D ( 'NONE', #3267, #1228, #8565 ) ;
#316 = ORIENTED_EDGE ( 'NONE', *, *, #6643, .T. ) ;
#317 = CARTESIAN_POINT ( 'NONE',  ( 2.399999999999999023, 0.000000000000000000, 3.599999999999998757 ) ) ;
#318 = DIRECTION ( 'NONE',  ( 1.000000000000000000, -1.445602896647338917E-16, -6.776263578034403699E-16 ) ) ;
#319 = FACE_OUTER_BOUND ( 'NONE', #1725, .T. ) ;
#320 = DIRECTION ( 'NONE',  ( -1.000000000000000000, -0.000000000000000000, 1.275531967630005739E-16 ) ) ;
#321 = CARTESIAN_POINT ( 'NONE',  ( 4.299999999999998934, 4.500000000000000888, 3.599999999999997868 ) ) ;
#322 = CARTESIAN_POINT ( 'NONE',  ( 2.369999999999996554, 10.30000000000000249, -6.400000000000002132 ) ) ;
#323 = DIRECTION ( 'NONE',  ( 0.000000000000000000, 0.000000000000000000, 1.000000000000000000 ) ) ;
#324 = VECTOR ( 'NONE', #4003, 1000.000000000000000 ) ;
#325 = VERTEX_POINT ( 'NONE', #7896 ) ;
#326 = ORIENTED_EDGE ( 'NONE', *, *, #7234, .F. ) ;
#327 = ORIENTED_EDGE ( 'NONE', *, *, #4204, .T. ) ;
#328 = VECTOR ( 'NONE', #2348, 1000.000000000000000 ) ;
#329 = CARTESIAN_POINT ( 'NONE',  ( -4.450000000000000178, 0.5000000000000000000, -2.400000000000000355 ) ) ;
#330 = CARTESIAN_POINT ( 'NONE',  ( -2.370000000000000551, 10.30000000000000249, -5.570000000000000284 ) ) ;
#331 = DIRECTION ( 'NONE',  ( 0.000000000000000000, 0.000000000000000000, 1.000000000000000000 ) ) ;
#332 = VERTEX_POINT ( 'NONE', #2415 ) ;
#333 = CARTESIAN_POINT ( 'NONE',  ( -1.599999999999999645, 10.30000000000000249, -6.400000000000000355 ) ) ;
#334 = MANIFOLD_SOLID_BREP ( 'Chamfer1', #3130 ) ;
#335 = ORIENTED_EDGE ( 'NONE', *, *, #2255, .T. ) ;
#336 = ORIENTED_EDGE ( 'NONE', *, *, #1271, .T. ) ;
#337 = AXIS2_PLACEMENT_3D ( 'NONE', #5367, #4822, #6783 ) ;
#338 = VERTEX_POINT ( 'NONE', #7799 ) ;
#339 = VECTOR ( 'NONE', #7015, 1000.000000000000000 ) ;
#340 = ORIENTED_EDGE ( 'NONE', *, *, #6408, .F. ) ;
#341 = DIRECTION ( 'NONE',  ( 0.3502073812594685975, 0.9366721892483971246, -0.000000000000000000 ) ) ;
#342 = VECTOR ( 'NONE', #8610, 1000.000000000000000 ) ;
#343 = DIRECTION ( 'NONE',  ( 0.000000000000000000, 0.000000000000000000, 1.000000000000000000 ) ) ;
#344 = VECTOR ( 'NONE', #1266, 1000.000000000000000 ) ;
#345 = FACE_OUTER_BOUND ( 'NONE', #702, .T. ) ;
#346 = VECTOR ( 'NONE', #4232, 1000.000000000000000 ) ;
#347 = DIRECTION ( 'NONE',  ( 1.891050300846810506E-16, 1.000000000000000000, 0.000000000000000000 ) ) ;
#348 = ORIENTED_EDGE ( 'NONE', *, *, #3816, .T. ) ;
#349 = ORIENTED_EDGE ( 'NONE', *, *, #5060, .T. ) ;
#350 = EDGE_CURVE ( 'NONE', #3139, #7952, #7274, .T. ) ;
#351 = LINE ( 'NONE', #7915, #5483 ) ;
#352 = CARTESIAN_POINT ( 'NONE',  ( -4.649999999999995914, -4.813720809482808102E-15, -2.803112887414931365 ) ) ;
#353 = LINE ( 'NONE', #4992, #4465 ) ;
#354 = ADVANCED_FACE ( 'NONE', ( #1746 ), #4447, .T. ) ;
#355 = ADVANCED_FACE ( 'NONE', ( #7 ), #2711, .F. ) ;
#356 = ORIENTED_EDGE ( 'NONE', *, *, #6890, .F. ) ;
#357 = AXIS2_PLACEMENT_3D ( 'NONE', #1299, #3348, #2681 ) ;
#358 = VECTOR ( 'NONE', #7266, 1000.000000000000000 ) ;
#359 = DIRECTION ( 'NONE',  ( -2.040851148207998532E-15, 0.000000000000000000, -1.000000000000000000 ) ) ;
#360 = VECTOR ( 'NONE', #6664, 1000.000000000000000 ) ;
#361 = ADVANCED_FACE ( 'NONE', ( #4746 ), #5404, .F. ) ;
#362 = EDGE_CURVE ( 'NONE', #2580, #8643, #5447, .T. ) ;
#363 = DIRECTION ( 'NONE',  ( 1.000000000000000000, 0.000000000000000000, 0.000000000000000000 ) ) ;
#364 = VECTOR ( 'NONE', #3, 1000.000000000000000 ) ;
#365 = VECTOR ( 'NONE', #1957, 1000.000000000000000 ) ;
#366 = LINE ( 'NONE', #2170, #964 ) ;
#367 = CARTESIAN_POINT ( 'NONE',  ( -1.680000000000000160, 1.000000000000000000, 2.779999999999999361 ) ) ;
#368 = LINE ( 'NONE', #3069, #4983 ) ;
#369 = CARTESIAN_POINT ( 'NONE',  ( 1.680000000000000160, 16.60000000000000142, 3.419999999999999485 ) ) ;
#370 = FACE_BOUND ( 'NONE', #4440, .T. ) ;
#371 = CARTESIAN_POINT ( 'NONE',  ( -2.323186965781458113, -2.687106216916759660, -1.220000000000000639 ) ) ;
#372 = AXIS2_PLACEMENT_3D ( 'NONE', #367, #3591, #2930 ) ;
#373 = CARTESIAN_POINT ( 'NONE',  ( -1.880028303524371225, -1.149999999999999911, 2.779999999999999361 ) ) ;
#374 = AXIS2_PLACEMENT_3D ( 'NONE', #2202, #7548, #5929 ) ;
#375 = EDGE_CURVE ( 'NONE', #433, #4536, #4147, .T. ) ;
#376 = ORIENTED_EDGE ( 'NONE', *, *, #7734, .T. ) ;
#377 = VERTEX_POINT ( 'NONE', #3254 ) ;
#378 = ORIENTED_EDGE ( 'NONE', *, *, #6848, .F. ) ;
#379 = CARTESIAN_POINT ( 'NONE',  ( -1.880028303524371225, -1.149999999999999911, 3.419999999999999485 ) ) ;
#380 = AXIS2_PLACEMENT_3D ( 'NONE', #7028, #830, #869 ) ;
#381 = CARTESIAN_POINT ( 'NONE',  ( -1.734723475976807094E-15, 28.50378091196238373, -5.099999999999998757 ) ) ;
#382 = VECTOR ( 'NONE', #606, 1000.000000000000000 ) ;
#383 = CYLINDRICAL_SURFACE ( 'NONE', #3586, 0.8299999999999999600 ) ;
#384 = DIRECTION ( 'NONE',  ( 0.000000000000000000, 1.000000000000000000, 0.000000000000000000 ) ) ;
#385 = ORIENTED_EDGE ( 'NONE', *, *, #7594, .F. ) ;
#386 = CARTESIAN_POINT ( 'NONE',  ( 1.831048351012637410, -3.245831630228678044, 3.194999999999998064 ) ) ;
#387 = ORIENTED_EDGE ( 'NONE', *, *, #2495, .F. ) ;
#388 = ORIENTED_EDGE ( 'NONE', *, *, #7966, .F. ) ;
#389 = ORIENTED_EDGE ( 'NONE', *, *, #6192, .T. ) ;
#390 = EDGE_CURVE ( 'NONE', #2165, #3173, #4626, .T. ) ;
#391 = CYLINDRICAL_SURFACE ( 'NONE', #1202, 0.9999999999999995559 ) ;
#392 = PRODUCT_RELATED_PRODUCT_CATEGORY ( 'part', '', ( #8107 ) ) ;
#393 = CARTESIAN_POINT ( 'NONE',  ( -1.149999999999999911, 16.60000000000000142, 6.100000000000000533 ) ) ;
#394 = DIRECTION ( 'NONE',  ( 0.000000000000000000, 0.000000000000000000, 1.000000000000000000 ) ) ;
#395 = DIRECTION ( 'NONE',  ( 0.000000000000000000, 0.3420201433256667145, 0.9396926207859090940 ) ) ;
#396 = LINE ( 'NONE', #479, #3590 ) ;
#397 = ORIENTED_EDGE ( 'NONE', *, *, #6133, .T. ) ;
#398 = VERTEX_POINT ( 'NONE', #2674 ) ;
#399 = VECTOR ( 'NONE', #5046, 1000.000000000000000 ) ;
#400 = ORIENTED_EDGE ( 'NONE', *, *, #4709, .F. ) ;
#401 = CARTESIAN_POINT ( 'NONE',  ( -0.1230399491857722960, -3.236698259866698457, -0.7769600508142223694 ) ) ;
#402 = FACE_OUTER_BOUND ( 'NONE', #6187, .T. ) ;
#403 = CARTESIAN_POINT ( 'NONE',  ( -1.060107702553497955, 9.999999999999998224, -5.099999999999998757 ) ) ;
#404 = AXIS2_PLACEMENT_3D ( 'NONE', #5104, #3972, #1217 ) ;
#405 = EDGE_LOOP ( 'NONE', ( #3976, #8632, #3125, #8253 ) ) ;
#406 = VECTOR ( 'NONE', #8393, 1000.000000000000000 ) ;
#407 = DIRECTION ( 'NONE',  ( -1.000000000000000000, 0.000000000000000000, 0.000000000000000000 ) ) ;
#408 =( NAMED_UNIT ( * ) PLANE_ANGLE_UNIT ( ) SI_UNIT ( $, .RADIAN. ) );
#409 = ADVANCED_FACE ( 'NONE', ( #4048 ), #2583, .F. ) ;
#410 = CARTESIAN_POINT ( 'NONE',  ( -2.077033263131791152, 9.749363203846657555, -0.9770332631318006111 ) ) ;
#411 = CARTESIAN_POINT ( 'NONE',  ( -1.831048351012630970, -3.245831630228683817, -0.8050000000000019362 ) ) ;
#412 = CARTESIAN_POINT ( 'NONE',  ( 1.680000000000006599, 0.9999999999999945599, -0.5800000000000006262 ) ) ;
#413 = ADVANCED_FACE ( 'NONE', ( #7439 ), #8721, .T. ) ;
#414 = DIRECTION ( 'NONE',  ( 1.445602896647338917E-16, -1.000000000000000000, 0.000000000000000000 ) ) ;
#415 = PLANE ( 'NONE',  #2775 ) ;
#416 = ADVANCED_FACE ( 'NONE', ( #6025 ), #4701, .F. ) ;
#417 = PLANE ( 'NONE',  #5478 ) ;
#418 = LINE ( 'NONE', #6380, #6283 ) ;
#419 = STYLED_ITEM ( 'NONE', ( #1210 ), #6116 ) ;
#420 = ORIENTED_EDGE ( 'NONE', *, *, #6583, .T. ) ;
#421 = ORIENTED_EDGE ( 'NONE', *, *, #5338, .T. ) ;
#422 = ADVANCED_FACE ( 'NONE', ( #8636 ), #1379, .F. ) ;
#423 = ORIENTED_EDGE ( 'NONE', *, *, #3671, .F. ) ;
#424 = LINE ( 'NONE', #4538, #8095 ) ;
#425 = PLANE ( 'NONE',  #6539 ) ;
#426 = LINE ( 'NONE', #7102, #1615 ) ;
#427 = EDGE_CURVE ( 'NONE', #3053, #909, #8150, .T. ) ;
#428 = DIRECTION ( 'NONE',  ( -0.000000000000000000, -1.000000000000000000, -0.000000000000000000 ) ) ;
#429 = ORIENTED_EDGE ( 'NONE', *, *, #4375, .F. ) ;
#430 = LINE ( 'NONE', #3126, #3506 ) ;
#431 = EDGE_CURVE ( 'NONE', #447, #681, #8062, .T. ) ;
#432 =( NAMED_UNIT ( * ) PLANE_ANGLE_UNIT ( ) SI_UNIT ( $, .RADIAN. ) );
#433 = VERTEX_POINT ( 'NONE', #3296 ) ;
#434 = ORIENTED_EDGE ( 'NONE', *, *, #8089, .T. ) ;
#435 = ORIENTED_EDGE ( 'NONE', *, *, #4901, .F. ) ;
#436 = CARTESIAN_POINT ( 'NONE',  ( -2.323186965781458113, -2.687106216916759660, -1.220000000000000639 ) ) ;
#437 = CARTESIAN_POINT ( 'NONE',  ( 2.535381069091578343, -1.075331984002933616, 2.779999999999999361 ) ) ;
#438 = CARTESIAN_POINT ( 'NONE',  ( 6.437450399132683366E-15, -5.421010862427522959E-15, -1.220000000000000639 ) ) ;
#439 = CARTESIAN_POINT ( 'NONE',  ( 2.399999999999994138, 0.2500000000000002220, -3.200000000000001066 ) ) ;
#440 = DIRECTION ( 'NONE',  ( 1.000000000000000000, 0.000000000000000000, -6.776263578034403699E-16 ) ) ;
#441 = ORIENTED_EDGE ( 'NONE', *, *, #6144, .T. ) ;
#442 = EDGE_LOOP ( 'NONE', ( #8654, #4951, #5616, #8603 ) ) ;
#443 = ORIENTED_EDGE ( 'NONE', *, *, #1711, .T. ) ;
#444 = CARTESIAN_POINT ( 'NONE',  ( -2.399999999999995914, 0.2500000000000001665, 5.849999999999999645 ) ) ;
#445 = PLANE ( 'NONE',  #6972 ) ;
#446 = LINE ( 'NONE', #8533, #1645 ) ;
#447 = VERTEX_POINT ( 'NONE', #1966 ) ;
#448 = LINE ( 'NONE', #8661, #4608 ) ;
#449 = PLANE ( 'NONE',  #2798 ) ;
#450 = PLANE ( 'NONE',  #5027 ) ;
#451 = DIRECTION ( 'NONE',  ( -1.342665229084215866E-16, -1.000000000000000000, 0.000000000000000000 ) ) ;
#452 = CARTESIAN_POINT ( 'NONE',  ( -1.679999999999993499, 9.699999999999995737, -0.8050000000000010481 ) ) ;
#453 = DIRECTION ( 'NONE',  ( 0.000000000000000000, -1.000000000000000000, -0.000000000000000000 ) ) ;
#454 = LINE ( 'NONE', #3154, #5861 ) ;
#455 = VERTEX_POINT ( 'NONE', #4786 ) ;
#456 = ORIENTED_EDGE ( 'NONE', *, *, #3600, .F. ) ;
#457 = VERTEX_POINT ( 'NONE', #1420 ) ;
#458 = EDGE_CURVE ( 'NONE', #3089, #1716, #5977, .T. ) ;
#459 = CARTESIAN_POINT ( 'NONE',  ( -3.399999999999995914, 4.900000000000000355, -3.199999999999999289 ) ) ;
#460 = PLANE ( 'NONE',  #8460 ) ;
#461 = CYLINDRICAL_SURFACE ( 'NONE', #8509, 0.8299999999999999600 ) ;
#462 = CARTESIAN_POINT ( 'NONE',  ( 2.323186965781470992, -2.687106216916759660, -1.220000000000000639 ) ) ;
#463 = DIRECTION ( 'NONE',  ( 0.000000000000000000, 0.000000000000000000, 1.000000000000000000 ) ) ;
#464 = EDGE_CURVE ( 'NONE', #203, #433, #1292, .T. ) ;
#465 = ORIENTED_EDGE ( 'NONE', *, *, #8411, .T. ) ;
#466 = PLANE ( 'NONE',  #3247 ) ;
#467 = PLANE ( 'NONE',  #380 ) ;
#468 = PRESENTATION_LAYER_ASSIGNMENT (  '', '', ( #6965 ) ) ;
#469 = AXIS2_PLACEMENT_3D ( 'NONE', #2164, #3501, #5735 ) ;
#470 = SURFACE_STYLE_USAGE ( .BOTH. , #3792 ) ;
#471 = EDGE_LOOP ( 'NONE', ( #5811, #7634, #1535, #8535 ) ) ;
#472 = EDGE_LOOP ( 'NONE', ( #865, #8209, #281, #3733 ) ) ;
#473 = ORIENTED_EDGE ( 'NONE', *, *, #6779, .T. ) ;
#474 = ADVANCED_FACE ( 'NONE', ( #7979 ), #8681, .F. ) ;
#475 = ORIENTED_EDGE ( 'NONE', *, *, #5272, .T. ) ;
#476 = DIRECTION ( 'NONE',  ( 0.000000000000000000, -0.000000000000000000, 1.000000000000000000 ) ) ;
#477 = DIRECTION ( 'NONE',  ( 1.000000000000000000, 0.000000000000000000, -0.000000000000000000 ) ) ;
#478 = CARTESIAN_POINT ( 'NONE',  ( 2.999999999999993783, 4.900000000000000355, 3.700000000000000622 ) ) ;
#479 = CARTESIAN_POINT ( 'NONE',  ( -4.899999999999996803, 1.000000000000000000, -1.220000000000000639 ) ) ;
#480 = ORIENTED_EDGE ( 'NONE', *, *, #2193, .F. ) ;
#481 = ORIENTED_EDGE ( 'NONE', *, *, #5192, .T. ) ;
#482 = PRODUCT ( 'Part2^BxxB-JWPF-SK-R(LF)(SN)', 'Part2^BxxB-JWPF-SK-R(LF)(SN)', '', ( #1646 ) ) ;
#483 = ORIENTED_EDGE ( 'NONE', *, *, #4807, .T. ) ;
#484 = CARTESIAN_POINT ( 'NONE',  ( 1.680000000000000160, 4.500000000000003553, 2.779999999999999361 ) ) ;
#485 = VECTOR ( 'NONE', #3035, 1000.000000000000227 ) ;
#486 = PLANE ( 'NONE',  #1452 ) ;
#487 = CARTESIAN_POINT ( 'NONE',  ( -4.299999999999996270, 4.500000000000000888, 3.600000000000000977 ) ) ;
#488 = VECTOR ( 'NONE', #8242, 1000.000000000000000 ) ;
#489 = ORIENTED_EDGE ( 'NONE', *, *, #8617, .F. ) ;
#490 = CIRCLE ( 'NONE', #5843, 0.1999999999999996503 ) ;
#491 = LINE ( 'NONE', #1108, #5573 ) ;
#492 = DIRECTION ( 'NONE',  ( -0.000000000000000000, -1.000000000000000000, -0.000000000000000000 ) ) ;
#493 = EDGE_CURVE ( 'NONE', #3989, #722, #633, .T. ) ;
#494 = LINE ( 'NONE', #5793, #365 ) ;
#495 = AXIS2_PLACEMENT_3D ( 'NONE', #1064, #3064, #3773 ) ;
#496 = DIRECTION ( 'NONE',  ( -4.197558705537336305E-15, 0.000000000000000000, -1.000000000000000000 ) ) ;
#497 = CARTESIAN_POINT ( 'NONE',  ( -4.299999999999995381, 4.500000000000000888, 3.600000000000000533 ) ) ;
#498 = CARTESIAN_POINT ( 'NONE',  ( -1.880028303524364564, -1.150000000000005462, -0.5800000000000006262 ) ) ;
#499 = DIRECTION ( 'NONE',  ( -0.1305261922200516289, 0.9914448613738103822, 0.000000000000000000 ) ) ;
#500 = VECTOR ( 'NONE', #5260, 1000.000000000000000 ) ;
#501 = AXIS2_PLACEMENT_3D ( 'NONE', #812, #147, #7182 ) ;
#502 = ORIENTED_EDGE ( 'NONE', *, *, #3486, .T. ) ;
#503 = ORIENTED_EDGE ( 'NONE', *, *, #196, .F. ) ;
#504 = VERTEX_POINT ( 'NONE', #8229 ) ;
#505 = DIRECTION ( 'NONE',  ( -0.9396926207859083169, -0.3420201433256691015, 0.000000000000000000 ) ) ;
#506 = CARTESIAN_POINT ( 'NONE',  ( -2.100000000000000089, 9.800000000000000711, -5.900000000000000355 ) ) ;
#507 = FILL_AREA_STYLE_COLOUR ( '', #3571 ) ;
#508 = LINE ( 'NONE', #5895, #3311 ) ;
#509 = VECTOR ( 'NONE', #87, 1000.000000000000114 ) ;
#510 = CARTESIAN_POINT ( 'NONE',  ( -2.399999999999996358, 9.800000000000000711, -3.199999999999999289 ) ) ;
#511 = ORIENTED_EDGE ( 'NONE', *, *, #5969, .T. ) ;
#512 = DIRECTION ( 'NONE',  ( 1.000000000000000000, 0.000000000000000000, 0.000000000000000000 ) ) ;
#513 = DIRECTION ( 'NONE',  ( 1.000000000000000000, 0.000000000000000000, -5.981805089575213947E-16 ) ) ;
#514 = EDGE_CURVE ( 'NONE', #8156, #3403, #278, .T. ) ;
#515 = VERTEX_POINT ( 'NONE', #5627 ) ;
#516 = ORIENTED_EDGE ( 'NONE', *, *, #1436, .F. ) ;
#517 = ORIENTED_EDGE ( 'NONE', *, *, #8186, .T. ) ;
#518 = AXIS2_PLACEMENT_3D ( 'NONE', #3541, #6230, #6276 ) ;
#519 = ADVANCED_FACE ( 'NONE', ( #140 ), #6203, .T. ) ;
#520 = VECTOR ( 'NONE', #7638, 1000.000000000000000 ) ;
#521 = EDGE_CURVE ( 'NONE', #6880, #1973, #95, .T. ) ;
#522 = ORIENTED_EDGE ( 'NONE', *, *, #7460, .T. ) ;
#523 = DIRECTION ( 'NONE',  ( 0.000000000000000000, 0.000000000000000000, 1.000000000000000000 ) ) ;
#524 = PLANE ( 'NONE',  #2713 ) ;
#525 = EDGE_CURVE ( 'NONE', #1752, #7990, #887, .T. ) ;
#526 = LINE ( 'NONE', #5343, #4621 ) ;
#527 = EDGE_CURVE ( 'NONE', #5553, #2848, #5668, .T. ) ;
#528 = CARTESIAN_POINT ( 'NONE',  ( 1.599999999999995870, 12.49999999999999822, -0.8000000000000010436 ) ) ;
#529 = ORIENTED_EDGE ( 'NONE', *, *, #5105, .F. ) ;
#530 = ORIENTED_EDGE ( 'NONE', *, *, #8575, .F. ) ;
#531 = EDGE_CURVE ( 'NONE', #5944, #250, #8319, .T. ) ;
#532 = PRESENTATION_LAYER_ASSIGNMENT (  '', '', ( #8435 ) ) ;
#533 = ORIENTED_EDGE ( 'NONE', *, *, #2886, .F. ) ;
#534 = CARTESIAN_POINT ( 'NONE',  ( -0.8499999999999999778, 0.2500000000000002220, 6.100000000000000533 ) ) ;
#535 = CARTESIAN_POINT ( 'NONE',  ( 2.319999999999998064, 4.500000000000003553, 3.419999999999999485 ) ) ;
#536 = DIRECTION ( 'NONE',  ( 6.388722569514031792E-17, 0.7071067811865505703, 0.7071067811865444641 ) ) ;
#537 = EDGE_CURVE ( 'NONE', #6219, #6569, #7518, .T. ) ;
#538 = EDGE_LOOP ( 'NONE', ( #999, #7870, #284, #571 ) ) ;
#539 = DIRECTION ( 'NONE',  ( -1.445602896647338917E-16, -1.000000000000000000, 9.795786256852395535E-32 ) ) ;
#540 = ORIENTED_EDGE ( 'NONE', *, *, #5499, .T. ) ;
#541 = DIRECTION ( 'NONE',  ( 0.5773502691896307271, 0.5773502691896257311, 0.5773502691896207351 ) ) ;
#542 = DIRECTION ( 'NONE',  ( -2.317618640171841346E-16, -0.3420201433256696566, 0.9396926207859080948 ) ) ;
#543 = CARTESIAN_POINT ( 'NONE',  ( 2.599999999999979661, 16.40000000000000213, -5.089444362769127039 ) ) ;
#544 = AXIS2_PLACEMENT_3D ( 'NONE', #134, #6863, #2833 ) ;
#545 = CARTESIAN_POINT ( 'NONE',  ( -2.599999999999999201, 8.241961640772636599, -5.089444362769117269 ) ) ;
#546 = DIRECTION ( 'NONE',  ( 0.000000000000000000, 1.000000000000000000, -0.000000000000000000 ) ) ;
#547 = DIRECTION ( 'NONE',  ( 0.3502073812594685975, 0.9366721892483971246, -0.000000000000000000 ) ) ;
#548 = VECTOR ( 'NONE', #453, 1000.000000000000000 ) ;
#549 = EDGE_CURVE ( 'NONE', #6320, #7032, #2270, .T. ) ;
#550 = ORIENTED_EDGE ( 'NONE', *, *, #7384, .F. ) ;
#551 = ORIENTED_EDGE ( 'NONE', *, *, #1283, .T. ) ;
#552 = VECTOR ( 'NONE', #4385, 1000.000000000000000 ) ;
#553 = FACE_OUTER_BOUND ( 'NONE', #7033, .T. ) ;
#554 = DIRECTION ( 'NONE',  ( 0.000000000000000000, 1.000000000000000000, 0.000000000000000000 ) ) ;
#555 = CARTESIAN_POINT ( 'NONE',  ( -4.450000000000000178, 0.000000000000000000, -1.950000000000000178 ) ) ;
#556 = DIRECTION ( 'NONE',  ( -0.1305261922200516567, 0.9914448613738104932, -0.000000000000000000 ) ) ;
#557 = EDGE_LOOP ( 'NONE', ( #3569, #4973, #7760, #2150 ) ) ;
#558 = CARTESIAN_POINT ( 'NONE',  ( 3.399999999999996803, 4.900000000000000355, 3.600000000000001421 ) ) ;
#559 = LINE ( 'NONE', #5985, #8706 ) ;
#560 =( NAMED_UNIT ( * ) SI_UNIT ( $, .STERADIAN. ) SOLID_ANGLE_UNIT ( ) );
#561 = VERTEX_POINT ( 'NONE', #2173 ) ;
#562 = EDGE_LOOP ( 'NONE', ( #3577, #1900, #7993, #5008 ) ) ;
#563 = VERTEX_POINT ( 'NONE', #4174 ) ;
#564 = CIRCLE ( 'NONE', #5053, 1.899999999999999689 ) ;
#565 = CARTESIAN_POINT ( 'NONE',  ( 0.3499999999999999778, 4.900000000000000355, 5.200000000000001066 ) ) ;
#566 = FACE_BOUND ( 'NONE', #5503, .T. ) ;
#567 = DIRECTION ( 'NONE',  ( -0.000000000000000000, 0.000000000000000000, -1.000000000000000000 ) ) ;
#568 = CARTESIAN_POINT ( 'NONE',  ( 2.323186965781464330, -2.687106216916753887, 3.419999999999999485 ) ) ;
#569 = DIRECTION ( 'NONE',  ( 1.000000000000000000, 0.000000000000000000, -5.500731610404397960E-16 ) ) ;
#570 = ORIENTED_EDGE ( 'NONE', *, *, #8676, .F. ) ;
#571 = ORIENTED_EDGE ( 'NONE', *, *, #3061, .T. ) ;
#572 =( NAMED_UNIT ( * ) PLANE_ANGLE_UNIT ( ) SI_UNIT ( $, .RADIAN. ) );
#573 = ADVANCED_FACE ( 'NONE', ( #937 ), #7002, .T. ) ;
#574 = FACE_OUTER_BOUND ( 'NONE', #471, .T. ) ;
#575 = DIRECTION ( 'NONE',  ( 0.000000000000000000, 0.000000000000000000, -1.000000000000000000 ) ) ;
#576 = EDGE_LOOP ( 'NONE', ( #6831, #1043, #8470, #125 ) ) ;
#577 = EDGE_CURVE ( 'NONE', #7073, #8236, #5494, .T. ) ;
#578 = CARTESIAN_POINT ( 'NONE',  ( 1.599999999999996092, 14.00000000000000000, -5.700000000000000178 ) ) ;
#579 = ADVANCED_FACE ( 'NONE', ( #8190 ), #4958, .F. ) ;
#580 = ADVANCED_FACE ( 'NONE', ( #6240 ), #3510, .T. ) ;
#581 = DIRECTION ( 'NONE',  ( 1.000000000000000000, 0.000000000000000000, -0.000000000000000000 ) ) ;
#582 = DIRECTION ( 'NONE',  ( -0.000000000000000000, 1.000000000000000000, -0.000000000000000000 ) ) ;
#583 = FACE_OUTER_BOUND ( 'NONE', #285, .T. ) ;
#584 = EDGE_CURVE ( 'NONE', #4183, #6899, #850, .T. ) ;
#585 = DIRECTION ( 'NONE',  ( 2.628368902995158870E-15, 0.000000000000000000, 1.000000000000000000 ) ) ;
#586 = DIRECTION ( 'NONE',  ( -0.000000000000000000, -0.000000000000000000, 1.000000000000000000 ) ) ;
#587 = DIRECTION ( 'NONE',  ( 1.000000000000000000, 0.000000000000000000, 0.000000000000000000 ) ) ;
#588 = ORIENTED_EDGE ( 'NONE', *, *, #5549, .T. ) ;
#589 = ORIENTED_EDGE ( 'NONE', *, *, #7429, .T. ) ;
#590 = CARTESIAN_POINT ( 'NONE',  ( 0.1000000000000076522, 9.699999999999995737, -1.000000000000001776 ) ) ;
#591 = FACE_OUTER_BOUND ( 'NONE', #6372, .T. ) ;
#592 = DIRECTION ( 'NONE',  ( -1.000000000000000000, -0.000000000000000000, -5.215919954004830835E-16 ) ) ;
#593 = DIRECTION ( 'NONE',  ( 0.000000000000000000, 0.000000000000000000, -1.000000000000000000 ) ) ;
#594 = DIRECTION ( 'NONE',  ( -1.000000000000000000, 0.000000000000000000, 5.421010862427522170E-16 ) ) ;
#595 = ORIENTED_EDGE ( 'NONE', *, *, #3653, .T. ) ;
#596 = CARTESIAN_POINT ( 'NONE',  ( -4.299999999999996270, 16.40000000000000213, -3.199999999999999734 ) ) ;
#597 = DIRECTION ( 'NONE',  ( 1.000000000000000000, -6.776263578034402713E-16, 0.000000000000000000 ) ) ;
#598 = ORIENTED_EDGE ( 'NONE', *, *, #3662, .T. ) ;
#599 = VERTEX_POINT ( 'NONE', #177 ) ;
#600 = ORIENTED_EDGE ( 'NONE', *, *, #8514, .F. ) ;
#601 = SHAPE_REPRESENTATION ( 'Part1^BxxB-JWPF-SK-R(LF)(SN)', ( #7976 ), #5294 ) ;
#602 = AXIS2_PLACEMENT_3D ( 'NONE', #3395, #1306, #8042 ) ;
#603 = PLANE ( 'NONE',  #6573 ) ;
#604 = LINE ( 'NONE', #8040, #4724 ) ;
#605 = FACE_OUTER_BOUND ( 'NONE', #3449, .T. ) ;
#606 = DIRECTION ( 'NONE',  ( 2.480144778354862662E-16, -0.000000000000000000, -1.000000000000000000 ) ) ;
#607 = CARTESIAN_POINT ( 'NONE',  ( -1.199999999999999512, 8.763068312314702624, -5.399999999999998579 ) ) ;
#608 = ORIENTED_EDGE ( 'NONE', *, *, #6574, .T. ) ;
#609 = EDGE_LOOP ( 'NONE', ( #1860, #7713, #2795, #5070 ) ) ;
#610 = DIRECTION ( 'NONE',  ( -0.000000000000000000, -1.000000000000000000, -0.000000000000000000 ) ) ;
#612 = VECTOR ( 'NONE', #2436, 1000.000000000000000 ) ;
#611 = LINE ( 'NONE', #6673, #1075 ) ;
#613 = EDGE_LOOP ( 'NONE', ( #2196, #7244, #6827, #6887, #5808, #3052, #5764, #6879, #4754, #8372 ) ) ;
#614 = DIRECTION ( 'NONE',  ( 0.3236155771181810636, 0.8891264907159901476, -0.3236155771181831731 ) ) ;
#615 = EDGE_CURVE ( 'NONE', #563, #2287, #755, .T. ) ;
#616 = AXIS2_PLACEMENT_3D ( 'NONE', #8333, #2326, #993 ) ;
#617 = DIRECTION ( 'NONE',  ( -1.000000000000000000, 0.000000000000000000, 0.000000000000000000 ) ) ;
#618 = ADVANCED_FACE ( 'NONE', ( #6157 ), #2881, .F. ) ;
#619 = EDGE_CURVE ( 'NONE', #8645, #2434, #6955, .T. ) ;
#620 = VECTOR ( 'NONE', #7797, 1000.000000000000000 ) ;
#621 = DIRECTION ( 'NONE',  ( 0.000000000000000000, -0.000000000000000000, -1.000000000000000000 ) ) ;
#622 = DIRECTION ( 'NONE',  ( -0.000000000000000000, -1.000000000000000000, -0.000000000000000000 ) ) ;
#623 = PRODUCT ( 'B06B-JWPF-SK-R(LF)(SN)', 'B06B-JWPF-SK-R(LF)(SN)', '', ( #3681 ) ) ;
#624 = AXIS2_PLACEMENT_3D ( 'NONE', #4932, #7672, #2903 ) ;
#625 = AXIS2_PLACEMENT_3D ( 'NONE', #3266, #7334, #476 ) ;
#626 = EDGE_CURVE ( 'NONE', #2790, #8472, #4393, .T. ) ;
#627 = FACE_OUTER_BOUND ( 'NONE', #6620, .T. ) ;
#628 = CARTESIAN_POINT ( 'NONE',  ( 4.299999999999994493, 16.60000000000000142, -3.200000000000002398 ) ) ;
#629 = EDGE_LOOP ( 'NONE', ( #5148, #8255, #8500, #731 ) ) ;
#630 = VERTEX_POINT ( 'NONE', #2405 ) ;
#631 = PRESENTATION_LAYER_ASSIGNMENT (  '', '', ( #7985 ) ) ;
#632 = DIRECTION ( 'NONE',  ( 0.000000000000000000, 0.000000000000000000, -1.000000000000000000 ) ) ;
#633 = LINE ( 'NONE', #4916, #7951 ) ;
#634 = LINE ( 'NONE', #1256, #8662 ) ;
#635 = DIRECTION ( 'NONE',  ( 0.000000000000000000, 0.000000000000000000, 1.000000000000000000 ) ) ;
#636 = ORIENTED_EDGE ( 'NONE', *, *, #5922, .F. ) ;
#637 = EDGE_CURVE ( 'NONE', #2759, #688, #7382, .T. ) ;
#638 = CARTESIAN_POINT ( 'NONE',  ( -0.7499999999999998890, 28.50378091196238373, 5.699999999999999289 ) ) ;
#639 = CIRCLE ( 'NONE', #8402, 0.1999999999999996503 ) ;
#640 = AXIS2_PLACEMENT_3D ( 'NONE', #5137, #7053, #323 ) ;
#641 = DIRECTION ( 'NONE',  ( -1.000000000000000000, 0.000000000000000000, 0.000000000000000000 ) ) ;
#642 = ORIENTED_EDGE ( 'NONE', *, *, #1065, .T. ) ;
#643 = ORIENTED_EDGE ( 'NONE', *, *, #6903, .T. ) ;
#644 = ORIENTED_EDGE ( 'NONE', *, *, #3937, .F. ) ;
#645 = AXIS2_PLACEMENT_3D ( 'NONE', #607, #3358, #5344 ) ;
#646 = AXIS2_PLACEMENT_3D ( 'NONE', #7517, #1464, #4173 ) ;
#647 = PLANE ( 'NONE',  #4175 ) ;
#648 = LINE ( 'NONE', #2649, #4888 ) ;
#649 = LINE ( 'NONE', #2059, #3856 ) ;
#650 = FACE_OUTER_BOUND ( 'NONE', #2987, .T. ) ;
#651 = VECTOR ( 'NONE', #3678, 1000.000000000000000 ) ;
#652 = CARTESIAN_POINT ( 'NONE',  ( 0.3500000000000177414, 16.40000000000000213, 4.599999999999998757 ) ) ;
#653 = VECTOR ( 'NONE', #7754, 1000.000000000000000 ) ;
#654 = EDGE_CURVE ( 'NONE', #2158, #599, #6507, .T. ) ;
#655 = ADVANCED_FACE ( 'NONE', ( #319 ), #1694, .F. ) ;
#656 = EDGE_LOOP ( 'NONE', ( #3870, #144, #6072, #1533 ) ) ;
#657 = DIRECTION ( 'NONE',  ( 0.9914448613738103822, -0.1305261922200516844, 0.000000000000000000 ) ) ;
#658 = AXIS2_PLACEMENT_3D ( 'NONE', #4242, #4116, #74 ) ;
#659 = DIRECTION ( 'NONE',  ( -0.9366721892483972356, 0.3502073812594687086, 0.000000000000000000 ) ) ;
#660 = CIRCLE ( 'NONE', #2646, 2.500000000000000888 ) ;
#661 = ORIENTED_EDGE ( 'NONE', *, *, #5813, .T. ) ;
#662 = LINE ( 'NONE', #6852, #777 ) ;
#663 = ORIENTED_EDGE ( 'NONE', *, *, #1982, .T. ) ;
#664 = ORIENTED_EDGE ( 'NONE', *, *, #1541, .F. ) ;
#665 = DIRECTION ( 'NONE',  ( 8.673617379884027583E-16, 0.000000000000000000, 1.000000000000000000 ) ) ;
#666 = CARTESIAN_POINT ( 'NONE',  ( -1.679999999999993499, 9.699999999999995737, -0.8050000000000010481 ) ) ;
#667 = DIRECTION ( 'NONE',  ( 0.000000000000000000, 0.000000000000000000, 1.000000000000000000 ) ) ;
#668 = CARTESIAN_POINT ( 'NONE',  ( -2.319999999999999396, -0.4992691472256616803, 2.779999999999999361 ) ) ;
#669 = FACE_OUTER_BOUND ( 'NONE', #5613, .T. ) ;
#670 = EDGE_CURVE ( 'NONE', #7506, #5290, #3862, .T. ) ;
#671 = ORIENTED_EDGE ( 'NONE', *, *, #1598, .F. ) ;
#672 = ADVANCED_FACE ( 'NONE', ( #5048 ), #5224, .T. ) ;
#673 = CIRCLE ( 'NONE', #7744, 2.249999999999999556 ) ;
#674 = DIRECTION ( 'NONE',  ( -0.000000000000000000, -1.000000000000000000, -0.000000000000000000 ) ) ;
#675 = FACE_OUTER_BOUND ( 'NONE', #5183, .T. ) ;
#676 = CARTESIAN_POINT ( 'NONE',  ( 2.319999999999999396, -0.4992691472256616803, 2.779999999999999361 ) ) ;
#677 = EDGE_CURVE ( 'NONE', #3560, #4989, #3686, .T. ) ;
#678 = LINE ( 'NONE', #6204, #2031 ) ;
#679 = FACE_OUTER_BOUND ( 'NONE', #7363, .T. ) ;
#680 = AXIS2_PLACEMENT_3D ( 'NONE', #11, #56, #4670 ) ;
#681 = VERTEX_POINT ( 'NONE', #3726 ) ;
#682 = DIRECTION ( 'NONE',  ( 0.000000000000000000, -1.000000000000000000, -0.000000000000000000 ) ) ;
#683 = DIRECTION ( 'NONE',  ( 0.3502073812594687086, -0.9366721892483971246, 0.000000000000000000 ) ) ;
#684 = ADVANCED_FACE ( 'NONE', ( #6552 ), #3021, .F. ) ;
#685 = VECTOR ( 'NONE', #7471, 1000.000000000000000 ) ;
#686 = VERTEX_POINT ( 'NONE', #2364 ) ;
#687 = ORIENTED_EDGE ( 'NONE', *, *, #8240, .F. ) ;
#688 = VERTEX_POINT ( 'NONE', #7789 ) ;
#689 = EDGE_CURVE ( 'NONE', #7104, #6600, #7177, .T. ) ;
#690 = EDGE_CURVE ( 'NONE', #3382, #504, #7834, .T. ) ;
#691 = DIRECTION ( 'NONE',  ( 0.000000000000000000, -1.000000000000000000, 0.000000000000000000 ) ) ;
#692 = LINE ( 'NONE', #4837, #7539 ) ;
#693 = CARTESIAN_POINT ( 'NONE',  ( 2.699999999999996625, 10.30000000000000249, -5.570000000000002061 ) ) ;
#694 = EDGE_CURVE ( 'NONE', #7941, #2102, #5179, .T. ) ;
#695 = CARTESIAN_POINT ( 'NONE',  ( 4.299999999999994493, 4.500000000000000888, -3.200000000000002398 ) ) ;
#696 = CARTESIAN_POINT ( 'NONE',  ( -2.051538277672281030, 9.819410100706008393, 3.151538277672282451 ) ) ;
#697 = ORIENTED_EDGE ( 'NONE', *, *, #6517, .F. ) ;
#698 = VERTEX_POINT ( 'NONE', #7883 ) ;
#699 = LINE ( 'NONE', #7916, #7520 ) ;
#700 = ORIENTED_EDGE ( 'NONE', *, *, #32, .T. ) ;
#701 = LINE ( 'NONE', #2699, #5724 ) ;
#702 = EDGE_LOOP ( 'NONE', ( #7574, #8692, #529, #6356, #4999 ) ) ;
#703 = ORIENTED_EDGE ( 'NONE', *, *, #5716, .F. ) ;
#704 = CARTESIAN_POINT ( 'NONE',  ( 1.680000000000006599, 16.60000000000000142, -0.5800000000000006262 ) ) ;
#705 = LINE ( 'NONE', #1284, #4611 ) ;
#706 = DIRECTION ( 'NONE',  ( 0.000000000000000000, 1.000000000000000000, 0.000000000000000000 ) ) ;
#707 = ORIENTED_EDGE ( 'NONE', *, *, #8647, .T. ) ;
#708 = CARTESIAN_POINT ( 'NONE',  ( 2.319999999999998064, 9.700000000000001066, 3.419999999999999485 ) ) ;
#709 = DIRECTION ( 'NONE',  ( 0.1305261922200518232, -0.9914448613738103822, 0.000000000000000000 ) ) ;
#710 = VERTEX_POINT ( 'NONE', #1832 ) ;
#711 = DIRECTION ( 'NONE',  ( 5.421010862427532031E-16, 0.000000000000000000, 1.000000000000000000 ) ) ;
#712 = DIRECTION ( 'NONE',  ( 1.000000000000000000, 0.000000000000000000, -0.000000000000000000 ) ) ;
#713 = DIRECTION ( 'NONE',  ( 7.944584884591897520E-17, 0.000000000000000000, 1.000000000000000000 ) ) ;
#714 = FACE_OUTER_BOUND ( 'NONE', #2294, .T. ) ;
#715 = DIRECTION ( 'NONE',  ( -1.045014142154703195E-15, 0.000000000000000000, -1.000000000000000000 ) ) ;
#716 = ORIENTED_EDGE ( 'NONE', *, *, #5266, .F. ) ;
#717 = DIRECTION ( 'NONE',  ( 1.000000000000000000, 0.000000000000000000, -1.355252715606880543E-16 ) ) ;
#718 = PLANE ( 'NONE',  #3194 ) ;
#719 = VERTEX_POINT ( 'NONE', #7752 ) ;
#720 = VERTEX_POINT ( 'NONE', #1783 ) ;
#721 = EDGE_CURVE ( 'NONE', #6413, #7013, #5882, .T. ) ;
#722 = VERTEX_POINT ( 'NONE', #2535 ) ;
#723 = LINE ( 'NONE', #2812, #7543 ) ;
#724 = CARTESIAN_POINT ( 'NONE',  ( -0.3499999999999999778, 28.50378091196238373, 5.200000000000001066 ) ) ;
#725 = EDGE_CURVE ( 'NONE', #3005, #6085, #7048, .T. ) ;
#726 = CARTESIAN_POINT ( 'NONE',  ( 3.199999999999996625, 10.30000000000000426, -5.568543856465403508 ) ) ;
#727 = CARTESIAN_POINT ( 'NONE',  ( 3.399999999999983924, 28.50378091196238373, -3.200000000000012168 ) ) ;
#728 = CARTESIAN_POINT ( 'NONE',  ( -0.9499999999999999556, 4.500000000000000888, 5.500000000000000000 ) ) ;
#729 = ADVANCED_FACE ( 'NONE', ( #6423 ), #5794, .F. ) ;
#730 = CARTESIAN_POINT ( 'NONE',  ( -0.3200000000000008948, -3.299999999999999378, 2.999999999999999112 ) ) ;
#731 = ORIENTED_EDGE ( 'NONE', *, *, #4300, .T. ) ;
#732 = VERTEX_POINT ( 'NONE', #4488 ) ;
#733 = CARTESIAN_POINT ( 'NONE',  ( 4.299999999999984723, 4.500000000000000888, -3.200000000000015721 ) ) ;
#734 = CARTESIAN_POINT ( 'NONE',  ( 3.399999999999995914, 4.900000000000000355, -3.199999999999999289 ) ) ;
#735 = ORIENTED_EDGE ( 'NONE', *, *, #111, .F. ) ;
#736 = DIRECTION ( 'NONE',  ( 0.000000000000000000, 0.000000000000000000, 1.000000000000000000 ) ) ;
#737 = EDGE_CURVE ( 'NONE', #853, #7952, #368, .T. ) ;
#738 = AXIS2_PLACEMENT_3D ( 'NONE', #5531, #4306, #1560 ) ;
#739 = CARTESIAN_POINT ( 'NONE',  ( 0.3499999999999999778, 4.900000000000000355, 5.200000000000001066 ) ) ;
#740 = EDGE_LOOP ( 'NONE', ( #6281, #6705, #5320, #5933, #5741, #6345 ) ) ;
#741 = ORIENTED_EDGE ( 'NONE', *, *, #7238, .F. ) ;
#742 = VECTOR ( 'NONE', #674, 1000.000000000000000 ) ;
#743 = LINE ( 'NONE', #2076, #8308 ) ;
#744 = FACE_OUTER_BOUND ( 'NONE', #8287, .T. ) ;
#745 = LINE ( 'NONE', #3454, #2291 ) ;
#746 = ORIENTED_EDGE ( 'NONE', *, *, #6743, .T. ) ;
#747 = DIRECTION ( 'NONE',  ( 0.000000000000000000, 0.000000000000000000, 1.000000000000000000 ) ) ;
#748 = DIRECTION ( 'NONE',  ( -2.478176394252582521E-15, 0.000000000000000000, -1.000000000000000000 ) ) ;
#749 = ORIENTED_EDGE ( 'NONE', *, *, #8193, .F. ) ;
#750 = AXIS2_PLACEMENT_3D ( 'NONE', #4624, #8549, #2581 ) ;
#751 = ADVANCED_FACE ( 'NONE', ( #3370 ), #1739, .T. ) ;
#752 = ADVANCED_FACE ( 'NONE', ( #8055 ), #2619, .F. ) ;
#753 = CARTESIAN_POINT ( 'NONE',  ( -4.450000000000000178, 0.000000000000000000, -2.850000000000000089 ) ) ;
#754 = DIRECTION ( 'NONE',  ( 1.000000000000000000, 0.000000000000000000, 1.363224790404558261E-15 ) ) ;
#755 = LINE ( 'NONE', #4262, #8652 ) ;
#756 = CIRCLE ( 'NONE', #3025, 2.250000000000000888 ) ;
#757 = CARTESIAN_POINT ( 'NONE',  ( 1.881436415605462598, 9.635259583954569607, -0.7814364156054558475 ) ) ;
#758 = DIRECTION ( 'NONE',  ( 2.892615177179568581E-16, 1.000000000000000000, 0.000000000000000000 ) ) ;
#759 = ORIENTED_EDGE ( 'NONE', *, *, #6689, .T. ) ;
#760 = MECHANICAL_DESIGN_GEOMETRIC_PRESENTATION_REPRESENTATION (  '', ( #4860 ), #6836 ) ;
#761 = CARTESIAN_POINT ( 'NONE',  ( 1.150000000000004130, 16.60000000000000142, 6.099999999999999645 ) ) ;
#762 = DIRECTION ( 'NONE',  ( -1.000000000000000000, 0.000000000000000000, 3.836157981375497286E-15 ) ) ;
#763 = ORIENTED_EDGE ( 'NONE', *, *, #721, .T. ) ;
#764 = VERTEX_POINT ( 'NONE', #543 ) ;
#765 = VERTEX_POINT ( 'NONE', #6730 ) ;
#766 = CARTESIAN_POINT ( 'NONE',  ( -4.299999999999995381, 14.49999999999999822, 3.600000000000000533 ) ) ;
#767 = CARTESIAN_POINT ( 'NONE',  ( -4.649999999999995914, 0.000000000000000000, 3.600000000000000533 ) ) ;
#768 = CARTESIAN_POINT ( 'NONE',  ( 4.649999999999998579, 0.2500000000000002220, 3.599999999999997424 ) ) ;
#769 = DIRECTION ( 'NONE',  ( -5.215919954004830835E-16, 0.000000000000000000, 1.000000000000000000 ) ) ;
#770 = EDGE_CURVE ( 'NONE', #1579, #994, #7353, .T. ) ;
#771 = DIRECTION ( 'NONE',  ( -0.000000000000000000, -1.000000000000000000, -0.000000000000000000 ) ) ;
#772 = VECTOR ( 'NONE', #6171, 1000.000000000000000 ) ;
#773 = PLANE ( 'NONE',  #8109 ) ;
#774 = EDGE_CURVE ( 'NONE', #3783, #5153, #2573, .T. ) ;
#775 = ADVANCED_FACE ( 'NONE', ( #583 ), #1285, .F. ) ;
#776 = ORIENTED_EDGE ( 'NONE', *, *, #8633, .F. ) ;
#777 = VECTOR ( 'NONE', #4119, 1000.000000000000000 ) ;
#778 = CIRCLE ( 'NONE', #8545, 0.5000000000000000000 ) ;
#779 = VERTEX_POINT ( 'NONE', #1200 ) ;
#780 = CARTESIAN_POINT ( 'NONE',  ( -2.315778573866617673, -2.743378540272632282, 2.779999999999999361 ) ) ;
#781 = EDGE_CURVE ( 'NONE', #4751, #4270, #7667, .T. ) ;
#782 = DIRECTION ( 'NONE',  ( 0.000000000000000000, -0.000000000000000000, 1.000000000000000000 ) ) ;
#783 = EDGE_CURVE ( 'NONE', #2695, #4601, #2446, .T. ) ;
#784 = CARTESIAN_POINT ( 'NONE',  ( 1.150000000000004130, 16.60000000000000142, 6.099999999999999645 ) ) ;
#785 = VECTOR ( 'NONE', #218, 1000.000000000000000 ) ;
#786 = VECTOR ( 'NONE', #3512, 1000.000000000000114 ) ;
#787 = FACE_OUTER_BOUND ( 'NONE', #7019, .T. ) ;
#788 = EDGE_CURVE ( 'NONE', #8338, #8263, #3297, .T. ) ;
#789 = ORIENTED_EDGE ( 'NONE', *, *, #3659, .T. ) ;
#790 = ORIENTED_EDGE ( 'NONE', *, *, #6579, .T. ) ;
#791 = ORIENTED_EDGE ( 'NONE', *, *, #7497, .T. ) ;
#792 = CIRCLE ( 'NONE', #2038, 0.2500000000000002220 ) ;
#793 = AXIS2_PLACEMENT_3D ( 'NONE', #1497, #6938, #2341 ) ;
#794 = LINE ( 'NONE', #2298, #8591 ) ;
#795 = VECTOR ( 'NONE', #5911, 1000.000000000000000 ) ;
#796 = EDGE_CURVE ( 'NONE', #3518, #4450, #4659, .T. ) ;
#797 = CARTESIAN_POINT ( 'NONE',  ( -0.8499999999999999778, 16.40000000000000213, 6.100000000000000533 ) ) ;
#798 = DIRECTION ( 'NONE',  ( 1.342665229084215866E-16, -1.000000000000000000, 0.000000000000000000 ) ) ;
#799 = VERTEX_POINT ( 'NONE', #4038 ) ;
#800 = EDGE_CURVE ( 'NONE', #2310, #1752, #8625, .T. ) ;
#801 = CARTESIAN_POINT ( 'NONE',  ( 0.3199999999999991740, 1.000000000000004441, 3.419999999999999485 ) ) ;
#802 = CARTESIAN_POINT ( 'NONE',  ( -2.323186965781464330, -2.687106216916753887, 3.419999999999999485 ) ) ;
#803 = VERTEX_POINT ( 'NONE', #8712 ) ;
#804 = DIRECTION ( 'NONE',  ( -0.1305261922200518232, -0.9914448613738103822, 0.000000000000000000 ) ) ;
#805 =( GEOMETRIC_REPRESENTATION_CONTEXT ( 3 ) GLOBAL_UNCERTAINTY_ASSIGNED_CONTEXT ( ( #3753 ) ) GLOBAL_UNIT_ASSIGNED_CONTEXT ( ( #5679, #4271, #2185 ) ) REPRESENTATION_CONTEXT ( 'NONE', 'WORKASPACE' ) );
#806 = DIRECTION ( 'NONE',  ( 0.8870108331782212696, 0.4617486132350347994, 0.000000000000000000 ) ) ;
#807 = LINE ( 'NONE', #2712, #4019 ) ;
#808 = DIRECTION ( 'NONE',  ( -0.000000000000000000, -1.000000000000000000, -0.000000000000000000 ) ) ;
#809 = ORIENTED_EDGE ( 'NONE', *, *, #654, .T. ) ;
#810 = ADVANCED_FACE ( 'NONE', ( #6645 ), #1324, .T. ) ;
#811 = PLANE ( 'NONE',  #7457 ) ;
#812 = CARTESIAN_POINT ( 'NONE',  ( -2.399999999999996358, 11.00000000000000000, -3.199999999999999289 ) ) ;
#813 = CLOSED_SHELL ( 'NONE', ( #274, #1221, #2089, #6678, #7698, #4462, #4681, #31, #752, #775, #5108, #6359, #110, #7492, #4637, #7443, #6657, #4145, #3827, #1663, #8528, #1423, #8142, #6545, #4642, #2465, #6731, #7122, #2248, #7844, #7432, #729, #684, #5328, #1722, #8353, #5229, #6785, #8717, #7699, #7528 ) ) ;
#814 = VERTEX_POINT ( 'NONE', #6012 ) ;
#815 = VERTEX_POINT ( 'NONE', #4615 ) ;
#816 = ORIENTED_EDGE ( 'NONE', *, *, #7074, .T. ) ;
#817 = DIRECTION ( 'NONE',  ( -3.811648262644353104E-15, 0.000000000000000000, 1.000000000000000000 ) ) ;
#818 = CARTESIAN_POINT ( 'NONE',  ( 0.3200000000000056688, 9.095554967719976958, -1.220000000000000639 ) ) ;
#819 = AXIS2_PLACEMENT_3D ( 'NONE', #8728, #8031, #6111 ) ;
#820 = CARTESIAN_POINT ( 'NONE',  ( 2.323186965781464330, -2.687106216916753887, 2.779999999999999361 ) ) ;
#821 = DIRECTION ( 'NONE',  ( -0.000000000000000000, 1.000000000000000000, -0.000000000000000000 ) ) ;
#822 = VECTOR ( 'NONE', #2750, 1000.000000000000000 ) ;
#823 = PLANE ( 'NONE',  #8580 ) ;
#824 = ORIENTED_EDGE ( 'NONE', *, *, #6401, .F. ) ;
#825 = VECTOR ( 'NONE', #5255, 1000.000000000000000 ) ;
#826 = EDGE_LOOP ( 'NONE', ( #1547, #741, #1699, #8218 ) ) ;
#827 = DIRECTION ( 'NONE',  ( -0.000000000000000000, 0.000000000000000000, -1.000000000000000000 ) ) ;
#828 = DIRECTION ( 'NONE',  ( 1.000000000000000000, 0.000000000000000000, -0.000000000000000000 ) ) ;
#829 = DIRECTION ( 'NONE',  ( 5.500731610404397960E-16, 0.000000000000000000, 1.000000000000000000 ) ) ;
#830 = DIRECTION ( 'NONE',  ( 0.000000000000000000, -1.000000000000000000, -0.000000000000000000 ) ) ;
#831 = VECTOR ( 'NONE', #5893, 1000.000000000000000 ) ;
#832 = CARTESIAN_POINT ( 'NONE',  ( -0.7500000000000000000, 4.500000000000000888, 5.999999999999995559 ) ) ;
#833 = ORIENTED_EDGE ( 'NONE', *, *, #4555, .T. ) ;
#834 = VERTEX_POINT ( 'NONE', #5927 ) ;
#835 = VERTEX_POINT ( 'NONE', #2665 ) ;
#836 = ADVANCED_FACE ( 'NONE', ( #5313, #7431 ), #4082, .F. ) ;
#837 = CARTESIAN_POINT ( 'NONE',  ( 4.649999999999998579, 0.000000000000000000, 3.599999999999997424 ) ) ;
#838 = PLANE ( 'NONE',  #518 ) ;
#839 = LINE ( 'NONE', #7608, #1872 ) ;
#840 = PRODUCT_DEFINITION_SHAPE ( 'NONE', 'NONE',  #8753 ) ;
#841 = EDGE_CURVE ( 'NONE', #1408, #1807, #2746, .T. ) ;
#842 = ORIENTED_EDGE ( 'NONE', *, *, #4213, .F. ) ;
#843 = CARTESIAN_POINT ( 'NONE',  ( 0.9500000000000219380, 4.500000000000000888, 5.699999999999995737 ) ) ;
#844 = ADVANCED_FACE ( 'NONE', ( #8019 ), #1994, .T. ) ;
#845 = PRESENTATION_STYLE_ASSIGNMENT (( #2052 ) ) ;
#846 = ORIENTED_EDGE ( 'NONE', *, *, #4069, .F. ) ;
#847 = CARTESIAN_POINT ( 'NONE',  ( -2.399999999999980815, 4.500000000000000888, -3.199999999999985967 ) ) ;
#848 = EDGE_CURVE ( 'NONE', #5153, #5080, #6277, .T. ) ;
#849 = LINE ( 'NONE', #936, #76 ) ;
#850 = LINE ( 'NONE', #3551, #3866 ) ;
#851 = LINE ( 'NONE', #2002, #7264 ) ;
#852 = LINE ( 'NONE', #3596, #2494 ) ;
#853 = VERTEX_POINT ( 'NONE', #7775 ) ;
#854 = CARTESIAN_POINT ( 'NONE',  ( -1.826579095035063642E-15, -2.695554967719985484, 2.779999999999999361 ) ) ;
#855 = FACE_OUTER_BOUND ( 'NONE', #1234, .T. ) ;
#856 = ORIENTED_EDGE ( 'NONE', *, *, #5001, .T. ) ;
#857 = EDGE_LOOP ( 'NONE', ( #2740, #7236, #7579, #4121 ) ) ;
#858 = ORIENTED_EDGE ( 'NONE', *, *, #7839, .F. ) ;
#859 = DIRECTION ( 'NONE',  ( -0.2047927057592100475, 0.9237601993560261571, -0.3236155771181854490 ) ) ;
#860 = DIRECTION ( 'NONE',  ( 0.3502073812594685975, 0.9366721892483971246, -0.000000000000000000 ) ) ;
#861 = CARTESIAN_POINT ( 'NONE',  ( -0.9499999999999999556, 16.40000000000000213, 5.699999999999999289 ) ) ;
#862 = DIRECTION ( 'NONE',  ( -0.000000000000000000, -1.000000000000000000, 0.000000000000000000 ) ) ;
#863 = FACE_OUTER_BOUND ( 'NONE', #3842, .T. ) ;
#864 = ORIENTED_EDGE ( 'NONE', *, *, #6122, .F. ) ;
#865 = ORIENTED_EDGE ( 'NONE', *, *, #6738, .F. ) ;
#866 = VERTEX_POINT ( 'NONE', #7561 ) ;
#867 = CARTESIAN_POINT ( 'NONE',  ( -2.399999999999995914, 0.2500000000000071609, 6.099999999999999645 ) ) ;
#868 = DIRECTION ( 'NONE',  ( -0.000000000000000000, 1.000000000000000000, 0.000000000000000000 ) ) ;
#869 = DIRECTION ( 'NONE',  ( 0.000000000000000000, 0.000000000000000000, -1.000000000000000000 ) ) ;
#870 = DIRECTION ( 'NONE',  ( 0.000000000000000000, 0.7071067811865449082, 0.7071067811865502373 ) ) ;
#871 = ORIENTED_EDGE ( 'NONE', *, *, #2760, .T. ) ;
#872 = ORIENTED_EDGE ( 'NONE', *, *, #5116, .T. ) ;
#873 = ORIENTED_EDGE ( 'NONE', *, *, #7238, .T. ) ;
#874 = CARTESIAN_POINT ( 'NONE',  ( -3.200000000000000622, 16.60000000000000142, -5.570000000000000284 ) ) ;
#875 = LINE ( 'NONE', #1507, #651 ) ;
#876 = CARTESIAN_POINT ( 'NONE',  ( -4.735952839821738536, 2.710505431213761085E-16, -2.039531663282984741 ) ) ;
#877 = ORIENTED_EDGE ( 'NONE', *, *, #4574, .T. ) ;
#878 = EDGE_CURVE ( 'NONE', #4756, #7436, #8224, .T. ) ;
#879 = VECTOR ( 'NONE', #5145, 1000.000000000000000 ) ;
#880 = VECTOR ( 'NONE', #1115, 1000.000000000000000 ) ;
#881 = FACE_OUTER_BOUND ( 'NONE', #6227, .T. ) ;
#882 = ORIENTED_EDGE ( 'NONE', *, *, #7611, .F. ) ;
#883 = EDGE_CURVE ( 'NONE', #6001, #1716, #3988, .T. ) ;
#884 = EDGE_CURVE ( 'NONE', #1106, #7279, #5482, .T. ) ;
#885 = DIRECTION ( 'NONE',  ( 0.000000000000000000, -1.000000000000000000, 0.000000000000000000 ) ) ;
#886 = CARTESIAN_POINT ( 'NONE',  ( -0.3200000000000000067, 9.095554967719982287, 3.419999999999999485 ) ) ;
#887 = LINE ( 'NONE', #2973, #6820 ) ;
#888 = EDGE_CURVE ( 'NONE', #3456, #1889, #8434, .T. ) ;
#889 = DIRECTION ( 'NONE',  ( 6.776263578034403699E-16, 0.000000000000000000, 1.000000000000000000 ) ) ;
#890 = AXIS2_PLACEMENT_3D ( 'NONE', #6821, #7646, #4046 ) ;
#891 = DIRECTION ( 'NONE',  ( -0.000000000000000000, -1.000000000000000000, -0.000000000000000000 ) ) ;
#892 = VERTEX_POINT ( 'NONE', #3047 ) ;
#893 = LINE ( 'NONE', #986, #3237 ) ;
#894 = CARTESIAN_POINT ( 'NONE',  ( 1.199999999999995737, 9.999999999999998224, -5.399999999999999467 ) ) ;
#895 = VERTEX_POINT ( 'NONE', #6231 ) ;
#896 = ORIENTED_EDGE ( 'NONE', *, *, #362, .F. ) ;
#897 = VERTEX_POINT ( 'NONE', #2829 ) ;
#898 = AXIS2_PLACEMENT_3D ( 'NONE', #7322, #1843, #1798 ) ;
#899 = CARTESIAN_POINT ( 'NONE',  ( -2.168404344971008868E-16, 4.500000000000000888, -4.194444401457435134 ) ) ;
#900 = CARTESIAN_POINT ( 'NONE',  ( -2.319999999999991402, 16.60000000000000142, -0.5800000000000006262 ) ) ;
#901 = CARTESIAN_POINT ( 'NONE',  ( -4.450000000000000178, -1.199999999999999956, -2.400000000000000355 ) ) ;
#902 = VECTOR ( 'NONE', #1925, 1000.000000000000000 ) ;
#903 = EDGE_CURVE ( 'NONE', #4206, #892, #4283, .T. ) ;
#904 = VERTEX_POINT ( 'NONE', #88 ) ;
#905 = VECTOR ( 'NONE', #1764, 1000.000000000000000 ) ;
#906 = DIRECTION ( 'NONE',  ( 0.000000000000000000, -0.000000000000000000, 1.000000000000000000 ) ) ;
#907 = CIRCLE ( 'NONE', #7408, 1.899999999999999245 ) ;
#908 = CARTESIAN_POINT ( 'NONE',  ( 0.000000000000000000, 0.000000000000000000, 0.000000000000000000 ) ) ;
#909 = VERTEX_POINT ( 'NONE', #8138 ) ;
#910 = ORIENTED_EDGE ( 'NONE', *, *, #3605, .F. ) ;
#911 = MECHANICAL_DESIGN_GEOMETRIC_PRESENTATION_REPRESENTATION (  '', ( #3460 ), #5994 ) ;
#912 = ORIENTED_EDGE ( 'NONE', *, *, #2567, .F. ) ;
#913 = FACE_BOUND ( 'NONE', #1390, .T. ) ;
#914 = DIRECTION ( 'NONE',  ( 0.000000000000000000, -1.000000000000000000, -0.000000000000000000 ) ) ;
#915 = CARTESIAN_POINT ( 'NONE',  ( 1.599999999999996092, 14.00000000000000000, -5.700000000000000178 ) ) ;
#916 = CARTESIAN_POINT ( 'NONE',  ( -4.299999999999995381, 14.49999999999999822, 1.200000000000000622 ) ) ;
#917 = EDGE_CURVE ( 'NONE', #2945, #81, #1508, .T. ) ;
#918 = VECTOR ( 'NONE', #4087, 1000.000000000000000 ) ;
#919 = AXIS2_PLACEMENT_3D ( 'NONE', #7486, #2100, #6789 ) ;
#920 = CARTESIAN_POINT ( 'NONE',  ( -1.680000000000001048, 9.081817580622701058, 2.779999999999999361 ) ) ;
#921 = EDGE_CURVE ( 'NONE', #7286, #7506, #5075, .T. ) ;
#922 = ORIENTED_EDGE ( 'NONE', *, *, #6406, .F. ) ;
#923 = ORIENTED_EDGE ( 'NONE', *, *, #1881, .T. ) ;
#924 = VERTEX_POINT ( 'NONE', #4862 ) ;
#925 = CARTESIAN_POINT ( 'NONE',  ( 2.399999999999999023, 0.2500000000000002220, 3.599999999999998757 ) ) ;
#926 = CYLINDRICAL_SURFACE ( 'NONE', #180, 0.2500000000000002220 ) ;
#927 = CARTESIAN_POINT ( 'NONE',  ( 0.3199999999999991740, 4.500000000000003553, 3.419999999999999485 ) ) ;
#928 = AXIS2_PLACEMENT_3D ( 'NONE', #3149, #4529, #6602 ) ;
#929 = VERTEX_POINT ( 'NONE', #2124 ) ;
#930 = LINE ( 'NONE', #2354, #4734 ) ;
#931 = VECTOR ( 'NONE', #641, 1000.000000000000000 ) ;
#932 = APPLICATION_PROTOCOL_DEFINITION ( 'draft international standard', 'automotive_design', 1998, #1232 ) ;
#933 = ORIENTED_EDGE ( 'NONE', *, *, #8146, .T. ) ;
#934 = AXIS2_PLACEMENT_3D ( 'NONE', #8171, #2574, #7595 ) ;
#935 = CARTESIAN_POINT ( 'NONE',  ( 2.019422874673658885, -3.270631606750487919, 3.005000000000000782 ) ) ;
#936 = CARTESIAN_POINT ( 'NONE',  ( 0.9500000000000211609, 28.50378091196238373, 5.499999999999996447 ) ) ;
#937 = FACE_OUTER_BOUND ( 'NONE', #557, .T. ) ;
#938 = LINE ( 'NONE', #1072, #7397 ) ;
#939 = DIRECTION ( 'NONE',  ( 0.000000000000000000, -1.000000000000000000, 0.000000000000000000 ) ) ;
#940 = VERTEX_POINT ( 'NONE', #6907 ) ;
#941 = LINE ( 'NONE', #3556, #4774 ) ;
#942 = DIRECTION ( 'NONE',  ( 0.000000000000000000, 1.000000000000000000, 0.000000000000000000 ) ) ;
#943 = ORIENTED_EDGE ( 'NONE', *, *, #921, .T. ) ;
#944 = VERTEX_POINT ( 'NONE', #7111 ) ;
#945 = EDGE_LOOP ( 'NONE', ( #5904, #8590, #4405, #882, #5671, #3808, #7843, #183 ) ) ;
#946 = STYLED_ITEM ( 'NONE', ( #8243 ), #181 ) ;
#947 = ADVANCED_FACE ( 'NONE', ( #6148 ), #2080, .F. ) ;
#948 = CARTESIAN_POINT ( 'NONE',  ( 0.3200000000000081113, 4.500000000000000888, -1.220000000000000639 ) ) ;
#949 = FILL_AREA_STYLE_COLOUR ( '', #2074 ) ;
#950 = CARTESIAN_POINT ( 'NONE',  ( 1.680000000000000160, 9.700000000000001066, 3.194999999999998952 ) ) ;
#951 = EDGE_CURVE ( 'NONE', #4629, #924, #745, .T. ) ;
#952 = VERTEX_POINT ( 'NONE', #6946 ) ;
#953 = CARTESIAN_POINT ( 'NONE',  ( -1.679999999999993276, -0.6150000000000054312, -0.5800000000000006262 ) ) ;
#954 = EDGE_CURVE ( 'NONE', #2055, #455, #2788, .T. ) ;
#955 = DIRECTION ( 'NONE',  ( -0.000000000000000000, 0.000000000000000000, -1.000000000000000000 ) ) ;
#956 = ORIENTED_EDGE ( 'NONE', *, *, #4489, .F. ) ;
#957 = ORIENTED_EDGE ( 'NONE', *, *, #5539, .F. ) ;
#958 = EDGE_CURVE ( 'NONE', #719, #8037, #839, .T. ) ;
#959 = VECTOR ( 'NONE', #6390, 1000.000000000000000 ) ;
#960 = ORIENTED_EDGE ( 'NONE', *, *, #5116, .F. ) ;
#961 = CARTESIAN_POINT ( 'NONE',  ( 2.999999999999996003, 4.900000000000000355, -3.294444401457438332 ) ) ;
#962 = ADVANCED_FACE ( 'NONE', ( #1456 ), #4165, .F. ) ;
#963 = CARTESIAN_POINT ( 'NONE',  ( -2.319999999999991402, 9.699999999999995737, -0.5800000000000006262 ) ) ;
#964 = VECTOR ( 'NONE', #4391, 1000.000000000000000 ) ;
#965 = DIRECTION ( 'NONE',  ( -0.9063077870366478273, 0.000000000000000000, 0.4226182617407041597 ) ) ;
#966 = VECTOR ( 'NONE', #2845, 1000.000000000000000 ) ;
#967 = DIRECTION ( 'NONE',  ( 0.000000000000000000, 0.000000000000000000, -1.000000000000000000 ) ) ;
#968 = FACE_OUTER_BOUND ( 'NONE', #4277, .T. ) ;
#969 = ORIENTED_EDGE ( 'NONE', *, *, #1314, .T. ) ;
#970 = AXIS2_PLACEMENT_3D ( 'NONE', #4948, #3760, #4423 ) ;
#971 = ORIENTED_EDGE ( 'NONE', *, *, #1823, .F. ) ;
#972 = ORIENTED_EDGE ( 'NONE', *, *, #6798, .T. ) ;
#973 = CARTESIAN_POINT ( 'NONE',  ( -1.905000000000001359, 9.700000000000001066, 3.194999999999998952 ) ) ;
#974 = DIRECTION ( 'NONE',  ( 0.000000000000000000, 0.000000000000000000, 1.000000000000000000 ) ) ;
#975 = FACE_OUTER_BOUND ( 'NONE', #7348, .T. ) ;
#976 = ORIENTED_EDGE ( 'NONE', *, *, #6019, .T. ) ;
#977 = DIRECTION ( 'NONE',  ( 3.963711178138497761E-15, 0.000000000000000000, 1.000000000000000000 ) ) ;
#978 = VECTOR ( 'NONE', #8599, 1000.000000000000000 ) ;
#979 = EDGE_LOOP ( 'NONE', ( #5903, #3230, #3425, #972, #6456, #589, #3784, #3443 ) ) ;
#980 = LINE ( 'NONE', #7654, #6617 ) ;
#981 = CARTESIAN_POINT ( 'NONE',  ( -0.3500000000000000333, 28.50378091196238373, 4.700000000000000178 ) ) ;
#982 = CARTESIAN_POINT ( 'NONE',  ( 4.299999999999995381, 4.500000000000000888, -0.8000000000000028200 ) ) ;
#983 = CARTESIAN_POINT ( 'NONE',  ( 1.150000000000004130, 0.2500000000000071609, 6.099999999999999645 ) ) ;
#984 = DIRECTION ( 'NONE',  ( -3.614007241618390679E-16, 0.000000000000000000, 1.000000000000000000 ) ) ;
#985 = ORIENTED_EDGE ( 'NONE', *, *, #2466, .T. ) ;
#986 = CARTESIAN_POINT ( 'NONE',  ( 2.320000000000004281, 1.000000000000000000, -0.3999999999999998002 ) ) ;
#987 = PLANE ( 'NONE',  #2343 ) ;
#988 = ORIENTED_EDGE ( 'NONE', *, *, #1658, .T. ) ;
#989 = ORIENTED_EDGE ( 'NONE', *, *, #3954, .T. ) ;
#990 = ORIENTED_EDGE ( 'NONE', *, *, #6082, .T. ) ;
#991 = FACE_OUTER_BOUND ( 'NONE', #2707, .T. ) ;
#992 = DIRECTION ( 'NONE',  ( 8.673617379884027583E-16, 0.000000000000000000, 1.000000000000000000 ) ) ;
#993 = DIRECTION ( 'NONE',  ( 0.000000000000000000, 0.000000000000000000, -1.000000000000000000 ) ) ;
#994 = VERTEX_POINT ( 'NONE', #131 ) ;
#995 = DIRECTION ( 'NONE',  ( 6.776263578034403699E-16, -0.000000000000000000, 1.000000000000000000 ) ) ;
#996 = EDGE_CURVE ( 'NONE', #2273, #149, #8222, .T. ) ;
#997 = CARTESIAN_POINT ( 'NONE',  ( 2.499999999999995559, 4.500000000000000888, -3.794444401457438332 ) ) ;
#998 = ORIENTED_EDGE ( 'NONE', *, *, #8294, .F. ) ;
#999 = ORIENTED_EDGE ( 'NONE', *, *, #8193, .T. ) ;
#1000 = ORIENTED_EDGE ( 'NONE', *, *, #2221, .T. ) ;
#1001 = EDGE_CURVE ( 'NONE', #1220, #7624, #2216, .T. ) ;
#1002 = EDGE_CURVE ( 'NONE', #1766, #834, #2428, .T. ) ;
#1003 = ORIENTED_EDGE ( 'NONE', *, *, #8215, .T. ) ;
#1004 = PLANE ( 'NONE',  #6307 ) ;
#1005 = ADVANCED_FACE ( 'NONE', ( #3846 ), #3179, .F. ) ;
#1006 = PLANE ( 'NONE',  #5319 ) ;
#1007 = CARTESIAN_POINT ( 'NONE',  ( -0.9499999999999999556, 4.500000000000000888, 5.699999999999999289 ) ) ;
#1008 = ORIENTED_EDGE ( 'NONE', *, *, #6802, .T. ) ;
#1009 = ORIENTED_EDGE ( 'NONE', *, *, #1235, .T. ) ;
#1010 = DIRECTION ( 'NONE',  ( 0.000000000000000000, 0.000000000000000000, 1.000000000000000000 ) ) ;
#1011 = DIRECTION ( 'NONE',  ( -2.168404344971012812E-15, 0.000000000000000000, -1.000000000000000000 ) ) ;
#1012 = EDGE_CURVE ( 'NONE', #4777, #814, #3288, .T. ) ;
#1013 = ORIENTED_EDGE ( 'NONE', *, *, #5757, .F. ) ;
#1014 = CARTESIAN_POINT ( 'NONE',  ( -1.688662254502225846, -2.603569453895921093, 2.779999999999999361 ) ) ;
#1015 = VECTOR ( 'NONE', #1480, 1000.000000000000000 ) ;
#1016 = DIRECTION ( 'NONE',  ( 1.000000000000000000, 0.000000000000000000, 0.000000000000000000 ) ) ;
#1017 = DIRECTION ( 'NONE',  ( 0.000000000000000000, -1.000000000000000000, 0.000000000000000000 ) ) ;
#1018 = LINE ( 'NONE', #1650, #6292 ) ;
#1019 = DIRECTION ( 'NONE',  ( 0.000000000000000000, 1.000000000000000000, 0.000000000000000000 ) ) ;
#1020 = FACE_OUTER_BOUND ( 'NONE', #1413, .T. ) ;
#1021 = CARTESIAN_POINT ( 'NONE',  ( -1.607973257203528794, -3.216463236979166584, 3.005000000000000782 ) ) ;
#1022 = AXIS2_PLACEMENT_3D ( 'NONE', #5396, #5358, #6684 ) ;
#1023 = DIRECTION ( 'NONE',  ( 0.3236155771181807861, 0.8891264907159902586, -0.3236155771181835061 ) ) ;
#1024 = DIRECTION ( 'NONE',  ( 0.000000000000000000, 0.000000000000000000, -1.000000000000000000 ) ) ;
#1025 = EDGE_CURVE ( 'NONE', #6497, #5785, #5948, .T. ) ;
#1026 = ORIENTED_EDGE ( 'NONE', *, *, #8630, .T. ) ;
#1027 = ORIENTED_EDGE ( 'NONE', *, *, #5383, .T. ) ;
#1028 = ADVANCED_FACE ( 'NONE', ( #1894 ), #7157, .F. ) ;
#1029 = ORIENTED_EDGE ( 'NONE', *, *, #800, .T. ) ;
#1030 = VECTOR ( 'NONE', #5124, 1000.000000000000000 ) ;
#1031 = CARTESIAN_POINT ( 'NONE',  ( 2.400000000000014122, 28.50378091196238373, 4.599999999999991651 ) ) ;
#1032 = FACE_OUTER_BOUND ( 'NONE', #4007, .T. ) ;
#1033 = DIRECTION ( 'NONE',  ( 1.000000000000000000, 0.000000000000000000, -2.077294918711725632E-15 ) ) ;
#1034 = FACE_OUTER_BOUND ( 'NONE', #2210, .T. ) ;
#1035 = ORIENTED_EDGE ( 'NONE', *, *, #2632, .F. ) ;
#1036 = DIRECTION ( 'NONE',  ( 8.659560562354966138E-17, 0.7071067811865449082, -0.7071067811865502373 ) ) ;
#1037 = CARTESIAN_POINT ( 'NONE',  ( 0.000000000000000000, 0.000000000000000000, 0.000000000000000000 ) ) ;
#1038 = VERTEX_POINT ( 'NONE', #5864 ) ;
#1039 = ORIENTED_EDGE ( 'NONE', *, *, #7310, .T. ) ;
#1040 = VECTOR ( 'NONE', #3552, 1000.000000000000000 ) ;
#1041 = ORIENTED_EDGE ( 'NONE', *, *, #5622, .T. ) ;
#1042 = AXIS2_PLACEMENT_3D ( 'NONE', #1708, #428, #3788 ) ;
#1043 = ORIENTED_EDGE ( 'NONE', *, *, #1268, .T. ) ;
#1044 = DIRECTION ( 'NONE',  ( -1.000000000000000000, 0.000000000000000000, 0.000000000000000000 ) ) ;
#1045 = VECTOR ( 'NONE', #8525, 1000.000000000000114 ) ;
#1046 = CARTESIAN_POINT ( 'NONE',  ( -2.399999999999996358, 4.900000000000000355, 3.600000000000000533 ) ) ;
#1047 = VECTOR ( 'NONE', #3522, 1000.000000000000000 ) ;
#1048 = LINE ( 'NONE', #3620, #233 ) ;
#1049 = EDGE_CURVE ( 'NONE', #3813, #5424, #7508, .T. ) ;
#1050 = VECTOR ( 'NONE', #859, 1000.000000000000227 ) ;
#1051 = LINE ( 'NONE', #3709, #1195 ) ;
#1052 = VERTEX_POINT ( 'NONE', #6625 ) ;
#1053 = ORIENTED_EDGE ( 'NONE', *, *, #7767, .F. ) ;
#1054 = ADVANCED_FACE ( 'NONE', ( #5205 ), #8519, .T. ) ;
#1055 = LINE ( 'NONE', #401, #7046 ) ;
#1056 = ADVANCED_FACE ( 'NONE', ( #3891 ), #7909, .T. ) ;
#1057 = DIRECTION ( 'NONE',  ( 1.000000000000000000, 0.000000000000000000, -0.000000000000000000 ) ) ;
#1058 =( REPRESENTATION_RELATIONSHIP ('NONE','NONE', #2653, #601 ) REPRESENTATION_RELATIONSHIP_WITH_TRANSFORMATION ( #4483 )SHAPE_REPRESENTATION_RELATIONSHIP( ) );
#1059 = LINE ( 'NONE', #4605, #5590 ) ;
#1060 = ORIENTED_EDGE ( 'NONE', *, *, #7010, .T. ) ;
#1061 = COLOUR_RGB ( '',1.000000000000000000, 0.5490196078431373028, 0.000000000000000000 ) ;
#1062 = EDGE_CURVE ( 'NONE', #3221, #4368, #7378, .T. ) ;
#1063 = LINE ( 'NONE', #7694, #2624 ) ;
#1064 = CARTESIAN_POINT ( 'NONE',  ( 0.000000000000000000, 0.000000000000000000, 0.000000000000000000 ) ) ;
#1065 = EDGE_CURVE ( 'NONE', #6771, #332, #4551, .T. ) ;
#1066 = VECTOR ( 'NONE', #4203, 1000.000000000000000 ) ;
#1067 = VECTOR ( 'NONE', #6954, 1000.000000000000000 ) ;
#1068 = DIRECTION ( 'NONE',  ( 1.000000000000000000, 0.000000000000000000, 0.000000000000000000 ) ) ;
#1069 = CARTESIAN_POINT ( 'NONE',  ( 4.899999999999996803, 1.000000000000000888, -0.4000000000000030753 ) ) ;
#1070 = DIRECTION ( 'NONE',  ( -1.000000000000000000, -0.000000000000000000, -3.469446951953621584E-16 ) ) ;
#1071 = ADVANCED_FACE ( 'NONE', ( #7861 ), #524, .F. ) ;
#1072 = CARTESIAN_POINT ( 'NONE',  ( 2.203692487362638073E-18, 4.500000000000000888, -4.194444401457429805 ) ) ;
#1073 = DIRECTION ( 'NONE',  ( 1.275531967630005245E-16, -0.000000000000000000, 1.000000000000000000 ) ) ;
#1074 = PLANE ( 'NONE',  #1817 ) ;
#1075 = VECTOR ( 'NONE', #5956, 1000.000000000000000 ) ;
#1076 = CARTESIAN_POINT ( 'NONE',  ( -2.399999999999996358, 16.19999999999999929, 4.600000000000000533 ) ) ;
#1077 = VECTOR ( 'NONE', #1155, 1000.000000000000227 ) ;
#1078 = ORIENTED_EDGE ( 'NONE', *, *, #6269, .F. ) ;
#1079 = ORIENTED_EDGE ( 'NONE', *, *, #8598, .T. ) ;
#1080 = ORIENTED_EDGE ( 'NONE', *, *, #178, .F. ) ;
#1081 = VECTOR ( 'NONE', #2657, 1000.000000000000000 ) ;
#1082 = DIRECTION ( 'NONE',  ( -0.000000000000000000, -1.000000000000000000, -0.000000000000000000 ) ) ;
#1083 = VECTOR ( 'NONE', #7365, 1000.000000000000000 ) ;
#1084 = VECTOR ( 'NONE', #7076, 1000.000000000000000 ) ;
#1085 = DIRECTION ( 'NONE',  ( 0.000000000000000000, -1.000000000000000000, 0.000000000000000000 ) ) ;
#1086 = CARTESIAN_POINT ( 'NONE',  ( 4.299999999999996270, 4.500000000000000888, 1.199999999999997735 ) ) ;
#1087 = ORIENTED_EDGE ( 'NONE', *, *, #2359, .T. ) ;
#1088 = CARTESIAN_POINT ( 'NONE',  ( 4.899999999999996803, 14.49999999999999822, 1.199999999999997291 ) ) ;
#1089 = ORIENTED_EDGE ( 'NONE', *, *, #654, .F. ) ;
#1090 = ORIENTED_EDGE ( 'NONE', *, *, #7487, .F. ) ;
#1091 = VERTEX_POINT ( 'NONE', #3134 ) ;
#1092 = ORIENTED_EDGE ( 'NONE', *, *, #7550, .T. ) ;
#1093 = LINE ( 'NONE', #437, #3912 ) ;
#1094 = PLANE ( 'NONE',  #4562 ) ;
#1095 = FACE_OUTER_BOUND ( 'NONE', #6445, .T. ) ;
#1096 = UNCERTAINTY_MEASURE_WITH_UNIT (LENGTH_MEASURE( 1.000000000000000082E-05 ), #6763, 'distance_accuracy_value', 'NONE');
#1097 = DIRECTION ( 'NONE',  ( 0.000000000000000000, 1.000000000000000000, -0.000000000000000000 ) ) ;
#1098 = ORIENTED_EDGE ( 'NONE', *, *, #1765, .T. ) ;
#1099 = VERTEX_POINT ( 'NONE', #8650 ) ;
#1100 = AXIS2_PLACEMENT_3D ( 'NONE', #4126, #1329, #6733 ) ;
#1101 = ORIENTED_EDGE ( 'NONE', *, *, #5807, .T. ) ;
#1102 = DIRECTION ( 'NONE',  ( -1.275531967630005245E-16, 0.000000000000000000, 1.000000000000000000 ) ) ;
#1103 = DIRECTION ( 'NONE',  ( -0.000000000000000000, -0.000000000000000000, 1.000000000000000000 ) ) ;
#1104 = DIRECTION ( 'NONE',  ( 0.000000000000000000, 1.000000000000000000, -0.000000000000000000 ) ) ;
#1105 = AXIS2_PLACEMENT_3D ( 'NONE', #854, #8412, #282 ) ;
#1106 = VERTEX_POINT ( 'NONE', #5910 ) ;
#1107 = VECTOR ( 'NONE', #1992, 1000.000000000000000 ) ;
#1108 = CARTESIAN_POINT ( 'NONE',  ( 1.680000000000000160, 1.000000000000000000, 2.779999999999999361 ) ) ;
#1109 = ADVANCED_FACE ( 'NONE', ( #605 ), #1094, .T. ) ;
#1110 =( NAMED_UNIT ( * ) SI_UNIT ( $, .STERADIAN. ) SOLID_ANGLE_UNIT ( ) );
#1111 = LINE ( 'NONE', #1734, #8024 ) ;
#1112 = EDGE_CURVE ( 'NONE', #2701, #944, #6387, .T. ) ;
#1113 = VECTOR ( 'NONE', #2247, 1000.000000000000000 ) ;
#1114 = CARTESIAN_POINT ( 'NONE',  ( 0.8500000000000040856, 0.000000000000000000, 6.099999999999999645 ) ) ;
#1115 = DIRECTION ( 'NONE',  ( 1.000000000000000000, -0.000000000000000000, -0.000000000000000000 ) ) ;
#1116 = CARTESIAN_POINT ( 'NONE',  ( -0.7499999999999998890, 4.500000000000000888, 5.699999999999999289 ) ) ;
#1117 = LINE ( 'NONE', #497, #3622 ) ;
#1118 = EDGE_CURVE ( 'NONE', #6878, #6619, #7999, .T. ) ;
#1119 = LINE ( 'NONE', #1871, #5621 ) ;
#1120 = DIRECTION ( 'NONE',  ( 0.000000000000000000, 0.000000000000000000, -1.000000000000000000 ) ) ;
#1121 = VECTOR ( 'NONE', #6202, 1000.000000000000000 ) ;
#1122 = EDGE_CURVE ( 'NONE', #7489, #6619, #2471, .T. ) ;
#1123 = VERTEX_POINT ( 'NONE', #5817 ) ;
#1124 = ORIENTED_EDGE ( 'NONE', *, *, #2956, .F. ) ;
#1125 = ORIENTED_EDGE ( 'NONE', *, *, #8683, .T. ) ;
#1126 = DIRECTION ( 'NONE',  ( 0.000000000000000000, 0.000000000000000000, 1.000000000000000000 ) ) ;
#1127 = CARTESIAN_POINT ( 'NONE',  ( 0.2864873466388739298, -2.787630226095710650, -1.186487346638869012 ) ) ;
#1128 = PLANE ( 'NONE',  #3863 ) ;
#1129 = FACE_OUTER_BOUND ( 'NONE', #656, .T. ) ;
#1130 = DIRECTION ( 'NONE',  ( -0.9396926207859098712, -0.3420201433256647716, 0.000000000000000000 ) ) ;
#1131 = ORIENTED_EDGE ( 'NONE', *, *, #2731, .F. ) ;
#1132 = DIRECTION ( 'NONE',  ( 1.000000000000000000, -0.000000000000000000, -0.000000000000000000 ) ) ;
#1133 = CARTESIAN_POINT ( 'NONE',  ( -1.599999999999996314, 14.49999999999999822, -0.7999999999999999334 ) ) ;
#1134 = ORIENTED_EDGE ( 'NONE', *, *, #7038, .F. ) ;
#1135 = EDGE_LOOP ( 'NONE', ( #3003, #423, #8289, #1487 ) ) ;
#1136 = ORIENTED_EDGE ( 'NONE', *, *, #2378, .T. ) ;
#1137 = LINE ( 'NONE', #3844, #2944 ) ;
#1138 = DIRECTION ( 'NONE',  ( -0.000000000000000000, 0.000000000000000000, 1.000000000000000000 ) ) ;
#1139 = DIRECTION ( 'NONE',  ( 1.000000000000000000, 0.000000000000000000, 0.000000000000000000 ) ) ;
#1140 = LINE ( 'NONE', #3268, #7864 ) ;
#1141 = DIRECTION ( 'NONE',  ( 0.000000000000000000, 0.000000000000000000, -1.000000000000000000 ) ) ;
#1142 = ORIENTED_EDGE ( 'NONE', *, *, #7550, .F. ) ;
#1143 = ADVANCED_FACE ( 'NONE', ( #4190, #8698 ), #6711, .F. ) ;
#1144 = ORIENTED_EDGE ( 'NONE', *, *, #8073, .F. ) ;
#1145 = VERTEX_POINT ( 'NONE', #4109 ) ;
#1146 = DIRECTION ( 'NONE',  ( -0.000000000000000000, -1.000000000000000000, 0.000000000000000000 ) ) ;
#1147 = CARTESIAN_POINT ( 'NONE',  ( 2.399999999999994138, 4.500000000000000888, -3.200000000000001066 ) ) ;
#1148 = CARTESIAN_POINT ( 'NONE',  ( 2.369999999999996554, 16.60000000000000142, -5.570000000000002061 ) ) ;
#1149 = EDGE_LOOP ( 'NONE', ( #1661, #5107, #4096, #3851 ) ) ;
#1150 = LINE ( 'NONE', #5879, #2049 ) ;
#1151 = CARTESIAN_POINT ( 'NONE',  ( -3.200000000000000622, 16.60000000000000142, -5.568543856465400843 ) ) ;
#1152 = LINE ( 'NONE', #3108, #1924 ) ;
#1153 = DIRECTION ( 'NONE',  ( 1.000000000000000000, 0.000000000000000000, 0.000000000000000000 ) ) ;
#1154 = EDGE_CURVE ( 'NONE', #6226, #1477, #2690, .T. ) ;
#1155 = DIRECTION ( 'NONE',  ( 0.2047927057592100475, -0.9237601993560261571, -0.3236155771181854490 ) ) ;
#1156 = CARTESIAN_POINT ( 'NONE',  ( 3.399999999999995914, 4.500000000000000888, -3.199999999999999289 ) ) ;
#1157 = AXIS2_PLACEMENT_3D ( 'NONE', #7294, #7813, #1760 ) ;
#1158 = DIRECTION ( 'NONE',  ( -0.000000000000000000, -1.000000000000000000, -0.000000000000000000 ) ) ;
#1159 = EDGE_CURVE ( 'NONE', #4536, #1280, #6080, .T. ) ;
#1160 = ADVANCED_FACE ( 'NONE', ( #6173 ), #1396, .F. ) ;
#1161 = VERTEX_POINT ( 'NONE', #2770 ) ;
#1162 = ORIENTED_EDGE ( 'NONE', *, *, #2380, .F. ) ;
#1163 = ORIENTED_EDGE ( 'NONE', *, *, #427, .F. ) ;
#1164 = ADVANCED_FACE ( 'NONE', ( #6797 ), #4717, .F. ) ;
#1165 = DIRECTION ( 'NONE',  ( 0.000000000000000000, 0.000000000000000000, 1.000000000000000000 ) ) ;
#1166 = DIRECTION ( 'NONE',  ( -0.000000000000000000, -1.000000000000000000, -0.000000000000000000 ) ) ;
#1167 = CARTESIAN_POINT ( 'NONE',  ( 4.299999999999984723, 28.50378091196238373, -3.200000000000015721 ) ) ;
#1168 = DIRECTION ( 'NONE',  ( 0.9762960071199331402, 0.2164396139381038475, -0.000000000000000000 ) ) ;
#1169 = ORIENTED_EDGE ( 'NONE', *, *, #3717, .T. ) ;
#1170 = VECTOR ( 'NONE', #1603, 1000.000000000000000 ) ;
#1171 = CARTESIAN_POINT ( 'NONE',  ( -0.3199999999999998956, 16.60000000000000142, 2.779999999999999361 ) ) ;
#1172 = CARTESIAN_POINT ( 'NONE',  ( 1.111307226797641887E-14, 9.800000000000000711, -5.900000000000001243 ) ) ;
#1173 =( GEOMETRIC_REPRESENTATION_CONTEXT ( 3 ) GLOBAL_UNCERTAINTY_ASSIGNED_CONTEXT ( ( #1723 ) ) GLOBAL_UNIT_ASSIGNED_CONTEXT ( ( #7101, #8594, #6435 ) ) REPRESENTATION_CONTEXT ( 'NONE', 'WORKASPACE' ) );
#1174 = AXIS2_PLACEMENT_3D ( 'NONE', #7219, #4530, #1153 ) ;
#1175 = EDGE_LOOP ( 'NONE', ( #6131, #336, #2462, #2677 ) ) ;
#1176 = ORIENTED_EDGE ( 'NONE', *, *, #5485, .F. ) ;
#1177 = ORIENTED_EDGE ( 'NONE', *, *, #5272, .F. ) ;
#1178 = EDGE_CURVE ( 'NONE', #732, #2239, #649, .T. ) ;
#1179 = ORIENTED_EDGE ( 'NONE', *, *, #5346, .F. ) ;
#1180 = CARTESIAN_POINT ( 'NONE',  ( 0.7500000000000229816, 16.40000000000000213, 5.999999999999992895 ) ) ;
#1181 = CARTESIAN_POINT ( 'NONE',  ( 6.437450399132683366E-15, 9.081817580622699282, -1.220000000000000639 ) ) ;
#1182 = LINE ( 'NONE', #7295, #4194 ) ;
#1183 = DIRECTION ( 'NONE',  ( 1.000000000000000000, 0.000000000000000000, -5.421010862427523156E-16 ) ) ;
#1184 = VERTEX_POINT ( 'NONE', #7412 ) ;
#1185 = VECTOR ( 'NONE', #556, 999.9999999999998863 ) ;
#1186 = EDGE_LOOP ( 'NONE', ( #3145, #5536, #6339, #3388 ) ) ;
#1187 = ORIENTED_EDGE ( 'NONE', *, *, #5544, .F. ) ;
#1188 = DIRECTION ( 'NONE',  ( 0.7071067811865510144, -0.000000000000000000, -0.7071067811865441310 ) ) ;
#1189 = VECTOR ( 'NONE', #2802, 1000.000000000000000 ) ;
#1190 = CARTESIAN_POINT ( 'NONE',  ( -0.7499999999999998890, 16.40000000000000213, 5.699999999999999289 ) ) ;
#1191 = CARTESIAN_POINT ( 'NONE',  ( 0.4500000000000188294, 16.40000000000000213, 4.599999999999998757 ) ) ;
#1192 = VECTOR ( 'NONE', #7450, 1000.000000000000000 ) ;
#1193 = EDGE_CURVE ( 'NONE', #940, #1184, #6041, .T. ) ;
#1194 = VERTEX_POINT ( 'NONE', #1354 ) ;
#1195 = VECTOR ( 'NONE', #7777, 1000.000000000000000 ) ;
#1196 = CARTESIAN_POINT ( 'NONE',  ( -0.3499999999999999778, 4.500000000000000888, 5.200000000000001066 ) ) ;
#1197 = DIRECTION ( 'NONE',  ( -1.000000000000000000, 0.000000000000000000, 0.000000000000000000 ) ) ;
#1198 = DIRECTION ( 'NONE',  ( 1.000000000000000000, 0.000000000000000000, -3.237977472417975694E-15 ) ) ;
#1199 = ADVANCED_FACE ( 'NONE', ( #863 ), #2194, .T. ) ;
#1200 = CARTESIAN_POINT ( 'NONE',  ( -2.399999999999996358, 16.40000000000000213, 5.500000000000000888 ) ) ;
#1201 = FACE_BOUND ( 'NONE', #4791, .T. ) ;
#1202 = AXIS2_PLACEMENT_3D ( 'NONE', #3798, #8648, #4458 ) ;
#1203 = LINE ( 'NONE', #1834, #7183 ) ;
#1204 = PLANE ( 'NONE',  #3610 ) ;
#1205 = VECTOR ( 'NONE', #7877, 1000.000000000000114 ) ;
#1206 = AXIS2_PLACEMENT_3D ( 'NONE', #7524, #1472, #4181 ) ;
#1207 = ORIENTED_EDGE ( 'NONE', *, *, #6779, .F. ) ;
#1208 = ORIENTED_EDGE ( 'NONE', *, *, #5054, .F. ) ;
#1209 = FACE_OUTER_BOUND ( 'NONE', #1700, .T. ) ;
#1210 = PRESENTATION_STYLE_ASSIGNMENT (( #7320 ) ) ;
#1211 = DIRECTION ( 'NONE',  ( 0.000000000000000000, -0.000000000000000000, 1.000000000000000000 ) ) ;
#1212 = CARTESIAN_POINT ( 'NONE',  ( 1.680000000000000160, 4.500000000000003553, 3.419999999999999485 ) ) ;
#1213 = AXIS2_PLACEMENT_3D ( 'NONE', #666, #4813, #4081 ) ;
#1214 = CARTESIAN_POINT ( 'NONE',  ( 4.299999999999996270, 12.49999999999999822, 1.199999999999997735 ) ) ;
#1215 = VECTOR ( 'NONE', #2133, 1000.000000000000000 ) ;
#1216 = ORIENTED_EDGE ( 'NONE', *, *, #3171, .F. ) ;
#1217 = DIRECTION ( 'NONE',  ( -1.000000000000000000, 0.000000000000000000, 1.275531967630005739E-16 ) ) ;
#1218 = CARTESIAN_POINT ( 'NONE',  ( 2.399999999999996358, 4.900000000000000355, 4.600000000000000533 ) ) ;
#1219 = VERTEX_POINT ( 'NONE', #1979 ) ;
#1220 = VERTEX_POINT ( 'NONE', #8161 ) ;
#1221 = ADVANCED_FACE ( 'NONE', ( #8739 ), #7453, .F. ) ;
#1222 = VECTOR ( 'NONE', #2153, 1000.000000000000114 ) ;
#1223 = ORIENTED_EDGE ( 'NONE', *, *, #8458, .F. ) ;
#1224 = AXIS2_PLACEMENT_3D ( 'NONE', #4586, #8729, #7987 ) ;
#1225 = AXIS2_PLACEMENT_3D ( 'NONE', #8282, #3553, #7658 ) ;
#1226 = ORIENTED_EDGE ( 'NONE', *, *, #4789, .F. ) ;
#1227 = ADVANCED_FACE ( 'NONE', ( #2015 ), #3430, .T. ) ;
#1228 = DIRECTION ( 'NONE',  ( 9.270474560687316079E-16, -0.3420201433256673251, 0.9396926207859089830 ) ) ;
#1229 = DIRECTION ( 'NONE',  ( -0.000000000000000000, -1.000000000000000000, -0.000000000000000000 ) ) ;
#1230 = EDGE_CURVE ( 'NONE', #5528, #3825, #6243, .T. ) ;
#1231 = ADVANCED_FACE ( 'NONE', ( #4760 ), #64, .F. ) ;
#1232 = APPLICATION_CONTEXT ( 'automotive_design' ) ;
#1233 = CARTESIAN_POINT ( 'NONE',  ( 0.05601464246352037130, -3.420848776618136355, -0.8439853575364854033 ) ) ;
#1234 = EDGE_LOOP ( 'NONE', ( #316, #8588, #4269, #7620 ) ) ;
#1235 = EDGE_CURVE ( 'NONE', #3053, #5259, #5678, .T. ) ;
#1236 = VECTOR ( 'NONE', #193, 1000.000000000000000 ) ;
#1237 = ORIENTED_EDGE ( 'NONE', *, *, #7972, .F. ) ;
#1238 = CARTESIAN_POINT ( 'NONE',  ( -4.899999999999996803, 1.000000000000000000, -0.5800000000000006262 ) ) ;
#1239 = CARTESIAN_POINT ( 'NONE',  ( 2.399999999999984368, 16.40000000000000213, -3.200000000000008171 ) ) ;
#1240 = LINE ( 'NONE', #6595, #6446 ) ;
#1241 = ORIENTED_EDGE ( 'NONE', *, *, #5480, .T. ) ;
#1242 = FACE_OUTER_BOUND ( 'NONE', #1149, .T. ) ;
#1243 = CYLINDRICAL_SURFACE ( 'NONE', #1523, 0.1999999999999996503 ) ;
#1244 = VECTOR ( 'NONE', #1132, 1000.000000000000000 ) ;
#1245 = CYLINDRICAL_SURFACE ( 'NONE', #8413, 0.4999999999999991673 ) ;
#1246 = CARTESIAN_POINT ( 'NONE',  ( -3.399999999999995914, 28.50378091196238373, -3.199999999999999289 ) ) ;
#1247 = AXIS2_PLACEMENT_3D ( 'NONE', #6642, #3066, #4486 ) ;
#1248 = DIRECTION ( 'NONE',  ( 0.000000000000000000, -1.000000000000000000, -0.000000000000000000 ) ) ;
#1249 = CARTESIAN_POINT ( 'NONE',  ( -2.505263157894733528, 4.900000000000000355, -4.194444401457429805 ) ) ;
#1250 = DIRECTION ( 'NONE',  ( -6.847592668329504024E-16, 0.000000000000000000, -1.000000000000000000 ) ) ;
#1251 = ORIENTED_EDGE ( 'NONE', *, *, #4407, .F. ) ;
#1252 = EDGE_LOOP ( 'NONE', ( #6598, #8526, #3614, #4078 ) ) ;
#1253 = CIRCLE ( 'NONE', #2666, 1.900000000000000133 ) ;
#1254 = DIRECTION ( 'NONE',  ( 0.3502073812594686530, -0.9366721892483971246, 0.000000000000000000 ) ) ;
#1255 = DIRECTION ( 'NONE',  ( -3.903127820947815962E-15, 0.000000000000000000, -1.000000000000000000 ) ) ;
#1256 = CARTESIAN_POINT ( 'NONE',  ( -0.3199999999999998956, 16.60000000000000142, 3.419999999999999485 ) ) ;
#1257 = DIRECTION ( 'NONE',  ( 1.000000000000000000, -0.000000000000000000, 0.000000000000000000 ) ) ;
#1258 = EDGE_LOOP ( 'NONE', ( #8113, #5109, #816, #1792 ) ) ;
#1259 = PRESENTATION_LAYER_ASSIGNMENT (  '', '', ( #2953 ) ) ;
#1260 = DIRECTION ( 'NONE',  ( 1.275531967630005245E-16, -0.000000000000000000, -1.000000000000000000 ) ) ;
#1261 = LINE ( 'NONE', #6570, #6596 ) ;
#1262 = ORIENTED_EDGE ( 'NONE', *, *, #2692, .T. ) ;
#1263 = ORIENTED_EDGE ( 'NONE', *, *, #2906, .F. ) ;
#1264 = ORIENTED_EDGE ( 'NONE', *, *, #5279, .F. ) ;
#1265 = PRESENTATION_STYLE_ASSIGNMENT (( #7494 ) ) ;
#1266 = DIRECTION ( 'NONE',  ( -0.000000000000000000, -0.000000000000000000, 1.000000000000000000 ) ) ;
#1267 = CARTESIAN_POINT ( 'NONE',  ( -2.319999999999998064, 1.000000000000000000, 3.600000000000000533 ) ) ;
#1268 = EDGE_CURVE ( 'NONE', #6498, #3518, #2815, .T. ) ;
#1269 = CARTESIAN_POINT ( 'NONE',  ( -0.3200000000000000622, -2.695554967719985040, 2.779999999999999361 ) ) ;
#1270 = CARTESIAN_POINT ( 'NONE',  ( -1.816136676338268474, -3.178569412471160760, 3.218563584394543931 ) ) ;
#1271 = EDGE_CURVE ( 'NONE', #2384, #1429, #2145, .T. ) ;
#1272 = EDGE_CURVE ( 'NONE', #2158, #4689, #167, .T. ) ;
#1273 = ORIENTED_EDGE ( 'NONE', *, *, #2264, .T. ) ;
#1274 = ORIENTED_EDGE ( 'NONE', *, *, #1594, .F. ) ;
#1275 = DIRECTION ( 'NONE',  ( 0.000000000000000000, 1.000000000000000000, -0.000000000000000000 ) ) ;
#1276 = ADVANCED_FACE ( 'NONE', ( #8246 ), #154, .F. ) ;
#1277 = CARTESIAN_POINT ( 'NONE',  ( 2.600000000000000533, 16.60000000000000142, -5.699999999999999289 ) ) ;
#1278 = EDGE_CURVE ( 'NONE', #904, #6476, #1528, .T. ) ;
#1279 = LINE ( 'NONE', #8658, #6872 ) ;
#1280 = VERTEX_POINT ( 'NONE', #6216 ) ;
#1281 = DIRECTION ( 'NONE',  ( 1.000000000000000000, -0.000000000000000000, 0.000000000000000000 ) ) ;
#1282 = FACE_OUTER_BOUND ( 'NONE', #472, .T. ) ;
#1283 = EDGE_CURVE ( 'NONE', #8208, #3964, #2852, .T. ) ;
#1284 = CARTESIAN_POINT ( 'NONE',  ( -4.299999999999996270, 4.500000000000000888, 3.600000000000000977 ) ) ;
#1285 = CYLINDRICAL_SURFACE ( 'NONE', #6391, 1.000000000000000444 ) ;
#1286 = CARTESIAN_POINT ( 'NONE',  ( 2.400000000000010125, 16.40000000000000213, 3.599999999999991207 ) ) ;
#1287 = PLANE ( 'NONE',  #6999 ) ;
#1288 = EDGE_LOOP ( 'NONE', ( #5253, #150, #3484, #2900 ) ) ;
#1289 = ORIENTED_EDGE ( 'NONE', *, *, #298, .F. ) ;
#1290 = DIRECTION ( 'NONE',  ( -1.000000000000000000, -0.000000000000000000, -0.000000000000000000 ) ) ;
#1291 = SURFACE_SIDE_STYLE ('',( #5029 ) ) ;
#1292 = LINE ( 'NONE', #6695, #1592 ) ;
#1293 = DIRECTION ( 'NONE',  ( -1.000000000000000000, 0.000000000000000000, -0.000000000000000000 ) ) ;
#1294 = DIRECTION ( 'NONE',  ( 1.000000000000000000, -0.000000000000000000, -1.199218353203923552E-15 ) ) ;
#1295 = ORIENTED_EDGE ( 'NONE', *, *, #6767, .F. ) ;
#1296 = EDGE_CURVE ( 'NONE', #7039, #3604, #7358, .T. ) ;
#1297 = CARTESIAN_POINT ( 'NONE',  ( -2.399999999999996358, 28.50378091196238373, -3.199999999999999289 ) ) ;
#1298 = LINE ( 'NONE', #1218, #931 ) ;
#1299 = CARTESIAN_POINT ( 'NONE',  ( 0.000000000000000000, 0.000000000000000000, 0.000000000000000000 ) ) ;
#1300 = VERTEX_POINT ( 'NONE', #2260 ) ;
#1301 = ORIENTED_EDGE ( 'NONE', *, *, #23, .F. ) ;
#1302 = ORIENTED_EDGE ( 'NONE', *, *, #5485, .T. ) ;
#1303 = AXIS2_PLACEMENT_3D ( 'NONE', #4885, #7583, #3524 ) ;
#1304 = SURFACE_STYLE_FILL_AREA ( #1940 ) ;
#1305 = DIRECTION ( 'NONE',  ( 5.225070710773514988E-16, 0.000000000000000000, 1.000000000000000000 ) ) ;
#1306 = DIRECTION ( 'NONE',  ( -1.000000000000000000, 0.000000000000000000, 1.275531967630005245E-16 ) ) ;
#1307 = LINE ( 'NONE', #8163, #6894 ) ;
#1308 = VECTOR ( 'NONE', #3284, 1000.000000000000000 ) ;
#1309 = CARTESIAN_POINT ( 'NONE',  ( -1.679999999999993276, -0.6150000000000054312, -1.220000000000000639 ) ) ;
#1310 = ORIENTED_EDGE ( 'NONE', *, *, #3655, .F. ) ;
#1311 = LINE ( 'NONE', #5954, #7601 ) ;
#1312 = CARTESIAN_POINT ( 'NONE',  ( -0.4500000000000011768, 4.900000000000000355, 4.600000000000000533 ) ) ;
#1313 = VECTOR ( 'NONE', #5445, 1000.000000000000000 ) ;
#1314 = EDGE_CURVE ( 'NONE', #8572, #4450, #2672, .T. ) ;
#1315 = ORIENTED_EDGE ( 'NONE', *, *, #531, .F. ) ;
#1316 = LINE ( 'NONE', #4158, #5437 ) ;
#1317 = EDGE_CURVE ( 'NONE', #6571, #3560, #6739, .T. ) ;
#1318 = VERTEX_POINT ( 'NONE', #6780 ) ;
#1319 = EDGE_CURVE ( 'NONE', #2548, #1973, #3158, .T. ) ;
#1320 = VECTOR ( 'NONE', #4500, 1000.000000000000000 ) ;
#1321 = CARTESIAN_POINT ( 'NONE',  ( -0.7499999999999998890, 16.40000000000000213, 5.699999999999999289 ) ) ;
#1322 = VECTOR ( 'NONE', #384, 1000.000000000000000 ) ;
#1323 = DIRECTION ( 'NONE',  ( -0.9914448613738103822, 0.1305261922200516844, 0.000000000000000000 ) ) ;
#1324 = PLANE ( 'NONE',  #4702 ) ;
#1325 = PRODUCT_DEFINITION_SHAPE ( 'NONE', 'NONE',  #6102 ) ;
#1326 = ADVANCED_FACE ( 'NONE', ( #2091 ), #6063, .F. ) ;
#1327 = AXIS2_PLACEMENT_3D ( 'NONE', #1585, #5610, #3576 ) ;
#1328 = VECTOR ( 'NONE', #3478, 1000.000000000000114 ) ;
#1329 = DIRECTION ( 'NONE',  ( 0.000000000000000000, 0.000000000000000000, 1.000000000000000000 ) ) ;
#1330 = PLANE ( 'NONE',  #8261 ) ;
#1331 = EDGE_CURVE ( 'NONE', #5612, #5412, #8354, .T. ) ;
#1332 = ORIENTED_EDGE ( 'NONE', *, *, #431, .T. ) ;
#1333 = ORIENTED_EDGE ( 'NONE', *, *, #8400, .F. ) ;
#1334 = EDGE_CURVE ( 'NONE', #4295, #7892, #8719, .T. ) ;
#1335 = CARTESIAN_POINT ( 'NONE',  ( -2.499999999999995559, 4.900000000000000355, -3.794444401457438332 ) ) ;
#1336 = DIRECTION ( 'NONE',  ( -3.836157981375497286E-15, 0.000000000000000000, -1.000000000000000000 ) ) ;
#1337 = CARTESIAN_POINT ( 'NONE',  ( 1.599999999999997202, 12.49999999999999822, 1.199999999999999067 ) ) ;
#1338 = CARTESIAN_POINT ( 'NONE',  ( 4.899999999999997691, 0.2500000000000002220, 2.599999999999995204 ) ) ;
#1339 = LINE ( 'NONE', #4051, #3343 ) ;
#1340 = VERTEX_POINT ( 'NONE', #753 ) ;
#1341 = DIRECTION ( 'NONE',  ( -0.000000000000000000, -1.000000000000000000, -0.000000000000000000 ) ) ;
#1342 = VECTOR ( 'NONE', #271, 1000.000000000000000 ) ;
#1343 = CONICAL_SURFACE ( 'NONE', #4735, 1.000000000000000444, 0.7853981633974439491 ) ;
#1344 = DIRECTION ( 'NONE',  ( 0.000000000000000000, 1.000000000000000000, 0.000000000000000000 ) ) ;
#1345 =( NAMED_UNIT ( * ) SI_UNIT ( $, .STERADIAN. ) SOLID_ANGLE_UNIT ( ) );
#1346 = EDGE_LOOP ( 'NONE', ( #2937, #4908, #5742, #2776 ) ) ;
#1347 = ORIENTED_EDGE ( 'NONE', *, *, #2735, .T. ) ;
#1348 = ORIENTED_EDGE ( 'NONE', *, *, #619, .T. ) ;
#1349 = ADVANCED_BREP_SHAPE_REPRESENTATION ( '', ( #334, #2997, #142, #5931, #6015, #181, #7976 ), #1767 ) ;
#1350 =( NAMED_UNIT ( * ) SI_UNIT ( $, .STERADIAN. ) SOLID_ANGLE_UNIT ( ) );
#1351 = AXIS2_PLACEMENT_3D ( 'NONE', #7479, #754, #94 ) ;
#1352 = FACE_OUTER_BOUND ( 'NONE', #576, .T. ) ;
#1353 = CARTESIAN_POINT ( 'NONE',  ( -0.3500000000000000333, 4.500000000000000888, 4.700000000000000178 ) ) ;
#1354 = CARTESIAN_POINT ( 'NONE',  ( -1.680000000000000160, 4.500000000000003553, 3.419999999999999485 ) ) ;
#1355 = CARTESIAN_POINT ( 'NONE',  ( 2.999999999999993783, 4.900000000000000355, 3.700000000000000622 ) ) ;
#1356 = VECTOR ( 'NONE', #4202, 1000.000000000000000 ) ;
#1357 = CARTESIAN_POINT ( 'NONE',  ( -2.315778573866611012, -2.743378540272638055, -1.220000000000000639 ) ) ;
#1358 = VECTOR ( 'NONE', #808, 1000.000000000000000 ) ;
#1359 = EDGE_LOOP ( 'NONE', ( #6559, #4781, #7051, #4554 ) ) ;
#1360 = LINE ( 'NONE', #6002, #4234 ) ;
#1361 = AXIS2_PLACEMENT_3D ( 'NONE', #5156, #4414, #7860 ) ;
#1362 = LINE ( 'NONE', #1190, #1081 ) ;
#1363 = EDGE_LOOP ( 'NONE', ( #5432, #1301, #1691, #5520 ) ) ;
#1364 = CARTESIAN_POINT ( 'NONE',  ( 1.880028303524371225, -1.149999999999999911, 2.779999999999999361 ) ) ;
#1365 = ORIENTED_EDGE ( 'NONE', *, *, #8727, .F. ) ;
#1366 = ORIENTED_EDGE ( 'NONE', *, *, #5072, .F. ) ;
#1367 = PLANE ( 'NONE',  #4914 ) ;
#1368 = FACE_OUTER_BOUND ( 'NONE', #4935, .T. ) ;
#1369 = DIRECTION ( 'NONE',  ( 1.275531967630005245E-16, -0.000000000000000000, 1.000000000000000000 ) ) ;
#1370 = ORIENTED_EDGE ( 'NONE', *, *, #8047, .T. ) ;
#1371 = EDGE_CURVE ( 'NONE', #6986, #1917, #7394, .T. ) ;
#1372 = DIRECTION ( 'NONE',  ( -0.000000000000000000, -1.000000000000000000, -0.000000000000000000 ) ) ;
#1373 = CARTESIAN_POINT ( 'NONE',  ( 1.680000000000006377, -0.6150000000000054312, -1.220000000000000639 ) ) ;
#1374 = ORIENTED_EDGE ( 'NONE', *, *, #8416, .T. ) ;
#1375 = ADVANCED_FACE ( 'NONE', ( #5364 ), #4949, .T. ) ;
#1376 = AXIS2_PLACEMENT_3D ( 'NONE', #3548, #6333, #6373 ) ;
#1377 = DIRECTION ( 'NONE',  ( 5.215919954004830835E-16, 0.000000000000000000, -1.000000000000000000 ) ) ;
#1378 = CARTESIAN_POINT ( 'NONE',  ( 4.299999999999984723, 16.40000000000000213, -3.200000000000015721 ) ) ;
#1379 = PLANE ( 'NONE',  #5400 ) ;
#1380 = DIRECTION ( 'NONE',  ( -0.000000000000000000, 1.000000000000000000, 0.000000000000000000 ) ) ;
#1381 = EDGE_CURVE ( 'NONE', #940, #5635, #1999, .T. ) ;
#1382 = CARTESIAN_POINT ( 'NONE',  ( 0.8500000000000040856, 0.2499999999999655276, 6.099999999999999645 ) ) ;
#1383 = VECTOR ( 'NONE', #8285, 1000.000000000000000 ) ;
#1384 = EDGE_LOOP ( 'NONE', ( #6775, #441, #5184, #6210 ) ) ;
#1385 = PLANE ( 'NONE',  #819 ) ;
#1386 = FACE_OUTER_BOUND ( 'NONE', #3757, .T. ) ;
#1387 = VECTOR ( 'NONE', #4773, 1000.000000000000000 ) ;
#1388 = SURFACE_STYLE_FILL_AREA ( #7989 ) ;
#1389 = ORIENTED_EDGE ( 'NONE', *, *, #1823, .T. ) ;
#1390 = EDGE_LOOP ( 'NONE', ( #7107, #707, #483, #2824 ) ) ;
#1391 = EDGE_LOOP ( 'NONE', ( #4674, #5073, #7342, #4044 ) ) ;
#1392 = LINE ( 'NONE', #62, #1050 ) ;
#1393 = CARTESIAN_POINT ( 'NONE',  ( -2.319999999999991402, 9.081817580622699282, -0.5800000000000006262 ) ) ;
#1394 = FACE_OUTER_BOUND ( 'NONE', #1424, .T. ) ;
#1396 = PLANE ( 'NONE',  #602 ) ;
#1395 = VECTOR ( 'NONE', #8049, 1000.000000000000000 ) ;
#1397 = DIRECTION ( 'NONE',  ( 0.000000000000000000, 1.000000000000000000, 0.000000000000000000 ) ) ;
#1398 = DIRECTION ( 'NONE',  ( -0.1305261922200517677, 0.9914448613738104932, -0.000000000000000000 ) ) ;
#1399 = VERTEX_POINT ( 'NONE', #2753 ) ;
#1400 = ORIENTED_EDGE ( 'NONE', *, *, #3886, .F. ) ;
#1401 = DIRECTION ( 'NONE',  ( 0.9914448613738103822, 0.1305261922200516844, 0.000000000000000000 ) ) ;
#1402 = FACE_OUTER_BOUND ( 'NONE', #2587, .T. ) ;
#1403 = VERTEX_POINT ( 'NONE', #6155 ) ;
#1404 = DIRECTION ( 'NONE',  ( 1.445602896647338917E-16, -1.000000000000000000, 0.000000000000000000 ) ) ;
#1405 = EDGE_CURVE ( 'NONE', #7666, #4441, #6825, .T. ) ;
#1406 = DIRECTION ( 'NONE',  ( -0.9914448613738103822, -0.1305261922200516844, 0.000000000000000000 ) ) ;
#1407 = EDGE_CURVE ( 'NONE', #1477, #234, #3580, .T. ) ;
#1408 = VERTEX_POINT ( 'NONE', #5492 ) ;
#1409 = ORIENTED_EDGE ( 'NONE', *, *, #8240, .T. ) ;
#1410 = CARTESIAN_POINT ( 'NONE',  ( -2.319999999999998064, 9.700000000000001066, 3.419999999999999485 ) ) ;
#1411 = DIRECTION ( 'NONE',  ( 0.000000000000000000, -1.000000000000000000, 0.000000000000000000 ) ) ;
#1412 = CARTESIAN_POINT ( 'NONE',  ( -4.649999999999995914, 0.000000000000000000, -1.996887112585068902 ) ) ;
#1413 = EDGE_LOOP ( 'NONE', ( #1000, #2075, #2243, #3164 ) ) ;
#1414 = DIRECTION ( 'NONE',  ( -0.000000000000000000, 0.000000000000000000, -1.000000000000000000 ) ) ;
#1415 = CARTESIAN_POINT ( 'NONE',  ( -1.688662254502219184, -2.603569453895926422, -1.220000000000000639 ) ) ;
#1416 = ORIENTED_EDGE ( 'NONE', *, *, #2899, .F. ) ;
#1417 = EDGE_CURVE ( 'NONE', #7578, #6232, #4699, .T. ) ;
#1418 = CARTESIAN_POINT ( 'NONE',  ( -0.8499999999999999778, 0.000000000000000000, 6.100000000000000533 ) ) ;
#1419 = DIRECTION ( 'NONE',  ( 5.500731610404397960E-16, 0.000000000000000000, 1.000000000000000000 ) ) ;
#1420 = CARTESIAN_POINT ( 'NONE',  ( -2.599999999999999201, 16.60000000000000142, -5.089444362769117269 ) ) ;
#1421 = LINE ( 'NONE', #6242, #1460 ) ;
#1422 = CARTESIAN_POINT ( 'NONE',  ( -2.370000000000000551, 16.60000000000000142, -5.570000000000000284 ) ) ;
#1423 = ADVANCED_FACE ( 'NONE', ( #8188 ), #4129, .T. ) ;
#1424 = EDGE_LOOP ( 'NONE', ( #1991, #5855, #54 ) ) ;
#1425 = EDGE_CURVE ( 'NONE', #5498, #1546, #1590, .T. ) ;
#1426 = LINE ( 'NONE', #5672, #8165 ) ;
#1427 = DIRECTION ( 'NONE',  ( 0.9063077870366480493, 0.000000000000000000, 0.4226182617407034936 ) ) ;
#1428 = ORIENTED_EDGE ( 'NONE', *, *, #7810, .T. ) ;
#1429 = VERTEX_POINT ( 'NONE', #2709 ) ;
#1430 = ADVANCED_FACE ( 'NONE', ( #2042 ), #926, .T. ) ;
#1431 = ORIENTED_EDGE ( 'NONE', *, *, #841, .T. ) ;
#1432 = EDGE_CURVE ( 'NONE', #7506, #455, #7437, .T. ) ;
#1433 = CARTESIAN_POINT ( 'NONE',  ( 0.7500000000000039968, 16.60000000000000142, 5.999999999999994671 ) ) ;
#1434 = FACE_OUTER_BOUND ( 'NONE', #6951, .T. ) ;
#1435 = CARTESIAN_POINT ( 'NONE',  ( -0.8500000000000005329, 0.000000000000000000, 6.150000000000000355 ) ) ;
#1436 = EDGE_CURVE ( 'NONE', #4547, #8082, #3761, .T. ) ;
#1437 = LINE ( 'NONE', #4066, #6326 ) ;
#1438 = AXIS2_PLACEMENT_3D ( 'NONE', #7947, #6581, #8478 ) ;
#1439 = CARTESIAN_POINT ( 'NONE',  ( -2.399999999999995914, 16.60000000000000142, 5.500000000000000888 ) ) ;
#1440 = ORIENTED_EDGE ( 'NONE', *, *, #951, .T. ) ;
#1441 = EDGE_CURVE ( 'NONE', #1546, #4537, #7690, .T. ) ;
#1442 = ORIENTED_EDGE ( 'NONE', *, *, #7203, .T. ) ;
#1443 = LINE ( 'NONE', #2200, #4783 ) ;
#1444 = ADVANCED_FACE ( 'NONE', ( #1771 ), #8574, .F. ) ;
#1445 = CARTESIAN_POINT ( 'NONE',  ( 0.4500000000000188294, 28.50378091196238373, 4.599999999999998757 ) ) ;
#1446 = VECTOR ( 'NONE', #667, 1000.000000000000000 ) ;
#1447 = CARTESIAN_POINT ( 'NONE',  ( -2.679565945717225173, 9.800000000000000711, -5.684319400156755187 ) ) ;
#1448 = VECTOR ( 'NONE', #2093, 1000.000000000000000 ) ;
#1449 = DIRECTION ( 'NONE',  ( 1.000000000000000000, -0.000000000000000000, -5.981805089575213947E-16 ) ) ;
#1450 = ORIENTED_EDGE ( 'NONE', *, *, #7171, .T. ) ;
#1451 = VERTEX_POINT ( 'NONE', #8532 ) ;
#1452 = AXIS2_PLACEMENT_3D ( 'NONE', #5744, #7782, #8009 ) ;
#1453 = LINE ( 'NONE', #2786, #7188 ) ;
#1454 = EDGE_CURVE ( 'NONE', #4911, #2020, #4522, .T. ) ;
#1455 = CYLINDRICAL_SURFACE ( 'NONE', #5730, 1.899999999999999689 ) ;
#1456 = FACE_OUTER_BOUND ( 'NONE', #3088, .T. ) ;
#1457 = ORIENTED_EDGE ( 'NONE', *, *, #6144, .F. ) ;
#1458 = CARTESIAN_POINT ( 'NONE',  ( 1.880028303524377664, -1.150000000000005462, -1.220000000000000639 ) ) ;
#1459 = PLANE ( 'NONE',  #4609 ) ;
#1460 = VECTOR ( 'NONE', #4703, 1000.000000000000000 ) ;
#1461 = ORIENTED_EDGE ( 'NONE', *, *, #4574, .F. ) ;
#1462 = AXIS2_PLACEMENT_3D ( 'NONE', #1382, #3970, #3342 ) ;
#1463 = AXIS2_PLACEMENT_3D ( 'NONE', #7162, #8568, #5819 ) ;
#1464 = DIRECTION ( 'NONE',  ( -0.9366721892483972356, -0.3502073812594687086, 0.000000000000000000 ) ) ;
#1465 = CARTESIAN_POINT ( 'NONE',  ( -0.7499999999999998890, 28.50378091196238373, 5.699999999999999289 ) ) ;
#1466 = VECTOR ( 'NONE', #153, 1000.000000000000000 ) ;
#1467 = CARTESIAN_POINT ( 'NONE',  ( 1.680000000000000160, 1.000000000000000000, 3.419999999999999485 ) ) ;
#1468 = CARTESIAN_POINT ( 'NONE',  ( 0.3200000000000080558, 1.000000000000004441, -1.220000000000000639 ) ) ;
#1469 = ORIENTED_EDGE ( 'NONE', *, *, #3546, .F. ) ;
#1470 = VECTOR ( 'NONE', #414, 1000.000000000000000 ) ;
#1471 = CARTESIAN_POINT ( 'NONE',  ( 2.399999999999999023, 16.60000000000000142, 3.599999999999998757 ) ) ;
#1472 = DIRECTION ( 'NONE',  ( 0.000000000000000000, 0.000000000000000000, -1.000000000000000000 ) ) ;
#1473 = PRODUCT_DEFINITION_SHAPE ( 'NONE', 'NONE',  #8750 ) ;
#1474 = COLOUR_RGB ( '',1.000000000000000000, 1.000000000000000000, 1.000000000000000000 ) ;
#1475 = ORIENTED_EDGE ( 'NONE', *, *, #3399, .T. ) ;
#1476 = ORIENTED_EDGE ( 'NONE', *, *, #8360, .T. ) ;
#1477 = VERTEX_POINT ( 'NONE', #3677 ) ;
#1478 = LINE ( 'NONE', #6795, #6418 ) ;
#1479 = CARTESIAN_POINT ( 'NONE',  ( 3.399999999999983924, 28.50378091196238373, -3.200000000000012168 ) ) ;
#1480 = DIRECTION ( 'NONE',  ( 0.000000000000000000, 1.000000000000000000, 0.000000000000000000 ) ) ;
#1481 = AXIS2_PLACEMENT_3D ( 'NONE', #1037, #7831, #1016 ) ;
#1482 = TOROIDAL_SURFACE ( 'NONE', #5438, 0.04999999999999996808, 0.2500000000000000000 ) ;
#1483 = PLANE ( 'NONE',  #7161 ) ;
#1484 = AXIS2_PLACEMENT_3D ( 'NONE', #106, #691, #6039 ) ;
#1485 = ADVANCED_FACE ( 'NONE', ( #3810 ), #8394, .T. ) ;
#1486 = CARTESIAN_POINT ( 'NONE',  ( 2.399999999999996358, 4.900000000000000355, 4.600000000000000533 ) ) ;
#1487 = ORIENTED_EDGE ( 'NONE', *, *, #133, .F. ) ;
#1488 = VECTOR ( 'NONE', #2127, 1000.000000000000000 ) ;
#1489 = AXIS2_PLACEMENT_3D ( 'NONE', #2215, #4210, #2965 ) ;
#1490 = ADVANCED_FACE ( 'NONE', ( #7083 ), #7121, .T. ) ;
#1491 = EDGE_LOOP ( 'NONE', ( #7357, #6295, #6745, #2332, #5363 ) ) ;
#1492 = FACE_OUTER_BOUND ( 'NONE', #6297, .T. ) ;
#1493 = EDGE_CURVE ( 'NONE', #1933, #221, #6501, .T. ) ;
#1494 = FACE_OUTER_BOUND ( 'NONE', #1755, .T. ) ;
#1495 = VECTOR ( 'NONE', #8312, 1000.000000000000000 ) ;
#1496 = VECTOR ( 'NONE', #1785, 1000.000000000000000 ) ;
#1497 = CARTESIAN_POINT ( 'NONE',  ( -2.319999999999998064, 16.60000000000000142, 2.779999999999999361 ) ) ;
#1498 = CARTESIAN_POINT ( 'NONE',  ( 0.1000000000000076522, 9.699999999999995737, -1.220000000000000639 ) ) ;
#1499 = ADVANCED_FACE ( 'NONE', ( #402 ), #445, .F. ) ;
#1500 = ORIENTED_EDGE ( 'NONE', *, *, #3000, .T. ) ;
#1501 = ORIENTED_EDGE ( 'NONE', *, *, #737, .T. ) ;
#1502 = ORIENTED_EDGE ( 'NONE', *, *, #5587, .F. ) ;
#1503 = CIRCLE ( 'NONE', #4480, 0.4499999999999999001 ) ;
#1504 = VECTOR ( 'NONE', #2398, 1000.000000000000000 ) ;
#1505 = CARTESIAN_POINT ( 'NONE',  ( -4.450000000000000178, -1.000000000000001554, -2.400000000000000355 ) ) ;
#1506 = VECTOR ( 'NONE', #3135, 1000.000000000000000 ) ;
#1507 = CARTESIAN_POINT ( 'NONE',  ( -2.505263157894733972, 11.00000000000000000, -4.194444401457429805 ) ) ;
#1508 = LINE ( 'NONE', #2873, #4424 ) ;
#1509 = ORIENTED_EDGE ( 'NONE', *, *, #3877, .T. ) ;
#1510 = CYLINDRICAL_SURFACE ( 'NONE', #4456, 1.000000000000000444 ) ;
#1511 = ORIENTED_EDGE ( 'NONE', *, *, #6959, .F. ) ;
#1512 = DIRECTION ( 'NONE',  ( -0.4226182617407007180, 0.000000000000000000, 0.9063077870366493816 ) ) ;
#1513 = LINE ( 'NONE', #6156, #1121 ) ;
#1514 = CARTESIAN_POINT ( 'NONE',  ( -2.319999999999991402, 1.000000000000000000, -0.3999999999999998002 ) ) ;
#1515 = CARTESIAN_POINT ( 'NONE',  ( 4.899999999999995914, 12.49999999999999822, -0.8000000000000028200 ) ) ;
#1516 = DIRECTION ( 'NONE',  ( -1.000000000000000000, 0.000000000000000000, 0.000000000000000000 ) ) ;
#1517 = VERTEX_POINT ( 'NONE', #5788 ) ;
#1518 = DIRECTION ( 'NONE',  ( -1.000000000000000000, -0.000000000000000000, -0.000000000000000000 ) ) ;
#1519 = CARTESIAN_POINT ( 'NONE',  ( 1.680000000000006599, 9.699999999999995737, -0.9950000000000002176 ) ) ;
#1520 = ORIENTED_EDGE ( 'NONE', *, *, #2022, .F. ) ;
#1521 = ORIENTED_EDGE ( 'NONE', *, *, #2864, .T. ) ;
#1522 = EDGE_LOOP ( 'NONE', ( #2660, #4877, #7242, #4166 ) ) ;
#1523 = AXIS2_PLACEMENT_3D ( 'NONE', #3775, #7131, #1781 ) ;
#1524 = DIRECTION ( 'NONE',  ( 0.000000000000000000, 1.000000000000000000, 0.000000000000000000 ) ) ;
#1525 = LINE ( 'NONE', #5847, #5822 ) ;
#1526 = AXIS2_PLACEMENT_3D ( 'NONE', #1471, #4179, #3468 ) ;
#1527 = CARTESIAN_POINT ( 'NONE',  ( -1.149999999999999911, 16.60000000000000142, 6.100000000000000533 ) ) ;
#1528 = LINE ( 'NONE', #4235, #7798 ) ;
#1529 = AXIS2_PLACEMENT_3D ( 'NONE', #444, #1819, #4521 ) ;
#1530 = DIRECTION ( 'NONE',  ( -0.000000000000000000, 0.000000000000000000, -1.000000000000000000 ) ) ;
#1531 = CARTESIAN_POINT ( 'NONE',  ( 1.599999999999995870, 14.49999999999999822, -0.8000000000000010436 ) ) ;
#1532 = ORIENTED_EDGE ( 'NONE', *, *, #6078, .F. ) ;
#1533 = ORIENTED_EDGE ( 'NONE', *, *, #6290, .F. ) ;
#1534 = VECTOR ( 'NONE', #8550, 1000.000000000000000 ) ;
#1535 = ORIENTED_EDGE ( 'NONE', *, *, #4893, .T. ) ;
#1536 = SURFACE_STYLE_FILL_AREA ( #1627 ) ;
#1537 = EDGE_CURVE ( 'NONE', #5095, #7043, #308, .T. ) ;
#1538 = CARTESIAN_POINT ( 'NONE',  ( -0.9499999999999999556, 4.500000000000000888, -0.5800000000000006262 ) ) ;
#1539 = LINE ( 'NONE', #7314, #4188 ) ;
#1540 = EDGE_CURVE ( 'NONE', #377, #1714, #7213, .T. ) ;
#1541 = EDGE_CURVE ( 'NONE', #2496, #7578, #2308, .T. ) ;
#1542 = CARTESIAN_POINT ( 'NONE',  ( -0.3199999999999983413, 9.095554967719980510, 3.419999999999999485 ) ) ;
#1543 = VECTOR ( 'NONE', #1419, 1000.000000000000000 ) ;
#1544 = CARTESIAN_POINT ( 'NONE',  ( -2.168404344971008868E-16, 4.500000000000000888, -3.794444401457435223 ) ) ;
#1545 = VERTEX_POINT ( 'NONE', #6410 ) ;
#1546 = VERTEX_POINT ( 'NONE', #8441 ) ;
#1547 = ORIENTED_EDGE ( 'NONE', *, *, #6792, .F. ) ;
#1548 = ADVANCED_FACE ( 'NONE', ( #5040 ), #2480, .F. ) ;
#1549 = CARTESIAN_POINT ( 'NONE',  ( 2.535381069091584560, -1.075331984002939167, -0.5800000000000006262 ) ) ;
#1550 = CARTESIAN_POINT ( 'NONE',  ( -2.599999999999999201, 11.00000000000000000, -4.179795897113270264 ) ) ;
#1551 = DIRECTION ( 'NONE',  ( -0.4226182617407006070, 0.000000000000000000, 0.9063077870366493816 ) ) ;
#1552 = ORIENTED_EDGE ( 'NONE', *, *, #4827, .T. ) ;
#1553 = DIRECTION ( 'NONE',  ( 0.000000000000000000, -0.3420201433256667145, 0.9396926207859090940 ) ) ;
#1554 = ADVANCED_BREP_SHAPE_REPRESENTATION ( '', ( #2968, #7976 ), #7551 ) ;
#1555 = SURFACE_SIDE_STYLE ('',( #1388 ) ) ;
#1556 = ORIENTED_EDGE ( 'NONE', *, *, #1159, .F. ) ;
#1557 = EDGE_CURVE ( 'NONE', #2505, #6001, #1643, .T. ) ;
#1558 = DIRECTION ( 'NONE',  ( 0.000000000000000000, -0.000000000000000000, -1.000000000000000000 ) ) ;
#1559 = LINE ( 'NONE', #3068, #5443 ) ;
#1560 = DIRECTION ( 'NONE',  ( 0.000000000000000000, 0.000000000000000000, -1.000000000000000000 ) ) ;
#1561 = DIRECTION ( 'NONE',  ( -0.3236155771181810636, 0.8891264907159901476, -0.3236155771181831731 ) ) ;
#1562 = DIRECTION ( 'NONE',  ( 0.000000000000000000, 0.000000000000000000, -1.000000000000000000 ) ) ;
#1563 = VERTEX_POINT ( 'NONE', #3854 ) ;
#1564 = DIRECTION ( 'NONE',  ( 0.000000000000000000, -1.000000000000000000, 0.000000000000000000 ) ) ;
#1565 = LINE ( 'NONE', #1519, #5299 ) ;
#1566 = ORIENTED_EDGE ( 'NONE', *, *, #3932, .T. ) ;
#1567 = ORIENTED_EDGE ( 'NONE', *, *, #4213, .T. ) ;
#1568 = ORIENTED_EDGE ( 'NONE', *, *, #4069, .T. ) ;
#1569 = DIRECTION ( 'NONE',  ( 2.710505431213765029E-15, -1.000000000000000000, 0.000000000000000000 ) ) ;
#1570 = SURFACE_STYLE_FILL_AREA ( #4927 ) ;
#1571 = CARTESIAN_POINT ( 'NONE',  ( -1.199999999999999512, 11.00000000000000000, -5.399999999999998579 ) ) ;
#1572 = ADVANCED_FACE ( 'NONE', ( #6543 ), #486, .T. ) ;
#1574 = ORIENTED_EDGE ( 'NONE', *, *, #5773, .F. ) ;
#1573 = EDGE_CURVE ( 'NONE', #6021, #8217, #699, .T. ) ;
#1575 = DIRECTION ( 'NONE',  ( 0.000000000000000000, 0.000000000000000000, -1.000000000000000000 ) ) ;
#1576 = PLANE ( 'NONE',  #624 ) ;
#1577 = ORIENTED_EDGE ( 'NONE', *, *, #7278, .T. ) ;
#1578 = ORIENTED_EDGE ( 'NONE', *, *, #3187, .T. ) ;
#1579 = VERTEX_POINT ( 'NONE', #1949 ) ;
#1580 = CARTESIAN_POINT ( 'NONE',  ( -0.3199999999999944555, -3.300000000000005151, -1.220000000000000639 ) ) ;
#1581 = FACE_OUTER_BOUND ( 'NONE', #4589, .T. ) ;
#1582 = LINE ( 'NONE', #2996, #2360 ) ;
#1583 = AXIS2_PLACEMENT_3D ( 'NONE', #1181, #7205, #4597 ) ;
#1584 = CARTESIAN_POINT ( 'NONE',  ( 0.3199999999999999512, 1.000000000000000000, 2.779999999999999361 ) ) ;
#1585 = CARTESIAN_POINT ( 'NONE',  ( 2.599999999999979661, 8.241961640772636599, -5.089444362769127039 ) ) ;
#1586 = ORIENTED_EDGE ( 'NONE', *, *, #3013, .F. ) ;
#1587 = EDGE_LOOP ( 'NONE', ( #475, #7065 ) ) ;
#1588 = EDGE_LOOP ( 'NONE', ( #434, #8094, #2962, #3031 ) ) ;
#1589 = CARTESIAN_POINT ( 'NONE',  ( -0.3199999999999944555, -3.300000000000005151, -0.8000000000000003775 ) ) ;
#1590 = LINE ( 'NONE', #6990, #5691 ) ;
#1591 = DIRECTION ( 'NONE',  ( 0.000000000000000000, 0.000000000000000000, 1.000000000000000000 ) ) ;
#1592 = VECTOR ( 'NONE', #554, 1000.000000000000000 ) ;
#1593 = ORIENTED_EDGE ( 'NONE', *, *, #6928, .T. ) ;
#1594 = EDGE_CURVE ( 'NONE', #5940, #8065, #5304, .T. ) ;
#1595 = AXIS2_PLACEMENT_3D ( 'NONE', #7061, #8290, #992 ) ;
#1596 = AXIS2_PLACEMENT_3D ( 'NONE', #1046, #6450, #394 ) ;
#1597 = DIRECTION ( 'NONE',  ( -0.000000000000000000, -1.000000000000000000, -0.000000000000000000 ) ) ;
#1598 = EDGE_CURVE ( 'NONE', #952, #249, #8657, .T. ) ;
#1599 = ORIENTED_EDGE ( 'NONE', *, *, #5387, .T. ) ;
#1600 = CARTESIAN_POINT ( 'NONE',  ( -1.599999999999996314, 12.49999999999999822, 1.200000000000000178 ) ) ;
#1601 = EDGE_CURVE ( 'NONE', #7032, #3538, #3234, .T. ) ;
#1602 = CARTESIAN_POINT ( 'NONE',  ( 2.599999999999995648, 11.00000000000000000, -5.089444362769119046 ) ) ;
#1603 = DIRECTION ( 'NONE',  ( -0.000000000000000000, 0.000000000000000000, -1.000000000000000000 ) ) ;
#1604 = CARTESIAN_POINT ( 'NONE',  ( 0.9500000000000037303, 4.500000000000000888, 5.499999999999999112 ) ) ;
#1605 = ADVANCED_FACE ( 'NONE', ( #5214 ), #3947, .F. ) ;
#1606 = CARTESIAN_POINT ( 'NONE',  ( -3.399999999999996803, 4.500000000000000888, 3.600000000000001421 ) ) ;
#1607 = ORIENTED_EDGE ( 'NONE', *, *, #7715, .F. ) ;
#1608 = EDGE_CURVE ( 'NONE', #5153, #8014, #2697, .T. ) ;
#1609 = CARTESIAN_POINT ( 'NONE',  ( -3.399999999999996803, 4.900000000000000355, 3.600000000000001421 ) ) ;
#1610 = CARTESIAN_POINT ( 'NONE',  ( 2.019422874673665547, -3.270631606750493692, -1.220000000000000639 ) ) ;
#1611 = ADVANCED_FACE ( 'NONE', ( #4650 ), #5918, .F. ) ;
#1612 = VERTEX_POINT ( 'NONE', #3986 ) ;
#1613 = ORIENTED_EDGE ( 'NONE', *, *, #3022, .T. ) ;
#1614 = ORIENTED_EDGE ( 'NONE', *, *, #8508, .F. ) ;
#1615 = VECTOR ( 'NONE', #243, 1000.000000000000000 ) ;
#1616 =( LENGTH_UNIT ( ) NAMED_UNIT ( * ) SI_UNIT ( .MILLI., .METRE. ) );
#1617 = CARTESIAN_POINT ( 'NONE',  ( -2.535381069091578343, -1.075331984002933616, 2.779999999999999361 ) ) ;
#1618 = LINE ( 'NONE', #6388, #51 ) ;
#1619 = ORIENTED_EDGE ( 'NONE', *, *, #2948, .T. ) ;
#1620 = VECTOR ( 'NONE', #5740, 1000.000000000000000 ) ;
#1621 = CARTESIAN_POINT ( 'NONE',  ( 0.3500000000000199618, 28.50378091196238373, 5.199999999999999289 ) ) ;
#1622 = CARTESIAN_POINT ( 'NONE',  ( -2.399999999999996358, 0.2500000000000002220, 3.600000000000000533 ) ) ;
#1623 = VERTEX_POINT ( 'NONE', #3318 ) ;
#1624 = ORIENTED_EDGE ( 'NONE', *, *, #2994, .T. ) ;
#1625 = PRODUCT_DEFINITION_FORMATION_WITH_SPECIFIED_SOURCE ( 'ANY', '', #8107, .NOT_KNOWN. ) ;
#1626 = ORIENTED_EDGE ( 'NONE', *, *, #1685, .F. ) ;
#1627 = FILL_AREA_STYLE ('',( #2116 ) ) ;
#1628 = CARTESIAN_POINT ( 'NONE',  ( -0.3199999999999944555, -3.300000000000005151, -1.000000000000000888 ) ) ;
#1629 = LINE ( 'NONE', #4380, #1797 ) ;
#1630 = DIRECTION ( 'NONE',  ( 0.000000000000000000, 0.000000000000000000, -1.000000000000000000 ) ) ;
#1631 = AXIS2_PLACEMENT_3D ( 'NONE', #4029, #8748, #1989 ) ;
#1632 = VECTOR ( 'NONE', #942, 1000.000000000000000 ) ;
#1633 = CARTESIAN_POINT ( 'NONE',  ( -2.399999999999996358, 16.19999999999999929, 3.600000000000000533 ) ) ;
#1634 = ORIENTED_EDGE ( 'NONE', *, *, #6164, .F. ) ;
#1635 = ORIENTED_EDGE ( 'NONE', *, *, #8329, .T. ) ;
#1636 = VERTEX_POINT ( 'NONE', #535 ) ;
#1637 = LINE ( 'NONE', #7645, #1826 ) ;
#1638 = DIRECTION ( 'NONE',  ( 1.275531967630005245E-16, 0.000000000000000000, 1.000000000000000000 ) ) ;
#1639 = LINE ( 'NONE', #2262, #7016 ) ;
#1640 = VECTOR ( 'NONE', #7176, 1000.000000000000000 ) ;
#1641 = ORIENTED_EDGE ( 'NONE', *, *, #5434, .F. ) ;
#1642 = FACE_OUTER_BOUND ( 'NONE', #4053, .T. ) ;
#1643 = B_SPLINE_CURVE_WITH_KNOTS ( 'NONE', 3,
 ( #352, #5167, #7740, #1682, #7873, #4386 ),
 .UNSPECIFIED., .F., .F.,
 ( 4, 2, 4 ),
 ( 1.958689857842582264E-18, 0.0002830429812045155919, 0.0005660859624090292322 ),
 .UNSPECIFIED. ) ;
#1644 = CIRCLE ( 'NONE', #1361, 0.1999999999999996503 ) ;
#1645 = VECTOR ( 'NONE', #6460, 1000.000000000000000 ) ;
#1646 = PRODUCT_CONTEXT ( 'NONE', #6076, 'mechanical' ) ;
#1647 = VERTEX_POINT ( 'NONE', #2023 ) ;
#1648 = VECTOR ( 'NONE', #4243, 1000.000000000000000 ) ;
#1649 = PLANE ( 'NONE',  #6892 ) ;
#1650 = CARTESIAN_POINT ( 'NONE',  ( -0.7500000000000000000, 4.500000000000000888, 5.999999999999995559 ) ) ;
#1651 = CARTESIAN_POINT ( 'NONE',  ( -2.323186965781458113, -2.687106216916759660, -1.220000000000000639 ) ) ;
#1652 = ADVANCED_FACE ( 'NONE', ( #574 ), #7345, .T. ) ;
#1653 = LINE ( 'NONE', #1737, #7683 ) ;
#1654 = DIRECTION ( 'NONE',  ( -0.000000000000000000, -1.000000000000000000, -0.000000000000000000 ) ) ;
#1655 = ORIENTED_EDGE ( 'NONE', *, *, #5877, .T. ) ;
#1656 = DIRECTION ( 'NONE',  ( 0.000000000000000000, 0.000000000000000000, -1.000000000000000000 ) ) ;
#1657 = CARTESIAN_POINT ( 'NONE',  ( 2.710505431213762071E-16, 10.30000000000000249, -5.900000000000001243 ) ) ;
#1658 = EDGE_CURVE ( 'NONE', #7055, #5841, #6636, .T. ) ;
#1659 = ORIENTED_EDGE ( 'NONE', *, *, #5055, .F. ) ;
#1660 = ORIENTED_EDGE ( 'NONE', *, *, #2999, .F. ) ;
#1661 = ORIENTED_EDGE ( 'NONE', *, *, #3340, .T. ) ;
#1662 = VECTOR ( 'NONE', #6214, 999.9999999999998863 ) ;
#1663 = ADVANCED_FACE ( 'NONE', ( #6672 ), #8615, .T. ) ;
#1664 = LINE ( 'NONE', #4363, #3879 ) ;
#1665 = CARTESIAN_POINT ( 'NONE',  ( -2.599999999999999201, 4.500000000000000888, -5.089444362769117269 ) ) ;
#1666 = CARTESIAN_POINT ( 'NONE',  ( -4.899999999999996803, 1.000000000000000000, -1.220000000000000639 ) ) ;
#1667 = ORIENTED_EDGE ( 'NONE', *, *, #6236, .T. ) ;
#1668 = CARTESIAN_POINT ( 'NONE',  ( -1.807106781186547551, 9.800000000000000711, -6.192893218813453338 ) ) ;
#1669 = CARTESIAN_POINT ( 'NONE',  ( -2.319999999999991402, 1.000000000000000000, -1.220000000000000639 ) ) ;
#1670 = ORIENTED_EDGE ( 'NONE', *, *, #6414, .T. ) ;
#1671 = ORIENTED_EDGE ( 'NONE', *, *, #1541, .T. ) ;
#1672 = VECTOR ( 'NONE', #5641, 1000.000000000000114 ) ;
#1673 = ORIENTED_EDGE ( 'NONE', *, *, #4737, .T. ) ;
#1674 = LINE ( 'NONE', #3133, #231 ) ;
#1675 = DIRECTION ( 'NONE',  ( 3.903127820947815962E-15, 0.000000000000000000, 1.000000000000000000 ) ) ;
#1676 = VECTOR ( 'NONE', #7523, 999.9999999999998863 ) ;
#1677 = CARTESIAN_POINT ( 'NONE',  ( -2.319999999999998064, 9.081817580622704611, 2.779999999999999361 ) ) ;
#1678 = ORIENTED_EDGE ( 'NONE', *, *, #1801, .F. ) ;
#1679 = CIRCLE ( 'NONE', #5204, 0.2500000000000002220 ) ;
#1680 = EDGE_LOOP ( 'NONE', ( #7673, #3805, #2992, #4031 ) ) ;
#1681 = DIRECTION ( 'NONE',  ( 0.000000000000000000, 1.000000000000000000, 0.000000000000000000 ) ) ;
#1682 = CARTESIAN_POINT ( 'NONE',  ( -4.881236466658043227, 0.1363392068533896551, -2.552126787839846589 ) ) ;
#1683 = DIRECTION ( 'NONE',  ( 3.903127820947815962E-15, 0.000000000000000000, 1.000000000000000000 ) ) ;
#1684 = VECTOR ( 'NONE', #5556, 1000.000000000000000 ) ;
#1685 = EDGE_CURVE ( 'NONE', #2434, #720, #2452, .T. ) ;
#1686 = ORIENTED_EDGE ( 'NONE', *, *, #6794, .F. ) ;
#1687 = PRODUCT_DEFINITION ( 'UNKNOWN', '', #6851, #301 ) ;
#1688 = DIRECTION ( 'NONE',  ( 0.000000000000000000, 1.000000000000000000, 0.000000000000000000 ) ) ;
#1689 = CIRCLE ( 'NONE', #1526, 1.899999999999999689 ) ;
#1690 = SHAPE_DEFINITION_REPRESENTATION ( #5132, #265 ) ;
#1691 = ORIENTED_EDGE ( 'NONE', *, *, #6414, .F. ) ;
#1692 = DIRECTION ( 'NONE',  ( 0.000000000000000000, -1.000000000000000000, -0.000000000000000000 ) ) ;
#1693 = CARTESIAN_POINT ( 'NONE',  ( -2.999999999999996003, 4.900000000000000355, -3.294444401457438332 ) ) ;
#1694 = PLANE ( 'NONE',  #7805 ) ;
#1695 = DIRECTION ( 'NONE',  ( -6.938893903907229364E-16, 0.000000000000000000, -1.000000000000000000 ) ) ;
#1696 = DIRECTION ( 'NONE',  ( 0.000000000000000000, -0.000000000000000000, 1.000000000000000000 ) ) ;
#1697 = CARTESIAN_POINT ( 'NONE',  ( 0.4500000000000011768, 4.900000000000000355, 4.600000000000000533 ) ) ;
#1698 = DIRECTION ( 'NONE',  ( -0.000000000000000000, -1.000000000000000000, -0.000000000000000000 ) ) ;
#1699 = ORIENTED_EDGE ( 'NONE', *, *, #7568, .T. ) ;
#1700 = EDGE_LOOP ( 'NONE', ( #1567, #5375, #6940, #5934 ) ) ;
#1701 = EDGE_CURVE ( 'NONE', #7772, #5553, #1362, .T. ) ;
#1702 = EDGE_LOOP ( 'NONE', ( #1932, #5720, #8121, #7085, #4662, #8432 ) ) ;
#1703 = LINE ( 'NONE', #3033, #620 ) ;
#1704 = PLANE ( 'NONE',  #8084 ) ;
#1705 = EDGE_CURVE ( 'NONE', #8513, #4354, #4725, .T. ) ;
#1706 = DIRECTION ( 'NONE',  ( -5.225070710773515974E-16, 0.000000000000000000, -1.000000000000000000 ) ) ;
#1707 = EDGE_CURVE ( 'NONE', #4152, #4547, #7956, .T. ) ;
#1708 = CARTESIAN_POINT ( 'NONE',  ( 2.399999999999996358, 4.500000000000000888, 3.600000000000000533 ) ) ;
#1709 = ORIENTED_EDGE ( 'NONE', *, *, #3433, .F. ) ;
#1710 = FACE_OUTER_BOUND ( 'NONE', #3795, .T. ) ;
#1711 = EDGE_CURVE ( 'NONE', #4729, #764, #6013, .T. ) ;
#1712 =( NAMED_UNIT ( * ) SI_UNIT ( $, .STERADIAN. ) SOLID_ANGLE_UNIT ( ) );
#1713 = ORIENTED_EDGE ( 'NONE', *, *, #1701, .T. ) ;
#1714 = VERTEX_POINT ( 'NONE', #7420 ) ;
#1715 = EDGE_CURVE ( 'NONE', #7659, #4697, #6050, .T. ) ;
#1716 = VERTEX_POINT ( 'NONE', #3402 ) ;
#1717 = PLANE ( 'NONE',  #5303 ) ;
#1718 = ADVANCED_FACE ( 'NONE', ( #1492 ), #8170, .F. ) ;
#1719 = CARTESIAN_POINT ( 'NONE',  ( -1.734723475976807094E-15, 11.00000000000000000, -5.399999999999998579 ) ) ;
#1720 = CARTESIAN_POINT ( 'NONE',  ( 1.680000000000007709, 9.081817580622695729, -1.220000000000000639 ) ) ;
#1721 = DIRECTION ( 'NONE',  ( -0.000000000000000000, 0.3420201433256667145, 0.9396926207859090940 ) ) ;
#1722 = ADVANCED_FACE ( 'NONE', ( #6891 ), #4765, .F. ) ;
#1723 = UNCERTAINTY_MEASURE_WITH_UNIT (LENGTH_MEASURE( 1.000000000000000082E-05 ), #7101, 'distance_accuracy_value', 'NONE');
#1724 = LINE ( 'NONE', #3624, #8536 ) ;
#1725 = EDGE_LOOP ( 'NONE', ( #4453, #1814, #4803, #1800 ) ) ;
#1726 = ORIENTED_EDGE ( 'NONE', *, *, #4940, .F. ) ;
#1727 = EDGE_CURVE ( 'NONE', #4763, #4280, #1793, .T. ) ;
#1728 = CARTESIAN_POINT ( 'NONE',  ( -1.199999999999999512, 9.999999999999998224, -5.399999999999998579 ) ) ;
#1729 = CARTESIAN_POINT ( 'NONE',  ( -1.681253862587372305, -2.659841777251804817, -0.5800000000000006262 ) ) ;
#1730 = LINE ( 'NONE', #4523, #7305 ) ;
#1731 = ORIENTED_EDGE ( 'NONE', *, *, #2694, .T. ) ;
#1732 = FACE_OUTER_BOUND ( 'NONE', #5989, .T. ) ;
#1733 = APPLICATION_PROTOCOL_DEFINITION ( 'draft international standard', 'automotive_design', 1998, #8456 ) ;
#1734 = CARTESIAN_POINT ( 'NONE',  ( 2.051538277672281030, 9.819410100706008393, 3.151538277672282451 ) ) ;
#1735 = DIRECTION ( 'NONE',  ( -1.000000000000000000, 0.000000000000000000, 9.035018104045873159E-17 ) ) ;
#1736 = CARTESIAN_POINT ( 'NONE',  ( -1.679999999999993054, 1.000000000000000000, -0.4000000000000052958 ) ) ;
#1737 = CARTESIAN_POINT ( 'NONE',  ( -4.899999999999995914, 16.60000000000000142, 3.600000000000000533 ) ) ;
#1738 = DIRECTION ( 'NONE',  ( -1.199218353203923552E-15, 0.000000000000000000, -1.000000000000000000 ) ) ;
#1739 = TOROIDAL_SURFACE ( 'NONE', #1022, 2.249999999999999556, 0.2500000000000000000 ) ;
#1740 = FACE_OUTER_BOUND ( 'NONE', #442, .T. ) ;
#1741 = LINE ( 'NONE', #3599, #5999 ) ;
#1742 = ORIENTED_EDGE ( 'NONE', *, *, #4416, .F. ) ;
#1743 = ORIENTED_EDGE ( 'NONE', *, *, #2735, .F. ) ;
#1744 = ORIENTED_EDGE ( 'NONE', *, *, #1001, .T. ) ;
#1745 = AXIS2_PLACEMENT_3D ( 'NONE', #3629, #4784, #711 ) ;
#1746 = FACE_OUTER_BOUND ( 'NONE', #1806, .T. ) ;
#1747 = CARTESIAN_POINT ( 'NONE',  ( -2.168404344971008868E-16, 4.900000000000000355, -4.194444401457435134 ) ) ;
#1748 = DIRECTION ( 'NONE',  ( 6.776263578034403699E-16, 0.000000000000000000, 1.000000000000000000 ) ) ;
#1749 = EDGE_LOOP ( 'NONE', ( #263, #132, #1659, #5351, #6393 ) ) ;
#1750 = DIRECTION ( 'NONE',  ( 5.215919954004830835E-16, 0.000000000000000000, -1.000000000000000000 ) ) ;
#1751 = FILL_AREA_STYLE ('',( #7853 ) ) ;
#1752 = VERTEX_POINT ( 'NONE', #4896 ) ;
#1753 = ORIENTED_EDGE ( 'NONE', *, *, #1432, .F. ) ;
#1754 = CIRCLE ( 'NONE', #5836, 1.899999999999999245 ) ;
#1755 = EDGE_LOOP ( 'NONE', ( #1092, #1125, #5353, #7685 ) ) ;
#1756 = VECTOR ( 'NONE', #6480, 1000.000000000000000 ) ;
#1757 = ORIENTED_EDGE ( 'NONE', *, *, #4335, .F. ) ;
#1758 = DIRECTION ( 'NONE',  ( 2.492418787322998744E-16, 1.000000000000000000, -0.000000000000000000 ) ) ;
#1759 = CIRCLE ( 'NONE', #6703, 1.000000000000000000 ) ;
#1760 = DIRECTION ( 'NONE',  ( -1.314184451497579435E-15, 0.000000000000000000, 1.000000000000000000 ) ) ;
#1761 = EDGE_CURVE ( 'NONE', #6600, #1928, #6978, .T. ) ;
#1762 = AXIS2_PLACEMENT_3D ( 'NONE', #2689, #3934, #1305 ) ;
#1763 = DIRECTION ( 'NONE',  ( 0.000000000000000000, -1.000000000000000000, 0.000000000000000000 ) ) ;
#1764 = DIRECTION ( 'NONE',  ( 0.000000000000000000, 0.000000000000000000, -1.000000000000000000 ) ) ;
#1765 = EDGE_CURVE ( 'NONE', #4477, #3505, #2779, .T. ) ;
#1766 = VERTEX_POINT ( 'NONE', #4199 ) ;
#1767 =( GEOMETRIC_REPRESENTATION_CONTEXT ( 3 ) GLOBAL_UNCERTAINTY_ASSIGNED_CONTEXT ( ( #5950 ) ) GLOBAL_UNIT_ASSIGNED_CONTEXT ( ( #13, #2219, #8110 ) ) REPRESENTATION_CONTEXT ( 'NONE', 'WORKASPACE' ) );
#1768 = ORIENTED_EDGE ( 'NONE', *, *, #7388, .T. ) ;
#1769 = VERTEX_POINT ( 'NONE', #867 ) ;
#1770 = DIRECTION ( 'NONE',  ( 0.000000000000000000, 0.000000000000000000, 1.000000000000000000 ) ) ;
#1771 = FACE_OUTER_BOUND ( 'NONE', #7140, .T. ) ;
#1772 = EDGE_CURVE ( 'NONE', #6932, #1052, #2772, .T. ) ;
#1773 = FACE_OUTER_BOUND ( 'NONE', #6140, .T. ) ;
#1774 = ORIENTED_EDGE ( 'NONE', *, *, #2602, .F. ) ;
#1775 = VECTOR ( 'NONE', #6548, 1000.000000000000000 ) ;
#1776 = AXIS2_PLACEMENT_3D ( 'NONE', #3203, #2539, #6606 ) ;
#1777 = EDGE_CURVE ( 'NONE', #1318, #834, #6134, .T. ) ;
#1778 = CARTESIAN_POINT ( 'NONE',  ( 2.399999999999999023, 16.60000000000000142, 3.599999999999998757 ) ) ;
#1779 = VECTOR ( 'NONE', #4762, 1000.000000000000000 ) ;
#1780 = VECTOR ( 'NONE', #4123, 1000.000000000000000 ) ;
#1781 = DIRECTION ( 'NONE',  ( -3.794707603699271830E-15, 0.000000000000000000, -1.000000000000000000 ) ) ;
#1782 = FACE_OUTER_BOUND ( 'NONE', #4558, .T. ) ;
#1783 = CARTESIAN_POINT ( 'NONE',  ( 4.299999999999984723, 4.500000000000000888, -3.200000000000016165 ) ) ;
#1784 = CARTESIAN_POINT ( 'NONE',  ( -1.679999999999993276, -0.6150000000000054312, -1.220000000000000639 ) ) ;
#1785 = DIRECTION ( 'NONE',  ( 0.000000000000000000, 0.000000000000000000, -1.000000000000000000 ) ) ;
#1786 = DIRECTION ( 'NONE',  ( 0.000000000000000000, 0.000000000000000000, 1.000000000000000000 ) ) ;
#1787 = VECTOR ( 'NONE', #7327, 1000.000000000000000 ) ;
#1788 = CARTESIAN_POINT ( 'NONE',  ( 1.680000000000006599, 16.60000000000000142, -0.5800000000000006262 ) ) ;
#1789 = AXIS2_PLACEMENT_3D ( 'NONE', #2780, #4616, #585 ) ;
#1790 = ORIENTED_EDGE ( 'NONE', *, *, #5660, .F. ) ;
#1791 = EDGE_LOOP ( 'NONE', ( #2966, #896, #661, #5840 ) ) ;
#1792 = ORIENTED_EDGE ( 'NONE', *, *, #6233, .T. ) ;
#1793 = CIRCLE ( 'NONE', #2211, 0.5000000000000004441 ) ;
#1794 = CARTESIAN_POINT ( 'NONE',  ( -4.899999999999996803, 0.2500000000000002220, -1.400000000000001465 ) ) ;
#1795 = CARTESIAN_POINT ( 'NONE',  ( 2.399999999999996358, 4.500000000000000888, 4.600000000000000533 ) ) ;
#1796 = DIRECTION ( 'NONE',  ( -0.9914448613738103822, -0.1305261922200516844, 0.000000000000000000 ) ) ;
#1797 = VECTOR ( 'NONE', #4331, 1000.000000000000000 ) ;
#1798 = DIRECTION ( 'NONE',  ( 1.000000000000000000, 0.000000000000000000, 0.000000000000000000 ) ) ;
#1799 = PLANE ( 'NONE',  #6550 ) ;
#1800 = ORIENTED_EDGE ( 'NONE', *, *, #2114, .F. ) ;
#1801 = EDGE_CURVE ( 'NONE', #8572, #2904, #6262, .T. ) ;
#1802 = CARTESIAN_POINT ( 'NONE',  ( -1.880028303524364564, -1.150000000000005462, -1.220000000000000639 ) ) ;
#1803 = CARTESIAN_POINT ( 'NONE',  ( -1.555182915624704343, -2.001483064957898961, 2.569074551634706438 ) ) ;
#1804 = PRESENTATION_STYLE_ASSIGNMENT (( #470 ) ) ;
#1805 = VERTEX_POINT ( 'NONE', #6805 ) ;
#1806 = EDGE_LOOP ( 'NONE', ( #7366, #6920, #6020, #6389, #6699, #7743, #5572, #1753 ) ) ;
#1807 = VERTEX_POINT ( 'NONE', #30 ) ;
#1808 = DIRECTION ( 'NONE',  ( 1.000000000000000000, 0.000000000000000000, -0.000000000000000000 ) ) ;
#1809 = DIRECTION ( 'NONE',  ( 1.000000000000000000, -6.776263578034402713E-16, 0.000000000000000000 ) ) ;
#1810 = DIRECTION ( 'NONE',  ( 0.000000000000000000, -0.000000000000000000, 1.000000000000000000 ) ) ;
#1811 = DIRECTION ( 'NONE',  ( -0.7071067811865414665, 0.000000000000000000, 0.7071067811865536790 ) ) ;
#1812 = UNCERTAINTY_MEASURE_WITH_UNIT (LENGTH_MEASURE( 1.000000000000000082E-05 ), #4498, 'distance_accuracy_value', 'NONE');
#1813 = PLANE ( 'NONE',  #5423 ) ;
#1814 = ORIENTED_EDGE ( 'NONE', *, *, #5426, .F. ) ;
#1815 = ORIENTED_EDGE ( 'NONE', *, *, #6396, .T. ) ;
#1816 = ADVANCED_FACE ( 'NONE', ( #1402 ), #2912, .T. ) ;
#1817 = AXIS2_PLACEMENT_3D ( 'NONE', #3779, #5797, #2447 ) ;
#1818 = ORIENTED_EDGE ( 'NONE', *, *, #7971, .F. ) ;
#1819 = DIRECTION ( 'NONE',  ( 1.000000000000000000, 0.000000000000000000, 0.000000000000000000 ) ) ;
#1820 = DIRECTION ( 'NONE',  ( 0.000000000000000000, 1.000000000000000000, 0.000000000000000000 ) ) ;
#1821 = CARTESIAN_POINT ( 'NONE',  ( -2.319999999999999840, 1.000000000000000000, 2.779999999999999361 ) ) ;
#1822 = AXIS2_PLACEMENT_3D ( 'NONE', #4436, #2408, #1913 ) ;
#1823 = EDGE_CURVE ( 'NONE', #1612, #2961, #2201, .T. ) ;
#1824 = ADVANCED_FACE ( 'NONE', ( #2736 ), #7592, .T. ) ;
#1825 = ORIENTED_EDGE ( 'NONE', *, *, #1594, .T. ) ;
#1826 = VECTOR ( 'NONE', #1681, 1000.000000000000000 ) ;
#1827 = CARTESIAN_POINT ( 'NONE',  ( -2.599999999999999201, 16.40000000000000213, -4.383215956619922693 ) ) ;
#1828 = EDGE_CURVE ( 'NONE', #815, #325, #5469, .T. ) ;
#1829 = DIRECTION ( 'NONE',  ( -0.3236155771181829510, -0.8891264907159894815, -0.3236155771181829510 ) ) ;
#1830 = VECTOR ( 'NONE', #3946, 1000.000000000000000 ) ;
#1831 = DIRECTION ( 'NONE',  ( 0.000000000000000000, -1.000000000000000000, -0.000000000000000000 ) ) ;
#1832 = CARTESIAN_POINT ( 'NONE',  ( -0.9499999999999998446, 16.40000000000000213, 5.500000000000000000 ) ) ;
#1833 = DIRECTION ( 'NONE',  ( 0.000000000000000000, 0.000000000000000000, 1.000000000000000000 ) ) ;
#1834 = CARTESIAN_POINT ( 'NONE',  ( -0.05601464246351171850, 9.820848776618126053, -0.8439853575364841820 ) ) ;
#1835 = LINE ( 'NONE', #4534, #4037 ) ;
#1836 = EDGE_CURVE ( 'NONE', #4645, #5068, #4153, .T. ) ;
#1837 = EDGE_LOOP ( 'NONE', ( #4556, #1845, #6536, #1660 ) ) ;
#1838 = ORIENTED_EDGE ( 'NONE', *, *, #5009, .F. ) ;
#1839 = ORIENTED_EDGE ( 'NONE', *, *, #7227, .T. ) ;
#1840 = LINE ( 'NONE', #8634, #5839 ) ;
#1841 = DIRECTION ( 'NONE',  ( -1.000000000000000000, 0.000000000000000000, 0.000000000000000000 ) ) ;
#1842 = CARTESIAN_POINT ( 'NONE',  ( 3.179341891956461996, 10.11099462531734261, -5.575483757897061743 ) ) ;
#1843 = DIRECTION ( 'NONE',  ( -6.776263578034403699E-16, 0.000000000000000000, -1.000000000000000000 ) ) ;
#1844 = CARTESIAN_POINT ( 'NONE',  ( 2.099999999999995648, 9.800000000000000711, -6.399999999999999467 ) ) ;
#1845 = ORIENTED_EDGE ( 'NONE', *, *, #3013, .T. ) ;
#1846 = DIRECTION ( 'NONE',  ( 0.000000000000000000, 0.000000000000000000, -1.000000000000000000 ) ) ;
#1847 = FACE_OUTER_BOUND ( 'NONE', #8390, .T. ) ;
#1848 = ORIENTED_EDGE ( 'NONE', *, *, #3271, .F. ) ;
#1849 = EDGE_LOOP ( 'NONE', ( #2510, #4830, #7610, #6310, #8431 ) ) ;
#1850 = VERTEX_POINT ( 'NONE', #6221 ) ;
#1851 = EDGE_CURVE ( 'NONE', #1340, #2505, #1503, .T. ) ;
#1852 = CARTESIAN_POINT ( 'NONE',  ( -3.399999999999995914, 16.19999999999999929, -3.199999999999999289 ) ) ;
#1853 = ADVANCED_FACE ( 'NONE', ( #1581 ), #3532, .T. ) ;
#1854 = CARTESIAN_POINT ( 'NONE',  ( 2.320000000000006057, -0.4992691472256670648, -1.220000000000000639 ) ) ;
#1855 = DIRECTION ( 'NONE',  ( -6.776263578034403699E-16, 0.000000000000000000, -1.000000000000000000 ) ) ;
#1856 = DIRECTION ( 'NONE',  ( -1.000000000000000000, 0.000000000000000000, 0.000000000000000000 ) ) ;
#1857 = CARTESIAN_POINT ( 'NONE',  ( 1.680000000000000160, 9.700000000000001066, 3.004999999999999893 ) ) ;
#1858 = ORIENTED_EDGE ( 'NONE', *, *, #3067, .T. ) ;
#1859 = VERTEX_POINT ( 'NONE', #2860 ) ;
#1860 = ORIENTED_EDGE ( 'NONE', *, *, #3990, .F. ) ;
#1861 = CARTESIAN_POINT ( 'NONE',  ( -1.680000000000000160, 9.700000000000001066, 3.194999999999998952 ) ) ;
#1862 = DIRECTION ( 'NONE',  ( 0.000000000000000000, -1.000000000000000000, -0.000000000000000000 ) ) ;
#1863 = FACE_OUTER_BOUND ( 'NONE', #7727, .T. ) ;
#1864 = ORIENTED_EDGE ( 'NONE', *, *, #1987, .T. ) ;
#1865 = CARTESIAN_POINT ( 'NONE',  ( 2.399999999999992806, 4.500000000000000888, -5.100000000000000533 ) ) ;
#1866 = DIRECTION ( 'NONE',  ( 0.000000000000000000, 0.000000000000000000, -1.000000000000000000 ) ) ;
#1867 = PLANE ( 'NONE',  #5309 ) ;
#1868 = DIRECTION ( 'NONE',  ( 0.000000000000000000, -0.000000000000000000, 1.000000000000000000 ) ) ;
#1869 = CARTESIAN_POINT ( 'NONE',  ( 0.9500000000000210498, 16.40000000000000213, 5.499999999999996447 ) ) ;
#1870 = EDGE_CURVE ( 'NONE', #4059, #5329, #2068, .T. ) ;
#1871 = CARTESIAN_POINT ( 'NONE',  ( 2.319999999999999396, -0.4992691472256616803, 2.779999999999999361 ) ) ;
#1872 = VECTOR ( 'NONE', #5569, 1000.000000000000000 ) ;
#1873 = CARTESIAN_POINT ( 'NONE',  ( -2.399999999999996358, 16.19999999999999929, 3.600000000000000533 ) ) ;
#1874 = ORIENTED_EDGE ( 'NONE', *, *, #8676, .T. ) ;
#1875 = ORIENTED_EDGE ( 'NONE', *, *, #7074, .F. ) ;
#1876 = ADVANCED_FACE ( 'NONE', ( #3668 ), #254, .F. ) ;
#1878 = EDGE_CURVE ( 'NONE', #3923, #6676, #7812, .T. ) ;
#1877 = LINE ( 'NONE', #8025, #7124 ) ;
#1879 = CARTESIAN_POINT ( 'NONE',  ( -4.649999999999995026, 0.2500000000000002220, 2.599999999999998757 ) ) ;
#1880 = DIRECTION ( 'NONE',  ( -5.500731610404397960E-16, -0.000000000000000000, -1.000000000000000000 ) ) ;
#1881 = EDGE_CURVE ( 'NONE', #4373, #6899, #5648, .T. ) ;
#1882 = PLANE ( 'NONE',  #5282 ) ;
#1883 = ORIENTED_EDGE ( 'NONE', *, *, #464, .T. ) ;
#1884 = VECTOR ( 'NONE', #592, 1000.000000000000000 ) ;
#1885 = CARTESIAN_POINT ( 'NONE',  ( -3.399999999999995914, 4.500000000000000888, -3.199999999999999289 ) ) ;
#1886 = EDGE_CURVE ( 'NONE', #5905, #4535, #1093, .T. ) ;
#1887 = LINE ( 'NONE', #5332, #1787 ) ;
#1888 = ORIENTED_EDGE ( 'NONE', *, *, #1715, .T. ) ;
#1889 = VERTEX_POINT ( 'NONE', #4330 ) ;
#1890 = VERTEX_POINT ( 'NONE', #7026 ) ;
#1891 = VECTOR ( 'NONE', #3102, 999.9999999999998863 ) ;
#1892 = ORIENTED_EDGE ( 'NONE', *, *, #7587, .T. ) ;
#1893 = DIRECTION ( 'NONE',  ( 0.000000000000000000, 0.000000000000000000, -1.000000000000000000 ) ) ;
#1894 = FACE_OUTER_BOUND ( 'NONE', #7318, .T. ) ;
#1895 = CARTESIAN_POINT ( 'NONE',  ( 4.649999999999997691, 0.2500000000000002220, 3.599999999999997424 ) ) ;
#1896 = PRODUCT_DEFINITION_CONTEXT ( 'detailed design', #6991, 'design' ) ;
#1897 = DIRECTION ( 'NONE',  ( -0.3236155771181860596, -0.8891264907159875941, -0.3236155771181853935 ) ) ;
#1898 = AXIS2_PLACEMENT_3D ( 'NONE', #3835, #8469, #1748 ) ;
#1899 = ORIENTED_EDGE ( 'NONE', *, *, #3486, .F. ) ;
#1900 = ORIENTED_EDGE ( 'NONE', *, *, #7429, .F. ) ;
#1901 = CARTESIAN_POINT ( 'NONE',  ( 0.1230399491857852023, 9.636698259866687266, -0.7769600508142219253 ) ) ;
#1902 = VECTOR ( 'NONE', #6565, 1000.000000000000000 ) ;
#1903 = CARTESIAN_POINT ( 'NONE',  ( -1.679999999999999938, -0.6149999999999999911, 2.779999999999999361 ) ) ;
#1904 = CARTESIAN_POINT ( 'NONE',  ( 1.688662254502225846, -2.603569453895921093, 2.779999999999999361 ) ) ;
#1905 = VECTOR ( 'NONE', #2444, 1000.000000000000114 ) ;
#1906 = VERTEX_POINT ( 'NONE', #3046 ) ;
#1907 = LINE ( 'NONE', #7919, #8544 ) ;
#1908 = DIRECTION ( 'NONE',  ( 0.000000000000000000, 0.000000000000000000, -1.000000000000000000 ) ) ;
#1909 = DIRECTION ( 'NONE',  ( 0.000000000000000000, 1.000000000000000000, 0.000000000000000000 ) ) ;
#1910 = DIRECTION ( 'NONE',  ( -0.000000000000000000, 1.000000000000000000, 0.000000000000000000 ) ) ;
#1911 = LINE ( 'NONE', #6893, #4052 ) ;
#1912 =( GEOMETRIC_REPRESENTATION_CONTEXT ( 3 ) GLOBAL_UNCERTAINTY_ASSIGNED_CONTEXT ( ( #5077 ) ) GLOBAL_UNIT_ASSIGNED_CONTEXT ( ( #6709, #7333, #4798 ) ) REPRESENTATION_CONTEXT ( 'NONE', 'WORKASPACE' ) );
#1913 = DIRECTION ( 'NONE',  ( 0.000000000000000000, 0.000000000000000000, 1.000000000000000000 ) ) ;
#1914 = FACE_OUTER_BOUND ( 'NONE', #1258, .T. ) ;
#1915 = VECTOR ( 'NONE', #614, 1000.000000000000114 ) ;
#1916 = VECTOR ( 'NONE', #709, 1000.000000000000114 ) ;
#1917 = VERTEX_POINT ( 'NONE', #297 ) ;
#1918 = EDGE_LOOP ( 'NONE', ( #2140, #8174, #1134, #2509 ) ) ;
#1919 = EDGE_CURVE ( 'NONE', #5727, #104, #3800, .T. ) ;
#1920 = FACE_OUTER_BOUND ( 'NONE', #6331, .T. ) ;
#1921 = LINE ( 'NONE', #2673, #3104 ) ;
#1922 = DIRECTION ( 'NONE',  ( 0.000000000000000000, -1.000000000000000000, -0.000000000000000000 ) ) ;
#1923 = DIRECTION ( 'NONE',  ( -1.000000000000000000, 0.000000000000000000, 3.836157981375497286E-15 ) ) ;
#1924 = VECTOR ( 'NONE', #6466, 1000.000000000000000 ) ;
#1925 = DIRECTION ( 'NONE',  ( 0.000000000000000000, 0.000000000000000000, 1.000000000000000000 ) ) ;
#1926 = EDGE_CURVE ( 'NONE', #1340, #7666, #1674, .T. ) ;
#1927 = VECTOR ( 'NONE', #280, 1000.000000000000000 ) ;
#1928 = VERTEX_POINT ( 'NONE', #6492 ) ;
#1929 = ADVANCED_FACE ( 'NONE', ( #5734 ), #2995, .T. ) ;
#1930 = DIRECTION ( 'NONE',  ( 0.000000000000000000, -1.000000000000000000, -0.000000000000000000 ) ) ;
#1931 = CARTESIAN_POINT ( 'NONE',  ( -0.9499999999999999556, 4.500000000000000888, 2.779999999999999361 ) ) ;
#1932 = ORIENTED_EDGE ( 'NONE', *, *, #5055, .T. ) ;
#1933 = VERTEX_POINT ( 'NONE', #4378 ) ;
#1934 = ADVANCED_FACE ( 'NONE', ( #5074 ), #7110, .F. ) ;
#1935 = VECTOR ( 'NONE', #4072, 1000.000000000000000 ) ;
#1936 = ORIENTED_EDGE ( 'NONE', *, *, #5479, .F. ) ;
#1937 = EDGE_CURVE ( 'NONE', #398, #6476, #1644, .T. ) ;
#1938 = AXIS2_PLACEMENT_3D ( 'NONE', #7597, #2916, #8346 ) ;
#1939 = VECTOR ( 'NONE', #4599, 1000.000000000000000 ) ;
#1940 = FILL_AREA_STYLE ('',( #5415 ) ) ;
#1941 = CARTESIAN_POINT ( 'NONE',  ( 4.899999999999996803, 12.49999999999999822, 1.199999999999997291 ) ) ;
#1942 = CARTESIAN_POINT ( 'NONE',  ( -2.319999999999998064, 16.60000000000000142, 2.779999999999999361 ) ) ;
#1943 = PLANE ( 'NONE',  #7306 ) ;
#1944 = FACE_OUTER_BOUND ( 'NONE', #1837, .T. ) ;
#1945 = EDGE_CURVE ( 'NONE', #7778, #6855, #2955, .T. ) ;
#1946 = VERTEX_POINT ( 'NONE', #7204 ) ;
#1947 = ORIENTED_EDGE ( 'NONE', *, *, #5858, .F. ) ;
#1948 = DIRECTION ( 'NONE',  ( 0.000000000000000000, 0.000000000000000000, -1.000000000000000000 ) ) ;
#1949 = CARTESIAN_POINT ( 'NONE',  ( -4.299999999999996270, 16.60000000000000142, -3.199999999999999289 ) ) ;
#1950 = LINE ( 'NONE', #7549, #4619 ) ;
#1951 = VERTEX_POINT ( 'NONE', #6316 ) ;
#1952 = DIRECTION ( 'NONE',  ( 0.000000000000000000, 0.000000000000000000, -1.000000000000000000 ) ) ;
#1953 = ORIENTED_EDGE ( 'NONE', *, *, #8618, .F. ) ;
#1954 = LINE ( 'NONE', #4656, #2529 ) ;
#1955 = CIRCLE ( 'NONE', #107, 0.2500000000000002220 ) ;
#1956 = EDGE_CURVE ( 'NONE', #5786, #8156, #8342, .T. ) ;
#1957 = DIRECTION ( 'NONE',  ( -1.000000000000000000, -2.710505431213765029E-15, 0.000000000000000000 ) ) ;
#1958 = CARTESIAN_POINT ( 'NONE',  ( 1.680000000000006377, -0.6150000000000054312, -1.220000000000000639 ) ) ;
#1959 = LINE ( 'NONE', #7433, #3944 ) ;
#1960 = CARTESIAN_POINT ( 'NONE',  ( -2.319999999999991402, 9.699999999999995737, -1.220000000000000639 ) ) ;
#1961 = ORIENTED_EDGE ( 'NONE', *, *, #7566, .F. ) ;
#1962 = ORIENTED_EDGE ( 'NONE', *, *, #4526, .T. ) ;
#1963 = AXIS2_PLACEMENT_3D ( 'NONE', #5122, #3809, #8530 ) ;
#1964 = DIRECTION ( 'NONE',  ( 0.9366721892483972356, 0.3502073812594687086, 0.000000000000000000 ) ) ;
#1965 = CARTESIAN_POINT ( 'NONE',  ( -1.782968222903822417E-14, 11.00000000000000000, -5.099999999999998757 ) ) ;
#1966 = CARTESIAN_POINT ( 'NONE',  ( 2.095000000000004192, 9.699999999999995737, -0.9950000000000002176 ) ) ;
#1967 = CARTESIAN_POINT ( 'NONE',  ( -2.999999999999996003, 4.900000000000000355, -3.294444401457438332 ) ) ;
#1968 = DIRECTION ( 'NONE',  ( -3.614007241618390679E-16, 0.000000000000000000, 1.000000000000000000 ) ) ;
#1969 = ORIENTED_EDGE ( 'NONE', *, *, #5111, .T. ) ;
#1970 = VECTOR ( 'NONE', #3830, 1000.000000000000227 ) ;
#1971 = LINE ( 'NONE', #2135, #1676 ) ;
#1972 = CARTESIAN_POINT ( 'NONE',  ( 2.999999999999996003, 4.900000000000000355, -3.294444401457438332 ) ) ;
#1973 = VERTEX_POINT ( 'NONE', #4982 ) ;
#1974 = ORIENTED_EDGE ( 'NONE', *, *, #4172, .T. ) ;
#1975 = ORIENTED_EDGE ( 'NONE', *, *, #6037, .T. ) ;
#1976 = EDGE_CURVE ( 'NONE', #5944, #7249, #7679, .T. ) ;
#1977 = FACE_OUTER_BOUND ( 'NONE', #6004, .T. ) ;
#1978 = CARTESIAN_POINT ( 'NONE',  ( -1.680000000000000160, 16.60000000000000142, 3.419999999999999485 ) ) ;
#1979 = CARTESIAN_POINT ( 'NONE',  ( -0.09999999999999627243, 9.699999999999993960, -0.7999999999999994893 ) ) ;
#1980 = ADVANCED_FACE ( 'NONE', ( #7075 ), #1004, .F. ) ;
#1981 = DIRECTION ( 'NONE',  ( 9.035018104045873159E-17, 0.000000000000000000, 1.000000000000000000 ) ) ;
#1982 = EDGE_CURVE ( 'NONE', #4629, #1766, #7774, .T. ) ;
#1983 = CARTESIAN_POINT ( 'NONE',  ( 1.688662254502225846, -2.603569453895921093, 3.419999999999999485 ) ) ;
#1984 = ADVANCED_FACE ( 'NONE', ( #3750 ), #6449, .F. ) ;
#1985 = ORIENTED_EDGE ( 'NONE', *, *, #878, .T. ) ;
#1986 = DIRECTION ( 'NONE',  ( -0.1305261922200518232, -0.9914448613738103822, 0.000000000000000000 ) ) ;
#1987 = EDGE_CURVE ( 'NONE', #8065, #7039, #6040, .T. ) ;
#1988 = EDGE_LOOP ( 'NONE', ( #7325, #5384, #5056, #5300 ) ) ;
#1989 = DIRECTION ( 'NONE',  ( 0.000000000000000000, 0.000000000000000000, 1.000000000000000000 ) ) ;
#1990 = EDGE_CURVE ( 'NONE', #149, #732, #648, .T. ) ;
#1991 = ORIENTED_EDGE ( 'NONE', *, *, #7081, .F. ) ;
#1992 = DIRECTION ( 'NONE',  ( -1.000000000000000000, 0.000000000000000000, 1.156482317317868372E-15 ) ) ;
#1993 = LINE ( 'NONE', #6814, #3905 ) ;
#1994 = PLANE ( 'NONE',  #2018 ) ;
#1995 = CARTESIAN_POINT ( 'NONE',  ( -2.599999999999999201, 8.241961640772636599, -4.179795897113270264 ) ) ;
#1996 = LINE ( 'NONE', #8543, #7552 ) ;
#1997 = EDGE_LOOP ( 'NONE', ( #7554, #5126, #80, #7012 ) ) ;
#1998 = ORIENTED_EDGE ( 'NONE', *, *, #8247, .T. ) ;
#1999 = LINE ( 'NONE', #8147, #4014 ) ;
#2000 = CARTESIAN_POINT ( 'NONE',  ( 1.599999999999992983, 14.00000000000000000, -10.70000000000000107 ) ) ;
#2001 = DIRECTION ( 'NONE',  ( -0.3502073812594687086, 0.9366721892483972356, 0.000000000000000000 ) ) ;
#2002 = CARTESIAN_POINT ( 'NONE',  ( -2.465355113990835549E-14, 9.095554967719982287, 2.779999999999999361 ) ) ;
#2003 = FACE_OUTER_BOUND ( 'NONE', #2950, .T. ) ;
#2004 = ORIENTED_EDGE ( 'NONE', *, *, #1112, .F. ) ;
#2005 = CARTESIAN_POINT ( 'NONE',  ( -4.336808689942019314E-15, 10.30000000000000249, -6.400000000000001243 ) ) ;
#2006 = DIRECTION ( 'NONE',  ( 0.000000000000000000, 0.000000000000000000, 1.000000000000000000 ) ) ;
#2007 = DIRECTION ( 'NONE',  ( 0.000000000000000000, 0.000000000000000000, 1.000000000000000000 ) ) ;
#2008 = EDGE_LOOP ( 'NONE', ( #7770, #910, #6633, #2767 ) ) ;
#2009 = VERTEX_POINT ( 'NONE', #8649 ) ;
#2010 = EDGE_LOOP ( 'NONE', ( #2073, #7868, #4815, #7905 ) ) ;
#2011 = APPLICATION_CONTEXT ( 'automotive_design' ) ;
#2012 = CARTESIAN_POINT ( 'NONE',  ( -2.926102086823049842, 9.839987186201700098, -5.645972555209045396 ) ) ;
#2013 = FACE_OUTER_BOUND ( 'NONE', #8068, .T. ) ;
#2014 = CARTESIAN_POINT ( 'NONE',  ( -4.649999999999995914, 0.2500000000000002220, 3.600000000000000533 ) ) ;
#2015 = FACE_OUTER_BOUND ( 'NONE', #6987, .T. ) ;
#2016 = VECTOR ( 'NONE', #2376, 1000.000000000000000 ) ;
#2017 = DIRECTION ( 'NONE',  ( 1.000000000000000000, 0.000000000000000000, -5.981805089575213947E-16 ) ) ;
#2018 = AXIS2_PLACEMENT_3D ( 'NONE', #4693, #706, #1868 ) ;
#2019 = LINE ( 'NONE', #1357, #3315 ) ;
#2020 = VERTEX_POINT ( 'NONE', #4676 ) ;
#2021 =( NAMED_UNIT ( * ) SI_UNIT ( $, .STERADIAN. ) SOLID_ANGLE_UNIT ( ) );
#2022 = EDGE_CURVE ( 'NONE', #4239, #189, #3889, .T. ) ;
#2023 = CARTESIAN_POINT ( 'NONE',  ( 1.905000000000001359, 9.700000000000001066, 3.194999999999998952 ) ) ;
#2024 = VECTOR ( 'NONE', #2189, 1000.000000000000000 ) ;
#2025 = ORIENTED_EDGE ( 'NONE', *, *, #2482, .F. ) ;
#2026 = EDGE_CURVE ( 'NONE', #2518, #5775, #7411, .T. ) ;
#2027 = VECTOR ( 'NONE', #5144, 1000.000000000000000 ) ;
#2028 = DIRECTION ( 'NONE',  ( 1.039027081965279487E-15, 0.000000000000000000, 1.000000000000000000 ) ) ;
#2029 = VERTEX_POINT ( 'NONE', #5247 ) ;
#2030 = EDGE_LOOP ( 'NONE', ( #3513, #8157, #5733, #5943 ) ) ;
#2031 = VECTOR ( 'NONE', #2094, 1000.000000000000000 ) ;
#2032 = EDGE_CURVE ( 'NONE', #4713, #5953, #5992, .T. ) ;
#2033 = CARTESIAN_POINT ( 'NONE',  ( 0.000000000000000000, 0.000000000000000000, 2.779999999999999361 ) ) ;
#2034 = VECTOR ( 'NONE', #6483, 1000.000000000000000 ) ;
#2035 = CARTESIAN_POINT ( 'NONE',  ( -2.319999999999991402, 9.081817580622699282, -0.5800000000000006262 ) ) ;
#2036 = DIRECTION ( 'NONE',  ( -3.811648262644353104E-15, 0.000000000000000000, 1.000000000000000000 ) ) ;
#2037 = AXIS2_PLACEMENT_3D ( 'NONE', #6496, #5117, #3226 ) ;
#2038 = AXIS2_PLACEMENT_3D ( 'NONE', #2014, #6710, #3355 ) ;
#2039 = LINE ( 'NONE', #6776, #4361 ) ;
#2040 = DIRECTION ( 'NONE',  ( -0.000000000000000000, 1.000000000000000000, 0.000000000000000000 ) ) ;
#2041 = EDGE_LOOP ( 'NONE', ( #7726, #3400, #5695, #5857 ) ) ;
#2042 = FACE_OUTER_BOUND ( 'NONE', #3493, .T. ) ;
#2043 = DIRECTION ( 'NONE',  ( -6.776263578034403699E-16, 0.000000000000000000, -1.000000000000000000 ) ) ;
#2044 = DIRECTION ( 'NONE',  ( -1.000000000000000000, 0.000000000000000000, 0.000000000000000000 ) ) ;
#2045 = DIRECTION ( 'NONE',  ( -0.000000000000000000, -0.000000000000000000, 1.000000000000000000 ) ) ;
#2046 = DIRECTION ( 'NONE',  ( -1.000000000000000000, -2.492418787322999237E-16, 0.000000000000000000 ) ) ;
#2047 = EDGE_LOOP ( 'NONE', ( #8439, #2450, #5643, #171 ) ) ;
#2048 = CARTESIAN_POINT ( 'NONE',  ( 3.826595902890018202E-15, 0.2500000000000002220, 6.149999999999998579 ) ) ;
#2049 = VECTOR ( 'NONE', #1281, 1000.000000000000000 ) ;
#2050 = CIRCLE ( 'NONE', #7139, 2.499999999999997780 ) ;
#2051 = DIRECTION ( 'NONE',  ( 3.836157981375497286E-15, 0.000000000000000000, 1.000000000000000000 ) ) ;
#2052 = SURFACE_STYLE_USAGE ( .BOTH. , #4257 ) ;
#2053 = ORIENTED_EDGE ( 'NONE', *, *, #1371, .T. ) ;
#2054 = ORIENTED_EDGE ( 'NONE', *, *, #32, .F. ) ;
#2055 = VERTEX_POINT ( 'NONE', #8697 ) ;
#2056 = CARTESIAN_POINT ( 'NONE',  ( 0.3199999999999905143, 4.500000000000000888, 5.700000000000004619 ) ) ;
#2057 = VECTOR ( 'NONE', #7090, 1000.000000000000000 ) ;
#2058 = CARTESIAN_POINT ( 'NONE',  ( 2.499999999999994671, 4.500000000000000888, 4.200000000000000178 ) ) ;
#2059 = CARTESIAN_POINT ( 'NONE',  ( 4.610871304097619330E-15, -2.695554967719991701, -1.220000000000000639 ) ) ;
#2060 = EDGE_CURVE ( 'NONE', #104, #3711, #792, .T. ) ;
#2061 = EDGE_CURVE ( 'NONE', #2867, #1951, #7998, .T. ) ;
#2062 = CARTESIAN_POINT ( 'NONE',  ( -2.399999999999996358, 4.500000000000000888, -3.199999999999999289 ) ) ;
#2063 = CIRCLE ( 'NONE', #3763, 1.000000000000000000 ) ;
#2064 = LINE ( 'NONE', #730, #5986 ) ;
#2065 = VECTOR ( 'NONE', #3095, 1000.000000000000000 ) ;
#2066 = ORIENTED_EDGE ( 'NONE', *, *, #8647, .F. ) ;
#2067 = ORIENTED_EDGE ( 'NONE', *, *, #7814, .T. ) ;
#2068 = LINE ( 'NONE', #5557, #6451 ) ;
#2069 = ORIENTED_EDGE ( 'NONE', *, *, #2836, .F. ) ;
#2070 = LINE ( 'NONE', #161, #3916 ) ;
#2071 = LINE ( 'NONE', #4808, #1066 ) ;
#2072 = ADVANCED_FACE ( 'NONE', ( #4716 ), #3177, .F. ) ;
#2073 = ORIENTED_EDGE ( 'NONE', *, *, #1937, .T. ) ;
#2074 = COLOUR_RGB ( '',0.7921568627450980005, 0.8196078431372548767, 0.9333333333333333481 ) ;
#2075 = ORIENTED_EDGE ( 'NONE', *, *, #5647, .T. ) ;
#2076 = CARTESIAN_POINT ( 'NONE',  ( -1.960746827647613433, -3.383347244368833717, -0.8484617223277193254 ) ) ;
#2077 = EDGE_CURVE ( 'NONE', #1850, #4408, #7245, .T. ) ;
#2078 = EDGE_CURVE ( 'NONE', #7490, #4373, #604, .T. ) ;
#2079 = LINE ( 'NONE', #7352, #509 ) ;
#2080 = PLANE ( 'NONE',  #5115 ) ;
#2081 = CLOSED_SHELL ( 'NONE', ( #5832, #3116, #4728, #7937, #77, #409, #3490, #129, #8475, #580, #4606, #7980, #7872, #2186, #2072, #4897, #672, #3328 ) ) ;
#2082 = ORIENTED_EDGE ( 'NONE', *, *, #6463, .T. ) ;
#2083 = EDGE_CURVE ( 'NONE', #1194, #5746, #8737, .T. ) ;
#2084 = CARTESIAN_POINT ( 'NONE',  ( -2.399999999999996358, 4.900000000000000355, 4.600000000000000533 ) ) ;
#2085 = CARTESIAN_POINT ( 'NONE',  ( -1.679999999999996163, 4.500000000000000888, 5.700000000000000178 ) ) ;
#2086 = ADVANCED_FACE ( 'NONE', ( #2556 ), #8250, .T. ) ;
#2087 = VERTEX_POINT ( 'NONE', #7293 ) ;
#2088 = AXIS2_PLACEMENT_3D ( 'NONE', #8686, #682, #2638 ) ;
#2089 = ADVANCED_FACE ( 'NONE', ( #6623, #566 ), #5377, .F. ) ;
#2090 = AXIS2_PLACEMENT_3D ( 'NONE', #3242, #7962, #1866 ) ;
#2091 = FACE_OUTER_BOUND ( 'NONE', #2047, .T. ) ;
#2092 = LINE ( 'NONE', #6740, #6490 ) ;
#2093 = DIRECTION ( 'NONE',  ( 0.000000000000000000, 0.000000000000000000, 1.000000000000000000 ) ) ;
#2094 = DIRECTION ( 'NONE',  ( 0.000000000000000000, -1.000000000000000000, -0.000000000000000000 ) ) ;
#2095 = CARTESIAN_POINT ( 'NONE',  ( 2.319999999999998064, 1.000000000000004441, 2.779999999999999361 ) ) ;
#2096 = CIRCLE ( 'NONE', #7748, 0.2500000000000002220 ) ;
#2097 = VERTEX_POINT ( 'NONE', #8564 ) ;
#2098 = EDGE_CURVE ( 'NONE', #5841, #457, #2512, .T. ) ;
#2099 = LINE ( 'NONE', #6165, #2385 ) ;
#2100 = DIRECTION ( 'NONE',  ( 0.9366721892483972356, -0.3502073812594687086, 0.000000000000000000 ) ) ;
#2101 = VECTOR ( 'NONE', #2396, 1000.000000000000000 ) ;
#2102 = VERTEX_POINT ( 'NONE', #3978 ) ;
#2103 = ORIENTED_EDGE ( 'NONE', *, *, #8357, .F. ) ;
#2104 = VERTEX_POINT ( 'NONE', #1180 ) ;
#2105 = LINE ( 'NONE', #1433, #3452 ) ;
#2106 = DIRECTION ( 'NONE',  ( 1.000000000000000000, 0.000000000000000000, -0.000000000000000000 ) ) ;
#2107 = PLANE ( 'NONE',  #5289 ) ;
#2109 = DIRECTION ( 'NONE',  ( 0.000000000000000000, 0.000000000000000000, -1.000000000000000000 ) ) ;
#2108 = VECTOR ( 'NONE', #296, 1000.000000000000000 ) ;
#2110 = CARTESIAN_POINT ( 'NONE',  ( -3.195675813381282815, 10.23438378227294798, -5.570000000000005613 ) ) ;
#2111 = CIRCLE ( 'NONE', #2796, 2.500000000000000888 ) ;
#2112 = CARTESIAN_POINT ( 'NONE',  ( 2.399999999999976819, 11.00000000000000000, -5.100000000000008527 ) ) ;
#2113 = ORIENTED_EDGE ( 'NONE', *, *, #1727, .T. ) ;
#2114 = EDGE_CURVE ( 'NONE', #4383, #1219, #5203, .T. ) ;
#2115 = VERTEX_POINT ( 'NONE', #6665 ) ;
#2116 = FILL_AREA_STYLE_COLOUR ( '', #6342 ) ;
#2117 = DIRECTION ( 'NONE',  ( 0.000000000000000000, 1.000000000000000000, -0.000000000000000000 ) ) ;
#2118 = DIRECTION ( 'NONE',  ( -0.000000000000000000, 0.000000000000000000, 1.000000000000000000 ) ) ;
#2119 = FACE_OUTER_BOUND ( 'NONE', #294, .T. ) ;
#2120 = VERTEX_POINT ( 'NONE', #8607 ) ;
#2121 = ORIENTED_EDGE ( 'NONE', *, *, #8104, .T. ) ;
#2122 = DIRECTION ( 'NONE',  ( 0.000000000000000000, 0.000000000000000000, 1.000000000000000000 ) ) ;
#2123 = DIRECTION ( 'NONE',  ( -6.847592668329504024E-16, 0.000000000000000000, -1.000000000000000000 ) ) ;
#2124 = CARTESIAN_POINT ( 'NONE',  ( -0.09999999999999444056, -3.300000000000005151, -0.8000000000000003775 ) ) ;
#2125 = EDGE_LOOP ( 'NONE', ( #7674, #8392, #6690, #5085, #1974, #790, #237, #2499, #7930, #7269 ) ) ;
#2126 = DIRECTION ( 'NONE',  ( -0.000000000000000000, 1.000000000000000000, -0.000000000000000000 ) ) ;
#2127 = DIRECTION ( 'NONE',  ( -1.000000000000000000, 0.000000000000000000, 0.000000000000000000 ) ) ;
#2128 = EDGE_LOOP ( 'NONE', ( #71, #3170, #2295, #2553, #8070, #8744, #7562, #5139, #6974, #1295, #5198, #6942, #2393, #8359 ) ) ;
#2129 = FACE_OUTER_BOUND ( 'NONE', #5676, .T. ) ;
#2130 = DIRECTION ( 'NONE',  ( -0.000000000000000000, -1.000000000000000000, -0.000000000000000000 ) ) ;
#2131 = EDGE_CURVE ( 'NONE', #8472, #3270, #7946, .T. ) ;
#2132 = DIRECTION ( 'NONE',  ( 6.776263578034403699E-16, 0.000000000000000000, 1.000000000000000000 ) ) ;
#2133 = DIRECTION ( 'NONE',  ( 0.3502073812594687086, -0.9366721892483971246, 0.000000000000000000 ) ) ;
#2134 = ORIENTED_EDGE ( 'NONE', *, *, #7184, .T. ) ;
#2135 = CARTESIAN_POINT ( 'NONE',  ( 1.199999999999995737, 11.00000000000000000, -5.399999999999999467 ) ) ;
#2136 = FACE_OUTER_BOUND ( 'NONE', #3602, .T. ) ;
#2137 = EDGE_CURVE ( 'NONE', #81, #7163, #8244, .T. ) ;
#2138 = ORIENTED_EDGE ( 'NONE', *, *, #6794, .T. ) ;
#2139 = ORIENTED_EDGE ( 'NONE', *, *, #689, .F. ) ;
#2140 = ORIENTED_EDGE ( 'NONE', *, *, #1956, .F. ) ;
#2141 = ADVANCED_FACE ( 'NONE', ( #5508 ), #2851, .T. ) ;
#2142 = EDGE_CURVE ( 'NONE', #8499, #8338, #2144, .T. ) ;
#2143 = CYLINDRICAL_SURFACE ( 'NONE', #3887, 0.4999999999999991673 ) ;
#2144 = LINE ( 'NONE', #1527, #4025 ) ;
#2145 = LINE ( 'NONE', #7536, #1015 ) ;
#2146 = ADVANCED_FACE ( 'NONE', ( #1394 ), #5416, .T. ) ;
#2147 = LINE ( 'NONE', #5463, #3774 ) ;
#2148 = AXIS2_PLACEMENT_3D ( 'NONE', #693, #2724, #5418 ) ;
#2149 = LINE ( 'NONE', #7499, #6130 ) ;
#2150 = ORIENTED_EDGE ( 'NONE', *, *, #788, .F. ) ;
#2151 = ORIENTED_EDGE ( 'NONE', *, *, #3781, .T. ) ;
#2152 = SURFACE_SIDE_STYLE ('',( #1536 ) ) ;
#2153 = DIRECTION ( 'NONE',  ( 0.3236155771181810636, -0.8891264907159901476, -0.3236155771181831731 ) ) ;
#2154 = VECTOR ( 'NONE', #8540, 1000.000000000000000 ) ;
#2155 = CARTESIAN_POINT ( 'NONE',  ( -2.370000000000000995, 16.60000000000000142, -6.400000000000000355 ) ) ;
#2156 = CARTESIAN_POINT ( 'NONE',  ( -2.319999999999993623, 0.9999999999999945599, -1.220000000000000639 ) ) ;
#2157 = DIRECTION ( 'NONE',  ( -0.000000000000000000, -1.000000000000000000, -0.000000000000000000 ) ) ;
#2158 = VERTEX_POINT ( 'NONE', #2058 ) ;
#2159 = ORIENTED_EDGE ( 'NONE', *, *, #3437, .F. ) ;
#2160 = VERTEX_POINT ( 'NONE', #4928 ) ;
#2161 = VECTOR ( 'NONE', #1862, 1000.000000000000000 ) ;
#2162 = CARTESIAN_POINT ( 'NONE',  ( 0.9500000000000037303, 16.60000000000000142, 5.499999999999999112 ) ) ;
#2163 = CARTESIAN_POINT ( 'NONE',  ( -0.8499999999999999778, 0.000000000000000000, 2.599999999999998757 ) ) ;
#2164 = CARTESIAN_POINT ( 'NONE',  ( -2.399999999999996358, 16.40000000000000213, 3.600000000000000533 ) ) ;
#2165 = VERTEX_POINT ( 'NONE', #6883 ) ;
#2166 = CARTESIAN_POINT ( 'NONE',  ( 1.831048351012643849, -3.245831630228683817, -1.220000000000000639 ) ) ;
#2167 = VECTOR ( 'NONE', #8063, 1000.000000000000000 ) ;
#2168 = ORIENTED_EDGE ( 'NONE', *, *, #7879, .T. ) ;
#2169 = VECTOR ( 'NONE', #8466, 1000.000000000000000 ) ;
#2170 = CARTESIAN_POINT ( 'NONE',  ( 0.4500000000000188294, 28.50378091196238373, 4.599999999999998757 ) ) ;
#2171 = VECTOR ( 'NONE', #1897, 1000.000000000000227 ) ;
#2172 = DIRECTION ( 'NONE',  ( 1.000000000000000000, 0.000000000000000000, -5.500731610404397960E-16 ) ) ;
#2173 = CARTESIAN_POINT ( 'NONE',  ( 2.019422874673665547, -3.270631606750493692, -0.9949999999999993294 ) ) ;
#2174 = VECTOR ( 'NONE', #6215, 1000.000000000000000 ) ;
#2175 = CARTESIAN_POINT ( 'NONE',  ( 1.599999999999997202, 14.49999999999999822, 1.199999999999999067 ) ) ;
#2176 = CARTESIAN_POINT ( 'NONE',  ( 2.399999999999984368, 11.00000000000000000, -3.200000000000008171 ) ) ;
#2177 = ORIENTED_EDGE ( 'NONE', *, *, #3992, .F. ) ;
#2178 = CARTESIAN_POINT ( 'NONE',  ( 2.399999999999999911, 4.500000000000000888, 5.499999999999999112 ) ) ;
#2179 = DIRECTION ( 'NONE',  ( 0.000000000000000000, 0.000000000000000000, 1.000000000000000000 ) ) ;
#2180 = VERTEX_POINT ( 'NONE', #4799 ) ;
#2181 = ORIENTED_EDGE ( 'NONE', *, *, #3115, .T. ) ;
#2182 = ADVANCED_FACE ( 'NONE', ( #1434 ), #2187, .F. ) ;
#2183 = ORIENTED_EDGE ( 'NONE', *, *, #2188, .T. ) ;
#2184 = CARTESIAN_POINT ( 'NONE',  ( -4.899999999999996803, 12.49999999999999822, -0.7999999999999994893 ) ) ;
#2185 =( NAMED_UNIT ( * ) SI_UNIT ( $, .STERADIAN. ) SOLID_ANGLE_UNIT ( ) );
#2186 = ADVANCED_FACE ( 'NONE', ( #4759 ), #194, .F. ) ;
#2187 = PLANE ( 'NONE',  #2882 ) ;
#2188 = EDGE_CURVE ( 'NONE', #4288, #3538, #4884, .T. ) ;
#2189 = DIRECTION ( 'NONE',  ( -0.3502073812594687086, -0.9366721892483971246, 0.000000000000000000 ) ) ;
#2190 = CIRCLE ( 'NONE', #8123, 1.899999999999999689 ) ;
#2191 = CARTESIAN_POINT ( 'NONE',  ( -4.649999999999995914, 0.2500000000000002220, -0.3999999999999997446 ) ) ;
#2192 = EDGE_CURVE ( 'NONE', #5287, #4339, #5594, .T. ) ;
#2193 = EDGE_CURVE ( 'NONE', #5553, #710, #2608, .T. ) ;
#2194 = CYLINDRICAL_SURFACE ( 'NONE', #3039, 0.2500000000000002220 ) ;
#2195 = EDGE_LOOP ( 'NONE', ( #6749, #4673, #2177, #1556, #3099, #5466 ) ) ;
#2196 = ORIENTED_EDGE ( 'NONE', *, *, #7081, .T. ) ;
#2197 = VECTOR ( 'NONE', #407, 1000.000000000000000 ) ;
#2198 = CIRCLE ( 'NONE', #6722, 0.5000000000000000000 ) ;
#2199 = ORIENTED_EDGE ( 'NONE', *, *, #7116, .T. ) ;
#2200 = CARTESIAN_POINT ( 'NONE',  ( 2.400000000000017675, 28.50378091196238373, 5.499999999999991118 ) ) ;
#2201 = LINE ( 'NONE', #734, #5315 ) ;
#2202 = CARTESIAN_POINT ( 'NONE',  ( 0.3200000000000056133, 16.60000000000000142, -0.5800000000000006262 ) ) ;
#2203 = VECTOR ( 'NONE', #2958, 1000.000000000000000 ) ;
#2204 = AXIS2_PLACEMENT_3D ( 'NONE', #7836, #6426, #5756 ) ;
#2205 = FACE_OUTER_BOUND ( 'NONE', #4325, .T. ) ;
#2206 = EDGE_CURVE ( 'NONE', #6571, #6569, #692, .T. ) ;
#2207 = LINE ( 'NONE', #2959, #5582 ) ;
#2208 = ORIENTED_EDGE ( 'NONE', *, *, #6944, .F. ) ;
#2209 = ORIENTED_EDGE ( 'NONE', *, *, #8013, .T. ) ;
#2210 = EDGE_LOOP ( 'NONE', ( #8418, #4400, #2876, #6084 ) ) ;
#2211 = AXIS2_PLACEMENT_3D ( 'NONE', #6936, #2821, #4805 ) ;
#2212 = CIRCLE ( 'NONE', #8281, 0.2999999999999999334 ) ;
#2213 = DIRECTION ( 'NONE',  ( -1.000000000000000000, 0.000000000000000000, 7.944584884591898753E-17 ) ) ;
#2214 = AXIS2_PLACEMENT_3D ( 'NONE', #3432, #6757, #6799 ) ;
#2215 = CARTESIAN_POINT ( 'NONE',  ( 2.399999999999984368, 11.00000000000000000, -3.200000000000008171 ) ) ;
#2216 = LINE ( 'NONE', #4907, #8646 ) ;
#2217 = ORIENTED_EDGE ( 'NONE', *, *, #1296, .T. ) ;
#2218 = LINE ( 'NONE', #1415, #918 ) ;
#2219 =( NAMED_UNIT ( * ) PLANE_ANGLE_UNIT ( ) SI_UNIT ( $, .RADIAN. ) );
#2220 = VERTEX_POINT ( 'NONE', #726 ) ;
#2221 = EDGE_CURVE ( 'NONE', #5727, #5601, #200, .T. ) ;
#2222 = CARTESIAN_POINT ( 'NONE',  ( 2.599999999999996092, 11.00000000000000000, -4.500000000000000000 ) ) ;
#2223 = ADVANCED_FACE ( 'NONE', ( #6835 ), #6079, .T. ) ;
#2224 = LINE ( 'NONE', #7655, #6438 ) ;
#2225 = DIRECTION ( 'NONE',  ( 0.000000000000000000, 0.000000000000000000, -1.000000000000000000 ) ) ;
#2226 = CARTESIAN_POINT ( 'NONE',  ( -0.3199999999999935674, 9.699999999999993960, -1.220000000000000639 ) ) ;
#2227 = DIRECTION ( 'NONE',  ( -2.492418787322999237E-16, 1.000000000000000000, 0.000000000000000000 ) ) ;
#2228 = ORIENTED_EDGE ( 'NONE', *, *, #3497, .T. ) ;
#2229 = CARTESIAN_POINT ( 'NONE',  ( 2.399999999999994138, 0.2500000000000002220, -3.200000000000001066 ) ) ;
#2230 = DIRECTION ( 'NONE',  ( -0.9914448613738103822, -0.1305261922200516844, 0.000000000000000000 ) ) ;
#2231 = ORIENTED_EDGE ( 'NONE', *, *, #6351, .T. ) ;
#2232 = ORIENTED_EDGE ( 'NONE', *, *, #1331, .T. ) ;
#2233 = ORIENTED_EDGE ( 'NONE', *, *, #8146, .F. ) ;
#2234 = VECTOR ( 'NONE', #4348, 1000.000000000000000 ) ;
#2235 = FACE_OUTER_BOUND ( 'NONE', #7556, .T. ) ;
#2236 = DIRECTION ( 'NONE',  ( 0.000000000000000000, 0.000000000000000000, 1.000000000000000000 ) ) ;
#2237 = AXIS2_PLACEMENT_3D ( 'NONE', #3153, #7969, #7265 ) ;
#2238 = CARTESIAN_POINT ( 'NONE',  ( 2.094999999999997531, 9.700000000000001066, 2.779999999999999361 ) ) ;
#2239 = VERTEX_POINT ( 'NONE', #2769 ) ;
#2240 = AXIS2_PLACEMENT_3D ( 'NONE', #7260, #2568, #1197 ) ;
#2241 = CARTESIAN_POINT ( 'NONE',  ( -4.299999999999996270, 28.50378091196238373, -3.199999999999999289 ) ) ;
#2242 = DIRECTION ( 'NONE',  ( -0.7071067811865504593, -0.7071067811865445751, -9.019373039314002279E-17 ) ) ;
#2243 = ORIENTED_EDGE ( 'NONE', *, *, #4030, .T. ) ;
#2244 = EDGE_CURVE ( 'NONE', #5287, #7490, #5460, .T. ) ;
#2245 = ORIENTED_EDGE ( 'NONE', *, *, #3497, .F. ) ;
#2246 = ORIENTED_EDGE ( 'NONE', *, *, #8569, .T. ) ;
#2247 = DIRECTION ( 'NONE',  ( 2.480144778354862662E-16, -0.000000000000000000, -1.000000000000000000 ) ) ;
#2248 = ADVANCED_FACE ( 'NONE', ( #8160 ), #2107, .F. ) ;
#2249 = CARTESIAN_POINT ( 'NONE',  ( 2.320000000000004281, 16.60000000000000142, -1.220000000000000639 ) ) ;
#2250 = EDGE_CURVE ( 'NONE', #2867, #8022, #2814, .T. ) ;
#2251 = LINE ( 'NONE', #8387, #7017 ) ;
#2252 = CARTESIAN_POINT ( 'NONE',  ( -4.899999999999996803, 1.000000000000000888, -0.3999999999999997446 ) ) ;
#2253 = CIRCLE ( 'NONE', #7200, 0.2500000000000002220 ) ;
#2254 = CARTESIAN_POINT ( 'NONE',  ( -1.149999999999999911, 16.60000000000000142, 6.100000000000000533 ) ) ;
#2255 = EDGE_CURVE ( 'NONE', #377, #4288, #8375, .T. ) ;
#2256 = ORIENTED_EDGE ( 'NONE', *, *, #350, .T. ) ;
#2257 = ORIENTED_EDGE ( 'NONE', *, *, #362, .T. ) ;
#2258 = ORIENTED_EDGE ( 'NONE', *, *, #1772, .F. ) ;
#2259 = CARTESIAN_POINT ( 'NONE',  ( -1.680000000000000160, 1.000000000000004441, 3.419999999999999485 ) ) ;
#2260 = CARTESIAN_POINT ( 'NONE',  ( -2.505263157894733528, 4.500000000000000888, -4.194444401457429805 ) ) ;
#2261 = EDGE_CURVE ( 'NONE', #4205, #5079, #907, .T. ) ;
#2262 = CARTESIAN_POINT ( 'NONE',  ( -2.505263157894733528, 4.900000000000000355, -4.194444401457429805 ) ) ;
#2263 = EDGE_LOOP ( 'NONE', ( #5636, #7827, #340, #6966 ) ) ;
#2264 = EDGE_CURVE ( 'NONE', #710, #779, #3654, .T. ) ;
#2265 = DIRECTION ( 'NONE',  ( -1.000000000000000000, 0.000000000000000000, -0.000000000000000000 ) ) ;
#2266 = APPLICATION_PROTOCOL_DEFINITION ( 'draft international standard', 'automotive_design', 1998, #4278 ) ;
#2267 = VERTEX_POINT ( 'NONE', #7629 ) ;
#2268 = FACE_BOUND ( 'NONE', #6875, .T. ) ;
#2269 = DIRECTION ( 'NONE',  ( 0.000000000000000000, -1.000000000000000000, -0.000000000000000000 ) ) ;
#2270 = LINE ( 'NONE', #4821, #7662 ) ;
#2271 = CARTESIAN_POINT ( 'NONE',  ( -1.607973257203528794, -3.216463236979166584, 3.194999999999998064 ) ) ;
#2272 = DIRECTION ( 'NONE',  ( -0.7071067811865510144, -0.000000000000000000, 0.7071067811865441310 ) ) ;
#2273 = VERTEX_POINT ( 'NONE', #3740 ) ;
#2274 = CARTESIAN_POINT ( 'NONE',  ( 1.680000000000006599, 16.60000000000000142, -1.220000000000000639 ) ) ;
#2275 = CARTESIAN_POINT ( 'NONE',  ( 2.399999999999991918, 0.000000000000000000, -5.450000000000001954 ) ) ;
#2276 = ORIENTED_EDGE ( 'NONE', *, *, #2459, .F. ) ;
#2277 = ORIENTED_EDGE ( 'NONE', *, *, #3235, .T. ) ;
#2278 = ORIENTED_EDGE ( 'NONE', *, *, #1573, .F. ) ;
#2279 = CARTESIAN_POINT ( 'NONE',  ( 1.150000000000004130, 16.60000000000000142, 6.099999999999999645 ) ) ;
#2280 = CLOSED_SHELL ( 'NONE', ( #5006, #2182, #2789, #3037, #78, #5101, #3146, #1499, #6853, #655, #1876, #355, #1054, #422 ) ) ;
#2281 = CARTESIAN_POINT ( 'NONE',  ( 1.681253862587385406, -2.659841777251804817, -0.5800000000000006262 ) ) ;
#2282 = ORIENTED_EDGE ( 'NONE', *, *, #6953, .F. ) ;
#2283 = DIRECTION ( 'NONE',  ( -0.000000000000000000, 0.000000000000000000, -1.000000000000000000 ) ) ;
#2284 = FACE_OUTER_BOUND ( 'NONE', #4672, .T. ) ;
#2285 = ORIENTED_EDGE ( 'NONE', *, *, #917, .F. ) ;
#2286 = ORIENTED_EDGE ( 'NONE', *, *, #2902, .T. ) ;
#2287 = VERTEX_POINT ( 'NONE', #1571 ) ;
#2288 = FACE_BOUND ( 'NONE', #5685, .T. ) ;
#2289 = CARTESIAN_POINT ( 'NONE',  ( 1.680000000000000160, 1.000000000000000000, 3.600000000000000533 ) ) ;
#2290 = LINE ( 'NONE', #7776, #4333 ) ;
#2291 = VECTOR ( 'NONE', #1551, 1000.000000000000000 ) ;
#2292 = DIRECTION ( 'NONE',  ( -0.000000000000000000, 0.000000000000000000, 1.000000000000000000 ) ) ;
#2293 = CARTESIAN_POINT ( 'NONE',  ( -0.8499999999999999778, 16.60000000000000142, 6.400000000000000355 ) ) ;
#2294 = EDGE_LOOP ( 'NONE', ( #15, #7407, #1187, #4508 ) ) ;
#2295 = ORIENTED_EDGE ( 'NONE', *, *, #5964, .T. ) ;
#2296 = VERTEX_POINT ( 'NONE', #4272 ) ;
#2297 = ADVANCED_FACE ( 'NONE', ( #6436 ), #383, .T. ) ;
#2298 = CARTESIAN_POINT ( 'NONE',  ( 1.680000000000001048, 9.081817580622701058, 2.779999999999999361 ) ) ;
#2299 = CARTESIAN_POINT ( 'NONE',  ( -4.450000000000000178, -1.000000000000001554, -2.400000000000000355 ) ) ;
#2300 = CARTESIAN_POINT ( 'NONE',  ( 0.3200000000000016165, 1.000000000000004441, 2.779999999999999361 ) ) ;
#2301 = EDGE_CURVE ( 'NONE', #6619, #1451, #8425, .T. ) ;
#2302 = VECTOR ( 'NONE', #4131, 1000.000000000000000 ) ;
#2303 = VERTEX_POINT ( 'NONE', #8468 ) ;
#2304 = AXIS2_PLACEMENT_3D ( 'NONE', #5722, #7144, #2044 ) ;
#2305 = VECTOR ( 'NONE', #1070, 1000.000000000000000 ) ;
#2306 = CARTESIAN_POINT ( 'NONE',  ( 1.680000000000000160, 9.700000000000001066, 3.194999999999998952 ) ) ;
#2307 = ADVANCED_FACE ( 'NONE', ( #5063 ), #7669, .F. ) ;
#2308 = CIRCLE ( 'NONE', #8659, 0.5000000000000000000 ) ;
#2309 = CONTEXT_DEPENDENT_SHAPE_REPRESENTATION ( #1058, #1473 ) ;
#2310 = VERTEX_POINT ( 'NONE', #7063 ) ;
#2311 = LINE ( 'NONE', #8404, #3093 ) ;
#2312 = FACE_OUTER_BOUND ( 'NONE', #3745, .T. ) ;
#2313 = DIRECTION ( 'NONE',  ( -1.084202172485503448E-16, 0.000000000000000000, 1.000000000000000000 ) ) ;
#2314 = LINE ( 'NONE', #3640, #6129 ) ;
#2315 = CARTESIAN_POINT ( 'NONE',  ( 1.680000000000006599, 9.699999999999995737, -0.8050000000000010481 ) ) ;
#2316 = ORIENTED_EDGE ( 'NONE', *, *, #2760, .F. ) ;
#2317 = CARTESIAN_POINT ( 'NONE',  ( -4.299999999999996270, 16.40000000000000213, -3.199999999999999289 ) ) ;
#2318 = LINE ( 'NONE', #1610, #7841 ) ;
#2319 = AXIS2_PLACEMENT_3D ( 'NONE', #2453, #5233, #5186 ) ;
#2320 = ORIENTED_EDGE ( 'NONE', *, *, #5917, .F. ) ;
#2321 = EDGE_LOOP ( 'NONE', ( #1520, #1899, #4712, #5457 ) ) ;
#2322 = ORIENTED_EDGE ( 'NONE', *, *, #3648, .F. ) ;
#2323 = AXIS2_PLACEMENT_3D ( 'NONE', #1747, #3081, #1033 ) ;
#2324 = DIRECTION ( 'NONE',  ( -1.000000000000000000, 0.000000000000000000, 6.776263578034403699E-16 ) ) ;
#2325 = CARTESIAN_POINT ( 'NONE',  ( 0.3199999999999992295, 9.700000000000001066, 3.200000000000000622 ) ) ;
#2326 = DIRECTION ( 'NONE',  ( 0.000000000000000000, 1.000000000000000000, -0.000000000000000000 ) ) ;
#2327 = AXIS2_PLACEMENT_3D ( 'NONE', #5545, #1524, #4142 ) ;
#2328 = ORIENTED_EDGE ( 'NONE', *, *, #4972, .F. ) ;
#2329 = AXIS2_PLACEMENT_3D ( 'NONE', #6886, #4237, #5552 ) ;
#2330 = LINE ( 'NONE', #953, #3796 ) ;
#2331 = DIRECTION ( 'NONE',  ( 0.000000000000000000, 0.000000000000000000, 1.000000000000000000 ) ) ;
#2332 = ORIENTED_EDGE ( 'NONE', *, *, #8522, .T. ) ;
#2333 = ORIENTED_EDGE ( 'NONE', *, *, #2026, .T. ) ;
#2334 = EDGE_CURVE ( 'NONE', #5037, #2374, #6263, .T. ) ;
#2335 = ORIENTED_EDGE ( 'NONE', *, *, #5379, .F. ) ;
#2336 = DIRECTION ( 'NONE',  ( -0.000000000000000000, -0.000000000000000000, 1.000000000000000000 ) ) ;
#2337 = PRODUCT_DEFINITION ( 'UNKNOWN', '', #6429, #3848 ) ;
#2338 = DIRECTION ( 'NONE',  ( 0.000000000000000000, 0.000000000000000000, 1.000000000000000000 ) ) ;
#2339 = STYLED_ITEM ( 'NONE', ( #1265 ), #97 ) ;
#2340 = CARTESIAN_POINT ( 'NONE',  ( 3.199999999999996625, 16.60000000000000142, -5.570000000000002949 ) ) ;
#2341 = DIRECTION ( 'NONE',  ( -0.000000000000000000, 0.000000000000000000, -1.000000000000000000 ) ) ;
#2342 = VECTOR ( 'NONE', #3372, 1000.000000000000000 ) ;
#2343 = AXIS2_PLACEMENT_3D ( 'NONE', #7137, #2936, #8368 ) ;
#2344 = DIRECTION ( 'NONE',  ( -0.000000000000000000, 0.000000000000000000, 1.000000000000000000 ) ) ;
#2345 = ORIENTED_EDGE ( 'NONE', *, *, #4740, .T. ) ;
#2346 = ORIENTED_EDGE ( 'NONE', *, *, #8678, .F. ) ;
#2347 = FACE_OUTER_BOUND ( 'NONE', #6862, .T. ) ;
#2348 = DIRECTION ( 'NONE',  ( 1.000000000000000000, 2.710505431213765029E-15, 0.000000000000000000 ) ) ;
#2349 = CARTESIAN_POINT ( 'NONE',  ( -1.679999999999994609, 16.60000000000000142, -1.220000000000000639 ) ) ;
#2350 = VECTOR ( 'NONE', #2404, 1000.000000000000000 ) ;
#2351 = VECTOR ( 'NONE', #5629, 1000.000000000000000 ) ;
#2352 = ORIENTED_EDGE ( 'NONE', *, *, #1407, .F. ) ;
#2353 = EDGE_CURVE ( 'NONE', #2759, #7522, #756, .T. ) ;
#2354 = CARTESIAN_POINT ( 'NONE',  ( 3.399999999999983924, 16.40000000000000213, -3.200000000000012168 ) ) ;
#2355 = VECTOR ( 'NONE', #1809, 1000.000000000000000 ) ;
#2356 = VECTOR ( 'NONE', #3236, 1000.000000000000000 ) ;
#2357 = APPLICATION_PROTOCOL_DEFINITION ( 'draft international standard', 'automotive_design', 1998, #3834 ) ;
#2358 = ORIENTED_EDGE ( 'NONE', *, *, #3498, .T. ) ;
#2359 = EDGE_CURVE ( 'NONE', #6114, #895, #426, .T. ) ;
#2360 = VECTOR ( 'NONE', #4284, 1000.000000000000000 ) ;
#2361 = EDGE_CURVE ( 'NONE', #1300, #4977, #4719, .T. ) ;
#2362 = CARTESIAN_POINT ( 'NONE',  ( -1.599999999999999201, 10.30000000000000249, -5.699999999999998401 ) ) ;
#2363 = LINE ( 'NONE', #4305, #1067 ) ;
#2364 = CARTESIAN_POINT ( 'NONE',  ( 4.299999999999996270, 14.49999999999999822, 1.199999999999997735 ) ) ;
#2365 = EDGE_CURVE ( 'NONE', #1194, #5362, #6969, .T. ) ;
#2366 = PLANE ( 'NONE',  #55 ) ;
#2367 = DIRECTION ( 'NONE',  ( 0.000000000000000000, 1.000000000000000000, 0.000000000000000000 ) ) ;
#2368 = EDGE_CURVE ( 'NONE', #1161, #6498, #1618, .T. ) ;
#2369 = DIRECTION ( 'NONE',  ( 0.7071067811865536790, 0.000000000000000000, -0.7071067811865414665 ) ) ;
#2370 = CARTESIAN_POINT ( 'NONE',  ( -2.535381069091571682, -1.075331984002939167, -1.220000000000000639 ) ) ;
#2371 = ORIENTED_EDGE ( 'NONE', *, *, #5653, .F. ) ;
#2372 = ORIENTED_EDGE ( 'NONE', *, *, #3555, .F. ) ;
#2373 = EDGE_CURVE ( 'NONE', #5080, #4254, #2416, .T. ) ;
#2374 = VERTEX_POINT ( 'NONE', #3697 ) ;
#2375 = CIRCLE ( 'NONE', #5747, 0.4499999999999999001 ) ;
#2376 = DIRECTION ( 'NONE',  ( 0.000000000000000000, 0.000000000000000000, -1.000000000000000000 ) ) ;
#2377 = DIRECTION ( 'NONE',  ( -0.000000000000000000, 0.000000000000000000, -1.000000000000000000 ) ) ;
#2378 = EDGE_CURVE ( 'NONE', #5790, #4027, #2455, .T. ) ;
#2379 = ORIENTED_EDGE ( 'NONE', *, *, #2361, .F. ) ;
#2380 = EDGE_CURVE ( 'NONE', #2819, #7079, #3032, .T. ) ;
#2381 =( NAMED_UNIT ( * ) SI_UNIT ( $, .STERADIAN. ) SOLID_ANGLE_UNIT ( ) );
#2382 = ORIENTED_EDGE ( 'NONE', *, *, #7826, .T. ) ;
#2383 = ORIENTED_EDGE ( 'NONE', *, *, #2495, .T. ) ;
#2384 = VERTEX_POINT ( 'NONE', #4403 ) ;
#2385 = VECTOR ( 'NONE', #7402, 1000.000000000000000 ) ;
#2386 = ORIENTED_EDGE ( 'NONE', *, *, #3540, .F. ) ;
#2387 = DIRECTION ( 'NONE',  ( 0.1305261922200516289, 0.9914448613738103822, 0.000000000000000000 ) ) ;
#2389 = CARTESIAN_POINT ( 'NONE',  ( -4.881234527910837784, 0.1363356956813490117, -2.247868313645280836 ) ) ;
#2388 = VECTOR ( 'NONE', #5880, 1000.000000000000000 ) ;
#2390 = CARTESIAN_POINT ( 'NONE',  ( 2.400000000000000355, 16.60000000000000142, 6.099999999999997868 ) ) ;
#2391 = EDGE_CURVE ( 'NONE', #2102, #1647, #7018, .T. ) ;
#2392 = CARTESIAN_POINT ( 'NONE',  ( -2.599999999999999201, 11.00000000000000000, -4.499999999999998224 ) ) ;
#2393 = ORIENTED_EDGE ( 'NONE', *, *, #888, .F. ) ;
#2394 = AXIS2_PLACEMENT_3D ( 'NONE', #2033, #4162, #581 ) ;
#2395 = ORIENTED_EDGE ( 'NONE', *, *, #1705, .T. ) ;
#2396 = DIRECTION ( 'NONE',  ( -1.084202172485503448E-16, 0.000000000000000000, 1.000000000000000000 ) ) ;
#2397 = CARTESIAN_POINT ( 'NONE',  ( -4.899999999999996803, 1.000000000000000000, 3.600000000000000533 ) ) ;
#2398 = DIRECTION ( 'NONE',  ( -2.892615177179568581E-16, 1.000000000000000000, -0.000000000000000000 ) ) ;
#2399 = CIRCLE ( 'NONE', #8738, 1.900000000000000133 ) ;
#2400 = ORIENTED_EDGE ( 'NONE', *, *, #6643, .F. ) ;
#2401 = DIRECTION ( 'NONE',  ( -0.000000000000000000, 0.3420201433256667145, 0.9396926207859090940 ) ) ;
#2402 = CONTEXT_DEPENDENT_SHAPE_REPRESENTATION ( #7276, #840 ) ;
#2403 = FACE_OUTER_BOUND ( 'NONE', #5596, .T. ) ;
#2404 = DIRECTION ( 'NONE',  ( 0.000000000000000000, 1.000000000000000000, 0.000000000000000000 ) ) ;
#2405 = CARTESIAN_POINT ( 'NONE',  ( 0.8500000000000043077, 0.2500000000000071609, 6.399999999999999467 ) ) ;
#2406 = CARTESIAN_POINT ( 'NONE',  ( 4.649999999999994138, 0.000000000000000000, -3.200000000000001954 ) ) ;
#2407 = FACE_OUTER_BOUND ( 'NONE', #7904, .T. ) ;
#2408 = DIRECTION ( 'NONE',  ( -0.9396926207859090940, -0.3420201433256667145, 0.000000000000000000 ) ) ;
#2409 = LINE ( 'NONE', #236, #6147 ) ;
#2410 = ORIENTED_EDGE ( 'NONE', *, *, #3939, .F. ) ;
#2411 = ORIENTED_EDGE ( 'NONE', *, *, #2994, .F. ) ;
#2412 = ORIENTED_EDGE ( 'NONE', *, *, #6164, .T. ) ;
#2413 = EDGE_CURVE ( 'NONE', #4254, #4795, #4366, .T. ) ;
#2414 = LINE ( 'NONE', #1031, #339 ) ;
#2415 = CARTESIAN_POINT ( 'NONE',  ( 2.019422874673665547, -3.270631606750493692, -0.8050000000000019362 ) ) ;
#2416 = LINE ( 'NONE', #2281, #6696 ) ;
#2417 = DIRECTION ( 'NONE',  ( -0.9914448613738103822, 0.1305261922200516844, 0.000000000000000000 ) ) ;
#2418 = ADVANCED_FACE ( 'NONE', ( #3211 ), #7848, .T. ) ;
#2419 = ORIENTED_EDGE ( 'NONE', *, *, #5963, .T. ) ;
#2420 = CARTESIAN_POINT ( 'NONE',  ( 0.000000000000000000, 9.081817580622704611, 2.779999999999999361 ) ) ;
#2421 = EDGE_LOOP ( 'NONE', ( #2322, #103, #2113, #7779 ) ) ;
#2422 = EDGE_LOOP ( 'NONE', ( #735, #8734, #6258, #4925 ) ) ;
#2423 = ORIENTED_EDGE ( 'NONE', *, *, #4901, .T. ) ;
#2424 = ADVANCED_FACE ( 'NONE', ( #1129 ), #6611, .T. ) ;
#2425 = ORIENTED_EDGE ( 'NONE', *, *, #3996, .T. ) ;
#2426 = EDGE_CURVE ( 'NONE', #8263, #4207, #4005, .T. ) ;
#2427 = DIRECTION ( 'NONE',  ( 0.9396926207859084279, 0.3420201433256688239, 0.000000000000000000 ) ) ;
#2428 = LINE ( 'NONE', #7246, #5258 ) ;
#2429 = CARTESIAN_POINT ( 'NONE',  ( -1.680000000000000160, 9.700000000000001066, 3.194999999999998952 ) ) ;
#2430 = UNCERTAINTY_MEASURE_WITH_UNIT (LENGTH_MEASURE( 1.000000000000000082E-05 ), #7196, 'distance_accuracy_value', 'NONE');
#2431 = PLANE ( 'NONE',  #2037 ) ;
#2432 = VERTEX_POINT ( 'NONE', #8027 ) ;
#2433 = VERTEX_POINT ( 'NONE', #7981 ) ;
#2434 = VERTEX_POINT ( 'NONE', #4541 ) ;
#2435 = PLANE ( 'NONE',  #8033 ) ;
#2436 = DIRECTION ( 'NONE',  ( 1.000000000000000000, 0.000000000000000000, 0.000000000000000000 ) ) ;
#2437 = CARTESIAN_POINT ( 'NONE',  ( -0.9499999999999999556, 4.500000000000000888, 5.500000000000000000 ) ) ;
#2438 = EDGE_LOOP ( 'NONE', ( #2168, #5270, #1080, #7529 ) ) ;
#2439 = DIRECTION ( 'NONE',  ( 0.000000000000000000, -1.000000000000000000, 0.000000000000000000 ) ) ;
#2440 = AXIS2_PLACEMENT_3D ( 'NONE', #4065, #2109, #8072 ) ;
#2441 = CARTESIAN_POINT ( 'NONE',  ( 6.437450399132683366E-15, 9.081817580622699282, -1.220000000000000639 ) ) ;
#2442 = CARTESIAN_POINT ( 'NONE',  ( 3.399999999999983924, 4.500000000000000888, -3.200000000000012168 ) ) ;
#2443 = DIRECTION ( 'NONE',  ( 0.000000000000000000, 0.000000000000000000, 1.000000000000000000 ) ) ;
#2444 = DIRECTION ( 'NONE',  ( 0.3236155771181829510, 0.8891264907159894815, -0.3236155771181829510 ) ) ;
#2445 = DIRECTION ( 'NONE',  ( 1.000000000000000000, 0.000000000000000000, -0.000000000000000000 ) ) ;
#2446 = CIRCLE ( 'NONE', #3715, 1.899999999999999689 ) ;
#2447 = DIRECTION ( 'NONE',  ( -1.891050300846810260E-16, -1.000000000000000000, 0.000000000000000000 ) ) ;
#2448 = DIRECTION ( 'NONE',  ( 0.3502073812594687086, -0.9366721892483971246, 0.000000000000000000 ) ) ;
#2449 = EDGE_LOOP ( 'NONE', ( #7914, #7141, #8675, #4854 ) ) ;
#2450 = ORIENTED_EDGE ( 'NONE', *, *, #2131, .T. ) ;
#2451 = ORIENTED_EDGE ( 'NONE', *, *, #783, .F. ) ;
#2452 = CIRCLE ( 'NONE', #2500, 1.899999999999999689 ) ;
#2453 = CARTESIAN_POINT ( 'NONE',  ( -2.499999999999995559, 4.900000000000000355, -3.294444401457438332 ) ) ;
#2454 = FACE_OUTER_BOUND ( 'NONE', #4966, .T. ) ;
#2455 = LINE ( 'NONE', #1666, #6554 ) ;
#2456 = LINE ( 'NONE', #3082, #2877 ) ;
#2457 = ORIENTED_EDGE ( 'NONE', *, *, #5012, .T. ) ;
#2458 = DIRECTION ( 'NONE',  ( -0.000000000000000000, -1.000000000000000000, -0.000000000000000000 ) ) ;
#2459 = EDGE_CURVE ( 'NONE', #4383, #1933, #5326, .T. ) ;
#2460 =( NAMED_UNIT ( * ) SI_UNIT ( $, .STERADIAN. ) SOLID_ANGLE_UNIT ( ) );
#2461 = ORIENTED_EDGE ( 'NONE', *, *, #2498, .T. ) ;
#2462 = ORIENTED_EDGE ( 'NONE', *, *, #8621, .F. ) ;
#2463 = VECTOR ( 'NONE', #4094, 1000.000000000000000 ) ;
#2464 = ORIENTED_EDGE ( 'NONE', *, *, #689, .T. ) ;
#2465 = ADVANCED_FACE ( 'NONE', ( #7190 ), #7935, .F. ) ;
#2466 = EDGE_CURVE ( 'NONE', #897, #6114, #634, .T. ) ;
#2467 = VECTOR ( 'NONE', #1294, 1000.000000000000000 ) ;
#2468 = PLANE ( 'NONE',  #3048 ) ;
#2469 = DIRECTION ( 'NONE',  ( 0.000000000000000000, 1.000000000000000000, -0.000000000000000000 ) ) ;
#2470 = CIRCLE ( 'NONE', #7828, 0.1999999999999996503 ) ;
#2471 = LINE ( 'NONE', #1267, #6091 ) ;
#2472 = VECTOR ( 'NONE', #4448, 1000.000000000000000 ) ;
#2473 = EDGE_CURVE ( 'NONE', #1890, #2759, #7275, .T. ) ;
#2474 = DIRECTION ( 'NONE',  ( 0.000000000000000000, 1.000000000000000000, 0.000000000000000000 ) ) ;
#2475 = PLANE ( 'NONE',  #7270 ) ;
#2476 = ORIENTED_EDGE ( 'NONE', *, *, #4140, .T. ) ;
#2477 = VERTEX_POINT ( 'NONE', #6027 ) ;
#2478 = ORIENTED_EDGE ( 'NONE', *, *, #7234, .T. ) ;
#2479 = CARTESIAN_POINT ( 'NONE',  ( 0.9500000000000037303, 4.500000000000000888, 5.499999999999999112 ) ) ;
#2480 = CYLINDRICAL_SURFACE ( 'NONE', #8373, 1.899999999999999689 ) ;
#2481 = CARTESIAN_POINT ( 'NONE',  ( -2.319999999999998064, 4.500000000000003553, 2.779999999999999361 ) ) ;
#2482 = EDGE_CURVE ( 'NONE', #8506, #866, #2503, .T. ) ;
#2483 = ORIENTED_EDGE ( 'NONE', *, *, #8351, .F. ) ;
#2484 = VECTOR ( 'NONE', #7928, 1000.000000000000000 ) ;
#2485 = LINE ( 'NONE', #3240, #1775 ) ;
#2486 = VECTOR ( 'NONE', #7616, 1000.000000000000000 ) ;
#2487 = LINE ( 'NONE', #410, #6043 ) ;
#2488 = FACE_OUTER_BOUND ( 'NONE', #3004, .T. ) ;
#2489 = DIRECTION ( 'NONE',  ( -1.000000000000000000, 0.000000000000000000, 4.197558705537336305E-15 ) ) ;
#2490 = DIRECTION ( 'NONE',  ( 1.000000000000000000, 0.000000000000000000, 0.000000000000000000 ) ) ;
#2491 = DIRECTION ( 'NONE',  ( -1.000000000000000000, 0.000000000000000000, 0.000000000000000000 ) ) ;
#2492 = VECTOR ( 'NONE', #300, 1000.000000000000000 ) ;
#2493 = DIRECTION ( 'NONE',  ( 0.000000000000000000, 0.000000000000000000, 1.000000000000000000 ) ) ;
#2494 = VECTOR ( 'NONE', #232, 1000.000000000000000 ) ;
#2495 = EDGE_CURVE ( 'NONE', #7249, #8022, #8722, .T. ) ;
#2496 = VERTEX_POINT ( 'NONE', #1967 ) ;
#2497 = ORIENTED_EDGE ( 'NONE', *, *, #3631, .T. ) ;
#2498 = EDGE_CURVE ( 'NONE', #7286, #3783, #3298, .T. ) ;
#2499 = ORIENTED_EDGE ( 'NONE', *, *, #2353, .F. ) ;
#2500 = AXIS2_PLACEMENT_3D ( 'NONE', #6764, #610, #5386 ) ;
#2501 = CARTESIAN_POINT ( 'NONE',  ( 2.320000000000006057, -0.4992691472256670648, -1.220000000000000639 ) ) ;
#2502 = CARTESIAN_POINT ( 'NONE',  ( 1.680000000000007709, 9.081817580622695729, -1.220000000000000639 ) ) ;
#2503 = LINE ( 'NONE', #3832, #3884 ) ;
#2504 = LINE ( 'NONE', #6522, #2034 ) ;
#2505 = VERTEX_POINT ( 'NONE', #6521 ) ;
#2506 = DIRECTION ( 'NONE',  ( 0.000000000000000000, 0.000000000000000000, 1.000000000000000000 ) ) ;
#2507 = CARTESIAN_POINT ( 'NONE',  ( 1.680000000000006599, 9.081817580622695729, -1.220000000000000639 ) ) ;
#2508 = EDGE_LOOP ( 'NONE', ( #4328, #2905, #8708, #4933, #7186, #7448, #3251, #5634 ) ) ;
#2509 = ORIENTED_EDGE ( 'NONE', *, *, #514, .F. ) ;
#2510 = ORIENTED_EDGE ( 'NONE', *, *, #3766, .T. ) ;
#2511 = ORIENTED_EDGE ( 'NONE', *, *, #3766, .F. ) ;
#2512 = LINE ( 'NONE', #5908, #344 ) ;
#2513 = DIRECTION ( 'NONE',  ( -5.215919954004830835E-16, -0.000000000000000000, 1.000000000000000000 ) ) ;
#2514 = LINE ( 'NONE', #6627, #795 ) ;
#2515 = ADVANCED_BREP_SHAPE_REPRESENTATION ( '', ( #6116, #7976 ), #6279 ) ;
#2516 = CARTESIAN_POINT ( 'NONE',  ( 1.679999999999999938, -0.6149999999999999911, 3.419999999999999485 ) ) ;
#2517 = VECTOR ( 'NONE', #8740, 1000.000000000000000 ) ;
#2518 = VERTEX_POINT ( 'NONE', #1212 ) ;
#2519 = ORIENTED_EDGE ( 'NONE', *, *, #2886, .T. ) ;
#2520 = VECTOR ( 'NONE', #1692, 1000.000000000000000 ) ;
#2521 = VERTEX_POINT ( 'NONE', #7233 ) ;
#2522 = CARTESIAN_POINT ( 'NONE',  ( -3.200000000000000622, 10.30000000000000426, -5.568543856465400843 ) ) ;
#2523 = EDGE_CURVE ( 'NONE', #561, #6902, #3969, .T. ) ;
#2524 = DIRECTION ( 'NONE',  ( -1.000000000000000000, 0.000000000000000000, 0.000000000000000000 ) ) ;
#2525 = CARTESIAN_POINT ( 'NONE',  ( 2.599999999999995648, 16.60000000000000142, -5.089444362769119046 ) ) ;
#2526 = AXIS2_PLACEMENT_3D ( 'NONE', #5093, #546, #2576 ) ;
#2527 = ORIENTED_EDGE ( 'NONE', *, *, #3442, .T. ) ;
#2528 = EDGE_CURVE ( 'NONE', #1623, #3505, #7361, .T. ) ;
#2529 = VECTOR ( 'NONE', #3323, 1000.000000000000227 ) ;
#2530 = LINE ( 'NONE', #5219, #500 ) ;
#2531 = EDGE_CURVE ( 'NONE', #3188, #515, #4667, .T. ) ;
#2532 = ADVANCED_FACE ( 'NONE', ( #5848 ), #2633, .F. ) ;
#2533 = DIRECTION ( 'NONE',  ( -0.7071067811865444641, 0.7071067811865505703, 0.000000000000000000 ) ) ;
#2534 = CARTESIAN_POINT ( 'NONE',  ( -0.7499999999999998890, 16.60000000000000142, 5.699999999999999289 ) ) ;
#2535 = CARTESIAN_POINT ( 'NONE',  ( -1.600000000000000089, 14.00000000000000000, -5.699999999999999289 ) ) ;
#2536 = EDGE_CURVE ( 'NONE', #7663, #4945, #508, .T. ) ;
#2537 = CYLINDRICAL_SURFACE ( 'NONE', #5593, 0.5000000000000000000 ) ;
#2538 = CARTESIAN_POINT ( 'NONE',  ( -2.499999999999994671, 4.500000000000000888, 3.700000000000000622 ) ) ;
#2539 = DIRECTION ( 'NONE',  ( -0.000000000000000000, -1.000000000000000000, -0.000000000000000000 ) ) ;
#2540 = VERTEX_POINT ( 'NONE', #555 ) ;
#2541 = ORIENTED_EDGE ( 'NONE', *, *, #7966, .T. ) ;
#2542 = ORIENTED_EDGE ( 'NONE', *, *, #6890, .T. ) ;
#2543 = DIRECTION ( 'NONE',  ( -0.000000000000000000, -1.000000000000000000, -0.000000000000000000 ) ) ;
#2544 = DIRECTION ( 'NONE',  ( -0.9396926207859098712, -0.3420201433256647716, 0.000000000000000000 ) ) ;
#2545 = CARTESIAN_POINT ( 'NONE',  ( -0.3200000000000000067, 9.699999999999999289, 2.779999999999999361 ) ) ;
#2546 = DIRECTION ( 'NONE',  ( 1.000000000000000000, 0.000000000000000000, 0.000000000000000000 ) ) ;
#2547 = LINE ( 'NONE', #1844, #3028 ) ;
#2548 = VERTEX_POINT ( 'NONE', #8637 ) ;
#2549 = PLANE ( 'NONE',  #4074 ) ;
#2550 = LINE ( 'NONE', #8600, #3621 ) ;
#2551 =( LENGTH_UNIT ( ) NAMED_UNIT ( * ) SI_UNIT ( .MILLI., .METRE. ) );
#2552 = ORIENTED_EDGE ( 'NONE', *, *, #239, .T. ) ;
#2553 = ORIENTED_EDGE ( 'NONE', *, *, #7384, .T. ) ;
#2554 = ORIENTED_EDGE ( 'NONE', *, *, #6903, .F. ) ;
#2555 = ORIENTED_EDGE ( 'NONE', *, *, #537, .F. ) ;
#2556 = FACE_OUTER_BOUND ( 'NONE', #1849, .T. ) ;
#2557 = CARTESIAN_POINT ( 'NONE',  ( 0.9000000000000041300, 0.2500000000000000000, 6.099999999999999645 ) ) ;
#2558 = DIRECTION ( 'NONE',  ( -6.938893903907226405E-16, 0.000000000000000000, -1.000000000000000000 ) ) ;
#2559 = LINE ( 'NONE', #7817, #8391 ) ;
#2560 = EDGE_LOOP ( 'NONE', ( #6321, #4276, #7577, #6491 ) ) ;
#2561 = ORIENTED_EDGE ( 'NONE', *, *, #525, .T. ) ;
#2562 = CARTESIAN_POINT ( 'NONE',  ( 0.7500000000000217604, 4.500000000000000888, 5.699999999999996625 ) ) ;
#2563 = CARTESIAN_POINT ( 'NONE',  ( 0.000000000000000000, 11.00000000000000000, 0.000000000000000000 ) ) ;
#2564 = CARTESIAN_POINT ( 'NONE',  ( 2.019422874673658885, -3.270631606750487919, 3.194999999999998064 ) ) ;
#2565 = ORIENTED_EDGE ( 'NONE', *, *, #6471, .T. ) ;
#2566 = CARTESIAN_POINT ( 'NONE',  ( 0.8500000000000040856, 16.60000000000000142, 6.099999999999999645 ) ) ;
#2567 = EDGE_CURVE ( 'NONE', #6110, #8515, #5278, .T. ) ;
#2568 = DIRECTION ( 'NONE',  ( 0.000000000000000000, 0.000000000000000000, -1.000000000000000000 ) ) ;
#2569 = EDGE_CURVE ( 'NONE', #5068, #2220, #678, .T. ) ;
#2570 = ADVANCED_FACE ( 'NONE', ( #2675 ), #52, .F. ) ;
#2571 = B_SPLINE_CURVE_WITH_KNOTS ( 'NONE', 3,
 ( #1827, #3321, #6677, #4525 ),
 .UNSPECIFIED., .F., .F.,
 ( 4, 4 ),
 ( 0.000000000000000000, 0.0002852713105268227071 ),
 .UNSPECIFIED. ) ;
#2572 = LINE ( 'NONE', #3244, #2625 ) ;
#2573 = LINE ( 'NONE', #1958, #1308 ) ;
#2574 = DIRECTION ( 'NONE',  ( 1.000000000000000000, -0.000000000000000000, -2.040851148207998532E-15 ) ) ;
#2575 = EDGE_CURVE ( 'NONE', #5774, #4795, #3379, .T. ) ;
#2576 = DIRECTION ( 'NONE',  ( 1.927470528863119344E-15, 0.000000000000000000, -1.000000000000000000 ) ) ;
#2577 = AXIS2_PLACEMENT_3D ( 'NONE', #20, #4017, #5378 ) ;
#2578 = DIRECTION ( 'NONE',  ( 0.000000000000000000, 0.000000000000000000, 1.000000000000000000 ) ) ;
#2579 = ORIENTED_EDGE ( 'NONE', *, *, #4105, .F. ) ;
#2580 = VERTEX_POINT ( 'NONE', #5495 ) ;
#2581 = DIRECTION ( 'NONE',  ( 1.000000000000000000, 0.000000000000000000, 5.215919954004830835E-16 ) ) ;
#2582 = LINE ( 'NONE', #4665, #5355 ) ;
#2583 = PLANE ( 'NONE',  #3011 ) ;
#2584 = AXIS2_PLACEMENT_3D ( 'NONE', #5577, #8278, #2225 ) ;
#2585 = DIRECTION ( 'NONE',  ( 0.000000000000000000, 0.000000000000000000, -1.000000000000000000 ) ) ;
#2586 = DIRECTION ( 'NONE',  ( -1.000000000000000000, 0.000000000000000000, 0.000000000000000000 ) ) ;
#2587 = EDGE_LOOP ( 'NONE', ( #3543, #6382, #2784, #7125, #151, #397, #6924, #1790 ) ) ;
#2588 = EDGE_CURVE ( 'NONE', #2990, #6211, #2757, .T. ) ;
#2589 = FACE_OUTER_BOUND ( 'NONE', #6832, .T. ) ;
#2590 = LINE ( 'NONE', #3925, #7719 ) ;
#2591 = ORIENTED_EDGE ( 'NONE', *, *, #4893, .F. ) ;
#2592 = ORIENTED_EDGE ( 'NONE', *, *, #2426, .T. ) ;
#2593 = ORIENTED_EDGE ( 'NONE', *, *, #6308, .T. ) ;
#2594 = VECTOR ( 'NONE', #3336, 1000.000000000000114 ) ;
#2595 = DIRECTION ( 'NONE',  ( -0.4369012962294799296, 0.8392795813073637978, -0.3236155771181855600 ) ) ;
#2596 = CARTESIAN_POINT ( 'NONE',  ( -1.881436415605449497, 9.635259583954569607, -0.7814364156054558475 ) ) ;
#2597 = CARTESIAN_POINT ( 'NONE',  ( 4.649999999999996803, 0.2500000000000002220, 2.599999999999995648 ) ) ;
#2598 = PLANE ( 'NONE',  #4062 ) ;
#2599 = CIRCLE ( 'NONE', #5978, 0.2500000000000002220 ) ;
#2600 = LINE ( 'NONE', #8003, #7849 ) ;
#2601 = VECTOR ( 'NONE', #7483, 1000.000000000000114 ) ;
#2602 = EDGE_CURVE ( 'NONE', #7506, #5164, #3511, .T. ) ;
#2603 = ORIENTED_EDGE ( 'NONE', *, *, #5922, .T. ) ;
#2604 = EDGE_CURVE ( 'NONE', #4354, #7769, #6066, .T. ) ;
#2605 = AXIS2_PLACEMENT_3D ( 'NONE', #1622, #5600, #8379 ) ;
#2606 = ORIENTED_EDGE ( 'NONE', *, *, #6188, .F. ) ;
#2607 = CARTESIAN_POINT ( 'NONE',  ( 0.3200000000000015055, 9.095554967719978734, 3.419999999999999485 ) ) ;
#2608 = CIRCLE ( 'NONE', #7129, 0.1999999999999996503 ) ;
#2609 = CARTESIAN_POINT ( 'NONE',  ( -2.535381069091578343, -1.075331984002933616, 2.779999999999999361 ) ) ;
#2610 = DIRECTION ( 'NONE',  ( -1.000000000000000000, 0.000000000000000000, 0.000000000000000000 ) ) ;
#2611 = PRESENTATION_LAYER_ASSIGNMENT (  '', '', ( #5991 ) ) ;
#2612 = ORIENTED_EDGE ( 'NONE', *, *, #8621, .T. ) ;
#2613 = PRESENTATION_LAYER_ASSIGNMENT (  '', '', ( #6421 ) ) ;
#2614 = DIRECTION ( 'NONE',  ( -6.938893903907229364E-16, 0.000000000000000000, -1.000000000000000000 ) ) ;
#2615 = CARTESIAN_POINT ( 'NONE',  ( 3.199999999999996625, 10.30000000000000249, -5.570000000000002949 ) ) ;
#2616 = CARTESIAN_POINT ( 'NONE',  ( 2.400000000000017231, 28.50378091196238373, 5.499999999999991118 ) ) ;
#2617 = PRODUCT_DEFINITION_FORMATION_WITH_SPECIFIED_SOURCE ( 'ANY', '', #482, .NOT_KNOWN. ) ;
#2618 = VECTOR ( 'NONE', #6070, 1000.000000000000000 ) ;
#2619 = PLANE ( 'NONE',  #4834 ) ;
#2620 = LINE ( 'NONE', #2155, #5876 ) ;
#2621 = FACE_OUTER_BOUND ( 'NONE', #857, .T. ) ;
#2622 = CARTESIAN_POINT ( 'NONE',  ( 1.905000000000007798, 9.699999999999995737, -0.9950000000000002176 ) ) ;
#2623 = EDGE_CURVE ( 'NONE', #4563, #3129, #1754, .T. ) ;
#2624 = VECTOR ( 'NONE', #1597, 1000.000000000000000 ) ;
#2625 = VECTOR ( 'NONE', #5965, 1000.000000000000000 ) ;
#2626 = ORIENTED_EDGE ( 'NONE', *, *, #3671, .T. ) ;
#2627 = EDGE_LOOP ( 'NONE', ( #5348, #5025, #8309, #8023 ) ) ;
#2628 = EDGE_CURVE ( 'NONE', #5801, #6211, #851, .T. ) ;
#2629 = FACE_OUTER_BOUND ( 'NONE', #3615, .T. ) ;
#2630 = CARTESIAN_POINT ( 'NONE',  ( 2.320000000000004281, 16.60000000000000142, -1.220000000000000639 ) ) ;
#2631 = CARTESIAN_POINT ( 'NONE',  ( 0.3199999999999991740, 9.700000000000001066, 2.779999999999999361 ) ) ;
#2632 = EDGE_CURVE ( 'NONE', #5329, #3923, #8151, .T. ) ;
#2633 = PLANE ( 'NONE',  #7961 ) ;
#2634 = VECTOR ( 'NONE', #8010, 1000.000000000000114 ) ;
#2635 = LINE ( 'NONE', #7399, #8702 ) ;
#2636 = VECTOR ( 'NONE', #4118, 1000.000000000000000 ) ;
#2637 = ORIENTED_EDGE ( 'NONE', *, *, #5887, .T. ) ;
#2638 = DIRECTION ( 'NONE',  ( -3.880302512053384332E-15, 0.000000000000000000, -1.000000000000000000 ) ) ;
#2639 = CARTESIAN_POINT ( 'NONE',  ( 0.1000000000000056122, -3.300000000000005596, -1.220000000000000639 ) ) ;
#2640 = ADVANCED_FACE ( 'NONE', ( #4747 ), #96, .F. ) ;
#2641 = ORIENTED_EDGE ( 'NONE', *, *, #1062, .F. ) ;
#2642 = ORIENTED_EDGE ( 'NONE', *, *, #6201, .T. ) ;
#2643 = AXIS2_PLACEMENT_3D ( 'NONE', #2249, #8126, #5606 ) ;
#2644 = ORIENTED_EDGE ( 'NONE', *, *, #7876, .F. ) ;
#2645 = AXIS2_PLACEMENT_3D ( 'NONE', #894, #1427, #5584 ) ;
#2646 = AXIS2_PLACEMENT_3D ( 'NONE', #439, #3310, #2558 ) ;
#2647 = EDGE_CURVE ( 'NONE', #3173, #6600, #7440, .T. ) ;
#2648 = PLANE ( 'NONE',  #1484 ) ;
#2649 = CARTESIAN_POINT ( 'NONE',  ( 0.3200000000000057243, -2.695554967719991701, -1.220000000000000639 ) ) ;
#2650 = DIRECTION ( 'NONE',  ( -0.000000000000000000, 1.000000000000000000, 0.000000000000000000 ) ) ;
#2651 = EDGE_CURVE ( 'NONE', #7641, #2029, #7571, .T. ) ;
#2652 = FACE_OUTER_BOUND ( 'NONE', #1587, .T. ) ;
#2653 = SHAPE_REPRESENTATION ( 'B06B-JWPF-SK-R(LF)(SN)', ( #1481, #3185, #4312, #7282, #495 ), #5298 ) ;
#2654 = CARTESIAN_POINT ( 'NONE',  ( 1.679999999999999938, -0.6149999999999999911, 2.779999999999999361 ) ) ;
#2655 = ORIENTED_EDGE ( 'NONE', *, *, #2060, .T. ) ;
#2656 = CARTESIAN_POINT ( 'NONE',  ( 2.320000000000006057, -0.4992691472256670648, -1.220000000000000639 ) ) ;
#2657 = DIRECTION ( 'NONE',  ( 3.614007241618390679E-16, 0.000000000000000000, -1.000000000000000000 ) ) ;
#2658 = ORIENTED_EDGE ( 'NONE', *, *, #6022, .F. ) ;
#2659 = CARTESIAN_POINT ( 'NONE',  ( 0.9500000000000039524, 4.500000000000000888, 5.699999999999998401 ) ) ;
#2660 = ORIENTED_EDGE ( 'NONE', *, *, #6237, .T. ) ;
#2661 = CIRCLE ( 'NONE', #7593, 0.4999999999999991673 ) ;
#2662 = FACE_OUTER_BOUND ( 'NONE', #3292, .T. ) ;
#2663 = AXIS2_PLACEMENT_3D ( 'NONE', #6838, #771, #3480 ) ;
#2664 = DIRECTION ( 'NONE',  ( 0.000000000000000000, -1.000000000000000000, -0.000000000000000000 ) ) ;
#2665 = CARTESIAN_POINT ( 'NONE',  ( 1.599999999999995204, 11.00000000000000000, -5.699999999999999289 ) ) ;
#2666 = AXIS2_PLACEMENT_3D ( 'NONE', #4990, #3581, #6275 ) ;
#2667 = CARTESIAN_POINT ( 'NONE',  ( -2.399999999999995914, 0.000000000000000000, -5.450000000000000178 ) ) ;
#2668 = CYLINDRICAL_SURFACE ( 'NONE', #1776, 1.900000000000000133 ) ;
#2669 = ORIENTED_EDGE ( 'NONE', *, *, #5773, .T. ) ;
#2670 = EDGE_LOOP ( 'NONE', ( #933, #3042, #356, #4398 ) ) ;
#2671 = PRESENTATION_LAYER_ASSIGNMENT (  '', '', ( #419 ) ) ;
#2672 = LINE ( 'NONE', #3461, #5268 ) ;
#2673 = CARTESIAN_POINT ( 'NONE',  ( 1.880028303524371225, -1.149999999999999911, 2.779999999999999361 ) ) ;
#2674 = CARTESIAN_POINT ( 'NONE',  ( -0.9499999999999999556, 16.60000000000000142, 5.500000000000000000 ) ) ;
#2675 = FACE_OUTER_BOUND ( 'NONE', #7447, .T. ) ;
#2676 = DIRECTION ( 'NONE',  ( -0.9914448613738103822, -0.1305261922200516289, 0.000000000000000000 ) ) ;
#2677 = ORIENTED_EDGE ( 'NONE', *, *, #2708, .F. ) ;
#2678 = VECTOR ( 'NONE', #8228, 1000.000000000000000 ) ;
#2679 = DIRECTION ( 'NONE',  ( 0.9396926207859098712, -0.3420201433256647716, 0.000000000000000000 ) ) ;
#2680 = CYLINDRICAL_SURFACE ( 'NONE', #7160, 0.1999999999999996503 ) ;
#2681 = DIRECTION ( 'NONE',  ( 1.000000000000000000, 0.000000000000000000, 0.000000000000000000 ) ) ;
#2682 = EDGE_LOOP ( 'NONE', ( #5889, #5945, #7392, #4058 ) ) ;
#2683 = ORIENTED_EDGE ( 'NONE', *, *, #5732, .F. ) ;
#2684 = EDGE_CURVE ( 'NONE', #6523, #1106, #8241, .T. ) ;
#2685 = ORIENTED_EDGE ( 'NONE', *, *, #6312, .T. ) ;
#2686 =( NAMED_UNIT ( * ) PLANE_ANGLE_UNIT ( ) SI_UNIT ( $, .RADIAN. ) );
#2687 = FILL_AREA_STYLE_COLOUR ( '', #7992 ) ;
#2688 = ADVANCED_FACE ( 'NONE', ( #714 ), #4223, .F. ) ;
#2689 = CARTESIAN_POINT ( 'NONE',  ( 2.369999999999996554, 10.30000000000000249, -5.570000000000002061 ) ) ;
#2690 = LINE ( 'NONE', #1435, #6529 ) ;
#2691 = FACE_OUTER_BOUND ( 'NONE', #2670, .T. ) ;
#2692 = EDGE_CURVE ( 'NONE', #8644, #7043, #1421, .T. ) ;
#2693 = DIRECTION ( 'NONE',  ( -1.000000000000000000, -0.000000000000000000, 1.275531967630005739E-16 ) ) ;
#2694 = EDGE_CURVE ( 'NONE', #455, #7586, #6918, .T. ) ;
#2695 = VERTEX_POINT ( 'NONE', #7398 ) ;
#2696 = FILL_AREA_STYLE ('',( #2734 ) ) ;
#2697 = LINE ( 'NONE', #7377, #3306 ) ;
#2698 = ORIENTED_EDGE ( 'NONE', *, *, #3886, .T. ) ;
#2699 = CARTESIAN_POINT ( 'NONE',  ( -4.899999999999996803, -1.000000000000000000, -0.3999999999999998002 ) ) ;
#2700 = ORIENTED_EDGE ( 'NONE', *, *, #1919, .T. ) ;
#2701 = VERTEX_POINT ( 'NONE', #1338 ) ;
#2702 = CARTESIAN_POINT ( 'NONE',  ( 0.7500000000000217604, 4.500000000000000888, 5.699999999999996625 ) ) ;
#2703 = CARTESIAN_POINT ( 'NONE',  ( 0.3200000000000079448, 9.095554967719973405, -0.5800000000000006262 ) ) ;
#2704 = CARTESIAN_POINT ( 'NONE',  ( -0.8499999999999999778, 16.60000000000000142, 6.100000000000000533 ) ) ;
#2705 = CARTESIAN_POINT ( 'NONE',  ( -1.149999999999999911, 0.2500000000000002220, 6.100000000000000533 ) ) ;
#2706 = CARTESIAN_POINT ( 'NONE',  ( 2.400000000000010125, 28.50378091196238373, 3.599999999999991207 ) ) ;
#2707 = EDGE_LOOP ( 'NONE', ( #2889, #4238, #6925, #3272, #6259, #8474, #295 ) ) ;
#2708 = EDGE_CURVE ( 'NONE', #8082, #7151, #4049, .T. ) ;
#2709 = CARTESIAN_POINT ( 'NONE',  ( -4.899999999999996803, 14.49999999999999822, 1.200000000000000622 ) ) ;
#2710 = CARTESIAN_POINT ( 'NONE',  ( -2.499999999999995559, 4.500000000000000888, -3.794444401457438332 ) ) ;
#2711 = PLANE ( 'NONE',  #3431 ) ;
#2712 = CARTESIAN_POINT ( 'NONE',  ( 0.000000000000000000, 9.081817580622704611, 2.779999999999999361 ) ) ;
#2713 = AXIS2_PLACEMENT_3D ( 'NONE', #438, #1810, #3223 ) ;
#2714 = LINE ( 'NONE', #98, #902 ) ;
#2715 = EDGE_LOOP ( 'NONE', ( #776, #2885, #174, #5334 ) ) ;
#2716 = CYLINDRICAL_SURFACE ( 'NONE', #7742, 1.899999999999999245 ) ;
#2717 = DIRECTION ( 'NONE',  ( 0.000000000000000000, 1.000000000000000000, -0.000000000000000000 ) ) ;
#2718 = ORIENTED_EDGE ( 'NONE', *, *, #6475, .T. ) ;
#2719 = ORIENTED_EDGE ( 'NONE', *, *, #4279, .F. ) ;
#2720 = ORIENTED_EDGE ( 'NONE', *, *, #4249, .T. ) ;
#2721 = LINE ( 'NONE', #5414, #488 ) ;
#2722 = DIRECTION ( 'NONE',  ( 1.000000000000000000, 0.000000000000000000, -0.000000000000000000 ) ) ;
#2723 = DIRECTION ( 'NONE',  ( 1.000000000000000000, 0.000000000000000000, -1.355252715606880543E-16 ) ) ;
#2724 = DIRECTION ( 'NONE',  ( -6.776263578034403699E-16, -0.000000000000000000, -1.000000000000000000 ) ) ;
#2725 = VECTOR ( 'NONE', #7656, 1000.000000000000114 ) ;
#2726 = EDGE_CURVE ( 'NONE', #866, #5525, #807, .T. ) ;
#2727 = LINE ( 'NONE', #4111, #4379 ) ;
#2728 = VECTOR ( 'NONE', #7091, 1000.000000000000000 ) ;
#2729 = LINE ( 'NONE', #5421, #3890 ) ;
#2730 = EDGE_CURVE ( 'NONE', #6461, #1928, #2599, .T. ) ;
#2731 = EDGE_CURVE ( 'NONE', #2518, #5786, #7049, .T. ) ;
#2732 = VERTEX_POINT ( 'NONE', #4959 ) ;
#2733 = VERTEX_POINT ( 'NONE', #7753 ) ;
#2734 = FILL_AREA_STYLE_COLOUR ( '', #3374 ) ;
#2735 = EDGE_CURVE ( 'NONE', #719, #4196, #4515, .T. ) ;
#2736 = FACE_OUTER_BOUND ( 'NONE', #6816, .T. ) ;
#2737 = VERTEX_POINT ( 'NONE', #2932 ) ;
#2738 = VECTOR ( 'NONE', #2324, 1000.000000000000000 ) ;
#2739 = LINE ( 'NONE', #5430, #4874 ) ;
#2740 = ORIENTED_EDGE ( 'NONE', *, *, #3008, .F. ) ;
#2741 = ORIENTED_EDGE ( 'NONE', *, *, #2365, .T. ) ;
#2742 = VECTOR ( 'NONE', #2986, 1000.000000000000000 ) ;
#2743 = CARTESIAN_POINT ( 'NONE',  ( -4.649999999999995914, 0.2500000000000002220, -1.400000000000001465 ) ) ;
#2744 = ADVANCED_FACE ( 'NONE', ( #1020 ), #4435, .T. ) ;
#2745 = FACE_BOUND ( 'NONE', #5870, .T. ) ;
#2746 = LINE ( 'NONE', #5439, #1446 ) ;
#2747 = PRODUCT ( 'Part3^BxxB-JWPF-SK-R(LF)(SN)', 'Part3^BxxB-JWPF-SK-R(LF)(SN)', '', ( #272 ) ) ;
#2748 = AXIS2_PLACEMENT_3D ( 'NONE', #528, #5297, #569 ) ;
#2749 = VERTEX_POINT ( 'NONE', #4263 ) ;
#2750 = DIRECTION ( 'NONE',  ( 1.000000000000000000, 0.000000000000000000, 0.000000000000000000 ) ) ;
#2751 = DIRECTION ( 'NONE',  ( 0.000000000000000000, 0.000000000000000000, 1.000000000000000000 ) ) ;
#2752 = VERTEX_POINT ( 'NONE', #179 ) ;
#2753 = CARTESIAN_POINT ( 'NONE',  ( 2.599999999999995204, 11.00000000000000000, -5.700000000000001066 ) ) ;
#2754 = LINE ( 'NONE', #4745, #3384 ) ;
#2755 = DIRECTION ( 'NONE',  ( 0.000000000000000000, -0.000000000000000000, 1.000000000000000000 ) ) ;
#2756 = VECTOR ( 'NONE', #4107, 1000.000000000000000 ) ;
#2757 = LINE ( 'NONE', #2841, #6124 ) ;
#2758 = DIRECTION ( 'NONE',  ( -1.000000000000000000, 0.000000000000000000, 0.000000000000000000 ) ) ;
#2759 = VERTEX_POINT ( 'NONE', #2406 ) ;
#2760 = EDGE_CURVE ( 'NONE', #4368, #1145, #938, .T. ) ;
#2761 = CARTESIAN_POINT ( 'NONE',  ( 4.299999999999984723, 16.40000000000000213, -3.200000000000016165 ) ) ;
#2762 = VECTOR ( 'NONE', #6061, 1000.000000000000000 ) ;
#2763 = AXIS2_PLACEMENT_3D ( 'NONE', #2166, #4168, #2751 ) ;
#2764 = CARTESIAN_POINT ( 'NONE',  ( 2.400000000000010125, 4.500000000000000888, 3.599999999999991207 ) ) ;
#2765 = VERTEX_POINT ( 'NONE', #6956 ) ;
#2766 = ORIENTED_EDGE ( 'NONE', *, *, #774, .T. ) ;
#2767 = ORIENTED_EDGE ( 'NONE', *, *, #1417, .T. ) ;
#2768 = VECTOR ( 'NONE', #2787, 1000.000000000000000 ) ;
#2769 = CARTESIAN_POINT ( 'NONE',  ( -0.3199999999999943445, -2.695554967719990813, -1.220000000000000639 ) ) ;
#2770 = CARTESIAN_POINT ( 'NONE',  ( -0.3199999999999934563, 1.000000000000004441, -0.5800000000000006262 ) ) ;
#2771 = CARTESIAN_POINT ( 'NONE',  ( 4.899999999999997691, 1.000000000000000000, 2.599999999999995204 ) ) ;
#2772 = CIRCLE ( 'NONE', #7717, 1.899999999999999689 ) ;
#2773 = VECTOR ( 'NONE', #513, 1000.000000000000000 ) ;
#2774 = FACE_OUTER_BOUND ( 'NONE', #7006, .T. ) ;
#2775 = AXIS2_PLACEMENT_3D ( 'NONE', #3112, #2445, #5265 ) ;
#2776 = ORIENTED_EDGE ( 'NONE', *, *, #7587, .F. ) ;
#2777 = ORIENTED_EDGE ( 'NONE', *, *, #7003, .F. ) ;
#2778 = DIRECTION ( 'NONE',  ( 0.04464258697085599081, -0.3390941135865693790, 0.9396926207859080948 ) ) ;
#2779 = LINE ( 'NONE', #208, #1222 ) ;
#2780 = CARTESIAN_POINT ( 'NONE',  ( 2.369999999999996554, 9.800000000000000711, -5.570000000000002061 ) ) ;
#2781 = CARTESIAN_POINT ( 'NONE',  ( 0.000000000000000000, 9.999999999999998224, 0.000000000000000000 ) ) ;
#2782 = ORIENTED_EDGE ( 'NONE', *, *, #1976, .F. ) ;
#2783 = AXIS2_PLACEMENT_3D ( 'NONE', #1617, #5546, #8332 ) ;
#2784 = ORIENTED_EDGE ( 'NONE', *, *, #5462, .F. ) ;
#2785 = ADVANCED_FACE ( 'NONE', ( #3595 ), #7004, .F. ) ;
#2786 = CARTESIAN_POINT ( 'NONE',  ( -1.600000000000000533, 16.60000000000000142, -6.400000000000000355 ) ) ;
#2787 = DIRECTION ( 'NONE',  ( -0.000000000000000000, 1.000000000000000000, -0.000000000000000000 ) ) ;
#2788 = LINE ( 'NONE', #4814, #4133 ) ;
#2789 = ADVANCED_FACE ( 'NONE', ( #5091 ), #2883, .F. ) ;
#2790 = VERTEX_POINT ( 'NONE', #230 ) ;
#2791 = DIRECTION ( 'NONE',  ( -0.000000000000000000, -1.000000000000000000, -0.000000000000000000 ) ) ;
#2792 = EDGE_CURVE ( 'NONE', #5321, #1906, #7790, .T. ) ;
#2793 = CARTESIAN_POINT ( 'NONE',  ( -0.8499999999999999778, 0.000000000000000000, -1.400000000000001021 ) ) ;
#2794 = EDGE_CURVE ( 'NONE', #5095, #5729, #4394, .T. ) ;
#2795 = ORIENTED_EDGE ( 'NONE', *, *, #2569, .T. ) ;
#2796 = AXIS2_PLACEMENT_3D ( 'NONE', #6486, #2458, #4630 ) ;
#2797 = ADVANCED_FACE ( 'NONE', ( #8320 ), #2366, .T. ) ;
#2798 = AXIS2_PLACEMENT_3D ( 'NONE', #5831, #7880, #1908 ) ;
#2799 = CARTESIAN_POINT ( 'NONE',  ( -2.700000000000000178, 10.30000000000000249, -6.399999999999999467 ) ) ;
#2800 = CARTESIAN_POINT ( 'NONE',  ( 0.3199999999999992295, 9.095554967719982287, 2.779999999999999361 ) ) ;
#2801 = CARTESIAN_POINT ( 'NONE',  ( 0.7500000000000037748, 4.500000000000000888, 5.699999999999998401 ) ) ;
#2802 = DIRECTION ( 'NONE',  ( 0.000000000000000000, 0.000000000000000000, 1.000000000000000000 ) ) ;
#2803 = CARTESIAN_POINT ( 'NONE',  ( -2.319999999999991402, 4.500000000000003553, -0.5800000000000006262 ) ) ;
#2804 = AXIS2_PLACEMENT_3D ( 'NONE', #6960, #4355, #4311 ) ;
#2805 = ORIENTED_EDGE ( 'NONE', *, *, #1715, .F. ) ;
#2806 = CARTESIAN_POINT ( 'NONE',  ( 3.199999999999996625, 16.60000000000000142, -5.570000000000002949 ) ) ;
#2807 = DIRECTION ( 'NONE',  ( -1.000000000000000000, 0.000000000000000000, 0.000000000000000000 ) ) ;
#2808 = VECTOR ( 'NONE', #3054, 1000.000000000000000 ) ;
#2809 = ORIENTED_EDGE ( 'NONE', *, *, #4377, .F. ) ;
#2810 = ORIENTED_EDGE ( 'NONE', *, *, #3507, .T. ) ;
#2811 = ORIENTED_EDGE ( 'NONE', *, *, #5338, .F. ) ;
#2812 = CARTESIAN_POINT ( 'NONE',  ( -1.199999999999999512, 11.00000000000000000, -5.399999999999998579 ) ) ;
#2813 = DIRECTION ( 'NONE',  ( 0.000000000000000000, 0.000000000000000000, 1.000000000000000000 ) ) ;
#2814 = LINE ( 'NONE', #7533, #6274 ) ;
#2815 = LINE ( 'NONE', #5509, #8219 ) ;
#2816 = DIRECTION ( 'NONE',  ( 0.000000000000000000, 1.000000000000000000, 0.000000000000000000 ) ) ;
#2817 = DIRECTION ( 'NONE',  ( -0.000000000000000000, 0.000000000000000000, 1.000000000000000000 ) ) ;
#2818 = ORIENTED_EDGE ( 'NONE', *, *, #3631, .F. ) ;
#2819 = VERTEX_POINT ( 'NONE', #3687 ) ;
#2820 = DIRECTION ( 'NONE',  ( 1.000000000000000000, 0.000000000000000000, 0.000000000000000000 ) ) ;
#2821 = DIRECTION ( 'NONE',  ( -1.000000000000000000, -0.000000000000000000, -1.897353801849639662E-16 ) ) ;
#2822 = DIRECTION ( 'NONE',  ( 1.000000000000000000, 0.000000000000000000, -0.000000000000000000 ) ) ;
#2823 = CARTESIAN_POINT ( 'NONE',  ( -4.899999999999996803, 1.000000000000000000, -0.5800000000000006262 ) ) ;
#2824 = ORIENTED_EDGE ( 'NONE', *, *, #8345, .T. ) ;
#2825 = ORIENTED_EDGE ( 'NONE', *, *, #3280, .T. ) ;
#2826 = EDGE_LOOP ( 'NONE', ( #4857, #1975, #6527, #2669 ) ) ;
#2827 = DIRECTION ( 'NONE',  ( -0.3236155771181810636, -0.8891264907159901476, -0.3236155771181831731 ) ) ;
#2828 = FACE_BOUND ( 'NONE', #164, .T. ) ;
#2829 = CARTESIAN_POINT ( 'NONE',  ( -0.3199999999999998956, 4.500000000000003553, 3.419999999999999485 ) ) ;
#2830 = CIRCLE ( 'NONE', #7695, 0.2500000000000002220 ) ;
#2831 = EDGE_LOOP ( 'NONE', ( #4073, #4160, #5218, #3735 ) ) ;
#2832 = EDGE_CURVE ( 'NONE', #4601, #5856, #7657, .T. ) ;
#2833 = DIRECTION ( 'NONE',  ( -5.500731610404397960E-16, 0.000000000000000000, -1.000000000000000000 ) ) ;
#2834 = CARTESIAN_POINT ( 'NONE',  ( -3.599999999999996536, 16.40000000000000213, -3.199999999999999289 ) ) ;
#2835 = ORIENTED_EDGE ( 'NONE', *, *, #5225, .F. ) ;
#2836 = EDGE_CURVE ( 'NONE', #6902, #4713, #2314, .T. ) ;
#2837 = EDGE_CURVE ( 'NONE', #4547, #2303, #2974, .T. ) ;
#2838 = DIRECTION ( 'NONE',  ( 0.000000000000000000, 0.000000000000000000, 1.000000000000000000 ) ) ;
#2839 = DIRECTION ( 'NONE',  ( 0.000000000000000000, 1.000000000000000000, 0.000000000000000000 ) ) ;
#2840 = EDGE_CURVE ( 'NONE', #5958, #5163, #1653, .T. ) ;
#2841 = CARTESIAN_POINT ( 'NONE',  ( 0.3200000000000015055, 9.095554967719982287, 2.779999999999999361 ) ) ;
#2842 = EDGE_CURVE ( 'NONE', #6676, #4338, #3023, .T. ) ;
#2843 = CYLINDRICAL_SURFACE ( 'NONE', #8562, 1.000000000000000444 ) ;
#2844 = ORIENTED_EDGE ( 'NONE', *, *, #2731, .T. ) ;
#2845 = DIRECTION ( 'NONE',  ( -3.745807800335038320E-15, -0.000000000000000000, -1.000000000000000000 ) ) ;
#2846 = CARTESIAN_POINT ( 'NONE',  ( 4.336808689942017736E-16, 9.999999999999998224, -5.399999999999998579 ) ) ;
#2847 = ORIENTED_EDGE ( 'NONE', *, *, #6517, .T. ) ;
#2848 = VERTEX_POINT ( 'NONE', #1116 ) ;
#2849 = ORIENTED_EDGE ( 'NONE', *, *, #8458, .T. ) ;
#2850 = PLANE ( 'NONE',  #2783 ) ;
#2851 = PLANE ( 'NONE',  #6707 ) ;
#2852 = LINE ( 'NONE', #5548, #2024 ) ;
#2853 = ADVANCED_FACE ( 'NONE', ( #7835 ), #3111, .F. ) ;
#2854 = CARTESIAN_POINT ( 'NONE',  ( -4.649999999999995914, 0.000000000000000000, -0.4000000000000001887 ) ) ;
#2855 = AXIS2_PLACEMENT_3D ( 'NONE', #2597, #5295, #7336 ) ;
#2856 = DIRECTION ( 'NONE',  ( 1.000000000000000000, 0.000000000000000000, 0.000000000000000000 ) ) ;
#2857 = ORIENTED_EDGE ( 'NONE', *, *, #7994, .T. ) ;
#2858 = ORIENTED_EDGE ( 'NONE', *, *, #5381, .F. ) ;
#2859 = LINE ( 'NONE', #3531, #1684 ) ;
#2860 = CARTESIAN_POINT ( 'NONE',  ( 2.599999999999979661, 11.00000000000000000, -5.089444362769127039 ) ) ;
#2861 = AXIS2_PLACEMENT_3D ( 'NONE', #4222, #6823, #6917 ) ;
#2862 = FACE_OUTER_BOUND ( 'NONE', #6115, .T. ) ;
#2863 = PLANE ( 'NONE',  #7153 ) ;
#2864 = EDGE_CURVE ( 'NONE', #722, #2097, #6468, .T. ) ;
#2865 = CARTESIAN_POINT ( 'NONE',  ( -1.149999999999999911, 0.2500000000000071609, 6.100000000000000533 ) ) ;
#2866 = ADVANCED_FACE ( 'NONE', ( #7178 ), #8494, .T. ) ;
#2867 = VERTEX_POINT ( 'NONE', #6170 ) ;
#2868 = ORIENTED_EDGE ( 'NONE', *, *, #2193, .T. ) ;
#2869 = EDGE_LOOP ( 'NONE', ( #4289, #7477, #5476, #5199 ) ) ;
#2870 = AXIS2_PLACEMENT_3D ( 'NONE', #1903, #659, #6594 ) ;
#2871 = CARTESIAN_POINT ( 'NONE',  ( -3.200000000000000622, 10.27817560890313331, -5.568543856465400843 ) ) ;
#2872 = CARTESIAN_POINT ( 'NONE',  ( 0.3200000000000056133, 9.699999999999995737, -0.7999999999999994893 ) ) ;
#2873 = CARTESIAN_POINT ( 'NONE',  ( -0.4500000000000011768, 4.500000000000000888, 4.600000000000000533 ) ) ;
#2874 = ORIENTED_EDGE ( 'NONE', *, *, #6813, .F. ) ;
#2875 = CARTESIAN_POINT ( 'NONE',  ( -1.734723475976807094E-15, 4.500000000000000888, -5.099999999999998757 ) ) ;
#2876 = ORIENTED_EDGE ( 'NONE', *, *, #3437, .T. ) ;
#2877 = VECTOR ( 'NONE', #2586, 1000.000000000000000 ) ;
#2878 = CARTESIAN_POINT ( 'NONE',  ( 0.4500000000000011768, 4.900000000000000355, 4.600000000000000533 ) ) ;
#2879 = CIRCLE ( 'NONE', #4042, 1.000000000000000444 ) ;
#2880 = LINE ( 'NONE', #1693, #8553 ) ;
#2881 = CYLINDRICAL_SURFACE ( 'NONE', #2584, 0.5000000000000000000 ) ;
#2882 = AXIS2_PLACEMENT_3D ( 'NONE', #2896, #8117, #6253 ) ;
#2883 = PLANE ( 'NONE',  #8099 ) ;
#2884 = CARTESIAN_POINT ( 'NONE',  ( 1.599999999999997202, 14.49999999999999822, 1.199999999999999067 ) ) ;
#2885 = ORIENTED_EDGE ( 'NONE', *, *, #3280, .F. ) ;
#2886 = EDGE_CURVE ( 'NONE', #5079, #834, #3475, .T. ) ;
#2887 = LINE ( 'NONE', #5538, #70 ) ;
#2888 = MECHANICAL_DESIGN_GEOMETRIC_PRESENTATION_REPRESENTATION (  '', ( #6994 ), #3601 ) ;
#2889 = ORIENTED_EDGE ( 'NONE', *, *, #7604, .F. ) ;
#2890 = EDGE_LOOP ( 'NONE', ( #2612, #1450, #6724, #1263 ) ) ;
#2891 = EDGE_CURVE ( 'NONE', #7625, #6177, #17, .T. ) ;
#2892 = EDGE_LOOP ( 'NONE', ( #4138, #3473, #2685, #4711 ) ) ;
#2893 = EDGE_CURVE ( 'NONE', #4751, #2160, #2721, .T. ) ;
#2894 = DIRECTION ( 'NONE',  ( 1.000000000000000000, 2.710505431213765029E-15, 0.000000000000000000 ) ) ;
#2895 = CYLINDRICAL_SURFACE ( 'NONE', #1595, 0.2500000000000002220 ) ;
#2896 = CARTESIAN_POINT ( 'NONE',  ( -0.3199999999999944555, -3.300000000000005151, -1.220000000000000639 ) ) ;
#2897 = AXIS2_PLACEMENT_3D ( 'NONE', #2781, #6088, #79 ) ;
#2898 = VECTOR ( 'NONE', #8324, 1000.000000000000000 ) ;
#2899 = EDGE_CURVE ( 'NONE', #7490, #4879, #1392, .T. ) ;
#2900 = ORIENTED_EDGE ( 'NONE', *, *, #5009, .T. ) ;
#2901 = CARTESIAN_POINT ( 'NONE',  ( -4.450000000000000178, -1.000000000000001554, -1.950000000000000178 ) ) ;
#2902 = EDGE_CURVE ( 'NONE', #1517, #6793, #6038, .T. ) ;
#2903 = DIRECTION ( 'NONE',  ( 0.000000000000000000, -0.000000000000000000, -1.000000000000000000 ) ) ;
#2904 = VERTEX_POINT ( 'NONE', #6833 ) ;
#2905 = ORIENTED_EDGE ( 'NONE', *, *, #3120, .T. ) ;
#2906 = EDGE_CURVE ( 'NONE', #7151, #4152, #3520, .T. ) ;
#2907 = AXIS2_PLACEMENT_3D ( 'NONE', #2392, #2917, #2344 ) ;
#2908 = CIRCLE ( 'NONE', #5160, 2.250000000000000888 ) ;
#2909 = VERTEX_POINT ( 'NONE', #6077 ) ;
#2910 = FACE_OUTER_BOUND ( 'NONE', #6589, .T. ) ;
#2911 = EDGE_CURVE ( 'NONE', #4299, #3813, #8183, .T. ) ;
#2912 = PLANE ( 'NONE',  #5599 ) ;
#2913 = CYLINDRICAL_SURFACE ( 'NONE', #3204, 2.499999999999999556 ) ;
#2914 = VECTOR ( 'NONE', #7283, 1000.000000000000000 ) ;
#2915 = CIRCLE ( 'NONE', #934, 0.2500000000000002220 ) ;
#2916 = DIRECTION ( 'NONE',  ( 0.000000000000000000, -1.000000000000000000, 0.000000000000000000 ) ) ;
#2917 = DIRECTION ( 'NONE',  ( -1.000000000000000000, 0.000000000000000000, -0.000000000000000000 ) ) ;
#2918 = ORIENTED_EDGE ( 'NONE', *, *, #2060, .F. ) ;
#2919 = ORIENTED_EDGE ( 'NONE', *, *, #3764, .T. ) ;
#2920 = ORIENTED_EDGE ( 'NONE', *, *, #6384, .T. ) ;
#2921 = AXIS2_PLACEMENT_3D ( 'NONE', #5816, #3092, #8385 ) ;
#2922 = CARTESIAN_POINT ( 'NONE',  ( 3.199999999999996625, 16.60000000000000142, -5.568543856465403508 ) ) ;
#2923 = VECTOR ( 'NONE', #8609, 1000.000000000000000 ) ;
#2924 = DIRECTION ( 'NONE',  ( 0.000000000000000000, -1.000000000000000000, -0.000000000000000000 ) ) ;
#2925 = ORIENTED_EDGE ( 'NONE', *, *, #2588, .T. ) ;
#2926 = PLANE ( 'NONE',  #5154 ) ;
#2927 = SHAPE_DEFINITION_REPRESENTATION ( #8325, #8114 ) ;
#2928 = ORIENTED_EDGE ( 'NONE', *, *, #3877, .F. ) ;
#2929 = DIRECTION ( 'NONE',  ( 0.9063077870366493816, 0.000000000000000000, 0.4226182617407007180 ) ) ;
#2930 = DIRECTION ( 'NONE',  ( 1.342665229084215866E-16, -1.000000000000000000, 0.000000000000000000 ) ) ;
#2931 = DIRECTION ( 'NONE',  ( -0.000000000000000000, -1.000000000000000000, -0.000000000000000000 ) ) ;
#2932 = CARTESIAN_POINT ( 'NONE',  ( -2.094999999999990870, 9.699999999999995737, -0.9950000000000002176 ) ) ;
#2933 = LINE ( 'NONE', #8321, #8275 ) ;
#2934 = ORIENTED_EDGE ( 'NONE', *, *, #4319, .T. ) ;
#2935 = CARTESIAN_POINT ( 'NONE',  ( 1.831048351012643849, -3.245831630228683817, -0.8050000000000019362 ) ) ;
#2936 = DIRECTION ( 'NONE',  ( -1.156482317317868372E-15, 0.000000000000000000, -1.000000000000000000 ) ) ;
#2937 = ORIENTED_EDGE ( 'NONE', *, *, #8622, .F. ) ;
#2938 = ORIENTED_EDGE ( 'NONE', *, *, #549, .T. ) ;
#2939 = ORIENTED_EDGE ( 'NONE', *, *, #2794, .T. ) ;
#2940 = CIRCLE ( 'NONE', #112, 0.2500000000000002220 ) ;
#2941 = LINE ( 'NONE', #3738, #2738 ) ;
#2942 = VECTOR ( 'NONE', #7575, 1000.000000000000000 ) ;
#2943 = CARTESIAN_POINT ( 'NONE',  ( -2.399999999999980815, 4.500000000000000888, -3.199999999999985967 ) ) ;
#2944 = VECTOR ( 'NONE', #7811, 1000.000000000000000 ) ;
#2945 = VERTEX_POINT ( 'NONE', #8735 ) ;
#2946 = VECTOR ( 'NONE', #5522, 1000.000000000000000 ) ;
#2947 = CARTESIAN_POINT ( 'NONE',  ( -1.199999999999999512, 9.999999999999998224, -5.399999999999998579 ) ) ;
#2948 = EDGE_CURVE ( 'NONE', #6909, #2303, #4063, .T. ) ;
#2949 = LINE ( 'NONE', #201, #8248 ) ;
#2950 = EDGE_LOOP ( 'NONE', ( #1858, #4696, #4384, #202 ) ) ;
#2951 = ORIENTED_EDGE ( 'NONE', *, *, #6959, .T. ) ;
#2952 = EDGE_CURVE ( 'NONE', #1563, #2477, #1478, .T. ) ;
#2953 = STYLED_ITEM ( 'NONE', ( #4071 ), #5931 ) ;
#2954 = ORIENTED_EDGE ( 'NONE', *, *, #5539, .T. ) ;
#2955 = LINE ( 'NONE', #1628, #2355 ) ;
#2956 = EDGE_CURVE ( 'NONE', #2287, #799, #723, .T. ) ;
#2957 = CARTESIAN_POINT ( 'NONE',  ( -1.880028303524364564, -1.150000000000005462, -1.220000000000000639 ) ) ;
#2958 = DIRECTION ( 'NONE',  ( 9.346570452461246523E-17, -1.000000000000000000, -0.000000000000000000 ) ) ;
#2959 = CARTESIAN_POINT ( 'NONE',  ( -4.299999999999996270, 28.50378091196238373, 3.600000000000000977 ) ) ;
#2960 = ORIENTED_EDGE ( 'NONE', *, *, #1025, .T. ) ;
#2961 = VERTEX_POINT ( 'NONE', #5506 ) ;
#2962 = ORIENTED_EDGE ( 'NONE', *, *, #5653, .T. ) ;
#2963 = DIRECTION ( 'NONE',  ( 0.000000000000000000, 0.000000000000000000, -1.000000000000000000 ) ) ;
#2964 = DIRECTION ( 'NONE',  ( 1.000000000000000000, 0.000000000000000000, 5.215919954004830835E-16 ) ) ;
#2965 = DIRECTION ( 'NONE',  ( 3.880302512053385909E-15, 0.000000000000000000, 1.000000000000000000 ) ) ;
#2966 = ORIENTED_EDGE ( 'NONE', *, *, #4319, .F. ) ;
#2967 = CARTESIAN_POINT ( 'NONE',  ( 2.315778573866617673, -2.743378540272632282, 2.779999999999999361 ) ) ;
#2968 = MANIFOLD_SOLID_BREP ( 'Mirror1', #6223 ) ;
#2969 = APPLICATION_PROTOCOL_DEFINITION ( 'draft international standard', 'automotive_design', 1998, #6199 ) ;
#2970 = ORIENTED_EDGE ( 'NONE', *, *, #1193, .F. ) ;
#2971 = DIRECTION ( 'NONE',  ( 0.000000000000000000, 1.000000000000000000, 0.000000000000000000 ) ) ;
#2972 = DIRECTION ( 'NONE',  ( -3.614007241618390679E-16, -0.000000000000000000, 1.000000000000000000 ) ) ;
#2973 = CARTESIAN_POINT ( 'NONE',  ( -4.899999999999996803, 1.000000000000000000, -0.5800000000000006262 ) ) ;
#2974 = LINE ( 'NONE', #7706, #5291 ) ;
#2975 = LINE ( 'NONE', #2315, #6154 ) ;
#2976 = ORIENTED_EDGE ( 'NONE', *, *, #7227, .F. ) ;
#2977 = LINE ( 'NONE', #2274, #1383 ) ;
#2978 = CARTESIAN_POINT ( 'NONE',  ( -2.319999999999998064, 1.000000000000004441, 3.419999999999999485 ) ) ;
#2979 = EDGE_CURVE ( 'NONE', #1973, #6751, #2105, .T. ) ;
#2980 = ORIENTED_EDGE ( 'NONE', *, *, #3526, .T. ) ;
#2981 = ORIENTED_EDGE ( 'NONE', *, *, #848, .T. ) ;
#2982 = ADVANCED_FACE ( 'NONE', ( #7493 ), #2143, .F. ) ;
#2983 = ORIENTED_EDGE ( 'NONE', *, *, #5802, .T. ) ;
#2984 = CARTESIAN_POINT ( 'NONE',  ( -1.688662254502219184, -2.603569453895926422, -0.5800000000000006262 ) ) ;
#2985 = LINE ( 'NONE', #6347, #1236 ) ;
#2986 = DIRECTION ( 'NONE',  ( -1.000000000000000000, 0.000000000000000000, 0.000000000000000000 ) ) ;
#2987 = EDGE_LOOP ( 'NONE', ( #5369, #7225, #7796, #873 ) ) ;
#2988 = PLANE ( 'NONE',  #8159 ) ;
#2989 = DIRECTION ( 'NONE',  ( 0.000000000000000000, 1.000000000000000000, 0.000000000000000000 ) ) ;
#2990 = VERTEX_POINT ( 'NONE', #6252 ) ;
#2991 = VERTEX_POINT ( 'NONE', #948 ) ;
#2992 = ORIENTED_EDGE ( 'NONE', *, *, #1314, .F. ) ;
#2993 = DIRECTION ( 'NONE',  ( 0.3502073812594687086, 0.9366721892483972356, 0.000000000000000000 ) ) ;
#2994 = EDGE_CURVE ( 'NONE', #8643, #1300, #6299, .T. ) ;
#2995 = CYLINDRICAL_SURFACE ( 'NONE', #2921, 0.2500000000000002220 ) ;
#2996 = CARTESIAN_POINT ( 'NONE',  ( 0.7500000000000039968, 4.500000000000000888, 5.999999999999994671 ) ) ;
#2997 = MANIFOLD_SOLID_BREP ( 'Chamfer2', #7737 ) ;
#2998 = AXIS2_PLACEMENT_3D ( 'NONE', #7496, #4146, #5461 ) ;
#2999 = EDGE_CURVE ( 'NONE', #8292, #4196, #2941, .T. ) ;
#3000 = EDGE_CURVE ( 'NONE', #3083, #2733, #5589, .T. ) ;
#3001 = CARTESIAN_POINT ( 'NONE',  ( -0.3499999999999999778, 4.500000000000000888, 5.200000000000001066 ) ) ;
#3002 = PLANE ( 'NONE',  #2907 ) ;
#3003 = ORIENTED_EDGE ( 'NONE', *, *, #2022, .T. ) ;
#3004 = EDGE_LOOP ( 'NONE', ( #8237, #4388, #8691, #6136 ) ) ;
#3005 = VERTEX_POINT ( 'NONE', #379 ) ;
#3006 = EDGE_CURVE ( 'NONE', #815, #2020, #6434, .T. ) ;
#3007 = CARTESIAN_POINT ( 'NONE',  ( -1.599999999999996314, 12.49999999999999822, 1.200000000000000178 ) ) ;
#3008 = EDGE_CURVE ( 'NONE', #6640, #149, #1703, .T. ) ;
#3009 = DIRECTION ( 'NONE',  ( 0.000000000000000000, 0.000000000000000000, 1.000000000000000000 ) ) ;
#3010 = CARTESIAN_POINT ( 'NONE',  ( 2.400000000000010125, 4.500000000000000888, 3.599999999999991207 ) ) ;
#3011 = AXIS2_PLACEMENT_3D ( 'NONE', #676, #6782, #2001 ) ;
#3012 = VERTEX_POINT ( 'NONE', #3079 ) ;
#3013 = EDGE_CURVE ( 'NONE', #188, #4633, #5017, .T. ) ;
#3014 = PLANE ( 'NONE',  #6282 ) ;
#3015 = AXIS2_PLACEMENT_3D ( 'NONE', #3055, #6459, #4425 ) ;
#3016 = CONTEXT_DEPENDENT_SHAPE_REPRESENTATION ( #3955, #6209 ) ;
#3017 = ORIENTED_EDGE ( 'NONE', *, *, #3061, .F. ) ;
#3018 = EDGE_CURVE ( 'NONE', #1184, #4507, #3562, .T. ) ;
#3019 = DIRECTION ( 'NONE',  ( 0.000000000000000000, -1.000000000000000000, 0.000000000000000000 ) ) ;
#3020 = CARTESIAN_POINT ( 'NONE',  ( -2.323186965781464330, -2.687106216916753887, 2.779999999999999361 ) ) ;
#3021 = PLANE ( 'NONE',  #5961 ) ;
#3022 = EDGE_CURVE ( 'NONE', #765, #3579, #2414, .T. ) ;
#3023 = LINE ( 'NONE', #4433, #1905 ) ;
#3024 = CARTESIAN_POINT ( 'NONE',  ( -4.899999999999996803, 1.000000000000000000, 3.600000000000000533 ) ) ;
#3025 = AXIS2_PLACEMENT_3D ( 'NONE', #5019, #7722, #3787 ) ;
#3026 = FACE_OUTER_BOUND ( 'NONE', #4683, .T. ) ;
#3027 = CARTESIAN_POINT ( 'NONE',  ( -2.499999999999995559, 4.900000000000000355, -3.794444401457438332 ) ) ;
#3028 = VECTOR ( 'NONE', #3741, 1000.000000000000000 ) ;
#3029 = ORIENTED_EDGE ( 'NONE', *, *, #2604, .T. ) ;
#3030 = ORIENTED_EDGE ( 'NONE', *, *, #2498, .F. ) ;
#3031 = ORIENTED_EDGE ( 'NONE', *, *, #7876, .T. ) ;
#3032 = CIRCLE ( 'NONE', #7530, 0.2500000000000002220 ) ;
#3033 = CARTESIAN_POINT ( 'NONE',  ( 0.3200000000000056133, -3.300000000000005596, -0.5800000000000006262 ) ) ;
#3034 = CARTESIAN_POINT ( 'NONE',  ( -0.4500000000000011768, 4.500000000000000888, 4.600000000000000533 ) ) ;
#3035 = DIRECTION ( 'NONE',  ( 0.2047927057592100475, -0.9237601993560261571, -0.3236155771181854490 ) ) ;
#3036 = COLOUR_RGB ( '',0.03921568627450980338, 0.4901960784313725283, 0.7098039215686274828 ) ;
#3037 = ADVANCED_FACE ( 'NONE', ( #2235 ), #6346, .F. ) ;
#3038 = ORIENTED_EDGE ( 'NONE', *, *, #8405, .F. ) ;
#3039 = AXIS2_PLACEMENT_3D ( 'NONE', #8295, #7632, #4889 ) ;
#3040 = LINE ( 'NONE', #8427, #959 ) ;
#3041 = DIRECTION ( 'NONE',  ( 0.000000000000000000, -1.000000000000000000, -0.000000000000000000 ) ) ;
#3042 = ORIENTED_EDGE ( 'NONE', *, *, #6692, .F. ) ;
#3043 = ORIENTED_EDGE ( 'NONE', *, *, #5383, .F. ) ;
#3044 = ORIENTED_EDGE ( 'NONE', *, *, #6787, .F. ) ;
#3045 = ORIENTED_EDGE ( 'NONE', *, *, #5701, .F. ) ;
#3046 = CARTESIAN_POINT ( 'NONE',  ( 1.060107702553494624, 11.00000000000000000, -5.099999999999999645 ) ) ;
#3047 = CARTESIAN_POINT ( 'NONE',  ( -3.599999999999997424, 16.40000000000000213, 3.600000000000001421 ) ) ;
#3048 = AXIS2_PLACEMENT_3D ( 'NONE', #7859, #5202, #5292 ) ;
#3049 = CARTESIAN_POINT ( 'NONE',  ( 2.399999999999999911, 0.2500000000000001665, 5.849999999999997868 ) ) ;
#3050 = AXIS2_PLACEMENT_3D ( 'NONE', #7553, #5472, #2028 ) ;
#3051 = CARTESIAN_POINT ( 'NONE',  ( -2.323186965781464330, -2.687106216916753887, 2.779999999999999361 ) ) ;
#3052 = ORIENTED_EDGE ( 'NONE', *, *, #958, .F. ) ;
#3053 = VERTEX_POINT ( 'NONE', #5637 ) ;
#3054 = DIRECTION ( 'NONE',  ( 1.000000000000000000, 0.000000000000000000, 0.000000000000000000 ) ) ;
#3055 = CARTESIAN_POINT ( 'NONE',  ( 0.000000000000000000, 9.999999999999998224, 0.000000000000000000 ) ) ;
#3056 = CARTESIAN_POINT ( 'NONE',  ( 2.499999999999995559, 4.500000000000000888, -3.294444401457438332 ) ) ;
#3057 = VECTOR ( 'NONE', #6992, 1000.000000000000000 ) ;
#3058 = VECTOR ( 'NONE', #3821, 1000.000000000000000 ) ;
#3059 = ORIENTED_EDGE ( 'NONE', *, *, #4528, .T. ) ;
#3060 = DIRECTION ( 'NONE',  ( -1.000000000000000000, 0.000000000000000000, 2.040851148207998532E-15 ) ) ;
#3061 = EDGE_CURVE ( 'NONE', #563, #8417, #8331, .T. ) ;
#3062 = AXIS2_PLACEMENT_3D ( 'NONE', #1445, #6847, #7547 ) ;
#3063 = AXIS2_PLACEMENT_3D ( 'NONE', #5169, #5257, #8576 ) ;
#3064 = DIRECTION ( 'NONE',  ( 0.000000000000000000, 0.000000000000000000, 1.000000000000000000 ) ) ;
#3065 = CIRCLE ( 'NONE', #4484, 1.000000000000000000 ) ;
#3066 = DIRECTION ( 'NONE',  ( -0.000000000000000000, -1.000000000000000000, -0.000000000000000000 ) ) ;
#3067 = EDGE_CURVE ( 'NONE', #5512, #1451, #1664, .T. ) ;
#3068 = CARTESIAN_POINT ( 'NONE',  ( -0.3499999999999999778, 4.900000000000000355, 5.200000000000001066 ) ) ;
#3069 = CARTESIAN_POINT ( 'NONE',  ( -0.3500000000000000333, 4.500000000000000888, 4.600000000000000533 ) ) ;
#3070 = CARTESIAN_POINT ( 'NONE',  ( 1.046446609406733508, 1.536630573000289699E-16, 5.996446609406728356 ) ) ;
#3071 = ADVANCED_FACE ( 'NONE', ( #991 ), #3695, .T. ) ;
#3072 = EDGE_CURVE ( 'NONE', #897, #8559, #1877, .T. ) ;
#3073 = CARTESIAN_POINT ( 'NONE',  ( 1.199999999999995737, 9.999999999999998224, -5.399999999999999467 ) ) ;
#3074 = CYLINDRICAL_SURFACE ( 'NONE', #4171, 0.4999999999999995559 ) ;
#3075 = ADVANCED_FACE ( 'NONE', ( #553 ), #5845, .F. ) ;
#3076 = VERTEX_POINT ( 'NONE', #7894 ) ;
#3077 = ORIENTED_EDGE ( 'NONE', *, *, #4685, .T. ) ;
#3078 = ORIENTED_EDGE ( 'NONE', *, *, #3992, .T. ) ;
#3079 = CARTESIAN_POINT ( 'NONE',  ( 1.199999999999995737, 9.999999999999998224, -5.399999999999999467 ) ) ;
#3080 = DIRECTION ( 'NONE',  ( -0.2047927057592100475, -0.9237601993560261571, -0.3236155771181854490 ) ) ;
#3081 = DIRECTION ( 'NONE',  ( 2.077294918711725632E-15, -0.000000000000000000, 1.000000000000000000 ) ) ;
#3082 = CARTESIAN_POINT ( 'NONE',  ( -0.9499999999999999556, 4.500000000000000888, -0.5800000000000006262 ) ) ;
#3083 = VERTEX_POINT ( 'NONE', #7978 ) ;
#3084 = LINE ( 'NONE', #4236, #6613 ) ;
#3085 = VECTOR ( 'NONE', #5623, 1000.000000000000000 ) ;
#3086 = SHAPE_REPRESENTATION_RELATIONSHIP ( 'NONE' , 'NONE' ,  #8114, #2515 ) ;
#3087 = ORIENTED_EDGE ( 'NONE', *, *, #694, .F. ) ;
#3088 = EDGE_LOOP ( 'NONE', ( #3537, #502, #2476, #1953 ) ) ;
#3089 = VERTEX_POINT ( 'NONE', #5935 ) ;
#3090 = AXIS2_PLACEMENT_3D ( 'NONE', #3166, #8556, #2506 ) ;
#3091 = FACE_OUTER_BOUND ( 'NONE', #2438, .T. ) ;
#3092 = DIRECTION ( 'NONE',  ( -1.275531967630005492E-16, 0.000000000000000000, -1.000000000000000000 ) ) ;
#3094 = CARTESIAN_POINT ( 'NONE',  ( -4.299999999999996270, 4.500000000000000888, -3.199999999999999289 ) ) ;
#3093 = VECTOR ( 'NONE', #7089, 1000.000000000000000 ) ;
#3095 = DIRECTION ( 'NONE',  ( -0.000000000000000000, -1.000000000000000000, -0.000000000000000000 ) ) ;
#3096 = LINE ( 'NONE', #1857, #6561 ) ;
#3097 = ORIENTED_EDGE ( 'NONE', *, *, #6929, .F. ) ;
#3098 = CONICAL_SURFACE ( 'NONE', #6761, 0.4500000000000001221, 0.7853981633974520538 ) ;
#3099 = ORIENTED_EDGE ( 'NONE', *, *, #375, .F. ) ;
#3100 = ORIENTED_EDGE ( 'NONE', *, *, #2359, .F. ) ;
#3101 = CARTESIAN_POINT ( 'NONE',  ( 2.399999999999980815, 4.900000000000000355, -3.199999999999985967 ) ) ;
#3102 = DIRECTION ( 'NONE',  ( 0.1305261922200516567, -0.9914448613738104932, 0.000000000000000000 ) ) ;
#3103 = DIRECTION ( 'NONE',  ( -0.000000000000000000, -0.000000000000000000, 1.000000000000000000 ) ) ;
#3104 = VECTOR ( 'NONE', #804, 1000.000000000000114 ) ;
#3105 = ORIENTED_EDGE ( 'NONE', *, *, #3648, .T. ) ;
#3106 = CARTESIAN_POINT ( 'NONE',  ( -0.1000000000000026978, 9.699999999999999289, 2.779999999999999361 ) ) ;
#3107 = LINE ( 'NONE', #7175, #3231 ) ;
#3108 = CARTESIAN_POINT ( 'NONE',  ( 4.336808689942017736E-15, 0.2500000000000002220, 6.399999999999998579 ) ) ;
#3109 = CARTESIAN_POINT ( 'NONE',  ( -1.681253862587378967, -2.659841777251799044, 3.419999999999999485 ) ) ;
#3110 = EDGE_CURVE ( 'NONE', #5953, #2055, #3252, .T. ) ;
#3111 = PLANE ( 'NONE',  #6557 ) ;
#3112 = CARTESIAN_POINT ( 'NONE',  ( -0.3199999999999934563, 16.60000000000000142, -1.220000000000000639 ) ) ;
#3113 = CARTESIAN_POINT ( 'NONE',  ( -1.680000000000001048, 9.081817580622701058, 2.779999999999999361 ) ) ;
#3114 = FACE_OUTER_BOUND ( 'NONE', #2892, .T. ) ;
#3115 = EDGE_CURVE ( 'NONE', #1408, #866, #1840, .T. ) ;
#3116 = ADVANCED_FACE ( 'NONE', ( #2629 ), #3873, .F. ) ;
#3117 = EDGE_LOOP ( 'NONE', ( #3192, #6503, #1053, #5611 ) ) ;
#3118 = ORIENTED_EDGE ( 'NONE', *, *, #2836, .T. ) ;
#3119 = VERTEX_POINT ( 'NONE', #1794 ) ;
#3120 = EDGE_CURVE ( 'NONE', #803, #6515, #424, .T. ) ;
#3121 = DIRECTION ( 'NONE',  ( 2.892615177179568581E-16, 1.000000000000000000, 0.000000000000000000 ) ) ;
#3122 = DIRECTION ( 'NONE',  ( 1.000000000000000000, -6.231046968307498093E-18, 0.000000000000000000 ) ) ;
#3123 = DIRECTION ( 'NONE',  ( 0.000000000000000000, 0.000000000000000000, -1.000000000000000000 ) ) ;
#3124 = CARTESIAN_POINT ( 'NONE',  ( 2.399999999999999023, 4.500000000000000888, 3.599999999999998757 ) ) ;
#3125 = ORIENTED_EDGE ( 'NONE', *, *, #2413, .T. ) ;
#3126 = CARTESIAN_POINT ( 'NONE',  ( 1.599999999999996092, 16.60000000000000142, -6.400000000000001243 ) ) ;
#3127 = ORIENTED_EDGE ( 'NONE', *, *, #220, .F. ) ;
#3128 = EDGE_LOOP ( 'NONE', ( #2199, #5097, #7356, #5603 ) ) ;
#3129 = VERTEX_POINT ( 'NONE', #6562 ) ;
#3130 = CLOSED_SHELL ( 'NONE', ( #8504, #1164, #276, #474, #7648, #2141, #1444, #1005, #4778, #5853, #4093, #4809, #6547, #4362 ) ) ;
#3131 = ADVANCED_FACE ( 'NONE', ( #8501 ), #5803, .F. ) ;
#3132 = VERTEX_POINT ( 'NONE', #6609 ) ;
#3133 = CARTESIAN_POINT ( 'NONE',  ( -4.450000000000000178, 0.5000000000000000000, -2.850000000000000089 ) ) ;
#3134 = CARTESIAN_POINT ( 'NONE',  ( 2.399999999999991918, 0.2500000000000002220, -5.699999999999996625 ) ) ;
#3135 = DIRECTION ( 'NONE',  ( 0.000000000000000000, 0.000000000000000000, 1.000000000000000000 ) ) ;
#3136 = UNCERTAINTY_MEASURE_WITH_UNIT (LENGTH_MEASURE( 1.000000000000000082E-05 ), #7903, 'distance_accuracy_value', 'NONE');
#3137 = DIRECTION ( 'NONE',  ( 3.836157981375497286E-15, 0.000000000000000000, 1.000000000000000000 ) ) ;
#3138 = VERTEX_POINT ( 'NONE', #4497 ) ;
#3139 = VERTEX_POINT ( 'NONE', #7189 ) ;
#3140 = VERTEX_POINT ( 'NONE', #590 ) ;
#3141 = FACE_OUTER_BOUND ( 'NONE', #6250, .T. ) ;
#3142 = DIRECTION ( 'NONE',  ( 1.000000000000000000, 2.710505431213765029E-15, -0.000000000000000000 ) ) ;
#3143 = LINE ( 'NONE', #6639, #5317 ) ;
#3144 = EDGE_CURVE ( 'NONE', #7073, #6432, #5323, .T. ) ;
#3145 = ORIENTED_EDGE ( 'NONE', *, *, #8047, .F. ) ;
#3146 = ADVANCED_FACE ( 'NONE', ( #1920 ), #7932, .F. ) ;
#3147 = DIRECTION ( 'NONE',  ( 0.000000000000000000, 0.000000000000000000, 1.000000000000000000 ) ) ;
#3148 = CARTESIAN_POINT ( 'NONE',  ( -1.679999999999993499, 9.699999999999995737, -0.9950000000000002176 ) ) ;
#3149 = CARTESIAN_POINT ( 'NONE',  ( 9.629649721936179265E-32, 14.00000000000000000, -10.69999999999999929 ) ) ;
#3150 = CARTESIAN_POINT ( 'NONE',  ( -0.09999999999999648059, 9.699999999999993960, -1.220000000000000639 ) ) ;
#3151 = CARTESIAN_POINT ( 'NONE',  ( 1.807106781186543332, 9.800000000000000711, -6.192893218813453338 ) ) ;
#3152 = VECTOR ( 'NONE', #8179, 1000.000000000000000 ) ;
#3153 = CARTESIAN_POINT ( 'NONE',  ( 4.336808689942017736E-15, 4.500000000000000888, 5.999999999999995559 ) ) ;
#3154 = CARTESIAN_POINT ( 'NONE',  ( -0.7500000000000000000, 28.50378091196238373, 5.999999999999995559 ) ) ;
#3155 = ORIENTED_EDGE ( 'NONE', *, *, #2192, .T. ) ;
#3156 = ORIENTED_EDGE ( 'NONE', *, *, #3799, .T. ) ;
#3157 = ORIENTED_EDGE ( 'NONE', *, *, #6424, .F. ) ;
#3158 = CIRCLE ( 'NONE', #1745, 0.1999999999999996503 ) ;
#3159 = CARTESIAN_POINT ( 'NONE',  ( 0.3200000000000079448, 9.095554967719976958, -1.220000000000000639 ) ) ;
#3160 = DIRECTION ( 'NONE',  ( 0.000000000000000000, 0.000000000000000000, 1.000000000000000000 ) ) ;
#3161 = FILL_AREA_STYLE ('',( #507 ) ) ;
#3162 = DIRECTION ( 'NONE',  ( 0.4369012962294799296, 0.8392795813073637978, -0.3236155771181855600 ) ) ;
#3163 = FACE_OUTER_BOUND ( 'NONE', #3303, .T. ) ;
#3164 = ORIENTED_EDGE ( 'NONE', *, *, #5211, .T. ) ;
#3165 = VECTOR ( 'NONE', #758, 1000.000000000000000 ) ;
#3166 = CARTESIAN_POINT ( 'NONE',  ( -1.831048351012637410, -3.245831630228678044, 2.779999999999999361 ) ) ;
#3167 = CARTESIAN_POINT ( 'NONE',  ( 2.320000000000004281, 16.60000000000000142, -0.5800000000000006262 ) ) ;
#3168 = ADVANCED_FACE ( 'NONE', ( #7272 ), #8592, .F. ) ;
#3169 = ORIENTED_EDGE ( 'NONE', *, *, #7599, .F. ) ;
#3170 = ORIENTED_EDGE ( 'NONE', *, *, #1685, .T. ) ;
#3171 = EDGE_CURVE ( 'NONE', #7055, #7013, #4664, .T. ) ;
#3172 = AXIS2_PLACEMENT_3D ( 'NONE', #8364, #6287, #7134 ) ;
#3173 = VERTEX_POINT ( 'NONE', #5273 ) ;
#3174 = VECTOR ( 'NONE', #8115, 1000.000000000000000 ) ;
#3175 = DIRECTION ( 'NONE',  ( -0.04464258697085599081, 0.3390941135865693790, 0.9396926207859080948 ) ) ;
#3176 = EDGE_CURVE ( 'NONE', #2961, #8726, #7401, .T. ) ;
#3177 = PLANE ( 'NONE',  #8670 ) ;
#3178 = VECTOR ( 'NONE', #3313, 1000.000000000000000 ) ;
#3179 = PLANE ( 'NONE',  #315 ) ;
#3180 = DIRECTION ( 'NONE',  ( 0.9396926207859084279, 0.3420201433256688239, 0.000000000000000000 ) ) ;
#3181 = EDGE_CURVE ( 'NONE', #4409, #2752, #6518, .T. ) ;
#3182 = ADVANCED_FACE ( 'NONE', ( #1209 ), #5975, .F. ) ;
#3183 = DIRECTION ( 'NONE',  ( 1.000000000000000000, 0.000000000000000000, 0.000000000000000000 ) ) ;
#3184 = ORIENTED_EDGE ( 'NONE', *, *, #5346, .T. ) ;
#3185 = AXIS2_PLACEMENT_3D ( 'NONE', #5372, #2007, #4710 ) ;
#3186 = ORIENTED_EDGE ( 'NONE', *, *, #2837, .F. ) ;
#3187 = EDGE_CURVE ( 'NONE', #6090, #4777, #2547, .T. ) ;
#3188 = VERTEX_POINT ( 'NONE', #6612 ) ;
#3189 = LINE ( 'NONE', #8440, #3239 ) ;
#3190 = CARTESIAN_POINT ( 'NONE',  ( -4.299999999999995381, 12.49999999999999822, 3.600000000000000533 ) ) ;
#3191 = DIRECTION ( 'NONE',  ( 0.000000000000000000, -1.000000000000000000, -0.000000000000000000 ) ) ;
#3192 = ORIENTED_EDGE ( 'NONE', *, *, #725, .T. ) ;
#3193 = VECTOR ( 'NONE', #5174, 1000.000000000000000 ) ;
#3194 = AXIS2_PLACEMENT_3D ( 'NONE', #4227, #2051, #762 ) ;
#3195 = LINE ( 'NONE', #3279, #1205 ) ;
#3196 = AXIS2_PLACEMENT_3D ( 'NONE', #1114, #582, #3908 ) ;
#3197 = CARTESIAN_POINT ( 'NONE',  ( -0.3199999999999935674, 9.095554967719975181, -1.220000000000000639 ) ) ;
#3198 = DIRECTION ( 'NONE',  ( 0.000000000000000000, 0.000000000000000000, -1.000000000000000000 ) ) ;
#3199 = CARTESIAN_POINT ( 'NONE',  ( -4.899999999999996803, 1.000000000000000000, -0.3999999999999998002 ) ) ;
#3200 = LINE ( 'NONE', #4491, #3058 ) ;
#3201 = PLANE ( 'NONE',  #6332 ) ;
#3202 = CIRCLE ( 'NONE', #8134, 0.8299999999999999600 ) ;
#3203 = CARTESIAN_POINT ( 'NONE',  ( -2.399999999999996358, 28.50378091196238373, 3.600000000000000533 ) ) ;
#3204 = AXIS2_PLACEMENT_3D ( 'NONE', #5781, #5032, #4418 ) ;
#3205 = ORIENTED_EDGE ( 'NONE', *, *, #8598, .F. ) ;
#3206 = ORIENTED_EDGE ( 'NONE', *, *, #1334, .F. ) ;
#3207 = ORIENTED_EDGE ( 'NONE', *, *, #1601, .T. ) ;
#3208 = CARTESIAN_POINT ( 'NONE',  ( 2.399999999999996358, 4.900000000000000355, 3.600000000000000533 ) ) ;
#3209 = LINE ( 'NONE', #5324, #831 ) ;
#3210 = CARTESIAN_POINT ( 'NONE',  ( -1.149999999999999911, 16.60000000000000142, 6.100000000000000533 ) ) ;
#3211 = FACE_OUTER_BOUND ( 'NONE', #5069, .T. ) ;
#3212 = DIRECTION ( 'NONE',  ( 0.000000000000000000, 0.000000000000000000, 1.000000000000000000 ) ) ;
#3213 = ORIENTED_EDGE ( 'NONE', *, *, #2911, .F. ) ;
#3214 = LINE ( 'NONE', #7281, #6182 ) ;
#3215 = LINE ( 'NONE', #8690, #1083 ) ;
#3216 = VECTOR ( 'NONE', #4187, 1000.000000000000000 ) ;
#3217 =( NAMED_UNIT ( * ) SI_UNIT ( $, .STERADIAN. ) SOLID_ANGLE_UNIT ( ) );
#3218 = ORIENTED_EDGE ( 'NONE', *, *, #5359, .T. ) ;
#3219 = ORIENTED_EDGE ( 'NONE', *, *, #6099, .F. ) ;
#3220 = ORIENTED_EDGE ( 'NONE', *, *, #903, .T. ) ;
#3221 = VERTEX_POINT ( 'NONE', #5280 ) ;
#3222 = DIRECTION ( 'NONE',  ( 0.000000000000000000, 0.000000000000000000, 1.000000000000000000 ) ) ;
#3223 = DIRECTION ( 'NONE',  ( 1.000000000000000000, 0.000000000000000000, -0.000000000000000000 ) ) ;
#3224 = ADVANCED_FACE ( 'NONE', ( #7936 ), #5849, .F. ) ;
#3225 = LINE ( 'NONE', #6494, #5739 ) ;
#3226 = DIRECTION ( 'NONE',  ( 1.000000000000000000, 0.000000000000000000, 0.000000000000000000 ) ) ;
#3227 = VECTOR ( 'NONE', #1036, 1000.000000000000114 ) ;
#3228 = EDGE_CURVE ( 'NONE', #909, #3813, #7963, .T. ) ;
#3229 = ORIENTED_EDGE ( 'NONE', *, *, #5968, .T. ) ;
#3230 = ORIENTED_EDGE ( 'NONE', *, *, #3018, .T. ) ;
#3231 = VECTOR ( 'NONE', #492, 1000.000000000000000 ) ;
#3232 = ORIENTED_EDGE ( 'NONE', *, *, #3447, .T. ) ;
#3233 = CARTESIAN_POINT ( 'NONE',  ( 1.831048351012643849, -3.245831630228683817, -0.9949999999999993294 ) ) ;
#3234 = LINE ( 'NONE', #5955, #2161 ) ;
#3235 = EDGE_CURVE ( 'NONE', #7765, #249, #4501, .T. ) ;
#3236 = DIRECTION ( 'NONE',  ( -5.500731610404397960E-16, -0.000000000000000000, -1.000000000000000000 ) ) ;
#3237 = VECTOR ( 'NONE', #3690, 1000.000000000000000 ) ;
#3238 = ORIENTED_EDGE ( 'NONE', *, *, #2061, .T. ) ;
#3239 = VECTOR ( 'NONE', #5872, 1000.000000000000000 ) ;
#3240 = CARTESIAN_POINT ( 'NONE',  ( -4.899999999999996803, 12.49999999999999822, 1.200000000000000622 ) ) ;
#3241 = VERTEX_POINT ( 'NONE', #8505 ) ;
#3242 = CARTESIAN_POINT ( 'NONE',  ( -2.399999999999996358, 0.2500000000000002220, -3.199999999999999289 ) ) ;
#3243 =( GEOMETRIC_REPRESENTATION_CONTEXT ( 3 ) GLOBAL_UNCERTAINTY_ASSIGNED_CONTEXT ( ( #1096 ) ) GLOBAL_UNIT_ASSIGNED_CONTEXT ( ( #6763, #572, #2021 ) ) REPRESENTATION_CONTEXT ( 'NONE', 'WORKASPACE' ) );
#3244 = CARTESIAN_POINT ( 'NONE',  ( -2.999999999999996003, 4.900000000000000355, -3.294444401457438332 ) ) ;
#3245 = DIRECTION ( 'NONE',  ( 0.000000000000000000, 0.000000000000000000, -1.000000000000000000 ) ) ;
#3246 = PLANE ( 'NONE',  #6447 ) ;
#3247 = AXIS2_PLACEMENT_3D ( 'NONE', #1171, #5772, #3880 ) ;
#3248 = DIRECTION ( 'NONE',  ( -0.3502073812594685975, 0.9366721892483971246, 0.000000000000000000 ) ) ;
#3249 = DIRECTION ( 'NONE',  ( 1.000000000000000000, -2.492418787322999237E-16, 0.000000000000000000 ) ) ;
#3250 = EDGE_LOOP ( 'NONE', ( #7890, #8558, #1027, #2231, #1671, #2919, #8059, #2658 ) ) ;
#3251 = ORIENTED_EDGE ( 'NONE', *, *, #4593, .F. ) ;
#3252 = LINE ( 'NONE', #2501, #1756 ) ;
#3253 = FACE_OUTER_BOUND ( 'NONE', #2321, .T. ) ;
#3254 = CARTESIAN_POINT ( 'NONE',  ( -4.899999999999996803, 1.000000000000000000, 2.599999999999998757 ) ) ;
#3255 = DIRECTION ( 'NONE',  ( 0.000000000000000000, 0.000000000000000000, -1.000000000000000000 ) ) ;
#3256 = PLANE ( 'NONE',  #1898 ) ;
#3257 = ORIENTED_EDGE ( 'NONE', *, *, #5964, .F. ) ;
#3258 = EDGE_CURVE ( 'NONE', #455, #681, #7277, .T. ) ;
#3259 = CARTESIAN_POINT ( 'NONE',  ( -4.899999999999996803, 1.000000000000000000, 3.600000000000000533 ) ) ;
#3260 = LINE ( 'NONE', #5240, #8561 ) ;
#3261 = EDGE_CURVE ( 'NONE', #2296, #7240, #6982, .T. ) ;
#3262 = VERTEX_POINT ( 'NONE', #5806 ) ;
#3263 = ORIENTED_EDGE ( 'NONE', *, *, #5859, .F. ) ;
#3264 = ORIENTED_EDGE ( 'NONE', *, *, #7310, .F. ) ;
#3265 = DIRECTION ( 'NONE',  ( 1.000000000000000000, -0.000000000000000000, -6.776263578034403699E-16 ) ) ;
#3266 = CARTESIAN_POINT ( 'NONE',  ( -0.9499999999999999556, 4.500000000000000888, 5.699999999999999289 ) ) ;
#3267 = CARTESIAN_POINT ( 'NONE',  ( -2.465355113990835549E-14, 9.095554967719982287, 2.779999999999999361 ) ) ;
#3268 = CARTESIAN_POINT ( 'NONE',  ( -2.399999999999995914, 4.500000000000000888, 5.500000000000000888 ) ) ;
#3269 = CARTESIAN_POINT ( 'NONE',  ( -2.399999999999995914, 16.60000000000000142, 6.099999999999999645 ) ) ;
#3270 = VERTEX_POINT ( 'NONE', #1214 ) ;
#3271 = EDGE_CURVE ( 'NONE', #2239, #2273, #8596, .T. ) ;
#3272 = ORIENTED_EDGE ( 'NONE', *, *, #1557, .F. ) ;
#3273 = LINE ( 'NONE', #1238, #1830 ) ;
#3274 = CARTESIAN_POINT ( 'NONE',  ( -1.599999999999996314, 14.49999999999999822, 1.200000000000000178 ) ) ;
#3275 = CARTESIAN_POINT ( 'NONE',  ( -0.3500000000000000333, 16.19999999999999929, 4.600000000000000533 ) ) ;
#3276 = ADVANCED_FACE ( 'NONE', ( #1034 ), #8638, .F. ) ;
#3277 = ADVANCED_FACE ( 'NONE', ( #4449 ), #3256, .F. ) ;
#3278 = ORIENTED_EDGE ( 'NONE', *, *, #7057, .T. ) ;
#3279 = CARTESIAN_POINT ( 'NONE',  ( -2.319999999999999396, -0.4992691472256616803, 2.779999999999999361 ) ) ;
#3280 = EDGE_CURVE ( 'NONE', #3270, #686, #7898, .T. ) ;
#3281 = EDGE_CURVE ( 'NONE', #250, #2990, #2504, .T. ) ;
#3282 = DIRECTION ( 'NONE',  ( -1.000000000000000000, 0.000000000000000000, 0.000000000000000000 ) ) ;
#3283 = DIRECTION ( 'NONE',  ( -3.237977472417975694E-15, 0.000000000000000000, -1.000000000000000000 ) ) ;
#3284 = DIRECTION ( 'NONE',  ( 0.3502073812594687086, -0.9366721892483971246, 0.000000000000000000 ) ) ;
#3285 = EDGE_CURVE ( 'NONE', #2310, #4422, #2456, .T. ) ;
#3286 = CARTESIAN_POINT ( 'NONE',  ( 1.680000000000006599, 16.60000000000000142, -1.220000000000000639 ) ) ;
#3287 = CARTESIAN_POINT ( 'NONE',  ( 2.369999999999996554, 16.60000000000000142, -6.400000000000002132 ) ) ;
#3288 = CIRCLE ( 'NONE', #24, 0.5000000000000000000 ) ;
#3289 = CARTESIAN_POINT ( 'NONE',  ( 2.399999999999994138, 11.00000000000000000, -3.200000000000001066 ) ) ;
#3290 = ADVANCED_FACE ( 'NONE', ( #7103 ), #1882, .T. ) ;
#3291 = VERTEX_POINT ( 'NONE', #5147 ) ;
#3292 = EDGE_LOOP ( 'NONE', ( #7488, #4856, #5504, #2976 ) ) ;
#3293 = ADVANCED_FACE ( 'NONE', ( #5102 ), #1799, .F. ) ;
#3294 = DIRECTION ( 'NONE',  ( 0.000000000000000000, -1.000000000000000000, -0.000000000000000000 ) ) ;
#3295 = DIRECTION ( 'NONE',  ( 0.000000000000000000, 0.000000000000000000, -1.000000000000000000 ) ) ;
#3296 = CARTESIAN_POINT ( 'NONE',  ( 2.599999999999982769, 16.40000000000000213, -4.179795897113279146 ) ) ;
#3297 = CIRCLE ( 'NONE', #6106, 0.2999999999999999334 ) ;
#3298 = LINE ( 'NONE', #6654, #1902 ) ;
#3299 = LINE ( 'NONE', #4095, #3165 ) ;
#3300 = ORIENTED_EDGE ( 'NONE', *, *, #2708, .T. ) ;
#3301 = PLANE ( 'NONE',  #8176 ) ;
#3302 = CARTESIAN_POINT ( 'NONE',  ( 4.300000000000010481, 4.500000000000000888, 3.599999999999984102 ) ) ;
#3303 = EDGE_LOOP ( 'NONE', ( #1416, #6311, #1310, #6656 ) ) ;
#3304 = ORIENTED_EDGE ( 'NONE', *, *, #8522, .F. ) ;
#3305 = ORIENTED_EDGE ( 'NONE', *, *, #2911, .T. ) ;
#3306 = VECTOR ( 'NONE', #1986, 1000.000000000000114 ) ;
#3307 = LINE ( 'NONE', #7668, #3494 ) ;
#3308 = DIRECTION ( 'NONE',  ( -1.000000000000000000, 0.000000000000000000, -0.000000000000000000 ) ) ;
#3309 = DIRECTION ( 'NONE',  ( -1.000000000000000000, 0.000000000000000000, 0.000000000000000000 ) ) ;
#3310 = DIRECTION ( 'NONE',  ( 0.000000000000000000, -1.000000000000000000, 0.000000000000000000 ) ) ;
#3311 = VECTOR ( 'NONE', #5236, 1000.000000000000114 ) ;
#3312 = PRODUCT_DEFINITION_CONTEXT ( 'detailed design', #8016, 'design' ) ;
#3313 = DIRECTION ( 'NONE',  ( 0.000000000000000000, 0.000000000000000000, 1.000000000000000000 ) ) ;
#3314 = VECTOR ( 'NONE', #3294, 1000.000000000000000 ) ;
#3315 = VECTOR ( 'NONE', #1398, 999.9999999999998863 ) ;
#3316 = ORIENTED_EDGE ( 'NONE', *, *, #6685, .T. ) ;
#3317 = DIRECTION ( 'NONE',  ( -0.9762960071199331402, 0.2164396139381038475, 0.000000000000000000 ) ) ;
#3318 = CARTESIAN_POINT ( 'NONE',  ( -2.319999999999995843, 9.081817580622699282, -1.220000000000000639 ) ) ;
#3319 = SHAPE_REPRESENTATION ( 'Pins^BxxB-JWPF-SK-R(LF)(SN)', ( #7976 ), #1767 ) ;
#3320 = ORIENTED_EDGE ( 'NONE', *, *, #2840, .T. ) ;
#3321 = CARTESIAN_POINT ( 'NONE',  ( -2.599999999999999201, 16.33323610117167135, -4.315505004831490687 ) ) ;
#3322 = ORIENTED_EDGE ( 'NONE', *, *, #4260, .F. ) ;
#3323 = DIRECTION ( 'NONE',  ( 0.2047927057592100475, 0.9237601993560261571, -0.3236155771181854490 ) ) ;
#3324 = FACE_BOUND ( 'NONE', #3896, .T. ) ;
#3325 = AXIS2_PLACEMENT_3D ( 'NONE', #5748, #4345, #7042 ) ;
#3326 = CIRCLE ( 'NONE', #5574, 1.899999999999999689 ) ;
#3327 = DIRECTION ( 'NONE',  ( -3.811648262644353104E-15, 0.000000000000000000, 1.000000000000000000 ) ) ;
#3328 = ADVANCED_FACE ( 'NONE', ( #3163 ), #8554, .F. ) ;
#3329 = DIRECTION ( 'NONE',  ( -1.000000000000000000, 0.000000000000000000, 0.000000000000000000 ) ) ;
#3330 = LINE ( 'NONE', #8057, #358 ) ;
#3331 = VECTOR ( 'NONE', #7745, 999.9999999999998863 ) ;
#3332 = VECTOR ( 'NONE', #5881, 1000.000000000000000 ) ;
#3333 = ORIENTED_EDGE ( 'NONE', *, *, #390, .T. ) ;
#3334 = ORIENTED_EDGE ( 'NONE', *, *, #27, .F. ) ;
#3335 = ADVANCED_FACE ( 'NONE', ( #3466 ), #8152, .F. ) ;
#3336 = DIRECTION ( 'NONE',  ( 0.3236155771181846164, -0.8891264907159880382, -0.3236155771181854490 ) ) ;
#3337 = PLANE ( 'NONE',  #7614 ) ;
#3338 = DIRECTION ( 'NONE',  ( -1.000000000000000000, 6.776263578034402713E-16, 0.000000000000000000 ) ) ;
#3339 = CARTESIAN_POINT ( 'NONE',  ( -2.319999999999991402, 16.60000000000000142, -0.5800000000000006262 ) ) ;
#3340 = EDGE_CURVE ( 'NONE', #5800, #7624, #6028, .T. ) ;
#3341 = AXIS2_PLACEMENT_3D ( 'NONE', #6361, #1630, #4334 ) ;
#3342 = DIRECTION ( 'NONE',  ( -7.228014483236697541E-16, 0.000000000000000000, -1.000000000000000000 ) ) ;
#3343 = VECTOR ( 'NONE', #6744, 1000.000000000000000 ) ;
#3344 = ORIENTED_EDGE ( 'NONE', *, *, #5111, .F. ) ;
#3345 = LINE ( 'NONE', #2005, #3941 ) ;
#3346 = EDGE_CURVE ( 'NONE', #814, #1545, #8723, .T. ) ;
#3347 = FACE_OUTER_BOUND ( 'NONE', #2010, .T. ) ;
#3348 = DIRECTION ( 'NONE',  ( 0.000000000000000000, 0.000000000000000000, 1.000000000000000000 ) ) ;
#3349 = EDGE_LOOP ( 'NONE', ( #1774, #5015, #7943, #5973 ) ) ;
#3350 = ORIENTED_EDGE ( 'NONE', *, *, #1405, .F. ) ;
#3351 = ORIENTED_EDGE ( 'NONE', *, *, #6074, .F. ) ;
#3352 = VECTOR ( 'NONE', #8067, 1000.000000000000000 ) ;
#3353 = CIRCLE ( 'NONE', #5602, 0.2500000000000002220 ) ;
#3354 = LINE ( 'NONE', #3428, #360 ) ;
#3355 = DIRECTION ( 'NONE',  ( 1.000000000000000000, 0.000000000000000000, 0.000000000000000000 ) ) ;
#3356 = DIRECTION ( 'NONE',  ( -1.000000000000000000, 6.776263578034402713E-16, 0.000000000000000000 ) ) ;
#3357 = CARTESIAN_POINT ( 'NONE',  ( -2.599999999999999201, 11.00000000000000000, -5.089444362769117269 ) ) ;
#3358 = DIRECTION ( 'NONE',  ( -0.9063077870366477162, 0.000000000000000000, 0.4226182617407041597 ) ) ;
#3359 = ORIENTED_EDGE ( 'NONE', *, *, #6254, .F. ) ;
#3360 = CARTESIAN_POINT ( 'NONE',  ( 2.535381069091578343, -1.075331984002933616, 2.779999999999999361 ) ) ;
#3361 = DIRECTION ( 'NONE',  ( -3.880302512053385121E-15, 0.000000000000000000, -1.000000000000000000 ) ) ;
#3362 = ORIENTED_EDGE ( 'NONE', *, *, #2391, .T. ) ;
#3363 = PLANE ( 'NONE',  #1631 ) ;
#3364 = ORIENTED_EDGE ( 'NONE', *, *, #4204, .F. ) ;
#3365 = AXIS2_PLACEMENT_3D ( 'NONE', #7045, #2971, #6284 ) ;
#3366 = ORIENTED_EDGE ( 'NONE', *, *, #5768, .T. ) ;
#3367 = LINE ( 'NONE', #6812, #1387 ) ;
#3368 = CIRCLE ( 'NONE', #2526, 0.4499999999999999001 ) ;
#3369 = LINE ( 'NONE', #5357, #1780 ) ;
#3370 = FACE_OUTER_BOUND ( 'NONE', #7768, .T. ) ;
#3371 = DIRECTION ( 'NONE',  ( 0.000000000000000000, 0.000000000000000000, -1.000000000000000000 ) ) ;
#3372 = DIRECTION ( 'NONE',  ( 1.694065894508601270E-15, -0.000000000000000000, 1.000000000000000000 ) ) ;
#3373 = VERTEX_POINT ( 'NONE', #53 ) ;
#3374 = COLOUR_RGB ( '',0.7921568627450980005, 0.8196078431372548767, 0.9333333333333333481 ) ;
#3375 = EDGE_CURVE ( 'NONE', #2115, #5612, #3445, .T. ) ;
#3376 = DIRECTION ( 'NONE',  ( -1.000000000000000000, 0.000000000000000000, 0.000000000000000000 ) ) ;
#3377 = DIRECTION ( 'NONE',  ( -0.000000000000000000, -1.000000000000000000, -0.000000000000000000 ) ) ;
#3378 = DIRECTION ( 'NONE',  ( 2.317618640171841346E-16, 0.3420201433256696566, 0.9396926207859080948 ) ) ;
#3379 = LINE ( 'NONE', #3465, #1189 ) ;
#3380 = PLANE ( 'NONE',  #7298 ) ;
#3381 = EDGE_CURVE ( 'NONE', #4196, #630, #5702, .T. ) ;
#3382 = VERTEX_POINT ( 'NONE', #5368 ) ;
#3383 = ADVANCED_FACE ( 'NONE', ( #4628 ), #6784, .F. ) ;
#3384 = VECTOR ( 'NONE', #6781, 1000.000000000000000 ) ;
#3385 = PLANE ( 'NONE',  #6474 ) ;
#3386 = LINE ( 'NONE', #6031, #7857 ) ;
#3387 = SURFACE_STYLE_USAGE ( .BOTH. , #1555 ) ;
#3388 = ORIENTED_EDGE ( 'NONE', *, *, #1271, .F. ) ;
#3389 = ORIENTED_EDGE ( 'NONE', *, *, #5330, .F. ) ;
#3390 = ADVANCED_FACE ( 'NONE', ( #2003 ), #4749, .T. ) ;
#3391 = EDGE_LOOP ( 'NONE', ( #6964, #4135, #1626, #7516, #1207, #7418 ) ) ;
#3392 = CARTESIAN_POINT ( 'NONE',  ( 3.400000000000010569, 28.50378091196238373, 3.599999999999988098 ) ) ;
#3393 = CARTESIAN_POINT ( 'NONE',  ( 0.3200000000000080558, 16.60000000000000142, -1.220000000000000639 ) ) ;
#3394 = DIRECTION ( 'NONE',  ( 0.000000000000000000, -1.000000000000000000, 0.000000000000000000 ) ) ;
#3395 = CARTESIAN_POINT ( 'NONE',  ( 3.399999999999995914, 4.900000000000000355, -3.199999999999999289 ) ) ;
#3396 = CARTESIAN_POINT ( 'NONE',  ( -2.599999999999999201, 11.00000000000000000, -5.699999999999999289 ) ) ;
#3397 = DIRECTION ( 'NONE',  ( -0.9914448613738103822, 0.1305261922200516844, 0.000000000000000000 ) ) ;
#3398 = ORIENTED_EDGE ( 'NONE', *, *, #8039, .F. ) ;
#3399 = EDGE_CURVE ( 'NONE', #7778, #2239, #7441, .T. ) ;
#3400 = ORIENTED_EDGE ( 'NONE', *, *, #4598, .F. ) ;
#3401 = LINE ( 'NONE', #4024, #3801 ) ;
#3402 = CARTESIAN_POINT ( 'NONE',  ( -4.649999999999995914, 0.000000000000000000, -1.996887112585068902 ) ) ;
#3403 = VERTEX_POINT ( 'NONE', #2095 ) ;
#3404 = FACE_OUTER_BOUND ( 'NONE', #2449, .T. ) ;
#3405 = EDGE_LOOP ( 'NONE', ( #3782, #3238, #6514, #165 ) ) ;
#3406 = ORIENTED_EDGE ( 'NONE', *, *, #4033, .F. ) ;
#3407 = CARTESIAN_POINT ( 'NONE',  ( 2.399999999999992806, 4.500000000000000888, -5.100000000000000533 ) ) ;
#3408 = EDGE_CURVE ( 'NONE', #4777, #7664, #8101, .T. ) ;
#3409 = CARTESIAN_POINT ( 'NONE',  ( 2.399999999999984368, 28.50378091196238373, -3.200000000000008171 ) ) ;
#3410 = DIRECTION ( 'NONE',  ( -1.275531967630005245E-16, 0.000000000000000000, 1.000000000000000000 ) ) ;
#3411 = EDGE_CURVE ( 'NONE', #5399, #6608, #2714, .T. ) ;
#3412 = ORIENTED_EDGE ( 'NONE', *, *, #4469, .F. ) ;
#3413 = DIRECTION ( 'NONE',  ( 0.000000000000000000, -1.000000000000000000, 0.000000000000000000 ) ) ;
#3414 = CARTESIAN_POINT ( 'NONE',  ( 4.899999999999995026, 16.60000000000000142, -3.200000000000002398 ) ) ;
#3415 = EDGE_LOOP ( 'NONE', ( #2718, #1013, #7709, #3704 ) ) ;
#3416 = DIRECTION ( 'NONE',  ( 1.000000000000000000, 0.000000000000000000, 0.000000000000000000 ) ) ;
#3417 = DIRECTION ( 'NONE',  ( 1.000000000000000000, -2.492418787322999237E-16, 0.000000000000000000 ) ) ;
#3418 = CARTESIAN_POINT ( 'NONE',  ( 0.9500000000000037303, 4.500000000000000888, 5.499999999999999112 ) ) ;
#3419 = CARTESIAN_POINT ( 'NONE',  ( 0.3081567944582223606, -2.340683238870195915, -1.220000000000000639 ) ) ;
#3420 = VECTOR ( 'NONE', #8270, 1000.000000000000000 ) ;
#3421 = DIRECTION ( 'NONE',  ( 1.694065894508601270E-15, 0.000000000000000000, 1.000000000000000000 ) ) ;
#3422 = ORIENTED_EDGE ( 'NONE', *, *, #3110, .T. ) ;
#3423 = CARTESIAN_POINT ( 'NONE',  ( 2.999999999999993783, 4.500000000000000888, 3.700000000000000622 ) ) ;
#3424 = DIRECTION ( 'NONE',  ( 0.000000000000000000, 0.000000000000000000, -1.000000000000000000 ) ) ;
#3425 = ORIENTED_EDGE ( 'NONE', *, *, #7289, .T. ) ;
#3426 = VERTEX_POINT ( 'NONE', #2803 ) ;
#3427 = ORIENTED_EDGE ( 'NONE', *, *, #6638, .F. ) ;
#3428 = CARTESIAN_POINT ( 'NONE',  ( -0.2864873466388714318, 9.187630226095693686, 2.813512653361128102 ) ) ;
#3429 = DIRECTION ( 'NONE',  ( 6.776263578034403699E-16, 0.000000000000000000, 1.000000000000000000 ) ) ;
#3430 = CYLINDRICAL_SURFACE ( 'NONE', #6811, 0.2500000000000002220 ) ;
#3431 = AXIS2_PLACEMENT_3D ( 'NONE', #6653, #3378, #3338 ) ;
#3432 = CARTESIAN_POINT ( 'NONE',  ( -4.450000000000000178, -1.000000000000001554, -2.400000000000000355 ) ) ;
#3433 = EDGE_CURVE ( 'NONE', #2097, #2120, #4006, .T. ) ;
#3434 = VECTOR ( 'NONE', #6023, 1000.000000000000000 ) ;
#3435 = CARTESIAN_POINT ( 'NONE',  ( 4.299999999999998046, 14.49999999999999822, 3.599999999999997424 ) ) ;
#3436 = ORIENTED_EDGE ( 'NONE', *, *, #5426, .T. ) ;
#3437 = EDGE_CURVE ( 'NONE', #5953, #7586, #3299, .T. ) ;
#3438 = ORIENTED_EDGE ( 'NONE', *, *, #128, .T. ) ;
#3439 = LINE ( 'NONE', #1901, #4089 ) ;
#3440 = CARTESIAN_POINT ( 'NONE',  ( -2.399999999999996358, 4.500000000000000888, 3.600000000000000533 ) ) ;
#3441 = EDGE_CURVE ( 'NONE', #5110, #2115, #6655, .T. ) ;
#3442 = EDGE_CURVE ( 'NONE', #4441, #7666, #8664, .T. ) ;
#3443 = ORIENTED_EDGE ( 'NONE', *, *, #8076, .T. ) ;
#3444 = LINE ( 'NONE', #6137, #8136 ) ;
#3445 = CIRCLE ( 'NONE', #4584, 0.8299999999999999600 ) ;
#3446 = CARTESIAN_POINT ( 'NONE',  ( -0.3199999999999998956, 16.60000000000000142, 3.419999999999999485 ) ) ;
#3447 = EDGE_CURVE ( 'NONE', #8472, #2029, #2635, .T. ) ;
#3448 = ORIENTED_EDGE ( 'NONE', *, *, #375, .T. ) ;
#3449 = EDGE_LOOP ( 'NONE', ( #2844, #3734, #703, #3467 ) ) ;
#3450 = VECTOR ( 'NONE', #2132, 1000.000000000000000 ) ;
#3451 = DIRECTION ( 'NONE',  ( 0.1305261922200516844, 0.9914448613738103822, 0.000000000000000000 ) ) ;
#3452 = VECTOR ( 'NONE', #4797, 1000.000000000000000 ) ;
#3453 = DIRECTION ( 'NONE',  ( -0.000000000000000000, -1.000000000000000000, -0.000000000000000000 ) ) ;
#3454 = CARTESIAN_POINT ( 'NONE',  ( 1.199999999999978639, 11.00000000000000000, -5.400000000000003020 ) ) ;
#3455 = AXIS2_PLACEMENT_3D ( 'NONE', #4975, #2242, #248 ) ;
#3456 = VERTEX_POINT ( 'NONE', #5327 ) ;
#3457 = CARTESIAN_POINT ( 'NONE',  ( -2.370000000000000551, 10.30000000000000249, -5.570000000000000284 ) ) ;
#3458 = DIRECTION ( 'NONE',  ( 1.275531967630005739E-16, -0.000000000000000000, 1.000000000000000000 ) ) ;
#3459 = ORIENTED_EDGE ( 'NONE', *, *, #8514, .T. ) ;
#3460 = STYLED_ITEM ( 'NONE', ( #845 ), #1554 ) ;
#3461 = CARTESIAN_POINT ( 'NONE',  ( 0.3200000000000056133, 16.60000000000000142, -0.5800000000000006262 ) ) ;
#3462 = CARTESIAN_POINT ( 'NONE',  ( -2.319999999999991402, 1.000000000000004441, -0.5800000000000006262 ) ) ;
#3463 = DIRECTION ( 'NONE',  ( -0.000000000000000000, 1.000000000000000000, -0.000000000000000000 ) ) ;
#3464 = MECHANICAL_DESIGN_GEOMETRIC_PRESENTATION_REPRESENTATION (  '', ( #2339 ), #1912 ) ;
#3465 = CARTESIAN_POINT ( 'NONE',  ( 1.831048351012643849, -3.245831630228683817, -1.220000000000000639 ) ) ;
#3466 = FACE_OUTER_BOUND ( 'NONE', #2263, .T. ) ;
#3467 = ORIENTED_EDGE ( 'NONE', *, *, #2026, .F. ) ;
#3468 = DIRECTION ( 'NONE',  ( -6.847592668329503038E-16, 0.000000000000000000, -1.000000000000000000 ) ) ;
#3469 = VECTOR ( 'NONE', #8052, 1000.000000000000000 ) ;
#3470 = CIRCLE ( 'NONE', #8403, 1.899999999999999245 ) ;
#3471 = DIRECTION ( 'NONE',  ( -0.000000000000000000, 0.000000000000000000, -1.000000000000000000 ) ) ;
#3472 = ORIENTED_EDGE ( 'NONE', *, *, #7201, .T. ) ;
#3473 = ORIENTED_EDGE ( 'NONE', *, *, #3381, .T. ) ;
#3474 = EDGE_LOOP ( 'NONE', ( #6184, #7807, #238, #3300 ) ) ;
#3475 = LINE ( 'NONE', #8201, #4163 ) ;
#3476 = VECTOR ( 'NONE', #277, 1000.000000000000114 ) ;
#3477 = CARTESIAN_POINT ( 'NONE',  ( 1.599999999999997202, 12.49999999999999822, 1.199999999999999067 ) ) ;
#3478 = DIRECTION ( 'NONE',  ( -0.9914448613738103822, 0.1305261922200516844, 0.000000000000000000 ) ) ;
#3479 = DIRECTION ( 'NONE',  ( -1.000000000000000000, 6.776263578034402713E-16, 0.000000000000000000 ) ) ;
#3480 = DIRECTION ( 'NONE',  ( 0.000000000000000000, 0.000000000000000000, -1.000000000000000000 ) ) ;
#3481 = VECTOR ( 'NONE', #4638, 1000.000000000000114 ) ;
#3482 = VECTOR ( 'NONE', #6502, 1000.000000000000000 ) ;
#3483 = CARTESIAN_POINT ( 'NONE',  ( -0.3199999999999934563, 4.500000000000000888, 5.699999999999999289 ) ) ;
#3484 = ORIENTED_EDGE ( 'NONE', *, *, #3659, .F. ) ;
#3485 = ORIENTED_EDGE ( 'NONE', *, *, #6813, .T. ) ;
#3486 = EDGE_CURVE ( 'NONE', #3505, #4239, #1339, .T. ) ;
#3487 = DIRECTION ( 'NONE',  ( 1.275531967630005245E-16, 0.000000000000000000, 1.000000000000000000 ) ) ;
#3488 = APPLICATION_CONTEXT ( 'automotive_design' ) ;
#3489 = DIRECTION ( 'NONE',  ( 0.000000000000000000, 1.000000000000000000, 0.000000000000000000 ) ) ;
#3490 = ADVANCED_FACE ( 'NONE', ( #679 ), #3380, .F. ) ;
#3491 = ADVANCED_FACE ( 'NONE', ( #6205 ), #7573, .F. ) ;
#3492 = CARTESIAN_POINT ( 'NONE',  ( -0.9499999999999999556, 16.60000000000000142, 5.500000000000000000 ) ) ;
#3493 = EDGE_LOOP ( 'NONE', ( #4804, #3334, #6270, #1552 ) ) ;
#3494 = VECTOR ( 'NONE', #860, 1000.000000000000114 ) ;
#3495 = ORIENTED_EDGE ( 'NONE', *, *, #4634, .T. ) ;
#3496 = ORIENTED_EDGE ( 'NONE', *, *, #2188, .F. ) ;
#3497 = EDGE_CURVE ( 'NONE', #5259, #803, #5670, .T. ) ;
#3498 = EDGE_CURVE ( 'NONE', #1219, #1123, #6244, .T. ) ;
#3499 = LINE ( 'NONE', #3628, #406 ) ;
#3500 = LINE ( 'NONE', #4035, #5867 ) ;
#3501 = DIRECTION ( 'NONE',  ( -0.000000000000000000, -1.000000000000000000, 0.000000000000000000 ) ) ;
#3502 = ORIENTED_EDGE ( 'NONE', *, *, #4110, .T. ) ;
#3503 = LINE ( 'NONE', #5526, #3508 ) ;
#3504 = LINE ( 'NONE', #6734, #1916 ) ;
#3505 = VERTEX_POINT ( 'NONE', #8365 ) ;
#3506 = VECTOR ( 'NONE', #7149, 1000.000000000000000 ) ;
#3507 = EDGE_CURVE ( 'NONE', #6305, #6378, #7050, .T. ) ;
#3508 = VECTOR ( 'NONE', #2126, 1000.000000000000000 ) ;
#3509 = DIRECTION ( 'NONE',  ( 0.000000000000000000, -1.000000000000000000, 0.000000000000000000 ) ) ;
#3510 = PLANE ( 'NONE',  #2861 ) ;
#3511 = LINE ( 'NONE', #757, #4154 ) ;
#3512 = DIRECTION ( 'NONE',  ( -0.9914448613738103822, 0.1305261922200516844, 0.000000000000000000 ) ) ;
#3513 = ORIENTED_EDGE ( 'NONE', *, *, #5663, .F. ) ;
#3514 = CARTESIAN_POINT ( 'NONE',  ( -2.168404344971008868E-16, 4.900000000000000355, -3.794444401457435223 ) ) ;
#3515 = CARTESIAN_POINT ( 'NONE',  ( -2.399999999999996358, 4.500000000000000888, -3.199999999999999289 ) ) ;
#3516 = AXIS2_PLACEMENT_3D ( 'NONE', #2922, #4859, #5614 ) ;
#3517 = ORIENTED_EDGE ( 'NONE', *, *, #8464, .T. ) ;
#3518 = VERTEX_POINT ( 'NONE', #1468 ) ;
#3519 = ORIENTED_EDGE ( 'NONE', *, *, #2531, .F. ) ;
#3520 = LINE ( 'NONE', #766, #3174 ) ;
#3521 = DIRECTION ( 'NONE',  ( 0.000000000000000000, 0.000000000000000000, -1.000000000000000000 ) ) ;
#3522 = DIRECTION ( 'NONE',  ( 1.084202172485503448E-16, 0.000000000000000000, 1.000000000000000000 ) ) ;
#3524 = DIRECTION ( 'NONE',  ( 0.000000000000000000, 0.000000000000000000, 1.000000000000000000 ) ) ;
#3523 = AXIS2_PLACEMENT_3D ( 'NONE', #1879, #2336, #5846 ) ;
#3525 = EDGE_CURVE ( 'NONE', #6771, #4254, #8194, .T. ) ;
#3526 = EDGE_CURVE ( 'NONE', #2848, #6986, #4177, .T. ) ;
#3527 = DIRECTION ( 'NONE',  ( 1.000000000000000000, -0.000000000000000000, -3.836157981375497286E-15 ) ) ;
#3528 = CARTESIAN_POINT ( 'NONE',  ( -2.999999999999996003, 4.500000000000000888, -3.294444401457438332 ) ) ;
#3529 = ORIENTED_EDGE ( 'NONE', *, *, #2531, .T. ) ;
#3530 = ORIENTED_EDGE ( 'NONE', *, *, #3950, .T. ) ;
#3531 = CARTESIAN_POINT ( 'NONE',  ( 4.899999999999998579, -1.000000000000000000, 3.599999999999996980 ) ) ;
#3532 = CYLINDRICAL_SURFACE ( 'NONE', #7572, 2.500000000000000888 ) ;
#3533 = DIRECTION ( 'NONE',  ( -1.000000000000000000, 0.000000000000000000, 0.000000000000000000 ) ) ;
#3534 = LINE ( 'NONE', #4942, #3914 ) ;
#3535 = DIRECTION ( 'NONE',  ( -0.1305261922200516844, 0.9914448613738103822, 0.000000000000000000 ) ) ;
#3536 = EDGE_LOOP ( 'NONE', ( #2925, #7820, #4669, #6228 ) ) ;
#3537 = ORIENTED_EDGE ( 'NONE', *, *, #7676, .F. ) ;
#3538 = VERTEX_POINT ( 'NONE', #6873 ) ;
#3539 = CARTESIAN_POINT ( 'NONE',  ( -3.200000000000000622, 10.30000000000000426, -5.568543856465400843 ) ) ;
#3540 = EDGE_CURVE ( 'NONE', #2374, #4977, #6377, .T. ) ;
#3541 = CARTESIAN_POINT ( 'NONE',  ( -4.299999999999995381, 4.500000000000000888, 3.600000000000000533 ) ) ;
#3542 = CARTESIAN_POINT ( 'NONE',  ( 0.3200000000000060574, -2.695554967719991257, -0.5800000000000006262 ) ) ;
#3543 = ORIENTED_EDGE ( 'NONE', *, *, #1537, .F. ) ;
#3544 = EDGE_CURVE ( 'NONE', #710, #8299, #6288, .T. ) ;
#3545 = DIRECTION ( 'NONE',  ( 0.3502073812594686530, -0.9366721892483971246, 0.000000000000000000 ) ) ;
#3546 = EDGE_CURVE ( 'NONE', #681, #5164, #2975, .T. ) ;
#3547 = VERTEX_POINT ( 'NONE', #1606 ) ;
#3548 = CARTESIAN_POINT ( 'NONE',  ( 2.399999999999999023, 16.60000000000000142, 3.599999999999998757 ) ) ;
#3549 = EDGE_CURVE ( 'NONE', #686, #4408, #5007, .T. ) ;
#3550 = DIRECTION ( 'NONE',  ( -0.000000000000000000, -1.000000000000000000, -0.000000000000000000 ) ) ;
#3551 = CARTESIAN_POINT ( 'NONE',  ( 1.960746827647619872, -3.383347244368828388, 3.151538277672280675 ) ) ;
#3552 = DIRECTION ( 'NONE',  ( 0.000000000000000000, 0.000000000000000000, -1.000000000000000000 ) ) ;
#3553 = DIRECTION ( 'NONE',  ( 0.000000000000000000, -0.000000000000000000, 1.000000000000000000 ) ) ;
#3554 = ORIENTED_EDGE ( 'NONE', *, *, #2413, .F. ) ;
#3555 = EDGE_CURVE ( 'NONE', #2695, #4697, #7707, .T. ) ;
#3556 = CARTESIAN_POINT ( 'NONE',  ( -0.9499999999999999556, 4.500000000000000888, -1.220000000000000639 ) ) ;
#3557 = LINE ( 'NONE', #8286, #2618 ) ;
#3558 = ADVANCED_FACE ( 'NONE', ( #8231 ), #2843, .T. ) ;
#3559 = ORIENTED_EDGE ( 'NONE', *, *, #7611, .T. ) ;
#3560 = VERTEX_POINT ( 'NONE', #4353 ) ;
#3561 = VERTEX_POINT ( 'NONE', #4264 ) ;
#3562 = LINE ( 'NONE', #6386, #2169 ) ;
#3563 = DIRECTION ( 'NONE',  ( 1.000000000000000000, 2.710505431213765029E-15, 0.000000000000000000 ) ) ;
#3564 = DIRECTION ( 'NONE',  ( 0.000000000000000000, 0.000000000000000000, 1.000000000000000000 ) ) ;
#3565 = DIRECTION ( 'NONE',  ( 0.000000000000000000, 0.000000000000000000, -1.000000000000000000 ) ) ;
#3566 = DIRECTION ( 'NONE',  ( 1.000000000000000000, 0.000000000000000000, -5.500731610404397960E-16 ) ) ;
#3567 = ORIENTED_EDGE ( 'NONE', *, *, #8306, .T. ) ;
#3568 = ORIENTED_EDGE ( 'NONE', *, *, #36, .F. ) ;
#3569 = ORIENTED_EDGE ( 'NONE', *, *, #259, .T. ) ;
#3570 = DIRECTION ( 'NONE',  ( 0.000000000000000000, -1.000000000000000000, -0.000000000000000000 ) ) ;
#3571 = COLOUR_RGB ( '',0.7921568627450980005, 0.8196078431372548767, 0.9333333333333333481 ) ;
#3572 = DIRECTION ( 'NONE',  ( 0.000000000000000000, 0.000000000000000000, -1.000000000000000000 ) ) ;
#3573 = VECTOR ( 'NONE', #1369, 1000.000000000000000 ) ;
#3574 = CARTESIAN_POINT ( 'NONE',  ( -2.319999999999993179, -0.4992691472256670648, -0.5800000000000006262 ) ) ;
#3575 = FACE_OUTER_BOUND ( 'NONE', #7808, .T. ) ;
#3576 = DIRECTION ( 'NONE',  ( 3.836157981375497286E-15, 0.000000000000000000, 1.000000000000000000 ) ) ;
#3577 = ORIENTED_EDGE ( 'NONE', *, *, #6355, .T. ) ;
#3578 = ORIENTED_EDGE ( 'NONE', *, *, #1012, .F. ) ;
#3579 = VERTEX_POINT ( 'NONE', #5535 ) ;
#3580 = CIRCLE ( 'NONE', #8521, 0.04999999999999969746 ) ;
#3581 = DIRECTION ( 'NONE',  ( 0.000000000000000000, 1.000000000000000000, 0.000000000000000000 ) ) ;
#3582 = FACE_BOUND ( 'NONE', #3474, .T. ) ;
#3583 = CARTESIAN_POINT ( 'NONE',  ( 1.880028303524377664, -1.150000000000005462, -1.220000000000000639 ) ) ;
#3584 = ORIENTED_EDGE ( 'NONE', *, *, #1976, .T. ) ;
#3585 = CARTESIAN_POINT ( 'NONE',  ( -1.149999999999999911, 0.2500000000000071609, 6.100000000000000533 ) ) ;
#3586 = AXIS2_PLACEMENT_3D ( 'NONE', #5805, #1085, #1706 ) ;
#3587 = FILL_AREA_STYLE_COLOUR ( '', #6712 ) ;
#3588 = ORIENTED_EDGE ( 'NONE', *, *, #6396, .F. ) ;
#3589 = LINE ( 'NONE', #227, #3085 ) ;
#3590 = VECTOR ( 'NONE', #3183, 1000.000000000000000 ) ;
#3591 = DIRECTION ( 'NONE',  ( -1.000000000000000000, -1.342665229084215866E-16, 0.000000000000000000 ) ) ;
#3592 = CARTESIAN_POINT ( 'NONE',  ( -4.899999999999996803, 1.000000000000000000, 2.779999999999999361 ) ) ;
#3593 = EDGE_CURVE ( 'NONE', #1946, #203, #4613, .T. ) ;
#3594 = VECTOR ( 'NONE', #6482, 1000.000000000000000 ) ;
#3595 = FACE_OUTER_BOUND ( 'NONE', #7241, .T. ) ;
#3596 = CARTESIAN_POINT ( 'NONE',  ( 2.499999999999995559, 4.900000000000000355, -3.794444401457438332 ) ) ;
#3597 = ORIENTED_EDGE ( 'NONE', *, *, #8077, .F. ) ;
#3598 = CARTESIAN_POINT ( 'NONE',  ( -0.3499999999999999778, 4.500000000000000888, 5.200000000000001066 ) ) ;
#3599 = CARTESIAN_POINT ( 'NONE',  ( 2.399999999999992806, 11.00000000000000000, -5.100000000000000533 ) ) ;
#3600 = EDGE_CURVE ( 'NONE', #92, #3221, #4309, .T. ) ;
#3601 =( GEOMETRIC_REPRESENTATION_CONTEXT ( 3 ) GLOBAL_UNCERTAINTY_ASSIGNED_CONTEXT ( ( #7029 ) ) GLOBAL_UNIT_ASSIGNED_CONTEXT ( ( #7446, #6911, #4010 ) ) REPRESENTATION_CONTEXT ( 'NONE', 'WORKASPACE' ) );
#3602 = EDGE_LOOP ( 'NONE', ( #4890, #1302, #4934, #7300 ) ) ;
#3603 = EDGE_LOOP ( 'NONE', ( #2782, #4506, #7983, #1577 ) ) ;
#3604 = VERTEX_POINT ( 'NONE', #6919 ) ;
#3605 = EDGE_CURVE ( 'NONE', #8429, #8703, #852, .T. ) ;
#3606 = FILL_AREA_STYLE_COLOUR ( '', #8673 ) ;
#3607 = SURFACE_SIDE_STYLE ('',( #1570 ) ) ;
#3608 = CARTESIAN_POINT ( 'NONE',  ( -2.399999999999996358, 11.00000000000000000, -3.199999999999999289 ) ) ;
#3609 = AXIS2_PLACEMENT_3D ( 'NONE', #2566, #4610, #5923 ) ;
#3610 = AXIS2_PLACEMENT_3D ( 'NONE', #3868, #6556, #499 ) ;
#3611 = EDGE_CURVE ( 'NONE', #4845, #2180, #2933, .T. ) ;
#3612 = ORIENTED_EDGE ( 'NONE', *, *, #4143, .F. ) ;
#3613 = FACE_OUTER_BOUND ( 'NONE', #3974, .T. ) ;
#3614 = ORIENTED_EDGE ( 'NONE', *, *, #27, .T. ) ;
#3615 = EDGE_LOOP ( 'NONE', ( #1961, #3679, #2810, #4944 ) ) ;
#3616 = AXIS2_PLACEMENT_3D ( 'NONE', #5003, #7047, #3685 ) ;
#3617 = ORIENTED_EDGE ( 'NONE', *, *, #4819, .T. ) ;
#3618 = DIRECTION ( 'NONE',  ( 0.000000000000000000, 1.000000000000000000, 0.000000000000000000 ) ) ;
#3619 = CARTESIAN_POINT ( 'NONE',  ( -1.060107702553497955, 8.763068312314702624, -5.099999999999998757 ) ) ;
#3620 = CARTESIAN_POINT ( 'NONE',  ( -4.899999999999996803, 1.000000000000000000, 2.779999999999999361 ) ) ;
#3621 = VECTOR ( 'NONE', #4708, 1000.000000000000000 ) ;
#3622 = VECTOR ( 'NONE', #1073, 1000.000000000000000 ) ;
#3623 = FACE_OUTER_BOUND ( 'NONE', #7022, .T. ) ;
#3624 = CARTESIAN_POINT ( 'NONE',  ( -4.450000000000000178, -1.000000000000001554, -1.950000000000000178 ) ) ;
#3625 = ORIENTED_EDGE ( 'NONE', *, *, #5381, .T. ) ;
#3626 = ORIENTED_EDGE ( 'NONE', *, *, #5221, .F. ) ;
#3627 = EDGE_LOOP ( 'NONE', ( #2410, #4524, #5810, #2004, #6149, #5521 ) ) ;
#3628 = CARTESIAN_POINT ( 'NONE',  ( -1.679999999999999938, -0.6149999999999999911, 3.419999999999999485 ) ) ;
#3629 = CARTESIAN_POINT ( 'NONE',  ( 0.9500000000000039524, 16.60000000000000142, 5.699999999999998401 ) ) ;
#3630 = DIRECTION ( 'NONE',  ( -0.000000000000000000, 1.000000000000000000, 0.000000000000000000 ) ) ;
#3631 = EDGE_CURVE ( 'NONE', #8559, #895, #4960, .T. ) ;
#3632 = ORIENTED_EDGE ( 'NONE', *, *, #4526, .F. ) ;
#3633 = EDGE_CURVE ( 'NONE', #6085, #7975, #3911, .T. ) ;
#3634 = PLANE ( 'NONE',  #3902 ) ;
#3635 = CARTESIAN_POINT ( 'NONE',  ( 0.000000000000000000, 0.000000000000000000, 0.000000000000000000 ) ) ;
#3636 = EDGE_LOOP ( 'NONE', ( #1566, #2333, #8597, #1039 ) ) ;
#3637 = FACE_OUTER_BOUND ( 'NONE', #3982, .T. ) ;
#3638 = CYLINDRICAL_SURFACE ( 'NONE', #3616, 0.2500000000000002220 ) ;
#3639 = DIRECTION ( 'NONE',  ( 0.000000000000000000, -0.000000000000000000, 1.000000000000000000 ) ) ;
#3640 = CARTESIAN_POINT ( 'NONE',  ( 2.315778573866623891, -2.743378540272638055, -1.220000000000000639 ) ) ;
#3641 = CARTESIAN_POINT ( 'NONE',  ( 1.679999999999999938, -0.6149999999999999911, 2.779999999999999361 ) ) ;
#3642 = VERTEX_POINT ( 'NONE', #8454 ) ;
#3643 = PLANE ( 'NONE',  #2804 ) ;
#3644 = FACE_OUTER_BOUND ( 'NONE', #1791, .T. ) ;
#3645 = AXIS2_PLACEMENT_3D ( 'NONE', #6174, #2816, #5510 ) ;
#3646 = VERTEX_POINT ( 'NONE', #3778 ) ;
#3647 = ORIENTED_EDGE ( 'NONE', *, *, #577, .T. ) ;
#3648 = EDGE_CURVE ( 'NONE', #1545, #6090, #7780, .T. ) ;
#3649 = ORIENTED_EDGE ( 'NONE', *, *, #6962, .F. ) ;
#3650 = VECTOR ( 'NONE', #8448, 1000.000000000000000 ) ;
#3651 = LINE ( 'NONE', #900, #3216 ) ;
#3652 = AXIS2_PLACEMENT_3D ( 'NONE', #2538, #8455, #3867 ) ;
#3653 = EDGE_CURVE ( 'NONE', #6128, #3132, #7263, .T. ) ;
#3654 = LINE ( 'NONE', #5639, #3594 ) ;
#3655 = EDGE_CURVE ( 'NONE', #2733, #4373, #4395, .T. ) ;
#3656 = ORIENTED_EDGE ( 'NONE', *, *, #5924, .T. ) ;
#3657 = AXIS2_PLACEMENT_3D ( 'NONE', #7385, #2122, #3993 ) ;
#3658 = DIRECTION ( 'NONE',  ( 1.000000000000000000, 0.000000000000000000, 0.000000000000000000 ) ) ;
#3659 = EDGE_CURVE ( 'NONE', #7436, #8513, #7180, .T. ) ;
#3660 = DIRECTION ( 'NONE',  ( -0.000000000000000000, -1.000000000000000000, -0.000000000000000000 ) ) ;
#3661 = ORIENTED_EDGE ( 'NONE', *, *, #3399, .F. ) ;
#3662 = EDGE_CURVE ( 'NONE', #2749, #722, #7093, .T. ) ;
#3663 = ORIENTED_EDGE ( 'NONE', *, *, #5763, .F. ) ;
#3664 = VECTOR ( 'NONE', #4936, 999.9999999999998863 ) ;
#3665 = ORIENTED_EDGE ( 'NONE', *, *, #5502, .F. ) ;
#3666 = CARTESIAN_POINT ( 'NONE',  ( 2.999999999999996003, 4.900000000000000355, -3.294444401457438332 ) ) ;
#3667 = ADVANCED_FACE ( 'NONE', ( #3728 ), #5226, .T. ) ;
#3668 = FACE_OUTER_BOUND ( 'NONE', #4314, .T. ) ;
#3669 = DIRECTION ( 'NONE',  ( 0.4226182617407041042, 0.000000000000000000, 0.9063077870366477162 ) ) ;
#3670 = LINE ( 'NONE', #1803, #4332 ) ;
#3671 = EDGE_CURVE ( 'NONE', #4338, #189, #5180, .T. ) ;
#3672 = CARTESIAN_POINT ( 'NONE',  ( -1.150000000000004130, 0.1035533905932775889, 6.100000000000004974 ) ) ;
#3673 = ORIENTED_EDGE ( 'NONE', *, *, #2952, .F. ) ;
#3674 = ORIENTED_EDGE ( 'NONE', *, *, #4054, .T. ) ;
#3675 = ORIENTED_EDGE ( 'NONE', *, *, #3258, .F. ) ;
#3676 = CARTESIAN_POINT ( 'NONE',  ( -3.195675813381282815, 10.23438378227294798, -5.570000000000005613 ) ) ;
#3677 = CARTESIAN_POINT ( 'NONE',  ( -0.8500000000000000888, 0.000000000000000000, 6.150000000000000355 ) ) ;
#3678 = DIRECTION ( 'NONE',  ( -1.000000000000000000, 0.000000000000000000, -0.000000000000000000 ) ) ;
#3679 = ORIENTED_EDGE ( 'NONE', *, *, #8569, .F. ) ;
#3680 = FACE_OUTER_BOUND ( 'NONE', #5172, .T. ) ;
#3681 = PRODUCT_CONTEXT ( 'NONE', #3488, 'mechanical' ) ;
#3682 = ORIENTED_EDGE ( 'NONE', *, *, #6355, .F. ) ;
#3683 = EDGE_CURVE ( 'NONE', #3012, #3241, #3200, .T. ) ;
#3684 = CARTESIAN_POINT ( 'NONE',  ( 1.060107702553494624, 9.999999999999998224, -5.099999999999999645 ) ) ;
#3685 = DIRECTION ( 'NONE',  ( 1.000000000000000000, 0.000000000000000000, 0.000000000000000000 ) ) ;
#3686 = LINE ( 'NONE', #5834, #5543 ) ;
#3687 = CARTESIAN_POINT ( 'NONE',  ( -4.450000000000000178, -1.199999999999999956, -2.650000000000000355 ) ) ;
#3688 = CARTESIAN_POINT ( 'NONE',  ( -0.9499999999999999556, 28.50378091196238373, 5.500000000000000000 ) ) ;
#3689 = ORIENTED_EDGE ( 'NONE', *, *, #7280, .T. ) ;
#3690 = DIRECTION ( 'NONE',  ( 0.000000000000000000, 0.000000000000000000, 1.000000000000000000 ) ) ;
#3691 = CARTESIAN_POINT ( 'NONE',  ( 4.899999999999995914, 16.60000000000000142, -1.400000000000004796 ) ) ;
#3692 = EDGE_LOOP ( 'NONE', ( #2346, #7912, #3232, #7806 ) ) ;
#3693 = VERTEX_POINT ( 'NONE', #1869 ) ;
#3694 = EDGE_LOOP ( 'NONE', ( #4602, #3077, #8166, #6248 ) ) ;
#3695 = CYLINDRICAL_SURFACE ( 'NONE', #8382, 0.4499999999999999001 ) ;
#3696 = FACE_OUTER_BOUND ( 'NONE', #7758, .T. ) ;
#3697 = CARTESIAN_POINT ( 'NONE',  ( -3.399999999999995914, 4.900000000000000355, -3.199999999999999289 ) ) ;
#3698 = ORIENTED_EDGE ( 'NONE', *, *, #8013, .F. ) ;
#3699 = LINE ( 'NONE', #4974, #3227 ) ;
#3700 =( LENGTH_UNIT ( ) NAMED_UNIT ( * ) SI_UNIT ( .MILLI., .METRE. ) );
#3701 = EDGE_LOOP ( 'NONE', ( #2939, #3263, #6632, #1742 ) ) ;
#3702 = VERTEX_POINT ( 'NONE', #7791 ) ;
#3703 = ORIENTED_EDGE ( 'NONE', *, *, #5284, .F. ) ;
#3704 = ORIENTED_EDGE ( 'NONE', *, *, #7491, .F. ) ;
#3705 = DIRECTION ( 'NONE',  ( -0.9914448613738103822, 0.1305261922200516289, 0.000000000000000000 ) ) ;
#3706 = ADVANCED_FACE ( 'NONE', ( #2407 ), #8410, .F. ) ;
#3707 = DIRECTION ( 'NONE',  ( -1.275531967630005245E-16, 0.000000000000000000, 1.000000000000000000 ) ) ;
#3708 = VECTOR ( 'NONE', #4677, 1000.000000000000000 ) ;
#3709 = CARTESIAN_POINT ( 'NONE',  ( 0.9000000000000041300, 0.000000000000000000, 6.099999999999999645 ) ) ;
#3710 = EDGE_CURVE ( 'NONE', #7039, #6457, #5092, .T. ) ;
#3711 = VERTEX_POINT ( 'NONE', #4531 ) ;
#3712 = ORIENTED_EDGE ( 'NONE', *, *, #493, .F. ) ;
#3713 = ADVANCED_FACE ( 'NONE', ( #7221 ), #2537, .T. ) ;
#3714 = DIRECTION ( 'NONE',  ( 0.000000000000000000, 0.000000000000000000, -1.000000000000000000 ) ) ;
#3715 = AXIS2_PLACEMENT_3D ( 'NONE', #8666, #622, #1 ) ;
#3716 = DIRECTION ( 'NONE',  ( 6.847592668329503038E-16, 0.000000000000000000, 1.000000000000000000 ) ) ;
#3717 = EDGE_CURVE ( 'NONE', #5812, #6932, #1117, .T. ) ;
#3718 = DIRECTION ( 'NONE',  ( 0.000000000000000000, 0.000000000000000000, 1.000000000000000000 ) ) ;
#3719 = EDGE_LOOP ( 'NONE', ( #7096, #5674, #5981, #923 ) ) ;
#3720 = ADVANCED_FACE ( 'NONE', ( #370, #7925, #4570, #1201 ), #6509, .F. ) ;
#3721 = PLANE ( 'NONE',  #69 ) ;
#3722 = VECTOR ( 'NONE', #3899, 1000.000000000000114 ) ;
#3723 = SHAPE_DEFINITION_REPRESENTATION ( #204, #601 ) ;
#3724 = CARTESIAN_POINT ( 'NONE',  ( -0.1000000000000008521, -3.299999999999999378, 2.779999999999999361 ) ) ;
#3725 = CARTESIAN_POINT ( 'NONE',  ( -2.499999999999995559, 4.500000000000000888, -3.294444401457438332 ) ) ;
#3726 = CARTESIAN_POINT ( 'NONE',  ( 2.095000000000004192, 9.699999999999995737, -0.8050000000000010481 ) ) ;
#3727 = DIRECTION ( 'NONE',  ( 0.04464258697085599081, -0.3390941135865693790, 0.9396926207859080948 ) ) ;
#3728 = FACE_OUTER_BOUND ( 'NONE', #7918, .T. ) ;
#3729 = VECTOR ( 'NONE', #8682, 1000.000000000000000 ) ;
#3730 = PLANE ( 'NONE',  #1822 ) ;
#3731 = CARTESIAN_POINT ( 'NONE',  ( 1.680000000000007709, 9.081817580622699282, -0.5800000000000006262 ) ) ;
#3732 = VECTOR ( 'NONE', #594, 1000.000000000000000 ) ;
#3733 = ORIENTED_EDGE ( 'NONE', *, *, #2575, .F. ) ;
#3734 = ORIENTED_EDGE ( 'NONE', *, *, #1956, .T. ) ;
#3735 = ORIENTED_EDGE ( 'NONE', *, *, #2651, .T. ) ;
#3736 = AXIS2_PLACEMENT_3D ( 'NONE', #3893, #1097, #1141 ) ;
#3737 = VECTOR ( 'NONE', #6754, 1000.000000000000114 ) ;
#3738 = CARTESIAN_POINT ( 'NONE',  ( 1.150000000000004130, 0.2500000000000002220, 6.099999999999999645 ) ) ;
#3739 = CARTESIAN_POINT ( 'NONE',  ( 2.679565945717221176, 9.800000000000000711, -5.684319400156756963 ) ) ;
#3740 = CARTESIAN_POINT ( 'NONE',  ( -0.3199999999999936229, -2.695554967719990813, -0.5800000000000006262 ) ) ;
#3741 = DIRECTION ( 'NONE',  ( 6.776263578034403699E-16, -0.000000000000000000, 1.000000000000000000 ) ) ;
#3742 = ORIENTED_EDGE ( 'NONE', *, *, #3261, .T. ) ;
#3743 = LINE ( 'NONE', #4274, #7324 ) ;
#3744 =( NAMED_UNIT ( * ) PLANE_ANGLE_UNIT ( ) SI_UNIT ( $, .RADIAN. ) );
#3745 = EDGE_LOOP ( 'NONE', ( #7211, #5244, #8483, #7097 ) ) ;
#3746 = ORIENTED_EDGE ( 'NONE', *, *, #4412, .T. ) ;
#3747 = EDGE_LOOP ( 'NONE', ( #3156, #3656, #5540, #7526 ) ) ;
#3748 = VECTOR ( 'NONE', #1158, 1000.000000000000000 ) ;
#3749 = ORIENTED_EDGE ( 'NONE', *, *, #4740, .F. ) ;
#3750 = FACE_OUTER_BOUND ( 'NONE', #6029, .T. ) ;
#3751 = DIRECTION ( 'NONE',  ( 0.000000000000000000, 0.000000000000000000, 1.000000000000000000 ) ) ;
#3752 = FACE_OUTER_BOUND ( 'NONE', #3349, .T. ) ;
#3753 = UNCERTAINTY_MEASURE_WITH_UNIT (LENGTH_MEASURE( 1.000000000000000082E-05 ), #5679, 'distance_accuracy_value', 'NONE');
#3754 = CIRCLE ( 'NONE', #3609, 0.2999999999999999334 ) ;
#3755 = CIRCLE ( 'NONE', #6586, 1.899999999999999245 ) ;
#3756 = PLANE ( 'NONE',  #2748 ) ;
#3757 = EDGE_LOOP ( 'NONE', ( #3559, #1035, #5393, #1892 ) ) ;
#3758 = ORIENTED_EDGE ( 'NONE', *, *, #4472, .T. ) ;
#3759 = ADVANCED_FACE ( 'NONE', ( #6470 ), #415, .T. ) ;
#3760 = DIRECTION ( 'NONE',  ( -1.275531967630005492E-16, 0.000000000000000000, -1.000000000000000000 ) ) ;
#3761 = LINE ( 'NONE', #3190, #7958 ) ;
#3762 = LINE ( 'NONE', #7783, #8011 ) ;
#3763 = AXIS2_PLACEMENT_3D ( 'NONE', #3010, #3630, #1683 ) ;
#3764 = EDGE_CURVE ( 'NONE', #7578, #8429, #4898, .T. ) ;
#3765 = AXIS2_PLACEMENT_3D ( 'NONE', #2429, #395, #209 ) ;
#3766 = EDGE_CURVE ( 'NONE', #8131, #4280, #7721, .T. ) ;
#3767 = ORIENTED_EDGE ( 'NONE', *, *, #1425, .F. ) ;
#3768 = PLANE ( 'NONE',  #7290 ) ;
#3769 = EDGE_CURVE ( 'NONE', #5079, #338, #2070, .T. ) ;
#3770 = VECTOR ( 'NONE', #5779, 1000.000000000000000 ) ;
#3771 = ADVANCED_FACE ( 'NONE', ( #1494 ), #4201, .T. ) ;
#3772 = AXIS2_PLACEMENT_3D ( 'NONE', #6922, #4267, #2179 ) ;
#3773 = DIRECTION ( 'NONE',  ( 1.000000000000000000, 0.000000000000000000, 0.000000000000000000 ) ) ;
#3774 = VECTOR ( 'NONE', #1981, 1000.000000000000000 ) ;
#3775 = CARTESIAN_POINT ( 'NONE',  ( 0.9500000000000219380, 28.50378091196238373, 5.699999999999995737 ) ) ;
#3776 = CARTESIAN_POINT ( 'NONE',  ( -1.880028303524371225, -1.149999999999999911, 2.779999999999999361 ) ) ;
#3777 = DIRECTION ( 'NONE',  ( 0.000000000000000000, -1.000000000000000000, -0.000000000000000000 ) ) ;
#3778 = CARTESIAN_POINT ( 'NONE',  ( 1.599999999999995648, 14.00000000000000000, -6.400000000000002132 ) ) ;
#3779 = CARTESIAN_POINT ( 'NONE',  ( 0.3200000000000056133, -3.300000000000005596, -1.220000000000000639 ) ) ;
#3780 = CARTESIAN_POINT ( 'NONE',  ( 2.399999999999980815, 4.900000000000000355, -3.199999999999985967 ) ) ;
#3781 = EDGE_CURVE ( 'NONE', #6385, #1477, #2915, .T. ) ;
#3782 = ORIENTED_EDGE ( 'NONE', *, *, #8617, .T. ) ;
#3783 = VERTEX_POINT ( 'NONE', #8627 ) ;
#3784 = ORIENTED_EDGE ( 'NONE', *, *, #6026, .T. ) ;
#3785 = DIRECTION ( 'NONE',  ( -0.000000000000000000, 0.000000000000000000, -1.000000000000000000 ) ) ;
#3786 = SURFACE_STYLE_USAGE ( .BOTH. , #4402 ) ;
#3787 = DIRECTION ( 'NONE',  ( -7.709882115452473236E-16, 0.000000000000000000, -1.000000000000000000 ) ) ;
#3788 = DIRECTION ( 'NONE',  ( 0.000000000000000000, 0.000000000000000000, 1.000000000000000000 ) ) ;
#3789 = ORIENTED_EDGE ( 'NONE', *, *, #1608, .T. ) ;
#3790 = LINE ( 'NONE', #1802, #8443 ) ;
#3791 = AXIS2_PLACEMENT_3D ( 'NONE', #1286, #3413, #6817 ) ;
#3792 = SURFACE_SIDE_STYLE ('',( #8511 ) ) ;
#3793 = ORIENTED_EDGE ( 'NONE', *, *, #2730, .F. ) ;
#3794 = ORIENTED_EDGE ( 'NONE', *, *, #4439, .F. ) ;
#3795 = EDGE_LOOP ( 'NONE', ( #5776, #2335, #6708, #6567 ) ) ;
#3796 = VECTOR ( 'NONE', #5023, 1000.000000000000000 ) ;
#3797 = EDGE_CURVE ( 'NONE', #1038, #2695, #1911, .T. ) ;
#3798 = CARTESIAN_POINT ( 'NONE',  ( -2.399999999999996358, 28.50378091196238373, -3.199999999999999289 ) ) ;
#3799 = EDGE_CURVE ( 'NONE', #1517, #6819, #120, .T. ) ;
#3800 = LINE ( 'NONE', #8433, #7158 ) ;
#3802 = CARTESIAN_POINT ( 'NONE',  ( 1.680000000000000160, 16.60000000000000142, 2.779999999999999361 ) ) ;
#3801 = VECTOR ( 'NONE', #6804, 1000.000000000000000 ) ;
#3803 = CARTESIAN_POINT ( 'NONE',  ( -4.299999999999996270, 14.49999999999999822, -0.7999999999999996003 ) ) ;
#3804 = CARTESIAN_POINT ( 'NONE',  ( 9.629649721936179265E-32, 16.60000000000000142, -6.400000000000001243 ) ) ;
#3805 = ORIENTED_EDGE ( 'NONE', *, *, #796, .T. ) ;
#3806 = AXIS2_PLACEMENT_3D ( 'NONE', #8745, #2778, #1401 ) ;
#3807 = ORIENTED_EDGE ( 'NONE', *, *, #8039, .T. ) ;
#3808 = ORIENTED_EDGE ( 'NONE', *, *, #3006, .T. ) ;
#3809 = DIRECTION ( 'NONE',  ( 1.000000000000000000, -1.342665229084215866E-16, -0.000000000000000000 ) ) ;
#3810 = FACE_OUTER_BOUND ( 'NONE', #538, .T. ) ;
#3811 = DIRECTION ( 'NONE',  ( 0.000000000000000000, 0.000000000000000000, -1.000000000000000000 ) ) ;
#3812 = AXIS2_PLACEMENT_3D ( 'NONE', #5446, #2172, #6822 ) ;
#3813 = VERTEX_POINT ( 'NONE', #1447 ) ;
#3814 = DIRECTION ( 'NONE',  ( 0.000000000000000000, -1.000000000000000000, -0.000000000000000000 ) ) ;
#3815 = APPLICATION_PROTOCOL_DEFINITION ( 'draft international standard', 'automotive_design', 1998, #6991 ) ;
#3816 = EDGE_CURVE ( 'NONE', #3119, #2165, #1539, .T. ) ;
#3817 = CARTESIAN_POINT ( 'NONE',  ( -3.399999999999996803, 16.19999999999999929, 3.600000000000001421 ) ) ;
#3818 = CARTESIAN_POINT ( 'NONE',  ( -2.319999999999991402, 4.500000000000003553, -1.220000000000000639 ) ) ;
#3819 = DIRECTION ( 'NONE',  ( 1.000000000000000000, 0.000000000000000000, -3.745807800335038320E-15 ) ) ;
#3820 = ADVANCED_FACE ( 'NONE', ( #5314 ), #7504, .T. ) ;
#3821 = DIRECTION ( 'NONE',  ( 0.000000000000000000, 1.000000000000000000, 0.000000000000000000 ) ) ;
#3822 = EDGE_CURVE ( 'NONE', #4633, #4196, #8668, .T. ) ;
#3823 = PLANE ( 'NONE',  #2237 ) ;
#3824 = CARTESIAN_POINT ( 'NONE',  ( -2.319999999999993179, -0.4992691472256670648, -0.5800000000000006262 ) ) ;
#3825 = VERTEX_POINT ( 'NONE', #3960 ) ;
#3826 = ORIENTED_EDGE ( 'NONE', *, *, #3120, .F. ) ;
#3827 = ADVANCED_FACE ( 'NONE', ( #8212 ), #3246, .F. ) ;
#3828 = ORIENTED_EDGE ( 'NONE', *, *, #8326, .T. ) ;
#3829 = DIRECTION ( 'NONE',  ( 0.000000000000000000, 0.000000000000000000, 1.000000000000000000 ) ) ;
#3830 = DIRECTION ( 'NONE',  ( 0.3236155771181860596, 0.8891264907159875941, -0.3236155771181853935 ) ) ;
#3831 = FACE_OUTER_BOUND ( 'NONE', #4591, .T. ) ;
#3832 = CARTESIAN_POINT ( 'NONE',  ( 2.319999999999998064, 9.081817580622704611, 2.779999999999999361 ) ) ;
#3833 = ADVANCED_FACE ( 'NONE', ( #4767 ), #6646, .T. ) ;
#3834 = APPLICATION_CONTEXT ( 'automotive_design' ) ;
#3835 = CARTESIAN_POINT ( 'NONE',  ( -1.517883041479706208E-14, 9.800000000000000711, -6.399999999999997691 ) ) ;
#3836 = EDGE_LOOP ( 'NONE', ( #3878, #1713, #7199, #2980 ) ) ;
#3837 = CARTESIAN_POINT ( 'NONE',  ( -2.399999999999996358, 11.00000000000000000, -5.099999999999998757 ) ) ;
#3838 = EDGE_CURVE ( 'NONE', #6515, #2115, #2620, .T. ) ;
#3839 = CARTESIAN_POINT ( 'NONE',  ( 4.899999999999995914, 0.2500000000000002220, -1.400000000000004796 ) ) ;
#3840 = SURFACE_STYLE_USAGE ( .BOTH. , #5854 ) ;
#3841 = ORIENTED_EDGE ( 'NONE', *, *, #2726, .T. ) ;
#3842 = EDGE_LOOP ( 'NONE', ( #824, #1635, #5271, #1655 ) ) ;
#3843 = ORIENTED_EDGE ( 'NONE', *, *, #8080, .T. ) ;
#3844 = CARTESIAN_POINT ( 'NONE',  ( 1.067712263810860481E-16, 0.000000000000000000, -5.449999999999997513 ) ) ;
#3845 = DIRECTION ( 'NONE',  ( 0.000000000000000000, 0.000000000000000000, 1.000000000000000000 ) ) ;
#3846 = FACE_OUTER_BOUND ( 'NONE', #3536, .T. ) ;
#3847 = DIRECTION ( 'NONE',  ( -0.000000000000000000, -1.000000000000000000, -0.000000000000000000 ) ) ;
#3848 = PRODUCT_DEFINITION_CONTEXT ( 'detailed design', #6199, 'design' ) ;
#3849 = CARTESIAN_POINT ( 'NONE',  ( -0.4500000000000011768, 4.900000000000000355, 4.600000000000000533 ) ) ;
#3850 = ORIENTED_EDGE ( 'NONE', *, *, #3072, .T. ) ;
#3851 = ORIENTED_EDGE ( 'NONE', *, *, #4469, .T. ) ;
#3852 = EDGE_LOOP ( 'NONE', ( #4102, #8035, #6260, #7906, #214 ) ) ;
#3853 = LINE ( 'NONE', #5787, #5771 ) ;
#3854 = CARTESIAN_POINT ( 'NONE',  ( -0.7500000000000000000, 4.500000000000000888, 5.999999999999995559 ) ) ;
#3855 = PLANE ( 'NONE',  #4050 ) ;
#3856 = VECTOR ( 'NONE', #3356, 1000.000000000000000 ) ;
#3857 = ORIENTED_EDGE ( 'NONE', *, *, #3498, .F. ) ;
#3858 = CARTESIAN_POINT ( 'NONE',  ( 2.399999999999999911, 0.000000000000000000, 5.849999999999998757 ) ) ;
#3859 = CARTESIAN_POINT ( 'NONE',  ( -2.370000000000000551, 9.800000000000000711, -5.900000000000000355 ) ) ;
#3860 = VECTOR ( 'NONE', #2839, 1000.000000000000000 ) ;
#3861 = DIRECTION ( 'NONE',  ( -0.000000000000000000, -1.000000000000000000, 0.000000000000000000 ) ) ;
#3862 = LINE ( 'NONE', #412, #7514 ) ;
#3863 = AXIS2_PLACEMENT_3D ( 'NONE', #381, #1211, #7232 ) ;
#3864 = B_SPLINE_CURVE_WITH_KNOTS ( 'NONE', 3,
 ( #6325, #6411, #5745, #7607 ),
 .UNSPECIFIED., .F., .F.,
 ( 4, 4 ),
 ( 9.520142563704387902E-05, 0.0001606424476487439850 ),
 .UNSPECIFIED. ) ;
#3865 = CARTESIAN_POINT ( 'NONE',  ( 2.699999999999995737, 10.30000000000000249, -6.400000000000001243 ) ) ;
#3866 = VECTOR ( 'NONE', #7617, 1000.000000000000114 ) ;
#3867 = DIRECTION ( 'NONE',  ( 0.000000000000000000, 0.000000000000000000, 1.000000000000000000 ) ) ;
#3868 = CARTESIAN_POINT ( 'NONE',  ( -2.535381069091571682, -1.075331984002939167, -1.220000000000000639 ) ) ;
#3869 = EDGE_LOOP ( 'NONE', ( #7285, #7117, #4794, #3826 ) ) ;
#3870 = ORIENTED_EDGE ( 'NONE', *, *, #5502, .T. ) ;
#3871 = EDGE_LOOP ( 'NONE', ( #8577, #6294, #5045, #3674 ) ) ;
#3872 = ADVANCED_FACE ( 'NONE', ( #2862 ), #5559, .F. ) ;
#3873 = PLANE ( 'NONE',  #4852 ) ;
#3874 = DIRECTION ( 'NONE',  ( 6.231046968307498093E-18, 1.000000000000000000, 0.000000000000000000 ) ) ;
#3875 = CARTESIAN_POINT ( 'NONE',  ( 4.649999999999994138, 0.000000000000000000, -3.200000000000001510 ) ) ;
#3876 = DIRECTION ( 'NONE',  ( -0.3236155771181829510, 0.8891264907159894815, -0.3236155771181829510 ) ) ;
#3877 = EDGE_CURVE ( 'NONE', #765, #6947, #8259, .T. ) ;
#3878 = ORIENTED_EDGE ( 'NONE', *, *, #7644, .F. ) ;
#3879 = VECTOR ( 'NONE', #7060, 1000.000000000000000 ) ;
#3880 = DIRECTION ( 'NONE',  ( -0.000000000000000000, 0.000000000000000000, -1.000000000000000000 ) ) ;
#3881 = LINE ( 'NONE', #2639, #6016 ) ;
#3882 = ORIENTED_EDGE ( 'NONE', *, *, #2588, .F. ) ;
#3883 = ORIENTED_EDGE ( 'NONE', *, *, #4972, .T. ) ;
#3884 = VECTOR ( 'NONE', #593, 1000.000000000000000 ) ;
#3885 = ORIENTED_EDGE ( 'NONE', *, *, #3797, .F. ) ;
#3886 = EDGE_CURVE ( 'NONE', #8715, #6001, #3444, .T. ) ;
#3887 = AXIS2_PLACEMENT_3D ( 'NONE', #5677, #7143, #4446 ) ;
#3888 = DIRECTION ( 'NONE',  ( 0.000000000000000000, -1.000000000000000000, -0.000000000000000000 ) ) ;
#3889 = LINE ( 'NONE', #2596, #3481 ) ;
#3890 = VECTOR ( 'NONE', #8120, 1000.000000000000000 ) ;
#3891 = FACE_OUTER_BOUND ( 'NONE', #8660, .T. ) ;
#3892 = CARTESIAN_POINT ( 'NONE',  ( -4.649999999999995914, 0.000000000000000000, -3.199999999999998401 ) ) ;
#3893 = CARTESIAN_POINT ( 'NONE',  ( -2.399999999999996358, 16.60000000000000142, -3.199999999999999289 ) ) ;
#3894 = B_SPLINE_CURVE_WITH_KNOTS ( 'NONE', 3,
 ( #8467, #1842, #5804, #6520, #8502, #3739 ),
 .UNSPECIFIED., .F., .F.,
 ( 4, 2, 4 ),
 ( 0.0001240919124525570894, 0.0004963441699545901318, 0.0008685964274566231741 ),
 .UNSPECIFIED. ) ;
#3895 = ORIENTED_EDGE ( 'NONE', *, *, #3950, .F. ) ;
#3896 = EDGE_LOOP ( 'NONE', ( #8232, #187, #1226, #293 ) ) ;
#3897 = ORIENTED_EDGE ( 'NONE', *, *, #1235, .F. ) ;
#3898 = CARTESIAN_POINT ( 'NONE',  ( 1.680000000000000160, 1.000000000000004441, 3.419999999999999485 ) ) ;
#3899 = DIRECTION ( 'NONE',  ( -0.3236155771181846164, 0.8891264907159880382, -0.3236155771181854490 ) ) ;
#3900 = DIRECTION ( 'NONE',  ( 0.000000000000000000, 0.000000000000000000, -1.000000000000000000 ) ) ;
#3901 = ORIENTED_EDGE ( 'NONE', *, *, #6681, .T. ) ;
#3902 = AXIS2_PLACEMENT_3D ( 'NONE', #8315, #222, #4952 ) ;
#3903 = VECTOR ( 'NONE', #135, 1000.000000000000000 ) ;
#3904 = CARTESIAN_POINT ( 'NONE',  ( 2.679565945717221176, 9.800000000000000711, -5.684319400156756963 ) ) ;
#3905 = VECTOR ( 'NONE', #5523, 1000.000000000000000 ) ;
#3906 = FACE_OUTER_BOUND ( 'NONE', #8602, .T. ) ;
#3907 = EDGE_CURVE ( 'NONE', #3138, #4994, #4806, .T. ) ;
#3908 = DIRECTION ( 'NONE',  ( 0.000000000000000000, 0.000000000000000000, -1.000000000000000000 ) ) ;
#3909 = DIRECTION ( 'NONE',  ( -1.000000000000000000, 0.000000000000000000, -1.275531967630005245E-16 ) ) ;
#3910 = PRODUCT_RELATED_PRODUCT_CATEGORY ( 'part', '', ( #2747 ) ) ;
#3911 = LINE ( 'NONE', #5713, #1496 ) ;
#3912 = VECTOR ( 'NONE', #5689, 1000.000000000000000 ) ;
#3913 = LINE ( 'NONE', #7094, #548 ) ;
#3914 = VECTOR ( 'NONE', #6224, 1000.000000000000114 ) ;
#3915 = FACE_OUTER_BOUND ( 'NONE', #6933, .T. ) ;
#3916 = VECTOR ( 'NONE', #6181, 1000.000000000000000 ) ;
#3917 = EDGE_LOOP ( 'NONE', ( #4576, #4428, #3205, #4443 ) ) ;
#3918 = ORIENTED_EDGE ( 'NONE', *, *, #1878, .T. ) ;
#3919 = CARTESIAN_POINT ( 'NONE',  ( -2.094999999999990870, 9.699999999999995737, -1.220000000000000639 ) ) ;
#3920 = DIRECTION ( 'NONE',  ( 0.000000000000000000, -1.000000000000000000, 0.000000000000000000 ) ) ;
#3921 = CARTESIAN_POINT ( 'NONE',  ( -4.899999999999995914, 0.2500000000000002220, 2.599999999999998757 ) ) ;
#3922 = CARTESIAN_POINT ( 'NONE',  ( 2.320000000000004281, 9.699999999999995737, -1.220000000000000639 ) ) ;
#3923 = VERTEX_POINT ( 'NONE', #3574 ) ;
#3924 = FACE_OUTER_BOUND ( 'NONE', #3128, .T. ) ;
#3925 = CARTESIAN_POINT ( 'NONE',  ( 0.3199999999999996181, -2.695554967719985484, 3.419999999999999485 ) ) ;
#3926 = ADVANCED_FACE ( 'NONE', ( #345 ), #2913, .T. ) ;
#3927 =( LENGTH_UNIT ( ) NAMED_UNIT ( * ) SI_UNIT ( .MILLI., .METRE. ) );
#3928 = ORIENTED_EDGE ( 'NONE', *, *, #7347, .F. ) ;
#3929 = ORIENTED_EDGE ( 'NONE', *, *, #7174, .F. ) ;
#3930 = ORIENTED_EDGE ( 'NONE', *, *, #5225, .T. ) ;
#3931 = ADVANCED_FACE ( 'NONE', ( #5737 ), #6264, .T. ) ;
#3932 = EDGE_CURVE ( 'NONE', #1636, #2518, #2251, .T. ) ;
#3933 = ORIENTED_EDGE ( 'NONE', *, *, #615, .T. ) ;
#3934 = DIRECTION ( 'NONE',  ( 0.000000000000000000, 1.000000000000000000, 0.000000000000000000 ) ) ;
#3935 = CLOSED_SHELL ( 'NONE', ( #5609, #519, #6042, #6660, #3720, #1227, #5750, #7343, #8689, #7126, #4198, #7977, #8459, #4587, #1853, #836, #3926, #1984, #573, #1143, #4937, #3335, #7337, #4253, #1276, #6849, #7339, #1934, #3168, #312, #8612, #6948, #7170, #3491, #5086, #8376, #844, #3872, #6530, #5429, #7541, #244, #1375, #3985, #7380, #1485, #751, #1199, #4427, #1430, #1929, #4678, #5754, #2146, #4577, #1605, #7804, #5217, #5706, #5928, #5162, #7988, #8452, #1652, #8233, #2866, #416, #3224, #6304, #1548, #3277, #2297, #1231, #6381, #2418, #2223, #2086, #3713, #7350, #2744, #242, #4170, #4844, #6465, #7532, #1056, #8487, #2640, #361, #1326, #3071, #4068, #4200, #3771, #5592, #7165, #1824, #1109, #4847, #3833, #413, #4573, #8181, #810, #1490, #3759, #7112, #3820, #136, #7062, #7459, #3390, #5513, #3667, #2424, #6914, #6298 ) ) ;
#3936 = DIRECTION ( 'NONE',  ( -1.199218353203923552E-15, -0.000000000000000000, -1.000000000000000000 ) ) ;
#3937 = EDGE_CURVE ( 'NONE', #4280, #6090, #2290, .T. ) ;
#3938 = CARTESIAN_POINT ( 'NONE',  ( -1.679999999999993499, 0.9999999999999945599, -0.5800000000000006262 ) ) ;
#3939 = EDGE_CURVE ( 'NONE', #515, #377, #6937, .T. ) ;
#3940 = FACE_OUTER_BOUND ( 'NONE', #2508, .T. ) ;
#3941 = VECTOR ( 'NONE', #717, 1000.000000000000000 ) ;
#3942 = ORIENTED_EDGE ( 'NONE', *, *, #2891, .T. ) ;
#3943 = EDGE_CURVE ( 'NONE', #2374, #4756, #7732, .T. ) ;
#3944 = VECTOR ( 'NONE', #1372, 1000.000000000000000 ) ;
#3945 = ORIENTED_EDGE ( 'NONE', *, *, #1493, .F. ) ;
#3946 = DIRECTION ( 'NONE',  ( -1.000000000000000000, 0.000000000000000000, 0.000000000000000000 ) ) ;
#3947 = PLANE ( 'NONE',  #7114 ) ;
#3948 = DIRECTION ( 'NONE',  ( 0.000000000000000000, -1.000000000000000000, 0.000000000000000000 ) ) ;
#3949 = AXIS2_PLACEMENT_3D ( 'NONE', #1697, #7660, #2369 ) ;
#3950 = EDGE_CURVE ( 'NONE', #6880, #2477, #1582, .T. ) ;
#3951 = ORIENTED_EDGE ( 'NONE', *, *, #2647, .F. ) ;
#3952 = AXIS2_PLACEMENT_3D ( 'NONE', #3984, #3317, #6049 ) ;
#3953 = CARTESIAN_POINT ( 'NONE',  ( -0.3200000000000007838, -2.695554967719985040, 2.779999999999999361 ) ) ;
#3954 = EDGE_CURVE ( 'NONE', #189, #4477, #5690, .T. ) ;
#3955 =( REPRESENTATION_RELATIONSHIP ('NONE','NONE', #2653, #265 ) REPRESENTATION_RELATIONSHIP_WITH_TRANSFORMATION ( #4953 )SHAPE_REPRESENTATION_RELATIONSHIP( ) );
#3956 = DIRECTION ( 'NONE',  ( -0.3236155771181829510, 0.8891264907159894815, -0.3236155771181829510 ) ) ;
#3957 = CIRCLE ( 'NONE', #3523, 0.2500000000000002220 ) ;
#3958 = DIRECTION ( 'NONE',  ( 0.000000000000000000, 0.000000000000000000, -1.000000000000000000 ) ) ;
#3959 = DIRECTION ( 'NONE',  ( -0.000000000000000000, -1.000000000000000000, -0.000000000000000000 ) ) ;
#3960 = CARTESIAN_POINT ( 'NONE',  ( 3.195675813381278818, 10.23438378227294798, -5.570000000000007390 ) ) ;
#3961 = LINE ( 'NONE', #1995, #5196 ) ;
#3962 = CARTESIAN_POINT ( 'NONE',  ( -2.700000000000000622, 10.30000000000000249, -5.570000000000000284 ) ) ;
#3963 = EDGE_CURVE ( 'NONE', #188, #8292, #8479, .T. ) ;
#3964 = VERTEX_POINT ( 'NONE', #2957 ) ;
#3965 = EDGE_LOOP ( 'NONE', ( #503, #5684, #2527, #7449 ) ) ;
#3966 = CARTESIAN_POINT ( 'NONE',  ( -2.399999999999996358, 28.50378091196238373, 4.600000000000000533 ) ) ;
#3967 = DIRECTION ( 'NONE',  ( -1.000000000000000000, 0.000000000000000000, 3.836157981375497286E-15 ) ) ;
#3968 = CARTESIAN_POINT ( 'NONE',  ( 2.319999999999998064, 16.60000000000000142, 2.779999999999999361 ) ) ;
#3969 = LINE ( 'NONE', #462, #4997 ) ;
#3970 = DIRECTION ( 'NONE',  ( 0.000000000000000000, -1.000000000000000000, 0.000000000000000000 ) ) ;
#3971 = EDGE_LOOP ( 'NONE', ( #1029, #2561, #1142, #5878 ) ) ;
#3972 = DIRECTION ( 'NONE',  ( -1.275531967630005739E-16, 0.000000000000000000, -1.000000000000000000 ) ) ;
#3973 = CARTESIAN_POINT ( 'NONE',  ( 2.399999999999996358, 4.500000000000000888, 4.600000000000000533 ) ) ;
#3974 = EDGE_LOOP ( 'NONE', ( #7714, #2345, #6706, #5541 ) ) ;
#3975 = ORIENTED_EDGE ( 'NONE', *, *, #4835, .T. ) ;
#3976 = ORIENTED_EDGE ( 'NONE', *, *, #1065, .F. ) ;
#3977 = LINE ( 'NONE', #3477, #772 ) ;
#3978 = CARTESIAN_POINT ( 'NONE',  ( 2.094999999999997531, 9.700000000000001066, 3.194999999999998952 ) ) ;
#3979 = DIRECTION ( 'NONE',  ( 0.4226182617407007180, 0.000000000000000000, -0.9063077870366493816 ) ) ;
#3980 = CARTESIAN_POINT ( 'NONE',  ( 2.320000000000004281, 4.500000000000000888, 5.699999999999999289 ) ) ;
#3981 = LINE ( 'NONE', #1983, #4304 ) ;
#3982 = EDGE_LOOP ( 'NONE', ( #2379, #2411, #2934, #5026, #3742, #6575, #6392, #3366, #7307, #4655, #2285, #3359, #8716, #842 ) ) ;
#3983 = ORIENTED_EDGE ( 'NONE', *, *, #514, .T. ) ;
#3984 = CARTESIAN_POINT ( 'NONE',  ( -1.831048351012630970, -3.245831630228683817, -1.220000000000000639 ) ) ;
#3985 = ADVANCED_FACE ( 'NONE', ( #5650 ), #5114, .F. ) ;
#3986 = CARTESIAN_POINT ( 'NONE',  ( 3.399999999999995914, 4.900000000000000355, -3.199999999999999289 ) ) ;
#3987 = CARTESIAN_POINT ( 'NONE',  ( 4.899999999999997691, 16.60000000000000142, 3.599999999999996980 ) ) ;
#3988 = B_SPLINE_CURVE_WITH_KNOTS ( 'NONE', 3,
 ( #170, #4776, #2389, #7473, #876, #1412 ),
 .UNSPECIFIED., .F., .F.,
 ( 4, 2, 4 ),
 ( -4.242660169319190694E-06, 0.0002794316691539287345, 0.0005631059984771766410 ),
 .UNSPECIFIED. ) ;
#3989 = VERTEX_POINT ( 'NONE', #915 ) ;
#3990 = EDGE_CURVE ( 'NONE', #4645, #5528, #5076, .T. ) ;
#3991 = CARTESIAN_POINT ( 'NONE',  ( -0.3199999999999934563, 16.60000000000000142, -0.5800000000000006262 ) ) ;
#3992 = EDGE_CURVE ( 'NONE', #1280, #1145, #3065, .T. ) ;
#3993 = DIRECTION ( 'NONE',  ( 1.000000000000000000, 0.000000000000000000, -0.000000000000000000 ) ) ;
#3994 = PLANE ( 'NONE',  #1213 ) ;
#3995 = DIRECTION ( 'NONE',  ( 0.000000000000000000, 0.000000000000000000, -1.000000000000000000 ) ) ;
#3996 = EDGE_CURVE ( 'NONE', #895, #6819, #1048, .T. ) ;
#3997 = CARTESIAN_POINT ( 'NONE',  ( -4.899999999999996803, 1.000000000000000000, -0.3999999999999998002 ) ) ;
#3998 = AXIS2_PLACEMENT_3D ( 'NONE', #4800, #8118, #3479 ) ;
#3999 = LINE ( 'NONE', #4661, #2484 ) ;
#4000 = ORIENTED_EDGE ( 'NONE', *, *, #5859, .T. ) ;
#4001 = ORIENTED_EDGE ( 'NONE', *, *, #6950, .F. ) ;
#4002 = CARTESIAN_POINT ( 'NONE',  ( 1.951563910473907981E-15, 4.500000000000000888, 5.999999999999994671 ) ) ;
#4003 = DIRECTION ( 'NONE',  ( 1.000000000000000000, -0.000000000000000000, -0.000000000000000000 ) ) ;
#4004 = VECTOR ( 'NONE', #1019, 1000.000000000000000 ) ;
#4005 = LINE ( 'NONE', #8552, #1320 ) ;
#4006 = LINE ( 'NONE', #7982, #7535 ) ;
#4007 = EDGE_LOOP ( 'NONE', ( #5064, #3517, #1333, #1864 ) ) ;
#4008 = FACE_OUTER_BOUND ( 'NONE', #6153, .T. ) ;
#4009 = LINE ( 'NONE', #1931, #6726 ) ;
#4010 =( NAMED_UNIT ( * ) SI_UNIT ( $, .STERADIAN. ) SOLID_ANGLE_UNIT ( ) );
#4011 = ORIENTED_EDGE ( 'NONE', *, *, #774, .F. ) ;
#4012 = ORIENTED_EDGE ( 'NONE', *, *, #5865, .T. ) ;
#4013 = ORIENTED_EDGE ( 'NONE', *, *, #677, .F. ) ;
#4014 = VECTOR ( 'NONE', #267, 1000.000000000000000 ) ;
#4015 = SURFACE_STYLE_FILL_AREA ( #5339 ) ;
#4016 = CARTESIAN_POINT ( 'NONE',  ( 2.323186965781464330, -2.687106216916753887, 2.779999999999999361 ) ) ;
#4017 = DIRECTION ( 'NONE',  ( 0.000000000000000000, -1.000000000000000000, 0.000000000000000000 ) ) ;
#4018 = CARTESIAN_POINT ( 'NONE',  ( -3.399999999999996358, 16.19999999999999929, -3.199999999999999289 ) ) ;
#4019 = VECTOR ( 'NONE', #7092, 1000.000000000000000 ) ;
#4020 = CARTESIAN_POINT ( 'NONE',  ( -4.899999999999996803, -1.000000000000000000, 2.599999999999998757 ) ) ;
#4021 = VECTOR ( 'NONE', #4316, 1000.000000000000000 ) ;
#4022 = VECTOR ( 'NONE', #4900, 1000.000000000000000 ) ;
#4023 = ORIENTED_EDGE ( 'NONE', *, *, #1601, .F. ) ;
#4024 = CARTESIAN_POINT ( 'NONE',  ( -2.323186965781464330, -2.687106216916753443, 2.779999999999999361 ) ) ;
#4025 = VECTOR ( 'NONE', #6927, 1000.000000000000000 ) ;
#4026 = DIRECTION ( 'NONE',  ( 0.000000000000000000, -1.000000000000000000, 0.000000000000000000 ) ) ;
#4027 = VERTEX_POINT ( 'NONE', #6317 ) ;
#4028 = PRODUCT_DEFINITION_FORMATION_WITH_SPECIFIED_SOURCE ( 'ANY', '', #623, .NOT_KNOWN. ) ;
#4029 = CARTESIAN_POINT ( 'NONE',  ( 2.323186965781470992, -2.687106216916759660, -1.220000000000000639 ) ) ;
#4030 = EDGE_CURVE ( 'NONE', #8292, #8037, #3353, .T. ) ;
#4031 = ORIENTED_EDGE ( 'NONE', *, *, #8345, .F. ) ;
#4032 = CARTESIAN_POINT ( 'NONE',  ( 2.399999999999992806, 11.00000000000000000, -5.100000000000000533 ) ) ;
#4033 = EDGE_CURVE ( 'NONE', #1636, #1403, #1629, .T. ) ;
#4034 = EDGE_CURVE ( 'NONE', #2029, #1850, #7027, .T. ) ;
#4035 = CARTESIAN_POINT ( 'NONE',  ( -0.3200000000000008948, -3.299999999999999378, 3.199999999999999734 ) ) ;
#4036 = VECTOR ( 'NONE', #7515, 1000.000000000000000 ) ;
#4037 = VECTOR ( 'NONE', #8021, 1000.000000000000000 ) ;
#4038 = CARTESIAN_POINT ( 'NONE',  ( -1.060107702553497955, 11.00000000000000000, -5.099999999999998757 ) ) ;
#4039 = ADVANCED_FACE ( 'NONE', ( #3752 ), #1006, .T. ) ;
#4040 = CARTESIAN_POINT ( 'NONE',  ( 2.399999999999996358, 4.900000000000000355, 3.600000000000000533 ) ) ;
#4041 = PLANE ( 'NONE',  #5725 ) ;
#4042 = AXIS2_PLACEMENT_3D ( 'NONE', #1633, #4986, #7078 ) ;
#4043 = VECTOR ( 'NONE', #7472, 1000.000000000000000 ) ;
#4044 = ORIENTED_EDGE ( 'NONE', *, *, #521, .T. ) ;
#4045 = ORIENTED_EDGE ( 'NONE', *, *, #6233, .F. ) ;
#4046 = DIRECTION ( 'NONE',  ( -1.000000000000000000, 0.000000000000000000, -0.000000000000000000 ) ) ;
#4047 = CARTESIAN_POINT ( 'NONE',  ( -1.826579095035064036E-15, -2.695554967719985928, 2.779999999999999361 ) ) ;
#4048 = FACE_OUTER_BOUND ( 'NONE', #4358, .T. ) ;
#4049 = LINE ( 'NONE', #6824, #7822 ) ;
#4050 = AXIS2_PLACEMENT_3D ( 'NONE', #5827, #7214, #7123 ) ;
#4051 = CARTESIAN_POINT ( 'NONE',  ( -1.679999999999994609, 9.081817580622695729, -1.220000000000000639 ) ) ;
#4052 = VECTOR ( 'NONE', #829, 1000.000000000000000 ) ;
#4053 = EDGE_LOOP ( 'NONE', ( #7374, #8124, #7330, #3362 ) ) ;
#4054 = EDGE_CURVE ( 'NONE', #3373, #2310, #8001, .T. ) ;
#4055 = CARTESIAN_POINT ( 'NONE',  ( 2.535381069091584560, -1.075331984002939167, -0.5800000000000006262 ) ) ;
#4056 = FACE_OUTER_BOUND ( 'NONE', #4796, .T. ) ;
#4057 = SHAPE_REPRESENTATION_RELATIONSHIP ( 'NONE' , 'NONE' ,  #265, #1554 ) ;
#4058 = ORIENTED_EDGE ( 'NONE', *, *, #3411, .F. ) ;
#4059 = VERTEX_POINT ( 'NONE', #6582 ) ;
#4060 = VECTOR ( 'NONE', #5516, 1000.000000000000000 ) ;
#4061 = ORIENTED_EDGE ( 'NONE', *, *, #770, .F. ) ;
#4062 = AXIS2_PLACEMENT_3D ( 'NONE', #4461, #1811, #7863 ) ;
#4063 = LINE ( 'NONE', #2184, #346 ) ;
#4064 = CARTESIAN_POINT ( 'NONE',  ( 4.899999999999998579, 1.000000000000000000, 3.599999999999996980 ) ) ;
#4065 = CARTESIAN_POINT ( 'NONE',  ( 2.203692487362638073E-18, 28.50378091196238373, -4.194444401457429805 ) ) ;
#4066 = CARTESIAN_POINT ( 'NONE',  ( -2.323186965781458113, -2.687106216916759216, -1.220000000000000639 ) ) ;
#4067 = DIRECTION ( 'NONE',  ( 0.000000000000000000, 0.000000000000000000, -1.000000000000000000 ) ) ;
#4068 = ADVANCED_FACE ( 'NONE', ( #2652 ), #7159, .F. ) ;
#4069 = EDGE_CURVE ( 'NONE', #4766, #225, #526, .T. ) ;
#4070 = EDGE_LOOP ( 'NONE', ( #7299, #8488, #4575, #7670, #2233, #6762, #4061, #4290, #59, #10, #7692, #3316, #1888, #3495, #4101, #5014 ) ) ;
#4071 = PRESENTATION_STYLE_ASSIGNMENT (( #8125 ) ) ;
#4072 = DIRECTION ( 'NONE',  ( 5.500731610404397960E-16, 0.000000000000000000, 1.000000000000000000 ) ) ;
#4073 = ORIENTED_EDGE ( 'NONE', *, *, #4034, .T. ) ;
#4074 = AXIS2_PLACEMENT_3D ( 'NONE', #5239, #7803, #1750 ) ;
#4075 = CARTESIAN_POINT ( 'NONE',  ( 1.680000000000000160, 1.000000000000000000, 2.779999999999999361 ) ) ;
#4076 = ORIENTED_EDGE ( 'NONE', *, *, #7534, .F. ) ;
#4077 = VECTOR ( 'NONE', #1068, 1000.000000000000000 ) ;
#4078 = ORIENTED_EDGE ( 'NONE', *, *, #4149, .T. ) ;
#4079 = CARTESIAN_POINT ( 'NONE',  ( -0.8499999999999999778, 16.40000000000000213, 4.800000000000001599 ) ) ;
#4080 = CIRCLE ( 'NONE', #6046, 0.2500000000000000000 ) ;
#4081 = DIRECTION ( 'NONE',  ( -1.000000000000000000, 0.000000000000000000, 0.000000000000000000 ) ) ;
#4082 = PLANE ( 'NONE',  #5825 ) ;
#4083 = VECTOR ( 'NONE', #3888, 1000.000000000000000 ) ;
#4084 = VECTOR ( 'NONE', #2963, 1000.000000000000000 ) ;
#4085 = ORIENTED_EDGE ( 'NONE', *, *, #7926, .T. ) ;
#4086 = FACE_OUTER_BOUND ( 'NONE', #2826, .T. ) ;
#4087 = DIRECTION ( 'NONE',  ( 0.000000000000000000, 0.000000000000000000, -1.000000000000000000 ) ) ;
#4088 = EDGE_LOOP ( 'NONE', ( #5210, #2483, #4376, #6736 ) ) ;
#4089 = VECTOR ( 'NONE', #4603, 1000.000000000000114 ) ;
#4090 = CARTESIAN_POINT ( 'NONE',  ( -3.200000000000000622, 16.60000000000000142, -5.568543856465400843 ) ) ;
#4091 = CARTESIAN_POINT ( 'NONE',  ( 0.8500000000000041966, 0.000000000000000000, 6.149999999999999467 ) ) ;
#4092 = DIRECTION ( 'NONE',  ( -0.9396926207859077618, 0.3420201433256703782, 0.000000000000000000 ) ) ;
#4093 = ADVANCED_FACE ( 'NONE', ( #8520 ), #6534, .F. ) ;
#4094 = DIRECTION ( 'NONE',  ( 1.084202172485503448E-16, 0.000000000000000000, 1.000000000000000000 ) ) ;
#4095 = CARTESIAN_POINT ( 'NONE',  ( 2.320000000000006501, 0.9999999999999945599, -1.220000000000000639 ) ) ;
#4096 = ORIENTED_EDGE ( 'NONE', *, *, #6944, .T. ) ;
#4097 = CARTESIAN_POINT ( 'NONE',  ( 1.199999999999978639, 11.00000000000000000, -5.400000000000003020 ) ) ;
#4098 = DIRECTION ( 'NONE',  ( -0.000000000000000000, -1.000000000000000000, -0.000000000000000000 ) ) ;
#4099 = PRODUCT_DEFINITION_SHAPE ( 'NONE', 'NONE',  #7953 ) ;
#4100 = EDGE_CURVE ( 'NONE', #5121, #6114, #5159, .T. ) ;
#4101 = ORIENTED_EDGE ( 'NONE', *, *, #5663, .T. ) ;
#4102 = ORIENTED_EDGE ( 'NONE', *, *, #7651, .T. ) ;
#4103 = ORIENTED_EDGE ( 'NONE', *, *, #390, .F. ) ;
#4104 = EDGE_CURVE ( 'NONE', #4270, #4689, #4552, .T. ) ;
#4105 = EDGE_CURVE ( 'NONE', #1052, #8527, #1140, .T. ) ;
#4106 = CARTESIAN_POINT ( 'NONE',  ( -3.179341891956465105, 10.11099462531734261, -5.575483757897056414 ) ) ;
#4107 = DIRECTION ( 'NONE',  ( 0.000000000000000000, 1.000000000000000000, 0.000000000000000000 ) ) ;
#4108 = CARTESIAN_POINT ( 'NONE',  ( -0.9000000000000000222, 0.2500000000000000000, 6.100000000000000533 ) ) ;
#4109 = CARTESIAN_POINT ( 'NONE',  ( 2.505263157894717985, 4.500000000000000888, -4.194444401457439575 ) ) ;
#4110 = EDGE_CURVE ( 'NONE', #4689, #3642, #8699, .T. ) ;
#4111 = CARTESIAN_POINT ( 'NONE',  ( 2.077033263131797813, 9.749363203846662884, 3.022966736868199611 ) ) ;
#4112 = DIRECTION ( 'NONE',  ( -0.000000000000000000, -0.000000000000000000, 1.000000000000000000 ) ) ;
#4113 = ORIENTED_EDGE ( 'NONE', *, *, #903, .F. ) ;
#4114 = EDGE_LOOP ( 'NONE', ( #5057, #636, #3682, #2054 ) ) ;
#4115 = CARTESIAN_POINT ( 'NONE',  ( -2.399999999999996358, 16.40000000000000213, 3.600000000000000533 ) ) ;
#4116 = DIRECTION ( 'NONE',  ( -1.000000000000000000, 0.000000000000000000, -1.084202172485503448E-16 ) ) ;
#4117 = EDGE_LOOP ( 'NONE', ( #6200, #998, #2328, #8685 ) ) ;
#4118 = DIRECTION ( 'NONE',  ( -1.000000000000000000, 0.000000000000000000, 3.836157981375497286E-15 ) ) ;
#4119 = DIRECTION ( 'NONE',  ( 1.000000000000000000, 0.000000000000000000, 0.000000000000000000 ) ) ;
#4120 = ORIENTED_EDGE ( 'NONE', *, *, #3144, .F. ) ;
#4121 = ORIENTED_EDGE ( 'NONE', *, *, #996, .T. ) ;
#4122 = FACE_OUTER_BOUND ( 'NONE', #979, .T. ) ;
#4123 = DIRECTION ( 'NONE',  ( 1.275531967630005492E-16, 0.000000000000000000, 1.000000000000000000 ) ) ;
#4124 = CARTESIAN_POINT ( 'NONE',  ( -1.681253862587372305, -2.659841777251804817, -1.220000000000000639 ) ) ;
#4125 = ORIENTED_EDGE ( 'NONE', *, *, #7220, .T. ) ;
#4126 = CARTESIAN_POINT ( 'NONE',  ( 6.437450399132683366E-15, -5.421010862427522959E-15, -0.5800000000000006262 ) ) ;
#4127 = CARTESIAN_POINT ( 'NONE',  ( -0.7500000000000000000, 16.40000000000000213, 5.999999999999995559 ) ) ;
#4128 = ORIENTED_EDGE ( 'NONE', *, *, #1178, .F. ) ;
#4129 = PLANE ( 'NONE',  #890 ) ;
#4130 = CARTESIAN_POINT ( 'NONE',  ( 4.649999999999995026, 0.2500000000000002220, -1.400000000000004796 ) ) ;
#4131 = DIRECTION ( 'NONE',  ( -1.275531967630005492E-16, -0.000000000000000000, -1.000000000000000000 ) ) ;
#4132 = CARTESIAN_POINT ( 'NONE',  ( 2.320000000000004281, 9.081817580622699282, -1.220000000000000639 ) ) ;
#4133 = VECTOR ( 'NONE', #7511, 1000.000000000000000 ) ;
#4134 = CARTESIAN_POINT ( 'NONE',  ( -1.681253862587378967, -2.659841777251799044, 2.779999999999999361 ) ) ;
#4135 = ORIENTED_EDGE ( 'NONE', *, *, #5587, .T. ) ;
#4136 = CARTESIAN_POINT ( 'NONE',  ( 1.680000000000001048, 9.081817580622701058, 2.779999999999999361 ) ) ;
#4137 = DIRECTION ( 'NONE',  ( 0.000000000000000000, 0.000000000000000000, -1.000000000000000000 ) ) ;
#4138 = ORIENTED_EDGE ( 'NONE', *, *, #4375, .T. ) ;
#4139 = ORIENTED_EDGE ( 'NONE', *, *, #2832, .F. ) ;
#4140 = EDGE_CURVE ( 'NONE', #4239, #4730, #5949, .T. ) ;
#4141 = ORIENTED_EDGE ( 'NONE', *, *, #6681, .F. ) ;
#4142 = DIRECTION ( 'NONE',  ( 5.421010862427532031E-16, 0.000000000000000000, 1.000000000000000000 ) ) ;
#4143 = EDGE_CURVE ( 'NONE', #779, #3561, #2514, .T. ) ;
#4144 = CARTESIAN_POINT ( 'NONE',  ( 1.607973257203528794, -3.216463236979166584, 3.005000000000000782 ) ) ;
#4145 = ADVANCED_FACE ( 'NONE', ( #1095 ), #2598, .F. ) ;
#4146 = DIRECTION ( 'NONE',  ( 1.000000000000000000, 0.000000000000000000, -6.776263578034403699E-16 ) ) ;
#4147 = CIRCLE ( 'NONE', #5686, 1.000000000000000000 ) ;
#4148 = DIRECTION ( 'NONE',  ( 0.000000000000000000, 0.000000000000000000, 1.000000000000000000 ) ) ;
#4149 = EDGE_CURVE ( 'NONE', #1091, #688, #660, .T. ) ;
#4150 = CARTESIAN_POINT ( 'NONE',  ( 0.3200000000000056133, 4.500000000000003553, -0.5800000000000006262 ) ) ;
#4151 = ORIENTED_EDGE ( 'NONE', *, *, #8733, .F. ) ;
#4152 = VERTEX_POINT ( 'NONE', #3803 ) ;
#4153 = LINE ( 'NONE', #7637, #5449 ) ;
#4154 = VECTOR ( 'NONE', #5406, 1000.000000000000114 ) ;
#4155 = DIRECTION ( 'NONE',  ( -1.000000000000000000, 0.000000000000000000, -0.000000000000000000 ) ) ;
#4156 = VECTOR ( 'NONE', #5098, 1000.000000000000227 ) ;
#4157 = EDGE_CURVE ( 'NONE', #6110, #8506, #3225, .T. ) ;
#4158 = CARTESIAN_POINT ( 'NONE',  ( -2.600000000000004530, 11.00000000000000000, -5.699999999999997513 ) ) ;
#4159 = ORIENTED_EDGE ( 'NONE', *, *, #2250, .T. ) ;
#4160 = ORIENTED_EDGE ( 'NONE', *, *, #2077, .T. ) ;
#4161 = VECTOR ( 'NONE', #7370, 1000.000000000000000 ) ;
#4162 = DIRECTION ( 'NONE',  ( 0.000000000000000000, -0.000000000000000000, 1.000000000000000000 ) ) ;
#4163 = VECTOR ( 'NONE', #6881, 1000.000000000000000 ) ;
#4164 = DIRECTION ( 'NONE',  ( -1.000000000000000000, 0.000000000000000000, 5.981805089575213947E-16 ) ) ;
#4165 = PLANE ( 'NONE',  #4968 ) ;
#4166 = ORIENTED_EDGE ( 'NONE', *, *, #7839, .T. ) ;
#4167 = FACE_BOUND ( 'NONE', #2831, .T. ) ;
#4168 = DIRECTION ( 'NONE',  ( 0.9762960071199331402, 0.2164396139381038475, -0.000000000000000000 ) ) ;
#4169 = EDGE_LOOP ( 'NONE', ( #456, #4012, #1568, #3059 ) ) ;
#4170 = ADVANCED_FACE ( 'NONE', ( #7910 ), #7206, .T. ) ;
#4171 = AXIS2_PLACEMENT_3D ( 'NONE', #1657, #7793, #4356 ) ;
#4172 = EDGE_CURVE ( 'NONE', #2505, #2765, #7948, .T. ) ;
#4173 = DIRECTION ( 'NONE',  ( -0.3502073812594687086, 0.9366721892483972356, 0.000000000000000000 ) ) ;
#4174 = CARTESIAN_POINT ( 'NONE',  ( -1.199999999999999512, 9.999999999999998224, -5.399999999999998579 ) ) ;
#4175 = AXIS2_PLACEMENT_3D ( 'NONE', #724, #6753, #2106 ) ;
#4176 = DIRECTION ( 'NONE',  ( 0.3236155771181851160, -0.8891264907159885933, -0.3236155771181835616 ) ) ;
#4177 = LINE ( 'NONE', #6338, #6162 ) ;
#4178 = ORIENTED_EDGE ( 'NONE', *, *, #4634, .F. ) ;
#4179 = DIRECTION ( 'NONE',  ( -0.000000000000000000, -1.000000000000000000, -0.000000000000000000 ) ) ;
#4180 = VECTOR ( 'NONE', #5094, 1000.000000000000000 ) ;
#4181 = DIRECTION ( 'NONE',  ( -1.000000000000000000, 0.000000000000000000, -0.000000000000000000 ) ) ;
#4182 = ORIENTED_EDGE ( 'NONE', *, *, #7088, .F. ) ;
#4183 = VERTEX_POINT ( 'NONE', #568 ) ;
#4184 = ORIENTED_EDGE ( 'NONE', *, *, #2567, .T. ) ;
#4185 = CARTESIAN_POINT ( 'NONE',  ( -2.679565945717225173, 9.800000000000000711, -5.684319400156755187 ) ) ;
#4186 = VECTOR ( 'NONE', #2924, 1000.000000000000000 ) ;
#4187 = DIRECTION ( 'NONE',  ( 0.000000000000000000, -1.000000000000000000, 0.000000000000000000 ) ) ;
#4188 = VECTOR ( 'NONE', #3489, 1000.000000000000000 ) ;
#4189 = DIRECTION ( 'NONE',  ( 1.000000000000000000, 0.000000000000000000, -0.000000000000000000 ) ) ;
#4190 = FACE_BOUND ( 'NONE', #4070, .T. ) ;
#4191 = CARTESIAN_POINT ( 'NONE',  ( -1.679999999999994609, 9.081817580622699282, -0.5800000000000006262 ) ) ;
#4192 = VECTOR ( 'NONE', #8211, 999.9999999999998863 ) ;
#4193 = AXIS2_PLACEMENT_3D ( 'NONE', #3167, #6525, #2292 ) ;
#4194 = VECTOR ( 'NONE', #1229, 1000.000000000000000 ) ;
#4195 = EDGE_CURVE ( 'NONE', #5958, #8715, #1182, .T. ) ;
#4196 = VERTEX_POINT ( 'NONE', #5296 ) ;
#4197 = EDGE_LOOP ( 'NONE', ( #61, #4001, #1389, #1962 ) ) ;
#4198 = ADVANCED_FACE ( 'NONE', ( #8651 ), #1943, .T. ) ;
#4199 = CARTESIAN_POINT ( 'NONE',  ( -1.199999999999999512, 11.00000000000000000, -5.399999999999998579 ) ) ;
#4200 = ADVANCED_FACE ( 'NONE', ( #7538 ), #8707, .T. ) ;
#4201 = PLANE ( 'NONE',  #6728 ) ;
#4202 = DIRECTION ( 'NONE',  ( -1.000000000000000000, -0.000000000000000000, 1.275531967630005739E-16 ) ) ;
#4203 = DIRECTION ( 'NONE',  ( -0.7071067811865536790, 0.000000000000000000, 0.7071067811865414665 ) ) ;
#4204 = EDGE_CURVE ( 'NONE', #2267, #4295, #2147, .T. ) ;
#4205 = VERTEX_POINT ( 'NONE', #3357 ) ;
#4206 = VERTEX_POINT ( 'NONE', #155 ) ;
#4207 = VERTEX_POINT ( 'NONE', #7455 ) ;
#4208 = CYLINDRICAL_SURFACE ( 'NONE', #970, 0.2500000000000002220 ) ;
#4209 = ADVANCED_FACE ( 'NONE', ( #650 ), #1483, .F. ) ;
#4210 = DIRECTION ( 'NONE',  ( 0.000000000000000000, 1.000000000000000000, 0.000000000000000000 ) ) ;
#4211 = DIRECTION ( 'NONE',  ( 0.1305261922200516289, -0.9914448613738103822, 0.000000000000000000 ) ) ;
#4212 = ORIENTED_EDGE ( 'NONE', *, *, #220, .T. ) ;
#4213 = EDGE_CURVE ( 'NONE', #4977, #3547, #4679, .T. ) ;
#4214 = VECTOR ( 'NONE', #7921, 1000.000000000000000 ) ;
#4215 = DIRECTION ( 'NONE',  ( 0.000000000000000000, -1.000000000000000000, -0.000000000000000000 ) ) ;
#4216 =( NAMED_UNIT ( * ) PLANE_ANGLE_UNIT ( ) SI_UNIT ( $, .RADIAN. ) );
#4217 = VERTEX_POINT ( 'NONE', #2854 ) ;
#4218 = AXIS2_PLACEMENT_3D ( 'NONE', #8378, #995, #3658 ) ;
#4219 = PLANE ( 'NONE',  #8445 ) ;
#4220 = CIRCLE ( 'NONE', #5625, 0.5000000000000004441 ) ;
#4221 = CARTESIAN_POINT ( 'NONE',  ( -2.319999999999998064, 9.700000000000001066, 2.779999999999999361 ) ) ;
#4222 = CARTESIAN_POINT ( 'NONE',  ( 0.000000000000000000, 0.000000000000000000, 3.419999999999999485 ) ) ;
#4223 = PLANE ( 'NONE',  #5277 ) ;
#4224 = DIRECTION ( 'NONE',  ( 3.903127820947815962E-15, 0.000000000000000000, 1.000000000000000000 ) ) ;
#4225 = ORIENTED_EDGE ( 'NONE', *, *, #7220, .F. ) ;
#4226 = FACE_OUTER_BOUND ( 'NONE', #1252, .T. ) ;
#4227 = CARTESIAN_POINT ( 'NONE',  ( 2.400000000000014122, 28.50378091196238373, 4.599999999999991651 ) ) ;
#4228 = AXIS2_PLACEMENT_3D ( 'NONE', #3101, #7212, #3714 ) ;
#4229 = ORIENTED_EDGE ( 'NONE', *, *, #4411, .T. ) ;
#4230 = ORIENTED_EDGE ( 'NONE', *, *, #4839, .T. ) ;
#4231 = ORIENTED_EDGE ( 'NONE', *, *, #3144, .T. ) ;
#4232 = DIRECTION ( 'NONE',  ( -0.000000000000000000, -1.000000000000000000, -0.000000000000000000 ) ) ;
#4233 = DIRECTION ( 'NONE',  ( 0.000000000000000000, 0.000000000000000000, -1.000000000000000000 ) ) ;
#4235 = CARTESIAN_POINT ( 'NONE',  ( -0.7499999999999998890, 4.500000000000000888, 5.699999999999999289 ) ) ;
#4234 = VECTOR ( 'NONE', #6634, 1000.000000000000000 ) ;
#4236 = CARTESIAN_POINT ( 'NONE',  ( -2.319999999999998064, 9.081817580622704611, 3.419999999999999485 ) ) ;
#4237 = DIRECTION ( 'NONE',  ( 0.000000000000000000, -1.000000000000000000, 0.000000000000000000 ) ) ;
#4238 = ORIENTED_EDGE ( 'NONE', *, *, #4941, .F. ) ;
#4239 = VERTEX_POINT ( 'NONE', #4191 ) ;
#4240 = ORIENTED_EDGE ( 'NONE', *, *, #2137, .T. ) ;
#4241 = DIRECTION ( 'NONE',  ( 0.9366721892483972356, -0.3502073812594687086, 0.000000000000000000 ) ) ;
#4242 = CARTESIAN_POINT ( 'NONE',  ( 0.3500000000000000333, 4.900000000000000355, 4.700000000000000178 ) ) ;
#4243 = DIRECTION ( 'NONE',  ( 0.000000000000000000, -1.000000000000000000, 0.000000000000000000 ) ) ;
#4244 = DIRECTION ( 'NONE',  ( 0.000000000000000000, 0.000000000000000000, 1.000000000000000000 ) ) ;
#4245 = CARTESIAN_POINT ( 'NONE',  ( -1.046446609406729511, 1.536630573000289699E-16, 5.996446609406730133 ) ) ;
#4246 = EDGE_LOOP ( 'NONE', ( #1475, #4128, #8264, #4502 ) ) ;
#4247 = ORIENTED_EDGE ( 'NONE', *, *, #800, .F. ) ;
#4248 = EDGE_LOOP ( 'NONE', ( #2497, #2425, #5703, #4455 ) ) ;
#4249 = EDGE_CURVE ( 'NONE', #7941, #866, #2727, .T. ) ;
#4250 = LINE ( 'NONE', #168, #4084 ) ;
#4251 = DIRECTION ( 'NONE',  ( -0.3502073812594687086, -0.9366721892483971246, 0.000000000000000000 ) ) ;
#4252 = DIRECTION ( 'NONE',  ( -1.000000000000000000, -1.342665229084215866E-16, 0.000000000000000000 ) ) ;
#4253 = ADVANCED_FACE ( 'NONE', ( #2691 ), #823, .F. ) ;
#4254 = VERTEX_POINT ( 'NONE', #5550 ) ;
#4255 = DIRECTION ( 'NONE',  ( -1.000000000000000000, 0.000000000000000000, 0.000000000000000000 ) ) ;
#4256 = EDGE_CURVE ( 'NONE', #1038, #7659, #6713, .T. ) ;
#4257 = SURFACE_SIDE_STYLE ('',( #6033 ) ) ;
#4258 = EDGE_LOOP ( 'NONE', ( #7938, #1838, #4964, #2593 ) ) ;
#4259 = LINE ( 'NONE', #6238, #6756 ) ;
#4260 = EDGE_CURVE ( 'NONE', #2120, #5841, #7372, .T. ) ;
#4261 = CARTESIAN_POINT ( 'NONE',  ( 0.3499999999999999778, 4.500000000000000888, 5.200000000000001066 ) ) ;
#4262 = CARTESIAN_POINT ( 'NONE',  ( -1.199999999999999512, 9.999999999999998224, -5.399999999999998579 ) ) ;
#4263 = CARTESIAN_POINT ( 'NONE',  ( -1.600000000000000089, 14.00000000000000000, -6.400000000000001243 ) ) ;
#4264 = CARTESIAN_POINT ( 'NONE',  ( -2.399999999999996358, 4.500000000000000888, 5.500000000000000888 ) ) ;
#4265 = ORIENTED_EDGE ( 'NONE', *, *, #8257, .F. ) ;
#4266 = DIRECTION ( 'NONE',  ( 0.000000000000000000, 0.000000000000000000, -1.000000000000000000 ) ) ;
#4267 = DIRECTION ( 'NONE',  ( -0.000000000000000000, 1.000000000000000000, -0.000000000000000000 ) ) ;
#4268 = VERTEX_POINT ( 'NONE', #22 ) ;
#4269 = ORIENTED_EDGE ( 'NONE', *, *, #4731, .F. ) ;
#4270 = VERTEX_POINT ( 'NONE', #1355 ) ;
#4271 =( NAMED_UNIT ( * ) PLANE_ANGLE_UNIT ( ) SI_UNIT ( $, .RADIAN. ) );
#4272 = CARTESIAN_POINT ( 'NONE',  ( 3.399999999999996803, 4.500000000000000888, 3.600000000000001421 ) ) ;
#4273 = ORIENTED_EDGE ( 'NONE', *, *, #7884, .F. ) ;
#4274 = CARTESIAN_POINT ( 'NONE',  ( 1.680000000000006599, 4.500000000000000888, 5.699999999999999289 ) ) ;
#4275 =( NAMED_UNIT ( * ) PLANE_ANGLE_UNIT ( ) SI_UNIT ( $, .RADIAN. ) );
#4276 = ORIENTED_EDGE ( 'NONE', *, *, #6738, .T. ) ;
#4277 = EDGE_LOOP ( 'NONE', ( #2554, #5374, #6901, #4496 ) ) ;
#4278 = APPLICATION_CONTEXT ( 'automotive_design' ) ;
#4279 = EDGE_CURVE ( 'NONE', #92, #7842, #5380, .T. ) ;
#4280 = VERTEX_POINT ( 'NONE', #8119 ) ;
#4281 = LINE ( 'NONE', #780, #3664 ) ;
#4282 = CARTESIAN_POINT ( 'NONE',  ( -2.399999999999996358, 16.60000000000000142, -3.199999999999999289 ) ) ;
#4283 = CIRCLE ( 'NONE', #469, 1.200000000000001066 ) ;
#4284 = DIRECTION ( 'NONE',  ( 1.039027081965279487E-15, 0.000000000000000000, 1.000000000000000000 ) ) ;
#4285 = FACE_OUTER_BOUND ( 'NONE', #2125, .T. ) ;
#4286 = UNCERTAINTY_MEASURE_WITH_UNIT (LENGTH_MEASURE( 1.000000000000000082E-05 ), #4910, 'distance_accuracy_value', 'NONE');
#4287 = CARTESIAN_POINT ( 'NONE',  ( -0.9499999999999999556, 4.500000000000000888, 3.419999999999999485 ) ) ;
#4288 = VERTEX_POINT ( 'NONE', #2771 ) ;
#4289 = ORIENTED_EDGE ( 'NONE', *, *, #7289, .F. ) ;
#4290 = ORIENTED_EDGE ( 'NONE', *, *, #8465, .F. ) ;
#4291 = CARTESIAN_POINT ( 'NONE',  ( 4.899999999999998579, 0.2499999999999993616, 3.599999999999996980 ) ) ;
#4292 = CARTESIAN_POINT ( 'NONE',  ( 1.599999999999997202, 12.49999999999999822, 1.199999999999999067 ) ) ;
#4293 = DIRECTION ( 'NONE',  ( 0.000000000000000000, 0.000000000000000000, 1.000000000000000000 ) ) ;
#4294 = AXIS2_PLACEMENT_3D ( 'NONE', #3922, #7235, #7850 ) ;
#4295 = VERTEX_POINT ( 'NONE', #7415 ) ;
#4296 = EDGE_CURVE ( 'NONE', #4845, #3579, #1307, .T. ) ;
#4297 = CARTESIAN_POINT ( 'NONE',  ( 1.680000000000001048, 9.081817580622701058, 2.779999999999999361 ) ) ;
#4298 = VECTOR ( 'NONE', #5005, 1000.000000000000000 ) ;
#4299 = VERTEX_POINT ( 'NONE', #2110 ) ;
#4300 = EDGE_CURVE ( 'NONE', #2180, #8175, #6217, .T. ) ;
#4301 = EDGE_CURVE ( 'NONE', #4945, #815, #1437, .T. ) ;
#4302 = PRESENTATION_LAYER_ASSIGNMENT (  '', '', ( #4860 ) ) ;
#4303 = CARTESIAN_POINT ( 'NONE',  ( -4.899999999999995914, 16.60000000000000142, 3.600000000000000533 ) ) ;
#4304 = VECTOR ( 'NONE', #3397, 1000.000000000000114 ) ;
#4305 = CARTESIAN_POINT ( 'NONE',  ( -0.3499999999999999778, 4.900000000000000355, 5.200000000000001066 ) ) ;
#4306 = DIRECTION ( 'NONE',  ( -0.000000000000000000, -1.000000000000000000, -0.000000000000000000 ) ) ;
#4307 = EDGE_CURVE ( 'NONE', #338, #3456, #564, .T. ) ;
#4308 = DIRECTION ( 'NONE',  ( -1.000000000000000000, 0.000000000000000000, 7.944584884591898753E-17 ) ) ;
#4309 = LINE ( 'NONE', #6957, #6597 ) ;
#4310 = ORIENTED_EDGE ( 'NONE', *, *, #7708, .T. ) ;
#4311 = DIRECTION ( 'NONE',  ( -1.000000000000000000, -2.710505431213765029E-15, 0.000000000000000000 ) ) ;
#4312 = AXIS2_PLACEMENT_3D ( 'NONE', #7405, #7087, #224 ) ;
#4313 = ORIENTED_EDGE ( 'NONE', *, *, #5388, .T. ) ;
#4314 = EDGE_LOOP ( 'NONE', ( #5717, #1848, #3661, #6289 ) ) ;
#4315 = EDGE_LOOP ( 'NONE', ( #3485, #6488, #871, #7258 ) ) ;
#4316 = DIRECTION ( 'NONE',  ( -1.000000000000000000, 0.000000000000000000, 6.776263578034403699E-16 ) ) ;
#4317 = SURFACE_STYLE_USAGE ( .BOTH. , #3607 ) ;
#4318 = DIRECTION ( 'NONE',  ( -0.000000000000000000, -1.000000000000000000, -0.000000000000000000 ) ) ;
#4319 = EDGE_CURVE ( 'NONE', #8643, #8512, #8605, .T. ) ;
#4320 = VECTOR ( 'NONE', #122, 1000.000000000000114 ) ;
#4321 = CIRCLE ( 'NONE', #501, 1.899999999999999689 ) ;
#4322 = EDGE_LOOP ( 'NONE', ( #3438, #5185, #1768, #8430 ) ) ;
#4323 = DIRECTION ( 'NONE',  ( 0.000000000000000000, -1.000000000000000000, -0.000000000000000000 ) ) ;
#4324 = LINE ( 'NONE', #1531, #6415 ) ;
#4325 = EDGE_LOOP ( 'NONE', ( #5762, #6245, #4872, #3351 ) ) ;
#4326 = ORIENTED_EDGE ( 'NONE', *, *, #123, .F. ) ;
#4327 = AXIS2_PLACEMENT_3D ( 'NONE', #6374, #318, #7751 ) ;
#4328 = ORIENTED_EDGE ( 'NONE', *, *, #5479, .T. ) ;
#4329 = LINE ( 'NONE', #1580, #6052 ) ;
#4330 = CARTESIAN_POINT ( 'NONE',  ( -4.299999999999996270, 4.500000000000000888, 3.600000000000000977 ) ) ;
#4331 = DIRECTION ( 'NONE',  ( 0.000000000000000000, -1.000000000000000000, 0.000000000000000000 ) ) ;
#4332 = VECTOR ( 'NONE', #210, 1000.000000000000227 ) ;
#4333 = VECTOR ( 'NONE', #4939, 1000.000000000000000 ) ;
#4334 = DIRECTION ( 'NONE',  ( -1.000000000000000000, 0.000000000000000000, -0.000000000000000000 ) ) ;
#4335 = EDGE_CURVE ( 'NONE', #8349, #92, #6637, .T. ) ;
#4336 = DIRECTION ( 'NONE',  ( 5.421010862427532031E-16, 0.000000000000000000, 1.000000000000000000 ) ) ;
#4337 = EDGE_LOOP ( 'NONE', ( #7875, #8604, #1985, #789, #2395, #3029, #1670, #8555, #5823, #102, #6062, #971, #7367, #746 ) ) ;
#4338 = VERTEX_POINT ( 'NONE', #4840 ) ;
#4339 = VERTEX_POINT ( 'NONE', #7584 ) ;
#4340 = LINE ( 'NONE', #307, #2946 ) ;
#4341 = DIRECTION ( 'NONE',  ( -0.9396926207859083169, -0.3420201433256691015, 0.000000000000000000 ) ) ;
#4342 = LINE ( 'NONE', #5661, #6300 ) ;
#4343 = ORIENTED_EDGE ( 'NONE', *, *, #521, .F. ) ;
#4344 = VECTOR ( 'NONE', #7581, 1000.000000000000000 ) ;
#4345 = DIRECTION ( 'NONE',  ( -0.000000000000000000, -0.000000000000000000, -1.000000000000000000 ) ) ;
#4346 = CONTEXT_DEPENDENT_SHAPE_REPRESENTATION ( #7435, #7544 ) ;
#4347 = ORIENTED_EDGE ( 'NONE', *, *, #2261, .T. ) ;
#4348 = DIRECTION ( 'NONE',  ( 0.000000000000000000, -1.000000000000000000, -0.000000000000000000 ) ) ;
#4349 = CLOSED_SHELL ( 'NONE', ( #2785, #7764, #2570, #5473, #1980, #6315, #3276, #2532, #3706, #354, #4947, #1028, #4039, #4955, #8144, #4706, #3290, #7723 ) ) ;
#4350 = DIRECTION ( 'NONE',  ( 0.3236155771181829510, -0.8891264907159894815, -0.3236155771181829510 ) ) ;
#4351 = CARTESIAN_POINT ( 'NONE',  ( 2.094999999999997531, 9.700000000000001066, 2.779999999999999361 ) ) ;
#4352 = DIRECTION ( 'NONE',  ( 1.275531967630005245E-16, -0.000000000000000000, 1.000000000000000000 ) ) ;
#4353 = CARTESIAN_POINT ( 'NONE',  ( -1.679999999999994831, 4.500000000000000888, -1.220000000000000639 ) ) ;
#4354 = VERTEX_POINT ( 'NONE', #7066 ) ;
#4355 = DIRECTION ( 'NONE',  ( -9.270474560687316079E-16, 0.3420201433256673251, 0.9396926207859089830 ) ) ;
#4356 = DIRECTION ( 'NONE',  ( 5.421010862427529073E-16, 0.000000000000000000, 1.000000000000000000 ) ) ;
#4357 = VECTOR ( 'NONE', #8206, 1000.000000000000000 ) ;
#4358 = EDGE_LOOP ( 'NONE', ( #5373, #5306, #2423, #1431 ) ) ;
#4359 = ORIENTED_EDGE ( 'NONE', *, *, #4782, .F. ) ;
#4360 = ORIENTED_EDGE ( 'NONE', *, *, #3346, .T. ) ;
#4361 = VECTOR ( 'NONE', #5441, 1000.000000000000000 ) ;
#4362 = ADVANCED_FACE ( 'NONE', ( #7671 ), #5682, .F. ) ;
#4363 = CARTESIAN_POINT ( 'NONE',  ( -1.680000000000001048, 16.60000000000000142, 2.779999999999999361 ) ) ;
#4364 = FACE_OUTER_BOUND ( 'NONE', #5489, .T. ) ;
#4365 = VECTOR ( 'NONE', #4396, 1000.000000000000114 ) ;
#4366 = LINE ( 'NONE', #7763, #485 ) ;
#4367 = EDGE_CURVE ( 'NONE', #4422, #2909, #3743, .T. ) ;
#4368 = VERTEX_POINT ( 'NONE', #7725 ) ;
#4369 = VECTOR ( 'NONE', #5039, 1000.000000000000000 ) ;
#4370 = CARTESIAN_POINT ( 'NONE',  ( -2.100000000000000089, 9.800000000000000711, -5.900000000000000355 ) ) ;
#4371 = LINE ( 'NONE', #7585, #5563 ) ;
#4372 = ORIENTED_EDGE ( 'NONE', *, *, #584, .T. ) ;
#4373 = VERTEX_POINT ( 'NONE', #386 ) ;
#4374 = ORIENTED_EDGE ( 'NONE', *, *, #7040, .T. ) ;
#4375 = EDGE_CURVE ( 'NONE', #3076, #4196, #4768, .T. ) ;
#4376 = ORIENTED_EDGE ( 'NONE', *, *, #8626, .T. ) ;
#4377 = EDGE_CURVE ( 'NONE', #803, #6186, #8680, .T. ) ;
#4378 = CARTESIAN_POINT ( 'NONE',  ( -0.3199999999999921241, 9.095554967719973405, -1.220000000000000639 ) ) ;
#4379 = VECTOR ( 'NONE', #6123, 1000.000000000000114 ) ;
#4380 = CARTESIAN_POINT ( 'NONE',  ( 2.319999999999998064, 16.60000000000000142, 3.419999999999999485 ) ) ;
#4381 = UNCERTAINTY_MEASURE_WITH_UNIT (LENGTH_MEASURE( 1.000000000000000082E-05 ), #3927, 'distance_accuracy_value', 'NONE');
#4382 = DIRECTION ( 'NONE',  ( 0.000000000000000000, 0.000000000000000000, 1.000000000000000000 ) ) ;
#4383 = VERTEX_POINT ( 'NONE', #7766 ) ;
#4384 = ORIENTED_EDGE ( 'NONE', *, *, #2083, .F. ) ;
#4385 = DIRECTION ( 'NONE',  ( 0.000000000000000000, 0.000000000000000000, 1.000000000000000000 ) ) ;
#4386 = CARTESIAN_POINT ( 'NONE',  ( -4.899999999999996803, 0.2500000000000002220, -2.400000000000000355 ) ) ;
#4387 = CARTESIAN_POINT ( 'NONE',  ( -0.3500000000000000333, 16.30000000000000071, 4.700000000000000178 ) ) ;
#4388 = ORIENTED_EDGE ( 'NONE', *, *, #6896, .F. ) ;
#4389 = LINE ( 'NONE', #4995, #7559 ) ;
#4390 = ITEM_DEFINED_TRANSFORMATION ( 'NONE', 'NONE', #495,  #7976 ) ;
#4391 = DIRECTION ( 'NONE',  ( 0.000000000000000000, -1.000000000000000000, 0.000000000000000000 ) ) ;
#4392 = DIRECTION ( 'NONE',  ( -2.480144778354862662E-16, -0.000000000000000000, -1.000000000000000000 ) ) ;
#4393 = LINE ( 'NONE', #982, #6542 ) ;
#4394 = LINE ( 'NONE', #5578, #5420 ) ;
#4395 = LINE ( 'NONE', #5050, #1077 ) ;
#4396 = DIRECTION ( 'NONE',  ( 0.4369012962294799296, -0.8392795813073637978, -0.3236155771181855600 ) ) ;
#4397 = DIRECTION ( 'NONE',  ( -0.000000000000000000, -0.000000000000000000, 1.000000000000000000 ) ) ;
#4398 = ORIENTED_EDGE ( 'NONE', *, *, #4105, .T. ) ;
#4399 = ORIENTED_EDGE ( 'NONE', *, *, #5356, .T. ) ;
#4400 = ORIENTED_EDGE ( 'NONE', *, *, #3110, .F. ) ;
#4401 = CARTESIAN_POINT ( 'NONE',  ( 1.681253862587378967, -2.659841777251799044, 3.419999999999999485 ) ) ;
#4402 = SURFACE_SIDE_STYLE ('',( #6564 ) ) ;
#4403 = CARTESIAN_POINT ( 'NONE',  ( -4.899999999999996803, 12.49999999999999822, 1.200000000000000622 ) ) ;
#4404 = CARTESIAN_POINT ( 'NONE',  ( -0.3199999999999936229, -2.695554967719990813, -1.220000000000000639 ) ) ;
#4405 = ORIENTED_EDGE ( 'NONE', *, *, #1878, .F. ) ;
#4406 = DIRECTION ( 'NONE',  ( -1.000000000000000000, 0.000000000000000000, 0.000000000000000000 ) ) ;
#4407 = EDGE_CURVE ( 'NONE', #4563, #3456, #3040, .T. ) ;
#4408 = VERTEX_POINT ( 'NONE', #5066 ) ;
#4409 = VERTEX_POINT ( 'NONE', #6350 ) ;
#4410 = ORIENTED_EDGE ( 'NONE', *, *, #1761, .F. ) ;
#4411 = EDGE_CURVE ( 'NONE', #4217, #3188, #1955, .T. ) ;
#4412 = EDGE_CURVE ( 'NONE', #2160, #599, #7105, .T. ) ;
#4413 = LINE ( 'NONE', #436, #66 ) ;
#4414 = DIRECTION ( 'NONE',  ( -0.000000000000000000, -1.000000000000000000, -0.000000000000000000 ) ) ;
#4415 = DIRECTION ( 'NONE',  ( 0.000000000000000000, 0.000000000000000000, 1.000000000000000000 ) ) ;
#4416 = EDGE_CURVE ( 'NONE', #5095, #7716, #3084, .T. ) ;
#4417 = EDGE_CURVE ( 'NONE', #2819, #7666, #3699, .T. ) ;
#4418 = DIRECTION ( 'NONE',  ( 0.000000000000000000, 0.000000000000000000, -1.000000000000000000 ) ) ;
#4419 = VECTOR ( 'NONE', #2513, 1000.000000000000000 ) ;
#4420 = LINE ( 'NONE', #6362, #7404 ) ;
#4421 = ORIENTED_EDGE ( 'NONE', *, *, #3408, .F. ) ;
#4422 = VERTEX_POINT ( 'NONE', #6441 ) ;
#4423 = DIRECTION ( 'NONE',  ( -1.000000000000000000, 0.000000000000000000, 0.000000000000000000 ) ) ;
#4424 = VECTOR ( 'NONE', #6191, 1000.000000000000000 ) ;
#4425 = DIRECTION ( 'NONE',  ( 0.000000000000000000, -0.000000000000000000, 1.000000000000000000 ) ) ;
#4426 = LINE ( 'NONE', #403, #6008 ) ;
#4427 = ADVANCED_FACE ( 'NONE', ( #1710 ), #7059, .T. ) ;
#4428 = ORIENTED_EDGE ( 'NONE', *, *, #4472, .F. ) ;
#4429 = FACE_OUTER_BOUND ( 'NONE', #5914, .T. ) ;
#4430 = DIRECTION ( 'NONE',  ( -1.000000000000000000, 0.000000000000000000, 2.480144778354862662E-16 ) ) ;
#4431 = CARTESIAN_POINT ( 'NONE',  ( -0.9499999999999999556, 4.500000000000000888, -1.220000000000000639 ) ) ;
#4432 = DIRECTION ( 'NONE',  ( 0.9396926207859099822, -0.3420201433256644385, 0.000000000000000000 ) ) ;
#4433 = CARTESIAN_POINT ( 'NONE',  ( -2.051538277672274369, 9.819410100706003064, -0.8484617223277176601 ) ) ;
#4434 = CARTESIAN_POINT ( 'NONE',  ( 1.599999999999995204, 10.30000000000000249, -6.400000000000001243 ) ) ;
#4435 = TOROIDAL_SURFACE ( 'NONE', #6979, 2.249999999999999556, 0.2500000000000000000 ) ;
#4436 = CARTESIAN_POINT ( 'NONE',  ( 2.095000000000004192, 9.699999999999995737, -1.220000000000000639 ) ) ;
#4437 = DIRECTION ( 'NONE',  ( 1.000000000000000000, 0.000000000000000000, 0.000000000000000000 ) ) ;
#4438 = AXIS2_PLACEMENT_3D ( 'NONE', #3124, #6566, #5769 ) ;
#4439 = EDGE_CURVE ( 'NONE', #1647, #7736, #6930, .T. ) ;
#4440 = EDGE_LOOP ( 'NONE', ( #3100, #5484, #7108, #7802 ) ) ;
#4441 = VERTEX_POINT ( 'NONE', #2901 ) ;
#4442 = PRODUCT_RELATED_PRODUCT_CATEGORY ( 'part', '', ( #5645 ) ) ;
#4443 = ORIENTED_EDGE ( 'NONE', *, *, #4300, .F. ) ;
#4444 = VECTOR ( 'NONE', #4112, 1000.000000000000000 ) ;
#4445 = AXIS2_PLACEMENT_3D ( 'NONE', #19, #2723, #6119 ) ;
#4446 = DIRECTION ( 'NONE',  ( 0.000000000000000000, 0.000000000000000000, -1.000000000000000000 ) ) ;
#4447 = PLANE ( 'NONE',  #2304 ) ;
#4448 = DIRECTION ( 'NONE',  ( 1.000000000000000000, -0.000000000000000000, -0.000000000000000000 ) ) ;
#4449 = FACE_OUTER_BOUND ( 'NONE', #8350, .T. ) ;
#4450 = VERTEX_POINT ( 'NONE', #5597 ) ;
#4451 = PLANE ( 'NONE',  #404 ) ;
#4452 = MECHANICAL_DESIGN_GEOMETRIC_PRESENTATION_REPRESENTATION (  '', ( #7985 ), #8397 ) ;
#4453 = ORIENTED_EDGE ( 'NONE', *, *, #2459, .T. ) ;
#4454 = ORIENTED_EDGE ( 'NONE', *, *, #3717, .F. ) ;
#4455 = ORIENTED_EDGE ( 'NONE', *, *, #5356, .F. ) ;
#4456 = AXIS2_PLACEMENT_3D ( 'NONE', #2706, #4215, #8093 ) ;
#4457 = AXIS2_PLACEMENT_3D ( 'NONE', #2846, #3471, #2807 ) ;
#4458 = DIRECTION ( 'NONE',  ( 0.000000000000000000, 0.000000000000000000, -1.000000000000000000 ) ) ;
#4459 = CARTESIAN_POINT ( 'NONE',  ( 2.242497968482767501, -3.299999999999999378, 3.194999999999998064 ) ) ;
#4460 = DIRECTION ( 'NONE',  ( 1.000000000000000000, -6.776263578034402713E-16, 0.000000000000000000 ) ) ;
#4461 = CARTESIAN_POINT ( 'NONE',  ( -0.4500000000000011768, 28.50378091196238373, 4.600000000000000533 ) ) ;
#4462 = ADVANCED_FACE ( 'NONE', ( #3613 ), #2988, .F. ) ;
#4463 = UNCERTAINTY_MEASURE_WITH_UNIT (LENGTH_MEASURE( 1.000000000000000082E-05 ), #7410, 'distance_accuracy_value', 'NONE');
#4464 = CIRCLE ( 'NONE', #2605, 2.499999999999999556 ) ;
#4465 = VECTOR ( 'NONE', #7741, 1000.000000000000227 ) ;
#4466 = CARTESIAN_POINT ( 'NONE',  ( 0.000000000000000000, 0.000000000000000000, 2.779999999999999361 ) ) ;
#4467 = ORIENTED_EDGE ( 'NONE', *, *, #5120, .F. ) ;
#4468 = ORIENTED_EDGE ( 'NONE', *, *, #1441, .T. ) ;
#4469 = EDGE_CURVE ( 'NONE', #1318, #5800, #246, .T. ) ;
#4470 = EDGE_LOOP ( 'NONE', ( #3942, #7653, #8127, #960 ) ) ;
#4471 = LINE ( 'NONE', #1861, #2808 ) ;
#4472 = EDGE_CURVE ( 'NONE', #7892, #6790, #8335, .T. ) ;
#4473 = DIRECTION ( 'NONE',  ( -0.000000000000000000, 1.000000000000000000, -0.000000000000000000 ) ) ;
#4474 = LINE ( 'NONE', #3275, #5170 ) ;
#4475 = AXIS2_PLACEMENT_3D ( 'NONE', #8305, #4504, #7195 ) ;
#4476 = VECTOR ( 'NONE', #143, 1000.000000000000000 ) ;
#4477 = VERTEX_POINT ( 'NONE', #7020 ) ;
#4478 = EDGE_CURVE ( 'NONE', #4730, #4911, #2330, .T. ) ;
#4479 = CARTESIAN_POINT ( 'NONE',  ( 1.680000000000006599, 1.000000000000004441, -0.5800000000000006262 ) ) ;
#4480 = AXIS2_PLACEMENT_3D ( 'NONE', #8258, #119, #4848 ) ;
#4481 = ADVANCED_FACE ( 'NONE', ( #3924 ), #5283, .F. ) ;
#4482 = AXIS2_PLACEMENT_3D ( 'NONE', #101, #4137, #8235 ) ;
#4483 = ITEM_DEFINED_TRANSFORMATION ( 'NONE', 'NONE', #3185,  #7976 ) ;
#4484 = AXIS2_PLACEMENT_3D ( 'NONE', #4984, #868, #1675 ) ;
#4485 = EDGE_CURVE ( 'NONE', #4408, #7641, #7939, .T. ) ;
#4486 = DIRECTION ( 'NONE',  ( 5.225070710773515974E-16, 0.000000000000000000, 1.000000000000000000 ) ) ;
#4487 = CARTESIAN_POINT ( 'NONE',  ( -2.019422874673652224, -3.270631606750493692, -0.8050000000000019362 ) ) ;
#4488 = CARTESIAN_POINT ( 'NONE',  ( 0.3200000000000067235, -2.695554967719991701, -1.220000000000000639 ) ) ;
#4489 = EDGE_CURVE ( 'NONE', #1714, #3538, #4585, .T. ) ;
#4490 = DIRECTION ( 'NONE',  ( -0.3502073812594686530, -0.9366721892483971246, 0.000000000000000000 ) ) ;
#4491 = CARTESIAN_POINT ( 'NONE',  ( 1.199999999999995737, 9.999999999999998224, -5.399999999999999467 ) ) ;
#4492 = LINE ( 'NONE', #3113, #6759 ) ;
#4493 = DIRECTION ( 'NONE',  ( 0.000000000000000000, 0.000000000000000000, -1.000000000000000000 ) ) ;
#4494 = ORIENTED_EDGE ( 'NONE', *, *, #7376, .F. ) ;
#4495 = ORIENTED_EDGE ( 'NONE', *, *, #6133, .F. ) ;
#4496 = ORIENTED_EDGE ( 'NONE', *, *, #239, .F. ) ;
#4497 = CARTESIAN_POINT ( 'NONE',  ( -2.999999999999993783, 4.900000000000000355, 3.700000000000000622 ) ) ;
#4498 =( LENGTH_UNIT ( ) NAMED_UNIT ( * ) SI_UNIT ( .MILLI., .METRE. ) );
#4499 = PRESENTATION_STYLE_ASSIGNMENT (( #3786 ) ) ;
#4500 = DIRECTION ( 'NONE',  ( 1.000000000000000000, -0.000000000000000000, -2.040851148207998138E-15 ) ) ;
#4501 = LINE ( 'NONE', #5237, #1185 ) ;
#4502 = ORIENTED_EDGE ( 'NONE', *, *, #1945, .F. ) ;
#4503 = PLANE ( 'NONE',  #5345 ) ;
#4504 = DIRECTION ( 'NONE',  ( 0.000000000000000000, -1.000000000000000000, -0.000000000000000000 ) ) ;
#4505 = AXIS2_PLACEMENT_3D ( 'NONE', #4660, #747, #4618 ) ;
#4506 = ORIENTED_EDGE ( 'NONE', *, *, #7064, .T. ) ;
#4507 = VERTEX_POINT ( 'NONE', #6615 ) ;
#4508 = ORIENTED_EDGE ( 'NONE', *, *, #8344, .F. ) ;
#4509 = VECTOR ( 'NONE', #6427, 999.9999999999998863 ) ;
#4510 = ORIENTED_EDGE ( 'NONE', *, *, #3907, .T. ) ;
#4511 = DIRECTION ( 'NONE',  ( -0.000000000000000000, -1.000000000000000000, -0.000000000000000000 ) ) ;
#4513 = DIRECTION ( 'NONE',  ( 0.4226182617407041042, 0.000000000000000000, 0.9063077870366477162 ) ) ;
#4512 = VECTOR ( 'NONE', #3282, 1000.000000000000000 ) ;
#4514 = DIRECTION ( 'NONE',  ( -5.500731610404397960E-16, 0.000000000000000000, -1.000000000000000000 ) ) ;
#4515 =( BOUNDED_CURVE ( )  B_SPLINE_CURVE ( 3, ( #8408, #3070, #6425, #983 ),
 .UNSPECIFIED., .F., .T. ) 
 B_SPLINE_CURVE_WITH_KNOTS ( ( 4, 4 ),
 ( 1.570796326794896558, 3.141592653589821094 ),
 .UNSPECIFIED. ) 
 CURVE ( )  GEOMETRIC_REPRESENTATION_ITEM ( )  RATIONAL_B_SPLINE_CURVE ( ( 1.000000000000000000, 0.8047378541243583872, 0.8047378541243583872, 1.000000000000000000 ) ) 
 REPRESENTATION_ITEM ( '' )  );
#4516 = DIRECTION ( 'NONE',  ( -6.776263578034403699E-16, 0.000000000000000000, -1.000000000000000000 ) ) ;
#4517 = ORIENTED_EDGE ( 'NONE', *, *, #6471, .F. ) ;
#4518 = CIRCLE ( 'NONE', #5209, 1.000000000000000444 ) ;
#4519 = EDGE_LOOP ( 'NONE', ( #3597, #5655, #2719, #1757 ) ) ;
#4520 = ORIENTED_EDGE ( 'NONE', *, *, #6122, .T. ) ;
#4521 = DIRECTION ( 'NONE',  ( 0.000000000000000000, 0.000000000000000000, -1.000000000000000000 ) ) ;
#4522 = LINE ( 'NONE', #1729, #1891 ) ;
#4523 = CARTESIAN_POINT ( 'NONE',  ( 3.399999999999995914, 4.900000000000000355, -3.199999999999999289 ) ) ;
#4524 = ORIENTED_EDGE ( 'NONE', *, *, #6139, .T. ) ;
#4525 = CARTESIAN_POINT ( 'NONE',  ( -2.599999999999999201, 16.19999999999999929, -4.179795897113270264 ) ) ;
#4526 = EDGE_CURVE ( 'NONE', #2961, #2296, #5193, .T. ) ;
#4527 = CARTESIAN_POINT ( 'NONE',  ( -2.319999999999998064, 4.500000000000003553, 3.419999999999999485 ) ) ;
#4528 = EDGE_CURVE ( 'NONE', #225, #3221, #5851, .T. ) ;
#4529 = DIRECTION ( 'NONE',  ( 0.000000000000000000, 1.000000000000000000, 0.000000000000000000 ) ) ;
#4530 = DIRECTION ( 'NONE',  ( 6.776263578034403699E-16, 0.000000000000000000, 1.000000000000000000 ) ) ;
#4531 = CARTESIAN_POINT ( 'NONE',  ( -4.899999999999996803, 0.2499999999999993616, 3.600000000000000533 ) ) ;
#4532 = EDGE_CURVE ( 'NONE', #7842, #3262, #4912, .T. ) ;
#4533 = PLANE ( 'NONE',  #8304 ) ;
#4534 = CARTESIAN_POINT ( 'NONE',  ( -2.399999999999996358, 16.19999999999999929, 4.600000000000000533 ) ) ;
#4535 = VERTEX_POINT ( 'NONE', #7984 ) ;
#4536 = VERTEX_POINT ( 'NONE', #5941 ) ;
#4537 = VERTEX_POINT ( 'NONE', #3837 ) ;
#4538 = CARTESIAN_POINT ( 'NONE',  ( 9.629649721936179265E-32, 10.30000000000000249, -6.400000000000001243 ) ) ;
#4539 = FILL_AREA_STYLE ('',( #6694 ) ) ;
#4540 = CARTESIAN_POINT ( 'NONE',  ( -2.019422874673652224, -3.270631606750493692, -1.220000000000000639 ) ) ;
#4541 = CARTESIAN_POINT ( 'NONE',  ( 2.399999999999976819, 4.500000000000000888, -5.100000000000008527 ) ) ;
#4542 = CARTESIAN_POINT ( 'NONE',  ( 2.051538277672287247, 9.819410100706003064, -0.8484617223277176601 ) ) ;
#4543 = ORIENTED_EDGE ( 'NONE', *, *, #7809, .T. ) ;
#4544 = CARTESIAN_POINT ( 'NONE',  ( -4.299999999999996270, 12.49999999999999822, -0.7999999999999996003 ) ) ;
#4545 = PLANE ( 'NONE',  #1224 ) ;
#4546 = ORIENTED_EDGE ( 'NONE', *, *, #2893, .F. ) ;
#4547 = VERTEX_POINT ( 'NONE', #4544 ) ;
#4548 = ORIENTED_EDGE ( 'NONE', *, *, #1268, .F. ) ;
#4549 = LINE ( 'NONE', #565, #4083 ) ;
#4550 = DIRECTION ( 'NONE',  ( -0.8870108331782212696, 0.4617486132350347994, 0.000000000000000000 ) ) ;
#4551 = LINE ( 'NONE', #6533, #7944 ) ;
#4552 = LINE ( 'NONE', #478, #2923 ) ;
#4553 = CARTESIAN_POINT ( 'NONE',  ( -1.060107702553497955, 9.999999999999998224, -5.099999999999998757 ) ) ;
#4554 = ORIENTED_EDGE ( 'NONE', *, *, #4485, .F. ) ;
#4555 = EDGE_CURVE ( 'NONE', #3132, #6021, #7237, .T. ) ;
#4556 = ORIENTED_EDGE ( 'NONE', *, *, #3963, .F. ) ;
#4557 = PRODUCT_RELATED_PRODUCT_CATEGORY ( 'part', '', ( #482 ) ) ;
#4558 = EDGE_LOOP ( 'NONE', ( #4240, #7724, #4919, #2857 ) ) ;
#4559 = CARTESIAN_POINT ( 'NONE',  ( 0.3500000000000000333, 4.500000000000000888, 4.700000000000000178 ) ) ;
#4560 = DIRECTION ( 'NONE',  ( 0.000000000000000000, -1.000000000000000000, -0.000000000000000000 ) ) ;
#4561 = LINE ( 'NONE', #2437, #3482 ) ;
#4562 = AXIS2_PLACEMENT_3D ( 'NONE', #3802, #477, #567 ) ;
#4563 = VERTEX_POINT ( 'NONE', #596 ) ;
#4564 = LINE ( 'NONE', #7173, #3193 ) ;
#4565 = DIRECTION ( 'NONE',  ( 0.000000000000000000, 0.000000000000000000, 1.000000000000000000 ) ) ;
#4566 = VECTOR ( 'NONE', #2313, 1000.000000000000000 ) ;
#4567 = LINE ( 'NONE', #6506, #4741 ) ;
#4568 = CARTESIAN_POINT ( 'NONE',  ( 0.3200000000000051692, 1.000000000000000000, -0.3999999999999799272 ) ) ;
#4569 = EDGE_CURVE ( 'NONE', #5362, #7489, #3214, .T. ) ;
#4570 = FACE_BOUND ( 'NONE', #1918, .T. ) ;
#4571 = LINE ( 'NONE', #1156, #257 ) ;
#4572 = CARTESIAN_POINT ( 'NONE',  ( 1.199999999999978639, 9.999999999999998224, -5.400000000000003020 ) ) ;
#4573 = ADVANCED_FACE ( 'NONE', ( #5149 ), #466, .T. ) ;
#4574 = EDGE_CURVE ( 'NONE', #5068, #6320, #2111, .T. ) ;
#4575 = ORIENTED_EDGE ( 'NONE', *, *, #6630, .F. ) ;
#4576 = ORIENTED_EDGE ( 'NONE', *, *, #4835, .F. ) ;
#4577 = ADVANCED_FACE ( 'NONE', ( #6568 ), #4451, .F. ) ;
#4578 = DIRECTION ( 'NONE',  ( -1.000000000000000000, 0.000000000000000000, 5.421010862427523156E-16 ) ) ;
#4579 = DIRECTION ( 'NONE',  ( 0.000000000000000000, 0.000000000000000000, 1.000000000000000000 ) ) ;
#4580 = ADVANCED_FACE ( 'NONE', ( #2589 ), #8471, .F. ) ;
#4581 = CARTESIAN_POINT ( 'NONE',  ( -0.2864873466388649925, 9.187630226095688357, -1.186487346638872120 ) ) ;
#4582 = DIRECTION ( 'NONE',  ( -0.04464258697085599081, -0.3390941135865693790, 0.9396926207859080948 ) ) ;
#4583 = ORIENTED_EDGE ( 'NONE', *, *, #3271, .T. ) ;
#4584 = AXIS2_PLACEMENT_3D ( 'NONE', #1422, #5407, #715 ) ;
#4585 = LINE ( 'NONE', #3259, #1244 ) ;
#4586 = CARTESIAN_POINT ( 'NONE',  ( -2.499999999999994671, 4.900000000000000355, 4.200000000000000178 ) ) ;
#4587 = ADVANCED_FACE ( 'NONE', ( #7194 ), #2549, .F. ) ;
#4588 = ORIENTED_EDGE ( 'NONE', *, *, #2840, .F. ) ;
#4589 = EDGE_LOOP ( 'NONE', ( #5337, #5243, #8274, #5990, #3625, #5554, #3305, #7268 ) ) ;
#4590 = VECTOR ( 'NONE', #6348, 1000.000000000000000 ) ;
#4591 = EDGE_LOOP ( 'NONE', ( #2519, #7152, #2208, #2565, #864, #1348, #33, #28 ) ) ;
#4592 = VECTOR ( 'NONE', #4967, 1000.000000000000000 ) ;
#4593 = EDGE_CURVE ( 'NONE', #3646, #1545, #430, .T. ) ;
#4594 = PLANE ( 'NONE',  #5016 ) ;
#4595 = CARTESIAN_POINT ( 'NONE',  ( 0.09999999999999917288, -3.299999999999999822, 2.779999999999999361 ) ) ;
#4596 = AXIS2_PLACEMENT_3D ( 'NONE', #6668, #114, #25 ) ;
#4597 = DIRECTION ( 'NONE',  ( -1.000000000000000000, 0.000000000000000000, 0.000000000000000000 ) ) ;
#4598 = EDGE_CURVE ( 'NONE', #3964, #4911, #3790, .T. ) ;
#4599 = DIRECTION ( 'NONE',  ( -1.275531967630005492E-16, -0.000000000000000000, -1.000000000000000000 ) ) ;
#4600 = FACE_OUTER_BOUND ( 'NONE', #3692, .T. ) ;
#4601 = VERTEX_POINT ( 'NONE', #8507 ) ;
#4602 = ORIENTED_EDGE ( 'NONE', *, *, #6290, .T. ) ;
#4603 = DIRECTION ( 'NONE',  ( -0.3236155771181851160, 0.8891264907159885933, -0.3236155771181835616 ) ) ;
#4604 = CARTESIAN_POINT ( 'NONE',  ( 0.8500000000000040856, 16.60000000000000142, 6.099999999999999645 ) ) ;
#4605 = CARTESIAN_POINT ( 'NONE',  ( -3.599999999999997868, 16.40000000000000213, 6.100000000000000533 ) ) ;
#4606 = ADVANCED_FACE ( 'NONE', ( #7852 ), #4503, .F. ) ;
#4607 = EDGE_LOOP ( 'NONE', ( #2053, #6765, #2954, #6167 ) ) ;
#4608 = VECTOR ( 'NONE', #3147, 1000.000000000000000 ) ;
#4609 = AXIS2_PLACEMENT_3D ( 'NONE', #8272, #748, #5442 ) ;
#4610 = DIRECTION ( 'NONE',  ( -0.000000000000000000, -1.000000000000000000, -0.000000000000000000 ) ) ;
#4611 = VECTOR ( 'NONE', #4775, 1000.000000000000000 ) ;
#4612 = FACE_OUTER_BOUND ( 'NONE', #6370, .T. ) ;
#4613 = CIRCLE ( 'NONE', #6302, 1.000000000000000000 ) ;
#4614 = FACE_OUTER_BOUND ( 'NONE', #2422, .T. ) ;
#4615 = CARTESIAN_POINT ( 'NONE',  ( -2.323186965781458113, -2.687106216916759660, -0.5800000000000006262 ) ) ;
#4616 = DIRECTION ( 'NONE',  ( 0.000000000000000000, 1.000000000000000000, 0.000000000000000000 ) ) ;
#4617 = VECTOR ( 'NONE', #7908, 1000.000000000000114 ) ;
#4618 = DIRECTION ( 'NONE',  ( 1.000000000000000000, 0.000000000000000000, -0.000000000000000000 ) ) ;
#4619 = VECTOR ( 'NONE', #4244, 1000.000000000000000 ) ;
#4620 = CARTESIAN_POINT ( 'NONE',  ( -1.688662254502219184, -2.603569453895926422, -1.220000000000000639 ) ) ;
#4621 = VECTOR ( 'NONE', #3847, 1000.000000000000000 ) ;
#4622 = ORIENTED_EDGE ( 'NONE', *, *, #5388, .F. ) ;
#4623 = ORIENTED_EDGE ( 'NONE', *, *, #1540, .F. ) ;
#4624 = CARTESIAN_POINT ( 'NONE',  ( 1.040834085586084257E-14, 0.000000000000000000, -5.699999999999997513 ) ) ;
#4625 = DIRECTION ( 'NONE',  ( -0.3236155771181810636, -0.8891264907159901476, -0.3236155771181831731 ) ) ;
#4626 = LINE ( 'NONE', #7321, #324 ) ;
#4627 = CARTESIAN_POINT ( 'NONE',  ( 0.3199999999999992850, -2.695554967719985928, 2.779999999999999361 ) ) ;
#4628 = FACE_OUTER_BOUND ( 'NONE', #3117, .T. ) ;
#4629 = VERTEX_POINT ( 'NONE', #4097 ) ;
#4630 = DIRECTION ( 'NONE',  ( -6.938893903907226405E-16, 0.000000000000000000, -1.000000000000000000 ) ) ;
#4631 = CARTESIAN_POINT ( 'NONE',  ( -2.094999999999990870, 9.699999999999995737, -1.220000000000000639 ) ) ;
#4632 = ORIENTED_EDGE ( 'NONE', *, *, #7994, .F. ) ;
#4633 = VERTEX_POINT ( 'NONE', #761 ) ;
#4634 = EDGE_CURVE ( 'NONE', #4697, #3291, #1689, .T. ) ;
#4635 = ORIENTED_EDGE ( 'NONE', *, *, #690, .F. ) ;
#4636 = LINE ( 'NONE', #7369, #2756 ) ;
#4637 = ADVANCED_FACE ( 'NONE', ( #6876 ), #3301, .F. ) ;
#4638 = DIRECTION ( 'NONE',  ( -0.3236155771181810636, 0.8891264907159901476, -0.3236155771181831731 ) ) ;
#4639 = CLOSED_SHELL ( 'NONE', ( #962, #2853, #947, #8191, #7693, #7424, #7606, #5391, #1071, #1572, #6127, #8566, #6626, #3075, #579, #2688, #5960, #5890 ) ) ;
#4640 = DIRECTION ( 'NONE',  ( 0.000000000000000000, -1.000000000000000000, 0.000000000000000000 ) ) ;
#4641 = CARTESIAN_POINT ( 'NONE',  ( -0.8499999999999999778, 0.000000000000000000, 6.100000000000000533 ) ) ;
#4642 = ADVANCED_FACE ( 'NONE', ( #4008 ), #8154, .T. ) ;
#4643 = DIRECTION ( 'NONE',  ( 0.000000000000000000, 0.000000000000000000, 1.000000000000000000 ) ) ;
#4644 = VECTOR ( 'NONE', #6701, 1000.000000000000000 ) ;
#4645 = VERTEX_POINT ( 'NONE', #2806 ) ;
#4646 = EDGE_CURVE ( 'NONE', #4295, #853, #2099, .T. ) ;
#4647 = VECTOR ( 'NONE', #5529, 1000.000000000000000 ) ;
#4648 = VERTEX_POINT ( 'NONE', #5331 ) ;
#4649 = CARTESIAN_POINT ( 'NONE',  ( -2.399999999999996358, 16.60000000000000142, 3.600000000000000533 ) ) ;
#4650 = FACE_OUTER_BOUND ( 'NONE', #7794, .T. ) ;
#4651 = CARTESIAN_POINT ( 'NONE',  ( 2.599999999999995204, 16.60000000000000142, -5.700000000000001066 ) ) ;
#4652 = EDGE_LOOP ( 'NONE', ( #2457, #5422, #3406, #3264 ) ) ;
#4653 = VECTOR ( 'NONE', #6943, 999.9999999999998863 ) ;
#4654 = PLANE ( 'NONE',  #2897 ) ;
#4655 = ORIENTED_EDGE ( 'NONE', *, *, #2137, .F. ) ;
#4656 = CARTESIAN_POINT ( 'NONE',  ( -1.555182915624697904, -2.001483064957904734, -1.430925448365293562 ) ) ;
#4657 = VECTOR ( 'NONE', #4625, 1000.000000000000114 ) ;
#4658 = DIRECTION ( 'NONE',  ( -3.614007241618390679E-16, -0.000000000000000000, 1.000000000000000000 ) ) ;
#4659 = LINE ( 'NONE', #4568, #8510 ) ;
#4660 = CARTESIAN_POINT ( 'NONE',  ( -2.399999999999996358, 28.50378091196238373, 4.600000000000000533 ) ) ;
#4661 = CARTESIAN_POINT ( 'NONE',  ( -0.4500000000000011768, 28.50378091196238373, 4.600000000000000533 ) ) ;
#4662 = ORIENTED_EDGE ( 'NONE', *, *, #5488, .F. ) ;
#4663 = VERTEX_POINT ( 'NONE', #4055 ) ;
#4664 = LINE ( 'NONE', #7319, #2027 ) ;
#4665 = CARTESIAN_POINT ( 'NONE',  ( 0.3200000000000079448, 9.095554967719976958, -1.220000000000000639 ) ) ;
#4666 = CARTESIAN_POINT ( 'NONE',  ( 2.399999999999984368, 16.40000000000000213, -3.200000000000008171 ) ) ;
#4667 = LINE ( 'NONE', #3921, #6409 ) ;
#4668 = DIRECTION ( 'NONE',  ( -6.776263578034403699E-16, 0.000000000000000000, -1.000000000000000000 ) ) ;
#4669 = ORIENTED_EDGE ( 'NONE', *, *, #128, .F. ) ;
#4670 = DIRECTION ( 'NONE',  ( -0.1305261922200516289, -0.9914448613738103822, 0.000000000000000000 ) ) ;
#4671 = CARTESIAN_POINT ( 'NONE',  ( 0.3199999999999992850, -2.695554967719985040, 3.419999999999999485 ) ) ;
#4672 = EDGE_LOOP ( 'NONE', ( #8529, #1511, #4622, #7011 ) ) ;
#4673 = ORIENTED_EDGE ( 'NONE', *, *, #5983, .T. ) ;
#4674 = ORIENTED_EDGE ( 'NONE', *, *, #1319, .F. ) ;
#4675 = DIRECTION ( 'NONE',  ( -1.000000000000000000, 0.000000000000000000, 0.000000000000000000 ) ) ;
#4676 = CARTESIAN_POINT ( 'NONE',  ( -1.688662254502219184, -2.603569453895926422, -0.5800000000000006262 ) ) ;
#4677 = DIRECTION ( 'NONE',  ( 0.000000000000000000, -1.000000000000000000, -0.000000000000000000 ) ) ;
#4678 = ADVANCED_FACE ( 'NONE', ( #6828 ), #7444, .T. ) ;
#4679 = LINE ( 'NONE', #5419, #7037 ) ;
#4680 = DIRECTION ( 'NONE',  ( 1.000000000000000000, -6.776263578034402713E-16, 0.000000000000000000 ) ) ;
#4681 = ADVANCED_FACE ( 'NONE', ( #5500 ), #2716, .T. ) ;
#4682 = EDGE_CURVE ( 'NONE', #1545, #4763, #3345, .T. ) ;
#4683 = EDGE_LOOP ( 'NONE', ( #7512, #3127, #6487, #6141 ) ) ;
#4684 = DIRECTION ( 'NONE',  ( -0.000000000000000000, -1.000000000000000000, 0.000000000000000000 ) ) ;
#4685 = EDGE_CURVE ( 'NONE', #3426, #6571, #8066, .T. ) ;
#4686 = DIRECTION ( 'NONE',  ( -7.228014483236697541E-16, 0.000000000000000000, -1.000000000000000000 ) ) ;
#4687 = ORIENTED_EDGE ( 'NONE', *, *, #996, .F. ) ;
#4688 = PLANE ( 'NONE',  #6998 ) ;
#4689 = VERTEX_POINT ( 'NONE', #3423 ) ;
#4690 = PLANE ( 'NONE',  #116 ) ;
#4691 = ADVANCED_FACE ( 'NONE', ( #6030 ), #1385, .F. ) ;
#4692 = CARTESIAN_POINT ( 'NONE',  ( -4.899999999999996803, 1.000000000000000000, -0.3999999999999998002 ) ) ;
#4693 = CARTESIAN_POINT ( 'NONE',  ( 0.000000000000000000, 11.00000000000000000, 0.000000000000000000 ) ) ;
#4694 = CARTESIAN_POINT ( 'NONE',  ( 3.199999999999996625, 16.60000000000000142, -5.568543856465403508 ) ) ;
#4695 = DIRECTION ( 'NONE',  ( -0.000000000000000000, -1.000000000000000000, 0.000000000000000000 ) ) ;
#4696 = ORIENTED_EDGE ( 'NONE', *, *, #6590, .T. ) ;
#4697 = VERTEX_POINT ( 'NONE', #4707 ) ;
#4698 = VECTOR ( 'NONE', #1922, 1000.000000000000000 ) ;
#4699 = LINE ( 'NONE', #1335, #742 ) ;
#4700 = DIRECTION ( 'NONE',  ( -1.000000000000000000, 6.776263578034402713E-16, 0.000000000000000000 ) ) ;
#4701 = PLANE ( 'NONE',  #5262 ) ;
#4702 = AXIS2_PLACEMENT_3D ( 'NONE', #7965, #6603, #3327 ) ;
#4703 = DIRECTION ( 'NONE',  ( -0.000000000000000000, -0.000000000000000000, 1.000000000000000000 ) ) ;
#4704 = CARTESIAN_POINT ( 'NONE',  ( -1.680000000000000160, 16.60000000000000142, 3.419999999999999485 ) ) ;
#4705 = ORIENTED_EDGE ( 'NONE', *, *, #6312, .F. ) ;
#4706 = ADVANCED_FACE ( 'NONE', ( #5454 ), #3385, .F. ) ;
#4707 = CARTESIAN_POINT ( 'NONE',  ( 4.299999999999998934, 16.60000000000000142, 3.599999999999997868 ) ) ;
#4708 = DIRECTION ( 'NONE',  ( 0.000000000000000000, 0.000000000000000000, -1.000000000000000000 ) ) ;
#4709 = EDGE_CURVE ( 'NONE', #3241, #1906, #1971, .T. ) ;
#4710 = DIRECTION ( 'NONE',  ( 1.000000000000000000, 0.000000000000000000, 0.000000000000000000 ) ) ;
#4711 = ORIENTED_EDGE ( 'NONE', *, *, #6512, .T. ) ;
#4712 = ORIENTED_EDGE ( 'NONE', *, *, #1765, .F. ) ;
#4713 = VERTEX_POINT ( 'NONE', #6788 ) ;
#4714 = VECTOR ( 'NONE', #1103, 1000.000000000000000 ) ;
#4715 = CARTESIAN_POINT ( 'NONE',  ( -2.804459284623221915, 9.800000000000000711, -5.670264877053634578 ) ) ;
#4716 = FACE_OUTER_BOUND ( 'NONE', #4770, .T. ) ;
#4717 = PLANE ( 'NONE',  #3998 ) ;
#4718 = DIRECTION ( 'NONE',  ( 0.000000000000000000, -0.000000000000000000, -1.000000000000000000 ) ) ;
#4719 = CIRCLE ( 'NONE', #7968, 1.000000000000014655 ) ;
#4720 = DIRECTION ( 'NONE',  ( -1.000000000000000000, 0.000000000000000000, -0.000000000000000000 ) ) ;
#4721 = AXIS2_PLACEMENT_3D ( 'NONE', #4704, #4790, #3421 ) ;
#4722 = VECTOR ( 'NONE', #2693, 1000.000000000000000 ) ;
#4723 = ORIENTED_EDGE ( 'NONE', *, *, #6895, .F. ) ;
#4724 = VECTOR ( 'NONE', #3845, 1000.000000000000000 ) ;
#4725 = LINE ( 'NONE', #1312, #5031 ) ;
#4726 = ORIENTED_EDGE ( 'NONE', *, *, #7428, .F. ) ;
#4727 = CARTESIAN_POINT ( 'NONE',  ( -1.607973257203522355, -3.216463236979171914, -1.220000000000000639 ) ) ;
#4728 = ADVANCED_FACE ( 'NONE', ( #4792 ), #6069, .F. ) ;
#4729 = VERTEX_POINT ( 'NONE', #2761 ) ;
#4730 = VERTEX_POINT ( 'NONE', #7485 ) ;
#4731 = EDGE_CURVE ( 'NONE', #3012, #563, #1426, .T. ) ;
#4732 = FACE_OUTER_BOUND ( 'NONE', #3971, .T. ) ;
#4733 = CARTESIAN_POINT ( 'NONE',  ( -0.9499999999999999556, 4.500000000000000888, 5.500000000000000000 ) ) ;
#4734 = VECTOR ( 'NONE', #977, 1000.000000000000000 ) ;
#4735 = AXIS2_PLACEMENT_3D ( 'NONE', #1873, #5932, #2578 ) ;
#4736 = DIRECTION ( 'NONE',  ( 0.000000000000000000, -1.000000000000000000, 0.000000000000000000 ) ) ;
#4737 = EDGE_CURVE ( 'NONE', #2909, #5790, #2977, .T. ) ;
#4738 = LINE ( 'NONE', #3997, #6185 ) ;
#4739 = DIRECTION ( 'NONE',  ( 0.000000000000000000, -1.000000000000000000, -0.000000000000000000 ) ) ;
#4740 = EDGE_CURVE ( 'NONE', #7465, #4563, #7007, .T. ) ;
#4741 = VECTOR ( 'NONE', #1909, 1000.000000000000000 ) ;
#4742 = ORIENTED_EDGE ( 'NONE', *, *, #1441, .F. ) ;
#4743 = ADVANCED_FACE ( 'NONE', ( #5631 ), #8323, .F. ) ;
#4744 = CARTESIAN_POINT ( 'NONE',  ( 1.027794285701072145E-14, 0.2500000000000000000, -5.449999999999997513 ) ) ;
#4745 = CARTESIAN_POINT ( 'NONE',  ( 0.3199999999999991740, 16.60000000000000142, 3.419999999999999485 ) ) ;
#4746 = FACE_OUTER_BOUND ( 'NONE', #6854, .T. ) ;
#4747 = FACE_OUTER_BOUND ( 'NONE', #1359, .T. ) ;
#4748 = VECTOR ( 'NONE', #5285, 1000.000000000000000 ) ;
#4749 = PLANE ( 'NONE',  #4721 ) ;
#4750 = VECTOR ( 'NONE', #6222, 1000.000000000000000 ) ;
#4751 = VERTEX_POINT ( 'NONE', #6379 ) ;
#4752 = DIRECTION ( 'NONE',  ( 0.000000000000000000, 0.000000000000000000, 1.000000000000000000 ) ) ;
#4753 = CARTESIAN_POINT ( 'NONE',  ( -0.4500000000000011768, 16.19999999999999929, 4.600000000000000533 ) ) ;
#4754 = ORIENTED_EDGE ( 'NONE', *, *, #1154, .T. ) ;
#4755 = ORIENTED_EDGE ( 'NONE', *, *, #3346, .F. ) ;
#4756 = VERTEX_POINT ( 'NONE', #1609 ) ;
#4757 = CARTESIAN_POINT ( 'NONE',  ( -3.195675813381282815, 10.23438378227294798, -5.570000000000005613 ) ) ;
#4758 =( NAMED_UNIT ( * ) PLANE_ANGLE_UNIT ( ) SI_UNIT ( $, .RADIAN. ) );
#4759 = FACE_OUTER_BOUND ( 'NONE', #8168, .T. ) ;
#4760 = FACE_OUTER_BOUND ( 'NONE', #7545, .T. ) ;
#4761 = CARTESIAN_POINT ( 'NONE',  ( 2.999999999999996003, 4.900000000000000355, -3.294444401457438332 ) ) ;
#4762 = DIRECTION ( 'NONE',  ( 0.000000000000000000, 0.000000000000000000, 1.000000000000000000 ) ) ;
#4763 = VERTEX_POINT ( 'NONE', #322 ) ;
#4764 = EDGE_LOOP ( 'NONE', ( #4374, #4229, #5191, #2464, #8747, #3793 ) ) ;
#4765 = PLANE ( 'NONE',  #3062 ) ;
#4766 = VERTEX_POINT ( 'NONE', #5010 ) ;
#4767 = FACE_OUTER_BOUND ( 'NONE', #4652, .T. ) ;
#4768 = CIRCLE ( 'NONE', #4218, 0.2500000000000000000 ) ;
#4769 = DIRECTION ( 'NONE',  ( -1.000000000000000000, 0.000000000000000000, -0.000000000000000000 ) ) ;
#4770 = EDGE_LOOP ( 'NONE', ( #4372, #4125, #3155, #3278 ) ) ;
#4771 = AXIS2_PLACEMENT_3D ( 'NONE', #3457, #90, #6096 ) ;
#4772 = ORIENTED_EDGE ( 'NONE', *, *, #8238, .T. ) ;
#4773 = DIRECTION ( 'NONE',  ( -0.000000000000000000, -1.000000000000000000, -0.000000000000000000 ) ) ;
#4774 = VECTOR ( 'NONE', #184, 1000.000000000000000 ) ;
#4775 = DIRECTION ( 'NONE',  ( -0.000000000000000000, 1.000000000000000000, -0.000000000000000000 ) ) ;
#4776 = CARTESIAN_POINT ( 'NONE',  ( -4.899999999999996803, 0.1934906690859232448, -2.324184343568341138 ) ) ;
#4777 = VERTEX_POINT ( 'NONE', #7710 ) ;
#4778 = ADVANCED_FACE ( 'NONE', ( #3026 ), #3643, .T. ) ;
#4779 = DIRECTION ( 'NONE',  ( 0.000000000000000000, -1.000000000000000000, 0.000000000000000000 ) ) ;
#4780 = LINE ( 'NONE', #6777, #3903 ) ;
#4781 = ORIENTED_EDGE ( 'NONE', *, *, #8633, .T. ) ;
#4782 = EDGE_CURVE ( 'NONE', #6790, #853, #7052, .T. ) ;
#4783 = VECTOR ( 'NONE', #3570, 1000.000000000000000 ) ;
#4784 = DIRECTION ( 'NONE',  ( -0.000000000000000000, 1.000000000000000000, 0.000000000000000000 ) ) ;
#4785 = LINE ( 'NONE', #4868, #8742 ) ;
#4786 = CARTESIAN_POINT ( 'NONE',  ( 2.320000000000004281, 9.081817580622699282, -0.5800000000000006262 ) ) ;
#4787 = DIRECTION ( 'NONE',  ( 0.000000000000000000, 0.000000000000000000, -1.000000000000000000 ) ) ;
#4788 = VECTOR ( 'NONE', #4323, 1000.000000000000000 ) ;
#4789 = EDGE_CURVE ( 'NONE', #4027, #1752, #893, .T. ) ;
#4790 = DIRECTION ( 'NONE',  ( -1.000000000000000000, 0.000000000000000000, 1.694065894508601270E-15 ) ) ;
#4791 = EDGE_LOOP ( 'NONE', ( #4863, #1176, #5013, #6489 ) ) ;
#4792 = FACE_OUTER_BOUND ( 'NONE', #8334, .T. ) ;
#4793 = CARTESIAN_POINT ( 'NONE',  ( -2.399999999999996358, 4.900000000000000355, 4.600000000000000533 ) ) ;
#4794 = ORIENTED_EDGE ( 'NONE', *, *, #5549, .F. ) ;
#4795 = VERTEX_POINT ( 'NONE', #2935 ) ;
#4796 = EDGE_LOOP ( 'NONE', ( #5505, #2552, #7462, #5431, #4494, #4468 ) ) ;
#4797 = DIRECTION ( 'NONE',  ( 1.039027081965279487E-15, 0.000000000000000000, 1.000000000000000000 ) ) ;
#4798 =( NAMED_UNIT ( * ) SI_UNIT ( $, .STERADIAN. ) SOLID_ANGLE_UNIT ( ) );
#4799 = CARTESIAN_POINT ( 'NONE',  ( 0.3500000000000181299, 4.500000000000000888, 4.699999999999998401 ) ) ;
#4800 = CARTESIAN_POINT ( 'NONE',  ( -0.3200000000000008948, -3.299999999999999378, 2.779999999999999361 ) ) ;
#4801 = CARTESIAN_POINT ( 'NONE',  ( 0.3500000000000181299, 28.50378091196238373, 4.699999999999998401 ) ) ;
#4802 = LINE ( 'NONE', #8701, #6985 ) ;
#4803 = ORIENTED_EDGE ( 'NONE', *, *, #4940, .T. ) ;
#4804 = ORIENTED_EDGE ( 'NONE', *, *, #6635, .F. ) ;
#4805 = DIRECTION ( 'NONE',  ( 0.000000000000000000, 0.000000000000000000, 1.000000000000000000 ) ) ;
#4806 = LINE ( 'NONE', #6850, #2065 ) ;
#4807 = EDGE_CURVE ( 'NONE', #8140, #2991, #941, .T. ) ;
#4808 = CARTESIAN_POINT ( 'NONE',  ( 0.4500000000000011768, 4.900000000000000355, 4.600000000000000533 ) ) ;
#4809 = ADVANCED_FACE ( 'NONE', ( #5714 ), #6340, .F. ) ;
#4810 = ORIENTED_EDGE ( 'NONE', *, *, #6787, .T. ) ;
#4811 = EDGE_LOOP ( 'NONE', ( #388, #1883, #1223, #6477 ) ) ;
#4812 = DIRECTION ( 'NONE',  ( -1.000000000000000000, 0.000000000000000000, 0.000000000000000000 ) ) ;
#4813 = DIRECTION ( 'NONE',  ( 0.000000000000000000, 0.3420201433256667145, 0.9396926207859090940 ) ) ;
#4814 = CARTESIAN_POINT ( 'NONE',  ( 2.320000000000004281, 9.699999999999995737, -0.5800000000000006262 ) ) ;
#4815 = ORIENTED_EDGE ( 'NONE', *, *, #8326, .F. ) ;
#4816 = FACE_OUTER_BOUND ( 'NONE', #5238, .T. ) ;
#4817 = CARTESIAN_POINT ( 'NONE',  ( 0.3200000000000015055, 9.095554967719982287, 2.779999999999999361 ) ) ;
#4818 = ORIENTED_EDGE ( 'NONE', *, *, #6188, .T. ) ;
#4819 = EDGE_CURVE ( 'NONE', #5164, #7677, #4920, .T. ) ;
#4820 = PLANE ( 'NONE',  #646 ) ;
#4821 = CARTESIAN_POINT ( 'NONE',  ( 4.899999999999997691, 16.60000000000000142, 3.599999999999996980 ) ) ;
#4822 = DIRECTION ( 'NONE',  ( -0.000000000000000000, 1.000000000000000000, -0.000000000000000000 ) ) ;
#4823 = VECTOR ( 'NONE', #4640, 1000.000000000000000 ) ;
#4824 = CARTESIAN_POINT ( 'NONE',  ( 0.3200000000000056688, 9.699999999999995737, -0.7999999999999994893 ) ) ;
#4825 = EDGE_CURVE ( 'NONE', #7765, #8217, #6921, .T. ) ;
#4826 = VERTEX_POINT ( 'NONE', #6291 ) ;
#4827 = EDGE_CURVE ( 'NONE', #5022, #3702, #2096, .T. ) ;
#4828 = CARTESIAN_POINT ( 'NONE',  ( -0.3081567944582094820, -2.340683238870195915, -1.220000000000000639 ) ) ;
#4829 = PLANE ( 'NONE',  #1206 ) ;
#4830 = ORIENTED_EDGE ( 'NONE', *, *, #1727, .F. ) ;
#4831 = ORIENTED_EDGE ( 'NONE', *, *, #5173, .T. ) ;
#4832 = ADVANCED_FACE ( 'NONE', ( #146 ), #811, .F. ) ;
#4833 = ORIENTED_EDGE ( 'NONE', *, *, #3281, .T. ) ;
#4834 = AXIS2_PLACEMENT_3D ( 'NONE', #1246, #3909, #3410 ) ;
#4835 = EDGE_CURVE ( 'NONE', #6790, #2180, #7621, .T. ) ;
#4836 = FILL_AREA_STYLE_COLOUR ( '', #3036 ) ;
#4837 = CARTESIAN_POINT ( 'NONE',  ( -2.319999999999991402, 16.60000000000000142, -1.220000000000000639 ) ) ;
#4838 = DIRECTION ( 'NONE',  ( -0.3236155771181829510, -0.8891264907159894815, -0.3236155771181829510 ) ) ;
#4839 = EDGE_CURVE ( 'NONE', #4601, #3291, #8234, .T. ) ;
#4840 = CARTESIAN_POINT ( 'NONE',  ( -2.094999999999990870, 9.699999999999995737, -0.8050000000000010481 ) ) ;
#4841 = AXIS2_PLACEMENT_3D ( 'NONE', #2299, #5, #8096 ) ;
#4842 = LINE ( 'NONE', #1270, #7686 ) ;
#4843 = ORIENTED_EDGE ( 'NONE', *, *, #1705, .F. ) ;
#4844 = ADVANCED_FACE ( 'NONE', ( #4226 ), #7889, .T. ) ;
#4845 = VERTEX_POINT ( 'NONE', #5581 ) ;
#4846 = LINE ( 'NONE', #6889, #7054 ) ;
#4847 = ADVANCED_FACE ( 'NONE', ( #6472 ), #3201, .T. ) ;
#4848 = DIRECTION ( 'NONE',  ( 0.000000000000000000, 0.000000000000000000, -1.000000000000000000 ) ) ;
#4849 = VECTOR ( 'NONE', #2045, 1000.000000000000000 ) ;
#4850 = CARTESIAN_POINT ( 'NONE',  ( 2.400000000000014122, 16.40000000000000213, 4.599999999999991651 ) ) ;
#4851 = CARTESIAN_POINT ( 'NONE',  ( -4.450000000000000178, -1.199999999999999956, -2.149999999999999911 ) ) ;
#4852 = AXIS2_PLACEMENT_3D ( 'NONE', #5892, #1964, #1254 ) ;
#4853 = CARTESIAN_POINT ( 'NONE',  ( -2.019422874673658885, -3.270631606750487919, 3.194999999999998064 ) ) ;
#4854 = ORIENTED_EDGE ( 'NONE', *, *, #303, .T. ) ;
#4855 = VECTOR ( 'NONE', #955, 1000.000000000000000 ) ;
#4856 = ORIENTED_EDGE ( 'NONE', *, *, #2301, .T. ) ;
#4857 = ORIENTED_EDGE ( 'NONE', *, *, #3181, .F. ) ;
#4858 = VECTOR ( 'NONE', #6532, 1000.000000000000000 ) ;
#4859 = DIRECTION ( 'NONE',  ( -1.000000000000000000, 0.000000000000000000, 1.199218353203923552E-15 ) ) ;
#4860 = STYLED_ITEM ( 'NONE', ( #287 ), #2997 ) ;
#4861 = CARTESIAN_POINT ( 'NONE',  ( -2.399999999999996358, 16.19999999999999929, -3.199999999999999289 ) ) ;
#4862 = CARTESIAN_POINT ( 'NONE',  ( 1.060107702553478415, 11.00000000000000000, -5.100000000000003197 ) ) ;
#4863 = ORIENTED_EDGE ( 'NONE', *, *, #1122, .F. ) ;
#4864 = DIRECTION ( 'NONE',  ( 0.9366721892483972356, 0.3502073812594687086, 0.000000000000000000 ) ) ;
#4865 = ORIENTED_EDGE ( 'NONE', *, *, #2536, .T. ) ;
#4866 = VECTOR ( 'NONE', #1698, 1000.000000000000000 ) ;
#4867 = DIRECTION ( 'NONE',  ( 0.000000000000000000, 0.000000000000000000, -1.000000000000000000 ) ) ;
#4868 = CARTESIAN_POINT ( 'NONE',  ( -3.399999999999996803, 4.900000000000000355, 3.600000000000001421 ) ) ;
#4869 = CARTESIAN_POINT ( 'NONE',  ( 0.3500000000000000333, 4.900000000000000355, 4.700000000000000178 ) ) ;
#4870 = DIRECTION ( 'NONE',  ( 6.776263578034403699E-16, 0.000000000000000000, 1.000000000000000000 ) ) ;
#4871 = DIRECTION ( 'NONE',  ( -0.000000000000000000, -1.000000000000000000, -0.000000000000000000 ) ) ;
#4872 = ORIENTED_EDGE ( 'NONE', *, *, #1118, .F. ) ;
#4873 = DIRECTION ( 'NONE',  ( 0.000000000000000000, 1.000000000000000000, 0.000000000000000000 ) ) ;
#4874 = VECTOR ( 'NONE', #8130, 1000.000000000000000 ) ;
#4875 = VECTOR ( 'NONE', #6093, 1000.000000000000000 ) ;
#4876 = PLANE ( 'NONE',  #919 ) ;
#4877 = ORIENTED_EDGE ( 'NONE', *, *, #2473, .T. ) ;
#4878 = EDGE_LOOP ( 'NONE', ( #7507, #435, #264, #2320, #8048, #8223, #5562, #4904 ) ) ;
#4879 = VERTEX_POINT ( 'NONE', #5136 ) ;
#4880 = DIRECTION ( 'NONE',  ( 1.000000000000000000, -0.000000000000000000, -0.000000000000000000 ) ) ;
#4881 = CIRCLE ( 'NONE', #6160, 0.1999999999999996503 ) ;
#4882 = CARTESIAN_POINT ( 'NONE',  ( 2.400000000000000355, 16.60000000000000142, 6.099999999999997868 ) ) ;
#4883 = VECTOR ( 'NONE', #5579, 1000.000000000000000 ) ;
#4884 = LINE ( 'NONE', #4064, #2174 ) ;
#4885 = CARTESIAN_POINT ( 'NONE',  ( -2.399999999999996358, 4.500000000000000888, 3.600000000000000533 ) ) ;
#4886 = CARTESIAN_POINT ( 'NONE',  ( -1.600000000000000089, 10.00710678118654862, -6.400000000000001243 ) ) ;
#4887 = EDGE_CURVE ( 'NONE', #234, #7899, #4080, .T. ) ;
#4888 = VECTOR ( 'NONE', #1893, 1000.000000000000000 ) ;
#4889 = DIRECTION ( 'NONE',  ( 0.000000000000000000, 0.000000000000000000, 1.000000000000000000 ) ) ;
#4890 = ORIENTED_EDGE ( 'NONE', *, *, #2083, .T. ) ;
#4891 = VECTOR ( 'NONE', #7113, 1000.000000000000000 ) ;
#4892 = ORIENTED_EDGE ( 'NONE', *, *, #6408, .T. ) ;
#4893 = EDGE_CURVE ( 'NONE', #4207, #630, #3913, .T. ) ;
#4894 = ORIENTED_EDGE ( 'NONE', *, *, #7376, .T. ) ;
#4895 = DIRECTION ( 'NONE',  ( -0.000000000000000000, -1.000000000000000000, -0.000000000000000000 ) ) ;
#4896 = CARTESIAN_POINT ( 'NONE',  ( 2.320000000000004281, 1.000000000000004441, -0.5800000000000006262 ) ) ;
#4897 = ADVANCED_FACE ( 'NONE', ( #1740 ), #417, .F. ) ;
#4898 = LINE ( 'NONE', #6807, #4750 ) ;
#4899 = CYLINDRICAL_SURFACE ( 'NONE', #4475, 1.000000000000000000 ) ;
#4900 = DIRECTION ( 'NONE',  ( 0.000000000000000000, 0.000000000000000000, -1.000000000000000000 ) ) ;
#4901 = EDGE_CURVE ( 'NONE', #5905, #1408, #1119, .T. ) ;
#4902 = ORIENTED_EDGE ( 'NONE', *, *, #7814, .F. ) ;
#4903 = ORIENTED_EDGE ( 'NONE', *, *, #1317, .F. ) ;
#4904 = ORIENTED_EDGE ( 'NONE', *, *, #2726, .F. ) ;
#4905 = LINE ( 'NONE', #1589, #6047 ) ;
#4906 = CARTESIAN_POINT ( 'NONE',  ( -2.168404344971008868E-16, 4.900000000000000355, -4.194444401457435134 ) ) ;
#4907 = CARTESIAN_POINT ( 'NONE',  ( 1.199999999999978639, 9.999999999999998224, -5.400000000000003020 ) ) ;
#4908 = ORIENTED_EDGE ( 'NONE', *, *, #4301, .T. ) ;
#4909 = CARTESIAN_POINT ( 'NONE',  ( 2.599999999999979661, 11.00000000000000000, -5.089444362769127039 ) ) ;
#4910 =( LENGTH_UNIT ( ) NAMED_UNIT ( * ) SI_UNIT ( .MILLI., .METRE. ) );
#4911 = VERTEX_POINT ( 'NONE', #498 ) ;
#4912 = CIRCLE ( 'NONE', #8029, 1.200000000000000178 ) ;
#4913 = PLANE ( 'NONE',  #6900 ) ;
#4914 = AXIS2_PLACEMENT_3D ( 'NONE', #704, #7739, #6366 ) ;
#4915 = LINE ( 'NONE', #5047, #2486 ) ;
#4916 = CARTESIAN_POINT ( 'NONE',  ( 9.629649721936179265E-32, 14.00000000000000000, -5.699999999999999289 ) ) ;
#4917 = DIRECTION ( 'NONE',  ( -1.000000000000000000, 0.000000000000000000, 6.505213034913020688E-16 ) ) ;
#4918 = CARTESIAN_POINT ( 'NONE',  ( -1.599999999999999645, 10.30000000000000249, -10.69999999999999929 ) ) ;
#4919 = ORIENTED_EDGE ( 'NONE', *, *, #2604, .F. ) ;
#4920 = LINE ( 'NONE', #5051, #2942 ) ;
#4921 = PLANE ( 'NONE',  #2645 ) ;
#4922 = VECTOR ( 'NONE', #4700, 1000.000000000000000 ) ;
#4923 = ORIENTED_EDGE ( 'NONE', *, *, #3816, .F. ) ;
#4924 = ORIENTED_EDGE ( 'NONE', *, *, #6139, .F. ) ;
#4925 = ORIENTED_EDGE ( 'NONE', *, *, #3662, .F. ) ;
#4926 = CARTESIAN_POINT ( 'NONE',  ( 0.3200000000000056133, 9.699999999999995737, -1.220000000000000639 ) ) ;
#4927 = FILL_AREA_STYLE ('',( #949 ) ) ;
#4928 = CARTESIAN_POINT ( 'NONE',  ( -2.499999999999994671, 4.900000000000000355, 4.200000000000000178 ) ) ;
#4929 = CIRCLE ( 'NONE', #1351, 0.2500000000000002220 ) ;
#4930 = ORIENTED_EDGE ( 'NONE', *, *, #770, .T. ) ;
#4931 = DIRECTION ( 'NONE',  ( 1.000000000000000000, 0.000000000000000000, 0.000000000000000000 ) ) ;
#4932 = CARTESIAN_POINT ( 'NONE',  ( -2.399999999999980815, 4.900000000000000355, -3.199999999999985967 ) ) ;
#4933 = ORIENTED_EDGE ( 'NONE', *, *, #3441, .F. ) ;
#4934 = ORIENTED_EDGE ( 'NONE', *, *, #4569, .F. ) ;
#4935 = EDGE_LOOP ( 'NONE', ( #5646, #1273, #7589, #2134 ) ) ;
#4936 = DIRECTION ( 'NONE',  ( -0.1305261922200517677, 0.9914448613738104932, -0.000000000000000000 ) ) ;
#4937 = ADVANCED_FACE ( 'NONE', ( #8628 ), #3823, .F. ) ;
#4938 = CARTESIAN_POINT ( 'NONE',  ( -2.535381069091571682, -1.075331984002939167, -0.5800000000000006262 ) ) ;
#4939 = DIRECTION ( 'NONE',  ( -1.000000000000000000, -0.000000000000000000, 1.355252715606880543E-16 ) ) ;
#4940 = EDGE_CURVE ( 'NONE', #2087, #1219, #1203, .T. ) ;
#4941 = EDGE_CURVE ( 'NONE', #1716, #2540, #3368, .T. ) ;
#4942 = CARTESIAN_POINT ( 'NONE',  ( -2.242497968482760839, -3.300000000000005151, -0.8050000000000019362 ) ) ;
#4943 = FACE_OUTER_BOUND ( 'NONE', #4811, .T. ) ;
#4944 = ORIENTED_EDGE ( 'NONE', *, *, #8213, .T. ) ;
#4945 = VERTEX_POINT ( 'NONE', #371 ) ;
#4946 = ORIENTED_EDGE ( 'NONE', *, *, #4296, .F. ) ;
#4947 = ADVANCED_FACE ( 'NONE', ( #8542 ), #4533, .F. ) ;
#4948 = CARTESIAN_POINT ( 'NONE',  ( -4.649999999999995026, 0.2500000000000002220, 3.600000000000000533 ) ) ;
#4949 = CYLINDRICAL_SURFACE ( 'NONE', #7816, 0.5000000000000000000 ) ;
#4950 = LINE ( 'NONE', #2349, #3057 ) ;
#4951 = ORIENTED_EDGE ( 'NONE', *, *, #2244, .T. ) ;
#4952 = DIRECTION ( 'NONE',  ( -0.7071067811865536790, 0.000000000000000000, -0.7071067811865414665 ) ) ;
#4953 = ITEM_DEFINED_TRANSFORMATION ( 'NONE', 'NONE', #7282,  #7976 ) ;
#4954 = ORIENTED_EDGE ( 'NONE', *, *, #5192, .F. ) ;
#4955 = ADVANCED_FACE ( 'NONE', ( #5267 ), #3730, .F. ) ;
#4956 = CARTESIAN_POINT ( 'NONE',  ( 1.905000000000007798, 9.699999999999995737, -0.8050000000000010481 ) ) ;
#4957 = DIRECTION ( 'NONE',  ( 9.035018104045873159E-17, 0.000000000000000000, 1.000000000000000000 ) ) ;
#4958 = PLANE ( 'NONE',  #6680 ) ;
#4959 = CARTESIAN_POINT ( 'NONE',  ( -2.399999999999995914, 0.000000000000000000, 5.850000000000000533 ) ) ;
#4960 = LINE ( 'NONE', #7005, #7858 ) ;
#4961 = ORIENTED_EDGE ( 'NONE', *, *, #1334, .T. ) ;
#4962 = DIRECTION ( 'NONE',  ( 1.000000000000000000, 0.000000000000000000, 0.000000000000000000 ) ) ;
#4963 = CARTESIAN_POINT ( 'NONE',  ( -4.299999999999996270, 16.40000000000000213, 3.600000000000000977 ) ) ;
#4964 = ORIENTED_EDGE ( 'NONE', *, *, #878, .F. ) ;
#4965 = EDGE_LOOP ( 'NONE', ( #4159, #387, #4810, #6212 ) ) ;
#4966 = EDGE_LOOP ( 'NONE', ( #595, #833, #6717, #700 ) ) ;
#4967 = DIRECTION ( 'NONE',  ( -1.000000000000000000, 0.000000000000000000, 2.077294918711725632E-15 ) ) ;
#4968 = AXIS2_PLACEMENT_3D ( 'NONE', #6861, #4252, #798 ) ;
#4969 =( NAMED_UNIT ( * ) SI_UNIT ( $, .STERADIAN. ) SOLID_ANGLE_UNIT ( ) );
#4970 = DIRECTION ( 'NONE',  ( 1.000000000000000000, 0.000000000000000000, 0.000000000000000000 ) ) ;
#4971 = EDGE_CURVE ( 'NONE', #3012, #5321, #6510, .T. ) ;
#4973 = ORIENTED_EDGE ( 'NONE', *, *, #7347, .T. ) ;
#4972 = EDGE_CURVE ( 'NONE', #5662, #4507, #4492, .T. ) ;
#4974 = CARTESIAN_POINT ( 'NONE',  ( -4.450000000000000178, -1.000000000000001554, -2.850000000000000089 ) ) ;
#4975 = CARTESIAN_POINT ( 'NONE',  ( -3.399999999999995914, 16.19999999999999929, -3.199999999999999289 ) ) ;
#4976 = ORIENTED_EDGE ( 'NONE', *, *, #7884, .T. ) ;
#4977 = VERTEX_POINT ( 'NONE', #8585 ) ;
#4978 = AXIS2_PLACEMENT_3D ( 'NONE', #3968, #7360, #6065 ) ;
#4979 = ORIENTED_EDGE ( 'NONE', *, *, #2206, .F. ) ;
#4980 = DIRECTION ( 'NONE',  ( 0.000000000000000000, -0.000000000000000000, 1.000000000000000000 ) ) ;
#4981 = TOROIDAL_SURFACE ( 'NONE', #5401, 0.3300000000000000155, 0.5000000000000000000 ) ;
#4982 = CARTESIAN_POINT ( 'NONE',  ( 0.7500000000000037748, 16.60000000000000142, 5.699999999999998401 ) ) ;
#4983 = VECTOR ( 'NONE', #7133, 1000.000000000000000 ) ;
#4984 = CARTESIAN_POINT ( 'NONE',  ( 2.399999999999984368, 4.500000000000000888, -3.200000000000008171 ) ) ;
#4985 = FACE_OUTER_BOUND ( 'NONE', #8546, .T. ) ;
#4986 = DIRECTION ( 'NONE',  ( 0.000000000000000000, 1.000000000000000000, 0.000000000000000000 ) ) ;
#4987 = EDGE_LOOP ( 'NONE', ( #3333, #7474, #2139, #1208 ) ) ;
#4988 = ORIENTED_EDGE ( 'NONE', *, *, #2623, .F. ) ;
#4989 = VERTEX_POINT ( 'NONE', #7136 ) ;
#4990 = CARTESIAN_POINT ( 'NONE',  ( -2.399999999999996358, 4.500000000000000888, 3.600000000000000533 ) ) ;
#4991 = CARTESIAN_POINT ( 'NONE',  ( 0.3200000000000015055, 9.095554967719982287, 2.779999999999999361 ) ) ;
#4992 = CARTESIAN_POINT ( 'NONE',  ( 0.05601464246351393200, -3.420848776618130582, 3.156014642463514708 ) ) ;
#4993 = VECTOR ( 'NONE', #2543, 1000.000000000000000 ) ;
#4994 = VERTEX_POINT ( 'NONE', #5837 ) ;
#4995 = CARTESIAN_POINT ( 'NONE',  ( 1.555182915624710782, -2.001483064957904734, -1.430925448365293562 ) ) ;
#4996 = EDGE_CURVE ( 'NONE', #8512, #2296, #4571, .T. ) ;
#4997 = VECTOR ( 'NONE', #3162, 1000.000000000000114 ) ;
#4998 = SHAPE_DEFINITION_REPRESENTATION ( #4099, #3319 ) ;
#4999 = ORIENTED_EDGE ( 'NONE', *, *, #5049, .T. ) ;
#5000 = CARTESIAN_POINT ( 'NONE',  ( 1.680000000000006377, -0.6150000000000054312, -0.5800000000000006262 ) ) ;
#5001 = EDGE_CURVE ( 'NONE', #599, #4994, #5201, .T. ) ;
#5002 = VECTOR ( 'NONE', #6257, 1000.000000000000000 ) ;
#5003 = CARTESIAN_POINT ( 'NONE',  ( 4.649999999999997691, 0.2500000000000002220, 3.599999999999997424 ) ) ;
#5004 = DIRECTION ( 'NONE',  ( 1.000000000000000000, 0.000000000000000000, 0.000000000000000000 ) ) ;
#5005 = DIRECTION ( 'NONE',  ( 0.000000000000000000, 1.000000000000000000, 0.000000000000000000 ) ) ;
#5006 = ADVANCED_FACE ( 'NONE', ( #6555 ), #1074, .F. ) ;
#5007 = LINE ( 'NONE', #2884, #4476 ) ;
#5008 = ORIENTED_EDGE ( 'NONE', *, *, #3653, .F. ) ;
#5009 = EDGE_CURVE ( 'NONE', #7436, #7409, #44, .T. ) ;
#5010 = CARTESIAN_POINT ( 'NONE',  ( -3.399999999999996803, 16.19999999999999929, 3.600000000000001421 ) ) ;
#5011 = CYLINDRICAL_SURFACE ( 'NONE', #5021, 1.000000000000014655 ) ;
#5012 = EDGE_CURVE ( 'NONE', #8111, #3403, #7315, .T. ) ;
#5013 = ORIENTED_EDGE ( 'NONE', *, *, #6590, .F. ) ;
#5014 = ORIENTED_EDGE ( 'NONE', *, *, #1319, .T. ) ;
#5015 = ORIENTED_EDGE ( 'NONE', *, *, #1432, .T. ) ;
#5016 = AXIS2_PLACEMENT_3D ( 'NONE', #7292, #3175, #8516 ) ;
#5017 = LINE ( 'NONE', #2279, #4021 ) ;
#5018 = CARTESIAN_POINT ( 'NONE',  ( 0.3200000000000057243, -2.695554967719990813, -0.5800000000000006262 ) ) ;
#5019 = CARTESIAN_POINT ( 'NONE',  ( 2.399999999999994138, 0.000000000000000000, -3.200000000000001066 ) ) ;
#5020 = VECTOR ( 'NONE', #8537, 1000.000000000000000 ) ;
#5021 = AXIS2_PLACEMENT_3D ( 'NONE', #3780, #283, #4493 ) ;
#5022 = VERTEX_POINT ( 'NONE', #2667 ) ;
#5023 = DIRECTION ( 'NONE',  ( -0.3502073812594687086, -0.9366721892483971246, 0.000000000000000000 ) ) ;
#5024 = FACE_BOUND ( 'NONE', #3250, .T. ) ;
#5025 = ORIENTED_EDGE ( 'NONE', *, *, #6962, .T. ) ;
#5026 = ORIENTED_EDGE ( 'NONE', *, *, #4996, .T. ) ;
#5027 = AXIS2_PLACEMENT_3D ( 'NONE', #8539, #5223, #5263 ) ;
#5028 = EDGE_LOOP ( 'NONE', ( #856, #8476, #3043, #3746 ) ) ;
#5029 = SURFACE_STYLE_FILL_AREA ( #4539 ) ;
#5030 = CARTESIAN_POINT ( 'NONE',  ( 0.3199999999999991740, -3.299999999999999822, 3.419999999999999485 ) ) ;
#5031 = VECTOR ( 'NONE', #5350, 1000.000000000000000 ) ;
#5032 = DIRECTION ( 'NONE',  ( -0.000000000000000000, -1.000000000000000000, -0.000000000000000000 ) ) ;
#5033 = VECTOR ( 'NONE', #7940, 1000.000000000000000 ) ;
#5034 = AXIS2_PLACEMENT_3D ( 'NONE', #5980, #6698, #635 ) ;
#5035 = LINE ( 'NONE', #7733, #2492 ) ;
#5036 = LINE ( 'NONE', #6403, #58 ) ;
#5037 = VERTEX_POINT ( 'NONE', #1249 ) ;
#5038 = VERTEX_POINT ( 'NONE', #668 ) ;
#5039 = DIRECTION ( 'NONE',  ( -1.000000000000000000, -0.000000000000000000, 1.275531967630005739E-16 ) ) ;
#5040 = FACE_OUTER_BOUND ( 'NONE', #740, .T. ) ;
#5041 = DIRECTION ( 'NONE',  ( -0.000000000000000000, -1.000000000000000000, -0.000000000000000000 ) ) ;
#5042 = EDGE_LOOP ( 'NONE', ( #3229, #3857, #1726, #3703 ) ) ;
#5043 = DIRECTION ( 'NONE',  ( 0.000000000000000000, 0.000000000000000000, 1.000000000000000000 ) ) ;
#5044 =( LENGTH_UNIT ( ) NAMED_UNIT ( * ) SI_UNIT ( .MILLI., .METRE. ) );
#5045 = ORIENTED_EDGE ( 'NONE', *, *, #6400, .T. ) ;
#5046 = DIRECTION ( 'NONE',  ( 6.776263578034403699E-16, 0.000000000000000000, 1.000000000000000000 ) ) ;
#5047 = CARTESIAN_POINT ( 'NONE',  ( -2.399999999999995914, 0.000000000000000000, 5.850000000000000533 ) ) ;
#5048 = FACE_OUTER_BOUND ( 'NONE', #3719, .T. ) ;
#5049 = EDGE_CURVE ( 'NONE', #5163, #1714, #2039, .T. ) ;
#5050 = CARTESIAN_POINT ( 'NONE',  ( 1.816136676338268474, -3.178569412471160760, 3.218563584394543931 ) ) ;
#5051 = CARTESIAN_POINT ( 'NONE',  ( 1.905000000000007798, 9.699999999999995737, -1.220000000000000639 ) ) ;
#5052 = LINE ( 'NONE', #7756, #4866 ) ;
#5053 = AXIS2_PLACEMENT_3D ( 'NONE', #2062, #1397, #4148 ) ;
#5054 = EDGE_CURVE ( 'NONE', #2165, #7104, #4738, .T. ) ;
#5055 = EDGE_CURVE ( 'NONE', #6778, #8349, #3961, .T. ) ;
#5056 = ORIENTED_EDGE ( 'NONE', *, *, #458, .F. ) ;
#5057 = ORIENTED_EDGE ( 'NONE', *, *, #4825, .F. ) ;
#5058 = ORIENTED_EDGE ( 'NONE', *, *, #8302, .T. ) ;
#5059 = CIRCLE ( 'NONE', #4771, 0.8299999999999999600 ) ;
#5060 = EDGE_CURVE ( 'NONE', #2097, #835, #6647, .T. ) ;
#5061 = EDGE_CURVE ( 'NONE', #1769, #7899, #7475, .T. ) ;
#5062 = DIRECTION ( 'NONE',  ( 0.000000000000000000, 0.000000000000000000, -1.000000000000000000 ) ) ;
#5063 = FACE_OUTER_BOUND ( 'NONE', #7500, .T. ) ;
#5064 = ORIENTED_EDGE ( 'NONE', *, *, #3710, .T. ) ;
#5065 = CIRCLE ( 'NONE', #1529, 0.2500000000000002220 ) ;
#5066 = CARTESIAN_POINT ( 'NONE',  ( 4.899999999999996803, 14.49999999999999822, 1.199999999999997291 ) ) ;
#5067 =( NAMED_UNIT ( * ) PLANE_ANGLE_UNIT ( ) SI_UNIT ( $, .RADIAN. ) );
#5068 = VERTEX_POINT ( 'NONE', #4694 ) ;
#5069 = EDGE_LOOP ( 'NONE', ( #5694, #4360, #3105, #1578 ) ) ;
#5070 = ORIENTED_EDGE ( 'NONE', *, *, #5173, .F. ) ;
#5071 = AXIS2_PLACEMENT_3D ( 'NONE', #7273, #1166, #3295 ) ;
#5072 = EDGE_CURVE ( 'NONE', #5775, #8111, #8713, .T. ) ;
#5073 = ORIENTED_EDGE ( 'NONE', *, *, #191, .F. ) ;
#5074 = FACE_OUTER_BOUND ( 'NONE', #1491, .T. ) ;
#5075 = LINE ( 'NONE', #1720, #7243 ) ;
#5076 = LINE ( 'NONE', #2340, #8424 ) ;
#5077 = UNCERTAINTY_MEASURE_WITH_UNIT (LENGTH_MEASURE( 1.000000000000000082E-05 ), #6709, 'distance_accuracy_value', 'NONE');
#5078 = CARTESIAN_POINT ( 'NONE',  ( 2.400000000000017675, 4.500000000000000888, 5.499999999999991118 ) ) ;
#5079 = VERTEX_POINT ( 'NONE', #6014 ) ;
#5080 = VERTEX_POINT ( 'NONE', #8671 ) ;
#5081 = DIRECTION ( 'NONE',  ( -1.000000000000000000, -0.000000000000000000, -0.000000000000000000 ) ) ;
#5082 = CARTESIAN_POINT ( 'NONE',  ( -2.499999999999995559, 4.900000000000000355, -3.294444401457438332 ) ) ;
#5083 = DIRECTION ( 'NONE',  ( -0.3502073812594685975, 0.9366721892483971246, 0.000000000000000000 ) ) ;
#5084 = ADVANCED_FACE ( 'NONE', ( #627 ), #5360, .T. ) ;
#5085 = ORIENTED_EDGE ( 'NONE', *, *, #1851, .T. ) ;
#5086 = ADVANCED_FACE ( 'NONE', ( #8141 ), #8182, .F. ) ;
#5087 = LINE ( 'NONE', #7785, #211 ) ;
#5088 = LINE ( 'NONE', #7787, #4077 ) ;
#5089 = CARTESIAN_POINT ( 'NONE',  ( 4.899999999999995026, 16.60000000000000142, -3.200000000000002398 ) ) ;
#5090 = DIRECTION ( 'NONE',  ( -0.04464258697085599081, -0.3390941135865693790, 0.9396926207859080948 ) ) ;
#5091 = FACE_OUTER_BOUND ( 'NONE', #5514, .T. ) ;
#5092 = LINE ( 'NONE', #8495, #653 ) ;
#5093 = CARTESIAN_POINT ( 'NONE',  ( -4.450000000000000178, 0.000000000000000000, -2.400000000000000355 ) ) ;
#5094 = DIRECTION ( 'NONE',  ( 0.000000000000000000, -1.000000000000000000, 0.000000000000000000 ) ) ;
#5095 = VERTEX_POINT ( 'NONE', #8056 ) ;
#5096 = ORIENTED_EDGE ( 'NONE', *, *, #1230, .F. ) ;
#5097 = ORIENTED_EDGE ( 'NONE', *, *, #3633, .F. ) ;
#5098 = DIRECTION ( 'NONE',  ( 0.4226182617407041042, 0.000000000000000000, 0.9063077870366477162 ) ) ;
#5099 = DIRECTION ( 'NONE',  ( 0.7071067811865536790, -0.000000000000000000, 0.7071067811865414665 ) ) ;
#5100 = DIRECTION ( 'NONE',  ( -0.1305261922200516567, -0.9914448613738104932, 0.000000000000000000 ) ) ;
#5101 = ADVANCED_FACE ( 'NONE', ( #2621 ), #7389, .T. ) ;
#5102 = FACE_OUTER_BOUND ( 'NONE', #4117, .T. ) ;
#5103 = ORIENTED_EDGE ( 'NONE', *, *, #7278, .F. ) ;
#5104 = CARTESIAN_POINT ( 'NONE',  ( -1.599999999999996314, 12.49999999999999822, -0.7999999999999999334 ) ) ;
#5105 = EDGE_CURVE ( 'NONE', #8499, #1769, #1959, .T. ) ;
#5106 = EDGE_LOOP ( 'NONE', ( #8473, #570, #3673, #7630 ) ) ;
#5107 = ORIENTED_EDGE ( 'NONE', *, *, #1001, .F. ) ;
#5108 = ADVANCED_FACE ( 'NONE', ( #4086 ), #6151, .F. ) ;
#5109 = ORIENTED_EDGE ( 'NONE', *, *, #2628, .T. ) ;
#5110 = VERTEX_POINT ( 'NONE', #3287 ) ;
#5111 = EDGE_CURVE ( 'NONE', #1807, #8506, #7354, .T. ) ;
#5112 = CARTESIAN_POINT ( 'NONE',  ( -0.3199999999999936229, -2.695554967719990813, -1.220000000000000639 ) ) ;
#5113 = DIRECTION ( 'NONE',  ( -1.000000000000000000, 0.000000000000000000, 1.734723475976807094E-15 ) ) ;
#5114 = PLANE ( 'NONE',  #8012 ) ;
#5115 = AXIS2_PLACEMENT_3D ( 'NONE', #4124, #6815, #4211 ) ;
#5116 = EDGE_CURVE ( 'NONE', #7625, #765, #5617, .T. ) ;
#5117 = DIRECTION ( 'NONE',  ( 0.000000000000000000, 0.000000000000000000, -1.000000000000000000 ) ) ;
#5118 = ORIENTED_EDGE ( 'NONE', *, *, #921, .F. ) ;
#5119 = EDGE_LOOP ( 'NONE', ( #6034, #2278, #68, #4495 ) ) ;
#5120 = EDGE_CURVE ( 'NONE', #6515, #6497, #5059, .T. ) ;
#5121 = VERTEX_POINT ( 'NONE', #801 ) ;
#5122 = CARTESIAN_POINT ( 'NONE',  ( 1.680000000000000160, 1.000000000000000000, 2.779999999999999361 ) ) ;
#5123 = AXIS2_PLACEMENT_3D ( 'NONE', #8493, #3819, #8451 ) ;
#5124 = DIRECTION ( 'NONE',  ( 1.342665229084215866E-16, -1.000000000000000000, 0.000000000000000000 ) ) ;
#5125 = PLANE ( 'NONE',  #3063 ) ;
#5126 = ORIENTED_EDGE ( 'NONE', *, *, #8669, .F. ) ;
#5127 = DIRECTION ( 'NONE',  ( 0.000000000000000000, 1.000000000000000000, -0.000000000000000000 ) ) ;
#5128 = VECTOR ( 'NONE', #4473, 1000.000000000000000 ) ;
#5129 = CARTESIAN_POINT ( 'NONE',  ( 3.651260303987495348, 20.30126030398746195, 8.701260303987426781 ) ) ;
#5130 = CARTESIAN_POINT ( 'NONE',  ( -3.200000000000000622, 10.30000000000000249, -5.570000000000000284 ) ) ;
#5131 = DIRECTION ( 'NONE',  ( 0.1305261922200516567, -0.9914448613738104932, 0.000000000000000000 ) ) ;
#5132 = PRODUCT_DEFINITION_SHAPE ( 'NONE', 'NONE',  #1687 ) ;
#5133 = CARTESIAN_POINT ( 'NONE',  ( -1.600000000000000089, 14.00000000000000000, -5.699999999999999289 ) ) ;
#5134 = CARTESIAN_POINT ( 'NONE',  ( -2.399999999999996358, 4.900000000000000355, 4.600000000000000533 ) ) ;
#5135 = VECTOR ( 'NONE', #2585, 1000.000000000000000 ) ;
#5136 = CARTESIAN_POINT ( 'NONE',  ( 1.688662254502225846, -2.603569453895921093, 2.779999999999999361 ) ) ;
#5137 = CARTESIAN_POINT ( 'NONE',  ( 2.499999999999995559, 4.900000000000000355, -3.294444401457438332 ) ) ;
#5138 = AXIS2_PLACEMENT_3D ( 'NONE', #4134, #2676, #6161 ) ;
#5139 = ORIENTED_EDGE ( 'NONE', *, *, #1371, .F. ) ;
#5140 = EDGE_LOOP ( 'NONE', ( #6622, #8145, #6055, #2874, #8369, #2541, #473, #4520, #7642, #663, #8296, #533 ) ) ;
#5141 = VERTEX_POINT ( 'NONE', #6195 ) ;
#5142 = VECTOR ( 'NONE', #5382, 1000.000000000000000 ) ;
#5143 = AXIS2_PLACEMENT_3D ( 'NONE', #768, #3429, #7495 ) ;
#5144 = DIRECTION ( 'NONE',  ( 6.776263578034403699E-16, 0.000000000000000000, 1.000000000000000000 ) ) ;
#5145 = DIRECTION ( 'NONE',  ( -0.000000000000000000, -1.000000000000000000, -0.000000000000000000 ) ) ;
#5146 = CARTESIAN_POINT ( 'NONE',  ( 6.437450399132683366E-15, 9.081817580622699282, -1.220000000000000639 ) ) ;
#5147 = CARTESIAN_POINT ( 'NONE',  ( 2.399999999999999911, 16.60000000000000142, 5.499999999999999112 ) ) ;
#5148 = ORIENTED_EDGE ( 'NONE', *, *, #5858, .T. ) ;
#5149 = FACE_OUTER_BOUND ( 'NONE', #7931, .T. ) ;
#5150 = DIRECTION ( 'NONE',  ( 0.000000000000000000, -1.000000000000000000, -0.000000000000000000 ) ) ;
#5151 = ORIENTED_EDGE ( 'NONE', *, *, #5768, .F. ) ;
#5152 = EDGE_LOOP ( 'NONE', ( #1709, #7854, #3712, #7470, #8548, #4085, #988, #3322 ) ) ;
#5153 = VERTEX_POINT ( 'NONE', #1458 ) ;
#5154 = AXIS2_PLACEMENT_3D ( 'NONE', #2306, #2401, #8446 ) ;
#5155 = ORIENTED_EDGE ( 'NONE', *, *, #83, .F. ) ;
#5156 = CARTESIAN_POINT ( 'NONE',  ( -0.9499999999999999556, 16.60000000000000142, 5.699999999999999289 ) ) ;
#5157 = CARTESIAN_POINT ( 'NONE',  ( -0.3199999999999944555, -3.300000000000005151, -0.8000000000000003775 ) ) ;
#5158 = EDGE_CURVE ( 'NONE', #4205, #3129, #3503, .T. ) ;
#5159 = LINE ( 'NONE', #5249, #6735 ) ;
#5160 = AXIS2_PLACEMENT_3D ( 'NONE', #7218, #3861, #3958 ) ;
#5161 = CARTESIAN_POINT ( 'NONE',  ( 2.319999999999998064, 9.081817580622704611, 3.419999999999999485 ) ) ;
#5162 = ADVANCED_FACE ( 'NONE', ( #4167, #4816 ), #7513, .F. ) ;
#5163 = VERTEX_POINT ( 'NONE', #4303 ) ;
#5164 = VERTEX_POINT ( 'NONE', #4956 ) ;
#5165 = ORIENTED_EDGE ( 'NONE', *, *, #3408, .T. ) ;
#5166 = DIRECTION ( 'NONE',  ( 0.000000000000000000, -1.000000000000000000, 0.000000000000000000 ) ) ;
#5167 = CARTESIAN_POINT ( 'NONE',  ( -4.735954284370224698, 2.477571370718827506E-16, -2.760467620020264246 ) ) ;
#5168 = EDGE_CURVE ( 'NONE', #7032, #188, #5901, .T. ) ;
#5169 = CARTESIAN_POINT ( 'NONE',  ( -1.679999999999993499, 16.60000000000000142, -0.5800000000000006262 ) ) ;
#5170 = VECTOR ( 'NONE', #536, 1000.000000000000000 ) ;
#5171 = AXIS2_PLACEMENT_3D ( 'NONE', #5967, #4155, #2118 ) ;
#5172 = EDGE_LOOP ( 'NONE', ( #5231, #4225, #5988, #8377 ) ) ;
#5173 = EDGE_CURVE ( 'NONE', #5528, #2220, #5708, .T. ) ;
#5174 = DIRECTION ( 'NONE',  ( -0.000000000000000000, -1.000000000000000000, -0.000000000000000000 ) ) ;
#5175 = VECTOR ( 'NONE', #7503, 1000.000000000000000 ) ;
#5176 = AXIS2_PLACEMENT_3D ( 'NONE', #1895, #4514, #7247 ) ;
#5177 = LINE ( 'NONE', #8623, #3650 ) ;
#5178 = CARTESIAN_POINT ( 'NONE',  ( 0.7500000000000229816, 28.50378091196238373, 5.999999999999992895 ) ) ;
#5179 = LINE ( 'NONE', #4351, #2154 ) ;
#5180 = LINE ( 'NONE', #452, #86 ) ;
#5181 = DIRECTION ( 'NONE',  ( 0.04464258697085599081, 0.3390941135865693790, 0.9396926207859080948 ) ) ;
#5182 = DIRECTION ( 'NONE',  ( 1.000000000000000000, 0.000000000000000000, -0.000000000000000000 ) ) ;
#5183 = EDGE_LOOP ( 'NONE', ( #7856, #3459, #8087, #4903 ) ) ;
#5184 = ORIENTED_EDGE ( 'NONE', *, *, #3008, .T. ) ;
#5185 = ORIENTED_EDGE ( 'NONE', *, *, #8464, .F. ) ;
#5186 = DIRECTION ( 'NONE',  ( 0.000000000000000000, 0.000000000000000000, -1.000000000000000000 ) ) ;
#5187 = CARTESIAN_POINT ( 'NONE',  ( 3.400000000000010569, 4.500000000000000888, 3.599999999999988098 ) ) ;
#5188 = DIRECTION ( 'NONE',  ( 0.000000000000000000, -1.000000000000000000, 0.000000000000000000 ) ) ;
#5189 = CARTESIAN_POINT ( 'NONE',  ( 1.831048351012637410, -3.245831630228678044, 2.779999999999999361 ) ) ;
#5190 = AXIS2_PLACEMENT_3D ( 'NONE', #2420, #7326, #512 ) ;
#5191 = ORIENTED_EDGE ( 'NONE', *, *, #8215, .F. ) ;
#5192 = EDGE_CURVE ( 'NONE', #8726, #7240, #7702, .T. ) ;
#5193 = LINE ( 'NONE', #558, #5496 ) ;
#5194 = DIRECTION ( 'NONE',  ( -0.000000000000000000, -1.000000000000000000, -0.000000000000000000 ) ) ;
#5195 = EDGE_CURVE ( 'NONE', #3547, #7409, #7885, .T. ) ;
#5196 = VECTOR ( 'NONE', #5397, 1000.000000000000000 ) ;
#5197 = FILL_AREA_STYLE_COLOUR ( '', #1061 ) ;
#5198 = ORIENTED_EDGE ( 'NONE', *, *, #7184, .F. ) ;
#5199 = ORIENTED_EDGE ( 'NONE', *, *, #2692, .F. ) ;
#5200 = ORIENTED_EDGE ( 'NONE', *, *, #2368, .T. ) ;
#5201 = CIRCLE ( 'NONE', #3652, 0.4999999999999991673 ) ;
#5202 = DIRECTION ( 'NONE',  ( -0.9914448613738103822, 0.1305261922200516289, 0.000000000000000000 ) ) ;
#5203 = LINE ( 'NONE', #6580, #7830 ) ;
#5205 = FACE_OUTER_BOUND ( 'NONE', #8631, .T. ) ;
#5204 = AXIS2_PLACEMENT_3D ( 'NONE', #2743, #5435, #617 ) ;
#5206 = DIRECTION ( 'NONE',  ( 1.000000000000000000, 0.000000000000000000, 0.000000000000000000 ) ) ;
#5207 = LINE ( 'NONE', #8075, #1779 ) ;
#5208 = ORIENTED_EDGE ( 'NONE', *, *, #8187, .F. ) ;
#5209 = AXIS2_PLACEMENT_3D ( 'NONE', #8097, #3377, #5530 ) ;
#5210 = ORIENTED_EDGE ( 'NONE', *, *, #1193, .T. ) ;
#5211 = EDGE_CURVE ( 'NONE', #8037, #5727, #673, .T. ) ;
#5212 = ORIENTED_EDGE ( 'NONE', *, *, #6351, .F. ) ;
#5213 = CARTESIAN_POINT ( 'NONE',  ( -2.399999999999996358, 4.500000000000000888, 4.600000000000000533 ) ) ;
#5214 = FACE_OUTER_BOUND ( 'NONE', #2890, .T. ) ;
#5215 = LINE ( 'NONE', #7256, #2634 ) ;
#5216 = EDGE_CURVE ( 'NONE', #5038, #2521, #4259, .T. ) ;
#5217 = ADVANCED_FACE ( 'NONE', ( #7749 ), #4913, .F. ) ;
#5218 = ORIENTED_EDGE ( 'NONE', *, *, #4485, .T. ) ;
#5219 = CARTESIAN_POINT ( 'NONE',  ( 2.599999999999979661, 8.241961640772636599, -5.089444362769127039 ) ) ;
#5220 = EDGE_CURVE ( 'NONE', #6947, #4845, #366, .T. ) ;
#5221 = EDGE_CURVE ( 'NONE', #3604, #5940, #8361, .T. ) ;
#5222 = LINE ( 'NONE', #3148, #4214 ) ;
#5223 = DIRECTION ( 'NONE',  ( 1.000000000000000000, 0.000000000000000000, -1.084202172485503448E-16 ) ) ;
#5224 = PLANE ( 'NONE',  #172 ) ;
#5225 = EDGE_CURVE ( 'NONE', #5800, #1766, #2311, .T. ) ;
#5226 = PLANE ( 'NONE',  #2204 ) ;
#5227 = DIRECTION ( 'NONE',  ( 0.9914448613738103822, -0.1305261922200516844, 0.000000000000000000 ) ) ;
#5228 = CARTESIAN_POINT ( 'NONE',  ( 4.899999999999995914, 14.49999999999999822, -0.8000000000000028200 ) ) ;
#5229 = ADVANCED_FACE ( 'NONE', ( #6915 ), #1649, .T. ) ;
#5230 = ORIENTED_EDGE ( 'NONE', *, *, #3769, .T. ) ;
#5231 = ORIENTED_EDGE ( 'NONE', *, *, #2244, .F. ) ;
#5232 = ORIENTED_EDGE ( 'NONE', *, *, #1701, .F. ) ;
#5233 = DIRECTION ( 'NONE',  ( -0.000000000000000000, -1.000000000000000000, -0.000000000000000000 ) ) ;
#5234 = LINE ( 'NONE', #2502, #4657 ) ;
#5235 = DIRECTION ( 'NONE',  ( -0.1305261922200516844, 0.9914448613738103822, 0.000000000000000000 ) ) ;
#5236 = DIRECTION ( 'NONE',  ( -0.9914448613738103822, -0.1305261922200516844, 0.000000000000000000 ) ) ;
#5237 = CARTESIAN_POINT ( 'NONE',  ( -2.535381069091578343, -1.075331984002933616, 3.419999999999999485 ) ) ;
#5238 = EDGE_LOOP ( 'NONE', ( #7697, #2938, #3207, #3496, #8481, #1078, #4410, #3951, #4076, #858 ) ) ;
#5239 = CARTESIAN_POINT ( 'NONE',  ( -3.200000000000000622, 16.60000000000000142, -5.568543856465400843 ) ) ;
#5240 = CARTESIAN_POINT ( 'NONE',  ( -0.3199999999999935674, 9.699999999999993960, -0.5800000000000006262 ) ) ;
#5241 = FILL_AREA_STYLE ('',( #5197 ) ) ;
#5242 = EDGE_LOOP ( 'NONE', ( #6395, #608, #2591, #8348 ) ) ;
#5243 = ORIENTED_EDGE ( 'NONE', *, *, #5379, .T. ) ;
#5244 = ORIENTED_EDGE ( 'NONE', *, *, #6269, .T. ) ;
#5245 = ADVANCED_FACE ( 'NONE', ( #2268, #3637 ), #4219, .T. ) ;
#5246 = LINE ( 'NONE', #7155, #6142 ) ;
#5247 = CARTESIAN_POINT ( 'NONE',  ( 4.899999999999995914, 12.49999999999999822, -0.8000000000000032641 ) ) ;
#5248 = CARTESIAN_POINT ( 'NONE',  ( -3.200000000000000622, 10.30000000000000249, -5.568543856465400843 ) ) ;
#5249 = CARTESIAN_POINT ( 'NONE',  ( -4.899999999999996803, 1.000000000000000000, 3.419999999999999485 ) ) ;
#5250 = ADVANCED_BREP_SHAPE_REPRESENTATION ( '', ( #97, #7976 ), #5294 ) ;
#5251 = UNCERTAINTY_MEASURE_WITH_UNIT (LENGTH_MEASURE( 1.000000000000000082E-05 ), #2551, 'distance_accuracy_value', 'NONE');
#5252 = PLANE ( 'NONE',  #7537 ) ;
#5253 = ORIENTED_EDGE ( 'NONE', *, *, #6254, .T. ) ;
#5254 = ORIENTED_EDGE ( 'NONE', *, *, #2466, .F. ) ;
#5255 = DIRECTION ( 'NONE',  ( 4.197558705537336305E-15, 0.000000000000000000, 1.000000000000000000 ) ) ;
#5256 = DIRECTION ( 'NONE',  ( -0.9914448613738103822, -0.1305261922200516844, -0.000000000000000000 ) ) ;
#5257 = DIRECTION ( 'NONE',  ( -1.000000000000000000, 0.000000000000000000, 1.694065894508601270E-15 ) ) ;
#5258 = VECTOR ( 'NONE', #4513, 1000.000000000000227 ) ;
#5259 = VERTEX_POINT ( 'NONE', #2362 ) ;
#5260 = DIRECTION ( 'NONE',  ( 0.000000000000000000, 1.000000000000000000, 0.000000000000000000 ) ) ;
#5261 = CARTESIAN_POINT ( 'NONE',  ( -2.319999999999993179, -0.4992691472256670648, -1.220000000000000639 ) ) ;
#5262 = AXIS2_PLACEMENT_3D ( 'NONE', #3418, #713, #6105 ) ;
#5263 = DIRECTION ( 'NONE',  ( -1.084202172485503448E-16, 0.000000000000000000, -1.000000000000000000 ) ) ;
#5264 = CARTESIAN_POINT ( 'NONE',  ( -2.399999999999996358, 28.50378091196238373, 3.600000000000000533 ) ) ;
#5265 = DIRECTION ( 'NONE',  ( -0.000000000000000000, 0.000000000000000000, -1.000000000000000000 ) ) ;
#5266 = EDGE_CURVE ( 'NONE', #6546, #2009, #175, .T. ) ;
#5267 = FACE_OUTER_BOUND ( 'NONE', #8200, .T. ) ;
#5268 = VECTOR ( 'NONE', #6693, 1000.000000000000000 ) ;
#5269 = CARTESIAN_POINT ( 'NONE',  ( 2.399999999999994138, 4.500000000000000888, -3.200000000000001066 ) ) ;
#5270 = ORIENTED_EDGE ( 'NONE', *, *, #1886, .T. ) ;
#5271 = ORIENTED_EDGE ( 'NONE', *, *, #5061, .F. ) ;
#5272 = EDGE_CURVE ( 'NONE', #7079, #2819, #2940, .T. ) ;
#5274 = EDGE_CURVE ( 'NONE', #1399, #6413, #7000, .T. ) ;
#5273 = CARTESIAN_POINT ( 'NONE',  ( 4.899999999999995914, 1.000000000000000000, -1.400000000000004796 ) ) ;
#5275 =( NAMED_UNIT ( * ) PLANE_ANGLE_UNIT ( ) SI_UNIT ( $, .RADIAN. ) );
#5276 = CARTESIAN_POINT ( 'NONE',  ( -4.649999999999995914, 0.000000000000000000, -3.199999999999998401 ) ) ;
#5277 = AXIS2_PLACEMENT_3D ( 'NONE', #3419, #6107, #7519 ) ;
#5278 = LINE ( 'NONE', #1467, #2167 ) ;
#5279 = EDGE_CURVE ( 'NONE', #8140, #6498, #980, .T. ) ;
#5280 = CARTESIAN_POINT ( 'NONE',  ( -3.399999999999995914, 4.500000000000000888, -3.199999999999999289 ) ) ;
#5281 = ORIENTED_EDGE ( 'NONE', *, *, #5815, .T. ) ;
#5282 = AXIS2_PLACEMENT_3D ( 'NONE', #7147, #4582, #2417 ) ;
#5283 = PLANE ( 'NONE',  #3090 ) ;
#5284 = EDGE_CURVE ( 'NONE', #6640, #2087, #3589, .T. ) ;
#5285 = DIRECTION ( 'NONE',  ( 0.000000000000000000, -1.000000000000000000, -0.000000000000000000 ) ) ;
#5286 = VECTOR ( 'NONE', #7735, 1000.000000000000000 ) ;
#5287 = VERTEX_POINT ( 'NONE', #935 ) ;
#5288 = ORIENTED_EDGE ( 'NONE', *, *, #2373, .F. ) ;
#5289 = AXIS2_PLACEMENT_3D ( 'NONE', #1479, #6172, #108 ) ;
#5290 = VERTEX_POINT ( 'NONE', #5000 ) ;
#5291 = VECTOR ( 'NONE', #320, 1000.000000000000000 ) ;
#5292 = DIRECTION ( 'NONE',  ( 0.1305261922200516289, 0.9914448613738103822, 0.000000000000000000 ) ) ;
#5293 = DIRECTION ( 'NONE',  ( -0.000000000000000000, 0.000000000000000000, -1.000000000000000000 ) ) ;
#5294 =( GEOMETRIC_REPRESENTATION_CONTEXT ( 3 ) GLOBAL_UNCERTAINTY_ASSIGNED_CONTEXT ( ( #6495 ) ) GLOBAL_UNIT_ASSIGNED_CONTEXT ( ( #3700, #4275, #2381 ) ) REPRESENTATION_CONTEXT ( 'NONE', 'WORKASPACE' ) );
#5295 = DIRECTION ( 'NONE',  ( -6.776263578034403699E-16, 0.000000000000000000, -1.000000000000000000 ) ) ;
#5296 = CARTESIAN_POINT ( 'NONE',  ( 1.150000000000004130, 0.2500000000000071609, 6.099999999999999645 ) ) ;
#5297 = DIRECTION ( 'NONE',  ( -5.500731610404397960E-16, 0.000000000000000000, -1.000000000000000000 ) ) ;
#5298 =( GEOMETRIC_REPRESENTATION_CONTEXT ( 3 ) GLOBAL_UNCERTAINTY_ASSIGNED_CONTEXT ( ( #6402 ) ) GLOBAL_UNIT_ASSIGNED_CONTEXT ( ( #5044, #408, #1110 ) ) REPRESENTATION_CONTEXT ( 'NONE', 'WORKASPACE' ) );
#5299 = VECTOR ( 'NONE', #185, 1000.000000000000000 ) ;
#5300 = ORIENTED_EDGE ( 'NONE', *, *, #5480, .F. ) ;
#5301 = ORIENTED_EDGE ( 'NONE', *, *, #5001, .F. ) ;
#5302 = LINE ( 'NONE', #8007, #2108 ) ;
#5303 = AXIS2_PLACEMENT_3D ( 'NONE', #7109, #5778, #1808 ) ;
#5304 = LINE ( 'NONE', #8705, #3722 ) ;
#5305 = CARTESIAN_POINT ( 'NONE',  ( -1.679999999999999938, -0.6149999999999999911, 3.419999999999999485 ) ) ;
#5306 = ORIENTED_EDGE ( 'NONE', *, *, #1886, .F. ) ;
#5307 = CIRCLE ( 'NONE', #6715, 2.500000000000000888 ) ;
#5308 = CARTESIAN_POINT ( 'NONE',  ( -2.399999999999996358, 16.60000000000000142, -3.199999999999999289 ) ) ;
#5309 = AXIS2_PLACEMENT_3D ( 'NONE', #8018, #542, #8665 ) ;
#5310 = CARTESIAN_POINT ( 'NONE',  ( 4.336808689942017736E-15, 16.60000000000000142, 5.999999999999995559 ) ) ;
#5311 = AXIS2_PLACEMENT_3D ( 'NONE', #7466, #5470, #1404 ) ;
#5312 = CARTESIAN_POINT ( 'NONE',  ( -1.679999999999999716, 1.000000000000000000, 3.599999999999994760 ) ) ;
#5313 = FACE_BOUND ( 'NONE', #1186, .T. ) ;
#5314 = FACE_OUTER_BOUND ( 'NONE', #1680, .T. ) ;
#5315 = VECTOR ( 'NONE', #3487, 1000.000000000000000 ) ;
#5316 = CARTESIAN_POINT ( 'NONE',  ( -0.9499999999999999556, 4.500000000000000888, 2.779999999999999361 ) ) ;
#5317 = VECTOR ( 'NONE', #3103, 1000.000000000000000 ) ;
#5318 = DIRECTION ( 'NONE',  ( 6.847592668329503038E-16, 0.000000000000000000, 1.000000000000000000 ) ) ;
#5319 = AXIS2_PLACEMENT_3D ( 'NONE', #6398, #1721, #6452 ) ;
#5320 = ORIENTED_EDGE ( 'NONE', *, *, #7705, .T. ) ;
#5321 = VERTEX_POINT ( 'NONE', #3684 ) ;
#5322 = EDGE_CURVE ( 'NONE', #8506, #2102, #1111, .T. ) ;
#5323 = LINE ( 'NONE', #7229, #3314 ) ;
#5324 = CARTESIAN_POINT ( 'NONE',  ( -1.599999999999999201, 9.800000000000000711, -5.699999999999998401 ) ) ;
#5325 = DIRECTION ( 'NONE',  ( 2.710505431213765029E-15, -1.000000000000000000, 0.000000000000000000 ) ) ;
#5326 = LINE ( 'NONE', #4581, #3729 ) ;
#5327 = CARTESIAN_POINT ( 'NONE',  ( -4.299999999999996270, 4.500000000000000888, -3.199999999999999734 ) ) ;
#5328 = ADVANCED_FACE ( 'NONE', ( #4612 ), #1243, .F. ) ;
#5329 = VERTEX_POINT ( 'NONE', #5261 ) ;
#5330 = EDGE_CURVE ( 'NONE', #4763, #5528, #7454, .T. ) ;
#5331 = CARTESIAN_POINT ( 'NONE',  ( -0.1000000000000027117, 9.699999999999999289, 2.999999999999998224 ) ) ;
#5332 = CARTESIAN_POINT ( 'NONE',  ( 2.019422874673658885, -3.270631606750487919, 2.779999999999999361 ) ) ;
#5333 = FILL_AREA_STYLE_COLOUR ( '', #5998 ) ;
#5334 = ORIENTED_EDGE ( 'NONE', *, *, #626, .F. ) ;
#5335 = ORIENTED_EDGE ( 'NONE', *, *, #431, .F. ) ;
#5336 = ADVANCED_FACE ( 'NONE', ( #2403 ), #6601, .F. ) ;
#5337 = ORIENTED_EDGE ( 'NONE', *, *, #7971, .T. ) ;
#5338 = EDGE_CURVE ( 'NONE', #3140, #4383, #5177, .T. ) ;
#5339 = FILL_AREA_STYLE ('',( #2687 ) ) ;
#5340 = DIRECTION ( 'NONE',  ( 0.000000000000000000, 0.000000000000000000, 1.000000000000000000 ) ) ;
#5341 = DIRECTION ( 'NONE',  ( 0.000000000000000000, 0.000000000000000000, 1.000000000000000000 ) ) ;
#5342 = VECTOR ( 'NONE', #8020, 1000.000000000000000 ) ;
#5343 = CARTESIAN_POINT ( 'NONE',  ( -3.399999999999996803, 28.50378091196238373, 3.600000000000001421 ) ) ;
#5344 = DIRECTION ( 'NONE',  ( 0.4226182617407041597, 0.000000000000000000, 0.9063077870366477162 ) ) ;
#5345 = AXIS2_PLACEMENT_3D ( 'NONE', #4136, #2679, #4752 ) ;
#5346 = EDGE_CURVE ( 'NONE', #4477, #2737, #5222, .T. ) ;
#5347 = VECTOR ( 'NONE', #1102, 1000.000000000000000 ) ;
#5348 = ORIENTED_EDGE ( 'NONE', *, *, #6839, .F. ) ;
#5349 = PLANE ( 'NONE',  #3806 ) ;
#5350 = DIRECTION ( 'NONE',  ( 0.7071067811865536790, 0.000000000000000000, 0.7071067811865414665 ) ) ;
#5351 = ORIENTED_EDGE ( 'NONE', *, *, #8133, .T. ) ;
#5352 = PLANE ( 'NONE',  #3050 ) ;
#5353 = ORIENTED_EDGE ( 'NONE', *, *, #4737, .F. ) ;
#5354 = PLANE ( 'NONE',  #2394 ) ;
#5355 = VECTOR ( 'NONE', #4579, 1000.000000000000000 ) ;
#5356 = EDGE_CURVE ( 'NONE', #8559, #1517, #5088, .T. ) ;
#5357 = CARTESIAN_POINT ( 'NONE',  ( -4.899999999999996803, 0.2500000000000002220, -1.400000000000001465 ) ) ;
#5358 = DIRECTION ( 'NONE',  ( -0.000000000000000000, -1.000000000000000000, 0.000000000000000000 ) ) ;
#5359 = EDGE_CURVE ( 'NONE', #7442, #6809, #6464, .T. ) ;
#5360 = CYLINDRICAL_SURFACE ( 'NONE', #6328, 1.000000000000000444 ) ;
#5361 = FACE_OUTER_BOUND ( 'NONE', #5888, .T. ) ;
#5362 = VERTEX_POINT ( 'NONE', #4527 ) ;
#5363 = ORIENTED_EDGE ( 'NONE', *, *, #427, .T. ) ;
#5364 = FACE_OUTER_BOUND ( 'NONE', #7379, .T. ) ;
#5365 = DIRECTION ( 'NONE',  ( -1.000000000000000000, 0.000000000000000000, 0.000000000000000000 ) ) ;
#5366 = CARTESIAN_POINT ( 'NONE',  ( 1.040834085586084257E-14, 9.800000000000000711, -5.699999999999997513 ) ) ;
#5367 = CARTESIAN_POINT ( 'NONE',  ( 2.400000000000010125, 16.40000000000000213, 3.599999999999991207 ) ) ;
#5368 = CARTESIAN_POINT ( 'NONE',  ( -1.679999999999994609, 1.000000000000004441, -1.220000000000000639 ) ) ;
#5369 = ORIENTED_EDGE ( 'NONE', *, *, #4110, .F. ) ;
#5370 = DIRECTION ( 'NONE',  ( 0.04464258697085599081, 0.3390941135865693790, 0.9396926207859080948 ) ) ;
#5371 = DIRECTION ( 'NONE',  ( -0.000000000000000000, 1.000000000000000000, -0.000000000000000000 ) ) ;
#5372 = CARTESIAN_POINT ( 'NONE',  ( 0.000000000000000000, 0.000000000000000000, 0.000000000000000000 ) ) ;
#5373 = ORIENTED_EDGE ( 'NONE', *, *, #8416, .F. ) ;
#5374 = ORIENTED_EDGE ( 'NONE', *, *, #4260, .T. ) ;
#5375 = ORIENTED_EDGE ( 'NONE', *, *, #6308, .F. ) ;
#5376 = EDGE_CURVE ( 'NONE', #2737, #1623, #2487, .T. ) ;
#5377 = PLANE ( 'NONE',  #625 ) ;
#5378 = DIRECTION ( 'NONE',  ( 0.000000000000000000, -0.000000000000000000, -1.000000000000000000 ) ) ;
#5379 = EDGE_CURVE ( 'NONE', #3702, #8715, #6469, .T. ) ;
#5380 = LINE ( 'NONE', #4018, #7451 ) ;
#5381 = EDGE_CURVE ( 'NONE', #5412, #5785, #3107, .T. ) ;
#5382 = DIRECTION ( 'NONE',  ( 3.745807800335038320E-15, 0.000000000000000000, 1.000000000000000000 ) ) ;
#5383 = EDGE_CURVE ( 'NONE', #2160, #3138, #2661, .T. ) ;
#5384 = ORIENTED_EDGE ( 'NONE', *, *, #883, .T. ) ;
#5385 = SURFACE_STYLE_FILL_AREA ( #2696 ) ;
#5386 = DIRECTION ( 'NONE',  ( 3.880302512053385121E-15, 0.000000000000000000, 1.000000000000000000 ) ) ;
#5387 = EDGE_CURVE ( 'NONE', #7586, #7286, #6505, .T. ) ;
#5388 = EDGE_CURVE ( 'NONE', #4766, #892, #7832, .T. ) ;
#5389 = ORIENTED_EDGE ( 'NONE', *, *, #7651, .F. ) ;
#5390 = FACE_OUTER_BOUND ( 'NONE', #8314, .T. ) ;
#5391 = ADVANCED_FACE ( 'NONE', ( #7217 ), #449, .F. ) ;
#5392 = EDGE_LOOP ( 'NONE', ( #749, #376, #5458, #4742, #3767, #8102, #8034, #8619 ) ) ;
#5393 = ORIENTED_EDGE ( 'NONE', *, *, #1870, .F. ) ;
#5394 = CARTESIAN_POINT ( 'NONE',  ( -4.899999999999996803, 1.000000000000000000, 3.419999999999999485 ) ) ;
#5395 = DIRECTION ( 'NONE',  ( -5.981805089575213947E-16, 0.000000000000000000, -1.000000000000000000 ) ) ;
#5396 = CARTESIAN_POINT ( 'NONE',  ( -2.399999999999996358, 0.2500000000000002220, 3.600000000000000533 ) ) ;
#5397 = DIRECTION ( 'NONE',  ( -0.000000000000000000, 1.000000000000000000, -0.000000000000000000 ) ) ;
#5398 = LINE ( 'NONE', #2085, #2342 ) ;
#5399 = VERTEX_POINT ( 'NONE', #5925 ) ;
#5400 = AXIS2_PLACEMENT_3D ( 'NONE', #5937, #4092, #2755 ) ;
#5401 = AXIS2_PLACEMENT_3D ( 'NONE', #330, #5507, #2236 ) ;
#5402 = CARTESIAN_POINT ( 'NONE',  ( -0.1230399491857787492, -3.236698259866693128, 3.223039949185777964 ) ) ;
#5403 = CARTESIAN_POINT ( 'NONE',  ( 0.3200000000000080558, 16.60000000000000142, -1.220000000000000639 ) ) ;
#5404 = PLANE ( 'NONE',  #8371 ) ;
#5405 = VECTOR ( 'NONE', #5131, 999.9999999999998863 ) ;
#5406 = DIRECTION ( 'NONE',  ( 0.3236155771181810636, 0.8891264907159901476, -0.3236155771181831731 ) ) ;
#5407 = DIRECTION ( 'NONE',  ( 0.000000000000000000, 1.000000000000000000, -0.000000000000000000 ) ) ;
#5408 = EDGE_LOOP ( 'NONE', ( #5718, #2151, #8153, #4705 ) ) ;
#5409 = DIRECTION ( 'NONE',  ( 2.040851148207996165E-15, 0.000000000000000000, 1.000000000000000000 ) ) ;
#5410 = FACE_OUTER_BOUND ( 'NONE', #6095, .T. ) ;
#5411 = ORIENTED_EDGE ( 'NONE', *, *, #2032, .F. ) ;
#5412 = VERTEX_POINT ( 'NONE', #1151 ) ;
#5413 = ORIENTED_EDGE ( 'NONE', *, *, #4411, .F. ) ;
#5414 = CARTESIAN_POINT ( 'NONE',  ( -2.499999999999994671, 4.900000000000000355, 4.200000000000000178 ) ) ;
#5415 = FILL_AREA_STYLE_COLOUR ( '', #6175 ) ;
#5416 = CYLINDRICAL_SURFACE ( 'NONE', #6417, 0.2500000000000000000 ) ;
#5417 = AXIS2_PLACEMENT_3D ( 'NONE', #4926, #1569, #2894 ) ;
#5418 = DIRECTION ( 'NONE',  ( -1.000000000000000000, 0.000000000000000000, 0.000000000000000000 ) ) ;
#5419 = CARTESIAN_POINT ( 'NONE',  ( -3.399999999999995914, 4.500000000000000888, -3.199999999999999289 ) ) ;
#5420 = VECTOR ( 'NONE', #1561, 1000.000000000000114 ) ;
#5421 = CARTESIAN_POINT ( 'NONE',  ( -4.299999999999996270, 4.500000000000000888, -3.199999999999999289 ) ) ;
#5422 = ORIENTED_EDGE ( 'NONE', *, *, #7038, .T. ) ;
#5423 = AXIS2_PLACEMENT_3D ( 'NONE', #5912, #4516, #440 ) ;
#5424 = VERTEX_POINT ( 'NONE', #3859 ) ;
#5425 = SURFACE_SIDE_STYLE ('',( #5385 ) ) ;
#5426 = EDGE_CURVE ( 'NONE', #2087, #1933, #6549, .T. ) ;
#5427 = DIRECTION ( 'NONE',  ( 0.000000000000000000, 0.000000000000000000, -1.000000000000000000 ) ) ;
#5428 = ORIENTED_EDGE ( 'NONE', *, *, #2528, .T. ) ;
#5429 = ADVANCED_FACE ( 'NONE', ( #3906 ), #8579, .T. ) ;
#5430 = CARTESIAN_POINT ( 'NONE',  ( -2.999999999999996003, 4.500000000000000888, -3.294444401457438332 ) ) ;
#5431 = ORIENTED_EDGE ( 'NONE', *, *, #8630, .F. ) ;
#5432 = ORIENTED_EDGE ( 'NONE', *, *, #8044, .T. ) ;
#5433 = VECTOR ( 'NONE', #4675, 1000.000000000000000 ) ;
#5434 = EDGE_CURVE ( 'NONE', #815, #6516, #743, .T. ) ;
#5435 = DIRECTION ( 'NONE',  ( -0.000000000000000000, -0.000000000000000000, 1.000000000000000000 ) ) ;
#5436 = DIRECTION ( 'NONE',  ( 0.000000000000000000, -0.000000000000000000, 1.000000000000000000 ) ) ;
#5437 = VECTOR ( 'NONE', #6723, 1000.000000000000000 ) ;
#5438 = AXIS2_PLACEMENT_3D ( 'NONE', #6341, #7009, #6428 ) ;
#5439 = CARTESIAN_POINT ( 'NONE',  ( 2.319999999999999396, -0.4992691472256616803, 2.779999999999999361 ) ) ;
#5440 = EDGE_LOOP ( 'NONE', ( #8198, #6923, #1131, #6218 ) ) ;
#5441 = DIRECTION ( 'NONE',  ( -0.000000000000000000, -1.000000000000000000, -0.000000000000000000 ) ) ;
#5442 = DIRECTION ( 'NONE',  ( -1.000000000000000000, 0.000000000000000000, 2.478176394252582521E-15 ) ) ;
#5443 = VECTOR ( 'NONE', #3550, 1000.000000000000000 ) ;
#5444 = ORIENTED_EDGE ( 'NONE', *, *, #6769, .T. ) ;
#5445 = DIRECTION ( 'NONE',  ( -5.215919954004830835E-16, -0.000000000000000000, 1.000000000000000000 ) ) ;
#5446 = CARTESIAN_POINT ( 'NONE',  ( 4.299999999999998046, 4.500000000000000888, 3.599999999999997424 ) ) ;
#5447 = LINE ( 'NONE', #8098, #4698 ) ;
#5448 = CARTESIAN_POINT ( 'NONE',  ( -0.3500000000000000333, 4.900000000000000355, 4.700000000000000178 ) ) ;
#5449 = VECTOR ( 'NONE', #6180, 1000.000000000000000 ) ;
#5450 = AXIS2_PLACEMENT_3D ( 'NONE', #4861, #8355, #4293 ) ;
#5451 = CARTESIAN_POINT ( 'NONE',  ( -0.7500000000000000000, 4.500000000000000888, 5.999999999999995559 ) ) ;
#5452 = VECTOR ( 'NONE', #3707, 1000.000000000000000 ) ;
#5453 = ORIENTED_EDGE ( 'NONE', *, *, #6792, .T. ) ;
#5454 = FACE_OUTER_BOUND ( 'NONE', #2560, .T. ) ;
#5455 = DIRECTION ( 'NONE',  ( 0.000000000000000000, 1.000000000000000000, -0.000000000000000000 ) ) ;
#5456 = ORIENTED_EDGE ( 'NONE', *, *, #259, .F. ) ;
#5457 = ORIENTED_EDGE ( 'NONE', *, *, #3954, .F. ) ;
#5458 = ORIENTED_EDGE ( 'NONE', *, *, #8080, .F. ) ;
#5459 = DIRECTION ( 'NONE',  ( 0.4226182617407041042, 0.000000000000000000, 0.9063077870366477162 ) ) ;
#5460 = LINE ( 'NONE', #4144, #1328 ) ;
#5461 = DIRECTION ( 'NONE',  ( 6.776263578034403699E-16, 0.000000000000000000, 1.000000000000000000 ) ) ;
#5462 = EDGE_CURVE ( 'NONE', #2521, #7716, #40, .T. ) ;
#5463 = CARTESIAN_POINT ( 'NONE',  ( -0.3500000000000000333, 16.40000000000000213, 4.600000000000000533 ) ) ;
#5464 =( GEOMETRIC_REPRESENTATION_CONTEXT ( 3 ) GLOBAL_UNCERTAINTY_ASSIGNED_CONTEXT ( ( #4463 ) ) GLOBAL_UNIT_ASSIGNED_CONTEXT ( ( #7410, #4758, #4969 ) ) REPRESENTATION_CONTEXT ( 'NONE', 'WORKASPACE' ) );
#5465 = CARTESIAN_POINT ( 'NONE',  ( 2.505263157894733528, 4.500000000000000888, -4.194444401457429805 ) ) ;
#5466 = ORIENTED_EDGE ( 'NONE', *, *, #464, .F. ) ;
#5467 = ORIENTED_EDGE ( 'NONE', *, *, #1296, .F. ) ;
#5468 = LINE ( 'NONE', #733, #1395 ) ;
#5469 = LINE ( 'NONE', #4938, #4192 ) ;
#5470 = DIRECTION ( 'NONE',  ( -1.000000000000000000, -1.445602896647338917E-16, 0.000000000000000000 ) ) ;
#5471 = AXIS2_PLACEMENT_3D ( 'NONE', #2048, #100, #5409 ) ;
#5472 = DIRECTION ( 'NONE',  ( 1.000000000000000000, 0.000000000000000000, -1.039027081965279487E-15 ) ) ;
#5473 = ADVANCED_FACE ( 'NONE', ( #1282 ), #4690, .F. ) ;
#5474 = EDGE_LOOP ( 'NONE', ( #400, #5946, #6364, #7602 ) ) ;
#5475 = VECTOR ( 'NONE', #5970, 1000.000000000000000 ) ;
#5476 = ORIENTED_EDGE ( 'NONE', *, *, #1537, .T. ) ;
#5477 = CARTESIAN_POINT ( 'NONE',  ( -1.679999999999993499, 16.60000000000000142, -0.5800000000000006262 ) ) ;
#5478 = AXIS2_PLACEMENT_3D ( 'NONE', #8496, #5181, #5227 ) ;
#5479 = EDGE_CURVE ( 'NONE', #2749, #803, #1453, .T. ) ;
#5480 = EDGE_CURVE ( 'NONE', #3119, #3089, #1679, .T. ) ;
#5481 = FACE_OUTER_BOUND ( 'NONE', #3391, .T. ) ;
#5482 = LINE ( 'NONE', #5524, #3152 ) ;
#5483 = VECTOR ( 'NONE', #1188, 1000.000000000000000 ) ;
#5484 = ORIENTED_EDGE ( 'NONE', *, *, #4100, .F. ) ;
#5485 = EDGE_CURVE ( 'NONE', #5746, #7489, #8088, .T. ) ;
#5486 = DIRECTION ( 'NONE',  ( 1.000000000000000000, 0.000000000000000000, 5.215919954004830835E-16 ) ) ;
#5487 = PLANE ( 'NONE',  #2763 ) ;
#5488 = EDGE_CURVE ( 'NONE', #8252, #4368, #3367, .T. ) ;
#5489 = EDGE_LOOP ( 'NONE', ( #7867, #6958, #7851, #1743 ) ) ;
#5490 = VECTOR ( 'NONE', #4895, 1000.000000000000000 ) ;
#5491 = ADVANCED_FACE ( 'NONE', ( #4122 ), #5354, .F. ) ;
#5492 = CARTESIAN_POINT ( 'NONE',  ( 2.319999999999999396, -0.4992691472256616803, 2.779999999999999361 ) ) ;
#5493 = FACE_OUTER_BOUND ( 'NONE', #8005, .T. ) ;
#5494 = LINE ( 'NONE', #4869, #4566 ) ;
#5495 = CARTESIAN_POINT ( 'NONE',  ( 2.505263157894733528, 4.900000000000000355, -4.194444401457429805 ) ) ;
#5496 = VECTOR ( 'NONE', #1930, 1000.000000000000000 ) ;
#5497 = CARTESIAN_POINT ( 'NONE',  ( -2.399999999999996358, 4.900000000000000355, 3.600000000000000533 ) ) ;
#5498 = VERTEX_POINT ( 'NONE', #3407 ) ;
#5499 = EDGE_CURVE ( 'NONE', #2267, #4206, #8663, .T. ) ;
#5500 = FACE_OUTER_BOUND ( 'NONE', #6478, .T. ) ;
#5501 = DIRECTION ( 'NONE',  ( -0.000000000000000000, -1.000000000000000000, -0.000000000000000000 ) ) ;
#5502 = EDGE_CURVE ( 'NONE', #4989, #504, #6143, .T. ) ;
#5503 = EDGE_LOOP ( 'NONE', ( #1574, #2256, #8655, #4359, #3975, #8401, #311, #1008, #2847, #3078, #2316, #2641, #26, #6984 ) ) ;
#5504 = ORIENTED_EDGE ( 'NONE', *, *, #3067, .F. ) ;
#5505 = ORIENTED_EDGE ( 'NONE', *, *, #7460, .F. ) ;
#5506 = CARTESIAN_POINT ( 'NONE',  ( 3.399999999999996803, 4.900000000000000355, 3.600000000000001421 ) ) ;
#5507 = DIRECTION ( 'NONE',  ( 0.000000000000000000, 1.000000000000000000, -0.000000000000000000 ) ) ;
#5508 = FACE_OUTER_BOUND ( 'NONE', #3603, .T. ) ;
#5509 = CARTESIAN_POINT ( 'NONE',  ( -4.899999999999996803, 1.000000000000000000, -1.220000000000000639 ) ) ;
#5510 = DIRECTION ( 'NONE',  ( 8.673617379884039416E-16, 0.000000000000000000, -1.000000000000000000 ) ) ;
#5511 = LINE ( 'NONE', #2654, #3178 ) ;
#5512 = VERTEX_POINT ( 'NONE', #8053 ) ;
#5513 = ADVANCED_FACE ( 'NONE', ( #2662 ), #5962, .T. ) ;
#5514 = EDGE_LOOP ( 'NONE', ( #3472, #3436, #7209, #4583 ) ) ;
#5515 = FACE_BOUND ( 'NONE', #6760, .T. ) ;
#5516 = DIRECTION ( 'NONE',  ( 0.000000000000000000, 1.000000000000000000, 0.000000000000000000 ) ) ;
#5517 = CARTESIAN_POINT ( 'NONE',  ( 0.3200000000000016165, 16.60000000000000142, 2.779999999999999361 ) ) ;
#5518 = DIRECTION ( 'NONE',  ( -1.000000000000000000, 0.000000000000000000, 0.000000000000000000 ) ) ;
#5519 = EDGE_LOOP ( 'NONE', ( #7942, #3257, #1502, #6662 ) ) ;
#5520 = ORIENTED_EDGE ( 'NONE', *, *, #6419, .T. ) ;
#5521 = ORIENTED_EDGE ( 'NONE', *, *, #2255, .F. ) ;
#5522 = DIRECTION ( 'NONE',  ( 9.346570452461246523E-17, -1.000000000000000000, -0.000000000000000000 ) ) ;
#5523 = DIRECTION ( 'NONE',  ( -1.000000000000000000, 0.000000000000000000, 0.000000000000000000 ) ) ;
#5524 = CARTESIAN_POINT ( 'NONE',  ( 4.300000000000010481, 28.50378091196238373, 3.599999999999984102 ) ) ;
#5525 = VERTEX_POINT ( 'NONE', #6056 ) ;
#5526 = CARTESIAN_POINT ( 'NONE',  ( -2.599999999999999201, 8.241961640772636599, -5.089444362769117269 ) ) ;
#5527 = FACE_OUTER_BOUND ( 'NONE', #1363, .T. ) ;
#5528 = VERTEX_POINT ( 'NONE', #2615 ) ;
#5529 = DIRECTION ( 'NONE',  ( 1.199218353203923552E-15, -0.000000000000000000, 1.000000000000000000 ) ) ;
#5530 = DIRECTION ( 'NONE',  ( 0.000000000000000000, 0.000000000000000000, 1.000000000000000000 ) ) ;
#5531 = CARTESIAN_POINT ( 'NONE',  ( -0.8499999999999999778, 16.60000000000000142, 6.100000000000000533 ) ) ;
#5532 = EDGE_CURVE ( 'NONE', #8195, #6751, #8177, .T. ) ;
#5533 = DIRECTION ( 'NONE',  ( -0.1305261922200516289, -0.9914448613738103822, 0.000000000000000000 ) ) ;
#5534 = AXIS2_PLACEMENT_3D ( 'NONE', #6884, #2650, #5341 ) ;
#5535 = CARTESIAN_POINT ( 'NONE',  ( 2.400000000000014122, 4.500000000000000888, 4.599999999999991651 ) ) ;
#5536 = ORIENTED_EDGE ( 'NONE', *, *, #2948, .F. ) ;
#5537 = CARTESIAN_POINT ( 'NONE',  ( 0.3500000000000177414, 4.500000000000000888, 4.599999999999998757 ) ) ;
#5538 = CARTESIAN_POINT ( 'NONE',  ( 0.3081567944582159213, -2.340683238870190142, 2.779999999999999361 ) ) ;
#5539 = EDGE_CURVE ( 'NONE', #2104, #7772, #6682, .T. ) ;
#5540 = ORIENTED_EDGE ( 'NONE', *, *, #6241, .F. ) ;
#5541 = ORIENTED_EDGE ( 'NONE', *, *, #888, .T. ) ;
#5542 = ORIENTED_EDGE ( 'NONE', *, *, #6078, .T. ) ;
#5543 = VECTOR ( 'NONE', #6375, 1000.000000000000000 ) ;
#5544 = EDGE_CURVE ( 'NONE', #5399, #7663, #1954, .T. ) ;
#5545 = CARTESIAN_POINT ( 'NONE',  ( 0.9500000000000039524, 4.500000000000000888, 5.699999999999998401 ) ) ;
#5546 = DIRECTION ( 'NONE',  ( 0.9914448613738103822, 0.1305261922200516289, 0.000000000000000000 ) ) ;
#5547 = DIRECTION ( 'NONE',  ( -1.000000000000000000, 0.000000000000000000, 0.000000000000000000 ) ) ;
#5548 = CARTESIAN_POINT ( 'NONE',  ( -1.679999999999993276, -0.6150000000000054312, -1.220000000000000639 ) ) ;
#5549 = EDGE_CURVE ( 'NONE', #6515, #5424, #4220, .T. ) ;
#5550 = CARTESIAN_POINT ( 'NONE',  ( 1.688662254502232285, -2.603569453895926422, -0.5800000000000006262 ) ) ;
#5551 = VECTOR ( 'NONE', #2524, 1000.000000000000000 ) ;
#5552 = DIRECTION ( 'NONE',  ( 0.000000000000000000, -0.000000000000000000, -1.000000000000000000 ) ) ;
#5553 = VERTEX_POINT ( 'NONE', #1321 ) ;
#5554 = ORIENTED_EDGE ( 'NONE', *, *, #5732, .T. ) ;
#5555 = VERTEX_POINT ( 'NONE', #4032 ) ;
#5556 = DIRECTION ( 'NONE',  ( 0.000000000000000000, -1.000000000000000000, -0.000000000000000000 ) ) ;
#5557 = CARTESIAN_POINT ( 'NONE',  ( -2.319999999999993179, -0.4992691472256670648, -1.220000000000000639 ) ) ;
#5558 = VECTOR ( 'NONE', #8279, 1000.000000000000000 ) ;
#5559 = PLANE ( 'NONE',  #5311 ) ;
#5560 = DIRECTION ( 'NONE',  ( -1.000000000000000000, 0.000000000000000000, -0.000000000000000000 ) ) ;
#5561 = CARTESIAN_POINT ( 'NONE',  ( -2.599999999999999201, 16.19999999999999929, -4.179795897113270264 ) ) ;
#5562 = ORIENTED_EDGE ( 'NONE', *, *, #8000, .F. ) ;
#5563 = VECTOR ( 'NONE', #3660, 1000.000000000000000 ) ;
#5564 = ORIENTED_EDGE ( 'NONE', *, *, #8508, .T. ) ;
#5565 = EDGE_LOOP ( 'NONE', ( #7197, #1619, #3186, #7643 ) ) ;
#5566 = VECTOR ( 'NONE', #5863, 1000.000000000000000 ) ;
#5567 = CARTESIAN_POINT ( 'NONE',  ( 1.680000000000000160, 16.60000000000000142, 2.779999999999999361 ) ) ;
#5568 = CARTESIAN_POINT ( 'NONE',  ( 0.3500000000000199618, 4.500000000000000888, 5.199999999999999289 ) ) ;
#5569 = DIRECTION ( 'NONE',  ( 1.000000000000000000, -0.000000000000000000, -6.776263578034403699E-16 ) ) ;
#5570 = EDGE_LOOP ( 'NONE', ( #5413, #3649, #4924, #3519 ) ) ;
#5571 = CARTESIAN_POINT ( 'NONE',  ( -1.680000000000000160, 9.700000000000001066, 3.004999999999999893 ) ) ;
#5572 = ORIENTED_EDGE ( 'NONE', *, *, #954, .T. ) ;
#5573 = VECTOR ( 'NONE', #3814, 1000.000000000000000 ) ;
#5574 = AXIS2_PLACEMENT_3D ( 'NONE', #3289, #8672, #5318 ) ;
#5575 = CARTESIAN_POINT ( 'NONE',  ( -4.450000000000000178, -1.199999999999999956, -2.400000000000000355 ) ) ;
#5576 = FACE_OUTER_BOUND ( 'NONE', #6087, .T. ) ;
#5577 = CARTESIAN_POINT ( 'NONE',  ( 2.499999999999995559, 4.900000000000000355, -3.294444401457438332 ) ) ;
#5578 = CARTESIAN_POINT ( 'NONE',  ( -1.881436415605456158, 9.635259583954574936, 3.218563584394544375 ) ) ;
#5579 = DIRECTION ( 'NONE',  ( -0.000000000000000000, -1.000000000000000000, -0.000000000000000000 ) ) ;
#5580 = ORIENTED_EDGE ( 'NONE', *, *, #4301, .F. ) ;
#5581 = CARTESIAN_POINT ( 'NONE',  ( 0.4500000000000192735, 4.500000000000000888, 4.599999999999998757 ) ) ;
#5582 = VECTOR ( 'NONE', #7030, 1000.000000000000000 ) ;
#5583 = CIRCLE ( 'NONE', #3196, 0.04999999999999969746 ) ;
#5584 = DIRECTION ( 'NONE',  ( -0.4226182617407034936, 0.000000000000000000, 0.9063077870366480493 ) ) ;
#5585 = ORIENTED_EDGE ( 'NONE', *, *, #2264, .F. ) ;
#5586 = ORIENTED_EDGE ( 'NONE', *, *, #841, .F. ) ;
#5587 = EDGE_CURVE ( 'NONE', #4729, #720, #6727, .T. ) ;
#5588 = VERTEX_POINT ( 'NONE', #2702 ) ;
#5589 = LINE ( 'NONE', #4401, #5982 ) ;
#5590 = VECTOR ( 'NONE', #7304, 1000.000000000000000 ) ;
#5591 = DIRECTION ( 'NONE',  ( 0.000000000000000000, 1.000000000000000000, -0.000000000000000000 ) ) ;
#5592 = ADVANCED_FACE ( 'NONE', ( #4732 ), #1367, .T. ) ;
#5593 = AXIS2_PLACEMENT_3D ( 'NONE', #3865, #1738, #6553 ) ;
#5594 = LINE ( 'NONE', #820, #3737 ) ;
#5595 = EDGE_CURVE ( 'NONE', #2701, #4288, #1637, .T. ) ;
#5596 = EDGE_LOOP ( 'NONE', ( #1409, #6528, #5212, #4510 ) ) ;
#5597 = CARTESIAN_POINT ( 'NONE',  ( 0.3200000000000056133, 1.000000000000004441, -0.5800000000000006262 ) ) ;
#5598 = EDGE_CURVE ( 'NONE', #2433, #929, #4905, .T. ) ;
#5599 = AXIS2_PLACEMENT_3D ( 'NONE', #8300, #782, #828 ) ;
#5600 = DIRECTION ( 'NONE',  ( 0.000000000000000000, 1.000000000000000000, -0.000000000000000000 ) ) ;
#5601 = VERTEX_POINT ( 'NONE', #4291 ) ;
#5602 = AXIS2_PLACEMENT_3D ( 'NONE', #3049, #256, #7681 ) ;
#5603 = ORIENTED_EDGE ( 'NONE', *, *, #4555, .F. ) ;
#5604 = ORIENTED_EDGE ( 'NONE', *, *, #5649, .T. ) ;
#5605 = SURFACE_STYLE_USAGE ( .BOTH. , #2152 ) ;
#5606 = DIRECTION ( 'NONE',  ( 1.000000000000000000, 0.000000000000000000, -0.000000000000000000 ) ) ;
#5607 = DIRECTION ( 'NONE',  ( -1.000000000000000000, 0.000000000000000000, 0.000000000000000000 ) ) ;
#5608 = LINE ( 'NONE', #1542, #8273 ) ;
#5609 = ADVANCED_FACE ( 'NONE', ( #2347 ), #3098, .T. ) ;
#5610 = DIRECTION ( 'NONE',  ( 1.000000000000000000, 0.000000000000000000, -3.836157981375497286E-15 ) ) ;
#5611 = ORIENTED_EDGE ( 'NONE', *, *, #7487, .T. ) ;
#5612 = VERTEX_POINT ( 'NONE', #874 ) ;
#5613 = EDGE_LOOP ( 'NONE', ( #3929, #3398, #2766, #2981 ) ) ;
#5614 = DIRECTION ( 'NONE',  ( -1.199218353203923552E-15, 0.000000000000000000, -1.000000000000000000 ) ) ;
#5615 = CARTESIAN_POINT ( 'NONE',  ( 2.323186965781470992, -2.687106216916759660, -0.5800000000000006262 ) ) ;
#5616 = ORIENTED_EDGE ( 'NONE', *, *, #2899, .T. ) ;
#5617 = CIRCLE ( 'NONE', #3791, 1.000000000000000444 ) ;
#5618 = FACE_OUTER_BOUND ( 'NONE', #1288, .T. ) ;
#5619 = APPLICATION_PROTOCOL_DEFINITION ( 'draft international standard', 'automotive_design', 1998, #2011 ) ;
#5620 = ORIENTED_EDGE ( 'NONE', *, *, #3000, .F. ) ;
#5621 = VECTOR ( 'NONE', #3248, 1000.000000000000114 ) ;
#5622 = EDGE_CURVE ( 'NONE', #6676, #1623, #6857, .T. ) ;
#5623 = DIRECTION ( 'NONE',  ( -1.000000000000000000, -2.710505431213765029E-15, 0.000000000000000000 ) ) ;
#5624 = PRODUCT_RELATED_PRODUCT_CATEGORY ( 'part', '', ( #623 ) ) ;
#5625 = AXIS2_PLACEMENT_3D ( 'NONE', #6009, #8710, #665 ) ;
#5626 = LINE ( 'NONE', #8406, #2057 ) ;
#5627 = CARTESIAN_POINT ( 'NONE',  ( -4.899999999999996803, 0.2500000000000002220, 2.599999999999998757 ) ) ;
#5628 = DIRECTION ( 'NONE',  ( 0.000000000000000000, -1.000000000000000000, 0.000000000000000000 ) ) ;
#5629 = DIRECTION ( 'NONE',  ( 0.000000000000000000, 1.000000000000000000, 0.000000000000000000 ) ) ;
#5630 = ORIENTED_EDGE ( 'NONE', *, *, #4417, .T. ) ;
#5631 = FACE_OUTER_BOUND ( 'NONE', #7649, .T. ) ;
#5632 = LINE ( 'NONE', #373, #2898 ) ;
#5633 = MECHANICAL_DESIGN_GEOMETRIC_PRESENTATION_REPRESENTATION (  '', ( #2953 ), #3243 ) ;
#5634 = ORIENTED_EDGE ( 'NONE', *, *, #111, .T. ) ;
#5635 = VERTEX_POINT ( 'NONE', #6989 ) ;
#5636 = ORIENTED_EDGE ( 'NONE', *, *, #6630, .T. ) ;
#5637 = CARTESIAN_POINT ( 'NONE',  ( -2.100000000000000089, 9.800000000000000711, -5.699999999999998401 ) ) ;
#5638 = CARTESIAN_POINT ( 'NONE',  ( 2.535381069091578343, -1.075331984002933616, 3.419999999999999485 ) ) ;
#5639 = CARTESIAN_POINT ( 'NONE',  ( -2.399999999999995914, 16.40000000000000213, 5.500000000000000888 ) ) ;
#5640 = ORIENTED_EDGE ( 'NONE', *, *, #1025, .F. ) ;
#5641 = DIRECTION ( 'NONE',  ( -0.4226182617407041597, 0.000000000000000000, -0.9063077870366477162 ) ) ;
#5642 = CARTESIAN_POINT ( 'NONE',  ( 2.499999999999994671, 4.900000000000000355, 4.200000000000000178 ) ) ;
#5643 = ORIENTED_EDGE ( 'NONE', *, *, #123, .T. ) ;
#5644 = ORIENTED_EDGE ( 'NONE', *, *, #3281, .F. ) ;
#5645 = PRODUCT ( 'Part1^BxxB-JWPF-SK-R(LF)(SN)', 'Part1^BxxB-JWPF-SK-R(LF)(SN)', '', ( #7786 ) ) ;
#5646 = ORIENTED_EDGE ( 'NONE', *, *, #3544, .F. ) ;
#5647 = EDGE_CURVE ( 'NONE', #5601, #8292, #8167, .T. ) ;
#5648 = LINE ( 'NONE', #4459, #6732 ) ;
#5649 = EDGE_CURVE ( 'NONE', #221, #732, #4340, .T. ) ;
#5650 = FACE_OUTER_BOUND ( 'NONE', #6650, .T. ) ;
#5651 = PLANE ( 'NONE',  #1938 ) ;
#5652 = FACE_OUTER_BOUND ( 'NONE', #4114, .T. ) ;
#5653 = EDGE_CURVE ( 'NONE', #7736, #5525, #794, .T. ) ;
#5654 = ORIENTED_EDGE ( 'NONE', *, *, #2891, .F. ) ;
#5655 = ORIENTED_EDGE ( 'NONE', *, *, #4532, .F. ) ;
#5656 = ORIENTED_EDGE ( 'NONE', *, *, #1557, .T. ) ;
#5657 = EDGE_CURVE ( 'NONE', #8082, #2384, #8220, .T. ) ;
#5658 = LINE ( 'NONE', #1549, #4653 ) ;
#5659 = DIRECTION ( 'NONE',  ( 5.215919954004839709E-16, 0.000000000000000000, -1.000000000000000000 ) ) ;
#5660 = EDGE_CURVE ( 'NONE', #7043, #3005, #3499, .T. ) ;
#5661 = CARTESIAN_POINT ( 'NONE',  ( -1.679999999999999938, -0.6149999999999999911, 2.779999999999999361 ) ) ;
#5662 = VERTEX_POINT ( 'NONE', #6323 ) ;
#5663 = EDGE_CURVE ( 'NONE', #3291, #2548, #6189, .T. ) ;
#5664 = LINE ( 'NONE', #4909, #6859 ) ;
#5665 = ORIENTED_EDGE ( 'NONE', *, *, #8351, .T. ) ;
#5666 = DIRECTION ( 'NONE',  ( -0.000000000000000000, -0.000000000000000000, 1.000000000000000000 ) ) ;
#5667 = LINE ( 'NONE', #4431, #7296 ) ;
#5668 = LINE ( 'NONE', #1465, #7250 ) ;
#5669 = CARTESIAN_POINT ( 'NONE',  ( 1.060107702553494624, 9.999999999999998224, -5.099999999999999645 ) ) ;
#5670 = LINE ( 'NONE', #4918, #1927 ) ;
#5671 = ORIENTED_EDGE ( 'NONE', *, *, #1828, .F. ) ;
#5672 = CARTESIAN_POINT ( 'NONE',  ( 4.336808689942017736E-16, 9.999999999999998224, -5.399999999999998579 ) ) ;
#5673 = DIRECTION ( 'NONE',  ( -4.197558705537336305E-15, 0.000000000000000000, -1.000000000000000000 ) ) ;
#5674 = ORIENTED_EDGE ( 'NONE', *, *, #8575, .T. ) ;
#5675 = ORIENTED_EDGE ( 'NONE', *, *, #6798, .F. ) ;
#5676 = EDGE_LOOP ( 'NONE', ( #3097, #8383, #6383, #3422 ) ) ;
#5677 = CARTESIAN_POINT ( 'NONE',  ( -2.499999999999994671, 4.900000000000000355, 3.700000000000000622 ) ) ;
#5678 = CIRCLE ( 'NONE', #7100, 0.5000000000000000000 ) ;
#5679 =( LENGTH_UNIT ( ) NAMED_UNIT ( * ) SI_UNIT ( .MILLI., .METRE. ) );
#5680 = DIRECTION ( 'NONE',  ( 1.323867915877037583E-14, 0.000000000000000000, 1.000000000000000000 ) ) ;
#5681 = ORIENTED_EDGE ( 'NONE', *, *, #1159, .T. ) ;
#5682 = PLANE ( 'NONE',  #251 ) ;
#5683 = FACE_OUTER_BOUND ( 'NONE', #4337, .T. ) ;
#5684 = ORIENTED_EDGE ( 'NONE', *, *, #7604, .T. ) ;
#5685 = EDGE_LOOP ( 'NONE', ( #2741, #46, #1839, #1428 ) ) ;
#5686 = AXIS2_PLACEMENT_3D ( 'NONE', #4666, #7480, #1255 ) ;
#5687 = ORIENTED_EDGE ( 'NONE', *, *, #2334, .F. ) ;
#5688 = CARTESIAN_POINT ( 'NONE',  ( -1.679999999999994609, 9.081817580622695729, -1.220000000000000639 ) ) ;
#5689 = DIRECTION ( 'NONE',  ( 0.000000000000000000, 0.000000000000000000, 1.000000000000000000 ) ) ;
#5690 = LINE ( 'NONE', #6980, #6018 ) ;
#5691 = VECTOR ( 'NONE', #1290, 1000.000000000000000 ) ;
#5692 = PLANE ( 'NONE',  #793 ) ;
#5693 = DIRECTION ( 'NONE',  ( -0.000000000000000000, -1.000000000000000000, -0.000000000000000000 ) ) ;
#5694 = ORIENTED_EDGE ( 'NONE', *, *, #1012, .T. ) ;
#5695 = ORIENTED_EDGE ( 'NONE', *, *, #1283, .F. ) ;
#5696 = EDGE_CURVE ( 'NONE', #1889, #3561, #1253, .T. ) ;
#5697 = DIRECTION ( 'NONE',  ( 0.000000000000000000, -1.000000000000000000, 0.000000000000000000 ) ) ;
#5698 = CARTESIAN_POINT ( 'NONE',  ( 0.3200000000000016165, 16.60000000000000142, 2.779999999999999361 ) ) ;
#5699 = DIRECTION ( 'NONE',  ( -9.270474560687316079E-16, 0.3420201433256673251, 0.9396926207859089830 ) ) ;
#5700 = EDGE_CURVE ( 'NONE', #4254, #8014, #4250, .T. ) ;
#5701 = EDGE_CURVE ( 'NONE', #6771, #4663, #5658, .T. ) ;
#5702 = CIRCLE ( 'NONE', #1462, 0.2999999999999999334 ) ;
#5703 = ORIENTED_EDGE ( 'NONE', *, *, #3799, .F. ) ;
#5704 = DIRECTION ( 'NONE',  ( 0.1305261922200516844, 0.9914448613738103822, 0.000000000000000000 ) ) ;
#5705 = AXIS2_PLACEMENT_3D ( 'NONE', #1167, #1923, #6697 ) ;
#5706 = ADVANCED_FACE ( 'NONE', ( #217 ), #8311, .F. ) ;
#5707 = ORIENTED_EDGE ( 'NONE', *, *, #4709, .T. ) ;
#5708 = LINE ( 'NONE', #275, #4647 ) ;
#5709 = MECHANICAL_DESIGN_GEOMETRIC_PRESENTATION_REPRESENTATION (  '', ( #6421 ), #8687 ) ;
#5710 = CARTESIAN_POINT ( 'NONE',  ( 1.880028303524371225, -1.149999999999999911, 2.779999999999999361 ) ) ;
#5711 = CARTESIAN_POINT ( 'NONE',  ( 0.7500000000000217604, 28.50378091196238373, 5.699999999999996625 ) ) ;
#5712 = CARTESIAN_POINT ( 'NONE',  ( 4.649999999999995914, 0.2500000000000002220, -0.4000000000000029088 ) ) ;
#5713 = CARTESIAN_POINT ( 'NONE',  ( -1.688662254502225846, -2.603569453895921093, 2.779999999999999361 ) ) ;
#5714 = FACE_OUTER_BOUND ( 'NONE', #8288, .T. ) ;
#5715 = CARTESIAN_POINT ( 'NONE',  ( 2.320000000000008722, 9.081817580622699282, -1.220000000000000639 ) ) ;
#5716 = EDGE_CURVE ( 'NONE', #5775, #8156, #6905, .T. ) ;
#5717 = ORIENTED_EDGE ( 'NONE', *, *, #5807, .F. ) ;
#5718 = ORIENTED_EDGE ( 'NONE', *, *, #6574, .F. ) ;
#5719 = EDGE_LOOP ( 'NONE', ( #6098, #5726, #3663, #7795 ) ) ;
#5720 = ORIENTED_EDGE ( 'NONE', *, *, #4335, .T. ) ;
#5721 = FILL_AREA_STYLE ('',( #3606 ) ) ;
#5722 = CARTESIAN_POINT ( 'NONE',  ( 6.437450399132683366E-15, -5.421010862427522959E-15, -0.5800000000000006262 ) ) ;
#5723 = CARTESIAN_POINT ( 'NONE',  ( -0.9499999999999999556, 4.500000000000000888, 3.419999999999999485 ) ) ;
#5724 = VECTOR ( 'NONE', #2157, 1000.000000000000000 ) ;
#5725 = AXIS2_PLACEMENT_3D ( 'NONE', #1373, #4864, #3545 ) ;
#5726 = ORIENTED_EDGE ( 'NONE', *, *, #5120, .T. ) ;
#5727 = VERTEX_POINT ( 'NONE', #837 ) ;
#5728 = ORIENTED_EDGE ( 'NONE', *, *, #8298, .T. ) ;
#5729 = VERTEX_POINT ( 'NONE', #973 ) ;
#5730 = AXIS2_PLACEMENT_3D ( 'NONE', #3409, #2664, #7386 ) ;
#5731 = VECTOR ( 'NONE', #5835, 1000.000000000000114 ) ;
#5732 = EDGE_CURVE ( 'NONE', #5785, #4299, #7525, .T. ) ;
#5733 = ORIENTED_EDGE ( 'NONE', *, *, #2832, .T. ) ;
#5734 = FACE_OUTER_BOUND ( 'NONE', #5570, .T. ) ;
#5735 = DIRECTION ( 'NONE',  ( 0.000000000000000000, 0.000000000000000000, -1.000000000000000000 ) ) ;
#5736 = AXIS2_PLACEMENT_3D ( 'NONE', #1239, #8050, #3361 ) ;
#5737 = FACE_OUTER_BOUND ( 'NONE', #3701, .T. ) ;
#5738 = VECTOR ( 'NONE', #258, 1000.000000000000000 ) ;
#5739 = VECTOR ( 'NONE', #5206, 1000.000000000000000 ) ;
#5740 = DIRECTION ( 'NONE',  ( -3.811648262644353104E-15, 0.000000000000000000, 1.000000000000000000 ) ) ;
#5741 = ORIENTED_EDGE ( 'NONE', *, *, #6685, .F. ) ;
#5742 = ORIENTED_EDGE ( 'NONE', *, *, #1828, .T. ) ;
#5743 = CARTESIAN_POINT ( 'NONE',  ( -3.399999999999995914, 16.19999999999999929, -3.199999999999999289 ) ) ;
#5744 = CARTESIAN_POINT ( 'NONE',  ( 6.437450399132683366E-15, -5.421010862427522959E-15, -0.5800000000000006262 ) ) ;
#5745 = CARTESIAN_POINT ( 'NONE',  ( 3.198577570050355146, 10.25630413439019506, -5.569025798481904488 ) ) ;
#5746 = VERTEX_POINT ( 'NONE', #2259 ) ;
#5747 = AXIS2_PLACEMENT_3D ( 'NONE', #6301, #5591, #3521 ) ;
#5748 = CARTESIAN_POINT ( 'NONE',  ( -4.649999999999995914, 0.2500000000000000000, -3.199999999999998845 ) ) ;
#5749 = APPLICATION_PROTOCOL_DEFINITION ( 'draft international standard', 'automotive_design', 1998, #3488 ) ;
#5750 = ADVANCED_FACE ( 'NONE', ( #7689 ), #4208, .T. ) ;
#5751 = DIRECTION ( 'NONE',  ( 2.480144778354862662E-16, 0.000000000000000000, 1.000000000000000000 ) ) ;
#5752 = PLANE ( 'NONE',  #4327 ) ;
#5753 = CARTESIAN_POINT ( 'NONE',  ( 1.607973257203528794, -3.216463236979166584, 3.194999999999998064 ) ) ;
#5754 = ADVANCED_FACE ( 'NONE', ( #8573 ), #8449, .T. ) ;
#5755 = DIRECTION ( 'NONE',  ( 1.000000000000000000, -0.000000000000000000, -0.000000000000000000 ) ) ;
#5756 = DIRECTION ( 'NONE',  ( -0.000000000000000000, 0.000000000000000000, -1.000000000000000000 ) ) ;
#5757 = EDGE_CURVE ( 'NONE', #5588, #1917, #8614, .T. ) ;
#5758 = DIRECTION ( 'NONE',  ( 1.275531967630005245E-16, 0.000000000000000000, 1.000000000000000000 ) ) ;
#5759 = DIRECTION ( 'NONE',  ( -1.000000000000000000, 0.000000000000000000, 6.776263578034403699E-16 ) ) ;
#5760 = VECTOR ( 'NONE', #8074, 1000.000000000000000 ) ;
#5761 = ORIENTED_EDGE ( 'NONE', *, *, #3261, .F. ) ;
#5762 = ORIENTED_EDGE ( 'NONE', *, *, #4569, .T. ) ;
#5763 = EDGE_CURVE ( 'NONE', #5612, #6497, #3853, .T. ) ;
#5764 = ORIENTED_EDGE ( 'NONE', *, *, #8298, .F. ) ;
#5765 = AXIS2_PLACEMENT_3D ( 'NONE', #2, #1414, #3329 ) ;
#5766 = LINE ( 'NONE', #3210, #879 ) ;
#5767 = DIRECTION ( 'NONE',  ( 0.000000000000000000, 1.000000000000000000, -0.000000000000000000 ) ) ;
#5768 = EDGE_CURVE ( 'NONE', #6432, #6440, #5824, .T. ) ;
#5769 = DIRECTION ( 'NONE',  ( 6.847592668329504024E-16, 0.000000000000000000, 1.000000000000000000 ) ) ;
#5770 = ORIENTED_EDGE ( 'NONE', *, *, #8357, .T. ) ;
#5771 = VECTOR ( 'NONE', #5166, 1000.000000000000000 ) ;
#5772 = DIRECTION ( 'NONE',  ( 1.000000000000000000, 0.000000000000000000, -0.000000000000000000 ) ) ;
#5773 = EDGE_CURVE ( 'NONE', #3139, #2752, #6541, .T. ) ;
#5774 = VERTEX_POINT ( 'NONE', #3233 ) ;
#5775 = VERTEX_POINT ( 'NONE', #484 ) ;
#5776 = ORIENTED_EDGE ( 'NONE', *, *, #7920, .T. ) ;
#5777 = MECHANICAL_DESIGN_GEOMETRIC_PRESENTATION_REPRESENTATION (  '', ( #8172 ), #6766 ) ;
#5778 = DIRECTION ( 'NONE',  ( 0.000000000000000000, 0.000000000000000000, 1.000000000000000000 ) ) ;
#5779 = DIRECTION ( 'NONE',  ( -0.000000000000000000, 0.000000000000000000, -1.000000000000000000 ) ) ;
#5780 = DIRECTION ( 'NONE',  ( -0.000000000000000000, 0.000000000000000000, -1.000000000000000000 ) ) ;
#5781 = CARTESIAN_POINT ( 'NONE',  ( -2.399999999999996358, 16.60000000000000142, 3.600000000000000533 ) ) ;
#5782 = UNCERTAINTY_MEASURE_WITH_UNIT (LENGTH_MEASURE( 1.000000000000000082E-05 ), #8210, 'distance_accuracy_value', 'NONE');
#5783 = DIRECTION ( 'NONE',  ( 1.000000000000000000, 0.000000000000000000, 0.000000000000000000 ) ) ;
#5784 = EDGE_LOOP ( 'NONE', ( #7421, #2603, #2277, #671 ) ) ;
#5785 = VERTEX_POINT ( 'NONE', #2522 ) ;
#5786 = VERTEX_POINT ( 'NONE', #3898 ) ;
#5787 = CARTESIAN_POINT ( 'NONE',  ( -3.200000000000000622, 16.60000000000000142, -5.570000000000000284 ) ) ;
#5788 = CARTESIAN_POINT ( 'NONE',  ( 0.3200000000000016165, 4.500000000000000888, 2.779999999999999361 ) ) ;
#5789 = DIRECTION ( 'NONE',  ( -1.000000000000000000, 0.000000000000000000, 0.000000000000000000 ) ) ;
#5790 = VERTEX_POINT ( 'NONE', #7955 ) ;
#5791 = CARTESIAN_POINT ( 'NONE',  ( 1.607973257203528794, -3.216463236979166584, 2.779999999999999361 ) ) ;
#5792 = CARTESIAN_POINT ( 'NONE',  ( -2.499999999999994671, 4.900000000000000355, 3.700000000000000622 ) ) ;
#5793 = CARTESIAN_POINT ( 'NONE',  ( 0.3199999999999991740, 9.700000000000001066, 2.999999999999998224 ) ) ;
#5794 = PLANE ( 'NONE',  #5123 ) ;
#5795 = DIRECTION ( 'NONE',  ( -0.9366721892483972356, 0.3502073812594687086, 0.000000000000000000 ) ) ;
#5796 = DIRECTION ( 'NONE',  ( 1.000000000000000000, 0.000000000000000000, 0.000000000000000000 ) ) ;
#5797 = DIRECTION ( 'NONE',  ( -1.000000000000000000, 1.891050300846810260E-16, 0.000000000000000000 ) ) ;
#5798 = LINE ( 'NONE', #1788, #4180 ) ;
#5799 = VERTEX_POINT ( 'NONE', #5916 ) ;
#5800 = VERTEX_POINT ( 'NONE', #1728 ) ;
#5801 = VERTEX_POINT ( 'NONE', #6458 ) ;
#5802 = EDGE_CURVE ( 'NONE', #4713, #4663, #7119, .T. ) ;
#5803 = CYLINDRICAL_SURFACE ( 'NONE', #2319, 0.5000000000000000000 ) ;
#5804 = CARTESIAN_POINT ( 'NONE',  ( 3.115577750744412455, 9.996487434028482610, -5.597397261455640205 ) ) ;
#5805 = CARTESIAN_POINT ( 'NONE',  ( 2.369999999999996554, 16.60000000000000142, -5.570000000000002061 ) ) ;
#5806 = CARTESIAN_POINT ( 'NONE',  ( -2.599999999999999201, 16.40000000000000213, -4.383215956619922693 ) ) ;
#5807 = EDGE_CURVE ( 'NONE', #2273, #929, #1055, .T. ) ;
#5808 = ORIENTED_EDGE ( 'NONE', *, *, #5211, .F. ) ;
#5809 = DIRECTION ( 'NONE',  ( -0.000000000000000000, -0.000000000000000000, 1.000000000000000000 ) ) ;
#5810 = ORIENTED_EDGE ( 'NONE', *, *, #6839, .T. ) ;
#5811 = ORIENTED_EDGE ( 'NONE', *, *, #3822, .F. ) ;
#5812 = VERTEX_POINT ( 'NONE', #7781 ) ;
#5813 = EDGE_CURVE ( 'NONE', #2580, #1612, #6624, .T. ) ;
#5814 = FACE_OUTER_BOUND ( 'NONE', #562, .T. ) ;
#5815 = EDGE_CURVE ( 'NONE', #5729, #5662, #3189, .T. ) ;
#5816 = CARTESIAN_POINT ( 'NONE',  ( -4.649999999999995026, 0.2500000000000002220, 3.600000000000000533 ) ) ;
#5817 = CARTESIAN_POINT ( 'NONE',  ( 0.1000000000000076522, 9.699999999999995737, -0.7999999999999994893 ) ) ;
#5818 = CARTESIAN_POINT ( 'NONE',  ( -4.450000000000000178, -1.199999999999999956, -2.400000000000000355 ) ) ;
#5819 = DIRECTION ( 'NONE',  ( -1.891050300846810260E-16, -1.000000000000000000, 0.000000000000000000 ) ) ;
#5820 = ORIENTED_EDGE ( 'NONE', *, *, #5969, .F. ) ;
#5821 = ORIENTED_EDGE ( 'NONE', *, *, #5700, .F. ) ;
#5822 = VECTOR ( 'NONE', #3080, 1000.000000000000227 ) ;
#5823 = ORIENTED_EDGE ( 'NONE', *, *, #8247, .F. ) ;
#5824 = LINE ( 'NONE', #4559, #2101 ) ;
#5825 = AXIS2_PLACEMENT_3D ( 'NONE', #5966, #6774, #7312 ) ;
#5826 = CARTESIAN_POINT ( 'NONE',  ( -2.399999999999996358, 4.500000000000000888, -5.099999999999998757 ) ) ;
#5827 = CARTESIAN_POINT ( 'NONE',  ( -4.899999999999996803, -1.000000000000000000, 3.600000000000000533 ) ) ;
#5828 = ORIENTED_EDGE ( 'NONE', *, *, #8000, .T. ) ;
#5829 = LINE ( 'NONE', #1196, #5020 ) ;
#5830 = AXIS2_PLACEMENT_3D ( 'NONE', #4991, #4341, #974 ) ;
#5831 = CARTESIAN_POINT ( 'NONE',  ( -1.679999999999993499, 9.699999999999995737, -1.220000000000000639 ) ) ;
#5832 = ADVANCED_FACE ( 'NONE', ( #3141 ), #7253, .F. ) ;
#5833 = CARTESIAN_POINT ( 'NONE',  ( 0.4500000000000011768, 4.900000000000000355, 4.600000000000000533 ) ) ;
#5834 = CARTESIAN_POINT ( 'NONE',  ( -1.679999999999982840, 4.500000000000000888, 5.700000000000000178 ) ) ;
#5835 = DIRECTION ( 'NONE',  ( 0.9914448613738103822, 0.1305261922200516844, 0.000000000000000000 ) ) ;
#5836 = AXIS2_PLACEMENT_3D ( 'NONE', #8230, #6158, #4787 ) ;
#5837 = CARTESIAN_POINT ( 'NONE',  ( -2.999999999999993783, 4.500000000000000888, 3.700000000000000622 ) ) ;
#5838 = CARTESIAN_POINT ( 'NONE',  ( 0.000000000000000000, 0.000000000000000000, 2.779999999999999361 ) ) ;
#5839 = VECTOR ( 'NONE', #3121, 1000.000000000000000 ) ;
#5840 = ORIENTED_EDGE ( 'NONE', *, *, #6950, .T. ) ;
#5841 = VERTEX_POINT ( 'NONE', #7167 ) ;
#5842 = ORIENTED_EDGE ( 'NONE', *, *, #3187, .F. ) ;
#5843 = AXIS2_PLACEMENT_3D ( 'NONE', #2659, #7115, #4336 ) ;
#5844 = VECTOR ( 'NONE', #7145, 1000.000000000000000 ) ;
#5845 = PLANE ( 'NONE',  #47 ) ;
#5846 = DIRECTION ( 'NONE',  ( -1.000000000000000000, 0.000000000000000000, 0.000000000000000000 ) ) ;
#5847 = CARTESIAN_POINT ( 'NONE',  ( -1.816136676338262035, -3.178569412471166089, -0.7814364156054562915 ) ) ;
#5848 = FACE_OUTER_BOUND ( 'NONE', #273, .T. ) ;
#5849 = CYLINDRICAL_SURFACE ( 'NONE', #4438, 1.899999999999999245 ) ;
#5850 = ORIENTED_EDGE ( 'NONE', *, *, #2684, .T. ) ;
#5851 = LINE ( 'NONE', #1885, #7881 ) ;
#5852 = LINE ( 'NONE', #1133, #1356 ) ;
#5853 = ADVANCED_FACE ( 'NONE', ( #8484 ), #2435, .F. ) ;
#5854 = SURFACE_SIDE_STYLE ('',( #5902 ) ) ;
#5855 = ORIENTED_EDGE ( 'NONE', *, *, #4887, .T. ) ;
#5856 = VERTEX_POINT ( 'NONE', #2479 ) ;
#5857 = ORIENTED_EDGE ( 'NONE', *, *, #8618, .T. ) ;
#5858 = EDGE_CURVE ( 'NONE', #8175, #6947, #351, .T. ) ;
#5859 = EDGE_CURVE ( 'NONE', #5635, #5729, #4471, .T. ) ;
#5860 = VECTOR ( 'NONE', #1449, 1000.000000000000000 ) ;
#5861 = VECTOR ( 'NONE', #6017, 1000.000000000000000 ) ;
#5862 = CARTESIAN_POINT ( 'NONE',  ( -1.880028303524364564, -1.150000000000005462, -1.220000000000000639 ) ) ;
#5863 = DIRECTION ( 'NONE',  ( 0.000000000000000000, 1.000000000000000000, 0.000000000000000000 ) ) ;
#5864 = CARTESIAN_POINT ( 'NONE',  ( 4.299999999999994493, 4.500000000000000888, -3.200000000000002398 ) ) ;
#5865 = EDGE_CURVE ( 'NONE', #92, #4766, #7871, .T. ) ;
#5866 = DIRECTION ( 'NONE',  ( -0.000000000000000000, 0.000000000000000000, 1.000000000000000000 ) ) ;
#5867 = VECTOR ( 'NONE', #8749, 1000.000000000000000 ) ;
#5868 = FACE_OUTER_BOUND ( 'NONE', #6163, .T. ) ;
#5869 = ORIENTED_EDGE ( 'NONE', *, *, #4412, .F. ) ;
#5870 = EDGE_LOOP ( 'NONE', ( #7148, #5820, #6679, #4548 ) ) ;
#5871 = ORIENTED_EDGE ( 'NONE', *, *, #5049, .F. ) ;
#5872 = DIRECTION ( 'NONE',  ( 0.000000000000000000, 0.000000000000000000, -1.000000000000000000 ) ) ;
#5873 = DIRECTION ( 'NONE',  ( 9.270474560687316079E-16, -0.3420201433256673251, 0.9396926207859089830 ) ) ;
#5874 = CARTESIAN_POINT ( 'NONE',  ( -2.399999999999996358, 16.60000000000000142, 3.600000000000000533 ) ) ;
#5875 = CIRCLE ( 'NONE', #6453, 0.5000000000000000000 ) ;
#5876 = VECTOR ( 'NONE', #8128, 1000.000000000000000 ) ;
#5877 = EDGE_CURVE ( 'NONE', #1769, #2732, #5065, .T. ) ;
#5878 = ORIENTED_EDGE ( 'NONE', *, *, #3285, .F. ) ;
#5879 = CARTESIAN_POINT ( 'NONE',  ( -2.399999999999996358, 11.00000000000000000, -5.099999999999998757 ) ) ;
#5880 = DIRECTION ( 'NONE',  ( 0.000000000000000000, 0.000000000000000000, -1.000000000000000000 ) ) ;
#5881 = DIRECTION ( 'NONE',  ( -3.963711178138497761E-15, 0.000000000000000000, -1.000000000000000000 ) ) ;
#5882 = LINE ( 'NONE', #8582, #4004 ) ;
#5883 = PRESENTATION_LAYER_ASSIGNMENT (  '', '', ( #946 ) ) ;
#5884 = CARTESIAN_POINT ( 'NONE',  ( -1.600000000000000089, 14.00000000000000000, -10.69999999999999929 ) ) ;
#5885 = DIRECTION ( 'NONE',  ( 0.000000000000000000, -0.000000000000000000, -1.000000000000000000 ) ) ;
#5886 = LINE ( 'NONE', #3824, #7701 ) ;
#5887 = EDGE_CURVE ( 'NONE', #5163, #8499, #6479, .T. ) ;
#5888 = EDGE_LOOP ( 'NONE', ( #4313, #4113, #5389, #39 ) ) ;
#5889 = ORIENTED_EDGE ( 'NONE', *, *, #5544, .T. ) ;
#5890 = ADVANCED_FACE ( 'NONE', ( #7419 ), #6132, .F. ) ;
#5891 = ORIENTED_EDGE ( 'NONE', *, *, #6126, .T. ) ;
#5892 = CARTESIAN_POINT ( 'NONE',  ( 1.679999999999999938, -0.6149999999999999911, 2.779999999999999361 ) ) ;
#5893 = DIRECTION ( 'NONE',  ( 0.000000000000000000, 1.000000000000000000, 0.000000000000000000 ) ) ;
#5894 = FACE_OUTER_BOUND ( 'NONE', #5719, .T. ) ;
#5895 = CARTESIAN_POINT ( 'NONE',  ( 0.3081567944582223606, -2.340683238870195915, -1.220000000000000639 ) ) ;
#5896 = DIRECTION ( 'NONE',  ( 0.000000000000000000, 0.000000000000000000, 1.000000000000000000 ) ) ;
#5897 = VECTOR ( 'NONE', #199, 1000.000000000000000 ) ;
#5898 = ORIENTED_EDGE ( 'NONE', *, *, #5054, .T. ) ;
#5899 = CARTESIAN_POINT ( 'NONE',  ( -2.399999999999996358, 16.40000000000000213, -3.199999999999999289 ) ) ;
#5900 = DIRECTION ( 'NONE',  ( 0.000000000000000000, -0.000000000000000000, 1.000000000000000000 ) ) ;
#5901 = CIRCLE ( 'NONE', #1376, 2.499999999999999556 ) ;
#5902 = SURFACE_STYLE_FILL_AREA ( #5241 ) ;
#5903 = ORIENTED_EDGE ( 'NONE', *, *, #7003, .T. ) ;
#5904 = ORIENTED_EDGE ( 'NONE', *, *, #4140, .F. ) ;
#5905 = VERTEX_POINT ( 'NONE', #3360 ) ;
#5906 = VECTOR ( 'NONE', #1656, 1000.000000000000000 ) ;
#5907 = LINE ( 'NONE', #1665, #4344 ) ;
#5908 = CARTESIAN_POINT ( 'NONE',  ( -2.599999999999999201, 16.60000000000000142, -4.499999999999998224 ) ) ;
#5910 = CARTESIAN_POINT ( 'NONE',  ( 4.300000000000010481, 16.40000000000000213, 3.599999999999984102 ) ) ;
#5909 = AXIS2_PLACEMENT_3D ( 'NONE', #534, #1146, #6407 ) ;
#5911 = DIRECTION ( 'NONE',  ( -0.000000000000000000, -1.000000000000000000, -0.000000000000000000 ) ) ;
#5912 = CARTESIAN_POINT ( 'NONE',  ( 1.150000000000004130, 16.60000000000000142, 6.099999999999999645 ) ) ;
#5913 = AXIS2_PLACEMENT_3D ( 'NONE', #8656, #8079, #7301 ) ;
#5914 = EDGE_LOOP ( 'NONE', ( #2371, #7164, #2720, #3841 ) ) ;
#5915 = ORIENTED_EDGE ( 'NONE', *, *, #7491, .T. ) ;
#5916 = CARTESIAN_POINT ( 'NONE',  ( -0.9000000000000000222, 0.000000000000000000, 5.850000000000000533 ) ) ;
#5917 = EDGE_CURVE ( 'NONE', #4879, #4339, #1311, .T. ) ;
#5918 = PLANE ( 'NONE',  #2870 ) ;
#5919 = VECTOR ( 'NONE', #6306, 1000.000000000000000 ) ;
#5920 = CARTESIAN_POINT ( 'NONE',  ( 0.7500000000000037748, 4.500000000000000888, 5.699999999999998401 ) ) ;
#5921 = ORIENTED_EDGE ( 'NONE', *, *, #6635, .T. ) ;
#5922 = EDGE_CURVE ( 'NONE', #1805, #7765, #3401, .T. ) ;
#5923 = DIRECTION ( 'NONE',  ( -7.228014483236697541E-16, 0.000000000000000000, -1.000000000000000000 ) ) ;
#5924 = EDGE_CURVE ( 'NONE', #6819, #5121, #1360, .T. ) ;
#5925 = CARTESIAN_POINT ( 'NONE',  ( -1.831048351012630970, -3.245831630228683817, -0.9949999999999993294 ) ) ;
#5926 = LINE ( 'NONE', #5312, #7560 ) ;
#5927 = CARTESIAN_POINT ( 'NONE',  ( -1.060107702553497955, 11.00000000000000000, -5.099999999999998757 ) ) ;
#5928 = ADVANCED_FACE ( 'NONE', ( #72 ), #6718, .T. ) ;
#5929 = DIRECTION ( 'NONE',  ( -3.811648262644353104E-15, 0.000000000000000000, 1.000000000000000000 ) ) ;
#5930 = CARTESIAN_POINT ( 'NONE',  ( 1.680000000000007709, 9.081817580622695729, -1.220000000000000639 ) ) ;
#5931 = MANIFOLD_SOLID_BREP ( 'LPattern1[1]', #4349 ) ;
#5932 = DIRECTION ( 'NONE',  ( 0.000000000000000000, 1.000000000000000000, 0.000000000000000000 ) ) ;
#5933 = ORIENTED_EDGE ( 'NONE', *, *, #4256, .T. ) ;
#5934 = ORIENTED_EDGE ( 'NONE', *, *, #3540, .T. ) ;
#5935 = CARTESIAN_POINT ( 'NONE',  ( -4.649999999999995914, 0.000000000000000000, -1.400000000000001021 ) ) ;
#5936 = CYLINDRICAL_SURFACE ( 'NONE', #5071, 1.000000000000014655 ) ;
#5937 = CARTESIAN_POINT ( 'NONE',  ( 0.1000000000000055567, -3.300000000000005596, -1.220000000000000639 ) ) ;
#5938 = DIRECTION ( 'NONE',  ( 1.275531967630005492E-16, 0.000000000000000000, 1.000000000000000000 ) ) ;
#5939 = DIRECTION ( 'NONE',  ( 1.275531967630005245E-16, 0.000000000000000000, -1.000000000000000000 ) ) ;
#5940 = VERTEX_POINT ( 'NONE', #29 ) ;
#5941 = CARTESIAN_POINT ( 'NONE',  ( 3.399999999999984368, 16.40000000000000213, -3.200000000000012168 ) ) ;
#5942 = DIRECTION ( 'NONE',  ( 1.000000000000000000, 0.000000000000000000, 0.000000000000000000 ) ) ;
#5943 = ORIENTED_EDGE ( 'NONE', *, *, #191, .T. ) ;
#5944 = VERTEX_POINT ( 'NONE', #2607 ) ;
#5945 = ORIENTED_EDGE ( 'NONE', *, *, #7771, .F. ) ;
#5946 = ORIENTED_EDGE ( 'NONE', *, *, #3683, .F. ) ;
#5947 = CARTESIAN_POINT ( 'NONE',  ( -0.3200000000000000622, -2.695554967719985040, 2.779999999999999361 ) ) ;
#5948 = LINE ( 'NONE', #5248, #4419 ) ;
#5949 = LINE ( 'NONE', #3938, #8283 ) ;
#5950 = UNCERTAINTY_MEASURE_WITH_UNIT (LENGTH_MEASURE( 1.000000000000000082E-05 ), #13, 'distance_accuracy_value', 'NONE');
#5951 = FACE_OUTER_BOUND ( 'NONE', #8078, .T. ) ;
#5952 = ORIENTED_EDGE ( 'NONE', *, *, #7271, .T. ) ;
#5953 = VERTEX_POINT ( 'NONE', #2656 ) ;
#5954 = CARTESIAN_POINT ( 'NONE',  ( -0.3081567944582159213, -2.340683238870190142, 2.779999999999999361 ) ) ;
#5955 = CARTESIAN_POINT ( 'NONE',  ( 4.899999999999997691, 16.60000000000000142, 3.599999999999996980 ) ) ;
#5956 = DIRECTION ( 'NONE',  ( 0.000000000000000000, 0.000000000000000000, 1.000000000000000000 ) ) ;
#5957 = AXIS2_PLACEMENT_3D ( 'NONE', #2557, #1855, #1139 ) ;
#5958 = VERTEX_POINT ( 'NONE', #7463 ) ;
#5959 = CYLINDRICAL_SURFACE ( 'NONE', #6437, 2.499999999999999556 ) ;
#5960 = ADVANCED_FACE ( 'NONE', ( #6671 ), #5349, .T. ) ;
#5961 = AXIS2_PLACEMENT_3D ( 'NONE', #5711, #2489, #496 ) ;
#5962 = PLANE ( 'NONE',  #3657 ) ;
#5963 = EDGE_CURVE ( 'NONE', #779, #7465, #2399, .T. ) ;
#5964 = EDGE_CURVE ( 'NONE', #720, #7279, #5468, .T. ) ;
#5965 = DIRECTION ( 'NONE',  ( -0.000000000000000000, -1.000000000000000000, -0.000000000000000000 ) ) ;
#5966 = CARTESIAN_POINT ( 'NONE',  ( -4.899999999999995914, 16.60000000000000142, 3.600000000000000533 ) ) ;
#5967 = CARTESIAN_POINT ( 'NONE',  ( 2.319999999999998064, 16.60000000000000142, 3.419999999999999485 ) ) ;
#5968 = EDGE_CURVE ( 'NONE', #6640, #1123, #3439, .T. ) ;
#5969 = EDGE_CURVE ( 'NONE', #4450, #1161, #3273, .T. ) ;
#5970 = DIRECTION ( 'NONE',  ( -2.492418787322998744E-16, 1.000000000000000000, 0.000000000000000000 ) ) ;
#5971 = VECTOR ( 'NONE', #6719, 1000.000000000000000 ) ;
#5972 = CARTESIAN_POINT ( 'NONE',  ( 2.399999999999991029, 9.800000000000000711, -5.700000000000000178 ) ) ;
#5973 = ORIENTED_EDGE ( 'NONE', *, *, #3546, .T. ) ;
#5974 = ORIENTED_EDGE ( 'NONE', *, *, #6743, .F. ) ;
#5975 = PLANE ( 'NONE',  #8534 ) ;
#5976 = CARTESIAN_POINT ( 'NONE',  ( 0.4500000000000011768, 4.500000000000000888, 4.600000000000000533 ) ) ;
#5977 = LINE ( 'NONE', #5276, #2302 ) ;
#5978 = AXIS2_PLACEMENT_3D ( 'NONE', #5712, #889, #4917 ) ;
#5979 = CARTESIAN_POINT ( 'NONE',  ( 1.680000000000006599, 9.699999999999995737, -1.220000000000000639 ) ) ;
#5980 = CARTESIAN_POINT ( 'NONE',  ( -4.450000000000000178, -1.000000000000001554, -2.400000000000000355 ) ) ;
#5981 = ORIENTED_EDGE ( 'NONE', *, *, #3655, .T. ) ;
#5982 = VECTOR ( 'NONE', #7762, 999.9999999999998863 ) ;
#5983 = EDGE_CURVE ( 'NONE', #1946, #1145, #5302, .T. ) ;
#5984 = DIRECTION ( 'NONE',  ( 3.614007241618390679E-16, 0.000000000000000000, -1.000000000000000000 ) ) ;
#5985 = CARTESIAN_POINT ( 'NONE',  ( -1.680000000000000160, 1.000000000000000000, 2.779999999999999361 ) ) ;
#5986 = VECTOR ( 'NONE', #4680, 1000.000000000000000 ) ;
#5987 = SHAPE_REPRESENTATION_RELATIONSHIP ( 'NONE' , 'NONE' ,  #3319, #1349 ) ;
#5988 = ORIENTED_EDGE ( 'NONE', *, *, #1881, .F. ) ;
#5989 = EDGE_LOOP ( 'NONE', ( #7929, #4632, #4843, #990 ) ) ;
#5990 = ORIENTED_EDGE ( 'NONE', *, *, #8104, .F. ) ;
#5991 = STYLED_ITEM ( 'NONE', ( #7580 ), #2968 ) ;
#5992 = LINE ( 'NONE', #1854, #4617 ) ;
#5993 = CARTESIAN_POINT ( 'NONE',  ( -4.649999999999995026, 0.2500000000000002220, 3.600000000000000533 ) ) ;
#5994 =( GEOMETRIC_REPRESENTATION_CONTEXT ( 3 ) GLOBAL_UNCERTAINTY_ASSIGNED_CONTEXT ( ( #4286 ) ) GLOBAL_UNIT_ASSIGNED_CONTEXT ( ( #4910, #4216, #1345 ) ) REPRESENTATION_CONTEXT ( 'NONE', 'WORKASPACE' ) );
#5995 = DIRECTION ( 'NONE',  ( 0.000000000000000000, -1.000000000000000000, 0.000000000000000000 ) ) ;
#5996 = DIRECTION ( 'NONE',  ( -0.2047927057592100475, -0.9237601993560261571, -0.3236155771181854490 ) ) ;
#5997 = ADVANCED_FACE ( 'NONE', ( #2910 ), #7678, .F. ) ;
#5998 = COLOUR_RGB ( '',0.7921568627450980005, 0.8196078431372548767, 0.9333333333333333481 ) ;
#5999 = VECTOR ( 'NONE', #5759, 1000.000000000000000 ) ;
#6000 = PRODUCT_DEFINITION ( 'UNKNOWN', '', #2617, #1896 ) ;
#6001 = VERTEX_POINT ( 'NONE', #8169 ) ;
#6002 = CARTESIAN_POINT ( 'NONE',  ( 0.3199999999999982303, 1.000000000000000000, 3.600000000000020073 ) ) ;
#6003 = DIRECTION ( 'NONE',  ( 0.000000000000000000, -0.000000000000000000, 1.000000000000000000 ) ) ;
#6004 = EDGE_LOOP ( 'NONE', ( #6993, #3794, #8051, #3087 ) ) ;
#6005 = VECTOR ( 'NONE', #8709, 1000.000000000000000 ) ;
#6006 = CIRCLE ( 'NONE', #1489, 1.899999999999999245 ) ;
#6007 = CARTESIAN_POINT ( 'NONE',  ( 1.881436415605456158, 9.635259583954574936, 3.218563584394544375 ) ) ;
#6008 = VECTOR ( 'NONE', #5789, 1000.000000000000000 ) ;
#6009 = CARTESIAN_POINT ( 'NONE',  ( -2.370000000000000551, 10.30000000000000249, -5.900000000000000355 ) ) ;
#6010 = VECTOR ( 'NONE', #8584, 1000.000000000000000 ) ;
#6011 = DIRECTION ( 'NONE',  ( 0.000000000000000000, 1.000000000000000000, 0.000000000000000000 ) ) ;
#6012 = CARTESIAN_POINT ( 'NONE',  ( 1.599999999999995204, 10.30000000000000249, -5.699999999999999289 ) ) ;
#6013 = CIRCLE ( 'NONE', #5736, 1.899999999999999689 ) ;
#6014 = CARTESIAN_POINT ( 'NONE',  ( -2.399999999999996358, 11.00000000000000000, -5.099999999999998757 ) ) ;
#6015 = MANIFOLD_SOLID_BREP ( 'LPattern1[2]', #2280 ) ;
#6016 = VECTOR ( 'NONE', #5900, 1000.000000000000000 ) ;
#6017 = DIRECTION ( 'NONE',  ( -0.000000000000000000, -1.000000000000000000, -0.000000000000000000 ) ) ;
#6018 = VECTOR ( 'NONE', #299, 1000.000000000000000 ) ;
#6019 = EDGE_CURVE ( 'NONE', #6523, #8381, #1443, .T. ) ;
#6020 = ORIENTED_EDGE ( 'NONE', *, *, #2373, .T. ) ;
#6021 = VERTEX_POINT ( 'NONE', #6846 ) ;
#6022 = EDGE_CURVE ( 'NONE', #4270, #6068, #253, .T. ) ;
#6023 = DIRECTION ( 'NONE',  ( 1.000000000000000000, 0.000000000000000000, 0.000000000000000000 ) ) ;
#6024 = LINE ( 'NONE', #5403, #8046 ) ;
#6025 = FACE_OUTER_BOUND ( 'NONE', #2030, .T. ) ;
#6026 = EDGE_CURVE ( 'NONE', #1805, #952, #4281, .T. ) ;
#6027 = CARTESIAN_POINT ( 'NONE',  ( 0.7500000000000039968, 4.500000000000000888, 5.999999999999994671 ) ) ;
#6028 = LINE ( 'NONE', #7323, #7261 ) ;
#6029 = EDGE_LOOP ( 'NONE', ( #7565, #7974, #5456, #7187 ) ) ;
#6030 = FACE_OUTER_BOUND ( 'NONE', #4088, .T. ) ;
#6031 = CARTESIAN_POINT ( 'NONE',  ( 1.199999999999978639, 8.763068312314702624, -5.400000000000003020 ) ) ;
#6032 = EDGE_CURVE ( 'NONE', #2239, #1933, #4329, .T. ) ;
#6033 = SURFACE_STYLE_FILL_AREA ( #6704 ) ;
#6034 = ORIENTED_EDGE ( 'NONE', *, *, #4825, .T. ) ;
#6035 = ORIENTED_EDGE ( 'NONE', *, *, #4100, .T. ) ;
#6036 = ORIENTED_EDGE ( 'NONE', *, *, #1945, .T. ) ;
#6037 = EDGE_CURVE ( 'NONE', #4409, #7442, #118, .T. ) ;
#6038 = LINE ( 'NONE', #2056, #7267 ) ;
#6039 = DIRECTION ( 'NONE',  ( 0.000000000000000000, 0.000000000000000000, -1.000000000000000000 ) ) ;
#6040 = LINE ( 'NONE', #5947, #8704 ) ;
#6041 = LINE ( 'NONE', #6121, #6674 ) ;
#6042 = ADVANCED_FACE ( 'NONE', ( #159, #6977, #8340, #5515, #913, #2288, #7025 ), #6261, .T. ) ;
#6043 = VECTOR ( 'NONE', #1829, 1000.000000000000114 ) ;
#6044 = DIRECTION ( 'NONE',  ( 5.981805089575213947E-16, 0.000000000000000000, 1.000000000000000000 ) ) ;
#6045 = LINE ( 'NONE', #8741, #4722 ) ;
#6046 = AXIS2_PLACEMENT_3D ( 'NONE', #7223, #5885, #2491 ) ;
#6047 = VECTOR ( 'NONE', #7557, 1000.000000000000000 ) ;
#6048 = ORIENTED_EDGE ( 'NONE', *, *, #694, .T. ) ;
#6049 = DIRECTION ( 'NONE',  ( 0.000000000000000000, 0.000000000000000000, 1.000000000000000000 ) ) ;
#6050 = LINE ( 'NONE', #8746, #1935 ) ;
#6051 = ORIENTED_EDGE ( 'NONE', *, *, #3544, .T. ) ;
#6052 = VECTOR ( 'NONE', #6357, 1000.000000000000000 ) ;
#6053 = LINE ( 'NONE', #2823, #6146 ) ;
#6054 = EDGE_LOOP ( 'NONE', ( #1744, #2478, #1440, #4517 ) ) ;
#6055 = ORIENTED_EDGE ( 'NONE', *, *, #8743, .F. ) ;
#6056 = CARTESIAN_POINT ( 'NONE',  ( 1.680000000000000160, 9.081817580622701058, 2.779999999999999361 ) ) ;
#6057 = AXIS2_PLACEMENT_3D ( 'NONE', #4221, #3417, #7438 ) ;
#6058 = LINE ( 'NONE', #6858, #8269 ) ;
#6059 = DIRECTION ( 'NONE',  ( 0.000000000000000000, 0.000000000000000000, 1.000000000000000000 ) ) ;
#6060 = DIRECTION ( 'NONE',  ( 0.000000000000000000, -1.000000000000000000, -0.000000000000000000 ) ) ;
#6061 = DIRECTION ( 'NONE',  ( 1.000000000000000000, 0.000000000000000000, 0.000000000000000000 ) ) ;
#6062 = ORIENTED_EDGE ( 'NONE', *, *, #3176, .F. ) ;
#6063 = PLANE ( 'NONE',  #6399 ) ;
#6064 = LINE ( 'NONE', #4047, #4922 ) ;
#6065 = DIRECTION ( 'NONE',  ( 1.000000000000000000, 0.000000000000000000, -0.000000000000000000 ) ) ;
#6066 = LINE ( 'NONE', #5448, #2463 ) ;
#6067 = CARTESIAN_POINT ( 'NONE',  ( 2.319999999999998064, 9.700000000000001066, 2.779999999999999361 ) ) ;
#6068 = VERTEX_POINT ( 'NONE', #3666 ) ;
#6069 = PLANE ( 'NONE',  #680 ) ;
#6070 = DIRECTION ( 'NONE',  ( 0.3236155771181807861, 0.8891264907159902586, -0.3236155771181835061 ) ) ;
#6071 = PRESENTATION_STYLE_ASSIGNMENT (( #3387 ) ) ;
#6072 = ORIENTED_EDGE ( 'NONE', *, *, #186, .F. ) ;
#6073 = EDGE_LOOP ( 'NONE', ( #2082, #7228, #664, #7425 ) ) ;
#6074 = EDGE_CURVE ( 'NONE', #5362, #6878, #4846, .T. ) ;
#6075 = EDGE_LOOP ( 'NONE', ( #8461, #3930, #304, #326 ) ) ;
#6076 = APPLICATION_CONTEXT ( 'automotive_design' ) ;
#6077 = CARTESIAN_POINT ( 'NONE',  ( 1.680000000000006599, 4.500000000000003553, -1.220000000000000639 ) ) ;
#6078 = EDGE_CURVE ( 'NONE', #3538, #5601, #2859, .T. ) ;
#6079 = CYLINDRICAL_SURFACE ( 'NONE', #4445, 0.4999999999999995559 ) ;
#6080 = LINE ( 'NONE', #727, #3708 ) ;
#6081 = DIRECTION ( 'NONE',  ( 0.000000000000000000, -0.000000000000000000, 1.000000000000000000 ) ) ;
#6082 = EDGE_CURVE ( 'NONE', #8513, #2945, #8256, .T. ) ;
#6083 = DIRECTION ( 'NONE',  ( 0.3236155771181829510, 0.8891264907159894815, -0.3236155771181829510 ) ) ;
#6084 = ORIENTED_EDGE ( 'NONE', *, *, #2694, .F. ) ;
#6085 = VERTEX_POINT ( 'NONE', #7590 ) ;
#6086 = DIRECTION ( 'NONE',  ( 0.000000000000000000, 1.000000000000000000, 0.000000000000000000 ) ) ;
#6087 = EDGE_LOOP ( 'NONE', ( #6997, #1593, #327, #306, #1501 ) ) ;
#6088 = DIRECTION ( 'NONE',  ( 0.000000000000000000, 1.000000000000000000, 0.000000000000000000 ) ) ;
#6089 = EDGE_LOOP ( 'NONE', ( #7150, #6272, #1289, #1686, #6431, #877, #4543, #6661 ) ) ;
#6090 = VERTEX_POINT ( 'NONE', #207 ) ;
#6091 = VECTOR ( 'NONE', #5780, 1000.000000000000000 ) ;
#6092 = DIRECTION ( 'NONE',  ( 1.000000000000000000, -0.000000000000000000, -0.000000000000000000 ) ) ;
#6093 = DIRECTION ( 'NONE',  ( -0.000000000000000000, 1.000000000000000000, -0.000000000000000000 ) ) ;
#6094 = CARTESIAN_POINT ( 'NONE',  ( 2.499999999999994671, 4.900000000000000355, 3.700000000000000622 ) ) ;
#6095 = EDGE_LOOP ( 'NONE', ( #2928, #1613, #4946, #7058 ) ) ;
#6096 = DIRECTION ( 'NONE',  ( 0.000000000000000000, 0.000000000000000000, 1.000000000000000000 ) ) ;
#6097 = FACE_OUTER_BOUND ( 'NONE', #8419, .T. ) ;
#6098 = ORIENTED_EDGE ( 'NONE', *, *, #3838, .F. ) ;
#6099 = EDGE_CURVE ( 'NONE', #7240, #2009, #8679, .T. ) ;
#6100 = AXIS2_PLACEMENT_3D ( 'NONE', #6336, #2130, #6869 ) ;
#6101 = VECTOR ( 'NONE', #5099, 1000.000000000000000 ) ;
#6102 = PRODUCT_DEFINITION ( 'UNKNOWN', '', #4028, #3312 ) ;
#6103 = DIRECTION ( 'NONE',  ( 1.000000000000000000, -0.000000000000000000, -1.156482317317868372E-15 ) ) ;
#6104 = DIRECTION ( 'NONE',  ( 1.000000000000000000, 0.000000000000000000, -8.673617379884027583E-16 ) ) ;
#6105 = DIRECTION ( 'NONE',  ( -1.000000000000000000, 0.000000000000000000, 7.944584884591897520E-17 ) ) ;
#6106 = AXIS2_PLACEMENT_3D ( 'NONE', #2704, #8091, #3245 ) ;
#6107 = DIRECTION ( 'NONE',  ( -0.04464258697085599081, 0.3390941135865693790, 0.9396926207859080948 ) ) ;
#6108 = VECTOR ( 'NONE', #3416, 1000.000000000000000 ) ;
#6109 = DIRECTION ( 'NONE',  ( 1.000000000000000000, 0.000000000000000000, -5.500731610404397960E-16 ) ) ;
#6110 = VERTEX_POINT ( 'NONE', #6519 ) ;
#6111 = DIRECTION ( 'NONE',  ( 0.000000000000000000, 0.000000000000000000, 1.000000000000000000 ) ) ;
#6112 = CARTESIAN_POINT ( 'NONE',  ( -2.399999999999996358, 4.500000000000000888, 4.600000000000000533 ) ) ;
#6113 = ORIENTED_EDGE ( 'NONE', *, *, #5462, .T. ) ;
#6114 = VERTEX_POINT ( 'NONE', #7729 ) ;
#6115 = EDGE_LOOP ( 'NONE', ( #8560, #2228, #1936, #598, #1521 ) ) ;
#6116 = MANIFOLD_SOLID_BREP ( 'Chamfer2', #813 ) ;
#6117 =( LENGTH_UNIT ( ) NAMED_UNIT ( * ) SI_UNIT ( .MILLI., .METRE. ) );
#6118 = SURFACE_STYLE_USAGE ( .BOTH. , #8736 ) ;
#6119 = DIRECTION ( 'NONE',  ( 1.355252715606881775E-16, 0.000000000000000000, 1.000000000000000000 ) ) ;
#6120 = VECTOR ( 'NONE', #5896, 1000.000000000000000 ) ;
#6121 = CARTESIAN_POINT ( 'NONE',  ( -2.077033263131797813, 9.749363203846662884, 3.022966736868199611 ) ) ;
#6122 = EDGE_CURVE ( 'NONE', #8645, #924, #6610, .T. ) ;
#6123 = DIRECTION ( 'NONE',  ( 0.3236155771181829510, -0.8891264907159894815, -0.3236155771181829510 ) ) ;
#6124 = VECTOR ( 'NONE', #4176, 1000.000000000000114 ) ;
#6125 = PLANE ( 'NONE',  #645 ) ;
#6126 = EDGE_CURVE ( 'NONE', #6855, #732, #8593, .T. ) ;
#6127 = ADVANCED_FACE ( 'NONE', ( #3253 ), #460, .F. ) ;
#6128 = VERTEX_POINT ( 'NONE', #6563 ) ;
#6129 = VECTOR ( 'NONE', #279, 999.9999999999998863 ) ;
#6130 = VECTOR ( 'NONE', #2817, 1000.000000000000000 ) ;
#6131 = ORIENTED_EDGE ( 'NONE', *, *, #5657, .T. ) ;
#6132 = PLANE ( 'NONE',  #3952 ) ;
#6133 = EDGE_CURVE ( 'NONE', #7765, #6085, #7231, .T. ) ;
#6134 = LINE ( 'NONE', #3619, #4060 ) ;
#6135 = ADVANCED_FACE ( 'NONE', ( #591 ), #5936, .T. ) ;
#6136 = ORIENTED_EDGE ( 'NONE', *, *, #7203, .F. ) ;
#6137 = CARTESIAN_POINT ( 'NONE',  ( -4.899999999999996803, 0.2500000000000002220, -1.400000000000001465 ) ) ;
#6138 = CARTESIAN_POINT ( 'NONE',  ( -0.7500000000000000000, 16.60000000000000142, 5.999999999999995559 ) ) ;
#6139 = EDGE_CURVE ( 'NONE', #515, #1099, #3957, .T. ) ;
#6140 = EDGE_LOOP ( 'NONE', ( #6433, #6750, #3665, #4013 ) ) ;
#6141 = ORIENTED_EDGE ( 'NONE', *, *, #7064, .F. ) ;
#6142 = VECTOR ( 'NONE', #7945, 1000.000000000000000 ) ;
#6143 = LINE ( 'NONE', #5477, #685 ) ;
#6144 = EDGE_CURVE ( 'NONE', #221, #6640, #2582, .T. ) ;
#6145 = CARTESIAN_POINT ( 'NONE',  ( 2.369999999999996554, 16.60000000000000142, -6.400000000000002132 ) ) ;
#6146 = VECTOR ( 'NONE', #5518, 1000.000000000000000 ) ;
#6147 = VECTOR ( 'NONE', #5673, 1000.000000000000000 ) ;
#6148 = FACE_OUTER_BOUND ( 'NONE', #6845, .T. ) ;
#6149 = ORIENTED_EDGE ( 'NONE', *, *, #5595, .T. ) ;
#6150 = EDGE_CURVE ( 'NONE', #2009, #6432, #7359, .T. ) ;
#6151 = PLANE ( 'NONE',  #4505 ) ;
#6152 = CARTESIAN_POINT ( 'NONE',  ( -0.3499999999999999778, 4.900000000000000355, 5.200000000000001066 ) ) ;
#6153 = EDGE_LOOP ( 'NONE', ( #976, #550, #14, #7098 ) ) ;
#6154 = VECTOR ( 'NONE', #1516, 1000.000000000000000 ) ;
#6155 = CARTESIAN_POINT ( 'NONE',  ( 2.319999999999998064, 1.000000000000004441, 3.419999999999999485 ) ) ;
#6156 = CARTESIAN_POINT ( 'NONE',  ( -2.399999999999996358, 4.500000000000000888, 4.600000000000000533 ) ) ;
#6157 = FACE_OUTER_BOUND ( 'NONE', #826, .T. ) ;
#6158 = DIRECTION ( 'NONE',  ( -0.000000000000000000, -1.000000000000000000, 0.000000000000000000 ) ) ;
#6159 = AXIS2_PLACEMENT_3D ( 'NONE', #5112, #2427, #1138 ) ;
#6160 = AXIS2_PLACEMENT_3D ( 'NONE', #7036, #6906, #1011 ) ;
#6161 = DIRECTION ( 'NONE',  ( 0.1305261922200516289, -0.9914448613738103822, 0.000000000000000000 ) ) ;
#6162 = VECTOR ( 'NONE', #984, 1000.000000000000000 ) ;
#6163 = EDGE_LOOP ( 'NONE', ( #3219, #4954, #5952, #6614 ) ) ;
#6164 = EDGE_CURVE ( 'NONE', #7677, #7286, #5234, .T. ) ;
#6165 = CARTESIAN_POINT ( 'NONE',  ( -0.3499999999999999778, 28.50378091196238373, 5.200000000000001066 ) ) ;
#6166 = CYLINDRICAL_SURFACE ( 'NONE', #6716, 0.1999999999999996503 ) ;
#6167 = ORIENTED_EDGE ( 'NONE', *, *, #7644, .T. ) ;
#6168 = ORIENTED_EDGE ( 'NONE', *, *, #2523, .T. ) ;
#6169 = ORIENTED_EDGE ( 'NONE', *, *, #5216, .T. ) ;
#6170 = CARTESIAN_POINT ( 'NONE',  ( 0.09999999999999915901, -3.299999999999999822, 2.999999999999999112 ) ) ;
#6171 = DIRECTION ( 'NONE',  ( 1.000000000000000000, 0.000000000000000000, -5.500731610404397960E-16 ) ) ;
#6172 = DIRECTION ( 'NONE',  ( 1.000000000000000000, 0.000000000000000000, -3.963711178138497761E-15 ) ) ;
#6173 = FACE_OUTER_BOUND ( 'NONE', #4197, .T. ) ;
#6174 = CARTESIAN_POINT ( 'NONE',  ( -2.399999999999996358, 16.19999999999999929, -3.199999999999999289 ) ) ;
#6175 = COLOUR_RGB ( '',0.7921568627450980005, 0.8196078431372548767, 0.9333333333333333481 ) ;
#6176 = FACE_OUTER_BOUND ( 'NONE', #7215, .T. ) ;
#6177 = VERTEX_POINT ( 'NONE', #5187 ) ;
#6178 = ORIENTED_EDGE ( 'NONE', *, *, #7773, .F. ) ;
#6179 = CARTESIAN_POINT ( 'NONE',  ( -2.399999999999996358, 16.19999999999999929, 4.600000000000000533 ) ) ;
#6180 = DIRECTION ( 'NONE',  ( 1.199218353203923552E-15, 0.000000000000000000, 1.000000000000000000 ) ) ;
#6181 = DIRECTION ( 'NONE',  ( -0.000000000000000000, -1.000000000000000000, -0.000000000000000000 ) ) ;
#6182 = VECTOR ( 'NONE', #8640, 1000.000000000000000 ) ;
#6183 = LINE ( 'NONE', #3492, #5860 ) ;
#6184 = ORIENTED_EDGE ( 'NONE', *, *, #2906, .T. ) ;
#6185 = VECTOR ( 'NONE', #586, 1000.000000000000000 ) ;
#6186 = VERTEX_POINT ( 'NONE', #506 ) ;
#6187 = EDGE_LOOP ( 'NONE', ( #517, #3945, #2276, #2811 ) ) ;
#6188 = EDGE_CURVE ( 'NONE', #3373, #4027, #7895, .T. ) ;
#6189 = LINE ( 'NONE', #2162, #7893 ) ;
#6190 = PLANE ( 'NONE',  #7422 ) ;
#6191 = DIRECTION ( 'NONE',  ( 0.7071067811865536790, 0.000000000000000000, 0.7071067811865414665 ) ) ;
#6192 = EDGE_CURVE ( 'NONE', #5259, #2097, #3209, .T. ) ;
#6193 = VECTOR ( 'NONE', #5150, 1000.000000000000000 ) ;
#6194 = EDGE_LOOP ( 'NONE', ( #5681, #697, #5654, #4273 ) ) ;
#6195 = CARTESIAN_POINT ( 'NONE',  ( -0.9499999999999999556, 4.500000000000000888, 5.500000000000000000 ) ) ;
#6196 = EDGE_CURVE ( 'NONE', #6378, #4879, #1921, .T. ) ;
#6197 = CARTESIAN_POINT ( 'NONE',  ( 4.899999999999995914, 0.2500000000000002220, -1.400000000000004796 ) ) ;
#6198 = EDGE_CURVE ( 'NONE', #2991, #3518, #6024, .T. ) ;
#6199 = APPLICATION_CONTEXT ( 'automotive_design' ) ;
#6200 = ORIENTED_EDGE ( 'NONE', *, *, #2794, .F. ) ;
#6201 = EDGE_CURVE ( 'NONE', #1106, #4729, #6868, .T. ) ;
#6202 = DIRECTION ( 'NONE',  ( 1.000000000000000000, 0.000000000000000000, 0.000000000000000000 ) ) ;
#6203 = CYLINDRICAL_SURFACE ( 'NONE', #6100, 0.4499999999999999001 ) ;
#6204 = CARTESIAN_POINT ( 'NONE',  ( 3.199999999999996625, 16.60000000000000142, -5.568543856465403508 ) ) ;
#6205 = FACE_OUTER_BOUND ( 'NONE', #4764, .T. ) ;
#6206 = ORIENTED_EDGE ( 'NONE', *, *, #1598, .T. ) ;
#6207 = DIRECTION ( 'NONE',  ( 1.040834085586086229E-15, 0.000000000000000000, -1.000000000000000000 ) ) ;
#6208 = DIRECTION ( 'NONE',  ( -0.000000000000000000, -1.000000000000000000, -0.000000000000000000 ) ) ;
#6209 = PRODUCT_DEFINITION_SHAPE ( 'NONE', 'NONE',  #8752 ) ;
#6210 = ORIENTED_EDGE ( 'NONE', *, *, #1990, .T. ) ;
#6211 = VERTEX_POINT ( 'NONE', #2800 ) ;
#6212 = ORIENTED_EDGE ( 'NONE', *, *, #2061, .F. ) ;
#6213 = FILL_AREA_STYLE ('',( #4836 ) ) ;
#6214 = DIRECTION ( 'NONE',  ( 0.1305261922200516567, 0.9914448613738104932, 0.000000000000000000 ) ) ;
#6215 = DIRECTION ( 'NONE',  ( 6.776263578034403699E-16, 0.000000000000000000, 1.000000000000000000 ) ) ;
#6216 = CARTESIAN_POINT ( 'NONE',  ( 3.399999999999983924, 4.500000000000000888, -3.200000000000012168 ) ) ;
#6217 = LINE ( 'NONE', #4801, #5760 ) ;
#6218 = ORIENTED_EDGE ( 'NONE', *, *, #3932, .F. ) ;
#6219 = VERTEX_POINT ( 'NONE', #3462 ) ;
#6220 = CARTESIAN_POINT ( 'NONE',  ( -2.319999999999999396, -0.4992691472256616803, 2.779999999999999361 ) ) ;
#6221 = CARTESIAN_POINT ( 'NONE',  ( 4.899999999999996803, 12.49999999999999822, 1.199999999999997291 ) ) ;
#6222 = DIRECTION ( 'NONE',  ( 1.000000000000000000, -0.000000000000000000, 1.040834085586086229E-15 ) ) ;
#6223 = CLOSED_SHELL ( 'NONE', ( #6135, #3182, #3558, #7922, #7950, #6513, #7761, #7222, #2982, #5336, #3131, #4832, #2307, #8725, #5245, #7540, #1160, #5084, #8489, #4743, #1718, #6508, #4209, #618 ) ) ;
#6224 = DIRECTION ( 'NONE',  ( -0.9914448613738103822, -0.1305261922200516844, -0.000000000000000000 ) ) ;
#6225 = DIRECTION ( 'NONE',  ( 0.9914448613738103822, 0.1305261922200516844, 0.000000000000000000 ) ) ;
#6226 = VERTEX_POINT ( 'NONE', #4091 ) ;
#6227 = EDGE_LOOP ( 'NONE', ( #1532, #4023, #6405, #8463, #270 ) ) ;
#6228 = ORIENTED_EDGE ( 'NONE', *, *, #6583, .F. ) ;
#6229 = DIRECTION ( 'NONE',  ( 0.000000000000000000, 0.000000000000000000, -1.000000000000000000 ) ) ;
#6230 = DIRECTION ( 'NONE',  ( -1.000000000000000000, 0.000000000000000000, 1.275531967630005245E-16 ) ) ;
#6231 = CARTESIAN_POINT ( 'NONE',  ( -0.3199999999999999512, 1.000000000000000000, 2.779999999999999361 ) ) ;
#6232 = VERTEX_POINT ( 'NONE', #2710 ) ;
#6233 = EDGE_CURVE ( 'NONE', #8022, #8065, #6064, .T. ) ;
#6234 = DIRECTION ( 'NONE',  ( 3.794707603699271830E-15, 0.000000000000000000, 1.000000000000000000 ) ) ;
#6235 = ORIENTED_EDGE ( 'NONE', *, *, #2142, .T. ) ;
#6236 = EDGE_CURVE ( 'NONE', #2752, #225, #4518, .T. ) ;
#6237 = EDGE_CURVE ( 'NONE', #7142, #1890, #2253, .T. ) ;
#6238 = CARTESIAN_POINT ( 'NONE',  ( -2.319999999999999396, -0.4992691472256616803, 2.779999999999999361 ) ) ;
#6239 = LINE ( 'NONE', #981, #2350 ) ;
#6240 = FACE_OUTER_BOUND ( 'NONE', #7501, .T. ) ;
#6241 = EDGE_CURVE ( 'NONE', #6793, #5121, #2754, .T. ) ;
#6242 = CARTESIAN_POINT ( 'NONE',  ( -1.679999999999999938, -0.6149999999999999911, 2.779999999999999361 ) ) ;
#6243 = CIRCLE ( 'NONE', #2148, 0.5000000000000000000 ) ;
#6244 = LINE ( 'NONE', #4824, #8415 ) ;
#6245 = ORIENTED_EDGE ( 'NONE', *, *, #1122, .T. ) ;
#6246 = DIRECTION ( 'NONE',  ( -1.000000000000000000, 0.000000000000000000, -1.040834085586086229E-15 ) ) ;
#6247 = DIRECTION ( 'NONE',  ( 3.880302512053385121E-15, 0.000000000000000000, 1.000000000000000000 ) ) ;
#6248 = ORIENTED_EDGE ( 'NONE', *, *, #677, .T. ) ;
#6249 = ORIENTED_EDGE ( 'NONE', *, *, #6675, .T. ) ;
#6250 = EDGE_LOOP ( 'NONE', ( #5828, #2246, #912, #2644 ) ) ;
#6251 = AXIS2_PLACEMENT_3D ( 'NONE', #6094, #1910, #6059 ) ;
#6252 = CARTESIAN_POINT ( 'NONE',  ( 0.1000000000000012129, 9.700000000000001066, 2.999999999999998224 ) ) ;
#6253 = DIRECTION ( 'NONE',  ( -1.000000000000000000, 6.776263578034402713E-16, 0.000000000000000000 ) ) ;
#6254 = EDGE_CURVE ( 'NONE', #7409, #2945, #1513, .T. ) ;
#6255 = CARTESIAN_POINT ( 'NONE',  ( 1.905000000000001359, 9.700000000000001066, 2.779999999999999361 ) ) ;
#6256 = AXIS2_PLACEMENT_3D ( 'NONE', #4604, #4560, #4686 ) ;
#6257 = DIRECTION ( 'NONE',  ( 0.000000000000000000, 1.000000000000000000, 0.000000000000000000 ) ) ;
#6258 = ORIENTED_EDGE ( 'NONE', *, *, #493, .T. ) ;
#6259 = ORIENTED_EDGE ( 'NONE', *, *, #1851, .F. ) ;
#6260 = ORIENTED_EDGE ( 'NONE', *, *, #6928, .F. ) ;
#6261 = PLANE ( 'NONE',  #7900 ) ;
#6262 = LINE ( 'NONE', #1538, #5175 ) ;
#6263 = CIRCLE ( 'NONE', #616, 1.000000000000014655 ) ;
#6264 = PLANE ( 'NONE',  #3765 ) ;
#6265 = DIRECTION ( 'NONE',  ( -1.000000000000000000, -2.710505431213765029E-15, 0.000000000000000000 ) ) ;
#6266 = AXIS2_PLACEMENT_3D ( 'NONE', #510, #7801, #3212 ) ;
#6267 = ADVANCED_FACE ( 'NONE', ( #5493 ), #7395, .F. ) ;
#6268 = CARTESIAN_POINT ( 'NONE',  ( -0.9499999999999999556, 4.500000000000000888, 5.500000000000000000 ) ) ;
#6269 = EDGE_CURVE ( 'NONE', #1928, #2701, #8061, .T. ) ;
#6270 = ORIENTED_EDGE ( 'NONE', *, *, #21, .F. ) ;
#6271 = VECTOR ( 'NONE', #6083, 1000.000000000000114 ) ;
#6272 = ORIENTED_EDGE ( 'NONE', *, *, #7413, .T. ) ;
#6273 = ORIENTED_EDGE ( 'NONE', *, *, #549, .F. ) ;
#6274 = VECTOR ( 'NONE', #6303, 1000.000000000000227 ) ;
#6275 = DIRECTION ( 'NONE',  ( 0.000000000000000000, 0.000000000000000000, 1.000000000000000000 ) ) ;
#6276 = DIRECTION ( 'NONE',  ( 1.275531967630005245E-16, 0.000000000000000000, 1.000000000000000000 ) ) ;
#6277 = LINE ( 'NONE', #3583, #6967 ) ;
#6278 = ORIENTED_EDGE ( 'NONE', *, *, #7534, .T. ) ;
#6279 =( GEOMETRIC_REPRESENTATION_CONTEXT ( 3 ) GLOBAL_UNCERTAINTY_ASSIGNED_CONTEXT ( ( #2430 ) ) GLOBAL_UNIT_ASSIGNED_CONTEXT ( ( #7196, #432, #2460 ) ) REPRESENTATION_CONTEXT ( 'NONE', 'WORKASPACE' ) );
#6280 = CARTESIAN_POINT ( 'NONE',  ( -0.3500000000000000333, 4.500000000000000888, 4.700000000000000178 ) ) ;
#6281 = ORIENTED_EDGE ( 'NONE', *, *, #7715, .T. ) ;
#6282 = AXIS2_PLACEMENT_3D ( 'NONE', #6416, #6995, #2265 ) ;
#6283 = VECTOR ( 'NONE', #2448, 1000.000000000000000 ) ;
#6284 = DIRECTION ( 'NONE',  ( 0.000000000000000000, 0.000000000000000000, 1.000000000000000000 ) ) ;
#6285 = DIRECTION ( 'NONE',  ( 0.000000000000000000, 0.000000000000000000, 1.000000000000000000 ) ) ;
#6286 = DIRECTION ( 'NONE',  ( -1.000000000000000000, 0.000000000000000000, 0.000000000000000000 ) ) ;
#6287 = DIRECTION ( 'NONE',  ( 1.000000000000000000, -1.342665229084215866E-16, -0.000000000000000000 ) ) ;
#6288 = LINE ( 'NONE', #3688, #1358 ) ;
#6289 = ORIENTED_EDGE ( 'NONE', *, *, #8523, .F. ) ;
#6290 = EDGE_CURVE ( 'NONE', #4989, #3426, #2092, .T. ) ;
#6291 = CARTESIAN_POINT ( 'NONE',  ( -2.019422874673652224, -3.270631606750493692, -0.9949999999999993294 ) ) ;
#6292 = VECTOR ( 'NONE', #2972, 1000.000000000000000 ) ;
#6293 = PLANE ( 'NONE',  #7996 ) ;
#6294 = ORIENTED_EDGE ( 'NONE', *, *, #4367, .T. ) ;
#6295 = ORIENTED_EDGE ( 'NONE', *, *, #1049, .T. ) ;
#6296 = EDGE_CURVE ( 'NONE', #3646, #3989, #6916, .T. ) ;
#6297 = EDGE_LOOP ( 'NONE', ( #5151, #4120, #3647, #7400 ) ) ;
#6298 = ADVANCED_FACE ( 'NONE', ( #675 ), #3337, .T. ) ;
#6299 = LINE ( 'NONE', #899, #4592 ) ;
#6300 = VECTOR ( 'NONE', #4251, 1000.000000000000000 ) ;
#6301 = CARTESIAN_POINT ( 'NONE',  ( -4.450000000000000178, 0.000000000000000000, -2.400000000000000355 ) ) ;
#6302 = AXIS2_PLACEMENT_3D ( 'NONE', #2176, #4871, #4224 ) ;
#6303 = DIRECTION ( 'NONE',  ( 0.3236155771181860596, 0.8891264907159875941, -0.3236155771181853935 ) ) ;
#6304 = ADVANCED_FACE ( 'NONE', ( #8720, #6 ), #8189, .F. ) ;
#6305 = VERTEX_POINT ( 'NONE', #8148 ) ;
#6306 = DIRECTION ( 'NONE',  ( -0.000000000000000000, -1.000000000000000000, -0.000000000000000000 ) ) ;
#6307 = AXIS2_PLACEMENT_3D ( 'NONE', #6397, #3705, #2387 ) ;
#6308 = EDGE_CURVE ( 'NONE', #4756, #3547, #4785, .T. ) ;
#6309 = DIRECTION ( 'NONE',  ( -0.000000000000000000, 0.000000000000000000, -1.000000000000000000 ) ) ;
#6310 = ORIENTED_EDGE ( 'NONE', *, *, #1230, .T. ) ;
#6311 = ORIENTED_EDGE ( 'NONE', *, *, #2078, .T. ) ;
#6312 = EDGE_CURVE ( 'NONE', #630, #6226, #4929, .T. ) ;
#6313 = ORIENTED_EDGE ( 'NONE', *, *, #6844, .T. ) ;
#6314 = CARTESIAN_POINT ( 'NONE',  ( -0.9499999999999999556, 4.500000000000000888, 5.699999999999999289 ) ) ;
#6315 = ADVANCED_FACE ( 'NONE', ( #2129 ), #4820, .F. ) ;
#6316 = CARTESIAN_POINT ( 'NONE',  ( 0.09999999999999915901, -3.299999999999999822, 3.199999999999999734 ) ) ;
#6317 = CARTESIAN_POINT ( 'NONE',  ( 2.320000000000004281, 1.000000000000004441, -1.220000000000000639 ) ) ;
#6318 = PLANE ( 'NONE',  #4193 ) ;
#6319 = LINE ( 'NONE', #4287, #5286 ) ;
#6320 = VERTEX_POINT ( 'NONE', #5089 ) ;
#6321 = ORIENTED_EDGE ( 'NONE', *, *, #2523, .F. ) ;
#6322 = EDGE_LOOP ( 'NONE', ( #2217, #3427, #3044, #5103 ) ) ;
#6323 = CARTESIAN_POINT ( 'NONE',  ( -1.905000000000001359, 9.700000000000001066, 3.004999999999999893 ) ) ;
#6324 = DIRECTION ( 'NONE',  ( 0.000000000000000000, -1.000000000000000000, -0.000000000000000000 ) ) ;
#6325 = CARTESIAN_POINT ( 'NONE',  ( 3.199999999999996625, 10.30000000000000426, -5.568543856465403508 ) ) ;
#6326 = VECTOR ( 'NONE', #6081, 1000.000000000000000 ) ;
#6327 = ORIENTED_EDGE ( 'NONE', *, *, #1381, .T. ) ;
#6328 = AXIS2_PLACEMENT_3D ( 'NONE', #4040, #6060, #3371 ) ;
#6329 = CARTESIAN_POINT ( 'NONE',  ( 0.3500000000000199618, 16.40000000000000213, 5.199999999999999289 ) ) ;
#6330 = PRODUCT_CONTEXT ( 'NONE', #1232, 'mechanical' ) ;
#6331 = EDGE_LOOP ( 'NONE', ( #6791, #1457, #7383, #7527 ) ) ;
#6332 = AXIS2_PLACEMENT_3D ( 'NONE', #7927, #7792, #6605 ) ;
#6333 = DIRECTION ( 'NONE',  ( -0.000000000000000000, -1.000000000000000000, -0.000000000000000000 ) ) ;
#6334 = VECTOR ( 'NONE', #6092, 1000.000000000000000 ) ;
#6335 = CARTESIAN_POINT ( 'NONE',  ( 4.649999999999995914, 0.000000000000000000, -0.4000000000000033529 ) ) ;
#6336 = CARTESIAN_POINT ( 'NONE',  ( -4.450000000000000178, 0.5000000000000000000, -2.400000000000000355 ) ) ;
#6337 = DIRECTION ( 'NONE',  ( 6.231046968307498093E-18, 1.000000000000000000, 0.000000000000000000 ) ) ;
#6338 = CARTESIAN_POINT ( 'NONE',  ( -0.7499999999999998890, 4.500000000000000888, 5.699999999999999289 ) ) ;
#6339 = ORIENTED_EDGE ( 'NONE', *, *, #7171, .F. ) ;
#6340 = PLANE ( 'NONE',  #1105 ) ;
#6341 = CARTESIAN_POINT ( 'NONE',  ( 0.8500000000000040856, 0.2500000000000002220, 6.099999999999999645 ) ) ;
#6342 = COLOUR_RGB ( '',0.7921568627450980005, 0.8196078431372548767, 0.9333333333333333481 ) ;
#6343 = ORIENTED_EDGE ( 'NONE', *, *, #3442, .F. ) ;
#6344 = ORIENTED_EDGE ( 'NONE', *, *, #4195, .T. ) ;
#6345 = ORIENTED_EDGE ( 'NONE', *, *, #721, .F. ) ;
#6346 = PLANE ( 'NONE',  #5417 ) ;
#6347 = CARTESIAN_POINT ( 'NONE',  ( 0.9500000000000037303, 4.500000000000000888, 5.499999999999999112 ) ) ;
#6348 = DIRECTION ( 'NONE',  ( -1.000000000000000000, 0.000000000000000000, 0.000000000000000000 ) ) ;
#6349 = ORIENTED_EDGE ( 'NONE', *, *, #3375, .T. ) ;
#6350 = CARTESIAN_POINT ( 'NONE',  ( -2.399999999999996358, 16.19999999999999929, 4.600000000000000533 ) ) ;
#6351 = EDGE_CURVE ( 'NONE', #3138, #2496, #2880, .T. ) ;
#6352 = FACE_OUTER_BOUND ( 'NONE', #2627, .T. ) ;
#6353 = ORIENTED_EDGE ( 'NONE', *, *, #178, .T. ) ;
#6354 = ORIENTED_EDGE ( 'NONE', *, *, #3781, .F. ) ;
#6355 = EDGE_CURVE ( 'NONE', #6128, #1805, #228, .T. ) ;
#6356 = ORIENTED_EDGE ( 'NONE', *, *, #5887, .F. ) ;
#6357 = DIRECTION ( 'NONE',  ( 1.891050300846810506E-16, 1.000000000000000000, 0.000000000000000000 ) ) ;
#6358 = DIRECTION ( 'NONE',  ( -1.000000000000000000, 0.000000000000000000, 0.000000000000000000 ) ) ;
#6359 = ADVANCED_FACE ( 'NONE', ( #5576 ), #176, .F. ) ;
#6360 = CARTESIAN_POINT ( 'NONE',  ( 4.899999999999996803, 12.49999999999999822, 1.199999999999997291 ) ) ;
#6361 = CARTESIAN_POINT ( 'NONE',  ( -4.899999999999996803, -1.000000000000000000, -1.400000000000001465 ) ) ;
#6362 = CARTESIAN_POINT ( 'NONE',  ( -1.607973257203522355, -3.216463236979171914, -0.9949999999999993294 ) ) ;
#6363 = ORIENTED_EDGE ( 'NONE', *, *, #7566, .T. ) ;
#6364 = ORIENTED_EDGE ( 'NONE', *, *, #4971, .T. ) ;
#6365 = ORIENTED_EDGE ( 'NONE', *, *, #5274, .T. ) ;
#6366 = DIRECTION ( 'NONE',  ( -1.000000000000000000, 0.000000000000000000, -0.000000000000000000 ) ) ;
#6367 = CARTESIAN_POINT ( 'NONE',  ( -1.821610074077567291E-14, 9.095554967719976958, -1.220000000000000639 ) ) ;
#6368 = FACE_OUTER_BOUND ( 'NONE', #5042, .T. ) ;
#6369 = ADVANCED_FACE ( 'NONE', ( #7788 ), #8318, .F. ) ;
#6370 = EDGE_LOOP ( 'NONE', ( #2920, #290, #922, #378 ) ) ;
#6371 = LINE ( 'NONE', #2967, #3331 ) ;
#6372 = EDGE_LOOP ( 'NONE', ( #7855, #2386, #5687, #6313 ) ) ;
#6373 = DIRECTION ( 'NONE',  ( -6.938893903907229364E-16, 0.000000000000000000, -1.000000000000000000 ) ) ;
#6374 = CARTESIAN_POINT ( 'NONE',  ( 1.599999999999992983, 14.00000000000000000, -10.70000000000000107 ) ) ;
#6375 = DIRECTION ( 'NONE',  ( 1.694065894508601270E-15, -0.000000000000000000, 1.000000000000000000 ) ) ;
#6376 = DIRECTION ( 'NONE',  ( 0.9914448613738103822, 0.1305261922200516844, 0.000000000000000000 ) ) ;
#6377 = LINE ( 'NONE', #7619, #4883 ) ;
#6378 = VERTEX_POINT ( 'NONE', #5710 ) ;
#6379 = CARTESIAN_POINT ( 'NONE',  ( 2.499999999999994671, 4.900000000000000355, 4.200000000000000178 ) ) ;
#6380 = CARTESIAN_POINT ( 'NONE',  ( 1.679999999999999938, -0.6149999999999999911, 3.419999999999999485 ) ) ;
#6381 = ADVANCED_FACE ( 'NONE', ( #8277 ), #5752, .F. ) ;
#6382 = ORIENTED_EDGE ( 'NONE', *, *, #4416, .T. ) ;
#6383 = ORIENTED_EDGE ( 'NONE', *, *, #2032, .T. ) ;
#6384 = EDGE_CURVE ( 'NONE', #4268, #5588, #5626, .T. ) ;
#6385 = VERTEX_POINT ( 'NONE', #7001 ) ;
#6386 = CARTESIAN_POINT ( 'NONE',  ( 0.000000000000000000, 9.081817580622704611, 2.779999999999999361 ) ) ;
#6387 = CIRCLE ( 'NONE', #2855, 0.2500000000000002220 ) ;
#6388 = CARTESIAN_POINT ( 'NONE',  ( -0.3199999999999939004, 1.000000000000000000, -0.3999999999999998002 ) ) ;
#6389 = ORIENTED_EDGE ( 'NONE', *, *, #3525, .F. ) ;
#6390 = DIRECTION ( 'NONE',  ( -0.000000000000000000, -1.000000000000000000, -0.000000000000000000 ) ) ;
#6391 = AXIS2_PLACEMENT_3D ( 'NONE', #5264, #3959, #3995 ) ;
#6392 = ORIENTED_EDGE ( 'NONE', *, *, #6150, .T. ) ;
#6393 = ORIENTED_EDGE ( 'NONE', *, *, #5158, .T. ) ;
#6394 = ORIENTED_EDGE ( 'NONE', *, *, #8622, .T. ) ;
#6395 = ORIENTED_EDGE ( 'NONE', *, *, #7591, .T. ) ;
#6396 = EDGE_CURVE ( 'NONE', #447, #7586, #2224, .T. ) ;
#6397 = CARTESIAN_POINT ( 'NONE',  ( 2.535381069091584560, -1.075331984002939167, -1.220000000000000639 ) ) ;
#6398 = CARTESIAN_POINT ( 'NONE',  ( 1.680000000000006599, 9.699999999999995737, -0.8050000000000010481 ) ) ;
#6399 = AXIS2_PLACEMENT_3D ( 'NONE', #4292, #6324, #7478 ) ;
#6400 = EDGE_CURVE ( 'NONE', #2909, #3373, #5667, .T. ) ;
#6401 = EDGE_CURVE ( 'NONE', #5799, #2732, #4915, .T. ) ;
#6402 = UNCERTAINTY_MEASURE_WITH_UNIT (LENGTH_MEASURE( 1.000000000000000082E-05 ), #5044, 'distance_accuracy_value', 'NONE');
#6403 = CARTESIAN_POINT ( 'NONE',  ( -0.3200000000000008948, -3.299999999999999378, 2.779999999999999361 ) ) ;
#6404 = ORIENTED_EDGE ( 'NONE', *, *, #1608, .F. ) ;
#6405 = ORIENTED_EDGE ( 'NONE', *, *, #5168, .T. ) ;
#6406 = EDGE_CURVE ( 'NONE', #3693, #698, #849, .T. ) ;
#6407 = DIRECTION ( 'NONE',  ( 0.000000000000000000, 0.000000000000000000, -1.000000000000000000 ) ) ;
#6408 = EDGE_CURVE ( 'NONE', #904, #1563, #1018, .T. ) ;
#6409 = VECTOR ( 'NONE', #5938, 1000.000000000000000 ) ;
#6410 = CARTESIAN_POINT ( 'NONE',  ( 1.599999999999995204, 10.30000000000000249, -6.400000000000001243 ) ) ;
#6411 = CARTESIAN_POINT ( 'NONE',  ( 3.199999999999996625, 10.27817560890313331, -5.568543856465402619 ) ) ;
#6412 = AXIS2_PLACEMENT_3D ( 'NONE', #5451, #9, #1968 ) ;
#6413 = VERTEX_POINT ( 'NONE', #1602 ) ;
#6414 = EDGE_CURVE ( 'NONE', #7769, #8236, #2363, .T. ) ;
#6415 = VECTOR ( 'NONE', #3566, 1000.000000000000000 ) ;
#6416 = CARTESIAN_POINT ( 'NONE',  ( -2.399999999999996358, 4.900000000000000355, 4.600000000000000533 ) ) ;
#6417 = AXIS2_PLACEMENT_3D ( 'NONE', #4108, #4233, #5547 ) ;
#6418 = VECTOR ( 'NONE', #4880, 1000.000000000000000 ) ;
#6419 = EDGE_CURVE ( 'NONE', #7769, #7163, #1559, .T. ) ;
#6420 = DIRECTION ( 'NONE',  ( -7.709882115452477180E-16, 0.000000000000000000, -1.000000000000000000 ) ) ;
#6421 = STYLED_ITEM ( 'NONE', ( #1804 ), #5250 ) ;
#6422 = DIRECTION ( 'NONE',  ( -0.000000000000000000, -1.000000000000000000, -0.000000000000000000 ) ) ;
#6423 = FACE_OUTER_BOUND ( 'NONE', #3917, .T. ) ;
#6424 = EDGE_CURVE ( 'NONE', #7952, #6809, #6239, .T. ) ;
#6425 = CARTESIAN_POINT ( 'NONE',  ( 1.150000000000008127, 0.1035533905932775889, 6.100000000000004086 ) ) ;
#6426 = DIRECTION ( 'NONE',  ( 1.000000000000000000, 0.000000000000000000, -0.000000000000000000 ) ) ;
#6427 = DIRECTION ( 'NONE',  ( -0.4226182617407035491, 0.000000000000000000, 0.9063077870366481603 ) ) ;
#6428 = DIRECTION ( 'NONE',  ( -7.228014483236698528E-16, 0.000000000000000000, -1.000000000000000000 ) ) ;
#6429 = PRODUCT_DEFINITION_FORMATION_WITH_SPECIFIED_SOURCE ( 'ANY', '', #5645, .NOT_KNOWN. ) ;
#6430 = AXIS2_PLACEMENT_3D ( 'NONE', #1960, #3249, #7355 ) ;
#6431 = ORIENTED_EDGE ( 'NONE', *, *, #2569, .F. ) ;
#6432 = VERTEX_POINT ( 'NONE', #8362 ) ;
#6433 = ORIENTED_EDGE ( 'NONE', *, *, #6747, .T. ) ;
#6434 = LINE ( 'NONE', #2984, #7675 ) ;
#6435 =( NAMED_UNIT ( * ) SI_UNIT ( $, .STERADIAN. ) SOLID_ANGLE_UNIT ( ) );
#6436 = FACE_OUTER_BOUND ( 'NONE', #8239, .T. ) ;
#6437 = AXIS2_PLACEMENT_3D ( 'NONE', #1778, #7216, #2614 ) ;
#6438 = VECTOR ( 'NONE', #4350, 1000.000000000000114 ) ;
#6439 = DIRECTION ( 'NONE',  ( 1.000000000000000000, -0.000000000000000000, 1.275531967630005245E-16 ) ) ;
#6440 = VERTEX_POINT ( 'NONE', #4261 ) ;
#6441 = CARTESIAN_POINT ( 'NONE',  ( 1.680000000000006599, 4.500000000000003553, -0.5800000000000006262 ) ) ;
#6442 = PRESENTATION_STYLE_ASSIGNMENT (( #3840 ) ) ;
#6443 = EDGE_LOOP ( 'NONE', ( #2138, #5096, #4831 ) ) ;
#6444 = ORIENTED_EDGE ( 'NONE', *, *, #138, .F. ) ;
#6445 = EDGE_LOOP ( 'NONE', ( #3169, #3218, #3157, #7393 ) ) ;
#6446 = VECTOR ( 'NONE', #5083, 1000.000000000000114 ) ;
#6447 = AXIS2_PLACEMENT_3D ( 'NONE', #545, #3533, #736 ) ;
#6448 = DIRECTION ( 'NONE',  ( 0.000000000000000000, 0.000000000000000000, -1.000000000000000000 ) ) ;
#6449 = PLANE ( 'NONE',  #8280 ) ;
#6450 = DIRECTION ( 'NONE',  ( 0.000000000000000000, 1.000000000000000000, 0.000000000000000000 ) ) ;
#6451 = VECTOR ( 'NONE', #341, 1000.000000000000114 ) ;
#6452 = DIRECTION ( 'NONE',  ( 1.000000000000000000, 0.000000000000000000, 0.000000000000000000 ) ) ;
#6453 = AXIS2_PLACEMENT_3D ( 'NONE', #3056, #268, #3718 ) ;
#6454 = AXIS2_PLACEMENT_3D ( 'NONE', #5818, #2474, #7338 ) ;
#6455 = DIRECTION ( 'NONE',  ( 0.000000000000000000, 0.000000000000000000, 1.000000000000000000 ) ) ;
#6456 = ORIENTED_EDGE ( 'NONE', *, *, #7767, .T. ) ;
#6457 = VERTEX_POINT ( 'NONE', #886 ) ;
#6458 = CARTESIAN_POINT ( 'NONE',  ( -0.3199999999999985634, 9.095554967719978734, 2.779999999999999361 ) ) ;
#6459 = DIRECTION ( 'NONE',  ( 0.000000000000000000, 1.000000000000000000, 0.000000000000000000 ) ) ;
#6460 = DIRECTION ( 'NONE',  ( -1.000000000000000000, 0.000000000000000000, 3.237977472417976089E-15 ) ) ;
#6461 = VERTEX_POINT ( 'NONE', #6335 ) ;
#6462 = DIRECTION ( 'NONE',  ( 0.9914448613738103822, -0.1305261922200516844, 0.000000000000000000 ) ) ;
#6463 = EDGE_CURVE ( 'NONE', #8732, #6232, #2198, .T. ) ;
#6464 = LINE ( 'NONE', #5129, #8583 ) ;
#6465 = ADVANCED_FACE ( 'NONE', ( #2312 ), #3638, .T. ) ;
#6466 = DIRECTION ( 'NONE',  ( 1.000000000000000000, 0.000000000000000000, -2.040851148207998532E-15 ) ) ;
#6467 = DIRECTION ( 'NONE',  ( 0.000000000000000000, -1.000000000000000000, 0.000000000000000000 ) ) ;
#6468 = LINE ( 'NONE', #5133, #1470 ) ;
#6469 = CIRCLE ( 'NONE', #2090, 2.500000000000000888 ) ;
#6470 = FACE_OUTER_BOUND ( 'NONE', #6691, .T. ) ;
#6471 = EDGE_CURVE ( 'NONE', #1220, #924, #4567, .T. ) ;
#6472 = FACE_OUTER_BOUND ( 'NONE', #5440, .T. ) ;
#6473 = FACE_OUTER_BOUND ( 'NONE', #3869, .T. ) ;
#6474 = AXIS2_PLACEMENT_3D ( 'NONE', #4828, #5370, #8196 ) ;
#6475 = EDGE_CURVE ( 'NONE', #2104, #1917, #7833, .T. ) ;
#6476 = VERTEX_POINT ( 'NONE', #2534 ) ;
#6477 = ORIENTED_EDGE ( 'NONE', *, *, #8108, .F. ) ;
#6478 = EDGE_LOOP ( 'NONE', ( #7368, #7226, #4347, #5230, #7251, #1251 ) ) ;
#6479 = CIRCLE ( 'NONE', #7750, 2.499999999999999556 ) ;
#6480 = DIRECTION ( 'NONE',  ( 0.000000000000000000, 0.000000000000000000, 1.000000000000000000 ) ) ;
#6481 = CARTESIAN_POINT ( 'NONE',  ( 0.1000000000000012129, 9.700000000000001066, 3.200000000000000622 ) ) ;
#6482 = DIRECTION ( 'NONE',  ( -1.000000000000000000, 0.000000000000000000, 5.981805089575213947E-16 ) ) ;
#6483 = DIRECTION ( 'NONE',  ( 0.000000000000000000, 0.000000000000000000, -1.000000000000000000 ) ) ;
#6484 = ORIENTED_EDGE ( 'NONE', *, *, #2077, .F. ) ;
#6485 = VECTOR ( 'NONE', #2820, 1000.000000000000000 ) ;
#6486 = CARTESIAN_POINT ( 'NONE',  ( 2.399999999999994138, 16.60000000000000142, -3.200000000000001066 ) ) ;
#6487 = ORIENTED_EDGE ( 'NONE', *, *, #7388, .F. ) ;
#6488 = ORIENTED_EDGE ( 'NONE', *, *, #5488, .T. ) ;
#6489 = ORIENTED_EDGE ( 'NONE', *, *, #2301, .F. ) ;
#6490 = VECTOR ( 'NONE', #5365, 1000.000000000000000 ) ;
#6491 = ORIENTED_EDGE ( 'NONE', *, *, #7014, .T. ) ;
#6492 = CARTESIAN_POINT ( 'NONE',  ( 4.899999999999996803, 0.2500000000000002220, -0.4000000000000031308 ) ) ;
#6493 = CARTESIAN_POINT ( 'NONE',  ( 2.099999999999996092, 10.30000000000000249, -5.700000000000000178 ) ) ;
#6494 = CARTESIAN_POINT ( 'NONE',  ( 2.319999999999998064, 9.081817580622704611, 3.419999999999999485 ) ) ;
#6495 = UNCERTAINTY_MEASURE_WITH_UNIT (LENGTH_MEASURE( 1.000000000000000082E-05 ), #3700, 'distance_accuracy_value', 'NONE');
#6496 = CARTESIAN_POINT ( 'NONE',  ( 2.399999999999996358, 4.900000000000000355, 4.600000000000000533 ) ) ;
#6497 = VERTEX_POINT ( 'NONE', #5130 ) ;
#6498 = VERTEX_POINT ( 'NONE', #7262 ) ;
#6499 = ORIENTED_EDGE ( 'NONE', *, *, #7705, .F. ) ;
#6500 = DIRECTION ( 'NONE',  ( 0.9396926207859099822, -0.3420201433256644385, 0.000000000000000000 ) ) ;
#6501 = LINE ( 'NONE', #7823, #328 ) ;
#6502 = DIRECTION ( 'NONE',  ( 1.000000000000000000, -0.000000000000000000, -5.981805089575213947E-16 ) ) ;
#6503 = ORIENTED_EDGE ( 'NONE', *, *, #3633, .T. ) ;
#6504 = CARTESIAN_POINT ( 'NONE',  ( 0.3200000000000002842, -2.695554967719985928, 2.779999999999999361 ) ) ;
#6505 = LINE ( 'NONE', #2441, #8718 ) ;
#6506 = CARTESIAN_POINT ( 'NONE',  ( 1.060107702553478415, 8.763068312314702624, -5.100000000000003197 ) ) ;
#6507 = LINE ( 'NONE', #8407, #2305 ) ;
#6508 = ADVANCED_FACE ( 'NONE', ( #7882 ), #1245, .F. ) ;
#6509 = PLANE ( 'NONE',  #7154 ) ;
#6510 = LINE ( 'NONE', #3073, #4509 ) ;
#6511 = FACE_OUTER_BOUND ( 'NONE', #115, .T. ) ;
#6512 = EDGE_CURVE ( 'NONE', #6226, #3076, #5583, .T. ) ;
#6513 = ADVANCED_FACE ( 'NONE', ( #1782 ), #450, .F. ) ;
#6514 = ORIENTED_EDGE ( 'NONE', *, *, #6638, .T. ) ;
#6515 = VERTEX_POINT ( 'NONE', #7311 ) ;
#6516 = VERTEX_POINT ( 'NONE', #4487 ) ;
#6517 = EDGE_CURVE ( 'NONE', #6177, #1280, #6551, .T. ) ;
#6518 = LINE ( 'NONE', #3966, #4993 ) ;
#6519 = CARTESIAN_POINT ( 'NONE',  ( 1.680000000000001048, 9.081817580622704611, 3.419999999999999485 ) ) ;
#6520 = CARTESIAN_POINT ( 'NONE',  ( 2.926102086823046289, 9.839987186201700098, -5.645972555209047172 ) ) ;
#6521 = CARTESIAN_POINT ( 'NONE',  ( -4.649999999999995914, -4.813720809482808102E-15, -2.803112887414931365 ) ) ;
#6522 = CARTESIAN_POINT ( 'NONE',  ( 0.1000000000000012129, 9.700000000000001066, 2.779999999999999361 ) ) ;
#6523 = VERTEX_POINT ( 'NONE', #8581 ) ;
#6524 = CARTESIAN_POINT ( 'NONE',  ( -1.831048351012637410, -3.245831630228678044, 2.779999999999999361 ) ) ;
#6525 = DIRECTION ( 'NONE',  ( -1.000000000000000000, 0.000000000000000000, -0.000000000000000000 ) ) ;
#6526 = ORIENTED_EDGE ( 'NONE', *, *, #4172, .F. ) ;
#6527 = ORIENTED_EDGE ( 'NONE', *, *, #7599, .T. ) ;
#6528 = ORIENTED_EDGE ( 'NONE', *, *, #6584, .F. ) ;
#6529 = VECTOR ( 'NONE', #7371, 1000.000000000000000 ) ;
#6530 = ADVANCED_FACE ( 'NONE', ( #4614 ), #8624, .F. ) ;
#6531 = LINE ( 'NONE', #5862, #8399 ) ;
#6532 = DIRECTION ( 'NONE',  ( 0.000000000000000000, -0.000000000000000000, 1.000000000000000000 ) ) ;
#6533 = CARTESIAN_POINT ( 'NONE',  ( 1.960746827647626311, -3.383347244368833717, -0.8484617223277193254 ) ) ;
#6534 = PLANE ( 'NONE',  #6874 ) ;
#6535 = CARTESIAN_POINT ( 'NONE',  ( 2.319999999999999396, -0.4992691472256616803, 3.419999999999999485 ) ) ;
#6536 = ORIENTED_EDGE ( 'NONE', *, *, #3822, .T. ) ;
#6537 = AXIS2_PLACEMENT_3D ( 'NONE', #2631, #5325, #8026 ) ;
#6538 = EDGE_LOOP ( 'NONE', ( #6588, #3983, #6866, #1366 ) ) ;
#6539 = AXIS2_PLACEMENT_3D ( 'NONE', #2545, #3122, #3874 ) ;
#6540 = ORIENTED_EDGE ( 'NONE', *, *, #4417, .F. ) ;
#6541 = LINE ( 'NONE', #5213, #8041 ) ;
#6542 = VECTOR ( 'NONE', #6467, 1000.000000000000000 ) ;
#6543 = FACE_OUTER_BOUND ( 'NONE', #945, .T. ) ;
#6544 = CARTESIAN_POINT ( 'NONE',  ( 0.1000000000000055983, -3.300000000000005596, -1.000000000000000888 ) ) ;
#6545 = ADVANCED_FACE ( 'NONE', ( #2488 ), #7964, .F. ) ;
#6546 = VERTEX_POINT ( 'NONE', #5833 ) ;
#6547 = ADVANCED_FACE ( 'NONE', ( #7923 ), #1867, .T. ) ;
#6548 = DIRECTION ( 'NONE',  ( -0.000000000000000000, -0.000000000000000000, 1.000000000000000000 ) ) ;
#6549 = LINE ( 'NONE', #3197, #2388 ) ;
#6550 = AXIS2_PLACEMENT_3D ( 'NONE', #7191, #1130, #463 ) ;
#6551 = LINE ( 'NONE', #2442, #3332 ) ;
#6552 = FACE_OUTER_BOUND ( 'NONE', #3415, .T. ) ;
#6553 = DIRECTION ( 'NONE',  ( 1.000000000000000000, 0.000000000000000000, -1.734723475976807094E-15 ) ) ;
#6554 = VECTOR ( 'NONE', #4970, 1000.000000000000000 ) ;
#6555 = FACE_OUTER_BOUND ( 'NONE', #1384, .T. ) ;
#6556 = DIRECTION ( 'NONE',  ( 0.9914448613738103822, 0.1305261922200516289, 0.000000000000000000 ) ) ;
#6557 = AXIS2_PLACEMENT_3D ( 'NONE', #1784, #5795, #4490 ) ;
#6558 = EDGE_LOOP ( 'NONE', ( #6806, #245, #7252, #6912, #4755 ) ) ;
#6559 = ORIENTED_EDGE ( 'NONE', *, *, #3549, .F. ) ;
#6560 = ORIENTED_EDGE ( 'NONE', *, *, #7734, .F. ) ;
#6561 = VECTOR ( 'NONE', #5783, 1000.000000000000000 ) ;
#6562 = CARTESIAN_POINT ( 'NONE',  ( -2.599999999999999201, 16.40000000000000213, -5.089444362769117269 ) ) ;
#6563 = CARTESIAN_POINT ( 'NONE',  ( -2.019422874673658885, -3.270631606750487919, 3.005000000000000782 ) ) ;
#6564 = SURFACE_STYLE_FILL_AREA ( #3161 ) ;
#6565 = DIRECTION ( 'NONE',  ( 0.000000000000000000, -1.000000000000000000, -0.000000000000000000 ) ) ;
#6566 = DIRECTION ( 'NONE',  ( 0.000000000000000000, 1.000000000000000000, 0.000000000000000000 ) ) ;
#6567 = ORIENTED_EDGE ( 'NONE', *, *, #6579, .F. ) ;
#6568 = FACE_OUTER_BOUND ( 'NONE', #5565, .T. ) ;
#6569 = VERTEX_POINT ( 'NONE', #1669 ) ;
#6570 = CARTESIAN_POINT ( 'NONE',  ( 1.680000000000006377, -0.6150000000000054312, -0.5800000000000006262 ) ) ;
#6571 = VERTEX_POINT ( 'NONE', #3818 ) ;
#6572 = ORIENTED_EDGE ( 'NONE', *, *, #8076, .F. ) ;
#6573 = AXIS2_PLACEMENT_3D ( 'NONE', #3393, #2813, #2722 ) ;
#6574 = EDGE_CURVE ( 'NONE', #6385, #630, #1152, .T. ) ;
#6575 = ORIENTED_EDGE ( 'NONE', *, *, #6099, .T. ) ;
#6576 = AXIS2_PLACEMENT_3D ( 'NONE', #4727, #3535, #1406 ) ;
#6577 = AXIS2_PLACEMENT_3D ( 'NONE', #7095, #4695, #1120 ) ;
#6578 = FACE_OUTER_BOUND ( 'NONE', #7728, .T. ) ;
#6579 = EDGE_CURVE ( 'NONE', #2765, #5022, #2908, .T. ) ;
#6580 = CARTESIAN_POINT ( 'NONE',  ( -0.09999999999999625855, 9.699999999999993960, -1.220000000000000639 ) ) ;
#6581 = DIRECTION ( 'NONE',  ( -0.000000000000000000, -1.000000000000000000, -0.000000000000000000 ) ) ;
#6582 = CARTESIAN_POINT ( 'NONE',  ( -2.535381069091571682, -1.075331984002939167, -1.220000000000000639 ) ) ;
#6583 = EDGE_CURVE ( 'NONE', #2990, #4648, #494, .T. ) ;
#6584 = EDGE_CURVE ( 'NONE', #2496, #8732, #2572, .T. ) ;
#6585 = UNCERTAINTY_MEASURE_WITH_UNIT (LENGTH_MEASURE( 1.000000000000000082E-05 ), #1616, 'distance_accuracy_value', 'NONE');
#6586 = AXIS2_PLACEMENT_3D ( 'NONE', #130, #3453, #2123 ) ;
#6587 = FACE_OUTER_BOUND ( 'NONE', #4878, .T. ) ;
#6588 = ORIENTED_EDGE ( 'NONE', *, *, #5716, .T. ) ;
#6589 = EDGE_LOOP ( 'NONE', ( #7603, #8328, #6572, #6206 ) ) ;
#6590 = EDGE_CURVE ( 'NONE', #1451, #5746, #5926, .T. ) ;
#6591 = ORIENTED_EDGE ( 'NONE', *, *, #8523, .T. ) ;
#6592 = CARTESIAN_POINT ( 'NONE',  ( 2.535381069091584560, -1.075331984002939167, -1.220000000000000639 ) ) ;
#6593 = VECTOR ( 'NONE', #1044, 1000.000000000000000 ) ;
#6594 = DIRECTION ( 'NONE',  ( -0.3502073812594686530, -0.9366721892483971246, 0.000000000000000000 ) ) ;
#6595 = CARTESIAN_POINT ( 'NONE',  ( 2.320000000000006057, -0.4992691472256670648, -0.5800000000000006262 ) ) ;
#6596 = VECTOR ( 'NONE', #683, 1000.000000000000000 ) ;
#6597 = VECTOR ( 'NONE', #891, 1000.000000000000000 ) ;
#6598 = ORIENTED_EDGE ( 'NONE', *, *, #637, .F. ) ;
#6599 = LINE ( 'NONE', #1865, #8122 ) ;
#6600 = VERTEX_POINT ( 'NONE', #1069 ) ;
#6601 = PLANE ( 'NONE',  #7328 ) ;
#6602 = DIRECTION ( 'NONE',  ( 0.000000000000000000, -0.000000000000000000, 1.000000000000000000 ) ) ;
#6603 = DIRECTION ( 'NONE',  ( -1.000000000000000000, 0.000000000000000000, -3.811648262644353104E-15 ) ) ;
#6604 = DIRECTION ( 'NONE',  ( -1.000000000000000000, 0.000000000000000000, 0.000000000000000000 ) ) ;
#6605 = DIRECTION ( 'NONE',  ( -1.000000000000000000, 0.000000000000000000, -0.000000000000000000 ) ) ;
#6606 = DIRECTION ( 'NONE',  ( 0.000000000000000000, 0.000000000000000000, -1.000000000000000000 ) ) ;
#6607 = VERTEX_POINT ( 'NONE', #3776 ) ;
#6608 = VERTEX_POINT ( 'NONE', #411 ) ;
#6609 = CARTESIAN_POINT ( 'NONE',  ( -1.831048351012637410, -3.245831630228678044, 3.005000000000000782 ) ) ;
#6610 = LINE ( 'NONE', #1965, #7341 ) ;
#6611 = PLANE ( 'NONE',  #8386 ) ;
#6612 = CARTESIAN_POINT ( 'NONE',  ( -4.899999999999996803, 0.2500000000000002220, -0.3999999999999998002 ) ) ;
#6613 = VECTOR ( 'NONE', #4406, 1000.000000000000000 ) ;
#6614 = ORIENTED_EDGE ( 'NONE', *, *, #5266, .T. ) ;
#6615 = CARTESIAN_POINT ( 'NONE',  ( -1.680000000000000160, 9.081817580622701058, 2.779999999999999361 ) ) ;
#6616 = LINE ( 'NONE', #8641, #2773 ) ;
#6617 = VECTOR ( 'NONE', #885, 1000.000000000000000 ) ;
#6618 = ORIENTED_EDGE ( 'NONE', *, *, #186, .T. ) ;
#6619 = VERTEX_POINT ( 'NONE', #8492 ) ;
#6620 = EDGE_LOOP ( 'NONE', ( #5761, #3632, #7069, #481 ) ) ;
#6621 = AXIS2_PLACEMENT_3D ( 'NONE', #2229, #1564, #7181 ) ;
#6622 = ORIENTED_EDGE ( 'NONE', *, *, #2261, .F. ) ;
#6623 = FACE_OUTER_BOUND ( 'NONE', #2128, .T. ) ;
#6625 = CARTESIAN_POINT ( 'NONE',  ( -2.399999999999995914, 4.500000000000000888, 5.500000000000000888 ) ) ;
#6624 = CIRCLE ( 'NONE', #4228, 1.000000000000014655 ) ;
#6626 = ADVANCED_FACE ( 'NONE', ( #6683 ), #3994, .T. ) ;
#6627 = CARTESIAN_POINT ( 'NONE',  ( -2.399999999999996358, 28.50378091196238373, 5.500000000000000888 ) ) ;
#6628 = CARTESIAN_POINT ( 'NONE',  ( -0.3200000000000000067, 9.095554967719980510, 2.779999999999999361 ) ) ;
#6629 = EDGE_CURVE ( 'NONE', #4795, #332, #2079, .T. ) ;
#6630 = EDGE_CURVE ( 'NONE', #6476, #8195, #7510, .T. ) ;
#6631 = COLOUR_RGB ( '',1.000000000000000000, 0.5490196078431373028, 0.000000000000000000 ) ;
#6632 = ORIENTED_EDGE ( 'NONE', *, *, #8626, .F. ) ;
#6633 = ORIENTED_EDGE ( 'NONE', *, *, #3764, .F. ) ;
#6634 = DIRECTION ( 'NONE',  ( -3.811648262644353104E-15, 0.000000000000000000, 1.000000000000000000 ) ) ;
#6635 = EDGE_CURVE ( 'NONE', #1091, #3702, #7430, .T. ) ;
#6636 = LINE ( 'NONE', #1277, #5551 ) ;
#6637 = CIRCLE ( 'NONE', #3645, 0.9999999999999995559 ) ;
#6638 = EDGE_CURVE ( 'NONE', #1951, #3604, #3500, .T. ) ;
#6639 = CARTESIAN_POINT ( 'NONE',  ( -2.599999999999999201, 11.00000000000000000, -4.499999999999998224 ) ) ;
#6640 = VERTEX_POINT ( 'NONE', #2703 ) ;
#6641 = CARTESIAN_POINT ( 'NONE',  ( 1.688662254502232285, -2.603569453895926422, -1.220000000000000639 ) ) ;
#6642 = CARTESIAN_POINT ( 'NONE',  ( 2.369999999999996554, 10.30000000000000249, -5.570000000000002061 ) ) ;
#6643 = EDGE_CURVE ( 'NONE', #3241, #2287, #1993, .T. ) ;
#6644 = CARTESIAN_POINT ( 'NONE',  ( 2.499999999999994671, 4.900000000000000355, 3.700000000000000622 ) ) ;
#6645 = FACE_OUTER_BOUND ( 'NONE', #3747, .T. ) ;
#6646 = PLANE ( 'NONE',  #5171 ) ;
#6647 = LINE ( 'NONE', #8092, #7179 ) ;
#6648 = DIRECTION ( 'NONE',  ( 0.000000000000000000, 0.000000000000000000, 1.000000000000000000 ) ) ;
#6649 = ORIENTED_EDGE ( 'NONE', *, *, #5877, .F. ) ;
#6650 = EDGE_LOOP ( 'NONE', ( #158, #6560, #3017, #3933 ) ) ;
#6651 = DIRECTION ( 'NONE',  ( 0.000000000000000000, 0.000000000000000000, -1.000000000000000000 ) ) ;
#6652 = CARTESIAN_POINT ( 'NONE',  ( -1.688662254502225846, -2.603569453895921093, 3.419999999999999485 ) ) ;
#6653 = CARTESIAN_POINT ( 'NONE',  ( 4.610871304097620119E-15, -2.695554967719991257, -1.220000000000000639 ) ) ;
#6654 = CARTESIAN_POINT ( 'NONE',  ( 1.680000000000006599, 0.9999999999999945599, -1.220000000000000639 ) ) ;
#6655 = LINE ( 'NONE', #8684, #3732 ) ;
#6656 = ORIENTED_EDGE ( 'NONE', *, *, #6953, .T. ) ;
#6657 = ADVANCED_FACE ( 'NONE', ( #744 ), #8178, .F. ) ;
#6658 = DIRECTION ( 'NONE',  ( -6.776263578034403699E-16, 0.000000000000000000, -1.000000000000000000 ) ) ;
#6659 = DIRECTION ( 'NONE',  ( 6.231046968307497323E-18, 1.000000000000000000, -0.000000000000000000 ) ) ;
#6660 = ADVANCED_FACE ( 'NONE', ( #2745, #6729, #3324, #2828 ), #8711, .F. ) ;
#6661 = ORIENTED_EDGE ( 'NONE', *, *, #4149, .F. ) ;
#6662 = ORIENTED_EDGE ( 'NONE', *, *, #6201, .F. ) ;
#6663 = ORIENTED_EDGE ( 'NONE', *, *, #2632, .T. ) ;
#6664 = DIRECTION ( 'NONE',  ( -0.3236155771181807861, -0.8891264907159902586, -0.3236155771181835061 ) ) ;
#6665 = CARTESIAN_POINT ( 'NONE',  ( -2.370000000000000995, 16.60000000000000142, -6.400000000000000355 ) ) ;
#6666 = DIRECTION ( 'NONE',  ( -0.4369012962294799296, -0.8392795813073637978, -0.3236155771181855600 ) ) ;
#6667 = DIRECTION ( 'NONE',  ( -0.000000000000000000, 1.000000000000000000, -0.000000000000000000 ) ) ;
#6668 = CARTESIAN_POINT ( 'NONE',  ( 6.437450399132683366E-15, 9.081817580622699282, -1.220000000000000639 ) ) ;
#6669 = ORIENTED_EDGE ( 'NONE', *, *, #5387, .F. ) ;
#6670 = ORIENTED_EDGE ( 'NONE', *, *, #4646, .F. ) ;
#6671 = FACE_OUTER_BOUND ( 'NONE', #137, .T. ) ;
#6672 = FACE_OUTER_BOUND ( 'NONE', #5140, .T. ) ;
#6673 = CARTESIAN_POINT ( 'NONE',  ( 2.319999999999997620, 1.000000000000000000, 3.600000000000000533 ) ) ;
#6674 = VECTOR ( 'NONE', #4838, 1000.000000000000114 ) ;
#6675 = EDGE_CURVE ( 'NONE', #6001, #3119, #3369, .T. ) ;
#6676 = VERTEX_POINT ( 'NONE', #2035 ) ;
#6677 = CARTESIAN_POINT ( 'NONE',  ( -2.599999999999999201, 16.26654944276626225, -4.247717637714894856 ) ) ;
#6678 = ADVANCED_FACE ( 'NONE', ( #1368 ), #6190, .F. ) ;
#6679 = ORIENTED_EDGE ( 'NONE', *, *, #796, .F. ) ;
#6680 = AXIS2_PLACEMENT_3D ( 'NONE', #1651, #806, #3639 ) ;
#6681 = EDGE_CURVE ( 'NONE', #6932, #994, #705, .T. ) ;
#6682 = LINE ( 'NONE', #8017, #1107 ) ;
#6683 = FACE_OUTER_BOUND ( 'NONE', #1135, .T. ) ;
#6684 = DIRECTION ( 'NONE',  ( 0.000000000000000000, 0.000000000000000000, -1.000000000000000000 ) ) ;
#6685 = EDGE_CURVE ( 'NONE', #7013, #7659, #3755, .T. ) ;
#6686 = CARTESIAN_POINT ( 'NONE',  ( 2.319999999999998064, 16.60000000000000142, 2.779999999999999361 ) ) ;
#6687 = AXIS2_PLACEMENT_3D ( 'NONE', #2563, #7255, #6003 ) ;
#6688 = CARTESIAN_POINT ( 'NONE',  ( 3.400000000000010569, 16.40000000000000213, 3.599999999999988098 ) ) ;
#6689 = EDGE_CURVE ( 'NONE', #4763, #5110, #8054, .T. ) ;
#6690 = ORIENTED_EDGE ( 'NONE', *, *, #196, .T. ) ;
#6691 = EDGE_LOOP ( 'NONE', ( #2209, #5200, #1264, #2066 ) ) ;
#6692 = EDGE_CURVE ( 'NONE', #5141, #398, #6773, .T. ) ;
#6693 = DIRECTION ( 'NONE',  ( 0.000000000000000000, -1.000000000000000000, 0.000000000000000000 ) ) ;
#6694 = FILL_AREA_STYLE_COLOUR ( '', #6631 ) ;
#6695 = CARTESIAN_POINT ( 'NONE',  ( 2.599999999999982769, 8.241961640772636599, -4.179795897113279146 ) ) ;
#6696 = VECTOR ( 'NONE', #5100, 999.9999999999998863 ) ;
#6697 = DIRECTION ( 'NONE',  ( -3.836157981375497286E-15, 0.000000000000000000, -1.000000000000000000 ) ) ;
#6698 = DIRECTION ( 'NONE',  ( -0.000000000000000000, 1.000000000000000000, -0.000000000000000000 ) ) ;
#6699 = ORIENTED_EDGE ( 'NONE', *, *, #5701, .T. ) ;
#6700 = VECTOR ( 'NONE', #3876, 1000.000000000000114 ) ;
#6701 = DIRECTION ( 'NONE',  ( -0.000000000000000000, 0.000000000000000000, -1.000000000000000000 ) ) ;
#6702 = LINE ( 'NONE', #1972, #4748 ) ;
#6703 = AXIS2_PLACEMENT_3D ( 'NONE', #7021, #2989, #2331 ) ;
#6704 = FILL_AREA_STYLE ('',( #5333 ) ) ;
#6705 = ORIENTED_EDGE ( 'NONE', *, *, #8139, .F. ) ;
#6706 = ORIENTED_EDGE ( 'NONE', *, *, #4407, .T. ) ;
#6707 = AXIS2_PLACEMENT_3D ( 'NONE', #8291, #3564, #4189 ) ;
#6708 = ORIENTED_EDGE ( 'NONE', *, *, #4827, .F. ) ;
#6709 =( LENGTH_UNIT ( ) NAMED_UNIT ( * ) SI_UNIT ( .MILLI., .METRE. ) );
#6710 = DIRECTION ( 'NONE',  ( -0.000000000000000000, 0.000000000000000000, -1.000000000000000000 ) ) ;
#6711 = PLANE ( 'NONE',  #2577 ) ;
#6712 = COLOUR_RGB ( '',0.7921568627450980005, 0.8196078431372548767, 0.9333333333333333481 ) ;
#6713 = LINE ( 'NONE', #695, #2517 ) ;
#6714 = DIRECTION ( 'NONE',  ( 0.000000000000000000, 0.000000000000000000, -1.000000000000000000 ) ) ;
#6715 = AXIS2_PLACEMENT_3D ( 'NONE', #5308, #5127, #8015 ) ;
#6716 = AXIS2_PLACEMENT_3D ( 'NONE', #7445, #4098, #8197 ) ;
#6717 = ORIENTED_EDGE ( 'NONE', *, *, #1573, .T. ) ;
#6718 = CYLINDRICAL_SURFACE ( 'NONE', #5913, 2.500000000000000888 ) ;
#6719 = DIRECTION ( 'NONE',  ( -0.000000000000000000, -0.000000000000000000, 1.000000000000000000 ) ) ;
#6720 = EDGE_LOOP ( 'NONE', ( #7118, #1370, #8571, #516 ) ) ;
#6721 = AXIS2_PLACEMENT_3D ( 'NONE', #3051, #213, #260 ) ;
#6722 = AXIS2_PLACEMENT_3D ( 'NONE', #3725, #6422, #6285 ) ;
#6723 = DIRECTION ( 'NONE',  ( 1.000000000000000000, 0.000000000000000000, -6.776263578034403699E-16 ) ) ;
#6724 = ORIENTED_EDGE ( 'NONE', *, *, #7067, .F. ) ;
#6725 = ORIENTED_EDGE ( 'NONE', *, *, #7332, .T. ) ;
#6726 = VECTOR ( 'NONE', #5942, 1000.000000000000000 ) ;
#6727 = LINE ( 'NONE', #7427, #6193 ) ;
#6728 = AXIS2_PLACEMENT_3D ( 'NONE', #3286, #2822, #7967 ) ;
#6729 = FACE_OUTER_BOUND ( 'NONE', #4987, .T. ) ;
#6730 = CARTESIAN_POINT ( 'NONE',  ( 2.400000000000014122, 16.40000000000000213, 4.599999999999991651 ) ) ;
#6731 = ADVANCED_FACE ( 'NONE', ( #5481 ), #1455, .T. ) ;
#6732 = VECTOR ( 'NONE', #7156, 1000.000000000000114 ) ;
#6733 = DIRECTION ( 'NONE',  ( 1.000000000000000000, 0.000000000000000000, -0.000000000000000000 ) ) ;
#6734 = CARTESIAN_POINT ( 'NONE',  ( -1.880028303524371225, -1.149999999999999911, 2.779999999999999361 ) ) ;
#6735 = VECTOR ( 'NONE', #1856, 1000.000000000000000 ) ;
#6736 = ORIENTED_EDGE ( 'NONE', *, *, #1381, .F. ) ;
#6737 = EDGE_LOOP ( 'NONE', ( #7623, #2352, #6354, #3928 ) ) ;
#6738 = EDGE_CURVE ( 'NONE', #561, #5774, #6058, .T. ) ;
#6739 = LINE ( 'NONE', #93, #3434 ) ;
#6740 = CARTESIAN_POINT ( 'NONE',  ( -0.9499999999999999556, 4.500000000000000888, -0.5800000000000006262 ) ) ;
#6741 = DIRECTION ( 'NONE',  ( 5.500731610404397960E-16, 0.000000000000000000, 1.000000000000000000 ) ) ;
#6742 = DIRECTION ( 'NONE',  ( 0.000000000000000000, 1.000000000000000000, 0.000000000000000000 ) ) ;
#6743 = EDGE_CURVE ( 'NONE', #2580, #5037, #8090, .T. ) ;
#6744 = DIRECTION ( 'NONE',  ( 0.000000000000000000, 0.000000000000000000, 1.000000000000000000 ) ) ;
#6745 = ORIENTED_EDGE ( 'NONE', *, *, #7230, .T. ) ;
#6746 = CARTESIAN_POINT ( 'NONE',  ( -2.319999999999991402, 4.500000000000000888, 5.699999999999999289 ) ) ;
#6747 = EDGE_CURVE ( 'NONE', #3560, #3382, #4950, .T. ) ;
#6748 = CYLINDRICAL_SURFACE ( 'NONE', #3772, 1.899999999999999689 ) ;
#6749 = ORIENTED_EDGE ( 'NONE', *, *, #3593, .F. ) ;
#6750 = ORIENTED_EDGE ( 'NONE', *, *, #690, .T. ) ;
#6751 = VERTEX_POINT ( 'NONE', #310 ) ;
#6752 = SURFACE_STYLE_USAGE ( .BOTH. , #6926 ) ;
#6753 = DIRECTION ( 'NONE',  ( 0.000000000000000000, 0.000000000000000000, 1.000000000000000000 ) ) ;
#6754 = DIRECTION ( 'NONE',  ( 0.4369012962294799296, 0.8392795813073637978, -0.3236155771181855600 ) ) ;
#6755 = DIRECTION ( 'NONE',  ( -1.275531967630005492E-16, 0.000000000000000000, -1.000000000000000000 ) ) ;
#6756 = VECTOR ( 'NONE', #5666, 1000.000000000000000 ) ;
#6757 = DIRECTION ( 'NONE',  ( -0.000000000000000000, 1.000000000000000000, -0.000000000000000000 ) ) ;
#6758 = LINE ( 'NONE', #696, #6271 ) ;
#6759 = VECTOR ( 'NONE', #7887, 1000.000000000000114 ) ;
#6760 = EDGE_LOOP ( 'NONE', ( #5770, #3850, #4399, #2286 ) ) ;
#6761 = AXIS2_PLACEMENT_3D ( 'NONE', #1505, #266, #127 ) ;
#6762 = ORIENTED_EDGE ( 'NONE', *, *, #7010, .F. ) ;
#6763 =( LENGTH_UNIT ( ) NAMED_UNIT ( * ) SI_UNIT ( .MILLI., .METRE. ) );
#6764 = CARTESIAN_POINT ( 'NONE',  ( 2.399999999999984368, 4.500000000000000888, -3.200000000000008171 ) ) ;
#6765 = ORIENTED_EDGE ( 'NONE', *, *, #6475, .F. ) ;
#6766 =( GEOMETRIC_REPRESENTATION_CONTEXT ( 3 ) GLOBAL_UNCERTAINTY_ASSIGNED_CONTEXT ( ( #5782 ) ) GLOBAL_UNIT_ASSIGNED_CONTEXT ( ( #8210, #7636, #7502 ) ) REPRESENTATION_CONTEXT ( 'NONE', 'WORKASPACE' ) );
#6767 = EDGE_CURVE ( 'NONE', #8299, #2848, #8695, .T. ) ;
#6768 = PLANE ( 'NONE',  #6576 ) ;
#6769 = EDGE_CURVE ( 'NONE', #7664, #1091, #7084, .T. ) ;
#6770 = ORIENTED_EDGE ( 'NONE', *, *, #1987, .F. ) ;
#6771 = VERTEX_POINT ( 'NONE', #5615 ) ;
#6772 = DIRECTION ( 'NONE',  ( 1.445602896647338917E-16, -1.000000000000000000, -7.836629005481917085E-32 ) ) ;
#6773 = LINE ( 'NONE', #4733, #4875 ) ;
#6774 = DIRECTION ( 'NONE',  ( 1.000000000000000000, 0.000000000000000000, -1.275531967630005492E-16 ) ) ;
#6775 = ORIENTED_EDGE ( 'NONE', *, *, #5649, .F. ) ;
#6776 = CARTESIAN_POINT ( 'NONE',  ( -4.899999999999995914, 16.60000000000000142, 3.600000000000000533 ) ) ;
#6777 = CARTESIAN_POINT ( 'NONE',  ( -1.060107702553497955, 9.999999999999998224, -5.099999999999998757 ) ) ;
#6778 = VERTEX_POINT ( 'NONE', #1550 ) ;
#6779 = EDGE_CURVE ( 'NONE', #1859, #8645, #6006, .T. ) ;
#6780 = CARTESIAN_POINT ( 'NONE',  ( -1.060107702553497955, 9.999999999999998224, -5.099999999999998757 ) ) ;
#6781 = DIRECTION ( 'NONE',  ( 0.000000000000000000, -1.000000000000000000, 0.000000000000000000 ) ) ;
#6782 = DIRECTION ( 'NONE',  ( -0.9366721892483972356, -0.3502073812594687086, 0.000000000000000000 ) ) ;
#6783 = DIRECTION ( 'NONE',  ( -3.880302512053384332E-15, 0.000000000000000000, -1.000000000000000000 ) ) ;
#6784 = PLANE ( 'NONE',  #5138 ) ;
#6785 = ADVANCED_FACE ( 'NONE', ( #8395 ), #223, .F. ) ;
#6786 = ORIENTED_EDGE ( 'NONE', *, *, #3441, .T. ) ;
#6787 = EDGE_CURVE ( 'NONE', #7249, #1951, #353, .T. ) ;
#6788 = CARTESIAN_POINT ( 'NONE',  ( 2.535381069091584560, -1.075331984002939167, -1.220000000000000639 ) ) ;
#6789 = DIRECTION ( 'NONE',  ( 0.3502073812594687086, 0.9366721892483972356, 0.000000000000000000 ) ) ;
#6790 = VERTEX_POINT ( 'NONE', #5568 ) ;
#6791 = ORIENTED_EDGE ( 'NONE', *, *, #5968, .F. ) ;
#6792 = EDGE_CURVE ( 'NONE', #3642, #8703, #5875, .T. ) ;
#6793 = VERTEX_POINT ( 'NONE', #927 ) ;
#6794 = EDGE_CURVE ( 'NONE', #2220, #3825, #3864, .T. ) ;
#6795 = CARTESIAN_POINT ( 'NONE',  ( 4.336808689942017736E-15, 4.500000000000000888, 5.999999999999995559 ) ) ;
#6796 = DIRECTION ( 'NONE',  ( 0.000000000000000000, 1.000000000000000000, -0.000000000000000000 ) ) ;
#6797 = FACE_OUTER_BOUND ( 'NONE', #3405, .T. ) ;
#6798 = EDGE_CURVE ( 'NONE', #8644, #6607, #4342, .T. ) ;
#6799 = DIRECTION ( 'NONE',  ( 0.000000000000000000, 0.000000000000000000, 1.000000000000000000 ) ) ;
#6800 = LINE ( 'NONE', #3435, #8667 ) ;
#6801 = ORIENTED_EDGE ( 'NONE', *, *, #5434, .T. ) ;
#6802 = EDGE_CURVE ( 'NONE', #3579, #6177, #2063, .T. ) ;
#6803 = EDGE_LOOP ( 'NONE', ( #4178, #2372, #8589, #4230 ) ) ;
#6804 = DIRECTION ( 'NONE',  ( 0.000000000000000000, -0.000000000000000000, 1.000000000000000000 ) ) ;
#6805 = CARTESIAN_POINT ( 'NONE',  ( -2.323186965781464330, -2.687106216916753887, 2.779999999999999361 ) ) ;
#6806 = ORIENTED_EDGE ( 'NONE', *, *, #138, .T. ) ;
#6807 = CARTESIAN_POINT ( 'NONE',  ( -2.168404344971008868E-16, 4.900000000000000355, -3.794444401457435223 ) ) ;
#6808 = CARTESIAN_POINT ( 'NONE',  ( 0.3500000000000181299, 16.40000000000000213, 4.699999999999998401 ) ) ;
#6809 = VERTEX_POINT ( 'NONE', #4387 ) ;
#6810 = ORIENTED_EDGE ( 'NONE', *, *, #5274, .F. ) ;
#6811 = AXIS2_PLACEMENT_3D ( 'NONE', #5993, #6755, #3309 ) ;
#6812 = CARTESIAN_POINT ( 'NONE',  ( -2.505263157894733972, 28.50378091196238373, -4.194444401457429805 ) ) ;
#6813 = EDGE_CURVE ( 'NONE', #1946, #8252, #875, .T. ) ;
#6814 = CARTESIAN_POINT ( 'NONE',  ( 4.336808689942017736E-16, 11.00000000000000000, -5.399999999999998579 ) ) ;
#6815 = DIRECTION ( 'NONE',  ( -0.9914448613738103822, -0.1305261922200516289, 0.000000000000000000 ) ) ;
#6816 = EDGE_LOOP ( 'NONE', ( #1673, #1136, #2606, #8674 ) ) ;
#6817 = DIRECTION ( 'NONE',  ( -4.770489558936217143E-15, 0.000000000000000000, -1.000000000000000000 ) ) ;
#6818 = LINE ( 'NONE', #2793, #2762 ) ;
#6819 = VERTEX_POINT ( 'NONE', #2300 ) ;
#6820 = VECTOR ( 'NONE', #6286, 1000.000000000000000 ) ;
#6821 = CARTESIAN_POINT ( 'NONE',  ( -1.734723475976807094E-15, 8.763068312314702624, -5.399999999999998579 ) ) ;
#6822 = DIRECTION ( 'NONE',  ( 5.500731610404397960E-16, 0.000000000000000000, 1.000000000000000000 ) ) ;
#6823 = DIRECTION ( 'NONE',  ( 0.000000000000000000, 0.000000000000000000, 1.000000000000000000 ) ) ;
#6824 = CARTESIAN_POINT ( 'NONE',  ( -4.299999999999995381, 4.500000000000000888, 1.200000000000000622 ) ) ;
#6825 = CIRCLE ( 'NONE', #4841, 0.4500000000000001221 ) ;
#6826 = CARTESIAN_POINT ( 'NONE',  ( -0.3199999999999936229, -2.695554967719990813, -1.220000000000000639 ) ) ;
#6827 = ORIENTED_EDGE ( 'NONE', *, *, #7594, .T. ) ;
#6828 = FACE_OUTER_BOUND ( 'NONE', #5408, .T. ) ;
#6829 = PLANE ( 'NONE',  #4457 ) ;
#6830 = ORIENTED_EDGE ( 'NONE', *, *, #5376, .F. ) ;
#6831 = ORIENTED_EDGE ( 'NONE', *, *, #5279, .T. ) ;
#6832 = EDGE_LOOP ( 'NONE', ( #3883, #117, #2970, #4902 ) ) ;
#6833 = CARTESIAN_POINT ( 'NONE',  ( -0.3199999999999934563, 4.500000000000003553, -0.5800000000000006262 ) ) ;
#6834 = SURFACE_SIDE_STYLE ('',( #4015 ) ) ;
#6835 = FACE_OUTER_BOUND ( 'NONE', #2421, .T. ) ;
#6836 =( GEOMETRIC_REPRESENTATION_CONTEXT ( 3 ) GLOBAL_UNCERTAINTY_ASSIGNED_CONTEXT ( ( #6585 ) ) GLOBAL_UNIT_ASSIGNED_CONTEXT ( ( #1616, #241, #7718 ) ) REPRESENTATION_CONTEXT ( 'NONE', 'WORKASPACE' ) );
#6837 = CARTESIAN_POINT ( 'NONE',  ( -2.100000000000000089, 10.30000000000000249, -5.699999999999998401 ) ) ;
#6838 = CARTESIAN_POINT ( 'NONE',  ( 2.399999999999980815, 4.500000000000000888, -3.199999999999985967 ) ) ;
#6839 = EDGE_CURVE ( 'NONE', #1099, #944, #7691, .T. ) ;
#6840 = VECTOR ( 'NONE', #2546, 1000.000000000000000 ) ;
#6841 = LINE ( 'NONE', #3483, #4855 ) ;
#6842 = ORIENTED_EDGE ( 'NONE', *, *, #3939, .T. ) ;
#6843 = MECHANICAL_DESIGN_GEOMETRIC_PRESENTATION_REPRESENTATION (  '', ( #5991 ), #8103 ) ;
#6844 = EDGE_CURVE ( 'NONE', #5037, #1300, #1639, .T. ) ;
#6845 = EDGE_LOOP ( 'NONE', ( #7954, #7959, #5155, #8337 ) ) ;
#6846 = CARTESIAN_POINT ( 'NONE',  ( -1.831048351012637410, -3.245831630228678044, 3.194999999999998064 ) ) ;
#6847 = DIRECTION ( 'NONE',  ( 0.7071067811865441310, 0.000000000000000000, 0.7071067811865509034 ) ) ;
#6848 = EDGE_CURVE ( 'NONE', #4268, #3693, #4881, .T. ) ;
#6849 = ADVANCED_FACE ( 'NONE', ( #3582, #975 ), #838, .F. ) ;
#6850 = CARTESIAN_POINT ( 'NONE',  ( -2.999999999999993783, 4.900000000000000355, 3.700000000000000622 ) ) ;
#6851 = PRODUCT_DEFINITION_FORMATION_WITH_SPECIFIED_SOURCE ( 'ANY', '', #2747, .NOT_KNOWN. ) ;
#6852 = CARTESIAN_POINT ( 'NONE',  ( -1.060107702553497955, 9.999999999999998224, -5.099999999999998757 ) ) ;
#6853 = ADVANCED_FACE ( 'NONE', ( #6368 ), #169, .T. ) ;
#6854 = EDGE_LOOP ( 'NONE', ( #4326, #2825, #7845, #6484 ) ) ;
#6855 = VERTEX_POINT ( 'NONE', #6544 ) ;
#6856 = VECTOR ( 'NONE', #8696, 1000.000000000000000 ) ;
#6857 = LINE ( 'NONE', #7034, #7461 ) ;
#6858 = CARTESIAN_POINT ( 'NONE',  ( 1.607973257203535233, -3.216463236979171914, -0.9949999999999993294 ) ) ;
#6859 = VECTOR ( 'NONE', #8398, 1000.000000000000000 ) ;
#6860 = AXIS2_PLACEMENT_3D ( 'NONE', #3515, #2717, #8106 ) ;
#6861 = CARTESIAN_POINT ( 'NONE',  ( -1.679999999999993499, 0.9999999999999945599, -1.220000000000000639 ) ) ;
#6862 = EDGE_LOOP ( 'NONE', ( #1162, #5630, #6343, #7106 ) ) ;
#6863 = DIRECTION ( 'NONE',  ( -1.000000000000000000, 0.000000000000000000, 5.500731610404397960E-16 ) ) ;
#6864 = LINE ( 'NONE', #5571, #1488 ) ;
#6865 = VECTOR ( 'NONE', #4658, 1000.000000000000000 ) ;
#6866 = ORIENTED_EDGE ( 'NONE', *, *, #5012, .F. ) ;
#6867 = VECTOR ( 'NONE', #5796, 1000.000000000000000 ) ;
#6868 = LINE ( 'NONE', #1378, #7609 ) ;
#6869 = DIRECTION ( 'NONE',  ( 0.000000000000000000, 0.000000000000000000, -1.000000000000000000 ) ) ;
#6870 = DIRECTION ( 'NONE',  ( 0.9914448613738103822, -0.1305261922200516289, -0.000000000000000000 ) ) ;
#6871 = VECTOR ( 'NONE', #1758, 1000.000000000000000 ) ;
#6872 = VECTOR ( 'NONE', #2610, 1000.000000000000000 ) ;
#6873 = CARTESIAN_POINT ( 'NONE',  ( 4.899999999999998579, 1.000000000000000000, 3.599999999999996980 ) ) ;
#6874 = AXIS2_PLACEMENT_3D ( 'NONE', #1269, #3180, #5866 ) ;
#6875 = EDGE_LOOP ( 'NONE', ( #1089, #43, #3502, #5453, #3038, #8158, #687, #5301 ) ) ;
#6876 = FACE_OUTER_BOUND ( 'NONE', #3836, .T. ) ;
#6877 = FACE_OUTER_BOUND ( 'NONE', #5474, .T. ) ;
#6878 = VERTEX_POINT ( 'NONE', #2481 ) ;
#6879 = ORIENTED_EDGE ( 'NONE', *, *, #6512, .F. ) ;
#6880 = VERTEX_POINT ( 'NONE', #5920 ) ;
#6881 = DIRECTION ( 'NONE',  ( 1.000000000000000000, 0.000000000000000000, 0.000000000000000000 ) ) ;
#6882 = CARTESIAN_POINT ( 'NONE',  ( -1.904999999999994698, 9.699999999999995737, -0.8050000000000010481 ) ) ;
#6883 = CARTESIAN_POINT ( 'NONE',  ( -4.899999999999996803, 1.000000000000000000, -1.400000000000001465 ) ) ;
#6884 = CARTESIAN_POINT ( 'NONE',  ( 2.499999999999994671, 4.500000000000000888, 3.700000000000000622 ) ) ;
#6885 = DIRECTION ( 'NONE',  ( -1.275531967630005245E-16, 0.000000000000000000, 1.000000000000000000 ) ) ;
#6886 = CARTESIAN_POINT ( 'NONE',  ( -0.8499999999999999778, 0.000000000000000000, 6.100000000000000533 ) ) ;
#6887 = ORIENTED_EDGE ( 'NONE', *, *, #1919, .F. ) ;
#6888 = ORIENTED_EDGE ( 'NONE', *, *, #7071, .F. ) ;
#6889 = CARTESIAN_POINT ( 'NONE',  ( -2.319999999999998064, 4.500000000000000888, 5.699999999999999289 ) ) ;
#6890 = EDGE_CURVE ( 'NONE', #1052, #5141, #4561, .T. ) ;
#6891 = FACE_OUTER_BOUND ( 'NONE', #629, .T. ) ;
#6892 = AXIS2_PLACEMENT_3D ( 'NONE', #7567, #2929, #1512 ) ;
#6893 = CARTESIAN_POINT ( 'NONE',  ( 4.299999999999998046, 4.500000000000000888, 3.599999999999997424 ) ) ;
#6894 = VECTOR ( 'NONE', #3527, 1000.000000000000000 ) ;
#6895 = EDGE_CURVE ( 'NONE', #5110, #4645, #3202, .T. ) ;
#6896 = EDGE_CURVE ( 'NONE', #8381, #698, #446, .T. ) ;
#6897 = LINE ( 'NONE', #1584, #2203 ) ;
#6898 = LINE ( 'NONE', #832, #6005 ) ;
#6899 = VERTEX_POINT ( 'NONE', #2564 ) ;
#6900 = AXIS2_PLACEMENT_3D ( 'NONE', #1600, #3019, #1558 ) ;
#6901 = ORIENTED_EDGE ( 'NONE', *, *, #2098, .T. ) ;
#6902 = VERTEX_POINT ( 'NONE', #7824 ) ;
#6903 = EDGE_CURVE ( 'NONE', #2120, #8370, #3143, .T. ) ;
#6904 = EDGE_CURVE ( 'NONE', #944, #6461, #8616, .T. ) ;
#6905 = LINE ( 'NONE', #5567, #262 ) ;
#6906 = DIRECTION ( 'NONE',  ( 0.000000000000000000, -1.000000000000000000, 0.000000000000000000 ) ) ;
#6907 = CARTESIAN_POINT ( 'NONE',  ( -2.094999999999997531, 9.700000000000001066, 3.004999999999999893 ) ) ;
#6908 = VECTOR ( 'NONE', #7351, 1000.000000000000000 ) ;
#6909 = VERTEX_POINT ( 'NONE', #7874 ) ;
#6910 = CARTESIAN_POINT ( 'NONE',  ( -0.09999999999999444056, -3.300000000000005151, -1.000000000000000888 ) ) ;
#6911 =( NAMED_UNIT ( * ) PLANE_ANGLE_UNIT ( ) SI_UNIT ( $, .RADIAN. ) );
#6912 = ORIENTED_EDGE ( 'NONE', *, *, #4593, .T. ) ;
#6913 = VECTOR ( 'NONE', #7933, 1000.000000000000000 ) ;
#6914 = ADVANCED_FACE ( 'NONE', ( #1773 ), #5125, .T. ) ;
#6915 = FACE_OUTER_BOUND ( 'NONE', #6054, .T. ) ;
#6916 = LINE ( 'NONE', #2000, #2678 ) ;
#6917 = DIRECTION ( 'NONE',  ( -1.000000000000000000, 0.000000000000000000, 0.000000000000000000 ) ) ;
#6918 = LINE ( 'NONE', #4132, #1040 ) ;
#6919 = CARTESIAN_POINT ( 'NONE',  ( -0.1000000000000008660, -3.299999999999999378, 3.199999999999999734 ) ) ;
#6920 = ORIENTED_EDGE ( 'NONE', *, *, #7174, .T. ) ;
#6921 = LINE ( 'NONE', #7755, #4365 ) ;
#6922 = CARTESIAN_POINT ( 'NONE',  ( -2.399999999999996358, 4.500000000000000888, -3.199999999999999289 ) ) ;
#6923 = ORIENTED_EDGE ( 'NONE', *, *, #7626, .T. ) ;
#6924 = ORIENTED_EDGE ( 'NONE', *, *, #725, .F. ) ;
#6925 = ORIENTED_EDGE ( 'NONE', *, *, #883, .F. ) ;
#6926 = SURFACE_SIDE_STYLE ('',( #7531 ) ) ;
#6927 = DIRECTION ( 'NONE',  ( 1.000000000000000000, -0.000000000000000000, -0.000000000000000000 ) ) ;
#6928 = EDGE_CURVE ( 'NONE', #6809, #2267, #4474, .T. ) ;
#6929 = EDGE_CURVE ( 'NONE', #4663, #2055, #1240, .T. ) ;
#6930 = LINE ( 'NONE', #6255, #5897 ) ;
#6931 = CARTESIAN_POINT ( 'NONE',  ( 0.7500000000000039968, 4.500000000000000888, 5.999999999999994671 ) ) ;
#6932 = VERTEX_POINT ( 'NONE', #487 ) ;
#6933 = EDGE_LOOP ( 'NONE', ( #3612, #2419, #5058, #7329 ) ) ;
#6934 = ORIENTED_EDGE ( 'NONE', *, *, #3433, .T. ) ;
#6935 = CARTESIAN_POINT ( 'NONE',  ( -0.4500000000000011768, 4.900000000000000355, 4.600000000000000533 ) ) ;
#6936 = CARTESIAN_POINT ( 'NONE',  ( 2.369999999999996554, 10.30000000000000249, -5.900000000000002132 ) ) ;
#6937 = LINE ( 'NONE', #8303, #520 ) ;
#6938 = DIRECTION ( 'NONE',  ( 1.000000000000000000, 0.000000000000000000, -0.000000000000000000 ) ) ;
#6939 = DIRECTION ( 'NONE',  ( 0.000000000000000000, 0.000000000000000000, 1.000000000000000000 ) ) ;
#6940 = ORIENTED_EDGE ( 'NONE', *, *, #3943, .F. ) ;
#6941 = ORIENTED_EDGE ( 'NONE', *, *, #2952, .T. ) ;
#6942 = ORIENTED_EDGE ( 'NONE', *, *, #5696, .F. ) ;
#6943 = DIRECTION ( 'NONE',  ( 0.1305261922200516567, 0.9914448613738104932, 0.000000000000000000 ) ) ;
#6944 = EDGE_CURVE ( 'NONE', #1220, #1318, #4426, .T. ) ;
#6945 = CARTESIAN_POINT ( 'NONE',  ( -0.9499999999999999556, 4.500000000000000888, 5.699999999999999289 ) ) ;
#6946 = CARTESIAN_POINT ( 'NONE',  ( -2.535381069091578343, -1.075331984002933616, 2.779999999999999361 ) ) ;
#6947 = VERTEX_POINT ( 'NONE', #1191 ) ;
#6948 = ADVANCED_FACE ( 'NONE', ( #1863 ), #3855, .F. ) ;
#6949 = CARTESIAN_POINT ( 'NONE',  ( 4.336808689942017736E-15, 16.60000000000000142, 6.399999999999998579 ) ) ;
#6950 = EDGE_CURVE ( 'NONE', #1612, #8512, #1730, .T. ) ;
#6951 = EDGE_LOOP ( 'NONE', ( #6036, #6725, #8284, #6591 ) ) ;
#6952 = DIRECTION ( 'NONE',  ( -0.000000000000000000, -1.000000000000000000, -0.000000000000000000 ) ) ;
#6953 = EDGE_CURVE ( 'NONE', #2733, #4879, #7957, .T. ) ;
#6954 = DIRECTION ( 'NONE',  ( 1.000000000000000000, 0.000000000000000000, -2.478176394252582127E-15 ) ) ;
#6955 = LINE ( 'NONE', #229, #38 ) ;
#6956 = CARTESIAN_POINT ( 'NONE',  ( -4.649999999999995914, 0.000000000000000000, -3.199999999999998845 ) ) ;
#6957 = CARTESIAN_POINT ( 'NONE',  ( -3.399999999999995914, 28.50378091196238373, -3.199999999999999289 ) ) ;
#6958 = ORIENTED_EDGE ( 'NONE', *, *, #4030, .F. ) ;
#6959 = EDGE_CURVE ( 'NONE', #892, #7842, #1059, .T. ) ;
#6960 = CARTESIAN_POINT ( 'NONE',  ( 0.3199999999999991740, 9.700000000000001066, 3.200000000000000622 ) ) ;
#6961 = FACE_OUTER_BOUND ( 'NONE', #5392, .T. ) ;
#6962 = EDGE_CURVE ( 'NONE', #1099, #4217, #3762, .T. ) ;
#6963 = ORIENTED_EDGE ( 'NONE', *, *, #2250, .F. ) ;
#6964 = ORIENTED_EDGE ( 'NONE', *, *, #1711, .F. ) ;
#6965 = STYLED_ITEM ( 'NONE', ( #4499 ), #334 ) ;
#6966 = ORIENTED_EDGE ( 'NONE', *, *, #1278, .T. ) ;
#6967 = VECTOR ( 'NONE', #3751, 1000.000000000000000 ) ;
#6968 = CARTESIAN_POINT ( 'NONE',  ( -1.199999999999999512, 9.999999999999998224, -5.399999999999998579 ) ) ;
#6969 = LINE ( 'NONE', #5723, #4590 ) ;
#6970 = ORIENTED_EDGE ( 'NONE', *, *, #2602, .T. ) ;
#6971 = CARTESIAN_POINT ( 'NONE',  ( -2.399999999999996358, 0.2500000000000002220, -3.199999999999999289 ) ) ;
#6972 = AXIS2_PLACEMENT_3D ( 'NONE', #6367, #5873, #3142 ) ;
#6973 = ORIENTED_EDGE ( 'NONE', *, *, #6844, .F. ) ;
#6974 = ORIENTED_EDGE ( 'NONE', *, *, #3526, .F. ) ;
#6975 = AXIS2_PLACEMENT_3D ( 'NONE', #3159, #505, #1165 ) ;
#6976 = EDGE_LOOP ( 'NONE', ( #7738, #5428, #157, #551, #8339, #4865, #6394, #7024 ) ) ;
#6977 = FACE_BOUND ( 'NONE', #3871, .T. ) ;
#6978 = LINE ( 'NONE', #7464, #8008 ) ;
#6979 = AXIS2_PLACEMENT_3D ( 'NONE', #8453, #5628, #1695 ) ;
#6980 = CARTESIAN_POINT ( 'NONE',  ( -1.904999999999994698, 9.699999999999995737, -1.220000000000000639 ) ) ;
#6981 = LINE ( 'NONE', #2156, #5738 ) ;
#6982 = CIRCLE ( 'NONE', #1042, 1.000000000000000444 ) ;
#6983 = CARTESIAN_POINT ( 'NONE',  ( -2.599999999999999201, 11.00000000000000000, -5.089444362769117269 ) ) ;
#6984 = ORIENTED_EDGE ( 'NONE', *, *, #6236, .F. ) ;
#6985 = VECTOR ( 'NONE', #4067, 1000.000000000000000 ) ;
#6986 = VERTEX_POINT ( 'NONE', #8486 ) ;
#6987 = EDGE_LOOP ( 'NONE', ( #6526, #5656, #1400, #7484 ) ) ;
#6988 = AXIS2_PLACEMENT_3D ( 'NONE', #2238, #7452, #63 ) ;
#6989 = CARTESIAN_POINT ( 'NONE',  ( -2.094999999999997531, 9.700000000000001066, 3.194999999999998952 ) ) ;
#6990 = CARTESIAN_POINT ( 'NONE',  ( -2.399999999999996358, 4.500000000000000888, -5.099999999999998757 ) ) ;
#6991 = APPLICATION_CONTEXT ( 'automotive_design' ) ;
#6992 = DIRECTION ( 'NONE',  ( 0.000000000000000000, -1.000000000000000000, 0.000000000000000000 ) ) ;
#6993 = ORIENTED_EDGE ( 'NONE', *, *, #8409, .F. ) ;
#6994 = STYLED_ITEM ( 'NONE', ( #6071 ), #1349 ) ;
#6995 = DIRECTION ( 'NONE',  ( 0.000000000000000000, 0.000000000000000000, -1.000000000000000000 ) ) ;
#6996 = SHAPE_DEFINITION_REPRESENTATION ( #1325, #2653 ) ;
#6997 = ORIENTED_EDGE ( 'NONE', *, *, #6424, .T. ) ;
#6998 = AXIS2_PLACEMENT_3D ( 'NONE', #3446, #8083, #4769 ) ;
#6999 = AXIS2_PLACEMENT_3D ( 'NONE', #5838, #2493, #5182 ) ;
#7000 = LINE ( 'NONE', #2222, #399 ) ;
#7001 = CARTESIAN_POINT ( 'NONE',  ( -0.8499999999999999778, 0.2500000000000071609, 6.400000000000000355 ) ) ;
#7002 = CYLINDRICAL_SURFACE ( 'NONE', #738, 0.2999999999999999334 ) ;
#7003 = EDGE_CURVE ( 'NONE', #5038, #1184, #8442, .T. ) ;
#7004 = PLANE ( 'NONE',  #3172 ) ;
#7005 = CARTESIAN_POINT ( 'NONE',  ( -0.3199999999999998956, 16.60000000000000142, 2.779999999999999361 ) ) ;
#7006 = EDGE_LOOP ( 'NONE', ( #1098, #8366, #6830, #1179 ) ) ;
#7007 = LINE ( 'NONE', #2317, #5906 ) ;
#7008 = AXIS2_PLACEMENT_3D ( 'NONE', #4692, #6011, #5436 ) ;
#7009 = DIRECTION ( 'NONE',  ( 0.000000000000000000, -1.000000000000000000, 0.000000000000000000 ) ) ;
#7010 = EDGE_CURVE ( 'NONE', #994, #8527, #8422, .T. ) ;
#7011 = ORIENTED_EDGE ( 'NONE', *, *, #5865, .F. ) ;
#7012 = ORIENTED_EDGE ( 'NONE', *, *, #4104, .T. ) ;
#7013 = VERTEX_POINT ( 'NONE', #2525 ) ;
#7014 = EDGE_CURVE ( 'NONE', #8014, #6902, #5215, .T. ) ;
#7015 = DIRECTION ( 'NONE',  ( 0.000000000000000000, -1.000000000000000000, -0.000000000000000000 ) ) ;
#7016 = VECTOR ( 'NONE', #7558, 1000.000000000000000 ) ;
#7017 = VECTOR ( 'NONE', #5607, 1000.000000000000000 ) ;
#7018 = LINE ( 'NONE', #950, #2742 ) ;
#7019 = EDGE_LOOP ( 'NONE', ( #642, #791, #6168, #5564 ) ) ;
#7020 = CARTESIAN_POINT ( 'NONE',  ( -1.904999999999994698, 9.699999999999995737, -0.9950000000000002176 ) ) ;
#7021 = CARTESIAN_POINT ( 'NONE',  ( -2.399999999999996358, 11.00000000000000000, -3.199999999999999289 ) ) ;
#7022 = EDGE_LOOP ( 'NONE', ( #4818, #8547, #4247, #60 ) ) ;
#7023 = ORIENTED_EDGE ( 'NONE', *, *, #1990, .F. ) ;
#7024 = ORIENTED_EDGE ( 'NONE', *, *, #1870, .T. ) ;
#7025 = FACE_BOUND ( 'NONE', #3694, .T. ) ;
#7026 = CARTESIAN_POINT ( 'NONE',  ( 4.649999999999995026, 0.000000000000000000, -1.400000000000004352 ) ) ;
#7027 = LINE ( 'NONE', #6360, #1084 ) ;
#7028 = CARTESIAN_POINT ( 'NONE',  ( -1.680000000000000160, 9.700000000000001066, 2.779999999999999361 ) ) ;
#7029 = UNCERTAINTY_MEASURE_WITH_UNIT (LENGTH_MEASURE( 1.000000000000000082E-05 ), #7446, 'distance_accuracy_value', 'NONE');
#7030 = DIRECTION ( 'NONE',  ( -0.000000000000000000, -1.000000000000000000, -0.000000000000000000 ) ) ;
#7031 = ORIENTED_EDGE ( 'NONE', *, *, #7481, .F. ) ;
#7032 = VERTEX_POINT ( 'NONE', #3987 ) ;
#7033 = EDGE_LOOP ( 'NONE', ( #8185, #7555, #8731, #8006 ) ) ;
#7034 = CARTESIAN_POINT ( 'NONE',  ( -2.319999999999991402, 9.081817580622699282, -1.220000000000000639 ) ) ;
#7035 = CARTESIAN_POINT ( 'NONE',  ( 2.320000000000004281, 9.081817580622699282, -0.5800000000000006262 ) ) ;
#7036 = CARTESIAN_POINT ( 'NONE',  ( 0.9500000000000219380, 16.40000000000000213, 5.699999999999995737 ) ) ;
#7037 = VECTOR ( 'NONE', #6885, 1000.000000000000000 ) ;
#7038 = EDGE_CURVE ( 'NONE', #3403, #1403, #611, .T. ) ;
#7039 = VERTEX_POINT ( 'NONE', #7346 ) ;
#7040 = EDGE_CURVE ( 'NONE', #6461, #4217, #1279, .T. ) ;
#7041 = VECTOR ( 'NONE', #4867, 1000.000000000000000 ) ;
#7042 = DIRECTION ( 'NONE',  ( -1.000000000000000000, 0.000000000000000000, 0.000000000000000000 ) ) ;
#7043 = VERTEX_POINT ( 'NONE', #5305 ) ;
#7044 = VECTOR ( 'NONE', #1518, 1000.000000000000000 ) ;
#7045 = CARTESIAN_POINT ( 'NONE',  ( -2.399999999999996358, 4.500000000000000888, 3.600000000000000533 ) ) ;
#7046 = VECTOR ( 'NONE', #7082, 1000.000000000000114 ) ;
#7047 = DIRECTION ( 'NONE',  ( -5.500731610404397960E-16, 0.000000000000000000, -1.000000000000000000 ) ) ;
#7048 = LINE ( 'NONE', #3109, #5405 ) ;
#7049 = LINE ( 'NONE', #369, #5558 ) ;
#7050 = LINE ( 'NONE', #3641, #1215 ) ;
#7051 = ORIENTED_EDGE ( 'NONE', *, *, #8678, .T. ) ;
#7052 = LINE ( 'NONE', #3598, #7044 ) ;
#7053 = DIRECTION ( 'NONE',  ( -0.000000000000000000, 1.000000000000000000, 0.000000000000000000 ) ) ;
#7054 = VECTOR ( 'NONE', #827, 1000.000000000000000 ) ;
#7055 = VERTEX_POINT ( 'NONE', #4651 ) ;
#7056 = ORIENTED_EDGE ( 'NONE', *, *, #6196, .T. ) ;
#7057 = EDGE_CURVE ( 'NONE', #4339, #4183, #1950, .T. ) ;
#7058 = ORIENTED_EDGE ( 'NONE', *, *, #5220, .F. ) ;
#7059 = TOROIDAL_SURFACE ( 'NONE', #7596, 2.250000000000000444, 0.2500000000000000000 ) ;
#7060 = DIRECTION ( 'NONE',  ( 0.000000000000000000, -1.000000000000000000, 0.000000000000000000 ) ) ;
#7061 = CARTESIAN_POINT ( 'NONE',  ( 1.150000000000003908, 0.2500000000000002220, 5.849999999999999645 ) ) ;
#7062 = ADVANCED_FACE ( 'NONE', ( #2205 ), #5692, .T. ) ;
#7063 = CARTESIAN_POINT ( 'NONE',  ( 2.320000000000004281, 4.500000000000003553, -0.5800000000000006262 ) ) ;
#7064 = EDGE_CURVE ( 'NONE', #5944, #6457, #5608, .T. ) ;
#7065 = ORIENTED_EDGE ( 'NONE', *, *, #2380, .T. ) ;
#7066 = CARTESIAN_POINT ( 'NONE',  ( -0.3500000000000000333, 4.900000000000000355, 4.700000000000000178 ) ) ;
#7067 = EDGE_CURVE ( 'NONE', #4152, #6909, #5852, .T. ) ;
#7068 = LINE ( 'NONE', #5642, #8268 ) ;
#7069 = ORIENTED_EDGE ( 'NONE', *, *, #3176, .T. ) ;
#7070 = ORIENTED_EDGE ( 'NONE', *, *, #1178, .T. ) ;
#7071 = EDGE_CURVE ( 'NONE', #5329, #1623, #6981, .T. ) ;
#7072 = ORIENTED_EDGE ( 'NONE', *, *, #2575, .T. ) ;
#7073 = VERTEX_POINT ( 'NONE', #7639 ) ;
#7074 = EDGE_CURVE ( 'NONE', #6211, #8022, #6897, .T. ) ;
#7075 = FACE_OUTER_BOUND ( 'NONE', #8085, .T. ) ;
#7076 = DIRECTION ( 'NONE',  ( 6.776263578034403699E-16, 0.000000000000000000, 1.000000000000000000 ) ) ;
#7077 = ADVANCED_FACE ( 'NONE', ( #8388 ), #467, .F. ) ;
#7078 = DIRECTION ( 'NONE',  ( 0.000000000000000000, 0.000000000000000000, -1.000000000000000000 ) ) ;
#7079 = VERTEX_POINT ( 'NONE', #4851 ) ;
#7080 = ORIENTED_EDGE ( 'NONE', *, *, #1772, .T. ) ;
#7081 = EDGE_CURVE ( 'NONE', #234, #5799, #5035, .T. ) ;
#7082 = DIRECTION ( 'NONE',  ( 0.3236155771181846164, -0.8891264907159880382, -0.3236155771181854490 ) ) ;
#7083 = FACE_OUTER_BOUND ( 'NONE', #4248, .T. ) ;
#7084 = LINE ( 'NONE', #7647, #4186 ) ;
#7085 = ORIENTED_EDGE ( 'NONE', *, *, #1062, .T. ) ;
#7086 = DIRECTION ( 'NONE',  ( -0.2047927057592100475, 0.9237601993560261571, -0.3236155771181854490 ) ) ;
#7087 = DIRECTION ( 'NONE',  ( 0.000000000000000000, 0.000000000000000000, 1.000000000000000000 ) ) ;
#7088 = EDGE_CURVE ( 'NONE', #6608, #6516, #3534, .T. ) ;
#7089 = DIRECTION ( 'NONE',  ( 0.000000000000000000, 1.000000000000000000, 0.000000000000000000 ) ) ;
#7090 = DIRECTION ( 'NONE',  ( 0.000000000000000000, -1.000000000000000000, -0.000000000000000000 ) ) ;
#7091 = DIRECTION ( 'NONE',  ( 1.694065894508601270E-15, -0.000000000000000000, 1.000000000000000000 ) ) ;
#7092 = DIRECTION ( 'NONE',  ( -1.000000000000000000, 0.000000000000000000, 0.000000000000000000 ) ) ;
#7093 = LINE ( 'NONE', #5884, #6010 ) ;
#7094 = CARTESIAN_POINT ( 'NONE',  ( 0.8500000000000043077, 16.60000000000000142, 6.399999999999999467 ) ) ;
#7095 = CARTESIAN_POINT ( 'NONE',  ( -2.399999999999996358, 0.000000000000000000, 3.600000000000000533 ) ) ;
#7096 = ORIENTED_EDGE ( 'NONE', *, *, #584, .F. ) ;
#7097 = ORIENTED_EDGE ( 'NONE', *, *, #6904, .T. ) ;
#7098 = ORIENTED_EDGE ( 'NONE', *, *, #2684, .F. ) ;
#7099 = DIRECTION ( 'NONE',  ( 0.9914448613738103822, 0.1305261922200516844, 0.000000000000000000 ) ) ;
#7100 = AXIS2_PLACEMENT_3D ( 'NONE', #6837, #769, #109 ) ;
#7101 =( LENGTH_UNIT ( ) NAMED_UNIT ( * ) SI_UNIT ( .MILLI., .METRE. ) );
#7102 = CARTESIAN_POINT ( 'NONE',  ( -0.3199999999999999512, 1.000000000000000000, 3.600000000000000533 ) ) ;
#7103 = FACE_OUTER_BOUND ( 'NONE', #405, .T. ) ;
#7104 = VERTEX_POINT ( 'NONE', #2252 ) ;
#7105 = LINE ( 'NONE', #8249, #5919 ) ;
#7106 = ORIENTED_EDGE ( 'NONE', *, *, #8306, .F. ) ;
#7107 = ORIENTED_EDGE ( 'NONE', *, *, #1801, .T. ) ;
#7108 = ORIENTED_EDGE ( 'NONE', *, *, #5924, .F. ) ;
#7109 = CARTESIAN_POINT ( 'NONE',  ( 6.437450399132683366E-15, -5.421010862427522959E-15, -1.220000000000000639 ) ) ;
#7110 = PLANE ( 'NONE',  #7862 ) ;
#7111 = CARTESIAN_POINT ( 'NONE',  ( 4.649999999999997691, 0.000000000000000000, 2.599999999999995648 ) ) ;
#7112 = ADVANCED_FACE ( 'NONE', ( #3575 ), #2863, .T. ) ;
#7113 = DIRECTION ( 'NONE',  ( 0.000000000000000000, -1.000000000000000000, -0.000000000000000000 ) ) ;
#7114 = AXIS2_PLACEMENT_3D ( 'NONE', #3274, #6086, #8081 ) ;
#7115 = DIRECTION ( 'NONE',  ( -0.000000000000000000, 1.000000000000000000, 0.000000000000000000 ) ) ;
#7116 = EDGE_CURVE ( 'NONE', #3132, #7975, #3670, .T. ) ;
#7117 = ORIENTED_EDGE ( 'NONE', *, *, #7230, .F. ) ;
#7118 = ORIENTED_EDGE ( 'NONE', *, *, #2837, .T. ) ;
#7119 = LINE ( 'NONE', #6592, #552 ) ;
#7120 = VECTOR ( 'NONE', #8, 1000.000000000000000 ) ;
#7121 = PLANE ( 'NONE',  #7257 ) ;
#7122 = ADVANCED_FACE ( 'NONE', ( #8260 ), #4899, .F. ) ;
#7123 = DIRECTION ( 'NONE',  ( 1.000000000000000000, 0.000000000000000000, -0.000000000000000000 ) ) ;
#7124 = VECTOR ( 'NONE', #3785, 1000.000000000000000 ) ;
#7125 = ORIENTED_EDGE ( 'NONE', *, *, #145, .F. ) ;
#7126 = ADVANCED_FACE ( 'NONE', ( #4285 ), #5651, .T. ) ;
#7127 = CIRCLE ( 'NONE', #3736, 1.899999999999999245 ) ;
#7128 = LINE ( 'NONE', #3106, #7146 ) ;
#7129 = AXIS2_PLACEMENT_3D ( 'NONE', #861, #6796, #7582 ) ;
#7130 = DIRECTION ( 'NONE',  ( 0.000000000000000000, 0.000000000000000000, 1.000000000000000000 ) ) ;
#7131 = DIRECTION ( 'NONE',  ( 0.000000000000000000, -1.000000000000000000, -0.000000000000000000 ) ) ;
#7132 = DIRECTION ( 'NONE',  ( 1.694065894508601270E-15, -0.000000000000000000, 1.000000000000000000 ) ) ;
#7133 = DIRECTION ( 'NONE',  ( -9.035018104045873159E-17, -0.000000000000000000, -1.000000000000000000 ) ) ;
#7134 = DIRECTION ( 'NONE',  ( -1.342665229084215866E-16, -1.000000000000000000, 0.000000000000000000 ) ) ;
#7135 = CARTESIAN_POINT ( 'NONE',  ( 1.599999999999995204, 10.00710678118654862, -6.400000000000002132 ) ) ;
#7136 = CARTESIAN_POINT ( 'NONE',  ( -1.679999999999993499, 4.500000000000003553, -0.5800000000000006262 ) ) ;
#7137 = CARTESIAN_POINT ( 'NONE',  ( 1.951563910473907981E-15, 28.50378091196238373, 5.999999999999994671 ) ) ;
#7138 = AXIS2_PLACEMENT_3D ( 'NONE', #5791, #5704, #6462 ) ;
#7139 = AXIS2_PLACEMENT_3D ( 'NONE', #57, #5501, #12 ) ;
#7140 = EDGE_LOOP ( 'NONE', ( #1315, #6178, #3882, #5644 ) ) ;
#7141 = ORIENTED_EDGE ( 'NONE', *, *, #3411, .T. ) ;
#7142 = VERTEX_POINT ( 'NONE', #3839 ) ;
#7143 = DIRECTION ( 'NONE',  ( -0.000000000000000000, -1.000000000000000000, -0.000000000000000000 ) ) ;
#7144 = DIRECTION ( 'NONE',  ( 0.000000000000000000, 0.000000000000000000, 1.000000000000000000 ) ) ;
#7145 = DIRECTION ( 'NONE',  ( 1.000000000000000000, 0.000000000000000000, 0.000000000000000000 ) ) ;
#7146 = VECTOR ( 'NONE', #5043, 1000.000000000000000 ) ;
#7147 = CARTESIAN_POINT ( 'NONE',  ( 1.607973257203535233, -3.216463236979171914, -0.8050000000000019362 ) ) ;
#7148 = ORIENTED_EDGE ( 'NONE', *, *, #2368, .F. ) ;
#7149 = DIRECTION ( 'NONE',  ( -1.445602896647338917E-16, -1.000000000000000000, 1.959157251370478450E-32 ) ) ;
#7150 = ORIENTED_EDGE ( 'NONE', *, *, #6769, .F. ) ;
#7151 = VERTEX_POINT ( 'NONE', #916 ) ;
#7152 = ORIENTED_EDGE ( 'NONE', *, *, #1777, .F. ) ;
#7153 = AXIS2_PLACEMENT_3D ( 'NONE', #162, #967, #5560 ) ;
#7154 = AXIS2_PLACEMENT_3D ( 'NONE', #3024, #2367, #1696 ) ;
#7155 = CARTESIAN_POINT ( 'NONE',  ( -2.019422874673658885, -3.270631606750487919, 2.779999999999999361 ) ) ;
#7156 = DIRECTION ( 'NONE',  ( 0.9914448613738103822, -0.1305261922200516844, -0.000000000000000000 ) ) ;
#7157 = PLANE ( 'NONE',  #1583 ) ;
#7158 = VECTOR ( 'NONE', #6358, 1000.000000000000000 ) ;
#7159 = PLANE ( 'NONE',  #6454 ) ;
#7160 = AXIS2_PLACEMENT_3D ( 'NONE', #7403, #5371, #2006 ) ;
#7161 = AXIS2_PLACEMENT_3D ( 'NONE', #4761, #65, #7498 ) ;
#7162 = CARTESIAN_POINT ( 'NONE',  ( 0.3199999999999991740, -3.299999999999999822, 2.779999999999999361 ) ) ;
#7163 = VERTEX_POINT ( 'NONE', #3001 ) ;
#7164 = ORIENTED_EDGE ( 'NONE', *, *, #8409, .T. ) ;
#7165 = ADVANCED_FACE ( 'NONE', ( #3623 ), #6318, .T. ) ;
#7166 = ORIENTED_EDGE ( 'NONE', *, *, #2221, .F. ) ;
#7167 = CARTESIAN_POINT ( 'NONE',  ( -2.599999999999999201, 16.60000000000000142, -5.699999999999999289 ) ) ;
#7168 = CARTESIAN_POINT ( 'NONE',  ( -1.680000000000000160, 1.000000000000000000, 3.419999999999999485 ) ) ;
#7169 = DIRECTION ( 'NONE',  ( -1.275531967630005492E-16, -0.000000000000000000, -1.000000000000000000 ) ) ;
#7170 = ADVANCED_FACE ( 'NONE', ( #4985 ), #7682, .F. ) ;
#7171 = EDGE_CURVE ( 'NONE', #1429, #6909, #2550, .T. ) ;
#7172 = ORIENTED_EDGE ( 'NONE', *, *, #848, .F. ) ;
#7173 = CARTESIAN_POINT ( 'NONE',  ( -0.3500000000000000333, 4.900000000000000355, 4.700000000000000178 ) ) ;
#7174 = EDGE_CURVE ( 'NONE', #5290, #5080, #1261, .T. ) ;
#7175 = CARTESIAN_POINT ( 'NONE',  ( -3.200000000000000622, 16.60000000000000142, -5.568543856465400843 ) ) ;
#7176 = DIRECTION ( 'NONE',  ( 0.000000000000000000, -1.000000000000000000, -0.000000000000000000 ) ) ;
#7177 = LINE ( 'NONE', #3199, #880 ) ;
#7178 = FACE_OUTER_BOUND ( 'NONE', #1391, .T. ) ;
#7179 = VECTOR ( 'NONE', #5486, 1000.000000000000000 ) ;
#7180 = LINE ( 'NONE', #5134, #6867 ) ;
#7181 = DIRECTION ( 'NONE',  ( -6.938893903907225419E-16, 0.000000000000000000, -1.000000000000000000 ) ) ;
#7182 = DIRECTION ( 'NONE',  ( 1.323867915877037267E-14, 0.000000000000000000, 1.000000000000000000 ) ) ;
#7183 = VECTOR ( 'NONE', #1023, 1000.000000000000000 ) ;
#7184 = EDGE_CURVE ( 'NONE', #3561, #8299, #6616, .T. ) ;
#7185 = EDGE_LOOP ( 'NONE', ( #6344, #2698, #6249, #348, #5898, #1003, #3529, #6842, #286, #5871, #4588 ) ) ;
#7186 = ORIENTED_EDGE ( 'NONE', *, *, #6689, .F. ) ;
#7187 = ORIENTED_EDGE ( 'NONE', *, *, #2142, .F. ) ;
#7188 = VECTOR ( 'NONE', #6772, 1000.000000000000000 ) ;
#7189 = CARTESIAN_POINT ( 'NONE',  ( -0.4500000000000016209, 4.500000000000000888, 4.600000000000000533 ) ) ;
#7190 = FACE_OUTER_BOUND ( 'NONE', #5519, .T. ) ;
#7191 = CARTESIAN_POINT ( 'NONE',  ( -1.680000000000001048, 9.081817580622701058, 2.779999999999999361 ) ) ;
#7192 = ORIENTED_EDGE ( 'NONE', *, *, #8517, .F. ) ;
#7193 =( GEOMETRIC_REPRESENTATION_CONTEXT ( 3 ) GLOBAL_UNCERTAINTY_ASSIGNED_CONTEXT ( ( #1812 ) ) GLOBAL_UNIT_ASSIGNED_CONTEXT ( ( #4498, #5275, #8635 ) ) REPRESENTATION_CONTEXT ( 'NONE', 'WORKASPACE' ) );
#7194 = FACE_OUTER_BOUND ( 'NONE', #166, .T. ) ;
#7195 = DIRECTION ( 'NONE',  ( -3.903127820947815962E-15, 0.000000000000000000, -1.000000000000000000 ) ) ;
#7196 =( LENGTH_UNIT ( ) NAMED_UNIT ( * ) SI_UNIT ( .MILLI., .METRE. ) );
#7197 = ORIENTED_EDGE ( 'NONE', *, *, #7067, .T. ) ;
#7198 = ORIENTED_EDGE ( 'NONE', *, *, #8213, .F. ) ;
#7199 = ORIENTED_EDGE ( 'NONE', *, *, #527, .T. ) ;
#7200 = AXIS2_PLACEMENT_3D ( 'NONE', #4130, #2043, #6104 ) ;
#7201 = EDGE_CURVE ( 'NONE', #2273, #2087, #3260, .T. ) ;
#7202 = CARTESIAN_POINT ( 'NONE',  ( -0.3500000000000000333, 4.500000000000000888, 4.700000000000000178 ) ) ;
#7203 = EDGE_CURVE ( 'NONE', #3693, #6523, #7902, .T. ) ;
#7204 = CARTESIAN_POINT ( 'NONE',  ( 2.505263157894717541, 11.00000000000000000, -4.194444401457439575 ) ) ;
#7205 = DIRECTION ( 'NONE',  ( 0.000000000000000000, -0.3420201433256667145, 0.9396926207859090940 ) ) ;
#7206 = CYLINDRICAL_SURFACE ( 'NONE', #5176, 0.2500000000000002220 ) ;
#7207 = UNCERTAINTY_MEASURE_WITH_UNIT (LENGTH_MEASURE( 1.000000000000000082E-05 ), #6117, 'distance_accuracy_value', 'NONE');
#7208 = DIRECTION ( 'NONE',  ( 5.421010862427523156E-16, -0.000000000000000000, 1.000000000000000000 ) ) ;
#7209 = ORIENTED_EDGE ( 'NONE', *, *, #6032, .F. ) ;
#7210 = EDGE_LOOP ( 'NONE', ( #3184, #3689, #2626, #989 ) ) ;
#7211 = ORIENTED_EDGE ( 'NONE', *, *, #2730, .T. ) ;
#7212 = DIRECTION ( 'NONE',  ( -0.000000000000000000, -1.000000000000000000, -0.000000000000000000 ) ) ;
#7213 = LINE ( 'NONE', #2397, #4714 ) ;
#7214 = DIRECTION ( 'NONE',  ( 0.000000000000000000, -0.000000000000000000, 1.000000000000000000 ) ) ;
#7215 = EDGE_LOOP ( 'NONE', ( #3412, #8307, #7469, #2835 ) ) ;
#7216 = DIRECTION ( 'NONE',  ( 0.000000000000000000, -1.000000000000000000, -0.000000000000000000 ) ) ;
#7217 = FACE_OUTER_BOUND ( 'NONE', #7210, .T. ) ;
#7218 = CARTESIAN_POINT ( 'NONE',  ( -2.399999999999996358, 0.000000000000000000, -3.199999999999999289 ) ) ;
#7219 = CARTESIAN_POINT ( 'NONE',  ( 4.649999999999994138, 0.2500000000000000000, -3.200000000000001954 ) ) ;
#7220 = EDGE_CURVE ( 'NONE', #6899, #5287, #1887, .T. ) ;
#7221 = FACE_OUTER_BOUND ( 'NONE', #6443, .T. ) ;
#7222 = ADVANCED_FACE ( 'NONE', ( #1847 ), #4545, .F. ) ;
#7223 = CARTESIAN_POINT ( 'NONE',  ( -0.9000000000000000222, 0.2500000000000000000, 6.100000000000000533 ) ) ;
#7224 = CARTESIAN_POINT ( 'NONE',  ( -4.450000000000000178, -1.000000000000001554, -2.850000000000000089 ) ) ;
#7225 = ORIENTED_EDGE ( 'NONE', *, *, #4104, .F. ) ;
#7226 = ORIENTED_EDGE ( 'NONE', *, *, #5158, .F. ) ;
#7227 = EDGE_CURVE ( 'NONE', #6878, #5512, #4009, .T. ) ;
#7228 = ORIENTED_EDGE ( 'NONE', *, *, #1417, .F. ) ;
#7230 = EDGE_CURVE ( 'NONE', #5424, #6186, #7239, .T. ) ;
#7229 = CARTESIAN_POINT ( 'NONE',  ( 0.3500000000000000333, 4.900000000000000355, 4.700000000000000178 ) ) ;
#7231 = LINE ( 'NONE', #6652, #7757 ) ;
#7232 = DIRECTION ( 'NONE',  ( 1.000000000000000000, 0.000000000000000000, -0.000000000000000000 ) ) ;
#7233 = CARTESIAN_POINT ( 'NONE',  ( -2.319999999999999396, -0.4992691472256616803, 3.419999999999999485 ) ) ;
#7234 = EDGE_CURVE ( 'NONE', #7624, #4629, #3386, .T. ) ;
#7235 = DIRECTION ( 'NONE',  ( -1.000000000000000000, -2.492418787322999237E-16, 0.000000000000000000 ) ) ;
#7236 = ORIENTED_EDGE ( 'NONE', *, *, #5284, .T. ) ;
#7237 = LINE ( 'NONE', #6524, #978 ) ;
#7238 = EDGE_CURVE ( 'NONE', #6068, #3642, #6702, .T. ) ;
#7239 = LINE ( 'NONE', #1172, #2914 ) ;
#7240 = VERTEX_POINT ( 'NONE', #3973 ) ;
#7241 = EDGE_LOOP ( 'NONE', ( #2461, #3807, #7818, #5118 ) ) ;
#7242 = ORIENTED_EDGE ( 'NONE', *, *, #637, .T. ) ;
#7243 = VECTOR ( 'NONE', #4415, 1000.000000000000000 ) ;
#7244 = ORIENTED_EDGE ( 'NONE', *, *, #6401, .T. ) ;
#7245 = LINE ( 'NONE', #1941, #5566 ) ;
#7246 = CARTESIAN_POINT ( 'NONE',  ( -1.199999999999999512, 11.00000000000000000, -5.399999999999998579 ) ) ;
#7247 = DIRECTION ( 'NONE',  ( 1.000000000000000000, 0.000000000000000000, 0.000000000000000000 ) ) ;
#7248 = CARTESIAN_POINT ( 'NONE',  ( 2.499999999999995559, 4.900000000000000355, -3.794444401457438332 ) ) ;
#7249 = VERTEX_POINT ( 'NONE', #4671 ) ;
#7250 = VECTOR ( 'NONE', #2931, 1000.000000000000000 ) ;
#7251 = ORIENTED_EDGE ( 'NONE', *, *, #4307, .T. ) ;
#7252 = ORIENTED_EDGE ( 'NONE', *, *, #6296, .F. ) ;
#7253 = PLANE ( 'NONE',  #1963 ) ;
#7254 = VECTOR ( 'NONE', #4736, 1000.000000000000000 ) ;
#7255 = DIRECTION ( 'NONE',  ( 0.000000000000000000, 1.000000000000000000, 0.000000000000000000 ) ) ;
#7257 = AXIS2_PLACEMENT_3D ( 'NONE', #5698, #1010, #1057 ) ;
#7256 = CARTESIAN_POINT ( 'NONE',  ( -0.3081567944582094820, -2.340683238870195915, -1.220000000000000639 ) ) ;
#7258 = ORIENTED_EDGE ( 'NONE', *, *, #5983, .F. ) ;
#7259 = LINE ( 'NONE', #578, #7417 ) ;
#7260 = CARTESIAN_POINT ( 'NONE',  ( -2.100000000000000089, 10.30000000000000249, -10.69999999999999929 ) ) ;
#7261 = VECTOR ( 'NONE', #1257, 1000.000000000000000 ) ;
#7262 = CARTESIAN_POINT ( 'NONE',  ( -0.3199999999999939004, 1.000000000000000000, -1.220000000000000639 ) ) ;
#7263 = LINE ( 'NONE', #1021, #5731 ) ;
#7264 = VECTOR ( 'NONE', #8100, 1000.000000000000000 ) ;
#7265 = DIRECTION ( 'NONE',  ( 1.000000000000000000, 0.000000000000000000, -0.000000000000000000 ) ) ;
#7266 = DIRECTION ( 'NONE',  ( -0.000000000000000000, -1.000000000000000000, -0.000000000000000000 ) ) ;
#7267 = VECTOR ( 'NONE', #817, 1000.000000000000000 ) ;
#7268 = ORIENTED_EDGE ( 'NONE', *, *, #3228, .F. ) ;
#7269 = ORIENTED_EDGE ( 'NONE', *, *, #7826, .F. ) ;
#7270 = AXIS2_PLACEMENT_3D ( 'NONE', #4466, #4643, #7340 ) ;
#7271 = EDGE_CURVE ( 'NONE', #8726, #6546, #1298, .T. ) ;
#7272 = FACE_OUTER_BOUND ( 'NONE', #8265, .T. ) ;
#7273 = CARTESIAN_POINT ( 'NONE',  ( -2.399999999999980815, 4.900000000000000355, -3.199999999999985967 ) ) ;
#7274 = LINE ( 'NONE', #3034, #6101 ) ;
#7275 = LINE ( 'NONE', #3875, #7680 ) ;
#7276 =( REPRESENTATION_RELATIONSHIP ('NONE','NONE', #2653, #3319 ) REPRESENTATION_RELATIONSHIP_WITH_TRANSFORMATION ( #4390 )SHAPE_REPRESENTATION_RELATIONSHIP( ) );
#7277 = LINE ( 'NONE', #4542, #6700 ) ;
#7278 = EDGE_CURVE ( 'NONE', #7039, #7249, #2590, .T. ) ;
#7279 = VERTEX_POINT ( 'NONE', #3302 ) ;
#7280 = EDGE_CURVE ( 'NONE', #2737, #4338, #8557, .T. ) ;
#7281 = CARTESIAN_POINT ( 'NONE',  ( -2.319999999999998064, 16.60000000000000142, 3.419999999999999485 ) ) ;
#7282 = AXIS2_PLACEMENT_3D ( 'NONE', #3635, #7130, #363 ) ;
#7283 = DIRECTION ( 'NONE',  ( 1.000000000000000000, -0.000000000000000000, -5.421010862427523156E-16 ) ) ;
#7284 = SHAPE_REPRESENTATION_RELATIONSHIP ( 'NONE' , 'NONE' ,  #601, #5250 ) ;
#7285 = ORIENTED_EDGE ( 'NONE', *, *, #4377, .T. ) ;
#7286 = VERTEX_POINT ( 'NONE', #2507 ) ;
#7287 = PRESENTATION_LAYER_ASSIGNMENT (  '', '', ( #2339 ) ) ;
#7288 = ORIENTED_EDGE ( 'NONE', *, *, #2114, .T. ) ;
#7289 = EDGE_CURVE ( 'NONE', #4507, #8644, #559, .T. ) ;
#7290 = AXIS2_PLACEMENT_3D ( 'NONE', #7612, #1553, #4255 ) ;
#7291 = VECTOR ( 'NONE', #4397, 1000.000000000000000 ) ;
#7292 = CARTESIAN_POINT ( 'NONE',  ( 0.3081567944582159213, -2.340683238870190142, 2.779999999999999361 ) ) ;
#7293 = CARTESIAN_POINT ( 'NONE',  ( -0.3199999999999935674, 9.095554967719976958, -0.5800000000000006262 ) ) ;
#7294 = CARTESIAN_POINT ( 'NONE',  ( -2.370000000000000551, 9.800000000000000711, -5.570000000000000284 ) ) ;
#7295 = CARTESIAN_POINT ( 'NONE',  ( -4.899999999999996803, 16.60000000000000142, -3.199999999999998845 ) ) ;
#7296 = VECTOR ( 'NONE', #7703, 1000.000000000000000 ) ;
#7297 = LINE ( 'NONE', #1233, #2171 ) ;
#7298 = AXIS2_PLACEMENT_3D ( 'NONE', #6067, #2046, #2227 ) ;
#7299 = ORIENTED_EDGE ( 'NONE', *, *, #2979, .T. ) ;
#7300 = ORIENTED_EDGE ( 'NONE', *, *, #2365, .F. ) ;
#7301 = DIRECTION ( 'NONE',  ( -6.938893903907226405E-16, 0.000000000000000000, -1.000000000000000000 ) ) ;
#7302 = VECTOR ( 'NONE', #7730, 1000.000000000000000 ) ;
#7303 = CARTESIAN_POINT ( 'NONE',  ( -4.299999999999996270, 4.500000000000000888, -0.7999999999999999334 ) ) ;
#7304 = DIRECTION ( 'NONE',  ( 1.275531967630005245E-16, 0.000000000000000000, -1.000000000000000000 ) ) ;
#7305 = VECTOR ( 'NONE', #3191, 1000.000000000000000 ) ;
#7306 = AXIS2_PLACEMENT_3D ( 'NONE', #4641, #5995, #4718 ) ;
#7307 = ORIENTED_EDGE ( 'NONE', *, *, #8044, .F. ) ;
#7308 = CARTESIAN_POINT ( 'NONE',  ( -0.3199999999999934563, 4.500000000000003553, -1.220000000000000639 ) ) ;
#7309 = DIRECTION ( 'NONE',  ( -1.000000000000000000, 0.000000000000000000, 0.000000000000000000 ) ) ;
#7310 = EDGE_CURVE ( 'NONE', #8111, #1636, #3215, .T. ) ;
#7311 = CARTESIAN_POINT ( 'NONE',  ( -2.370000000000000995, 10.30000000000000249, -6.400000000000000355 ) ) ;
#7312 = DIRECTION ( 'NONE',  ( -1.275531967630005492E-16, 0.000000000000000000, -1.000000000000000000 ) ) ;
#7313 = MECHANICAL_DESIGN_GEOMETRIC_PRESENTATION_REPRESENTATION (  '', ( #8435 ), #5464 ) ;
#7314 = CARTESIAN_POINT ( 'NONE',  ( -4.899999999999996803, 16.60000000000000142, -1.400000000000001465 ) ) ;
#7315 = LINE ( 'NONE', #6686, #255 ) ;
#7316 = CARTESIAN_POINT ( 'NONE',  ( -1.679999999999993499, 0.9999999999999945599, -1.220000000000000639 ) ) ;
#7317 = ORIENTED_EDGE ( 'NONE', *, *, #1493, .T. ) ;
#7318 = EDGE_LOOP ( 'NONE', ( #1634, #7635, #1815, #1599 ) ) ;
#7319 = CARTESIAN_POINT ( 'NONE',  ( 2.599999999999996092, 16.60000000000000142, -4.500000000000000000 ) ) ;
#7320 = SURFACE_STYLE_USAGE ( .BOTH. , #1291 ) ;
#7321 = CARTESIAN_POINT ( 'NONE',  ( -4.899999999999996803, 1.000000000000000000, -1.400000000000001465 ) ) ;
#7322 = CARTESIAN_POINT ( 'NONE',  ( 2.099999999999992539, 10.30000000000000249, -10.70000000000000107 ) ) ;
#7323 = CARTESIAN_POINT ( 'NONE',  ( -1.734723475976807094E-15, 9.999999999999998224, -5.399999999999998579 ) ) ;
#7324 = VECTOR ( 'NONE', #2283, 1000.000000000000000 ) ;
#7325 = ORIENTED_EDGE ( 'NONE', *, *, #6675, .F. ) ;
#7326 = DIRECTION ( 'NONE',  ( 0.000000000000000000, -0.3420201433256667145, 0.9396926207859090940 ) ) ;
#7327 = DIRECTION ( 'NONE',  ( 0.000000000000000000, 0.000000000000000000, -1.000000000000000000 ) ) ;
#7328 = AXIS2_PLACEMENT_3D ( 'NONE', #8538, #4430, #5751 ) ;
#7329 = ORIENTED_EDGE ( 'NONE', *, *, #5696, .T. ) ;
#7330 = ORIENTED_EDGE ( 'NONE', *, *, #5322, .T. ) ;
#7331 = ORIENTED_EDGE ( 'NONE', *, *, #6848, .T. ) ;
#7332 = EDGE_CURVE ( 'NONE', #6855, #2433, #3881, .T. ) ;
#7333 =( NAMED_UNIT ( * ) PLANE_ANGLE_UNIT ( ) SI_UNIT ( $, .RADIAN. ) );
#7334 = DIRECTION ( 'NONE',  ( 0.000000000000000000, 1.000000000000000000, 0.000000000000000000 ) ) ;
#7336 = DIRECTION ( 'NONE',  ( 1.000000000000000000, 0.000000000000000000, 0.000000000000000000 ) ) ;
#7335 = AXIS2_PLACEMENT_3D ( 'NONE', #925, #5697, #7605 ) ;
#7337 = ADVANCED_FACE ( 'NONE', ( #3347 ), #2680, .T. ) ;
#7338 = DIRECTION ( 'NONE',  ( 0.000000000000000000, -0.000000000000000000, 1.000000000000000000 ) ) ;
#7339 = ADVANCED_FACE ( 'NONE', ( #4056 ), #6748, .F. ) ;
#7340 = DIRECTION ( 'NONE',  ( -1.000000000000000000, 0.000000000000000000, 0.000000000000000000 ) ) ;
#7341 = VECTOR ( 'NONE', #3967, 1000.000000000000000 ) ;
#7342 = ORIENTED_EDGE ( 'NONE', *, *, #8257, .T. ) ;
#7343 = ADVANCED_FACE ( 'NONE', ( #6961 ), #8155, .F. ) ;
#7344 = ORIENTED_EDGE ( 'NONE', *, *, #6032, .T. ) ;
#7345 = CYLINDRICAL_SURFACE ( 'NONE', #6256, 0.2999999999999999334 ) ;
#7346 = CARTESIAN_POINT ( 'NONE',  ( -0.3200000000000000622, -2.695554967719985040, 3.419999999999999485 ) ) ;
#7347 = EDGE_CURVE ( 'NONE', #7899, #6385, #2212, .T. ) ;
#7348 = EDGE_LOOP ( 'NONE', ( #4930, #4141, #4454, #1026 ) ) ;
#7349 = LINE ( 'NONE', #3991, #7995 ) ;
#7350 = ADVANCED_FACE ( 'NONE', ( #6877 ), #4921, .F. ) ;
#7351 = DIRECTION ( 'NONE',  ( 2.492418787322998744E-16, 1.000000000000000000, -0.000000000000000000 ) ) ;
#7352 = CARTESIAN_POINT ( 'NONE',  ( 2.242497968482774162, -3.300000000000005151, -0.8050000000000019362 ) ) ;
#7353 = LINE ( 'NONE', #7387, #3573 ) ;
#7354 = LINE ( 'NONE', #708, #5475 ) ;
#7355 = DIRECTION ( 'NONE',  ( 2.492418787322999237E-16, 1.000000000000000000, 0.000000000000000000 ) ) ;
#7356 = ORIENTED_EDGE ( 'NONE', *, *, #8601, .T. ) ;
#7357 = ORIENTED_EDGE ( 'NONE', *, *, #3228, .T. ) ;
#7358 = LINE ( 'NONE', #5402, #2594 ) ;
#7359 = LINE ( 'NONE', #5976, #1534 ) ;
#7360 = DIRECTION ( 'NONE',  ( 0.000000000000000000, 0.000000000000000000, 1.000000000000000000 ) ) ;
#7361 = LINE ( 'NONE', #5146, #6840 ) ;
#7362 = CARTESIAN_POINT ( 'NONE',  ( -1.427081109534045211E-14, 9.800000000000000711, -5.699999999999997513 ) ) ;
#7363 = EDGE_LOOP ( 'NONE', ( #3344, #5586, #2181, #2025 ) ) ;
#7364 = DIRECTION ( 'NONE',  ( 1.000000000000000000, -0.000000000000000000, 3.614007241618390679E-16 ) ) ;
#7365 = DIRECTION ( 'NONE',  ( 0.000000000000000000, 0.000000000000000000, 1.000000000000000000 ) ) ;
#7366 = ORIENTED_EDGE ( 'NONE', *, *, #670, .T. ) ;
#7367 = ORIENTED_EDGE ( 'NONE', *, *, #5813, .F. ) ;
#7368 = ORIENTED_EDGE ( 'NONE', *, *, #2623, .T. ) ;
#7369 = CARTESIAN_POINT ( 'NONE',  ( 1.599999999999995204, 9.800000000000000711, -5.699999999999999289 ) ) ;
#7370 = DIRECTION ( 'NONE',  ( 0.000000000000000000, -1.000000000000000000, 0.000000000000000000 ) ) ;
#7371 = DIRECTION ( 'NONE',  ( -1.000000000000000000, -0.000000000000000000, 2.040851148207998532E-15 ) ) ;
#7372 = LINE ( 'NONE', #3396, #4357 ) ;
#7373 = LINE ( 'NONE', #1309, #4444 ) ;
#7374 = ORIENTED_EDGE ( 'NONE', *, *, #8089, .F. ) ;
#7375 = DIRECTION ( 'NONE',  ( 0.000000000000000000, 0.000000000000000000, -1.000000000000000000 ) ) ;
#7376 = EDGE_CURVE ( 'NONE', #1546, #5812, #8688, .T. ) ;
#7377 = CARTESIAN_POINT ( 'NONE',  ( 1.880028303524377664, -1.150000000000005462, -1.220000000000000639 ) ) ;
#7378 = CIRCLE ( 'NONE', #1438, 1.000000000000000000 ) ;
#7379 = EDGE_LOOP ( 'NONE', ( #2683, #5640, #4310 ) ) ;
#7380 = ADVANCED_FACE ( 'NONE', ( #855 ), #6829, .F. ) ;
#7381 = LINE ( 'NONE', #7468, #4320 ) ;
#7382 = CIRCLE ( 'NONE', #1174, 0.2500000000000002220 ) ;
#7383 = ORIENTED_EDGE ( 'NONE', *, *, #8186, .F. ) ;
#7384 = EDGE_CURVE ( 'NONE', #7279, #8381, #2190, .T. ) ;
#7385 = CARTESIAN_POINT ( 'NONE',  ( -1.680000000000001048, 16.60000000000000142, 2.779999999999999361 ) ) ;
#7386 = DIRECTION ( 'NONE',  ( -3.880302512053385121E-15, 0.000000000000000000, -1.000000000000000000 ) ) ;
#7387 = CARTESIAN_POINT ( 'NONE',  ( -4.299999999999995381, 16.60000000000000142, 3.600000000000000533 ) ) ;
#7388 = EDGE_CURVE ( 'NONE', #6457, #2432, #3557, .T. ) ;
#7389 = PLANE ( 'NONE',  #1100 ) ;
#7390 = VECTOR ( 'NONE', #6103, 1000.000000000000000 ) ;
#7391 = FACE_OUTER_BOUND ( 'NONE', #1175, .T. ) ;
#7392 = ORIENTED_EDGE ( 'NONE', *, *, #247, .T. ) ;
#7393 = ORIENTED_EDGE ( 'NONE', *, *, #350, .F. ) ;
#7394 = LINE ( 'NONE', #4002, #7390 ) ;
#7395 = PLANE ( 'NONE',  #6057 ) ;
#7396 = CARTESIAN_POINT ( 'NONE',  ( 2.095000000000004192, 9.699999999999995737, -1.220000000000000639 ) ) ;
#7397 = VECTOR ( 'NONE', #5755, 1000.000000000000000 ) ;
#7398 = CARTESIAN_POINT ( 'NONE',  ( 4.299999999999998934, 4.500000000000000888, 3.599999999999997868 ) ) ;
#7399 = CARTESIAN_POINT ( 'NONE',  ( 1.599999999999995870, 12.49999999999999822, -0.8000000000000010436 ) ) ;
#7400 = ORIENTED_EDGE ( 'NONE', *, *, #23, .T. ) ;
#7401 = CIRCLE ( 'NONE', #8245, 1.000000000000000444 ) ;
#7402 = DIRECTION ( 'NONE',  ( -0.000000000000000000, -1.000000000000000000, -0.000000000000000000 ) ) ;
#7403 = CARTESIAN_POINT ( 'NONE',  ( -0.9499999999999999556, 4.500000000000000888, 5.699999999999999289 ) ) ;
#7404 = VECTOR ( 'NONE', #6225, 1000.000000000000114 ) ;
#7405 = CARTESIAN_POINT ( 'NONE',  ( 0.000000000000000000, 0.000000000000000000, 0.000000000000000000 ) ) ;
#7406 = EDGE_LOOP ( 'NONE', ( #5891, #7023, #465, #8693 ) ) ;
#7407 = ORIENTED_EDGE ( 'NONE', *, *, #2536, .F. ) ;
#7408 = AXIS2_PLACEMENT_3D ( 'NONE', #3608, #289, #5680 ) ;
#7409 = VERTEX_POINT ( 'NONE', #6112 ) ;
#7410 =( LENGTH_UNIT ( ) NAMED_UNIT ( * ) SI_UNIT ( .MILLI., .METRE. ) );
#7411 = LINE ( 'NONE', #8071, #8420 ) ;
#7412 = CARTESIAN_POINT ( 'NONE',  ( -2.320000000000002061, 9.081817580622704611, 2.779999999999999361 ) ) ;
#7413 = EDGE_CURVE ( 'NONE', #7664, #8131, #2050, .T. ) ;
#7414 = PRESENTATION_LAYER_ASSIGNMENT (  '', '', ( #6994 ) ) ;
#7415 = CARTESIAN_POINT ( 'NONE',  ( -0.3499999999999999778, 16.40000000000000213, 5.200000000000001066 ) ) ;
#7416 = CARTESIAN_POINT ( 'NONE',  ( -0.3199999999999998956, 4.500000000000003553, 2.779999999999999361 ) ) ;
#7417 = VECTOR ( 'NONE', #539, 1000.000000000000000 ) ;
#7418 = ORIENTED_EDGE ( 'NONE', *, *, #8108, .T. ) ;
#7419 = FACE_OUTER_BOUND ( 'NONE', #2682, .T. ) ;
#7420 = CARTESIAN_POINT ( 'NONE',  ( -4.899999999999996803, 1.000000000000000000, 3.600000000000000533 ) ) ;
#7421 = ORIENTED_EDGE ( 'NONE', *, *, #6026, .F. ) ;
#7422 = AXIS2_PLACEMENT_3D ( 'NONE', #8221, #5395, #4164 ) ;
#7423 = LINE ( 'NONE', #1364, #3469 ) ;
#7424 = ADVANCED_FACE ( 'NONE', ( #1386 ), #4876, .F. ) ;
#7425 = ORIENTED_EDGE ( 'NONE', *, *, #6584, .T. ) ;
#7426 = ORIENTED_EDGE ( 'NONE', *, *, #527, .F. ) ;
#7427 = CARTESIAN_POINT ( 'NONE',  ( 4.299999999999984723, 28.50378091196238373, -3.200000000000016165 ) ) ;
#7428 = EDGE_CURVE ( 'NONE', #7677, #447, #1565, .T. ) ;
#7429 = EDGE_CURVE ( 'NONE', #7975, #1805, #2887, .T. ) ;
#7430 = LINE ( 'NONE', #41, #4043 ) ;
#7431 = FACE_OUTER_BOUND ( 'NONE', #7185, .T. ) ;
#7432 = ADVANCED_FACE ( 'NONE', ( #5410 ), #718, .F. ) ;
#7433 = CARTESIAN_POINT ( 'NONE',  ( -2.399999999999995914, 16.60000000000000142, 6.099999999999999645 ) ) ;
#7434 = CARTESIAN_POINT ( 'NONE',  ( -1.599999999999996314, 12.49999999999999822, 1.200000000000000178 ) ) ;
#7435 =( REPRESENTATION_RELATIONSHIP ('NONE','NONE', #2653, #8114 ) REPRESENTATION_RELATIONSHIP_WITH_TRANSFORMATION ( #7696 )SHAPE_REPRESENTATION_RELATIONSHIP( ) );
#7436 = VERTEX_POINT ( 'NONE', #4793 ) ;
#7437 = LINE ( 'NONE', #7035, #612 ) ;
#7438 = DIRECTION ( 'NONE',  ( 2.492418787322999237E-16, 1.000000000000000000, 0.000000000000000000 ) ) ;
#7439 = FACE_OUTER_BOUND ( 'NONE', #6538, .T. ) ;
#7440 = LINE ( 'NONE', #8192, #3450 ) ;
#7441 = LINE ( 'NONE', #6826, #2601 ) ;
#7442 = VERTEX_POINT ( 'NONE', #4753 ) ;
#7443 = ADVANCED_FACE ( 'NONE', ( #7622 ), #6166, .F. ) ;
#7444 = CYLINDRICAL_SURFACE ( 'NONE', #5471, 0.2500000000000002220 ) ;
#7445 = CARTESIAN_POINT ( 'NONE',  ( -0.9499999999999999556, 28.50378091196238373, 5.699999999999999289 ) ) ;
#7446 =( LENGTH_UNIT ( ) NAMED_UNIT ( * ) SI_UNIT ( .MILLI., .METRE. ) );
#7447 = EDGE_LOOP ( 'NONE', ( #5288, #7172, #3789, #5821 ) ) ;
#7448 = ORIENTED_EDGE ( 'NONE', *, *, #4682, .F. ) ;
#7449 = ORIENTED_EDGE ( 'NONE', *, *, #1926, .F. ) ;
#7450 = DIRECTION ( 'NONE',  ( 0.000000000000000000, -1.000000000000000000, -0.000000000000000000 ) ) ;
#7451 = VECTOR ( 'NONE', #113, 1000.000000000000000 ) ;
#7452 = DIRECTION ( 'NONE',  ( -0.9396926207859090940, -0.3420201433256667145, 0.000000000000000000 ) ) ;
#7453 = PLANE ( 'NONE',  #2440 ) ;
#7454 = CIRCLE ( 'NONE', #1247, 0.8299999999999999600 ) ;
#7455 = CARTESIAN_POINT ( 'NONE',  ( 0.8500000000000043077, 16.60000000000000142, 6.399999999999999467 ) ) ;
#7456 = PLANE ( 'NONE',  #4596 ) ;
#7457 = AXIS2_PLACEMENT_3D ( 'NONE', #3514, #6207, #6246 ) ;
#7458 = ORIENTED_EDGE ( 'NONE', *, *, #7708, .F. ) ;
#7459 = ADVANCED_FACE ( 'NONE', ( #2136 ), #4829, .T. ) ;
#7460 = EDGE_CURVE ( 'NONE', #8370, #4537, #4321, .T. ) ;
#7461 = VECTOR ( 'NONE', #6229, 1000.000000000000000 ) ;
#7462 = ORIENTED_EDGE ( 'NONE', *, *, #8465, .T. ) ;
#7463 = CARTESIAN_POINT ( 'NONE',  ( -4.899999999999996803, 16.60000000000000142, -3.199999999999998845 ) ) ;
#7464 = CARTESIAN_POINT ( 'NONE',  ( 4.899999999999996803, -1.000000000000000000, -0.4000000000000031308 ) ) ;
#7465 = VERTEX_POINT ( 'NONE', #4963 ) ;
#7466 = CARTESIAN_POINT ( 'NONE',  ( -1.600000000000000089, 14.00000000000000000, -10.69999999999999929 ) ) ;
#7467 = AXIS2_PLACEMENT_3D ( 'NONE', #6220, #4241, #2993 ) ;
#7468 = CARTESIAN_POINT ( 'NONE',  ( 0.3200000000000079448, 9.095554967719976958, -1.220000000000000639 ) ) ;
#7469 = ORIENTED_EDGE ( 'NONE', *, *, #1002, .F. ) ;
#7470 = ORIENTED_EDGE ( 'NONE', *, *, #8036, .T. ) ;
#7471 = DIRECTION ( 'NONE',  ( 0.000000000000000000, -1.000000000000000000, 0.000000000000000000 ) ) ;
#7472 = DIRECTION ( 'NONE',  ( -1.000000000000000000, 0.000000000000000000, -5.215919954004830835E-16 ) ) ;
#7473 = CARTESIAN_POINT ( 'NONE',  ( -4.800759084442445257, 0.04104861945307413523, -2.106614020892766614 ) ) ;
#7474 = ORIENTED_EDGE ( 'NONE', *, *, #2647, .T. ) ;
#7475 = LINE ( 'NONE', #2705, #822 ) ;
#7476 = CARTESIAN_POINT ( 'NONE',  ( -2.319999999999998064, 9.081817580622704611, 3.419999999999999485 ) ) ;
#7477 = ORIENTED_EDGE ( 'NONE', *, *, #8294, .T. ) ;
#7478 = DIRECTION ( 'NONE',  ( -6.776263578034403699E-16, 0.000000000000000000, -1.000000000000000000 ) ) ;
#7479 = CARTESIAN_POINT ( 'NONE',  ( 0.8500000000000041966, 0.2500000000000002220, 6.149999999999999467 ) ) ;
#7480 = DIRECTION ( 'NONE',  ( 0.000000000000000000, -1.000000000000000000, 0.000000000000000000 ) ) ;
#7481 = EDGE_CURVE ( 'NONE', #5555, #1906, #1741, .T. ) ;
#7482 = CARTESIAN_POINT ( 'NONE',  ( -2.319999999999993179, -0.4992691472256670648, -1.220000000000000639 ) ) ;
#7483 = DIRECTION ( 'NONE',  ( -0.3236155771181846164, 0.8891264907159880382, -0.3236155771181854490 ) ) ;
#7484 = ORIENTED_EDGE ( 'NONE', *, *, #7920, .F. ) ;
#7485 = CARTESIAN_POINT ( 'NONE',  ( -1.679999999999993276, -0.6150000000000054312, -0.5800000000000006262 ) ) ;
#7486 = CARTESIAN_POINT ( 'NONE',  ( -2.319999999999993179, -0.4992691472256670648, -1.220000000000000639 ) ) ;
#7487 = EDGE_CURVE ( 'NONE', #6607, #3005, #5632, .T. ) ;
#7488 = ORIENTED_EDGE ( 'NONE', *, *, #1118, .T. ) ;
#7489 = VERTEX_POINT ( 'NONE', #2978 ) ;
#7490 = VERTEX_POINT ( 'NONE', #8457 ) ;
#7491 = EDGE_CURVE ( 'NONE', #2104, #4268, #2409, .T. ) ;
#7492 = ADVANCED_FACE ( 'NONE', ( #7661 ), #987, .F. ) ;
#7493 = FACE_OUTER_BOUND ( 'NONE', #5028, .T. ) ;
#7494 = SURFACE_STYLE_USAGE ( .BOTH. , #6834 ) ;
#7495 = DIRECTION ( 'NONE',  ( -1.000000000000000000, 0.000000000000000000, 0.000000000000000000 ) ) ;
#7496 = CARTESIAN_POINT ( 'NONE',  ( 2.599999999999996092, 11.00000000000000000, -4.500000000000000000 ) ) ;
#7497 = EDGE_CURVE ( 'NONE', #332, #561, #2318, .T. ) ;
#7498 = DIRECTION ( 'NONE',  ( -2.480144778354862662E-16, 0.000000000000000000, 1.000000000000000000 ) ) ;
#7499 = CARTESIAN_POINT ( 'NONE',  ( -2.100000000000000089, 9.800000000000000711, -6.399999999999997691 ) ) ;
#7500 = EDGE_LOOP ( 'NONE', ( #1624, #6973, #5974, #2257 ) ) ;
#7501 = EDGE_LOOP ( 'NONE', ( #4184, #6363, #1500, #530, #6353, #1374, #1969, #7688 ) ) ;
#7502 =( NAMED_UNIT ( * ) SI_UNIT ( $, .STERADIAN. ) SOLID_ANGLE_UNIT ( ) );
#7503 = DIRECTION ( 'NONE',  ( -1.000000000000000000, 0.000000000000000000, 0.000000000000000000 ) ) ;
#7504 = PLANE ( 'NONE',  #374 ) ;
#7505 = CARTESIAN_POINT ( 'NONE',  ( -2.505263157894733528, 11.00000000000000000, -4.194444401457429805 ) ) ;
#7506 = VERTEX_POINT ( 'NONE', #3731 ) ;
#7507 = ORIENTED_EDGE ( 'NONE', *, *, #3115, .F. ) ;
#7508 = CIRCLE ( 'NONE', #1157, 0.3300000000000004041 ) ;
#7509 = CARTESIAN_POINT ( 'NONE',  ( 1.607973257203535233, -3.216463236979171914, -1.220000000000000639 ) ) ;
#7510 = LINE ( 'NONE', #8137, #6865 ) ;
#7511 = DIRECTION ( 'NONE',  ( -2.492418787322998744E-16, 1.000000000000000000, 0.000000000000000000 ) ) ;
#7512 = ORIENTED_EDGE ( 'NONE', *, *, #531, .T. ) ;
#7513 = PLANE ( 'NONE',  #544 ) ;
#7514 = VECTOR ( 'NONE', #451, 1000.000000000000000 ) ;
#7515 = DIRECTION ( 'NONE',  ( 0.000000000000000000, 0.000000000000000000, 1.000000000000000000 ) ) ;
#7516 = ORIENTED_EDGE ( 'NONE', *, *, #619, .F. ) ;
#7517 = CARTESIAN_POINT ( 'NONE',  ( 2.320000000000006057, -0.4992691472256670648, -1.220000000000000639 ) ) ;
#7518 = LINE ( 'NONE', #1514, #1170 ) ;
#7519 = DIRECTION ( 'NONE',  ( -0.9914448613738103822, -0.1305261922200516844, 0.000000000000000000 ) ) ;
#7520 = VECTOR ( 'NONE', #5256, 1000.000000000000114 ) ;
#7521 = DIRECTION ( 'NONE',  ( 1.000000000000000000, 2.710505431213765029E-15, 0.000000000000000000 ) ) ;
#7522 = VERTEX_POINT ( 'NONE', #2275 ) ;
#7523 = DIRECTION ( 'NONE',  ( -0.4226182617407035491, 0.000000000000000000, 0.9063077870366481603 ) ) ;
#7524 = CARTESIAN_POINT ( 'NONE',  ( -2.319999999999998064, 16.60000000000000142, 3.419999999999999485 ) ) ;
#7525 = B_SPLINE_CURVE_WITH_KNOTS ( 'NONE', 3,
 ( #3539, #2871, #8266, #3676 ),
 .UNSPECIFIED., .F., .F.,
 ( 4, 4 ),
 ( 9.520142563704387902E-05, 0.0001606424476487439850 ),
 .UNSPECIFIED. ) ;
#7526 = ORIENTED_EDGE ( 'NONE', *, *, #2902, .F. ) ;
#7527 = ORIENTED_EDGE ( 'NONE', *, *, #8238, .F. ) ;
#7528 = ADVANCED_FACE ( 'NONE', ( #7712 ), #6293, .F. ) ;
#7529 = ORIENTED_EDGE ( 'NONE', *, *, #7057, .F. ) ;
#7530 = AXIS2_PLACEMENT_3D ( 'NONE', #901, #4318, #331 ) ;
#7531 = SURFACE_STYLE_FILL_AREA ( #6213 ) ;
#7532 = ADVANCED_FACE ( 'NONE', ( #3114 ), #1482, .T. ) ;
#7533 = CARTESIAN_POINT ( 'NONE',  ( 0.2864873466388674905, -2.787630226095704877, 2.813512653361131211 ) ) ;
#7534 = EDGE_CURVE ( 'NONE', #7142, #3173, #7838, .T. ) ;
#7535 = VECTOR ( 'NONE', #2758, 1000.000000000000000 ) ;
#7536 = CARTESIAN_POINT ( 'NONE',  ( -4.899999999999996803, 12.49999999999999822, 1.200000000000000622 ) ) ;
#7537 = AXIS2_PLACEMENT_3D ( 'NONE', #3804, #7208, #1183 ) ;
#7538 = FACE_OUTER_BOUND ( 'NONE', #7913, .T. ) ;
#7539 = VECTOR ( 'NONE', #3394, 1000.000000000000000 ) ;
#7540 = ADVANCED_FACE ( 'NONE', ( #3644 ), #5011, .T. ) ;
#7541 = ADVANCED_FACE ( 'NONE', ( #6473 ), #3074, .T. ) ;
#7542 = ORIENTED_EDGE ( 'NONE', *, *, #3797, .T. ) ;
#7543 = VECTOR ( 'NONE', #5459, 1000.000000000000227 ) ;
#7544 = PRODUCT_DEFINITION_SHAPE ( 'NONE', 'NONE',  #8751 ) ;
#7545 = EDGE_LOOP ( 'NONE', ( #6365, #763, #1216, #8438 ) ) ;
#7546 = PRESENTATION_STYLE_ASSIGNMENT (( #5605 ) ) ;
#7547 = DIRECTION ( 'NONE',  ( 0.000000000000000000, -1.000000000000000000, 0.000000000000000000 ) ) ;
#7548 = DIRECTION ( 'NONE',  ( -1.000000000000000000, 0.000000000000000000, -3.811648262644353104E-15 ) ) ;
#7549 = CARTESIAN_POINT ( 'NONE',  ( 2.323186965781464330, -2.687106216916753443, 2.779999999999999361 ) ) ;
#7550 = EDGE_CURVE ( 'NONE', #4422, #7990, #5798, .T. ) ;
#7551 =( GEOMETRIC_REPRESENTATION_CONTEXT ( 3 ) GLOBAL_UNCERTAINTY_ASSIGNED_CONTEXT ( ( #3136 ) ) GLOBAL_UNIT_ASSIGNED_CONTEXT ( ( #7903, #5067, #1712 ) ) REPRESENTATION_CONTEXT ( 'NONE', 'WORKASPACE' ) );
#7552 = VECTOR ( 'NONE', #7888, 1000.000000000000000 ) ;
#7553 = CARTESIAN_POINT ( 'NONE',  ( 0.7500000000000039968, 4.500000000000000888, 5.999999999999994671 ) ) ;
#7554 = ORIENTED_EDGE ( 'NONE', *, *, #1272, .F. ) ;
#7555 = ORIENTED_EDGE ( 'NONE', *, *, #5622, .F. ) ;
#7556 = EDGE_LOOP ( 'NONE', ( #421, #7288, #2358, #4772 ) ) ;
#7557 = DIRECTION ( 'NONE',  ( -1.000000000000000000, 6.776263578034402713E-16, 0.000000000000000000 ) ) ;
#7558 = DIRECTION ( 'NONE',  ( -0.000000000000000000, -1.000000000000000000, -0.000000000000000000 ) ) ;
#7559 = VECTOR ( 'NONE', #7086, 1000.000000000000227 ) ;
#7560 = VECTOR ( 'NONE', #7132, 1000.000000000000000 ) ;
#7561 = CARTESIAN_POINT ( 'NONE',  ( 2.320000000000002061, 9.081817580622704611, 2.779999999999999361 ) ) ;
#7562 = ORIENTED_EDGE ( 'NONE', *, *, #5757, .T. ) ;
#7563 = FACE_OUTER_BOUND ( 'NONE', #4470, .T. ) ;
#7564 = VECTOR ( 'NONE', #3900, 1000.000000000000000 ) ;
#7565 = ORIENTED_EDGE ( 'NONE', *, *, #5105, .T. ) ;
#7566 = EDGE_CURVE ( 'NONE', #8515, #3083, #418, .T. ) ;
#7567 = CARTESIAN_POINT ( 'NONE',  ( 1.199999999999978639, 8.763068312314702624, -5.400000000000003020 ) ) ;
#7568 = EDGE_CURVE ( 'NONE', #6068, #8429, #212, .T. ) ;
#7569 = DIRECTION ( 'NONE',  ( -0.000000000000000000, -1.000000000000000000, -0.000000000000000000 ) ) ;
#7570 = DIRECTION ( 'NONE',  ( 5.500731610404397960E-16, 0.000000000000000000, 1.000000000000000000 ) ) ;
#7571 = LINE ( 'NONE', #1515, #7120 ) ;
#7572 = AXIS2_PLACEMENT_3D ( 'NONE', #4282, #160, #5427 ) ;
#7573 = PLANE ( 'NONE',  #1225 ) ;
#7574 = ORIENTED_EDGE ( 'NONE', *, *, #8727, .T. ) ;
#7575 = DIRECTION ( 'NONE',  ( 0.000000000000000000, 0.000000000000000000, -1.000000000000000000 ) ) ;
#7576 = CARTESIAN_POINT ( 'NONE',  ( -0.8499999999999999778, 0.2499999999999655276, 6.100000000000000533 ) ) ;
#7577 = ORIENTED_EDGE ( 'NONE', *, *, #7972, .T. ) ;
#7578 = VERTEX_POINT ( 'NONE', #3027 ) ;
#7579 = ORIENTED_EDGE ( 'NONE', *, *, #7201, .F. ) ;
#7580 = PRESENTATION_STYLE_ASSIGNMENT (( #6752 ) ) ;
#7581 = DIRECTION ( 'NONE',  ( -0.000000000000000000, 1.000000000000000000, -0.000000000000000000 ) ) ;
#7582 = DIRECTION ( 'NONE',  ( -1.626303258728259412E-15, 0.000000000000000000, -1.000000000000000000 ) ) ;
#7583 = DIRECTION ( 'NONE',  ( -0.000000000000000000, 1.000000000000000000, -0.000000000000000000 ) ) ;
#7584 = CARTESIAN_POINT ( 'NONE',  ( 2.323186965781464330, -2.687106216916753887, 2.779999999999999361 ) ) ;
#7585 = CARTESIAN_POINT ( 'NONE',  ( -4.899999999999996803, -1.000000000000000000, 3.600000000000000533 ) ) ;
#7586 = VERTEX_POINT ( 'NONE', #5715 ) ;
#7587 = EDGE_CURVE ( 'NONE', #4059, #325, #8414, .T. ) ;
#7588 = ORIENTED_EDGE ( 'NONE', *, *, #6767, .T. ) ;
#7589 = ORIENTED_EDGE ( 'NONE', *, *, #4143, .T. ) ;
#7590 = CARTESIAN_POINT ( 'NONE',  ( -1.688662254502225846, -2.603569453895921093, 3.419999999999999485 ) ) ;
#7591 = EDGE_CURVE ( 'NONE', #8263, #6385, #5052, .T. ) ;
#7592 = PLANE ( 'NONE',  #2643 ) ;
#7593 = AXIS2_PLACEMENT_3D ( 'NONE', #5792, #8491, #4565 ) ;
#7594 = EDGE_CURVE ( 'NONE', #2732, #104, #7986, .T. ) ;
#7595 = DIRECTION ( 'NONE',  ( 2.168404344971006896E-15, 0.000000000000000000, 1.000000000000000000 ) ) ;
#7596 = AXIS2_PLACEMENT_3D ( 'NONE', #6971, #862, #3565 ) ;
#7597 = CARTESIAN_POINT ( 'NONE',  ( -0.8499999999999999778, 0.000000000000000000, 6.100000000000000533 ) ) ;
#7598 = LINE ( 'NONE', #1544, #342 ) ;
#7599 = EDGE_CURVE ( 'NONE', #7442, #3139, #3999, .T. ) ;
#7600 = ORIENTED_EDGE ( 'NONE', *, *, #2482, .T. ) ;
#7601 = VECTOR ( 'NONE', #657, 1000.000000000000114 ) ;
#7602 = ORIENTED_EDGE ( 'NONE', *, *, #2792, .T. ) ;
#7603 = ORIENTED_EDGE ( 'NONE', *, *, #145, .T. ) ;
#7604 = EDGE_CURVE ( 'NONE', #2540, #4441, #3330, .T. ) ;
#7605 = DIRECTION ( 'NONE',  ( -6.938893903907229364E-16, 0.000000000000000000, -1.000000000000000000 ) ) ;
#7606 = ADVANCED_FACE ( 'NONE', ( #6511 ), #8629, .F. ) ;
#7607 = CARTESIAN_POINT ( 'NONE',  ( 3.195675813381278818, 10.23438378227294798, -5.570000000000007390 ) ) ;
#7608 = CARTESIAN_POINT ( 'NONE',  ( 2.399999999999999911, 0.000000000000000000, 5.849999999999998757 ) ) ;
#7609 = VECTOR ( 'NONE', #1336, 1000.000000000000000 ) ;
#7610 = ORIENTED_EDGE ( 'NONE', *, *, #5330, .T. ) ;
#7611 = EDGE_CURVE ( 'NONE', #325, #3923, #5886, .T. ) ;
#7612 = CARTESIAN_POINT ( 'NONE',  ( 0.000000000000000000, 9.081817580622704611, 2.779999999999999361 ) ) ;
#7613 = ORIENTED_EDGE ( 'NONE', *, *, #4819, .F. ) ;
#7614 = AXIS2_PLACEMENT_3D ( 'NONE', #139, #2838, #712 ) ;
#7615 = DIRECTION ( 'NONE',  ( 0.000000000000000000, -0.000000000000000000, -1.000000000000000000 ) ) ;
#7616 = DIRECTION ( 'NONE',  ( -1.000000000000000000, -0.000000000000000000, -0.000000000000000000 ) ) ;
#7617 = DIRECTION ( 'NONE',  ( -0.4369012962294799296, -0.8392795813073637978, -0.3236155771181855600 ) ) ;
#7618 = DIRECTION ( 'NONE',  ( 1.000000000000000000, -6.231046968307498093E-18, 0.000000000000000000 ) ) ;
#7619 = CARTESIAN_POINT ( 'NONE',  ( -3.399999999999995914, 4.900000000000000355, -3.199999999999999289 ) ) ;
#7620 = ORIENTED_EDGE ( 'NONE', *, *, #3683, .T. ) ;
#7621 = LINE ( 'NONE', #5537, #966 ) ;
#7622 = FACE_OUTER_BOUND ( 'NONE', #305, .T. ) ;
#7623 = ORIENTED_EDGE ( 'NONE', *, *, #4887, .F. ) ;
#7624 = VERTEX_POINT ( 'NONE', #4572 ) ;
#7625 = VERTEX_POINT ( 'NONE', #6688 ) ;
#7626 = EDGE_CURVE ( 'NONE', #1403, #5786, #1996, .T. ) ;
#7627 = SURFACE_STYLE_FILL_AREA ( #5721 ) ;
#7628 = FACE_OUTER_BOUND ( 'NONE', #5784, .T. ) ;
#7629 = CARTESIAN_POINT ( 'NONE',  ( -0.3500000000000000333, 16.40000000000000213, 4.800000000000001599 ) ) ;
#7630 = ORIENTED_EDGE ( 'NONE', *, *, #8254, .T. ) ;
#7631 = DIRECTION ( 'NONE',  ( -0.9396926207859077618, 0.3420201433256703782, 0.000000000000000000 ) ) ;
#7632 = DIRECTION ( 'NONE',  ( -1.000000000000000000, 0.000000000000000000, 0.000000000000000000 ) ) ;
#7633 = ORIENTED_EDGE ( 'NONE', *, *, #4489, .T. ) ;
#7634 = ORIENTED_EDGE ( 'NONE', *, *, #8073, .T. ) ;
#7635 = ORIENTED_EDGE ( 'NONE', *, *, #7428, .T. ) ;
#7636 =( NAMED_UNIT ( * ) PLANE_ANGLE_UNIT ( ) SI_UNIT ( $, .RADIAN. ) );
#7637 = CARTESIAN_POINT ( 'NONE',  ( 3.199999999999996625, 16.60000000000000142, -5.568543856465403508 ) ) ;
#7638 = DIRECTION ( 'NONE',  ( 0.000000000000000000, 1.000000000000000000, 0.000000000000000000 ) ) ;
#7639 = CARTESIAN_POINT ( 'NONE',  ( 0.3500000000000000333, 4.900000000000000355, 4.700000000000000178 ) ) ;
#7640 = LINE ( 'NONE', #920, #198 ) ;
#7641 = VERTEX_POINT ( 'NONE', #5228 ) ;
#7642 = ORIENTED_EDGE ( 'NONE', *, *, #951, .F. ) ;
#7643 = ORIENTED_EDGE ( 'NONE', *, *, #1707, .F. ) ;
#7644 = EDGE_CURVE ( 'NONE', #7772, #6986, #454, .T. ) ;
#7645 = CARTESIAN_POINT ( 'NONE',  ( 4.899999999999997691, -1.000000000000000000, 2.599999999999995204 ) ) ;
#7646 = DIRECTION ( 'NONE',  ( 0.000000000000000000, 0.000000000000000000, -1.000000000000000000 ) ) ;
#7647 = CARTESIAN_POINT ( 'NONE',  ( 2.399999999999991918, 10.61072851046018961, -5.699999999999996625 ) ) ;
#7648 = ADVANCED_FACE ( 'NONE', ( #1914 ), #1287, .F. ) ;
#7649 = EDGE_LOOP ( 'NONE', ( #8611, #716, #1998, #4231 ) ) ;
#7650 = CARTESIAN_POINT ( 'NONE',  ( 2.094999999999997531, 9.700000000000001066, 3.004999999999999893 ) ) ;
#7651 = EDGE_CURVE ( 'NONE', #4409, #4206, #1835, .T. ) ;
#7652 = AXIS2_PLACEMENT_3D ( 'NONE', #5157, #8608, #4460 ) ;
#7653 = ORIENTED_EDGE ( 'NONE', *, *, #6802, .F. ) ;
#7654 = CARTESIAN_POINT ( 'NONE',  ( -0.3199999999999934563, 16.60000000000000142, -1.220000000000000639 ) ) ;
#7655 = CARTESIAN_POINT ( 'NONE',  ( 2.077033263131804475, 9.749363203846657555, -0.9770332631318006111 ) ) ;
#7656 = DIRECTION ( 'NONE',  ( -0.3236155771181851160, 0.8891264907159885933, -0.3236155771181835616 ) ) ;
#7657 = LINE ( 'NONE', #1604, #7973 ) ;
#7658 = DIRECTION ( 'NONE',  ( 1.000000000000000000, 0.000000000000000000, -0.000000000000000000 ) ) ;
#7659 = VERTEX_POINT ( 'NONE', #628 ) ;
#7660 = DIRECTION ( 'NONE',  ( -0.7071067811865414665, 0.000000000000000000, -0.7071067811865536790 ) ) ;
#7661 = FACE_OUTER_BOUND ( 'NONE', #4607, .T. ) ;
#7662 = VECTOR ( 'NONE', #7570, 1000.000000000000000 ) ;
#7663 = VERTEX_POINT ( 'NONE', #4620 ) ;
#7664 = VERTEX_POINT ( 'NONE', #5972 ) ;
#7665 = MECHANICAL_DESIGN_GEOMETRIC_PRESENTATION_REPRESENTATION (  '', ( #6965 ), #1173 ) ;
#7666 = VERTEX_POINT ( 'NONE', #7224 ) ;
#7667 = CIRCLE ( 'NONE', #6251, 0.4999999999999991673 ) ;
#7668 = CARTESIAN_POINT ( 'NONE',  ( -2.319999999999999396, -0.4992691472256616803, 3.419999999999999485 ) ) ;
#7669 = PLANE ( 'NONE',  #2323 ) ;
#7670 = ORIENTED_EDGE ( 'NONE', *, *, #1937, .F. ) ;
#7671 = FACE_OUTER_BOUND ( 'NONE', #4965, .T. ) ;
#7672 = DIRECTION ( 'NONE',  ( 0.000000000000000000, -1.000000000000000000, 0.000000000000000000 ) ) ;
#7673 = ORIENTED_EDGE ( 'NONE', *, *, #6198, .T. ) ;
#7674 = ORIENTED_EDGE ( 'NONE', *, *, #458, .T. ) ;
#7675 = VECTOR ( 'NONE', #7099, 1000.000000000000114 ) ;
#7676 = EDGE_CURVE ( 'NONE', #3505, #8208, #8586, .T. ) ;
#7677 = VERTEX_POINT ( 'NONE', #2622 ) ;
#7678 = PLANE ( 'NONE',  #7467 ) ;
#7679 = LINE ( 'NONE', #5030, #7302 ) ;
#7680 = VECTOR ( 'NONE', #1880, 1000.000000000000000 ) ;
#7681 = DIRECTION ( 'NONE',  ( 0.000000000000000000, 0.000000000000000000, -1.000000000000000000 ) ) ;
#7682 = PLANE ( 'NONE',  #3341 ) ;
#7683 = VECTOR ( 'NONE', #4352, 1000.000000000000000 ) ;
#7684 = CARTESIAN_POINT ( 'NONE',  ( -0.9000000000000000222, 0.000000000000000000, 5.850000000000000533 ) ) ;
#7685 = ORIENTED_EDGE ( 'NONE', *, *, #4367, .F. ) ;
#7686 = VECTOR ( 'NONE', #5996, 1000.000000000000227 ) ;
#7687 = ORIENTED_EDGE ( 'NONE', *, *, #8669, .T. ) ;
#7688 = ORIENTED_EDGE ( 'NONE', *, *, #4157, .F. ) ;
#7689 = FACE_OUTER_BOUND ( 'NONE', #1988, .T. ) ;
#7690 = LINE ( 'NONE', #5826, #5128 ) ;
#7691 = LINE ( 'NONE', #2163, #1495 ) ;
#7692 = ORIENTED_EDGE ( 'NONE', *, *, #3171, .T. ) ;
#7693 = ADVANCED_FACE ( 'NONE', ( #8714 ), #1204, .F. ) ;
#7694 = CARTESIAN_POINT ( 'NONE',  ( -2.399999999999995914, 10.61072851046018961, -5.699999999999994849 ) ) ;
#7695 = AXIS2_PLACEMENT_3D ( 'NONE', #7907, #3265, #6448 ) ;
#7696 = ITEM_DEFINED_TRANSFORMATION ( 'NONE', 'NONE', #4312,  #7976 ) ;
#7697 = ORIENTED_EDGE ( 'NONE', *, *, #7809, .F. ) ;
#7698 = ADVANCED_FACE ( 'NONE', ( #3915 ), #2668, .T. ) ;
#7699 = ADVANCED_FACE ( 'NONE', ( #5361 ), #1343, .F. ) ;
#7700 = CIRCLE ( 'NONE', #3325, 0.2500000000000002220 ) ;
#7701 = VECTOR ( 'NONE', #547, 1000.000000000000114 ) ;
#7702 = LINE ( 'NONE', #8317, #2520 ) ;
#7703 = DIRECTION ( 'NONE',  ( 1.000000000000000000, 0.000000000000000000, 0.000000000000000000 ) ) ;
#7704 = CARTESIAN_POINT ( 'NONE',  ( 0.1230399491857787492, 9.636698259866692595, 3.223039949185777964 ) ) ;
#7705 = EDGE_CURVE ( 'NONE', #5498, #1038, #3470, .T. ) ;
#7706 = CARTESIAN_POINT ( 'NONE',  ( -1.599999999999996314, 12.49999999999999822, -0.7999999999999999334 ) ) ;
#7707 = LINE ( 'NONE', #321, #2351 ) ;
#7708 = EDGE_CURVE ( 'NONE', #6497, #4299, #778, .T. ) ;
#7709 = ORIENTED_EDGE ( 'NONE', *, *, #6384, .F. ) ;
#7710 = CARTESIAN_POINT ( 'NONE',  ( 2.099999999999996092, 9.800000000000000711, -5.700000000000000178 ) ) ;
#7711 = AXIS2_PLACEMENT_3D ( 'NONE', #2616, #3283, #1198 ) ;
#7712 = FACE_OUTER_BOUND ( 'NONE', #3852, .T. ) ;
#7713 = ORIENTED_EDGE ( 'NONE', *, *, #1836, .T. ) ;
#7714 = ORIENTED_EDGE ( 'NONE', *, *, #8302, .F. ) ;
#7715 = EDGE_CURVE ( 'NONE', #6413, #5555, #3326, .T. ) ;
#7716 = VERTEX_POINT ( 'NONE', #7476 ) ;
#7717 = AXIS2_PLACEMENT_3D ( 'NONE', #3440, #2117, #3572 ) ;
#7718 =( NAMED_UNIT ( * ) SI_UNIT ( $, .STERADIAN. ) SOLID_ANGLE_UNIT ( ) );
#7719 = VECTOR ( 'NONE', #597, 1000.000000000000000 ) ;
#7720 = LINE ( 'NONE', #5638, #1662 ) ;
#7721 = CIRCLE ( 'NONE', #1789, 0.3300000000000004041 ) ;
#7722 = DIRECTION ( 'NONE',  ( -0.000000000000000000, 1.000000000000000000, -0.000000000000000000 ) ) ;
#7723 = ADVANCED_FACE ( 'NONE', ( #6097 ), #5487, .F. ) ;
#7724 = ORIENTED_EDGE ( 'NONE', *, *, #6419, .F. ) ;
#7725 = CARTESIAN_POINT ( 'NONE',  ( -2.505263157894733972, 4.500000000000000888, -4.194444401457429805 ) ) ;
#7726 = ORIENTED_EDGE ( 'NONE', *, *, #4478, .T. ) ;
#7727 = EDGE_LOOP ( 'NONE', ( #2700, #2655, #1365, #7633, #5542, #7166 ) ) ;
#7728 = EDGE_LOOP ( 'NONE', ( #7344, #7317, #5604, #7070 ) ) ;
#7729 = CARTESIAN_POINT ( 'NONE',  ( -0.3199999999999998956, 1.000000000000004441, 3.419999999999999485 ) ) ;
#7730 = DIRECTION ( 'NONE',  ( -1.891050300846810506E-16, -1.000000000000000000, -0.000000000000000000 ) ) ;
#7731 = MECHANICAL_DESIGN_GEOMETRIC_PRESENTATION_REPRESENTATION (  '', ( #946 ), #805 ) ;
#7732 = LINE ( 'NONE', #8436, #5452 ) ;
#7733 = CARTESIAN_POINT ( 'NONE',  ( -0.9000000000000000222, 0.000000000000000000, 6.100000000000000533 ) ) ;
#7734 = EDGE_CURVE ( 'NONE', #8417, #799, #4780, .T. ) ;
#7735 = DIRECTION ( 'NONE',  ( -1.000000000000000000, 0.000000000000000000, 0.000000000000000000 ) ) ;
#7736 = VERTEX_POINT ( 'NONE', #91 ) ;
#7737 = CLOSED_SHELL ( 'NONE', ( #6369, #1611, #3383, #309, #148, #5997, #6267, #7077, #5491, #1816, #3293, #4580, #3931, #4691, #8341, #73, #2797, #4481 ) ) ;
#7738 = ORIENTED_EDGE ( 'NONE', *, *, #7071, .T. ) ;
#7739 = DIRECTION ( 'NONE',  ( 0.000000000000000000, 0.000000000000000000, -1.000000000000000000 ) ) ;
#7740 = CARTESIAN_POINT ( 'NONE',  ( -4.800761203137900779, 0.04104991256372655245, -2.693383755732039031 ) ) ;
#7741 = DIRECTION ( 'NONE',  ( -0.3236155771181860596, -0.8891264907159875941, -0.3236155771181853935 ) ) ;
#7742 = AXIS2_PLACEMENT_3D ( 'NONE', #1297, #1341, #8105 ) ;
#7743 = ORIENTED_EDGE ( 'NONE', *, *, #6929, .T. ) ;
#7744 = AXIS2_PLACEMENT_3D ( 'NONE', #317, #8227, #6420 ) ;
#7745 = DIRECTION ( 'NONE',  ( 0.1305261922200517677, 0.9914448613738104932, 0.000000000000000000 ) ) ;
#7746 = APPLICATION_PROTOCOL_DEFINITION ( 'draft international standard', 'automotive_design', 1998, #8016 ) ;
#7747 = ORIENTED_EDGE ( 'NONE', *, *, #3555, .T. ) ;
#7748 = AXIS2_PLACEMENT_3D ( 'NONE', #235, #4962, #4266 ) ;
#7749 = FACE_OUTER_BOUND ( 'NONE', #6720, .T. ) ;
#7750 = AXIS2_PLACEMENT_3D ( 'NONE', #4649, #1275, #1948 ) ;
#7751 = DIRECTION ( 'NONE',  ( -1.445602896647338917E-16, -1.000000000000000000, 9.795786256852395535E-32 ) ) ;
#7752 = CARTESIAN_POINT ( 'NONE',  ( 0.9000000000000040190, 0.000000000000000000, 5.849999999999999645 ) ) ;
#7753 = CARTESIAN_POINT ( 'NONE',  ( 1.688662254502225846, -2.603569453895921093, 3.419999999999999485 ) ) ;
#7754 = DIRECTION ( 'NONE',  ( 6.231046968307497323E-18, 1.000000000000000000, -0.000000000000000000 ) ) ;
#7755 = CARTESIAN_POINT ( 'NONE',  ( -1.960746827647619872, -3.383347244368828388, 3.151538277672280675 ) ) ;
#7756 = CARTESIAN_POINT ( 'NONE',  ( -0.8499999999999999778, 16.60000000000000142, 6.400000000000000355 ) ) ;
#7757 = VECTOR ( 'NONE', #8384, 1000.000000000000114 ) ;
#7758 = EDGE_LOOP ( 'NONE', ( #8330, #3213, #7458, #4467, #588 ) ) ;
#7759 = ORIENTED_EDGE ( 'NONE', *, *, #6241, .T. ) ;
#7760 = ORIENTED_EDGE ( 'NONE', *, *, #7591, .F. ) ;
#7761 = ADVANCED_FACE ( 'NONE', ( #5527 ), #1459, .F. ) ;
#7762 = DIRECTION ( 'NONE',  ( -0.1305261922200516567, -0.9914448613738104932, 0.000000000000000000 ) ) ;
#7763 = CARTESIAN_POINT ( 'NONE',  ( 1.816136676338274913, -3.178569412471166089, -0.7814364156054562915 ) ) ;
#7764 = ADVANCED_FACE ( 'NONE', ( #669 ), #4041, .F. ) ;
#7765 = VERTEX_POINT ( 'NONE', #802 ) ;
#7766 = CARTESIAN_POINT ( 'NONE',  ( -0.09999999999999627243, 9.699999999999993960, -1.000000000000001776 ) ) ;
#7767 = EDGE_CURVE ( 'NONE', #6607, #7975, #3504, .T. ) ;
#7768 = EDGE_LOOP ( 'NONE', ( #2918, #385, #6649, #4151 ) ) ;
#7769 = VERTEX_POINT ( 'NONE', #6152 ) ;
#7770 = ORIENTED_EDGE ( 'NONE', *, *, #8405, .T. ) ;
#7771 = EDGE_CURVE ( 'NONE', #2020, #7663, #2218, .T. ) ;
#7772 = VERTEX_POINT ( 'NONE', #4127 ) ;
#7773 = EDGE_CURVE ( 'NONE', #6211, #5944, #8143, .T. ) ;
#7774 = LINE ( 'NONE', #1719, #6593 ) ;
#7775 = CARTESIAN_POINT ( 'NONE',  ( -0.3499999999999999778, 4.500000000000000888, 5.200000000000001066 ) ) ;
#7776 = CARTESIAN_POINT ( 'NONE',  ( -1.511106777901671805E-14, 9.800000000000000711, -5.900000000000001243 ) ) ;
#7777 = DIRECTION ( 'NONE',  ( -6.776263578034403699E-16, 0.000000000000000000, -1.000000000000000000 ) ) ;
#7778 = VERTEX_POINT ( 'NONE', #6910 ) ;
#7779 = ORIENTED_EDGE ( 'NONE', *, *, #3937, .T. ) ;
#7780 =( BOUNDED_CURVE ( )  B_SPLINE_CURVE ( 3, ( #4434, #7135, #3151, #8541 ),
 .UNSPECIFIED., .F., .F. ) 
 B_SPLINE_CURVE_WITH_KNOTS ( ( 4, 4 ),
 ( 0.000000000000000000, 1.570796326794896558 ),
 .UNSPECIFIED. ) 
 CURVE ( )  GEOMETRIC_REPRESENTATION_ITEM ( )  RATIONAL_B_SPLINE_CURVE ( ( 1.000000000000000000, 0.8047378541243649375, 0.8047378541243649375, 1.000000000000000000 ) ) 
 REPRESENTATION_ITEM ( '' )  );
#7781 = CARTESIAN_POINT ( 'NONE',  ( -4.299999999999996270, 4.500000000000000888, -3.199999999999999289 ) ) ;
#7782 = DIRECTION ( 'NONE',  ( 0.000000000000000000, -0.000000000000000000, 1.000000000000000000 ) ) ;
#7783 = CARTESIAN_POINT ( 'NONE',  ( -4.649999999999995914, 0.000000000000000000, -0.3999999999999997446 ) ) ;
#7784 = EDGE_LOOP ( 'NONE', ( #2592, #1144, #1586, #7819, #6273, #1461, #8310, #4723, #6786, #6349, #2232, #2121, #3320, #2637, #6235, #4 ) ) ;
#7785 = CARTESIAN_POINT ( 'NONE',  ( 2.599999999999995204, 11.00000000000000000, -5.700000000000001066 ) ) ;
#7786 = PRODUCT_CONTEXT ( 'NONE', #4278, 'mechanical' ) ;
#7787 = CARTESIAN_POINT ( 'NONE',  ( -0.9499999999999999556, 4.500000000000000888, 2.779999999999999361 ) ) ;
#7788 = FACE_OUTER_BOUND ( 'NONE', #2869, .T. ) ;
#7789 = CARTESIAN_POINT ( 'NONE',  ( 4.899999999999995026, 0.2500000000000071609, -3.200000000000002398 ) ) ;
#7790 = LINE ( 'NONE', #5669, #4298 ) ;
#7791 = CARTESIAN_POINT ( 'NONE',  ( -2.399999999999995914, 0.2500000000000002220, -5.699999999999994849 ) ) ;
#7792 = DIRECTION ( 'NONE',  ( 0.000000000000000000, 0.000000000000000000, -1.000000000000000000 ) ) ;
#7793 = DIRECTION ( 'NONE',  ( -1.000000000000000000, 0.000000000000000000, 5.421010862427523156E-16 ) ) ;
#7794 = EDGE_LOOP ( 'NONE', ( #126, #1090, #5675, #1262 ) ) ;
#7795 = ORIENTED_EDGE ( 'NONE', *, *, #3375, .F. ) ;
#7796 = ORIENTED_EDGE ( 'NONE', *, *, #6022, .T. ) ;
#7797 = DIRECTION ( 'NONE',  ( -1.891050300846810506E-16, -1.000000000000000000, -0.000000000000000000 ) ) ;
#7798 = VECTOR ( 'NONE', #821, 1000.000000000000000 ) ;
#7799 = CARTESIAN_POINT ( 'NONE',  ( -2.399999999999996358, 4.500000000000000888, -5.099999999999998757 ) ) ;
#7800 = CARTESIAN_POINT ( 'NONE',  ( -4.899999999999996803, 1.000000000000000000, 2.779999999999999361 ) ) ;
#7801 = DIRECTION ( 'NONE',  ( 0.000000000000000000, 1.000000000000000000, -0.000000000000000000 ) ) ;
#7802 = ORIENTED_EDGE ( 'NONE', *, *, #3996, .F. ) ;
#7803 = DIRECTION ( 'NONE',  ( 1.000000000000000000, -0.000000000000000000, 5.215919954004830835E-16 ) ) ;
#7804 = ADVANCED_FACE ( 'NONE', ( #7391 ), #1330, .F. ) ;
#7805 = AXIS2_PLACEMENT_3D ( 'NONE', #3150, #4432, #2443 ) ;
#7806 = ORIENTED_EDGE ( 'NONE', *, *, #2651, .F. ) ;
#7807 = ORIENTED_EDGE ( 'NONE', *, *, #1707, .T. ) ;
#7808 = EDGE_LOOP ( 'NONE', ( #969, #511, #3698, #1678 ) ) ;
#7809 = EDGE_CURVE ( 'NONE', #6320, #688, #45, .T. ) ;
#7810 = EDGE_CURVE ( 'NONE', #5512, #1194, #5398, .T. ) ;
#7811 = DIRECTION ( 'NONE',  ( 1.000000000000000000, -0.000000000000000000, 5.215919954004830835E-16 ) ) ;
#7812 = LINE ( 'NONE', #963, #6871 ) ;
#7813 = DIRECTION ( 'NONE',  ( -0.000000000000000000, -1.000000000000000000, 0.000000000000000000 ) ) ;
#7814 = EDGE_CURVE ( 'NONE', #5662, #940, #6864, .T. ) ;
#7815 = CARTESIAN_POINT ( 'NONE',  ( -1.199999999999999512, 9.999999999999998224, -5.399999999999998579 ) ) ;
#7816 = AXIS2_PLACEMENT_3D ( 'NONE', #2799, #1377, #3376 ) ;
#7817 = CARTESIAN_POINT ( 'NONE',  ( 2.599999999999979661, 16.40000000000000213, -5.089444362769127039 ) ) ;
#7818 = ORIENTED_EDGE ( 'NONE', *, *, #670, .F. ) ;
#7819 = ORIENTED_EDGE ( 'NONE', *, *, #5168, .F. ) ;
#7820 = ORIENTED_EDGE ( 'NONE', *, *, #2628, .F. ) ;
#7821 = CARTESIAN_POINT ( 'NONE',  ( -0.1000000000000029199, 9.699999999999999289, 2.779999999999999361 ) ) ;
#7822 = VECTOR ( 'NONE', #6742, 1000.000000000000000 ) ;
#7823 = CARTESIAN_POINT ( 'NONE',  ( -1.821610074077567291E-14, 9.095554967719976958, -1.220000000000000639 ) ) ;
#7824 = CARTESIAN_POINT ( 'NONE',  ( 2.323186965781470992, -2.687106216916759660, -1.220000000000000639 ) ) ;
#7825 = AXIS2_PLACEMENT_3D ( 'NONE', #5189, #1168, #8028 ) ;
#7826 = EDGE_CURVE ( 'NONE', #3089, #1890, #6818, .T. ) ;
#7827 = ORIENTED_EDGE ( 'NONE', *, *, #8254, .F. ) ;
#7828 = AXIS2_PLACEMENT_3D ( 'NONE', #1007, #5693, #4382 ) ;
#7829 = DIRECTION ( 'NONE',  ( 0.000000000000000000, 1.000000000000000000, 0.000000000000000000 ) ) ;
#7830 = VECTOR ( 'NONE', #523, 1000.000000000000000 ) ;
#7831 = DIRECTION ( 'NONE',  ( 0.000000000000000000, 0.000000000000000000, 1.000000000000000000 ) ) ;
#7832 = LINE ( 'NONE', #3817, #8162 ) ;
#7833 = LINE ( 'NONE', #5178, #1640 ) ;
#7834 = LINE ( 'NONE', #1736, #2728 ) ;
#7835 = FACE_OUTER_BOUND ( 'NONE', #2041, .T. ) ;
#7836 = CARTESIAN_POINT ( 'NONE',  ( -2.319999999999991402, 16.60000000000000142, -1.220000000000000639 ) ) ;
#7837 = DIRECTION ( 'NONE',  ( 0.9396926207859098712, -0.3420201433256647716, 0.000000000000000000 ) ) ;
#7838 = LINE ( 'NONE', #3691, #1632 ) ;
#7839 = EDGE_CURVE ( 'NONE', #688, #7142, #8184, .T. ) ;
#7840 = VECTOR ( 'NONE', #4739, 1000.000000000000000 ) ;
#7841 = VECTOR ( 'NONE', #1024, 1000.000000000000000 ) ;
#7842 = VERTEX_POINT ( 'NONE', #2834 ) ;
#7843 = ORIENTED_EDGE ( 'NONE', *, *, #1454, .F. ) ;
#7844 = ADVANCED_FACE ( 'NONE', ( #7563 ), #1510, .F. ) ;
#7845 = ORIENTED_EDGE ( 'NONE', *, *, #3549, .T. ) ;
#7846 = DIRECTION ( 'NONE',  ( -0.000000000000000000, -1.000000000000000000, -0.000000000000000000 ) ) ;
#7847 = CARTESIAN_POINT ( 'NONE',  ( -1.607973257203528794, -3.216463236979166584, 2.779999999999999361 ) ) ;
#7848 = CYLINDRICAL_SURFACE ( 'NONE', #898, 0.5000000000000000000 ) ;
#7849 = VECTOR ( 'NONE', #6455, 1000.000000000000000 ) ;
#7850 = DIRECTION ( 'NONE',  ( -2.492418787322999237E-16, 1.000000000000000000, 0.000000000000000000 ) ) ;
#7851 = ORIENTED_EDGE ( 'NONE', *, *, #2999, .T. ) ;
#7852 = FACE_OUTER_BOUND ( 'NONE', #1588, .T. ) ;
#7853 = FILL_AREA_STYLE_COLOUR ( '', #1474 ) ;
#7854 = ORIENTED_EDGE ( 'NONE', *, *, #2864, .F. ) ;
#7855 = ORIENTED_EDGE ( 'NONE', *, *, #2361, .T. ) ;
#7856 = ORIENTED_EDGE ( 'NONE', *, *, #2206, .T. ) ;
#7857 = VECTOR ( 'NONE', #1344, 1000.000000000000000 ) ;
#7858 = VECTOR ( 'NONE', #939, 1000.000000000000000 ) ;
#7859 = CARTESIAN_POINT ( 'NONE',  ( 2.535381069091578343, -1.075331984002933616, 2.779999999999999361 ) ) ;
#7860 = DIRECTION ( 'NONE',  ( 0.000000000000000000, 0.000000000000000000, 1.000000000000000000 ) ) ;
#7861 = FACE_OUTER_BOUND ( 'NONE', #6976, .T. ) ;
#7862 = AXIS2_PLACEMENT_3D ( 'NONE', #8518, #2469, #2338 ) ;
#7863 = DIRECTION ( 'NONE',  ( 0.000000000000000000, -1.000000000000000000, 0.000000000000000000 ) ) ;
#7864 = VECTOR ( 'NONE', #6667, 1000.000000000000000 ) ;
#7865 = EDGE_CURVE ( 'NONE', #698, #5588, #639, .T. ) ;
#7866 = CARTESIAN_POINT ( 'NONE',  ( 3.399999999999995914, 4.500000000000000888, -3.199999999999999289 ) ) ;
#7867 = ORIENTED_EDGE ( 'NONE', *, *, #958, .T. ) ;
#7868 = ORIENTED_EDGE ( 'NONE', *, *, #1278, .F. ) ;
#7869 = EDGE_CURVE ( 'NONE', #2434, #338, #173, .T. ) ;
#7870 = ORIENTED_EDGE ( 'NONE', *, *, #4971, .F. ) ;
#7871 = LINE ( 'NONE', #5743, #5347 ) ;
#7872 = ADVANCED_FACE ( 'NONE', ( #1642 ), #2926, .T. ) ;
#7873 = CARTESIAN_POINT ( 'NONE',  ( -4.899999999999996803, 0.1936164367570715195, -2.475646920430157216 ) ) ;
#7874 = CARTESIAN_POINT ( 'NONE',  ( -4.899999999999996803, 14.49999999999999822, -0.7999999999999994893 ) ) ;
#7875 = ORIENTED_EDGE ( 'NONE', *, *, #2334, .T. ) ;
#7876 = EDGE_CURVE ( 'NONE', #5525, #6110, #8358, .T. ) ;
#7877 = DIRECTION ( 'NONE',  ( 0.3502073812594685975, 0.9366721892483971246, -0.000000000000000000 ) ) ;
#7878 = EDGE_CURVE ( 'NONE', #4648, #2432, #7128, .T. ) ;
#7879 = EDGE_CURVE ( 'NONE', #4339, #5905, #6371, .T. ) ;
#7880 = DIRECTION ( 'NONE',  ( 0.000000000000000000, -1.000000000000000000, -0.000000000000000000 ) ) ;
#7881 = VECTOR ( 'NONE', #1260, 1000.000000000000000 ) ;
#7882 = FACE_OUTER_BOUND ( 'NONE', #1997, .T. ) ;
#7883 = CARTESIAN_POINT ( 'NONE',  ( 0.9500000000000211609, 4.500000000000000888, 5.499999999999996447 ) ) ;
#7884 = EDGE_CURVE ( 'NONE', #4536, #7625, #930, .T. ) ;
#7885 = CIRCLE ( 'NONE', #3365, 1.000000000000000444 ) ;
#7886 = CARTESIAN_POINT ( 'NONE',  ( 6.437450399132683366E-15, -5.421010862427522959E-15, -1.220000000000000639 ) ) ;
#7887 = DIRECTION ( 'NONE',  ( 0.3236155771181810636, -0.8891264907159901476, -0.3236155771181831731 ) ) ;
#7888 = DIRECTION ( 'NONE',  ( -1.000000000000000000, 0.000000000000000000, 0.000000000000000000 ) ) ;
#7889 = TOROIDAL_SURFACE ( 'NONE', #6621, 2.250000000000000444, 0.2500000000000000000 ) ;
#7890 = ORIENTED_EDGE ( 'NONE', *, *, #781, .F. ) ;
#7891 = ORIENTED_EDGE ( 'NONE', *, *, #7413, .F. ) ;
#7892 = VERTEX_POINT ( 'NONE', #6329 ) ;
#7893 = VECTOR ( 'NONE', #2213, 1000.000000000000000 ) ;
#7894 = CARTESIAN_POINT ( 'NONE',  ( 0.9000000000000041300, 0.000000000000000000, 6.099999999999999645 ) ) ;
#7895 = LINE ( 'NONE', #2630, #6913 ) ;
#7896 = CARTESIAN_POINT ( 'NONE',  ( -2.535381069091571682, -1.075331984002939167, -0.5800000000000006262 ) ) ;
#7897 = DIRECTION ( 'NONE',  ( 0.000000000000000000, 0.000000000000000000, -1.000000000000000000 ) ) ;
#7898 = LINE ( 'NONE', #1086, #1322 ) ;
#7899 = VERTEX_POINT ( 'NONE', #3585 ) ;
#7900 = AXIS2_PLACEMENT_3D ( 'NONE', #6314, #3618, #4980 ) ;
#7901 = DIRECTION ( 'NONE',  ( -0.000000000000000000, -1.000000000000000000, 0.000000000000000000 ) ) ;
#7902 = LINE ( 'NONE', #8032, #5033 ) ;
#7903 =( LENGTH_UNIT ( ) NAMED_UNIT ( * ) SI_UNIT ( .MILLI., .METRE. ) );
#7904 = EDGE_LOOP ( 'NONE', ( #2159, #5411, #2069, #8444, #6404, #4011, #3030, #6669 ) ) ;
#7905 = ORIENTED_EDGE ( 'NONE', *, *, #6692, .T. ) ;
#7906 = ORIENTED_EDGE ( 'NONE', *, *, #5359, .F. ) ;
#7907 = CARTESIAN_POINT ( 'NONE',  ( 2.399999999999991918, 0.2500000000000000000, -5.450000000000001954 ) ) ;
#7908 = DIRECTION ( 'NONE',  ( -0.3502073812594685975, 0.9366721892483971246, 0.000000000000000000 ) ) ;
#7909 = CYLINDRICAL_SURFACE ( 'NONE', #5957, 0.2500000000000000000 ) ;
#7910 = FACE_OUTER_BOUND ( 'NONE', #1522, .T. ) ;
#7911 = LINE ( 'NONE', #6535, #1045 ) ;
#7912 = ORIENTED_EDGE ( 'NONE', *, *, #626, .T. ) ;
#7913 = EDGE_LOOP ( 'NONE', ( #6540, #1177, #3567, #3350 ) ) ;
#7914 = ORIENTED_EDGE ( 'NONE', *, *, #8344, .T. ) ;
#7915 = CARTESIAN_POINT ( 'NONE',  ( 0.4500000000000188294, 16.40000000000000213, 4.599999999999998757 ) ) ;
#7916 = CARTESIAN_POINT ( 'NONE',  ( -2.242497968482767501, -3.299999999999999378, 3.194999999999998064 ) ) ;
#7917 = CARTESIAN_POINT ( 'NONE',  ( 4.649999999999995914, 0.000000000000000000, -0.4000000000000029088 ) ) ;
#7918 = EDGE_LOOP ( 'NONE', ( #6618, #240, #4979, #8316 ) ) ;
#7919 = CARTESIAN_POINT ( 'NONE',  ( -2.599999999999999201, 11.00000000000000000, -5.089444362769117269 ) ) ;
#7920 = EDGE_CURVE ( 'NONE', #2765, #8715, #7700, .T. ) ;
#7921 = DIRECTION ( 'NONE',  ( -1.000000000000000000, 0.000000000000000000, 0.000000000000000000 ) ) ;
#7922 = ADVANCED_FACE ( 'NONE', ( #5618 ), #3014, .F. ) ;
#7923 = FACE_OUTER_BOUND ( 'NONE', #6322, .T. ) ;
#7924 = DIRECTION ( 'NONE',  ( -0.9914448613738103822, 0.1305261922200516844, 0.000000000000000000 ) ) ;
#7925 = FACE_OUTER_BOUND ( 'NONE', #8482, .T. ) ;
#7926 = EDGE_CURVE ( 'NONE', #1399, #7055, #5087, .T. ) ;
#7927 = CARTESIAN_POINT ( 'NONE',  ( 1.680000000000000160, 16.60000000000000142, 3.419999999999999485 ) ) ;
#7928 = DIRECTION ( 'NONE',  ( 0.000000000000000000, -1.000000000000000000, 0.000000000000000000 ) ) ;
#7929 = ORIENTED_EDGE ( 'NONE', *, *, #917, .T. ) ;
#7930 = ORIENTED_EDGE ( 'NONE', *, *, #2473, .F. ) ;
#7931 = EDGE_LOOP ( 'NONE', ( #985, #1087, #2818, #8132 ) ) ;
#7932 = PLANE ( 'NONE',  #6975 ) ;
#7933 = DIRECTION ( 'NONE',  ( 0.000000000000000000, -1.000000000000000000, 0.000000000000000000 ) ) ;
#7934 = CARTESIAN_POINT ( 'NONE',  ( -2.370000000000000551, 16.60000000000000142, -5.570000000000000284 ) ) ;
#7935 = PLANE ( 'NONE',  #5705 ) ;
#7936 = FACE_OUTER_BOUND ( 'NONE', #6803, .T. ) ;
#7937 = ADVANCED_FACE ( 'NONE', ( #3680 ), #313, .F. ) ;
#7938 = ORIENTED_EDGE ( 'NONE', *, *, #5195, .T. ) ;
#7939 = LINE ( 'NONE', #1088, #8724 ) ;
#7940 = DIRECTION ( 'NONE',  ( 1.000000000000000000, 0.000000000000000000, -3.237977472417975694E-15 ) ) ;
#7941 = VERTEX_POINT ( 'NONE', #7650 ) ;
#7942 = ORIENTED_EDGE ( 'NONE', *, *, #884, .T. ) ;
#7943 = ORIENTED_EDGE ( 'NONE', *, *, #3258, .T. ) ;
#7944 = VECTOR ( 'NONE', #6666, 1000.000000000000114 ) ;
#7945 = DIRECTION ( 'NONE',  ( 0.000000000000000000, 0.000000000000000000, -1.000000000000000000 ) ) ;
#7946 = LINE ( 'NONE', #8203, #1466 ) ;
#7947 = CARTESIAN_POINT ( 'NONE',  ( -2.399999999999996358, 4.500000000000000888, -3.199999999999999289 ) ) ;
#7948 = LINE ( 'NONE', #3892, #1939 ) ;
#7949 = CARTESIAN_POINT ( 'NONE',  ( 4.299999999999995381, 12.49999999999999822, -0.8000000000000024869 ) ) ;
#7950 = ADVANCED_FACE ( 'NONE', ( #1732 ), #3634, .F. ) ;
#7951 = VECTOR ( 'NONE', #8363, 1000.000000000000000 ) ;
#7952 = VERTEX_POINT ( 'NONE', #6280 ) ;
#7953 = PRODUCT_DEFINITION ( 'UNKNOWN', '', #1625, #8524 ) ;
#7954 = ORIENTED_EDGE ( 'NONE', *, *, #1454, .T. ) ;
#7955 = CARTESIAN_POINT ( 'NONE',  ( 1.680000000000006155, 1.000000000000000000, -1.220000000000000639 ) ) ;
#7956 = LINE ( 'NONE', #7303, #82 ) ;
#7958 = VECTOR ( 'NONE', #1638, 1000.000000000000000 ) ;
#7957 = LINE ( 'NONE', #1904, #7564 ) ;
#7959 = ORIENTED_EDGE ( 'NONE', *, *, #7771, .T. ) ;
#7960 = CARTESIAN_POINT ( 'NONE',  ( 2.319999999999998064, 4.500000000000000888, 2.779999999999999361 ) ) ;
#7961 = AXIS2_PLACEMENT_3D ( 'NONE', #5979, #5188, #7897 ) ;
#7962 = DIRECTION ( 'NONE',  ( 0.000000000000000000, 1.000000000000000000, -0.000000000000000000 ) ) ;
#7963 = CIRCLE ( 'NONE', #6266, 2.499999999999997780 ) ;
#7964 = PLANE ( 'NONE',  #7711 ) ;
#7965 = CARTESIAN_POINT ( 'NONE',  ( 0.3199999999999991740, 16.60000000000000142, 3.419999999999999485 ) ) ;
#7966 = EDGE_CURVE ( 'NONE', #203, #1859, #5664, .T. ) ;
#7967 = DIRECTION ( 'NONE',  ( -0.000000000000000000, 0.000000000000000000, -1.000000000000000000 ) ) ;
#7968 = AXIS2_PLACEMENT_3D ( 'NONE', #2943, #5767, #3123 ) ;
#7969 = DIRECTION ( 'NONE',  ( 0.000000000000000000, 0.000000000000000000, 1.000000000000000000 ) ) ;
#7970 = DIRECTION ( 'NONE',  ( -0.000000000000000000, -1.000000000000000000, -0.000000000000000000 ) ) ;
#7971 = EDGE_CURVE ( 'NONE', #909, #3702, #1063, .T. ) ;
#7972 = EDGE_CURVE ( 'NONE', #5774, #8014, #4389, .T. ) ;
#7973 = VECTOR ( 'NONE', #4308, 1000.000000000000000 ) ;
#7974 = ORIENTED_EDGE ( 'NONE', *, *, #5061, .T. ) ;
#7975 = VERTEX_POINT ( 'NONE', #1014 ) ;
#7976 = AXIS2_PLACEMENT_3D ( 'NONE', #908, #156, #2856 ) ;
#7977 = ADVANCED_FACE ( 'NONE', ( #8490 ), #3721, .F. ) ;
#7978 = CARTESIAN_POINT ( 'NONE',  ( 1.880028303524371225, -1.149999999999999911, 3.419999999999999485 ) ) ;
#7979 = FACE_OUTER_BOUND ( 'NONE', #8498, .T. ) ;
#7980 = ADVANCED_FACE ( 'NONE', ( #4429 ), #3768, .F. ) ;
#7981 = CARTESIAN_POINT ( 'NONE',  ( 0.1000000000000055983, -3.300000000000005596, -0.8000000000000003775 ) ) ;
#7982 = CARTESIAN_POINT ( 'NONE',  ( 2.600000000000000533, 11.00000000000000000, -5.699999999999999289 ) ) ;
#7983 = ORIENTED_EDGE ( 'NONE', *, *, #3710, .F. ) ;
#7984 = CARTESIAN_POINT ( 'NONE',  ( 2.535381069091578343, -1.075331984002933616, 3.419999999999999485 ) ) ;
#7985 = STYLED_ITEM ( 'NONE', ( #6442 ), #2515 ) ;
#7986 = CIRCLE ( 'NONE', #6577, 2.249999999999999556 ) ;
#7987 = DIRECTION ( 'NONE',  ( 1.000000000000000000, 0.000000000000000000, 3.469446951953621584E-16 ) ) ;
#7988 = ADVANCED_FACE ( 'NONE', ( #881 ), #5959, .T. ) ;
#7989 = FILL_AREA_STYLE ('',( #3587 ) ) ;
#7990 = VERTEX_POINT ( 'NONE', #4479 ) ;
#7991 = EDGE_LOOP ( 'NONE', ( #1060, #2579, #2258, #3901 ) ) ;
#7992 = COLOUR_RGB ( '',1.000000000000000000, 1.000000000000000000, 1.000000000000000000 ) ;
#7993 = ORIENTED_EDGE ( 'NONE', *, *, #7116, .F. ) ;
#7994 = EDGE_CURVE ( 'NONE', #4354, #81, #4564, .T. ) ;
#7995 = VECTOR ( 'NONE', #2439, 1000.000000000000000 ) ;
#7996 = AXIS2_PLACEMENT_3D ( 'NONE', #1076, #8497, #4437 ) ;
#7997 = CARTESIAN_POINT ( 'NONE',  ( 9.629649721936179265E-32, 14.00000000000000000, -6.400000000000001243 ) ) ;
#7998 = LINE ( 'NONE', #4595, #4858 ) ;
#7999 = LINE ( 'NONE', #1942, #4823 ) ;
#8000 = EDGE_CURVE ( 'NONE', #5525, #6305, #491, .T. ) ;
#8001 = LINE ( 'NONE', #3980, #1506 ) ;
#8002 = AXIS2_PLACEMENT_3D ( 'NONE', #6945, #5041, #1591 ) ;
#8003 = CARTESIAN_POINT ( 'NONE',  ( 2.323186965781470992, -2.687106216916759216, -1.220000000000000639 ) ) ;
#8004 = AXIS2_PLACEMENT_3D ( 'NONE', #7886, #1833, #6604 ) ;
#8005 = EDGE_LOOP ( 'NONE', ( #6113, #5665, #2777, #6169 ) ) ;
#8006 = ORIENTED_EDGE ( 'NONE', *, *, #7280, .F. ) ;
#8007 = CARTESIAN_POINT ( 'NONE',  ( 2.505263157894717985, 28.50378091196238373, -4.194444401457439575 ) ) ;
#8008 = VECTOR ( 'NONE', #914, 1000.000000000000000 ) ;
#8009 = DIRECTION ( 'NONE',  ( 1.000000000000000000, 0.000000000000000000, -0.000000000000000000 ) ) ;
#8010 = DIRECTION ( 'NONE',  ( 0.9914448613738103822, -0.1305261922200516844, 0.000000000000000000 ) ) ;
#8011 = VECTOR ( 'NONE', #7169, 1000.000000000000000 ) ;
#8012 = AXIS2_PLACEMENT_3D ( 'NONE', #7815, #965, #3669 ) ;
#8013 = EDGE_CURVE ( 'NONE', #2904, #1161, #7349, .T. ) ;
#8014 = VERTEX_POINT ( 'NONE', #6641 ) ;
#8015 = DIRECTION ( 'NONE',  ( 0.000000000000000000, 0.000000000000000000, -1.000000000000000000 ) ) ;
#8016 = APPLICATION_CONTEXT ( 'automotive_design' ) ;
#8017 = CARTESIAN_POINT ( 'NONE',  ( 1.951563910473907981E-15, 16.40000000000000213, 5.999999999999994671 ) ) ;
#8018 = CARTESIAN_POINT ( 'NONE',  ( -0.3200000000000008948, -3.299999999999999378, 3.199999999999999734 ) ) ;
#8019 = FACE_OUTER_BOUND ( 'NONE', #8426, .T. ) ;
#8020 = DIRECTION ( 'NONE',  ( 1.000000000000000000, 0.000000000000000000, 0.000000000000000000 ) ) ;
#8021 = DIRECTION ( 'NONE',  ( 0.000000000000000000, 0.7071067811865505703, 0.7071067811865444641 ) ) ;
#8022 = VERTEX_POINT ( 'NONE', #6504 ) ;
#8023 = ORIENTED_EDGE ( 'NONE', *, *, #6904, .F. ) ;
#8024 = VECTOR ( 'NONE', #3956, 1000.000000000000114 ) ;
#8025 = CARTESIAN_POINT ( 'NONE',  ( -0.3199999999999998401, 4.500000000000000888, 5.699999999999999289 ) ) ;
#8026 = DIRECTION ( 'NONE',  ( 1.000000000000000000, 2.710505431213765029E-15, 0.000000000000000000 ) ) ;
#8027 = CARTESIAN_POINT ( 'NONE',  ( -0.1000000000000027117, 9.699999999999999289, 3.200000000000000622 ) ) ;
#8028 = DIRECTION ( 'NONE',  ( 0.000000000000000000, 0.000000000000000000, 1.000000000000000000 ) ) ;
#8029 = AXIS2_PLACEMENT_3D ( 'NONE', #5899, #7901, #1846 ) ;
#8030 = ORIENTED_EDGE ( 'NONE', *, *, #7878, .T. ) ;
#8031 = DIRECTION ( 'NONE',  ( 0.9396926207859090940, -0.3420201433256667145, 0.000000000000000000 ) ) ;
#8032 = CARTESIAN_POINT ( 'NONE',  ( 2.400000000000017231, 16.40000000000000213, 5.499999999999991118 ) ) ;
#8033 = AXIS2_PLACEMENT_3D ( 'NONE', #7821, #6500, #1770 ) ;
#8034 = ORIENTED_EDGE ( 'NONE', *, *, #7481, .T. ) ;
#8035 = ORIENTED_EDGE ( 'NONE', *, *, #5499, .F. ) ;
#8036 = EDGE_CURVE ( 'NONE', #3989, #835, #7259, .T. ) ;
#8037 = VERTEX_POINT ( 'NONE', #3858 ) ;
#8038 = LINE ( 'NONE', #7997, #6856 ) ;
#8039 = EDGE_CURVE ( 'NONE', #3783, #5290, #448, .T. ) ;
#8040 = CARTESIAN_POINT ( 'NONE',  ( 1.831048351012637410, -3.245831630228678044, 2.779999999999999361 ) ) ;
#8042 = DIRECTION ( 'NONE',  ( -1.275531967630005245E-16, 0.000000000000000000, -1.000000000000000000 ) ) ;
#8041 = VECTOR ( 'NONE', #5081, 1000.000000000000000 ) ;
#8043 = DIRECTION ( 'NONE',  ( 1.342665229084215866E-16, -1.000000000000000000, 0.000000000000000000 ) ) ;
#8044 = EDGE_CURVE ( 'NONE', #7163, #6440, #5829, .T. ) ;
#8045 = FACE_OUTER_BOUND ( 'NONE', #3627, .T. ) ;
#8046 = VECTOR ( 'NONE', #3509, 1000.000000000000000 ) ;
#8047 = EDGE_CURVE ( 'NONE', #2303, #2384, #2485, .T. ) ;
#8048 = ORIENTED_EDGE ( 'NONE', *, *, #6196, .F. ) ;
#8049 = DIRECTION ( 'NONE',  ( 3.836157981375497286E-15, 0.000000000000000000, 1.000000000000000000 ) ) ;
#8050 = DIRECTION ( 'NONE',  ( -0.000000000000000000, 1.000000000000000000, -0.000000000000000000 ) ) ;
#8051 = ORIENTED_EDGE ( 'NONE', *, *, #2391, .F. ) ;
#8052 = DIRECTION ( 'NONE',  ( 0.000000000000000000, 0.000000000000000000, 1.000000000000000000 ) ) ;
#8053 = CARTESIAN_POINT ( 'NONE',  ( -1.680000000000001270, 4.500000000000000888, 2.779999999999999361 ) ) ;
#8054 = LINE ( 'NONE', #6145, #2768 ) ;
#8055 = FACE_OUTER_BOUND ( 'NONE', #4169, .T. ) ;
#8056 = CARTESIAN_POINT ( 'NONE',  ( -1.680000000000001048, 9.081817580622704611, 3.419999999999999485 ) ) ;
#8057 = CARTESIAN_POINT ( 'NONE',  ( -4.450000000000000178, 0.5000000000000000000, -1.950000000000000178 ) ) ;
#8058 = ORIENTED_EDGE ( 'NONE', *, *, #2979, .F. ) ;
#8059 = ORIENTED_EDGE ( 'NONE', *, *, #7568, .F. ) ;
#8060 = CARTESIAN_POINT ( 'NONE',  ( -0.3499999999999999778, 16.40000000000000213, 5.200000000000001066 ) ) ;
#8061 = LINE ( 'NONE', #49, #1543 ) ;
#8062 = LINE ( 'NONE', #7396, #1448 ) ;
#8063 = DIRECTION ( 'NONE',  ( -1.342665229084215866E-16, -1.000000000000000000, 0.000000000000000000 ) ) ;
#8064 = CARTESIAN_POINT ( 'NONE',  ( 1.599999999999992539, 10.30000000000000249, -10.70000000000000107 ) ) ;
#8065 = VERTEX_POINT ( 'NONE', #3953 ) ;
#8066 = LINE ( 'NONE', #6746, #4644 ) ;
#8067 = DIRECTION ( 'NONE',  ( 0.000000000000000000, 0.000000000000000000, 1.000000000000000000 ) ) ;
#8068 = EDGE_LOOP ( 'NONE', ( #6670, #4961, #3758, #8322 ) ) ;
#8069 = ORIENTED_EDGE ( 'NONE', *, *, #5700, .T. ) ;
#8070 = ORIENTED_EDGE ( 'NONE', *, *, #6896, .T. ) ;
#8071 = CARTESIAN_POINT ( 'NONE',  ( 1.680000000000000160, 4.500000000000000888, 5.699999999999999289 ) ) ;
#8072 = DIRECTION ( 'NONE',  ( -1.000000000000000000, 0.000000000000000000, -0.000000000000000000 ) ) ;
#8073 = EDGE_CURVE ( 'NONE', #4633, #4207, #3754, .T. ) ;
#8074 = DIRECTION ( 'NONE',  ( 0.000000000000000000, 1.000000000000000000, 0.000000000000000000 ) ) ;
#8075 = CARTESIAN_POINT ( 'NONE',  ( -2.599999999999999201, 16.40000000000000213, -5.089444362769117269 ) ) ;
#8076 = EDGE_CURVE ( 'NONE', #952, #5038, #3195, .T. ) ;
#8077 = EDGE_CURVE ( 'NONE', #3262, #8349, #2571, .T. ) ;
#8078 = EDGE_LOOP ( 'NONE', ( #1875, #8216, #3584, #2383 ) ) ;
#8079 = DIRECTION ( 'NONE',  ( 0.000000000000000000, -1.000000000000000000, -0.000000000000000000 ) ) ;
#8080 = EDGE_CURVE ( 'NONE', #4537, #799, #1150, .T. ) ;
#8081 = DIRECTION ( 'NONE',  ( 0.000000000000000000, -0.000000000000000000, 1.000000000000000000 ) ) ;
#8082 = VERTEX_POINT ( 'NONE', #8578 ) ;
#8083 = DIRECTION ( 'NONE',  ( 0.000000000000000000, 0.000000000000000000, -1.000000000000000000 ) ) ;
#8084 = AXIS2_PLACEMENT_3D ( 'NONE', #7847, #5235, #1796 ) ;
#8085 = EDGE_LOOP ( 'NONE', ( #3118, #2983, #3045, #1614 ) ) ;
#8086 = VECTOR ( 'NONE', #343, 1000.000000000000000 ) ;
#8087 = ORIENTED_EDGE ( 'NONE', *, *, #6747, .F. ) ;
#8088 = LINE ( 'NONE', #5394, #8730 ) ;
#8089 = EDGE_CURVE ( 'NONE', #6110, #1647, #8620, .T. ) ;
#8090 = LINE ( 'NONE', #4906, #785 ) ;
#8091 = DIRECTION ( 'NONE',  ( 0.000000000000000000, 1.000000000000000000, -0.000000000000000000 ) ) ;
#8092 = CARTESIAN_POINT ( 'NONE',  ( 1.253572701914731908E-14, 11.00000000000000000, -5.699999999999997513 ) ) ;
#8093 = DIRECTION ( 'NONE',  ( -3.903127820947814385E-15, 0.000000000000000000, -1.000000000000000000 ) ) ;
#8094 = ORIENTED_EDGE ( 'NONE', *, *, #4439, .T. ) ;
#8095 = VECTOR ( 'NONE', #4578, 1000.000000000000000 ) ;
#8096 = DIRECTION ( 'NONE',  ( 0.000000000000000000, 0.000000000000000000, 1.000000000000000000 ) ) ;
#8097 = CARTESIAN_POINT ( 'NONE',  ( -2.399999999999996358, 4.500000000000000888, 3.600000000000000533 ) ) ;
#8098 = CARTESIAN_POINT ( 'NONE',  ( 2.505263157894733528, 4.900000000000000355, -4.194444401457429805 ) ) ;
#8099 = AXIS2_PLACEMENT_3D ( 'NONE', #2226, #7618, #6337 ) ;
#8100 = DIRECTION ( 'NONE',  ( 1.000000000000000000, 2.710505431213765029E-15, 0.000000000000000000 ) ) ;
#8101 = LINE ( 'NONE', #7362, #2467 ) ;
#8102 = ORIENTED_EDGE ( 'NONE', *, *, #8139, .T. ) ;
#8103 =( GEOMETRIC_REPRESENTATION_CONTEXT ( 3 ) GLOBAL_UNCERTAINTY_ASSIGNED_CONTEXT ( ( #7207 ) ) GLOBAL_UNIT_ASSIGNED_CONTEXT ( ( #6117, #2686, #1350 ) ) REPRESENTATION_CONTEXT ( 'NONE', 'WORKASPACE' ) );
#8104 = EDGE_CURVE ( 'NONE', #5412, #5958, #5307, .T. ) ;
#8105 = DIRECTION ( 'NONE',  ( 0.000000000000000000, 0.000000000000000000, -1.000000000000000000 ) ) ;
#8106 = DIRECTION ( 'NONE',  ( 0.000000000000000000, 0.000000000000000000, -1.000000000000000000 ) ) ;
#8107 = PRODUCT ( 'Pins^BxxB-JWPF-SK-R(LF)(SN)', 'Pins^BxxB-JWPF-SK-R(LF)(SN)', '', ( #6330 ) ) ;
#8108 = EDGE_CURVE ( 'NONE', #1859, #764, #2530, .T. ) ;
#8109 = AXIS2_PLACEMENT_3D ( 'NONE', #4020, #6714, #4720 ) ;
#8110 =( NAMED_UNIT ( * ) SI_UNIT ( $, .STERADIAN. ) SOLID_ANGLE_UNIT ( ) );
#8111 = VERTEX_POINT ( 'NONE', #7960 ) ;
#8112 = ORIENTED_EDGE ( 'NONE', *, *, #1331, .F. ) ;
#8113 = ORIENTED_EDGE ( 'NONE', *, *, #8400, .T. ) ;
#8114 = SHAPE_REPRESENTATION ( 'Part2^BxxB-JWPF-SK-R(LF)(SN)', ( #7976 ), #6279 ) ;
#8115 = DIRECTION ( 'NONE',  ( -1.275531967630005245E-16, 0.000000000000000000, -1.000000000000000000 ) ) ;
#8116 = PRESENTATION_STYLE_ASSIGNMENT (( #6118 ) ) ;
#8117 = DIRECTION ( 'NONE',  ( 6.776263578034402713E-16, 1.000000000000000000, 0.000000000000000000 ) ) ;
#8118 = DIRECTION ( 'NONE',  ( 6.776263578034402713E-16, 1.000000000000000000, 0.000000000000000000 ) ) ;
#8119 = CARTESIAN_POINT ( 'NONE',  ( 2.369999999999996554, 9.800000000000000711, -5.900000000000002132 ) ) ;
#8120 = DIRECTION ( 'NONE',  ( -0.000000000000000000, 1.000000000000000000, -0.000000000000000000 ) ) ;
#8121 = ORIENTED_EDGE ( 'NONE', *, *, #3600, .T. ) ;
#8122 = VECTOR ( 'NONE', #7829, 1000.000000000000000 ) ;
#8123 = AXIS2_PLACEMENT_3D ( 'NONE', #2764, #6208, #6247 ) ;
#8124 = ORIENTED_EDGE ( 'NONE', *, *, #4157, .T. ) ;
#8125 = SURFACE_STYLE_USAGE ( .BOTH. , #5425 ) ;
#8126 = DIRECTION ( 'NONE',  ( 0.000000000000000000, 0.000000000000000000, 1.000000000000000000 ) ) ;
#8127 = ORIENTED_EDGE ( 'NONE', *, *, #3022, .F. ) ;
#8128 = DIRECTION ( 'NONE',  ( -0.000000000000000000, 1.000000000000000000, -0.000000000000000000 ) ) ;
#8129 = AXIS2_PLACEMENT_3D ( 'NONE', #8450, #1735, #4957 ) ;
#8130 = DIRECTION ( 'NONE',  ( -2.480144778354862662E-16, -0.000000000000000000, -1.000000000000000000 ) ) ;
#8131 = VERTEX_POINT ( 'NONE', #3904 ) ;
#8132 = ORIENTED_EDGE ( 'NONE', *, *, #3072, .F. ) ;
#8133 = EDGE_CURVE ( 'NONE', #6778, #4205, #1907, .T. ) ;
#8134 = AXIS2_PLACEMENT_3D ( 'NONE', #1148, #3948, #575 ) ;
#8135 = DIRECTION ( 'NONE',  ( 0.4369012962294799296, -0.8392795813073637978, -0.3236155771181855600 ) ) ;
#8136 = VECTOR ( 'NONE', #75, 1000.000000000000000 ) ;
#8137 = CARTESIAN_POINT ( 'NONE',  ( -0.7500000000000000000, 16.60000000000000142, 5.999999999999995559 ) ) ;
#8138 = CARTESIAN_POINT ( 'NONE',  ( -2.399999999999995026, 9.800000000000000711, -5.699999999999998401 ) ) ;
#8139 = EDGE_CURVE ( 'NONE', #5498, #5555, #6599, .T. ) ;
#8140 = VERTEX_POINT ( 'NONE', #7308 ) ;
#8141 = FACE_OUTER_BOUND ( 'NONE', #5152, .T. ) ;
#8142 = ADVANCED_FACE ( 'NONE', ( #1242 ), #4654, .F. ) ;
#8143 = LINE ( 'NONE', #4817, #4036 ) ;
#8144 = ADVANCED_FACE ( 'NONE', ( #787 ), #3363, .F. ) ;
#8145 = ORIENTED_EDGE ( 'NONE', *, *, #8133, .F. ) ;
#8146 = EDGE_CURVE ( 'NONE', #8527, #398, #6183, .T. ) ;
#8147 = CARTESIAN_POINT ( 'NONE',  ( -2.094999999999997531, 9.700000000000001066, 2.779999999999999361 ) ) ;
#8148 = CARTESIAN_POINT ( 'NONE',  ( 1.679999999999999938, -0.6149999999999999911, 2.779999999999999361 ) ) ;
#8149 = VECTOR ( 'NONE', #3563, 1000.000000000000000 ) ;
#8150 = LINE ( 'NONE', #5366, #1884 ) ;
#8151 = LINE ( 'NONE', #7482, #4849 ) ;
#8152 = PLANE ( 'NONE',  #6412 ) ;
#8153 = ORIENTED_EDGE ( 'NONE', *, *, #1154, .F. ) ;
#8154 = CYLINDRICAL_SURFACE ( 'NONE', #2088, 1.900000000000000133 ) ;
#8155 = PLANE ( 'NONE',  #4482 ) ;
#8156 = VERTEX_POINT ( 'NONE', #4075 ) ;
#8157 = ORIENTED_EDGE ( 'NONE', *, *, #4839, .F. ) ;
#8158 = ORIENTED_EDGE ( 'NONE', *, *, #6463, .F. ) ;
#8159 = AXIS2_PLACEMENT_3D ( 'NONE', #2241, #4931, #1575 ) ;
#8160 = FACE_OUTER_BOUND ( 'NONE', #6194, .T. ) ;
#8161 = CARTESIAN_POINT ( 'NONE',  ( 1.060107702553478415, 9.999999999999998224, -5.100000000000003197 ) ) ;
#8162 = VECTOR ( 'NONE', #2533, 1000.000000000000000 ) ;
#8163 = CARTESIAN_POINT ( 'NONE',  ( 2.400000000000014122, 4.500000000000000888, 4.599999999999991651 ) ) ;
#8164 = CARTESIAN_POINT ( 'NONE',  ( -1.679999999999999938, -0.6149999999999999911, 2.779999999999999361 ) ) ;
#8165 = VECTOR ( 'NONE', #8367, 1000.000000000000000 ) ;
#8166 = ORIENTED_EDGE ( 'NONE', *, *, #1317, .T. ) ;
#8167 = CIRCLE ( 'NONE', #7335, 2.499999999999999556 ) ;
#8168 = EDGE_LOOP ( 'NONE', ( #124, #6048, #8639, #7600 ) ) ;
#8169 = CARTESIAN_POINT ( 'NONE',  ( -4.899999999999996803, 0.2500000000000002220, -2.400000000000000355 ) ) ;
#8170 = PLANE ( 'NONE',  #658 ) ;
#8171 = CARTESIAN_POINT ( 'NONE',  ( -0.8500000000000000888, 0.2500000000000002220, 6.150000000000000355 ) ) ;
#8172 = STYLED_ITEM ( 'NONE', ( #7546 ), #6015 ) ;
#8173 = DIRECTION ( 'NONE',  ( 0.000000000000000000, 0.000000000000000000, -1.000000000000000000 ) ) ;
#8174 = ORIENTED_EDGE ( 'NONE', *, *, #7626, .F. ) ;
#8175 = VERTEX_POINT ( 'NONE', #6808 ) ;
#8176 = AXIS2_PLACEMENT_3D ( 'NONE', #638, #7364, #5984 ) ;
#8177 = LINE ( 'NONE', #5310, #6334 ) ;
#8178 = PLANE ( 'NONE',  #219 ) ;
#8179 = DIRECTION ( 'NONE',  ( 0.000000000000000000, -1.000000000000000000, -0.000000000000000000 ) ) ;
#8180 = ORIENTED_EDGE ( 'NONE', *, *, #8411, .F. ) ;
#8181 = ADVANCED_FACE ( 'NONE', ( #5390 ), #4688, .T. ) ;
#8182 = PLANE ( 'NONE',  #5765 ) ;
#8183 = B_SPLINE_CURVE_WITH_KNOTS ( 'NONE', 3,
 ( #4757, #4106, #105, #2012, #4715, #4185 ),
 .UNSPECIFIED., .F., .F.,
 ( 4, 2, 4 ),
 ( 0.0001240919124525570894, 0.0004963441699545902402, 0.0008685964274566233909 ),
 .UNSPECIFIED. ) ;
#8184 = LINE ( 'NONE', #6197, #364 ) ;
#8185 = ORIENTED_EDGE ( 'NONE', *, *, #5376, .T. ) ;
#8186 = EDGE_CURVE ( 'NONE', #3140, #221, #7381, .T. ) ;
#8187 = EDGE_CURVE ( 'NONE', #835, #1399, #1316, .T. ) ;
#8188 = FACE_OUTER_BOUND ( 'NONE', #6075, .T. ) ;
#8189 = PLANE ( 'NONE',  #3812 ) ;
#8190 = FACE_OUTER_BOUND ( 'NONE', #252, .T. ) ;
#8191 = ADVANCED_FACE ( 'NONE', ( #3404 ), #6768, .F. ) ;
#8192 = CARTESIAN_POINT ( 'NONE',  ( 4.899999999999996803, 1.000000000000000000, -0.4000000000000031308 ) ) ;
#8193 = EDGE_CURVE ( 'NONE', #8417, #5321, #662, .T. ) ;
#8194 = LINE ( 'NONE', #182, #786 ) ;
#8195 = VERTEX_POINT ( 'NONE', #6138 ) ;
#8196 = DIRECTION ( 'NONE',  ( 0.9914448613738103822, -0.1305261922200516844, 0.000000000000000000 ) ) ;
#8197 = DIRECTION ( 'NONE',  ( 0.000000000000000000, 0.000000000000000000, -1.000000000000000000 ) ) ;
#8198 = ORIENTED_EDGE ( 'NONE', *, *, #4033, .T. ) ;
#8199 = ORIENTED_EDGE ( 'NONE', *, *, #5060, .F. ) ;
#8200 = EDGE_LOOP ( 'NONE', ( #3588, #1332, #3675, #1731 ) ) ;
#8201 = CARTESIAN_POINT ( 'NONE',  ( -1.734723475976807094E-15, 11.00000000000000000, -5.099999999999998757 ) ) ;
#8202 = CARTESIAN_POINT ( 'NONE',  ( -0.9000000000000000222, 0.000000000000000000, 6.100000000000000533 ) ) ;
#8203 = CARTESIAN_POINT ( 'NONE',  ( 4.299999999999998046, 12.49999999999999822, 3.599999999999997424 ) ) ;
#8204 = DIRECTION ( 'NONE',  ( 1.000000000000000000, 0.000000000000000000, 0.000000000000000000 ) ) ;
#8205 = EDGE_CURVE ( 'NONE', #504, #6219, #6053, .T. ) ;
#8206 = DIRECTION ( 'NONE',  ( -0.000000000000000000, 1.000000000000000000, -0.000000000000000000 ) ) ;
#8207 = LINE ( 'NONE', #652, #5142 ) ;
#8208 = VERTEX_POINT ( 'NONE', #8214 ) ;
#8209 = ORIENTED_EDGE ( 'NONE', *, *, #7497, .F. ) ;
#8210 =( LENGTH_UNIT ( ) NAMED_UNIT ( * ) SI_UNIT ( .MILLI., .METRE. ) );
#8211 = DIRECTION ( 'NONE',  ( -0.1305261922200516567, 0.9914448613738104932, -0.000000000000000000 ) ) ;
#8212 = FACE_OUTER_BOUND ( 'NONE', #1749, .T. ) ;
#8213 = EDGE_CURVE ( 'NONE', #6378, #3083, #7423, .T. ) ;
#8214 = CARTESIAN_POINT ( 'NONE',  ( -1.679999999999993276, -0.6150000000000054312, -1.220000000000000639 ) ) ;
#8215 = EDGE_CURVE ( 'NONE', #7104, #3188, #701, .T. ) ;
#8216 = ORIENTED_EDGE ( 'NONE', *, *, #7773, .T. ) ;
#8217 = VERTEX_POINT ( 'NONE', #4853 ) ;
#8218 = ORIENTED_EDGE ( 'NONE', *, *, #3605, .T. ) ;
#8219 = VECTOR ( 'NONE', #8204, 1000.000000000000000 ) ;
#8220 = LINE ( 'NONE', #3007, #4369 ) ;
#8221 = CARTESIAN_POINT ( 'NONE',  ( -2.399999999999995914, 28.50378091196238373, 5.500000000000000888 ) ) ;
#8222 = LINE ( 'NONE', #3542, #3420 ) ;
#8223 = ORIENTED_EDGE ( 'NONE', *, *, #3507, .F. ) ;
#8224 = CIRCLE ( 'NONE', #1596, 1.000000000000000444 ) ;
#8225 = DIRECTION ( 'NONE',  ( 1.000000000000000000, 0.000000000000000000, -1.275531967630005739E-16 ) ) ;
#8226 = ORIENTED_EDGE ( 'NONE', *, *, #3990, .T. ) ;
#8227 = DIRECTION ( 'NONE',  ( -0.000000000000000000, 1.000000000000000000, -0.000000000000000000 ) ) ;
#8228 = DIRECTION ( 'NONE',  ( 6.776263578034403699E-16, 0.000000000000000000, 1.000000000000000000 ) ) ;
#8229 = CARTESIAN_POINT ( 'NONE',  ( -1.679999999999993499, 1.000000000000004441, -0.5800000000000006262 ) ) ;
#8230 = CARTESIAN_POINT ( 'NONE',  ( -2.399999999999996358, 16.40000000000000213, -3.199999999999999289 ) ) ;
#8231 = FACE_OUTER_BOUND ( 'NONE', #4258, .T. ) ;
#8232 = ORIENTED_EDGE ( 'NONE', *, *, #8683, .F. ) ;
#8233 = ADVANCED_FACE ( 'NONE', ( #2119 ), #5352, .F. ) ;
#8234 = LINE ( 'NONE', #2178, #8587 ) ;
#8235 = DIRECTION ( 'NONE',  ( -1.000000000000000000, 0.000000000000000000, -0.000000000000000000 ) ) ;
#8236 = VERTEX_POINT ( 'NONE', #739 ) ;
#8237 = ORIENTED_EDGE ( 'NONE', *, *, #6406, .T. ) ;
#8238 = EDGE_CURVE ( 'NONE', #1123, #3140, #35, .T. ) ;
#8239 = EDGE_LOOP ( 'NONE', ( #759, #8327, #8226, #3389 ) ) ;
#8240 = EDGE_CURVE ( 'NONE', #4994, #8732, #2739, .T. ) ;
#8241 = CIRCLE ( 'NONE', #337, 1.900000000000000133 ) ;
#8242 = DIRECTION ( 'NONE',  ( -1.000000000000000000, -0.000000000000000000, -3.469446951953621584E-16 ) ) ;
#8243 = PRESENTATION_STYLE_ASSIGNMENT (( #4317 ) ) ;
#8244 = LINE ( 'NONE', #1353, #1047 ) ;
#8245 = AXIS2_PLACEMENT_3D ( 'NONE', #3208, #1082, #1126 ) ;
#8246 = FACE_OUTER_BOUND ( 'NONE', #7991, .T. ) ;
#8247 = EDGE_CURVE ( 'NONE', #6546, #7073, #2071, .T. ) ;
#8248 = VECTOR ( 'NONE', #6309, 1000.000000000000000 ) ;
#8249 = CARTESIAN_POINT ( 'NONE',  ( -2.499999999999994671, 4.900000000000000355, 4.200000000000000178 ) ) ;
#8250 = TOROIDAL_SURFACE ( 'NONE', #1762, 0.3300000000000000155, 0.5000000000000000000 ) ;
#8251 = CARTESIAN_POINT ( 'NONE',  ( -4.899999999999996803, 0.2500000000000071609, -3.199999999999998845 ) ) ;
#8252 = VERTEX_POINT ( 'NONE', #7505 ) ;
#8253 = ORIENTED_EDGE ( 'NONE', *, *, #6629, .T. ) ;
#8254 = EDGE_CURVE ( 'NONE', #1563, #8195, #6898, .T. ) ;
#8255 = ORIENTED_EDGE ( 'NONE', *, *, #5220, .T. ) ;
#8256 = LINE ( 'NONE', #6935, #5490 ) ;
#8257 = EDGE_CURVE ( 'NONE', #5856, #6880, #490, .T. ) ;
#8258 = CARTESIAN_POINT ( 'NONE',  ( -4.450000000000000178, 0.000000000000000000, -2.400000000000000355 ) ) ;
#8259 = LINE ( 'NONE', #4850, #2636 ) ;
#8260 = FACE_OUTER_BOUND ( 'NONE', #2195, .T. ) ;
#8261 = AXIS2_PLACEMENT_3D ( 'NONE', #7434, #3458, #8225 ) ;
#8262 = LINE ( 'NONE', #1677, #4022 ) ;
#8263 = VERTEX_POINT ( 'NONE', #2293 ) ;
#8264 = ORIENTED_EDGE ( 'NONE', *, *, #6126, .F. ) ;
#8265 = EDGE_LOOP ( 'NONE', ( #349, #6444, #3578, #5165, #5444, #5921, #1818, #1163, #1009, #389 ) ) ;
#8266 = CARTESIAN_POINT ( 'NONE',  ( -3.198577570050359142, 10.25630413439019506, -5.569025798481902712 ) ) ;
#8267 = DIRECTION ( 'NONE',  ( -1.000000000000000000, -2.710505431213765029E-15, 0.000000000000000000 ) ) ;
#8268 = VECTOR ( 'NONE', #3041, 1000.000000000000000 ) ;
#8269 = VECTOR ( 'NONE', #1323, 1000.000000000000114 ) ;
#8270 = DIRECTION ( 'NONE',  ( 1.000000000000000000, -6.776263578034402713E-16, 0.000000000000000000 ) ) ;
#8271 = ORIENTED_EDGE ( 'NONE', *, *, #6237, .F. ) ;
#8272 = CARTESIAN_POINT ( 'NONE',  ( -0.3499999999999999778, 4.900000000000000355, 5.200000000000001066 ) ) ;
#8273 = VECTOR ( 'NONE', #6265, 1000.000000000000000 ) ;
#8274 = ORIENTED_EDGE ( 'NONE', *, *, #4195, .F. ) ;
#8275 = VECTOR ( 'NONE', #2272, 1000.000000000000000 ) ;
#8276 = DIRECTION ( 'NONE',  ( 0.000000000000000000, 0.000000000000000000, 1.000000000000000000 ) ) ;
#8277 = FACE_OUTER_BOUND ( 'NONE', #6558, .T. ) ;
#8278 = DIRECTION ( 'NONE',  ( 0.000000000000000000, -1.000000000000000000, -0.000000000000000000 ) ) ;
#8279 = DIRECTION ( 'NONE',  ( 0.000000000000000000, -1.000000000000000000, 0.000000000000000000 ) ) ;
#8280 = AXIS2_PLACEMENT_3D ( 'NONE', #393, #8477, #3308 ) ;
#8281 = AXIS2_PLACEMENT_3D ( 'NONE', #7576, #5455, #3424 ) ;
#8282 = CARTESIAN_POINT ( 'NONE',  ( -4.899999999999996803, -1.000000000000000000, -0.3999999999999998002 ) ) ;
#8283 = VECTOR ( 'NONE', #8043, 1000.000000000000000 ) ;
#8284 = ORIENTED_EDGE ( 'NONE', *, *, #5598, .T. ) ;
#8285 = DIRECTION ( 'NONE',  ( 0.000000000000000000, -1.000000000000000000, 0.000000000000000000 ) ) ;
#8286 = CARTESIAN_POINT ( 'NONE',  ( -0.05601464246351815779, 9.820848776618131382, 3.156014642463516040 ) ) ;
#8287 = EDGE_LOOP ( 'NONE', ( #3364, #540, #3220, #2951, #8570, #7192, #4988, #3749, #8380, #5585, #480, #5232, #957, #5915, #7331, #1442, #5850, #2642, #443, #2849, #3448, #4976, #872, #1509, #1947, #1079, #3206 ) ) ;
#8288 = EDGE_LOOP ( 'NONE', ( #1825, #4045, #6963, #489 ) ) ;
#8289 = ORIENTED_EDGE ( 'NONE', *, *, #2842, .F. ) ;
#8290 = DIRECTION ( 'NONE',  ( 1.000000000000000000, 0.000000000000000000, -6.776263578034403699E-16 ) ) ;
#8291 = CARTESIAN_POINT ( 'NONE',  ( 0.000000000000000000, 0.000000000000000000, 3.419999999999999485 ) ) ;
#8292 = VERTEX_POINT ( 'NONE', #8437 ) ;
#8293 = CARTESIAN_POINT ( 'NONE',  ( 0.09999999999999911737, -3.299999999999999822, 2.779999999999999361 ) ) ;
#8294 = EDGE_CURVE ( 'NONE', #4507, #5095, #7640, .T. ) ;
#8295 = CARTESIAN_POINT ( 'NONE',  ( -1.149999999999999911, 0.2500000000000002220, 5.850000000000000533 ) ) ;
#8296 = ORIENTED_EDGE ( 'NONE', *, *, #1002, .T. ) ;
#8297 = ORIENTED_EDGE ( 'NONE', *, *, #3181, .T. ) ;
#8298 = EDGE_CURVE ( 'NONE', #3076, #719, #1051, .T. ) ;
#8299 = VERTEX_POINT ( 'NONE', #6268 ) ;
#8300 = CARTESIAN_POINT ( 'NONE',  ( 0.000000000000000000, 0.000000000000000000, 3.419999999999999485 ) ) ;
#8301 = VECTOR ( 'NONE', #2791, 1000.000000000000000 ) ;
#8302 = EDGE_CURVE ( 'NONE', #7465, #1889, #2207, .T. ) ;
#8303 = CARTESIAN_POINT ( 'NONE',  ( -4.899999999999996803, -1.000000000000000000, 2.599999999999998757 ) ) ;
#8304 = AXIS2_PLACEMENT_3D ( 'NONE', #5930, #7837, #1786 ) ;
#8305 = CARTESIAN_POINT ( 'NONE',  ( 2.399999999999984368, 28.50378091196238373, -3.200000000000008171 ) ) ;
#8306 = EDGE_CURVE ( 'NONE', #7079, #4441, #1724, .T. ) ;
#8307 = ORIENTED_EDGE ( 'NONE', *, *, #1777, .T. ) ;
#8308 = VECTOR ( 'NONE', #8135, 1000.000000000000114 ) ;
#8309 = ORIENTED_EDGE ( 'NONE', *, *, #7040, .F. ) ;
#8310 = ORIENTED_EDGE ( 'NONE', *, *, #1836, .F. ) ;
#8311 = PLANE ( 'NONE',  #3516 ) ;
#8312 = DIRECTION ( 'NONE',  ( 1.000000000000000000, 0.000000000000000000, 0.000000000000000000 ) ) ;
#8313 = PRESENTATION_LAYER_ASSIGNMENT (  '', '', ( #8172 ) ) ;
#8314 = EDGE_LOOP ( 'NONE', ( #7759, #6035, #5254, #2103 ) ) ;
#8315 = CARTESIAN_POINT ( 'NONE',  ( -0.4500000000000011768, 4.900000000000000355, 4.600000000000000533 ) ) ;
#8316 = ORIENTED_EDGE ( 'NONE', *, *, #4685, .F. ) ;
#8317 = CARTESIAN_POINT ( 'NONE',  ( 2.399999999999996358, 4.900000000000000355, 4.600000000000000533 ) ) ;
#8318 = PLANE ( 'NONE',  #372 ) ;
#8319 = LINE ( 'NONE', #7704, #2725 ) ;
#8320 = FACE_OUTER_BOUND ( 'NONE', #5119, .T. ) ;
#8321 = CARTESIAN_POINT ( 'NONE',  ( 0.4500000000000188294, 4.500000000000000888, 4.599999999999998757 ) ) ;
#8322 = ORIENTED_EDGE ( 'NONE', *, *, #4782, .T. ) ;
#8323 = PLANE ( 'NONE',  #3949 ) ;
#8324 = DIRECTION ( 'NONE',  ( -0.000000000000000000, -0.000000000000000000, 1.000000000000000000 ) ) ;
#8325 = PRODUCT_DEFINITION_SHAPE ( 'NONE', 'NONE',  #6000 ) ;
#8326 = EDGE_CURVE ( 'NONE', #5141, #904, #2470, .T. ) ;
#8327 = ORIENTED_EDGE ( 'NONE', *, *, #6895, .T. ) ;
#8328 = ORIENTED_EDGE ( 'NONE', *, *, #5216, .F. ) ;
#8329 = EDGE_CURVE ( 'NONE', #5799, #7899, #314, .T. ) ;
#8330 = ORIENTED_EDGE ( 'NONE', *, *, #1049, .F. ) ;
#8331 = LINE ( 'NONE', #6968, #4156 ) ;
#8332 = DIRECTION ( 'NONE',  ( -0.1305261922200516289, 0.9914448613738103822, 0.000000000000000000 ) ) ;
#8333 = CARTESIAN_POINT ( 'NONE',  ( -2.399999999999980815, 4.900000000000000355, -3.199999999999985967 ) ) ;
#8334 = EDGE_LOOP ( 'NONE', ( #5620, #7198, #7056, #2282 ) ) ;
#8335 = LINE ( 'NONE', #1621, #4788 ) ;
#8336 = PLANE ( 'NONE',  #2329 ) ;
#8337 = ORIENTED_EDGE ( 'NONE', *, *, #4598, .T. ) ;
#8338 = VERTEX_POINT ( 'NONE', #2254 ) ;
#8339 = ORIENTED_EDGE ( 'NONE', *, *, #83, .T. ) ;
#8340 = FACE_BOUND ( 'NONE', #3636, .T. ) ;
#8341 = ADVANCED_FACE ( 'NONE', ( #5652 ), #8347, .F. ) ;
#8342 = LINE ( 'NONE', #2289, #3770 ) ;
#8343 = DIRECTION ( 'NONE',  ( 1.000000000000000000, 0.000000000000000000, 0.000000000000000000 ) ) ;
#8344 = EDGE_CURVE ( 'NONE', #4826, #5399, #4420, .T. ) ;
#8345 = EDGE_CURVE ( 'NONE', #2991, #8572, #163, .T. ) ;
#8346 = DIRECTION ( 'NONE',  ( 0.000000000000000000, -0.000000000000000000, -1.000000000000000000 ) ) ;
#8347 = PLANE ( 'NONE',  #6721 ) ;
#8348 = ORIENTED_EDGE ( 'NONE', *, *, #2426, .F. ) ;
#8349 = VERTEX_POINT ( 'NONE', #5561 ) ;
#8350 = EDGE_LOOP ( 'NONE', ( #7891, #4421, #5842, #644, #2511 ) ) ;
#8351 = EDGE_CURVE ( 'NONE', #7716, #1184, #8262, .T. ) ;
#8352 = DIRECTION ( 'NONE',  ( 0.000000000000000000, -1.000000000000000000, 0.000000000000000000 ) ) ;
#8353 = ADVANCED_FACE ( 'NONE', ( #4943 ), #8389, .F. ) ;
#8354 = LINE ( 'NONE', #4090, #1313 ) ;
#8355 = DIRECTION ( 'NONE',  ( 0.000000000000000000, 1.000000000000000000, 0.000000000000000000 ) ) ;
#8356 = EDGE_LOOP ( 'NONE', ( #5467, #6770, #1274, #3626 ) ) ;
#8357 = EDGE_CURVE ( 'NONE', #6793, #897, #6319, .T. ) ;
#8358 = LINE ( 'NONE', #4297, #1342 ) ;
#8359 = ORIENTED_EDGE ( 'NONE', *, *, #4307, .F. ) ;
#8360 = EDGE_CURVE ( 'NONE', #4766, #4409, #2879, .T. ) ;
#8361 = LINE ( 'NONE', #3724, #7041 ) ;
#8362 = CARTESIAN_POINT ( 'NONE',  ( 0.3500000000000000333, 4.500000000000000888, 4.700000000000000178 ) ) ;
#8363 = DIRECTION ( 'NONE',  ( -1.000000000000000000, 0.000000000000000000, 0.000000000000000000 ) ) ;
#8364 = CARTESIAN_POINT ( 'NONE',  ( 1.680000000000006599, 0.9999999999999945599, -1.220000000000000639 ) ) ;
#8365 = CARTESIAN_POINT ( 'NONE',  ( -1.679999999999993499, 9.081817580622695729, -1.220000000000000639 ) ) ;
#8366 = ORIENTED_EDGE ( 'NONE', *, *, #2528, .F. ) ;
#8367 = DIRECTION ( 'NONE',  ( -1.000000000000000000, 0.000000000000000000, 0.000000000000000000 ) ) ;
#8368 = DIRECTION ( 'NONE',  ( -1.000000000000000000, 0.000000000000000000, 1.156482317317868372E-15 ) ) ;
#8369 = ORIENTED_EDGE ( 'NONE', *, *, #3593, .T. ) ;
#8370 = VERTEX_POINT ( 'NONE', #6983 ) ;
#8371 = AXIS2_PLACEMENT_3D ( 'NONE', #1337, #6741, #50 ) ;
#8372 = ORIENTED_EDGE ( 'NONE', *, *, #1407, .T. ) ;
#8373 = AXIS2_PLACEMENT_3D ( 'NONE', #1147, #1820, #3716 ) ;
#8374 = LINE ( 'NONE', #2325, #8149 ) ;
#8375 = LINE ( 'NONE', #8503, #2472 ) ;
#8376 = ADVANCED_FACE ( 'NONE', ( #968 ), #3002, .F. ) ;
#8377 = ORIENTED_EDGE ( 'NONE', *, *, #2078, .F. ) ;
#8378 = CARTESIAN_POINT ( 'NONE',  ( 0.9000000000000041300, 0.2500000000000000000, 6.099999999999999645 ) ) ;
#8379 = DIRECTION ( 'NONE',  ( 0.000000000000000000, 0.000000000000000000, -1.000000000000000000 ) ) ;
#8380 = ORIENTED_EDGE ( 'NONE', *, *, #5963, .F. ) ;
#8381 = VERTEX_POINT ( 'NONE', #5078 ) ;
#8382 = AXIS2_PLACEMENT_3D ( 'NONE', #329, #7846, #6651 ) ;
#8383 = ORIENTED_EDGE ( 'NONE', *, *, #5802, .F. ) ;
#8384 = DIRECTION ( 'NONE',  ( 0.9914448613738103822, 0.1305261922200516844, 0.000000000000000000 ) ) ;
#8385 = DIRECTION ( 'NONE',  ( -1.000000000000000000, 0.000000000000000000, 0.000000000000000000 ) ) ;
#8386 = AXIS2_PLACEMENT_3D ( 'NONE', #3339, #3255, #1293 ) ;
#8387 = CARTESIAN_POINT ( 'NONE',  ( -0.9499999999999999556, 4.500000000000000888, 3.419999999999999485 ) ) ;
#8388 = FACE_OUTER_BOUND ( 'NONE', #89, .T. ) ;
#8389 = PLANE ( 'NONE',  #1327 ) ;
#8390 = EDGE_LOOP ( 'NONE', ( #809, #5869, #4546, #7687 ) ) ;
#8391 = VECTOR ( 'NONE', #3137, 1000.000000000000000 ) ;
#8392 = ORIENTED_EDGE ( 'NONE', *, *, #4941, .T. ) ;
#8393 = DIRECTION ( 'NONE',  ( -0.3502073812594687086, -0.9366721892483971246, 0.000000000000000000 ) ) ;
#8394 = PLANE ( 'NONE',  #3015 ) ;
#8395 = FACE_OUTER_BOUND ( 'NONE', #4519, .T. ) ;
#8396 = ORIENTED_EDGE ( 'NONE', *, *, #247, .F. ) ;
#8397 =( GEOMETRIC_REPRESENTATION_CONTEXT ( 3 ) GLOBAL_UNCERTAINTY_ASSIGNED_CONTEXT ( ( #5251 ) ) GLOBAL_UNIT_ASSIGNED_CONTEXT ( ( #2551, #8642, #560 ) ) REPRESENTATION_CONTEXT ( 'NONE', 'WORKASPACE' ) );
#8398 = DIRECTION ( 'NONE',  ( -3.836157981375497286E-15, 0.000000000000000000, -1.000000000000000000 ) ) ;
#8399 = VECTOR ( 'NONE', #8563, 1000.000000000000114 ) ;
#8400 = EDGE_CURVE ( 'NONE', #8065, #5801, #5036, .T. ) ;
#8401 = ORIENTED_EDGE ( 'NONE', *, *, #3611, .F. ) ;
#8402 = AXIS2_PLACEMENT_3D ( 'NONE', #843, #2040, #6234 ) ;
#8403 = AXIS2_PLACEMENT_3D ( 'NONE', #5269, #7970, #1250 ) ;
#8404 = CARTESIAN_POINT ( 'NONE',  ( -1.199999999999999512, 8.763068312314702624, -5.399999999999998579 ) ) ;
#8405 = EDGE_CURVE ( 'NONE', #6232, #8703, #7598, .T. ) ;
#8406 = CARTESIAN_POINT ( 'NONE',  ( 0.7500000000000217604, 28.50378091196238373, 5.699999999999996625 ) ) ;
#8407 = CARTESIAN_POINT ( 'NONE',  ( -2.499999999999994671, 4.500000000000000888, 4.200000000000000178 ) ) ;
#8408 = CARTESIAN_POINT ( 'NONE',  ( 0.9000000000000040190, 0.000000000000000000, 5.849999999999999645 ) ) ;
#8409 = EDGE_CURVE ( 'NONE', #7736, #7941, #3096, .T. ) ;
#8410 = PLANE ( 'NONE',  #8004 ) ;
#8411 = EDGE_CURVE ( 'NONE', #149, #2433, #7297, .T. ) ;
#8412 = DIRECTION ( 'NONE',  ( 2.317618640171841346E-16, 0.3420201433256696566, 0.9396926207859080948 ) ) ;
#8413 = AXIS2_PLACEMENT_3D ( 'NONE', #6644, #1831, #3198 ) ;
#8414 = LINE ( 'NONE', #2370, #7291 ) ;
#8415 = VECTOR ( 'NONE', #7521, 1000.000000000000000 ) ;
#8416 = EDGE_CURVE ( 'NONE', #4535, #1807, #7911, .T. ) ;
#8417 = VERTEX_POINT ( 'NONE', #4553 ) ;
#8418 = ORIENTED_EDGE ( 'NONE', *, *, #954, .F. ) ;
#8419 = EDGE_LOOP ( 'NONE', ( #1237, #7072, #3554, #8069 ) ) ;
#8420 = VECTOR ( 'NONE', #5293, 1000.000000000000000 ) ;
#8421 = SURFACE_SIDE_STYLE ('',( #7627 ) ) ;
#8422 = CIRCLE ( 'NONE', #8700, 1.899999999999999689 ) ;
#8423 = LINE ( 'NONE', #4540, #2016 ) ;
#8424 = VECTOR ( 'NONE', #1763, 1000.000000000000000 ) ;
#8425 = LINE ( 'NONE', #7800, #5844 ) ;
#8426 = EDGE_LOOP ( 'NONE', ( #1124, #2400, #5707, #7031, #1607, #6810, #5208, #8199, #6934, #643, #522, #3843 ) ) ;
#8427 = CARTESIAN_POINT ( 'NONE',  ( -4.299999999999996270, 28.50378091196238373, -3.199999999999999734 ) ) ;
#8428 = LINE ( 'NONE', #6931, #5002 ) ;
#8429 = VERTEX_POINT ( 'NONE', #7248 ) ;
#8430 = ORIENTED_EDGE ( 'NONE', *, *, #7878, .F. ) ;
#8431 = ORIENTED_EDGE ( 'NONE', *, *, #298, .T. ) ;
#8432 = ORIENTED_EDGE ( 'NONE', *, *, #8743, .T. ) ;
#8433 = CARTESIAN_POINT ( 'NONE',  ( -0.8499999999999999778, 0.000000000000000000, 3.600000000000000533 ) ) ;
#8434 = LINE ( 'NONE', #3094, #8086 ) ;
#8435 = STYLED_ITEM ( 'NONE', ( #8116 ), #142 ) ;
#8436 = CARTESIAN_POINT ( 'NONE',  ( -3.399999999999995914, 4.900000000000000355, -3.199999999999999289 ) ) ;
#8437 = CARTESIAN_POINT ( 'NONE',  ( 2.400000000000000355, 0.2500000000000071609, 6.099999999999997868 ) ) ;
#8438 = ORIENTED_EDGE ( 'NONE', *, *, #7926, .F. ) ;
#8439 = ORIENTED_EDGE ( 'NONE', *, *, #3447, .F. ) ;
#8440 = CARTESIAN_POINT ( 'NONE',  ( -1.905000000000001359, 9.700000000000001066, 2.779999999999999361 ) ) ;
#8441 = CARTESIAN_POINT ( 'NONE',  ( -2.399999999999996358, 4.500000000000000888, -5.099999999999998757 ) ) ;
#8442 = LINE ( 'NONE', #1821, #1504 ) ;
#8443 = VECTOR ( 'NONE', #5809, 1000.000000000000000 ) ;
#8444 = ORIENTED_EDGE ( 'NONE', *, *, #7014, .F. ) ;
#8445 = AXIS2_PLACEMENT_3D ( 'NONE', #847, #1017, #7615 ) ;
#8446 = DIRECTION ( 'NONE',  ( 1.000000000000000000, 0.000000000000000000, 0.000000000000000000 ) ) ;
#8447 = APPLICATION_PROTOCOL_DEFINITION ( 'draft international standard', 'automotive_design', 1998, #6076 ) ;
#8448 = DIRECTION ( 'NONE',  ( -1.000000000000000000, -2.710505431213765029E-15, 0.000000000000000000 ) ) ;
#8449 = TOROIDAL_SURFACE ( 'NONE', #5909, 0.04999999999999996808, 0.2500000000000000000 ) ;
#8450 = CARTESIAN_POINT ( 'NONE',  ( -0.3500000000000000333, 28.50378091196238373, 4.600000000000000533 ) ) ;
#8451 = DIRECTION ( 'NONE',  ( 3.745807800335038320E-15, 0.000000000000000000, 1.000000000000000000 ) ) ;
#8452 = ADVANCED_FACE ( 'NONE', ( #1944 ), #1813, .F. ) ;
#8453 = CARTESIAN_POINT ( 'NONE',  ( 2.399999999999999023, 0.2500000000000002220, 3.599999999999998757 ) ) ;
#8454 = CARTESIAN_POINT ( 'NONE',  ( 2.999999999999996003, 4.500000000000000888, -3.294444401457438332 ) ) ;
#8455 = DIRECTION ( 'NONE',  ( -0.000000000000000000, -1.000000000000000000, -0.000000000000000000 ) ) ;
#8456 = APPLICATION_CONTEXT ( 'automotive_design' ) ;
#8457 = CARTESIAN_POINT ( 'NONE',  ( 1.831048351012637410, -3.245831630228678044, 3.005000000000000782 ) ) ;
#8458 = EDGE_CURVE ( 'NONE', #764, #433, #2559, .T. ) ;
#8459 = ADVANCED_FACE ( 'NONE', ( #3940 ), #5252, .F. ) ;
#8460 = AXIS2_PLACEMENT_3D ( 'NONE', #5688, #2544, #3160 ) ;
#8461 = ORIENTED_EDGE ( 'NONE', *, *, #3340, .F. ) ;
#8462 = ORIENTED_EDGE ( 'NONE', *, *, #5598, .F. ) ;
#8463 = ORIENTED_EDGE ( 'NONE', *, *, #3963, .T. ) ;
#8464 = EDGE_CURVE ( 'NONE', #6457, #5801, #8480, .T. ) ;
#8465 = EDGE_CURVE ( 'NONE', #457, #1579, #7127, .T. ) ;
#8466 = DIRECTION ( 'NONE',  ( 1.000000000000000000, 0.000000000000000000, 0.000000000000000000 ) ) ;
#8467 = CARTESIAN_POINT ( 'NONE',  ( 3.195675813381278818, 10.23438378227294798, -5.570000000000007390 ) ) ;
#8468 = CARTESIAN_POINT ( 'NONE',  ( -4.899999999999996803, 12.49999999999999822, -0.7999999999999999334 ) ) ;
#8469 = DIRECTION ( 'NONE',  ( -0.000000000000000000, 1.000000000000000000, 0.000000000000000000 ) ) ;
#8470 = ORIENTED_EDGE ( 'NONE', *, *, #6198, .F. ) ;
#8471 = PLANE ( 'NONE',  #5190 ) ;
#8472 = VERTEX_POINT ( 'NONE', #7949 ) ;
#8473 = ORIENTED_EDGE ( 'NONE', *, *, #5532, .T. ) ;
#8474 = ORIENTED_EDGE ( 'NONE', *, *, #1926, .T. ) ;
#8475 = ADVANCED_FACE ( 'NONE', ( #6587 ), #2475, .F. ) ;
#8476 = ORIENTED_EDGE ( 'NONE', *, *, #3907, .F. ) ;
#8477 = DIRECTION ( 'NONE',  ( 0.000000000000000000, 0.000000000000000000, -1.000000000000000000 ) ) ;
#8478 = DIRECTION ( 'NONE',  ( 0.000000000000000000, 0.000000000000000000, 1.000000000000000000 ) ) ;
#8479 = LINE ( 'NONE', #2390, #4891 ) ;
#8480 = LINE ( 'NONE', #6628, #905 ) ;
#8481 = ORIENTED_EDGE ( 'NONE', *, *, #5595, .F. ) ;
#8482 = EDGE_LOOP ( 'NONE', ( #335, #2183, #956, #4623 ) ) ;
#8483 = ORIENTED_EDGE ( 'NONE', *, *, #1112, .T. ) ;
#8484 = FACE_OUTER_BOUND ( 'NONE', #4322, .T. ) ;
#8485 = DIRECTION ( 'NONE',  ( -0.000000000000000000, -1.000000000000000000, -0.000000000000000000 ) ) ;
#8486 = CARTESIAN_POINT ( 'NONE',  ( -0.7500000000000000000, 4.500000000000000888, 5.999999999999995559 ) ) ;
#8487 = ADVANCED_FACE ( 'NONE', ( #4600 ), #3756, .F. ) ;
#8488 = ORIENTED_EDGE ( 'NONE', *, *, #5532, .F. ) ;
#8489 = ADVANCED_FACE ( 'NONE', ( #5868 ), #2431, .F. ) ;
#8490 = FACE_OUTER_BOUND ( 'NONE', #5242, .T. ) ;
#8491 = DIRECTION ( 'NONE',  ( -0.000000000000000000, -1.000000000000000000, -0.000000000000000000 ) ) ;
#8492 = CARTESIAN_POINT ( 'NONE',  ( -2.319999999999998064, 1.000000000000000000, 2.779999999999999361 ) ) ;
#8493 = CARTESIAN_POINT ( 'NONE',  ( 0.3500000000000177414, 28.50378091196238373, 4.599999999999998757 ) ) ;
#8494 = CYLINDRICAL_SURFACE ( 'NONE', #2327, 0.1999999999999996503 ) ;
#8495 = CARTESIAN_POINT ( 'NONE',  ( -0.3200000000000000067, 9.699999999999999289, 3.419999999999999485 ) ) ;
#8496 = CARTESIAN_POINT ( 'NONE',  ( -0.3081567944582159213, -2.340683238870190142, 2.779999999999999361 ) ) ;
#8497 = DIRECTION ( 'NONE',  ( 0.000000000000000000, -0.7071067811865444641, 0.7071067811865505703 ) ) ;
#8498 = EDGE_LOOP ( 'NONE', ( #420, #8030, #4212, #4833 ) ) ;
#8499 = VERTEX_POINT ( 'NONE', #3269 ) ;
#8500 = ORIENTED_EDGE ( 'NONE', *, *, #3611, .T. ) ;
#8501 = FACE_OUTER_BOUND ( 'NONE', #6073, .T. ) ;
#8502 = CARTESIAN_POINT ( 'NONE',  ( 2.804459284623217918, 9.800000000000000711, -5.670264877053636354 ) ) ;
#8503 = CARTESIAN_POINT ( 'NONE',  ( -4.899999999999996803, 1.000000000000000000, 2.599999999999998757 ) ) ;
#8504 = ADVANCED_FACE ( 'NONE', ( #5951 ), #8653, .F. ) ;
#8505 = CARTESIAN_POINT ( 'NONE',  ( 1.199999999999995737, 11.00000000000000000, -5.399999999999999467 ) ) ;
#8506 = VERTEX_POINT ( 'NONE', #5161 ) ;
#8507 = CARTESIAN_POINT ( 'NONE',  ( 2.399999999999999911, 4.500000000000000888, 5.499999999999999112 ) ) ;
#8508 = EDGE_CURVE ( 'NONE', #6902, #6771, #2600, .T. ) ;
#8509 = AXIS2_PLACEMENT_3D ( 'NONE', #7934, #3920, #5062 ) ;
#8510 = VECTOR ( 'NONE', #2036, 1000.000000000000000 ) ;
#8511 = SURFACE_STYLE_FILL_AREA ( #1751 ) ;
#8512 = VERTEX_POINT ( 'NONE', #7866 ) ;
#8513 = VERTEX_POINT ( 'NONE', #3849 ) ;
#8514 = EDGE_CURVE ( 'NONE', #6569, #3382, #396, .T. ) ;
#8515 = VERTEX_POINT ( 'NONE', #2516 ) ;
#8516 = DIRECTION ( 'NONE',  ( -0.9914448613738103822, -0.1305261922200516844, 0.000000000000000000 ) ) ;
#8517 = EDGE_CURVE ( 'NONE', #3129, #3262, #5207, .T. ) ;
#8518 = CARTESIAN_POINT ( 'NONE',  ( 1.084202172485504434E-14, 9.800000000000000711, -6.399999999999997691 ) ) ;
#8519 = PLANE ( 'NONE',  #7652 ) ;
#8520 = FACE_OUTER_BOUND ( 'NONE', #8356, .T. ) ;
#8521 = AXIS2_PLACEMENT_3D ( 'NONE', #1418, #48, #632 ) ;
#8522 = EDGE_CURVE ( 'NONE', #6186, #3053, #2149, .T. ) ;
#8523 = EDGE_CURVE ( 'NONE', #929, #7778, #4802, .T. ) ;
#8524 = PRODUCT_DEFINITION_CONTEXT ( 'detailed design', #8456, 'design' ) ;
#8525 = DIRECTION ( 'NONE',  ( -0.3502073812594685975, 0.9366721892483971246, 0.000000000000000000 ) ) ;
#8526 = ORIENTED_EDGE ( 'NONE', *, *, #2353, .T. ) ;
#8527 = VERTEX_POINT ( 'NONE', #1439 ) ;
#8528 = ADVANCED_FACE ( 'NONE', ( #6176 ), #6125, .T. ) ;
#8529 = ORIENTED_EDGE ( 'NONE', *, *, #4279, .T. ) ;
#8530 = DIRECTION ( 'NONE',  ( -1.342665229084215866E-16, -1.000000000000000000, 0.000000000000000000 ) ) ;
#8531 = AXIS2_PLACEMENT_3D ( 'NONE', #2175, #1380, #4870 ) ;
#8532 = CARTESIAN_POINT ( 'NONE',  ( -1.680000000000001048, 1.000000000000004441, 2.779999999999999361 ) ) ;
#8533 = CARTESIAN_POINT ( 'NONE',  ( 2.400000000000017231, 4.500000000000000888, 5.499999999999991118 ) ) ;
#8534 = AXIS2_PLACEMENT_3D ( 'NONE', #459, #6439, #5939 ) ;
#8535 = ORIENTED_EDGE ( 'NONE', *, *, #3381, .F. ) ;
#8536 = VECTOR ( 'NONE', #870, 1000.000000000000114 ) ;
#8537 = DIRECTION ( 'NONE',  ( 1.000000000000000000, 0.000000000000000000, -2.478176394252582127E-15 ) ) ;
#8538 = CARTESIAN_POINT ( 'NONE',  ( -2.999999999999996003, 4.900000000000000355, -3.294444401457438332 ) ) ;
#8539 = CARTESIAN_POINT ( 'NONE',  ( -0.3500000000000000333, 4.900000000000000355, 4.700000000000000178 ) ) ;
#8540 = DIRECTION ( 'NONE',  ( 0.000000000000000000, 0.000000000000000000, 1.000000000000000000 ) ) ;
#8541 = CARTESIAN_POINT ( 'NONE',  ( 2.099999999999996092, 9.800000000000000711, -5.900000000000002132 ) ) ;
#8542 = FACE_OUTER_BOUND ( 'NONE', #37, .T. ) ;
#8543 = CARTESIAN_POINT ( 'NONE',  ( -4.899999999999996803, 1.000000000000000000, 3.419999999999999485 ) ) ;
#8544 = VECTOR ( 'NONE', #1952, 1000.000000000000000 ) ;
#8545 = AXIS2_PLACEMENT_3D ( 'NONE', #3962, #6648, #587 ) ;
#8546 = EDGE_LOOP ( 'NONE', ( #4923, #1241, #2382, #8271, #6278, #4103 ) ) ;
#8547 = ORIENTED_EDGE ( 'NONE', *, *, #4789, .T. ) ;
#8548 = ORIENTED_EDGE ( 'NONE', *, *, #8187, .T. ) ;
#8549 = DIRECTION ( 'NONE',  ( -5.215919954004830835E-16, 0.000000000000000000, 1.000000000000000000 ) ) ;
#8550 = DIRECTION ( 'NONE',  ( -0.7071067811865536790, 0.000000000000000000, 0.7071067811865414665 ) ) ;
#8551 = CARTESIAN_POINT ( 'NONE',  ( -2.535381069091578343, -1.075331984002933616, 3.419999999999999485 ) ) ;
#8552 = CARTESIAN_POINT ( 'NONE',  ( 4.336808689942017736E-15, 16.60000000000000142, 6.399999999999998579 ) ) ;
#8553 = VECTOR ( 'NONE', #4392, 1000.000000000000000 ) ;
#8554 = PLANE ( 'NONE',  #7825 ) ;
#8555 = ORIENTED_EDGE ( 'NONE', *, *, #577, .F. ) ;
#8556 = DIRECTION ( 'NONE',  ( -0.9762960071199331402, 0.2164396139381038475, 0.000000000000000000 ) ) ;
#8557 = LINE ( 'NONE', #4631, #3352 ) ;
#8558 = ORIENTED_EDGE ( 'NONE', *, *, #2893, .T. ) ;
#8559 = VERTEX_POINT ( 'NONE', #7416 ) ;
#8560 = ORIENTED_EDGE ( 'NONE', *, *, #6192, .F. ) ;
#8561 = VECTOR ( 'NONE', #6659, 1000.000000000000000 ) ;
#8562 = AXIS2_PLACEMENT_3D ( 'NONE', #5497, #1654, #1562 ) ;
#8563 = DIRECTION ( 'NONE',  ( 0.1305261922200518232, -0.9914448613738103822, 0.000000000000000000 ) ) ;
#8564 = CARTESIAN_POINT ( 'NONE',  ( -1.599999999999999201, 11.00000000000000000, -5.699999999999998401 ) ) ;
#8565 = DIRECTION ( 'NONE',  ( 1.000000000000000000, 2.710505431213765029E-15, -0.000000000000000000 ) ) ;
#8566 = ADVANCED_FACE ( 'NONE', ( #2774 ), #7456, .F. ) ;
#8567 = CARTESIAN_POINT ( 'NONE',  ( 2.999999999999996003, 4.500000000000000888, -3.294444401457438332 ) ) ;
#8568 = DIRECTION ( 'NONE',  ( -1.000000000000000000, 1.891050300846810260E-16, 0.000000000000000000 ) ) ;
#8569 = EDGE_CURVE ( 'NONE', #6305, #8515, #5511, .T. ) ;
#8570 = ORIENTED_EDGE ( 'NONE', *, *, #4532, .T. ) ;
#8571 = ORIENTED_EDGE ( 'NONE', *, *, #5657, .F. ) ;
#8572 = VERTEX_POINT ( 'NONE', #4150 ) ;
#8573 = FACE_OUTER_BOUND ( 'NONE', #6737, .T. ) ;
#8574 = PLANE ( 'NONE',  #5830 ) ;
#8575 = EDGE_CURVE ( 'NONE', #4183, #2733, #3981, .T. ) ;
#8576 = DIRECTION ( 'NONE',  ( 1.694065894508601270E-15, 0.000000000000000000, 1.000000000000000000 ) ) ;
#8577 = ORIENTED_EDGE ( 'NONE', *, *, #3285, .T. ) ;
#8578 = CARTESIAN_POINT ( 'NONE',  ( -4.299999999999995381, 12.49999999999999822, 1.200000000000000622 ) ) ;
#8579 = CYLINDRICAL_SURFACE ( 'NONE', #2240, 0.5000000000000000000 ) ;
#8580 = AXIS2_PLACEMENT_3D ( 'NONE', #728, #6044, #2017 ) ;
#8581 = CARTESIAN_POINT ( 'NONE',  ( 2.400000000000017675, 16.40000000000000213, 5.499999999999991118 ) ) ;
#8582 = CARTESIAN_POINT ( 'NONE',  ( 2.599999999999995648, 4.500000000000000888, -5.089444362769119046 ) ) ;
#8583 = VECTOR ( 'NONE', #541, 999.9999999999998863 ) ;
#8584 = DIRECTION ( 'NONE',  ( -0.000000000000000000, -0.000000000000000000, 1.000000000000000000 ) ) ;
#8585 = CARTESIAN_POINT ( 'NONE',  ( -3.399999999999995914, 4.500000000000000888, -3.199999999999999289 ) ) ;
#8586 = LINE ( 'NONE', #7316, #3748 ) ;
#8587 = VECTOR ( 'NONE', #4873, 1000.000000000000000 ) ;
#8588 = ORIENTED_EDGE ( 'NONE', *, *, #615, .F. ) ;
#8589 = ORIENTED_EDGE ( 'NONE', *, *, #783, .T. ) ;
#8590 = ORIENTED_EDGE ( 'NONE', *, *, #133, .T. ) ;
#8591 = VECTOR ( 'NONE', #2827, 1000.000000000000114 ) ;
#8592 = PLANE ( 'NONE',  #750 ) ;
#8593 = LINE ( 'NONE', #1127, #1970 ) ;
#8594 =( NAMED_UNIT ( * ) PLANE_ANGLE_UNIT ( ) SI_UNIT ( $, .RADIAN. ) );
#8595 = DIRECTION ( 'NONE',  ( 0.000000000000000000, -1.000000000000000000, 0.000000000000000000 ) ) ;
#8596 = LINE ( 'NONE', #4404, #6120 ) ;
#8597 = ORIENTED_EDGE ( 'NONE', *, *, #5072, .T. ) ;
#8598 = EDGE_CURVE ( 'NONE', #8175, #7892, #8207, .T. ) ;
#8599 = DIRECTION ( 'NONE',  ( 0.000000000000000000, 0.000000000000000000, 1.000000000000000000 ) ) ;
#8600 = CARTESIAN_POINT ( 'NONE',  ( -4.899999999999996803, 14.49999999999999822, 1.200000000000000622 ) ) ;
#8601 = EDGE_CURVE ( 'NONE', #6085, #6021, #4842, .T. ) ;
#8602 = EDGE_LOOP ( 'NONE', ( #3897, #3304, #2809, #2245 ) ) ;
#8603 = ORIENTED_EDGE ( 'NONE', *, *, #5917, .T. ) ;
#8604 = ORIENTED_EDGE ( 'NONE', *, *, #3943, .T. ) ;
#8605 = CIRCLE ( 'NONE', #2663, 1.000000000000014655 ) ;
#8606 = FACE_OUTER_BOUND ( 'NONE', #1702, .T. ) ;
#8607 = CARTESIAN_POINT ( 'NONE',  ( -2.599999999999999201, 11.00000000000000000, -5.699999999999999289 ) ) ;
#8608 = DIRECTION ( 'NONE',  ( -2.317618640171841346E-16, -0.3420201433256696566, 0.9396926207859080948 ) ) ;
#8609 = DIRECTION ( 'NONE',  ( 0.000000000000000000, -1.000000000000000000, -0.000000000000000000 ) ) ;
#8610 = DIRECTION ( 'NONE',  ( 1.000000000000000000, -0.000000000000000000, 1.040834085586086229E-15 ) ) ;
#8611 = ORIENTED_EDGE ( 'NONE', *, *, #6150, .F. ) ;
#8612 = ADVANCED_FACE ( 'NONE', ( #8045 ), #773, .F. ) ;
#8613 = ORIENTED_EDGE ( 'NONE', *, *, #1425, .T. ) ;
#8614 = LINE ( 'NONE', #2562, #825 ) ;
#8615 = PLANE ( 'NONE',  #6687 ) ;
#8616 = LINE ( 'NONE', #7917, #2356 ) ;
#8617 = EDGE_CURVE ( 'NONE', #5940, #2867, #2064, .T. ) ;
#8618 = EDGE_CURVE ( 'NONE', #8208, #4730, #7373, .T. ) ;
#8619 = ORIENTED_EDGE ( 'NONE', *, *, #2792, .F. ) ;
#8620 = LINE ( 'NONE', #6007, #1915 ) ;
#8621 = EDGE_CURVE ( 'NONE', #7151, #1429, #6045, .T. ) ;
#8622 = EDGE_CURVE ( 'NONE', #4945, #4059, #2019, .T. ) ;
#8623 = CARTESIAN_POINT ( 'NONE',  ( 0.3200000000000056133, 9.699999999999995737, -1.000000000000001776 ) ) ;
#8624 = PLANE ( 'NONE',  #928 ) ;
#8625 = LINE ( 'NONE', #42, #7254 ) ;
#8626 = EDGE_CURVE ( 'NONE', #7716, #5635, #6758, .T. ) ;
#8627 = CARTESIAN_POINT ( 'NONE',  ( 1.680000000000006377, -0.6150000000000054312, -1.220000000000000639 ) ) ;
#8628 = FACE_OUTER_BOUND ( 'NONE', #5106, .T. ) ;
#8629 = PLANE ( 'NONE',  #6430 ) ;
#8630 = EDGE_CURVE ( 'NONE', #5812, #1579, #2729, .T. ) ;
#8631 = EDGE_LOOP ( 'NONE', ( #1101, #8462, #8180, #4687 ) ) ;
#8632 = ORIENTED_EDGE ( 'NONE', *, *, #3525, .T. ) ;
#8633 = EDGE_CURVE ( 'NONE', #686, #2790, #6800, .T. ) ;
#8634 = CARTESIAN_POINT ( 'NONE',  ( 2.319999999999999840, 1.000000000000000000, 2.779999999999999361 ) ) ;
#8635 =( NAMED_UNIT ( * ) SI_UNIT ( $, .STERADIAN. ) SOLID_ANGLE_UNIT ( ) );
#8636 = FACE_OUTER_BOUND ( 'NONE', #7406, .T. ) ;
#8637 = CARTESIAN_POINT ( 'NONE',  ( 0.9500000000000037303, 16.60000000000000142, 5.499999999999999112 ) ) ;
#8638 = PLANE ( 'NONE',  #4294 ) ;
#8639 = ORIENTED_EDGE ( 'NONE', *, *, #5322, .F. ) ;
#8640 = DIRECTION ( 'NONE',  ( 0.000000000000000000, -1.000000000000000000, 0.000000000000000000 ) ) ;
#8641 = CARTESIAN_POINT ( 'NONE',  ( -2.399999999999995914, 4.500000000000000888, 5.500000000000000888 ) ) ;
#8642 =( NAMED_UNIT ( * ) PLANE_ANGLE_UNIT ( ) SI_UNIT ( $, .RADIAN. ) );
#8643 = VERTEX_POINT ( 'NONE', #5465 ) ;
#8644 = VERTEX_POINT ( 'NONE', #8164 ) ;
#8645 = VERTEX_POINT ( 'NONE', #2112 ) ;
#8646 = VECTOR ( 'NONE', #3979, 1000.000000000000114 ) ;
#8647 = EDGE_CURVE ( 'NONE', #2904, #8140, #6841, .T. ) ;
#8648 = DIRECTION ( 'NONE',  ( -0.000000000000000000, -1.000000000000000000, -0.000000000000000000 ) ) ;
#8649 = CARTESIAN_POINT ( 'NONE',  ( 0.4500000000000011768, 4.500000000000000888, 4.600000000000000533 ) ) ;
#8650 = CARTESIAN_POINT ( 'NONE',  ( -4.649999999999995914, 0.000000000000000000, 2.599999999999998757 ) ) ;
#8651 = FACE_OUTER_BOUND ( 'NONE', #613, .T. ) ;
#8652 = VECTOR ( 'NONE', #3463, 1000.000000000000000 ) ;
#8653 = PLANE ( 'NONE',  #1463 ) ;
#8654 = ORIENTED_EDGE ( 'NONE', *, *, #2192, .F. ) ;
#8655 = ORIENTED_EDGE ( 'NONE', *, *, #737, .F. ) ;
#8656 = CARTESIAN_POINT ( 'NONE',  ( 2.399999999999994138, 16.60000000000000142, -3.200000000000001066 ) ) ;
#8657 = LINE ( 'NONE', #2609, #5971 ) ;
#8659 = AXIS2_PLACEMENT_3D ( 'NONE', #5082, #8485, #3009 ) ;
#8658 = CARTESIAN_POINT ( 'NONE',  ( -0.8499999999999999778, 0.000000000000000000, -0.4000000000000001887 ) ) ;
#8660 = EDGE_LOOP ( 'NONE', ( #5728, #1347, #429 ) ) ;
#8661 = CARTESIAN_POINT ( 'NONE',  ( 1.680000000000006377, -0.6150000000000054312, -1.220000000000000639 ) ) ;
#8662 = VECTOR ( 'NONE', #8595, 1000.000000000000000 ) ;
#8663 = LINE ( 'NONE', #4079, #4512 ) ;
#8664 = CIRCLE ( 'NONE', #5034, 0.4500000000000001221 ) ;
#8665 = DIRECTION ( 'NONE',  ( 1.000000000000000000, -6.776263578034402713E-16, 0.000000000000000000 ) ) ;
#8666 = CARTESIAN_POINT ( 'NONE',  ( 2.399999999999999023, 4.500000000000000888, 3.599999999999998757 ) ) ;
#8667 = VECTOR ( 'NONE', #67, 1000.000000000000000 ) ;
#8668 = LINE ( 'NONE', #784, #226 ) ;
#8669 = EDGE_CURVE ( 'NONE', #4751, #2158, #7068, .T. ) ;
#8670 = AXIS2_PLACEMENT_3D ( 'NONE', #4016, #4550, #5340 ) ;
#8671 = CARTESIAN_POINT ( 'NONE',  ( 1.880028303524377664, -1.150000000000005462, -0.5800000000000006262 ) ) ;
#8672 = DIRECTION ( 'NONE',  ( 0.000000000000000000, 1.000000000000000000, 0.000000000000000000 ) ) ;
#8673 = COLOUR_RGB ( '',0.7921568627450980005, 0.8196078431372548767, 0.9333333333333333481 ) ;
#8674 = ORIENTED_EDGE ( 'NONE', *, *, #6400, .F. ) ;
#8675 = ORIENTED_EDGE ( 'NONE', *, *, #7088, .T. ) ;
#8676 = EDGE_CURVE ( 'NONE', #2477, #6751, #8428, .T. ) ;
#8678 = EDGE_CURVE ( 'NONE', #2790, #7641, #4324, .T. ) ;
#8677 = DIRECTION ( 'NONE',  ( 0.9396926207859090940, -0.3420201433256667145, 0.000000000000000000 ) ) ;
#8679 = LINE ( 'NONE', #1795, #121 ) ;
#8680 =( BOUNDED_CURVE ( )  B_SPLINE_CURVE ( 3, ( #333, #4886, #1668, #4370 ),
 .UNSPECIFIED., .F., .T. ) 
 B_SPLINE_CURVE_WITH_KNOTS ( ( 4, 4 ),
 ( 0.000000000000000000, 1.570796326794896558 ),
 .UNSPECIFIED. ) 
 CURVE ( )  GEOMETRIC_REPRESENTATION_ITEM ( )  RATIONAL_B_SPLINE_CURVE ( ( 1.000000000000000000, 0.8047378541243649375, 0.8047378541243649375, 1.000000000000000000 ) ) 
 REPRESENTATION_ITEM ( '' )  );
#8681 = PLANE ( 'NONE',  #6537 ) ;
#8682 = DIRECTION ( 'NONE',  ( -0.3236155771181807861, -0.8891264907159902586, -0.3236155771181835061 ) ) ;
#8683 = EDGE_CURVE ( 'NONE', #7990, #5790, #2949, .T. ) ;
#8684 = CARTESIAN_POINT ( 'NONE',  ( 9.629649721936179265E-32, 16.60000000000000142, -6.400000000000001243 ) ) ;
#8685 = ORIENTED_EDGE ( 'NONE', *, *, #5815, .F. ) ;
#8686 = CARTESIAN_POINT ( 'NONE',  ( 2.400000000000010125, 28.50378091196238373, 3.599999999999991207 ) ) ;
#8687 =( GEOMETRIC_REPRESENTATION_CONTEXT ( 3 ) GLOBAL_UNCERTAINTY_ASSIGNED_CONTEXT ( ( #4381 ) ) GLOBAL_UNIT_ASSIGNED_CONTEXT ( ( #3927, #3744, #3217 ) ) REPRESENTATION_CONTEXT ( 'NONE', 'WORKASPACE' ) );
#8688 = CIRCLE ( 'NONE', #6860, 1.899999999999999245 ) ;
#8689 = ADVANCED_FACE ( 'NONE', ( #6352 ), #8336, .T. ) ;
#8690 = CARTESIAN_POINT ( 'NONE',  ( 2.319999999999998064, 4.500000000000000888, 5.699999999999999289 ) ) ;
#8691 = ORIENTED_EDGE ( 'NONE', *, *, #6019, .F. ) ;
#8692 = ORIENTED_EDGE ( 'NONE', *, *, #8733, .T. ) ;
#8693 = ORIENTED_EDGE ( 'NONE', *, *, #7332, .F. ) ;
#8694 = VECTOR ( 'NONE', #8173, 1000.000000000000000 ) ;
#8695 = CIRCLE ( 'NONE', #8002, 0.1999999999999996503 ) ;
#8696 = DIRECTION ( 'NONE',  ( -1.000000000000000000, 0.000000000000000000, 5.421010862427523156E-16 ) ) ;
#8697 = CARTESIAN_POINT ( 'NONE',  ( 2.320000000000006057, -0.4992691472256670648, -0.5800000000000006262 ) ) ;
#8698 = FACE_OUTER_BOUND ( 'NONE', #7784, .T. ) ;
#8699 = LINE ( 'NONE', #8567, #382 ) ;
#8700 = AXIS2_PLACEMENT_3D ( 'NONE', #5874, #1104, #3811 ) ;
#8701 = CARTESIAN_POINT ( 'NONE',  ( -0.09999999999999442668, -3.300000000000005151, -1.220000000000000639 ) ) ;
#8702 = VECTOR ( 'NONE', #6109, 1000.000000000000000 ) ;
#8703 = VERTEX_POINT ( 'NONE', #997 ) ;
#8704 = VECTOR ( 'NONE', #3222, 1000.000000000000000 ) ;
#8705 = CARTESIAN_POINT ( 'NONE',  ( -0.3200000000000000622, -2.695554967719985040, 2.779999999999999361 ) ) ;
#8706 = VECTOR ( 'NONE', #5194, 1000.000000000000000 ) ;
#8707 = CONICAL_SURFACE ( 'NONE', #2214, 0.4500000000000001221, 0.7853981633974520538 ) ;
#8708 = ORIENTED_EDGE ( 'NONE', *, *, #3838, .T. ) ;
#8709 = DIRECTION ( 'NONE',  ( -0.000000000000000000, 1.000000000000000000, -0.000000000000000000 ) ) ;
#8710 = DIRECTION ( 'NONE',  ( -1.000000000000000000, 0.000000000000000000, 8.673617379884043361E-16 ) ) ;
#8711 = PLANE ( 'NONE',  #7008 ) ;
#8712 = CARTESIAN_POINT ( 'NONE',  ( -1.599999999999999645, 10.30000000000000249, -6.400000000000000355 ) ) ;
#8713 = LINE ( 'NONE', #5316, #5342 ) ;
#8714 = FACE_OUTER_BOUND ( 'NONE', #1346, .T. ) ;
#8715 = VERTEX_POINT ( 'NONE', #8251 ) ;
#8716 = ORIENTED_EDGE ( 'NONE', *, *, #5195, .F. ) ;
#8717 = ADVANCED_FACE ( 'NONE', ( #2284 ), #292, .F. ) ;
#8718 = VECTOR ( 'NONE', #7309, 1000.000000000000000 ) ;
#8719 = LINE ( 'NONE', #8060, #6108 ) ;
#8720 = FACE_BOUND ( 'NONE', #2715, .T. ) ;
#8721 = PLANE ( 'NONE',  #4978 ) ;
#8722 = LINE ( 'NONE', #4627, #5135 ) ;
#8723 = LINE ( 'NONE', #8064, #195 ) ;
#8724 = VECTOR ( 'NONE', #6658, 1000.000000000000000 ) ;
#8725 = ADVANCED_FACE ( 'NONE', ( #5024, #5683 ), #1576, .F. ) ;
#8726 = VERTEX_POINT ( 'NONE', #1486 ) ;
#8727 = EDGE_CURVE ( 'NONE', #1714, #3711, #4371, .T. ) ;
#8728 = CARTESIAN_POINT ( 'NONE',  ( -2.094999999999997531, 9.700000000000001066, 2.779999999999999361 ) ) ;
#8729 = DIRECTION ( 'NONE',  ( -3.469446951953621584E-16, 0.000000000000000000, 1.000000000000000000 ) ) ;
#8730 = VECTOR ( 'NONE', #4812, 1000.000000000000000 ) ;
#8731 = ORIENTED_EDGE ( 'NONE', *, *, #2842, .T. ) ;
#8732 = VERTEX_POINT ( 'NONE', #3528 ) ;
#8733 = EDGE_CURVE ( 'NONE', #3711, #1769, #4464, .T. ) ;
#8734 = ORIENTED_EDGE ( 'NONE', *, *, #6296, .T. ) ;
#8735 = CARTESIAN_POINT ( 'NONE',  ( -0.4500000000000011768, 4.500000000000000888, 4.600000000000000533 ) ) ;
#8736 = SURFACE_SIDE_STYLE ('',( #1304 ) ) ;
#8737 = LINE ( 'NONE', #1978, #4161 ) ;
#8739 = FACE_OUTER_BOUND ( 'NONE', #4315, .T. ) ;
#8738 = AXIS2_PLACEMENT_3D ( 'NONE', #4115, #4684, #7375 ) ;
#8740 = DIRECTION ( 'NONE',  ( 0.000000000000000000, 1.000000000000000000, 0.000000000000000000 ) ) ;
#8741 = CARTESIAN_POINT ( 'NONE',  ( -1.599999999999996314, 14.49999999999999822, 1.200000000000000178 ) ) ;
#8742 = VECTOR ( 'NONE', #7569, 1000.000000000000000 ) ;
#8743 = EDGE_CURVE ( 'NONE', #8252, #6778, #1759, .T. ) ;
#8744 = ORIENTED_EDGE ( 'NONE', *, *, #7865, .T. ) ;
#8745 = CARTESIAN_POINT ( 'NONE',  ( -1.607973257203522355, -3.216463236979171914, -0.8050000000000019362 ) ) ;
#8746 = CARTESIAN_POINT ( 'NONE',  ( 4.299999999999998046, 16.60000000000000142, 3.599999999999997424 ) ) ;
#8747 = ORIENTED_EDGE ( 'NONE', *, *, #1761, .T. ) ;
#8748 = DIRECTION ( 'NONE',  ( -0.8870108331782212696, 0.4617486132350347994, 0.000000000000000000 ) ) ;
#8749 = DIRECTION ( 'NONE',  ( -1.000000000000000000, 6.776263578034402713E-16, 0.000000000000000000 ) ) ;
#8750 = NEXT_ASSEMBLY_USAGE_OCCURRENCE ( 'NAUO1', ' ', ' ', #6102, #2337, $ ) ;
#8751 = NEXT_ASSEMBLY_USAGE_OCCURRENCE ( 'NAUO2', ' ', ' ', #6102, #6000, $ ) ;
#8752 = NEXT_ASSEMBLY_USAGE_OCCURRENCE ( 'NAUO3', ' ', ' ', #6102, #1687, $ ) ;
#8753 = NEXT_ASSEMBLY_USAGE_OCCURRENCE ( 'NAUO4', ' ', ' ', #6102, #7953, $ ) ;
ENDSEC;
END-ISO-10303-21;
