ISO-10303-21;
HEADER;
/* Generated by software containing ST-Developer
 * from STEP Tools, Inc. (www.steptools.com) 
 */

FILE_DESCRIPTION(
/* description */ ('STEP AP214'),
/* implementation_level */ '2;1');

FILE_NAME(
/* name */ 'B08B-JWPF-SK-R.step',
/* time_stamp */ '2026-06-04T12:35:50+02:00',
/* author */ (''),
/* organization */ (''),
/* preprocessor_version */ 'ST-DEVELOPER v20.1',
/* originating_system */ 'Autodesk Translation Framework v15.8.0.0',
/* authorisation */ '');

FILE_SCHEMA (('AUTOMOTIVE_DESIGN { 1 0 10303 214 3 1 1 }'));
ENDSEC;

DATA;
#10=MECHANICAL_DESIGN_GEOMETRIC_PRESENTATION_REPRESENTATION('',(#14,#15,
#16,#17,#18,#19,#20,#21,#22,#23,#24,#25,#26,#27,#28,#29,#30,#31,#32,#33,
#34,#35,#36,#37,#38,#39,#40,#41,#42,#43,#44,#45,#46,#47,#48,#49,#50,#51,
#52,#53,#54,#55,#56,#57,#58,#59,#60,#61,#62,#63,#64,#65,#66,#67,#68,#69,
#70,#71,#72,#73,#74,#75,#76,#77,#78,#79,#80,#81,#82,#83,#84,#85,#86,#87,
#88,#89,#90,#91,#92,#93,#94),#3305);
#11=SHAPE_REPRESENTATION_RELATIONSHIP('SRR','None',#3312,#12);
#12=ADVANCED_BREP_SHAPE_REPRESENTATION('',(#13),#3304);
#13=MANIFOLD_SOLID_BREP('K\X\F6rper1',#2100);
#14=STYLED_ITEM('',(#3323),#2001);
#15=STYLED_ITEM('',(#3323),#2002);
#16=STYLED_ITEM('',(#3323),#2003);
#17=STYLED_ITEM('',(#3323),#2004);
#18=STYLED_ITEM('',(#3323),#2005);
#19=STYLED_ITEM('',(#3323),#2006);
#20=STYLED_ITEM('',(#3323),#2009);
#21=STYLED_ITEM('',(#3323),#2010);
#22=STYLED_ITEM('',(#3323),#2011);
#23=STYLED_ITEM('',(#3323),#2012);
#24=STYLED_ITEM('',(#3323),#2013);
#25=STYLED_ITEM('',(#3323),#2014);
#26=STYLED_ITEM('',(#3323),#2015);
#27=STYLED_ITEM('',(#3323),#2016);
#28=STYLED_ITEM('',(#3323),#2017);
#29=STYLED_ITEM('',(#3323),#2018);
#30=STYLED_ITEM('',(#3323),#2019);
#31=STYLED_ITEM('',(#3323),#2020);
#32=STYLED_ITEM('',(#3323),#2021);
#33=STYLED_ITEM('',(#3323),#2022);
#34=STYLED_ITEM('',(#3323),#2023);
#35=STYLED_ITEM('',(#3323),#2024);
#36=STYLED_ITEM('',(#3323),#2025);
#37=STYLED_ITEM('',(#3323),#2026);
#38=STYLED_ITEM('',(#3323),#2027);
#39=STYLED_ITEM('',(#3323),#2028);
#40=STYLED_ITEM('',(#3323),#2029);
#41=STYLED_ITEM('',(#3323),#2030);
#42=STYLED_ITEM('',(#3323),#2031);
#43=STYLED_ITEM('',(#3323),#2032);
#44=STYLED_ITEM('',(#3323),#2033);
#45=STYLED_ITEM('',(#3323),#2034);
#46=STYLED_ITEM('',(#3323),#2035);
#47=STYLED_ITEM('',(#3323),#2036);
#48=STYLED_ITEM('',(#3323),#2044);
#49=STYLED_ITEM('',(#3323),#2045);
#50=STYLED_ITEM('',(#3323),#2046);
#51=STYLED_ITEM('',(#3323),#2047);
#52=STYLED_ITEM('',(#3323),#2048);
#53=STYLED_ITEM('',(#3323),#2049);
#54=STYLED_ITEM('',(#3323),#2060);
#55=STYLED_ITEM('',(#3323),#2061);
#56=STYLED_ITEM('',(#3323),#2062);
#57=STYLED_ITEM('',(#3323),#2063);
#58=STYLED_ITEM('',(#3323),#2064);
#59=STYLED_ITEM('',(#3323),#2065);
#60=STYLED_ITEM('',(#3323),#2066);
#61=STYLED_ITEM('',(#3323),#2067);
#62=STYLED_ITEM('',(#3323),#2068);
#63=STYLED_ITEM('',(#3323),#2069);
#64=STYLED_ITEM('',(#3323),#2070);
#65=STYLED_ITEM('',(#3323),#2071);
#66=STYLED_ITEM('',(#3323),#2072);
#67=STYLED_ITEM('',(#3323),#2073);
#68=STYLED_ITEM('',(#3323),#2074);
#69=STYLED_ITEM('',(#3323),#2075);
#70=STYLED_ITEM('',(#3323),#2076);
#71=STYLED_ITEM('',(#3323),#2077);
#72=STYLED_ITEM('',(#3323),#2078);
#73=STYLED_ITEM('',(#3323),#2079);
#74=STYLED_ITEM('',(#3323),#2080);
#75=STYLED_ITEM('',(#3323),#2081);
#76=STYLED_ITEM('',(#3323),#2082);
#77=STYLED_ITEM('',(#3323),#2083);
#78=STYLED_ITEM('',(#3323),#2084);
#79=STYLED_ITEM('',(#3323),#2085);
#80=STYLED_ITEM('',(#3323),#2086);
#81=STYLED_ITEM('',(#3323),#2087);
#82=STYLED_ITEM('',(#3323),#2088);
#83=STYLED_ITEM('',(#3323),#2089);
#84=STYLED_ITEM('',(#3323),#2090);
#85=STYLED_ITEM('',(#3323),#2091);
#86=STYLED_ITEM('',(#3323),#2092);
#87=STYLED_ITEM('',(#3323),#2093);
#88=STYLED_ITEM('',(#3323),#2094);
#89=STYLED_ITEM('',(#3323),#2095);
#90=STYLED_ITEM('',(#3323),#2096);
#91=STYLED_ITEM('',(#3323),#2097);
#92=STYLED_ITEM('',(#3323),#2098);
#93=STYLED_ITEM('',(#3323),#2099);
#94=STYLED_ITEM('',(#3322),#13);
#95=FACE_BOUND('',#327,.T.);
#96=FACE_BOUND('',#328,.T.);
#97=FACE_BOUND('',#329,.T.);
#98=FACE_BOUND('',#330,.T.);
#99=FACE_BOUND('',#331,.T.);
#100=FACE_BOUND('',#332,.T.);
#101=FACE_BOUND('',#333,.T.);
#102=FACE_BOUND('',#334,.T.);
#103=FACE_BOUND('',#340,.T.);
#104=FACE_BOUND('',#403,.T.);
#105=FACE_BOUND('',#404,.T.);
#106=FACE_BOUND('',#405,.T.);
#107=FACE_BOUND('',#406,.T.);
#108=FACE_BOUND('',#407,.T.);
#109=FACE_BOUND('',#408,.T.);
#110=FACE_BOUND('',#409,.T.);
#111=FACE_BOUND('',#410,.T.);
#112=PLANE('',#2117);
#113=PLANE('',#2123);
#114=PLANE('',#2128);
#115=PLANE('',#2129);
#116=PLANE('',#2132);
#117=PLANE('',#2135);
#118=PLANE('',#2136);
#119=PLANE('',#2137);
#120=PLANE('',#2138);
#121=PLANE('',#2139);
#122=PLANE('',#2140);
#123=PLANE('',#2141);
#124=PLANE('',#2142);
#125=PLANE('',#2143);
#126=PLANE('',#2144);
#127=PLANE('',#2145);
#128=PLANE('',#2146);
#129=PLANE('',#2147);
#130=PLANE('',#2148);
#131=PLANE('',#2149);
#132=PLANE('',#2150);
#133=PLANE('',#2151);
#134=PLANE('',#2152);
#135=PLANE('',#2153);
#136=PLANE('',#2154);
#137=PLANE('',#2155);
#138=PLANE('',#2156);
#139=PLANE('',#2157);
#140=PLANE('',#2158);
#141=PLANE('',#2159);
#142=PLANE('',#2160);
#143=PLANE('',#2161);
#144=PLANE('',#2162);
#145=PLANE('',#2163);
#146=PLANE('',#2164);
#147=PLANE('',#2165);
#148=PLANE('',#2166);
#149=PLANE('',#2167);
#150=PLANE('',#2168);
#151=PLANE('',#2169);
#152=PLANE('',#2170);
#153=PLANE('',#2171);
#154=PLANE('',#2172);
#155=PLANE('',#2173);
#156=PLANE('',#2174);
#157=PLANE('',#2175);
#158=PLANE('',#2176);
#159=PLANE('',#2177);
#160=PLANE('',#2178);
#161=PLANE('',#2179);
#162=PLANE('',#2180);
#163=PLANE('',#2181);
#164=PLANE('',#2182);
#165=PLANE('',#2183);
#166=PLANE('',#2184);
#167=PLANE('',#2185);
#168=PLANE('',#2186);
#169=PLANE('',#2187);
#170=PLANE('',#2188);
#171=PLANE('',#2189);
#172=PLANE('',#2190);
#173=PLANE('',#2191);
#174=PLANE('',#2192);
#175=PLANE('',#2193);
#176=PLANE('',#2194);
#177=PLANE('',#2195);
#178=PLANE('',#2196);
#179=PLANE('',#2197);
#180=PLANE('',#2198);
#181=PLANE('',#2199);
#182=PLANE('',#2200);
#183=PLANE('',#2201);
#184=PLANE('',#2202);
#185=PLANE('',#2203);
#186=PLANE('',#2204);
#187=PLANE('',#2205);
#188=PLANE('',#2206);
#189=PLANE('',#2207);
#190=PLANE('',#2208);
#191=PLANE('',#2209);
#192=PLANE('',#2210);
#193=PLANE('',#2211);
#194=PLANE('',#2212);
#195=PLANE('',#2213);
#196=PLANE('',#2214);
#197=PLANE('',#2215);
#198=PLANE('',#2216);
#199=PLANE('',#2217);
#200=PLANE('',#2218);
#201=PLANE('',#2219);
#202=PLANE('',#2220);
#203=PLANE('',#2221);
#204=PLANE('',#2222);
#205=PLANE('',#2223);
#206=PLANE('',#2224);
#207=PLANE('',#2225);
#208=PLANE('',#2226);
#209=PLANE('',#2227);
#210=PLANE('',#2228);
#211=PLANE('',#2229);
#212=PLANE('',#2230);
#213=PLANE('',#2231);
#214=PLANE('',#2232);
#215=PLANE('',#2233);
#216=FACE_OUTER_BOUND('',#325,.T.);
#217=FACE_OUTER_BOUND('',#326,.T.);
#218=FACE_OUTER_BOUND('',#335,.T.);
#219=FACE_OUTER_BOUND('',#336,.T.);
#220=FACE_OUTER_BOUND('',#337,.T.);
#221=FACE_OUTER_BOUND('',#338,.T.);
#222=FACE_OUTER_BOUND('',#339,.T.);
#223=FACE_OUTER_BOUND('',#341,.T.);
#224=FACE_OUTER_BOUND('',#342,.T.);
#225=FACE_OUTER_BOUND('',#343,.T.);
#226=FACE_OUTER_BOUND('',#344,.T.);
#227=FACE_OUTER_BOUND('',#345,.T.);
#228=FACE_OUTER_BOUND('',#346,.T.);
#229=FACE_OUTER_BOUND('',#347,.T.);
#230=FACE_OUTER_BOUND('',#348,.T.);
#231=FACE_OUTER_BOUND('',#349,.T.);
#232=FACE_OUTER_BOUND('',#350,.T.);
#233=FACE_OUTER_BOUND('',#351,.T.);
#234=FACE_OUTER_BOUND('',#352,.T.);
#235=FACE_OUTER_BOUND('',#353,.T.);
#236=FACE_OUTER_BOUND('',#354,.T.);
#237=FACE_OUTER_BOUND('',#355,.T.);
#238=FACE_OUTER_BOUND('',#356,.T.);
#239=FACE_OUTER_BOUND('',#357,.T.);
#240=FACE_OUTER_BOUND('',#358,.T.);
#241=FACE_OUTER_BOUND('',#359,.T.);
#242=FACE_OUTER_BOUND('',#360,.T.);
#243=FACE_OUTER_BOUND('',#361,.T.);
#244=FACE_OUTER_BOUND('',#362,.T.);
#245=FACE_OUTER_BOUND('',#363,.T.);
#246=FACE_OUTER_BOUND('',#364,.T.);
#247=FACE_OUTER_BOUND('',#365,.T.);
#248=FACE_OUTER_BOUND('',#366,.T.);
#249=FACE_OUTER_BOUND('',#367,.T.);
#250=FACE_OUTER_BOUND('',#368,.T.);
#251=FACE_OUTER_BOUND('',#369,.T.);
#252=FACE_OUTER_BOUND('',#370,.T.);
#253=FACE_OUTER_BOUND('',#371,.T.);
#254=FACE_OUTER_BOUND('',#372,.T.);
#255=FACE_OUTER_BOUND('',#373,.T.);
#256=FACE_OUTER_BOUND('',#374,.T.);
#257=FACE_OUTER_BOUND('',#375,.T.);
#258=FACE_OUTER_BOUND('',#376,.T.);
#259=FACE_OUTER_BOUND('',#377,.T.);
#260=FACE_OUTER_BOUND('',#378,.T.);
#261=FACE_OUTER_BOUND('',#379,.T.);
#262=FACE_OUTER_BOUND('',#380,.T.);
#263=FACE_OUTER_BOUND('',#381,.T.);
#264=FACE_OUTER_BOUND('',#382,.T.);
#265=FACE_OUTER_BOUND('',#383,.T.);
#266=FACE_OUTER_BOUND('',#384,.T.);
#267=FACE_OUTER_BOUND('',#385,.T.);
#268=FACE_OUTER_BOUND('',#386,.T.);
#269=FACE_OUTER_BOUND('',#387,.T.);
#270=FACE_OUTER_BOUND('',#388,.T.);
#271=FACE_OUTER_BOUND('',#389,.T.);
#272=FACE_OUTER_BOUND('',#390,.T.);
#273=FACE_OUTER_BOUND('',#391,.T.);
#274=FACE_OUTER_BOUND('',#392,.T.);
#275=FACE_OUTER_BOUND('',#393,.T.);
#276=FACE_OUTER_BOUND('',#394,.T.);
#277=FACE_OUTER_BOUND('',#395,.T.);
#278=FACE_OUTER_BOUND('',#396,.T.);
#279=FACE_OUTER_BOUND('',#397,.T.);
#280=FACE_OUTER_BOUND('',#398,.T.);
#281=FACE_OUTER_BOUND('',#399,.T.);
#282=FACE_OUTER_BOUND('',#400,.T.);
#283=FACE_OUTER_BOUND('',#401,.T.);
#284=FACE_OUTER_BOUND('',#402,.T.);
#285=FACE_OUTER_BOUND('',#411,.T.);
#286=FACE_OUTER_BOUND('',#412,.T.);
#287=FACE_OUTER_BOUND('',#413,.T.);
#288=FACE_OUTER_BOUND('',#414,.T.);
#289=FACE_OUTER_BOUND('',#415,.T.);
#290=FACE_OUTER_BOUND('',#416,.T.);
#291=FACE_OUTER_BOUND('',#417,.T.);
#292=FACE_OUTER_BOUND('',#418,.T.);
#293=FACE_OUTER_BOUND('',#419,.T.);
#294=FACE_OUTER_BOUND('',#420,.T.);
#295=FACE_OUTER_BOUND('',#421,.T.);
#296=FACE_OUTER_BOUND('',#422,.T.);
#297=FACE_OUTER_BOUND('',#423,.T.);
#298=FACE_OUTER_BOUND('',#424,.T.);
#299=FACE_OUTER_BOUND('',#425,.T.);
#300=FACE_OUTER_BOUND('',#426,.T.);
#301=FACE_OUTER_BOUND('',#427,.T.);
#302=FACE_OUTER_BOUND('',#428,.T.);
#303=FACE_OUTER_BOUND('',#429,.T.);
#304=FACE_OUTER_BOUND('',#430,.T.);
#305=FACE_OUTER_BOUND('',#431,.T.);
#306=FACE_OUTER_BOUND('',#432,.T.);
#307=FACE_OUTER_BOUND('',#433,.T.);
#308=FACE_OUTER_BOUND('',#434,.T.);
#309=FACE_OUTER_BOUND('',#435,.T.);
#310=FACE_OUTER_BOUND('',#436,.T.);
#311=FACE_OUTER_BOUND('',#437,.T.);
#312=FACE_OUTER_BOUND('',#438,.T.);
#313=FACE_OUTER_BOUND('',#439,.T.);
#314=FACE_OUTER_BOUND('',#440,.T.);
#315=FACE_OUTER_BOUND('',#441,.T.);
#316=FACE_OUTER_BOUND('',#442,.T.);
#317=FACE_OUTER_BOUND('',#443,.T.);
#318=FACE_OUTER_BOUND('',#444,.T.);
#319=FACE_OUTER_BOUND('',#445,.T.);
#320=FACE_OUTER_BOUND('',#446,.T.);
#321=FACE_OUTER_BOUND('',#447,.T.);
#322=FACE_OUTER_BOUND('',#448,.T.);
#323=FACE_OUTER_BOUND('',#449,.T.);
#324=FACE_OUTER_BOUND('',#450,.T.);
#325=EDGE_LOOP('',(#1440,#1441,#1442,#1443));
#326=EDGE_LOOP('',(#1444,#1445,#1446,#1447,#1448,#1449,#1450,#1451,#1452,
#1453,#1454));
#327=EDGE_LOOP('',(#1455,#1456,#1457,#1458));
#328=EDGE_LOOP('',(#1459,#1460,#1461,#1462));
#329=EDGE_LOOP('',(#1463,#1464,#1465,#1466));
#330=EDGE_LOOP('',(#1467,#1468,#1469,#1470));
#331=EDGE_LOOP('',(#1471,#1472,#1473,#1474));
#332=EDGE_LOOP('',(#1475,#1476,#1477,#1478));
#333=EDGE_LOOP('',(#1479,#1480,#1481,#1482));
#334=EDGE_LOOP('',(#1483,#1484,#1485,#1486));
#335=EDGE_LOOP('',(#1487,#1488,#1489,#1490));
#336=EDGE_LOOP('',(#1491,#1492,#1493,#1494));
#337=EDGE_LOOP('',(#1495,#1496,#1497,#1498));
#338=EDGE_LOOP('',(#1499,#1500,#1501,#1502,#1503));
#339=EDGE_LOOP('',(#1504,#1505,#1506,#1507,#1508,#1509,#1510,#1511,#1512,
#1513,#1514,#1515));
#340=EDGE_LOOP('',(#1516,#1517,#1518,#1519,#1520,#1521,#1522,#1523));
#341=EDGE_LOOP('',(#1524,#1525,#1526,#1527));
#342=EDGE_LOOP('',(#1528));
#343=EDGE_LOOP('',(#1529,#1530,#1531,#1532,#1533));
#344=EDGE_LOOP('',(#1534,#1535,#1536,#1537));
#345=EDGE_LOOP('',(#1538,#1539,#1540,#1541));
#346=EDGE_LOOP('',(#1542,#1543,#1544,#1545));
#347=EDGE_LOOP('',(#1546,#1547,#1548,#1549));
#348=EDGE_LOOP('',(#1550,#1551,#1552,#1553));
#349=EDGE_LOOP('',(#1554,#1555,#1556,#1557));
#350=EDGE_LOOP('',(#1558,#1559,#1560,#1561));
#351=EDGE_LOOP('',(#1562,#1563,#1564,#1565,#1566,#1567,#1568,#1569,#1570,
#1571,#1572,#1573));
#352=EDGE_LOOP('',(#1574,#1575,#1576,#1577));
#353=EDGE_LOOP('',(#1578,#1579,#1580,#1581));
#354=EDGE_LOOP('',(#1582,#1583,#1584,#1585));
#355=EDGE_LOOP('',(#1586,#1587,#1588,#1589));
#356=EDGE_LOOP('',(#1590,#1591,#1592,#1593));
#357=EDGE_LOOP('',(#1594,#1595,#1596,#1597));
#358=EDGE_LOOP('',(#1598,#1599,#1600,#1601));
#359=EDGE_LOOP('',(#1602,#1603,#1604,#1605));
#360=EDGE_LOOP('',(#1606,#1607,#1608,#1609));
#361=EDGE_LOOP('',(#1610,#1611,#1612,#1613));
#362=EDGE_LOOP('',(#1614,#1615,#1616,#1617));
#363=EDGE_LOOP('',(#1618,#1619,#1620,#1621));
#364=EDGE_LOOP('',(#1622,#1623,#1624,#1625));
#365=EDGE_LOOP('',(#1626,#1627,#1628,#1629));
#366=EDGE_LOOP('',(#1630,#1631,#1632,#1633));
#367=EDGE_LOOP('',(#1634,#1635,#1636,#1637));
#368=EDGE_LOOP('',(#1638,#1639,#1640,#1641));
#369=EDGE_LOOP('',(#1642,#1643,#1644,#1645));
#370=EDGE_LOOP('',(#1646,#1647,#1648,#1649));
#371=EDGE_LOOP('',(#1650,#1651,#1652,#1653));
#372=EDGE_LOOP('',(#1654,#1655,#1656,#1657));
#373=EDGE_LOOP('',(#1658,#1659,#1660,#1661));
#374=EDGE_LOOP('',(#1662,#1663,#1664,#1665));
#375=EDGE_LOOP('',(#1666,#1667,#1668,#1669));
#376=EDGE_LOOP('',(#1670,#1671,#1672,#1673));
#377=EDGE_LOOP('',(#1674,#1675,#1676,#1677));
#378=EDGE_LOOP('',(#1678,#1679,#1680,#1681));
#379=EDGE_LOOP('',(#1682,#1683,#1684,#1685));
#380=EDGE_LOOP('',(#1686,#1687,#1688,#1689,#1690,#1691));
#381=EDGE_LOOP('',(#1692,#1693,#1694,#1695,#1696));
#382=EDGE_LOOP('',(#1697,#1698,#1699,#1700));
#383=EDGE_LOOP('',(#1701,#1702,#1703,#1704));
#384=EDGE_LOOP('',(#1705,#1706,#1707,#1708,#1709));
#385=EDGE_LOOP('',(#1710,#1711,#1712,#1713));
#386=EDGE_LOOP('',(#1714,#1715,#1716,#1717));
#387=EDGE_LOOP('',(#1718,#1719,#1720,#1721));
#388=EDGE_LOOP('',(#1722,#1723,#1724,#1725));
#389=EDGE_LOOP('',(#1726,#1727,#1728,#1729));
#390=EDGE_LOOP('',(#1730,#1731,#1732,#1733));
#391=EDGE_LOOP('',(#1734,#1735,#1736,#1737));
#392=EDGE_LOOP('',(#1738,#1739,#1740,#1741));
#393=EDGE_LOOP('',(#1742,#1743,#1744,#1745,#1746,#1747,#1748,#1749));
#394=EDGE_LOOP('',(#1750,#1751,#1752,#1753,#1754,#1755,#1756,#1757));
#395=EDGE_LOOP('',(#1758,#1759,#1760,#1761));
#396=EDGE_LOOP('',(#1762,#1763,#1764,#1765));
#397=EDGE_LOOP('',(#1766,#1767,#1768,#1769));
#398=EDGE_LOOP('',(#1770,#1771,#1772,#1773));
#399=EDGE_LOOP('',(#1774,#1775,#1776,#1777));
#400=EDGE_LOOP('',(#1778,#1779,#1780,#1781,#1782,#1783,#1784,#1785));
#401=EDGE_LOOP('',(#1786,#1787,#1788,#1789));
#402=EDGE_LOOP('',(#1790,#1791,#1792,#1793));
#403=EDGE_LOOP('',(#1794,#1795,#1796,#1797));
#404=EDGE_LOOP('',(#1798,#1799,#1800,#1801));
#405=EDGE_LOOP('',(#1802,#1803,#1804,#1805));
#406=EDGE_LOOP('',(#1806,#1807,#1808,#1809));
#407=EDGE_LOOP('',(#1810,#1811,#1812,#1813));
#408=EDGE_LOOP('',(#1814,#1815,#1816,#1817));
#409=EDGE_LOOP('',(#1818,#1819,#1820,#1821));
#410=EDGE_LOOP('',(#1822,#1823,#1824,#1825));
#411=EDGE_LOOP('',(#1826,#1827,#1828,#1829));
#412=EDGE_LOOP('',(#1830,#1831,#1832,#1833));
#413=EDGE_LOOP('',(#1834,#1835,#1836,#1837));
#414=EDGE_LOOP('',(#1838,#1839,#1840,#1841));
#415=EDGE_LOOP('',(#1842,#1843,#1844,#1845));
#416=EDGE_LOOP('',(#1846,#1847,#1848,#1849));
#417=EDGE_LOOP('',(#1850,#1851,#1852,#1853));
#418=EDGE_LOOP('',(#1854,#1855,#1856,#1857));
#419=EDGE_LOOP('',(#1858,#1859,#1860,#1861));
#420=EDGE_LOOP('',(#1862,#1863,#1864,#1865));
#421=EDGE_LOOP('',(#1866,#1867,#1868,#1869));
#422=EDGE_LOOP('',(#1870,#1871,#1872,#1873));
#423=EDGE_LOOP('',(#1874,#1875,#1876,#1877));
#424=EDGE_LOOP('',(#1878,#1879,#1880,#1881));
#425=EDGE_LOOP('',(#1882,#1883,#1884,#1885));
#426=EDGE_LOOP('',(#1886,#1887,#1888,#1889));
#427=EDGE_LOOP('',(#1890,#1891,#1892,#1893));
#428=EDGE_LOOP('',(#1894,#1895,#1896,#1897));
#429=EDGE_LOOP('',(#1898,#1899,#1900,#1901));
#430=EDGE_LOOP('',(#1902,#1903,#1904,#1905));
#431=EDGE_LOOP('',(#1906,#1907,#1908,#1909));
#432=EDGE_LOOP('',(#1910,#1911,#1912,#1913));
#433=EDGE_LOOP('',(#1914,#1915,#1916,#1917));
#434=EDGE_LOOP('',(#1918,#1919,#1920,#1921));
#435=EDGE_LOOP('',(#1922,#1923,#1924,#1925));
#436=EDGE_LOOP('',(#1926,#1927,#1928,#1929));
#437=EDGE_LOOP('',(#1930,#1931,#1932,#1933));
#438=EDGE_LOOP('',(#1934,#1935,#1936,#1937));
#439=EDGE_LOOP('',(#1938,#1939,#1940,#1941));
#440=EDGE_LOOP('',(#1942,#1943,#1944,#1945));
#441=EDGE_LOOP('',(#1946,#1947,#1948,#1949));
#442=EDGE_LOOP('',(#1950,#1951,#1952,#1953));
#443=EDGE_LOOP('',(#1954,#1955,#1956,#1957));
#444=EDGE_LOOP('',(#1958,#1959,#1960,#1961));
#445=EDGE_LOOP('',(#1962,#1963,#1964,#1965));
#446=EDGE_LOOP('',(#1966,#1967,#1968,#1969));
#447=EDGE_LOOP('',(#1970,#1971,#1972,#1973));
#448=EDGE_LOOP('',(#1974,#1975,#1976,#1977));
#449=EDGE_LOOP('',(#1978,#1979,#1980,#1981));
#450=EDGE_LOOP('',(#1982,#1983,#1984,#1985));
#451=LINE('',#2744,#713);
#452=LINE('',#2747,#714);
#453=LINE('',#2750,#715);
#454=LINE('',#2754,#716);
#455=LINE('',#2758,#717);
#456=LINE('',#2763,#718);
#457=LINE('',#2766,#719);
#458=LINE('',#2769,#720);
#459=LINE('',#2771,#721);
#460=LINE('',#2773,#722);
#461=LINE('',#2774,#723);
#462=LINE('',#2777,#724);
#463=LINE('',#2779,#725);
#464=LINE('',#2781,#726);
#465=LINE('',#2782,#727);
#466=LINE('',#2785,#728);
#467=LINE('',#2787,#729);
#468=LINE('',#2789,#730);
#469=LINE('',#2790,#731);
#470=LINE('',#2793,#732);
#471=LINE('',#2795,#733);
#472=LINE('',#2797,#734);
#473=LINE('',#2798,#735);
#474=LINE('',#2801,#736);
#475=LINE('',#2803,#737);
#476=LINE('',#2805,#738);
#477=LINE('',#2806,#739);
#478=LINE('',#2809,#740);
#479=LINE('',#2811,#741);
#480=LINE('',#2813,#742);
#481=LINE('',#2814,#743);
#482=LINE('',#2817,#744);
#483=LINE('',#2819,#745);
#484=LINE('',#2821,#746);
#485=LINE('',#2822,#747);
#486=LINE('',#2825,#748);
#487=LINE('',#2827,#749);
#488=LINE('',#2829,#750);
#489=LINE('',#2830,#751);
#490=LINE('',#2833,#752);
#491=LINE('',#2834,#753);
#492=LINE('',#2838,#754);
#493=LINE('',#2841,#755);
#494=LINE('',#2844,#756);
#495=LINE('',#2847,#757);
#496=LINE('',#2848,#758);
#497=LINE('',#2851,#759);
#498=LINE('',#2853,#760);
#499=LINE('',#2855,#761);
#500=LINE('',#2857,#762);
#501=LINE('',#2859,#763);
#502=LINE('',#2861,#764);
#503=LINE('',#2864,#765);
#504=LINE('',#2866,#766);
#505=LINE('',#2868,#767);
#506=LINE('',#2870,#768);
#507=LINE('',#2872,#769);
#508=LINE('',#2874,#770);
#509=LINE('',#2876,#771);
#510=LINE('',#2877,#772);
#511=LINE('',#2879,#773);
#512=LINE('',#2884,#774);
#513=LINE('',#2887,#775);
#514=LINE('',#2889,#776);
#515=LINE('',#2890,#777);
#516=LINE('',#2893,#778);
#517=LINE('',#2895,#779);
#518=LINE('',#2896,#780);
#519=LINE('',#2898,#781);
#520=LINE('',#2900,#782);
#521=LINE('',#2904,#783);
#522=LINE('',#2906,#784);
#523=LINE('',#2907,#785);
#524=LINE('',#2911,#786);
#525=LINE('',#2913,#787);
#526=LINE('',#2915,#788);
#527=LINE('',#2917,#789);
#528=LINE('',#2919,#790);
#529=LINE('',#2921,#791);
#530=LINE('',#2922,#792);
#531=LINE('',#2925,#793);
#532=LINE('',#2927,#794);
#533=LINE('',#2928,#795);
#534=LINE('',#2931,#796);
#535=LINE('',#2933,#797);
#536=LINE('',#2934,#798);
#537=LINE('',#2937,#799);
#538=LINE('',#2939,#800);
#539=LINE('',#2940,#801);
#540=LINE('',#2943,#802);
#541=LINE('',#2945,#803);
#542=LINE('',#2946,#804);
#543=LINE('',#2949,#805);
#544=LINE('',#2950,#806);
#545=LINE('',#2953,#807);
#546=LINE('',#2955,#808);
#547=LINE('',#2956,#809);
#548=LINE('',#2959,#810);
#549=LINE('',#2960,#811);
#550=LINE('',#2963,#812);
#551=LINE('',#2964,#813);
#552=LINE('',#2967,#814);
#553=LINE('',#2969,#815);
#554=LINE('',#2970,#816);
#555=LINE('',#2973,#817);
#556=LINE('',#2974,#818);
#557=LINE('',#2977,#819);
#558=LINE('',#2978,#820);
#559=LINE('',#2981,#821);
#560=LINE('',#2983,#822);
#561=LINE('',#2984,#823);
#562=LINE('',#2987,#824);
#563=LINE('',#2988,#825);
#564=LINE('',#2991,#826);
#565=LINE('',#2993,#827);
#566=LINE('',#2994,#828);
#567=LINE('',#2996,#829);
#568=LINE('',#2999,#830);
#569=LINE('',#3000,#831);
#570=LINE('',#3002,#832);
#571=LINE('',#3005,#833);
#572=LINE('',#3006,#834);
#573=LINE('',#3008,#835);
#574=LINE('',#3010,#836);
#575=LINE('',#3013,#837);
#576=LINE('',#3014,#838);
#577=LINE('',#3017,#839);
#578=LINE('',#3018,#840);
#579=LINE('',#3020,#841);
#580=LINE('',#3022,#842);
#581=LINE('',#3024,#843);
#582=LINE('',#3026,#844);
#583=LINE('',#3028,#845);
#584=LINE('',#3033,#846);
#585=LINE('',#3035,#847);
#586=LINE('',#3037,#848);
#587=LINE('',#3038,#849);
#588=LINE('',#3039,#850);
#589=LINE('',#3042,#851);
#590=LINE('',#3044,#852);
#591=LINE('',#3046,#853);
#592=LINE('',#3047,#854);
#593=LINE('',#3050,#855);
#594=LINE('',#3051,#856);
#595=LINE('',#3054,#857);
#596=LINE('',#3056,#858);
#597=LINE('',#3057,#859);
#598=LINE('',#3060,#860);
#599=LINE('',#3062,#861);
#600=LINE('',#3063,#862);
#601=LINE('',#3065,#863);
#602=LINE('',#3067,#864);
#603=LINE('',#3075,#865);
#604=LINE('',#3076,#866);
#605=LINE('',#3077,#867);
#606=LINE('',#3079,#868);
#607=LINE('',#3081,#869);
#608=LINE('',#3084,#870);
#609=LINE('',#3086,#871);
#610=LINE('',#3087,#872);
#611=LINE('',#3090,#873);
#612=LINE('',#3091,#874);
#613=LINE('',#3094,#875);
#614=LINE('',#3095,#876);
#615=LINE('',#3097,#877);
#616=LINE('',#3099,#878);
#617=LINE('',#3104,#879);
#618=LINE('',#3106,#880);
#619=LINE('',#3108,#881);
#620=LINE('',#3109,#882);
#621=LINE('',#3112,#883);
#622=LINE('',#3114,#884);
#623=LINE('',#3116,#885);
#624=LINE('',#3117,#886);
#625=LINE('',#3120,#887);
#626=LINE('',#3122,#888);
#627=LINE('',#3124,#889);
#628=LINE('',#3125,#890);
#629=LINE('',#3128,#891);
#630=LINE('',#3130,#892);
#631=LINE('',#3132,#893);
#632=LINE('',#3133,#894);
#633=LINE('',#3136,#895);
#634=LINE('',#3138,#896);
#635=LINE('',#3140,#897);
#636=LINE('',#3141,#898);
#637=LINE('',#3144,#899);
#638=LINE('',#3146,#900);
#639=LINE('',#3148,#901);
#640=LINE('',#3149,#902);
#641=LINE('',#3152,#903);
#642=LINE('',#3154,#904);
#643=LINE('',#3156,#905);
#644=LINE('',#3157,#906);
#645=LINE('',#3160,#907);
#646=LINE('',#3162,#908);
#647=LINE('',#3164,#909);
#648=LINE('',#3165,#910);
#649=LINE('',#3168,#911);
#650=LINE('',#3170,#912);
#651=LINE('',#3171,#913);
#652=LINE('',#3174,#914);
#653=LINE('',#3176,#915);
#654=LINE('',#3177,#916);
#655=LINE('',#3180,#917);
#656=LINE('',#3182,#918);
#657=LINE('',#3183,#919);
#658=LINE('',#3186,#920);
#659=LINE('',#3188,#921);
#660=LINE('',#3189,#922);
#661=LINE('',#3192,#923);
#662=LINE('',#3194,#924);
#663=LINE('',#3195,#925);
#664=LINE('',#3198,#926);
#665=LINE('',#3200,#927);
#666=LINE('',#3201,#928);
#667=LINE('',#3204,#929);
#668=LINE('',#3205,#930);
#669=LINE('',#3208,#931);
#670=LINE('',#3209,#932);
#671=LINE('',#3212,#933);
#672=LINE('',#3214,#934);
#673=LINE('',#3215,#935);
#674=LINE('',#3218,#936);
#675=LINE('',#3220,#937);
#676=LINE('',#3221,#938);
#677=LINE('',#3224,#939);
#678=LINE('',#3225,#940);
#679=LINE('',#3228,#941);
#680=LINE('',#3230,#942);
#681=LINE('',#3231,#943);
#682=LINE('',#3234,#944);
#683=LINE('',#3235,#945);
#684=LINE('',#3238,#946);
#685=LINE('',#3240,#947);
#686=LINE('',#3241,#948);
#687=LINE('',#3244,#949);
#688=LINE('',#3245,#950);
#689=LINE('',#3248,#951);
#690=LINE('',#3249,#952);
#691=LINE('',#3252,#953);
#692=LINE('',#3253,#954);
#693=LINE('',#3256,#955);
#694=LINE('',#3257,#956);
#695=LINE('',#3260,#957);
#696=LINE('',#3261,#958);
#697=LINE('',#3264,#959);
#698=LINE('',#3266,#960);
#699=LINE('',#3267,#961);
#700=LINE('',#3269,#962);
#701=LINE('',#3271,#963);
#702=LINE('',#3273,#964);
#703=LINE('',#3276,#965);
#704=LINE('',#3277,#966);
#705=LINE('',#3279,#967);
#706=LINE('',#3281,#968);
#707=LINE('',#3283,#969);
#708=LINE('',#3285,#970);
#709=LINE('',#3287,#971);
#710=LINE('',#3289,#972);
#711=LINE('',#3291,#973);
#712=LINE('',#3293,#974);
#713=VECTOR('',#2240,10.);
#714=VECTOR('',#2243,10.);
#715=VECTOR('',#2246,1000.);
#716=VECTOR('',#2249,1000.);
#717=VECTOR('',#2252,10.);
#718=VECTOR('',#2257,1000.);
#719=VECTOR('',#2260,1000.);
#720=VECTOR('',#2261,1000.);
#721=VECTOR('',#2262,1000.);
#722=VECTOR('',#2263,1000.);
#723=VECTOR('',#2264,1000.);
#724=VECTOR('',#2265,1000.);
#725=VECTOR('',#2266,1000.);
#726=VECTOR('',#2267,1000.);
#727=VECTOR('',#2268,1000.);
#728=VECTOR('',#2269,1000.);
#729=VECTOR('',#2270,1000.);
#730=VECTOR('',#2271,1000.);
#731=VECTOR('',#2272,1000.);
#732=VECTOR('',#2273,1000.);
#733=VECTOR('',#2274,1000.);
#734=VECTOR('',#2275,1000.);
#735=VECTOR('',#2276,1000.);
#736=VECTOR('',#2277,1000.);
#737=VECTOR('',#2278,1000.);
#738=VECTOR('',#2279,1000.);
#739=VECTOR('',#2280,1000.);
#740=VECTOR('',#2281,1000.);
#741=VECTOR('',#2282,1000.);
#742=VECTOR('',#2283,1000.);
#743=VECTOR('',#2284,1000.);
#744=VECTOR('',#2285,1000.);
#745=VECTOR('',#2286,1000.);
#746=VECTOR('',#2287,1000.);
#747=VECTOR('',#2288,1000.);
#748=VECTOR('',#2289,1000.);
#749=VECTOR('',#2290,1000.);
#750=VECTOR('',#2291,1000.);
#751=VECTOR('',#2292,1000.);
#752=VECTOR('',#2295,1000.);
#753=VECTOR('',#2296,10.);
#754=VECTOR('',#2301,10.);
#755=VECTOR('',#2304,10.);
#756=VECTOR('',#2307,10.);
#757=VECTOR('',#2310,1000.);
#758=VECTOR('',#2311,10.);
#759=VECTOR('',#2314,1000.);
#760=VECTOR('',#2315,1000.);
#761=VECTOR('',#2316,1000.);
#762=VECTOR('',#2317,1000.);
#763=VECTOR('',#2318,1000.);
#764=VECTOR('',#2321,1000.);
#765=VECTOR('',#2322,1000.);
#766=VECTOR('',#2323,1000.);
#767=VECTOR('',#2324,1000.);
#768=VECTOR('',#2325,1000.);
#769=VECTOR('',#2326,1000.);
#770=VECTOR('',#2327,1000.);
#771=VECTOR('',#2328,1000.);
#772=VECTOR('',#2329,1000.);
#773=VECTOR('',#2332,10.);
#774=VECTOR('',#2339,0.45);
#775=VECTOR('',#2342,1000.);
#776=VECTOR('',#2343,1000.);
#777=VECTOR('',#2344,1000.);
#778=VECTOR('',#2347,1000.);
#779=VECTOR('',#2348,1000.);
#780=VECTOR('',#2349,1000.);
#781=VECTOR('',#2352,1000.);
#782=VECTOR('',#2355,1000.);
#783=VECTOR('',#2360,1000.);
#784=VECTOR('',#2361,1000.);
#785=VECTOR('',#2362,1000.);
#786=VECTOR('',#2367,1000.);
#787=VECTOR('',#2368,1000.);
#788=VECTOR('',#2369,1000.);
#789=VECTOR('',#2370,1000.);
#790=VECTOR('',#2371,1000.);
#791=VECTOR('',#2372,1000.);
#792=VECTOR('',#2373,1000.);
#793=VECTOR('',#2376,1000.);
#794=VECTOR('',#2377,1000.);
#795=VECTOR('',#2378,1000.);
#796=VECTOR('',#2381,1000.);
#797=VECTOR('',#2382,1000.);
#798=VECTOR('',#2383,1000.);
#799=VECTOR('',#2386,1000.);
#800=VECTOR('',#2387,1000.);
#801=VECTOR('',#2388,1000.);
#802=VECTOR('',#2391,1000.);
#803=VECTOR('',#2392,1000.);
#804=VECTOR('',#2393,1000.);
#805=VECTOR('',#2396,1000.);
#806=VECTOR('',#2397,1000.);
#807=VECTOR('',#2400,1000.);
#808=VECTOR('',#2401,1000.);
#809=VECTOR('',#2402,1000.);
#810=VECTOR('',#2405,1000.);
#811=VECTOR('',#2406,1000.);
#812=VECTOR('',#2409,1000.);
#813=VECTOR('',#2410,1000.);
#814=VECTOR('',#2413,1000.);
#815=VECTOR('',#2414,1000.);
#816=VECTOR('',#2415,1000.);
#817=VECTOR('',#2418,1000.);
#818=VECTOR('',#2419,1000.);
#819=VECTOR('',#2422,1000.);
#820=VECTOR('',#2423,1000.);
#821=VECTOR('',#2426,1000.);
#822=VECTOR('',#2427,1000.);
#823=VECTOR('',#2428,1000.);
#824=VECTOR('',#2431,1000.);
#825=VECTOR('',#2432,1000.);
#826=VECTOR('',#2435,1000.);
#827=VECTOR('',#2436,1000.);
#828=VECTOR('',#2437,1000.);
#829=VECTOR('',#2440,1000.);
#830=VECTOR('',#2443,1000.);
#831=VECTOR('',#2444,1000.);
#832=VECTOR('',#2447,1000.);
#833=VECTOR('',#2450,1000.);
#834=VECTOR('',#2451,1000.);
#835=VECTOR('',#2454,1000.);
#836=VECTOR('',#2457,1000.);
#837=VECTOR('',#2460,1000.);
#838=VECTOR('',#2461,1000.);
#839=VECTOR('',#2464,1000.);
#840=VECTOR('',#2465,1000.);
#841=VECTOR('',#2468,1000.);
#842=VECTOR('',#2471,1000.);
#843=VECTOR('',#2474,1000.);
#844=VECTOR('',#2477,1000.);
#845=VECTOR('',#2480,1000.);
#846=VECTOR('',#2485,1000.);
#847=VECTOR('',#2486,1000.);
#848=VECTOR('',#2487,1000.);
#849=VECTOR('',#2488,1000.);
#850=VECTOR('',#2489,1000.);
#851=VECTOR('',#2492,1000.);
#852=VECTOR('',#2493,1000.);
#853=VECTOR('',#2494,1000.);
#854=VECTOR('',#2495,1000.);
#855=VECTOR('',#2498,1000.);
#856=VECTOR('',#2499,1000.);
#857=VECTOR('',#2502,1000.);
#858=VECTOR('',#2503,1000.);
#859=VECTOR('',#2504,1000.);
#860=VECTOR('',#2507,1000.);
#861=VECTOR('',#2508,1000.);
#862=VECTOR('',#2509,1000.);
#863=VECTOR('',#2512,1000.);
#864=VECTOR('',#2515,1000.);
#865=VECTOR('',#2530,1000.);
#866=VECTOR('',#2531,1000.);
#867=VECTOR('',#2532,1000.);
#868=VECTOR('',#2535,1000.);
#869=VECTOR('',#2538,1000.);
#870=VECTOR('',#2541,1000.);
#871=VECTOR('',#2542,1000.);
#872=VECTOR('',#2543,1000.);
#873=VECTOR('',#2546,1000.);
#874=VECTOR('',#2547,1000.);
#875=VECTOR('',#2550,1000.);
#876=VECTOR('',#2551,1000.);
#877=VECTOR('',#2554,1000.);
#878=VECTOR('',#2557,1000.);
#879=VECTOR('',#2562,1000.);
#880=VECTOR('',#2563,1000.);
#881=VECTOR('',#2564,1000.);
#882=VECTOR('',#2565,1000.);
#883=VECTOR('',#2566,1000.);
#884=VECTOR('',#2567,1000.);
#885=VECTOR('',#2568,1000.);
#886=VECTOR('',#2569,1000.);
#887=VECTOR('',#2570,1000.);
#888=VECTOR('',#2571,1000.);
#889=VECTOR('',#2572,1000.);
#890=VECTOR('',#2573,1000.);
#891=VECTOR('',#2574,1000.);
#892=VECTOR('',#2575,1000.);
#893=VECTOR('',#2576,1000.);
#894=VECTOR('',#2577,1000.);
#895=VECTOR('',#2578,1000.);
#896=VECTOR('',#2579,1000.);
#897=VECTOR('',#2580,1000.);
#898=VECTOR('',#2581,1000.);
#899=VECTOR('',#2582,1000.);
#900=VECTOR('',#2583,1000.);
#901=VECTOR('',#2584,1000.);
#902=VECTOR('',#2585,1000.);
#903=VECTOR('',#2586,1000.);
#904=VECTOR('',#2587,1000.);
#905=VECTOR('',#2588,1000.);
#906=VECTOR('',#2589,1000.);
#907=VECTOR('',#2590,1000.);
#908=VECTOR('',#2591,1000.);
#909=VECTOR('',#2592,1000.);
#910=VECTOR('',#2593,1000.);
#911=VECTOR('',#2596,1000.);
#912=VECTOR('',#2597,1000.);
#913=VECTOR('',#2598,1000.);
#914=VECTOR('',#2601,1000.);
#915=VECTOR('',#2602,1000.);
#916=VECTOR('',#2603,1000.);
#917=VECTOR('',#2606,1000.);
#918=VECTOR('',#2607,1000.);
#919=VECTOR('',#2608,1000.);
#920=VECTOR('',#2611,1000.);
#921=VECTOR('',#2612,1000.);
#922=VECTOR('',#2613,1000.);
#923=VECTOR('',#2616,1000.);
#924=VECTOR('',#2617,1000.);
#925=VECTOR('',#2618,1000.);
#926=VECTOR('',#2621,1000.);
#927=VECTOR('',#2622,1000.);
#928=VECTOR('',#2623,1000.);
#929=VECTOR('',#2626,1000.);
#930=VECTOR('',#2627,1000.);
#931=VECTOR('',#2630,1000.);
#932=VECTOR('',#2631,1000.);
#933=VECTOR('',#2634,1000.);
#934=VECTOR('',#2635,1000.);
#935=VECTOR('',#2636,1000.);
#936=VECTOR('',#2639,1000.);
#937=VECTOR('',#2640,1000.);
#938=VECTOR('',#2641,1000.);
#939=VECTOR('',#2644,1000.);
#940=VECTOR('',#2645,1000.);
#941=VECTOR('',#2648,1000.);
#942=VECTOR('',#2649,1000.);
#943=VECTOR('',#2650,1000.);
#944=VECTOR('',#2653,1000.);
#945=VECTOR('',#2654,1000.);
#946=VECTOR('',#2657,1000.);
#947=VECTOR('',#2658,1000.);
#948=VECTOR('',#2659,1000.);
#949=VECTOR('',#2662,1000.);
#950=VECTOR('',#2663,1000.);
#951=VECTOR('',#2666,1000.);
#952=VECTOR('',#2667,1000.);
#953=VECTOR('',#2670,1000.);
#954=VECTOR('',#2671,1000.);
#955=VECTOR('',#2674,1000.);
#956=VECTOR('',#2675,1000.);
#957=VECTOR('',#2678,1000.);
#958=VECTOR('',#2679,1000.);
#959=VECTOR('',#2682,1000.);
#960=VECTOR('',#2683,1000.);
#961=VECTOR('',#2684,1000.);
#962=VECTOR('',#2687,1000.);
#963=VECTOR('',#2690,1000.);
#964=VECTOR('',#2693,1000.);
#965=VECTOR('',#2696,1000.);
#966=VECTOR('',#2697,1000.);
#967=VECTOR('',#2700,1000.);
#968=VECTOR('',#2703,1000.);
#969=VECTOR('',#2706,1000.);
#970=VECTOR('',#2709,1000.);
#971=VECTOR('',#2712,1000.);
#972=VECTOR('',#2715,1000.);
#973=VECTOR('',#2718,1000.);
#974=VECTOR('',#2721,1000.);
#975=CIRCLE('',#2115,2.5);
#976=CIRCLE('',#2116,2.5);
#977=CIRCLE('',#2118,2.5);
#978=CIRCLE('',#2119,2.5);
#979=CIRCLE('',#2120,0.45);
#980=CIRCLE('',#2121,0.45);
#981=CIRCLE('',#2122,2.5);
#982=CIRCLE('',#2125,2.5);
#983=CIRCLE('',#2127,2.5);
#984=CIRCLE('',#2130,2.5);
#985=CIRCLE('',#2133,0.45);
#986=VERTEX_POINT('',#2740);
#987=VERTEX_POINT('',#2741);
#988=VERTEX_POINT('',#2743);
#989=VERTEX_POINT('',#2745);
#990=VERTEX_POINT('',#2749);
#991=VERTEX_POINT('',#2751);
#992=VERTEX_POINT('',#2753);
#993=VERTEX_POINT('',#2755);
#994=VERTEX_POINT('',#2757);
#995=VERTEX_POINT('',#2759);
#996=VERTEX_POINT('',#2762);
#997=VERTEX_POINT('',#2764);
#998=VERTEX_POINT('',#2767);
#999=VERTEX_POINT('',#2768);
#1000=VERTEX_POINT('',#2770);
#1001=VERTEX_POINT('',#2772);
#1002=VERTEX_POINT('',#2775);
#1003=VERTEX_POINT('',#2776);
#1004=VERTEX_POINT('',#2778);
#1005=VERTEX_POINT('',#2780);
#1006=VERTEX_POINT('',#2783);
#1007=VERTEX_POINT('',#2784);
#1008=VERTEX_POINT('',#2786);
#1009=VERTEX_POINT('',#2788);
#1010=VERTEX_POINT('',#2791);
#1011=VERTEX_POINT('',#2792);
#1012=VERTEX_POINT('',#2794);
#1013=VERTEX_POINT('',#2796);
#1014=VERTEX_POINT('',#2799);
#1015=VERTEX_POINT('',#2800);
#1016=VERTEX_POINT('',#2802);
#1017=VERTEX_POINT('',#2804);
#1018=VERTEX_POINT('',#2807);
#1019=VERTEX_POINT('',#2808);
#1020=VERTEX_POINT('',#2810);
#1021=VERTEX_POINT('',#2812);
#1022=VERTEX_POINT('',#2815);
#1023=VERTEX_POINT('',#2816);
#1024=VERTEX_POINT('',#2818);
#1025=VERTEX_POINT('',#2820);
#1026=VERTEX_POINT('',#2823);
#1027=VERTEX_POINT('',#2824);
#1028=VERTEX_POINT('',#2826);
#1029=VERTEX_POINT('',#2828);
#1030=VERTEX_POINT('',#2832);
#1031=VERTEX_POINT('',#2836);
#1032=VERTEX_POINT('',#2840);
#1033=VERTEX_POINT('',#2842);
#1034=VERTEX_POINT('',#2846);
#1035=VERTEX_POINT('',#2850);
#1036=VERTEX_POINT('',#2852);
#1037=VERTEX_POINT('',#2854);
#1038=VERTEX_POINT('',#2856);
#1039=VERTEX_POINT('',#2858);
#1040=VERTEX_POINT('',#2862);
#1041=VERTEX_POINT('',#2863);
#1042=VERTEX_POINT('',#2865);
#1043=VERTEX_POINT('',#2867);
#1044=VERTEX_POINT('',#2869);
#1045=VERTEX_POINT('',#2871);
#1046=VERTEX_POINT('',#2873);
#1047=VERTEX_POINT('',#2875);
#1048=VERTEX_POINT('',#2881);
#1049=VERTEX_POINT('',#2886);
#1050=VERTEX_POINT('',#2888);
#1051=VERTEX_POINT('',#2892);
#1052=VERTEX_POINT('',#2894);
#1053=VERTEX_POINT('',#2903);
#1054=VERTEX_POINT('',#2905);
#1055=VERTEX_POINT('',#2910);
#1056=VERTEX_POINT('',#2912);
#1057=VERTEX_POINT('',#2914);
#1058=VERTEX_POINT('',#2916);
#1059=VERTEX_POINT('',#2918);
#1060=VERTEX_POINT('',#2920);
#1061=VERTEX_POINT('',#2924);
#1062=VERTEX_POINT('',#2926);
#1063=VERTEX_POINT('',#2930);
#1064=VERTEX_POINT('',#2932);
#1065=VERTEX_POINT('',#2936);
#1066=VERTEX_POINT('',#2938);
#1067=VERTEX_POINT('',#2942);
#1068=VERTEX_POINT('',#2944);
#1069=VERTEX_POINT('',#2948);
#1070=VERTEX_POINT('',#2952);
#1071=VERTEX_POINT('',#2954);
#1072=VERTEX_POINT('',#2958);
#1073=VERTEX_POINT('',#2962);
#1074=VERTEX_POINT('',#2966);
#1075=VERTEX_POINT('',#2968);
#1076=VERTEX_POINT('',#2972);
#1077=VERTEX_POINT('',#2976);
#1078=VERTEX_POINT('',#2980);
#1079=VERTEX_POINT('',#2982);
#1080=VERTEX_POINT('',#2986);
#1081=VERTEX_POINT('',#2990);
#1082=VERTEX_POINT('',#2992);
#1083=VERTEX_POINT('',#2998);
#1084=VERTEX_POINT('',#3004);
#1085=VERTEX_POINT('',#3012);
#1086=VERTEX_POINT('',#3016);
#1087=VERTEX_POINT('',#3031);
#1088=VERTEX_POINT('',#3032);
#1089=VERTEX_POINT('',#3034);
#1090=VERTEX_POINT('',#3036);
#1091=VERTEX_POINT('',#3041);
#1092=VERTEX_POINT('',#3043);
#1093=VERTEX_POINT('',#3045);
#1094=VERTEX_POINT('',#3049);
#1095=VERTEX_POINT('',#3053);
#1096=VERTEX_POINT('',#3055);
#1097=VERTEX_POINT('',#3059);
#1098=VERTEX_POINT('',#3061);
#1099=VERTEX_POINT('',#3083);
#1100=VERTEX_POINT('',#3085);
#1101=VERTEX_POINT('',#3089);
#1102=VERTEX_POINT('',#3093);
#1103=VERTEX_POINT('',#3102);
#1104=VERTEX_POINT('',#3103);
#1105=VERTEX_POINT('',#3105);
#1106=VERTEX_POINT('',#3107);
#1107=VERTEX_POINT('',#3110);
#1108=VERTEX_POINT('',#3111);
#1109=VERTEX_POINT('',#3113);
#1110=VERTEX_POINT('',#3115);
#1111=VERTEX_POINT('',#3118);
#1112=VERTEX_POINT('',#3119);
#1113=VERTEX_POINT('',#3121);
#1114=VERTEX_POINT('',#3123);
#1115=VERTEX_POINT('',#3126);
#1116=VERTEX_POINT('',#3127);
#1117=VERTEX_POINT('',#3129);
#1118=VERTEX_POINT('',#3131);
#1119=VERTEX_POINT('',#3134);
#1120=VERTEX_POINT('',#3135);
#1121=VERTEX_POINT('',#3137);
#1122=VERTEX_POINT('',#3139);
#1123=VERTEX_POINT('',#3142);
#1124=VERTEX_POINT('',#3143);
#1125=VERTEX_POINT('',#3145);
#1126=VERTEX_POINT('',#3147);
#1127=VERTEX_POINT('',#3150);
#1128=VERTEX_POINT('',#3151);
#1129=VERTEX_POINT('',#3153);
#1130=VERTEX_POINT('',#3155);
#1131=VERTEX_POINT('',#3158);
#1132=VERTEX_POINT('',#3159);
#1133=VERTEX_POINT('',#3161);
#1134=VERTEX_POINT('',#3163);
#1135=VERTEX_POINT('',#3167);
#1136=VERTEX_POINT('',#3169);
#1137=VERTEX_POINT('',#3173);
#1138=VERTEX_POINT('',#3175);
#1139=VERTEX_POINT('',#3179);
#1140=VERTEX_POINT('',#3181);
#1141=VERTEX_POINT('',#3185);
#1142=VERTEX_POINT('',#3187);
#1143=VERTEX_POINT('',#3191);
#1144=VERTEX_POINT('',#3193);
#1145=VERTEX_POINT('',#3197);
#1146=VERTEX_POINT('',#3199);
#1147=VERTEX_POINT('',#3203);
#1148=VERTEX_POINT('',#3207);
#1149=VERTEX_POINT('',#3211);
#1150=VERTEX_POINT('',#3213);
#1151=VERTEX_POINT('',#3217);
#1152=VERTEX_POINT('',#3219);
#1153=VERTEX_POINT('',#3223);
#1154=VERTEX_POINT('',#3227);
#1155=VERTEX_POINT('',#3229);
#1156=VERTEX_POINT('',#3233);
#1157=VERTEX_POINT('',#3237);
#1158=VERTEX_POINT('',#3239);
#1159=VERTEX_POINT('',#3243);
#1160=VERTEX_POINT('',#3247);
#1161=VERTEX_POINT('',#3251);
#1162=VERTEX_POINT('',#3255);
#1163=VERTEX_POINT('',#3259);
#1164=VERTEX_POINT('',#3263);
#1165=VERTEX_POINT('',#3265);
#1166=VERTEX_POINT('',#3275);
#1167=EDGE_CURVE('',#986,#987,#975,.T.);
#1168=EDGE_CURVE('',#987,#988,#451,.T.);
#1169=EDGE_CURVE('',#988,#989,#976,.T.);
#1170=EDGE_CURVE('',#989,#986,#452,.T.);
#1171=EDGE_CURVE('',#990,#986,#453,.T.);
#1172=EDGE_CURVE('',#991,#990,#977,.T.);
#1173=EDGE_CURVE('',#992,#991,#454,.T.);
#1174=EDGE_CURVE('',#993,#992,#978,.T.);
#1175=EDGE_CURVE('',#993,#994,#455,.T.);
#1176=EDGE_CURVE('',#995,#994,#979,.F.);
#1177=EDGE_CURVE('',#994,#995,#980,.F.);
#1178=EDGE_CURVE('',#996,#994,#456,.T.);
#1179=EDGE_CURVE('',#997,#996,#981,.T.);
#1180=EDGE_CURVE('',#987,#997,#457,.T.);
#1181=EDGE_CURVE('',#998,#999,#458,.T.);
#1182=EDGE_CURVE('',#1000,#998,#459,.T.);
#1183=EDGE_CURVE('',#1001,#1000,#460,.T.);
#1184=EDGE_CURVE('',#999,#1001,#461,.T.);
#1185=EDGE_CURVE('',#1002,#1003,#462,.T.);
#1186=EDGE_CURVE('',#1004,#1002,#463,.T.);
#1187=EDGE_CURVE('',#1005,#1004,#464,.T.);
#1188=EDGE_CURVE('',#1003,#1005,#465,.T.);
#1189=EDGE_CURVE('',#1006,#1007,#466,.T.);
#1190=EDGE_CURVE('',#1008,#1006,#467,.T.);
#1191=EDGE_CURVE('',#1009,#1008,#468,.T.);
#1192=EDGE_CURVE('',#1007,#1009,#469,.T.);
#1193=EDGE_CURVE('',#1010,#1011,#470,.T.);
#1194=EDGE_CURVE('',#1012,#1010,#471,.T.);
#1195=EDGE_CURVE('',#1013,#1012,#472,.T.);
#1196=EDGE_CURVE('',#1011,#1013,#473,.T.);
#1197=EDGE_CURVE('',#1014,#1015,#474,.T.);
#1198=EDGE_CURVE('',#1016,#1014,#475,.T.);
#1199=EDGE_CURVE('',#1017,#1016,#476,.T.);
#1200=EDGE_CURVE('',#1015,#1017,#477,.T.);
#1201=EDGE_CURVE('',#1018,#1019,#478,.T.);
#1202=EDGE_CURVE('',#1020,#1018,#479,.T.);
#1203=EDGE_CURVE('',#1021,#1020,#480,.T.);
#1204=EDGE_CURVE('',#1019,#1021,#481,.T.);
#1205=EDGE_CURVE('',#1022,#1023,#482,.T.);
#1206=EDGE_CURVE('',#1024,#1022,#483,.T.);
#1207=EDGE_CURVE('',#1025,#1024,#484,.T.);
#1208=EDGE_CURVE('',#1023,#1025,#485,.T.);
#1209=EDGE_CURVE('',#1026,#1027,#486,.T.);
#1210=EDGE_CURVE('',#1028,#1026,#487,.T.);
#1211=EDGE_CURVE('',#1029,#1028,#488,.T.);
#1212=EDGE_CURVE('',#1027,#1029,#489,.T.);
#1213=EDGE_CURVE('',#1030,#989,#490,.T.);
#1214=EDGE_CURVE('',#990,#1030,#491,.T.);
#1215=EDGE_CURVE('',#1030,#1031,#982,.T.);
#1216=EDGE_CURVE('',#1031,#991,#492,.T.);
#1217=EDGE_CURVE('',#992,#1032,#493,.T.);
#1218=EDGE_CURVE('',#1032,#1033,#983,.T.);
#1219=EDGE_CURVE('',#1033,#993,#494,.T.);
#1220=EDGE_CURVE('',#1034,#1033,#495,.T.);
#1221=EDGE_CURVE('',#996,#1034,#496,.T.);
#1222=EDGE_CURVE('',#988,#1035,#497,.T.);
#1223=EDGE_CURVE('',#1036,#1035,#498,.T.);
#1224=EDGE_CURVE('',#1037,#1036,#499,.T.);
#1225=EDGE_CURVE('',#1037,#1038,#500,.T.);
#1226=EDGE_CURVE('',#1038,#1039,#501,.T.);
#1227=EDGE_CURVE('',#1034,#1039,#984,.T.);
#1228=EDGE_CURVE('',#1032,#1031,#502,.T.);
#1229=EDGE_CURVE('',#1040,#1041,#503,.T.);
#1230=EDGE_CURVE('',#1042,#1040,#504,.T.);
#1231=EDGE_CURVE('',#1043,#1042,#505,.T.);
#1232=EDGE_CURVE('',#1044,#1043,#506,.T.);
#1233=EDGE_CURVE('',#1045,#1044,#507,.T.);
#1234=EDGE_CURVE('',#1046,#1045,#508,.T.);
#1235=EDGE_CURVE('',#1047,#1046,#509,.T.);
#1236=EDGE_CURVE('',#1041,#1047,#510,.T.);
#1237=EDGE_CURVE('',#1039,#997,#511,.T.);
#1238=EDGE_CURVE('',#1048,#1048,#985,.T.);
#1239=EDGE_CURVE('',#995,#1048,#512,.T.);
#1240=EDGE_CURVE('',#1049,#1012,#513,.T.);
#1241=EDGE_CURVE('',#1050,#1049,#514,.T.);
#1242=EDGE_CURVE('',#1050,#1013,#515,.T.);
#1243=EDGE_CURVE('',#1049,#1051,#516,.T.);
#1244=EDGE_CURVE('',#1051,#1052,#517,.T.);
#1245=EDGE_CURVE('',#1052,#1050,#518,.T.);
#1246=EDGE_CURVE('',#1051,#1010,#519,.T.);
#1247=EDGE_CURVE('',#1052,#1011,#520,.T.);
#1248=EDGE_CURVE('',#1053,#1027,#521,.T.);
#1249=EDGE_CURVE('',#1054,#1053,#522,.T.);
#1250=EDGE_CURVE('',#1054,#1026,#523,.T.);
#1251=EDGE_CURVE('',#1055,#1038,#524,.T.);
#1252=EDGE_CURVE('',#1056,#1055,#525,.T.);
#1253=EDGE_CURVE('',#1057,#1056,#526,.T.);
#1254=EDGE_CURVE('',#1058,#1057,#527,.T.);
#1255=EDGE_CURVE('',#1059,#1058,#528,.T.);
#1256=EDGE_CURVE('',#1060,#1059,#529,.T.);
#1257=EDGE_CURVE('',#1035,#1060,#530,.T.);
#1258=EDGE_CURVE('',#1061,#1024,#531,.T.);
#1259=EDGE_CURVE('',#1062,#1061,#532,.T.);
#1260=EDGE_CURVE('',#1062,#1025,#533,.T.);
#1261=EDGE_CURVE('',#1063,#1014,#534,.T.);
#1262=EDGE_CURVE('',#1064,#1063,#535,.T.);
#1263=EDGE_CURVE('',#1064,#1016,#536,.T.);
#1264=EDGE_CURVE('',#1065,#1005,#537,.T.);
#1265=EDGE_CURVE('',#1066,#1065,#538,.T.);
#1266=EDGE_CURVE('',#1066,#1003,#539,.T.);
#1267=EDGE_CURVE('',#1067,#998,#540,.T.);
#1268=EDGE_CURVE('',#1068,#1067,#541,.T.);
#1269=EDGE_CURVE('',#1068,#1000,#542,.T.);
#1270=EDGE_CURVE('',#1069,#1015,#543,.T.);
#1271=EDGE_CURVE('',#1063,#1069,#544,.T.);
#1272=EDGE_CURVE('',#1070,#1006,#545,.T.);
#1273=EDGE_CURVE('',#1071,#1070,#546,.T.);
#1274=EDGE_CURVE('',#1071,#1008,#547,.T.);
#1275=EDGE_CURVE('',#1072,#999,#548,.T.);
#1276=EDGE_CURVE('',#1067,#1072,#549,.T.);
#1277=EDGE_CURVE('',#1073,#1054,#550,.T.);
#1278=EDGE_CURVE('',#1073,#1028,#551,.T.);
#1279=EDGE_CURVE('',#1074,#1023,#552,.T.);
#1280=EDGE_CURVE('',#1075,#1074,#553,.T.);
#1281=EDGE_CURVE('',#1075,#1022,#554,.T.);
#1282=EDGE_CURVE('',#1076,#1004,#555,.T.);
#1283=EDGE_CURVE('',#1065,#1076,#556,.T.);
#1284=EDGE_CURVE('',#1077,#1066,#557,.T.);
#1285=EDGE_CURVE('',#1077,#1002,#558,.T.);
#1286=EDGE_CURVE('',#1078,#1021,#559,.T.);
#1287=EDGE_CURVE('',#1079,#1078,#560,.T.);
#1288=EDGE_CURVE('',#1079,#1019,#561,.T.);
#1289=EDGE_CURVE('',#1080,#1020,#562,.T.);
#1290=EDGE_CURVE('',#1078,#1080,#563,.T.);
#1291=EDGE_CURVE('',#1081,#1009,#564,.T.);
#1292=EDGE_CURVE('',#1082,#1081,#565,.T.);
#1293=EDGE_CURVE('',#1082,#1007,#566,.T.);
#1294=EDGE_CURVE('',#1061,#1075,#567,.T.);
#1295=EDGE_CURVE('',#1083,#1029,#568,.T.);
#1296=EDGE_CURVE('',#1053,#1083,#569,.T.);
#1297=EDGE_CURVE('',#1081,#1071,#570,.T.);
#1298=EDGE_CURVE('',#1084,#1079,#571,.T.);
#1299=EDGE_CURVE('',#1084,#1018,#572,.T.);
#1300=EDGE_CURVE('',#1076,#1077,#573,.T.);
#1301=EDGE_CURVE('',#1083,#1073,#574,.T.);
#1302=EDGE_CURVE('',#1085,#1017,#575,.T.);
#1303=EDGE_CURVE('',#1069,#1085,#576,.T.);
#1304=EDGE_CURVE('',#1086,#1001,#577,.T.);
#1305=EDGE_CURVE('',#1072,#1086,#578,.T.);
#1306=EDGE_CURVE('',#1074,#1062,#579,.T.);
#1307=EDGE_CURVE('',#1085,#1064,#580,.T.);
#1308=EDGE_CURVE('',#1070,#1082,#581,.T.);
#1309=EDGE_CURVE('',#1086,#1068,#582,.T.);
#1310=EDGE_CURVE('',#1080,#1084,#583,.T.);
#1311=EDGE_CURVE('',#1087,#1088,#584,.T.);
#1312=EDGE_CURVE('',#1088,#1089,#585,.T.);
#1313=EDGE_CURVE('',#1089,#1090,#586,.T.);
#1314=EDGE_CURVE('',#1090,#1058,#587,.T.);
#1315=EDGE_CURVE('',#1057,#1087,#588,.T.);
#1316=EDGE_CURVE('',#1091,#1057,#589,.T.);
#1317=EDGE_CURVE('',#1092,#1056,#590,.T.);
#1318=EDGE_CURVE('',#1093,#1092,#591,.T.);
#1319=EDGE_CURVE('',#1093,#1091,#592,.T.);
#1320=EDGE_CURVE('',#1094,#1037,#593,.T.);
#1321=EDGE_CURVE('',#1094,#1055,#594,.T.);
#1322=EDGE_CURVE('',#1095,#1059,#595,.T.);
#1323=EDGE_CURVE('',#1096,#1095,#596,.T.);
#1324=EDGE_CURVE('',#1096,#1060,#597,.T.);
#1325=EDGE_CURVE('',#1058,#1097,#598,.T.);
#1326=EDGE_CURVE('',#1098,#1097,#599,.T.);
#1327=EDGE_CURVE('',#1095,#1098,#600,.T.);
#1328=EDGE_CURVE('',#1092,#1094,#601,.T.);
#1329=EDGE_CURVE('',#1036,#1096,#602,.T.);
#1330=EDGE_CURVE('',#1090,#1043,#603,.T.);
#1331=EDGE_CURVE('',#1087,#1042,#604,.T.);
#1332=EDGE_CURVE('',#1097,#1091,#605,.T.);
#1333=EDGE_CURVE('',#1098,#1093,#606,.T.);
#1334=EDGE_CURVE('',#1088,#1040,#607,.T.);
#1335=EDGE_CURVE('',#1099,#1046,#608,.T.);
#1336=EDGE_CURVE('',#1100,#1099,#609,.T.);
#1337=EDGE_CURVE('',#1100,#1047,#610,.T.);
#1338=EDGE_CURVE('',#1101,#1045,#611,.T.);
#1339=EDGE_CURVE('',#1099,#1101,#612,.T.);
#1340=EDGE_CURVE('',#1102,#1100,#613,.T.);
#1341=EDGE_CURVE('',#1102,#1041,#614,.T.);
#1342=EDGE_CURVE('',#1089,#1044,#615,.T.);
#1343=EDGE_CURVE('',#1101,#1102,#616,.T.);
#1344=EDGE_CURVE('',#1103,#1104,#617,.T.);
#1345=EDGE_CURVE('',#1105,#1103,#618,.T.);
#1346=EDGE_CURVE('',#1106,#1105,#619,.T.);
#1347=EDGE_CURVE('',#1104,#1106,#620,.T.);
#1348=EDGE_CURVE('',#1107,#1108,#621,.T.);
#1349=EDGE_CURVE('',#1109,#1107,#622,.T.);
#1350=EDGE_CURVE('',#1110,#1109,#623,.T.);
#1351=EDGE_CURVE('',#1108,#1110,#624,.T.);
#1352=EDGE_CURVE('',#1111,#1112,#625,.T.);
#1353=EDGE_CURVE('',#1113,#1111,#626,.T.);
#1354=EDGE_CURVE('',#1114,#1113,#627,.T.);
#1355=EDGE_CURVE('',#1112,#1114,#628,.T.);
#1356=EDGE_CURVE('',#1115,#1116,#629,.T.);
#1357=EDGE_CURVE('',#1117,#1115,#630,.T.);
#1358=EDGE_CURVE('',#1118,#1117,#631,.T.);
#1359=EDGE_CURVE('',#1116,#1118,#632,.T.);
#1360=EDGE_CURVE('',#1119,#1120,#633,.T.);
#1361=EDGE_CURVE('',#1121,#1119,#634,.T.);
#1362=EDGE_CURVE('',#1122,#1121,#635,.T.);
#1363=EDGE_CURVE('',#1120,#1122,#636,.T.);
#1364=EDGE_CURVE('',#1123,#1124,#637,.T.);
#1365=EDGE_CURVE('',#1125,#1123,#638,.T.);
#1366=EDGE_CURVE('',#1126,#1125,#639,.T.);
#1367=EDGE_CURVE('',#1124,#1126,#640,.T.);
#1368=EDGE_CURVE('',#1127,#1128,#641,.T.);
#1369=EDGE_CURVE('',#1129,#1127,#642,.T.);
#1370=EDGE_CURVE('',#1130,#1129,#643,.T.);
#1371=EDGE_CURVE('',#1128,#1130,#644,.T.);
#1372=EDGE_CURVE('',#1131,#1132,#645,.T.);
#1373=EDGE_CURVE('',#1133,#1131,#646,.T.);
#1374=EDGE_CURVE('',#1134,#1133,#647,.T.);
#1375=EDGE_CURVE('',#1132,#1134,#648,.T.);
#1376=EDGE_CURVE('',#1135,#1116,#649,.T.);
#1377=EDGE_CURVE('',#1136,#1135,#650,.T.);
#1378=EDGE_CURVE('',#1136,#1115,#651,.T.);
#1379=EDGE_CURVE('',#1137,#1133,#652,.T.);
#1380=EDGE_CURVE('',#1138,#1137,#653,.T.);
#1381=EDGE_CURVE('',#1138,#1134,#654,.T.);
#1382=EDGE_CURVE('',#1139,#1123,#655,.T.);
#1383=EDGE_CURVE('',#1140,#1139,#656,.T.);
#1384=EDGE_CURVE('',#1140,#1125,#657,.T.);
#1385=EDGE_CURVE('',#1141,#1110,#658,.T.);
#1386=EDGE_CURVE('',#1142,#1141,#659,.T.);
#1387=EDGE_CURVE('',#1142,#1108,#660,.T.);
#1388=EDGE_CURVE('',#1143,#1128,#661,.T.);
#1389=EDGE_CURVE('',#1144,#1143,#662,.T.);
#1390=EDGE_CURVE('',#1144,#1127,#663,.T.);
#1391=EDGE_CURVE('',#1145,#1111,#664,.T.);
#1392=EDGE_CURVE('',#1146,#1145,#665,.T.);
#1393=EDGE_CURVE('',#1146,#1113,#666,.T.);
#1394=EDGE_CURVE('',#1147,#1131,#667,.T.);
#1395=EDGE_CURVE('',#1137,#1147,#668,.T.);
#1396=EDGE_CURVE('',#1148,#1124,#669,.T.);
#1397=EDGE_CURVE('',#1139,#1148,#670,.T.);
#1398=EDGE_CURVE('',#1149,#1121,#671,.T.);
#1399=EDGE_CURVE('',#1150,#1149,#672,.T.);
#1400=EDGE_CURVE('',#1150,#1122,#673,.T.);
#1401=EDGE_CURVE('',#1151,#1105,#674,.T.);
#1402=EDGE_CURVE('',#1152,#1151,#675,.T.);
#1403=EDGE_CURVE('',#1152,#1106,#676,.T.);
#1404=EDGE_CURVE('',#1153,#1126,#677,.T.);
#1405=EDGE_CURVE('',#1148,#1153,#678,.T.);
#1406=EDGE_CURVE('',#1154,#1114,#679,.T.);
#1407=EDGE_CURVE('',#1155,#1154,#680,.T.);
#1408=EDGE_CURVE('',#1155,#1112,#681,.T.);
#1409=EDGE_CURVE('',#1156,#1142,#682,.T.);
#1410=EDGE_CURVE('',#1156,#1107,#683,.T.);
#1411=EDGE_CURVE('',#1157,#1117,#684,.T.);
#1412=EDGE_CURVE('',#1158,#1157,#685,.T.);
#1413=EDGE_CURVE('',#1158,#1118,#686,.T.);
#1414=EDGE_CURVE('',#1159,#1138,#687,.T.);
#1415=EDGE_CURVE('',#1159,#1132,#688,.T.);
#1416=EDGE_CURVE('',#1160,#1150,#689,.T.);
#1417=EDGE_CURVE('',#1160,#1120,#690,.T.);
#1418=EDGE_CURVE('',#1161,#1119,#691,.T.);
#1419=EDGE_CURVE('',#1149,#1161,#692,.T.);
#1420=EDGE_CURVE('',#1162,#1152,#693,.T.);
#1421=EDGE_CURVE('',#1162,#1104,#694,.T.);
#1422=EDGE_CURVE('',#1163,#1103,#695,.T.);
#1423=EDGE_CURVE('',#1151,#1163,#696,.T.);
#1424=EDGE_CURVE('',#1164,#1129,#697,.T.);
#1425=EDGE_CURVE('',#1165,#1164,#698,.T.);
#1426=EDGE_CURVE('',#1165,#1130,#699,.T.);
#1427=EDGE_CURVE('',#1157,#1136,#700,.T.);
#1428=EDGE_CURVE('',#1145,#1155,#701,.T.);
#1429=EDGE_CURVE('',#1164,#1144,#702,.T.);
#1430=EDGE_CURVE('',#1166,#1109,#703,.T.);
#1431=EDGE_CURVE('',#1141,#1166,#704,.T.);
#1432=EDGE_CURVE('',#1147,#1159,#705,.T.);
#1433=EDGE_CURVE('',#1135,#1158,#706,.T.);
#1434=EDGE_CURVE('',#1166,#1156,#707,.T.);
#1435=EDGE_CURVE('',#1143,#1165,#708,.T.);
#1436=EDGE_CURVE('',#1161,#1160,#709,.T.);
#1437=EDGE_CURVE('',#1163,#1162,#710,.T.);
#1438=EDGE_CURVE('',#1153,#1140,#711,.T.);
#1439=EDGE_CURVE('',#1154,#1146,#712,.T.);
#1440=ORIENTED_EDGE('',*,*,#1167,.T.);
#1441=ORIENTED_EDGE('',*,*,#1168,.T.);
#1442=ORIENTED_EDGE('',*,*,#1169,.T.);
#1443=ORIENTED_EDGE('',*,*,#1170,.T.);
#1444=ORIENTED_EDGE('',*,*,#1167,.F.);
#1445=ORIENTED_EDGE('',*,*,#1171,.F.);
#1446=ORIENTED_EDGE('',*,*,#1172,.F.);
#1447=ORIENTED_EDGE('',*,*,#1173,.F.);
#1448=ORIENTED_EDGE('',*,*,#1174,.F.);
#1449=ORIENTED_EDGE('',*,*,#1175,.T.);
#1450=ORIENTED_EDGE('',*,*,#1176,.F.);
#1451=ORIENTED_EDGE('',*,*,#1177,.F.);
#1452=ORIENTED_EDGE('',*,*,#1178,.F.);
#1453=ORIENTED_EDGE('',*,*,#1179,.F.);
#1454=ORIENTED_EDGE('',*,*,#1180,.F.);
#1455=ORIENTED_EDGE('',*,*,#1181,.F.);
#1456=ORIENTED_EDGE('',*,*,#1182,.F.);
#1457=ORIENTED_EDGE('',*,*,#1183,.F.);
#1458=ORIENTED_EDGE('',*,*,#1184,.F.);
#1459=ORIENTED_EDGE('',*,*,#1185,.F.);
#1460=ORIENTED_EDGE('',*,*,#1186,.F.);
#1461=ORIENTED_EDGE('',*,*,#1187,.F.);
#1462=ORIENTED_EDGE('',*,*,#1188,.F.);
#1463=ORIENTED_EDGE('',*,*,#1189,.F.);
#1464=ORIENTED_EDGE('',*,*,#1190,.F.);
#1465=ORIENTED_EDGE('',*,*,#1191,.F.);
#1466=ORIENTED_EDGE('',*,*,#1192,.F.);
#1467=ORIENTED_EDGE('',*,*,#1193,.F.);
#1468=ORIENTED_EDGE('',*,*,#1194,.F.);
#1469=ORIENTED_EDGE('',*,*,#1195,.F.);
#1470=ORIENTED_EDGE('',*,*,#1196,.F.);
#1471=ORIENTED_EDGE('',*,*,#1197,.F.);
#1472=ORIENTED_EDGE('',*,*,#1198,.F.);
#1473=ORIENTED_EDGE('',*,*,#1199,.F.);
#1474=ORIENTED_EDGE('',*,*,#1200,.F.);
#1475=ORIENTED_EDGE('',*,*,#1201,.F.);
#1476=ORIENTED_EDGE('',*,*,#1202,.F.);
#1477=ORIENTED_EDGE('',*,*,#1203,.F.);
#1478=ORIENTED_EDGE('',*,*,#1204,.F.);
#1479=ORIENTED_EDGE('',*,*,#1205,.F.);
#1480=ORIENTED_EDGE('',*,*,#1206,.F.);
#1481=ORIENTED_EDGE('',*,*,#1207,.F.);
#1482=ORIENTED_EDGE('',*,*,#1208,.F.);
#1483=ORIENTED_EDGE('',*,*,#1209,.F.);
#1484=ORIENTED_EDGE('',*,*,#1210,.F.);
#1485=ORIENTED_EDGE('',*,*,#1211,.F.);
#1486=ORIENTED_EDGE('',*,*,#1212,.F.);
#1487=ORIENTED_EDGE('',*,*,#1170,.F.);
#1488=ORIENTED_EDGE('',*,*,#1213,.F.);
#1489=ORIENTED_EDGE('',*,*,#1214,.F.);
#1490=ORIENTED_EDGE('',*,*,#1171,.T.);
#1491=ORIENTED_EDGE('',*,*,#1172,.T.);
#1492=ORIENTED_EDGE('',*,*,#1214,.T.);
#1493=ORIENTED_EDGE('',*,*,#1215,.T.);
#1494=ORIENTED_EDGE('',*,*,#1216,.T.);
#1495=ORIENTED_EDGE('',*,*,#1174,.T.);
#1496=ORIENTED_EDGE('',*,*,#1217,.T.);
#1497=ORIENTED_EDGE('',*,*,#1218,.T.);
#1498=ORIENTED_EDGE('',*,*,#1219,.T.);
#1499=ORIENTED_EDGE('',*,*,#1219,.F.);
#1500=ORIENTED_EDGE('',*,*,#1220,.F.);
#1501=ORIENTED_EDGE('',*,*,#1221,.F.);
#1502=ORIENTED_EDGE('',*,*,#1178,.T.);
#1503=ORIENTED_EDGE('',*,*,#1175,.F.);
#1504=ORIENTED_EDGE('',*,*,#1169,.F.);
#1505=ORIENTED_EDGE('',*,*,#1222,.T.);
#1506=ORIENTED_EDGE('',*,*,#1223,.F.);
#1507=ORIENTED_EDGE('',*,*,#1224,.F.);
#1508=ORIENTED_EDGE('',*,*,#1225,.T.);
#1509=ORIENTED_EDGE('',*,*,#1226,.T.);
#1510=ORIENTED_EDGE('',*,*,#1227,.F.);
#1511=ORIENTED_EDGE('',*,*,#1220,.T.);
#1512=ORIENTED_EDGE('',*,*,#1218,.F.);
#1513=ORIENTED_EDGE('',*,*,#1228,.T.);
#1514=ORIENTED_EDGE('',*,*,#1215,.F.);
#1515=ORIENTED_EDGE('',*,*,#1213,.T.);
#1516=ORIENTED_EDGE('',*,*,#1229,.F.);
#1517=ORIENTED_EDGE('',*,*,#1230,.F.);
#1518=ORIENTED_EDGE('',*,*,#1231,.F.);
#1519=ORIENTED_EDGE('',*,*,#1232,.F.);
#1520=ORIENTED_EDGE('',*,*,#1233,.F.);
#1521=ORIENTED_EDGE('',*,*,#1234,.F.);
#1522=ORIENTED_EDGE('',*,*,#1235,.F.);
#1523=ORIENTED_EDGE('',*,*,#1236,.F.);
#1524=ORIENTED_EDGE('',*,*,#1179,.T.);
#1525=ORIENTED_EDGE('',*,*,#1221,.T.);
#1526=ORIENTED_EDGE('',*,*,#1227,.T.);
#1527=ORIENTED_EDGE('',*,*,#1237,.T.);
#1528=ORIENTED_EDGE('',*,*,#1238,.F.);
#1529=ORIENTED_EDGE('',*,*,#1177,.T.);
#1530=ORIENTED_EDGE('',*,*,#1239,.T.);
#1531=ORIENTED_EDGE('',*,*,#1238,.T.);
#1532=ORIENTED_EDGE('',*,*,#1239,.F.);
#1533=ORIENTED_EDGE('',*,*,#1176,.T.);
#1534=ORIENTED_EDGE('',*,*,#1195,.T.);
#1535=ORIENTED_EDGE('',*,*,#1240,.F.);
#1536=ORIENTED_EDGE('',*,*,#1241,.F.);
#1537=ORIENTED_EDGE('',*,*,#1242,.T.);
#1538=ORIENTED_EDGE('',*,*,#1243,.T.);
#1539=ORIENTED_EDGE('',*,*,#1244,.T.);
#1540=ORIENTED_EDGE('',*,*,#1245,.T.);
#1541=ORIENTED_EDGE('',*,*,#1241,.T.);
#1542=ORIENTED_EDGE('',*,*,#1194,.T.);
#1543=ORIENTED_EDGE('',*,*,#1246,.F.);
#1544=ORIENTED_EDGE('',*,*,#1243,.F.);
#1545=ORIENTED_EDGE('',*,*,#1240,.T.);
#1546=ORIENTED_EDGE('',*,*,#1196,.T.);
#1547=ORIENTED_EDGE('',*,*,#1242,.F.);
#1548=ORIENTED_EDGE('',*,*,#1245,.F.);
#1549=ORIENTED_EDGE('',*,*,#1247,.T.);
#1550=ORIENTED_EDGE('',*,*,#1193,.T.);
#1551=ORIENTED_EDGE('',*,*,#1247,.F.);
#1552=ORIENTED_EDGE('',*,*,#1244,.F.);
#1553=ORIENTED_EDGE('',*,*,#1246,.T.);
#1554=ORIENTED_EDGE('',*,*,#1209,.T.);
#1555=ORIENTED_EDGE('',*,*,#1248,.F.);
#1556=ORIENTED_EDGE('',*,*,#1249,.F.);
#1557=ORIENTED_EDGE('',*,*,#1250,.T.);
#1558=ORIENTED_EDGE('',*,*,#1216,.F.);
#1559=ORIENTED_EDGE('',*,*,#1228,.F.);
#1560=ORIENTED_EDGE('',*,*,#1217,.F.);
#1561=ORIENTED_EDGE('',*,*,#1173,.T.);
#1562=ORIENTED_EDGE('',*,*,#1168,.F.);
#1563=ORIENTED_EDGE('',*,*,#1180,.T.);
#1564=ORIENTED_EDGE('',*,*,#1237,.F.);
#1565=ORIENTED_EDGE('',*,*,#1226,.F.);
#1566=ORIENTED_EDGE('',*,*,#1251,.F.);
#1567=ORIENTED_EDGE('',*,*,#1252,.F.);
#1568=ORIENTED_EDGE('',*,*,#1253,.F.);
#1569=ORIENTED_EDGE('',*,*,#1254,.F.);
#1570=ORIENTED_EDGE('',*,*,#1255,.F.);
#1571=ORIENTED_EDGE('',*,*,#1256,.F.);
#1572=ORIENTED_EDGE('',*,*,#1257,.F.);
#1573=ORIENTED_EDGE('',*,*,#1222,.F.);
#1574=ORIENTED_EDGE('',*,*,#1207,.T.);
#1575=ORIENTED_EDGE('',*,*,#1258,.F.);
#1576=ORIENTED_EDGE('',*,*,#1259,.F.);
#1577=ORIENTED_EDGE('',*,*,#1260,.T.);
#1578=ORIENTED_EDGE('',*,*,#1198,.T.);
#1579=ORIENTED_EDGE('',*,*,#1261,.F.);
#1580=ORIENTED_EDGE('',*,*,#1262,.F.);
#1581=ORIENTED_EDGE('',*,*,#1263,.T.);
#1582=ORIENTED_EDGE('',*,*,#1188,.T.);
#1583=ORIENTED_EDGE('',*,*,#1264,.F.);
#1584=ORIENTED_EDGE('',*,*,#1265,.F.);
#1585=ORIENTED_EDGE('',*,*,#1266,.T.);
#1586=ORIENTED_EDGE('',*,*,#1182,.T.);
#1587=ORIENTED_EDGE('',*,*,#1267,.F.);
#1588=ORIENTED_EDGE('',*,*,#1268,.F.);
#1589=ORIENTED_EDGE('',*,*,#1269,.T.);
#1590=ORIENTED_EDGE('',*,*,#1197,.T.);
#1591=ORIENTED_EDGE('',*,*,#1270,.F.);
#1592=ORIENTED_EDGE('',*,*,#1271,.F.);
#1593=ORIENTED_EDGE('',*,*,#1261,.T.);
#1594=ORIENTED_EDGE('',*,*,#1190,.T.);
#1595=ORIENTED_EDGE('',*,*,#1272,.F.);
#1596=ORIENTED_EDGE('',*,*,#1273,.F.);
#1597=ORIENTED_EDGE('',*,*,#1274,.T.);
#1598=ORIENTED_EDGE('',*,*,#1181,.T.);
#1599=ORIENTED_EDGE('',*,*,#1275,.F.);
#1600=ORIENTED_EDGE('',*,*,#1276,.F.);
#1601=ORIENTED_EDGE('',*,*,#1267,.T.);
#1602=ORIENTED_EDGE('',*,*,#1210,.T.);
#1603=ORIENTED_EDGE('',*,*,#1250,.F.);
#1604=ORIENTED_EDGE('',*,*,#1277,.F.);
#1605=ORIENTED_EDGE('',*,*,#1278,.T.);
#1606=ORIENTED_EDGE('',*,*,#1205,.T.);
#1607=ORIENTED_EDGE('',*,*,#1279,.F.);
#1608=ORIENTED_EDGE('',*,*,#1280,.F.);
#1609=ORIENTED_EDGE('',*,*,#1281,.T.);
#1610=ORIENTED_EDGE('',*,*,#1187,.T.);
#1611=ORIENTED_EDGE('',*,*,#1282,.F.);
#1612=ORIENTED_EDGE('',*,*,#1283,.F.);
#1613=ORIENTED_EDGE('',*,*,#1264,.T.);
#1614=ORIENTED_EDGE('',*,*,#1185,.T.);
#1615=ORIENTED_EDGE('',*,*,#1266,.F.);
#1616=ORIENTED_EDGE('',*,*,#1284,.F.);
#1617=ORIENTED_EDGE('',*,*,#1285,.T.);
#1618=ORIENTED_EDGE('',*,*,#1204,.T.);
#1619=ORIENTED_EDGE('',*,*,#1286,.F.);
#1620=ORIENTED_EDGE('',*,*,#1287,.F.);
#1621=ORIENTED_EDGE('',*,*,#1288,.T.);
#1622=ORIENTED_EDGE('',*,*,#1203,.T.);
#1623=ORIENTED_EDGE('',*,*,#1289,.F.);
#1624=ORIENTED_EDGE('',*,*,#1290,.F.);
#1625=ORIENTED_EDGE('',*,*,#1286,.T.);
#1626=ORIENTED_EDGE('',*,*,#1192,.T.);
#1627=ORIENTED_EDGE('',*,*,#1291,.F.);
#1628=ORIENTED_EDGE('',*,*,#1292,.F.);
#1629=ORIENTED_EDGE('',*,*,#1293,.T.);
#1630=ORIENTED_EDGE('',*,*,#1206,.T.);
#1631=ORIENTED_EDGE('',*,*,#1281,.F.);
#1632=ORIENTED_EDGE('',*,*,#1294,.F.);
#1633=ORIENTED_EDGE('',*,*,#1258,.T.);
#1634=ORIENTED_EDGE('',*,*,#1212,.T.);
#1635=ORIENTED_EDGE('',*,*,#1295,.F.);
#1636=ORIENTED_EDGE('',*,*,#1296,.F.);
#1637=ORIENTED_EDGE('',*,*,#1248,.T.);
#1638=ORIENTED_EDGE('',*,*,#1191,.T.);
#1639=ORIENTED_EDGE('',*,*,#1274,.F.);
#1640=ORIENTED_EDGE('',*,*,#1297,.F.);
#1641=ORIENTED_EDGE('',*,*,#1291,.T.);
#1642=ORIENTED_EDGE('',*,*,#1201,.T.);
#1643=ORIENTED_EDGE('',*,*,#1288,.F.);
#1644=ORIENTED_EDGE('',*,*,#1298,.F.);
#1645=ORIENTED_EDGE('',*,*,#1299,.T.);
#1646=ORIENTED_EDGE('',*,*,#1186,.T.);
#1647=ORIENTED_EDGE('',*,*,#1285,.F.);
#1648=ORIENTED_EDGE('',*,*,#1300,.F.);
#1649=ORIENTED_EDGE('',*,*,#1282,.T.);
#1650=ORIENTED_EDGE('',*,*,#1211,.T.);
#1651=ORIENTED_EDGE('',*,*,#1278,.F.);
#1652=ORIENTED_EDGE('',*,*,#1301,.F.);
#1653=ORIENTED_EDGE('',*,*,#1295,.T.);
#1654=ORIENTED_EDGE('',*,*,#1200,.T.);
#1655=ORIENTED_EDGE('',*,*,#1302,.F.);
#1656=ORIENTED_EDGE('',*,*,#1303,.F.);
#1657=ORIENTED_EDGE('',*,*,#1270,.T.);
#1658=ORIENTED_EDGE('',*,*,#1184,.T.);
#1659=ORIENTED_EDGE('',*,*,#1304,.F.);
#1660=ORIENTED_EDGE('',*,*,#1305,.F.);
#1661=ORIENTED_EDGE('',*,*,#1275,.T.);
#1662=ORIENTED_EDGE('',*,*,#1208,.T.);
#1663=ORIENTED_EDGE('',*,*,#1260,.F.);
#1664=ORIENTED_EDGE('',*,*,#1306,.F.);
#1665=ORIENTED_EDGE('',*,*,#1279,.T.);
#1666=ORIENTED_EDGE('',*,*,#1199,.T.);
#1667=ORIENTED_EDGE('',*,*,#1263,.F.);
#1668=ORIENTED_EDGE('',*,*,#1307,.F.);
#1669=ORIENTED_EDGE('',*,*,#1302,.T.);
#1670=ORIENTED_EDGE('',*,*,#1189,.T.);
#1671=ORIENTED_EDGE('',*,*,#1293,.F.);
#1672=ORIENTED_EDGE('',*,*,#1308,.F.);
#1673=ORIENTED_EDGE('',*,*,#1272,.T.);
#1674=ORIENTED_EDGE('',*,*,#1183,.T.);
#1675=ORIENTED_EDGE('',*,*,#1269,.F.);
#1676=ORIENTED_EDGE('',*,*,#1309,.F.);
#1677=ORIENTED_EDGE('',*,*,#1304,.T.);
#1678=ORIENTED_EDGE('',*,*,#1202,.T.);
#1679=ORIENTED_EDGE('',*,*,#1299,.F.);
#1680=ORIENTED_EDGE('',*,*,#1310,.F.);
#1681=ORIENTED_EDGE('',*,*,#1289,.T.);
#1682=ORIENTED_EDGE('',*,*,#1277,.T.);
#1683=ORIENTED_EDGE('',*,*,#1249,.T.);
#1684=ORIENTED_EDGE('',*,*,#1296,.T.);
#1685=ORIENTED_EDGE('',*,*,#1301,.T.);
#1686=ORIENTED_EDGE('',*,*,#1311,.T.);
#1687=ORIENTED_EDGE('',*,*,#1312,.T.);
#1688=ORIENTED_EDGE('',*,*,#1313,.T.);
#1689=ORIENTED_EDGE('',*,*,#1314,.T.);
#1690=ORIENTED_EDGE('',*,*,#1254,.T.);
#1691=ORIENTED_EDGE('',*,*,#1315,.T.);
#1692=ORIENTED_EDGE('',*,*,#1316,.T.);
#1693=ORIENTED_EDGE('',*,*,#1253,.T.);
#1694=ORIENTED_EDGE('',*,*,#1317,.F.);
#1695=ORIENTED_EDGE('',*,*,#1318,.F.);
#1696=ORIENTED_EDGE('',*,*,#1319,.T.);
#1697=ORIENTED_EDGE('',*,*,#1251,.T.);
#1698=ORIENTED_EDGE('',*,*,#1225,.F.);
#1699=ORIENTED_EDGE('',*,*,#1320,.F.);
#1700=ORIENTED_EDGE('',*,*,#1321,.T.);
#1701=ORIENTED_EDGE('',*,*,#1256,.T.);
#1702=ORIENTED_EDGE('',*,*,#1322,.F.);
#1703=ORIENTED_EDGE('',*,*,#1323,.F.);
#1704=ORIENTED_EDGE('',*,*,#1324,.T.);
#1705=ORIENTED_EDGE('',*,*,#1255,.T.);
#1706=ORIENTED_EDGE('',*,*,#1325,.T.);
#1707=ORIENTED_EDGE('',*,*,#1326,.F.);
#1708=ORIENTED_EDGE('',*,*,#1327,.F.);
#1709=ORIENTED_EDGE('',*,*,#1322,.T.);
#1710=ORIENTED_EDGE('',*,*,#1252,.T.);
#1711=ORIENTED_EDGE('',*,*,#1321,.F.);
#1712=ORIENTED_EDGE('',*,*,#1328,.F.);
#1713=ORIENTED_EDGE('',*,*,#1317,.T.);
#1714=ORIENTED_EDGE('',*,*,#1257,.T.);
#1715=ORIENTED_EDGE('',*,*,#1324,.F.);
#1716=ORIENTED_EDGE('',*,*,#1329,.F.);
#1717=ORIENTED_EDGE('',*,*,#1223,.T.);
#1718=ORIENTED_EDGE('',*,*,#1294,.T.);
#1719=ORIENTED_EDGE('',*,*,#1280,.T.);
#1720=ORIENTED_EDGE('',*,*,#1306,.T.);
#1721=ORIENTED_EDGE('',*,*,#1259,.T.);
#1722=ORIENTED_EDGE('',*,*,#1262,.T.);
#1723=ORIENTED_EDGE('',*,*,#1271,.T.);
#1724=ORIENTED_EDGE('',*,*,#1303,.T.);
#1725=ORIENTED_EDGE('',*,*,#1307,.T.);
#1726=ORIENTED_EDGE('',*,*,#1300,.T.);
#1727=ORIENTED_EDGE('',*,*,#1284,.T.);
#1728=ORIENTED_EDGE('',*,*,#1265,.T.);
#1729=ORIENTED_EDGE('',*,*,#1283,.T.);
#1730=ORIENTED_EDGE('',*,*,#1268,.T.);
#1731=ORIENTED_EDGE('',*,*,#1276,.T.);
#1732=ORIENTED_EDGE('',*,*,#1305,.T.);
#1733=ORIENTED_EDGE('',*,*,#1309,.T.);
#1734=ORIENTED_EDGE('',*,*,#1273,.T.);
#1735=ORIENTED_EDGE('',*,*,#1308,.T.);
#1736=ORIENTED_EDGE('',*,*,#1292,.T.);
#1737=ORIENTED_EDGE('',*,*,#1297,.T.);
#1738=ORIENTED_EDGE('',*,*,#1310,.T.);
#1739=ORIENTED_EDGE('',*,*,#1298,.T.);
#1740=ORIENTED_EDGE('',*,*,#1287,.T.);
#1741=ORIENTED_EDGE('',*,*,#1290,.T.);
#1742=ORIENTED_EDGE('',*,*,#1314,.F.);
#1743=ORIENTED_EDGE('',*,*,#1330,.T.);
#1744=ORIENTED_EDGE('',*,*,#1231,.T.);
#1745=ORIENTED_EDGE('',*,*,#1331,.F.);
#1746=ORIENTED_EDGE('',*,*,#1315,.F.);
#1747=ORIENTED_EDGE('',*,*,#1316,.F.);
#1748=ORIENTED_EDGE('',*,*,#1332,.F.);
#1749=ORIENTED_EDGE('',*,*,#1325,.F.);
#1750=ORIENTED_EDGE('',*,*,#1329,.T.);
#1751=ORIENTED_EDGE('',*,*,#1323,.T.);
#1752=ORIENTED_EDGE('',*,*,#1327,.T.);
#1753=ORIENTED_EDGE('',*,*,#1333,.T.);
#1754=ORIENTED_EDGE('',*,*,#1318,.T.);
#1755=ORIENTED_EDGE('',*,*,#1328,.T.);
#1756=ORIENTED_EDGE('',*,*,#1320,.T.);
#1757=ORIENTED_EDGE('',*,*,#1224,.T.);
#1758=ORIENTED_EDGE('',*,*,#1230,.T.);
#1759=ORIENTED_EDGE('',*,*,#1334,.F.);
#1760=ORIENTED_EDGE('',*,*,#1311,.F.);
#1761=ORIENTED_EDGE('',*,*,#1331,.T.);
#1762=ORIENTED_EDGE('',*,*,#1235,.T.);
#1763=ORIENTED_EDGE('',*,*,#1335,.F.);
#1764=ORIENTED_EDGE('',*,*,#1336,.F.);
#1765=ORIENTED_EDGE('',*,*,#1337,.T.);
#1766=ORIENTED_EDGE('',*,*,#1234,.T.);
#1767=ORIENTED_EDGE('',*,*,#1338,.F.);
#1768=ORIENTED_EDGE('',*,*,#1339,.F.);
#1769=ORIENTED_EDGE('',*,*,#1335,.T.);
#1770=ORIENTED_EDGE('',*,*,#1236,.T.);
#1771=ORIENTED_EDGE('',*,*,#1337,.F.);
#1772=ORIENTED_EDGE('',*,*,#1340,.F.);
#1773=ORIENTED_EDGE('',*,*,#1341,.T.);
#1774=ORIENTED_EDGE('',*,*,#1232,.T.);
#1775=ORIENTED_EDGE('',*,*,#1330,.F.);
#1776=ORIENTED_EDGE('',*,*,#1313,.F.);
#1777=ORIENTED_EDGE('',*,*,#1342,.T.);
#1778=ORIENTED_EDGE('',*,*,#1312,.F.);
#1779=ORIENTED_EDGE('',*,*,#1334,.T.);
#1780=ORIENTED_EDGE('',*,*,#1229,.T.);
#1781=ORIENTED_EDGE('',*,*,#1341,.F.);
#1782=ORIENTED_EDGE('',*,*,#1343,.F.);
#1783=ORIENTED_EDGE('',*,*,#1338,.T.);
#1784=ORIENTED_EDGE('',*,*,#1233,.T.);
#1785=ORIENTED_EDGE('',*,*,#1342,.F.);
#1786=ORIENTED_EDGE('',*,*,#1332,.T.);
#1787=ORIENTED_EDGE('',*,*,#1319,.F.);
#1788=ORIENTED_EDGE('',*,*,#1333,.F.);
#1789=ORIENTED_EDGE('',*,*,#1326,.T.);
#1790=ORIENTED_EDGE('',*,*,#1340,.T.);
#1791=ORIENTED_EDGE('',*,*,#1336,.T.);
#1792=ORIENTED_EDGE('',*,*,#1339,.T.);
#1793=ORIENTED_EDGE('',*,*,#1343,.T.);
#1794=ORIENTED_EDGE('',*,*,#1344,.F.);
#1795=ORIENTED_EDGE('',*,*,#1345,.F.);
#1796=ORIENTED_EDGE('',*,*,#1346,.F.);
#1797=ORIENTED_EDGE('',*,*,#1347,.F.);
#1798=ORIENTED_EDGE('',*,*,#1348,.F.);
#1799=ORIENTED_EDGE('',*,*,#1349,.F.);
#1800=ORIENTED_EDGE('',*,*,#1350,.F.);
#1801=ORIENTED_EDGE('',*,*,#1351,.F.);
#1802=ORIENTED_EDGE('',*,*,#1352,.F.);
#1803=ORIENTED_EDGE('',*,*,#1353,.F.);
#1804=ORIENTED_EDGE('',*,*,#1354,.F.);
#1805=ORIENTED_EDGE('',*,*,#1355,.F.);
#1806=ORIENTED_EDGE('',*,*,#1356,.F.);
#1807=ORIENTED_EDGE('',*,*,#1357,.F.);
#1808=ORIENTED_EDGE('',*,*,#1358,.F.);
#1809=ORIENTED_EDGE('',*,*,#1359,.F.);
#1810=ORIENTED_EDGE('',*,*,#1360,.F.);
#1811=ORIENTED_EDGE('',*,*,#1361,.F.);
#1812=ORIENTED_EDGE('',*,*,#1362,.F.);
#1813=ORIENTED_EDGE('',*,*,#1363,.F.);
#1814=ORIENTED_EDGE('',*,*,#1364,.F.);
#1815=ORIENTED_EDGE('',*,*,#1365,.F.);
#1816=ORIENTED_EDGE('',*,*,#1366,.F.);
#1817=ORIENTED_EDGE('',*,*,#1367,.F.);
#1818=ORIENTED_EDGE('',*,*,#1368,.F.);
#1819=ORIENTED_EDGE('',*,*,#1369,.F.);
#1820=ORIENTED_EDGE('',*,*,#1370,.F.);
#1821=ORIENTED_EDGE('',*,*,#1371,.F.);
#1822=ORIENTED_EDGE('',*,*,#1372,.F.);
#1823=ORIENTED_EDGE('',*,*,#1373,.F.);
#1824=ORIENTED_EDGE('',*,*,#1374,.F.);
#1825=ORIENTED_EDGE('',*,*,#1375,.F.);
#1826=ORIENTED_EDGE('',*,*,#1356,.T.);
#1827=ORIENTED_EDGE('',*,*,#1376,.F.);
#1828=ORIENTED_EDGE('',*,*,#1377,.F.);
#1829=ORIENTED_EDGE('',*,*,#1378,.T.);
#1830=ORIENTED_EDGE('',*,*,#1374,.T.);
#1831=ORIENTED_EDGE('',*,*,#1379,.F.);
#1832=ORIENTED_EDGE('',*,*,#1380,.F.);
#1833=ORIENTED_EDGE('',*,*,#1381,.T.);
#1834=ORIENTED_EDGE('',*,*,#1365,.T.);
#1835=ORIENTED_EDGE('',*,*,#1382,.F.);
#1836=ORIENTED_EDGE('',*,*,#1383,.F.);
#1837=ORIENTED_EDGE('',*,*,#1384,.T.);
#1838=ORIENTED_EDGE('',*,*,#1351,.T.);
#1839=ORIENTED_EDGE('',*,*,#1385,.F.);
#1840=ORIENTED_EDGE('',*,*,#1386,.F.);
#1841=ORIENTED_EDGE('',*,*,#1387,.T.);
#1842=ORIENTED_EDGE('',*,*,#1368,.T.);
#1843=ORIENTED_EDGE('',*,*,#1388,.F.);
#1844=ORIENTED_EDGE('',*,*,#1389,.F.);
#1845=ORIENTED_EDGE('',*,*,#1390,.T.);
#1846=ORIENTED_EDGE('',*,*,#1353,.T.);
#1847=ORIENTED_EDGE('',*,*,#1391,.F.);
#1848=ORIENTED_EDGE('',*,*,#1392,.F.);
#1849=ORIENTED_EDGE('',*,*,#1393,.T.);
#1850=ORIENTED_EDGE('',*,*,#1373,.T.);
#1851=ORIENTED_EDGE('',*,*,#1394,.F.);
#1852=ORIENTED_EDGE('',*,*,#1395,.F.);
#1853=ORIENTED_EDGE('',*,*,#1379,.T.);
#1854=ORIENTED_EDGE('',*,*,#1364,.T.);
#1855=ORIENTED_EDGE('',*,*,#1396,.F.);
#1856=ORIENTED_EDGE('',*,*,#1397,.F.);
#1857=ORIENTED_EDGE('',*,*,#1382,.T.);
#1858=ORIENTED_EDGE('',*,*,#1362,.T.);
#1859=ORIENTED_EDGE('',*,*,#1398,.F.);
#1860=ORIENTED_EDGE('',*,*,#1399,.F.);
#1861=ORIENTED_EDGE('',*,*,#1400,.T.);
#1862=ORIENTED_EDGE('',*,*,#1346,.T.);
#1863=ORIENTED_EDGE('',*,*,#1401,.F.);
#1864=ORIENTED_EDGE('',*,*,#1402,.F.);
#1865=ORIENTED_EDGE('',*,*,#1403,.T.);
#1866=ORIENTED_EDGE('',*,*,#1367,.T.);
#1867=ORIENTED_EDGE('',*,*,#1404,.F.);
#1868=ORIENTED_EDGE('',*,*,#1405,.F.);
#1869=ORIENTED_EDGE('',*,*,#1396,.T.);
#1870=ORIENTED_EDGE('',*,*,#1355,.T.);
#1871=ORIENTED_EDGE('',*,*,#1406,.F.);
#1872=ORIENTED_EDGE('',*,*,#1407,.F.);
#1873=ORIENTED_EDGE('',*,*,#1408,.T.);
#1874=ORIENTED_EDGE('',*,*,#1348,.T.);
#1875=ORIENTED_EDGE('',*,*,#1387,.F.);
#1876=ORIENTED_EDGE('',*,*,#1409,.F.);
#1877=ORIENTED_EDGE('',*,*,#1410,.T.);
#1878=ORIENTED_EDGE('',*,*,#1358,.T.);
#1879=ORIENTED_EDGE('',*,*,#1411,.F.);
#1880=ORIENTED_EDGE('',*,*,#1412,.F.);
#1881=ORIENTED_EDGE('',*,*,#1413,.T.);
#1882=ORIENTED_EDGE('',*,*,#1375,.T.);
#1883=ORIENTED_EDGE('',*,*,#1381,.F.);
#1884=ORIENTED_EDGE('',*,*,#1414,.F.);
#1885=ORIENTED_EDGE('',*,*,#1415,.T.);
#1886=ORIENTED_EDGE('',*,*,#1363,.T.);
#1887=ORIENTED_EDGE('',*,*,#1400,.F.);
#1888=ORIENTED_EDGE('',*,*,#1416,.F.);
#1889=ORIENTED_EDGE('',*,*,#1417,.T.);
#1890=ORIENTED_EDGE('',*,*,#1361,.T.);
#1891=ORIENTED_EDGE('',*,*,#1418,.F.);
#1892=ORIENTED_EDGE('',*,*,#1419,.F.);
#1893=ORIENTED_EDGE('',*,*,#1398,.T.);
#1894=ORIENTED_EDGE('',*,*,#1347,.T.);
#1895=ORIENTED_EDGE('',*,*,#1403,.F.);
#1896=ORIENTED_EDGE('',*,*,#1420,.F.);
#1897=ORIENTED_EDGE('',*,*,#1421,.T.);
#1898=ORIENTED_EDGE('',*,*,#1345,.T.);
#1899=ORIENTED_EDGE('',*,*,#1422,.F.);
#1900=ORIENTED_EDGE('',*,*,#1423,.F.);
#1901=ORIENTED_EDGE('',*,*,#1401,.T.);
#1902=ORIENTED_EDGE('',*,*,#1370,.T.);
#1903=ORIENTED_EDGE('',*,*,#1424,.F.);
#1904=ORIENTED_EDGE('',*,*,#1425,.F.);
#1905=ORIENTED_EDGE('',*,*,#1426,.T.);
#1906=ORIENTED_EDGE('',*,*,#1357,.T.);
#1907=ORIENTED_EDGE('',*,*,#1378,.F.);
#1908=ORIENTED_EDGE('',*,*,#1427,.F.);
#1909=ORIENTED_EDGE('',*,*,#1411,.T.);
#1910=ORIENTED_EDGE('',*,*,#1352,.T.);
#1911=ORIENTED_EDGE('',*,*,#1408,.F.);
#1912=ORIENTED_EDGE('',*,*,#1428,.F.);
#1913=ORIENTED_EDGE('',*,*,#1391,.T.);
#1914=ORIENTED_EDGE('',*,*,#1369,.T.);
#1915=ORIENTED_EDGE('',*,*,#1390,.F.);
#1916=ORIENTED_EDGE('',*,*,#1429,.F.);
#1917=ORIENTED_EDGE('',*,*,#1424,.T.);
#1918=ORIENTED_EDGE('',*,*,#1350,.T.);
#1919=ORIENTED_EDGE('',*,*,#1430,.F.);
#1920=ORIENTED_EDGE('',*,*,#1431,.F.);
#1921=ORIENTED_EDGE('',*,*,#1385,.T.);
#1922=ORIENTED_EDGE('',*,*,#1372,.T.);
#1923=ORIENTED_EDGE('',*,*,#1415,.F.);
#1924=ORIENTED_EDGE('',*,*,#1432,.F.);
#1925=ORIENTED_EDGE('',*,*,#1394,.T.);
#1926=ORIENTED_EDGE('',*,*,#1359,.T.);
#1927=ORIENTED_EDGE('',*,*,#1413,.F.);
#1928=ORIENTED_EDGE('',*,*,#1433,.F.);
#1929=ORIENTED_EDGE('',*,*,#1376,.T.);
#1930=ORIENTED_EDGE('',*,*,#1349,.T.);
#1931=ORIENTED_EDGE('',*,*,#1410,.F.);
#1932=ORIENTED_EDGE('',*,*,#1434,.F.);
#1933=ORIENTED_EDGE('',*,*,#1430,.T.);
#1934=ORIENTED_EDGE('',*,*,#1371,.T.);
#1935=ORIENTED_EDGE('',*,*,#1426,.F.);
#1936=ORIENTED_EDGE('',*,*,#1435,.F.);
#1937=ORIENTED_EDGE('',*,*,#1388,.T.);
#1938=ORIENTED_EDGE('',*,*,#1360,.T.);
#1939=ORIENTED_EDGE('',*,*,#1417,.F.);
#1940=ORIENTED_EDGE('',*,*,#1436,.F.);
#1941=ORIENTED_EDGE('',*,*,#1418,.T.);
#1942=ORIENTED_EDGE('',*,*,#1344,.T.);
#1943=ORIENTED_EDGE('',*,*,#1421,.F.);
#1944=ORIENTED_EDGE('',*,*,#1437,.F.);
#1945=ORIENTED_EDGE('',*,*,#1422,.T.);
#1946=ORIENTED_EDGE('',*,*,#1366,.T.);
#1947=ORIENTED_EDGE('',*,*,#1384,.F.);
#1948=ORIENTED_EDGE('',*,*,#1438,.F.);
#1949=ORIENTED_EDGE('',*,*,#1404,.T.);
#1950=ORIENTED_EDGE('',*,*,#1354,.T.);
#1951=ORIENTED_EDGE('',*,*,#1393,.F.);
#1952=ORIENTED_EDGE('',*,*,#1439,.F.);
#1953=ORIENTED_EDGE('',*,*,#1406,.T.);
#1954=ORIENTED_EDGE('',*,*,#1377,.T.);
#1955=ORIENTED_EDGE('',*,*,#1433,.T.);
#1956=ORIENTED_EDGE('',*,*,#1412,.T.);
#1957=ORIENTED_EDGE('',*,*,#1427,.T.);
#1958=ORIENTED_EDGE('',*,*,#1432,.T.);
#1959=ORIENTED_EDGE('',*,*,#1414,.T.);
#1960=ORIENTED_EDGE('',*,*,#1380,.T.);
#1961=ORIENTED_EDGE('',*,*,#1395,.T.);
#1962=ORIENTED_EDGE('',*,*,#1397,.T.);
#1963=ORIENTED_EDGE('',*,*,#1405,.T.);
#1964=ORIENTED_EDGE('',*,*,#1438,.T.);
#1965=ORIENTED_EDGE('',*,*,#1383,.T.);
#1966=ORIENTED_EDGE('',*,*,#1409,.T.);
#1967=ORIENTED_EDGE('',*,*,#1386,.T.);
#1968=ORIENTED_EDGE('',*,*,#1431,.T.);
#1969=ORIENTED_EDGE('',*,*,#1434,.T.);
#1970=ORIENTED_EDGE('',*,*,#1389,.T.);
#1971=ORIENTED_EDGE('',*,*,#1435,.T.);
#1972=ORIENTED_EDGE('',*,*,#1425,.T.);
#1973=ORIENTED_EDGE('',*,*,#1429,.T.);
#1974=ORIENTED_EDGE('',*,*,#1428,.T.);
#1975=ORIENTED_EDGE('',*,*,#1407,.T.);
#1976=ORIENTED_EDGE('',*,*,#1439,.T.);
#1977=ORIENTED_EDGE('',*,*,#1392,.T.);
#1978=ORIENTED_EDGE('',*,*,#1436,.T.);
#1979=ORIENTED_EDGE('',*,*,#1416,.T.);
#1980=ORIENTED_EDGE('',*,*,#1399,.T.);
#1981=ORIENTED_EDGE('',*,*,#1419,.T.);
#1982=ORIENTED_EDGE('',*,*,#1437,.T.);
#1983=ORIENTED_EDGE('',*,*,#1420,.T.);
#1984=ORIENTED_EDGE('',*,*,#1402,.T.);
#1985=ORIENTED_EDGE('',*,*,#1423,.T.);
#1986=CYLINDRICAL_SURFACE('',#2114,2.5);
#1987=CYLINDRICAL_SURFACE('',#2124,2.5);
#1988=CYLINDRICAL_SURFACE('',#2126,2.5);
#1989=CYLINDRICAL_SURFACE('',#2131,2.5);
#1990=CYLINDRICAL_SURFACE('',#2134,0.45);
#1991=ADVANCED_FACE('',(#216),#1986,.T.);
#1992=ADVANCED_FACE('',(#217,#95,#96,#97,#98,#99,#100,#101,#102),#112,.T.);
#1993=ADVANCED_FACE('',(#218),#113,.F.);
#1994=ADVANCED_FACE('',(#219),#1987,.T.);
#1995=ADVANCED_FACE('',(#220),#1988,.T.);
#1996=ADVANCED_FACE('',(#221),#114,.F.);
#1997=ADVANCED_FACE('',(#222,#103),#115,.F.);
#1998=ADVANCED_FACE('',(#223),#1989,.T.);
#1999=ADVANCED_FACE('',(#224),#116,.F.);
#2000=ADVANCED_FACE('',(#225),#1990,.T.);
#2001=ADVANCED_FACE('',(#226),#117,.F.);
#2002=ADVANCED_FACE('',(#227),#118,.T.);
#2003=ADVANCED_FACE('',(#228),#119,.F.);
#2004=ADVANCED_FACE('',(#229),#120,.F.);
#2005=ADVANCED_FACE('',(#230),#121,.F.);
#2006=ADVANCED_FACE('',(#231),#122,.F.);
#2007=ADVANCED_FACE('',(#232),#123,.F.);
#2008=ADVANCED_FACE('',(#233),#124,.F.);
#2009=ADVANCED_FACE('',(#234),#125,.F.);
#2010=ADVANCED_FACE('',(#235),#126,.F.);
#2011=ADVANCED_FACE('',(#236),#127,.F.);
#2012=ADVANCED_FACE('',(#237),#128,.F.);
#2013=ADVANCED_FACE('',(#238),#129,.F.);
#2014=ADVANCED_FACE('',(#239),#130,.F.);
#2015=ADVANCED_FACE('',(#240),#131,.F.);
#2016=ADVANCED_FACE('',(#241),#132,.F.);
#2017=ADVANCED_FACE('',(#242),#133,.F.);
#2018=ADVANCED_FACE('',(#243),#134,.F.);
#2019=ADVANCED_FACE('',(#244),#135,.F.);
#2020=ADVANCED_FACE('',(#245),#136,.F.);
#2021=ADVANCED_FACE('',(#246),#137,.F.);
#2022=ADVANCED_FACE('',(#247),#138,.F.);
#2023=ADVANCED_FACE('',(#248),#139,.F.);
#2024=ADVANCED_FACE('',(#249),#140,.F.);
#2025=ADVANCED_FACE('',(#250),#141,.F.);
#2026=ADVANCED_FACE('',(#251),#142,.F.);
#2027=ADVANCED_FACE('',(#252),#143,.F.);
#2028=ADVANCED_FACE('',(#253),#144,.F.);
#2029=ADVANCED_FACE('',(#254),#145,.F.);
#2030=ADVANCED_FACE('',(#255),#146,.F.);
#2031=ADVANCED_FACE('',(#256),#147,.F.);
#2032=ADVANCED_FACE('',(#257),#148,.F.);
#2033=ADVANCED_FACE('',(#258),#149,.F.);
#2034=ADVANCED_FACE('',(#259),#150,.F.);
#2035=ADVANCED_FACE('',(#260),#151,.F.);
#2036=ADVANCED_FACE('',(#261),#152,.T.);
#2037=ADVANCED_FACE('',(#262),#153,.F.);
#2038=ADVANCED_FACE('',(#263),#154,.F.);
#2039=ADVANCED_FACE('',(#264),#155,.F.);
#2040=ADVANCED_FACE('',(#265),#156,.F.);
#2041=ADVANCED_FACE('',(#266),#157,.F.);
#2042=ADVANCED_FACE('',(#267),#158,.F.);
#2043=ADVANCED_FACE('',(#268),#159,.F.);
#2044=ADVANCED_FACE('',(#269),#160,.T.);
#2045=ADVANCED_FACE('',(#270),#161,.T.);
#2046=ADVANCED_FACE('',(#271),#162,.T.);
#2047=ADVANCED_FACE('',(#272),#163,.T.);
#2048=ADVANCED_FACE('',(#273),#164,.T.);
#2049=ADVANCED_FACE('',(#274),#165,.T.);
#2050=ADVANCED_FACE('',(#275),#166,.F.);
#2051=ADVANCED_FACE('',(#276),#167,.T.);
#2052=ADVANCED_FACE('',(#277),#168,.F.);
#2053=ADVANCED_FACE('',(#278),#169,.F.);
#2054=ADVANCED_FACE('',(#279),#170,.F.);
#2055=ADVANCED_FACE('',(#280),#171,.F.);
#2056=ADVANCED_FACE('',(#281),#172,.F.);
#2057=ADVANCED_FACE('',(#282),#173,.F.);
#2058=ADVANCED_FACE('',(#283),#174,.F.);
#2059=ADVANCED_FACE('',(#284,#104,#105,#106,#107,#108,#109,#110,#111),#175,
 .F.);
#2060=ADVANCED_FACE('',(#285),#176,.F.);
#2061=ADVANCED_FACE('',(#286),#177,.F.);
#2062=ADVANCED_FACE('',(#287),#178,.F.);
#2063=ADVANCED_FACE('',(#288),#179,.F.);
#2064=ADVANCED_FACE('',(#289),#180,.F.);
#2065=ADVANCED_FACE('',(#290),#181,.F.);
#2066=ADVANCED_FACE('',(#291),#182,.F.);
#2067=ADVANCED_FACE('',(#292),#183,.F.);
#2068=ADVANCED_FACE('',(#293),#184,.F.);
#2069=ADVANCED_FACE('',(#294),#185,.F.);
#2070=ADVANCED_FACE('',(#295),#186,.F.);
#2071=ADVANCED_FACE('',(#296),#187,.F.);
#2072=ADVANCED_FACE('',(#297),#188,.F.);
#2073=ADVANCED_FACE('',(#298),#189,.F.);
#2074=ADVANCED_FACE('',(#299),#190,.F.);
#2075=ADVANCED_FACE('',(#300),#191,.F.);
#2076=ADVANCED_FACE('',(#301),#192,.F.);
#2077=ADVANCED_FACE('',(#302),#193,.F.);
#2078=ADVANCED_FACE('',(#303),#194,.F.);
#2079=ADVANCED_FACE('',(#304),#195,.F.);
#2080=ADVANCED_FACE('',(#305),#196,.F.);
#2081=ADVANCED_FACE('',(#306),#197,.F.);
#2082=ADVANCED_FACE('',(#307),#198,.F.);
#2083=ADVANCED_FACE('',(#308),#199,.F.);
#2084=ADVANCED_FACE('',(#309),#200,.F.);
#2085=ADVANCED_FACE('',(#310),#201,.F.);
#2086=ADVANCED_FACE('',(#311),#202,.F.);
#2087=ADVANCED_FACE('',(#312),#203,.F.);
#2088=ADVANCED_FACE('',(#313),#204,.F.);
#2089=ADVANCED_FACE('',(#314),#205,.F.);
#2090=ADVANCED_FACE('',(#315),#206,.F.);
#2091=ADVANCED_FACE('',(#316),#207,.F.);
#2092=ADVANCED_FACE('',(#317),#208,.T.);
#2093=ADVANCED_FACE('',(#318),#209,.F.);
#2094=ADVANCED_FACE('',(#319),#210,.F.);
#2095=ADVANCED_FACE('',(#320),#211,.F.);
#2096=ADVANCED_FACE('',(#321),#212,.T.);
#2097=ADVANCED_FACE('',(#322),#213,.T.);
#2098=ADVANCED_FACE('',(#323),#214,.T.);
#2099=ADVANCED_FACE('',(#324),#215,.F.);
#2100=CLOSED_SHELL('',(#1991,#1992,#1993,#1994,#1995,#1996,#1997,#1998,
#1999,#2000,#2001,#2002,#2003,#2004,#2005,#2006,#2007,#2008,#2009,#2010,
#2011,#2012,#2013,#2014,#2015,#2016,#2017,#2018,#2019,#2020,#2021,#2022,
#2023,#2024,#2025,#2026,#2027,#2028,#2029,#2030,#2031,#2032,#2033,#2034,
#2035,#2036,#2037,#2038,#2039,#2040,#2041,#2042,#2043,#2044,#2045,#2046,
#2047,#2048,#2049,#2050,#2051,#2052,#2053,#2054,#2055,#2056,#2057,#2058,
#2059,#2060,#2061,#2062,#2063,#2064,#2065,#2066,#2067,#2068,#2069,#2070,
#2071,#2072,#2073,#2074,#2075,#2076,#2077,#2078,#2079,#2080,#2081,#2082,
#2083,#2084,#2085,#2086,#2087,#2088,#2089,#2090,#2091,#2092,#2093,#2094,
#2095,#2096,#2097,#2098,#2099));
#2101=DERIVED_UNIT_ELEMENT(#2103,1.);
#2102=DERIVED_UNIT_ELEMENT(#3307,-3.);
#2103=(
MASS_UNIT()
NAMED_UNIT(*)
SI_UNIT(.KILO.,.GRAM.)
);
#2104=DERIVED_UNIT((#2101,#2102));
#2105=MEASURE_REPRESENTATION_ITEM('density measure',
POSITIVE_RATIO_MEASURE(7850.),#2104);
#2106=PROPERTY_DEFINITION_REPRESENTATION(#2111,#2108);
#2107=PROPERTY_DEFINITION_REPRESENTATION(#2112,#2109);
#2108=REPRESENTATION('material name',(#2110),#3304);
#2109=REPRESENTATION('density',(#2105),#3304);
#2110=DESCRIPTIVE_REPRESENTATION_ITEM('Stahl','Stahl');
#2111=PROPERTY_DEFINITION('material property','material name',#3314);
#2112=PROPERTY_DEFINITION('material property','density of part',#3314);
#2113=AXIS2_PLACEMENT_3D('',#2738,#2234,#2235);
#2114=AXIS2_PLACEMENT_3D('',#2739,#2236,#2237);
#2115=AXIS2_PLACEMENT_3D('',#2742,#2238,#2239);
#2116=AXIS2_PLACEMENT_3D('',#2746,#2241,#2242);
#2117=AXIS2_PLACEMENT_3D('',#2748,#2244,#2245);
#2118=AXIS2_PLACEMENT_3D('',#2752,#2247,#2248);
#2119=AXIS2_PLACEMENT_3D('',#2756,#2250,#2251);
#2120=AXIS2_PLACEMENT_3D('',#2760,#2253,#2254);
#2121=AXIS2_PLACEMENT_3D('',#2761,#2255,#2256);
#2122=AXIS2_PLACEMENT_3D('',#2765,#2258,#2259);
#2123=AXIS2_PLACEMENT_3D('',#2831,#2293,#2294);
#2124=AXIS2_PLACEMENT_3D('',#2835,#2297,#2298);
#2125=AXIS2_PLACEMENT_3D('',#2837,#2299,#2300);
#2126=AXIS2_PLACEMENT_3D('',#2839,#2302,#2303);
#2127=AXIS2_PLACEMENT_3D('',#2843,#2305,#2306);
#2128=AXIS2_PLACEMENT_3D('',#2845,#2308,#2309);
#2129=AXIS2_PLACEMENT_3D('',#2849,#2312,#2313);
#2130=AXIS2_PLACEMENT_3D('',#2860,#2319,#2320);
#2131=AXIS2_PLACEMENT_3D('',#2878,#2330,#2331);
#2132=AXIS2_PLACEMENT_3D('',#2880,#2333,#2334);
#2133=AXIS2_PLACEMENT_3D('',#2882,#2335,#2336);
#2134=AXIS2_PLACEMENT_3D('',#2883,#2337,#2338);
#2135=AXIS2_PLACEMENT_3D('',#2885,#2340,#2341);
#2136=AXIS2_PLACEMENT_3D('',#2891,#2345,#2346);
#2137=AXIS2_PLACEMENT_3D('',#2897,#2350,#2351);
#2138=AXIS2_PLACEMENT_3D('',#2899,#2353,#2354);
#2139=AXIS2_PLACEMENT_3D('',#2901,#2356,#2357);
#2140=AXIS2_PLACEMENT_3D('',#2902,#2358,#2359);
#2141=AXIS2_PLACEMENT_3D('',#2908,#2363,#2364);
#2142=AXIS2_PLACEMENT_3D('',#2909,#2365,#2366);
#2143=AXIS2_PLACEMENT_3D('',#2923,#2374,#2375);
#2144=AXIS2_PLACEMENT_3D('',#2929,#2379,#2380);
#2145=AXIS2_PLACEMENT_3D('',#2935,#2384,#2385);
#2146=AXIS2_PLACEMENT_3D('',#2941,#2389,#2390);
#2147=AXIS2_PLACEMENT_3D('',#2947,#2394,#2395);
#2148=AXIS2_PLACEMENT_3D('',#2951,#2398,#2399);
#2149=AXIS2_PLACEMENT_3D('',#2957,#2403,#2404);
#2150=AXIS2_PLACEMENT_3D('',#2961,#2407,#2408);
#2151=AXIS2_PLACEMENT_3D('',#2965,#2411,#2412);
#2152=AXIS2_PLACEMENT_3D('',#2971,#2416,#2417);
#2153=AXIS2_PLACEMENT_3D('',#2975,#2420,#2421);
#2154=AXIS2_PLACEMENT_3D('',#2979,#2424,#2425);
#2155=AXIS2_PLACEMENT_3D('',#2985,#2429,#2430);
#2156=AXIS2_PLACEMENT_3D('',#2989,#2433,#2434);
#2157=AXIS2_PLACEMENT_3D('',#2995,#2438,#2439);
#2158=AXIS2_PLACEMENT_3D('',#2997,#2441,#2442);
#2159=AXIS2_PLACEMENT_3D('',#3001,#2445,#2446);
#2160=AXIS2_PLACEMENT_3D('',#3003,#2448,#2449);
#2161=AXIS2_PLACEMENT_3D('',#3007,#2452,#2453);
#2162=AXIS2_PLACEMENT_3D('',#3009,#2455,#2456);
#2163=AXIS2_PLACEMENT_3D('',#3011,#2458,#2459);
#2164=AXIS2_PLACEMENT_3D('',#3015,#2462,#2463);
#2165=AXIS2_PLACEMENT_3D('',#3019,#2466,#2467);
#2166=AXIS2_PLACEMENT_3D('',#3021,#2469,#2470);
#2167=AXIS2_PLACEMENT_3D('',#3023,#2472,#2473);
#2168=AXIS2_PLACEMENT_3D('',#3025,#2475,#2476);
#2169=AXIS2_PLACEMENT_3D('',#3027,#2478,#2479);
#2170=AXIS2_PLACEMENT_3D('',#3029,#2481,#2482);
#2171=AXIS2_PLACEMENT_3D('',#3030,#2483,#2484);
#2172=AXIS2_PLACEMENT_3D('',#3040,#2490,#2491);
#2173=AXIS2_PLACEMENT_3D('',#3048,#2496,#2497);
#2174=AXIS2_PLACEMENT_3D('',#3052,#2500,#2501);
#2175=AXIS2_PLACEMENT_3D('',#3058,#2505,#2506);
#2176=AXIS2_PLACEMENT_3D('',#3064,#2510,#2511);
#2177=AXIS2_PLACEMENT_3D('',#3066,#2513,#2514);
#2178=AXIS2_PLACEMENT_3D('',#3068,#2516,#2517);
#2179=AXIS2_PLACEMENT_3D('',#3069,#2518,#2519);
#2180=AXIS2_PLACEMENT_3D('',#3070,#2520,#2521);
#2181=AXIS2_PLACEMENT_3D('',#3071,#2522,#2523);
#2182=AXIS2_PLACEMENT_3D('',#3072,#2524,#2525);
#2183=AXIS2_PLACEMENT_3D('',#3073,#2526,#2527);
#2184=AXIS2_PLACEMENT_3D('',#3074,#2528,#2529);
#2185=AXIS2_PLACEMENT_3D('',#3078,#2533,#2534);
#2186=AXIS2_PLACEMENT_3D('',#3080,#2536,#2537);
#2187=AXIS2_PLACEMENT_3D('',#3082,#2539,#2540);
#2188=AXIS2_PLACEMENT_3D('',#3088,#2544,#2545);
#2189=AXIS2_PLACEMENT_3D('',#3092,#2548,#2549);
#2190=AXIS2_PLACEMENT_3D('',#3096,#2552,#2553);
#2191=AXIS2_PLACEMENT_3D('',#3098,#2555,#2556);
#2192=AXIS2_PLACEMENT_3D('',#3100,#2558,#2559);
#2193=AXIS2_PLACEMENT_3D('',#3101,#2560,#2561);
#2194=AXIS2_PLACEMENT_3D('',#3166,#2594,#2595);
#2195=AXIS2_PLACEMENT_3D('',#3172,#2599,#2600);
#2196=AXIS2_PLACEMENT_3D('',#3178,#2604,#2605);
#2197=AXIS2_PLACEMENT_3D('',#3184,#2609,#2610);
#2198=AXIS2_PLACEMENT_3D('',#3190,#2614,#2615);
#2199=AXIS2_PLACEMENT_3D('',#3196,#2619,#2620);
#2200=AXIS2_PLACEMENT_3D('',#3202,#2624,#2625);
#2201=AXIS2_PLACEMENT_3D('',#3206,#2628,#2629);
#2202=AXIS2_PLACEMENT_3D('',#3210,#2632,#2633);
#2203=AXIS2_PLACEMENT_3D('',#3216,#2637,#2638);
#2204=AXIS2_PLACEMENT_3D('',#3222,#2642,#2643);
#2205=AXIS2_PLACEMENT_3D('',#3226,#2646,#2647);
#2206=AXIS2_PLACEMENT_3D('',#3232,#2651,#2652);
#2207=AXIS2_PLACEMENT_3D('',#3236,#2655,#2656);
#2208=AXIS2_PLACEMENT_3D('',#3242,#2660,#2661);
#2209=AXIS2_PLACEMENT_3D('',#3246,#2664,#2665);
#2210=AXIS2_PLACEMENT_3D('',#3250,#2668,#2669);
#2211=AXIS2_PLACEMENT_3D('',#3254,#2672,#2673);
#2212=AXIS2_PLACEMENT_3D('',#3258,#2676,#2677);
#2213=AXIS2_PLACEMENT_3D('',#3262,#2680,#2681);
#2214=AXIS2_PLACEMENT_3D('',#3268,#2685,#2686);
#2215=AXIS2_PLACEMENT_3D('',#3270,#2688,#2689);
#2216=AXIS2_PLACEMENT_3D('',#3272,#2691,#2692);
#2217=AXIS2_PLACEMENT_3D('',#3274,#2694,#2695);
#2218=AXIS2_PLACEMENT_3D('',#3278,#2698,#2699);
#2219=AXIS2_PLACEMENT_3D('',#3280,#2701,#2702);
#2220=AXIS2_PLACEMENT_3D('',#3282,#2704,#2705);
#2221=AXIS2_PLACEMENT_3D('',#3284,#2707,#2708);
#2222=AXIS2_PLACEMENT_3D('',#3286,#2710,#2711);
#2223=AXIS2_PLACEMENT_3D('',#3288,#2713,#2714);
#2224=AXIS2_PLACEMENT_3D('',#3290,#2716,#2717);
#2225=AXIS2_PLACEMENT_3D('',#3292,#2719,#2720);
#2226=AXIS2_PLACEMENT_3D('',#3294,#2722,#2723);
#2227=AXIS2_PLACEMENT_3D('',#3295,#2724,#2725);
#2228=AXIS2_PLACEMENT_3D('',#3296,#2726,#2727);
#2229=AXIS2_PLACEMENT_3D('',#3297,#2728,#2729);
#2230=AXIS2_PLACEMENT_3D('',#3298,#2730,#2731);
#2231=AXIS2_PLACEMENT_3D('',#3299,#2732,#2733);
#2232=AXIS2_PLACEMENT_3D('',#3300,#2734,#2735);
#2233=AXIS2_PLACEMENT_3D('',#3301,#2736,#2737);
#2234=DIRECTION('axis',(0.,0.,1.));
#2235=DIRECTION('refdir',(1.,0.,0.));
#2236=DIRECTION('center_axis',(0.,-1.,0.));
#2237=DIRECTION('ref_axis',(-0.707106781186547,0.,0.707106781186547));
#2238=DIRECTION('center_axis',(0.,1.,0.));
#2239=DIRECTION('ref_axis',(-0.707106781186547,0.,0.707106781186547));
#2240=DIRECTION('',(0.,1.,0.));
#2241=DIRECTION('center_axis',(0.,-1.,0.));
#2242=DIRECTION('ref_axis',(-0.707106781186547,0.,0.707106781186547));
#2243=DIRECTION('',(0.,-1.,0.));
#2244=DIRECTION('center_axis',(0.,-1.,0.));
#2245=DIRECTION('ref_axis',(0.,0.,-1.));
#2246=DIRECTION('',(7.35052320329156E-17,0.,1.));
#2247=DIRECTION('center_axis',(0.,1.,0.));
#2248=DIRECTION('ref_axis',(-0.707106781186548,0.,-0.707106781186547));
#2249=DIRECTION('',(-1.,0.,0.));
#2250=DIRECTION('center_axis',(0.,1.,0.));
#2251=DIRECTION('ref_axis',(0.707106781186548,0.,-0.707106781186547));
#2252=DIRECTION('',(-7.35052320329156E-17,0.,1.));
#2253=DIRECTION('center_axis',(0.,1.,0.));
#2254=DIRECTION('ref_axis',(0.707106781186547,0.,0.707106781186547));
#2255=DIRECTION('center_axis',(0.,1.,0.));
#2256=DIRECTION('ref_axis',(0.707106781186547,0.,0.707106781186547));
#2257=DIRECTION('',(7.35052320329156E-17,0.,-1.));
#2258=DIRECTION('center_axis',(0.,1.,0.));
#2259=DIRECTION('ref_axis',(0.707106781186547,0.,0.707106781186547));
#2260=DIRECTION('',(1.,0.,0.));
#2261=DIRECTION('',(0.,0.,1.));
#2262=DIRECTION('',(1.,0.,0.));
#2263=DIRECTION('',(0.,0.,-1.));
#2264=DIRECTION('',(-1.,0.,0.));
#2265=DIRECTION('',(-1.,0.,0.));
#2266=DIRECTION('',(0.,0.,1.));
#2267=DIRECTION('',(1.,0.,6.7762635780344E-16));
#2268=DIRECTION('',(0.,0.,-1.));
#2269=DIRECTION('',(1.,0.,0.));
#2270=DIRECTION('',(0.,0.,-1.));
#2271=DIRECTION('',(-1.,0.,0.));
#2272=DIRECTION('',(0.,0.,1.));
#2273=DIRECTION('',(1.,0.,0.));
#2274=DIRECTION('',(0.,0.,-1.));
#2275=DIRECTION('',(-1.,0.,0.));
#2276=DIRECTION('',(0.,0.,1.));
#2277=DIRECTION('',(0.,0.,1.));
#2278=DIRECTION('',(1.,0.,0.));
#2279=DIRECTION('',(0.,0.,-1.));
#2280=DIRECTION('',(-1.,0.,0.));
#2281=DIRECTION('',(0.,0.,-1.));
#2282=DIRECTION('',(-1.,0.,0.));
#2283=DIRECTION('',(0.,0.,1.));
#2284=DIRECTION('',(1.,0.,0.));
#2285=DIRECTION('',(-1.,0.,0.));
#2286=DIRECTION('',(0.,0.,1.));
#2287=DIRECTION('',(1.,0.,0.));
#2288=DIRECTION('',(0.,0.,-1.));
#2289=DIRECTION('',(0.,0.,1.));
#2290=DIRECTION('',(1.,0.,-6.7762635780344E-16));
#2291=DIRECTION('',(0.,0.,-1.));
#2292=DIRECTION('',(-1.,0.,0.));
#2293=DIRECTION('center_axis',(1.,0.,-7.35052320329156E-17));
#2294=DIRECTION('ref_axis',(-7.35052320329156E-17,0.,-1.));
#2295=DIRECTION('',(7.35052320329156E-17,0.,1.));
#2296=DIRECTION('',(0.,1.,0.));
#2297=DIRECTION('center_axis',(0.,-1.,0.));
#2298=DIRECTION('ref_axis',(-0.707106781186548,0.,-0.707106781186547));
#2299=DIRECTION('center_axis',(0.,-1.,0.));
#2300=DIRECTION('ref_axis',(-0.707106781186548,0.,-0.707106781186547));
#2301=DIRECTION('',(0.,-1.,0.));
#2302=DIRECTION('center_axis',(0.,-1.,0.));
#2303=DIRECTION('ref_axis',(0.707106781186548,0.,-0.707106781186547));
#2304=DIRECTION('',(0.,1.,0.));
#2305=DIRECTION('center_axis',(0.,-1.,0.));
#2306=DIRECTION('ref_axis',(0.707106781186548,0.,-0.707106781186547));
#2307=DIRECTION('',(0.,-1.,0.));
#2308=DIRECTION('center_axis',(-1.,0.,-7.35052320329156E-17));
#2309=DIRECTION('ref_axis',(-7.35052320329156E-17,0.,1.));
#2310=DIRECTION('',(7.35052320329156E-17,0.,-1.));
#2311=DIRECTION('',(0.,1.,0.));
#2312=DIRECTION('center_axis',(0.,-1.,0.));
#2313=DIRECTION('ref_axis',(0.,0.,-1.));
#2314=DIRECTION('',(1.,0.,0.));
#2315=DIRECTION('',(0.,0.,-1.));
#2316=DIRECTION('',(-1.,0.,0.));
#2317=DIRECTION('',(0.,0.,-1.));
#2318=DIRECTION('',(1.,0.,0.));
#2319=DIRECTION('center_axis',(0.,-1.,0.));
#2320=DIRECTION('ref_axis',(0.707106781186547,0.,0.707106781186547));
#2321=DIRECTION('',(-1.,0.,0.));
#2322=DIRECTION('',(1.,0.,0.));
#2323=DIRECTION('',(0.,0.,-1.));
#2324=DIRECTION('',(1.,0.,-1.66800334228539E-16));
#2325=DIRECTION('',(0.,0.,1.));
#2326=DIRECTION('',(1.,0.,0.));
#2327=DIRECTION('',(0.,0.,1.));
#2328=DIRECTION('',(-1.,0.,1.97127667724637E-16));
#2329=DIRECTION('',(0.,0.,-1.));
#2330=DIRECTION('center_axis',(0.,-1.,0.));
#2331=DIRECTION('ref_axis',(0.707106781186547,0.,0.707106781186547));
#2332=DIRECTION('',(0.,-1.,0.));
#2333=DIRECTION('center_axis',(0.,1.,0.));
#2334=DIRECTION('ref_axis',(0.,0.,1.));
#2335=DIRECTION('center_axis',(0.,1.,0.));
#2336=DIRECTION('ref_axis',(-0.707106781186549,0.,0.707106781186546));
#2337=DIRECTION('center_axis',(0.,1.,0.));
#2338=DIRECTION('ref_axis',(0.707106781186547,0.,0.707106781186547));
#2339=DIRECTION('',(0.,-1.,0.));
#2340=DIRECTION('center_axis',(0.,0.,-1.));
#2341=DIRECTION('ref_axis',(-1.,0.,0.));
#2342=DIRECTION('',(0.,1.,0.));
#2343=DIRECTION('',(-1.,0.,0.));
#2344=DIRECTION('',(0.,1.,0.));
#2345=DIRECTION('center_axis',(0.,-1.,0.));
#2346=DIRECTION('ref_axis',(0.,0.,-1.));
#2347=DIRECTION('',(0.,0.,-1.));
#2348=DIRECTION('',(1.,0.,0.));
#2349=DIRECTION('',(0.,0.,1.));
#2350=DIRECTION('center_axis',(1.,0.,0.));
#2351=DIRECTION('ref_axis',(0.,0.,-1.));
#2352=DIRECTION('',(0.,1.,0.));
#2353=DIRECTION('center_axis',(-1.,0.,0.));
#2354=DIRECTION('ref_axis',(0.,0.,1.));
#2355=DIRECTION('',(0.,1.,0.));
#2356=DIRECTION('center_axis',(0.,0.,1.));
#2357=DIRECTION('ref_axis',(1.,0.,0.));
#2358=DIRECTION('center_axis',(-1.,0.,0.));
#2359=DIRECTION('ref_axis',(0.,0.,1.));
#2360=DIRECTION('',(0.,1.,0.));
#2361=DIRECTION('',(0.,0.,1.));
#2362=DIRECTION('',(0.,1.,0.));
#2363=DIRECTION('center_axis',(0.,0.,1.));
#2364=DIRECTION('ref_axis',(1.,0.,0.));
#2365=DIRECTION('center_axis',(0.,0.,-1.));
#2366=DIRECTION('ref_axis',(-1.,0.,0.));
#2367=DIRECTION('',(-1.27553196763001E-16,1.,0.));
#2368=DIRECTION('',(1.,0.,0.));
#2369=DIRECTION('',(1.03257349760524E-16,-1.,0.));
#2370=DIRECTION('',(1.,0.,-1.66800334228539E-16));
#2371=DIRECTION('',(0.,1.,0.));
#2372=DIRECTION('',(1.,0.,0.));
#2373=DIRECTION('',(6.37765983815003E-17,-1.,0.));
#2374=DIRECTION('center_axis',(0.,0.,1.));
#2375=DIRECTION('ref_axis',(1.,0.,0.));
#2376=DIRECTION('',(0.,1.,0.));
#2377=DIRECTION('',(1.,0.,0.));
#2378=DIRECTION('',(0.,1.,0.));
#2379=DIRECTION('center_axis',(0.,0.,1.));
#2380=DIRECTION('ref_axis',(1.,0.,0.));
#2381=DIRECTION('',(0.,1.,0.));
#2382=DIRECTION('',(1.,0.,0.));
#2383=DIRECTION('',(0.,1.,0.));
#2384=DIRECTION('center_axis',(1.,0.,0.));
#2385=DIRECTION('ref_axis',(0.,0.,-1.));
#2386=DIRECTION('',(0.,1.,0.));
#2387=DIRECTION('',(0.,0.,-1.));
#2388=DIRECTION('',(0.,1.,0.));
#2389=DIRECTION('center_axis',(0.,0.,1.));
#2390=DIRECTION('ref_axis',(1.,0.,0.));
#2391=DIRECTION('',(0.,1.,0.));
#2392=DIRECTION('',(1.,0.,0.));
#2393=DIRECTION('',(0.,1.,0.));
#2394=DIRECTION('center_axis',(-1.,0.,0.));
#2395=DIRECTION('ref_axis',(0.,0.,1.));
#2396=DIRECTION('',(0.,1.,0.));
#2397=DIRECTION('',(0.,0.,1.));
#2398=DIRECTION('center_axis',(1.,0.,0.));
#2399=DIRECTION('ref_axis',(0.,0.,-1.));
#2400=DIRECTION('',(0.,1.,0.));
#2401=DIRECTION('',(0.,0.,-1.));
#2402=DIRECTION('',(0.,1.,0.));
#2403=DIRECTION('center_axis',(-1.,0.,0.));
#2404=DIRECTION('ref_axis',(0.,0.,1.));
#2405=DIRECTION('',(0.,1.,0.));
#2406=DIRECTION('',(0.,0.,1.));
#2407=DIRECTION('center_axis',(6.7762635780344E-16,0.,1.));
#2408=DIRECTION('ref_axis',(1.,0.,-6.7762635780344E-16));
#2409=DIRECTION('',(1.,0.,-6.7762635780344E-16));
#2410=DIRECTION('',(0.,1.,0.));
#2411=DIRECTION('center_axis',(0.,0.,-1.));
#2412=DIRECTION('ref_axis',(-1.,0.,0.));
#2413=DIRECTION('',(0.,1.,0.));
#2414=DIRECTION('',(-1.,0.,0.));
#2415=DIRECTION('',(0.,1.,0.));
#2416=DIRECTION('center_axis',(-6.7762635780344E-16,0.,1.));
#2417=DIRECTION('ref_axis',(1.,0.,6.7762635780344E-16));
#2418=DIRECTION('',(0.,1.,0.));
#2419=DIRECTION('',(1.,0.,6.7762635780344E-16));
#2420=DIRECTION('center_axis',(0.,0.,-1.));
#2421=DIRECTION('ref_axis',(-1.,0.,0.));
#2422=DIRECTION('',(-1.,0.,0.));
#2423=DIRECTION('',(0.,1.,0.));
#2424=DIRECTION('center_axis',(0.,0.,1.));
#2425=DIRECTION('ref_axis',(1.,0.,0.));
#2426=DIRECTION('',(0.,1.,0.));
#2427=DIRECTION('',(1.,0.,0.));
#2428=DIRECTION('',(0.,1.,0.));
#2429=DIRECTION('center_axis',(-1.,0.,0.));
#2430=DIRECTION('ref_axis',(0.,0.,1.));
#2431=DIRECTION('',(0.,1.,0.));
#2432=DIRECTION('',(0.,0.,1.));
#2433=DIRECTION('center_axis',(-1.,0.,0.));
#2434=DIRECTION('ref_axis',(0.,0.,1.));
#2435=DIRECTION('',(0.,1.,0.));
#2436=DIRECTION('',(0.,0.,1.));
#2437=DIRECTION('',(0.,1.,0.));
#2438=DIRECTION('center_axis',(-1.,0.,0.));
#2439=DIRECTION('ref_axis',(0.,0.,1.));
#2440=DIRECTION('',(0.,0.,1.));
#2441=DIRECTION('center_axis',(0.,0.,-1.));
#2442=DIRECTION('ref_axis',(-1.,0.,0.));
#2443=DIRECTION('',(0.,1.,0.));
#2444=DIRECTION('',(-1.,0.,0.));
#2445=DIRECTION('center_axis',(0.,0.,-1.));
#2446=DIRECTION('ref_axis',(-1.,0.,0.));
#2447=DIRECTION('',(-1.,0.,0.));
#2448=DIRECTION('center_axis',(1.,0.,0.));
#2449=DIRECTION('ref_axis',(0.,0.,-1.));
#2450=DIRECTION('',(0.,0.,-1.));
#2451=DIRECTION('',(0.,1.,0.));
#2452=DIRECTION('center_axis',(-1.,0.,0.));
#2453=DIRECTION('ref_axis',(0.,0.,1.));
#2454=DIRECTION('',(0.,0.,1.));
#2455=DIRECTION('center_axis',(1.,0.,0.));
#2456=DIRECTION('ref_axis',(0.,0.,-1.));
#2457=DIRECTION('',(0.,0.,-1.));
#2458=DIRECTION('center_axis',(0.,0.,-1.));
#2459=DIRECTION('ref_axis',(-1.,0.,0.));
#2460=DIRECTION('',(0.,1.,0.));
#2461=DIRECTION('',(-1.,0.,0.));
#2462=DIRECTION('center_axis',(0.,0.,-1.));
#2463=DIRECTION('ref_axis',(-1.,0.,0.));
#2464=DIRECTION('',(0.,1.,0.));
#2465=DIRECTION('',(-1.,0.,0.));
#2466=DIRECTION('center_axis',(1.,0.,0.));
#2467=DIRECTION('ref_axis',(0.,0.,-1.));
#2468=DIRECTION('',(0.,0.,-1.));
#2469=DIRECTION('center_axis',(1.,0.,0.));
#2470=DIRECTION('ref_axis',(0.,0.,-1.));
#2471=DIRECTION('',(0.,0.,-1.));
#2472=DIRECTION('center_axis',(0.,0.,1.));
#2473=DIRECTION('ref_axis',(1.,0.,0.));
#2474=DIRECTION('',(1.,0.,0.));
#2475=DIRECTION('center_axis',(1.,0.,0.));
#2476=DIRECTION('ref_axis',(0.,0.,-1.));
#2477=DIRECTION('',(0.,0.,-1.));
#2478=DIRECTION('center_axis',(0.,0.,-1.));
#2479=DIRECTION('ref_axis',(-1.,0.,0.));
#2480=DIRECTION('',(-1.,0.,0.));
#2481=DIRECTION('center_axis',(0.,-1.,0.));
#2482=DIRECTION('ref_axis',(0.,0.,-1.));
#2483=DIRECTION('center_axis',(0.,-1.,0.));
#2484=DIRECTION('ref_axis',(0.,0.,-1.));
#2485=DIRECTION('',(0.,0.,-1.));
#2486=DIRECTION('',(-1.,0.,0.));
#2487=DIRECTION('',(0.,0.,1.));
#2488=DIRECTION('',(1.,0.,-1.66800334228539E-16));
#2489=DIRECTION('',(1.,0.,-1.66800334228539E-16));
#2490=DIRECTION('center_axis',(1.,1.03257349760524E-16,0.));
#2491=DIRECTION('ref_axis',(-1.03257349760524E-16,1.,0.));
#2492=DIRECTION('',(1.03257349760524E-16,-1.,0.));
#2493=DIRECTION('',(0.,0.,-1.));
#2494=DIRECTION('',(1.03257349760524E-16,-1.,0.));
#2495=DIRECTION('',(0.,0.,-1.));
#2496=DIRECTION('center_axis',(-1.,-1.27553196763001E-16,0.));
#2497=DIRECTION('ref_axis',(1.27553196763001E-16,-1.,0.));
#2498=DIRECTION('',(-1.27553196763001E-16,1.,0.));
#2499=DIRECTION('',(0.,0.,-1.));
#2500=DIRECTION('center_axis',(0.,1.,0.));
#2501=DIRECTION('ref_axis',(0.,0.,1.));
#2502=DIRECTION('',(0.,0.,-1.));
#2503=DIRECTION('',(1.,0.,0.));
#2504=DIRECTION('',(0.,0.,-1.));
#2505=DIRECTION('center_axis',(-1.,0.,0.));
#2506=DIRECTION('ref_axis',(0.,0.,1.));
#2507=DIRECTION('',(0.,1.,0.));
#2508=DIRECTION('',(0.,0.,-1.));
#2509=DIRECTION('',(0.,1.,0.));
#2510=DIRECTION('center_axis',(0.,1.,0.));
#2511=DIRECTION('ref_axis',(0.,0.,1.));
#2512=DIRECTION('',(1.,0.,0.));
#2513=DIRECTION('center_axis',(1.,6.37765983815003E-17,0.));
#2514=DIRECTION('ref_axis',(-6.37765983815003E-17,1.,0.));
#2515=DIRECTION('',(6.37765983815003E-17,-1.,0.));
#2516=DIRECTION('center_axis',(0.,-1.,0.));
#2517=DIRECTION('ref_axis',(0.,0.,-1.));
#2518=DIRECTION('center_axis',(0.,-1.,0.));
#2519=DIRECTION('ref_axis',(0.,0.,-1.));
#2520=DIRECTION('center_axis',(0.,-1.,0.));
#2521=DIRECTION('ref_axis',(0.,0.,-1.));
#2522=DIRECTION('center_axis',(0.,-1.,0.));
#2523=DIRECTION('ref_axis',(0.,0.,-1.));
#2524=DIRECTION('center_axis',(0.,-1.,0.));
#2525=DIRECTION('ref_axis',(0.,0.,-1.));
#2526=DIRECTION('center_axis',(0.,-1.,0.));
#2527=DIRECTION('ref_axis',(0.,0.,-1.));
#2528=DIRECTION('center_axis',(1.66800334228539E-16,0.,1.));
#2529=DIRECTION('ref_axis',(1.,0.,-1.66800334228539E-16));
#2530=DIRECTION('',(0.,1.,0.));
#2531=DIRECTION('',(0.,1.,0.));
#2532=DIRECTION('',(1.,0.,0.));
#2533=DIRECTION('center_axis',(0.,0.,1.));
#2534=DIRECTION('ref_axis',(1.,0.,0.));
#2535=DIRECTION('',(1.,0.,0.));
#2536=DIRECTION('center_axis',(1.,0.,0.));
#2537=DIRECTION('ref_axis',(0.,0.,-1.));
#2538=DIRECTION('',(0.,1.,0.));
#2539=DIRECTION('center_axis',(-1.97127667724637E-16,0.,-1.));
#2540=DIRECTION('ref_axis',(-1.,0.,1.97127667724637E-16));
#2541=DIRECTION('',(0.,1.,0.));
#2542=DIRECTION('',(-1.,0.,1.97127667724637E-16));
#2543=DIRECTION('',(0.,1.,0.));
#2544=DIRECTION('center_axis',(-1.,0.,0.));
#2545=DIRECTION('ref_axis',(0.,0.,1.));
#2546=DIRECTION('',(0.,1.,0.));
#2547=DIRECTION('',(0.,0.,1.));
#2548=DIRECTION('center_axis',(1.,0.,0.));
#2549=DIRECTION('ref_axis',(0.,0.,-1.));
#2550=DIRECTION('',(0.,0.,-1.));
#2551=DIRECTION('',(0.,1.,0.));
#2552=DIRECTION('center_axis',(-1.,0.,0.));
#2553=DIRECTION('ref_axis',(0.,0.,1.));
#2554=DIRECTION('',(0.,1.,0.));
#2555=DIRECTION('center_axis',(0.,0.,1.));
#2556=DIRECTION('ref_axis',(1.,0.,0.));
#2557=DIRECTION('',(1.,0.,0.));
#2558=DIRECTION('center_axis',(0.,1.,0.));
#2559=DIRECTION('ref_axis',(0.,0.,1.));
#2560=DIRECTION('center_axis',(0.,-1.,0.));
#2561=DIRECTION('ref_axis',(0.,0.,-1.));
#2562=DIRECTION('',(1.,0.,0.));
#2563=DIRECTION('',(0.,0.,1.));
#2564=DIRECTION('',(-1.,0.,0.));
#2565=DIRECTION('',(0.,0.,-1.));
#2566=DIRECTION('',(-1.,0.,-6.7762635780344E-16));
#2567=DIRECTION('',(0.,0.,-1.));
#2568=DIRECTION('',(1.,0.,0.));
#2569=DIRECTION('',(0.,0.,1.));
#2570=DIRECTION('',(-1.,0.,0.));
#2571=DIRECTION('',(0.,0.,-1.));
#2572=DIRECTION('',(1.,0.,0.));
#2573=DIRECTION('',(0.,0.,1.));
#2574=DIRECTION('',(0.,0.,1.));
#2575=DIRECTION('',(-1.,0.,0.));
#2576=DIRECTION('',(0.,0.,-1.));
#2577=DIRECTION('',(1.,0.,0.));
#2578=DIRECTION('',(0.,0.,1.));
#2579=DIRECTION('',(-1.,0.,0.));
#2580=DIRECTION('',(0.,0.,-1.));
#2581=DIRECTION('',(1.,0.,0.));
#2582=DIRECTION('',(1.,0.,0.));
#2583=DIRECTION('',(0.,0.,1.));
#2584=DIRECTION('',(-1.,0.,0.));
#2585=DIRECTION('',(0.,0.,-1.));
#2586=DIRECTION('',(0.,0.,1.));
#2587=DIRECTION('',(-1.,0.,6.7762635780344E-16));
#2588=DIRECTION('',(0.,0.,-1.));
#2589=DIRECTION('',(1.,0.,0.));
#2590=DIRECTION('',(0.,0.,-1.));
#2591=DIRECTION('',(1.,0.,0.));
#2592=DIRECTION('',(0.,0.,1.));
#2593=DIRECTION('',(-1.,0.,0.));
#2594=DIRECTION('center_axis',(1.,0.,0.));
#2595=DIRECTION('ref_axis',(0.,0.,-1.));
#2596=DIRECTION('',(0.,-1.,0.));
#2597=DIRECTION('',(0.,0.,1.));
#2598=DIRECTION('',(0.,-1.,0.));
#2599=DIRECTION('center_axis',(1.,0.,0.));
#2600=DIRECTION('ref_axis',(0.,0.,-1.));
#2601=DIRECTION('',(0.,-1.,0.));
#2602=DIRECTION('',(0.,0.,1.));
#2603=DIRECTION('',(0.,-1.,0.));
#2604=DIRECTION('center_axis',(1.,0.,0.));
#2605=DIRECTION('ref_axis',(0.,0.,-1.));
#2606=DIRECTION('',(0.,-1.,0.));
#2607=DIRECTION('',(0.,0.,1.));
#2608=DIRECTION('',(0.,-1.,0.));
#2609=DIRECTION('center_axis',(1.,0.,0.));
#2610=DIRECTION('ref_axis',(0.,0.,-1.));
#2611=DIRECTION('',(0.,-1.,0.));
#2612=DIRECTION('',(0.,0.,1.));
#2613=DIRECTION('',(0.,-1.,0.));
#2614=DIRECTION('center_axis',(1.,0.,0.));
#2615=DIRECTION('ref_axis',(0.,0.,-1.));
#2616=DIRECTION('',(0.,-1.,0.));
#2617=DIRECTION('',(0.,0.,1.));
#2618=DIRECTION('',(0.,-1.,0.));
#2619=DIRECTION('center_axis',(-1.,0.,0.));
#2620=DIRECTION('ref_axis',(0.,0.,1.));
#2621=DIRECTION('',(0.,-1.,0.));
#2622=DIRECTION('',(0.,0.,-1.));
#2623=DIRECTION('',(0.,-1.,0.));
#2624=DIRECTION('center_axis',(0.,0.,-1.));
#2625=DIRECTION('ref_axis',(-1.,0.,0.));
#2626=DIRECTION('',(0.,-1.,0.));
#2627=DIRECTION('',(1.,0.,0.));
#2628=DIRECTION('center_axis',(0.,0.,-1.));
#2629=DIRECTION('ref_axis',(-1.,0.,0.));
#2630=DIRECTION('',(0.,-1.,0.));
#2631=DIRECTION('',(1.,0.,0.));
#2632=DIRECTION('center_axis',(-1.,0.,0.));
#2633=DIRECTION('ref_axis',(0.,0.,1.));
#2634=DIRECTION('',(0.,-1.,0.));
#2635=DIRECTION('',(0.,0.,-1.));
#2636=DIRECTION('',(0.,-1.,0.));
#2637=DIRECTION('center_axis',(0.,0.,1.));
#2638=DIRECTION('ref_axis',(1.,0.,0.));
#2639=DIRECTION('',(0.,-1.,0.));
#2640=DIRECTION('',(-1.,0.,0.));
#2641=DIRECTION('',(0.,-1.,0.));
#2642=DIRECTION('center_axis',(-1.,0.,0.));
#2643=DIRECTION('ref_axis',(0.,0.,1.));
#2644=DIRECTION('',(0.,-1.,0.));
#2645=DIRECTION('',(0.,0.,-1.));
#2646=DIRECTION('center_axis',(1.,0.,0.));
#2647=DIRECTION('ref_axis',(0.,0.,-1.));
#2648=DIRECTION('',(0.,-1.,0.));
#2649=DIRECTION('',(0.,0.,1.));
#2650=DIRECTION('',(0.,-1.,0.));
#2651=DIRECTION('center_axis',(-6.7762635780344E-16,0.,1.));
#2652=DIRECTION('ref_axis',(1.,0.,6.7762635780344E-16));
#2653=DIRECTION('',(-1.,0.,-6.7762635780344E-16));
#2654=DIRECTION('',(0.,-1.,0.));
#2655=DIRECTION('center_axis',(-1.,0.,0.));
#2656=DIRECTION('ref_axis',(0.,0.,1.));
#2657=DIRECTION('',(0.,-1.,0.));
#2658=DIRECTION('',(0.,0.,-1.));
#2659=DIRECTION('',(0.,-1.,0.));
#2660=DIRECTION('center_axis',(0.,0.,1.));
#2661=DIRECTION('ref_axis',(1.,0.,0.));
#2662=DIRECTION('',(-1.,0.,0.));
#2663=DIRECTION('',(0.,-1.,0.));
#2664=DIRECTION('center_axis',(0.,0.,-1.));
#2665=DIRECTION('ref_axis',(-1.,0.,0.));
#2666=DIRECTION('',(1.,0.,0.));
#2667=DIRECTION('',(0.,-1.,0.));
#2668=DIRECTION('center_axis',(0.,0.,1.));
#2669=DIRECTION('ref_axis',(1.,0.,0.));
#2670=DIRECTION('',(0.,-1.,0.));
#2671=DIRECTION('',(-1.,0.,0.));
#2672=DIRECTION('center_axis',(-1.,0.,0.));
#2673=DIRECTION('ref_axis',(0.,0.,1.));
#2674=DIRECTION('',(0.,0.,-1.));
#2675=DIRECTION('',(0.,-1.,0.));
#2676=DIRECTION('center_axis',(1.,0.,0.));
#2677=DIRECTION('ref_axis',(0.,0.,-1.));
#2678=DIRECTION('',(0.,-1.,0.));
#2679=DIRECTION('',(0.,0.,1.));
#2680=DIRECTION('center_axis',(-1.,0.,0.));
#2681=DIRECTION('ref_axis',(0.,0.,1.));
#2682=DIRECTION('',(0.,-1.,0.));
#2683=DIRECTION('',(0.,0.,-1.));
#2684=DIRECTION('',(0.,-1.,0.));
#2685=DIRECTION('center_axis',(0.,0.,1.));
#2686=DIRECTION('ref_axis',(1.,0.,0.));
#2687=DIRECTION('',(-1.,0.,0.));
#2688=DIRECTION('center_axis',(0.,0.,1.));
#2689=DIRECTION('ref_axis',(1.,0.,0.));
#2690=DIRECTION('',(-1.,0.,0.));
#2691=DIRECTION('center_axis',(6.7762635780344E-16,0.,1.));
#2692=DIRECTION('ref_axis',(1.,0.,-6.7762635780344E-16));
#2693=DIRECTION('',(-1.,0.,6.7762635780344E-16));
#2694=DIRECTION('center_axis',(0.,0.,-1.));
#2695=DIRECTION('ref_axis',(-1.,0.,0.));
#2696=DIRECTION('',(0.,-1.,0.));
#2697=DIRECTION('',(1.,0.,0.));
#2698=DIRECTION('center_axis',(-1.,0.,0.));
#2699=DIRECTION('ref_axis',(0.,0.,1.));
#2700=DIRECTION('',(0.,0.,-1.));
#2701=DIRECTION('center_axis',(0.,0.,-1.));
#2702=DIRECTION('ref_axis',(-1.,0.,0.));
#2703=DIRECTION('',(1.,0.,0.));
#2704=DIRECTION('center_axis',(-1.,0.,0.));
#2705=DIRECTION('ref_axis',(0.,0.,1.));
#2706=DIRECTION('',(0.,0.,-1.));
#2707=DIRECTION('center_axis',(0.,0.,-1.));
#2708=DIRECTION('ref_axis',(-1.,0.,0.));
#2709=DIRECTION('',(1.,0.,0.));
#2710=DIRECTION('center_axis',(1.,0.,0.));
#2711=DIRECTION('ref_axis',(0.,0.,-1.));
#2712=DIRECTION('',(0.,0.,1.));
#2713=DIRECTION('center_axis',(0.,0.,-1.));
#2714=DIRECTION('ref_axis',(-1.,0.,0.));
#2715=DIRECTION('',(1.,0.,0.));
#2716=DIRECTION('center_axis',(0.,0.,1.));
#2717=DIRECTION('ref_axis',(1.,0.,0.));
#2718=DIRECTION('',(-1.,0.,0.));
#2719=DIRECTION('center_axis',(0.,0.,-1.));
#2720=DIRECTION('ref_axis',(-1.,0.,0.));
#2721=DIRECTION('',(1.,0.,0.));
#2722=DIRECTION('center_axis',(0.,1.,0.));
#2723=DIRECTION('ref_axis',(0.,0.,1.));
#2724=DIRECTION('center_axis',(0.,-1.,0.));
#2725=DIRECTION('ref_axis',(0.,0.,-1.));
#2726=DIRECTION('center_axis',(0.,-1.,0.));
#2727=DIRECTION('ref_axis',(0.,0.,-1.));
#2728=DIRECTION('center_axis',(0.,-1.,0.));
#2729=DIRECTION('ref_axis',(0.,0.,-1.));
#2730=DIRECTION('center_axis',(0.,1.,0.));
#2731=DIRECTION('ref_axis',(0.,0.,1.));
#2732=DIRECTION('center_axis',(0.,1.,0.));
#2733=DIRECTION('ref_axis',(0.,0.,1.));
#2734=DIRECTION('center_axis',(0.,1.,0.));
#2735=DIRECTION('ref_axis',(0.,0.,1.));
#2736=DIRECTION('center_axis',(0.,-1.,0.));
#2737=DIRECTION('ref_axis',(0.,0.,-1.));
#2738=CARTESIAN_POINT('',(0.,0.,0.));
#2739=CARTESIAN_POINT('Origin',(-3.4,16.6,3.4));
#2740=CARTESIAN_POINT('',(-5.9,0.,3.4));
#2741=CARTESIAN_POINT('',(-3.4,0.,5.9));
#2742=CARTESIAN_POINT('Origin',(-3.4,0.,3.4));
#2743=CARTESIAN_POINT('',(-3.4,16.6,5.9));
#2744=CARTESIAN_POINT('',(-3.4,16.6,5.9));
#2745=CARTESIAN_POINT('',(-5.9,16.6,3.4));
#2746=CARTESIAN_POINT('Origin',(-3.4,16.6,3.4));
#2747=CARTESIAN_POINT('',(-5.9,16.6,3.4));
#2748=CARTESIAN_POINT('Origin',(-5.9,0.,-5.9));
#2749=CARTESIAN_POINT('',(-5.9,0.,-3.4));
#2750=CARTESIAN_POINT('',(-5.9,0.,5.9));
#2751=CARTESIAN_POINT('',(-3.4,0.,-5.9));
#2752=CARTESIAN_POINT('Origin',(-3.4,0.,-3.4));
#2753=CARTESIAN_POINT('',(3.4,0.,-5.9));
#2754=CARTESIAN_POINT('',(-5.9,0.,-5.9));
#2755=CARTESIAN_POINT('',(5.9,0.,-3.4));
#2756=CARTESIAN_POINT('Origin',(3.4,0.,-3.4));
#2757=CARTESIAN_POINT('',(5.9,0.,2.6));
#2758=CARTESIAN_POINT('',(5.9,0.,-6.76542155630955E-16));
#2759=CARTESIAN_POINT('',(5.13180194846605,0.,2.28180194846605));
#2760=CARTESIAN_POINT('Origin',(5.45,0.,2.6));
#2761=CARTESIAN_POINT('Origin',(5.45,0.,2.6));
#2762=CARTESIAN_POINT('',(5.9,0.,3.4));
#2763=CARTESIAN_POINT('',(5.9,0.,5.9));
#2764=CARTESIAN_POINT('',(3.4,0.,5.9));
#2765=CARTESIAN_POINT('Origin',(3.4,0.,3.4));
#2766=CARTESIAN_POINT('',(-5.9,0.,5.9));
#2767=CARTESIAN_POINT('',(-0.680000000000001,0.,-3.22));
#2768=CARTESIAN_POINT('',(-0.680000000000001,0.,-2.58));
#2769=CARTESIAN_POINT('',(-0.680000000000001,0.,-3.22));
#2770=CARTESIAN_POINT('',(-1.32,0.,-3.22));
#2771=CARTESIAN_POINT('',(-1.32,0.,-3.22));
#2772=CARTESIAN_POINT('',(-1.32,0.,-2.58));
#2773=CARTESIAN_POINT('',(-1.32,0.,-2.58));
#2774=CARTESIAN_POINT('',(-0.680000000000001,0.,-2.58));
#2775=CARTESIAN_POINT('',(3.32,0.,-2.58));
#2776=CARTESIAN_POINT('',(2.68,0.,-2.58));
#2777=CARTESIAN_POINT('',(3.32,0.,-2.58));
#2778=CARTESIAN_POINT('',(3.32,0.,-3.22));
#2779=CARTESIAN_POINT('',(3.32,0.,-3.22));
#2780=CARTESIAN_POINT('',(2.68,0.,-3.22));
#2781=CARTESIAN_POINT('',(2.68,0.,-3.22));
#2782=CARTESIAN_POINT('',(2.68,0.,-2.58));
#2783=CARTESIAN_POINT('',(0.679999999999999,0.,0.78));
#2784=CARTESIAN_POINT('',(1.32,0.,0.78));
#2785=CARTESIAN_POINT('',(0.679999999999999,0.,0.78));
#2786=CARTESIAN_POINT('',(0.679999999999999,0.,1.42));
#2787=CARTESIAN_POINT('',(0.679999999999999,0.,1.42));
#2788=CARTESIAN_POINT('',(1.32,0.,1.42));
#2789=CARTESIAN_POINT('',(1.32,0.,1.42));
#2790=CARTESIAN_POINT('',(1.32,0.,0.78));
#2791=CARTESIAN_POINT('',(-3.32,0.,0.78));
#2792=CARTESIAN_POINT('',(-2.68,0.,0.78));
#2793=CARTESIAN_POINT('',(-3.32,0.,0.78));
#2794=CARTESIAN_POINT('',(-3.32,0.,1.42));
#2795=CARTESIAN_POINT('',(-3.32,0.,1.42));
#2796=CARTESIAN_POINT('',(-2.68,0.,1.42));
#2797=CARTESIAN_POINT('',(-2.68,0.,1.42));
#2798=CARTESIAN_POINT('',(-2.68,0.,0.78));
#2799=CARTESIAN_POINT('',(-0.680000000000001,0.,0.780000000000001));
#2800=CARTESIAN_POINT('',(-0.680000000000001,0.,1.42));
#2801=CARTESIAN_POINT('',(-0.680000000000001,0.,0.780000000000001));
#2802=CARTESIAN_POINT('',(-1.32,0.,0.780000000000001));
#2803=CARTESIAN_POINT('',(-1.32,0.,0.780000000000001));
#2804=CARTESIAN_POINT('',(-1.32,0.,1.42));
#2805=CARTESIAN_POINT('',(-1.32,0.,1.42));
#2806=CARTESIAN_POINT('',(-0.680000000000001,0.,1.42));
#2807=CARTESIAN_POINT('',(2.68,0.,1.42));
#2808=CARTESIAN_POINT('',(2.68,0.,0.78));
#2809=CARTESIAN_POINT('',(2.68,0.,1.42));
#2810=CARTESIAN_POINT('',(3.32,0.,1.42));
#2811=CARTESIAN_POINT('',(3.32,0.,1.42));
#2812=CARTESIAN_POINT('',(3.32,0.,0.78));
#2813=CARTESIAN_POINT('',(3.32,0.,0.78));
#2814=CARTESIAN_POINT('',(2.68,0.,0.78));
#2815=CARTESIAN_POINT('',(1.32,0.,-2.58));
#2816=CARTESIAN_POINT('',(0.679999999999999,0.,-2.58));
#2817=CARTESIAN_POINT('',(1.32,0.,-2.58));
#2818=CARTESIAN_POINT('',(1.32,0.,-3.22));
#2819=CARTESIAN_POINT('',(1.32,0.,-3.22));
#2820=CARTESIAN_POINT('',(0.679999999999999,0.,-3.22));
#2821=CARTESIAN_POINT('',(0.679999999999999,0.,-3.22));
#2822=CARTESIAN_POINT('',(0.679999999999999,0.,-2.58));
#2823=CARTESIAN_POINT('',(-2.68,0.,-3.22));
#2824=CARTESIAN_POINT('',(-2.68,0.,-2.58));
#2825=CARTESIAN_POINT('',(-2.68,0.,-3.22));
#2826=CARTESIAN_POINT('',(-3.32,0.,-3.22));
#2827=CARTESIAN_POINT('',(-3.32,0.,-3.22));
#2828=CARTESIAN_POINT('',(-3.32,0.,-2.58));
#2829=CARTESIAN_POINT('',(-3.32,0.,-2.58));
#2830=CARTESIAN_POINT('',(-2.68,0.,-2.58));
#2831=CARTESIAN_POINT('Origin',(-5.9,16.6,5.9));
#2832=CARTESIAN_POINT('',(-5.9,16.6,-3.4));
#2833=CARTESIAN_POINT('',(-5.9,16.6,5.9));
#2834=CARTESIAN_POINT('',(-5.9,16.6,-3.4));
#2835=CARTESIAN_POINT('Origin',(-3.4,16.6,-3.4));
#2836=CARTESIAN_POINT('',(-3.4,16.6,-5.9));
#2837=CARTESIAN_POINT('Origin',(-3.4,16.6,-3.4));
#2838=CARTESIAN_POINT('',(-3.4,16.6,-5.9));
#2839=CARTESIAN_POINT('Origin',(3.4,16.6,-3.4));
#2840=CARTESIAN_POINT('',(3.4,16.6,-5.9));
#2841=CARTESIAN_POINT('',(3.4,16.6,-5.9));
#2842=CARTESIAN_POINT('',(5.9,16.6,-3.4));
#2843=CARTESIAN_POINT('Origin',(3.4,16.6,-3.4));
#2844=CARTESIAN_POINT('',(5.9,16.6,-3.4));
#2845=CARTESIAN_POINT('Origin',(5.9,16.6,5.9));
#2846=CARTESIAN_POINT('',(5.9,16.6,3.4));
#2847=CARTESIAN_POINT('',(5.9,16.6,5.9));
#2848=CARTESIAN_POINT('',(5.9,16.6,3.4));
#2849=CARTESIAN_POINT('Origin',(-5.9,16.6,-5.9));
#2850=CARTESIAN_POINT('',(-3.2,16.6,5.9));
#2851=CARTESIAN_POINT('',(-5.9,16.6,5.9));
#2852=CARTESIAN_POINT('',(-3.2,16.6,6.6));
#2853=CARTESIAN_POINT('',(-3.2,16.6,6.6));
#2854=CARTESIAN_POINT('',(3.2,16.6,6.6));
#2855=CARTESIAN_POINT('',(-3.2,16.6,6.6));
#2856=CARTESIAN_POINT('',(3.2,16.6,5.9));
#2857=CARTESIAN_POINT('',(3.2,16.6,6.6));
#2858=CARTESIAN_POINT('',(3.4,16.6,5.9));
#2859=CARTESIAN_POINT('',(-5.9,16.6,5.9));
#2860=CARTESIAN_POINT('Origin',(3.4,16.6,3.4));
#2861=CARTESIAN_POINT('',(-5.9,16.6,-5.9));
#2862=CARTESIAN_POINT('',(2.6,16.6,4.4));
#2863=CARTESIAN_POINT('',(4.4,16.6,4.4));
#2864=CARTESIAN_POINT('',(4.4,16.6,4.4));
#2865=CARTESIAN_POINT('',(2.6,16.6,5.9));
#2866=CARTESIAN_POINT('',(2.6,16.6,4.4));
#2867=CARTESIAN_POINT('',(-2.6,16.6,5.9));
#2868=CARTESIAN_POINT('',(2.6,16.6,5.9));
#2869=CARTESIAN_POINT('',(-2.6,16.6,4.4));
#2870=CARTESIAN_POINT('',(-2.6,16.6,4.4));
#2871=CARTESIAN_POINT('',(-4.4,16.6,4.4));
#2872=CARTESIAN_POINT('',(4.4,16.6,4.4));
#2873=CARTESIAN_POINT('',(-4.4,16.6,-4.4));
#2874=CARTESIAN_POINT('',(-4.4,16.6,-4.4));
#2875=CARTESIAN_POINT('',(4.4,16.6,-4.4));
#2876=CARTESIAN_POINT('',(4.4,16.6,-4.4));
#2877=CARTESIAN_POINT('',(4.4,16.6,-4.4));
#2878=CARTESIAN_POINT('Origin',(3.4,16.6,3.4));
#2879=CARTESIAN_POINT('',(3.4,16.6,5.9));
#2880=CARTESIAN_POINT('Origin',(5.9,-1.2,2.15));
#2881=CARTESIAN_POINT('',(5.13180194846605,-1.2,2.28180194846605));
#2882=CARTESIAN_POINT('Origin',(5.45,-1.2,2.6));
#2883=CARTESIAN_POINT('Origin',(5.45,7.7,2.6));
#2884=CARTESIAN_POINT('',(5.13180194846605,7.7,2.28180194846605));
#2885=CARTESIAN_POINT('Origin',(-2.68,-3.3,1.42));
#2886=CARTESIAN_POINT('',(-3.32,-3.3,1.42));
#2887=CARTESIAN_POINT('',(-3.32,-3.3,1.42));
#2888=CARTESIAN_POINT('',(-2.68,-3.3,1.42));
#2889=CARTESIAN_POINT('',(-2.68,-3.3,1.42));
#2890=CARTESIAN_POINT('',(-2.68,-3.3,1.42));
#2891=CARTESIAN_POINT('Origin',(-3.32,-3.3,0.78));
#2892=CARTESIAN_POINT('',(-3.32,-3.3,0.78));
#2893=CARTESIAN_POINT('',(-3.32,-3.3,1.42));
#2894=CARTESIAN_POINT('',(-2.68,-3.3,0.78));
#2895=CARTESIAN_POINT('',(-3.32,-3.3,0.78));
#2896=CARTESIAN_POINT('',(-2.68,-3.3,0.78));
#2897=CARTESIAN_POINT('Origin',(-3.32,-3.3,1.42));
#2898=CARTESIAN_POINT('',(-3.32,-3.3,0.78));
#2899=CARTESIAN_POINT('Origin',(-2.68,-3.3,0.78));
#2900=CARTESIAN_POINT('',(-2.68,-3.3,0.78));
#2901=CARTESIAN_POINT('Origin',(-3.32,-3.3,0.78));
#2902=CARTESIAN_POINT('Origin',(-2.68,-3.3,-3.22));
#2903=CARTESIAN_POINT('',(-2.68,-3.3,-2.58));
#2904=CARTESIAN_POINT('',(-2.68,-3.3,-2.58));
#2905=CARTESIAN_POINT('',(-2.68,-3.3,-3.22));
#2906=CARTESIAN_POINT('',(-2.68,-3.3,-3.22));
#2907=CARTESIAN_POINT('',(-2.68,-3.3,-3.22));
#2908=CARTESIAN_POINT('Origin',(-5.9,16.6,-5.9));
#2909=CARTESIAN_POINT('Origin',(-5.9,16.6,5.9));
#2910=CARTESIAN_POINT('',(3.2,9.8,5.9));
#2911=CARTESIAN_POINT('',(3.2,16.6,5.9));
#2912=CARTESIAN_POINT('',(1.6,9.8,5.9));
#2913=CARTESIAN_POINT('',(1.6,9.8,5.9));
#2914=CARTESIAN_POINT('',(1.6,11.,5.9));
#2915=CARTESIAN_POINT('',(1.6,14.,5.9));
#2916=CARTESIAN_POINT('',(-1.6,11.,5.9));
#2917=CARTESIAN_POINT('',(2.6,11.,5.9));
#2918=CARTESIAN_POINT('',(-1.6,9.8,5.9));
#2919=CARTESIAN_POINT('',(-1.6,9.8,5.9));
#2920=CARTESIAN_POINT('',(-3.2,9.8,5.9));
#2921=CARTESIAN_POINT('',(-3.2,9.8,5.9));
#2922=CARTESIAN_POINT('',(-3.2,16.6,5.9));
#2923=CARTESIAN_POINT('Origin',(0.679999999999999,-3.3,-3.22));
#2924=CARTESIAN_POINT('',(1.32,-3.3,-3.22));
#2925=CARTESIAN_POINT('',(1.32,-3.3,-3.22));
#2926=CARTESIAN_POINT('',(0.679999999999999,-3.3,-3.22));
#2927=CARTESIAN_POINT('',(0.679999999999999,-3.3,-3.22));
#2928=CARTESIAN_POINT('',(0.679999999999999,-3.3,-3.22));
#2929=CARTESIAN_POINT('Origin',(-1.32,-3.3,0.780000000000001));
#2930=CARTESIAN_POINT('',(-0.680000000000001,-3.3,0.780000000000001));
#2931=CARTESIAN_POINT('',(-0.680000000000001,-3.3,0.780000000000001));
#2932=CARTESIAN_POINT('',(-1.32,-3.3,0.780000000000001));
#2933=CARTESIAN_POINT('',(-1.32,-3.3,0.780000000000001));
#2934=CARTESIAN_POINT('',(-1.32,-3.3,0.780000000000001));
#2935=CARTESIAN_POINT('Origin',(2.68,-3.3,-2.58));
#2936=CARTESIAN_POINT('',(2.68,-3.3,-3.22));
#2937=CARTESIAN_POINT('',(2.68,-3.3,-3.22));
#2938=CARTESIAN_POINT('',(2.68,-3.3,-2.58));
#2939=CARTESIAN_POINT('',(2.68,-3.3,-2.58));
#2940=CARTESIAN_POINT('',(2.68,-3.3,-2.58));
#2941=CARTESIAN_POINT('Origin',(-1.32,-3.3,-3.22));
#2942=CARTESIAN_POINT('',(-0.680000000000001,-3.3,-3.22));
#2943=CARTESIAN_POINT('',(-0.680000000000001,-3.3,-3.22));
#2944=CARTESIAN_POINT('',(-1.32,-3.3,-3.22));
#2945=CARTESIAN_POINT('',(-1.32,-3.3,-3.22));
#2946=CARTESIAN_POINT('',(-1.32,-3.3,-3.22));
#2947=CARTESIAN_POINT('Origin',(-0.680000000000001,-3.3,0.780000000000001));
#2948=CARTESIAN_POINT('',(-0.680000000000001,-3.3,1.42));
#2949=CARTESIAN_POINT('',(-0.680000000000001,-3.3,1.42));
#2950=CARTESIAN_POINT('',(-0.680000000000001,-3.3,0.780000000000001));
#2951=CARTESIAN_POINT('Origin',(0.679999999999999,-3.3,1.42));
#2952=CARTESIAN_POINT('',(0.679999999999999,-3.3,0.78));
#2953=CARTESIAN_POINT('',(0.679999999999999,-3.3,0.78));
#2954=CARTESIAN_POINT('',(0.679999999999999,-3.3,1.42));
#2955=CARTESIAN_POINT('',(0.679999999999999,-3.3,1.42));
#2956=CARTESIAN_POINT('',(0.679999999999999,-3.3,1.42));
#2957=CARTESIAN_POINT('Origin',(-0.680000000000001,-3.3,-3.22));
#2958=CARTESIAN_POINT('',(-0.680000000000001,-3.3,-2.58));
#2959=CARTESIAN_POINT('',(-0.680000000000001,-3.3,-2.58));
#2960=CARTESIAN_POINT('',(-0.680000000000001,-3.3,-3.22));
#2961=CARTESIAN_POINT('Origin',(-3.32,-3.3,-3.22));
#2962=CARTESIAN_POINT('',(-3.32,-3.3,-3.22));
#2963=CARTESIAN_POINT('',(-3.32,-3.3,-3.22));
#2964=CARTESIAN_POINT('',(-3.32,-3.3,-3.22));
#2965=CARTESIAN_POINT('Origin',(1.32,-3.3,-2.58));
#2966=CARTESIAN_POINT('',(0.679999999999999,-3.3,-2.58));
#2967=CARTESIAN_POINT('',(0.679999999999999,-3.3,-2.58));
#2968=CARTESIAN_POINT('',(1.32,-3.3,-2.58));
#2969=CARTESIAN_POINT('',(1.32,-3.3,-2.58));
#2970=CARTESIAN_POINT('',(1.32,-3.3,-2.58));
#2971=CARTESIAN_POINT('Origin',(2.68,-3.3,-3.22));
#2972=CARTESIAN_POINT('',(3.32,-3.3,-3.22));
#2973=CARTESIAN_POINT('',(3.32,-3.3,-3.22));
#2974=CARTESIAN_POINT('',(2.68,-3.3,-3.22));
#2975=CARTESIAN_POINT('Origin',(3.32,-3.3,-2.58));
#2976=CARTESIAN_POINT('',(3.32,-3.3,-2.58));
#2977=CARTESIAN_POINT('',(3.32,-3.3,-2.58));
#2978=CARTESIAN_POINT('',(3.32,-3.3,-2.58));
#2979=CARTESIAN_POINT('Origin',(2.68,-3.3,0.78));
#2980=CARTESIAN_POINT('',(3.32,-3.3,0.78));
#2981=CARTESIAN_POINT('',(3.32,-3.3,0.78));
#2982=CARTESIAN_POINT('',(2.68,-3.3,0.78));
#2983=CARTESIAN_POINT('',(2.68,-3.3,0.78));
#2984=CARTESIAN_POINT('',(2.68,-3.3,0.78));
#2985=CARTESIAN_POINT('Origin',(3.32,-3.3,0.78));
#2986=CARTESIAN_POINT('',(3.32,-3.3,1.42));
#2987=CARTESIAN_POINT('',(3.32,-3.3,1.42));
#2988=CARTESIAN_POINT('',(3.32,-3.3,0.78));
#2989=CARTESIAN_POINT('Origin',(1.32,-3.3,0.78));
#2990=CARTESIAN_POINT('',(1.32,-3.3,1.42));
#2991=CARTESIAN_POINT('',(1.32,-3.3,1.42));
#2992=CARTESIAN_POINT('',(1.32,-3.3,0.78));
#2993=CARTESIAN_POINT('',(1.32,-3.3,0.78));
#2994=CARTESIAN_POINT('',(1.32,-3.3,0.78));
#2995=CARTESIAN_POINT('Origin',(1.32,-3.3,-3.22));
#2996=CARTESIAN_POINT('',(1.32,-3.3,-3.22));
#2997=CARTESIAN_POINT('Origin',(-2.68,-3.3,-2.58));
#2998=CARTESIAN_POINT('',(-3.32,-3.3,-2.58));
#2999=CARTESIAN_POINT('',(-3.32,-3.3,-2.58));
#3000=CARTESIAN_POINT('',(-2.68,-3.3,-2.58));
#3001=CARTESIAN_POINT('Origin',(1.32,-3.3,1.42));
#3002=CARTESIAN_POINT('',(1.32,-3.3,1.42));
#3003=CARTESIAN_POINT('Origin',(2.68,-3.3,1.42));
#3004=CARTESIAN_POINT('',(2.68,-3.3,1.42));
#3005=CARTESIAN_POINT('',(2.68,-3.3,1.42));
#3006=CARTESIAN_POINT('',(2.68,-3.3,1.42));
#3007=CARTESIAN_POINT('Origin',(3.32,-3.3,-3.22));
#3008=CARTESIAN_POINT('',(3.32,-3.3,-3.22));
#3009=CARTESIAN_POINT('Origin',(-3.32,-3.3,-2.58));
#3010=CARTESIAN_POINT('',(-3.32,-3.3,-2.58));
#3011=CARTESIAN_POINT('Origin',(-0.680000000000001,-3.3,1.42));
#3012=CARTESIAN_POINT('',(-1.32,-3.3,1.42));
#3013=CARTESIAN_POINT('',(-1.32,-3.3,1.42));
#3014=CARTESIAN_POINT('',(-0.680000000000001,-3.3,1.42));
#3015=CARTESIAN_POINT('Origin',(-0.680000000000001,-3.3,-2.58));
#3016=CARTESIAN_POINT('',(-1.32,-3.3,-2.58));
#3017=CARTESIAN_POINT('',(-1.32,-3.3,-2.58));
#3018=CARTESIAN_POINT('',(-0.680000000000001,-3.3,-2.58));
#3019=CARTESIAN_POINT('Origin',(0.679999999999999,-3.3,-2.58));
#3020=CARTESIAN_POINT('',(0.679999999999999,-3.3,-2.58));
#3021=CARTESIAN_POINT('Origin',(-1.32,-3.3,1.42));
#3022=CARTESIAN_POINT('',(-1.32,-3.3,1.42));
#3023=CARTESIAN_POINT('Origin',(0.679999999999999,-3.3,0.78));
#3024=CARTESIAN_POINT('',(0.679999999999999,-3.3,0.78));
#3025=CARTESIAN_POINT('Origin',(-1.32,-3.3,-2.58));
#3026=CARTESIAN_POINT('',(-1.32,-3.3,-2.58));
#3027=CARTESIAN_POINT('Origin',(3.32,-3.3,1.42));
#3028=CARTESIAN_POINT('',(3.32,-3.3,1.42));
#3029=CARTESIAN_POINT('Origin',(-2.68,-3.3,-3.22));
#3030=CARTESIAN_POINT('Origin',(2.6,11.,4.4));
#3031=CARTESIAN_POINT('',(2.6,11.,5.9));
#3032=CARTESIAN_POINT('',(2.6,11.,4.4));
#3033=CARTESIAN_POINT('',(2.6,11.,4.4));
#3034=CARTESIAN_POINT('',(-2.6,11.,4.4));
#3035=CARTESIAN_POINT('',(2.6,11.,4.4));
#3036=CARTESIAN_POINT('',(-2.6,11.,5.9));
#3037=CARTESIAN_POINT('',(-2.6,11.,4.4));
#3038=CARTESIAN_POINT('',(2.6,11.,5.9));
#3039=CARTESIAN_POINT('',(2.6,11.,5.9));
#3040=CARTESIAN_POINT('Origin',(1.6,14.,6.6));
#3041=CARTESIAN_POINT('',(1.6,14.,5.9));
#3042=CARTESIAN_POINT('',(1.6,14.,5.9));
#3043=CARTESIAN_POINT('',(1.6,9.8,6.6));
#3044=CARTESIAN_POINT('',(1.6,9.8,6.6));
#3045=CARTESIAN_POINT('',(1.6,14.,6.6));
#3046=CARTESIAN_POINT('',(1.6,14.,6.6));
#3047=CARTESIAN_POINT('',(1.6,14.,6.6));
#3048=CARTESIAN_POINT('Origin',(3.2,16.6,6.6));
#3049=CARTESIAN_POINT('',(3.2,9.8,6.6));
#3050=CARTESIAN_POINT('',(3.2,16.6,6.6));
#3051=CARTESIAN_POINT('',(3.2,9.8,6.6));
#3052=CARTESIAN_POINT('Origin',(-3.2,9.8,6.6));
#3053=CARTESIAN_POINT('',(-1.6,9.8,6.6));
#3054=CARTESIAN_POINT('',(-1.6,9.8,6.6));
#3055=CARTESIAN_POINT('',(-3.2,9.8,6.6));
#3056=CARTESIAN_POINT('',(-3.2,9.8,6.6));
#3057=CARTESIAN_POINT('',(-3.2,9.8,6.6));
#3058=CARTESIAN_POINT('Origin',(-1.6,9.8,6.6));
#3059=CARTESIAN_POINT('',(-1.6,14.,5.9));
#3060=CARTESIAN_POINT('',(-1.6,9.8,5.9));
#3061=CARTESIAN_POINT('',(-1.6,14.,6.6));
#3062=CARTESIAN_POINT('',(-1.6,14.,6.6));
#3063=CARTESIAN_POINT('',(-1.6,9.8,6.6));
#3064=CARTESIAN_POINT('Origin',(1.6,9.8,6.6));
#3065=CARTESIAN_POINT('',(1.6,9.8,6.6));
#3066=CARTESIAN_POINT('Origin',(-3.2,16.6,6.6));
#3067=CARTESIAN_POINT('',(-3.2,16.6,6.6));
#3068=CARTESIAN_POINT('Origin',(1.32,-3.3,-2.58));
#3069=CARTESIAN_POINT('Origin',(-0.680000000000001,-3.3,0.780000000000001));
#3070=CARTESIAN_POINT('Origin',(3.32,-3.3,-2.58));
#3071=CARTESIAN_POINT('Origin',(-0.680000000000001,-3.3,-3.22));
#3072=CARTESIAN_POINT('Origin',(0.679999999999999,-3.3,0.78));
#3073=CARTESIAN_POINT('Origin',(2.68,-3.3,1.42));
#3074=CARTESIAN_POINT('Origin',(2.6,11.,5.9));
#3075=CARTESIAN_POINT('',(-2.6,11.,5.9));
#3076=CARTESIAN_POINT('',(2.6,11.,5.9));
#3077=CARTESIAN_POINT('',(-1.6,14.,5.9));
#3078=CARTESIAN_POINT('Origin',(-3.2,9.8,6.6));
#3079=CARTESIAN_POINT('',(-1.6,14.,6.6));
#3080=CARTESIAN_POINT('Origin',(2.6,11.,4.4));
#3081=CARTESIAN_POINT('',(2.6,11.,4.4));
#3082=CARTESIAN_POINT('Origin',(4.4,4.5,-4.4));
#3083=CARTESIAN_POINT('',(-4.4,4.5,-4.4));
#3084=CARTESIAN_POINT('',(-4.4,4.5,-4.4));
#3085=CARTESIAN_POINT('',(4.4,4.5,-4.4));
#3086=CARTESIAN_POINT('',(4.4,4.5,-4.4));
#3087=CARTESIAN_POINT('',(4.4,4.5,-4.4));
#3088=CARTESIAN_POINT('Origin',(-4.4,4.5,-4.4));
#3089=CARTESIAN_POINT('',(-4.4,4.5,4.4));
#3090=CARTESIAN_POINT('',(-4.4,4.5,4.4));
#3091=CARTESIAN_POINT('',(-4.4,4.5,-4.4));
#3092=CARTESIAN_POINT('Origin',(4.4,4.5,-4.4));
#3093=CARTESIAN_POINT('',(4.4,4.5,4.4));
#3094=CARTESIAN_POINT('',(4.4,4.5,-4.4));
#3095=CARTESIAN_POINT('',(4.4,4.5,4.4));
#3096=CARTESIAN_POINT('Origin',(-2.6,11.,4.4));
#3097=CARTESIAN_POINT('',(-2.6,11.,4.4));
#3098=CARTESIAN_POINT('Origin',(4.4,4.5,4.4));
#3099=CARTESIAN_POINT('',(4.4,4.5,4.4));
#3100=CARTESIAN_POINT('Origin',(-1.6,14.,6.6));
#3101=CARTESIAN_POINT('Origin',(4.4,4.5,4.4));
#3102=CARTESIAN_POINT('',(-3.32,4.5,1.42));
#3103=CARTESIAN_POINT('',(-2.68,4.5,1.42));
#3104=CARTESIAN_POINT('',(-2.68,4.5,1.42));
#3105=CARTESIAN_POINT('',(-3.32,4.5,0.78));
#3106=CARTESIAN_POINT('',(-3.32,4.5,1.42));
#3107=CARTESIAN_POINT('',(-2.68,4.5,0.78));
#3108=CARTESIAN_POINT('',(-2.68,4.5,0.78));
#3109=CARTESIAN_POINT('',(-2.68,4.5,1.42));
#3110=CARTESIAN_POINT('',(3.32,4.5,-3.22));
#3111=CARTESIAN_POINT('',(2.68,4.5,-3.22));
#3112=CARTESIAN_POINT('',(2.68,4.5,-3.22));
#3113=CARTESIAN_POINT('',(3.32,4.5,-2.58));
#3114=CARTESIAN_POINT('',(3.32,4.5,-3.22));
#3115=CARTESIAN_POINT('',(2.68,4.5,-2.58));
#3116=CARTESIAN_POINT('',(3.32,4.5,-2.58));
#3117=CARTESIAN_POINT('',(2.68,4.5,-2.58));
#3118=CARTESIAN_POINT('',(1.32,4.5,-3.22));
#3119=CARTESIAN_POINT('',(0.679999999999999,4.5,-3.22));
#3120=CARTESIAN_POINT('',(0.679999999999999,4.5,-3.22));
#3121=CARTESIAN_POINT('',(1.32,4.5,-2.58));
#3122=CARTESIAN_POINT('',(1.32,4.5,-2.58));
#3123=CARTESIAN_POINT('',(0.68,4.5,-2.58));
#3124=CARTESIAN_POINT('',(1.32,4.5,-2.58));
#3125=CARTESIAN_POINT('',(0.679999999999999,4.5,-2.58));
#3126=CARTESIAN_POINT('',(-1.32,4.5,0.780000000000001));
#3127=CARTESIAN_POINT('',(-1.32,4.5,1.42));
#3128=CARTESIAN_POINT('',(-1.32,4.5,0.780000000000001));
#3129=CARTESIAN_POINT('',(-0.680000000000001,4.5,0.780000000000001));
#3130=CARTESIAN_POINT('',(-1.32,4.5,0.780000000000001));
#3131=CARTESIAN_POINT('',(-0.680000000000001,4.5,1.42));
#3132=CARTESIAN_POINT('',(-0.680000000000001,4.5,0.780000000000001));
#3133=CARTESIAN_POINT('',(-1.32,4.5,1.42));
#3134=CARTESIAN_POINT('',(-1.32,4.5,-3.22));
#3135=CARTESIAN_POINT('',(-1.32,4.5,-2.58));
#3136=CARTESIAN_POINT('',(-1.32,4.5,-3.22));
#3137=CARTESIAN_POINT('',(-0.680000000000001,4.5,-3.22));
#3138=CARTESIAN_POINT('',(-1.32,4.5,-3.22));
#3139=CARTESIAN_POINT('',(-0.680000000000001,4.5,-2.58));
#3140=CARTESIAN_POINT('',(-0.680000000000001,4.5,-3.22));
#3141=CARTESIAN_POINT('',(-1.32,4.5,-2.58));
#3142=CARTESIAN_POINT('',(0.679999999999999,4.5,1.42));
#3143=CARTESIAN_POINT('',(1.32,4.5,1.42));
#3144=CARTESIAN_POINT('',(1.32,4.5,1.42));
#3145=CARTESIAN_POINT('',(0.679999999999999,4.5,0.78));
#3146=CARTESIAN_POINT('',(0.679999999999999,4.5,1.42));
#3147=CARTESIAN_POINT('',(1.32,4.5,0.78));
#3148=CARTESIAN_POINT('',(1.32,4.5,0.78));
#3149=CARTESIAN_POINT('',(1.32,4.5,1.42));
#3150=CARTESIAN_POINT('',(-3.32,4.5,-3.22));
#3151=CARTESIAN_POINT('',(-3.32,4.5,-2.58));
#3152=CARTESIAN_POINT('',(-3.32,4.5,-2.58));
#3153=CARTESIAN_POINT('',(-2.68,4.5,-3.22));
#3154=CARTESIAN_POINT('',(-3.32,4.5,-3.22));
#3155=CARTESIAN_POINT('',(-2.68,4.5,-2.58));
#3156=CARTESIAN_POINT('',(-2.68,4.5,-2.58));
#3157=CARTESIAN_POINT('',(-2.68,4.5,-2.58));
#3158=CARTESIAN_POINT('',(3.32,4.5,1.42));
#3159=CARTESIAN_POINT('',(3.32,4.5,0.78));
#3160=CARTESIAN_POINT('',(3.32,4.5,0.78));
#3161=CARTESIAN_POINT('',(2.68,4.5,1.42));
#3162=CARTESIAN_POINT('',(3.32,4.5,1.42));
#3163=CARTESIAN_POINT('',(2.68,4.5,0.78));
#3164=CARTESIAN_POINT('',(2.68,4.5,1.42));
#3165=CARTESIAN_POINT('',(3.32,4.5,0.78));
#3166=CARTESIAN_POINT('Origin',(-1.32,9.7,0.780000000000001));
#3167=CARTESIAN_POINT('',(-1.32,9.7,1.42));
#3168=CARTESIAN_POINT('',(-1.32,9.7,1.42));
#3169=CARTESIAN_POINT('',(-1.32,9.7,0.780000000000001));
#3170=CARTESIAN_POINT('',(-1.32,9.7,0.780000000000001));
#3171=CARTESIAN_POINT('',(-1.32,9.7,0.780000000000001));
#3172=CARTESIAN_POINT('Origin',(2.68,9.7,1.42));
#3173=CARTESIAN_POINT('',(2.68,9.7,1.42));
#3174=CARTESIAN_POINT('',(2.68,9.7,1.42));
#3175=CARTESIAN_POINT('',(2.68,9.7,0.78));
#3176=CARTESIAN_POINT('',(2.68,9.7,1.42));
#3177=CARTESIAN_POINT('',(2.68,9.7,0.78));
#3178=CARTESIAN_POINT('Origin',(0.679999999999999,9.7,1.42));
#3179=CARTESIAN_POINT('',(0.679999999999999,9.7,1.42));
#3180=CARTESIAN_POINT('',(0.679999999999999,9.7,1.42));
#3181=CARTESIAN_POINT('',(0.679999999999999,9.7,0.78));
#3182=CARTESIAN_POINT('',(0.679999999999999,9.7,1.42));
#3183=CARTESIAN_POINT('',(0.679999999999999,9.7,0.78));
#3184=CARTESIAN_POINT('Origin',(2.68,9.7,-2.58));
#3185=CARTESIAN_POINT('',(2.68,9.7,-2.58));
#3186=CARTESIAN_POINT('',(2.68,9.7,-2.58));
#3187=CARTESIAN_POINT('',(2.68,9.7,-3.22));
#3188=CARTESIAN_POINT('',(2.68,9.7,-2.58));
#3189=CARTESIAN_POINT('',(2.68,9.7,-3.22));
#3190=CARTESIAN_POINT('Origin',(-3.32,9.7,-2.58));
#3191=CARTESIAN_POINT('',(-3.32,9.7,-2.58));
#3192=CARTESIAN_POINT('',(-3.32,9.7,-2.58));
#3193=CARTESIAN_POINT('',(-3.32,9.7,-3.22));
#3194=CARTESIAN_POINT('',(-3.32,9.7,-2.58));
#3195=CARTESIAN_POINT('',(-3.32,9.7,-3.22));
#3196=CARTESIAN_POINT('Origin',(1.32,9.7,-2.58));
#3197=CARTESIAN_POINT('',(1.32,9.7,-3.22));
#3198=CARTESIAN_POINT('',(1.32,9.7,-3.22));
#3199=CARTESIAN_POINT('',(1.32,9.7,-2.58));
#3200=CARTESIAN_POINT('',(1.32,9.7,-2.58));
#3201=CARTESIAN_POINT('',(1.32,9.7,-2.58));
#3202=CARTESIAN_POINT('Origin',(3.32,9.7,1.42));
#3203=CARTESIAN_POINT('',(3.32,9.7,1.42));
#3204=CARTESIAN_POINT('',(3.32,9.7,1.42));
#3205=CARTESIAN_POINT('',(3.32,9.7,1.42));
#3206=CARTESIAN_POINT('Origin',(1.32,9.7,1.42));
#3207=CARTESIAN_POINT('',(1.32,9.7,1.42));
#3208=CARTESIAN_POINT('',(1.32,9.7,1.42));
#3209=CARTESIAN_POINT('',(1.32,9.7,1.42));
#3210=CARTESIAN_POINT('Origin',(-0.680000000000001,9.7,-3.22));
#3211=CARTESIAN_POINT('',(-0.680000000000001,9.7,-3.22));
#3212=CARTESIAN_POINT('',(-0.680000000000001,9.7,-3.22));
#3213=CARTESIAN_POINT('',(-0.680000000000001,9.7,-2.58));
#3214=CARTESIAN_POINT('',(-0.680000000000001,9.7,-3.22));
#3215=CARTESIAN_POINT('',(-0.680000000000001,9.7,-2.58));
#3216=CARTESIAN_POINT('Origin',(-2.68,9.7,0.78));
#3217=CARTESIAN_POINT('',(-3.32,9.7,0.78));
#3218=CARTESIAN_POINT('',(-3.32,9.7,0.78));
#3219=CARTESIAN_POINT('',(-2.68,9.7,0.78));
#3220=CARTESIAN_POINT('',(-2.68,9.7,0.78));
#3221=CARTESIAN_POINT('',(-2.68,9.7,0.78));
#3222=CARTESIAN_POINT('Origin',(1.32,9.7,1.42));
#3223=CARTESIAN_POINT('',(1.32,9.7,0.78));
#3224=CARTESIAN_POINT('',(1.32,9.7,0.78));
#3225=CARTESIAN_POINT('',(1.32,9.7,1.42));
#3226=CARTESIAN_POINT('Origin',(0.679999999999999,9.7,-2.58));
#3227=CARTESIAN_POINT('',(0.679999999999999,9.7,-2.58));
#3228=CARTESIAN_POINT('',(0.679999999999999,9.7,-2.58));
#3229=CARTESIAN_POINT('',(0.679999999999999,9.7,-3.22));
#3230=CARTESIAN_POINT('',(0.679999999999999,9.7,-2.58));
#3231=CARTESIAN_POINT('',(0.679999999999999,9.7,-3.22));
#3232=CARTESIAN_POINT('Origin',(2.68,9.7,-3.22));
#3233=CARTESIAN_POINT('',(3.32,9.7,-3.22));
#3234=CARTESIAN_POINT('',(2.68,9.7,-3.22));
#3235=CARTESIAN_POINT('',(3.32,9.7,-3.22));
#3236=CARTESIAN_POINT('Origin',(-0.680000000000001,9.7,0.780000000000001));
#3237=CARTESIAN_POINT('',(-0.680000000000001,9.7,0.780000000000001));
#3238=CARTESIAN_POINT('',(-0.680000000000001,9.7,0.780000000000001));
#3239=CARTESIAN_POINT('',(-0.680000000000001,9.7,1.42));
#3240=CARTESIAN_POINT('',(-0.680000000000001,9.7,0.780000000000001));
#3241=CARTESIAN_POINT('',(-0.680000000000001,9.7,1.42));
#3242=CARTESIAN_POINT('Origin',(3.32,9.7,0.78));
#3243=CARTESIAN_POINT('',(3.32,9.7,0.78));
#3244=CARTESIAN_POINT('',(3.32,9.7,0.78));
#3245=CARTESIAN_POINT('',(3.32,9.7,0.78));
#3246=CARTESIAN_POINT('Origin',(-1.32,9.7,-2.58));
#3247=CARTESIAN_POINT('',(-1.32,9.7,-2.58));
#3248=CARTESIAN_POINT('',(-1.32,9.7,-2.58));
#3249=CARTESIAN_POINT('',(-1.32,9.7,-2.58));
#3250=CARTESIAN_POINT('Origin',(-1.32,9.7,-3.22));
#3251=CARTESIAN_POINT('',(-1.32,9.7,-3.22));
#3252=CARTESIAN_POINT('',(-1.32,9.7,-3.22));
#3253=CARTESIAN_POINT('',(-1.32,9.7,-3.22));
#3254=CARTESIAN_POINT('Origin',(-2.68,9.7,1.42));
#3255=CARTESIAN_POINT('',(-2.68,9.7,1.42));
#3256=CARTESIAN_POINT('',(-2.68,9.7,1.42));
#3257=CARTESIAN_POINT('',(-2.68,9.7,1.42));
#3258=CARTESIAN_POINT('Origin',(-3.32,9.7,1.42));
#3259=CARTESIAN_POINT('',(-3.32,9.7,1.42));
#3260=CARTESIAN_POINT('',(-3.32,9.7,1.42));
#3261=CARTESIAN_POINT('',(-3.32,9.7,1.42));
#3262=CARTESIAN_POINT('Origin',(-2.68,9.7,-2.58));
#3263=CARTESIAN_POINT('',(-2.68,9.7,-3.22));
#3264=CARTESIAN_POINT('',(-2.68,9.7,-3.22));
#3265=CARTESIAN_POINT('',(-2.68,9.7,-2.58));
#3266=CARTESIAN_POINT('',(-2.68,9.7,-2.58));
#3267=CARTESIAN_POINT('',(-2.68,9.7,-2.58));
#3268=CARTESIAN_POINT('Origin',(-1.32,9.7,0.780000000000001));
#3269=CARTESIAN_POINT('',(-1.32,9.7,0.780000000000001));
#3270=CARTESIAN_POINT('Origin',(0.679999999999999,9.7,-3.22));
#3271=CARTESIAN_POINT('',(0.679999999999999,9.7,-3.22));
#3272=CARTESIAN_POINT('Origin',(-3.32,9.7,-3.22));
#3273=CARTESIAN_POINT('',(-3.32,9.7,-3.22));
#3274=CARTESIAN_POINT('Origin',(3.32,9.7,-2.58));
#3275=CARTESIAN_POINT('',(3.32,9.7,-2.58));
#3276=CARTESIAN_POINT('',(3.32,9.7,-2.58));
#3277=CARTESIAN_POINT('',(3.32,9.7,-2.58));
#3278=CARTESIAN_POINT('Origin',(3.32,9.7,0.78));
#3279=CARTESIAN_POINT('',(3.32,9.7,0.78));
#3280=CARTESIAN_POINT('Origin',(-1.32,9.7,1.42));
#3281=CARTESIAN_POINT('',(-1.32,9.7,1.42));
#3282=CARTESIAN_POINT('Origin',(3.32,9.7,-3.22));
#3283=CARTESIAN_POINT('',(3.32,9.7,-3.22));
#3284=CARTESIAN_POINT('Origin',(-2.68,9.7,-2.58));
#3285=CARTESIAN_POINT('',(-2.68,9.7,-2.58));
#3286=CARTESIAN_POINT('Origin',(-1.32,9.7,-3.22));
#3287=CARTESIAN_POINT('',(-1.32,9.7,-3.22));
#3288=CARTESIAN_POINT('Origin',(-2.68,9.7,1.42));
#3289=CARTESIAN_POINT('',(-2.68,9.7,1.42));
#3290=CARTESIAN_POINT('Origin',(1.32,9.7,0.78));
#3291=CARTESIAN_POINT('',(1.32,9.7,0.78));
#3292=CARTESIAN_POINT('Origin',(1.32,9.7,-2.58));
#3293=CARTESIAN_POINT('',(1.32,9.7,-2.58));
#3294=CARTESIAN_POINT('Origin',(-1.32,9.7,1.42));
#3295=CARTESIAN_POINT('Origin',(3.32,9.7,1.42));
#3296=CARTESIAN_POINT('Origin',(0.679999999999999,9.7,1.42));
#3297=CARTESIAN_POINT('Origin',(3.32,9.7,-3.22));
#3298=CARTESIAN_POINT('Origin',(-3.32,9.7,-2.58));
#3299=CARTESIAN_POINT('Origin',(1.32,9.7,-3.22));
#3300=CARTESIAN_POINT('Origin',(-1.32,9.7,-2.58));
#3301=CARTESIAN_POINT('Origin',(-3.32,9.7,1.42));
#3302=UNCERTAINTY_MEASURE_WITH_UNIT(LENGTH_MEASURE(0.01),#3306,
'DISTANCE_ACCURACY_VALUE',
'Maximum model space distance between geometric entities at asserted c
onnectivities');
#3303=UNCERTAINTY_MEASURE_WITH_UNIT(LENGTH_MEASURE(0.01),#3306,
'DISTANCE_ACCURACY_VALUE',
'Maximum model space distance between geometric entities at asserted c
onnectivities');
#3304=(
GEOMETRIC_REPRESENTATION_CONTEXT(3)
GLOBAL_UNCERTAINTY_ASSIGNED_CONTEXT((#3302))
GLOBAL_UNIT_ASSIGNED_CONTEXT((#3306,#3308,#3309))
REPRESENTATION_CONTEXT('','3D')
);
#3305=(
GEOMETRIC_REPRESENTATION_CONTEXT(3)
GLOBAL_UNCERTAINTY_ASSIGNED_CONTEXT((#3303))
GLOBAL_UNIT_ASSIGNED_CONTEXT((#3306,#3308,#3309))
REPRESENTATION_CONTEXT('','3D')
);
#3306=(
LENGTH_UNIT()
NAMED_UNIT(*)
SI_UNIT(.MILLI.,.METRE.)
);
#3307=(
LENGTH_UNIT()
NAMED_UNIT(*)
SI_UNIT($,.METRE.)
);
#3308=(
NAMED_UNIT(*)
PLANE_ANGLE_UNIT()
SI_UNIT($,.RADIAN.)
);
#3309=(
NAMED_UNIT(*)
SI_UNIT($,.STERADIAN.)
SOLID_ANGLE_UNIT()
);
#3310=SHAPE_DEFINITION_REPRESENTATION(#3311,#3312);
#3311=PRODUCT_DEFINITION_SHAPE('',$,#3314);
#3312=SHAPE_REPRESENTATION('',(#2113),#3304);
#3313=PRODUCT_DEFINITION_CONTEXT('part definition',#3318,'design');
#3314=PRODUCT_DEFINITION('B08B-JWPF-SK-R  (LF)(SN)','B08B-JWPF-SK-R v2',
#3315,#3313);
#3315=PRODUCT_DEFINITION_FORMATION('',$,#3320);
#3316=PRODUCT_RELATED_PRODUCT_CATEGORY('B08B-JWPF-SK-R v2',
'B08B-JWPF-SK-R v2',(#3320));
#3317=APPLICATION_PROTOCOL_DEFINITION('international standard',
'automotive_design',2009,#3318);
#3318=APPLICATION_CONTEXT(
'Core Data for Automotive Mechanical Design Process');
#3319=PRODUCT_CONTEXT('part definition',#3318,'mechanical');
#3320=PRODUCT('B08B-JWPF-SK-R  (LF)(SN)','B08B-JWPF-SK-R v2',
'STEP AP214',(#3319));
#3321=PRESENTATION_STYLE_ASSIGNMENT((#3324));
#3322=PRESENTATION_STYLE_ASSIGNMENT((#3325));
#3323=PRESENTATION_STYLE_ASSIGNMENT((#3326));
#3324=SURFACE_STYLE_USAGE(.BOTH.,#3327);
#3325=SURFACE_STYLE_USAGE(.BOTH.,#3328);
#3326=SURFACE_STYLE_USAGE(.BOTH.,#3329);
#3327=SURFACE_SIDE_STYLE('',(#3330));
#3328=SURFACE_SIDE_STYLE('',(#3331));
#3329=SURFACE_SIDE_STYLE('',(#3332));
#3330=SURFACE_STYLE_FILL_AREA(#3333);
#3331=SURFACE_STYLE_FILL_AREA(#3334);
#3332=SURFACE_STYLE_FILL_AREA(#3335);
#3333=FILL_AREA_STYLE('Stahl - satiniert',(#3336));
#3334=FILL_AREA_STYLE('Opaque(0,0,160)',(#3337));
#3335=FILL_AREA_STYLE('Opaque(192,192,192)',(#3338));
#3336=FILL_AREA_STYLE_COLOUR('Stahl - satiniert',#3339);
#3337=FILL_AREA_STYLE_COLOUR('Opaque(0,0,160)',#3340);
#3338=FILL_AREA_STYLE_COLOUR('Opaque(192,192,192)',#3341);
#3339=COLOUR_RGB('Stahl - satiniert',0.627450980392157,0.627450980392157,
0.627450980392157);
#3340=COLOUR_RGB('Opaque(0,0,160)',0.,0.,0.627450980392157);
#3341=COLOUR_RGB('Opaque(192,192,192)',0.752941176470588,0.752941176470588,
0.752941176470588);
ENDSEC;
END-ISO-10303-21;
