#VRML V2.0 utf8
# 3D model generated by kicad-lcsc-manager
# Based on easyeda2kicad.py v1.0.1

Shape{
    appearance Appearance {
        material  Material {
            diffuseColor 0.2235294117647059 0.2235294117647059 0.2235294117647059
            specularColor 0.06666666666666667 0.06666666666666667 0.06666666666666667
            ambientIntensity 0.2235
            transparency 0.0
            shininess 0.5
        }
    }
    geometry IndexedFaceSet {
        ccw TRUE
        solid FALSE
        coord DEF co Coordinate {
            point [
                -359.9333 270.3064 0.2953, -359.6267 270.3064 0.2953, -359.9333 270.3064 0.2362, -359.6267 270.3064 0.2362, -360.1976 269.7946 0.2362, -359.8039 269.7946 0.2362, -360.1976 269.7946 0.2953, -359.8039 269.7946 0.2953, -360.3157 269.7946 0.2953, -360.3747 269.7946 0.2953, -360.3157 269.7946 0.2362, -360.3747 269.7946 0.2362, -360.017 270.2586 0.0689, -360.0094 270.0159 0.0689, -360.017 270.0067 0.0689, -360.0094 270.0072 0.0689, -359.9671 270.0072 0.0689, -359.9517 270.0113 0.0689, -359.9517 270.0199 0.0689, -359.9671 270.086 0.0689, -359.9777 270.0773 0.0689, -359.9777 270.0514 0.0689, -360.0074 270.0773 0.0689, -360.0055 270.0514 0.0689, -359.9777 270.0427 0.0689, -359.9777 270.0159 0.0689, -360.0055 270.0427 0.0689, -359.8461 270.0072 0.0689, -359.9255 270.0067 0.0689, -359.8865 270.0072 0.0689, -359.9204 270.0073 0.0689, -359.9127 270.0099 0.0689, -360.0074 270.086 0.0689, -359.8973 270.0652 0.0689, -359.9019 270.0726 0.0689, -359.8567 270.086 0.0689, -359.9256 270.0774 0.0689, -359.9197 270.0753 0.0689, -359.9503 270.0192 0.0689, -359.9142 270.0716 0.0689, -359.9095 270.0664 0.0689, -359.9037 270.0457 0.0689, -359.9045 270.0372 0.0689, -359.9067 270.0304 0.0689, -359.9242 270.0157 0.0689, -359.9315 270.0149 0.0689, -359.9185 270.0178 0.0689, -359.9136 270.0211 0.0689, -359.9099 270.025 0.0689, -359.942 270.0161 0.0689, -359.9062 270.0603 0.0689, -359.9041 270.0519 0.0689, -359.9064 270.0139 0.0689, -359.9005 270.0202 0.0689, -359.8865 270.0159 0.0689, -359.8963 270.0277 0.0689, -359.8567 270.0159 0.0689, -359.8939 270.036 0.0689, -359.8932 270.0451 0.0689, -359.8943 270.0562 0.0689, -359.909 270.0794 0.0689, -359.9165 270.0837 0.0689, -359.9253 270.0863 0.0689, -359.9332 270.0869 0.0689, -359.9426 270.0863 0.0689, -359.9517 270.0838 0.0689, -359.9517 270.0732 0.0689, -359.9429 270.077 0.0689, -359.9333 270.0783 0.0689, -359.9354 270.0067 0.0689, -359.9322 270.0063 0.0689, -360.017 269.8425 0.0689, -359.9301 270.0063 0.0689, -359.8461 270.086 0.0689, -359.6548 270.2586 0.0689, -359.6548 270.0067 0.0689, -359.6548 269.8425 0.0689, -360.3466 269.8425 0.0689, -360.3466 270.0067 0.0689, -359.9434 270.0078 0.0689, -360.0939 270.0072 0.0689, -360.0842 270.0288 0.0689, -360.0797 270.0218 0.0689, -360.1534 270.0072 0.0689, -360.1649 270.0072 0.0689, -360.1342 270.086 0.0689, -360.3466 270.2586 0.0689, -360.1236 270.086 0.0689, -360.0732 270.0156 0.0689, -360.065 270.0108 0.0689, -360.0559 270.0081 0.0689, -360.0461 270.0072 0.0689, -360.0247 270.0072 0.0689, -360.0247 270.086 0.0689, -360.0469 270.086 0.0689, -360.0764 270.0755 0.0689, -360.0819 270.0693 0.0689, -360.0855 270.0625 0.0689, -360.0582 270.0848 0.0689, -360.0674 270.0816 0.0689, -360.076 270.0758 0.0689, -360.1054 270.0072 0.0689, -360.1129 270.0293 0.0689, -360.1454 270.0293 0.0689, -360.0876 270.0547 0.0689, -360.0881 270.0476 0.0689, -360.087 270.037 0.0689, -359.6548 269.8425 0.4626, -359.6548 269.8638 0.4626, -359.8063 269.8638 0.4626, -360.2373 270.0939 0.4626, -360.2325 270.0944 0.4626, -360.2783 270.0944 0.4626, -359.6548 269.9948 0.4626, -359.7677 269.9948 0.4626, -359.6548 269.9791 0.4626, -359.7686 269.9945 0.4626, -359.8063 269.9791 0.4626, -359.7753 269.9942 0.4626, -359.7819 269.9948 0.4626, -359.7403 270.0236 0.4626, -359.7412 270.016 0.4626, -359.7433 270.0102 0.4626, -359.747 270.005 0.4626, -359.7525 270.0002 0.4626, -359.7592 269.9968 0.4626, -359.6548 270.0944 0.4626, -359.7434 270.0354 0.4626, -359.7413 270.0307 0.4626, -359.7403 270.0256 0.4626, -359.7638 270.0942 0.4626, -359.7574 270.0922 0.4626, -359.764 270.0472 0.4626, -359.764 270.0469 0.4626, -359.7618 270.0478 0.4626, -359.7567 270.0454 0.4626, -359.7546 270.0511 0.4626, -359.7512 270.043 0.4626, -359.7504 270.0543 0.4626, -359.7488 270.0561 0.4626, -359.7525 270.0893 0.4626, -359.7485 270.0855 0.4626, -359.746 270.0815 0.4626, -359.7444 270.0769 0.4626, -359.7439 270.0717 0.4626, -359.7445 270.0654 0.4626, -359.7465 270.0393 0.4626, -359.7462 270.0603 0.4626, -359.8063 270.2586 0.4626, -359.7717 270.095 0.4626, -359.7654 270.0944 0.4626, -359.6548 270.2586 0.4626, -359.7943 270.0875 0.4626, -359.8063 270.0944 0.4626, -359.7943 270.0767 0.4626, -359.8063 269.9948 0.4626, -359.7867 270.092 0.4626, -359.7787 270.0944 0.4626, -359.7786 270.0944 0.4626, -359.7869 269.9952 0.4626, -359.7954 269.9979 0.4626, -359.7883 270.0518 0.4626, -359.7979 270.0125 0.4626, -359.7883 270.041 0.4626, -359.7898 270.0078 0.4626, -359.7801 270.041 0.4626, -359.7814 270.0054 0.4626, -359.7753 270.005 0.4626, -359.7708 270.0403 0.4626, -359.7636 270.0383 0.4626, -359.7979 269.9993 0.4626, -359.7888 270.0805 0.4626, -359.7805 270.0518 0.4626, -359.7819 270.0833 0.4626, -359.7725 270.0524 0.4626, -359.7571 270.0682 0.4626, -359.7571 270.0686 0.4626, -359.7688 270.0055 0.4626, -359.7535 270.0228 0.4626, -359.7539 270.0273 0.4626, -359.7551 270.0306 0.4626, -359.7638 270.0071 0.4626, -359.7602 270.0091 0.4626, -359.7538 270.0189 0.4626, -359.7573 270.0117 0.4626, -359.7551 270.0151 0.4626, -359.7669 270.0539 0.4626, -359.763 270.056 0.4626, -359.7605 270.0581 0.4626, -359.7588 270.0607 0.4626, -359.7576 270.0637 0.4626, -359.7634 270.0816 0.4626, -359.7669 270.0831 0.4626, -359.7574 270.0727 0.4626, -359.7726 270.0841 0.4626, -359.775 270.0842 0.4626, -359.757 270.0336 0.4626, -359.7596 270.036 0.4626, -359.7616 270.0804 0.4626, -359.7583 270.0758 0.4626, -359.7597 270.0783 0.4626, -359.8656 270.0899 0.4626, -359.8589 270.0931 0.4626, -359.8837 270.0944 0.4626, -359.8318 270.0921 0.4626, -359.8259 270.0884 0.4626, -359.8219 270.0843 0.4626, -359.818 270.0596 0.4626, -359.8208 270.052 0.4626, -359.8147 270.0062 0.4626, -359.8248 270.0461 0.4626, -359.8341 270.0372 0.4626, -359.8759 270.0002 0.4626, -359.875 270.0095 0.4626, -359.8837 269.9948 0.4626, -359.8723 270.0722 0.4626, -359.8723 270.0843 0.4626, -359.8726 270.0168 0.4626, -359.8686 270.023 0.4626, -359.8606 270.031 0.4626, -359.8192 270.0797 0.4626, -359.8176 270.0745 0.4626, -359.8171 270.0686 0.4626, -359.8147 269.9954 0.4626, -359.8759 269.9954 0.4626, -359.8391 270.0336 0.4626, -359.8544 270.0223 0.4626, -359.8592 270.0176 0.4626, -359.8613 270.0143 0.4626, -359.8625 270.0108 0.4626, -359.863 270.0062 0.4626, -359.8333 270.0538 0.4626, -359.8307 270.0587 0.4626, -359.869 270.0754 0.4626, -359.8502 270.0388 0.4626, -359.8492 270.0396 0.4626, -359.8382 270.0482 0.4626, -359.8294 270.0633 0.4626, -359.8291 270.0677 0.4626, -359.8621 270.0802 0.4626, -359.8295 270.0719 0.4626, -359.8306 270.0752 0.4626, -359.8377 270.0821 0.4626, -359.8423 270.0836 0.4626, -359.848 270.0842 0.4626, -359.8554 270.0831 0.4626, -359.8324 270.0779 0.4626, -359.8347 270.0802 0.4626, -359.8531 270.0944 0.4626, -359.8511 270.0948 0.4626, -359.8837 270.2586 0.4626, -359.8468 270.095 0.4626, -359.8404 270.0944 0.4626, -359.8385 270.0942 0.4626, -359.919 269.9948 0.4626, -359.9198 269.9945 0.4626, -359.8837 269.9791 0.4626, -359.9587 269.9791 0.4626, -359.9265 269.9942 0.4626, -359.9331 269.9948 0.4626, -359.8946 270.0102 0.4626, -359.8982 270.005 0.4626, -359.8924 270.016 0.4626, -359.9037 270.0002 0.4626, -359.9104 269.9968 0.4626, -359.8947 270.0354 0.4626, -359.8977 270.0393 0.4626, -359.9024 270.043 0.4626, -359.8925 270.0307 0.4626, -359.8916 270.0256 0.4626, -359.8915 270.0236 0.4626, -359.9166 270.0944 0.4626, -359.915 270.0942 0.4626, -359.9087 270.0922 0.4626, -359.9037 270.0893 0.4626, -359.8998 270.0855 0.4626, -359.8972 270.0815 0.4626, -359.8956 270.0769 0.4626, -359.8951 270.0717 0.4626, -359.8957 270.0654 0.4626, -359.8974 270.0603 0.4626, -359.9001 270.0561 0.4626, -359.9152 270.0472 0.4626, -359.9152 270.0469 0.4626, -359.913 270.0478 0.4626, -359.9079 270.0454 0.4626, -359.9059 270.0511 0.4626, -359.9017 270.0543 0.4626, -359.9587 270.2586 0.4626, -359.9229 270.095 0.4626, -359.9298 270.0944 0.4626, -359.9587 270.0944 0.4626, -359.9587 269.9948 0.4626, -359.9455 270.0767 0.4626, -359.9455 270.0875 0.4626, -359.9379 270.092 0.4626, -359.9299 270.0944 0.4626, -359.9382 269.9952 0.4626, -359.9466 269.9979 0.4626, -359.9395 270.0518 0.4626, -359.9491 270.0125 0.4626, -359.9395 270.041 0.4626, -359.941 270.0078 0.4626, -359.9313 270.041 0.4626, -359.9326 270.0054 0.4626, -359.9265 270.005 0.4626, -359.922 270.0403 0.4626, -359.9149 270.0383 0.4626, -359.9491 269.9993 0.4626, -359.94 270.0805 0.4626, -359.9318 270.0518 0.4626, -359.9331 270.0833 0.4626, -359.9237 270.0524 0.4626, -359.9083 270.0682 0.4626, -359.9083 270.0686 0.4626, -359.9201 270.0055 0.4626, -359.9047 270.0228 0.4626, -359.9051 270.0273 0.4626, -359.9063 270.0306 0.4626, -359.915 270.0071 0.4626, -359.9115 270.0091 0.4626, -359.9051 270.0189 0.4626, -359.9086 270.0117 0.4626, -359.9063 270.0151 0.4626, -359.9182 270.0539 0.4626, -359.9142 270.056 0.4626, -359.9118 270.0581 0.4626, -359.91 270.0607 0.4626, -359.9089 270.0637 0.4626, -359.9147 270.0816 0.4626, -359.9181 270.0831 0.4626, -359.9086 270.0727 0.4626, -359.9238 270.0841 0.4626, -359.9262 270.0842 0.4626, -359.9082 270.0336 0.4626, -359.9108 270.036 0.4626, -359.9129 270.0804 0.4626, -359.9096 270.0758 0.4626, -359.911 270.0783 0.4626, -360.1203 270.0905 0.4626, -360.0907 270.0944 0.4626, -360.1297 270.0938 0.4626, -360.1355 270.0944 0.4626, -360.0999 270.0215 0.4626, -360.1051 270.0121 0.4626, -360.0907 269.9948 0.4626, -360.1125 270.0042 0.4626, -360.1117 270.0848 0.4626, -360.1043 270.0766 0.4626, -360.0991 270.0669 0.4626, -360.1205 269.9989 0.4626, -360.1299 269.9956 0.4626, -360.1373 269.9948 0.4626, -360.0963 270.0559 0.4626, -360.0955 270.0457 0.4626, -360.0965 270.0334 0.4626, -360.1473 270.0944 0.4626, -360.1412 270.095 0.4626, -360.0907 270.2586 0.4626, -360.1952 270.0944 0.4626, -360.1721 270.085 0.4626, -360.1631 270.0906 0.4626, -360.1952 270.2586 0.4626, -360.1532 270.0938 0.4626, -360.1882 270.0558 0.4626, -360.1848 270.0676 0.4626, -360.1795 270.0771 0.4626, -360.1543 269.9953 0.4626, -360.1636 269.9984 0.4626, -360.1952 269.9948 0.4626, -360.1718 270.0034 0.4626, -360.1789 270.0107 0.4626, -360.1845 270.0197 0.4626, -360.1879 270.0303 0.4626, -360.1892 270.0434 0.4626, -360.1487 269.9948 0.4626, -360.1952 269.9791 0.4626, -360.1428 269.9942 0.4626, -360.0907 269.9791 0.4626, -360.2364 269.9587 0.4626, -360.2283 269.9524 0.4626, -360.222 269.9443 0.4626, -360.2181 269.9348 0.4626, -360.2168 269.9246 0.4626, -360.284 269.9524 0.4626, -360.2783 269.9568 0.4626, -360.2783 269.9791 0.4626, -360.2758 269.9587 0.4626, -360.2181 269.9144 0.4626, -360.1952 269.8638 0.4626, -360.222 269.9049 0.4626, -360.2283 269.8968 0.4626, -360.2364 269.8905 0.4626, -360.2459 269.8866 0.4626, -360.2783 269.8638 0.4626, -360.2561 269.8852 0.4626, -360.2663 269.8866 0.4626, -360.2663 269.9626 0.4626, -360.2561 269.964 0.4626, -360.2459 269.9626 0.4626, -360.2758 269.8905 0.4626, -360.2783 269.8925 0.4626, -360.3466 269.8638 0.4626, -360.284 269.8968 0.4626, -360.2942 269.9348 0.4626, -360.2902 269.9443 0.4626, -360.3466 269.9791 0.4626, -360.2902 269.9049 0.4626, -360.2942 269.9144 0.4626, -360.2955 269.9246 0.4626, -360.2013 270.0228 0.4626, -360.2012 270.0207 0.4626, -360.2019 270.0138 0.4626, -360.2038 270.0088 0.4626, -360.207 270.0042 0.4626, -360.2111 270.0006 0.4626, -360.2166 269.9976 0.4626, -360.2154 270.0434 0.4626, -360.2083 270.0377 0.4626, -360.2048 270.0779 0.4626, -360.2046 270.0329 0.4626, -360.2023 270.0279 0.4626, -360.2271 270.0499 0.4626, -360.2122 270.0817 0.4626, -360.2362 270.0547 0.4626, -360.2206 270.0837 0.4626, -360.2274 270.0842 0.4626, -360.2465 270.0634 0.4626, -360.2476 270.0661 0.4626, -360.248 270.0699 0.4626, -360.2449 270.061 0.4626, -360.2418 270.0583 0.4626, -360.2454 270.0776 0.4626, -360.2468 270.0754 0.4626, -360.2477 270.0728 0.4626, -360.2343 270.0836 0.4626, -360.2395 270.0819 0.4626, -360.2431 270.0798 0.4626, -360.2264 270.095 0.4626, -360.2155 270.0945 0.4626, -360.2148 270.0944 0.4626, -360.2048 270.0923 0.4626, -360.2783 270.2586 0.4626, -360.258 269.9977 0.4626, -360.2612 269.9993 0.4626, -360.2783 269.9948 0.4626, -360.2612 270.0137 0.4626, -360.2262 269.9949 0.4626, -360.2282 269.9948 0.4626, -360.2364 269.9942 0.4626, -360.2422 269.9948 0.4626, -360.2491 269.9955 0.4626, -360.2612 270.0686 0.4626, -360.2603 270.0754 0.4626, -360.2584 270.0801 0.4626, -360.2553 270.0844 0.4626, -360.2485 270.0471 0.4626, -360.2544 270.0519 0.4626, -360.2578 270.0562 0.4626, -360.2601 270.0613 0.4626, -360.2611 270.0668 0.4626, -360.2511 270.088 0.4626, -360.2455 270.0912 0.4626, -360.2371 270.0406 0.4626, -360.254 270.0092 0.4626, -360.2237 270.0335 0.4626, -360.2423 270.0057 0.4626, -360.2224 270.0327 0.4626, -360.2349 270.005 0.4626, -360.2278 270.0055 0.4626, -360.2228 270.0069 0.4626, -360.2193 270.0088 0.4626, -360.2172 270.0107 0.4626, -360.2159 270.0127 0.4626, -360.2148 270.0158 0.4626, -360.2144 270.0196 0.4626, -360.2148 270.0231 0.4626, -360.2159 270.0259 0.4626, -360.2183 270.0292 0.4626, -360.0109 270.0944 0.4626, -360.0109 270.2586 0.4626, -360.0163 270.083 0.4626, -360.0109 269.9948 0.4626, -360.0055 270.0386 0.4626, -359.9683 270.0386 0.4626, -359.9683 270.029 0.4626, -360.0055 270.029 0.4626, -360.0163 270.0938 0.4626, -360.0583 269.9954 0.4626, -360.0451 269.9954 0.4626, -360.0451 270.083 0.4626, -360.0583 270.083 0.4626, -360.0859 270.083 0.4626, -360.0859 270.0938 0.4626, -360.0109 269.9791 0.4626, -360.3466 270.2586 0.4626, -360.3466 270.0944 0.4626, -360.3466 269.9948 0.4626, -360.0907 269.8638 0.4626, -360.0109 269.8638 0.4626, -359.9587 269.8638 0.4626, -359.8837 269.8638 0.4626, -359.8063 269.8425 0.4626, -359.8837 269.8425 0.4626, -359.9587 269.8425 0.4626, -360.0109 269.8425 0.4626, -360.0907 269.8425 0.4626, -360.1952 269.8425 0.4626, -360.2783 269.8425 0.4626, -360.3466 269.8425 0.4626, -359.607 269.8143 0.2362, -359.607 270.2868 0.2362, -359.607 269.8143 0.2953, -359.607 270.2868 0.2953, -360.0514 270.3064 0.2362, -360.3747 270.3064 0.2362, -360.0514 270.3064 0.2953, -360.3747 270.3064 0.2953, -360.3944 270.2868 0.2362, -360.3944 269.8143 0.2362, -360.3944 270.2868 0.2953, -360.3944 269.8143 0.2953, -359.6858 269.7946 0.2362, -359.6267 269.7946 0.2362, -359.6858 269.7946 0.2953, -359.6267 269.7946 0.2953, -359.6548 269.8231 0.0849, -359.6264 269.7946 0.2362, -360.3466 269.8231 0.0849, -360.3751 269.7946 0.2362, -359.607 269.814 0.2362, -359.6355 269.8425 0.0849, -359.6355 270.2586 0.0849, -359.607 270.2871 0.2362, -360.3944 270.2871 0.2362, -360.3659 270.2586 0.0849, -360.3659 269.8425 0.0849, -360.3944 269.814 0.2362, -359.6264 270.3064 0.2362, -359.6548 270.278 0.0849, -360.3751 270.3064 0.2362, -360.3466 270.278 0.0849, -360.3751 270.3064 0.2953, -360.3466 270.278 0.4466, -359.6264 270.3064 0.2953, -359.6548 270.278 0.4466, -360.3944 269.814 0.2953, -360.3659 269.8425 0.4466, -360.3659 270.2586 0.4466, -360.3944 270.2871 0.2953, -359.607 270.2871 0.2953, -359.6355 270.2586 0.4466, -359.6355 269.8425 0.4466, -359.607 269.814 0.2953, -360.3466 269.8231 0.4466, -360.3751 269.7946 0.2953, -359.6264 269.7946 0.2953, -359.6548 269.8231 0.4466, -359.6548 269.838 0.0694, -360.3466 269.838 0.0694, -360.3466 269.8379 0.0694, -359.6548 269.8379 0.0694, -360.3466 269.8337 0.071, -359.6548 269.8337 0.071, -360.3466 269.8336 0.071, -359.6548 269.8336 0.071, -360.3466 269.8299 0.0734, -359.6548 269.8299 0.0734, -360.3466 269.8298 0.0735, -359.6548 269.8298 0.0735, -360.3466 269.8268 0.0767, -359.6548 269.8268 0.0767, -360.3466 269.8267 0.0768, -359.6548 269.8267 0.0768, -360.3466 269.8245 0.0806, -359.6548 269.8245 0.0806, -360.3466 269.8244 0.0807, -359.6548 269.8244 0.0807, -359.6537 269.8381 0.0694, -359.6461 269.8425 0.071, -359.646 269.8425 0.071, -359.6463 269.8402 0.071, -359.6423 269.8425 0.0734, -359.6422 269.8425 0.0735, -359.6426 269.8392 0.0735, -359.6396 269.8384 0.0768, -359.6374 269.8378 0.0807, -359.6392 269.8334 0.0807, -359.6499 269.8239 0.0842, -359.6454 269.8259 0.0837, -359.6499 269.8239 0.0842, -359.6502 269.825 0.0807, -359.6363 269.8376 0.0842, -359.6363 269.8375 0.0842, -359.6383 269.833 0.0837, -359.6383 269.8329 0.0837, -359.6414 269.829 0.0835, -359.6368 269.8425 0.0807, -359.6369 269.8425 0.0806, -359.6391 269.8425 0.0768, -359.6392 269.8425 0.0767, -359.6508 269.8272 0.0768, -359.6412 269.8346 0.0768, -359.6421 269.8297 0.0807, -359.6516 269.8303 0.0735, -359.6439 269.8361 0.0735, -359.6437 269.8313 0.0768, -359.6526 269.8339 0.071, -359.6459 269.8335 0.0735, -359.6472 269.838 0.071, -359.6505 269.8413 0.0694, -359.6453 269.826 0.0837, -359.6458 269.8268 0.0807, -359.647 269.8288 0.0768, -359.6485 269.8315 0.0735, -359.6504 269.8348 0.071, -359.6526 269.8385 0.0694, -359.6503 269.8425 0.0694, -359.6503 269.8425 0.0694, -359.6486 269.8362 0.071, -359.6509 269.8402 0.0694, -359.6516 269.8393 0.0694, -360.3511 269.8425 0.0694, -360.351 269.8413 0.0694, -360.3489 269.8339 0.071, -360.3499 269.8303 0.0735, -360.3507 269.8272 0.0768, -360.3513 269.825 0.0807, -360.3556 269.8268 0.0807, -360.3651 269.8376 0.0842, -360.3647 269.8425 0.0807, -360.3631 269.833 0.0837, -360.3651 269.8375 0.0842, -360.364 269.8378 0.0807, -360.3515 269.8239 0.0842, -360.3516 269.8239 0.0842, -360.3561 269.8259 0.0837, -360.3561 269.826 0.0837, -360.3601 269.829 0.0835, -360.3646 269.8425 0.0806, -360.3618 269.8384 0.0768, -360.3545 269.8288 0.0768, -360.3594 269.8297 0.0807, -360.3624 269.8425 0.0768, -360.3623 269.8425 0.0767, -360.3588 269.8392 0.0735, -360.3529 269.8315 0.0735, -360.3577 269.8313 0.0768, -360.3592 269.8425 0.0735, -360.3592 269.8425 0.0734, -360.3551 269.8402 0.071, -360.3555 269.8335 0.0735, -360.351 269.8348 0.071, -360.3478 269.8381 0.0694, -360.3631 269.8329 0.0837, -360.3622 269.8334 0.0807, -360.3603 269.8346 0.0768, -360.3575 269.8361 0.0735, -360.3542 269.838 0.071, -360.3505 269.8402 0.0694, -360.3528 269.8362 0.071, -360.3489 269.8385 0.0694, -360.3498 269.8393 0.0694, -360.3554 269.8425 0.071, -360.3554 269.8425 0.071, -360.3511 269.8425 0.0694, -359.6503 270.2586 0.0694, -359.6503 270.2586 0.0694, -359.6461 270.2586 0.071, -359.646 270.2586 0.071, -359.6423 270.2586 0.0734, -359.6422 270.2586 0.0735, -359.6392 270.2586 0.0767, -359.6391 270.2586 0.0768, -359.6369 270.2586 0.0806, -359.6368 270.2586 0.0807, -359.6168 269.7973 0.2356, -359.6169 269.7973 0.2356, -359.6214 269.7954 0.2358, -359.6216 269.7953 0.2358, -359.6128 269.8004 0.2355, -359.6097 269.8044 0.2356, -359.6097 269.8045 0.2356, -359.6077 269.809 0.2358, -359.6077 269.8092 0.2358, -360.3917 269.8044 0.2356, -360.3918 269.8045 0.2356, -360.3937 269.809 0.2358, -360.3937 269.8092 0.2358, -360.3887 269.8004 0.2355, -360.3847 269.7973 0.2356, -360.3846 269.7973 0.2356, -360.38 269.7954 0.2358, -360.3798 269.7953 0.2358, -360.3647 270.2586 0.0807, -360.3646 270.2586 0.0806, -360.3624 270.2586 0.0768, -360.3623 270.2586 0.0767, -360.3592 270.2586 0.0735, -360.3592 270.2586 0.0734, -360.3554 270.2586 0.071, -360.3554 270.2586 0.071, -360.3511 270.2586 0.0694, -360.3511 270.2586 0.0694, -360.3466 270.2631 0.0694, -360.3466 270.2767 0.0807, -359.6548 270.2767 0.0807, -360.3466 270.2766 0.0806, -359.6548 270.2766 0.0806, -360.3466 270.2744 0.0768, -359.6548 270.2744 0.0768, -360.3466 270.2743 0.0767, -359.6548 270.2743 0.0767, -360.3466 270.2713 0.0735, -359.6548 270.2713 0.0735, -360.3466 270.2712 0.0734, -359.6548 270.2712 0.0734, -360.3466 270.2674 0.071, -359.6548 270.2674 0.071, -360.3466 270.2674 0.071, -359.6548 270.2674 0.071, -360.3466 270.2632 0.0694, -359.6548 270.2632 0.0694, -359.6548 270.2631 0.0694, -359.6505 270.2598 0.0694, -359.6526 270.2671 0.071, -359.6516 270.2708 0.0735, -359.6508 270.2739 0.0768, -359.6502 270.2761 0.0807, -359.6458 270.2743 0.0807, -359.6363 270.2635 0.0842, -359.6383 270.2681 0.0837, -359.6363 270.2636 0.0842, -359.6374 270.2633 0.0807, -359.6499 270.2772 0.0842, -359.6499 270.2771 0.0842, -359.6454 270.2752 0.0837, -359.6453 270.2751 0.0837, -359.6414 270.2721 0.0835, -359.6396 270.2627 0.0768, -359.647 270.2723 0.0768, -359.6421 270.2714 0.0807, -359.6426 270.2619 0.0735, -359.6485 270.2696 0.0735, -359.6437 270.2698 0.0768, -359.6463 270.2609 0.071, -359.6459 270.2676 0.0735, -359.6504 270.2663 0.071, -359.6537 270.263 0.0694, -359.6383 270.2682 0.0837, -359.6392 270.2677 0.0807, -359.6412 270.2665 0.0768, -359.6439 270.2649 0.0735, -359.6472 270.263 0.071, -359.6509 270.2609 0.0694, -359.6486 270.2649 0.071, -359.6526 270.2625 0.0694, -359.6516 270.2618 0.0694, -359.6077 269.8092 0.2957, -359.6077 269.809 0.2957, -359.6097 269.8045 0.2959, -359.6097 269.8044 0.2959, -359.6128 269.8004 0.296, -359.6168 269.7973 0.2959, -359.6169 269.7973 0.2959, -359.6214 269.7954 0.2957, -359.6216 269.7953 0.2957, -360.3798 269.7953 0.2957, -360.38 269.7954 0.2957, -360.3846 269.7973 0.2959, -360.3847 269.7973 0.2959, -360.3887 269.8004 0.296, -360.3917 269.8044 0.2959, -360.3918 269.8045 0.2959, -360.3937 269.809 0.2957, -360.3937 269.8092 0.2957, -360.3478 270.263 0.0694, -360.3551 270.2609 0.071, -360.3588 270.2619 0.0735, -360.3618 270.2627 0.0768, -360.364 270.2633 0.0807, -360.3622 270.2677 0.0807, -360.3515 270.2772 0.0842, -360.3561 270.2752 0.0837, -360.3516 270.2771 0.0842, -360.3513 270.2761 0.0807, -360.3651 270.2635 0.0842, -360.3651 270.2636 0.0842, -360.3631 270.2681 0.0837, -360.3631 270.2682 0.0837, -360.3601 270.2721 0.0835, -360.3507 270.2739 0.0768, -360.3603 270.2665 0.0768, -360.3594 270.2714 0.0807, -360.3499 270.2708 0.0735, -360.3575 270.2649 0.0735, -360.3577 270.2698 0.0768, -360.3489 270.2671 0.071, -360.3555 270.2676 0.0735, -360.3542 270.263 0.071, -360.351 270.2598 0.0694, -360.3561 270.2751 0.0837, -360.3556 270.2743 0.0807, -360.3545 270.2723 0.0768, -360.3529 270.2696 0.0735, -360.351 270.2663 0.071, -360.3489 270.2625 0.0694, -360.3528 270.2649 0.071, -360.3505 270.2609 0.0694, -360.3498 270.2618 0.0694, -359.6097 270.2967 0.2356, -359.6097 270.2966 0.2356, -359.6077 270.2921 0.2358, -359.6077 270.2919 0.2358, -359.6128 270.3007 0.2355, -359.6168 270.3038 0.2356, -359.6169 270.3038 0.2356, -359.6214 270.3057 0.2358, -359.6216 270.3057 0.2358, -359.6363 269.8376 0.4473, -359.6363 269.8375 0.4473, -359.6383 269.833 0.4478, -359.6383 269.8329 0.4478, -359.6414 269.829 0.448, -359.6453 269.826 0.4478, -359.6454 269.8259 0.4478, -359.6499 269.8239 0.4473, -359.6499 269.8239 0.4473, -360.3466 269.8244 0.4508, -359.6548 269.8244 0.4508, -360.3466 269.8245 0.4509, -359.6548 269.8245 0.4509, -360.3466 269.8267 0.4547, -359.6548 269.8267 0.4547, -360.3466 269.8268 0.4548, -359.6548 269.8268 0.4548, -360.3466 269.8298 0.458, -359.6548 269.8298 0.458, -360.3466 269.8299 0.4581, -359.6548 269.8299 0.4581, -360.3466 269.8336 0.4605, -359.6548 269.8336 0.4605, -360.3466 269.8337 0.4605, -359.6548 269.8337 0.4605, -360.3466 269.8379 0.4621, -359.6548 269.8379 0.4621, -360.3466 269.838 0.4621, -359.6548 269.838 0.4621, -360.3509 269.8238 0.4472, -360.3515 269.8239 0.4473, -360.3548 269.8254 0.4477, -360.3561 269.8259 0.4478, -360.3584 269.8277 0.4479, -360.3601 269.829 0.448, -360.3614 269.8307 0.4479, -360.3631 269.833 0.4478, -360.3637 269.8342 0.4477, -360.3651 269.8376 0.4473, -360.3653 269.8382 0.4472, -360.3847 270.3038 0.2356, -360.3846 270.3038 0.2356, -360.38 270.3057 0.2358, -360.3798 270.3057 0.2358, -360.3887 270.3007 0.2355, -360.3917 270.2967 0.2356, -360.3918 270.2966 0.2356, -360.3937 270.2921 0.2358, -360.3937 270.2919 0.2358, -359.6216 270.3057 0.2957, -359.6214 270.3057 0.2957, -359.6169 270.3038 0.2959, -359.6168 270.3038 0.2959, -359.6128 270.3007 0.296, -359.6097 270.2967 0.2959, -359.6097 270.2966 0.2959, -359.6077 270.2921 0.2957, -359.6077 270.2919 0.2957, -359.6392 269.8425 0.4548, -359.6422 269.8425 0.458, -359.6426 269.8392 0.458, -359.6463 269.8402 0.4605, -359.6505 269.8413 0.4621, -359.6509 269.8402 0.4621, -359.6526 269.8385 0.4621, -359.6516 269.8393 0.4621, -359.6537 269.8381 0.4621, -359.6503 269.8425 0.4621, -359.6374 269.8378 0.4508, -359.6392 269.8334 0.4508, -359.6421 269.8297 0.4508, -359.6458 269.8268 0.4508, -359.6502 269.825 0.4508, -359.6423 269.8425 0.4581, -359.646 269.8425 0.4605, -359.6461 269.8425 0.4605, -359.6503 269.8425 0.4621, -359.6472 269.838 0.4605, -359.6486 269.8362 0.4605, -359.6504 269.8348 0.4605, -359.6526 269.8339 0.4605, -359.6439 269.8361 0.458, -359.6459 269.8335 0.458, -359.6485 269.8315 0.458, -359.6516 269.8303 0.458, -359.6369 269.8425 0.4509, -359.6391 269.8425 0.4547, -359.6396 269.8384 0.4547, -359.6412 269.8346 0.4547, -359.6437 269.8313 0.4547, -359.647 269.8288 0.4547, -359.6508 269.8272 0.4547, -359.6368 269.8425 0.4508, -360.3501 269.8271 0.4547, -360.3494 269.8301 0.458, -360.3486 269.8339 0.4605, -360.3476 269.838 0.4621, -360.3486 269.8384 0.4621, -360.3507 269.8405 0.4621, -360.3501 269.8396 0.4621, -360.351 269.8414 0.4621, -360.3506 269.8249 0.4508, -360.3544 269.8262 0.4508, -360.3579 269.8283 0.4508, -360.3607 269.8312 0.4508, -360.3629 269.8346 0.4508, -360.3642 269.8384 0.4508, -360.3647 269.8425 0.4508, -360.3511 269.8425 0.4621, -360.3521 269.8356 0.4605, -360.3535 269.837 0.4605, -360.3545 269.8386 0.4605, -360.3552 269.8405 0.4605, -360.3504 269.8345 0.4605, -360.3494 269.8389 0.4621, -360.3511 269.8425 0.4621, -360.3554 269.8425 0.4605, -360.3554 269.8425 0.4605, -360.3592 269.8425 0.4581, -360.3521 269.8311 0.458, -360.3545 269.8326 0.458, -360.3565 269.8346 0.458, -360.358 269.837 0.458, -360.3589 269.8396 0.458, -360.3534 269.8283 0.4547, -360.3564 269.8301 0.4547, -360.3589 269.8326 0.4547, -360.3608 269.8356 0.4547, -360.362 269.8389 0.4547, -360.3592 269.8425 0.458, -360.3623 269.8425 0.4548, -360.3624 269.8425 0.4547, -360.3646 269.8425 0.4509, -360.3937 270.2919 0.2957, -360.3937 270.2921 0.2957, -360.3918 270.2966 0.2959, -360.3917 270.2967 0.2959, -360.3887 270.3007 0.296, -360.3847 270.3038 0.2959, -360.3846 270.3038 0.2959, -360.38 270.3057 0.2957, -360.3798 270.3057 0.2957, -359.6499 270.2772 0.4473, -359.6499 270.2771 0.4473, -359.6454 270.2752 0.4478, -359.6453 270.2751 0.4478, -359.6414 270.2721 0.448, -359.6383 270.2682 0.4478, -359.6383 270.2681 0.4478, -359.6363 270.2636 0.4473, -359.6363 270.2635 0.4473, -359.6368 270.2586 0.4508, -359.6369 270.2586 0.4509, -359.6391 270.2586 0.4547, -359.6392 270.2586 0.4548, -359.6422 270.2586 0.458, -359.6423 270.2586 0.4581, -359.646 270.2586 0.4605, -359.6461 270.2586 0.4605, -359.6503 270.2586 0.4621, -359.6503 270.2586 0.4621, -360.3647 270.2586 0.4508, -360.3646 270.2586 0.4509, -360.3624 270.2586 0.4547, -360.3623 270.2586 0.4548, -360.3592 270.2586 0.458, -360.3592 270.2586 0.4581, -360.3554 270.2586 0.4605, -360.3554 270.2586 0.4605, -360.3511 270.2586 0.4621, -360.3511 270.2586 0.4621, -360.3653 270.2629 0.4472, -360.3651 270.2635 0.4473, -360.3637 270.2669 0.4477, -360.3631 270.2681 0.4478, -360.3614 270.2704 0.4479, -360.3601 270.2721 0.448, -360.3584 270.2734 0.4479, -360.3561 270.2752 0.4478, -360.3548 270.2757 0.4477, -360.3515 270.2772 0.4473, -360.3509 270.2773 0.4472, -359.6548 270.2743 0.4548, -359.6548 270.2713 0.458, -359.6516 270.2708 0.458, -359.6526 270.2671 0.4605, -359.6537 270.263 0.4621, -359.6526 270.2625 0.4621, -359.6509 270.2609 0.4621, -359.6516 270.2618 0.4621, -359.6505 270.2598 0.4621, -359.6548 270.2631 0.4621, -359.6502 270.2761 0.4508, -359.6458 270.2743 0.4508, -359.6421 270.2714 0.4508, -359.6392 270.2677 0.4508, -359.6374 270.2633 0.4508, -359.6548 270.2712 0.4581, -359.6548 270.2674 0.4605, -359.6548 270.2674 0.4605, -359.6548 270.2632 0.4621, -359.6504 270.2663 0.4605, -359.6486 270.2649 0.4605, -359.6472 270.263 0.4605, -359.6463 270.2609 0.4605, -359.6485 270.2696 0.458, -359.6459 270.2676 0.458, -359.6439 270.2649 0.458, -359.6426 270.2619 0.458, -359.6548 270.2766 0.4509, -359.6548 270.2744 0.4547, -359.6508 270.2739 0.4547, -359.647 270.2723 0.4547, -359.6437 270.2698 0.4547, -359.6412 270.2665 0.4547, -359.6396 270.2627 0.4547, -359.6548 270.2767 0.4508, -360.362 270.2621 0.4547, -360.3589 270.2614 0.458, -360.3552 270.2606 0.4605, -360.351 270.2596 0.4621, -360.3507 270.2606 0.4621, -360.3486 270.2627 0.4621, -360.3494 270.2622 0.4621, -360.3476 270.263 0.4621, -360.3642 270.2626 0.4508, -360.3629 270.2665 0.4508, -360.3607 270.2699 0.4508, -360.3579 270.2727 0.4508, -360.3544 270.2749 0.4508, -360.3506 270.2762 0.4508, -360.3466 270.2767 0.4508, -360.3466 270.2631 0.4621, -360.3535 270.2641 0.4605, -360.3521 270.2655 0.4605, -360.3504 270.2666 0.4605, -360.3486 270.2672 0.4605, -360.3545 270.2624 0.4605, -360.3501 270.2614 0.4621, -360.3466 270.2632 0.4621, -360.3466 270.2674 0.4605, -360.3466 270.2674 0.4605, -360.3466 270.2712 0.4581, -360.358 270.2641 0.458, -360.3565 270.2665 0.458, -360.3545 270.2685 0.458, -360.3521 270.27 0.458, -360.3494 270.2709 0.458, -360.3608 270.2655 0.4547, -360.3589 270.2685 0.4547, -360.3564 270.2709 0.4547, -360.3534 270.2728 0.4547, -360.3501 270.274 0.4547, -360.3466 270.2713 0.458, -360.3466 270.2743 0.4548, -360.3466 270.2744 0.4547, -360.3466 270.2766 0.4509
            ]
        }
        coordIndex [
            0,1,2,-1,2,1,3,-1,4,5,6,-1,6,5,7,-1,8,9,10,-1,10,9,11,-1,12,13,14,-1,14,13,15,-1,14,15,16,-1,17,16,18,-1,18,16,19,-1,20,21,22,-1,22,21,23,-1,24,25,26,-1,26,25,13,-1,27,28,29,-1,29,28,30,-1,29,30,31,-1,19,32,12,-1,12,32,22,-1,12,22,13,-1,13,22,23,-1,13,23,26,-1,33,34,35,-1,36,37,38,-1,38,37,39,-1,38,39,40,-1,41,42,38,-1,38,42,43,-1,44,45,46,-1,46,45,47,-1,43,48,38,-1,38,48,47,-1,38,47,49,-1,49,47,45,-1,40,50,38,-1,38,50,51,-1,38,51,41,-1,31,52,29,-1,29,52,53,-1,29,53,54,-1,54,53,55,-1,54,55,56,-1,55,57,56,-1,56,57,58,-1,56,58,35,-1,35,58,59,-1,35,59,33,-1,60,61,12,-1,12,61,62,-1,12,62,63,-1,63,64,12,-1,12,64,65,-1,12,65,19,-1,19,65,66,-1,19,66,18,-1,18,66,67,-1,18,67,38,-1,38,67,68,-1,38,68,36,-1,69,70,71,-1,71,70,72,-1,71,72,28,-1,34,60,35,-1,35,60,12,-1,35,12,73,-1,73,12,74,-1,73,74,27,-1,27,74,75,-1,27,75,28,-1,28,75,76,-1,28,76,71,-1,77,78,71,-1,71,78,14,-1,71,14,69,-1,69,14,16,-1,69,16,79,-1,79,16,17,-1,80,81,82,-1,83,14,84,-1,84,14,78,-1,84,78,85,-1,85,78,86,-1,85,86,87,-1,87,86,12,-1,82,88,80,-1,80,88,89,-1,80,89,90,-1,91,92,14,-1,14,92,93,-1,14,93,12,-1,12,93,94,-1,95,96,87,-1,87,96,97,-1,94,98,12,-1,12,98,99,-1,12,99,87,-1,87,99,100,-1,87,100,95,-1,90,91,80,-1,80,91,14,-1,80,14,101,-1,101,14,83,-1,101,83,102,-1,102,83,103,-1,97,104,87,-1,87,104,105,-1,87,105,80,-1,80,105,106,-1,80,106,81,-1,107,108,109,-1,110,111,112,-1,113,114,115,-1,115,114,116,-1,115,116,117,-1,117,116,118,-1,117,118,119,-1,120,121,113,-1,113,121,122,-1,113,122,123,-1,123,124,113,-1,113,124,125,-1,113,125,114,-1,126,127,128,-1,126,128,113,-1,113,128,129,-1,113,129,120,-1,130,131,126,-1,132,133,134,-1,134,133,135,-1,134,135,136,-1,136,135,137,-1,136,137,138,-1,138,137,139,-1,131,140,126,-1,126,140,141,-1,126,141,142,-1,142,143,126,-1,126,143,144,-1,126,144,145,-1,127,126,146,-1,146,126,145,-1,146,145,137,-1,137,145,147,-1,137,147,139,-1,148,149,150,-1,130,126,150,-1,150,126,151,-1,150,151,148,-1,152,153,154,-1,154,153,155,-1,152,156,153,-1,153,156,157,-1,153,157,148,-1,148,157,158,-1,148,158,149,-1,155,159,160,-1,161,162,163,-1,163,162,164,-1,163,164,165,-1,164,166,165,-1,165,166,167,-1,165,167,168,-1,168,167,169,-1,160,170,155,-1,155,170,162,-1,155,162,154,-1,154,162,161,-1,154,161,171,-1,171,161,172,-1,171,172,173,-1,173,172,174,-1,173,175,176,-1,177,178,167,-1,167,178,179,-1,167,179,180,-1,177,181,178,-1,178,181,182,-1,178,182,183,-1,183,182,184,-1,183,184,185,-1,174,186,173,-1,173,186,187,-1,173,187,188,-1,188,189,173,-1,173,189,190,-1,173,190,175,-1,191,192,193,-1,193,192,194,-1,193,194,176,-1,176,194,195,-1,176,195,173,-1,180,196,167,-1,167,196,197,-1,167,197,169,-1,191,193,198,-1,198,193,199,-1,198,199,200,-1,201,202,203,-1,204,205,153,-1,153,205,206,-1,207,208,209,-1,209,208,210,-1,209,210,211,-1,212,213,214,-1,214,213,215,-1,214,215,203,-1,203,215,216,-1,203,216,201,-1,213,217,215,-1,215,217,218,-1,215,218,219,-1,206,220,153,-1,153,220,221,-1,153,221,222,-1,222,207,153,-1,153,207,209,-1,153,209,155,-1,155,209,223,-1,155,223,214,-1,214,223,224,-1,214,224,212,-1,211,225,209,-1,209,225,226,-1,209,226,227,-1,227,228,209,-1,209,228,229,-1,209,229,230,-1,231,232,233,-1,219,234,215,-1,215,234,235,-1,215,235,233,-1,233,235,236,-1,233,236,231,-1,232,237,233,-1,233,237,238,-1,233,238,239,-1,239,238,240,-1,239,240,241,-1,242,243,239,-1,239,243,244,-1,239,244,245,-1,241,246,239,-1,239,246,247,-1,239,247,242,-1,248,249,250,-1,250,249,148,-1,249,251,148,-1,148,251,252,-1,148,252,153,-1,153,252,253,-1,153,253,204,-1,254,255,256,-1,256,255,257,-1,257,255,258,-1,257,258,259,-1,260,261,214,-1,260,214,262,-1,261,263,214,-1,214,263,264,-1,214,264,254,-1,265,203,266,-1,266,203,267,-1,265,268,203,-1,203,268,269,-1,203,269,214,-1,214,269,270,-1,214,270,262,-1,203,271,272,-1,272,273,203,-1,203,273,274,-1,203,274,275,-1,275,276,203,-1,203,276,277,-1,203,277,278,-1,278,279,203,-1,203,279,280,-1,203,280,267,-1,267,280,281,-1,282,283,284,-1,284,283,285,-1,284,285,286,-1,286,285,267,-1,286,267,287,-1,287,267,281,-1,202,248,203,-1,203,248,250,-1,203,250,271,-1,271,250,288,-1,271,288,289,-1,289,288,290,-1,291,292,293,-1,293,294,291,-1,291,294,295,-1,291,295,296,-1,292,297,298,-1,299,300,301,-1,301,300,302,-1,301,302,303,-1,302,304,303,-1,303,304,305,-1,303,305,306,-1,306,305,307,-1,298,308,292,-1,292,308,300,-1,292,300,293,-1,293,300,299,-1,293,299,309,-1,309,299,310,-1,309,310,311,-1,311,310,312,-1,311,313,314,-1,315,316,305,-1,305,316,317,-1,305,317,318,-1,315,319,316,-1,316,319,320,-1,316,320,321,-1,321,320,322,-1,321,322,323,-1,312,324,311,-1,311,324,325,-1,311,325,326,-1,326,327,311,-1,311,327,328,-1,311,328,313,-1,329,330,331,-1,331,330,332,-1,331,332,314,-1,314,332,333,-1,314,333,311,-1,318,334,305,-1,305,334,335,-1,305,335,307,-1,329,331,336,-1,336,331,337,-1,336,337,338,-1,339,340,341,-1,341,340,342,-1,343,344,345,-1,345,344,346,-1,339,347,340,-1,340,347,348,-1,340,348,349,-1,346,350,345,-1,345,350,351,-1,345,351,352,-1,349,353,340,-1,340,353,354,-1,340,354,345,-1,345,354,355,-1,345,355,343,-1,356,357,358,-1,359,360,361,-1,358,362,356,-1,356,362,359,-1,356,359,363,-1,363,359,361,-1,364,365,359,-1,359,365,366,-1,359,366,360,-1,367,368,369,-1,369,368,370,-1,369,370,371,-1,371,372,369,-1,369,372,373,-1,369,373,374,-1,367,369,375,-1,375,369,376,-1,375,376,377,-1,377,376,378,-1,377,378,352,-1,379,380,376,-1,380,381,376,-1,376,381,382,-1,376,382,383,-1,384,385,386,-1,386,385,387,-1,383,388,389,-1,389,388,390,-1,389,390,391,-1,391,392,389,-1,389,392,393,-1,389,393,394,-1,394,393,395,-1,394,395,396,-1,387,397,386,-1,386,397,398,-1,386,398,376,-1,376,398,399,-1,376,399,379,-1,396,400,394,-1,394,400,401,-1,394,401,402,-1,402,401,403,-1,404,405,406,-1,403,407,402,-1,402,407,408,-1,402,408,406,-1,406,408,409,-1,406,409,404,-1,410,411,369,-1,369,411,412,-1,369,412,413,-1,413,414,369,-1,369,414,415,-1,369,415,416,-1,417,418,419,-1,419,418,420,-1,419,420,421,-1,421,410,419,-1,419,410,369,-1,419,369,359,-1,359,369,374,-1,359,374,364,-1,417,419,422,-1,422,419,423,-1,422,423,424,-1,424,423,425,-1,424,425,426,-1,427,426,428,-1,428,426,429,-1,427,430,426,-1,426,430,431,-1,426,431,424,-1,432,433,434,-1,426,435,429,-1,429,435,436,-1,429,436,434,-1,434,436,437,-1,434,437,432,-1,438,439,362,-1,362,439,440,-1,362,440,359,-1,359,440,441,-1,359,441,419,-1,438,362,111,-1,111,362,442,-1,111,442,112,-1,443,444,445,-1,445,444,446,-1,445,446,112,-1,416,447,369,-1,369,447,448,-1,369,448,376,-1,376,448,449,-1,376,449,386,-1,386,449,450,-1,386,450,445,-1,445,450,451,-1,445,451,443,-1,452,453,112,-1,112,453,454,-1,112,454,455,-1,456,457,446,-1,457,458,446,-1,446,458,459,-1,446,459,112,-1,112,459,460,-1,112,460,452,-1,455,461,112,-1,112,461,462,-1,112,462,110,-1,456,446,463,-1,463,446,464,-1,463,464,465,-1,465,464,466,-1,465,466,467,-1,467,466,468,-1,467,468,469,-1,469,470,467,-1,467,470,471,-1,467,471,472,-1,472,473,467,-1,467,473,474,-1,467,474,475,-1,476,477,475,-1,475,477,478,-1,475,478,467,-1,358,479,480,-1,480,479,291,-1,480,291,288,-1,288,291,296,-1,288,296,290,-1,481,482,479,-1,479,482,483,-1,479,483,291,-1,291,483,484,-1,291,484,292,-1,292,484,485,-1,292,485,482,-1,482,485,486,-1,482,486,483,-1,357,342,358,-1,358,342,340,-1,358,340,479,-1,479,340,487,-1,479,487,481,-1,488,345,489,-1,489,345,482,-1,489,482,490,-1,490,482,481,-1,488,491,345,-1,345,491,492,-1,345,492,340,-1,340,492,493,-1,340,493,487,-1,254,256,214,-1,214,256,117,-1,214,117,155,-1,155,117,119,-1,155,119,159,-1,352,378,345,-1,345,378,494,-1,345,494,482,-1,482,494,257,-1,482,257,292,-1,292,257,259,-1,292,259,297,-1,442,495,112,-1,112,495,496,-1,112,496,445,-1,445,496,497,-1,445,497,386,-1,386,497,406,-1,386,406,384,-1,384,406,405,-1,383,389,376,-1,376,389,498,-1,376,498,378,-1,378,498,499,-1,378,499,494,-1,494,499,500,-1,494,500,257,-1,257,500,501,-1,257,501,256,-1,256,501,109,-1,256,109,117,-1,117,109,108,-1,117,108,115,-1,107,109,502,-1,502,109,501,-1,502,501,503,-1,503,501,500,-1,503,500,504,-1,504,500,499,-1,504,499,505,-1,505,499,498,-1,505,498,506,-1,506,498,389,-1,506,389,507,-1,507,389,394,-1,507,394,508,-1,508,394,402,-1,508,402,509,-1,510,511,512,-1,512,511,513,-1,514,515,516,-1,516,515,517,-1,518,519,520,-1,520,519,521,-1,522,523,524,-1,524,523,525,-1,526,527,523,-1,523,522,526,-1,526,522,5,-1,526,5,528,-1,528,5,4,-1,4,10,528,-1,528,10,11,-1,528,11,529,-1,510,530,531,-1,510,531,511,-1,511,531,532,-1,511,532,533,-1,518,534,535,-1,518,535,519,-1,519,535,536,-1,519,536,537,-1,3,538,539,-1,540,515,541,-1,541,515,514,-1,541,514,539,-1,539,514,2,-1,539,2,3,-1,517,542,543,-1,544,1,545,-1,545,1,0,-1,545,0,543,-1,543,0,516,-1,543,516,517,-1,546,547,521,-1,521,547,548,-1,521,548,520,-1,520,548,549,-1,513,550,551,-1,513,551,512,-1,512,551,552,-1,512,552,553,-1,554,555,9,-1,556,557,525,-1,525,557,524,-1,9,8,554,-1,554,8,6,-1,554,6,557,-1,557,6,7,-1,557,7,524,-1,71,76,558,-1,77,71,559,-1,559,71,558,-1,559,558,560,-1,560,558,561,-1,560,561,562,-1,562,561,563,-1,562,563,564,-1,564,563,565,-1,564,565,566,-1,566,565,567,-1,566,567,568,-1,568,567,569,-1,568,569,570,-1,570,569,571,-1,570,571,572,-1,572,571,573,-1,572,573,574,-1,574,573,575,-1,574,575,576,-1,576,575,577,-1,576,577,528,-1,528,577,526,-1,558,76,578,-1,579,580,581,-1,582,583,584,-1,585,586,587,-1,588,526,577,-1,589,590,591,-1,591,590,588,-1,592,593,586,-1,586,593,594,-1,586,594,587,-1,587,594,595,-1,587,595,596,-1,531,592,597,-1,597,592,586,-1,597,586,598,-1,598,586,585,-1,598,585,599,-1,599,585,600,-1,588,577,591,-1,591,577,575,-1,591,575,601,-1,583,600,584,-1,584,600,585,-1,584,585,602,-1,602,585,587,-1,602,587,603,-1,603,587,596,-1,575,573,601,-1,601,573,571,-1,601,571,604,-1,580,582,581,-1,581,582,584,-1,581,584,605,-1,605,584,602,-1,605,602,606,-1,606,602,603,-1,571,569,604,-1,604,569,567,-1,604,567,607,-1,606,608,605,-1,605,608,609,-1,605,609,581,-1,581,609,610,-1,581,610,579,-1,611,589,612,-1,612,589,591,-1,612,591,613,-1,613,591,601,-1,613,601,614,-1,614,601,604,-1,614,604,615,-1,615,604,607,-1,615,607,616,-1,616,607,578,-1,616,578,76,-1,76,617,610,-1,610,617,618,-1,610,618,579,-1,608,619,609,-1,609,619,620,-1,609,620,610,-1,610,620,76,-1,619,621,620,-1,620,621,76,-1,567,565,607,-1,607,565,563,-1,607,563,578,-1,578,563,561,-1,578,561,558,-1,596,611,603,-1,603,611,612,-1,603,612,606,-1,606,612,613,-1,606,613,608,-1,608,613,614,-1,608,614,619,-1,619,614,615,-1,619,615,621,-1,621,615,616,-1,621,616,76,-1,622,77,623,-1,562,564,624,-1,566,568,625,-1,626,627,628,-1,629,536,630,-1,631,632,633,-1,633,632,629,-1,634,635,627,-1,627,635,636,-1,627,636,628,-1,628,636,637,-1,628,637,638,-1,528,634,576,-1,576,634,627,-1,576,627,574,-1,574,627,626,-1,574,626,572,-1,572,626,570,-1,629,630,633,-1,633,630,639,-1,633,639,640,-1,568,570,625,-1,625,570,626,-1,625,626,641,-1,641,626,628,-1,641,628,642,-1,642,628,638,-1,639,643,640,-1,640,643,644,-1,640,644,645,-1,564,566,624,-1,624,566,625,-1,624,625,646,-1,646,625,641,-1,646,641,647,-1,647,641,642,-1,644,648,645,-1,645,648,649,-1,645,649,650,-1,647,651,646,-1,646,651,652,-1,646,652,624,-1,624,652,653,-1,624,653,562,-1,654,631,655,-1,655,631,633,-1,655,633,656,-1,656,633,640,-1,656,640,657,-1,657,640,645,-1,657,645,658,-1,658,645,650,-1,658,650,659,-1,659,650,623,-1,659,623,77,-1,77,559,653,-1,653,559,560,-1,653,560,562,-1,651,660,652,-1,652,660,661,-1,652,661,653,-1,653,661,77,-1,660,662,661,-1,661,662,77,-1,649,663,650,-1,650,663,664,-1,650,664,623,-1,623,664,665,-1,623,665,622,-1,638,654,642,-1,642,654,655,-1,642,655,647,-1,647,655,656,-1,647,656,651,-1,651,656,657,-1,651,657,660,-1,660,657,658,-1,660,658,662,-1,662,658,659,-1,662,659,77,-1,75,74,666,-1,76,75,617,-1,617,75,666,-1,617,666,618,-1,618,666,667,-1,618,667,579,-1,579,667,668,-1,579,668,580,-1,580,668,669,-1,580,669,582,-1,582,669,670,-1,582,670,583,-1,583,670,671,-1,583,671,600,-1,600,671,672,-1,600,672,599,-1,599,672,673,-1,599,673,598,-1,598,673,674,-1,598,674,597,-1,597,674,675,-1,597,675,531,-1,531,675,532,-1,676,677,588,-1,588,677,678,-1,588,678,526,-1,526,678,679,-1,526,679,527,-1,588,590,676,-1,676,590,589,-1,676,589,680,-1,680,589,611,-1,611,596,680,-1,680,596,595,-1,680,595,681,-1,681,595,594,-1,681,594,682,-1,682,594,593,-1,682,593,683,-1,683,593,592,-1,683,592,684,-1,684,592,531,-1,684,531,530,-1,685,686,629,-1,629,686,687,-1,629,687,536,-1,536,687,688,-1,536,688,537,-1,629,632,685,-1,685,632,631,-1,685,631,689,-1,689,631,654,-1,654,638,689,-1,689,638,637,-1,689,637,690,-1,690,637,636,-1,690,636,691,-1,691,636,635,-1,691,635,692,-1,692,635,634,-1,692,634,693,-1,693,634,528,-1,693,528,529,-1,78,77,622,-1,536,535,630,-1,630,535,694,-1,630,694,639,-1,639,694,695,-1,639,695,643,-1,643,695,696,-1,643,696,644,-1,644,696,697,-1,644,697,648,-1,648,697,698,-1,648,698,649,-1,649,698,699,-1,649,699,663,-1,663,699,700,-1,663,700,664,-1,664,700,701,-1,664,701,665,-1,665,701,702,-1,665,702,622,-1,622,702,703,-1,622,703,78,-1,78,703,86,-1,12,86,704,-1,541,539,705,-1,705,539,706,-1,705,706,707,-1,707,706,708,-1,707,708,709,-1,709,708,710,-1,709,710,711,-1,711,710,712,-1,711,712,713,-1,713,712,714,-1,713,714,715,-1,715,714,716,-1,715,716,717,-1,717,716,718,-1,717,718,719,-1,719,718,720,-1,719,720,721,-1,721,720,722,-1,721,722,704,-1,704,722,723,-1,704,723,12,-1,12,723,74,-1,666,74,724,-1,720,718,725,-1,716,714,726,-1,727,728,729,-1,730,532,675,-1,731,732,733,-1,733,732,730,-1,734,735,728,-1,728,735,736,-1,728,736,729,-1,729,736,737,-1,729,737,738,-1,539,734,706,-1,706,734,728,-1,706,728,708,-1,708,728,727,-1,708,727,710,-1,710,727,712,-1,730,675,733,-1,733,675,674,-1,733,674,739,-1,714,712,726,-1,726,712,727,-1,726,727,740,-1,740,727,729,-1,740,729,741,-1,741,729,738,-1,674,673,739,-1,739,673,672,-1,739,672,742,-1,718,716,725,-1,725,716,726,-1,725,726,743,-1,743,726,740,-1,743,740,744,-1,744,740,741,-1,672,671,742,-1,742,671,670,-1,742,670,745,-1,744,746,743,-1,743,746,747,-1,743,747,725,-1,725,747,748,-1,725,748,720,-1,749,731,750,-1,750,731,733,-1,750,733,751,-1,751,733,739,-1,751,739,752,-1,752,739,742,-1,752,742,753,-1,753,742,745,-1,753,745,754,-1,754,745,724,-1,754,724,74,-1,74,723,748,-1,748,723,722,-1,748,722,720,-1,746,755,747,-1,747,755,756,-1,747,756,748,-1,748,756,74,-1,755,757,756,-1,756,757,74,-1,670,669,745,-1,745,669,668,-1,745,668,724,-1,724,668,667,-1,724,667,666,-1,738,749,741,-1,741,749,750,-1,741,750,744,-1,744,750,751,-1,744,751,746,-1,746,751,752,-1,746,752,755,-1,755,752,753,-1,755,753,757,-1,757,753,754,-1,757,754,74,-1,510,512,530,-1,530,512,553,-1,530,553,684,-1,684,553,758,-1,684,758,683,-1,683,758,759,-1,683,759,682,-1,682,759,760,-1,682,760,681,-1,681,760,761,-1,681,761,680,-1,680,761,762,-1,680,762,676,-1,676,762,763,-1,676,763,677,-1,763,764,677,-1,677,764,765,-1,677,765,678,-1,678,765,766,-1,525,523,556,-1,556,523,527,-1,556,527,766,-1,766,527,679,-1,766,679,678,-1,767,693,529,-1,11,9,529,-1,529,9,555,-1,529,555,767,-1,693,767,692,-1,692,767,768,-1,692,768,691,-1,691,768,769,-1,691,769,690,-1,690,769,770,-1,690,770,689,-1,689,770,771,-1,689,771,685,-1,685,771,772,-1,685,772,686,-1,546,521,519,-1,772,773,686,-1,686,773,774,-1,686,774,687,-1,687,774,775,-1,687,775,688,-1,688,775,546,-1,688,546,537,-1,537,546,519,-1,704,86,776,-1,701,700,777,-1,699,698,778,-1,779,780,781,-1,782,541,705,-1,783,784,785,-1,785,784,782,-1,786,787,780,-1,780,787,788,-1,780,788,781,-1,781,788,789,-1,781,789,790,-1,535,786,694,-1,694,786,780,-1,694,780,695,-1,695,780,779,-1,695,779,696,-1,696,779,697,-1,782,705,785,-1,785,705,707,-1,785,707,791,-1,698,697,778,-1,778,697,779,-1,778,779,792,-1,792,779,781,-1,792,781,793,-1,793,781,790,-1,707,709,791,-1,791,709,711,-1,791,711,794,-1,700,699,777,-1,777,699,778,-1,777,778,795,-1,795,778,792,-1,795,792,796,-1,796,792,793,-1,711,713,794,-1,794,713,715,-1,794,715,797,-1,796,798,795,-1,795,798,799,-1,795,799,777,-1,777,799,800,-1,777,800,701,-1,801,783,802,-1,802,783,785,-1,802,785,803,-1,803,785,791,-1,803,791,804,-1,804,791,794,-1,804,794,805,-1,805,794,797,-1,805,797,806,-1,806,797,776,-1,806,776,86,-1,86,703,800,-1,800,703,702,-1,800,702,701,-1,798,807,799,-1,799,807,808,-1,799,808,800,-1,800,808,86,-1,807,809,808,-1,808,809,86,-1,715,717,797,-1,797,717,719,-1,797,719,776,-1,776,719,721,-1,776,721,704,-1,790,801,793,-1,793,801,802,-1,793,802,796,-1,796,802,803,-1,796,803,798,-1,798,803,804,-1,798,804,807,-1,807,804,805,-1,807,805,809,-1,809,805,806,-1,809,806,86,-1,810,811,730,-1,730,811,812,-1,730,812,532,-1,532,812,813,-1,532,813,533,-1,730,732,810,-1,810,732,731,-1,810,731,814,-1,814,731,749,-1,749,738,814,-1,814,738,737,-1,814,737,815,-1,815,737,736,-1,815,736,816,-1,816,736,735,-1,816,735,817,-1,817,735,734,-1,817,734,818,-1,818,734,539,-1,818,539,538,-1,761,760,819,-1,819,760,759,-1,819,759,552,-1,552,759,758,-1,552,758,553,-1,819,820,761,-1,761,820,821,-1,761,821,762,-1,762,821,822,-1,822,823,762,-1,762,823,824,-1,762,824,763,-1,763,824,825,-1,763,825,764,-1,764,825,826,-1,764,826,765,-1,765,826,827,-1,765,827,766,-1,766,827,557,-1,766,557,556,-1,554,557,828,-1,828,557,829,-1,828,829,830,-1,830,829,831,-1,830,831,832,-1,832,831,833,-1,832,833,834,-1,834,833,835,-1,834,835,836,-1,836,835,837,-1,836,837,838,-1,838,837,839,-1,838,839,840,-1,840,839,841,-1,840,841,842,-1,842,841,843,-1,842,843,844,-1,844,843,845,-1,844,845,846,-1,846,845,847,-1,847,107,502,-1,502,503,847,-1,847,503,504,-1,847,504,846,-1,846,504,505,-1,846,505,506,-1,506,507,846,-1,846,507,508,-1,846,508,509,-1,555,554,767,-1,767,554,848,-1,767,848,768,-1,768,848,849,-1,768,849,769,-1,769,849,850,-1,769,850,770,-1,850,851,770,-1,770,851,852,-1,770,852,771,-1,852,853,771,-1,771,853,854,-1,771,854,772,-1,772,854,855,-1,772,855,773,-1,773,855,856,-1,773,856,774,-1,774,856,857,-1,774,857,775,-1,775,857,546,-1,546,857,858,-1,546,858,547,-1,859,860,782,-1,782,860,861,-1,782,861,541,-1,541,861,862,-1,541,862,540,-1,782,784,859,-1,859,784,783,-1,859,783,863,-1,863,783,801,-1,801,790,863,-1,863,790,789,-1,863,789,864,-1,864,789,788,-1,864,788,865,-1,865,788,787,-1,865,787,866,-1,866,787,786,-1,866,786,867,-1,867,786,535,-1,867,535,534,-1,868,818,538,-1,3,1,538,-1,538,1,544,-1,538,544,868,-1,818,868,817,-1,817,868,869,-1,817,869,816,-1,816,869,870,-1,816,870,815,-1,815,870,871,-1,815,871,814,-1,814,871,872,-1,814,872,810,-1,810,872,873,-1,810,873,811,-1,873,874,811,-1,811,874,875,-1,811,875,812,-1,812,875,876,-1,513,511,550,-1,550,511,533,-1,550,533,876,-1,876,533,813,-1,876,813,812,-1,877,878,879,-1,880,881,882,-1,107,883,884,-1,885,883,107,-1,882,881,107,-1,886,107,881,-1,887,820,819,-1,820,887,821,-1,821,887,888,-1,821,888,822,-1,822,888,889,-1,822,889,823,-1,823,889,890,-1,823,890,824,-1,824,890,825,-1,825,890,891,-1,825,891,826,-1,826,891,827,-1,827,891,829,-1,827,829,557,-1,847,885,107,-1,892,893,880,-1,880,893,894,-1,880,894,881,-1,881,894,895,-1,881,895,886,-1,896,884,897,-1,897,884,883,-1,897,883,898,-1,898,883,885,-1,898,885,899,-1,847,845,885,-1,885,845,843,-1,885,843,899,-1,899,843,841,-1,899,841,839,-1,879,896,900,-1,900,896,897,-1,900,897,901,-1,901,897,898,-1,901,898,902,-1,902,898,899,-1,902,899,903,-1,903,899,839,-1,904,905,906,-1,906,905,877,-1,877,879,906,-1,906,879,900,-1,906,900,907,-1,907,900,901,-1,907,901,908,-1,908,901,902,-1,908,902,909,-1,909,902,903,-1,909,903,910,-1,878,892,879,-1,879,892,880,-1,879,880,896,-1,896,880,882,-1,896,882,884,-1,884,882,107,-1,904,887,911,-1,911,887,819,-1,911,819,552,-1,839,837,903,-1,903,837,835,-1,903,835,910,-1,910,835,833,-1,910,833,831,-1,904,906,887,-1,887,906,907,-1,887,907,888,-1,888,907,908,-1,888,908,889,-1,889,908,909,-1,889,909,890,-1,890,909,910,-1,890,910,891,-1,891,910,831,-1,891,831,829,-1,830,832,912,-1,834,836,913,-1,914,915,916,-1,509,917,918,-1,919,917,509,-1,916,915,509,-1,846,509,915,-1,848,920,849,-1,849,920,921,-1,853,852,922,-1,922,852,851,-1,922,851,921,-1,921,851,850,-1,921,850,849,-1,853,922,854,-1,854,922,923,-1,854,923,855,-1,855,923,924,-1,855,924,856,-1,856,924,857,-1,857,924,925,-1,857,925,858,-1,858,925,926,-1,858,926,547,-1,927,919,509,-1,838,840,914,-1,914,840,842,-1,914,842,915,-1,915,842,844,-1,915,844,846,-1,928,918,929,-1,929,918,917,-1,929,917,930,-1,930,917,919,-1,930,919,931,-1,836,838,913,-1,913,838,914,-1,913,914,932,-1,932,914,916,-1,932,916,933,-1,933,916,509,-1,927,934,919,-1,919,934,935,-1,919,935,931,-1,931,935,936,-1,931,936,937,-1,938,928,939,-1,939,928,929,-1,939,929,940,-1,940,929,930,-1,940,930,941,-1,941,930,931,-1,941,931,942,-1,942,931,937,-1,912,938,943,-1,943,938,939,-1,943,939,944,-1,944,939,940,-1,944,940,945,-1,945,940,941,-1,945,941,946,-1,946,941,942,-1,946,942,947,-1,832,834,912,-1,912,834,913,-1,912,913,938,-1,938,913,932,-1,938,932,928,-1,928,932,933,-1,928,933,918,-1,918,933,509,-1,848,554,920,-1,920,554,828,-1,920,828,830,-1,937,948,942,-1,942,948,949,-1,942,949,947,-1,947,949,950,-1,947,950,951,-1,830,912,920,-1,920,912,943,-1,920,943,921,-1,921,943,944,-1,921,944,922,-1,922,944,945,-1,922,945,923,-1,923,945,946,-1,923,946,924,-1,924,946,947,-1,924,947,925,-1,925,947,951,-1,925,951,926,-1,952,867,534,-1,518,520,534,-1,534,520,549,-1,534,549,952,-1,867,952,866,-1,866,952,953,-1,866,953,865,-1,865,953,954,-1,865,954,864,-1,864,954,955,-1,864,955,863,-1,863,955,956,-1,863,956,859,-1,859,956,957,-1,859,957,860,-1,957,958,860,-1,860,958,959,-1,860,959,861,-1,861,959,960,-1,517,515,542,-1,542,515,540,-1,542,540,960,-1,960,540,862,-1,960,862,861,-1,871,870,961,-1,961,870,869,-1,961,869,545,-1,545,869,868,-1,545,868,544,-1,961,962,871,-1,871,962,963,-1,871,963,872,-1,872,963,964,-1,964,965,872,-1,872,965,966,-1,872,966,873,-1,873,966,967,-1,873,967,874,-1,874,967,968,-1,874,968,875,-1,875,968,969,-1,875,969,876,-1,876,969,551,-1,876,551,550,-1,108,107,886,-1,552,551,911,-1,911,551,970,-1,911,970,904,-1,904,970,971,-1,904,971,905,-1,905,971,972,-1,905,972,877,-1,877,972,973,-1,877,973,878,-1,878,973,974,-1,878,974,892,-1,892,974,975,-1,892,975,893,-1,893,975,976,-1,893,976,894,-1,894,976,977,-1,894,977,895,-1,895,977,978,-1,895,978,886,-1,886,978,979,-1,108,886,115,-1,979,151,126,-1,979,126,886,-1,886,126,113,-1,886,113,115,-1,548,547,980,-1,980,547,926,-1,980,926,981,-1,981,926,951,-1,981,951,982,-1,982,951,950,-1,982,950,983,-1,983,950,949,-1,983,949,984,-1,984,949,948,-1,984,948,985,-1,985,948,937,-1,985,937,986,-1,986,937,936,-1,986,936,987,-1,987,936,935,-1,987,935,988,-1,988,935,934,-1,988,934,989,-1,989,934,927,-1,927,509,402,-1,402,406,927,-1,927,406,497,-1,927,497,989,-1,989,497,496,-1,989,496,495,-1,549,548,952,-1,952,548,990,-1,952,990,953,-1,953,990,991,-1,953,991,954,-1,954,991,992,-1,954,992,955,-1,992,993,955,-1,955,993,994,-1,955,994,956,-1,994,995,956,-1,956,995,996,-1,956,996,957,-1,957,996,997,-1,957,997,958,-1,958,997,998,-1,958,998,959,-1,959,998,999,-1,959,999,960,-1,960,999,542,-1,542,999,1000,-1,542,1000,543,-1,1001,1002,1003,-1,1004,1005,1006,-1,151,1007,1008,-1,1009,1007,151,-1,1006,1005,151,-1,1010,151,1005,-1,1011,962,961,-1,962,1011,963,-1,963,1011,1012,-1,963,1012,964,-1,964,1012,1013,-1,964,1013,965,-1,965,1013,1014,-1,965,1014,966,-1,966,1014,967,-1,967,1014,1015,-1,967,1015,968,-1,968,1015,969,-1,969,1015,970,-1,969,970,551,-1,979,1009,151,-1,1016,1017,1004,-1,1004,1017,1018,-1,1004,1018,1005,-1,1005,1018,1019,-1,1005,1019,1010,-1,1020,1008,1021,-1,1021,1008,1007,-1,1021,1007,1022,-1,1022,1007,1009,-1,1022,1009,1023,-1,979,978,1009,-1,1009,978,977,-1,1009,977,1023,-1,1023,977,976,-1,1023,976,975,-1,1003,1020,1024,-1,1024,1020,1021,-1,1024,1021,1025,-1,1025,1021,1022,-1,1025,1022,1026,-1,1026,1022,1023,-1,1026,1023,1027,-1,1027,1023,975,-1,1028,1029,1030,-1,1030,1029,1001,-1,1001,1003,1030,-1,1030,1003,1024,-1,1030,1024,1031,-1,1031,1024,1025,-1,1031,1025,1032,-1,1032,1025,1026,-1,1032,1026,1033,-1,1033,1026,1027,-1,1033,1027,1034,-1,1002,1016,1003,-1,1003,1016,1004,-1,1003,1004,1020,-1,1020,1004,1006,-1,1020,1006,1008,-1,1008,1006,151,-1,1028,1011,1035,-1,1035,1011,961,-1,1035,961,545,-1,975,974,1027,-1,1027,974,973,-1,1027,973,1034,-1,1034,973,972,-1,1034,972,971,-1,1028,1030,1011,-1,1011,1030,1031,-1,1011,1031,1012,-1,1012,1031,1032,-1,1012,1032,1013,-1,1013,1032,1033,-1,1013,1033,1014,-1,1014,1033,1034,-1,1014,1034,1015,-1,1015,1034,971,-1,1015,971,970,-1,981,982,1036,-1,983,984,1037,-1,1038,1039,1040,-1,495,1041,1042,-1,1043,1041,495,-1,1040,1039,495,-1,989,495,1039,-1,990,1044,991,-1,991,1044,1045,-1,995,994,1046,-1,1046,994,993,-1,1046,993,1045,-1,1045,993,992,-1,1045,992,991,-1,995,1046,996,-1,996,1046,1047,-1,996,1047,997,-1,997,1047,1048,-1,997,1048,998,-1,998,1048,999,-1,999,1048,1049,-1,999,1049,1000,-1,1000,1049,1050,-1,1000,1050,543,-1,1051,1043,495,-1,985,986,1038,-1,1038,986,987,-1,1038,987,1039,-1,1039,987,988,-1,1039,988,989,-1,1052,1042,1053,-1,1053,1042,1041,-1,1053,1041,1054,-1,1054,1041,1043,-1,1054,1043,1055,-1,984,985,1037,-1,1037,985,1038,-1,1037,1038,1056,-1,1056,1038,1040,-1,1056,1040,1057,-1,1057,1040,495,-1,1051,1058,1043,-1,1043,1058,1059,-1,1043,1059,1055,-1,1055,1059,1060,-1,1055,1060,1061,-1,1062,1052,1063,-1,1063,1052,1053,-1,1063,1053,1064,-1,1064,1053,1054,-1,1064,1054,1065,-1,1065,1054,1055,-1,1065,1055,1066,-1,1066,1055,1061,-1,1036,1062,1067,-1,1067,1062,1063,-1,1067,1063,1068,-1,1068,1063,1064,-1,1068,1064,1069,-1,1069,1064,1065,-1,1069,1065,1070,-1,1070,1065,1066,-1,1070,1066,1071,-1,982,983,1036,-1,1036,983,1037,-1,1036,1037,1062,-1,1062,1037,1056,-1,1062,1056,1052,-1,1052,1056,1057,-1,1052,1057,1042,-1,1042,1057,495,-1,990,548,1044,-1,1044,548,980,-1,1044,980,981,-1,1061,1072,1066,-1,1066,1072,1073,-1,1066,1073,1071,-1,1071,1073,1074,-1,1071,1074,1075,-1,981,1036,1044,-1,1044,1036,1067,-1,1044,1067,1045,-1,1045,1067,1068,-1,1045,1068,1046,-1,1046,1068,1069,-1,1046,1069,1047,-1,1047,1069,1070,-1,1047,1070,1048,-1,1048,1070,1071,-1,1048,1071,1049,-1,1049,1071,1075,-1,1049,1075,1050,-1,545,543,1035,-1,1035,543,1050,-1,1035,1050,1028,-1,1028,1050,1075,-1,1028,1075,1029,-1,1029,1075,1074,-1,1029,1074,1001,-1,1001,1074,1073,-1,1001,1073,1002,-1,1002,1073,1072,-1,1002,1072,1016,-1,1016,1072,1061,-1,1016,1061,1017,-1,1017,1061,1060,-1,1017,1060,1018,-1,1018,1060,1059,-1,1018,1059,1019,-1,1019,1059,1058,-1,1019,1058,1010,-1,1010,1058,1051,-1,495,442,1051,-1,1051,442,362,-1,362,358,1051,-1,1051,358,480,-1,1051,480,1010,-1,1010,480,288,-1,288,250,1010,-1,1010,250,148,-1,1010,148,151,-1,
        ]
    }
}
Shape{
    appearance Appearance {
        material  Material {
            diffuseColor 0.45098039215686275 0.45098039215686275 0.45098039215686275
            specularColor 0.03137254901960784 0.03137254901960784 0.03137254901960784
            ambientIntensity 0.6471
            transparency 0.0
            shininess 0.5
        }
    }
    geometry IndexedFaceSet {
        ccw TRUE
        solid FALSE
        coord DEF co Coordinate {
            point [
                -360.2758 269.9587 0.4429, -360.2783 269.9568 0.4626, -360.284 269.9524 0.4429, -360.284 269.9524 0.4626, -360.2902 269.9443 0.4429, -360.2902 269.9443 0.4626, -360.2942 269.9348 0.4429, -360.2942 269.9348 0.4626, -360.2955 269.9246 0.4429, -360.2955 269.9246 0.4626, -360.2942 269.9144 0.4429, -360.2942 269.9144 0.4626, -360.2902 269.9049 0.4429, -360.2902 269.9049 0.4626, -360.284 269.8968 0.4429, -360.284 269.8968 0.4626, -360.2783 269.8925 0.4626, -360.2758 269.8905 0.4429, -360.2758 269.8905 0.4626, -360.2663 269.8866 0.4429, -360.2663 269.8866 0.4626, -360.2561 269.8852 0.4429, -360.2561 269.8852 0.4626, -360.2459 269.8866 0.4429, -360.2459 269.8866 0.4626, -360.2364 269.8905 0.4429, -360.2364 269.8905 0.4626, -360.2283 269.8968 0.4429, -360.2283 269.8968 0.4626, -360.222 269.9049 0.4429, -360.222 269.9049 0.4626, -360.2181 269.9144 0.4429, -360.2181 269.9144 0.4626, -360.2168 269.9246 0.4429, -360.2168 269.9246 0.4626, -360.2181 269.9348 0.4429, -360.2181 269.9348 0.4626, -360.222 269.9443 0.4429, -360.222 269.9443 0.4626, -360.2283 269.9524 0.4429, -360.2283 269.9524 0.4626, -360.2364 269.9587 0.4429, -360.2364 269.9587 0.4626, -360.2459 269.9626 0.4429, -360.2459 269.9626 0.4626, -360.2561 269.964 0.4429, -360.2561 269.964 0.4626, -360.2663 269.9626 0.4429, -360.2663 269.9626 0.4626, -360.2758 269.9587 0.4626, -360.2561 269.9246 0.4429, -360.2612 269.9993 0.4587, -360.2612 270.0137 0.4587, -360.2612 269.9993 0.4626, -360.2612 270.0137 0.4626, -360.2349 270.005 0.4587, -360.2349 270.005 0.4626, -360.2423 270.0057 0.4626, -360.2423 270.0057 0.4587, -360.254 270.0092 0.4626, -360.254 270.0092 0.4587, -360.2144 270.0196 0.4587, -360.2144 270.0196 0.4626, -360.2148 270.0158 0.4626, -360.2148 270.0158 0.4587, -360.2159 270.0127 0.4626, -360.2159 270.0127 0.4587, -360.2172 270.0107 0.4626, -360.2172 270.0107 0.4587, -360.2193 270.0088 0.4626, -360.2193 270.0088 0.4587, -360.2228 270.0069 0.4626, -360.2228 270.0069 0.4587, -360.2278 270.0055 0.4626, -360.2278 270.0055 0.4587, -360.2371 270.0406 0.4587, -360.2371 270.0406 0.4626, -360.2237 270.0335 0.4626, -360.2237 270.0335 0.4587, -360.2224 270.0327 0.4626, -360.2224 270.0327 0.4587, -360.2183 270.0292 0.4626, -360.2183 270.0292 0.4587, -360.2159 270.0259 0.4626, -360.2159 270.0259 0.4587, -360.2148 270.0231 0.4626, -360.2148 270.0231 0.4587, -360.2612 270.0686 0.4587, -360.2612 270.0686 0.4626, -360.2611 270.0668 0.4626, -360.2611 270.0668 0.4587, -360.2601 270.0613 0.4626, -360.2601 270.0613 0.4587, -360.2578 270.0562 0.4626, -360.2578 270.0562 0.4587, -360.2544 270.0519 0.4626, -360.2544 270.0519 0.4587, -360.2485 270.0471 0.4626, -360.2485 270.0471 0.4587, -360.2264 270.095 0.4587, -360.2264 270.095 0.4626, -360.2373 270.0939 0.4587, -360.2325 270.0944 0.4626, -360.2373 270.0939 0.4626, -360.2455 270.0912 0.4626, -360.2455 270.0912 0.4587, -360.2511 270.088 0.4626, -360.2511 270.088 0.4587, -360.2553 270.0844 0.4626, -360.2553 270.0844 0.4587, -360.2584 270.0801 0.4626, -360.2584 270.0801 0.4587, -360.2603 270.0754 0.4626, -360.2603 270.0754 0.4587, -360.2155 270.0945 0.4587, -360.2048 270.0923 0.4587, -360.2048 270.0923 0.4626, -360.2148 270.0944 0.4626, -360.2155 270.0945 0.4626, -360.2048 270.0779 0.4587, -360.2048 270.0779 0.4626, -360.2274 270.0842 0.4587, -360.2274 270.0842 0.4626, -360.2206 270.0837 0.4626, -360.2206 270.0837 0.4587, -360.2122 270.0817 0.4626, -360.2122 270.0817 0.4587, -360.248 270.0699 0.4587, -360.248 270.0699 0.4626, -360.2477 270.0728 0.4626, -360.2477 270.0728 0.4587, -360.2468 270.0754 0.4626, -360.2468 270.0754 0.4587, -360.2454 270.0776 0.4626, -360.2454 270.0776 0.4587, -360.2431 270.0798 0.4626, -360.2431 270.0798 0.4587, -360.2395 270.0819 0.4626, -360.2395 270.0819 0.4587, -360.2343 270.0836 0.4626, -360.2343 270.0836 0.4587, -360.2271 270.0499 0.4587, -360.2271 270.0499 0.4626, -360.2362 270.0547 0.4626, -360.2362 270.0547 0.4587, -360.2418 270.0583 0.4626, -360.2418 270.0583 0.4587, -360.2449 270.061 0.4626, -360.2449 270.061 0.4587, -360.2465 270.0634 0.4626, -360.2465 270.0634 0.4587, -360.2476 270.0661 0.4626, -360.2476 270.0661 0.4587, -360.2012 270.0207 0.4587, -360.2012 270.0207 0.4626, -360.2013 270.0228 0.4626, -360.2013 270.0228 0.4587, -360.2023 270.0279 0.4626, -360.2023 270.0279 0.4587, -360.2046 270.0329 0.4626, -360.2046 270.0329 0.4587, -360.2083 270.0377 0.4626, -360.2083 270.0377 0.4587, -360.2154 270.0434 0.4626, -360.2154 270.0434 0.4587, -360.2364 269.9942 0.4626, -360.2282 269.9948 0.4626, -360.2364 269.9942 0.4587, -360.2262 269.9949 0.4587, -360.2262 269.9949 0.4626, -360.2166 269.9976 0.4626, -360.2166 269.9976 0.4587, -360.2111 270.0006 0.4626, -360.2111 270.0006 0.4587, -360.207 270.0042 0.4626, -360.207 270.0042 0.4587, -360.2038 270.0088 0.4626, -360.2038 270.0088 0.4587, -360.2019 270.0138 0.4626, -360.2019 270.0138 0.4587, -360.258 269.9977 0.4626, -360.258 269.9977 0.4587, -360.2491 269.9955 0.4626, -360.2491 269.9955 0.4587, -360.2422 269.9948 0.4626, -360.1428 269.9942 0.4626, -360.1428 269.9942 0.4587, -360.1487 269.9948 0.4626, -360.1543 269.9953 0.4587, -360.1543 269.9953 0.4626, -360.1636 269.9984 0.4587, -360.1636 269.9984 0.4626, -360.1718 270.0034 0.4587, -360.1718 270.0034 0.4626, -360.1789 270.0107 0.4587, -360.1789 270.0107 0.4626, -360.1845 270.0197 0.4587, -360.1845 270.0197 0.4626, -360.1879 270.0303 0.4587, -360.1879 270.0303 0.4626, -360.1892 270.0434 0.4587, -360.1892 270.0434 0.4626, -360.1412 270.095 0.4587, -360.1412 270.095 0.4626, -360.1532 270.0938 0.4587, -360.1473 270.0944 0.4626, -360.1532 270.0938 0.4626, -360.1631 270.0906 0.4626, -360.1631 270.0906 0.4587, -360.1721 270.085 0.4626, -360.1721 270.085 0.4587, -360.1795 270.0771 0.4626, -360.1795 270.0771 0.4587, -360.1848 270.0676 0.4626, -360.1848 270.0676 0.4587, -360.1882 270.0558 0.4626, -360.1882 270.0558 0.4587, -360.0955 270.0457 0.4587, -360.0955 270.0457 0.4626, -360.0963 270.0559 0.4626, -360.0963 270.0559 0.4587, -360.0991 270.0669 0.4626, -360.0991 270.0669 0.4587, -360.1043 270.0766 0.4626, -360.1043 270.0766 0.4587, -360.1117 270.0848 0.4626, -360.1117 270.0848 0.4587, -360.1203 270.0905 0.4626, -360.1203 270.0905 0.4587, -360.1297 270.0938 0.4626, -360.1297 270.0938 0.4587, -360.1355 270.0944 0.4626, -360.1373 269.9948 0.4626, -360.1299 269.9956 0.4587, -360.1299 269.9956 0.4626, -360.1205 269.9989 0.4626, -360.1205 269.9989 0.4587, -360.1125 270.0042 0.4626, -360.1125 270.0042 0.4587, -360.1051 270.0121 0.4626, -360.1051 270.0121 0.4587, -360.0999 270.0215 0.4626, -360.0999 270.0215 0.4587, -360.0965 270.0334 0.4626, -360.0965 270.0334 0.4587, -360.176 270.0445 0.4587, -360.175 270.0334 0.4587, -360.1721 270.0243 0.4587, -360.1679 270.0171 0.4587, -360.1626 270.0116 0.4587, -360.1568 270.0079 0.4587, -360.15 270.0057 0.4587, -360.1428 270.005 0.4587, -360.1339 270.0059 0.4587, -360.1271 270.0082 0.4587, -360.1214 270.0119 0.4587, -360.1168 270.0165 0.4587, -360.1129 270.0228 0.4587, -360.1099 270.0321 0.4587, -360.1087 270.0443 0.4587, -360.1096 270.0553 0.4587, -360.1122 270.0647 0.4587, -360.1163 270.0722 0.4587, -360.1212 270.0773 0.4587, -360.1266 270.0809 0.4587, -360.1331 270.0832 0.4587, -360.1419 270.0842 0.4587, -360.1507 270.0831 0.4587, -360.1574 270.0806 0.4587, -360.1633 270.0766 0.4587, -360.1689 270.0701 0.4587, -360.1729 270.0624 0.4587, -360.1756 270.0515 0.4587, -360.176 270.0445 0.4626, -360.1756 270.0515 0.4626, -360.1729 270.0624 0.4626, -360.1689 270.0701 0.4626, -360.1633 270.0766 0.4626, -360.1574 270.0806 0.4626, -360.1507 270.0831 0.4626, -360.1419 270.0842 0.4626, -360.1331 270.0832 0.4626, -360.1266 270.0809 0.4626, -360.1212 270.0773 0.4626, -360.1163 270.0722 0.4626, -360.1122 270.0647 0.4626, -360.1096 270.0553 0.4626, -360.1087 270.0443 0.4626, -360.1099 270.0321 0.4626, -360.1129 270.0228 0.4626, -360.1168 270.0165 0.4626, -360.1214 270.0119 0.4626, -360.1271 270.0082 0.4626, -360.1339 270.0059 0.4626, -360.1428 270.005 0.4626, -360.15 270.0057 0.4626, -360.1568 270.0079 0.4626, -360.1626 270.0116 0.4626, -360.1679 270.0171 0.4626, -360.1721 270.0243 0.4626, -360.175 270.0334 0.4626
            ]
        }
        coordIndex [
            0,1,2,-1,2,1,3,-1,2,3,4,-1,4,3,5,-1,4,5,6,-1,6,5,7,-1,6,7,8,-1,8,7,9,-1,8,9,10,-1,10,9,11,-1,10,11,12,-1,12,11,13,-1,12,13,14,-1,13,15,14,-1,14,15,16,-1,14,16,17,-1,17,16,18,-1,17,18,19,-1,19,18,20,-1,19,20,21,-1,21,20,22,-1,21,22,23,-1,23,22,24,-1,23,24,25,-1,25,24,26,-1,25,26,27,-1,27,26,28,-1,27,28,29,-1,29,28,30,-1,29,30,31,-1,31,30,32,-1,31,32,33,-1,33,32,34,-1,33,34,35,-1,35,34,36,-1,35,36,37,-1,37,36,38,-1,37,38,39,-1,39,38,40,-1,39,40,41,-1,41,40,42,-1,41,42,43,-1,43,42,44,-1,43,44,45,-1,45,44,46,-1,45,46,47,-1,47,46,48,-1,47,48,0,-1,0,48,49,-1,0,49,1,-1,29,31,50,-1,50,31,33,-1,50,33,35,-1,23,25,50,-1,50,25,27,-1,50,27,29,-1,17,19,50,-1,50,19,21,-1,50,21,23,-1,10,12,50,-1,50,12,14,-1,50,14,17,-1,4,6,50,-1,50,6,8,-1,50,8,10,-1,47,0,50,-1,50,0,2,-1,50,2,4,-1,41,43,50,-1,50,43,45,-1,50,45,47,-1,35,37,50,-1,50,37,39,-1,50,39,41,-1,51,52,53,-1,53,52,54,-1,55,56,57,-1,55,57,58,-1,58,57,59,-1,58,59,60,-1,60,59,54,-1,60,54,52,-1,61,62,63,-1,61,63,64,-1,64,63,65,-1,64,65,66,-1,66,65,67,-1,66,67,68,-1,68,67,69,-1,68,69,70,-1,70,69,71,-1,70,71,72,-1,72,71,73,-1,72,73,74,-1,74,73,56,-1,74,56,55,-1,75,76,77,-1,75,77,78,-1,78,77,79,-1,78,79,80,-1,80,79,81,-1,80,81,82,-1,82,81,83,-1,82,83,84,-1,84,83,85,-1,84,85,86,-1,86,85,62,-1,86,62,61,-1,87,88,89,-1,87,89,90,-1,90,89,91,-1,90,91,92,-1,92,91,93,-1,92,93,94,-1,94,93,95,-1,94,95,96,-1,96,95,97,-1,96,97,98,-1,98,97,76,-1,98,76,75,-1,99,100,101,-1,101,100,102,-1,102,103,101,-1,101,103,104,-1,101,104,105,-1,105,104,106,-1,105,106,107,-1,107,106,108,-1,107,108,109,-1,109,108,110,-1,109,110,111,-1,111,110,112,-1,111,112,113,-1,113,112,88,-1,113,88,87,-1,100,99,114,-1,115,116,117,-1,115,117,114,-1,114,117,118,-1,114,118,100,-1,115,119,116,-1,116,119,120,-1,121,122,123,-1,121,123,124,-1,124,123,125,-1,124,125,126,-1,126,125,120,-1,126,120,119,-1,127,128,129,-1,127,129,130,-1,130,129,131,-1,130,131,132,-1,132,131,133,-1,132,133,134,-1,134,133,135,-1,134,135,136,-1,136,135,137,-1,136,137,138,-1,138,137,139,-1,138,139,140,-1,140,139,122,-1,140,122,121,-1,141,142,143,-1,141,143,144,-1,144,143,145,-1,144,145,146,-1,146,145,147,-1,146,147,148,-1,148,147,149,-1,148,149,150,-1,150,149,151,-1,150,151,152,-1,152,151,128,-1,152,128,127,-1,153,154,155,-1,153,155,156,-1,156,155,157,-1,156,157,158,-1,158,157,159,-1,158,159,160,-1,160,159,161,-1,160,161,162,-1,162,161,163,-1,162,163,164,-1,164,163,142,-1,164,142,141,-1,165,166,167,-1,167,166,168,-1,166,169,168,-1,168,169,170,-1,168,170,171,-1,171,170,172,-1,171,172,173,-1,173,172,174,-1,173,174,175,-1,175,174,176,-1,175,176,177,-1,177,176,178,-1,177,178,179,-1,179,178,154,-1,179,154,153,-1,51,53,180,-1,51,180,181,-1,181,180,182,-1,181,182,183,-1,183,182,167,-1,167,182,184,-1,167,184,165,-1,126,119,115,-1,52,51,60,-1,60,51,181,-1,60,181,58,-1,58,181,183,-1,58,183,55,-1,55,183,167,-1,55,167,74,-1,74,167,168,-1,74,168,72,-1,72,168,171,-1,72,171,70,-1,70,171,173,-1,70,173,68,-1,68,173,175,-1,68,175,66,-1,66,175,177,-1,66,177,64,-1,64,177,179,-1,64,179,61,-1,179,153,61,-1,61,153,156,-1,61,156,86,-1,86,156,158,-1,86,158,84,-1,84,158,160,-1,84,160,82,-1,82,160,162,-1,82,162,80,-1,80,162,164,-1,80,164,78,-1,78,164,141,-1,78,141,75,-1,75,141,144,-1,75,144,98,-1,98,144,146,-1,98,146,96,-1,96,146,148,-1,96,148,94,-1,94,148,150,-1,94,150,92,-1,92,150,152,-1,92,152,90,-1,90,152,127,-1,126,115,124,-1,124,115,114,-1,124,114,121,-1,121,114,99,-1,121,99,140,-1,140,99,101,-1,140,101,138,-1,138,101,105,-1,138,105,136,-1,136,105,107,-1,136,107,134,-1,134,107,109,-1,134,109,132,-1,132,109,111,-1,132,111,130,-1,130,111,113,-1,130,113,127,-1,127,113,87,-1,127,87,90,-1,185,186,187,-1,187,186,188,-1,187,188,189,-1,189,188,190,-1,189,190,191,-1,191,190,192,-1,191,192,193,-1,193,192,194,-1,193,194,195,-1,195,194,196,-1,195,196,197,-1,197,196,198,-1,197,198,199,-1,199,198,200,-1,199,200,201,-1,202,203,204,-1,204,203,205,-1,205,206,204,-1,204,206,207,-1,204,207,208,-1,208,207,209,-1,208,209,210,-1,210,209,211,-1,210,211,212,-1,212,211,213,-1,212,213,214,-1,214,213,215,-1,214,215,216,-1,216,215,201,-1,216,201,200,-1,217,218,219,-1,217,219,220,-1,220,219,221,-1,220,221,222,-1,222,221,223,-1,222,223,224,-1,224,223,225,-1,224,225,226,-1,226,225,227,-1,226,227,228,-1,228,227,229,-1,228,229,230,-1,230,229,202,-1,202,229,231,-1,202,231,203,-1,186,185,232,-1,186,232,233,-1,232,234,233,-1,233,234,235,-1,233,235,236,-1,236,235,237,-1,236,237,238,-1,238,237,239,-1,238,239,240,-1,240,239,241,-1,240,241,242,-1,242,241,243,-1,242,243,244,-1,244,243,218,-1,244,218,217,-1,245,200,246,-1,246,200,198,-1,246,198,247,-1,247,198,196,-1,247,196,248,-1,248,196,194,-1,248,194,249,-1,249,194,192,-1,249,192,250,-1,250,192,190,-1,250,190,251,-1,251,190,188,-1,251,188,252,-1,252,188,186,-1,252,186,253,-1,253,186,233,-1,253,233,254,-1,254,233,236,-1,254,236,255,-1,255,236,238,-1,255,238,256,-1,256,238,240,-1,256,240,257,-1,257,240,242,-1,257,242,258,-1,258,242,244,-1,258,244,259,-1,259,244,217,-1,259,217,260,-1,260,217,220,-1,260,220,261,-1,261,220,222,-1,261,222,262,-1,262,222,224,-1,262,224,263,-1,263,224,226,-1,263,226,264,-1,264,226,228,-1,264,228,265,-1,265,228,230,-1,265,230,266,-1,266,230,202,-1,266,202,267,-1,267,202,204,-1,267,204,268,-1,268,204,208,-1,268,208,269,-1,269,208,210,-1,269,210,270,-1,270,210,212,-1,270,212,271,-1,271,212,214,-1,271,214,272,-1,272,214,216,-1,272,216,245,-1,245,216,200,-1,245,273,274,-1,245,274,272,-1,272,274,275,-1,272,275,271,-1,271,275,276,-1,271,276,270,-1,270,276,277,-1,270,277,269,-1,269,277,278,-1,269,278,268,-1,268,278,279,-1,268,279,267,-1,267,279,280,-1,267,280,266,-1,266,280,281,-1,266,281,265,-1,265,281,282,-1,265,282,264,-1,264,282,283,-1,264,283,263,-1,263,283,284,-1,263,284,262,-1,262,284,285,-1,262,285,261,-1,261,285,286,-1,261,286,260,-1,260,286,287,-1,260,287,259,-1,259,287,288,-1,259,288,258,-1,258,288,289,-1,258,289,257,-1,257,289,290,-1,257,290,256,-1,256,290,291,-1,256,291,255,-1,255,291,292,-1,255,292,254,-1,254,292,293,-1,254,293,253,-1,253,293,294,-1,253,294,252,-1,252,294,295,-1,252,295,251,-1,251,295,296,-1,251,296,250,-1,250,296,297,-1,250,297,249,-1,249,297,298,-1,249,298,248,-1,248,298,299,-1,248,299,247,-1,247,299,300,-1,247,300,246,-1,246,300,273,-1,246,273,245,-1,
        ]
    }
}
Shape{
    appearance Appearance {
        material  Material {
            diffuseColor 0.2235294117647059 0.2235294117647059 0.2235294117647059
            specularColor 0.06666666666666667 0.06666666666666667 0.06666666666666667
            ambientIntensity 0.2235
            transparency 0.0
            shininess 0.5
        }
    }
    geometry IndexedFaceSet {
        ccw TRUE
        solid FALSE
        coord DEF co Coordinate {
            point [
                -360.1266 270.0809 0.4626, -360.1331 270.0832 0.4626, -360.1756 270.0515 0.4626, -360.1271 270.0082 0.4626, -360.1214 270.0119 0.4626, -360.176 270.0445 0.4626, -360.1168 270.0165 0.4626, -360.1129 270.0228 0.4626, -360.1419 270.0842 0.4626, -360.1507 270.0831 0.4626, -360.1574 270.0806 0.4626, -360.1721 270.0243 0.4626, -360.1679 270.0171 0.4626, -360.15 270.0057 0.4626, -360.1626 270.0116 0.4626, -360.1568 270.0079 0.4626, -360.175 270.0334 0.4626, -360.1428 270.005 0.4626, -360.1339 270.0059 0.4626, -360.1099 270.0321 0.4626, -360.1087 270.0443 0.4626, -360.1096 270.0553 0.4626, -360.1122 270.0647 0.4626, -360.1633 270.0766 0.4626, -360.1689 270.0701 0.4626, -360.1729 270.0624 0.4626, -360.1163 270.0722 0.4626, -360.1212 270.0773 0.4626
            ]
        }
        coordIndex [
            0,1,2,-1,3,4,5,-1,5,4,6,-1,5,6,7,-1,1,8,2,-1,2,8,9,-1,2,9,10,-1,11,12,13,-1,13,12,14,-1,13,14,15,-1,11,13,16,-1,16,13,17,-1,16,17,5,-1,5,17,18,-1,5,18,3,-1,7,19,5,-1,5,19,20,-1,5,20,2,-1,2,20,21,-1,2,21,22,-1,10,23,2,-1,2,23,24,-1,2,24,25,-1,22,26,2,-1,2,26,27,-1,2,27,0,-1,
        ]
    }
}
Shape{
    appearance Appearance {
        material  Material {
            diffuseColor 0.45098039215686275 0.45098039215686275 0.45098039215686275
            specularColor 0.03137254901960784 0.03137254901960784 0.03137254901960784
            ambientIntensity 0.6471
            transparency 0.0
            shininess 0.5
        }
    }
    geometry IndexedFaceSet {
        ccw TRUE
        solid FALSE
        coord DEF co Coordinate {
            point [
                -360.0163 270.0938 0.4587, -360.0163 270.083 0.4587, -360.0163 270.0938 0.4626, -360.0163 270.083 0.4626, -360.0451 270.083 0.4587, -360.0451 270.083 0.4626, -360.0451 269.9954 0.4587, -360.0451 269.9954 0.4626, -360.0583 269.9954 0.4587, -360.0583 269.9954 0.4626, -360.0583 270.083 0.4587, -360.0583 270.083 0.4626, -360.0859 270.083 0.4587, -360.0859 270.083 0.4626, -360.0859 270.0938 0.4587, -360.0859 270.0938 0.4626, -359.9683 270.0386 0.4587, -359.9683 270.029 0.4587, -359.9683 270.0386 0.4626, -359.9683 270.029 0.4626, -360.0055 270.029 0.4587, -360.0055 270.029 0.4626, -360.0055 270.0386 0.4587, -360.0055 270.0386 0.4626, -359.9491 269.9993 0.4587, -359.9491 270.0125 0.4587, -359.9491 269.9993 0.4626, -359.9491 270.0125 0.4626, -359.9265 270.005 0.4587, -359.9265 270.005 0.4626, -359.9326 270.0054 0.4626, -359.9326 270.0054 0.4587, -359.941 270.0078 0.4626, -359.941 270.0078 0.4587, -359.9047 270.0228 0.4587, -359.9047 270.0228 0.4626, -359.9051 270.0189 0.4626, -359.9051 270.0189 0.4587, -359.9063 270.0151 0.4626, -359.9063 270.0151 0.4587, -359.9086 270.0117 0.4626, -359.9086 270.0117 0.4587, -359.9115 270.0091 0.4626, -359.9115 270.0091 0.4587, -359.915 270.0071 0.4626, -359.915 270.0071 0.4587, -359.9201 270.0055 0.4626, -359.9201 270.0055 0.4587, -359.9313 270.041 0.4587, -359.9313 270.041 0.4626, -359.922 270.0403 0.4626, -359.922 270.0403 0.4587, -359.9149 270.0383 0.4626, -359.9149 270.0383 0.4587, -359.9108 270.036 0.4626, -359.9108 270.036 0.4587, -359.9082 270.0336 0.4626, -359.9082 270.0336 0.4587, -359.9063 270.0306 0.4626, -359.9063 270.0306 0.4587, -359.9051 270.0273 0.4626, -359.9051 270.0273 0.4587, -359.9395 270.041 0.4587, -359.9395 270.041 0.4626, -359.9395 270.0518 0.4587, -359.9395 270.0518 0.4626, -359.9318 270.0518 0.4587, -359.9318 270.0518 0.4626, -359.9083 270.0686 0.4587, -359.9083 270.0686 0.4626, -359.9083 270.0682 0.4626, -359.9083 270.0682 0.4587, -359.9089 270.0637 0.4626, -359.9089 270.0637 0.4587, -359.91 270.0607 0.4626, -359.91 270.0607 0.4587, -359.9118 270.0581 0.4626, -359.9118 270.0581 0.4587, -359.9142 270.056 0.4626, -359.9142 270.056 0.4587, -359.9182 270.0539 0.4626, -359.9182 270.0539 0.4587, -359.9237 270.0524 0.4626, -359.9237 270.0524 0.4587, -359.9262 270.0842 0.4587, -359.9262 270.0842 0.4626, -359.9238 270.0841 0.4626, -359.9238 270.0841 0.4587, -359.9181 270.0831 0.4626, -359.9181 270.0831 0.4587, -359.9147 270.0816 0.4626, -359.9147 270.0816 0.4587, -359.9129 270.0804 0.4626, -359.9129 270.0804 0.4587, -359.911 270.0783 0.4626, -359.911 270.0783 0.4587, -359.9096 270.0758 0.4626, -359.9096 270.0758 0.4587, -359.9086 270.0727 0.4626, -359.9086 270.0727 0.4587, -359.9455 270.0767 0.4587, -359.9455 270.0767 0.4626, -359.94 270.0805 0.4626, -359.94 270.0805 0.4587, -359.9331 270.0833 0.4626, -359.9331 270.0833 0.4587, -359.9455 270.0875 0.4587, -359.9455 270.0875 0.4626, -359.9379 270.092 0.4587, -359.9229 270.095 0.4587, -359.9229 270.095 0.4626, -359.9298 270.0944 0.4626, -359.9298 270.0944 0.4587, -359.9299 270.0944 0.4626, -359.9379 270.092 0.4626, -359.9166 270.0944 0.4626, -359.915 270.0942 0.4587, -359.915 270.0942 0.4626, -359.9087 270.0922 0.4587, -359.9087 270.0922 0.4626, -359.9037 270.0893 0.4587, -359.9037 270.0893 0.4626, -359.8998 270.0855 0.4587, -359.8998 270.0855 0.4626, -359.8972 270.0815 0.4587, -359.8972 270.0815 0.4626, -359.8956 270.0769 0.4587, -359.8956 270.0769 0.4626, -359.8951 270.0717 0.4587, -359.8951 270.0717 0.4626, -359.9152 270.0472 0.4587, -359.9152 270.0472 0.4626, -359.913 270.0478 0.4626, -359.913 270.0478 0.4587, -359.9059 270.0511 0.4626, -359.9059 270.0511 0.4587, -359.9017 270.0543 0.4626, -359.9017 270.0543 0.4587, -359.9001 270.0561 0.4626, -359.9001 270.0561 0.4587, -359.8974 270.0603 0.4626, -359.8974 270.0603 0.4587, -359.8957 270.0654 0.4626, -359.8957 270.0654 0.4587, -359.9152 270.0469 0.4587, -359.9152 270.0469 0.4626, -359.8915 270.0236 0.4587, -359.8915 270.0236 0.4626, -359.8916 270.0256 0.4626, -359.8916 270.0256 0.4587, -359.8925 270.0307 0.4626, -359.8925 270.0307 0.4587, -359.8947 270.0354 0.4626, -359.8947 270.0354 0.4587, -359.8977 270.0393 0.4626, -359.8977 270.0393 0.4587, -359.9024 270.043 0.4626, -359.9024 270.043 0.4587, -359.9079 270.0454 0.4626, -359.9079 270.0454 0.4587, -359.9265 269.9942 0.4587, -359.9265 269.9942 0.4626, -359.9198 269.9945 0.4626, -359.9198 269.9945 0.4587, -359.919 269.9948 0.4626, -359.9104 269.9968 0.4587, -359.9104 269.9968 0.4626, -359.9037 270.0002 0.4626, -359.9037 270.0002 0.4587, -359.8982 270.005 0.4626, -359.8982 270.005 0.4587, -359.8946 270.0102 0.4626, -359.8946 270.0102 0.4587, -359.8924 270.016 0.4626, -359.8924 270.016 0.4587, -359.9331 269.9948 0.4626, -359.9382 269.9952 0.4587, -359.9382 269.9952 0.4626, -359.9466 269.9979 0.4587, -359.9466 269.9979 0.4626, -359.8291 270.0677 0.4587, -359.8291 270.0677 0.4626, -359.8294 270.0633 0.4626, -359.8294 270.0633 0.4587, -359.8307 270.0587 0.4626, -359.8307 270.0587 0.4587, -359.8333 270.0538 0.4626, -359.8333 270.0538 0.4587, -359.8382 270.0482 0.4626, -359.8382 270.0482 0.4587, -359.8492 270.0396 0.4626, -359.8492 270.0396 0.4587, -359.848 270.0842 0.4587, -359.848 270.0842 0.4626, -359.8423 270.0836 0.4626, -359.8423 270.0836 0.4587, -359.8377 270.0821 0.4626, -359.8377 270.0821 0.4587, -359.8347 270.0802 0.4626, -359.8347 270.0802 0.4587, -359.8324 270.0779 0.4626, -359.8324 270.0779 0.4587, -359.8306 270.0752 0.4626, -359.8306 270.0752 0.4587, -359.8295 270.0719 0.4626, -359.8295 270.0719 0.4587, -359.8723 270.0722 0.4587, -359.8723 270.0722 0.4626, -359.869 270.0754 0.4626, -359.869 270.0754 0.4587, -359.8621 270.0802 0.4626, -359.8621 270.0802 0.4587, -359.8554 270.0831 0.4626, -359.8554 270.0831 0.4587, -359.8723 270.0843 0.4587, -359.8723 270.0843 0.4626, -359.8468 270.095 0.4587, -359.8468 270.095 0.4626, -359.8511 270.0948 0.4626, -359.8511 270.0948 0.4587, -359.8531 270.0944 0.4626, -359.8589 270.0931 0.4587, -359.8589 270.0931 0.4626, -359.8656 270.0899 0.4626, -359.8656 270.0899 0.4587, -359.8404 270.0944 0.4626, -359.8385 270.0942 0.4587, -359.8385 270.0942 0.4626, -359.8318 270.0921 0.4587, -359.8318 270.0921 0.4626, -359.8259 270.0884 0.4587, -359.8259 270.0884 0.4626, -359.8219 270.0843 0.4587, -359.8219 270.0843 0.4626, -359.8192 270.0797 0.4587, -359.8192 270.0797 0.4626, -359.8176 270.0745 0.4587, -359.8176 270.0745 0.4626, -359.8171 270.0686 0.4587, -359.8171 270.0686 0.4626, -359.8391 270.0336 0.4587, -359.8391 270.0336 0.4626, -359.8341 270.0372 0.4626, -359.8341 270.0372 0.4587, -359.8248 270.0461 0.4626, -359.8248 270.0461 0.4587, -359.8208 270.052 0.4626, -359.8208 270.052 0.4587, -359.818 270.0596 0.4626, -359.818 270.0596 0.4587, -359.863 270.0062 0.4587, -359.863 270.0062 0.4626, -359.8625 270.0108 0.4626, -359.8625 270.0108 0.4587, -359.8613 270.0143 0.4626, -359.8613 270.0143 0.4587, -359.8592 270.0176 0.4626, -359.8592 270.0176 0.4587, -359.8544 270.0223 0.4626, -359.8544 270.0223 0.4587, -359.8147 270.0062 0.4587, -359.8147 270.0062 0.4626, -359.8147 269.9954 0.4587, -359.8147 269.9954 0.4626, -359.8759 269.9954 0.4587, -359.8759 269.9954 0.4626, -359.8759 270.0002 0.4587, -359.8759 270.0002 0.4626, -359.8502 270.0388 0.4626, -359.8502 270.0388 0.4587, -359.8606 270.031 0.4626, -359.8606 270.031 0.4587, -359.8686 270.023 0.4626, -359.8686 270.023 0.4587, -359.8726 270.0168 0.4626, -359.8726 270.0168 0.4587, -359.875 270.0095 0.4626, -359.875 270.0095 0.4587, -359.7979 269.9993 0.4587, -359.7979 270.0125 0.4587, -359.7979 269.9993 0.4626, -359.7979 270.0125 0.4626, -359.7753 270.005 0.4587, -359.7753 270.005 0.4626, -359.7814 270.0054 0.4626, -359.7814 270.0054 0.4587, -359.7898 270.0078 0.4626, -359.7898 270.0078 0.4587, -359.7535 270.0228 0.4587, -359.7535 270.0228 0.4626, -359.7538 270.0189 0.4626, -359.7538 270.0189 0.4587, -359.7551 270.0151 0.4626, -359.7551 270.0151 0.4587, -359.7573 270.0117 0.4626, -359.7573 270.0117 0.4587, -359.7602 270.0091 0.4626, -359.7602 270.0091 0.4587, -359.7638 270.0071 0.4626, -359.7638 270.0071 0.4587, -359.7688 270.0055 0.4626, -359.7688 270.0055 0.4587, -359.7801 270.041 0.4587, -359.7801 270.041 0.4626, -359.7708 270.0403 0.4626, -359.7708 270.0403 0.4587, -359.7636 270.0383 0.4626, -359.7636 270.0383 0.4587, -359.7596 270.036 0.4626, -359.7596 270.036 0.4587, -359.757 270.0336 0.4626, -359.757 270.0336 0.4587, -359.7551 270.0306 0.4626, -359.7551 270.0306 0.4587, -359.7539 270.0273 0.4626, -359.7539 270.0273 0.4587, -359.7883 270.041 0.4587, -359.7883 270.041 0.4626, -359.7883 270.0518 0.4587, -359.7883 270.0518 0.4626, -359.7805 270.0518 0.4587, -359.7805 270.0518 0.4626, -359.7571 270.0686 0.4587, -359.7571 270.0686 0.4626, -359.7571 270.0682 0.4626, -359.7571 270.0682 0.4587, -359.7576 270.0637 0.4626, -359.7576 270.0637 0.4587, -359.7588 270.0607 0.4626, -359.7588 270.0607 0.4587, -359.7605 270.0581 0.4626, -359.7605 270.0581 0.4587, -359.763 270.056 0.4626, -359.763 270.056 0.4587, -359.7669 270.0539 0.4626, -359.7669 270.0539 0.4587, -359.7725 270.0524 0.4626, -359.7725 270.0524 0.4587, -359.775 270.0842 0.4587, -359.775 270.0842 0.4626, -359.7726 270.0841 0.4626, -359.7726 270.0841 0.4587, -359.7669 270.0831 0.4626, -359.7669 270.0831 0.4587, -359.7634 270.0816 0.4626, -359.7634 270.0816 0.4587, -359.7616 270.0804 0.4626, -359.7616 270.0804 0.4587, -359.7597 270.0783 0.4626, -359.7597 270.0783 0.4587, -359.7583 270.0758 0.4626, -359.7583 270.0758 0.4587, -359.7574 270.0727 0.4626, -359.7574 270.0727 0.4587, -359.7943 270.0767 0.4587, -359.7943 270.0767 0.4626, -359.7888 270.0805 0.4626, -359.7888 270.0805 0.4587, -359.7819 270.0833 0.4626, -359.7819 270.0833 0.4587, -359.7943 270.0875 0.4587, -359.7943 270.0875 0.4626, -359.7867 270.092 0.4587, -359.7717 270.095 0.4587, -359.7717 270.095 0.4626, -359.7786 270.0944 0.4626, -359.7786 270.0944 0.4587, -359.7787 270.0944 0.4626, -359.7867 270.092 0.4626, -359.7654 270.0944 0.4626, -359.7638 270.0942 0.4587, -359.7638 270.0942 0.4626, -359.7574 270.0922 0.4587, -359.7574 270.0922 0.4626, -359.7525 270.0893 0.4587, -359.7525 270.0893 0.4626, -359.7485 270.0855 0.4587, -359.7485 270.0855 0.4626, -359.746 270.0815 0.4587, -359.746 270.0815 0.4626, -359.7444 270.0769 0.4587, -359.7444 270.0769 0.4626, -359.7439 270.0717 0.4587, -359.7439 270.0717 0.4626, -359.764 270.0472 0.4587, -359.764 270.0472 0.4626, -359.7618 270.0478 0.4626, -359.7618 270.0478 0.4587, -359.7546 270.0511 0.4626, -359.7546 270.0511 0.4587, -359.7504 270.0543 0.4626, -359.7504 270.0543 0.4587, -359.7488 270.0561 0.4626, -359.7488 270.0561 0.4587, -359.7462 270.0603 0.4626, -359.7462 270.0603 0.4587, -359.7445 270.0654 0.4626, -359.7445 270.0654 0.4587, -359.764 270.0469 0.4587, -359.764 270.0469 0.4626, -359.7403 270.0236 0.4587, -359.7403 270.0236 0.4626, -359.7403 270.0256 0.4626, -359.7403 270.0256 0.4587, -359.7413 270.0307 0.4626, -359.7413 270.0307 0.4587, -359.7434 270.0354 0.4626, -359.7434 270.0354 0.4587, -359.7465 270.0393 0.4626, -359.7465 270.0393 0.4587, -359.7512 270.043 0.4626, -359.7512 270.043 0.4587, -359.7567 270.0454 0.4626, -359.7567 270.0454 0.4587, -359.7753 269.9942 0.4587, -359.7753 269.9942 0.4626, -359.7686 269.9945 0.4626, -359.7686 269.9945 0.4587, -359.7677 269.9948 0.4626, -359.7592 269.9968 0.4587, -359.7592 269.9968 0.4626, -359.7525 270.0002 0.4626, -359.7525 270.0002 0.4587, -359.747 270.005 0.4626, -359.747 270.005 0.4587, -359.7433 270.0102 0.4626, -359.7433 270.0102 0.4587, -359.7412 270.016 0.4626, -359.7412 270.016 0.4587, -359.7819 269.9948 0.4626, -359.7869 269.9952 0.4587, -359.7869 269.9952 0.4626, -359.7954 269.9979 0.4587, -359.7954 269.9979 0.4626, -360.1342 270.086 0.0728, -360.1649 270.0072 0.0728, -360.1342 270.086 0.0689, -360.1649 270.0072 0.0689, -360.1534 270.0072 0.0728, -360.1534 270.0072 0.0689, -360.1454 270.0293 0.0728, -360.1454 270.0293 0.0689, -360.1129 270.0293 0.0728, -360.1129 270.0293 0.0689, -360.1054 270.0072 0.0728, -360.1054 270.0072 0.0689, -360.0939 270.0072 0.0728, -360.0939 270.0072 0.0689, -360.1236 270.086 0.0728, -360.1236 270.086 0.0689, -360.1156 270.0379 0.0728, -360.1419 270.0379 0.0728, -360.1273 270.0708 0.0728, -360.1281 270.0736 0.0728, -360.1286 270.0763 0.0728, -360.1288 270.0763 0.0728, -360.1293 270.0736 0.0728, -360.13 270.0708 0.0728, -360.1156 270.0379 0.0689, -360.1419 270.0379 0.0689, -360.1273 270.0708 0.0689, -360.1281 270.0736 0.0689, -360.1286 270.0763 0.0689, -360.1288 270.0763 0.0689, -360.1293 270.0736 0.0689, -360.13 270.0708 0.0689, -360.0461 270.0072 0.0728, -360.0247 270.0072 0.0728, -360.0461 270.0072 0.0689, -360.0247 270.0072 0.0689, -360.0247 270.086 0.0728, -360.0247 270.086 0.0689, -360.0469 270.086 0.0728, -360.0469 270.086 0.0689, -360.0881 270.0476 0.0728, -360.0881 270.0476 0.0689, -360.0876 270.0547 0.0689, -360.0876 270.0547 0.0728, -360.0855 270.0625 0.0689, -360.0855 270.0625 0.0728, -360.0819 270.0693 0.0689, -360.0819 270.0693 0.0728, -360.0764 270.0755 0.0689, -360.0764 270.0755 0.0728, -360.076 270.0758 0.0689, -360.076 270.0758 0.0728, -360.0674 270.0816 0.0689, -360.0674 270.0816 0.0728, -360.0582 270.0848 0.0689, -360.0582 270.0848 0.0728, -360.0559 270.0081 0.0689, -360.0559 270.0081 0.0728, -360.065 270.0108 0.0689, -360.065 270.0108 0.0728, -360.0732 270.0156 0.0689, -360.0732 270.0156 0.0728, -360.0797 270.0218 0.0689, -360.0797 270.0218 0.0728, -360.0842 270.0288 0.0689, -360.0842 270.0288 0.0728, -360.087 270.037 0.0689, -360.087 270.037 0.0728, -360.0723 270.0663 0.0728, -360.0685 270.0703 0.0728, -360.0627 270.0741 0.0728, -360.0562 270.0763 0.0728, -360.0469 270.0773 0.0728, -360.0353 270.0773 0.0728, -360.0353 270.0159 0.0728, -360.0465 270.0159 0.0728, -360.0548 270.0166 0.0728, -360.0614 270.0187 0.0728, -360.0668 270.0219 0.0728, -360.0712 270.0262 0.0728, -360.0745 270.0317 0.0728, -360.0768 270.0391 0.0728, -360.0775 270.0473 0.0728, -360.0769 270.0552 0.0728, -360.075 270.0614 0.0728, -360.0469 270.0773 0.0689, -360.0353 270.0773 0.0689, -360.0562 270.0763 0.0689, -360.0627 270.0741 0.0689, -360.0685 270.0703 0.0689, -360.0723 270.0663 0.0689, -360.075 270.0614 0.0689, -360.0769 270.0552 0.0689, -360.0775 270.0473 0.0689, -360.0768 270.0391 0.0689, -360.0745 270.0317 0.0689, -360.0712 270.0262 0.0689, -360.0668 270.0219 0.0689, -360.0614 270.0187 0.0689, -360.0548 270.0166 0.0689, -360.0465 270.0159 0.0689, -360.0353 270.0159 0.0689, -360.0094 270.0159 0.0728, -360.0094 270.0072 0.0728, -360.0094 270.0159 0.0689, -360.0094 270.0072 0.0689, -359.9671 270.0072 0.0728, -359.9671 270.0072 0.0689, -359.9671 270.086 0.0728, -359.9671 270.086 0.0689, -360.0074 270.086 0.0728, -360.0074 270.086 0.0689, -360.0074 270.0773 0.0728, -360.0074 270.0773 0.0689, -359.9777 270.0773 0.0728, -359.9777 270.0773 0.0689, -359.9777 270.0514 0.0728, -359.9777 270.0514 0.0689, -360.0055 270.0514 0.0728, -360.0055 270.0514 0.0689, -360.0055 270.0427 0.0728, -360.0055 270.0427 0.0689, -359.9777 270.0427 0.0728, -359.9777 270.0427 0.0689, -359.9777 270.0159 0.0728, -359.9777 270.0159 0.0689, -359.9517 270.0199 0.0728, -359.9517 270.0113 0.0728, -359.9517 270.0199 0.0689, -359.9517 270.0113 0.0689, -359.9434 270.0078 0.0728, -359.9301 270.0063 0.0728, -359.9301 270.0063 0.0689, -359.9322 270.0063 0.0689, -359.9322 270.0063 0.0728, -359.9354 270.0067 0.0689, -359.9434 270.0078 0.0689, -359.8932 270.0451 0.0728, -359.8932 270.0451 0.0689, -359.8939 270.036 0.0689, -359.8939 270.036 0.0728, -359.8963 270.0277 0.0689, -359.8963 270.0277 0.0728, -359.9005 270.0202 0.0689, -359.9005 270.0202 0.0728, -359.9064 270.0139 0.0689, -359.9064 270.0139 0.0728, -359.9127 270.0099 0.0689, -359.9127 270.0099 0.0728, -359.9204 270.0073 0.0689, -359.9204 270.0073 0.0728, -359.9255 270.0067 0.0689, -359.9332 270.0869 0.0728, -359.9332 270.0869 0.0689, -359.9253 270.0863 0.0689, -359.9253 270.0863 0.0728, -359.9165 270.0837 0.0689, -359.9165 270.0837 0.0728, -359.909 270.0794 0.0689, -359.909 270.0794 0.0728, -359.9019 270.0726 0.0689, -359.9019 270.0726 0.0728, -359.8973 270.0652 0.0689, -359.8973 270.0652 0.0728, -359.8943 270.0562 0.0689, -359.8943 270.0562 0.0728, -359.9517 270.0838 0.0728, -359.9517 270.0838 0.0689, -359.9426 270.0863 0.0689, -359.9426 270.0863 0.0728, -359.9517 270.0732 0.0728, -359.9517 270.0732 0.0689, -359.9333 270.0783 0.0728, -359.9333 270.0783 0.0689, -359.9429 270.077 0.0689, -359.9429 270.077 0.0728, -359.9037 270.0457 0.0728, -359.9037 270.0457 0.0689, -359.9041 270.0519 0.0689, -359.9041 270.0519 0.0728, -359.9062 270.0603 0.0689, -359.9062 270.0603 0.0728, -359.9095 270.0664 0.0689, -359.9095 270.0664 0.0728, -359.9142 270.0716 0.0689, -359.9142 270.0716 0.0728, -359.9197 270.0753 0.0689, -359.9197 270.0753 0.0728, -359.9256 270.0774 0.0689, -359.9256 270.0774 0.0728, -359.9315 270.0149 0.0728, -359.9315 270.0149 0.0689, -359.9242 270.0157 0.0689, -359.9242 270.0157 0.0728, -359.9185 270.0178 0.0689, -359.9185 270.0178 0.0728, -359.9136 270.0211 0.0689, -359.9136 270.0211 0.0728, -359.9099 270.025 0.0689, -359.9099 270.025 0.0728, -359.9067 270.0304 0.0689, -359.9067 270.0304 0.0728, -359.9045 270.0372 0.0689, -359.9045 270.0372 0.0728, -359.9503 270.0192 0.0689, -359.9503 270.0192 0.0728, -359.942 270.0161 0.0689, -359.942 270.0161 0.0728, -359.8865 270.0159 0.0728, -359.8865 270.0072 0.0728, -359.8865 270.0159 0.0689, -359.8865 270.0072 0.0689, -359.8461 270.0072 0.0728, -359.8461 270.0072 0.0689, -359.8461 270.086 0.0728, -359.8461 270.086 0.0689, -359.8567 270.086 0.0728, -359.8567 270.086 0.0689, -359.8567 270.0159 0.0728, -359.8567 270.0159 0.0689
            ]
        }
        coordIndex [
            0,1,2,-1,2,1,3,-1,1,4,3,-1,3,4,5,-1,4,6,5,-1,5,6,7,-1,6,8,7,-1,7,8,9,-1,8,10,9,-1,9,10,11,-1,10,12,11,-1,11,12,13,-1,12,14,13,-1,13,14,15,-1,14,0,15,-1,15,0,2,-1,0,14,10,-1,10,14,12,-1,1,0,4,-1,4,0,10,-1,4,10,6,-1,6,10,8,-1,16,17,18,-1,18,17,19,-1,17,20,19,-1,19,20,21,-1,20,22,21,-1,21,22,23,-1,22,16,23,-1,23,16,18,-1,22,20,16,-1,16,20,17,-1,24,25,26,-1,26,25,27,-1,28,29,30,-1,28,30,31,-1,31,30,32,-1,31,32,33,-1,33,32,27,-1,33,27,25,-1,34,35,36,-1,34,36,37,-1,37,36,38,-1,37,38,39,-1,39,38,40,-1,39,40,41,-1,41,40,42,-1,41,42,43,-1,43,42,44,-1,43,44,45,-1,45,44,46,-1,45,46,47,-1,47,46,29,-1,47,29,28,-1,48,49,50,-1,48,50,51,-1,51,50,52,-1,51,52,53,-1,53,52,54,-1,53,54,55,-1,55,54,56,-1,55,56,57,-1,57,56,58,-1,57,58,59,-1,59,58,60,-1,59,60,61,-1,61,60,35,-1,61,35,34,-1,48,62,49,-1,49,62,63,-1,62,64,63,-1,63,64,65,-1,64,66,65,-1,65,66,67,-1,68,69,70,-1,68,70,71,-1,71,70,72,-1,71,72,73,-1,73,72,74,-1,73,74,75,-1,75,74,76,-1,75,76,77,-1,77,76,78,-1,77,78,79,-1,79,78,80,-1,79,80,81,-1,81,80,82,-1,81,82,83,-1,83,82,67,-1,83,67,66,-1,84,85,86,-1,84,86,87,-1,87,86,88,-1,87,88,89,-1,89,88,90,-1,89,90,91,-1,91,90,92,-1,91,92,93,-1,93,92,94,-1,93,94,95,-1,95,94,96,-1,95,96,97,-1,97,96,98,-1,97,98,99,-1,99,98,69,-1,99,69,68,-1,100,101,102,-1,100,102,103,-1,103,102,104,-1,103,104,105,-1,105,104,85,-1,105,85,84,-1,100,106,101,-1,101,106,107,-1,107,106,108,-1,109,110,111,-1,109,111,112,-1,112,111,113,-1,112,113,108,-1,108,113,114,-1,108,114,107,-1,110,109,115,-1,115,109,116,-1,115,116,117,-1,117,116,118,-1,117,118,119,-1,119,118,120,-1,119,120,121,-1,121,120,122,-1,121,122,123,-1,123,122,124,-1,123,124,125,-1,125,124,126,-1,125,126,127,-1,127,126,128,-1,127,128,129,-1,130,131,132,-1,130,132,133,-1,133,132,134,-1,133,134,135,-1,135,134,136,-1,135,136,137,-1,137,136,138,-1,137,138,139,-1,139,138,140,-1,139,140,141,-1,141,140,142,-1,141,142,143,-1,143,142,129,-1,143,129,128,-1,130,144,131,-1,131,144,145,-1,146,147,148,-1,146,148,149,-1,149,148,150,-1,149,150,151,-1,151,150,152,-1,151,152,153,-1,153,152,154,-1,153,154,155,-1,155,154,156,-1,155,156,157,-1,157,156,158,-1,157,158,159,-1,159,158,145,-1,159,145,144,-1,160,161,162,-1,160,162,163,-1,163,162,164,-1,163,164,165,-1,164,166,165,-1,165,166,167,-1,165,167,168,-1,168,167,169,-1,168,169,170,-1,170,169,171,-1,170,171,172,-1,172,171,173,-1,172,173,174,-1,174,173,147,-1,174,147,146,-1,161,160,175,-1,175,160,176,-1,175,176,177,-1,177,176,178,-1,177,178,179,-1,179,178,24,-1,179,24,26,-1,64,62,66,-1,66,62,48,-1,66,48,83,-1,83,48,51,-1,25,24,33,-1,33,24,178,-1,33,178,31,-1,31,178,176,-1,31,176,28,-1,28,176,160,-1,28,160,47,-1,47,160,163,-1,47,163,45,-1,45,163,165,-1,45,165,43,-1,43,165,168,-1,43,168,41,-1,41,168,170,-1,41,170,39,-1,39,170,172,-1,39,172,37,-1,37,172,174,-1,37,174,34,-1,174,146,34,-1,34,146,149,-1,34,149,61,-1,61,149,151,-1,61,151,59,-1,59,151,153,-1,59,153,57,-1,57,153,155,-1,57,155,55,-1,55,155,157,-1,55,157,53,-1,53,157,159,-1,53,159,51,-1,51,159,144,-1,51,144,83,-1,83,144,130,-1,83,130,81,-1,81,130,133,-1,81,133,79,-1,79,133,135,-1,79,135,77,-1,77,135,137,-1,77,137,75,-1,75,137,139,-1,75,139,73,-1,73,139,141,-1,73,141,71,-1,71,141,143,-1,71,143,68,-1,68,143,128,-1,68,128,99,-1,99,128,126,-1,99,126,97,-1,97,126,124,-1,97,124,95,-1,95,124,122,-1,95,122,93,-1,93,122,120,-1,93,120,91,-1,91,120,118,-1,91,118,89,-1,89,118,116,-1,89,116,87,-1,87,116,109,-1,87,109,84,-1,84,109,112,-1,84,112,105,-1,105,112,108,-1,105,108,103,-1,103,108,106,-1,103,106,100,-1,180,181,182,-1,180,182,183,-1,183,182,184,-1,183,184,185,-1,185,184,186,-1,185,186,187,-1,187,186,188,-1,187,188,189,-1,189,188,190,-1,189,190,191,-1,192,193,194,-1,192,194,195,-1,195,194,196,-1,195,196,197,-1,197,196,198,-1,197,198,199,-1,199,198,200,-1,199,200,201,-1,201,200,202,-1,201,202,203,-1,203,202,204,-1,203,204,205,-1,205,204,181,-1,205,181,180,-1,206,207,208,-1,206,208,209,-1,209,208,210,-1,209,210,211,-1,211,210,212,-1,211,212,213,-1,213,212,193,-1,213,193,192,-1,206,214,207,-1,207,214,215,-1,216,217,218,-1,216,218,219,-1,219,218,220,-1,219,220,221,-1,220,222,221,-1,221,222,223,-1,221,223,224,-1,224,223,215,-1,224,215,214,-1,217,216,225,-1,225,216,226,-1,225,226,227,-1,227,226,228,-1,227,228,229,-1,229,228,230,-1,229,230,231,-1,231,230,232,-1,231,232,233,-1,233,232,234,-1,233,234,235,-1,235,234,236,-1,235,236,237,-1,237,236,238,-1,237,238,239,-1,240,241,242,-1,240,242,243,-1,243,242,244,-1,243,244,245,-1,245,244,246,-1,245,246,247,-1,247,246,248,-1,247,248,249,-1,249,248,239,-1,249,239,238,-1,250,251,252,-1,250,252,253,-1,253,252,254,-1,253,254,255,-1,255,254,256,-1,255,256,257,-1,257,256,258,-1,257,258,259,-1,259,258,241,-1,259,241,240,-1,250,260,251,-1,251,260,261,-1,260,262,261,-1,261,262,263,-1,262,264,263,-1,263,264,265,-1,264,266,265,-1,265,266,267,-1,191,190,268,-1,191,268,269,-1,269,268,270,-1,269,270,271,-1,271,270,272,-1,271,272,273,-1,273,272,274,-1,273,274,275,-1,275,274,276,-1,275,276,277,-1,277,276,267,-1,277,267,266,-1,262,260,264,-1,264,260,250,-1,264,250,266,-1,192,219,213,-1,213,219,221,-1,213,221,211,-1,211,221,224,-1,211,224,209,-1,209,224,214,-1,209,214,206,-1,266,250,277,-1,277,250,253,-1,277,253,275,-1,275,253,255,-1,275,255,273,-1,273,255,257,-1,273,257,271,-1,271,257,259,-1,271,259,269,-1,269,259,240,-1,269,240,191,-1,191,240,189,-1,189,240,243,-1,189,243,187,-1,187,243,245,-1,187,245,185,-1,185,245,247,-1,185,247,183,-1,183,247,249,-1,183,249,180,-1,180,249,238,-1,180,238,205,-1,205,238,236,-1,205,236,203,-1,203,236,234,-1,203,234,201,-1,201,234,232,-1,201,232,199,-1,199,232,230,-1,199,230,197,-1,197,230,228,-1,197,228,195,-1,195,228,226,-1,195,226,192,-1,192,226,216,-1,192,216,219,-1,278,279,280,-1,280,279,281,-1,282,283,284,-1,282,284,285,-1,285,284,286,-1,285,286,287,-1,287,286,281,-1,287,281,279,-1,288,289,290,-1,288,290,291,-1,291,290,292,-1,291,292,293,-1,293,292,294,-1,293,294,295,-1,295,294,296,-1,295,296,297,-1,297,296,298,-1,297,298,299,-1,299,298,300,-1,299,300,301,-1,301,300,283,-1,301,283,282,-1,302,303,304,-1,302,304,305,-1,305,304,306,-1,305,306,307,-1,307,306,308,-1,307,308,309,-1,309,308,310,-1,309,310,311,-1,311,310,312,-1,311,312,313,-1,313,312,314,-1,313,314,315,-1,315,314,289,-1,315,289,288,-1,302,316,303,-1,303,316,317,-1,316,318,317,-1,317,318,319,-1,318,320,319,-1,319,320,321,-1,322,323,324,-1,322,324,325,-1,325,324,326,-1,325,326,327,-1,327,326,328,-1,327,328,329,-1,329,328,330,-1,329,330,331,-1,331,330,332,-1,331,332,333,-1,333,332,334,-1,333,334,335,-1,335,334,336,-1,335,336,337,-1,337,336,321,-1,337,321,320,-1,338,339,340,-1,338,340,341,-1,341,340,342,-1,341,342,343,-1,343,342,344,-1,343,344,345,-1,345,344,346,-1,345,346,347,-1,347,346,348,-1,347,348,349,-1,349,348,350,-1,349,350,351,-1,351,350,352,-1,351,352,353,-1,353,352,323,-1,353,323,322,-1,354,355,356,-1,354,356,357,-1,357,356,358,-1,357,358,359,-1,359,358,339,-1,359,339,338,-1,354,360,355,-1,355,360,361,-1,361,360,362,-1,363,364,365,-1,363,365,366,-1,366,365,367,-1,366,367,362,-1,362,367,368,-1,362,368,361,-1,364,363,369,-1,369,363,370,-1,369,370,371,-1,371,370,372,-1,371,372,373,-1,373,372,374,-1,373,374,375,-1,375,374,376,-1,375,376,377,-1,377,376,378,-1,377,378,379,-1,379,378,380,-1,379,380,381,-1,381,380,382,-1,381,382,383,-1,384,385,386,-1,384,386,387,-1,387,386,388,-1,387,388,389,-1,389,388,390,-1,389,390,391,-1,391,390,392,-1,391,392,393,-1,393,392,394,-1,393,394,395,-1,395,394,396,-1,395,396,397,-1,397,396,383,-1,397,383,382,-1,384,398,385,-1,385,398,399,-1,400,401,402,-1,400,402,403,-1,403,402,404,-1,403,404,405,-1,405,404,406,-1,405,406,407,-1,407,406,408,-1,407,408,409,-1,409,408,410,-1,409,410,411,-1,411,410,412,-1,411,412,413,-1,413,412,399,-1,413,399,398,-1,414,415,416,-1,414,416,417,-1,417,416,418,-1,417,418,419,-1,418,420,419,-1,419,420,421,-1,419,421,422,-1,422,421,423,-1,422,423,424,-1,424,423,425,-1,424,425,426,-1,426,425,427,-1,426,427,428,-1,428,427,401,-1,428,401,400,-1,415,414,429,-1,429,414,430,-1,429,430,431,-1,431,430,432,-1,431,432,433,-1,433,432,278,-1,433,278,280,-1,318,316,320,-1,320,316,302,-1,320,302,337,-1,337,302,305,-1,279,278,287,-1,287,278,432,-1,287,432,285,-1,285,432,430,-1,285,430,282,-1,282,430,414,-1,282,414,301,-1,301,414,417,-1,301,417,299,-1,299,417,419,-1,299,419,297,-1,297,419,422,-1,297,422,295,-1,295,422,424,-1,295,424,293,-1,293,424,426,-1,293,426,291,-1,291,426,428,-1,291,428,288,-1,428,400,288,-1,288,400,403,-1,288,403,315,-1,315,403,405,-1,315,405,313,-1,313,405,407,-1,313,407,311,-1,311,407,409,-1,311,409,309,-1,309,409,411,-1,309,411,307,-1,307,411,413,-1,307,413,305,-1,305,413,398,-1,305,398,337,-1,337,398,384,-1,337,384,335,-1,335,384,387,-1,335,387,333,-1,333,387,389,-1,333,389,331,-1,331,389,391,-1,331,391,329,-1,329,391,393,-1,329,393,327,-1,327,393,395,-1,327,395,325,-1,325,395,397,-1,325,397,322,-1,322,397,382,-1,322,382,353,-1,353,382,380,-1,353,380,351,-1,351,380,378,-1,351,378,349,-1,349,378,376,-1,349,376,347,-1,347,376,374,-1,347,374,345,-1,345,374,372,-1,345,372,343,-1,343,372,370,-1,343,370,341,-1,341,370,363,-1,341,363,338,-1,338,363,366,-1,338,366,359,-1,359,366,362,-1,359,362,357,-1,357,362,360,-1,357,360,354,-1,434,435,436,-1,436,435,437,-1,435,438,437,-1,437,438,439,-1,438,440,439,-1,439,440,441,-1,440,442,441,-1,441,442,443,-1,442,444,443,-1,443,444,445,-1,444,446,445,-1,445,446,447,-1,446,448,447,-1,447,448,449,-1,448,434,449,-1,449,434,436,-1,450,442,451,-1,451,442,440,-1,452,448,450,-1,450,448,446,-1,450,446,442,-1,442,446,444,-1,452,453,448,-1,448,453,454,-1,448,454,434,-1,434,454,455,-1,434,455,456,-1,456,457,434,-1,434,457,451,-1,434,451,435,-1,435,451,440,-1,435,440,438,-1,450,451,458,-1,458,451,459,-1,452,450,460,-1,460,450,458,-1,452,460,461,-1,452,461,453,-1,453,461,462,-1,453,462,454,-1,455,454,463,-1,463,454,462,-1,455,463,464,-1,455,464,456,-1,456,464,465,-1,456,465,457,-1,451,457,459,-1,459,457,465,-1,466,467,468,-1,468,467,469,-1,467,470,469,-1,469,470,471,-1,470,472,471,-1,471,472,473,-1,474,475,476,-1,474,476,477,-1,477,476,478,-1,477,478,479,-1,479,478,480,-1,479,480,481,-1,481,480,482,-1,481,482,483,-1,483,482,484,-1,483,484,485,-1,485,484,486,-1,485,486,487,-1,487,486,488,-1,487,488,489,-1,489,488,473,-1,489,473,472,-1,466,468,490,-1,466,490,491,-1,491,490,492,-1,491,492,493,-1,493,492,494,-1,493,494,495,-1,495,494,496,-1,495,496,497,-1,497,496,498,-1,497,498,499,-1,499,498,500,-1,499,500,501,-1,501,500,475,-1,501,475,474,-1,479,481,502,-1,502,481,483,-1,502,483,503,-1,503,483,485,-1,503,485,504,-1,504,485,487,-1,504,487,505,-1,505,487,489,-1,505,489,506,-1,506,489,472,-1,506,472,507,-1,507,472,470,-1,507,470,508,-1,508,470,467,-1,508,467,509,-1,509,467,466,-1,509,466,510,-1,510,466,491,-1,510,491,511,-1,511,491,493,-1,511,493,512,-1,512,493,495,-1,512,495,513,-1,513,495,497,-1,513,497,514,-1,514,497,499,-1,514,499,515,-1,515,499,501,-1,515,501,516,-1,516,501,474,-1,516,474,517,-1,517,474,477,-1,517,477,518,-1,518,477,479,-1,518,479,502,-1,506,507,519,-1,519,507,520,-1,506,519,521,-1,506,521,505,-1,505,521,522,-1,505,522,504,-1,504,522,523,-1,504,523,503,-1,503,523,524,-1,503,524,502,-1,502,524,525,-1,502,525,518,-1,518,525,526,-1,518,526,517,-1,517,526,527,-1,517,527,516,-1,516,527,528,-1,516,528,515,-1,515,528,529,-1,515,529,514,-1,514,529,530,-1,514,530,513,-1,513,530,531,-1,513,531,512,-1,512,531,532,-1,512,532,511,-1,511,532,533,-1,511,533,510,-1,510,533,534,-1,510,534,509,-1,508,509,535,-1,535,509,534,-1,507,508,520,-1,520,508,535,-1,536,537,538,-1,538,537,539,-1,537,540,539,-1,539,540,541,-1,540,542,541,-1,541,542,543,-1,542,544,543,-1,543,544,545,-1,544,546,545,-1,545,546,547,-1,546,548,547,-1,547,548,549,-1,548,550,549,-1,549,550,551,-1,550,552,551,-1,551,552,553,-1,552,554,553,-1,553,554,555,-1,554,556,555,-1,555,556,557,-1,556,558,557,-1,557,558,559,-1,558,536,559,-1,559,536,538,-1,540,537,536,-1,536,558,540,-1,540,558,556,-1,540,556,542,-1,546,544,548,-1,548,544,542,-1,548,542,550,-1,550,542,556,-1,550,556,552,-1,552,556,554,-1,560,561,562,-1,562,561,563,-1,563,561,564,-1,565,566,567,-1,565,567,568,-1,568,567,569,-1,568,569,564,-1,564,569,570,-1,564,570,563,-1,571,572,573,-1,571,573,574,-1,574,573,575,-1,574,575,576,-1,576,575,577,-1,576,577,578,-1,578,577,579,-1,578,579,580,-1,580,579,581,-1,580,581,582,-1,582,581,583,-1,582,583,584,-1,584,583,565,-1,565,583,585,-1,565,585,566,-1,586,587,588,-1,586,588,589,-1,589,588,590,-1,589,590,591,-1,591,590,592,-1,591,592,593,-1,593,592,594,-1,593,594,595,-1,595,594,596,-1,595,596,597,-1,597,596,598,-1,597,598,599,-1,599,598,572,-1,599,572,571,-1,600,601,602,-1,600,602,603,-1,603,602,587,-1,603,587,586,-1,600,604,601,-1,601,604,605,-1,606,607,608,-1,606,608,609,-1,609,608,605,-1,609,605,604,-1,610,611,612,-1,610,612,613,-1,613,612,614,-1,613,614,615,-1,615,614,616,-1,615,616,617,-1,617,616,618,-1,617,618,619,-1,619,618,620,-1,619,620,621,-1,621,620,622,-1,621,622,623,-1,623,622,607,-1,623,607,606,-1,624,625,626,-1,624,626,627,-1,627,626,628,-1,627,628,629,-1,629,628,630,-1,629,630,631,-1,631,630,632,-1,631,632,633,-1,633,632,634,-1,633,634,635,-1,635,634,636,-1,635,636,637,-1,637,636,611,-1,637,611,610,-1,560,562,638,-1,560,638,639,-1,639,638,640,-1,639,640,641,-1,641,640,625,-1,641,625,624,-1,627,565,624,-1,624,565,568,-1,624,568,641,-1,641,568,564,-1,641,564,639,-1,639,564,561,-1,639,561,560,-1,604,600,609,-1,609,600,603,-1,609,603,606,-1,606,603,586,-1,606,586,623,-1,623,586,589,-1,623,589,621,-1,621,589,591,-1,621,591,619,-1,619,591,593,-1,619,593,617,-1,617,593,595,-1,617,595,615,-1,615,595,597,-1,615,597,613,-1,613,597,599,-1,613,599,610,-1,610,599,571,-1,610,571,637,-1,637,571,574,-1,637,574,635,-1,635,574,576,-1,635,576,633,-1,633,576,578,-1,633,578,631,-1,631,578,580,-1,631,580,629,-1,629,580,582,-1,629,582,627,-1,627,582,584,-1,627,584,565,-1,642,643,644,-1,644,643,645,-1,643,646,645,-1,645,646,647,-1,646,648,647,-1,647,648,649,-1,648,650,649,-1,649,650,651,-1,650,652,651,-1,651,652,653,-1,652,642,653,-1,653,642,644,-1,650,648,652,-1,652,648,646,-1,652,646,642,-1,642,646,643,-1,
        ]
    }
}
Shape{
    appearance Appearance {
        material  Material {
            diffuseColor 0.2235294117647059 0.2235294117647059 0.2235294117647059
            specularColor 0.06666666666666667 0.06666666666666667 0.06666666666666667
            ambientIntensity 0.2235
            transparency 0.0
            shininess 0.5
        }
    }
    geometry IndexedFaceSet {
        ccw TRUE
        solid FALSE
        coord DEF co Coordinate {
            point [
                -360.1156 270.0379 0.0689, -360.1419 270.0379 0.0689, -360.1273 270.0708 0.0689, -360.13 270.0708 0.0689, -360.1281 270.0736 0.0689, -360.1293 270.0736 0.0689, -360.1286 270.0763 0.0689, -360.1288 270.0763 0.0689, -360.0353 270.0773 0.0689, -360.0353 270.0159 0.0689, -360.0469 270.0773 0.0689, -360.0465 270.0159 0.0689, -360.0548 270.0166 0.0689, -360.0775 270.0473 0.0689, -360.0769 270.0552 0.0689, -360.075 270.0614 0.0689, -360.0562 270.0763 0.0689, -360.0614 270.0187 0.0689, -360.0668 270.0219 0.0689, -360.0712 270.0262 0.0689, -360.0745 270.0317 0.0689, -360.0768 270.0391 0.0689, -360.0723 270.0663 0.0689, -360.0685 270.0703 0.0689, -360.0627 270.0741 0.0689
            ]
        }
        coordIndex [
            0,1,2,-1,2,1,3,-1,2,3,4,-1,4,3,5,-1,4,5,6,-1,6,5,7,-1,8,9,10,-1,10,9,11,-1,10,11,12,-1,13,14,10,-1,10,14,15,-1,10,15,16,-1,12,17,10,-1,10,17,18,-1,10,18,19,-1,19,20,10,-1,10,20,21,-1,10,21,13,-1,22,23,15,-1,15,23,24,-1,15,24,16,-1,
        ]
    }
}
Shape{
    appearance Appearance {
        material  Material {
            diffuseColor 0.8509803921568627 0.8509803921568627 0.8509803921568627
            specularColor 0.4235294117647059 0.4235294117647059 0.4235294117647059
            ambientIntensity 0.851
            transparency 0.0
            shininess 0.5
        }
    }
    geometry IndexedFaceSet {
        ccw TRUE
        solid FALSE
        coord DEF co Coordinate {
            point [
                -360.1976 269.6372 0.0, -360.1976 269.6372 0.0591, -360.3157 269.6372 0.0, -360.3157 269.6372 0.0591, -360.3157 269.7757 0.2953, -360.3157 269.7946 0.2953, -360.3157 269.7757 0.2362, -360.3157 269.7946 0.2362, -360.1976 269.7757 0.2362, -360.1976 269.7946 0.2362, -360.1976 269.7757 0.2953, -360.1976 269.7946 0.2953, -360.3157 269.7662 0.2289, -360.3157 269.7091 0.2437, -360.3157 269.767 0.2309, -360.3157 269.7144 0.2578, -360.3157 269.7682 0.2327, -360.3157 269.7227 0.2704, -360.3157 269.7697 0.2342, -360.3157 269.7336 0.2809, -360.3157 269.7716 0.2353, -360.3157 269.7465 0.2887, -360.3157 269.7736 0.236, -360.3157 269.7607 0.2936, -360.1976 269.7736 0.236, -360.1976 269.7716 0.2353, -360.1976 269.7697 0.2342, -360.1976 269.7682 0.2327, -360.1976 269.767 0.2309, -360.1976 269.7662 0.2289, -360.1976 269.7607 0.2936, -360.1976 269.7465 0.2887, -360.1976 269.7336 0.2809, -360.1976 269.7227 0.2704, -360.1976 269.7144 0.2578, -360.1976 269.7091 0.2437, -360.3157 269.663 0.0664, -360.3157 269.7201 0.0516, -360.1976 269.7201 0.0516, -360.1976 269.663 0.0664, -360.3157 269.6622 0.0644, -360.3157 269.7147 0.0375, -360.3157 269.661 0.0626, -360.3157 269.7064 0.0249, -360.3157 269.6595 0.0611, -360.3157 269.6956 0.0144, -360.3157 269.6576 0.06, -360.3157 269.6827 0.0065, -360.3157 269.6556 0.0593, -360.3157 269.6684 0.0017, -360.3157 269.6534 0.0591, -360.3157 269.6534 0.0, -360.1976 269.6534 0.0, -360.1976 269.6684 0.0017, -360.1976 269.6827 0.0065, -360.1976 269.6956 0.0144, -360.1976 269.7064 0.0249, -360.1976 269.7147 0.0375, -360.1976 269.6534 0.0591, -360.1976 269.6556 0.0593, -360.1976 269.6576 0.06, -360.1976 269.6595 0.0611, -360.1976 269.661 0.0626, -360.1976 269.6622 0.0644, -359.6858 269.6372 0.0, -359.6858 269.6372 0.0591, -359.8039 269.6372 0.0, -359.8039 269.6372 0.0591, -359.8039 269.7757 0.2953, -359.8039 269.7946 0.2953, -359.8039 269.7757 0.2362, -359.8039 269.7946 0.2362, -359.6858 269.7757 0.2362, -359.6858 269.7946 0.2362, -359.6858 269.7757 0.2953, -359.6858 269.7946 0.2953, -359.8039 269.7662 0.2289, -359.8039 269.7091 0.2437, -359.8039 269.767 0.2309, -359.8039 269.7144 0.2578, -359.8039 269.7682 0.2327, -359.8039 269.7227 0.2704, -359.8039 269.7697 0.2342, -359.8039 269.7336 0.2809, -359.8039 269.7716 0.2353, -359.8039 269.7465 0.2887, -359.8039 269.7736 0.236, -359.8039 269.7607 0.2936, -359.6858 269.7736 0.236, -359.6858 269.7716 0.2353, -359.6858 269.7697 0.2342, -359.6858 269.7682 0.2327, -359.6858 269.767 0.2309, -359.6858 269.7662 0.2289, -359.6858 269.7607 0.2936, -359.6858 269.7465 0.2887, -359.6858 269.7336 0.2809, -359.6858 269.7227 0.2704, -359.6858 269.7144 0.2578, -359.6858 269.7091 0.2437, -359.8039 269.663 0.0664, -359.8039 269.7201 0.0516, -359.6858 269.7201 0.0516, -359.6858 269.663 0.0664, -359.8039 269.6622 0.0644, -359.8039 269.7147 0.0375, -359.8039 269.661 0.0626, -359.8039 269.7064 0.0249, -359.8039 269.6595 0.0611, -359.8039 269.6956 0.0144, -359.8039 269.6576 0.06, -359.8039 269.6827 0.0065, -359.8039 269.6556 0.0593, -359.8039 269.6684 0.0017, -359.8039 269.6534 0.0591, -359.8039 269.6534 0.0, -359.6858 269.6534 0.0, -359.6858 269.6684 0.0017, -359.6858 269.6827 0.0065, -359.6858 269.6956 0.0144, -359.6858 269.7064 0.0249, -359.6858 269.7147 0.0375, -359.6858 269.6534 0.0591, -359.6858 269.6556 0.0593, -359.6858 269.6576 0.06, -359.6858 269.6595 0.0611, -359.6858 269.661 0.0626, -359.6858 269.6622 0.0644, -360.0514 270.4639 0.0, -360.0514 270.4639 0.0591, -359.9333 270.4639 0.0, -359.9333 270.4639 0.0591, -359.9333 270.3253 0.2953, -359.9333 270.3064 0.2953, -359.9333 270.3253 0.2362, -359.9333 270.3064 0.2362, -360.0514 270.3253 0.2362, -360.0514 270.3064 0.2362, -360.0514 270.3253 0.2953, -360.0514 270.3064 0.2953, -359.9333 270.3349 0.2289, -359.9333 270.392 0.2437, -359.9333 270.3341 0.2309, -359.9333 270.3867 0.2578, -359.9333 270.3329 0.2327, -359.9333 270.3783 0.2704, -359.9333 270.3314 0.2342, -359.9333 270.3675 0.2809, -359.9333 270.3295 0.2353, -359.9333 270.3546 0.2887, -359.9333 270.3275 0.236, -359.9333 270.3403 0.2936, -360.0514 270.3275 0.236, -360.0514 270.3295 0.2353, -360.0514 270.3314 0.2342, -360.0514 270.3329 0.2327, -360.0514 270.3341 0.2309, -360.0514 270.3349 0.2289, -360.0514 270.3403 0.2936, -360.0514 270.3546 0.2887, -360.0514 270.3675 0.2809, -360.0514 270.3783 0.2704, -360.0514 270.3867 0.2578, -360.0514 270.392 0.2437, -359.9333 270.4381 0.0664, -359.9333 270.381 0.0516, -360.0514 270.381 0.0516, -360.0514 270.4381 0.0664, -359.9333 270.4389 0.0644, -359.9333 270.3863 0.0375, -359.9333 270.4401 0.0626, -359.9333 270.3946 0.0249, -359.9333 270.4416 0.0611, -359.9333 270.4055 0.0144, -359.9333 270.4435 0.06, -359.9333 270.4184 0.0065, -359.9333 270.4455 0.0593, -359.9333 270.4327 0.0017, -359.9333 270.4476 0.0591, -359.9333 270.4476 0.0, -360.0514 270.4476 0.0, -360.0514 270.4327 0.0017, -360.0514 270.4184 0.0065, -360.0514 270.4055 0.0144, -360.0514 270.3946 0.0249, -360.0514 270.3863 0.0375, -360.0514 270.4476 0.0591, -360.0514 270.4455 0.0593, -360.0514 270.4435 0.06, -360.0514 270.4416 0.0611, -360.0514 270.4401 0.0626, -360.0514 270.4389 0.0644
            ]
        }
        coordIndex [
            0,1,2,-1,2,1,3,-1,4,5,6,-1,6,5,7,-1,6,7,8,-1,8,7,9,-1,8,9,10,-1,10,9,11,-1,11,5,10,-1,10,5,4,-1,12,13,14,-1,14,13,15,-1,14,15,16,-1,16,15,17,-1,16,17,18,-1,18,17,19,-1,18,19,20,-1,20,19,21,-1,20,21,22,-1,22,21,23,-1,22,23,6,-1,6,23,4,-1,6,8,22,-1,22,8,24,-1,22,24,20,-1,20,24,25,-1,20,25,18,-1,18,25,26,-1,18,26,16,-1,16,26,27,-1,16,27,14,-1,14,27,28,-1,14,28,12,-1,12,28,29,-1,8,10,24,-1,24,10,30,-1,24,30,25,-1,25,30,31,-1,25,31,26,-1,26,31,32,-1,26,32,27,-1,27,32,33,-1,27,33,28,-1,28,33,34,-1,28,34,29,-1,29,34,35,-1,13,35,34,-1,13,34,15,-1,15,34,33,-1,15,33,17,-1,17,33,32,-1,17,32,19,-1,19,32,31,-1,19,31,21,-1,21,31,30,-1,21,30,23,-1,23,30,10,-1,23,10,4,-1,36,13,37,-1,37,13,12,-1,37,12,38,-1,38,12,29,-1,38,29,39,-1,39,29,35,-1,35,13,39,-1,39,13,36,-1,36,37,40,-1,40,37,41,-1,40,41,42,-1,42,41,43,-1,42,43,44,-1,44,43,45,-1,44,45,46,-1,46,45,47,-1,46,47,48,-1,48,47,49,-1,48,49,50,-1,50,49,51,-1,52,51,49,-1,52,49,53,-1,53,49,47,-1,53,47,54,-1,54,47,45,-1,54,45,55,-1,55,45,43,-1,55,43,56,-1,56,43,41,-1,56,41,57,-1,57,41,37,-1,57,37,38,-1,58,52,59,-1,59,52,53,-1,59,53,60,-1,60,53,54,-1,60,54,61,-1,61,54,55,-1,61,55,62,-1,62,55,56,-1,62,56,63,-1,63,56,57,-1,63,57,39,-1,39,57,38,-1,39,36,63,-1,63,36,40,-1,63,40,62,-1,62,40,42,-1,62,42,61,-1,61,42,44,-1,61,44,60,-1,60,44,46,-1,60,46,59,-1,59,46,48,-1,59,48,58,-1,58,48,50,-1,3,50,2,-1,2,50,51,-1,2,51,0,-1,0,51,52,-1,0,52,1,-1,1,52,58,-1,58,50,1,-1,1,50,3,-1,64,65,66,-1,66,65,67,-1,68,69,70,-1,70,69,71,-1,70,71,72,-1,72,71,73,-1,72,73,74,-1,74,73,75,-1,75,69,74,-1,74,69,68,-1,76,77,78,-1,78,77,79,-1,78,79,80,-1,80,79,81,-1,80,81,82,-1,82,81,83,-1,82,83,84,-1,84,83,85,-1,84,85,86,-1,86,85,87,-1,86,87,70,-1,70,87,68,-1,70,72,86,-1,86,72,88,-1,86,88,84,-1,84,88,89,-1,84,89,82,-1,82,89,90,-1,82,90,80,-1,80,90,91,-1,80,91,78,-1,78,91,92,-1,78,92,76,-1,76,92,93,-1,72,74,88,-1,88,74,94,-1,88,94,89,-1,89,94,95,-1,89,95,90,-1,90,95,96,-1,90,96,91,-1,91,96,97,-1,91,97,92,-1,92,97,98,-1,92,98,93,-1,93,98,99,-1,77,99,98,-1,77,98,79,-1,79,98,97,-1,79,97,81,-1,81,97,96,-1,81,96,83,-1,83,96,95,-1,83,95,85,-1,85,95,94,-1,85,94,87,-1,87,94,74,-1,87,74,68,-1,100,77,101,-1,101,77,76,-1,101,76,102,-1,102,76,93,-1,102,93,103,-1,103,93,99,-1,99,77,103,-1,103,77,100,-1,100,101,104,-1,104,101,105,-1,104,105,106,-1,106,105,107,-1,106,107,108,-1,108,107,109,-1,108,109,110,-1,110,109,111,-1,110,111,112,-1,112,111,113,-1,112,113,114,-1,114,113,115,-1,116,115,113,-1,116,113,117,-1,117,113,111,-1,117,111,118,-1,118,111,109,-1,118,109,119,-1,119,109,107,-1,119,107,120,-1,120,107,105,-1,120,105,121,-1,121,105,101,-1,121,101,102,-1,122,116,123,-1,123,116,117,-1,123,117,124,-1,124,117,118,-1,124,118,125,-1,125,118,119,-1,125,119,126,-1,126,119,120,-1,126,120,127,-1,127,120,121,-1,127,121,103,-1,103,121,102,-1,103,100,127,-1,127,100,104,-1,127,104,126,-1,126,104,106,-1,126,106,125,-1,125,106,108,-1,125,108,124,-1,124,108,110,-1,124,110,123,-1,123,110,112,-1,123,112,122,-1,122,112,114,-1,67,114,66,-1,66,114,115,-1,66,115,64,-1,64,115,116,-1,64,116,65,-1,65,116,122,-1,122,114,65,-1,65,114,67,-1,128,129,130,-1,130,129,131,-1,132,133,134,-1,134,133,135,-1,134,135,136,-1,136,135,137,-1,136,137,138,-1,138,137,139,-1,139,133,138,-1,138,133,132,-1,140,141,142,-1,142,141,143,-1,142,143,144,-1,144,143,145,-1,144,145,146,-1,146,145,147,-1,146,147,148,-1,148,147,149,-1,148,149,150,-1,150,149,151,-1,150,151,134,-1,134,151,132,-1,134,136,150,-1,150,136,152,-1,150,152,148,-1,148,152,153,-1,148,153,146,-1,146,153,154,-1,146,154,144,-1,144,154,155,-1,144,155,142,-1,142,155,156,-1,142,156,140,-1,140,156,157,-1,136,138,152,-1,152,138,158,-1,152,158,153,-1,153,158,159,-1,153,159,154,-1,154,159,160,-1,154,160,155,-1,155,160,161,-1,155,161,156,-1,156,161,162,-1,156,162,157,-1,157,162,163,-1,141,163,162,-1,141,162,143,-1,143,162,161,-1,143,161,145,-1,145,161,160,-1,145,160,147,-1,147,160,159,-1,147,159,149,-1,149,159,158,-1,149,158,151,-1,151,158,138,-1,151,138,132,-1,164,141,165,-1,165,141,140,-1,165,140,166,-1,166,140,157,-1,166,157,167,-1,167,157,163,-1,163,141,167,-1,167,141,164,-1,164,165,168,-1,168,165,169,-1,168,169,170,-1,170,169,171,-1,170,171,172,-1,172,171,173,-1,172,173,174,-1,174,173,175,-1,174,175,176,-1,176,175,177,-1,176,177,178,-1,178,177,179,-1,180,179,177,-1,180,177,181,-1,181,177,175,-1,181,175,182,-1,182,175,173,-1,182,173,183,-1,183,173,171,-1,183,171,184,-1,184,171,169,-1,184,169,185,-1,185,169,165,-1,185,165,166,-1,186,180,187,-1,187,180,181,-1,187,181,188,-1,188,181,182,-1,188,182,189,-1,189,182,183,-1,189,183,190,-1,190,183,184,-1,190,184,191,-1,191,184,185,-1,191,185,167,-1,167,185,166,-1,167,164,191,-1,191,164,168,-1,191,168,190,-1,190,168,170,-1,190,170,189,-1,189,170,172,-1,189,172,188,-1,188,172,174,-1,188,174,187,-1,187,174,176,-1,187,176,186,-1,186,176,178,-1,131,178,130,-1,130,178,179,-1,130,179,128,-1,128,179,180,-1,128,180,129,-1,129,180,186,-1,186,178,129,-1,129,178,131,-1,
        ]
    }
}